Idx, longitude, latitude, start timestamp
0,0.751754,0.511810,249.623001
1,0.756668,0.454200,465.810150
2,0.848117,0.440643,1247.798340
3,0.854170,0.476726,1830.122559
4,0.777642,0.399334,2029.880615
5,0.735263,0.406576,2379.151611
6,0.743236,0.384870,2612.038086
7,0.741279,0.357769,2795.111084
8,0.734402,0.481715,3227.695557
9,0.732178,0.566151,3577.085693
10,0.802602,0.531471,4076.152100
11,0.823906,0.512774,4342.398926
12,0.868090,0.500919,4608.680664
13,0.981924,0.442358,4924.843262
14,0.979253,0.347197,5091.022461
15,0.978844,0.310882,5357.253906
16,0.036661,0.488490,5706.597168
17,0.031133,0.488339,5823.100586
18,0.048159,0.479192,6039.467773
19,0.123934,0.458475,6322.228516
20,0.026184,0.435603,6971.103516
21,0.895743,0.471266,7453.562500
22,0.848504,0.512729,7686.586426
23,0.840760,0.499727,8235.542969
24,0.737210,0.430036,8767.973633
25,0.729397,0.391241,9200.524414
26,0.573494,0.417483,10448.410156
27,0.571521,0.417385,10697.885742
28,0.556827,0.519241,10947.492188
29,0.555466,0.584964,11430.023438
30,0.500980,0.511440,11995.599609
31,0.488058,0.474550,12178.593750
32,0.492042,0.476921,12261.916016
33,0.582083,0.373970,13160.259766
34,0.561321,0.498342,13659.485352
35,0.612373,0.623824,14225.078125
36,0.366270,0.456217,15406.319336
37,0.371254,0.405266,15655.908203
38,0.372011,0.410128,15838.929688
39,0.308359,0.546299,16870.439453
40,0.098107,0.897137,18301.273438
41,0.940796,0.940507,18900.234375
42,0.934277,0.935666,19033.373047
43,0.923091,0.910777,19549.144531
44,0.936316,0.919204,19748.740234
45,0.821381,0.904326,20281.128906
46,0.797608,0.916820,20480.818359
47,0.575356,0.382072,22676.896484
48,0.572507,0.385790,22926.568359
0,0.738136,0.489043,316.103912
1,0.557833,0.415469,1064.777100
2,0.535428,0.335435,1929.988037
3,0.556998,0.316992,2279.317627
4,0.565205,0.444141,2612.179932
5,0.741374,0.406890,3127.874512
6,0.737686,0.404730,3310.902344
7,0.736523,0.401723,3593.700684
8,0.730980,0.397464,4026.349121
9,0.769629,0.371839,5407.177246
10,0.728280,0.410954,5640.116699
11,0.902374,0.425910,6555.111816
12,0.998291,0.407455,7004.399414
13,0.900200,0.225094,7852.903320
14,0.880242,0.459730,8451.873047
15,0.887369,0.427643,8668.079102
16,0.799206,0.471242,9183.875000
17,0.852732,0.486787,9649.683594
18,0.852678,0.464782,9849.368164
19,0.843925,0.466202,10065.678711
20,0.740041,0.401026,10897.589844
21,0.800988,0.478531,11180.451172
22,0.832971,0.551781,11463.268555
23,0.107255,0.519283,12178.637695
24,0.155177,0.524531,12345.097656
25,0.198689,0.526292,12677.751953
26,0.197388,0.517067,12777.629883
27,0.269350,0.497501,13393.172852
28,0.263152,0.471992,13626.197266
29,0.171176,0.434442,14208.356445
30,0.137530,0.459956,15472.868164
31,0.089205,0.474134,16537.748047
32,0.096039,0.474300,16887.050781
33,0.042617,0.487783,17519.312500
34,0.057086,0.481236,17685.697266
35,0.108414,0.450335,17951.781250
36,0.050959,0.488003,18767.033203
37,0.065135,0.565247,19648.890625
38,0.032074,0.371309,20281.111328
39,0.884381,0.458545,21162.929688
40,0.868964,0.418794,21362.511719
41,0.550860,0.417567,22360.900391
42,0.556804,0.408961,22693.625000
43,0.547898,0.437404,23092.876953
44,0.566955,0.404150,23342.488281
45,0.650946,0.504310,24590.160156
0,0.725433,0.617807,133.042755
1,0.729487,0.603939,282.839478
2,0.730560,0.447445,648.834534
3,0.732763,0.424043,848.399719
4,0.733905,0.415907,998.183960
5,0.833206,0.500882,1430.801147
6,0.860400,0.499968,1663.674316
7,0.922200,0.479110,1979.768433
8,0.885365,0.418544,2345.989258
9,0.983618,0.441908,3460.527344
10,0.986179,0.405997,3676.946777
11,0.011891,0.501727,4076.128418
12,0.022086,0.513324,4242.480469
13,0.970975,0.544541,4591.830566
14,0.116385,0.520762,4924.579590
15,0.948855,0.491532,5756.577637
16,0.965461,0.486743,6089.351562
17,0.970858,0.445274,6355.450195
18,0.971224,0.373489,6555.244629
19,0.975869,0.352734,6704.849121
20,0.179648,0.470405,7220.750000
21,0.181722,0.476186,7337.105469
22,0.146116,0.471576,7619.952148
23,0.262857,0.491138,7886.202148
24,0.264414,0.471249,8218.905273
25,0.259731,0.467418,8468.429688
26,0.162432,0.471743,8851.200195
27,0.116358,0.460292,9217.204102
28,0.100563,0.463832,9383.566406
29,0.140057,0.477348,9666.519531
30,0.244252,0.491039,9949.143555
31,0.260201,0.467906,10232.000977
32,0.251297,0.459696,11097.319336
33,0.253505,0.451249,11213.663086
34,0.293900,0.484029,13093.772461
35,0.385464,0.434897,14025.479492
36,0.382195,0.430212,14258.386719
37,0.290899,0.499790,14757.491211
38,0.383080,0.450574,15273.201172
39,0.383845,0.435830,15456.260742
40,0.112156,0.456826,18384.425781
41,0.107635,0.468484,18634.025391
42,0.019787,0.495869,19149.791016
43,0.006350,0.499587,19382.693359
44,0.957927,0.361580,19915.134766
45,0.949148,0.482440,21445.787109
46,0.950539,0.477197,21612.138672
47,0.881136,0.420698,22460.625000
48,0.874747,0.422784,22593.722656
49,0.880349,0.406136,23126.222656
50,0.880162,0.415800,23325.841797
51,0.890119,0.419353,23658.648438
52,0.887159,0.420623,24324.076172
0,0.736004,0.514784,349.421112
1,0.746258,0.359245,598.969849
2,0.760893,0.415040,1181.341797
3,0.766353,0.384239,1397.560791
4,0.777231,0.558214,2013.152710
5,0.844167,0.605320,2562.202881
6,0.897024,0.521733,3277.540771
7,0.961589,0.580809,4558.755859
8,0.993616,0.366008,5091.157227
9,0.965912,0.451088,6272.396973
10,0.942972,0.562991,6488.601074
11,0.935323,0.486413,6987.854004
12,0.909101,0.491883,7470.291992
13,0.882560,0.372242,7952.741211
14,0.981337,0.617227,8268.808594
15,0.105843,0.540399,9500.037109
16,0.168760,0.518022,10331.941406
17,0.167879,0.523753,10481.652344
18,0.104377,0.448682,10914.339844
19,0.105984,0.436456,11247.072266
20,0.100102,0.482056,12162.044922
21,0.130012,0.492406,12395.033203
22,0.250947,0.474160,13676.171875
23,0.291379,0.573072,14142.032227
24,0.375019,0.486561,15106.997070
25,0.373293,0.474177,15356.456055
26,0.375849,0.464860,16088.595703
27,0.375942,0.458248,16587.738281
28,0.370784,0.554364,17352.933594
29,0.279340,0.524235,17868.804688
30,0.402754,0.482060,18717.332031
31,0.428268,0.523092,19000.207031
32,0.451893,0.567552,19399.410156
33,0.459011,0.601760,19649.046875
34,0.455534,0.604313,19898.537109
35,0.377805,0.431536,20397.699219
36,0.473990,0.558219,22394.257812
37,0.519261,0.543448,22643.757812
38,0.573451,0.416904,23924.906250
39,0.571305,0.423273,24191.091797
40,0.575137,0.432554,24374.087891
41,0.574148,0.440579,24557.156250
42,0.631369,0.210293,24956.337891
0,0.844972,0.494074,5789.780273
1,0.995200,0.443570,6538.557617
2,0.980417,0.374529,7004.447266
3,0.010687,0.458461,8851.052734
4,0.003589,0.456481,9034.083008
5,0.875606,0.401555,10198.641602
6,0.720839,0.443682,12311.588867
7,0.362927,0.438378,14374.648438
8,0.364688,0.444377,14541.057617
9,0.258801,0.127352,16404.328125
10,0.574003,0.416147,19615.369141
11,0.578146,0.417295,19815.105469
12,0.581306,0.417949,20097.884766
13,0.646343,0.509134,21495.404297
14,0.647759,0.504663,21678.396484
15,0.645883,0.498256,21811.523438
16,0.676727,0.511600,22843.009766
17,0.832034,0.502848,23774.742188
18,0.908242,0.445086,24456.871094
0,0.788054,0.453989,615.584045
1,0.909524,0.404805,1031.480591
2,0.940284,0.407045,1264.529907
3,0.960550,0.370871,1430.841675
4,0.983171,0.367439,1680.372925
5,0.987728,0.440557,2046.441650
6,0.026975,0.402674,2262.690430
7,0.141318,0.359143,2944.786865
8,0.103692,0.412637,3477.254150
9,0.200351,0.419851,3826.688965
10,0.215379,0.375768,4026.301270
11,0.934016,0.349583,5357.233398
12,0.880947,0.402317,5640.148438
13,0.854715,0.416113,5906.399902
14,0.873567,0.393466,6089.381348
15,0.843882,0.378772,6372.137695
16,0.802724,0.408499,6605.155273
17,0.739862,0.484262,6771.461914
18,0.716513,0.476182,6987.803223
19,0.715462,0.455477,7071.040039
20,0.714886,0.416907,7303.868164
21,0.714124,0.422363,7453.710938
22,0.710700,0.520774,7986.029297
23,0.721128,0.730834,8352.118164
24,0.710664,0.718830,8451.818359
25,0.613880,0.458405,8784.560547
26,0.566081,0.469237,9050.805664
27,0.552491,0.491250,9533.389648
28,0.393286,0.512264,10331.966797
29,0.386687,0.513916,10465.082031
30,0.567748,0.409918,11613.044922
31,0.748672,0.572214,12528.037109
32,0.836136,0.484914,13226.964844
33,0.836237,0.473046,13393.375000
34,0.840771,0.476073,13576.270508
35,0.805129,0.489918,14108.616211
36,0.864870,0.530090,14458.018555
37,0.879214,0.511523,14607.786133
38,0.894479,0.489037,14807.405273
39,0.952563,0.385724,15073.644531
40,0.967650,0.346176,15639.438477
41,0.975166,0.424994,15888.861328
42,0.004248,0.465193,16304.834961
43,0.001149,0.465901,16654.277344
44,0.009871,0.456940,16870.539062
45,0.948060,0.716473,17669.097656
46,0.000447,0.697050,18268.070312
47,0.016738,0.698932,18650.691406
48,0.019218,0.738269,19782.074219
49,0.943933,0.845140,19948.460938
50,0.923705,0.850729,20297.826172
51,0.861416,0.859604,20464.216797
52,0.819874,0.858959,20896.830078
53,0.807252,0.872499,21079.869141
54,0.779673,0.910583,21379.378906
55,0.622713,0.960631,21745.289062
56,0.598755,0.972046,21994.882812
57,0.922997,0.942638,22311.066406
58,0.703497,0.950387,22577.171875
59,0.667911,0.925685,22909.908203
60,0.627771,0.940359,23392.417969
61,0.887877,0.944636,23758.541016
62,0.753686,0.904098,24124.535156
0,0.812840,0.469436,532.418579
1,0.711895,0.525826,865.266846
2,0.538086,0.485528,1514.134644
3,0.498265,0.390389,1930.006714
4,0.432903,0.627920,2595.521973
5,0.419811,0.695284,2761.874268
6,0.340485,0.473598,3627.119385
7,0.291803,0.476524,4275.956055
8,0.277974,0.510762,4542.171875
9,0.278013,0.521655,4691.801758
10,0.242634,0.510711,4924.795410
11,0.213337,0.483553,5207.611816
12,0.172852,0.510023,5690.113770
13,0.138377,0.491080,6139.337891
14,0.140897,0.490677,6305.670410
15,0.119888,0.510847,6488.734375
16,0.099592,0.525698,6738.299805
17,0.087746,0.533446,6954.568848
18,0.078215,0.563819,7154.165527
19,0.064215,0.588348,7403.753418
20,0.069368,0.628876,7803.039062
21,0.117242,0.721682,8219.008789
22,0.223079,0.742898,8485.317383
23,0.572885,0.537005,9566.596680
24,0.564992,0.533311,9732.974609
25,0.711956,0.502190,10614.885742
26,0.792068,0.481879,11396.856445
27,0.796758,0.559682,11646.324219
28,0.818562,0.564596,11879.248047
29,0.847097,0.539751,12128.943359
30,0.073579,0.508856,14408.165039
31,0.037293,0.494062,15839.064453
32,0.011957,0.506242,16105.268555
33,0.090631,0.501291,16354.821289
34,0.101089,0.499807,16604.431641
35,0.985481,0.557653,16903.941406
36,0.960717,0.401009,18068.531250
37,0.962499,0.372525,18318.023438
38,0.016536,0.479644,18817.136719
39,0.110040,0.469090,19316.269531
40,0.103970,0.476872,19549.248047
41,0.105017,0.481206,19798.748047
42,0.892226,0.484386,20797.068359
43,0.892361,0.467790,21096.458984
44,0.005189,0.476751,21379.353516
45,0.951439,0.354167,21828.558594
46,0.712509,0.494242,23375.851562
47,0.799968,0.476225,23908.314453
0,0.764531,0.450827,49.928123
1,0.938023,0.442004,964.904236
2,0.931917,0.440247,1064.772705
3,0.987756,0.351884,1397.494995
4,0.992780,0.240075,1613.767822
5,0.976549,0.240320,1913.243042
6,0.974026,0.257899,2196.068604
7,0.122768,0.431471,2828.351074
8,0.164821,0.412440,3127.824463
9,0.198687,0.382387,3427.358154
10,0.126633,0.377066,3809.929443
11,0.099227,0.381571,3943.033447
12,0.978415,0.441269,4408.952637
13,0.932417,0.463119,4758.271484
14,0.894897,0.418223,5157.563965
15,0.794395,0.417673,5773.161621
16,0.739551,0.413395,6039.431152
17,0.704826,0.383450,6305.542969
18,0.706732,0.330656,6472.070801
19,0.706451,0.273574,6671.655762
20,0.558067,0.363695,8119.165527
21,0.004759,0.151535,11396.662109
22,0.802825,0.391384,14358.159180
23,0.937919,0.378925,15106.858398
24,0.298155,0.395850,18767.042969
0,0.742822,0.477696,16.625628
1,0.811261,0.489604,415.880493
2,0.567160,0.431026,1480.710205
3,0.480176,0.510226,1913.346924
4,0.486694,0.512670,2063.179199
5,0.481114,0.514282,2179.520508
6,0.564912,0.372448,2545.561279
7,0.576011,0.309021,2745.218018
8,0.651289,0.385316,3127.798096
9,0.750465,0.413665,3626.935303
10,0.743506,0.409482,3809.895508
11,0.781506,0.385695,4076.202637
12,0.817620,0.353110,4309.019531
13,0.828744,0.334311,4542.129395
14,0.929008,0.447655,4974.670898
15,0.900828,0.422244,5157.661133
16,0.991146,0.363857,5989.514648
17,0.977003,0.329524,6139.298828
18,0.982129,0.460898,6588.388184
19,0.027898,0.562296,6771.544434
20,0.964184,0.769930,7436.976562
21,0.062780,0.744131,7736.494629
22,0.977223,0.933775,8002.616699
23,0.843769,0.970431,8152.381836
24,0.197262,0.476314,9300.333008
25,0.190099,0.457079,9483.302734
26,0.925504,0.487870,10165.655273
27,0.892466,0.414746,10747.771484
28,0.906079,0.243411,11030.677734
29,0.925077,0.214561,11280.147461
30,0.040465,0.522866,11829.283203
31,0.127380,0.510503,12295.125000
32,0.177234,0.500755,12511.376953
33,0.378818,0.432350,14258.379883
34,0.295821,0.485426,14507.895508
35,0.376415,0.424326,15206.750000
36,0.315526,0.514005,15506.203125
37,0.389104,0.499462,15988.684570
38,0.381870,0.406813,16238.198242
39,0.394355,0.359720,16437.830078
40,0.376012,0.464956,16687.449219
41,0.376763,0.438978,16936.927734
42,0.939981,0.475530,20131.375000
43,0.896210,0.425847,20946.615234
44,0.799812,0.510255,22028.113281
45,0.807361,0.492659,22277.589844
46,0.851937,0.451730,22560.466797
47,0.681054,0.073584,24207.531250
0,0.741015,0.209092,49.866482
1,0.754811,0.490765,432.511353
2,0.835864,0.528569,765.302490
3,0.875821,0.527469,1114.731934
4,0.919368,0.447131,1281.107178
5,0.935327,0.439206,1513.949951
6,0.003824,0.358119,1813.473022
7,0.999811,0.363398,2112.928711
8,0.032073,0.495681,2345.803467
9,0.029895,0.535080,2545.469727
10,0.984610,0.601401,2811.719238
11,0.973424,0.535261,3061.306152
12,0.975380,0.321832,3294.138916
13,0.970554,0.295187,3443.913086
14,0.974260,0.457445,4209.300781
15,0.956946,0.706450,4591.865723
16,0.962547,0.887668,5157.639648
17,0.061445,0.822955,5423.761719
18,0.041204,0.808486,5606.814941
19,0.134993,0.622723,6006.077148
20,0.193335,0.438905,6571.707520
21,0.190264,0.437410,6804.727539
22,0.263736,0.456407,7020.912598
23,0.261124,0.451931,7104.148926
24,0.136395,0.454321,7553.317871
25,0.081518,0.389346,7786.304688
26,0.069204,0.362561,7969.317871
27,0.057449,0.475778,8185.541504
28,0.049674,0.500972,8418.516602
29,0.012751,0.514318,8667.969727
30,0.006272,0.523048,8950.900391
31,0.962692,0.396947,9699.635742
32,0.950738,0.329139,9915.839844
33,0.961849,0.298071,10215.301758
34,0.954047,0.293979,10365.093750
35,0.906796,0.463706,10697.841797
36,0.878775,0.438621,10930.735352
37,0.873945,0.411981,11063.839844
38,0.845025,0.239072,11479.797852
39,0.828700,0.162414,11745.935547
40,0.846368,0.152888,11912.251953
41,0.856350,0.293619,12245.044922
42,0.785516,0.516945,12644.445312
43,0.717012,0.432600,12943.919922
44,0.548011,0.417223,13908.874023
45,0.500954,0.458991,14308.077148
46,0.528657,0.507919,14590.932617
47,0.573274,0.561142,14790.573242
48,0.565237,0.510492,14990.173828
49,0.575344,0.375804,15256.393555
50,0.581015,0.399641,15489.280273
51,0.598489,0.314446,15672.262695
52,0.581047,0.326469,15888.633789
53,0.593946,0.679170,16587.355469
54,0.583592,0.704018,16720.554688
55,0.581654,0.717884,16853.648438
56,0.584544,0.722181,17036.640625
57,0.590845,0.726125,17252.884766
58,0.647120,0.495383,17951.580078
59,0.751727,0.497253,18384.281250
60,0.752272,0.437876,18633.843750
61,0.750887,0.428317,18783.509766
62,0.833442,0.516758,19082.904297
63,0.865208,0.538491,19465.751953
64,0.902981,0.484694,19815.003906
65,0.905746,0.443010,20014.667969
66,0.997379,0.394663,20447.271484
67,0.990514,0.397934,20613.636719
68,0.007332,0.444878,20879.876953
69,0.042463,0.529266,21279.146484
70,0.040991,0.554510,21495.326172
71,0.137904,0.527903,22826.410156
72,0.135384,0.526845,22942.873047
73,0.157724,0.492097,23075.943359
74,0.184207,0.453971,23375.390625
75,0.989846,0.582516,24024.320312
76,0.962878,0.616467,24357.068359
77,0.945661,0.621749,24706.406250
0,0.799473,0.937348,349.306183
1,0.499699,0.997057,565.608032
2,0.413357,0.945468,848.408997
3,0.642997,0.949873,1131.289795
4,0.687260,0.941998,1231.057983
5,0.597160,0.559720,1746.916138
6,0.554084,0.426254,2362.386719
7,0.541397,0.325008,2844.910400
8,0.748541,0.425450,3643.496338
9,0.801539,0.431948,3843.125732
10,0.804919,0.447703,4059.571045
11,0.854343,0.310134,4408.904785
12,0.855796,0.320178,4808.156738
13,0.981407,0.347918,5124.210938
14,0.991225,0.440730,5473.756836
15,0.980252,0.395673,5756.457520
16,0.980775,0.372390,5989.450195
17,0.029044,0.488330,6289.001953
18,0.018706,0.494508,6588.316895
19,0.120683,0.465465,7054.207031
20,0.129351,0.480366,7303.876953
21,0.159226,0.498856,7536.667480
22,0.157301,0.504509,7653.248047
23,0.099014,0.490509,7886.106934
24,0.118460,0.487691,8468.395508
25,0.050612,0.479466,8867.643555
26,0.017267,0.485837,9084.066406
27,0.999402,0.496397,9283.635742
28,0.020521,0.520881,9682.875977
29,0.972646,0.547676,10265.293945
30,0.955658,0.545442,10481.493164
31,0.966161,0.749405,10764.365234
32,0.993391,0.798161,11030.624023
33,0.970089,0.822453,11230.220703
34,0.985698,0.797282,11596.232422
35,0.992209,0.719540,11929.014648
36,0.953651,0.674215,12112.114258
37,0.936374,0.533449,12361.593750
38,0.949312,0.435362,12577.826172
39,0.955611,0.365619,12761.003906
40,0.949277,0.325870,12993.862305
41,0.902500,0.457315,13409.830078
42,0.746805,0.512647,14175.052734
43,0.761225,0.493562,14324.793945
44,0.778055,0.481161,14541.096680
45,0.707840,0.480811,14840.569336
46,0.536545,0.499524,15639.139648
47,0.492409,0.534655,15905.508789
48,0.486580,0.534331,16071.812500
49,0.529692,0.669049,16421.150391
50,0.640088,0.610040,17153.339844
51,0.548660,0.344184,18018.410156
52,0.548834,0.337741,18584.031250
53,0.540474,0.382480,18850.312500
54,0.561884,0.437920,19049.937500
55,0.497639,0.485323,19432.669922
56,0.495350,0.390898,19682.083984
57,0.699878,0.351249,20247.865234
58,0.683854,0.310243,20430.830078
59,0.748478,0.478561,20979.912109
60,0.734953,0.683600,21462.332031
61,0.688047,0.674088,21695.343750
62,0.801400,0.477986,22394.050781
63,0.852618,0.356791,22626.947266
64,0.906624,0.413926,23109.441406
65,0.898855,0.401330,23259.142578
66,0.890074,0.408869,23542.000000
67,0.914535,0.452072,23791.660156
68,0.875383,0.421336,24107.785156
0,0.728251,0.629904,465.803833
1,0.727367,0.496358,831.841492
2,0.728919,0.412430,1014.831970
3,0.558625,0.387261,1647.057007
4,0.575191,0.339868,1880.096436
5,0.573194,0.390843,2562.208008
6,0.560042,0.527571,2861.689453
7,0.582528,0.385423,3177.691650
8,0.580722,0.336877,3410.674805
9,0.731330,0.531006,4625.295410
10,0.735804,0.481389,5174.255371
11,0.715444,0.464140,5373.877930
12,0.868155,0.587396,5889.690918
13,0.958519,0.533013,6155.885742
14,0.973081,0.488967,6455.362793
15,0.970958,0.487400,6571.856934
16,0.984714,0.387077,6754.861816
17,0.974808,0.561113,7170.744141
18,0.973422,0.508029,7536.831543
19,0.965911,0.436386,7753.079102
20,0.962275,0.429944,8069.170410
21,0.978518,0.471938,8451.849609
22,0.094780,0.511577,8767.957031
23,0.140013,0.494758,8984.158203
24,0.148957,0.487056,9300.281250
25,0.188052,0.454454,9716.306641
26,0.173432,0.466091,9932.568359
27,0.236413,0.520886,10747.756836
28,0.336974,0.375498,10980.764648
29,0.344107,0.336829,11197.051758
30,0.323739,0.439947,11613.014648
31,0.087646,0.546043,12777.603516
32,0.091912,0.535899,12944.019531
33,0.093311,0.454683,13276.776367
34,0.096979,0.448350,13459.759766
35,0.169072,0.473141,13725.998047
36,0.581538,0.437747,15273.225586
37,0.571336,0.455829,15838.965820
38,0.566024,0.474601,16171.659180
39,0.565222,0.453651,16454.402344
40,0.565039,0.461791,16604.337891
41,0.568122,0.498220,16887.064453
42,0.566855,0.442523,17120.050781
43,0.590092,0.691078,17419.449219
44,0.585135,0.684866,17535.888672
45,0.638144,0.571409,17718.935547
46,0.633803,0.486979,18101.609375
47,0.558409,0.417500,18251.472656
48,0.555166,0.397466,18401.148438
49,0.563200,0.429410,18650.660156
50,0.581291,0.651989,19715.539062
51,0.564228,0.577840,20181.367188
52,0.533061,0.494485,21079.685547
53,0.559941,0.698030,21362.556641
54,0.582670,0.780984,21545.593750
55,0.579073,0.704863,22111.333984
56,0.556441,0.586601,22377.462891
57,0.553108,0.429950,22776.779297
58,0.565891,0.402438,22959.826172
0,0.756851,0.536251,482.540558
1,0.998059,0.609797,1380.896484
2,0.981366,0.452448,1913.374878
3,0.978649,0.363503,2728.586914
4,0.984074,0.395639,2828.424072
5,0.077693,0.543541,3760.098145
6,0.032657,0.617603,3926.515137
7,0.696030,0.560397,5107.733887
8,0.645907,0.547348,5290.868652
9,0.722507,0.516298,5590.215820
10,0.748348,0.450837,6172.579590
11,0.786958,0.462612,6455.460938
12,0.853245,0.587006,7187.377930
13,0.810433,0.589792,7669.954590
14,0.084867,0.615284,9882.740234
15,0.964986,0.837467,11163.865234
16,0.916334,0.087786,12860.830078
17,0.987884,0.096505,13110.407227
18,0.870689,0.352711,13476.439453
19,0.397771,0.614182,16071.918945
20,0.587994,0.494717,17353.011719
21,0.625972,0.691533,18667.302734
0,0.746294,0.531946,415.969421
1,0.780768,0.414640,865.116577
2,0.746528,0.411515,1098.084106
3,0.788012,0.467232,1297.755981
4,0.798596,0.482406,1497.418457
5,0.814570,0.495696,1713.763550
6,0.846770,0.509625,2029.886597
7,0.852861,0.498819,2229.556641
8,0.922173,0.483544,2878.368408
9,0.925601,0.487091,3044.744141
10,0.895457,0.402964,3477.156738
11,0.992203,0.372428,3859.914551
12,0.996424,0.375678,4009.693848
13,0.991292,0.374704,4159.455078
14,0.000346,0.517484,4608.550293
15,0.015086,0.532021,4774.924805
16,0.040185,0.519920,5007.925293
17,0.073051,0.503053,5390.540527
18,0.120653,0.504111,5723.237793
19,0.122105,0.495695,5939.637207
20,0.154116,0.481022,6222.449219
21,0.202539,0.465441,6937.886230
22,0.184855,0.461307,7170.800781
23,0.144069,0.446786,7753.132812
24,0.170090,0.449147,8202.324219
25,0.181814,0.452899,8335.328125
26,0.275049,0.491558,8751.329102
27,0.269308,0.464957,9017.608398
28,0.310380,0.528497,9367.005859
29,0.306207,0.515264,9533.329102
30,0.391746,0.469723,10381.821289
31,0.397201,0.448551,10498.285156
32,0.395305,0.433990,10664.782227
33,0.386154,0.433295,10864.307617
34,0.383108,0.464211,11246.940430
35,0.243495,0.465135,11513.203125
36,0.236105,0.460932,11646.344727
37,0.156545,0.455523,12178.691406
38,0.128487,0.469778,12478.173828
39,0.091778,0.472500,12777.640625
40,0.010102,0.504669,13426.551758
41,0.023796,0.505299,13592.926758
42,0.006973,0.497361,13925.603516
43,0.967525,0.364623,14474.591797
44,0.974253,0.376063,15373.111328
45,0.903142,0.464767,15938.682617
46,0.907018,0.452108,16121.822266
47,0.881068,0.428051,16371.343750
48,0.880734,0.420667,16587.554688
49,0.883897,0.416632,16687.513672
50,0.838557,0.485340,16970.343750
51,0.890629,0.407123,17569.185547
52,0.901087,0.403427,18517.572266
53,0.800894,0.516165,19066.638672
54,0.776012,0.481367,19366.177734
55,0.761378,0.410129,19682.115234
56,0.719355,0.446877,20048.359375
57,0.715637,0.441512,20181.482422
58,0.564807,0.468852,21013.351562
59,0.560063,0.444868,21113.074219
60,0.479233,0.525054,22327.521484
61,0.482533,0.507781,22494.037109
62,0.484192,0.492576,22726.833984
63,0.696059,0.510297,23325.812500
64,0.688381,0.507206,23442.310547
65,0.731961,0.533897,23741.884766
66,0.749078,0.426402,24274.205078
67,0.787567,0.394798,24457.173828
68,0.823723,0.368345,24656.804688
69,0.797993,0.494212,24956.347656
0,0.826460,0.378096,66.578697
1,0.776148,0.305615,249.558578
2,0.727059,0.380790,432.548126
3,0.800497,0.183873,715.498779
4,0.852080,0.462974,1613.826782
5,0.906682,0.394800,2013.119507
6,0.896213,0.364538,2212.821289
7,0.881191,0.366038,2379.152588
8,0.996230,0.468408,3111.202393
9,0.972897,0.501722,3344.135254
10,0.047852,0.487224,3809.992676
11,0.023467,0.564277,4076.176758
12,0.997871,0.504963,4309.158691
13,0.716126,0.397202,5490.430176
14,0.706769,0.374252,5739.953613
15,0.555237,0.399520,6272.337402
16,0.532374,0.411423,6721.600098
17,0.449207,0.412734,6921.200684
18,0.402070,0.420848,7154.134766
19,0.402102,0.406104,7320.604980
20,0.366504,0.434438,7670.012207
21,0.295697,0.509961,8352.080078
22,0.291676,0.509629,8468.516602
23,0.272346,0.502401,8601.592773
24,0.249461,0.446841,8817.948242
25,0.286622,0.505769,9283.818359
26,0.288943,0.525412,9466.773438
27,0.249007,0.438619,9816.254883
28,0.363467,0.443488,10365.294922
29,0.378108,0.447353,10531.552734
30,0.383248,0.467456,10781.128906
31,0.382689,0.452039,11313.533203
32,0.443734,0.449743,11546.451172
33,0.528760,0.428886,11829.351562
34,0.574385,0.440893,12162.126953
35,0.585613,0.427533,12311.790039
36,0.862337,0.231661,13842.460938
37,0.856173,0.236325,14008.835938
38,0.904159,0.473247,14374.884766
39,0.896399,0.483770,14507.976562
40,0.977608,0.397439,14824.093750
41,0.974298,0.552345,15056.987305
42,0.974093,0.503386,15306.567383
43,0.962383,0.575504,15639.323242
44,0.969622,0.883056,16188.378906
45,0.003472,0.912854,16354.725586
46,0.744362,0.946954,16654.238281
47,0.527998,0.959497,17402.892578
48,0.317595,0.894754,18018.492188
49,0.100078,0.464682,18916.910156
50,0.092910,0.465399,19083.289062
51,0.091182,0.479988,19299.583984
52,0.163551,0.445076,19499.226562
53,0.937495,0.194454,20098.199219
54,0.665260,0.110623,20946.732422
55,0.585206,0.224709,21262.828125
56,0.565051,0.388221,21495.820312
57,0.557005,0.347696,21712.035156
58,0.556282,0.322333,21895.042969
59,0.555107,0.336709,22277.726562
60,0.549456,0.314974,22460.759766
61,0.552860,0.295445,22560.550781
62,0.565931,0.330735,22776.861328
63,0.586520,0.377163,23309.226562
64,0.619745,0.376312,23725.185547
65,0.632906,0.359127,24008.027344
66,0.707679,0.407514,24490.519531
67,0.744052,0.407995,24673.539062
68,0.747940,0.416222,24806.664062
0,0.772184,0.437421,366.019257
1,0.826052,0.457633,648.895081
2,0.822677,0.314378,865.141357
3,0.780735,0.307823,1131.387573
4,0.749585,0.480316,1697.042480
5,0.778912,0.458072,1880.056396
6,0.799573,0.338774,2196.129395
7,0.800251,0.349086,2312.592041
8,0.822262,0.371896,2445.715332
9,0.821259,0.314108,3011.444092
10,0.792201,0.349797,3277.660156
11,0.762935,0.411861,3493.964600
12,0.798556,0.339143,3743.463135
13,0.540999,0.382228,4675.191895
14,0.546597,0.390857,4808.314941
15,0.549705,0.357396,5107.730957
16,0.480568,0.539446,5606.878418
17,0.362514,0.497715,6072.717773
18,0.344378,0.469427,6239.108887
19,0.355888,0.477914,6338.889160
20,0.350280,0.621124,6854.759277
21,0.299586,0.629835,7070.961426
22,0.406951,0.517256,7686.550293
23,0.404151,0.495594,7819.638672
24,0.363928,0.418630,8135.790527
25,0.241011,0.497814,8734.803711
26,0.327930,0.575647,9000.995117
27,0.389653,0.551134,9466.806641
28,0.441705,0.750708,9965.893555
29,0.485102,0.721831,10165.548828
30,0.487239,0.760378,10465.058594
31,0.536232,0.391373,11030.708008
32,0.224509,0.414124,12095.558594
33,0.143782,0.435882,12577.987305
34,0.108838,0.441210,12927.467773
35,0.071444,0.482601,13093.773438
36,0.073181,0.486610,13193.600586
37,0.046028,0.609654,13409.917969
38,0.102789,0.383342,13892.373047
39,0.102363,0.379678,14025.560547
40,0.106665,0.387840,14225.182617
41,0.727305,0.208058,15622.744141
42,0.762038,0.219364,15789.141602
43,0.857570,0.216818,16155.119141
44,0.929878,0.288165,16587.738281
45,0.931913,0.553195,16937.046875
46,0.998558,0.486028,17186.632812
47,0.959484,0.617831,17768.957031
48,0.029580,0.538895,18484.343750
49,0.118280,0.515071,18950.207031
50,0.131080,0.482083,19166.500000
51,0.020725,0.568812,19565.818359
52,0.014813,0.530628,19815.359375
53,0.014869,0.479503,20014.998047
54,0.034608,0.477736,20281.216797
55,0.983610,0.333999,20530.767578
56,0.972717,0.337719,20896.792969
57,0.899699,0.387454,21429.216797
58,0.881334,0.357494,21678.775391
59,0.920974,0.411272,21911.699219
60,0.938478,0.431141,22044.820312
61,0.941903,0.442303,22261.085938
62,0.944267,0.457030,22377.531250
63,0.999627,0.322286,22610.460938
64,0.988301,0.326507,22826.787109
65,0.985214,0.357507,23292.617188
66,0.992559,0.330262,23592.101562
67,0.005001,0.286529,23758.468750
68,0.902279,0.476075,24307.511719
69,0.898104,0.380536,24540.437500
70,0.897607,0.366625,24690.179688
0,0.744451,0.533077,266.269653
1,0.742396,0.469486,532.417603
2,0.739374,0.416721,748.723999
3,0.741798,0.395618,948.356140
4,0.738381,0.438512,1347.627441
5,0.782263,0.480502,1580.570801
6,0.821383,0.504578,1813.508423
7,0.858364,0.513670,2063.055908
8,0.860775,0.503093,2295.999023
9,0.816282,0.481350,2612.100586
10,0.898570,0.444855,2978.138428
11,0.908778,0.419910,3177.779541
12,0.946660,0.505573,3477.247559
13,0.977746,0.539749,3710.244141
14,0.989208,0.490227,3943.124756
15,0.990956,0.440576,4176.047363
16,0.008595,0.497707,4542.042969
17,0.995390,0.432098,4841.533203
18,0.991103,0.363394,5007.944824
19,0.919743,0.409427,5324.130371
20,0.880039,0.395122,5540.324219
21,0.884397,0.404192,6339.000488
22,0.970447,0.515011,7170.783203
23,0.001085,0.526943,7387.117188
24,0.974616,0.544678,7703.196289
25,0.960978,0.553245,7919.515625
26,0.981921,0.529884,8468.541992
27,0.018680,0.513584,8634.893555
28,0.051453,0.519372,8901.208008
29,0.074212,0.509653,9150.654297
30,0.112694,0.505755,9466.838867
31,0.122502,0.492126,9716.342773
32,0.119886,0.463381,9915.985352
33,0.087560,0.430674,10681.362305
34,0.068197,0.365607,10847.711914
35,0.040609,0.343458,11097.348633
36,0.091796,0.341844,11330.185547
37,0.153731,0.479928,11746.137695
38,0.156126,0.482254,11895.853516
39,0.055929,0.513864,12162.052734
40,0.019523,0.483528,12444.926758
41,0.997806,0.463814,12727.777344
42,0.162380,0.534582,13176.954102
43,0.193020,0.513498,13360.012695
44,0.183585,0.479979,13592.945312
45,0.180450,0.462635,14025.502930
46,0.257849,0.483754,14324.952148
47,0.269362,0.474745,14524.639648
48,0.264324,0.463250,14690.980469
49,0.262583,0.458675,14957.192383
50,0.247940,0.445331,15506.215820
51,0.376393,0.481831,17502.748047
52,0.390095,0.462915,17652.468750
53,0.378157,0.442898,18667.441406
54,0.378912,0.371130,20181.425781
55,0.373863,0.355240,20381.052734
56,0.328358,0.362866,20663.880859
57,0.317422,0.391646,20880.181641
58,0.302525,0.399145,21163.052734
59,0.238107,0.439531,21346.042969
60,0.241322,0.451255,21462.462891
61,0.293877,0.515311,22311.029297
62,0.304152,0.523246,22560.603516
63,0.294762,0.544282,23791.816406
64,0.250459,0.468904,23958.111328
65,0.241936,0.461604,24174.435547
66,0.175279,0.473927,24490.503906
67,0.161821,0.467367,24673.554688
0,0.813815,0.437946,282.827454
1,0.842577,0.622853,648.867554
2,0.844747,0.648202,798.590149
3,0.089636,0.301355,5141.039062
4,0.122717,0.260080,5340.654785
5,0.123224,0.288477,5473.795898
6,0.119519,0.277366,5606.874512
7,0.858027,0.377328,6671.639648
8,0.867726,0.287056,7004.523438
9,0.912287,0.285052,7736.519531
10,0.170782,0.371268,9067.577148
11,0.262844,0.304298,9350.360352
12,0.258768,0.301271,9466.836914
13,0.243672,0.304376,9583.212891
14,0.299078,0.362306,10115.643555
15,0.339408,0.298203,10481.677734
16,0.901956,0.371405,12711.114258
17,0.902107,0.369061,12810.911133
18,0.874683,0.358320,13127.029297
19,0.812279,0.401433,13393.257812
20,0.769949,0.387765,14241.764648
21,0.755261,0.386822,14607.834961
22,0.704021,0.364935,14824.049805
23,0.696765,0.287206,15772.451172
24,0.714959,0.487337,16105.135742
25,0.948232,0.397628,16504.470703
26,0.028354,0.427717,16853.957031
27,0.024585,0.423588,16953.769531
28,0.065034,0.390657,17269.839844
29,0.933035,0.371409,17785.580078
30,0.590083,0.396761,18734.001953
31,0.512244,0.335628,19249.664062
32,0.511373,0.332459,19482.617188
33,0.505931,0.341510,19682.220703
34,0.506096,0.356229,19782.128906
35,0.613827,0.445256,20680.572266
36,0.719701,0.496313,21296.095703
37,0.721913,0.544551,21579.031250
38,0.218779,0.893627,22494.062500
39,0.112469,0.816477,22810.111328
40,0.105200,0.831903,23009.761719
41,0.097083,0.818084,23309.287109
42,0.862798,0.939329,24008.091797
43,0.825643,0.921303,24174.414062
44,0.795595,0.912207,24290.845703
45,0.627227,0.931979,24507.234375
46,0.280619,0.973357,24973.023438
0,0.753959,0.522048,366.015625
1,0.750409,0.501947,565.646851
2,0.855356,0.521746,931.722778
3,0.985806,0.472605,1513.999512
4,0.970818,0.359553,1746.990723
5,0.963546,0.303801,1946.619263
6,0.886642,0.426811,2179.493896
7,0.857131,0.401068,2395.826172
8,0.556695,0.450889,3344.161621
9,0.544378,0.540924,3543.872314
10,0.484613,0.596610,3843.352295
11,0.484712,0.585200,3926.484375
12,0.469701,0.583387,4042.970703
13,0.358732,0.541129,4641.885254
14,0.358093,0.452686,4841.554199
15,0.279865,0.508781,5240.842773
16,0.273114,0.518735,5373.966797
17,0.235550,0.433923,5590.264648
18,0.237203,0.447304,5723.336914
19,0.215764,0.488168,5889.737305
20,0.243288,0.462292,6072.702637
21,0.381998,0.443378,7037.708984
22,0.383665,0.426439,7287.258789
23,0.822216,0.496617,8851.170898
24,0.856368,0.498688,9050.867188
25,0.952456,0.675634,9716.414062
26,0.999336,0.550525,10115.725586
27,0.005006,0.457709,10298.673828
28,0.061435,0.470973,10714.566406
29,0.141347,0.437394,11363.478516
30,0.092464,0.480686,11779.372070
31,0.153853,0.470878,12028.984375
32,0.174734,0.477603,12211.981445
33,0.170623,0.445025,12444.931641
34,0.170895,0.452532,12777.681641
35,0.149671,0.428135,13110.394531
36,0.128377,0.625467,13609.546875
37,0.097815,0.525285,13809.274414
38,0.871353,0.922683,15090.367188
39,0.694709,0.938812,16271.519531
40,0.928440,0.955646,16487.837891
41,0.087821,0.918151,16737.470703
42,0.541451,0.944318,17236.548828
43,0.437062,0.947069,17635.832031
44,0.959081,0.383142,19149.941406
45,0.916289,0.608646,20198.054688
46,0.878113,0.746426,20381.011719
47,0.878637,0.203453,21811.867188
48,0.853319,0.260780,22044.837891
49,0.794977,0.181153,22310.994141
50,0.715541,0.170917,22627.171875
51,0.723629,0.177313,22926.582031
52,0.922025,0.770349,24407.326172
53,0.920016,0.781845,24656.931641
54,0.927768,0.855683,24973.039062
0,0.745757,0.492675,349.460266
1,0.807305,0.506613,865.188049
2,0.943299,0.503133,1464.152222
3,0.896508,0.405163,1830.200439
4,0.982428,0.468088,2362.620605
5,0.001307,0.391901,2562.210205
6,0.978332,0.494158,2861.690674
7,0.035583,0.527420,3061.331787
8,0.130955,0.481601,3444.105469
9,0.118909,0.449145,3843.338135
10,0.114056,0.486241,4309.270508
11,0.112459,0.513210,4625.285156
12,0.112935,0.473004,4958.090820
13,0.003951,0.516120,5274.186035
14,0.943629,0.454120,6056.227051
15,0.952659,0.438081,6189.303711
16,0.837607,0.489306,6705.020996
17,0.620914,0.442995,7470.366211
18,0.587829,0.470751,7703.264648
19,0.562865,0.403124,7886.267090
20,0.566803,0.397461,7986.069336
21,0.552222,0.453743,8468.592773
22,0.476868,0.466973,8768.060547
23,0.533096,0.500148,9034.266602
24,0.392757,0.402377,9766.334961
25,0.582228,0.439274,10248.782227
26,0.580295,0.425734,10431.855469
27,0.562476,0.473575,10714.622070
28,0.577174,0.418197,11380.142578
29,0.587754,0.383004,11712.937500
30,0.582449,0.407074,12029.052734
31,0.739623,0.474604,12578.077148
32,0.746566,0.445287,12727.777344
33,0.745079,0.416658,12944.162109
34,0.645258,0.415903,13609.580078
35,0.584182,0.505279,13759.358398
36,0.574774,0.388934,14408.213867
37,0.573218,0.538806,15839.015625
38,0.839869,0.155139,16820.630859
39,0.879811,0.208361,17003.746094
40,0.951077,0.461108,17885.480469
41,0.885884,0.414284,18068.546875
42,0.845188,0.477092,18550.937500
43,0.817785,0.491621,18817.238281
44,0.807593,0.487675,19116.703125
45,0.729634,0.503214,19466.000000
46,0.733520,0.393722,19948.621094
47,0.596509,0.452065,20547.457031
48,0.576807,0.386339,20863.589844
49,0.580037,0.474848,21612.246094
50,0.590685,0.528721,21861.830078
51,0.588524,0.527465,22061.503906
52,0.582061,0.384842,22311.052734
53,0.623565,0.417628,23492.306641
54,0.575835,0.382210,23825.167969
0,0.735600,0.549845,399.287872
1,0.729524,0.469546,698.806274
2,0.729862,0.414786,898.477417
3,0.733055,0.390521,1081.454956
4,0.563430,0.411103,2395.818115
5,0.485892,0.527970,2845.107666
6,0.524522,0.613307,3344.165039
7,0.485040,0.508113,3760.066406
8,0.478916,0.492245,3926.479004
9,0.376120,0.501104,4492.189941
10,0.361869,0.441061,4841.601074
11,0.374675,0.423183,5007.911621
12,0.223013,0.442038,6505.351562
13,0.235080,0.441807,6671.708984
14,0.211846,0.497132,6854.721680
15,0.310435,0.493024,7137.516113
16,0.313114,0.493872,7254.012695
17,0.301119,0.496173,7387.080078
18,0.290183,0.489611,7753.177246
19,0.230452,0.435492,8252.262695
20,0.121840,0.729521,8917.734375
21,0.369020,0.955179,9549.989258
22,0.448056,0.924170,9683.082031
23,0.535950,0.928610,9916.000000
24,0.462550,0.893045,10365.226562
25,0.530499,0.885416,10598.162109
26,0.518544,0.869523,10831.079102
27,0.474199,0.921429,11147.185547
28,0.091717,0.926906,11746.149414
29,0.889090,0.763213,12162.111328
30,0.947493,0.535328,12611.296875
31,0.973677,0.375179,12993.943359
32,0.030652,0.515204,13576.281250
33,0.020898,0.498795,13792.583008
34,0.035381,0.485746,14008.875000
35,0.073344,0.481673,14391.532227
36,0.077157,0.481310,14641.103516
37,0.109444,0.479652,14907.292969
38,0.100053,0.482662,15240.026367
39,0.092677,0.482744,15339.845703
40,0.103307,0.477688,15905.535156
41,0.087480,0.481627,16071.898438
42,0.119459,0.462982,17602.580078
43,0.602780,0.482024,18867.031250
44,0.713997,0.485984,19282.972656
45,0.748497,0.478472,19482.619141
46,0.962067,0.478515,20430.955078
47,0.962148,0.485463,20613.953125
48,0.900331,0.395195,20846.888672
49,0.926315,0.203848,21279.478516
50,0.978642,0.156019,21462.480469
51,0.033662,0.153329,21678.792969
52,0.976262,0.129169,21861.802734
53,0.932899,0.554287,23076.345703
54,0.937410,0.512305,23342.572266
55,0.827671,0.484083,23691.921875
56,0.835454,0.476528,24074.607422
57,0.779328,0.477815,24307.507812
58,0.799773,0.468624,24590.347656
0,0.737912,0.467537,249.582138
1,0.737252,0.420771,415.927063
2,0.766377,0.489083,798.541443
3,0.585907,0.424393,1330.964600
4,0.561704,0.427551,1613.879761
5,0.490537,0.547414,2628.791748
6,0.650557,0.502530,3427.356934
7,0.654204,0.510209,3543.766602
8,0.692634,0.491055,4209.337891
9,0.749935,0.476927,4375.627930
10,0.822037,0.477934,4941.345703
11,0.855554,0.482604,5107.711426
12,0.867428,0.418968,5340.665039
13,0.891730,0.422263,5540.331055
14,0.990080,0.419829,6222.483398
15,0.987036,0.374306,6388.868164
16,0.978016,0.348251,6571.790527
17,0.975294,0.372961,7037.650879
18,0.975852,0.461168,7237.329102
19,0.970844,0.493548,7436.967285
20,0.014852,0.504787,7786.339355
21,0.137029,0.459645,8451.837891
22,0.131941,0.455999,8568.421875
23,0.182814,0.451296,8834.599609
24,0.247999,0.434880,9416.819336
25,0.263496,0.422258,9599.854492
26,0.171170,0.456755,10082.365234
27,0.164099,0.458652,10265.359375
28,0.133305,0.466575,10747.846680
29,0.101021,0.451838,11479.890625
30,0.083432,0.513673,11945.757812
31,0.025348,0.557090,12195.353516
32,0.959510,0.548233,12461.544922
33,0.965805,0.513775,12677.804688
34,0.966981,0.423110,12944.003906
35,0.974730,0.399126,13176.964844
36,0.977522,0.351882,13359.951172
37,0.949042,0.304263,13909.026367
38,0.897790,0.258689,14091.991211
39,0.871324,0.243332,14308.323242
40,0.853128,0.249961,14491.307617
41,0.857811,0.279162,14690.976562
42,0.890003,0.427965,14940.608398
43,0.913630,0.459834,15689.230469
44,0.890488,0.419582,15988.710938
45,0.894950,0.416346,16554.382812
46,0.850666,0.473979,17768.947266
47,0.843424,0.488511,17902.082031
48,0.806586,0.494776,18467.703125
49,0.754350,0.420054,19000.119141
50,0.757143,0.410219,19100.013672
51,0.764461,0.406040,19316.226562
52,0.721283,0.422213,19532.492188
53,0.723959,0.468235,20281.277344
54,0.734102,0.508717,20796.988281
55,0.729428,0.414926,20996.634766
56,0.851599,0.479595,21678.750000
57,0.938459,0.476082,22410.802734
58,0.917017,0.477971,22693.662109
59,0.019841,0.501423,23159.476562
60,0.019131,0.498947,23342.507812
61,0.033138,0.488643,23658.623047
62,0.067895,0.491030,24207.664062
0,0.787168,0.651225,33.285370
1,0.741993,0.633447,349.391449
2,0.728512,0.516056,549.014221
3,0.733310,0.423089,815.324341
4,0.728534,0.397213,948.379272
5,0.731849,0.412225,1314.361084
6,0.851045,0.487353,1963.242188
7,0.899060,0.432071,2262.702637
8,0.897694,0.411403,2362.614746
9,0.967222,0.394818,3077.919434
10,0.988336,0.418131,3294.214111
11,0.997981,0.413048,3610.332275
12,0.970701,0.376962,3926.486084
13,0.987556,0.537085,4292.542969
14,0.023884,0.515808,4575.310547
15,0.117109,0.496013,5007.930176
16,0.143605,0.490666,5274.214844
17,0.164689,0.465059,5457.209961
18,0.189110,0.457526,5739.865234
19,0.266779,0.450543,6255.834473
20,0.364187,0.461263,6771.514160
21,0.396162,0.445103,7004.389160
22,0.385916,0.417421,7187.416016
23,0.381165,0.418839,7620.047852
24,0.376848,0.496890,7786.378906
25,0.382546,0.521615,8119.080078
26,0.384186,0.555749,8252.215820
27,0.350694,0.567956,8435.243164
28,0.301980,0.531349,8751.415039
29,0.136211,0.843394,9799.594727
30,0.117301,0.871855,9949.239258
31,0.227089,0.909291,10215.463867
32,0.990473,0.996666,10897.580078
33,0.966210,0.985613,11230.260742
34,0.922834,0.939784,11563.041016
35,0.076506,0.881258,11895.792969
36,0.188512,0.934867,12295.060547
37,0.508145,0.965630,12544.671875
38,0.564395,0.936085,12910.738281
39,0.597727,0.956124,13526.398438
40,0.471636,0.909495,13742.647461
41,0.363299,0.906188,14042.157227
42,0.921285,0.918164,14458.017578
43,0.967814,0.381241,15572.723633
44,0.869681,0.445697,15905.471680
45,0.878927,0.431878,16088.488281
46,0.772415,0.503812,16521.082031
47,0.706420,0.472042,16837.191406
48,0.725391,0.417167,16987.029297
49,0.546685,0.458210,17602.580078
50,0.559112,0.424464,17802.207031
51,0.560125,0.413864,18135.007812
52,0.576133,0.580012,18501.003906
53,0.604570,0.607552,18684.005859
54,0.605350,0.485521,19116.501953
55,0.614752,0.412967,19432.679688
56,0.566563,0.318186,19798.609375
57,0.631913,0.382414,20214.607422
58,0.576688,0.474651,20713.832031
59,0.617194,0.528729,20979.914062
60,0.628417,0.529231,21229.458984
61,0.651221,0.527593,21578.945312
62,0.697617,0.500036,21895.021484
63,0.748122,0.469851,22244.435547
64,0.999271,0.429359,23342.484375
65,0.968708,0.369402,23608.699219
66,0.966834,0.362099,23958.029297
67,0.002277,0.497871,24307.500000
0,0.740118,0.528444,183.082581
1,0.745682,0.432210,732.069397
2,0.744818,0.449807,1164.632080
3,0.746546,0.457902,1330.996094
4,0.748257,0.446225,1497.384399
5,0.790087,0.409447,1713.662598
6,0.800217,0.458348,2046.487061
7,0.800879,0.464543,2146.318604
8,0.751984,0.415030,2462.374756
9,0.808486,0.464456,2711.916504
10,0.837573,0.480245,3077.992188
11,0.837188,0.466092,3244.326904
12,0.849692,0.482340,3510.516113
13,0.997234,0.427976,4458.873535
14,0.008427,0.372883,5024.641113
15,0.001145,0.352301,5357.376953
16,0.014224,0.346202,5656.766113
17,0.047034,0.340740,6022.834961
18,0.001055,0.330081,6289.028809
19,0.003027,0.331131,6738.196289
20,0.046981,0.404167,7104.238281
21,0.120413,0.477112,7303.898438
22,0.101248,0.483102,7520.280273
23,0.187204,0.524236,7969.514160
24,0.185773,0.524188,8302.191406
25,0.144521,0.502733,8485.198242
26,0.039842,0.483596,9000.942383
27,0.990390,0.457439,9416.848633
28,0.906403,0.383299,10315.323242
29,0.819433,0.399168,10664.800781
30,0.777260,0.411368,10880.962891
31,0.720574,0.434927,11446.762695
32,0.712950,0.423108,11679.644531
33,0.700468,0.420177,11879.299805
34,0.597394,0.484885,12328.481445
35,0.539418,0.435979,12877.591797
36,0.546050,0.440042,13027.282227
37,0.568935,0.416959,13509.705078
38,0.573354,0.440650,13726.010742
39,0.577700,0.422586,14008.894531
40,0.599034,0.418977,14324.967773
41,0.598491,0.407900,14458.083008
42,0.786949,0.468464,15655.996094
43,0.773405,0.482484,15955.500000
44,0.853725,0.544593,16304.909180
45,0.853329,0.526921,16454.626953
46,0.860010,0.512927,16604.324219
47,0.858919,0.499288,16720.763672
48,0.864283,0.481624,16920.468750
49,0.888607,0.432839,17086.867188
50,0.931562,0.439873,17286.445312
51,0.981022,0.478561,17552.763672
52,0.994711,0.462963,17752.316406
53,0.039495,0.494747,18051.843750
54,0.049537,0.494225,18284.705078
55,0.080176,0.502171,18501.011719
56,0.077199,0.495719,18650.767578
57,0.115499,0.485999,18983.521484
58,0.179561,0.485991,19549.208984
59,0.176350,0.477089,19682.296875
60,0.396329,0.460795,20913.445312
61,0.393906,0.459176,21046.566406
62,0.391280,0.455030,21279.484375
63,0.385143,0.445721,21712.078125
64,0.379200,0.429086,21861.792969
65,0.372768,0.449624,22111.347656
66,0.379156,0.434535,22244.457031
67,0.377230,0.439759,22627.164062
68,0.380033,0.434776,22793.490234
69,0.380469,0.434618,23009.785156
0,0.762434,0.565301,16.736296
1,0.740822,0.531925,399.306671
2,0.736593,0.471956,582.351624
3,0.735528,0.445498,748.755493
4,0.733887,0.415885,848.567627
5,0.731496,0.399974,1281.219971
6,0.792582,0.465518,1796.865356
7,0.778268,0.411292,2395.866211
8,0.778181,0.398099,2628.774414
9,0.784121,0.457770,3111.234375
10,0.793842,0.460641,3410.753906
11,0.819379,0.484122,3643.662109
12,0.815712,0.490201,4042.993896
13,0.857017,0.492015,4708.463379
14,0.853819,0.506229,4924.773438
15,0.855555,0.515395,5157.692871
16,0.857721,0.490272,5423.873047
17,0.853998,0.512720,5723.364258
18,0.848475,0.489020,6172.572754
19,0.900211,0.425957,7187.468262
20,0.896589,0.415231,7353.862305
21,0.900866,0.413461,8202.385742
22,0.889517,0.409626,8718.130859
23,0.995578,0.392169,9466.807617
24,0.990317,0.460256,10015.852539
25,0.987702,0.484831,10315.380859
26,0.989485,0.499583,10664.720703
27,0.985774,0.423506,11180.494141
28,0.984058,0.386392,11380.139648
29,0.983314,0.375419,11646.337891
30,0.986422,0.348450,11945.805664
31,0.982682,0.375123,12544.774414
32,0.006732,0.437157,13060.528320
33,0.005700,0.457499,13326.738281
34,0.956039,0.476550,13925.700195
35,0.968171,0.552573,14374.905273
36,0.985854,0.664113,14840.767578
37,0.985280,0.686484,15223.433594
38,0.995584,0.712260,15406.426758
39,0.025203,0.531733,15589.459961
40,0.028974,0.523254,15722.552734
41,0.046518,0.493967,16055.315430
42,0.036782,0.484923,16271.575195
43,0.017108,0.484670,16537.814453
44,0.051798,0.488230,16953.734375
45,0.070996,0.484405,17153.423828
46,0.079954,0.487554,17336.400391
47,0.067973,0.478599,17652.513672
48,0.030547,0.482900,17902.070312
49,0.126262,0.473842,18201.582031
50,0.126531,0.467710,18384.562500
51,0.154771,0.473574,18850.416016
52,0.149903,0.474935,19050.058594
53,0.117701,0.450582,19216.480469
54,0.187721,0.473111,19715.572266
55,0.147893,0.466454,20148.144531
56,0.142515,0.463644,20397.734375
57,0.180606,0.464082,20830.287109
58,0.182052,0.457272,21046.587891
59,0.186035,0.505747,21878.457031
60,0.200676,0.481572,22194.580078
61,0.180910,0.463584,22527.330078
62,0.139405,0.463213,22743.636719
63,0.254395,0.483593,23475.707031
64,0.264058,0.477272,23575.476562
65,0.261887,0.468443,23891.601562
66,0.262623,0.461052,24107.898438
67,0.263030,0.453443,24507.257812
68,0.259831,0.456546,24640.318359
0,0.724990,0.451671,499.164215
1,0.731951,0.390234,732.085632
2,0.776617,0.423813,998.269592
3,0.961582,0.592894,1979.978394
4,0.958524,0.592938,2063.083252
5,0.999066,0.513113,2778.458252
6,0.014383,0.564120,2944.853271
7,0.943672,0.579476,3211.118408
8,0.914029,0.505563,3577.090820
9,0.914000,0.432782,3809.992676
10,0.920805,0.383593,4059.612549
11,0.888350,0.320359,4458.961914
12,0.873522,0.340459,4658.562988
13,0.885931,0.332873,4824.902832
14,0.077195,0.508663,5523.668945
15,0.151668,0.502224,6039.447266
16,0.189116,0.475823,6222.503418
17,0.190381,0.441860,6571.851074
18,0.184461,0.487476,6754.966309
19,0.267432,0.469123,7453.715332
20,0.265503,0.457220,7553.515137
21,0.264703,0.451822,7686.624512
22,0.260937,0.441402,7786.404785
23,0.174025,0.425771,8102.503418
24,0.173984,0.394621,8318.782227
25,0.145963,0.400534,8568.479492
26,0.141320,0.409977,8801.271484
27,0.130222,0.447720,9084.125000
28,0.137934,0.494666,9333.663086
29,0.107607,0.501322,9483.443359
30,0.104909,0.487606,9749.636719
31,0.105407,0.427518,10049.129883
32,0.112273,0.388720,10248.779297
33,0.117802,0.422767,11064.022461
34,0.015073,0.470488,11446.708984
35,0.965618,0.431723,11746.145508
36,0.959823,0.437402,11995.737305
37,0.967608,0.384559,12261.891602
38,0.017568,0.498747,12478.210938
39,0.945185,0.503289,12677.841797
40,0.941559,0.468057,12910.806641
41,0.942460,0.440274,13143.706055
42,0.832325,0.460627,13726.001953
43,0.844346,0.457178,14042.125977
44,0.876047,0.382712,14191.935547
45,0.882317,0.384590,14491.375977
46,0.873499,0.388622,15522.895508
47,0.868930,0.362083,16238.289062
48,0.727015,0.400023,17818.955078
49,0.719755,0.368225,18001.892578
50,0.575524,0.564968,18567.628906
51,0.557932,0.407435,18850.425781
52,0.563202,0.377794,18983.519531
53,0.566773,0.490794,19649.015625
54,0.555292,0.511203,19815.371094
55,0.560601,0.511551,20081.554688
56,0.561016,0.461288,20364.416016
57,0.560119,0.400937,20713.839844
58,0.568266,0.363745,20847.003906
59,0.570671,0.359262,21146.390625
60,0.594301,0.553123,21595.646484
61,0.600387,0.622307,21762.039062
62,0.545940,0.572905,22244.447266
63,0.547007,0.541153,22593.931641
64,0.592422,0.627130,23176.146484
65,0.575603,0.558605,23791.839844
66,0.587132,0.567891,24091.226562
0,0.744521,0.476729,349.434021
1,0.738309,0.425543,515.772766
2,0.732544,0.396861,682.160217
3,0.590537,0.493474,1347.633423
4,0.558354,0.456835,1514.059814
5,0.560275,0.424829,1663.739258
6,0.558431,0.458493,2029.775879
7,0.565314,0.473795,2212.779785
8,0.567509,0.409015,2429.132324
9,0.567287,0.300812,3926.489502
10,0.569360,0.298164,4492.144043
11,0.542754,0.602492,4858.203125
12,0.557181,0.658237,4991.296387
13,0.502728,0.542980,5440.503906
14,0.492911,0.491092,5606.880859
15,0.743569,0.398090,6571.841309
16,0.745594,0.561747,6921.231934
17,0.744850,0.571609,7104.261719
18,0.748115,0.555921,7237.359863
19,0.776852,0.468967,7470.300781
20,0.775130,0.387961,7669.929688
21,0.736557,0.387129,7836.300293
22,0.772346,0.378504,8119.163574
23,0.831627,0.344620,8368.719727
24,0.867633,0.314064,8518.478516
25,0.884309,0.287831,8801.286133
26,0.899782,0.428506,9167.319336
27,0.896761,0.359095,9566.642578
28,0.900486,0.183905,9749.619141
29,0.741424,0.130435,10165.562500
30,0.992019,0.467943,11047.374023
31,0.841541,0.494631,11646.314453
32,0.847014,0.485393,12012.346680
33,0.977459,0.638749,12644.593750
34,0.985627,0.624368,12860.884766
35,0.063525,0.727899,13559.674805
36,0.058653,0.730779,13659.487305
37,0.058870,0.740810,13925.702148
38,0.767245,0.997903,14557.889648
39,0.682326,0.947756,14757.570312
40,0.512160,0.915618,15240.043945
41,0.772959,0.970256,15755.791016
42,0.143735,0.954160,15938.812500
43,0.575790,0.960250,16388.023438
44,0.574652,0.956238,16504.523438
45,0.972705,0.494991,17086.816406
46,0.975049,0.411348,17253.216797
47,0.974828,0.355245,17452.837891
48,0.978833,0.340745,17702.386719
49,0.889303,0.437564,19748.845703
50,0.881974,0.422247,19865.292969
51,0.882039,0.311522,20114.841797
52,0.890843,0.252880,20281.214844
53,0.960336,0.221671,20464.261719
54,0.063275,0.279131,20680.531250
55,0.122608,0.336100,21163.015625
56,0.122237,0.405945,21495.755859
57,0.038528,0.529733,21895.083984
58,0.018700,0.546311,22044.814453
59,0.981026,0.560794,22394.195312
60,0.007652,0.546401,22677.046875
61,0.017356,0.526061,22959.865234
62,0.035642,0.503260,23126.279297
63,0.987459,0.405550,23974.765625
64,0.982277,0.371221,24107.882812
65,0.191406,0.467452,24806.671875
0,0.741522,0.567186,366.087799
1,0.741377,0.555684,515.803284
2,0.740940,0.478266,915.113037
3,0.548178,0.335175,2196.212158
4,0.521551,0.969532,3693.598877
5,0.821847,0.492675,5224.196777
6,0.853600,0.526609,5523.762207
7,0.970086,0.794860,6738.276367
8,0.031982,0.598050,7037.724121
9,0.044999,0.537767,7287.375977
10,0.053090,0.483052,7436.997070
11,0.044661,0.510475,7603.404785
12,0.006347,0.512818,7819.789551
13,0.009968,0.387593,8518.461914
14,0.896766,0.222664,9200.656250
15,0.833488,0.127105,9466.820312
16,0.107054,0.098034,9732.997070
17,0.197841,0.476671,10681.370117
18,0.263517,0.461296,11130.594727
19,0.259626,0.484070,11280.341797
20,0.267186,0.473368,11529.886719
21,0.389362,0.450455,11812.740234
22,0.390332,0.446412,11979.110352
23,0.439996,0.742323,12927.478516
24,0.433216,0.733130,13260.158203
25,0.467182,0.615596,13493.129883
26,0.577994,0.383851,14042.213867
27,0.446242,0.390417,14374.891602
28,0.397457,0.228791,14707.766602
29,0.506867,0.511276,15323.260742
30,0.507570,0.502048,15506.261719
31,0.394795,0.424211,16804.031250
32,0.241488,0.486544,17286.460938
33,0.241861,0.470659,17436.257812
34,0.245295,0.458093,17585.994141
35,0.154626,0.503029,17802.292969
36,0.059843,0.551719,18434.494141
37,0.087749,0.503457,18684.054688
38,0.013514,0.553872,18883.712891
39,0.009143,0.521439,19149.908203
40,0.933764,0.522221,19549.208984
41,0.942331,0.509396,19699.025391
42,0.915045,0.491766,19881.970703
43,0.896164,0.369101,20114.882812
44,0.893436,0.347996,20247.982422
45,0.900471,0.340591,20397.685547
46,0.887546,0.455954,20730.529297
47,0.890398,0.421399,21212.939453
48,0.903434,0.405580,21512.537109
49,0.737097,0.430125,21944.998047
50,0.732680,0.492463,22161.378906
51,0.554818,0.469776,23026.433594
52,0.834863,0.986844,23625.392578
53,0.615875,0.918717,24573.798828
0,0.719642,0.442726,365.995575
1,0.813933,0.935013,2262.680420
2,0.828500,0.936091,2578.839844
3,0.797239,0.938767,2828.446045
4,0.764677,0.934066,2944.840820
5,0.894462,0.934778,3344.223145
6,0.056329,0.956409,3676.909180
7,0.550395,0.970560,4009.624023
8,0.020271,0.922635,4492.154785
9,0.862493,0.909349,4858.269043
10,0.080129,0.891630,5490.446289
11,0.131768,0.891146,5723.399414
12,0.979702,0.434433,7370.515625
13,0.980212,0.340897,7669.894531
14,0.980829,0.335859,7769.770020
15,0.892993,0.433313,8235.618164
16,0.867654,0.418727,8468.559570
17,0.825464,0.449979,8851.196289
18,0.906922,0.330108,9267.166016
19,0.906782,0.315018,9400.262695
20,0.897190,0.311333,9649.789062
21,0.003012,0.367622,10032.481445
22,0.124091,0.438399,10664.709961
23,0.123193,0.447434,10764.534180
24,0.125544,0.435416,10964.200195
25,0.184180,0.426375,11413.389648
26,0.181635,0.421661,11513.175781
27,0.092267,0.281966,12328.414062
28,0.285973,0.411929,12794.283203
29,0.300704,0.495968,14008.886719
30,0.294662,0.508420,14175.253906
31,0.230689,0.501315,14574.563477
32,0.383765,0.422272,15090.301758
33,0.376841,0.430973,15223.490234
34,0.495349,0.508613,17120.101562
35,0.580483,0.488079,17419.574219
36,0.572087,0.406267,17835.519531
37,0.024082,0.494418,19099.943359
38,0.932904,0.452366,19532.572266
39,0.842671,0.470829,19848.634766
40,0.872623,0.416677,20148.197266
41,0.880933,0.405389,20264.576172
42,0.825958,0.479428,20763.730469
43,0.842318,0.489557,21029.900391
44,0.908138,0.455019,21961.681641
45,0.723354,0.429964,23658.687500
46,0.569396,0.396360,24274.212891
0,0.753037,0.774832,16.613813
1,0.751105,0.803618,149.693207
2,0.778605,0.629976,382.630737
3,0.769024,0.794930,632.280945
4,0.757562,0.894837,898.426819
5,0.774371,0.929486,1081.415527
6,0.732656,0.451978,1880.079224
7,0.644667,0.501559,2279.293457
8,0.692646,0.544889,2645.418945
9,0.751658,0.664521,2861.677979
10,0.766824,0.598936,2978.161133
11,0.815745,0.422535,3194.386230
12,0.812804,0.442251,3277.554443
13,0.858772,0.473414,3660.302979
14,0.854121,0.468246,3976.365234
15,0.998251,0.374209,5041.185547
16,0.196371,0.455223,6205.775391
17,0.204928,0.445164,6322.257812
18,0.284993,0.419923,6588.499023
19,0.280033,0.428630,6721.559082
20,0.274851,0.434324,6904.566895
21,0.392543,0.422623,7736.467285
22,0.391125,0.462315,8185.632812
23,0.373766,0.507981,8485.108398
24,0.364839,0.454616,8967.653320
25,0.369077,0.445456,9233.942383
26,0.383168,0.383244,10431.726562
27,0.238201,0.450921,10980.819336
28,0.157409,0.476390,11380.112305
29,0.123496,0.463545,11696.172852
30,0.091730,0.459205,11895.862305
31,0.050632,0.486645,12195.329102
32,0.022389,0.501234,12411.593750
33,0.001777,0.503666,12578.053711
34,0.962924,0.338991,12810.934570
35,0.818806,0.177455,13559.602539
36,0.746540,0.749442,14591.216797
37,0.964941,0.948219,15306.565430
38,0.017518,0.950302,15506.168945
39,0.030175,0.903907,15855.613281
40,0.059091,0.904496,15955.401367
41,0.680515,0.905654,16437.914062
42,0.798746,0.912989,16654.232422
43,0.863141,0.906098,16820.638672
44,0.053873,0.921171,17036.878906
45,0.098739,0.898839,17203.248047
46,0.124653,0.896142,17419.580078
47,0.314520,0.966586,17652.429688
48,0.707167,0.940059,17868.765625
49,0.882142,0.936842,18184.861328
50,0.935783,0.927075,18317.933594
51,0.960341,0.940638,18467.658203
52,0.983276,0.940642,18567.558594
53,0.071548,0.941833,19016.722656
54,0.136515,0.901088,19249.675781
55,0.000942,0.343731,20780.310547
56,0.027325,0.235014,21645.500000
57,0.032024,0.257623,21845.123047
58,0.030917,0.234304,22111.361328
59,0.927793,0.504985,23242.681641
60,0.865660,0.490586,23458.988281
61,0.812360,0.524278,23675.287109
62,0.921293,0.451188,23891.548828
63,0.812229,0.476774,24174.421875
64,0.773885,0.505697,24407.337891
65,0.709781,0.488164,24706.757812
0,0.796226,0.692924,116.488754
1,0.749188,0.635814,332.767883
2,0.725319,0.483325,748.734253
3,0.713104,0.390705,965.071777
4,0.537151,0.459108,1563.992554
5,0.563351,0.423375,1830.221069
6,0.558776,0.542583,2162.944824
7,0.577229,0.727425,2462.372070
8,0.556073,0.427422,2878.359131
9,0.557323,0.366524,3028.083008
10,0.557812,0.349498,3660.314453
11,0.709507,0.344126,4675.164062
12,0.742709,0.598465,5041.226074
13,0.761068,0.675021,5390.599609
14,0.747471,0.654769,6189.242676
15,0.706072,0.665481,6438.820801
16,0.734748,0.615182,7337.226074
17,0.740226,0.543296,7736.546875
18,0.726649,0.397693,8135.846680
19,0.753625,0.552704,8285.613281
20,0.865116,0.559704,8834.595703
21,0.906200,0.410546,9067.522461
22,0.970960,0.560384,9350.450195
23,0.969556,0.563439,9516.719727
24,0.964569,0.549656,9633.182617
25,0.970423,0.239632,10465.085938
26,0.968463,0.262258,10648.093750
27,0.881281,0.519466,10980.909180
28,0.887422,0.474460,11197.106445
29,0.890727,0.464207,11313.651367
30,0.052866,0.609218,11995.714844
31,0.046861,0.621008,12212.065430
32,0.119976,0.554364,12694.526367
33,0.171405,0.411109,13210.262695
34,0.016553,0.641139,13892.393555
35,0.951899,0.738414,14358.292969
36,0.948233,0.554735,14641.115234
37,0.927301,0.472995,14907.324219
38,0.986362,0.401642,15389.834961
39,0.019453,0.516785,15606.087891
40,0.965506,0.371761,16055.390625
41,0.985700,0.664809,16371.436523
42,0.990545,0.721002,16620.986328
43,0.033775,0.574911,17053.542969
44,0.879931,0.191223,17768.943359
45,0.878832,0.182179,17868.855469
46,0.838487,0.191470,18051.832031
47,0.970689,0.255082,18534.314453
48,0.915856,0.528075,18966.953125
49,0.916333,0.526101,19083.404297
50,0.874661,0.448372,19316.248047
51,0.845590,0.560019,19865.386719
52,0.873961,0.697968,20297.955078
53,0.738116,0.658534,20930.097656
54,0.692278,0.527575,21129.755859
55,0.609340,0.515626,21412.626953
56,0.590641,0.644400,21911.763672
57,0.581715,0.644880,22078.148438
58,0.720578,0.712975,23558.835938
59,0.723730,0.624650,23758.574219
60,0.737902,0.371631,24407.384766
61,0.583371,0.540492,24623.636719
0,0.765702,0.523103,316.139221
1,0.731597,0.436381,632.340149
2,0.726597,0.396654,831.851746
3,0.548677,0.424095,1530.649780
4,0.569872,0.405216,1846.810181
5,0.634565,0.496002,2462.420166
6,0.674742,0.509489,2628.791992
7,0.666155,0.506566,2712.018066
8,0.653313,0.501346,2928.284424
9,0.476732,0.504567,3610.416260
10,0.357947,0.452125,4109.520020
11,0.370809,0.422488,4941.450195
12,0.239491,0.457992,5274.104004
13,0.227082,0.455698,5407.256348
14,0.287057,0.492969,5640.124023
15,0.296897,0.495818,5889.786133
16,0.236956,0.448446,6239.072754
17,0.379526,0.452772,6871.332520
18,0.393796,0.434459,7037.706543
19,0.393291,0.424080,7254.036133
20,0.854673,0.437359,8917.767578
21,0.882478,0.392086,9084.093750
22,0.883726,0.376070,9250.512695
23,0.844659,0.488795,9716.339844
24,0.876161,0.422470,9965.976562
25,0.962327,0.343754,10348.635742
26,0.001188,0.413000,10697.995117
27,0.959114,0.362549,10897.644531
28,0.951845,0.368546,11163.837891
29,0.029244,0.449427,11479.915039
30,0.027981,0.470981,11579.862305
31,0.108478,0.397007,11912.562500
32,0.117710,0.413672,12228.695312
33,0.139955,0.400229,12461.581055
34,0.160999,0.379556,12727.797852
35,0.212346,0.380765,13210.228516
36,0.242494,0.354902,13393.296875
37,0.233320,0.384982,13626.166992
38,0.096118,0.508822,14241.838867
39,0.057020,0.526896,14507.950195
40,0.056432,0.509461,14657.739258
41,0.008194,0.547199,14824.104492
42,0.006222,0.536432,14907.294922
43,0.942981,0.538702,15173.465820
44,0.955461,0.515371,15339.906250
45,0.925725,0.504179,15539.490234
46,0.845724,0.490100,16271.584961
47,0.780377,0.505363,17469.457031
48,0.713953,0.495198,17902.037109
49,0.733396,0.410138,18218.154297
50,0.728359,0.398569,18417.783203
51,0.785299,0.455161,18684.001953
52,0.807323,0.458402,19399.404297
53,0.821264,0.463020,19748.822266
54,0.829707,0.474580,20297.847656
55,0.860633,0.465015,20514.171875
56,0.899431,0.405350,20830.246094
57,0.904862,0.405759,20930.078125
58,0.894802,0.405999,21229.564453
59,0.889797,0.406585,21462.492188
60,0.958517,0.456486,21712.054688
61,0.988060,0.491879,21878.417969
62,0.987525,0.424104,22078.068359
63,0.031101,0.472359,22377.535156
64,0.026459,0.474837,22543.908203
65,0.041472,0.479014,22926.580078
66,0.031555,0.473335,23142.865234
67,0.006844,0.485524,23392.431641
68,0.017025,0.509832,23658.646484
69,0.048164,0.530980,23908.212891
70,0.981144,0.655800,24141.140625
71,0.963785,0.667156,24307.513672
72,0.000719,0.740139,24656.886719
0,0.735801,0.520394,149.833298
1,0.730672,0.415228,515.792786
2,0.734625,0.350863,748.715332
3,0.785042,0.358574,964.979797
4,0.852127,0.447370,1181.275024
5,0.869873,0.452470,1380.938843
6,0.023011,0.467024,2628.766846
7,0.156577,0.432991,3710.208984
8,0.197035,0.397111,3876.561768
9,0.019293,0.436158,4575.338867
10,0.921028,0.467687,5257.558105
11,0.878164,0.479227,5523.801270
12,0.851388,0.440387,5723.324219
13,0.815703,0.431072,5972.937500
14,0.812608,0.431795,6106.011230
15,0.688475,0.309273,6771.508301
16,0.581520,0.262023,7337.193359
17,0.584498,0.587006,8318.886719
18,0.540548,0.397887,8568.361328
19,0.482545,0.457396,8951.070312
20,0.422063,0.436642,9200.607422
21,0.335190,0.464862,9666.452148
22,0.341510,0.413159,10232.161133
23,0.279420,0.485963,10498.453125
24,0.275306,0.479505,10897.648438
25,0.279875,0.475404,11197.128906
26,0.227899,0.405261,11579.807617
27,0.282750,0.458023,11862.606445
28,0.282590,0.472535,12395.034180
29,0.223760,0.394396,12761.051758
30,0.183880,0.432007,13127.108398
31,0.133330,0.445723,13426.558594
32,0.100521,0.432458,13676.108398
33,0.074351,0.430146,13892.441406
34,0.073564,0.439720,14141.996094
35,0.050711,0.456864,14291.701172
36,0.065343,0.453048,14391.594727
37,0.097772,0.402206,14973.849609
38,0.155959,0.386713,15373.162109
39,0.780635,0.436310,17735.761719
40,0.845371,0.439191,18184.902344
41,0.859535,0.432362,18384.558594
42,0.905498,0.348350,18634.160156
43,0.899250,0.340261,18817.228516
44,0.940249,0.403571,19050.046875
45,0.986762,0.411881,19366.175781
46,0.982297,0.420030,19515.916016
47,0.974420,0.332290,19832.035156
48,0.071876,0.458045,20464.355469
49,0.068356,0.446166,20763.804688
50,0.997202,0.465865,21029.957031
51,0.982421,0.387288,21329.404297
52,0.947011,0.369042,21628.988281
53,0.943281,0.266485,21795.277344
54,0.903673,0.152446,22211.218750
55,0.931456,0.085281,22444.140625
56,0.111056,0.135035,22843.453125
57,0.078592,0.385341,23159.566406
58,0.914821,0.475844,24357.474609
59,0.904660,0.428224,24590.441406
60,0.903060,0.444788,24690.195312
0,0.757815,0.467241,399.296021
1,0.744254,0.423470,565.712158
2,0.740903,0.401438,831.858337
3,0.843651,0.507050,1081.429688
4,0.862618,0.506208,1414.301880
5,0.865191,0.484508,2146.266357
6,0.977144,0.514576,2429.143066
7,0.999309,0.476581,2678.645996
8,0.903457,0.402560,3077.971191
9,0.892282,0.395552,3310.895264
10,0.054541,0.518264,3909.850830
11,0.050070,0.515623,4009.689697
12,0.124408,0.514669,4309.201660
13,0.162074,0.512917,4691.787598
14,0.121122,0.465774,5024.533691
15,0.206071,0.483249,5540.356445
16,0.271581,0.487733,5856.486816
17,0.317420,0.529396,6305.637695
18,0.313362,0.507639,6671.673340
19,0.372022,0.492156,7170.810547
20,0.404889,0.457409,7586.727051
21,0.199568,0.439975,7969.486816
22,0.159246,0.455406,8219.025391
23,0.163806,0.456421,8318.782227
24,0.163147,0.446167,8551.754883
25,0.082426,0.441677,9034.252930
26,0.086864,0.446175,9250.520508
27,0.110406,0.452322,9383.625977
28,0.957216,0.430176,9816.250000
29,0.964596,0.370991,10065.736328
30,0.972025,0.370832,10315.366211
31,0.969564,0.577362,10747.881836
32,0.970780,0.573915,10930.946289
33,0.978679,0.481312,11097.289062
34,0.914037,0.444846,11513.227539
35,0.888062,0.399934,11729.547852
36,0.711402,0.438615,12644.578125
37,0.729717,0.408019,12894.139648
38,0.557017,0.462671,13293.423828
39,0.565838,0.423128,13592.915039
40,0.649975,0.533974,14191.902344
41,0.660174,0.528067,14624.451172
42,0.568986,0.545463,14923.931641
43,0.567412,0.535891,15040.369141
44,0.548135,0.494337,15190.151367
45,0.484547,0.502131,15456.357422
46,0.570160,0.416571,15789.093750
47,0.579999,0.405135,15972.122070
48,0.656938,0.502100,16837.224609
49,0.655453,0.508577,17735.697266
50,0.604861,0.399510,18800.496094
51,0.637097,0.347585,19016.796875
52,0.632633,0.327690,19149.886719
53,0.758231,0.428217,19482.664062
54,0.751677,0.420145,19915.175781
55,0.748352,0.415427,20114.929688
56,0.738315,0.380625,20331.183594
57,0.869860,0.470177,20946.726562
58,0.905011,0.434481,21479.128906
59,0.896243,0.413393,21628.947266
60,0.894277,0.415735,22727.033203
61,0.886877,0.416942,23808.429688
0,0.755544,0.445361,366.026581
1,0.713002,0.411697,598.951538
2,0.699963,0.388743,931.703491
3,0.689813,0.339790,1247.862549
4,0.680523,0.325277,1414.205078
5,0.681824,0.330459,1613.894653
6,0.723744,0.382961,1813.486938
7,0.734155,0.471009,2196.261230
8,0.681069,0.502795,2545.654541
9,0.605662,0.547291,3044.738525
10,0.572224,0.555644,3310.902344
11,0.548830,0.494192,3527.211670
12,0.541089,0.460834,3693.554443
13,0.544534,0.449298,3943.118408
14,0.528270,0.371512,4325.812988
15,0.555217,0.441244,4908.080078
16,0.560937,0.485234,5806.597656
17,0.568388,0.471975,6122.642578
18,0.747378,0.389516,6655.043945
19,0.872392,0.461841,7303.989746
20,0.942838,0.435766,7570.126953
21,0.929616,0.450892,7753.180176
22,0.991592,0.499189,7919.531250
23,0.024949,0.526695,8501.825195
24,0.027808,0.483242,8684.867188
25,0.021450,0.482628,9267.178711
26,0.971495,0.355345,9882.762695
27,0.954456,0.364234,10032.463867
28,0.946678,0.330786,10332.082031
29,0.980402,0.372831,10648.065430
30,0.982459,0.415381,11163.900391
31,0.184869,0.470942,12112.198242
32,0.192504,0.464918,12278.576172
33,0.274246,0.488551,13010.586914
34,0.313651,0.539417,13310.100586
35,0.325508,0.540405,13476.451172
36,0.321806,0.537625,13626.196289
37,0.406422,0.541017,14142.046875
38,0.415650,0.504682,14324.997070
39,0.245097,0.395687,15356.528320
40,0.230266,0.389487,15522.909180
41,0.242123,0.409306,15872.272461
42,0.301173,0.493842,16088.583008
43,0.195465,0.440795,16388.048828
44,0.152791,0.439658,16787.351562
45,0.129083,0.445210,17103.531250
46,0.096737,0.444322,17502.738281
47,0.076228,0.447728,17868.775391
48,0.055621,0.475528,18118.421875
49,0.050313,0.479486,18467.734375
50,0.033273,0.483902,19016.798828
51,0.020629,0.481274,19366.166016
52,0.003331,0.488126,19732.179688
53,0.987095,0.488786,20098.248047
54,0.999905,0.506324,20597.376953
55,0.936234,0.489735,20880.212891
56,0.898516,0.485180,21346.023438
57,0.883868,0.510746,21678.814453
58,0.849986,0.529169,21978.304688
59,0.851256,0.524712,22078.091797
60,0.838095,0.523752,22277.759766
61,0.801086,0.522671,22543.941406
62,0.767198,0.529695,22926.599609
63,0.541237,0.525025,23941.591797
64,0.543261,0.495887,24290.990234
65,0.540702,0.497481,24740.111328
0,0.551951,0.383078,2345.913330
1,0.553445,0.364840,2512.307861
2,0.549974,0.418557,2878.335205
3,0.569939,0.399697,3127.880859
4,0.571733,0.421779,4109.458008
5,0.941618,0.457846,5174.407227
6,0.883167,0.423086,6022.785156
7,0.255510,0.442114,7503.641113
8,0.242551,0.467023,7769.808105
9,0.270397,0.508056,8085.849121
10,0.237284,0.458344,8917.781250
11,0.240608,0.443055,9034.214844
12,0.246112,0.419149,10132.354492
13,0.264192,0.425813,10415.159180
14,0.125549,0.913797,11313.563477
15,0.947047,0.951374,11496.568359
16,0.814531,0.963778,11779.381836
17,0.260185,0.963673,12128.828125
18,0.582086,0.961757,12328.438477
19,0.973043,0.303793,13409.900391
20,0.016460,0.470319,13975.621094
21,0.025201,0.497295,14158.672852
22,0.041092,0.489663,14458.044922
23,0.047155,0.479753,14807.446289
24,0.047340,0.495195,15106.942383
25,0.123493,0.476752,15672.676758
26,0.122690,0.462368,16338.090820
27,0.095501,0.458914,16704.183594
28,0.086263,0.456714,16870.492188
29,0.104502,0.467190,17269.837891
30,0.112086,0.463237,17486.181641
31,0.123424,0.377105,17802.250000
32,0.126134,0.177153,18101.724609
33,0.910997,0.486765,18750.539062
34,0.921849,0.431009,19066.748047
35,0.922537,0.422772,19166.554688
36,0.879561,0.399684,19349.537109
37,0.868521,0.394716,19532.542969
38,0.564301,0.411430,20946.738281
39,0.571411,0.397906,21229.541016
40,0.625982,0.455468,22543.955078
41,0.658349,0.510986,22926.583984
42,0.585678,0.634797,23292.644531
43,0.612692,0.642359,23525.544922
44,0.613516,0.606836,23825.064453
45,0.605250,0.308227,24107.949219
46,0.650302,0.283008,24241.009766
47,0.847363,0.480508,24956.378906
0,0.760714,0.590541,116.510941
1,0.755629,0.497291,366.111877
2,0.569663,0.420396,1297.845093
3,0.560298,0.470910,1929.984741
4,0.572268,0.411020,2395.902832
5,0.655218,0.505683,2711.985596
6,0.577235,0.415770,2994.818848
7,0.577791,0.411923,3094.670898
8,0.747915,0.434403,3510.675293
9,0.747797,0.407733,3726.961914
10,0.860518,0.469622,4192.749512
11,0.906014,0.431989,4625.280273
12,0.979633,0.496914,4991.359863
13,0.923434,0.431911,5207.673828
14,0.896104,0.404266,5374.009277
15,0.997052,0.471392,5789.929199
16,0.994328,0.479999,5939.696289
17,0.986206,0.379047,6289.111328
18,0.950350,0.480160,6588.552734
19,0.903860,0.404442,7437.035156
20,0.767534,0.445893,7769.853027
21,0.774464,0.455766,7902.928711
22,0.891468,0.408374,8318.820312
23,0.980645,0.434224,9416.912109
24,0.064148,0.457409,9699.741211
25,0.134962,0.456231,9899.401367
26,0.985692,0.460011,10232.163086
27,0.980610,0.460163,10448.447266
28,0.965161,0.476786,10681.389648
29,0.966282,0.409147,11014.181641
30,0.969567,0.413394,11363.495117
31,0.969216,0.364605,11629.724609
32,0.189733,0.452616,12378.395508
33,0.255650,0.450690,12994.026367
34,0.366223,0.431044,13293.487305
35,0.391997,0.384555,13576.291016
36,0.382493,0.391923,13742.701172
37,0.310808,0.512704,14158.609375
38,0.299756,0.531626,14275.071289
39,0.380594,0.399061,14524.644531
40,0.376227,0.452818,14824.125977
41,0.310765,0.562838,15240.064453
42,0.312451,0.517755,15456.392578
43,0.307791,0.478768,15739.206055
44,0.308280,0.491908,15905.563477
45,0.274699,0.492791,16138.511719
46,0.312687,0.482893,16338.165039
47,0.225562,0.499850,16970.382812
48,0.210560,0.496524,17103.478516
49,0.269403,0.831525,17985.294922
50,0.294016,0.863973,18218.197266
51,0.305045,0.889373,18484.429688
52,0.382523,0.921554,18950.246094
53,0.431027,0.902785,19199.833984
54,0.177086,0.913996,19532.558594
55,0.282041,0.907511,19848.673828
56,0.304769,0.881518,20015.083984
57,0.325044,0.888687,20564.087891
58,0.436042,0.882234,20797.009766
59,0.311872,0.891205,21512.470703
60,0.277540,0.902039,21911.769531
61,0.097435,0.487286,23092.998047
62,0.090218,0.484982,23226.121094
63,0.014852,0.498014,23425.763672
64,0.008140,0.502393,23658.699219
65,0.935090,0.474786,24024.701172
66,0.938355,0.474075,24241.003906
67,0.911106,0.446606,24557.121094
0,0.707978,0.566421,232.937729
1,0.717133,0.478257,582.406494
2,0.720958,0.450640,815.282166
3,0.818913,0.406261,1081.496338
4,0.776208,0.445969,1397.669678
5,0.899266,0.444235,1746.946167
6,0.892920,0.457245,1979.874878
7,0.988120,0.457294,2279.398926
8,0.974581,0.413390,2562.239746
9,0.044686,0.454979,2778.510986
10,0.127425,0.463141,3161.151123
11,0.007928,0.285450,3976.404297
12,0.990860,0.272513,4259.269531
13,0.982079,0.285707,4359.083984
14,0.781934,0.173924,6039.503418
15,0.729470,0.192351,6372.243652
16,0.710175,0.163788,6688.399902
17,0.733761,0.294649,7353.895996
18,0.553758,0.429436,9184.076172
19,0.500025,0.488161,9483.434570
20,0.460685,0.510007,9733.073242
21,0.558062,0.417032,10515.057617
22,0.722730,0.417902,11546.547852
23,0.800487,0.426795,11862.684570
24,0.831314,0.469691,12328.523438
25,0.309311,0.544613,13726.047852
26,0.344388,0.479412,14058.803711
27,0.366904,0.472491,14774.186523
28,0.369211,0.447760,14940.635742
29,0.279217,0.494891,15323.266602
30,0.135572,0.491763,16254.942383
31,0.233123,0.451683,16687.529297
32,0.232800,0.443927,16887.277344
33,0.108251,0.510694,17402.923828
34,0.075752,0.515600,17985.347656
35,0.080619,0.508057,18085.105469
36,0.086856,0.483321,18251.443359
37,0.090048,0.472483,18966.955078
38,0.093387,0.437809,19199.781250
39,0.021221,0.505657,19416.074219
40,0.952811,0.515405,20231.429688
41,0.947019,0.502327,20580.701172
42,0.942020,0.466413,20813.617188
43,0.936690,0.445466,21079.923828
44,0.938180,0.438171,21196.337891
45,0.945006,0.452173,21329.453125
46,0.938321,0.451304,21479.162109
47,0.935247,0.512934,21761.990234
48,0.953919,0.499673,22194.554688
49,0.869909,0.531973,22477.457031
50,0.866842,0.525739,22560.658203
51,0.896542,0.527803,23226.177734
52,0.887579,0.506818,23858.376953
53,0.968431,0.505568,24973.087891
0,0.743975,0.598114,16.622074
1,0.771868,0.558735,332.714478
2,0.812501,0.532512,515.740662
3,0.855240,0.540202,848.496216
4,0.740665,0.412400,1231.201172
5,0.738237,0.383318,1414.243530
6,0.731932,0.384728,1763.622803
7,0.615552,0.374289,2063.078369
8,0.566397,0.439190,2329.222168
9,0.564367,0.413931,2479.015869
10,0.560929,0.422479,2612.107666
11,0.587358,0.549222,3111.311523
12,0.560986,0.622964,3377.437744
13,0.554256,0.536378,3710.238281
14,0.544431,0.531385,3843.300537
15,0.570962,0.413107,4109.486816
16,0.565311,0.462691,5640.162109
17,0.604566,0.584825,5922.952637
18,0.739323,0.522109,6638.425781
19,0.751434,0.457322,6937.912109
20,0.752440,0.406073,7120.861816
21,0.805173,0.475457,7453.623047
22,0.862154,0.501530,7769.743164
23,0.930236,0.478930,8734.756836
24,0.933412,0.455642,8884.535156
25,0.902069,0.413746,9050.916016
26,0.904736,0.414025,9882.730469
27,0.896523,0.400644,10331.945312
28,0.992992,0.409079,10581.459961
29,0.988099,0.489446,10930.915039
30,0.984777,0.496425,11047.326172
31,0.024446,0.518782,11363.467773
32,0.117119,0.523834,11962.465820
33,0.127890,0.508521,12295.165039
34,0.169661,0.500950,12478.234375
35,0.181360,0.487554,12677.861328
36,0.160220,0.468600,13160.285156
37,0.099041,0.483185,13310.121094
38,0.056166,0.491018,13542.965820
39,0.022251,0.519855,13875.710938
40,0.039568,0.503399,14075.355469
41,0.210310,0.510892,14508.042969
42,0.252789,0.513384,14707.640625
43,0.264923,0.486342,14857.393555
44,0.264753,0.482383,14973.840820
45,0.263489,0.471158,15106.889648
46,0.311824,0.511149,15572.781250
47,0.364528,0.501748,15955.414062
48,0.383492,0.493697,16138.497070
49,0.386672,0.454209,16421.283203
50,0.385807,0.454344,16554.365234
51,0.368490,0.491349,16953.707031
52,0.367141,0.498625,17186.582031
53,0.364370,0.498939,17286.445312
54,0.380078,0.507444,17502.705078
55,0.388666,0.454266,17818.900391
56,0.379017,0.500842,18417.839844
57,0.295448,0.512283,19066.628906
58,0.247939,0.446688,19399.423828
59,0.166135,0.443602,20930.054688
60,0.089042,0.480668,21412.542969
61,0.082950,0.480976,21612.246094
62,0.905408,0.501322,22410.792969
63,0.883573,0.458801,22760.234375
64,0.877198,0.433366,22893.306641
65,0.024638,0.467597,23991.419922
66,0.023109,0.478047,24107.833984
67,0.972642,0.431309,24340.765625
0,0.789563,0.459611,332.778229
1,0.747829,0.413829,682.256714
2,0.743991,0.399567,898.425232
3,0.860718,0.460936,1447.460205
4,0.870421,0.478897,1597.229370
5,0.924881,0.412314,1896.779541
6,0.916788,0.412183,1979.888916
7,0.002870,0.386330,2728.567627
8,0.994179,0.421060,2911.565674
9,0.995229,0.366806,3427.363281
10,0.986927,0.354182,3693.547852
11,0.991961,0.338602,3843.362061
12,0.975102,0.334714,4409.058594
13,0.980145,0.403739,4808.289062
14,0.020352,0.489694,5191.014160
15,0.055351,0.491356,5507.146484
16,0.989561,0.455519,5706.768555
17,0.982477,0.789175,6289.032227
18,0.085640,0.942455,6588.501953
19,0.006736,0.973223,6987.782715
20,0.518082,0.968879,7237.392090
21,0.905579,0.970556,7603.477539
22,0.091773,0.889045,7936.203125
23,0.199049,0.428844,8851.208008
24,0.278171,0.460808,9283.780273
25,0.280385,0.449494,9533.458008
26,0.272685,0.448361,9716.426758
27,0.249027,0.401785,10248.751953
28,0.159735,0.429509,10714.627930
29,0.129282,0.447346,10997.541016
30,0.087057,0.483211,11280.367188
31,0.046319,0.492584,11679.646484
32,0.964657,0.399274,12145.485352
33,0.960828,0.337814,12461.588867
34,0.983148,0.325533,12794.317383
35,0.928052,0.243147,13077.166016
36,0.895557,0.209831,13343.423828
37,0.037263,0.081632,13825.846680
38,0.033380,0.083548,14025.521484
39,0.936501,0.069601,14374.931641
40,0.737370,0.459127,15106.958008
41,0.744164,0.454015,15273.323242
42,0.865455,0.457484,15622.753906
43,0.859145,0.457457,15705.931641
44,0.902568,0.393263,15888.906250
45,0.007499,0.391941,16920.533203
46,0.993849,0.420976,17619.205078
47,0.987676,0.429670,17768.996094
48,0.008202,0.480273,18018.544922
49,0.019295,0.516913,18234.820312
50,0.557865,0.418282,19732.205078
51,0.527690,0.471658,20081.642578
52,0.576402,0.464777,20430.966797
53,0.587057,0.422983,20747.140625
54,0.743936,0.441912,21296.132812
55,0.764936,0.434767,21445.876953
56,0.764155,0.391564,21762.078125
57,0.810817,0.460120,21994.933594
58,0.862604,0.495589,22294.380859
59,0.910152,0.428676,22643.812500
60,0.171342,0.308074,23658.695312
61,0.206733,0.457003,24091.285156
62,0.261390,0.505022,24457.298828
63,0.266170,0.508712,24623.679688
64,0.264333,0.489543,24756.738281
0,0.733130,0.497271,432.613739
1,0.644763,0.505292,765.294495
2,0.555543,0.489801,1181.262573
3,0.563670,0.431095,1414.234741
4,0.486645,0.483098,1697.015869
5,0.470607,0.487793,1913.321167
6,0.434332,0.524485,2612.103271
7,0.366784,0.497993,2878.270752
8,0.348579,0.452750,3111.198975
9,0.351064,0.446513,3394.066650
10,0.294648,0.503067,3726.763184
11,0.286284,0.503597,3859.919678
12,0.364938,0.403004,4159.447754
13,0.590524,0.425384,4991.239746
14,0.661086,0.479275,5174.355469
15,0.664629,0.476470,5257.430176
16,0.755386,0.448836,5673.440430
17,0.758751,0.430545,5806.515625
18,0.800754,0.437573,6006.172363
19,0.854739,0.469198,6205.787109
20,0.900955,0.326706,6771.447266
21,0.997440,0.389247,7021.050293
22,0.971058,0.508386,7503.518066
23,0.009663,0.495843,7902.840332
24,0.104861,0.475440,8218.918945
25,0.121142,0.457026,8368.648438
26,0.153135,0.463643,8568.349609
27,0.187858,0.460217,8867.846680
28,0.234183,0.510413,9267.128906
29,0.235461,0.502648,9516.658203
30,0.258237,0.481789,9649.782227
31,0.266108,0.467437,9832.776367
32,0.262459,0.467088,9965.863281
33,0.061297,0.498354,10581.493164
34,0.102478,0.496218,10814.373047
35,0.055721,0.486760,10980.819336
36,0.022568,0.477734,11213.715820
37,0.006875,0.483507,11380.110352
38,0.970195,0.463575,11546.496094
39,0.952091,0.380289,11746.205078
40,0.961329,0.345815,11945.793945
41,0.963556,0.360959,12128.766602
42,0.919643,0.464053,12444.863281
43,0.971878,0.543942,12727.742188
44,0.960639,0.515743,12960.698242
45,0.012879,0.542917,13310.012695
46,0.022875,0.516418,13559.637695
47,0.998853,0.516406,14241.787109
48,0.971125,0.524067,14491.395508
49,0.026874,0.523600,14790.776367
50,0.028106,0.493671,15056.964844
51,0.054248,0.486115,15705.931641
52,0.086238,0.514166,16155.055664
53,0.054641,0.491014,16437.929688
54,0.035662,0.483872,16637.562500
55,0.896807,0.490205,16970.318359
56,0.862774,0.428390,17369.664062
57,0.871795,0.419780,17619.199219
58,0.836875,0.507009,17885.412109
59,0.801833,0.517548,18135.009766
60,0.986997,0.814184,18966.855469
61,0.770491,0.985058,19482.560547
62,0.467226,0.923979,19815.328125
63,0.232754,0.988416,20480.925781
64,0.857210,0.871304,20979.984375
65,0.822429,0.885471,21196.246094
66,0.822002,0.892845,21412.611328
67,0.951324,0.718845,21828.476562
68,0.970824,0.684211,22011.521484
69,0.968601,0.506987,22460.722656
70,0.957665,0.469036,22643.728516
71,0.018720,0.485484,22860.033203
72,0.041764,0.483767,23209.417969
73,0.048253,0.484481,23392.439453
74,0.126591,0.474713,23725.232422
75,0.125105,0.466611,23874.929688
76,0.147194,0.465074,24107.873047
77,0.173760,0.460621,24390.658203
0,0.764385,0.626109,-0.001417
1,0.758515,0.541212,415.963226
2,0.759438,0.499401,549.061401
3,0.742532,0.494768,848.517334
4,0.740544,0.455157,1098.103882
5,0.786122,0.408463,1580.591675
6,0.737310,0.454186,2113.015381
7,0.740885,0.594829,2512.288086
8,0.733932,0.574419,2795.133789
9,0.809712,0.500505,3094.691650
10,0.855488,0.492833,3627.040283
11,0.861899,0.494821,3810.037598
12,0.864226,0.499266,4009.710938
13,0.905561,0.462535,4359.099121
14,0.003191,0.434950,4808.270020
15,0.998354,0.431033,4924.784668
16,0.991551,0.409560,5174.335449
17,0.986810,0.501268,5523.751953
18,0.015472,0.501835,5823.215820
19,0.987210,0.423587,6172.536133
20,0.014098,0.427635,6472.067383
21,0.114420,0.433551,6655.124023
22,0.116112,0.478273,6937.892578
23,0.114208,0.485149,7087.618652
24,0.157092,0.476911,7287.279785
25,0.187305,0.469723,7636.693848
26,0.256708,0.466049,8052.610352
27,0.308688,0.494710,8851.230469
28,0.331199,0.488812,9100.761719
29,0.389117,0.455224,9383.611328
30,0.503587,0.269520,10515.019531
31,0.486895,0.206925,10731.295898
32,0.385197,0.354019,11130.597656
33,0.367749,0.459473,11463.379883
34,0.360033,0.559220,11746.260742
35,0.357005,0.562607,11879.254883
36,0.289297,0.538893,12145.477539
37,0.295959,0.525250,12295.266602
38,0.298910,0.512155,13709.413086
39,0.302370,0.506425,13975.623047
40,0.308740,0.503898,14125.355469
41,0.268948,0.498511,14458.083984
42,0.254987,0.491356,14574.582031
43,0.206402,0.515225,14890.685547
44,0.143539,0.606683,15156.916992
45,0.090152,0.559429,15572.826172
46,0.065209,0.531369,15739.205078
47,0.065876,0.519150,15872.336914
48,0.042389,0.545307,16238.392578
49,0.005940,0.525127,16487.853516
50,0.965030,0.491221,16787.367188
51,0.962253,0.416867,16937.107422
52,0.891103,0.467961,17619.214844
53,0.846142,0.507394,17902.056641
54,0.838653,0.428366,18284.828125
55,0.840526,0.357620,18517.744141
56,0.846432,0.468572,18916.986328
57,0.892072,0.413301,19166.525391
58,0.895238,0.410544,19615.830078
59,0.888472,0.419329,19931.886719
60,0.836884,0.470176,20747.109375
61,0.868845,0.341114,21113.167969
62,0.904804,0.255474,21362.722656
63,0.955916,0.181035,21578.990234
64,0.904682,0.146881,21828.572266
65,0.905514,0.186681,22211.220703
66,0.978189,0.411228,22743.638672
67,0.982354,0.420701,22893.361328
68,0.972838,0.465087,23159.609375
69,0.972837,0.528682,23459.056641
70,0.957613,0.507859,24024.724609
71,0.951238,0.498748,24257.673828
0,0.757398,0.540087,399.277557
1,0.791026,0.416984,965.030701
2,0.793029,0.436684,1197.869507
3,0.839474,0.659792,1447.451050
4,0.982180,0.542296,2262.718750
5,0.996126,0.404740,2545.635010
6,0.042529,0.503526,3028.039062
7,0.038011,0.494294,3194.427002
8,0.090753,0.454632,3410.676025
9,0.132246,0.399029,3610.350098
10,0.170877,0.486393,3893.255859
11,0.161896,0.495630,4043.016846
12,0.191490,0.495533,4192.776367
13,0.186365,0.487813,4425.677734
14,0.271049,0.492875,4858.215820
15,0.263961,0.475287,5107.751953
16,0.318043,0.497851,5390.583496
17,0.400104,0.500545,5723.373535
18,0.394642,0.456077,5906.327148
19,0.279024,0.505356,6671.647461
20,0.279942,0.506135,6771.513672
21,0.285149,0.504215,6887.979004
22,0.225772,0.436749,7170.766113
23,0.236832,0.430499,7287.294434
24,0.386916,0.451004,7786.377441
25,0.389629,0.461132,7919.540527
26,0.390645,0.464897,8119.240234
27,0.361896,0.543121,8302.179688
28,0.367099,0.519909,8651.553711
29,0.390240,0.484241,8851.178711
30,0.178030,0.423069,9167.313477
31,0.160677,0.432633,9317.046875
32,0.158379,0.441856,9483.457031
33,0.126569,0.454925,10148.918945
34,0.101758,0.437292,10747.858398
35,0.050916,0.477402,11063.965820
36,0.111460,0.451075,11280.310547
37,0.956691,0.404157,11663.026367
38,0.953075,0.348993,11895.883789
39,0.034369,0.307589,12178.790039
40,0.053312,0.208706,12361.730469
41,0.100599,0.175911,12627.901367
42,0.211788,0.103515,13243.610352
43,0.067641,0.409240,13942.322266
44,0.048320,0.522243,14175.219727
45,0.995834,0.404315,14657.752930
46,0.052023,0.356384,14940.663086
47,0.040350,0.354976,15223.395508
48,0.902866,0.374793,15539.573242
49,0.904116,0.471021,15755.786133
50,0.885423,0.442841,15922.148438
51,0.872661,0.431709,16138.541992
52,0.880400,0.411929,16770.685547
53,0.918997,0.460105,20613.980469
54,0.921587,0.498697,20830.250000
55,0.838241,0.499877,21079.861328
56,0.830855,0.485490,21279.501953
57,0.796030,0.492183,21562.326172
58,0.750547,0.410606,21811.888672
59,0.716068,0.453729,22028.181641
60,0.719458,0.423118,22311.064453
61,0.710108,0.430104,22643.828125
62,0.895445,0.401305,23176.226562
63,0.838949,0.495540,23359.230469
64,0.843278,0.493253,23725.232422
65,0.804126,0.503395,24124.503906
66,0.803833,0.499552,24290.855469
0,0.746617,0.493021,16.713135
1,0.760559,0.416267,565.734863
2,0.864537,0.495658,1081.520752
3,0.819993,0.900409,1663.806152
4,0.172938,0.981673,2312.645264
5,0.245348,0.973472,2479.020264
6,0.196383,0.974494,2578.846924
7,0.657157,0.973858,2778.531250
8,0.086452,0.992876,2978.179443
9,0.758880,0.924942,3743.520020
10,0.813713,0.902160,3876.625244
11,0.065477,0.935890,4375.795898
12,0.980731,0.465328,5024.603516
13,0.988851,0.376470,5190.951172
14,0.985882,0.344672,5390.647461
15,0.040427,0.505031,5773.332520
16,0.035370,0.512095,5856.518555
17,0.037836,0.473794,6056.106934
18,0.038642,0.470971,6172.648438
19,0.986131,0.351289,6438.824219
20,0.898116,0.526290,6887.999023
21,0.902776,0.448089,7187.489746
22,0.904515,0.438216,7287.297852
23,0.832238,0.512787,7620.054688
24,0.834977,0.505597,7753.156738
25,0.781507,0.494292,7969.470215
26,0.718430,0.456032,8252.268555
27,0.718847,0.447155,8451.928711
28,0.720071,0.434780,8551.751953
29,0.585529,0.507884,9050.922852
30,0.562851,0.444419,9217.275391
31,0.647016,0.508621,9683.127930
32,0.508647,0.500045,10182.239258
33,0.517263,0.496119,10365.270508
34,0.570644,0.414690,10564.910156
35,0.497578,0.550115,10964.229492
36,0.496916,0.552096,11080.686523
37,0.481999,0.519168,11313.595703
38,0.479112,0.508633,11513.250000
39,0.366975,0.455903,11912.555664
40,0.293555,0.523798,12478.247070
41,0.249498,0.483146,12711.154297
42,0.387488,0.423062,13360.052734
43,0.284615,0.490981,14341.640625
44,0.242710,0.463464,14557.915039
45,0.171761,0.482045,15007.150391
46,0.120092,0.498188,15173.527344
47,0.113297,0.462463,15489.622070
48,0.113514,0.460011,15656.014648
49,0.114746,0.451720,15839.020508
50,0.117142,0.449495,16005.411133
51,0.114011,0.493779,16221.697266
52,0.114840,0.487991,16537.816406
53,0.117012,0.456092,16687.541016
54,0.119318,0.456015,16853.929688
55,0.242887,0.446061,17269.839844
56,0.265557,0.430359,17652.529297
57,0.263877,0.440127,17868.835938
58,0.262642,0.443304,18135.003906
59,0.262417,0.443429,18251.482422
60,0.261733,0.443977,18434.490234
61,0.176239,0.451841,18733.976562
62,0.260052,0.439814,19149.912109
63,0.258587,0.439797,20181.423828
64,0.396901,0.435872,20980.037109
65,0.368899,0.503594,21262.875000
66,0.593449,0.440608,21994.927734
67,0.591123,0.419733,22128.027344
68,0.587255,0.402761,22227.845703
69,0.579586,0.400346,22627.148438
70,0.553778,0.555023,22959.908203
71,0.571120,0.406923,23475.703125
72,0.579631,0.414204,23758.537109
0,0.926372,0.466473,1081.489136
1,0.053716,0.503254,2212.770996
2,0.121818,0.475212,2578.802246
3,0.996391,0.386148,3260.954102
4,0.257349,0.443170,3943.168457
5,0.317704,0.524861,4525.500488
6,0.353780,0.510884,4758.353516
7,0.391651,0.476350,5107.755371
8,0.385596,0.476832,5190.907715
9,0.177924,0.488736,5606.830566
10,0.178260,0.470005,5789.910645
11,0.134716,0.459363,6455.444824
12,0.106498,0.446210,6621.755859
13,0.108699,0.454542,6971.176758
14,0.072765,0.478166,7320.609863
15,0.063370,0.494104,7669.975098
16,0.056980,0.462052,7819.662109
17,0.034342,0.343479,8002.690430
18,0.998703,0.223737,8202.379883
19,0.264671,0.930136,9383.697266
20,0.809385,0.984488,9699.716797
21,0.567509,0.417002,11097.298828
22,0.563768,0.416281,11213.753906
23,0.566769,0.412763,11363.481445
24,0.566281,0.424248,11696.244141
25,0.498174,0.494452,12178.780273
26,0.567912,0.418788,12345.098633
27,0.485489,0.495749,12910.796875
28,0.412917,0.393328,13493.075195
29,0.382988,0.402083,13742.633789
30,0.378867,0.405075,13909.068359
31,0.346440,0.441934,14291.672852
32,0.299322,0.471294,14591.207031
33,0.391506,0.639405,14807.437500
34,0.380888,0.452450,15289.958008
35,0.380658,0.432080,15489.634766
36,0.379455,0.424906,16005.416016
37,0.290627,0.503366,16388.025391
38,0.742428,0.473277,18767.177734
39,0.762966,0.553956,19016.748047
40,0.825357,0.500951,19199.748047
41,0.781783,0.393029,19615.714844
42,0.747707,0.397251,19765.515625
43,0.919712,0.379231,20281.197266
44,0.899063,0.374348,20697.224609
45,0.890699,0.373977,20796.994141
46,0.874476,0.372867,20913.447266
47,0.751295,0.413399,21063.166016
48,0.747208,0.402778,21179.638672
49,0.993838,0.351594,21861.769531
50,0.963078,0.249067,22444.107422
51,0.966513,0.545216,22710.363281
52,0.947009,0.532685,23109.578125
53,0.839826,0.483332,23475.619141
54,0.886146,0.388823,23791.734375
55,0.902086,0.402455,24191.039062
56,0.909911,0.405812,24540.431641
0,0.785088,0.722065,615.582275
1,0.736214,0.416962,1297.706543
2,0.642009,0.461896,1780.202271
3,0.626903,0.482327,2063.027588
4,0.561849,0.475624,2978.092773
5,0.572019,0.485882,3793.322021
6,0.564208,0.465727,4026.272949
7,0.561667,0.564750,5357.262695
8,0.561702,0.445781,5823.095703
9,0.557853,0.420887,5989.472656
10,0.554551,0.407342,6255.715332
11,0.551315,0.395132,6488.604492
12,0.559820,0.455601,6821.349121
13,0.562332,0.457788,7170.775879
14,0.585251,0.517364,7470.272461
15,0.760743,0.534609,8501.744141
16,0.700897,0.477610,8718.085938
17,0.718902,0.465303,9017.551758
18,0.741474,0.408703,9766.218750
19,0.742714,0.436977,10148.882812
20,0.741413,0.509242,10448.340820
21,0.741526,0.524616,10648.002930
22,0.742997,0.436931,11246.968750
23,0.780521,0.407165,11479.898438
24,0.784381,0.392932,11646.314453
25,0.797224,0.427588,11812.695312
26,0.798160,0.429854,11912.471680
27,0.821584,0.475728,12195.297852
28,0.847681,0.476503,12561.355469
29,0.848155,0.482543,12794.250000
30,0.875028,0.484968,12993.905273
31,0.911666,0.495479,13493.024414
32,0.924436,0.501924,13825.800781
33,0.968954,0.502219,14774.173828
34,0.972655,0.446659,15056.964844
35,0.983511,0.422838,15373.093750
36,0.984224,0.382409,15755.744141
37,0.987687,0.465952,16254.900391
38,0.980106,0.475213,16504.441406
39,0.013949,0.479660,17020.193359
40,0.024136,0.471364,17885.380859
41,0.993319,0.373914,18251.425781
42,0.947670,0.360843,18517.621094
43,0.950821,0.354009,18950.166016
44,0.964689,0.360320,19066.644531
45,0.976783,0.342706,19249.644531
46,0.957415,0.391412,19515.857422
47,0.950756,0.404600,19615.695312
48,0.954509,0.419107,19765.431641
49,0.967674,0.398522,20048.242188
50,0.955901,0.444879,20281.160156
51,0.956084,0.451582,20464.193359
52,0.944128,0.373402,20979.974609
53,0.913906,0.336448,21146.330078
54,0.913732,0.321067,21329.347656
55,0.887920,0.327326,21578.884766
56,0.891020,0.403442,21811.855469
57,0.885823,0.417807,22261.068359
58,0.890061,0.415777,22826.740234
59,0.893490,0.410695,24956.335938
0,0.955673,0.549826,998.264587
1,0.974624,0.480044,1314.357788
2,0.102612,0.509991,1996.510010
3,0.541918,0.538670,3310.909424
4,0.347139,0.492672,4342.413574
5,0.351214,0.490619,4458.886719
6,0.282506,0.547703,4641.883301
7,0.277136,0.551787,4841.533691
8,0.278213,0.541452,5057.833008
9,0.222954,0.467298,5257.471680
10,0.230528,0.465678,5390.563477
11,0.370574,0.357840,6056.123047
12,0.349733,0.840993,6638.405273
13,0.069167,0.885636,7287.270996
14,0.428374,0.878724,8002.673340
15,0.472949,0.876916,8984.336914
16,0.505563,0.894275,9117.443359
17,0.988949,0.613670,9633.171875
18,0.879580,0.443286,10831.069336
19,0.870637,0.435609,11030.753906
20,0.747255,0.563977,11962.443359
21,0.735865,0.565377,12261.907227
22,0.741798,0.591579,12461.558594
23,0.844701,0.453996,12727.750000
24,0.109664,0.443083,13642.853516
25,0.140268,0.460894,13892.416992
26,0.132628,0.466607,14008.869141
27,0.063123,0.473570,14341.602539
28,0.034004,0.481155,14557.906250
29,0.950611,0.537187,14973.847656
30,0.551996,0.484811,16105.176758
31,0.557018,0.465831,16238.301758
32,0.551229,0.460458,16654.230469
33,0.506721,0.380682,17136.765625
34,0.488011,0.334102,17303.115234
35,0.488241,0.577491,17635.835938
36,0.539063,0.584022,17902.041016
37,0.544150,0.528426,18218.156250
38,0.599148,0.619722,18534.281250
39,0.601351,0.731310,18767.210938
40,0.567863,0.723046,19199.812500
41,0.667818,0.822565,19565.835938
42,0.738410,0.831010,19765.476562
43,0.772547,0.830898,19931.875000
44,0.785165,0.826276,20331.171875
45,0.742354,0.838182,20896.876953
46,0.505684,0.912364,21246.199219
47,0.745698,0.884108,21612.234375
48,0.756366,0.895449,21761.998047
49,0.803942,0.839158,21961.662109
50,0.802890,0.826014,22128.023438
51,0.671127,0.763290,22344.279297
52,0.659913,0.740647,22444.136719
53,0.613502,0.679753,22843.437500
54,0.634306,0.793686,23059.736328
55,0.664143,0.827506,23276.001953
56,0.636540,0.814486,23675.316406
57,0.597790,0.791480,23924.888672
58,0.598221,0.880436,24457.267578
59,0.592240,0.899091,24606.998047
0,0.752003,0.571048,49.894165
1,0.776847,0.503220,382.742920
2,0.762195,0.383560,682.185425
3,0.730511,0.359086,881.792908
4,0.728375,0.393233,1314.377319
5,0.576258,0.397141,1746.943115
6,0.568822,0.384078,1996.508301
7,0.574367,0.377621,2246.099854
8,0.555199,0.379459,2495.632812
9,0.522529,0.388702,2878.305908
10,0.576044,0.367372,3127.883789
11,0.099251,0.941982,4325.792480
12,0.188395,0.929824,4508.792480
13,0.223936,0.912179,4791.637695
14,0.244577,0.930022,4924.720215
15,0.976059,0.323559,5773.243652
16,0.969177,0.273057,6072.733398
17,0.971917,0.292877,6305.661133
18,0.808980,0.447834,7204.078125
19,0.837947,0.489986,7603.387207
20,0.735789,0.388765,7919.514648
21,0.770300,0.340210,8202.323242
22,0.881885,0.369611,8634.911133
23,0.921340,0.370647,9183.944336
24,0.065474,0.424009,9866.086914
25,0.108170,0.405289,10015.851562
26,0.126286,0.400793,10248.761719
27,0.184221,0.399595,10814.456055
28,0.249141,0.386670,11130.569336
29,0.259074,0.390860,11280.303711
30,0.311939,0.446660,11862.618164
31,0.315032,0.461240,11962.455078
32,0.334166,0.449025,12078.901367
33,0.372514,0.386229,12295.202148
34,0.375908,0.363931,12494.860352
35,0.358033,0.470349,12977.351562
36,0.369681,0.450944,13260.158203
37,0.295506,0.489576,13493.098633
38,0.243815,0.432967,13825.838867
39,0.302428,0.942004,14857.388672
40,0.246059,0.928329,14990.478516
41,0.392229,0.937762,15156.838867
42,0.332714,0.944102,15273.318359
43,0.257536,0.959082,15489.601562
44,0.941659,0.700599,15888.947266
45,0.888549,0.626720,16271.572266
46,0.860703,0.532266,16504.498047
47,0.846945,0.453877,16820.609375
48,0.831724,0.728354,17003.636719
49,0.805973,0.429015,17419.566406
50,0.786145,0.432461,17752.312500
51,0.790708,0.454183,18201.527344
52,0.821901,0.475645,18401.246094
53,0.854692,0.450425,18783.839844
54,0.891393,0.407637,19000.138672
55,0.894666,0.401834,19233.121094
56,0.931700,0.419455,19482.626953
57,0.927412,0.422300,19582.437500
58,0.993670,0.485534,20114.861328
59,0.023801,0.455060,20297.869141
60,0.019428,0.456997,20597.355469
61,0.040199,0.444055,20813.652344
62,0.014643,0.453896,21129.759766
63,0.987682,0.389874,21445.867188
64,0.975386,0.296549,22144.636719
65,0.978079,0.271945,22394.246094
66,0.006547,0.292538,22677.048828
67,0.955657,0.503250,22993.148438
68,0.006203,0.541723,23276.115234
69,0.008102,0.530466,23525.542969
70,0.020875,0.534184,23858.306641
71,0.038974,0.479115,24157.791016
0,0.731108,0.447698,399.425049
1,0.728160,0.377350,632.294556
2,0.724129,0.345736,1098.141846
3,0.578218,0.386780,1697.136108
4,0.577096,0.370228,1913.399414
5,0.990942,0.441684,3477.366455
6,0.101560,0.469342,4575.458008
7,0.115897,0.435140,4758.473145
8,0.127750,0.418216,4958.119141
9,0.240665,0.421259,7603.537598
10,0.996347,0.348928,8867.971680
11,0.249399,0.437107,9799.658203
12,0.377609,0.507810,10614.882812
13,0.373139,0.492405,10814.500977
14,0.361386,0.527244,11030.813477
15,0.088400,0.470967,12311.870117
16,0.059919,0.471676,12478.344727
17,0.101345,0.442753,12944.141602
18,0.098841,0.462963,13210.356445
19,0.168231,0.475515,13776.042969
20,0.219459,0.448324,13925.744141
21,0.288794,0.544233,14990.563477
22,0.242858,0.422839,15323.333984
23,0.245865,0.409810,15522.987305
24,0.390700,0.415288,16271.633789
25,0.380134,0.402272,16537.900391
26,0.574694,0.402462,17120.201172
27,0.578536,0.379806,17286.529297
28,0.746811,0.395050,18484.439453
29,0.817878,0.500366,19033.474609
30,0.858856,0.483552,19649.058594
31,0.911209,0.471663,20031.730469
32,0.920536,0.450489,20214.826172
33,0.972346,0.450690,20680.623047
34,0.963261,0.402911,20880.246094
35,0.732022,0.423569,21911.814453
36,0.753122,0.524786,22394.257812
37,0.723136,0.524326,22993.289062
38,0.727622,0.479679,23209.523438
39,0.765319,0.434474,23359.296875
40,0.760261,0.479209,23841.775391
41,0.750098,0.622809,24041.400391
42,0.751894,0.571819,24124.597656
0,0.721563,0.478629,632.191772
1,0.725402,0.459950,781.949524
2,0.722999,0.433657,898.462585
3,0.566098,0.477508,1414.179199
4,0.535595,0.494450,1697.016113
5,0.535702,0.497164,1913.355347
6,0.533692,0.480266,2179.583008
7,0.885101,0.327904,3493.879395
8,0.978055,0.419228,4176.105469
9,0.968093,0.484724,4525.488281
10,0.173716,0.482767,5290.686035
11,0.230752,0.462487,5556.900391
12,0.263826,0.458763,5706.705078
13,0.305364,0.462656,6105.962402
14,0.362566,0.460246,6422.093750
15,0.391894,0.467740,6655.009766
16,0.380297,0.444346,6954.528320
17,0.300382,0.516406,8218.900391
18,0.103629,0.483062,9067.479492
19,0.097869,0.480253,9250.485352
20,0.105171,0.458775,9516.649414
21,0.106687,0.463775,9799.508789
22,0.105232,0.452067,10049.068359
23,0.107927,0.520494,11097.250977
24,0.964809,0.467340,11895.869141
25,0.003651,0.502858,12345.034180
26,0.896481,0.505344,12661.154297
27,0.899003,0.499835,12794.273438
28,0.886463,0.484884,12927.362305
29,0.851933,0.504515,13160.275391
30,0.975145,0.487359,13393.208984
31,0.954235,0.485425,13692.708984
32,0.789300,0.512942,14424.764648
33,0.769041,0.484908,14657.668945
34,0.724893,0.425152,15156.794922
35,0.581491,0.448337,15888.841797
36,0.538359,0.461790,16188.321289
37,0.536723,0.476595,16321.427734
38,0.732125,0.410701,17785.541016
39,0.893167,0.248269,18817.078125
40,0.910267,0.248024,18983.435547
41,0.904674,0.206169,19183.095703
42,0.830858,0.112582,19682.230469
43,0.926474,0.162252,20214.623047
44,0.964340,0.171508,20447.544922
45,0.972450,0.392446,21296.085938
46,0.976101,0.471333,21811.855469
47,0.999021,0.508136,22194.494141
48,0.948685,0.503273,22444.062500
49,0.825085,0.530464,22959.833984
50,0.842569,0.511674,23109.554688
51,0.115940,0.500402,24290.832031
52,0.140980,0.483609,24540.384766
53,0.131428,0.478389,24673.500000
0,0.739588,0.510372,349.401947
1,0.734247,0.459300,632.264587
2,0.787521,0.496700,965.031006
3,0.606359,0.573086,1580.679077
4,0.584746,0.577676,1747.038940
5,0.547841,0.436745,1979.941040
6,0.545686,0.346430,2296.018799
7,0.528757,0.279317,2678.656006
8,0.565699,0.362492,2944.852295
9,0.746272,0.411062,3676.939209
10,0.743831,0.418044,3760.099365
11,0.745514,0.364449,3926.492432
12,0.739926,0.347650,4109.538086
13,0.739992,0.696307,4575.407227
14,0.720473,0.719012,4791.644043
15,0.719813,0.708064,4891.462891
16,0.822773,0.538623,5174.313965
17,0.861521,0.483867,5640.148438
18,0.718451,0.450556,6322.288086
19,0.551471,0.398606,7071.002441
20,0.562199,0.402600,7170.804688
21,0.553484,0.482902,7536.863281
22,0.562255,0.566646,7719.898926
23,0.559778,0.386510,8019.377930
24,0.513144,0.463413,9067.478516
25,0.505911,0.517340,9333.742188
26,0.360981,0.490078,9866.108398
27,0.352584,0.404728,10215.548828
28,0.307298,0.484501,10548.276367
29,0.234439,0.482813,11213.750000
30,0.232346,0.459964,11363.493164
31,0.241507,0.481275,11746.144531
32,0.342524,0.423109,12228.675781
33,0.368648,0.419839,12478.230469
34,0.128506,0.555715,13243.562500
35,0.092071,0.602315,13426.551758
36,0.092675,0.596094,13509.736328
37,0.084806,0.587637,13709.403320
38,0.453128,0.606763,14624.458008
39,0.532964,0.515040,14874.074219
40,0.578467,0.429263,15539.621094
41,0.022752,0.518431,17336.396484
42,0.967160,0.494604,17619.250000
43,0.950392,0.461816,17835.554688
44,0.943453,0.483083,18135.044922
45,0.989629,0.453184,18484.400391
46,0.928232,0.475515,18817.183594
47,0.898481,0.495312,19066.714844
48,0.826323,0.540513,19366.244141
49,0.907950,0.452468,19865.308594
50,0.013756,0.499459,20281.251953
51,0.964514,0.516037,20514.216797
52,0.950189,0.331797,20713.890625
53,0.944368,0.277247,20963.416016
54,0.949064,0.302012,21063.283203
55,0.921118,0.268606,21761.998047
56,0.926629,0.179413,22011.550781
57,0.921141,0.133833,22144.636719
58,0.913253,0.095005,22344.335938
59,0.014422,0.459057,22826.794922
60,0.993008,0.556406,22993.167969
61,0.968540,0.594222,23292.628906
62,0.968745,0.583207,23558.857422
63,0.940341,0.544079,23741.894531
64,0.938007,0.534236,23941.523438
65,0.961386,0.601628,24340.841797
66,0.968622,0.792839,24823.294922
67,0.971318,0.799927,24939.869141
0,0.837342,0.526478,133.091461
1,0.751176,0.495458,399.393951
2,0.725363,0.406284,648.846802
3,0.547417,0.433341,1247.839722
4,0.560582,0.422551,1447.565430
5,0.591391,0.501860,2029.854126
6,0.683021,0.492266,2295.968994
7,0.675881,0.501701,2512.291748
8,0.702424,0.481219,2661.996338
9,0.745272,0.392926,3094.606934
10,0.871270,0.468156,3760.065186
11,0.897662,0.417227,4142.748535
12,0.902482,0.408774,4475.616699
13,0.011364,0.378921,5290.740234
14,0.036327,0.393975,5490.380371
15,0.057642,0.475887,5823.130371
16,0.133734,0.481091,6172.518066
17,0.120094,0.483642,6322.248535
18,0.167242,0.477593,6605.174805
19,0.202689,0.471775,6838.035156
20,0.217280,0.473853,6921.281250
21,0.200239,0.432941,7603.392578
22,0.254672,0.443024,7969.369629
23,0.268500,0.453576,8135.861328
24,0.353163,0.475822,8751.395508
25,0.384015,0.455029,8967.727539
26,0.450905,0.456005,9483.412109
27,0.302102,0.504824,10015.869141
28,0.235149,0.464112,10265.375000
29,0.230167,0.448614,10415.137695
30,0.089150,0.461948,11097.373047
31,0.953215,0.533497,11762.764648
32,0.966719,0.659768,12028.961914
33,0.963291,0.758387,12444.940430
34,0.490518,0.959607,14191.863281
35,0.904211,0.168975,15439.671875
36,0.039582,0.483277,16471.246094
37,0.880901,0.392427,17336.419922
38,0.726940,0.475944,18168.277344
39,0.723441,0.432111,18317.976562
40,0.990581,0.486359,19000.189453
41,0.977246,0.366805,19416.113281
42,0.973016,0.343921,19615.773438
43,0.974150,0.348548,19865.306641
44,0.975901,0.354914,20530.781250
45,0.975107,0.346966,20713.845703
46,0.020368,0.463136,21246.257812
47,0.972780,0.369629,21495.832031
48,0.970135,0.360815,21612.271484
49,0.000341,0.469106,22127.990234
50,0.971193,0.365455,22344.271484
51,0.974091,0.337409,22810.105469
52,0.974729,0.350195,22943.216797
53,0.973653,0.345998,23092.992188
54,0.977102,0.340428,23275.974609
55,0.971967,0.347870,23758.521484
56,0.976807,0.345745,23858.343750
57,0.980270,0.364270,23974.773438
