Idx, longitude, latitude, start timestamp
0,0.735818,0.529151,266.265717
1,0.731385,0.596839,599.033936
2,0.741724,0.621239,915.121704
3,0.761891,0.602419,1231.095337
4,0.703275,0.580032,1513.953369
5,0.688919,0.578248,1663.822998
6,0.696128,0.578265,1830.122803
7,0.727522,0.569207,1963.244629
8,0.691311,0.582137,2379.230469
9,0.663811,0.633401,2645.339844
10,0.729690,0.650483,3111.209717
11,0.718751,0.712265,3460.623047
12,0.826095,0.691122,3943.035156
13,0.008177,0.517096,4824.930664
14,0.028113,0.478274,5024.547852
15,0.117398,0.414565,5457.131836
16,0.195423,0.351177,5889.643555
17,0.215823,0.328794,6039.387207
18,0.239570,0.271128,6388.774414
19,0.272974,0.276633,6671.611816
20,0.292082,0.314879,6921.273438
21,0.273160,0.473313,7353.810547
22,0.264985,0.468249,7503.468262
23,0.230480,0.463549,7936.093262
24,0.203303,0.456009,8202.355469
25,0.154367,0.454143,8501.722656
26,0.089537,0.459837,8734.794922
27,0.049997,0.438564,9017.608398
28,0.015727,0.440570,9200.619141
29,0.971546,0.476524,9483.306641
30,0.974877,0.482591,9683.065430
31,0.005959,0.581288,9965.799805
32,0.968894,0.606177,10431.708984
33,0.966965,0.759975,11030.684570
34,0.809702,0.914318,11579.681641
35,0.724200,0.938890,11712.823242
36,0.664865,0.941890,11929.183594
37,0.595163,0.943430,12195.267578
38,0.619468,0.948677,12311.761719
39,0.654736,0.892059,12511.385742
40,0.704919,0.666556,12794.309570
41,0.725176,0.616693,13010.554688
42,0.723718,0.591861,13260.135742
43,0.710736,0.560522,13393.282227
44,0.696423,0.567056,13726.036133
45,0.685109,0.559076,14008.765625
46,0.674962,0.541559,14191.846680
47,0.654913,0.528547,14408.113281
48,0.658285,0.529824,14507.881836
49,0.669554,0.522875,14641.084961
50,0.716704,0.517420,14874.052734
51,0.731208,0.501955,15123.459961
52,0.773299,0.556853,15472.822266
53,0.821824,0.560731,15672.449219
54,0.864430,0.572631,15872.193359
55,0.897813,0.553137,16171.810547
56,0.902023,0.540751,16354.755859
57,0.894652,0.540448,16587.642578
58,0.799513,0.594080,16820.441406
59,0.748290,0.603210,17103.333984
60,0.733105,0.589890,17419.445312
61,0.711930,0.572494,17702.320312
62,0.697935,0.569888,17951.912109
63,0.725238,0.634399,18318.009766
64,0.657732,0.617272,18817.041016
65,0.708081,0.577520,19565.751953
66,0.681021,0.568605,20148.025391
67,0.732721,0.648221,20430.894531
68,0.720343,0.702550,20946.615234
69,0.755830,0.721030,21262.732422
70,0.784878,0.666971,21562.250000
71,0.780504,0.635085,21728.611328
72,0.839023,0.657332,22311.011719
73,0.727083,0.579159,22560.476562
74,0.538506,0.520946,23558.724609
75,0.519262,0.507864,23791.699219
76,0.477102,0.485347,23958.123047
77,0.466485,0.478766,24124.453125
78,0.474657,0.484583,24357.390625
0,0.747010,0.560712,299.441284
1,0.724012,0.619801,465.928925
2,0.719126,0.650535,748.612976
3,0.716407,0.542014,1048.153320
4,0.631325,0.539724,1613.854248
5,0.572205,0.531941,1830.161011
6,0.240088,0.213334,3743.406006
7,0.216033,0.288359,3992.933105
8,0.719464,0.575875,5240.776855
9,0.696789,0.498942,7004.437500
10,0.702239,0.491631,7204.054199
11,0.767770,0.503557,8285.511719
12,0.810355,0.490194,8518.355469
13,0.800977,0.428524,9017.496094
14,0.790751,0.643594,9799.480469
15,0.240312,0.423914,12245.186523
16,0.983519,0.478114,14474.651367
17,0.023202,0.467365,15007.017578
18,0.017805,0.471375,15206.754883
19,0.728985,0.522721,16970.189453
20,0.468298,0.495518,19698.830078
21,0.436335,0.493931,20081.531250
22,0.648363,0.528584,20946.640625
23,0.689613,0.599424,21512.236328
24,0.708004,0.580698,21778.476562
25,0.736259,0.532816,22177.919922
26,0.733323,0.561946,22760.101562
27,0.740167,0.529172,23176.126953
28,0.737748,0.498638,23708.488281
29,0.694571,0.566029,24174.339844
30,0.698632,0.594161,24307.439453
31,0.670871,0.586482,24972.972656
0,0.735598,0.621005,382.610016
1,0.722259,0.645731,648.758484
2,0.721055,0.559666,965.023071
3,0.708626,0.544682,1231.125977
4,0.627113,0.548144,1530.608276
5,0.591605,0.553748,1747.077515
6,0.577088,0.578591,1929.952881
7,0.554379,0.587152,2146.263672
8,0.496715,0.576760,2478.961670
9,0.476534,0.542891,2645.324463
10,0.472426,0.528717,3011.398682
11,0.367422,0.511506,3743.507568
12,0.333239,0.501177,3893.214111
13,0.259622,0.432650,4408.931152
14,0.244908,0.395188,4708.459473
15,0.230564,0.378464,4874.857422
16,0.202939,0.341025,5091.048828
17,0.175589,0.335985,5457.034180
18,0.724438,0.509855,7037.781250
19,0.757078,0.508006,7187.425781
20,0.802899,0.506722,7520.136230
21,0.872826,0.523009,8169.021484
22,0.875932,0.545658,8385.325195
23,0.971628,0.565432,8834.574219
24,0.992217,0.527223,9050.909180
25,0.013440,0.478025,9250.541992
26,0.036419,0.478249,9649.735352
27,0.004265,0.599699,9849.342773
28,0.960538,0.615583,10182.220703
29,0.967255,0.607725,10431.846680
30,0.985852,0.532382,10681.358398
31,0.129040,0.466277,11363.497070
32,0.230432,0.430531,11879.277344
33,0.241439,0.372255,12128.879883
34,0.254002,0.329412,12295.238281
35,0.266567,0.313095,12561.342773
36,0.257089,0.262066,12844.236328
37,0.247898,0.234408,13077.110352
38,0.240380,0.232507,13343.314453
39,0.295257,0.413635,13875.698242
40,0.132263,0.471802,14374.843750
41,0.129831,0.454608,14674.309570
42,0.066126,0.467370,14923.981445
43,0.980404,0.501006,15389.836914
44,0.785670,0.527704,16288.235352
45,0.802082,0.507613,16770.666016
46,0.870986,0.525500,17036.896484
47,0.874167,0.539810,17170.046875
48,0.714998,0.610803,17719.054688
49,0.735305,0.636754,18035.167969
50,0.665946,0.644133,18301.421875
51,0.735025,0.645561,18900.265625
52,0.719288,0.714801,19183.160156
53,0.581603,0.571081,19449.376953
54,0.510784,0.512823,20031.599609
55,0.473054,0.510873,20214.648438
56,0.390993,0.510643,21046.509766
57,0.378038,0.504065,21246.322266
58,0.382221,0.497968,21346.000000
59,0.479937,0.501072,22011.492188
60,0.490544,0.500460,22211.212891
61,0.544401,0.513799,22410.814453
62,0.442165,0.492839,23009.796875
63,0.429921,0.494269,23192.806641
64,0.439156,0.494419,23425.667969
65,0.534706,0.511107,23841.683594
66,0.557938,0.512563,24008.066406
67,0.594339,0.512458,24240.917969
68,0.613206,0.514067,24457.341797
69,0.626440,0.508940,24723.496094
70,0.613611,0.508907,24956.433594
0,0.767100,0.424379,16.509752
1,0.747387,0.567586,332.670349
2,0.721641,0.617198,582.119080
3,0.697644,0.659662,848.383606
4,0.705763,0.657199,1247.737915
5,0.749239,0.622028,1447.440552
6,0.841291,0.656322,1680.274414
7,0.852711,0.661546,1796.719482
8,0.905022,0.581629,2162.786865
9,0.910031,0.560200,2345.709961
10,0.906303,0.553530,2628.633545
11,0.964909,0.623903,2861.528564
12,0.006782,0.589606,3161.069092
13,0.031101,0.478898,3626.821777
14,0.042115,0.483324,3893.104980
15,0.984500,0.517965,4142.632324
16,0.980315,0.522224,4458.682129
17,0.993076,0.612902,4708.438965
18,0.980681,0.529529,4991.193359
19,0.979608,0.508679,5323.977051
20,0.873524,0.544312,5689.919922
21,0.856665,0.544137,5922.788574
22,0.856957,0.540244,6089.164551
23,0.849919,0.568844,6305.528320
24,0.838313,0.574795,6721.433594
25,0.820359,0.601046,7470.185059
26,0.799850,0.512617,8185.546387
27,0.704231,0.658094,9084.004883
28,0.665239,0.635213,10115.504883
29,0.719418,0.637095,10365.108398
30,0.726785,0.636377,10564.733398
31,0.367889,0.502978,13542.808594
32,0.236397,0.288883,15056.949219
33,0.235917,0.241715,15472.825195
34,0.239180,0.229208,15722.406250
35,0.174926,0.309619,16038.551758
36,0.252714,0.263671,16687.384766
37,0.209285,0.489871,17236.376953
38,0.208444,0.544127,17702.275391
39,0.213717,0.542189,17918.568359
40,0.122231,0.480522,18451.031250
41,0.116658,0.457802,18700.509766
42,0.128639,0.405663,18983.351562
43,0.081453,0.369920,19382.621094
44,0.277218,0.329740,20147.970703
45,0.284733,0.274160,20647.111328
46,0.305760,0.356899,21595.453125
47,0.307245,0.347364,21828.445312
48,0.304960,0.288443,22078.013672
49,0.297852,0.234894,22327.564453
50,0.228022,0.412008,22726.857422
51,0.255116,0.448590,22943.046875
52,0.482073,0.498394,24640.199219
0,0.727380,0.606778,582.210144
1,0.796857,0.597287,931.618652
2,0.764049,0.556502,1181.174194
3,0.726714,0.535730,1397.374146
4,0.695327,0.523301,1663.648315
5,0.645051,0.568632,1846.625244
6,0.656536,0.608092,2096.247803
7,0.596481,0.554135,2578.748779
8,0.555347,0.530023,2795.003174
9,0.536177,0.508386,3111.093994
10,0.486386,0.519077,3427.253418
11,0.458942,0.529499,3626.779541
12,0.432467,0.522317,3876.468994
13,0.446237,0.541492,4259.041504
14,0.395321,0.516073,4492.042480
15,0.370063,0.526269,4791.403320
16,0.352374,0.525216,5107.484375
17,0.393510,0.483489,5440.291992
18,0.329381,0.503121,5656.666992
19,0.327677,0.498323,5906.112305
20,0.306962,0.482375,6139.117188
21,0.293153,0.432478,6505.123047
22,0.275408,0.389614,6688.102539
23,0.277372,0.258762,7203.841797
24,0.231046,0.232931,7403.583008
25,0.222307,0.363027,7752.959961
26,0.227395,0.284715,8052.421875
27,0.245119,0.424629,8401.790039
28,0.269800,0.357488,8884.275391
29,0.404624,0.468392,9483.151367
30,0.400852,0.477800,9632.910156
31,0.404182,0.485868,9766.006836
32,0.400381,0.489809,9882.463867
33,0.483284,0.497979,10281.716797
34,0.492197,0.495288,10481.460938
35,0.487147,0.491709,10747.557617
36,0.485005,0.491351,10880.689453
37,0.536844,0.527693,11196.837891
38,0.589439,0.525771,11629.454102
39,0.614800,0.569774,11812.404297
40,0.698315,0.587966,12228.279297
41,0.682235,0.627705,12444.638672
42,0.737451,0.628206,12677.516602
43,0.788538,0.620654,13642.508789
44,0.872642,0.591254,14258.129883
45,0.917648,0.537299,14507.572266
46,0.894653,0.499581,14873.689453
47,0.872277,0.527395,15256.298828
48,0.990205,0.496382,15638.916016
49,0.995792,0.473267,15955.109375
50,0.022222,0.442122,16437.613281
51,0.016000,0.377131,16620.582031
52,0.037939,0.388940,16903.429688
53,0.036092,0.399272,17219.525391
54,0.076224,0.392940,17801.875000
55,0.094095,0.371264,18151.289062
56,0.139876,0.348204,18433.953125
57,0.088956,0.453788,18816.728516
58,0.071706,0.489767,19032.933594
59,0.106244,0.647553,19681.789062
60,0.123063,0.644811,20031.169922
61,0.131941,0.681674,20330.640625
62,0.113611,0.775105,20613.511719
63,0.155731,0.659305,20996.138672
64,0.166616,0.626985,21278.988281
65,0.063480,0.807832,22027.716797
66,0.031317,0.768375,22360.460938
67,0.961643,0.755065,22526.824219
68,0.945696,0.549336,23009.306641
69,0.954700,0.520830,23175.677734
70,0.974903,0.594011,23608.167969
71,0.965936,0.595149,23857.806641
72,0.971111,0.581749,24074.023438
0,0.890384,0.682784,332.655457
1,0.719846,0.557624,815.200989
2,0.705054,0.519136,998.207397
3,0.618650,0.519842,1397.502197
4,0.623292,0.527420,1497.334595
5,0.578385,0.539038,1780.172485
6,0.530250,0.555468,2079.717285
7,0.470443,0.513114,2462.275146
8,0.468410,0.491451,2628.679932
9,0.518644,0.549846,3393.991699
10,0.538541,0.524674,3610.240234
11,0.545647,0.508260,3793.230225
12,0.571678,0.517469,4026.255371
13,0.626077,0.529144,4342.337891
14,0.652962,0.529508,4641.721680
15,0.658796,0.544214,4891.335938
16,0.686768,0.538168,5157.616699
17,0.772718,0.538487,5956.106445
18,0.746794,0.537590,7037.523926
19,0.854451,0.527111,7270.389648
20,0.878046,0.524661,7586.676270
21,0.887693,0.538659,7702.985840
22,0.885953,0.544779,7902.646484
23,0.941796,0.563554,8069.147461
24,0.942945,0.570861,8185.469238
25,0.938995,0.572939,8335.292969
26,0.001725,0.540542,8584.889648
27,0.033614,0.493268,8784.450195
28,0.058874,0.463177,9033.950195
29,0.085806,0.510211,9350.109375
30,0.137333,0.465952,9649.545898
31,0.178299,0.427347,9949.099609
32,0.206438,0.386311,10198.742188
33,0.214412,0.315806,10414.938477
34,0.232424,0.254685,10664.530273
35,0.233104,0.214515,10880.812500
36,0.265911,0.312373,11462.996094
37,0.279749,0.383004,11679.397461
38,0.339758,0.388402,11962.320312
39,0.352631,0.393622,12211.766602
40,0.216341,0.262082,12644.388672
41,0.201044,0.247217,12827.349609
42,0.193365,0.246932,13243.232422
43,0.212483,0.278049,13575.958984
44,0.216671,0.277414,13709.087891
45,0.216392,0.308920,13991.973633
46,0.159201,0.352372,14457.817383
47,0.233852,0.422112,14973.526367
48,0.076961,0.539727,16304.524414
49,0.826264,0.606281,17934.972656
50,0.691382,0.604981,18700.333984
51,0.693225,0.600503,19066.312500
52,0.676074,0.648348,19332.554688
53,0.651809,0.656275,19515.550781
54,0.597546,0.601167,19831.603516
55,0.551140,0.581981,20447.226562
56,0.622151,0.525185,20946.386719
57,0.549695,0.515912,21595.238281
58,0.537161,0.521487,21861.451172
59,0.531850,0.523360,22144.175781
60,0.563219,0.516437,22560.183594
61,0.616481,0.517900,22826.429688
62,0.875204,0.522155,24390.283203
63,0.895888,0.538325,24673.111328
64,0.881267,0.546109,24972.607422
0,0.764052,0.398760,16.686481
1,0.741788,0.457439,299.425781
2,0.742789,0.477589,465.855713
3,0.736402,0.599775,698.785522
4,0.730307,0.606690,881.770996
5,0.748139,0.432278,1181.237671
6,0.735010,0.390663,1380.861694
7,0.358204,0.495577,2928.206787
8,0.326640,0.482320,3127.832275
9,0.329655,0.477633,3294.172363
10,0.341517,0.468761,3394.180664
11,0.674898,0.436492,4425.589844
12,0.987330,0.615313,5490.326660
13,0.022128,0.512515,5789.807129
14,0.021813,0.576206,5972.826660
15,0.028057,0.554858,6172.545410
16,0.028248,0.542378,6322.318359
17,0.027514,0.523131,6472.082031
18,0.048635,0.427066,6738.168945
19,0.076520,0.403353,6954.553711
20,0.151828,0.343787,7370.483887
21,0.200053,0.318172,7603.452637
22,0.229905,0.277250,7802.989258
23,0.259285,0.422411,9100.725586
24,0.291243,0.614105,9300.417969
25,0.272068,0.748720,9599.865234
26,0.075487,0.750296,10631.390625
27,0.084287,0.600124,10781.112305
28,0.054009,0.293384,11296.817383
29,0.998804,0.373645,11612.998047
30,0.014268,0.379869,11862.597656
31,0.018010,0.365636,12028.929688
32,0.927162,0.409476,12561.301758
33,0.884641,0.419101,12744.298828
34,0.842448,0.448227,13160.329102
35,0.747113,0.440373,13975.527344
36,0.797419,0.627933,15090.337891
37,0.723967,0.589695,15672.589844
38,0.724223,0.536468,15972.000977
39,0.719249,0.451228,16288.122070
40,0.760337,0.401753,17003.669922
41,0.767653,0.384106,17186.644531
42,0.805414,0.544758,17502.787109
43,0.860062,0.513511,17901.992188
44,0.871450,0.476569,18035.095703
45,0.719499,0.510965,18451.017578
46,0.720599,0.498075,18634.169922
47,0.717697,0.434921,19000.091797
48,0.693978,0.457136,19266.386719
49,0.656861,0.458826,19649.005859
50,0.727380,0.577910,20264.597656
51,0.740536,0.519988,21595.566406
52,0.735700,0.512633,21878.476562
53,0.545211,0.404240,23092.966797
54,0.571007,0.376973,23275.943359
0,0.777599,0.471347,33.283569
1,0.762989,0.496463,332.792633
2,0.714169,0.570117,981.651794
3,0.697294,0.603900,1231.213257
4,0.659129,0.603841,1480.767578
5,0.656856,0.599309,1580.605713
6,0.594313,0.470845,2013.239258
7,0.636960,0.465549,2262.736816
8,0.717016,0.498570,2578.814453
9,0.753092,0.508178,2811.683838
10,0.733671,0.475150,3277.605713
11,0.886272,0.501572,3993.043701
12,0.245200,0.235383,5257.570312
13,0.284008,0.183048,5473.783203
14,0.246701,0.171342,5839.804688
15,0.246992,0.458598,6638.421875
16,0.247009,0.433162,6838.010742
17,0.301231,0.405526,7037.767090
18,0.360763,0.400218,7303.911133
19,0.352361,0.401559,7453.671387
20,0.238748,0.413158,7703.220703
21,0.463025,0.400568,11463.285156
22,0.740744,0.563617,13360.030273
23,0.730170,0.438801,14141.903320
24,0.370152,0.440039,16620.990234
0,0.764924,0.517265,99.957169
1,0.761366,0.594482,349.335205
2,0.714247,0.636251,549.147583
3,0.716831,0.649419,732.209045
4,0.797824,0.632296,1480.805908
5,0.844786,0.682611,1796.835693
6,0.694472,0.733643,2878.320068
7,0.662284,0.755224,3094.562012
8,0.689160,0.721088,3610.297607
9,0.671183,0.741454,3876.553223
10,0.579524,0.612553,4525.384766
11,0.545513,0.633228,4858.201172
12,0.674946,0.700740,5257.454102
13,0.661494,0.561925,5440.535645
14,0.654216,0.538901,5606.952637
15,0.645005,0.517178,5839.771484
16,0.825127,0.584514,6638.390137
17,0.873314,0.548658,6821.433105
18,0.874394,0.550265,6937.856445
19,0.911527,0.547284,7104.275391
20,0.879477,0.539621,7503.492676
21,0.871191,0.548591,7719.879395
22,0.996545,0.542805,8135.700195
23,0.010764,0.544541,8385.361328
24,0.986377,0.533239,8618.222656
25,0.999592,0.591068,8801.272461
26,0.004622,0.589712,9001.028320
27,0.085281,0.527443,9217.232422
28,0.126360,0.493529,9450.216797
29,0.085864,0.427066,9666.379883
30,0.201061,0.399597,10365.222656
31,0.216414,0.325847,10581.527344
32,0.250095,0.263537,10781.147461
33,0.240928,0.251819,10930.921875
34,0.392647,0.470327,12145.392578
35,0.379823,0.478916,12694.500000
36,0.207682,0.440027,13210.287109
37,0.098520,0.501884,13942.271484
38,0.140963,0.457311,14225.135742
39,0.135713,0.418064,14408.172852
40,0.139727,0.389584,14740.830078
41,0.245810,0.286086,15156.816406
42,0.245968,0.248377,15339.813477
43,0.241560,0.228698,15506.287109
44,0.234044,0.244954,15955.476562
45,0.253336,0.450751,16354.742188
46,0.480015,0.496327,17469.406250
47,0.478198,0.497429,17669.023438
48,0.387894,0.492159,18600.871094
49,0.325775,0.489083,18966.765625
50,0.215109,0.265333,19881.916016
51,0.214460,0.460990,20530.769531
52,0.200096,0.461294,20830.220703
53,0.204318,0.458712,21013.296875
54,0.065807,0.448655,22177.835938
55,0.005534,0.417305,22427.494141
56,0.005373,0.393200,22610.484375
57,0.119556,0.487806,23192.695312
58,0.129376,0.457358,23325.792969
59,0.979292,0.525735,24224.275391
60,0.972232,0.493157,24424.023438
61,0.843570,0.563095,24956.267578
0,0.781054,0.405228,16.746700
1,0.746507,0.592436,515.884644
2,0.729294,0.635120,682.255127
3,0.732492,0.641798,782.067810
4,0.729396,0.641303,948.440002
5,0.730576,0.653748,1098.160156
6,0.731438,0.644555,1364.345947
7,0.716648,0.591631,1896.773804
8,0.723917,0.590185,2063.142090
9,0.690330,0.544606,2412.521240
10,0.657572,0.583959,2662.089111
11,0.663007,0.636519,2878.392578
12,0.687702,0.638388,3876.634766
13,0.740273,0.618425,4076.316650
14,0.796897,0.613121,4359.128418
15,0.807339,0.623890,4841.654785
16,0.769461,0.693772,5174.382324
17,0.719825,0.721734,5374.045898
18,0.712731,0.734775,5490.523926
19,0.748009,0.711400,6039.532715
20,0.761708,0.705642,6155.981934
21,0.802799,0.682984,6438.830566
22,0.809518,0.667945,6571.911133
23,0.720625,0.687996,7004.524414
24,0.866398,0.666582,7803.108398
25,0.864849,0.616373,8934.454102
26,0.886609,0.611791,9150.755859
27,0.956196,0.563244,9400.359375
28,0.981328,0.558836,9699.797852
29,0.011862,0.543685,9999.261719
30,0.032518,0.556488,10132.354492
31,0.037183,0.572496,10332.007812
32,0.063451,0.520639,10564.938477
33,0.092737,0.505789,10831.141602
34,0.119456,0.506282,11047.452148
35,0.173891,0.493955,11579.848633
36,0.212681,0.452779,11929.223633
37,0.224172,0.414177,12078.981445
38,0.254834,0.325732,12561.453125
39,0.268040,0.341179,12711.199219
40,0.252696,0.395094,12960.770508
41,0.267134,0.243577,13243.595703
42,0.269078,0.221689,13559.737305
43,0.273203,0.213240,13709.468750
44,0.272127,0.244176,14125.380859
45,0.267102,0.256722,14208.576172
46,0.270559,0.283428,14391.617188
47,0.274689,0.281231,14674.439453
48,0.312339,0.362710,14940.720703
49,0.289183,0.338798,15240.144531
50,0.171973,0.330328,15473.017578
51,0.190984,0.304206,15822.417969
52,0.315944,0.324596,16404.734375
53,0.268565,0.467384,16720.888672
54,0.267142,0.475856,16820.664062
55,0.373946,0.510280,17086.888672
56,0.411417,0.522654,17319.812500
57,0.409429,0.518975,17486.199219
58,0.404820,0.542175,17835.611328
59,0.488997,0.536162,18068.503906
60,0.496689,0.522482,18218.236328
61,0.405181,0.536424,19116.679688
62,0.376108,0.538107,19432.763672
63,0.326186,0.485534,19632.419922
64,0.298346,0.454484,19848.765625
65,0.271903,0.454832,20048.384766
66,0.250217,0.462238,20281.289062
67,0.229627,0.459972,20497.580078
68,0.220523,0.451243,20747.179688
69,0.202350,0.443073,20930.191406
70,0.136863,0.443808,21296.197266
71,0.057641,0.403965,21745.421875
72,0.023949,0.403105,21961.693359
73,0.991728,0.426351,22261.173828
74,0.960082,0.508423,22460.828125
75,0.964193,0.521907,22643.837891
76,0.978978,0.512216,22843.500000
77,0.867181,0.540864,23592.187500
78,0.857286,0.564546,23758.548828
79,0.751336,0.519178,24257.695312
80,0.673349,0.469101,24773.466797
0,0.737853,0.613631,432.539246
1,0.719998,0.628648,615.448547
2,0.719221,0.655842,815.229675
3,0.724047,0.657800,1114.590576
4,0.728867,0.540201,1547.323242
5,0.714932,0.514168,1713.615967
6,0.709212,0.499971,1929.795044
7,0.758390,0.470555,2329.219482
8,0.730863,0.510890,2612.046387
9,0.719272,0.514250,2745.087891
10,0.706161,0.504992,2894.840088
11,0.714569,0.498159,3044.602295
12,0.729365,0.500289,3194.332275
13,0.662675,0.534247,3843.194580
14,0.667617,0.556558,4259.169434
15,0.714172,0.580629,4492.054688
16,0.718496,0.614488,4774.890137
17,0.731224,0.636405,4974.539551
18,0.741142,0.653404,5174.229980
19,0.748937,0.590869,5323.879883
20,0.732645,0.568203,5640.023438
21,0.811826,0.569209,6039.386719
22,0.777830,0.530661,6305.532227
23,0.871870,0.531981,6521.934082
24,0.926112,0.541850,6971.133789
25,0.954677,0.520177,7237.202148
26,0.009818,0.540709,7520.199707
27,0.074494,0.490624,8252.090820
28,0.709550,0.542051,9566.569336
29,0.612342,0.594631,10348.457031
30,0.429223,0.495940,11629.557617
31,0.376359,0.527779,11829.314453
32,0.376517,0.520773,11928.993164
33,0.323463,0.512039,12344.999023
34,0.231759,0.411328,13592.750977
35,0.246716,0.274414,13925.529297
36,0.245225,0.260781,14108.557617
37,0.248748,0.228801,14258.391602
38,0.245936,0.234983,14441.321289
39,0.172712,0.342061,14807.314453
40,0.180815,0.302264,15090.185547
41,0.247209,0.491231,15689.099609
42,0.210034,0.473683,15955.295898
43,0.260082,0.423250,16371.286133
44,0.232458,0.284662,17236.396484
45,0.250242,0.424361,17768.814453
46,0.207509,0.477345,18018.384766
47,0.231614,0.449314,18168.146484
48,0.252535,0.309749,18517.568359
49,0.329856,0.414992,19083.156250
50,0.395921,0.488485,19332.791016
51,0.388636,0.494611,19449.257812
52,0.404050,0.504677,19698.759766
53,0.405258,0.505124,19915.031250
54,0.399858,0.506953,20148.001953
55,0.507893,0.518631,20597.312500
56,0.715671,0.523204,21479.005859
57,0.730667,0.627919,21745.234375
58,0.823185,0.680312,22427.298828
59,0.921805,0.564800,22926.441406
60,0.000794,0.539768,23458.814453
61,0.030722,0.505070,23874.777344
62,0.052152,0.495169,24091.093750
63,0.098394,0.502086,24806.523438
0,0.715590,0.437099,16.644131
1,0.728049,0.529266,316.164032
2,0.729992,0.626140,499.174103
3,0.734706,0.687669,748.674500
4,0.726270,0.678582,915.099731
5,0.715312,0.540550,1247.808105
6,0.709073,0.468349,1397.615356
7,0.702471,0.437232,1630.479614
8,0.702141,0.434574,1846.834961
9,0.802704,0.473751,2196.185303
10,0.806818,0.465367,2345.881348
11,0.807374,0.452644,2578.809326
12,0.883852,0.490069,3144.526123
13,0.889371,0.507057,3294.350098
14,0.957196,0.452927,3543.801514
15,0.815028,0.517641,4059.580322
16,0.852833,0.546404,4342.429688
17,0.868805,0.499667,4641.916504
18,0.859131,0.460648,5007.892578
19,0.711154,0.508625,5357.342285
20,0.667237,0.521219,5690.029297
21,0.654427,0.521668,5906.374023
22,0.556948,0.497054,6122.622070
23,0.555493,0.461014,6338.913086
24,0.493833,0.454614,6721.618164
25,0.475288,0.469358,7054.355469
26,0.439133,0.452422,7303.901855
27,0.376416,0.472589,7686.581055
28,0.342634,0.467893,8169.055176
29,0.318775,0.438715,8401.978516
30,0.287763,0.385003,8751.365234
31,0.255998,0.354901,9000.952148
32,0.231914,0.283959,9350.352539
33,0.203840,0.256384,9616.552734
34,0.180014,0.229624,9832.871094
35,0.205345,0.371387,10232.105469
36,0.215944,0.443576,10481.688477
37,0.221908,0.474477,10697.963867
38,0.146044,0.444941,11097.272461
39,0.164875,0.494982,11513.205078
40,0.219408,0.457766,11945.804688
41,0.227173,0.341123,12178.810547
42,0.228102,0.285518,12345.104492
43,0.248248,0.236402,12511.453125
44,0.242376,0.327534,13010.629883
45,0.239242,0.405551,13193.603516
46,0.236851,0.445450,13443.174805
47,0.216723,0.454373,13659.448242
48,0.283366,0.469619,13975.580078
49,0.301889,0.463575,14208.494141
50,0.386955,0.486394,15007.121094
51,0.404876,0.473856,15206.760742
52,0.402063,0.453757,15306.593750
53,0.448017,0.493297,15888.916016
54,0.480616,0.508147,16071.935547
55,0.494924,0.572579,16321.478516
56,0.487406,0.467259,16637.566406
57,0.520913,0.544107,17103.429688
58,0.598498,0.601945,17369.664062
59,0.636862,0.632840,17685.748047
60,0.678885,0.663165,17968.585938
61,0.699800,0.634062,18218.162109
62,0.709859,0.593239,18650.791016
63,0.718881,0.583123,18800.470703
64,0.715506,0.571028,18966.865234
65,0.751041,0.567636,19199.802734
66,0.720041,0.548458,19682.296875
67,0.708155,0.549188,19915.203125
68,0.690186,0.564704,20414.312500
69,0.667836,0.579609,20647.275391
70,0.707572,0.533054,21346.029297
71,0.843181,0.441567,22144.640625
72,0.819901,0.435355,22311.011719
73,0.794748,0.472406,22577.230469
74,0.788162,0.457958,23142.876953
75,0.742520,0.493733,23525.556641
76,0.796601,0.466749,23991.412109
77,0.793042,0.463975,24623.677734
0,0.725657,0.582184,399.263336
1,0.725075,0.603010,549.049255
2,0.718205,0.650546,698.768311
3,0.711907,0.644911,1064.805420
4,0.705527,0.640158,1264.452271
5,0.664312,0.629080,1497.331421
6,0.660687,0.623654,1613.932739
7,0.676798,0.544261,1863.419067
8,0.655694,0.509298,2079.746582
9,0.657571,0.510926,2179.514893
10,0.634275,0.519536,2345.873047
11,0.623120,0.550420,2612.094238
12,0.576870,0.565266,2811.736816
13,0.540928,0.565988,3077.961914
14,0.492894,0.524442,3294.221191
15,0.541628,0.505988,3893.178223
16,0.556595,0.500660,4109.439453
17,0.584957,0.525501,4442.232422
18,0.631765,0.535570,4808.207031
19,0.643788,0.544253,4957.984375
20,0.665693,0.556891,5224.262695
21,0.729194,0.541704,5557.000977
22,0.728278,0.539462,5673.362793
23,0.747683,0.530758,5906.365723
24,0.768980,0.523723,6155.871582
25,0.898406,0.536060,6821.358887
26,0.910253,0.537061,7004.458008
27,0.944802,0.536852,7287.231934
28,0.966735,0.536601,7437.057129
29,0.967517,0.543093,7536.875488
30,0.014729,0.427257,7719.884277
31,0.007718,0.438538,8069.272461
32,0.020989,0.444572,8385.340820
33,0.037661,0.418587,8668.227539
34,0.090057,0.395238,8867.930664
35,0.091431,0.410097,8984.328125
36,0.182513,0.337546,9433.493164
37,0.191281,0.334826,9616.500000
38,0.205301,0.291545,9849.443359
39,0.218612,0.319143,10298.632812
40,0.221515,0.274405,10548.210938
41,0.228943,0.252296,10764.475586
42,0.244984,0.329659,11696.185547
43,0.247079,0.418629,11895.843750
44,0.255553,0.465556,12062.234375
45,0.388916,0.495182,12677.797852
46,0.396420,0.474529,12894.118164
47,0.403127,0.493101,13160.307617
48,0.399945,0.492679,13592.894531
49,0.474552,0.471716,14141.916992
50,0.469021,0.474219,14341.585938
51,0.439645,0.485173,14557.846680
52,0.420703,0.506071,14940.518555
53,0.379255,0.508546,15090.259766
54,0.112194,0.491814,15789.020508
55,0.072952,0.483511,15955.400391
56,0.040384,0.443539,16171.708008
57,0.993944,0.469060,16521.083984
58,0.973052,0.502324,16687.460938
59,0.981085,0.519614,16937.019531
60,0.999699,0.584867,17186.611328
61,0.981689,0.517957,17402.898438
62,0.963146,0.611773,17619.195312
63,0.773158,0.612860,18284.681641
64,0.769350,0.638570,18451.058594
65,0.700137,0.592020,19582.416016
66,0.721001,0.551433,20231.263672
67,0.717278,0.553896,20397.634766
68,0.696604,0.533480,20564.011719
69,0.671659,0.532677,20830.234375
70,0.656488,0.638675,21029.886719
71,0.587583,0.613778,21412.560547
72,0.667670,0.546454,21961.601562
73,0.472560,0.522067,22494.023438
74,0.463803,0.437493,22776.828125
75,0.463898,0.392105,23026.375000
76,0.477034,0.514476,23226.027344
77,0.378727,0.507523,23891.542969
78,0.293239,0.437097,24290.849609
79,0.279262,0.396735,24523.757812
80,0.257055,0.330187,24740.068359
0,0.762652,0.703962,465.916412
1,0.721005,0.744550,682.183472
2,0.721807,0.721353,1014.890076
3,0.711863,0.783017,1430.925781
4,0.712893,0.850122,1846.897705
5,0.729091,0.694689,2761.874268
6,0.952339,0.543789,3577.082275
7,0.998315,0.529730,3843.327637
8,0.832897,0.508977,4226.060547
9,0.807477,0.504359,4409.037109
10,0.741711,0.495409,4908.087402
11,0.713319,0.499353,5224.283203
12,0.686509,0.512025,5490.455566
13,0.678975,0.521581,5823.207031
14,0.598518,0.528047,6305.663574
15,0.562332,0.516994,6588.540527
16,0.273655,0.405855,8185.797852
17,0.242347,0.413470,8402.024414
18,0.370540,0.436040,8751.444336
19,0.380305,0.392576,9034.303711
20,0.682434,0.513775,12128.845703
21,0.731413,0.557861,12395.043945
22,0.658251,0.600176,12661.251953
23,0.769857,0.531786,12944.049805
24,0.790407,0.486531,13260.216797
25,0.566578,0.526087,13909.015625
26,0.544916,0.506102,14225.143555
27,0.498978,0.543360,14424.821289
28,0.501855,0.602834,14757.554688
29,0.481777,0.498678,14957.266602
30,0.473547,0.478625,15290.010742
31,0.466548,0.462484,15922.168945
32,0.370746,0.508353,16155.183594
33,0.359773,0.482256,16554.425781
34,0.471710,0.496267,16920.478516
35,0.459269,0.446994,17469.519531
36,0.668094,0.580072,17885.462891
37,0.657111,0.580975,18168.228516
38,0.724040,0.573161,18550.982422
39,0.724334,0.494779,18950.173828
40,0.690288,0.498433,19216.451172
41,0.751495,0.652385,19632.292969
42,0.749265,0.679940,20031.728516
43,0.673699,0.664577,20464.302734
44,0.765694,0.794331,20880.218750
45,0.707328,0.631773,21395.912109
46,0.670604,0.476068,21678.812500
47,0.597349,0.492735,22144.689453
48,0.614539,0.525455,22477.355469
49,0.582309,0.642800,22793.480469
50,0.551174,0.495165,23658.591797
51,0.569066,0.479017,24157.800781
52,0.623481,0.577707,24939.744141
0,0.473441,0.504848,2246.157471
1,0.474101,0.455212,2745.275391
2,0.496738,0.485768,3044.595703
3,0.649686,0.559651,3743.458740
4,0.003674,0.528561,6738.145508
5,0.135482,0.467300,7736.412109
6,0.244696,0.281420,9416.897461
7,0.227052,0.269185,9682.979492
8,0.245392,0.463416,10182.225586
9,0.242186,0.544279,10664.737305
10,0.005858,0.478518,11646.307617
11,0.685935,0.594046,13160.294922
12,0.456665,0.540333,14374.784180
13,0.462748,0.533060,14574.494141
14,0.356073,0.494235,15589.360352
15,0.431497,0.498976,16038.626953
16,0.495651,0.508677,16570.988281
17,0.502266,0.528654,16770.585938
18,0.618334,0.583934,17519.355469
19,0.724752,0.575914,18484.316406
20,0.735352,0.617894,18783.853516
21,0.711831,0.640860,19016.689453
22,0.708216,0.584336,19465.970703
23,0.708456,0.572512,19698.849609
0,0.731292,0.597976,332.788025
1,0.724193,0.627463,731.984436
2,0.724672,0.509728,1014.858093
3,0.684590,0.498117,1430.694824
4,0.648620,0.591699,1696.941162
5,0.653535,0.624675,1846.805054
6,0.588161,0.618779,2196.062256
7,0.552978,0.616829,2379.052734
8,0.507316,0.597894,2628.675293
9,0.437970,0.487750,3094.598389
10,0.425052,0.512801,3460.547363
11,0.381805,0.516007,3643.545410
12,0.361970,0.520580,3843.152832
13,0.298357,0.468885,4259.185547
14,0.274228,0.448012,4492.042969
15,0.249729,0.410801,4741.705566
16,0.231723,0.328680,4991.129395
17,0.222918,0.267438,5473.658691
18,0.164925,0.448554,5989.502930
19,0.133070,0.441500,6488.651855
20,0.392431,0.498423,8152.323730
21,0.487094,0.504734,9666.304688
22,0.485800,0.511723,9915.964844
23,0.558247,0.584690,10165.416016
24,0.715088,0.584083,11396.731445
25,0.721689,0.560894,11596.294922
26,0.672992,0.584427,11862.525391
27,0.624745,0.549518,12145.375977
28,0.133634,0.526834,14574.455078
29,0.157419,0.528982,14807.386719
30,0.878733,0.501940,16837.193359
31,0.843196,0.488310,17070.093750
32,0.796496,0.504202,18068.324219
33,0.798372,0.507422,18317.910156
34,0.792233,0.439546,18567.447266
35,0.793552,0.437524,18883.531250
36,0.809561,0.500949,19066.556641
37,0.713468,0.523374,19632.257812
38,0.542372,0.559667,20663.734375
39,0.542438,0.499063,21046.496094
40,0.591944,0.606758,21628.716797
41,0.632387,0.594072,22277.611328
42,0.668263,0.640182,22643.626953
43,0.703077,0.603229,23275.804688
44,0.705916,0.601707,23591.919922
45,0.698891,0.558953,23874.792969
46,0.696959,0.550747,23991.341797
0,0.759176,0.577483,33.313408
1,0.832073,0.602018,465.924133
2,0.891042,0.561386,848.491272
3,0.917817,0.535188,1048.167725
4,0.938242,0.551902,1314.353149
5,0.939184,0.579694,1430.850952
6,0.915634,0.539614,1813.515747
7,0.912685,0.531652,1929.963745
8,0.862980,0.545864,2179.587158
9,0.682983,0.582962,2678.726318
10,0.699181,0.599551,2878.290039
11,0.706602,0.642484,3028.045166
12,0.721576,0.612620,3394.111328
13,0.741312,0.612615,3593.748779
14,0.728527,0.527725,3893.249023
15,0.617427,0.591473,4325.783203
16,0.654026,0.641283,4658.538086
17,0.661455,0.653140,4741.698730
18,0.538554,0.668652,5307.375488
19,0.535067,0.593088,6172.575684
20,0.446140,0.564398,6422.100098
21,0.456988,0.495560,6821.469727
22,0.466326,0.479185,7021.093262
23,0.438547,0.515598,7403.763672
24,0.361231,0.504081,7669.998047
25,0.376290,0.482771,8185.676758
26,0.289438,0.449788,8634.916992
27,0.258521,0.438538,8967.639648
28,0.180807,0.256502,9733.022461
29,0.155561,0.335144,9965.940430
30,0.186240,0.316289,10248.744141
31,0.215330,0.469253,10431.831055
32,0.249240,0.474366,10614.809570
33,0.253378,0.520267,11147.206055
34,0.091610,0.445500,11929.153320
35,0.293888,0.271954,12727.748047
36,0.243381,0.210205,12927.426758
37,0.244980,0.217052,13110.462891
38,0.234824,0.221007,13260.195312
39,0.311393,0.319582,13759.369141
40,0.409926,0.510754,14258.434570
41,0.697322,0.549638,15506.259766
42,0.747973,0.620758,16088.584961
43,0.756325,0.649825,16254.912109
44,0.087205,0.436456,17585.980469
45,0.113051,0.501117,17852.164062
46,0.104708,0.505793,17968.580078
47,0.971938,0.568328,18317.986328
48,0.993422,0.574759,18484.406250
49,0.010308,0.644971,19399.460938
50,0.056709,0.732896,19815.437500
51,0.949257,0.623980,20381.068359
52,0.021878,0.436987,21179.679688
53,0.875911,0.506109,21495.792969
54,0.856587,0.530441,21861.794922
55,0.834998,0.555541,22061.460938
56,0.844965,0.546145,22410.923828
57,0.728033,0.553759,22727.005859
58,0.692627,0.563229,23093.001953
59,0.710986,0.600584,23259.464844
60,0.724715,0.657641,23508.947266
61,0.690545,0.722792,23908.208984
62,0.711406,0.729900,24074.587891
63,0.703892,0.749074,24290.984375
64,0.666178,0.800180,24590.388672
65,0.625718,0.834592,24956.390625
0,0.735198,0.521898,282.859009
1,0.742851,0.554221,432.701782
2,0.731219,0.602763,582.469788
3,0.707623,0.604447,1014.930115
4,0.704606,0.629219,1231.219482
5,0.715795,0.641732,1380.948242
6,0.695418,0.654024,1663.818237
7,0.710630,0.529904,1863.476196
8,0.677459,0.535499,2279.471924
9,0.701370,0.582614,2562.268311
10,0.726416,0.579835,2928.285889
11,0.715831,0.534813,3211.066895
12,0.696820,0.534302,3543.865479
13,0.669074,0.591520,3893.318848
14,0.652534,0.621290,4092.868408
15,0.641767,0.578759,4492.166016
16,0.636073,0.552500,4708.562988
17,0.621676,0.536501,4924.775879
18,0.590471,0.561519,5224.218750
19,0.576150,0.587008,5523.737793
20,0.566220,0.543525,5823.222168
21,0.563877,0.520475,6139.331543
22,0.594417,0.514772,6522.062988
23,0.561309,0.554878,6788.225586
24,0.588083,0.592404,6987.869141
25,0.639463,0.607798,7287.284668
26,0.677525,0.608285,7453.798828
27,0.727563,0.549037,7670.014160
28,0.752964,0.550378,7952.786621
29,0.774900,0.531291,8185.761719
30,0.755927,0.515539,8501.917969
31,0.729398,0.574481,8917.825195
32,0.772871,0.531202,9200.682617
33,0.763637,0.568187,9583.345703
34,0.747318,0.597163,9733.073242
35,0.776698,0.609938,9932.723633
36,0.830157,0.542767,10115.687500
37,0.835991,0.523055,10315.347656
38,0.852849,0.518339,10498.334961
39,0.880249,0.523820,10698.043945
40,0.879263,0.526907,10881.095703
41,0.875072,0.531158,11163.883789
42,0.910671,0.543347,11446.686523
43,0.974125,0.556345,11879.334961
44,0.005532,0.514953,12062.320312
45,0.025891,0.472556,12245.284180
46,0.055342,0.465788,12444.960938
47,0.070102,0.509139,12794.329102
48,0.110415,0.513106,13077.215820
49,0.167517,0.474908,13326.739258
50,0.196324,0.449565,13609.575195
51,0.229210,0.443782,13792.592773
52,0.228283,0.440173,13959.026367
53,0.242748,0.437804,14125.372070
54,0.257984,0.395363,14391.570312
55,0.273042,0.334608,14591.205078
56,0.199910,0.308557,15123.601562
57,0.192087,0.304948,15256.706055
58,0.282033,0.332828,15506.379883
59,0.298583,0.400569,15722.645508
60,0.334929,0.467509,15922.202148
61,0.367398,0.501122,16255.027344
62,0.399080,0.508690,16438.017578
63,0.470416,0.525238,17170.017578
64,0.492322,0.505287,17353.070312
65,0.517275,0.527323,18051.816406
66,0.554639,0.554978,18384.611328
67,0.566885,0.556058,18534.402344
68,0.563113,0.565683,18700.728516
69,0.594767,0.581895,19366.201172
70,0.620566,0.575731,19649.058594
71,0.634872,0.561404,19865.351562
72,0.635200,0.568747,20198.087891
73,0.590570,0.592345,20464.306641
74,0.628245,0.547145,21029.945312
75,0.631056,0.538371,21312.791016
76,0.632899,0.524524,21429.326172
77,0.674134,0.538792,21828.615234
78,0.684757,0.569851,22028.236328
79,0.725541,0.607762,22360.957031
80,0.742733,0.589668,22627.203125
81,0.738706,0.588910,23009.941406
82,0.734031,0.590838,23109.675781
83,0.729336,0.531113,23359.207031
84,0.702188,0.563706,23874.988281
85,0.703590,0.525862,24424.015625
0,0.938471,0.473475,599.014038
1,0.142161,0.410168,1597.232544
2,0.050212,0.398786,3077.937500
3,0.039818,0.410580,3410.706299
4,0.036400,0.426409,3493.892578
5,0.034768,0.446443,3610.437500
6,0.981707,0.381835,3909.920166
7,0.722556,0.438809,5290.775391
8,0.739614,0.396938,5690.069336
9,0.300551,0.166288,6987.815918
10,0.271120,0.138713,7320.512695
11,0.347199,0.443505,8019.407227
12,0.417166,0.406628,8352.077148
13,0.409500,0.390401,8535.126953
14,0.245831,0.341336,8884.538086
15,0.210222,0.202532,9134.023438
16,0.225938,0.173269,9732.994141
17,0.209761,0.406415,10015.842773
18,0.227726,0.452236,10215.471680
19,0.720660,0.422061,12128.772461
20,0.722668,0.387410,12345.114258
21,0.566160,0.426834,12694.499023
22,0.564601,0.411281,12993.984375
23,0.496613,0.423414,13176.982422
24,0.823997,0.421944,13909.115234
25,0.924929,0.447651,14624.438477
26,0.957861,0.440230,14790.811523
27,0.945433,0.439986,14923.908203
28,0.644813,0.434215,15955.443359
29,0.545386,0.396750,16521.132812
30,0.550322,0.391087,16687.519531
31,0.474270,0.460293,17103.458984
32,0.454399,0.430726,17386.298828
33,0.015310,0.387618,18883.660156
34,0.913143,0.409586,19266.312500
35,0.926518,0.407238,19399.441406
36,0.908432,0.373119,19698.892578
37,0.905954,0.348660,19848.660156
38,0.900031,0.341417,19981.750000
39,0.898669,0.356545,20081.558594
40,0.217958,0.474017,22144.664062
41,0.110517,0.323181,22643.777344
42,0.753804,0.419478,23508.914062
43,0.736441,0.392621,23874.931641
44,0.669308,0.438869,24324.144531
45,0.672098,0.441339,24507.156250
0,0.732642,0.583291,316.181427
1,0.712385,0.634508,582.370117
2,0.767935,0.619702,1048.189209
3,0.732326,0.536731,1347.632324
4,0.723275,0.518563,1597.310913
5,0.543456,0.547305,2329.379395
6,0.483003,0.510492,2578.877686
7,0.473265,0.483031,2761.861816
8,0.420825,0.483434,3211.148682
9,0.336005,0.464010,3776.742188
10,0.284250,0.360016,4192.665527
11,0.264159,0.311130,4558.790039
12,0.297772,0.265566,4774.978027
13,0.246947,0.336494,5141.017578
14,0.231439,0.388826,5340.649414
15,0.234429,0.398604,5507.022461
16,0.250701,0.376292,5723.405762
17,0.306227,0.316415,5906.364258
18,0.340567,0.263821,6089.409668
19,0.338707,0.244411,6289.067383
20,0.341509,0.311132,6571.875977
21,0.312367,0.453628,7037.711914
22,0.325918,0.457725,7453.628906
23,0.309506,0.417558,7803.039551
24,0.312999,0.342026,8069.302246
25,0.370580,0.543942,8385.438477
26,0.331254,0.482097,8601.641602
27,0.399695,0.507500,9683.078125
28,0.455327,0.530394,10015.849609
29,0.416909,0.497786,10282.034180
30,0.683884,0.604036,11380.112305
31,0.728290,0.598835,11629.730469
32,0.747166,0.593582,11895.862305
33,0.739736,0.590942,12078.926758
34,0.712706,0.629325,12528.187500
35,0.735406,0.720876,12927.530273
36,0.893014,0.544530,13376.691406
37,0.861908,0.541047,13742.755859
38,0.999013,0.495667,14424.906250
39,0.029069,0.463694,14707.631836
40,0.068366,0.454343,14857.427734
41,0.022682,0.483913,15240.046875
42,0.981756,0.552653,15772.482422
43,0.997778,0.571998,16254.913086
44,0.990546,0.562539,16754.113281
45,0.968498,0.570832,17020.271484
46,0.954078,0.569978,17269.873047
47,0.996910,0.569253,17835.507812
48,0.985617,0.572074,18334.640625
49,0.967569,0.581373,18617.466797
50,0.911395,0.519206,19466.013672
51,0.919654,0.517565,19732.199219
52,0.789521,0.583730,20264.605469
53,0.757825,0.600639,20564.083984
54,0.732051,0.595957,20713.824219
55,0.747230,0.521748,20930.097656
56,0.719824,0.538559,21279.480469
57,0.716078,0.574444,21612.216797
58,0.714965,0.629390,21895.058594
59,0.712834,0.639638,22344.294922
60,0.746858,0.601374,22826.775391
61,0.182567,0.444489,23791.773438
62,0.208581,0.426675,23974.787109
63,0.220789,0.438139,24307.521484
64,0.227059,0.322578,24557.101562
65,0.221560,0.323089,24673.542969
0,0.717293,0.645167,316.160828
1,0.694802,0.741550,682.196838
2,0.689614,0.740600,1031.623657
3,0.677292,0.719629,1314.524170
4,0.717247,0.684034,1630.543579
5,0.700821,0.667391,1846.832031
6,0.691608,0.697855,2246.161133
7,0.886462,0.662985,2878.425049
8,0.822074,0.911867,3128.020752
9,0.827314,0.927421,3227.739014
10,0.175208,0.931787,3610.485352
11,0.160737,0.935400,3943.152832
12,0.142468,0.927152,4109.546387
13,0.817604,0.581011,4741.810547
14,0.776851,0.600504,4891.602539
15,0.762749,0.508360,5157.744141
16,0.723343,0.489223,5490.455078
17,0.707201,0.501729,5923.029297
18,0.730884,0.481376,6172.663086
19,0.539586,0.502324,7037.868164
20,0.500811,0.483423,7353.920898
21,0.469302,0.484777,7520.294922
22,0.559101,0.482600,7869.706055
23,0.578068,0.477219,8102.548340
24,0.617887,0.479779,8335.519531
25,0.817508,0.471942,9234.036133
26,0.816468,0.476297,9350.362305
27,0.898336,0.470749,9683.161133
28,0.036623,0.474605,10298.726562
29,0.054154,0.435481,10498.368164
30,0.046434,0.389837,10698.011719
31,0.135719,0.394200,10964.234375
32,0.203956,0.328721,11463.378906
33,0.242129,0.270371,11679.683594
34,0.245017,0.256027,11929.233398
35,0.223862,0.238374,12262.008789
36,0.169636,0.337646,12561.529297
37,0.394816,0.419653,13160.486328
38,0.379897,0.426177,13326.756836
39,0.379537,0.421546,13459.858398
40,0.368790,0.502610,13676.167969
41,0.987796,0.461661,14691.064453
42,0.967187,0.483069,14874.116211
43,0.978394,0.471489,15190.215820
44,0.874938,0.523436,15889.007812
45,0.845119,0.529001,16088.584961
46,0.798541,0.518545,16471.287109
47,0.807163,0.490742,16587.759766
48,0.688945,0.484506,17070.228516
49,0.691000,0.489156,17186.748047
50,0.685238,0.481254,17303.169922
51,0.547650,0.477358,17968.666016
52,0.534996,0.471773,18151.673828
53,0.480079,0.475623,18367.939453
54,0.486225,0.472830,18617.501953
55,0.491953,0.565462,18883.738281
56,0.467727,0.580699,19116.654297
57,0.595331,0.591314,19382.839844
58,0.604431,0.579018,19549.261719
59,0.677041,0.596721,19915.281250
60,0.731520,0.565865,20164.796875
61,0.746802,0.562044,20347.875000
62,0.758982,0.525643,20597.472656
63,0.746519,0.501471,20813.734375
64,0.768001,0.636187,21296.160156
65,0.799066,0.627747,21645.556641
66,0.754080,0.528494,21828.566406
67,0.765378,0.497550,22044.878906
68,0.807738,0.475305,22277.869141
69,0.747443,0.562639,22544.060547
70,0.712474,0.496443,22727.031250
71,0.715134,0.475900,22993.238281
72,0.739964,0.472487,23276.058594
73,0.702568,0.481444,23908.298828
74,0.682837,0.482627,24324.201172
0,0.748931,0.587546,316.257446
1,0.725620,0.664525,549.131042
2,0.774931,0.710730,898.504517
3,0.763920,0.509640,1197.935303
4,0.004237,0.556377,2362.605957
5,0.229739,0.391542,3776.807617
6,0.254882,0.299913,3926.563965
7,0.308850,0.372384,4625.325195
8,0.367463,0.517705,5240.885742
9,0.651025,0.490779,7337.242676
10,0.594430,0.499098,7553.574707
11,0.539119,0.500794,7952.917480
12,0.462905,0.479546,8169.085938
13,0.476860,0.465109,8468.584961
14,0.377995,0.466333,8801.379883
15,0.393132,0.485714,9234.036133
16,0.393510,0.471124,9716.414062
17,0.266159,0.260383,10331.985352
18,0.235720,0.252455,10681.391602
19,0.632462,0.609128,11779.495117
20,0.694824,0.708084,12245.306641
21,0.694041,0.595691,12528.196289
22,0.735615,0.545314,12910.835938
23,0.757170,0.512063,13193.705078
24,0.719004,0.513875,13543.119141
25,0.577338,0.508340,14142.109375
26,0.550035,0.476519,14707.674805
27,0.712684,0.613395,15473.115234
28,0.746745,0.679887,15722.627930
29,0.715458,0.722674,15988.809570
30,0.786764,0.509818,16421.376953
31,0.783625,0.516779,16853.933594
32,0.868623,0.565908,17103.470703
33,0.886763,0.602573,17336.474609
34,0.883999,0.544045,17918.763672
35,0.733498,0.623167,18351.345703
36,0.726540,0.622380,18467.814453
37,0.885669,0.594797,18783.949219
38,0.882834,0.555392,19033.486328
39,0.873248,0.525159,19249.746094
40,0.730613,0.599605,19732.253906
41,0.718407,0.670991,20148.265625
42,0.653227,0.673110,20614.023438
43,0.639886,0.528818,20896.861328
44,0.646508,0.477788,21163.111328
45,0.647040,0.477367,21429.279297
46,0.583030,0.436218,21845.230469
47,0.551618,0.432050,22344.392578
48,0.558927,0.437780,22494.066406
49,0.709329,0.512100,22860.208984
50,0.790702,0.506473,23442.498047
51,0.825927,0.526685,23775.224609
52,0.823643,0.529805,23974.832031
0,0.803210,0.606403,316.113586
1,0.804474,0.728136,532.484619
2,0.755750,0.720119,865.228760
3,0.704856,0.697535,1081.515015
4,0.703668,0.709670,1397.600952
5,0.685059,0.789250,1563.911865
6,0.707447,0.804384,1697.070312
7,0.725588,0.739007,2296.045654
8,0.707716,0.675195,2528.907959
9,0.647551,0.652658,2695.324951
10,0.635913,0.558466,2961.567383
11,0.627323,0.519725,3194.443848
12,0.637678,0.513465,3493.863770
13,0.593399,0.666318,3726.882324
14,0.575079,0.693792,3926.626221
15,0.521593,0.652061,4209.244141
16,0.476006,0.607103,4425.691895
17,0.458046,0.551479,4608.677734
18,0.457576,0.537359,4758.392578
19,0.741222,0.554129,5939.657715
20,0.755845,0.524181,6089.343262
21,0.752086,0.526522,6222.458496
22,0.725498,0.525485,6422.068359
23,0.731675,0.589403,6754.903809
24,0.760492,0.588722,7087.689941
25,0.874188,0.573978,7603.366211
26,0.902946,0.672006,7952.753418
27,0.210076,0.420772,9366.913086
28,0.237863,0.407304,9549.985352
29,0.247764,0.308068,9916.013672
30,0.255459,0.234132,10065.793945
31,0.174330,0.320356,10348.554688
32,0.171606,0.311646,10681.332031
33,0.265357,0.258879,10964.154297
34,0.236893,0.226818,11197.137695
35,0.235145,0.232695,11413.398438
36,0.301851,0.425527,11812.643555
37,0.436393,0.566052,12444.875977
38,0.428911,0.574497,12544.706055
39,0.414274,0.540290,12677.884766
40,0.407004,0.513944,12894.119141
41,0.475593,0.456389,13260.136719
42,0.494346,0.445613,13792.672852
43,0.241844,0.431267,14757.556641
44,0.211842,0.260839,15007.134766
45,0.222942,0.173474,15240.149414
46,0.214204,0.139153,16088.541016
47,0.205475,0.124285,16321.397461
48,0.720631,0.583581,17785.501953
49,0.795269,0.543979,18134.921875
50,0.801107,0.526591,18334.550781
51,0.774860,0.401235,18867.035156
52,0.780294,0.383233,19016.736328
53,0.819548,0.271291,19782.085938
54,0.834605,0.240399,20064.833984
55,0.031128,0.557136,21345.982422
56,0.972160,0.579095,21612.177734
57,0.002896,0.655677,21911.685547
58,0.005309,0.688258,22044.867188
59,0.971993,0.584266,22560.568359
60,0.973564,0.517523,22710.333984
61,0.216655,0.461779,23525.546875
62,0.149093,0.502918,23725.175781
63,0.194578,0.292941,24057.937500
64,0.165056,0.272812,24357.416016
65,0.180797,0.496565,24956.285156
0,0.779318,0.288031,149.806870
1,0.778385,0.684488,798.806396
2,0.722884,0.588549,2129.686035
3,0.717005,0.529390,2246.260986
4,0.699809,0.472654,2545.727539
5,0.579845,0.536524,3011.464600
6,0.553734,0.603555,3177.882324
7,0.513525,0.551728,3410.780762
8,0.483557,0.492091,3810.090088
9,0.477383,0.474111,4043.007568
10,0.927606,0.584331,6305.730957
11,0.872754,0.531103,6605.225098
12,0.184133,0.402206,8019.465332
13,0.208167,0.364864,8185.812988
14,0.217093,0.233007,8718.169922
15,0.204953,0.210381,8917.849609
16,0.177609,0.217170,9117.489258
17,0.222915,0.181006,10065.833008
18,0.235832,0.193849,10248.890625
19,0.190544,0.224978,10431.854492
20,0.184866,0.221436,10698.055664
21,0.182806,0.210391,10847.777344
22,0.189928,0.250201,11396.863281
23,0.195989,0.275692,11895.956055
24,0.202780,0.203423,12095.619141
25,0.202900,0.203336,12245.348633
26,0.195766,0.208732,12345.201172
27,0.234975,0.208272,12761.111328
28,0.241325,0.202670,12960.787109
29,0.284704,0.386545,13942.412109
30,0.188518,0.463717,14508.078125
31,0.846346,0.660589,17269.923828
32,0.803006,0.630236,17469.570312
33,0.767923,0.663486,17735.748047
34,0.736923,0.506481,18135.046875
35,0.704145,0.536308,18384.634766
36,0.682525,0.607221,18634.179688
37,0.662190,0.655774,18917.015625
38,0.657761,0.541498,19133.294922
39,0.659388,0.497351,19366.226562
40,0.639716,0.520601,19931.902344
41,0.726641,0.541743,20813.722656
42,0.752275,0.595017,21213.015625
43,0.823306,0.530433,22094.792969
44,0.833721,0.555831,22277.822266
45,0.833980,0.546927,22427.601562
46,0.894141,0.558568,23409.177734
47,0.897839,0.575238,23708.658203
48,0.843902,0.655536,24973.113281
0,0.768075,0.609917,366.021545
1,0.744735,0.680092,499.109467
2,0.724243,0.730884,798.695068
3,0.642967,0.546554,1430.835571
4,0.659440,0.634507,1697.111328
5,0.732685,0.778766,2079.743896
6,0.598634,0.620697,2379.176758
7,0.582723,0.614191,2595.528564
8,0.583902,0.609189,2745.251709
9,0.634214,0.483705,2928.285156
10,0.663319,0.462309,3277.647949
11,0.671493,0.451011,3460.605225
12,0.636820,0.489265,3710.207520
13,0.748216,0.784642,4176.040039
14,0.724504,0.791905,4275.936523
15,0.731327,0.728090,4725.066406
16,0.714146,0.766697,5107.822754
17,0.763796,0.590170,5723.379395
18,0.735093,0.602657,5939.611328
19,0.782867,0.626280,6438.794434
20,0.776310,0.507297,7004.451172
21,0.782255,0.460702,7187.524902
22,0.818572,0.427015,7387.111816
23,0.835920,0.556547,7736.504883
24,0.819732,0.418429,8102.542480
25,0.800007,0.341116,8984.297852
26,0.804680,0.320400,9067.542969
27,0.864054,0.454700,9649.826172
28,0.888968,0.505454,10015.879883
29,0.892938,0.521785,10398.548828
30,0.880669,0.500422,10897.647461
31,0.886464,0.495222,11330.216797
32,0.875981,0.467560,11746.195312
33,0.906040,0.466665,12062.294922
34,0.013150,0.495140,12361.816406
35,0.010043,0.480520,12511.454102
36,0.009943,0.458044,12761.081055
37,0.006906,0.460382,12993.991211
38,0.055713,0.426131,13443.191406
39,0.968867,0.624599,13825.932617
40,0.954089,0.654256,14058.754883
41,0.010473,0.654377,14341.634766
42,0.017504,0.633080,14491.369141
43,0.108513,0.447023,14957.199219
44,0.152937,0.468140,15156.873047
45,0.174599,0.451554,15323.319336
46,0.209296,0.427977,15556.164062
47,0.224152,0.405597,15739.159180
48,0.241194,0.319279,15972.139648
49,0.240034,0.315602,16121.879883
50,0.258366,0.297688,16321.517578
51,0.283002,0.253530,16521.138672
52,0.311068,0.255826,16770.691406
53,0.283348,0.190891,17053.576172
54,0.270443,0.215516,17353.001953
55,0.259029,0.183523,17635.955078
56,0.262525,0.140347,17818.853516
57,0.258313,0.183987,18417.843750
58,0.255283,0.417592,18900.296875
59,0.258043,0.489534,19216.494141
60,0.231320,0.534324,19432.707031
61,0.238587,0.496805,19798.792969
62,0.266849,0.492387,20148.263672
63,0.271687,0.418883,20614.089844
64,0.275825,0.348156,20896.812500
65,0.279312,0.329530,21063.195312
66,0.313655,0.309668,21346.062500
67,0.318433,0.280822,21578.945312
68,0.284362,0.266327,21994.888672
69,0.318900,0.281035,22610.531250
70,0.329921,0.320693,22926.623047
71,0.315204,0.293642,23459.013672
72,0.194376,0.292516,23891.613281
73,0.186259,0.287750,24041.359375
74,0.177310,0.382105,24324.148438
75,0.192509,0.489358,24723.533203
0,0.734296,0.622397,399.233490
1,0.711657,0.658414,598.894958
2,0.713243,0.658146,848.544312
3,0.774785,0.683368,1181.224731
4,0.734203,0.615449,1464.082153
5,0.735620,0.655833,1746.874390
6,0.728295,0.616629,2262.727051
7,0.697473,0.624100,2678.624512
8,0.693613,0.639386,2778.443604
9,0.703900,0.564354,3427.274414
10,0.659964,0.572886,3909.882812
11,0.591060,0.600057,4259.158203
12,0.449629,0.499435,5856.408691
13,0.445268,0.483457,6205.766602
14,0.344284,0.502451,6472.002441
15,0.359716,0.501587,6904.565918
16,0.327154,0.504807,7054.278809
17,0.260662,0.478623,7536.786133
18,0.239588,0.441532,7802.976562
19,0.233884,0.369019,8352.020508
20,0.213555,0.442641,8551.691406
21,0.216523,0.502990,8734.678711
22,0.175113,0.509154,9017.545898
23,0.209611,0.482115,9400.172852
24,0.241356,0.449708,9649.754883
25,0.197524,0.458701,9932.607422
26,0.215235,0.457015,10381.782227
27,0.229155,0.473739,10598.084961
28,0.237786,0.431734,10964.101562
29,0.263690,0.413240,11246.970703
30,0.255454,0.404518,11762.756836
31,0.288677,0.409114,12028.963867
32,0.329671,0.457456,12228.595703
33,0.367778,0.499053,12411.587891
34,0.414569,0.519704,12860.821289
35,0.420370,0.516508,12993.918945
36,0.411777,0.517421,13143.671875
37,0.439652,0.525924,13326.651367
38,0.511607,0.509841,14091.987305
39,0.504836,0.504902,14557.853516
40,0.531300,0.508271,14774.132812
41,0.614383,0.551069,15106.863281
42,0.640390,0.578996,15339.805664
43,0.680542,0.668899,16005.344727
44,0.687392,0.688547,16254.845703
45,0.725375,0.718216,16837.185547
46,0.696352,0.756668,16986.958984
47,0.679374,0.768376,17169.990234
48,0.717525,0.602008,17835.472656
49,0.703673,0.584817,18085.021484
50,0.760718,0.618411,18334.548828
51,0.901244,0.597526,18850.326172
52,0.889826,0.589180,19050.066406
53,0.888338,0.557154,19249.664062
54,0.881563,0.543978,19399.410156
55,0.861344,0.538185,19532.496094
56,0.860131,0.523069,19931.750000
57,0.873261,0.525950,20164.712891
58,0.990682,0.562420,20430.894531
59,0.004091,0.601609,20846.841797
60,0.010862,0.629428,21096.447266
61,0.016098,0.514664,21296.046875
62,0.026029,0.489896,21545.636719
63,0.033911,0.506925,21878.376953
64,0.989742,0.522699,22044.779297
65,0.977506,0.537643,22294.328125
66,0.987706,0.574568,22593.857422
67,0.009203,0.620696,22893.328125
68,0.950826,0.648140,23092.914062
69,0.887430,0.549778,23342.568359
70,0.878971,0.535878,23592.023438
71,0.972782,0.652890,24224.351562
72,0.822715,0.611752,24573.699219
0,0.724638,0.589435,382.719452
1,0.730605,0.608508,549.067017
2,0.717972,0.648141,682.136719
3,0.744137,0.530350,1048.260376
4,0.759403,0.557154,1430.921997
5,0.812577,0.486986,1597.214355
6,0.828769,0.568659,2296.009033
7,0.924246,0.520360,2628.750977
8,0.970480,0.512716,2795.145020
9,0.011304,0.502284,3028.046875
10,0.031750,0.476668,3211.093750
11,0.062990,0.454853,3577.089355
12,0.035478,0.491587,3909.862793
13,0.221882,0.405812,4741.747070
14,0.233231,0.390531,4908.105469
15,0.260816,0.340381,5141.051270
16,0.266980,0.285318,5324.107422
17,0.262111,0.408763,5640.121582
18,0.228080,0.432964,5839.811035
19,0.234201,0.284662,6039.549316
20,0.184390,0.298152,6455.386230
21,0.952860,0.531413,7237.452148
22,0.889119,0.520371,7420.345215
23,0.840421,0.567308,8202.325195
24,0.648578,0.618711,8884.477539
25,0.621382,0.573835,9150.667969
26,0.524093,0.577011,9583.283203
27,0.581712,0.570139,9799.589844
28,0.452549,0.550598,10132.333984
29,0.454260,0.522974,10265.482422
30,0.771842,0.604452,10997.551758
31,0.724829,0.612332,11163.803711
32,0.743286,0.511986,11380.151367
33,0.722476,0.485269,11563.124023
34,0.816034,0.463667,11962.442383
35,0.804336,0.471674,12062.280273
36,0.708096,0.507870,12461.551758
37,0.651637,0.525412,12727.832031
38,0.496704,0.384129,13609.595703
39,0.470061,0.528787,14125.330078
40,0.475407,0.481884,14424.792969
41,0.478678,0.478138,14557.892578
42,0.371330,0.509823,14807.467773
43,0.375588,0.499974,14940.590820
44,0.381233,0.485445,15123.584961
45,0.318166,0.468289,15306.575195
46,0.326282,0.430118,15672.625000
47,0.367573,0.470944,15972.088867
48,0.386363,0.467329,16221.645508
49,0.354623,0.471584,16388.011719
50,0.964856,0.508400,17402.931641
51,0.974308,0.553758,17635.863281
52,0.995600,0.578654,17818.947266
53,0.954473,0.625520,17985.222656
54,0.960006,0.622209,18434.470703
55,0.931314,0.636365,18733.960938
56,0.339820,0.774667,19782.166016
57,0.222989,0.785873,19998.500000
58,0.292395,0.865476,20181.380859
59,0.419808,0.878322,20397.728516
60,0.548217,0.904675,20630.640625
61,0.708962,0.882517,21229.589844
62,0.725429,0.730078,21845.232422
63,0.739311,0.688844,22111.412109
64,0.820733,0.792742,22427.593750
65,0.861400,0.696788,22710.316406
66,0.862009,0.658603,22860.052734
67,0.787235,0.612826,23126.279297
68,0.772388,0.606005,23375.865234
69,0.710551,0.616767,23558.839844
70,0.733666,0.555398,24008.166016
71,0.766147,0.507701,24407.373047
72,0.733117,0.546252,24673.562500
0,0.735817,0.604346,432.635437
1,0.719824,0.647731,648.922791
2,0.718188,0.663076,848.559326
3,0.715952,0.679501,1048.216675
4,0.702619,0.678621,1530.723145
5,0.710343,0.693813,1663.785278
6,0.467052,0.774917,2246.235107
7,0.451505,0.680168,2612.195312
8,0.427951,0.768239,2778.521240
9,0.477443,0.784019,3078.002441
10,0.753255,0.602827,4475.602539
11,0.712204,0.558353,4708.579102
12,0.696869,0.502734,5107.783203
13,0.709205,0.494423,5340.722656
14,0.242783,0.279262,7187.484863
15,0.239168,0.234918,7420.416504
16,0.179960,0.327552,7786.445801
17,0.234343,0.241456,8069.284668
18,0.300583,0.278076,8402.036133
19,0.263383,0.413112,8651.602539
20,0.240915,0.476925,8901.184570
21,0.239482,0.507665,9200.632812
22,0.234485,0.445800,9516.785156
23,0.203380,0.435403,9766.333984
24,0.149572,0.455125,10265.465820
25,0.222424,0.431199,10515.007812
26,0.223305,0.427662,10631.455078
27,0.233491,0.271774,10831.106445
28,0.907906,0.539307,13077.188477
29,0.712575,0.552610,14241.869141
30,0.717480,0.540288,14341.654297
31,0.707816,0.516126,14508.020508
32,0.738838,0.521159,15040.441406
33,0.805097,0.498468,15872.309570
34,0.599887,0.528287,16388.121094
35,0.566875,0.548046,16621.019531
36,0.535474,0.512350,16820.693359
37,0.461846,0.502188,17236.619141
38,0.460885,0.488887,17419.634766
39,0.544598,0.504355,17719.083984
40,0.555942,0.553341,18251.478516
41,0.596568,0.501206,18517.697266
42,0.668334,0.621633,18767.259766
43,0.673032,0.642991,18900.335938
44,0.710147,0.587902,19349.599609
45,0.716286,0.587480,19615.804688
46,0.703473,0.570470,19915.238281
47,0.724550,0.630360,20131.562500
48,0.712149,0.650941,20347.828125
49,0.746287,0.537647,21113.156250
50,0.747494,0.511561,21329.445312
51,0.716339,0.578346,21645.537109
52,0.891873,0.519363,22244.505859
53,0.879378,0.530314,22543.996094
54,0.964155,0.626492,23525.603516
55,0.016718,0.611449,23841.708984
56,0.239701,0.365951,24973.089844
0,0.726407,0.601950,465.820282
1,0.715298,0.643576,765.303833
2,0.696278,0.716021,1164.653198
3,0.704391,0.723831,1430.824585
4,0.740566,0.501985,2246.057861
5,0.556922,0.538406,3277.651123
6,0.539033,0.478123,3427.439697
7,0.481213,0.448408,3793.394775
8,0.498846,0.407301,4209.337891
9,0.561207,0.495896,4791.621094
10,0.002484,0.540430,6555.173828
11,0.002988,0.537772,6655.096680
12,0.069313,0.494173,7037.707031
13,0.144014,0.468489,7586.765137
14,0.139043,0.464498,7686.540527
15,0.162726,0.448410,7852.913086
16,0.218695,0.424864,8169.067383
17,0.202307,0.289486,8701.437500
18,0.175868,0.282648,8984.364258
19,0.217385,0.268147,9466.761719
20,0.242795,0.362576,9766.287109
21,0.226754,0.386368,9949.323242
22,0.149020,0.298850,10648.051758
23,0.121690,0.281305,10897.695312
24,0.949198,0.488788,12627.942383
25,0.865032,0.556877,12860.855469
26,0.801680,0.593578,13459.821289
27,0.748796,0.545346,13809.167969
28,0.760174,0.533049,14125.350586
29,0.701246,0.578895,14374.914062
30,0.722340,0.628393,14740.899414
31,0.718850,0.533371,15156.865234
32,0.729913,0.504689,15323.240234
33,0.866590,0.505546,16088.542969
34,0.895309,0.545551,16521.189453
35,0.890361,0.554930,16770.789062
36,0.783738,0.614401,17086.771484
37,0.648507,0.585596,17569.261719
38,0.582917,0.539922,17852.156250
39,0.594762,0.534668,18035.121094
40,0.551670,0.548867,18517.656250
41,0.541655,0.599419,19066.677734
42,0.641417,0.583306,19432.722656
43,0.657708,0.505700,19632.349609
44,0.637254,0.478082,19965.154297
45,0.672447,0.548841,20281.253906
46,0.757945,0.651547,20863.580078
47,0.853684,0.634581,21545.687500
48,0.842405,0.665002,21828.556641
49,0.881421,0.581285,22144.626953
50,0.896155,0.530077,22477.402344
51,0.867137,0.528863,22860.021484
52,0.769249,0.506967,23309.281250
53,0.776934,0.513800,23542.173828
54,0.780247,0.524895,23691.929688
55,0.727952,0.592670,23891.585938
56,0.752171,0.563093,24590.378906
57,0.750616,0.535002,24939.720703
0,0.727283,0.577008,399.295105
1,0.710270,0.637400,565.623047
2,0.756220,0.648011,998.215576
3,0.677240,0.692904,1331.016846
4,0.700068,0.722923,1697.080688
5,0.721779,0.680512,2246.062012
6,0.696327,0.615566,2695.251465
7,0.658296,0.611437,2878.256104
8,0.661635,0.555212,3427.317139
9,0.650226,0.519514,3676.947266
10,0.643901,0.484863,3976.334473
11,0.648242,0.481214,4076.170410
12,0.587267,0.479088,4309.192871
13,0.535002,0.486369,4608.572754
14,0.584541,0.570045,4974.587402
15,0.465762,0.504905,5407.182617
16,0.460949,0.488042,5706.726074
17,0.369252,0.486662,6372.186523
18,0.258211,0.322419,7120.840332
19,0.252620,0.292838,7353.763672
20,0.295542,0.294317,7520.233887
21,0.217409,0.446089,8268.856445
22,0.272792,0.469529,8701.427734
23,0.752219,0.576767,10381.837891
24,0.746891,0.573079,10548.272461
25,0.760166,0.540636,10797.742188
26,0.845820,0.545802,11113.872070
27,0.889169,0.540479,11430.038086
28,0.927262,0.529463,11796.051758
29,0.985692,0.516885,12128.760742
30,0.006734,0.485989,12278.496094
31,0.992036,0.483946,12478.174805
32,0.034537,0.456792,12644.607422
33,0.097261,0.464300,12927.358398
34,0.123669,0.482780,13160.319336
35,0.151749,0.455893,13443.143555
36,0.172998,0.478803,13809.202148
37,0.207977,0.457268,14058.726562
38,0.075708,0.392158,14374.831055
39,0.011437,0.366878,14591.252930
40,0.008125,0.325490,14774.193359
41,0.016838,0.315699,15023.720703
42,0.225826,0.179629,15972.080078
43,0.186258,0.289401,16238.273438
44,0.299756,0.249479,16820.560547
45,0.320397,0.267161,17020.218750
46,0.187009,0.300055,17319.730469
47,0.214628,0.405501,17669.093750
48,0.223035,0.429254,17902.011719
49,0.226082,0.248595,18417.830078
50,0.176260,0.252443,18617.435547
51,0.179092,0.262655,18800.488281
52,0.185380,0.258579,19066.660156
53,0.189139,0.256584,19216.421875
54,0.711640,0.605443,20264.550781
55,0.710588,0.532429,20530.796875
56,0.710197,0.492056,20846.865234
57,0.647802,0.509791,21262.822266
58,0.597852,0.490599,21845.103516
59,0.570177,0.499596,22144.597656
60,0.542154,0.508113,22427.498047
61,0.606091,0.543856,22693.714844
62,0.581077,0.605113,22926.566406
63,0.542127,0.630083,23425.712891
64,0.606402,0.592135,23874.892578
65,0.657596,0.626041,24390.759766
66,0.673966,0.635381,24540.382812
67,0.684003,0.646982,24856.554688
0,0.764686,0.561331,449.254333
1,0.761295,0.598272,632.236267
2,0.716527,0.638126,881.804688
3,0.647226,0.625149,1613.791626
4,0.677531,0.624337,1996.537354
5,0.864477,0.665940,2445.699219
6,0.951408,0.738730,2895.006348
7,0.897506,0.486613,3227.645508
8,0.976440,0.470008,4242.660156
9,0.994596,0.465289,4409.014648
10,0.015076,0.394906,4891.437012
11,0.029975,0.380532,5041.144043
12,0.017722,0.340127,5423.833984
13,0.084216,0.432471,5823.162109
14,0.084135,0.441448,5922.972656
15,0.103511,0.435636,6122.652344
16,0.113312,0.437120,6355.592773
17,0.077777,0.451499,6937.824707
18,0.957635,0.506848,7453.576660
19,0.881561,0.533198,7786.366699
20,0.853510,0.527099,7936.132812
21,0.758450,0.558841,8385.334961
22,0.726624,0.542906,8551.728516
23,0.732419,0.537476,8701.474609
24,0.709571,0.597548,8884.469727
25,0.722238,0.619474,9133.997070
26,0.720368,0.647228,9300.467773
27,0.658112,0.635819,9683.059570
28,0.611254,0.584955,10065.700195
29,0.563743,0.595709,10365.183594
30,0.583633,0.593875,10847.729492
31,0.471399,0.516803,11296.929688
32,0.441276,0.473893,11662.975586
33,0.440199,0.478226,11829.331055
34,0.343918,0.487118,12328.497070
35,0.350234,0.494001,12561.377930
36,0.410159,0.480156,12744.344727
37,0.482964,0.482940,13343.330078
38,0.471334,0.476925,13459.862305
39,0.306812,0.471178,14025.449219
40,0.266163,0.421706,14258.396484
41,0.241991,0.319950,14491.321289
42,0.271415,0.295894,14824.113281
43,0.212138,0.263725,15023.770508
44,0.233111,0.285012,15173.452148
45,0.178310,0.311281,15323.189453
46,0.258177,0.454248,15705.839844
47,0.207015,0.289615,16354.736328
48,0.251096,0.249531,16537.753906
49,0.295146,0.284467,16887.205078
50,0.304755,0.304048,17086.849609
51,0.337692,0.412056,17402.982422
52,0.373354,0.469701,17585.878906
53,0.397628,0.493444,17785.544922
54,0.400714,0.492455,17935.265625
55,0.367507,0.495350,18434.474609
56,0.347972,0.488716,18700.691406
57,0.190993,0.454835,19083.339844
58,0.142038,0.466732,19299.550781
59,0.111790,0.458886,19599.031250
60,0.079434,0.450144,19898.496094
61,0.054477,0.446935,20231.320312
62,0.057778,0.467125,20447.544922
63,0.126088,0.431103,20763.691406
64,0.141658,0.437444,20996.572266
65,0.105075,0.503465,21562.382812
66,0.213379,0.416040,21944.988281
67,0.215879,0.428320,22144.642578
68,0.275972,0.505147,22743.537109
69,0.324280,0.569622,23009.833984
70,0.371724,0.632997,23209.486328
71,0.384950,0.694066,23542.199219
72,0.567664,0.572911,24473.902344
73,0.570793,0.572710,24590.308594
74,0.570656,0.606392,24806.605469
75,0.616268,0.598944,24972.982422
0,0.785337,0.515191,665.535767
1,0.827621,0.643934,931.741150
2,0.873353,0.706520,1098.075562
3,0.848680,0.731591,1480.750854
4,0.928231,0.524930,1780.200439
5,0.986353,0.509573,1963.235962
6,0.047572,0.345274,2445.797852
7,0.070974,0.367413,2645.352783
8,0.094876,0.387016,2828.384766
9,0.132547,0.368642,3044.694092
10,0.184465,0.332612,3277.706299
11,0.234433,0.283129,3493.983154
12,0.264411,0.168787,3843.277832
13,0.226525,0.178883,4126.148438
14,0.300517,0.269768,4392.300293
15,0.269417,0.454192,4641.908691
16,0.270312,0.535183,4874.864258
17,0.520121,0.515774,5690.108398
18,0.509341,0.509085,5839.844727
19,0.553307,0.483511,6172.534668
20,0.563639,0.441896,6338.964844
21,0.557861,0.501205,6638.432617
22,0.525564,0.522492,6887.980469
23,0.496219,0.513492,7071.034180
24,0.493892,0.464867,7270.619629
25,0.233330,0.242516,8185.735840
26,0.215596,0.176592,8385.387695
27,0.208338,0.145349,8501.883789
28,0.165853,0.248640,8801.299805
29,0.169542,0.262683,9034.246094
30,0.194257,0.411963,9400.291016
31,0.206147,0.486467,9583.345703
32,0.215537,0.515422,9816.160156
33,0.154254,0.484322,10182.284180
34,0.122238,0.462302,10332.048828
35,0.088717,0.477577,10614.780273
36,0.093480,0.477721,10781.164062
37,0.075922,0.400328,10930.965820
38,0.144440,0.376576,11180.487305
39,0.146571,0.372981,11280.339844
40,0.035829,0.331120,11629.656250
41,0.005992,0.438371,11895.853516
42,0.989723,0.554956,12078.931641
43,0.985846,0.614929,12245.309570
44,0.421433,0.482321,13775.927734
45,0.411469,0.483852,13925.723633
46,0.733094,0.474600,15140.245117
47,0.754137,0.669086,15539.616211
48,0.746442,0.677236,15672.716797
49,0.735330,0.688593,15772.461914
50,0.702338,0.610389,16021.995117
51,0.726008,0.506690,16221.654297
52,0.760196,0.473502,16521.164062
53,0.805691,0.454386,16920.470703
54,0.853331,0.465523,17170.058594
55,0.854220,0.471402,17286.476562
56,0.804239,0.471343,17502.779297
57,0.740904,0.508223,18051.814453
58,0.720000,0.493587,18251.482422
59,0.689428,0.503668,18500.986328
60,0.644831,0.504742,18850.443359
61,0.603209,0.503278,19050.076172
62,0.590685,0.491013,19266.339844
63,0.555398,0.474791,19432.787109
64,0.549240,0.530277,19682.261719
65,0.537738,0.486699,19881.910156
66,0.559236,0.523215,20131.582031
67,0.568626,0.564884,20414.316406
68,0.587134,0.636745,20564.072266
69,0.630396,0.607949,20946.736328
70,0.719112,0.670755,21595.632812
71,0.761957,0.668566,22593.855469
72,0.803118,0.644715,23858.306641
73,0.793599,0.627626,24091.224609
74,0.806466,0.580282,24473.919922
75,0.828569,0.548337,24773.365234
0,0.728342,0.682050,33.208782
1,0.721087,0.675882,415.959808
2,0.666778,0.572899,831.868713
3,0.606360,0.643895,1064.717651
4,0.372383,0.553334,2196.142578
5,0.379926,0.533657,2429.068848
6,0.384000,0.500716,2578.787109
7,0.317641,0.503051,2928.192871
8,0.271119,0.358039,3394.108154
9,0.534855,0.500901,4275.869629
10,0.620700,0.510604,4725.062012
11,0.619059,0.520368,4908.042969
12,0.672241,0.542731,5057.796387
13,0.718163,0.577606,5623.438965
14,0.761020,0.583983,5873.046875
15,0.818695,0.569310,6289.035156
16,0.869639,0.570178,6671.598633
17,0.881267,0.591995,6887.936523
18,0.870525,0.670529,7204.033203
19,0.864966,0.684079,7337.140137
20,0.689848,0.760104,8268.864258
21,0.702818,0.745974,8385.284180
22,0.900546,0.551317,9766.288086
23,0.975343,0.563852,10015.753906
24,0.026581,0.588770,10498.337891
25,0.056744,0.500323,10731.197266
26,0.050322,0.490424,10831.055664
27,0.101763,0.511795,10997.406250
28,0.092529,0.501746,11097.224609
29,0.912769,0.908327,11879.145508
30,0.956057,0.934455,12345.024414
31,0.020404,0.891607,12777.597656
32,0.900011,0.512068,14857.319336
33,0.880626,0.504020,15090.246094
34,0.869206,0.520450,15339.826172
35,0.781695,0.610192,15772.401367
36,0.769691,0.574230,15922.144531
37,0.805765,0.486224,16188.411133
38,0.774211,0.442505,16371.353516
39,0.774226,0.421308,16537.705078
40,0.694843,0.590609,16936.990234
41,0.663083,0.582067,17136.666016
42,0.318590,0.497830,18550.876953
43,0.223337,0.279122,19582.457031
44,0.224975,0.257142,19898.552734
45,0.290515,0.493331,20447.578125
46,0.338758,0.449526,20796.935547
47,0.377972,0.468671,21063.117188
48,0.568055,0.533154,22044.765625
49,0.578692,0.558862,22493.960938
50,0.624746,0.568880,22760.148438
51,0.622661,0.581833,22876.619141
52,0.658795,0.538925,23176.101562
53,0.725014,0.536159,23558.757812
54,0.754755,0.578393,23775.074219
55,0.748501,0.594196,24074.533203
56,0.741731,0.647132,24224.251953
57,0.758007,0.612585,24573.662109
58,0.768029,0.521624,24773.292969
0,0.736869,0.638591,449.272003
1,0.760593,0.516358,981.664062
2,0.801922,0.686505,1314.352661
3,0.779757,0.747199,1697.070312
4,0.720079,0.711391,2063.049805
5,0.739723,0.660876,2429.057861
6,0.758500,0.627396,2578.887939
7,0.727821,0.583929,2878.353271
8,0.735892,0.564652,3094.592529
9,0.724011,0.592390,3294.253418
10,0.740671,0.449042,3593.750732
11,0.688404,0.445925,3943.077148
12,0.657429,0.548656,4192.751465
13,0.601069,0.568180,4558.772461
14,0.545645,0.492922,4908.098633
15,0.477309,0.437635,5157.725586
16,0.352044,0.388101,6056.066895
17,0.310417,0.377495,6205.884766
18,0.271207,0.249865,6671.697266
19,0.261232,0.209068,6887.981934
20,0.262689,0.216454,7087.609375
21,0.243979,0.211637,7254.007324
22,0.246380,0.179806,7603.411133
23,0.249510,0.175061,7869.598145
24,0.247377,0.338926,8102.486328
25,0.204000,0.385090,8302.123047
26,0.224327,0.212352,8651.622070
27,0.228351,0.203581,8784.668945
28,0.316602,0.265067,9034.184570
29,0.320091,0.260306,9333.710938
30,0.402265,0.390359,9666.430664
31,0.511870,0.363798,10331.968750
32,0.991996,0.491506,11662.948242
33,0.015290,0.374212,11895.950195
34,0.054174,0.417353,12311.852539
35,0.091339,0.403395,12627.915039
36,0.104104,0.496617,13027.237305
37,0.159003,0.414573,13310.069336
38,0.195181,0.400844,13759.322266
39,0.204767,0.320145,13942.285156
40,0.193910,0.245071,14225.225586
41,0.212132,0.180841,14874.031250
42,0.204196,0.280922,15173.458984
43,0.178736,0.225389,15739.157227
44,0.216569,0.229309,16454.546875
45,0.214213,0.181442,16737.443359
46,0.241081,0.381598,17170.009766
47,0.223285,0.193179,17469.488281
48,0.224179,0.153183,17735.728516
49,0.184919,0.219157,18135.011719
50,0.177243,0.238976,18467.707031
51,0.206673,0.382463,18883.687500
52,0.187898,0.242829,19233.091797
53,0.170432,0.226147,19549.142578
54,0.156532,0.205889,20114.816406
55,0.002273,0.367977,20597.351562
56,0.766939,0.492656,21545.755859
57,0.729737,0.582400,21944.964844
58,0.709481,0.631871,22094.751953
59,0.727998,0.584783,22477.410156
60,0.832071,0.751857,22743.556641
61,0.727973,0.726948,22910.000000
62,0.733169,0.656203,23508.927734
63,0.737698,0.584467,23891.607422
0,0.660414,0.359266,166.360168
1,0.754943,0.604006,598.974731
2,0.724300,0.620457,781.988647
3,0.710593,0.643376,965.013672
4,0.720140,0.633486,1147.973022
5,0.672187,0.537031,1314.353638
6,0.743061,0.513320,1746.923706
7,0.493411,0.541570,2645.356934
8,0.356797,0.471885,3493.872314
9,0.297102,0.423819,3909.829346
10,0.266765,0.363188,4092.833008
11,0.246212,0.305552,4325.790527
12,0.214488,0.266444,4575.351074
13,0.231368,0.253121,4791.602539
14,0.298483,0.344312,5157.635254
15,0.212985,0.443233,5490.396973
16,0.144134,0.460142,5739.957031
17,0.151911,0.468942,5889.694336
18,0.119434,0.434887,6056.082520
19,0.110491,0.481789,6405.445312
20,0.123847,0.475151,6571.843262
21,0.072620,0.414685,7021.043457
22,0.075834,0.494069,7403.708984
23,0.101100,0.488159,7653.269531
24,0.400176,0.482986,8518.433594
25,0.389865,0.514280,9167.305664
26,0.493995,0.496632,9366.939453
27,0.490930,0.480491,9649.778320
28,0.556724,0.488683,9949.263672
29,0.576537,0.490130,10248.744141
30,0.588232,0.515240,10664.672852
31,0.614452,0.494852,10930.885742
32,0.657949,0.481918,11246.993164
33,0.669351,0.495254,11613.014648
34,0.666827,0.500374,11812.666016
35,0.722268,0.481699,12012.318359
36,0.736512,0.487288,12211.961914
37,0.760093,0.490079,12511.465820
38,0.814329,0.488402,12727.745117
39,0.862180,0.484432,13226.865234
40,0.905851,0.497555,13626.178711
41,0.875272,0.533689,13875.761719
42,0.849938,0.566668,14125.303711
43,0.877011,0.527021,14607.798828
44,0.913878,0.521454,14973.845703
45,0.842965,0.650847,15289.930664
46,0.772967,0.654857,15689.260742
47,0.712378,0.614601,15955.442383
48,0.737209,0.591340,16288.188477
49,0.722281,0.630067,16620.929688
50,0.720240,0.638674,17036.880859
51,0.729415,0.583492,17286.429688
52,0.697216,0.515749,17519.357422
53,0.660654,0.527890,17785.593750
54,0.676893,0.561257,18134.949219
55,0.687140,0.534275,18417.820312
56,0.714829,0.502366,18650.732422
57,0.737872,0.489345,18933.576172
58,0.730053,0.489827,19166.521484
59,0.692291,0.494849,19515.876953
60,0.743948,0.504286,19998.388672
61,0.697082,0.535907,20264.566406
62,0.639087,0.517812,20630.587891
63,0.599640,0.501457,20913.427734
64,0.608227,0.495348,21212.923828
65,0.598207,0.484548,21362.644531
66,0.582862,0.478647,21578.947266
67,0.546541,0.473060,22094.703125
68,0.526448,0.475420,22377.558594
69,0.574530,0.515889,22793.476562
70,0.488355,0.500184,23109.593750
71,0.410854,0.453333,23525.554688
72,0.359351,0.491185,23825.029297
73,0.430731,0.477844,24157.775391
74,0.468580,0.485575,24490.515625
75,0.470682,0.491887,24590.355469
0,0.791702,0.462144,49.971542
1,0.791463,0.599342,415.972046
2,0.769900,0.684803,599.070374
3,0.770608,0.671267,715.545898
4,0.726194,0.664839,1713.692871
5,0.731910,0.644225,2063.198242
6,0.725292,0.527613,2745.315430
7,0.671063,0.538680,3094.702393
8,0.673998,0.551689,3177.803955
9,0.648678,0.686653,3493.977539
10,0.590447,0.677684,3743.570068
11,0.535560,0.593513,4076.354492
12,0.476071,0.520340,4375.718750
13,0.457977,0.581368,5024.692871
14,0.470459,0.460959,5490.539551
15,0.394155,0.518991,5740.005371
16,0.391793,0.516304,5939.724609
17,0.398884,0.490729,6305.753906
18,0.486655,0.561774,6721.697754
19,0.500218,0.569666,7087.682129
20,0.495438,0.552352,7254.055664
21,0.650715,0.584205,8268.910156
22,0.690825,0.590251,8451.946289
23,0.714934,0.601444,8684.838867
24,0.764468,0.621284,8984.398438
25,0.892973,0.755381,9866.154297
26,0.094846,0.734201,11130.627930
27,0.135629,0.477601,11613.098633
28,0.177436,0.393242,11912.583984
29,0.245354,0.269616,12361.839844
30,0.269917,0.198435,12727.806641
31,0.319470,0.269230,13210.324219
32,0.300099,0.256916,13676.157227
33,0.276318,0.330707,13959.027344
34,0.276199,0.507435,14158.669922
35,0.274349,0.551326,14358.269531
36,0.233628,0.248847,15040.407227
37,0.239244,0.277150,15539.576172
38,0.255820,0.297851,15739.276367
39,0.199945,0.370730,16338.152344
40,0.277541,0.254549,16770.806641
41,0.323715,0.347374,16970.365234
42,0.415651,0.573090,17785.664062
43,0.403577,0.579377,18417.845703
44,0.398271,0.477064,18950.242188
45,0.402474,0.486549,19050.179688
46,0.506429,0.513024,19482.646484
47,0.505781,0.515573,19632.468750
48,0.497222,0.496570,19798.810547
49,0.485000,0.473495,20547.529297
50,0.405306,0.498868,20797.083984
51,0.373407,0.504054,21179.724609
52,0.069308,0.440492,22544.019531
53,0.028855,0.422063,22876.707031
54,0.976911,0.550359,23359.226562
55,0.012782,0.454102,24091.312500
56,0.038194,0.381281,24440.656250
0,0.750694,0.556644,399.393494
1,0.724439,0.596602,582.431152
2,0.697590,0.590789,915.203674
3,0.697624,0.549083,1197.976929
4,0.819811,0.552189,1564.023193
5,0.845230,0.624456,1996.554443
6,0.751461,0.653129,2412.499023
7,0.703984,0.636839,2578.895508
8,0.619427,0.545533,2911.636719
9,0.609322,0.528365,3144.541992
10,0.604168,0.514997,3360.891846
11,0.564193,0.503062,3627.060791
12,0.541986,0.497826,3826.685303
13,0.492675,0.502852,4126.207520
14,0.455500,0.503242,4325.815918
15,0.405414,0.506211,4675.212402
16,0.369822,0.504728,4924.774902
17,0.311031,0.481905,5257.544434
18,0.294049,0.462681,5490.451172
19,0.278340,0.436033,5690.145508
20,0.253693,0.428976,5923.043457
21,0.233864,0.381872,6205.860352
22,0.223039,0.341919,6422.158203
23,0.196632,0.462217,6754.915527
24,0.171219,0.478456,7320.618164
25,0.118178,0.462958,7553.526367
26,0.126506,0.441038,7919.530273
27,0.094256,0.462532,8352.135742
28,0.134351,0.432386,8568.426758
29,0.137070,0.455010,8834.630859
30,0.227141,0.330676,9134.084961
31,0.236376,0.304128,9300.462891
32,0.286893,0.304510,9666.488281
33,0.286789,0.438015,10132.366211
34,0.259967,0.453296,10431.842773
35,0.240316,0.307640,10681.404297
36,0.157962,0.277591,10914.326172
37,0.207211,0.273238,11163.890625
38,0.241794,0.443623,11430.068359
39,0.405483,0.500467,11862.658203
40,0.342207,0.473691,12644.629883
41,0.377055,0.488801,12927.454102
42,0.495945,0.511430,13193.690430
43,0.541154,0.551220,13825.900391
44,0.587530,0.573281,14042.173828
45,0.709871,0.543677,15090.353516
46,0.675248,0.526286,15323.275391
47,0.696104,0.505556,15672.676758
48,0.757083,0.507370,16071.990234
49,0.801702,0.518215,16338.171875
50,0.808986,0.518814,16521.177734
51,0.792759,0.464132,16770.740234
52,0.690707,0.506128,17020.339844
53,0.605439,0.496628,17286.500000
54,0.574719,0.492076,17536.113281
55,0.539201,0.491138,17785.656250
56,0.521374,0.492417,18018.562500
57,0.479921,0.498971,18334.689453
58,0.556635,0.560088,18734.009766
59,0.610722,0.553133,19100.048828
60,0.659776,0.584165,19349.585938
61,0.633085,0.596050,19665.689453
62,0.682646,0.637875,19898.619141
63,0.717303,0.706057,20630.683594
64,0.709063,0.599596,20946.785156
65,0.702093,0.551304,21279.533203
66,0.667003,0.531509,21562.369141
67,0.731153,0.525038,21928.386719
68,0.755053,0.516268,22111.398438
69,0.821598,0.572801,22577.289062
70,0.878189,0.552980,22826.845703
71,0.888562,0.551531,23126.316406
72,0.936873,0.556407,23725.292969
73,0.998672,0.562117,24008.126953
74,0.009711,0.532347,24340.841797
75,0.034987,0.495331,24540.494141
0,0.719476,0.497006,183.047028
1,0.801396,0.453637,449.216675
2,0.890793,0.540676,1048.134766
3,0.890790,0.538973,1347.661743
4,0.896792,0.515789,1497.399292
5,0.873040,0.516674,1780.173584
6,0.728244,0.550586,2362.509521
7,0.698147,0.486605,2628.751953
8,0.671084,0.443531,2894.950195
9,0.637883,0.441137,3261.003906
10,0.589760,0.457070,3610.330078
11,0.593135,0.468889,3743.470459
12,0.568255,0.440410,3893.183838
13,0.473406,0.457674,4275.884277
14,0.472894,0.438936,4508.806152
15,0.482447,0.450657,4758.299805
16,0.488589,0.460949,4974.603516
17,0.489012,0.455683,5157.654297
18,0.386110,0.418332,5473.855469
19,0.387741,0.430087,5606.897949
20,0.387130,0.444488,5690.051758
21,0.394775,0.453886,5839.742676
22,0.271045,0.290443,6372.187988
23,0.319158,0.205297,7370.412109
24,0.285548,0.140794,7886.207031
25,0.305691,0.143495,8402.003906
26,0.157064,0.389117,8684.825195
27,0.126871,0.281516,9084.131836
28,0.124654,0.270432,9516.690430
29,0.056321,0.297579,9832.836914
30,0.964556,0.434732,10398.507812
31,0.971059,0.423758,10515.029297
32,0.980767,0.390076,10831.086914
33,0.990493,0.392469,11030.682617
34,0.105261,0.370643,11712.858398
35,0.487833,0.452909,13609.533203
36,0.574964,0.524256,13809.198242
37,0.695607,0.549122,14491.304688
38,0.694272,0.532075,14607.779297
39,0.742717,0.567784,14807.422852
40,0.764210,0.538401,15023.744141
41,0.752120,0.532520,15156.835938
42,0.743711,0.675761,15522.833984
43,0.730837,0.590118,16021.961914
44,0.691261,0.568877,16388.001953
45,0.666828,0.580223,16637.560547
46,0.698304,0.615747,16903.753906
47,0.708487,0.515764,17286.427734
48,0.663089,0.547597,17602.558594
49,0.704332,0.589230,17951.921875
50,0.734701,0.595347,18417.783203
51,0.740718,0.681052,18634.076172
52,0.756115,0.683686,19083.320312
53,0.892979,0.692511,20098.210938
54,0.886210,0.580203,20331.097656
55,0.884939,0.571127,20430.957031
56,0.958258,0.496984,20680.492188
57,0.933113,0.460206,20946.722656
58,0.013683,0.416112,21695.396484
59,0.294906,0.330777,23092.962891
60,0.241092,0.256111,23275.978516
61,0.252436,0.257398,23375.798828
62,0.255962,0.250568,23475.652344
63,0.306259,0.215240,23691.900391
64,0.316429,0.219664,23924.814453
65,0.314132,0.213426,24107.851562
66,0.369009,0.453072,24557.042969
67,0.364156,0.475500,24956.353516
0,0.747546,0.546198,282.851776
1,0.725349,0.608071,482.534943
2,0.719668,0.639838,682.174988
3,0.712403,0.635991,964.973694
4,0.695128,0.575934,1164.630493
5,0.442793,0.673389,1946.586792
6,0.421934,0.560279,2229.500000
7,0.390742,0.499708,2395.763672
8,0.362901,0.500149,2678.695557
9,0.304843,0.484154,2894.917480
10,0.288446,0.467356,3111.208984
11,0.257026,0.430029,3327.518799
12,0.280801,0.320553,3743.429443
13,0.724971,0.585322,5340.654785
14,0.707678,0.590086,5506.997070
15,0.710658,0.595213,5640.137695
16,0.735368,0.596963,5773.219238
17,0.775041,0.638465,6089.340820
18,0.871642,0.697737,6571.832520
19,0.847827,0.668076,6871.341309
20,0.839394,0.669305,6971.187012
21,0.986006,0.583815,7403.710938
22,0.001088,0.499810,7586.727539
23,0.038333,0.453375,7819.682617
24,0.156014,0.432256,8535.068359
25,0.199418,0.421259,8784.637695
26,0.219664,0.402466,9034.214844
27,0.228890,0.335676,9217.203125
28,0.237581,0.288917,9433.508789
29,0.184435,0.310416,9799.518555
30,0.240097,0.236641,10215.541016
31,0.239439,0.206509,10415.133789
32,0.236458,0.239064,10631.468750
33,0.239903,0.254385,10980.800781
34,0.241480,0.343004,11380.085938
35,0.199596,0.471273,11729.460938
36,0.920707,0.953074,13659.439453
37,0.704986,0.594873,14341.562500
38,0.700885,0.549624,14574.492188
39,0.709970,0.520501,14774.159180
40,0.722913,0.494064,14990.425781
41,0.726332,0.501251,15123.529297
42,0.709726,0.502429,15289.917969
43,0.656561,0.534705,15506.208984
44,0.613889,0.553520,15855.580078
45,0.593567,0.544445,16021.961914
46,0.550588,0.559160,16321.426758
47,0.541646,0.566195,16521.089844
48,0.468553,0.524224,16787.287109
49,0.466436,0.497202,16970.302734
50,0.461824,0.491228,17452.814453
51,0.410738,0.505301,17818.810547
52,0.370931,0.513193,18035.130859
53,0.372252,0.503620,18201.494141
54,0.575558,0.607703,19000.083984
55,0.571863,0.609071,19166.458984
56,0.556072,0.607315,19366.123047
57,0.586668,0.595018,19732.136719
58,0.590461,0.588036,19948.453125
59,0.757373,0.621591,20863.505859
60,0.782457,0.620236,21013.277344
61,0.845684,0.690767,21412.562500
62,0.844421,0.679217,21795.220703
63,0.847323,0.701670,21928.308594
64,0.820259,0.539453,22294.337891
65,0.833151,0.569424,22477.375000
66,0.852921,0.552945,22976.496094
67,0.882908,0.538222,23309.222656
68,0.978678,0.598571,23825.023438
69,0.985939,0.576447,24107.828125
70,0.986477,0.530289,24390.666016
71,0.984233,0.485775,24640.230469
0,0.731737,0.622846,632.335083
1,0.723468,0.648329,881.858337
2,0.745427,0.539654,1197.961060
3,0.429932,0.455450,2495.646484
4,0.371745,0.474986,2662.026611
5,0.370515,0.461215,2795.139893
6,0.247851,0.324400,3627.050293
7,0.245170,0.275522,3843.378418
8,0.254205,0.264832,4076.254395
9,0.259631,0.233219,4309.176270
10,0.188938,0.441883,4824.999023
11,0.146316,0.431494,5257.529297
12,0.070217,0.457966,5590.281250
13,0.075723,0.481002,5956.272461
14,0.232502,0.421743,6505.334473
15,0.229962,0.433838,6605.207031
16,0.228526,0.762014,7254.043945
17,0.323166,0.726907,7902.876953
18,0.441209,0.492888,8385.347656
19,0.524152,0.496179,8601.691406
20,0.522032,0.491357,8751.492188
21,0.582856,0.522326,8934.435547
22,0.657467,0.549057,9366.985352
23,0.694705,0.529445,9816.199219
24,0.736144,0.543678,10132.336914
25,0.730900,0.589012,10398.616211
26,0.724960,0.625984,10614.801758
27,0.771476,0.619467,11014.103516
28,0.788989,0.541751,11280.310547
29,0.806208,0.519688,11546.535156
30,0.856776,0.500625,11846.030273
31,0.886038,0.521848,12162.175781
32,0.926187,0.522472,12478.301758
33,0.006869,0.464670,12910.833984
34,0.008218,0.526097,13310.127930
35,0.013674,0.569152,13559.685547
36,0.063981,0.446812,13958.977539
37,0.077310,0.410889,14191.957031
38,0.117013,0.390811,14541.281250
39,0.083628,0.447778,14840.774414
40,0.009818,0.468629,15140.225586
41,0.002336,0.404407,15373.152344
42,0.743633,0.535436,16321.498047
43,0.725535,0.531960,16554.429688
44,0.711895,0.593258,16920.457031
45,0.713861,0.558896,17219.945312
46,0.709552,0.512533,17486.136719
47,0.655677,0.519811,17968.630859
48,0.597966,0.535274,18417.859375
49,0.544066,0.558040,18617.474609
50,0.473992,0.541256,19083.371094
51,0.475328,0.512321,19515.914062
52,0.473156,0.494437,19948.480469
53,0.390340,0.531550,20181.427734
54,0.386715,0.511353,20281.244141
55,0.283707,0.408024,21129.763672
56,0.247190,0.311239,21795.263672
57,0.267292,0.277432,22061.468750
58,0.214073,0.310815,22410.859375
59,0.202937,0.324367,22760.255859
60,0.295806,0.313233,23059.720703
61,0.312247,0.305819,23276.031250
62,0.259406,0.413197,23658.681641
63,0.287399,0.346140,23974.789062
64,0.315605,0.313885,24207.712891
65,0.315813,0.296816,24457.269531
66,0.321051,0.326856,24756.765625
67,0.317216,0.339483,24973.054688
0,0.724029,0.595510,366.128052
1,0.711956,0.631009,615.644836
2,0.767894,0.641768,981.661743
3,0.797674,0.609301,1347.723877
4,0.733733,0.596344,1663.760498
5,0.780000,0.564411,1996.533325
6,0.872762,0.568660,2196.293457
7,0.901976,0.552004,2528.981445
8,0.877863,0.530348,2978.172607
9,0.946924,0.561393,3627.062500
10,0.058627,0.492097,4176.089844
11,0.056479,0.472718,4292.517578
12,0.146681,0.512848,4741.779297
13,0.189239,0.435857,5008.045898
14,0.219767,0.372956,5240.926270
15,0.236459,0.441252,5656.810059
16,0.206393,0.322700,5839.813477
17,0.286091,0.316615,6255.744141
18,0.283034,0.309547,6388.936035
19,0.244470,0.439508,6571.866699
20,0.218186,0.466966,6804.791992
21,0.252543,0.452076,7237.369629
22,0.249670,0.327972,7470.316895
23,0.294736,0.317596,7670.015625
24,0.291035,0.298975,8019.457520
25,0.228869,0.246353,8302.207031
26,0.236930,0.235735,8634.939453
27,0.245270,0.201261,8834.641602
28,0.204579,0.278196,9233.932617
29,0.183413,0.320268,9500.154297
30,0.222658,0.312752,9849.531250
31,0.228243,0.429190,10298.727539
32,0.213832,0.465940,10548.303711
33,0.215404,0.397114,11147.262695
34,0.180866,0.341851,11413.488281
35,0.129078,0.452471,11746.188477
36,0.073223,0.458534,12012.346680
37,0.021958,0.430015,12245.376953
38,0.013470,0.458670,12494.940430
39,0.021248,0.454514,12711.126953
40,0.960889,0.499388,12894.171875
41,0.967035,0.507487,13127.139648
42,0.981926,0.584865,13293.499023
43,0.988486,0.587029,13409.936523
44,0.903894,0.545438,13609.572266
45,0.014439,0.593181,14108.738281
46,0.966690,0.611307,14474.762695
47,0.954932,0.613935,14707.735352
48,0.835401,0.693913,15206.870117
49,0.785918,0.648911,15489.699219
50,0.761871,0.640144,15739.179688
51,0.718609,0.609922,16038.725586
52,0.695456,0.611659,16437.966797
53,0.690307,0.548118,16687.654297
54,0.697377,0.545898,16787.419922
55,0.763363,0.549282,17086.931641
56,0.749679,0.615695,17336.425781
57,0.730243,0.638599,17569.322266
58,0.787515,0.611990,18068.501953
59,0.887835,0.587293,18501.134766
60,0.896782,0.538099,18717.333984
61,0.866147,0.543183,18966.921875
62,0.658944,0.605850,19715.628906
63,0.733434,0.596006,19965.152344
64,0.726107,0.648814,20281.308594
65,0.600608,0.614439,20697.275391
66,0.552657,0.591400,20896.910156
67,0.546953,0.613494,21179.787109
68,0.581147,0.603159,21412.650391
69,0.464116,0.494098,22294.439453
70,0.377124,0.516501,22876.744141
71,0.413782,0.489557,23192.923828
72,0.445996,0.476883,23425.794922
73,0.452416,0.481810,23675.396484
74,0.451174,0.484406,23841.746094
75,0.468572,0.501858,24091.269531
76,0.478358,0.501165,24357.451172
77,0.470060,0.488996,24590.388672
0,0.759584,0.622301,432.592285
1,0.754794,0.623432,615.564819
2,0.706767,0.654642,831.927795
3,0.711327,0.644307,1031.540649
4,0.657017,0.635897,1630.533203
5,0.726636,0.623684,2046.401611
6,0.727337,0.623710,2146.280273
7,0.733536,0.551621,2329.250732
8,0.682598,0.896728,2711.963379
9,0.499022,0.924334,3011.364746
10,0.444627,0.551927,3760.082031
11,0.422470,0.506268,4042.906006
12,0.430044,0.502710,4159.378418
13,0.437103,0.501231,4275.888672
14,0.484662,0.517839,4475.517578
15,0.566500,0.491316,4874.828613
16,0.628823,0.509644,5357.334473
17,0.622781,0.519692,5590.245117
18,0.639871,0.536868,5739.944824
19,0.711312,0.581634,6239.111328
20,0.739248,0.595253,6455.359863
21,0.741436,0.521667,6771.473145
22,0.180547,0.416287,8618.300781
23,0.218545,0.287120,9084.131836
24,0.242054,0.262498,9516.756836
25,0.186663,0.331799,9683.097656
26,0.278189,0.446015,10148.945312
27,0.357447,0.421883,10581.482422
28,0.376960,0.391169,11596.407227
29,0.236388,0.366102,11812.666992
30,0.225710,0.303218,12062.251953
31,0.220647,0.239219,12345.063477
32,0.178822,0.331466,13043.845703
33,0.162940,0.320525,13343.354492
34,0.233941,0.465024,13659.454102
35,0.213011,0.447577,13958.921875
36,0.080988,0.475102,14690.975586
37,0.141961,0.426001,14923.892578
38,0.899944,0.633554,15838.962891
39,0.835239,0.605380,16221.617188
40,0.752216,0.615463,16537.744141
41,0.707383,0.583488,16953.691406
42,0.716724,0.541892,17336.363281
43,0.737654,0.517078,17619.197266
44,0.741815,0.509942,17802.201172
45,0.821845,0.509348,18051.781250
46,0.890402,0.551452,18467.726562
47,0.872318,0.544456,18817.099609
48,0.871369,0.537951,19016.746094
49,0.875269,0.498389,19199.789062
50,0.715895,0.654519,19698.916016
51,0.647648,0.649948,20098.181641
52,0.685238,0.683985,20464.207031
53,0.571172,0.629827,20796.986328
54,0.540481,0.635584,21179.658203
55,0.477181,0.551760,21512.376953
56,0.479508,0.556991,21678.751953
57,0.466776,0.525616,21878.414062
58,0.562864,0.513839,22410.859375
59,0.473708,0.543269,22826.750000
60,0.597397,0.512288,23259.337891
61,0.636789,0.540406,23658.664062
62,0.630748,0.542331,23858.275391
63,0.685251,0.527911,24357.417969
64,0.697706,0.507098,24573.691406
65,0.701116,0.507623,24690.181641
66,0.701093,0.500627,24806.632812
0,0.739797,0.560644,499.234619
1,0.687796,0.626550,782.011902
2,0.713683,0.564261,998.325928
3,0.294268,0.479620,2894.983643
4,0.283518,0.416795,3127.955566
5,0.261798,0.373626,3294.325684
6,0.253513,0.308790,3510.674561
7,0.265516,0.290577,3909.931152
8,0.217560,0.382444,4375.800293
9,0.199396,0.432083,4625.320801
10,0.195886,0.459404,4891.525391
11,0.237417,0.348898,5290.841797
12,0.189043,0.368742,5673.542969
13,0.085757,0.441538,6205.930664
14,0.309632,0.280309,7137.650879
15,0.213880,0.347690,7603.453613
16,0.192518,0.377910,7819.751953
17,0.192388,0.393536,7952.869629
18,0.730311,0.461513,9333.797852
19,0.712948,0.516648,9633.265625
20,0.696932,0.570097,9866.257812
21,0.701771,0.594581,10032.520508
22,0.794695,0.571396,10415.222656
23,0.851940,0.504477,10764.620117
24,0.859240,0.485653,10964.313477
25,0.775129,0.520423,11346.905273
26,0.802788,0.473014,11629.829102
27,0.797750,0.502380,11929.209961
28,0.903792,0.461041,12594.805664
29,0.675904,0.548439,13393.327148
30,0.691377,0.573586,13809.288086
31,0.694251,0.578259,14008.913086
32,0.693720,0.581124,14208.555664
33,0.702656,0.583881,14391.576172
34,0.636326,0.604858,15290.001953
35,0.464092,0.574113,16088.604492
36,0.479322,0.541221,16321.558594
37,0.379118,0.590100,17003.664062
38,0.384264,0.535691,17253.302734
39,0.378196,0.554904,18001.941406
40,0.241624,0.454896,18684.162109
41,0.245536,0.356478,18966.964844
42,0.266786,0.321374,19199.822266
43,0.384225,0.347237,19682.333984
44,0.336554,0.401071,19931.925781
45,0.334849,0.403903,20114.986328
46,0.106238,0.419173,20663.935547
47,0.092232,0.419629,21179.773438
48,0.002852,0.415080,21529.085938
49,0.950806,0.449272,21778.693359
50,0.950086,0.470056,22144.707031
51,0.960846,0.508840,22377.664062
52,0.034746,0.440241,22760.302734
53,0.037563,0.442646,22910.009766
54,0.370038,0.500576,24823.357422
0,0.756176,0.574979,365.995941
1,0.716533,0.600729,582.302917
2,0.534856,0.508320,1330.968506
3,0.476524,0.488915,1530.676025
4,0.462118,0.459268,1746.903564
5,0.404179,0.496452,2229.489746
6,0.256748,0.384625,3943.111816
7,0.232088,0.364594,4126.162109
8,0.218078,0.215987,4608.618164
9,0.240050,0.192128,4758.342285
10,0.181366,0.278575,5091.084473
11,0.236405,0.314488,5373.957031
12,0.236403,0.208286,5606.881348
13,0.220280,0.217917,5823.128906
14,0.066830,0.452490,6538.584473
15,0.018845,0.441106,6754.952637
16,0.080886,0.370084,7021.116699
17,0.149888,0.388071,7220.788086
18,0.416395,0.436717,8052.570801
19,0.470705,0.420460,8451.944336
20,0.486039,0.438738,8651.524414
21,0.486100,0.449767,8751.331055
22,0.532211,0.528862,9250.499023
23,0.695806,0.607520,9916.028320
24,0.801386,0.926873,10315.306641
25,0.762903,0.918898,10548.188477
26,0.776404,0.807761,10781.193359
27,0.771174,0.552110,10980.824219
28,0.743833,0.490676,11180.470703
29,0.716899,0.475566,11463.282227
30,0.747652,0.464814,11746.118164
31,0.754849,0.475393,11829.300781
32,0.882118,0.502299,12295.145508
33,0.948849,0.571894,12644.548828
34,0.974077,0.591085,12794.267578
35,0.987373,0.586320,13010.568359
36,0.973730,0.587338,13542.993164
37,0.998987,0.524377,13742.624023
38,0.980744,0.442499,13925.619141
39,0.702968,0.575159,15256.648438
40,0.699064,0.545437,15622.662109
41,0.704262,0.536407,15789.050781
42,0.709180,0.516761,16005.356445
43,0.717971,0.528386,16138.454102
44,0.734102,0.622451,16421.302734
45,0.714394,0.562732,16704.099609
46,0.723018,0.483389,17036.880859
47,0.880943,0.440344,17735.640625
48,0.608874,0.514740,19033.400391
49,0.558866,0.519473,19249.664062
50,0.516387,0.489610,19748.839844
51,0.720813,0.548405,20514.119141
52,0.710978,0.556030,20697.132812
53,0.700863,0.555451,20996.628906
54,0.678320,0.555568,21229.552734
55,0.763975,0.569314,21578.921875
56,0.758117,0.516177,21944.964844
57,0.740077,0.502753,22128.005859
58,0.716537,0.512833,22344.267578
59,0.707762,0.544761,22610.453125
60,0.724045,0.529544,23026.402344
61,0.722019,0.638701,23226.037109
62,0.764135,0.656676,23542.150391
63,0.765679,0.693327,23958.097656
64,0.764729,0.586914,24124.472656
65,0.767392,0.677682,24457.253906
0,0.758592,0.481683,16.694695
1,0.866100,0.518035,332.836945
2,0.865945,0.534693,432.643188
3,0.867628,0.580519,565.816711
4,0.898390,0.543011,931.849182
5,0.003410,0.541833,1530.738037
6,0.944934,0.605678,1979.958496
7,0.815856,0.672537,2745.220947
8,0.819977,0.681554,2845.057861
9,0.833564,0.688690,2994.818359
10,0.717887,0.693966,3344.218262
11,0.721098,0.626627,3610.451416
12,0.631435,0.611238,4092.969971
13,0.535631,0.562484,4608.673340
14,0.465545,0.538029,4841.582031
15,0.474175,0.527702,5008.000977
16,0.475876,0.489293,5141.090820
17,0.432452,0.476534,5690.132812
18,0.446350,0.461104,6106.083496
19,0.457595,0.426562,6222.473633
20,0.552772,0.535687,6405.501953
21,0.586766,0.562102,6705.024414
22,0.564651,0.570273,6971.288574
23,0.710986,0.521657,7936.186523
24,0.760088,0.537013,8285.540039
25,0.781331,0.558121,8651.613281
26,0.826853,0.626405,9067.513672
27,0.875726,0.609645,9433.536133
28,0.892442,0.578265,9716.406250
29,0.887002,0.545713,9899.393555
30,0.904287,0.539428,10182.276367
31,0.105323,0.427083,11496.597656
32,0.082005,0.404479,11712.996094
33,0.049948,0.422667,12112.249023
34,0.009732,0.401447,12361.790039
35,0.989581,0.443099,12694.531250
36,0.872250,0.538195,13476.500000
37,0.880121,0.542302,13626.265625
38,0.806032,0.575856,13875.777344
39,0.811281,0.584348,14042.157227
40,0.708281,0.639297,14674.522461
41,0.715834,0.667886,14857.438477
42,0.656267,0.642154,15107.003906
43,0.739134,0.646105,15539.623047
44,0.786099,0.639943,16038.696289
45,0.824271,0.631554,16587.718750
46,0.850978,0.666232,16853.980469
47,0.854874,0.694819,17020.337891
48,0.955469,0.758540,17652.566406
49,0.972979,0.797461,17835.560547
50,0.753709,0.924408,18268.169922
51,0.402971,0.799059,20297.890625
52,0.443551,0.927203,20480.939453
53,0.451644,0.957140,20697.193359
54,0.298752,0.467638,21994.925781
55,0.297436,0.428960,22211.275391
56,0.278843,0.378998,22377.617188
57,0.264659,0.344270,22710.347656
58,0.244731,0.325973,22893.373047
59,0.210679,0.377889,23109.644531
60,0.246692,0.255729,23392.478516
61,0.249489,0.237684,23642.072266
62,0.180827,0.340929,24307.585938
63,0.172573,0.410092,24557.117188
0,0.743632,0.439638,99.790138
1,0.734028,0.537456,282.801971
2,0.712251,0.603525,549.014404
3,0.737333,0.661322,1064.773560
4,0.706410,0.709930,1297.701416
5,0.670340,0.738754,1630.469849
6,0.708986,0.724801,1996.559570
7,0.657157,0.615085,2545.605957
8,0.559003,0.535180,3144.554688
9,0.654672,0.533255,3394.124268
10,0.746485,0.517276,4109.498535
11,0.850536,0.532322,4774.949219
12,0.890801,0.539146,5024.571289
13,0.015661,0.496439,5523.646484
14,0.034583,0.438028,5723.290039
15,0.060280,0.440697,6039.479492
16,0.103403,0.469589,6222.469238
17,0.132723,0.484899,6505.286133
18,0.964085,0.487631,7120.844238
19,0.268584,0.356602,9633.136719
20,0.256349,0.292855,9799.534180
21,0.245828,0.253913,9999.230469
22,0.185282,0.263754,10331.991211
23,0.200020,0.455377,10930.907227
24,0.211904,0.490540,11346.899414
25,0.207759,0.467790,11513.195312
26,0.101182,0.480729,11929.121094
27,0.103122,0.469117,12062.221680
28,0.136240,0.438440,12245.229492
29,0.137080,0.375308,12627.942383
30,0.131480,0.372867,12727.743164
31,0.227153,0.308500,12960.692383
32,0.250457,0.302523,13393.232422
33,0.245244,0.242411,13642.803711
34,0.228579,0.331497,14075.367188
35,0.172342,0.321990,14441.460938
36,0.165430,0.308273,14607.814453
37,0.200396,0.403956,14840.753906
38,0.220502,0.455833,15073.686523
39,0.417332,0.527025,15805.693359
40,0.414300,0.513231,15922.168945
41,0.484664,0.519436,16221.656250
42,0.605719,0.521253,16920.419922
43,0.701184,0.534826,17452.892578
44,0.727936,0.531525,17685.744141
45,0.726363,0.531424,17802.197266
46,0.738336,0.524453,17918.691406
47,0.810512,0.531501,18234.832031
48,0.807831,0.523496,18334.689453
49,0.798594,0.518313,18550.888672
50,0.789550,0.511663,18916.923828
51,0.720039,0.529815,19332.871094
52,0.712471,0.519203,19532.501953
53,0.719710,0.526407,19865.269531
54,0.716639,0.571638,20015.101562
55,0.717914,0.634002,20264.556641
56,0.691519,0.605132,20564.023438
57,0.636519,0.576951,21013.287109
58,0.619518,0.564021,21196.281250
59,0.626116,0.570193,21329.384766
60,0.627468,0.583620,21578.960938
61,0.865432,0.580695,22394.208984
62,0.872351,0.569222,22560.546875
63,0.862244,0.561267,22976.464844
64,0.760714,0.652061,24407.359375
65,0.711420,0.642792,24706.798828
0,0.767431,0.672165,582.283752
1,0.672813,0.635104,1064.750366
2,0.578473,0.368999,1929.896729
3,0.624010,0.344060,2112.914551
4,0.692493,0.376761,2429.074219
5,0.771881,0.405582,2761.791992
6,0.772320,0.518747,3061.324463
7,0.788957,0.551349,3294.248535
8,0.876565,0.644260,3843.271240
9,0.947451,0.416154,4392.366699
10,0.943189,0.423807,4475.520508
11,0.938857,0.378380,4658.541504
12,0.080699,0.387477,5224.188477
13,0.094060,0.386547,5623.503906
14,0.272386,0.230437,6655.039062
15,0.301649,0.193168,6971.096680
16,0.171828,0.204654,7620.040039
17,0.252520,0.451173,7919.476074
18,0.251657,0.440741,8002.645996
19,0.265591,0.283564,8335.427734
20,0.326409,0.152168,9184.004883
21,0.313279,0.161795,9283.763672
22,0.361852,0.410404,9549.950195
23,0.413901,0.383473,10564.894531
24,0.416045,0.380682,10698.009766
25,0.438307,0.369759,11163.781250
26,0.528350,0.390024,11479.928711
27,0.524460,0.389140,11596.363281
28,0.509332,0.385643,11829.274414
29,0.480747,0.366026,12145.382812
30,0.660323,0.469039,12860.860352
31,0.676326,0.501341,13060.504883
32,0.626168,0.408628,13509.665039
33,0.552259,0.381091,13759.243164
34,0.971777,0.439276,16038.580078
35,0.991943,0.789328,16471.244141
36,0.916465,0.820974,16937.056641
37,0.925072,0.892109,17203.228516
38,0.836768,0.725288,17685.816406
39,0.842623,0.713594,17785.529297
40,0.744629,0.618198,18101.707031
41,0.736666,0.482299,18384.498047
42,0.735230,0.414061,18534.333984
43,0.729572,0.380995,18750.523438
44,0.608070,0.447283,19233.085938
45,0.613613,0.437353,19499.240234
46,0.587909,0.561778,20048.355469
47,0.680065,0.568148,20530.742188
48,0.676896,0.560581,20630.621094
49,0.673817,0.582114,20913.460938
50,0.672160,0.585157,21046.589844
51,0.710953,0.731368,21279.482422
52,0.740695,0.755902,21529.021484
53,0.742434,0.759405,21612.166016
54,0.722389,0.735105,21944.945312
55,0.715549,0.746133,22078.044922
56,0.770241,0.798937,22444.068359
57,0.770764,0.646810,22776.818359
58,0.748059,0.409591,23109.607422
59,0.742600,0.380110,23259.351562
60,0.724371,0.391852,23525.593750
61,0.726004,0.398555,23642.007812
62,0.530510,0.511649,24324.160156
63,0.463792,0.511117,24523.806641
64,0.475607,0.507940,24673.568359
