Idx, longitude, latitude, start timestamp
0,0.749842,0.443016,0.012695
1,0.749821,0.443701,266.321533
2,0.771033,0.488908,515.788391
3,0.839901,0.570944,765.369019
4,0.847120,0.582776,1014.856384
5,0.816349,0.591458,1264.586548
6,0.653041,0.608418,1513.962280
7,0.544759,0.622286,1763.580444
8,0.534066,0.621825,2013.104858
9,0.524731,0.612299,2262.736816
10,0.500897,0.582242,2512.249268
11,0.476836,0.544003,2761.849854
12,0.456878,0.504083,3011.554199
13,0.442565,0.473915,3260.951416
14,0.443069,0.461911,3510.547119
15,0.483027,0.460649,3760.045654
16,0.522325,0.459340,4009.666504
17,0.533516,0.448315,4292.416992
18,0.532200,0.437910,4508.804688
19,0.532713,0.435462,4758.321289
20,0.533208,0.433413,5024.562500
21,0.535203,0.435940,5290.832031
22,0.535777,0.435000,5507.018555
23,0.501855,0.438132,5756.670898
24,0.460999,0.452969,6006.132324
25,0.457465,0.449544,6255.813965
26,0.396759,0.444512,6505.267578
27,0.393136,0.511734,6754.882812
28,0.451983,0.647759,7004.373535
29,0.499263,0.774075,7287.229492
30,0.511989,0.792022,7503.482422
31,0.528315,0.771567,7786.345703
32,0.550583,0.654634,8036.015625
33,0.573123,0.596643,8302.090820
34,0.724262,0.484119,8501.735352
35,0.893914,0.411574,8751.329102
36,0.948248,0.388648,9001.012695
37,0.953501,0.365622,9250.491211
38,0.965643,0.363648,9500.113281
39,0.043240,0.415463,9799.469727
40,0.059511,0.471287,10032.440430
41,0.063789,0.499385,10281.988281
42,0.088484,0.554856,10514.971680
43,0.117152,0.605787,10764.477539
44,0.109653,0.592689,11014.107422
45,0.077980,0.523867,11263.664062
46,0.075948,0.503529,11529.815430
47,0.070374,0.486776,11762.802734
48,0.055352,0.454040,12012.272461
49,0.049431,0.430808,12261.900391
50,0.032291,0.382502,12511.392578
51,0.008293,0.357237,12761.039062
52,0.975635,0.349102,13027.156250
53,0.962312,0.371421,13276.746094
54,0.992402,0.421305,13526.242188
55,0.073592,0.475794,13759.246094
56,0.081437,0.498191,14008.782227
57,0.133298,0.532205,14274.998047
58,0.158301,0.538747,14524.610352
59,0.080815,0.509392,14757.486328
60,0.974650,0.479888,15023.793945
61,0.923465,0.476508,15273.212891
62,0.983920,0.481937,15522.912109
63,0.995388,0.497634,15772.428711
64,0.943158,0.508933,16021.972656
65,0.844739,0.526855,16271.446289
66,0.786998,0.520254,16521.132812
67,0.611000,0.462206,16770.558594
68,0.509775,0.463986,17020.181641
69,0.464592,0.526634,17269.828125
70,0.460653,0.605130,17519.337891
71,0.457533,0.553739,17768.968750
72,0.455972,0.517747,18018.455078
73,0.455022,0.514716,18268.050781
74,0.456013,0.510441,18517.539062
75,0.459780,0.511784,18767.074219
76,0.460466,0.541343,19033.273438
77,0.503407,0.524492,19282.968750
78,0.534671,0.507850,19532.548828
79,0.538615,0.506665,19782.066406
80,0.547701,0.499086,20031.630859
81,0.648028,0.495265,20281.171875
82,0.875560,0.473732,20530.748047
83,0.971707,0.481114,20780.259766
84,0.016815,0.454983,21046.546875
85,0.061161,0.488432,21262.730469
86,0.077536,0.492483,21512.406250
87,0.074517,0.499723,21761.906250
88,0.073701,0.511292,22044.720703
89,0.071661,0.562886,22294.343750
90,0.077726,0.676259,22543.826172
91,0.086579,0.687067,22793.498047
92,0.113553,0.674341,23059.613281
93,0.104452,0.640071,23259.333984
94,0.093128,0.564533,23508.804688
95,0.090068,0.543292,23758.478516
96,0.054178,0.493724,24007.955078
97,0.035505,0.462980,24257.574219
98,0.028826,0.450311,24507.037109
99,0.025217,0.445898,24756.681641
0,0.748075,0.521501,-0.004533
1,0.736240,0.524816,266.083710
2,0.703873,0.543892,515.658752
3,0.643207,0.559988,765.171326
4,0.581091,0.565927,1014.768250
5,0.541451,0.564383,1264.320557
6,0.508338,0.564497,1513.891602
7,0.510100,0.533166,1763.346191
8,0.532771,0.474321,2013.038086
9,0.538340,0.451416,2262.491455
10,0.536349,0.441654,2512.144043
11,0.533077,0.449293,2761.746826
12,0.535088,0.450090,3011.277100
13,0.532760,0.443387,3260.868408
14,0.526901,0.448240,3510.376953
15,0.520301,0.437198,3760.000000
16,0.511843,0.438342,4009.499756
17,0.513418,0.436229,4259.082031
18,0.517200,0.436076,4508.566895
19,0.521322,0.443558,4758.209473
20,0.524415,0.445787,5007.700684
21,0.523780,0.433158,5257.397461
22,0.530764,0.431863,5506.853516
23,0.536469,0.425134,5756.490234
24,0.528813,0.432811,6006.044434
25,0.485298,0.445312,6255.576172
26,0.452842,0.451650,6505.251465
27,0.443687,0.449543,6754.678223
28,0.442110,0.426692,7004.348145
29,0.440103,0.417821,7253.770508
30,0.438728,0.421936,7503.451660
31,0.447852,0.435549,7752.890137
32,0.460673,0.440559,8002.539062
33,0.500260,0.442355,8252.068359
34,0.529765,0.442806,8501.664062
35,0.532206,0.437210,8751.210938
36,0.517697,0.439055,9000.811523
37,0.437541,0.445820,9250.411133
38,0.317707,0.447426,9516.559570
39,0.272828,0.464796,9766.175781
40,0.234024,0.490086,10015.613281
41,0.185473,0.514990,10265.253906
42,0.146634,0.501496,10514.751953
43,0.114394,0.461791,10847.512695
44,0.092812,0.448536,11080.535156
45,0.085428,0.447667,11330.014648
46,0.077428,0.445095,11562.994141
47,0.072465,0.449398,11812.514648
48,0.045303,0.438337,12062.135742
49,0.009466,0.428815,12311.633789
50,0.980783,0.427682,12544.588867
51,0.953800,0.410294,12794.122070
52,0.943846,0.360537,13043.717773
53,0.936673,0.335961,13293.366211
54,0.931584,0.332377,13559.499023
55,0.902847,0.367987,13809.065430
56,0.840654,0.463436,14058.611328
57,0.805093,0.529412,14308.250977
58,0.826746,0.558115,14541.069336
59,0.855030,0.534771,14790.683594
60,0.892573,0.472067,15040.218750
61,0.909713,0.437579,15289.838867
62,0.913840,0.422030,15539.349609
63,0.907300,0.414185,15772.350586
64,0.901115,0.416972,16021.840820
65,0.907196,0.411489,16271.444336
66,0.925015,0.415596,16520.945312
67,0.940436,0.418850,16770.564453
68,0.942437,0.444764,17020.142578
69,0.924845,0.448648,17253.037109
70,0.916595,0.449656,17519.263672
71,0.915335,0.455892,17768.796875
72,0.914948,0.457353,18001.794922
73,0.914811,0.457149,18251.277344
74,0.922290,0.447926,18500.896484
75,0.928169,0.435379,18750.414062
76,0.941810,0.423212,19033.273438
77,0.953816,0.419297,19282.863281
78,0.987138,0.426946,19515.750000
79,0.019724,0.417041,19765.248047
80,0.048395,0.416595,20048.136719
81,0.045202,0.420104,20281.162109
82,0.040403,0.432627,20530.656250
83,0.040965,0.433279,20763.638672
84,0.043164,0.421070,21013.146484
85,0.046515,0.409669,21279.335938
86,0.048115,0.403611,21512.230469
87,0.045865,0.406625,21761.835938
88,0.044530,0.423027,22011.353516
89,0.069563,0.455724,22260.986328
90,0.096636,0.462686,22510.500000
91,0.086111,0.465401,22760.101562
92,0.070677,0.461493,23009.564453
93,0.014707,0.422095,23325.751953
94,0.948941,0.366184,23575.302734
95,0.944171,0.344660,23841.597656
96,0.947607,0.336829,24091.107422
97,0.972700,0.331870,24324.050781
98,0.026165,0.330631,24556.947266
99,0.054594,0.334011,24806.537109
0,0.750001,0.425319,0.007569
1,0.749523,0.429092,266.207794
2,0.755437,0.442077,515.752075
3,0.787594,0.479242,765.324463
4,0.816917,0.520153,1014.889709
5,0.827293,0.558079,1264.532959
6,0.830987,0.570939,1513.994751
7,0.834645,0.570696,1763.583618
8,0.842464,0.556538,2013.224243
9,0.855414,0.524935,2262.739990
10,0.868908,0.490638,2512.179688
11,0.874496,0.456744,2761.856689
12,0.879336,0.423944,3011.430420
13,0.884387,0.399206,3260.945557
14,0.893502,0.388382,3510.536133
15,0.902549,0.389477,3760.093506
16,0.908871,0.390250,4009.706787
17,0.917021,0.385447,4259.213867
18,0.935858,0.384224,4508.894531
19,0.970687,0.391910,4758.399902
20,0.995887,0.398822,5007.962402
21,0.023931,0.402048,5257.506836
22,0.040024,0.383754,5507.044434
23,0.045006,0.390325,5756.668457
24,0.043937,0.393078,6006.184082
25,0.048124,0.412754,6289.039062
26,0.069228,0.493993,6538.620605
27,0.087068,0.525832,6788.161133
28,0.096767,0.548606,7021.039551
29,0.096810,0.553790,7270.641602
30,0.097260,0.554711,7520.115723
31,0.094953,0.556631,7753.137207
32,0.086000,0.583655,8002.794922
33,0.062083,0.581559,8252.219727
34,0.022130,0.529151,8501.863281
35,0.960440,0.490205,8751.382812
36,0.905755,0.469278,9001.017578
37,0.874168,0.469502,9250.469727
38,0.838167,0.485246,9500.113281
39,0.799851,0.519648,9783.012695
40,0.759572,0.545579,10015.857422
41,0.708803,0.517661,10265.453125
42,0.662867,0.487439,10531.565430
43,0.614998,0.461527,10764.583984
44,0.574509,0.441805,11030.682617
45,0.552409,0.436210,11280.355469
46,0.532796,0.462544,11529.850586
47,0.514018,0.500704,11762.800781
48,0.503872,0.522469,12012.299805
49,0.511492,0.541255,12261.937500
50,0.531027,0.568205,12511.450195
51,0.546090,0.585279,12761.105469
52,0.574781,0.559817,13027.313477
53,0.585364,0.501247,13276.792969
54,0.582369,0.459411,13509.773438
55,0.550468,0.451692,13759.354492
56,0.482349,0.454498,14008.885742
57,0.429250,0.469448,14275.095703
58,0.407402,0.473522,14508.065430
59,0.387870,0.460071,14757.564453
60,0.367290,0.444449,15007.110352
61,0.333139,0.457975,15256.653320
62,0.295652,0.492981,15506.246094
63,0.288423,0.505843,15755.750000
64,0.291719,0.510142,16005.438477
65,0.330325,0.516591,16338.173828
66,0.428773,0.519391,16587.769531
67,0.480986,0.511998,16820.666016
68,0.515942,0.494891,17070.126953
69,0.547580,0.481300,17336.351562
70,0.579000,0.474425,17569.404297
71,0.634918,0.460779,17802.244141
72,0.692525,0.457165,18051.892578
73,0.755281,0.468419,18301.404297
74,0.806685,0.474139,18534.371094
75,0.838904,0.470029,18767.265625
76,0.874498,0.447020,19016.886719
77,0.902677,0.415999,19266.330078
78,0.926654,0.391204,19515.941406
79,0.960957,0.400690,19798.687500
80,0.001247,0.443582,20031.787109
81,0.041435,0.468535,20281.177734
82,0.076143,0.496893,20514.207031
83,0.084003,0.503778,20763.728516
84,0.084889,0.504444,21013.314453
85,0.091329,0.519695,21262.832031
86,0.092571,0.533460,21512.474609
87,0.093970,0.539952,21761.955078
88,0.093587,0.541098,22044.828125
89,0.091871,0.537938,22261.150391
90,0.082909,0.528966,22527.318359
91,0.053168,0.512477,22776.957031
92,0.013144,0.486190,23026.406250
93,0.971236,0.457101,23276.029297
94,0.944682,0.425275,23508.925781
95,0.929076,0.388638,23758.564453
96,0.916052,0.361967,24008.039062
97,0.900291,0.343880,24257.666016
98,0.899659,0.322079,24507.154297
99,0.909692,0.308647,24773.417969
0,0.749918,0.533567,0.028364
1,0.751342,0.534680,266.188599
2,0.768301,0.540336,515.752258
3,0.824128,0.529492,765.249023
4,0.840957,0.464667,1014.878723
5,0.832237,0.398933,1264.532593
6,0.826203,0.369787,1514.059692
7,0.835442,0.368757,1763.597046
8,0.832155,0.369085,2013.090210
9,0.782078,0.343643,2262.724365
10,0.700975,0.313913,2512.246582
11,0.631197,0.379186,2761.895996
12,0.599790,0.474567,3011.434082
13,0.576387,0.535292,3260.973389
14,0.556694,0.565018,3510.457031
15,0.566674,0.594404,3760.107422
16,0.583077,0.613549,4009.675049
17,0.574214,0.616739,4259.185547
18,0.561910,0.573002,4508.835449
19,0.547558,0.534647,4758.341309
20,0.537670,0.517251,5007.990234
21,0.545869,0.511356,5257.423340
22,0.524432,0.507455,5507.076172
23,0.475696,0.506852,5756.590820
24,0.462658,0.513166,6006.170410
25,0.464278,0.511474,6255.677734
26,0.463270,0.513560,6505.269043
27,0.454337,0.502396,6838.009766
28,0.492325,0.491108,7087.566895
29,0.516887,0.490562,7337.125977
30,0.522646,0.495612,7586.816895
31,0.525478,0.501991,7819.677246
32,0.507006,0.529264,8069.234863
33,0.462660,0.551892,8318.770508
34,0.461749,0.574824,8551.617188
35,0.454958,0.570660,8801.240234
36,0.450399,0.544038,9050.903320
37,0.448529,0.541843,9283.747070
38,0.460982,0.541840,9533.332031
39,0.489392,0.520522,9766.219727
40,0.492236,0.528128,10015.867188
41,0.495519,0.531577,10265.330078
42,0.489365,0.530074,10514.998047
43,0.479416,0.548017,10797.733398
44,0.458762,0.543597,11047.312500
45,0.439094,0.546299,11296.864258
46,0.435063,0.561750,11529.806641
47,0.432494,0.579481,11779.300781
48,0.402353,0.588422,12028.957031
49,0.273257,0.585878,12261.831055
50,0.185025,0.567202,12511.423828
51,0.157990,0.553396,12777.671875
52,0.111693,0.493611,13027.185547
53,0.081848,0.470296,13276.792969
54,0.076062,0.457192,13526.324219
55,0.078252,0.455167,13759.324219
56,0.071960,0.450808,14025.415039
57,0.062336,0.443116,14258.378906
58,0.057608,0.424721,14507.908203
59,0.051474,0.429511,14757.508789
60,0.023557,0.452574,15007.030273
61,0.974377,0.456984,15256.601562
62,0.952577,0.456100,15506.145508
63,0.935247,0.451131,15755.747070
64,0.917490,0.448897,16005.421875
65,0.896456,0.453022,16254.885742
66,0.879620,0.463489,16587.597656
67,0.880816,0.461267,16837.242188
68,0.892923,0.456562,17086.744141
69,0.904474,0.448409,17319.691406
70,0.909561,0.446415,17569.230469
71,0.912585,0.448093,17802.253906
72,0.913726,0.453872,18051.675781
73,0.915934,0.453353,18284.695312
74,0.920452,0.439196,18534.226562
75,0.927464,0.399226,18783.853516
76,0.937731,0.371354,19016.681641
77,0.941551,0.354737,19266.300781
78,0.952681,0.359746,19515.822266
79,0.990459,0.361827,19765.427734
80,0.013839,0.366547,20014.951172
81,0.024570,0.378084,20297.767578
82,0.023195,0.386600,20547.316406
83,0.021509,0.392829,20796.943359
84,0.009973,0.419808,21046.525391
85,0.972104,0.483512,21296.058594
86,0.898058,0.569160,21545.646484
87,0.888746,0.613111,21795.158203
88,0.907039,0.645054,22044.751953
89,0.980505,0.686417,22277.640625
90,0.063039,0.670210,22510.666016
91,0.122819,0.597718,22760.121094
92,0.152044,0.552718,23009.726562
93,0.161662,0.540294,23259.267578
94,0.149236,0.546495,23508.832031
95,0.141994,0.568714,23775.001953
96,0.170173,0.594017,24024.591797
97,0.235134,0.640648,24274.257812
98,0.292399,0.696980,24523.753906
99,0.327607,0.709408,24756.738281
0,0.746348,0.561197,0.007573
1,0.742673,0.559090,266.260193
2,0.742622,0.558250,515.776550
3,0.766883,0.580593,765.334412
4,0.805120,0.592154,1014.859314
5,0.824998,0.602393,1264.476562
6,0.830917,0.615265,1514.062988
7,0.832993,0.624273,1763.574463
8,0.833781,0.623287,2013.101074
9,0.842820,0.556392,2262.800293
10,0.859908,0.479297,2512.178467
11,0.883918,0.421119,2761.838867
12,0.904015,0.367492,3011.458984
13,0.911656,0.325483,3260.950195
14,0.911465,0.306901,3510.587646
15,0.864201,0.272469,3760.092773
16,0.904769,0.288316,4009.735107
17,0.976503,0.313898,4259.191895
18,0.024350,0.332789,4508.806641
19,0.045735,0.371527,4758.262695
20,0.052167,0.399674,5007.968262
21,0.049899,0.404068,5257.377930
22,0.047200,0.403518,5507.038574
23,0.043729,0.404368,5756.725098
24,0.021668,0.405074,6006.140137
25,0.980388,0.402399,6255.811035
26,0.940906,0.404983,6505.262695
27,0.912384,0.430734,6754.904785
28,0.913667,0.524282,7004.345215
29,0.944033,0.615219,7254.004883
30,0.983251,0.678555,7503.464355
31,0.009055,0.700984,7753.089355
32,0.966733,0.665740,8002.571289
33,0.865034,0.600224,8252.282227
34,0.794151,0.570251,8501.750000
35,0.727799,0.549933,8751.328125
36,0.653833,0.540292,9000.987305
37,0.599553,0.532180,9250.549805
38,0.565232,0.529685,9500.085938
39,0.537040,0.526097,9766.193359
40,0.510866,0.527089,10015.824219
41,0.491172,0.529796,10265.283203
42,0.477848,0.579828,10548.199219
43,0.478830,0.620033,10781.181641
44,0.487669,0.578026,11030.714844
45,0.478434,0.475222,11280.341797
46,0.484076,0.465913,11529.808594
47,0.504860,0.475914,11762.822266
48,0.521545,0.499575,12012.324219
49,0.503819,0.521098,12278.399414
50,0.456628,0.524268,12528.029297
51,0.388746,0.495532,12761.014648
52,0.347805,0.466956,13043.736328
53,0.334257,0.462260,13276.740234
54,0.324268,0.472613,13526.250000
55,0.300343,0.496517,13759.280273
56,0.259267,0.493453,14008.732422
57,0.208845,0.485966,14258.373047
58,0.177789,0.500799,14524.615234
59,0.163761,0.541553,14757.475586
60,0.159307,0.554282,15007.136719
61,0.159830,0.545341,15256.577148
62,0.159708,0.532962,15506.253906
63,0.169099,0.529545,15755.691406
64,0.199494,0.536920,16005.346680
65,0.280237,0.558817,16254.804688
66,0.353654,0.565950,16504.462891
67,0.386430,0.561591,16753.986328
68,0.389038,0.561032,17003.556641
69,0.384789,0.530041,17253.087891
70,0.388917,0.506536,17502.669922
71,0.402711,0.502186,17752.306641
72,0.428959,0.505755,18001.791016
73,0.454413,0.506072,18251.423828
74,0.474608,0.506264,18500.892578
75,0.484705,0.506523,18750.529297
76,0.485174,0.510415,19000.017578
77,0.485562,0.510125,19332.812500
78,0.485920,0.509471,19598.992188
79,0.485479,0.509617,19848.509766
80,0.489947,0.507433,20098.144531
81,0.519728,0.505006,20347.794922
82,0.545409,0.503542,20580.666016
83,0.557793,0.496756,20830.265625
84,0.564678,0.495782,21079.759766
85,0.559729,0.496877,21329.355469
86,0.552644,0.499175,21578.880859
87,0.550428,0.508602,21828.464844
88,0.552285,0.525450,22061.367188
89,0.554999,0.544229,22327.597656
90,0.557876,0.557680,22560.501953
91,0.571778,0.570066,22810.060547
92,0.584435,0.579733,23059.587891
93,0.597109,0.575639,23292.566406
94,0.635902,0.475676,23542.064453
95,0.658455,0.429220,23791.724609
96,0.678309,0.372101,24024.578125
97,0.718701,0.406804,24274.162109
98,0.786465,0.474474,24507.029297
99,0.822795,0.528824,24756.695312
0,0.756929,0.474783,0.122375
1,0.762745,0.475492,266.309021
2,0.772318,0.488178,515.863953
3,0.797050,0.510581,765.453735
4,0.810742,0.525071,1014.969910
5,0.821408,0.523023,1264.537720
6,0.830901,0.513795,1514.114014
7,0.847539,0.491318,1763.669556
8,0.856261,0.475457,2013.242065
9,0.860499,0.473997,2262.798828
10,0.859113,0.477435,2512.348633
11,0.859159,0.479607,2761.928711
12,0.860514,0.481610,3011.486572
13,0.862512,0.487661,3261.054932
14,0.867348,0.498218,3510.639160
15,0.869815,0.505755,3760.191162
16,0.871421,0.505593,4009.739014
17,0.871582,0.506255,4259.296387
18,0.873202,0.505155,4508.859863
19,0.876827,0.504575,4758.457031
20,0.884109,0.505309,5008.002441
21,0.890490,0.503890,5257.565430
22,0.897196,0.501072,5507.145020
23,0.908303,0.500867,5756.727051
24,0.920065,0.499040,6006.242676
25,0.932927,0.496575,6255.808105
26,0.948321,0.490942,6505.408203
27,0.965859,0.481740,6754.937500
28,0.971616,0.480154,7004.529785
29,0.961604,0.484776,7254.098145
30,0.942459,0.505618,7503.678711
31,0.919109,0.565306,7753.206543
32,0.894753,0.605504,8002.812500
33,0.846868,0.638691,8252.323242
34,0.834557,0.636403,8501.902344
35,0.830692,0.627576,8751.476562
36,0.827296,0.612791,9001.016602
37,0.830049,0.579529,9250.621094
38,0.839072,0.549234,9500.153320
39,0.824715,0.538863,9766.366211
40,0.799817,0.537282,10015.907227
41,0.769047,0.531156,10265.503906
42,0.748281,0.536091,10515.031250
43,0.724541,0.537322,10764.636719
44,0.681363,0.540855,11014.168945
45,0.633229,0.537595,11263.729492
46,0.587236,0.534719,11513.293945
47,0.550387,0.526905,11762.864258
48,0.535785,0.513070,12012.449219
49,0.536225,0.503162,12262.033203
50,0.542143,0.509476,12511.591797
51,0.548474,0.514875,12761.122070
52,0.551734,0.524300,13010.690430
53,0.547058,0.526563,13260.249023
54,0.541280,0.536962,13509.840820
55,0.537151,0.561219,13759.383789
56,0.524184,0.585982,14008.966797
57,0.505385,0.597572,14258.515625
58,0.479408,0.599827,14508.078125
59,0.452102,0.589826,14757.652344
60,0.427811,0.574622,15007.193359
61,0.404358,0.557305,15256.778320
62,0.376974,0.519034,15506.314453
63,0.356893,0.495348,15755.883789
64,0.339035,0.485658,16005.444336
65,0.300115,0.497897,16255.019531
66,0.260735,0.500846,16504.582031
67,0.213296,0.498556,16754.208984
68,0.190681,0.489267,17003.712891
69,0.185606,0.463136,17253.263672
70,0.182226,0.450560,17502.837891
71,0.168766,0.451359,17752.400391
72,0.162441,0.451781,18001.953125
73,0.164628,0.460192,18251.525391
74,0.166503,0.472115,18501.085938
75,0.170622,0.481392,18750.646484
76,0.171785,0.481552,19000.232422
77,0.166654,0.472839,19266.412109
78,0.149341,0.476972,19515.980469
79,0.135628,0.468392,19765.544922
80,0.116758,0.472798,20015.115234
81,0.090396,0.476644,20264.695312
82,0.060197,0.478488,20514.250000
83,0.032486,0.465068,20763.804688
84,0.011254,0.456553,21013.353516
85,0.998083,0.450103,21262.927734
86,0.008055,0.451762,21512.496094
87,0.040325,0.457892,21762.046875
88,0.085325,0.513184,22011.611328
89,0.124594,0.584088,22261.203125
90,0.149767,0.597609,22510.753906
91,0.165688,0.584609,22760.314453
92,0.180021,0.573001,23009.878906
93,0.198956,0.555808,23259.451172
94,0.223028,0.538929,23508.992188
95,0.235362,0.545277,23758.568359
96,0.245172,0.512442,24008.132812
97,0.259895,0.439267,24257.732422
98,0.277610,0.403643,24507.244141
99,0.297317,0.395550,24756.828125
0,0.750878,0.559556,-0.028048
1,0.749235,0.558958,266.217529
2,0.738769,0.555420,515.812012
3,0.738088,0.557481,765.332031
4,0.806820,0.591052,1014.879944
5,0.852703,0.558680,1264.496460
6,0.869022,0.512423,1513.994751
7,0.879275,0.484753,1763.579224
8,0.893137,0.435119,2013.144165
9,0.913474,0.413333,2262.752441
10,0.924822,0.392228,2512.343994
11,0.933407,0.383032,2761.817627
12,0.932101,0.341864,3011.450928
13,0.925106,0.317710,3260.982422
14,0.935701,0.332072,3510.498779
15,0.967468,0.373015,3760.078369
16,0.995529,0.430095,4009.733154
17,0.008312,0.473395,4259.244629
18,0.007143,0.508841,4508.770020
19,0.960381,0.507669,4758.360840
20,0.875989,0.498150,5007.932617
21,0.802503,0.514632,5257.481934
22,0.764527,0.525062,5507.093262
23,0.737574,0.522224,5756.723633
24,0.687500,0.500052,6006.221191
25,0.631637,0.489738,6255.717285
26,0.581347,0.494139,6505.314453
27,0.536693,0.496986,6754.895020
28,0.480530,0.492781,7004.397949
29,0.426834,0.479665,7254.090332
30,0.388327,0.466983,7503.598145
31,0.381425,0.461430,7753.139648
32,0.406558,0.468193,8002.650391
33,0.441449,0.471256,8252.326172
34,0.460650,0.467663,8501.825195
35,0.475329,0.464071,8751.348633
36,0.496481,0.462062,9000.955078
37,0.517547,0.463879,9250.513672
38,0.537440,0.466941,9500.088867
39,0.553129,0.470456,9766.370117
40,0.565844,0.473595,10015.792969
41,0.574488,0.475564,10265.439453
42,0.576340,0.477482,10514.956055
43,0.570541,0.478828,10764.489258
44,0.559600,0.477659,11014.121094
45,0.544094,0.475484,11263.690430
46,0.528060,0.474440,11513.310547
47,0.515460,0.473099,11762.755859
48,0.506749,0.470424,12012.432617
49,0.500777,0.470432,12261.915039
50,0.496431,0.474649,12511.493164
51,0.493827,0.478588,12761.045898
52,0.494449,0.479393,13010.574219
53,0.497223,0.478056,13260.246094
54,0.505129,0.477453,13509.688477
55,0.516929,0.477437,13759.365234
56,0.533301,0.479667,14008.923828
57,0.559564,0.489111,14258.417969
58,0.599375,0.494300,14508.004883
59,0.650787,0.488275,14757.594727
60,0.700095,0.485804,15007.122070
61,0.739031,0.482958,15256.643555
62,0.767155,0.486858,15506.350586
63,0.783081,0.484686,15755.777344
64,0.789850,0.473371,16005.376953
65,0.789782,0.463089,16254.923828
66,0.774540,0.471458,16504.513672
67,0.751080,0.471237,16754.068359
68,0.756785,0.479522,17003.591797
69,0.759171,0.484932,17253.285156
70,0.765727,0.495864,17502.779297
71,0.805136,0.564569,17752.316406
72,0.838451,0.591240,18001.902344
73,0.849901,0.581191,18251.517578
74,0.866893,0.555819,18500.962891
75,0.874615,0.507500,18750.580078
76,0.879925,0.445882,19000.111328
77,0.884879,0.399257,19266.425781
78,0.891261,0.367489,19515.910156
79,0.891071,0.344880,19765.494141
80,0.883539,0.327699,20015.009766
81,0.878364,0.322465,20264.593750
82,0.875777,0.319130,20514.148438
83,0.866151,0.310561,20763.718750
84,0.836588,0.278259,21013.283203
85,0.781786,0.242778,21262.925781
86,0.731819,0.228730,21512.494141
87,0.688833,0.233930,21761.949219
88,0.642493,0.263580,22011.546875
89,0.578922,0.286766,22261.074219
90,0.531756,0.303523,22510.642578
91,0.509541,0.312857,22760.228516
92,0.493475,0.320377,23009.800781
93,0.466084,0.343641,23259.396484
94,0.420748,0.370208,23508.884766
95,0.374706,0.393908,23758.492188
96,0.344316,0.414739,24008.027344
97,0.322856,0.443156,24257.570312
98,0.311983,0.468838,24507.140625
99,0.312573,0.476613,24756.777344
0,0.750032,0.466708,0.023131
1,0.749712,0.467126,266.364105
2,0.750001,0.467451,515.899658
3,0.761924,0.472257,765.412903
4,0.816365,0.474724,1015.070740
5,0.849014,0.472510,1264.538086
6,0.849205,0.475658,1514.121338
7,0.848512,0.478358,1763.676147
8,0.845653,0.481022,2013.221436
9,0.816932,0.515507,2262.810059
10,0.770403,0.571344,2512.372559
11,0.709914,0.600235,2761.828613
12,0.693215,0.614726,3011.468994
13,0.685044,0.621109,3261.044434
14,0.663122,0.626451,3510.577148
15,0.639988,0.626528,3760.185547
16,0.606849,0.620889,4009.715820
17,0.554268,0.589118,4259.301758
18,0.507117,0.548593,4508.820801
19,0.470123,0.550429,4758.441895
20,0.471305,0.531958,5008.028320
21,0.483426,0.513185,5257.583008
22,0.529997,0.475870,5507.054199
23,0.592091,0.430166,5756.772461
24,0.621523,0.418516,6006.206543
25,0.644624,0.400175,6255.807129
26,0.670388,0.385296,6505.429688
27,0.747425,0.382678,6754.946289
28,0.762267,0.408719,7004.562988
29,0.802171,0.455784,7254.037598
30,0.877575,0.462099,7503.683105
31,0.932910,0.471545,7753.177734
32,0.015853,0.542351,8002.757812
33,0.072863,0.577870,8252.268555
34,0.120484,0.582765,8501.925781
35,0.156997,0.576967,8751.397461
36,0.186216,0.557820,9000.983398
37,0.228106,0.544491,9250.514648
38,0.275641,0.557578,9500.151367
39,0.330865,0.611302,9766.372070
40,0.375342,0.593115,10015.828125
41,0.423322,0.585152,10265.444336
42,0.454113,0.582624,10514.974609
43,0.460361,0.578266,10764.676758
44,0.447474,0.583224,11014.096680
45,0.425197,0.585279,11263.788086
46,0.391114,0.586810,11513.193359
47,0.352098,0.574035,11762.831055
48,0.352808,0.573860,12012.452148
49,0.353865,0.571561,12262.031250
50,0.353347,0.560230,12511.558594
51,0.231239,0.501114,12761.059570
52,0.134619,0.486358,13010.691406
53,0.128640,0.491113,13260.232422
54,0.127843,0.484065,13509.766602
55,0.080973,0.436568,13759.299805
56,0.064944,0.434896,14008.927734
57,0.062847,0.433769,14258.497070
58,0.063896,0.436327,14508.012695
59,0.068528,0.430108,14757.525391
60,0.069174,0.433583,15007.222656
61,0.069086,0.435433,15256.775391
62,0.070211,0.437435,15506.228516
63,0.071988,0.437813,15755.922852
64,0.073104,0.437872,16005.364258
65,0.073542,0.439702,16254.969727
66,0.074911,0.439128,16504.515625
67,0.074681,0.439593,16754.111328
68,0.073715,0.441949,17003.599609
69,0.073707,0.442927,17253.191406
70,0.074219,0.445263,17502.687500
71,0.074418,0.448107,17752.343750
72,0.072133,0.451719,18001.808594
73,0.056694,0.462436,18251.486328
74,0.030653,0.467559,18501.152344
75,0.991985,0.465988,18750.597656
76,0.942866,0.469886,19000.205078
77,0.909512,0.455926,19266.285156
78,0.896537,0.439241,19515.919922
79,0.902051,0.420831,19765.447266
80,0.930270,0.387852,20015.056641
81,0.997816,0.350791,20264.566406
82,0.061826,0.323602,20514.193359
83,0.132795,0.316712,20763.812500
84,0.170836,0.307121,21013.318359
85,0.189319,0.298481,21262.871094
86,0.201444,0.289706,21512.417969
87,0.206780,0.281481,21762.001953
88,0.201267,0.266405,22011.601562
89,0.191279,0.263490,22261.044922
90,0.187407,0.264683,22510.644531
91,0.135988,0.275956,22793.482422
92,0.092367,0.296966,23026.478516
93,0.089343,0.309803,23275.957031
94,0.092272,0.323048,23508.863281
95,0.089876,0.328219,23758.503906
96,0.068441,0.347919,24008.070312
97,0.056450,0.363218,24257.623047
98,0.057008,0.370914,24507.224609
99,0.057336,0.378118,24756.701172
0,0.749915,0.544508,0.003827
1,0.749949,0.544696,266.239044
2,0.750481,0.545629,515.752747
3,0.764500,0.536902,765.412781
4,0.810010,0.503924,1014.837280
5,0.866511,0.460469,1264.480835
6,0.888307,0.433583,1514.030640
7,0.893568,0.416957,1763.560913
8,0.923150,0.433701,2013.111206
9,0.964725,0.467210,2262.760010
10,0.980141,0.479328,2512.209473
11,0.967865,0.470644,2761.839600
12,0.875717,0.491164,3011.389893
13,0.730552,0.507143,3260.944824
14,0.646314,0.522777,3510.550781
15,0.599443,0.538551,3760.084229
16,0.551593,0.535113,4009.709473
17,0.508627,0.529016,4259.205566
18,0.448997,0.504463,4508.764160
19,0.382905,0.491660,4758.289551
20,0.326545,0.497186,5007.897461
21,0.265245,0.493881,5257.372070
22,0.217228,0.482665,5507.114746
23,0.189281,0.478403,5756.516602
24,0.167768,0.474875,6006.183594
25,0.175283,0.445214,6255.736816
26,0.188580,0.421220,6505.286621
27,0.168572,0.430121,6754.897461
28,0.165149,0.423881,7004.385254
29,0.180144,0.412677,7253.991211
30,0.229663,0.400959,7503.513184
31,0.290179,0.394652,7753.115723
32,0.339570,0.401750,8002.565918
33,0.381713,0.409898,8252.264648
34,0.414932,0.417704,8501.686523
35,0.434796,0.423523,8751.310547
36,0.436774,0.430744,9000.872070
37,0.447384,0.434943,9250.488281
38,0.480102,0.436871,9500.138672
39,0.508606,0.444110,9766.223633
40,0.518793,0.470514,10015.799805
41,0.515645,0.496463,10265.337891
42,0.520326,0.528858,10514.972656
43,0.542720,0.560986,10764.407227
44,0.571437,0.571844,11014.021484
45,0.606089,0.565081,11263.567383
46,0.648556,0.563526,11513.190430
47,0.700650,0.564128,11762.772461
48,0.765866,0.550308,12012.308594
49,0.838271,0.520971,12261.873047
50,0.897388,0.482840,12511.368164
51,0.959349,0.449001,12761.065430
52,0.013994,0.420004,13010.519531
53,0.041297,0.424781,13260.185547
54,0.038771,0.430053,13509.628906
55,0.034142,0.432639,13759.298828
56,0.035364,0.430733,14008.780273
57,0.033902,0.428391,14258.406250
58,0.032985,0.428413,14507.845703
59,0.029598,0.427635,14757.491211
60,0.021257,0.421955,15007.068359
61,0.007566,0.414089,15256.608398
62,0.991641,0.418684,15506.259766
63,0.971601,0.425190,15755.751953
64,0.950029,0.412510,16005.386719
65,0.938000,0.394854,16254.801758
66,0.930769,0.382761,16504.474609
67,0.922225,0.369362,16754.000000
68,0.918025,0.371188,17003.560547
69,0.914635,0.374727,17253.070312
70,0.912956,0.379742,17502.705078
71,0.910637,0.386072,17752.189453
72,0.909436,0.389942,18001.765625
73,0.905026,0.396519,18251.316406
74,0.887882,0.432884,18500.951172
75,0.867840,0.484890,18750.517578
76,0.854923,0.515332,19000.068359
77,0.844392,0.551110,19266.330078
78,0.856360,0.572514,19515.798828
79,0.924241,0.570672,19765.394531
80,0.985489,0.531022,20014.921875
81,0.002626,0.504315,20264.589844
82,0.007805,0.497677,20514.164062
83,0.009307,0.499491,20763.628906
84,0.007988,0.499656,21013.275391
85,0.009447,0.495887,21262.765625
86,0.015905,0.490955,21512.388672
87,0.023097,0.479296,21761.832031
88,0.028320,0.472231,22011.472656
89,0.039382,0.473710,22260.992188
90,0.064960,0.495268,22510.591797
91,0.081531,0.509656,22760.146484
92,0.086681,0.517982,23009.736328
93,0.089596,0.523381,23259.250000
94,0.084608,0.511050,23508.789062
95,0.059809,0.486096,23758.445312
96,0.005109,0.464436,24007.964844
97,0.939458,0.451541,24257.527344
98,0.900265,0.445550,24507.136719
99,0.892062,0.446398,24756.720703
0,0.761049,0.523455,-0.041165
1,0.781830,0.527220,266.163361
2,0.807215,0.532150,515.764343
3,0.824576,0.531989,765.366760
4,0.837447,0.531141,1014.841858
5,0.842756,0.530506,1264.462524
6,0.850309,0.508292,1514.022095
7,0.867260,0.472576,1763.543823
8,0.880227,0.450279,2013.105225
9,0.890468,0.453244,2262.749512
10,0.925229,0.474179,2512.322266
11,0.970607,0.509286,2761.780762
12,0.004673,0.539366,3011.417236
13,0.025537,0.561468,3260.956299
14,0.048651,0.591166,3510.515625
15,0.076711,0.623754,3760.045898
16,0.083438,0.638470,4009.660645
17,0.081302,0.635105,4259.172363
18,0.082551,0.615786,4508.729980
19,0.086275,0.605417,4758.292969
20,0.084803,0.606970,5007.880859
21,0.063716,0.602620,5257.418945
22,0.013592,0.573624,5507.024414
23,0.968487,0.556987,5756.646484
24,0.915181,0.541279,6006.126953
25,0.870139,0.539059,6255.692871
26,0.830387,0.540559,6505.273438
27,0.778776,0.539480,6754.903809
28,0.711893,0.518317,7004.403809
29,0.655186,0.506439,7254.038574
30,0.620045,0.514445,7503.542969
31,0.586209,0.524565,7753.119141
32,0.549300,0.529014,8002.638184
33,0.514722,0.548526,8252.266602
34,0.491737,0.545698,8501.849609
35,0.469905,0.548349,8751.407227
36,0.448982,0.556449,9000.915039
37,0.438907,0.555164,9250.489258
38,0.421742,0.522103,9500.001953
39,0.398549,0.495190,9766.252930
40,0.394984,0.493346,10015.822266
41,0.392653,0.501747,10265.404297
42,0.365355,0.509300,10514.918945
43,0.327112,0.536825,10764.500000
44,0.326642,0.544362,11014.065430
45,0.365660,0.539636,11263.619141
46,0.454598,0.568672,11513.181641
47,0.522647,0.613948,11762.728516
48,0.564048,0.662786,12012.322266
49,0.598603,0.697099,12261.915039
50,0.635211,0.717420,12511.531250
51,0.676961,0.721361,12761.049805
52,0.728821,0.715789,13010.609375
53,0.778903,0.708287,13260.162109
54,0.819706,0.701256,13509.659180
55,0.860324,0.701849,13759.268555
56,0.893710,0.698511,14008.881836
57,0.914085,0.699461,14258.447266
58,0.925907,0.700407,14507.921875
59,0.926006,0.703921,14757.548828
60,0.920700,0.710237,15007.095703
61,0.916369,0.709995,15256.625977
62,0.916181,0.710043,15506.209961
63,0.920408,0.709915,15755.820312
64,0.929743,0.712311,16005.353516
65,0.945165,0.716585,16254.913086
66,0.980137,0.721501,16504.501953
67,0.025889,0.695477,16754.000000
68,0.066004,0.623474,17003.558594
69,0.095183,0.557812,17253.156250
70,0.113378,0.528071,17502.781250
71,0.138702,0.496213,17752.326172
72,0.178601,0.444853,18001.908203
73,0.212853,0.414422,18251.462891
74,0.234268,0.392658,18500.951172
75,0.249212,0.406652,18750.544922
76,0.245445,0.423846,19000.070312
77,0.211453,0.447801,19266.318359
78,0.110508,0.448411,19515.923828
79,0.027099,0.440791,19765.433594
80,0.976019,0.425755,20015.005859
81,0.936500,0.421459,20264.617188
82,0.916799,0.420854,20514.089844
83,0.909695,0.424129,20763.720703
84,0.904256,0.440807,21013.279297
85,0.897214,0.451363,21262.871094
86,0.886924,0.463832,21512.423828
87,0.866833,0.486486,21761.953125
88,0.854777,0.507471,22011.529297
89,0.864662,0.510076,22261.041016
90,0.913388,0.480093,22510.652344
91,0.987062,0.462927,22760.160156
92,0.021739,0.454104,23009.761719
93,0.033986,0.448660,23259.306641
94,0.041701,0.456833,23508.869141
95,0.051703,0.463712,23758.458984
96,0.057781,0.471852,24008.025391
97,0.052266,0.480405,24257.574219
98,0.047339,0.487573,24507.128906
99,0.044396,0.493659,24756.687500
0,0.750512,0.499115,-0.003693
1,0.757053,0.515003,266.241028
2,0.774779,0.534128,515.734619
3,0.808371,0.555324,765.332092
4,0.828834,0.603312,1014.895203
5,0.837380,0.632164,1264.438965
6,0.841657,0.707320,1514.017334
7,0.841299,0.797379,1763.578369
8,0.838000,0.843575,2013.146240
9,0.841696,0.841872,2262.658691
10,0.849346,0.758018,2512.271240
11,0.868564,0.601459,2761.827148
12,0.881635,0.481540,3011.373535
13,0.885436,0.420142,3261.012207
14,0.888126,0.386333,3510.555176
15,0.888458,0.375835,3760.134033
16,0.883204,0.374060,4009.608154
17,0.869615,0.381907,4259.212402
18,0.858351,0.386179,4508.751465
19,0.852880,0.393385,4758.320312
20,0.854373,0.402616,5007.915527
21,0.859603,0.409331,5257.485352
22,0.871488,0.409699,5507.058594
23,0.891774,0.406891,5756.592773
24,0.913043,0.402902,6006.211914
25,0.926949,0.401142,6255.681641
26,0.936251,0.409317,6505.244629
27,0.951656,0.410278,6754.856934
28,0.960111,0.412371,7004.422852
29,0.974073,0.414195,7270.672852
30,0.992296,0.415877,7503.506836
31,0.009520,0.423213,7753.122070
32,0.028787,0.429001,8002.712891
33,0.050468,0.432487,8252.212891
34,0.066000,0.430183,8501.829102
35,0.071573,0.393765,8751.367188
36,0.077295,0.387127,9000.946289
37,0.089443,0.438657,9250.458984
38,0.097518,0.488401,9500.136719
39,0.107847,0.514378,9766.303711
40,0.124849,0.582692,10015.813477
41,0.137175,0.610703,10265.391602
42,0.148119,0.623155,10514.942383
43,0.175328,0.647657,10764.512695
44,0.231987,0.641441,11014.054688
45,0.289845,0.627172,11263.600586
46,0.333728,0.606905,11513.163086
47,0.359980,0.586281,11762.763672
48,0.387034,0.565299,12012.332031
49,0.391302,0.525611,12261.933594
50,0.388446,0.507117,12511.466797
51,0.381221,0.515687,12760.996094
52,0.372686,0.538580,13010.545898
53,0.354068,0.532942,13260.154297
54,0.326105,0.481591,13509.715820
55,0.306963,0.454007,13759.295898
56,0.279104,0.451461,14008.840820
57,0.240139,0.441603,14258.402344
58,0.216588,0.456547,14507.975586
59,0.199252,0.501566,14757.514648
60,0.171451,0.514641,15007.098633
61,0.111185,0.503393,15256.664062
62,0.003840,0.467156,15506.191406
63,0.907498,0.455160,15755.769531
64,0.828833,0.486182,16005.351562
65,0.768665,0.509440,16254.930664
66,0.707589,0.527229,16504.462891
67,0.643898,0.537293,16754.115234
68,0.597247,0.544691,17003.664062
69,0.557784,0.555346,17253.138672
70,0.523252,0.597459,17502.732422
71,0.470442,0.630510,17752.271484
72,0.416493,0.588454,18001.861328
73,0.408587,0.543870,18251.410156
74,0.406064,0.487181,18501.013672
75,0.380807,0.444921,18750.556641
76,0.373792,0.419498,19000.080078
77,0.374425,0.385234,19266.308594
78,0.351186,0.384134,19515.896484
79,0.317865,0.438782,19765.513672
80,0.298157,0.496260,20015.000000
81,0.280891,0.551550,20264.550781
82,0.278640,0.583499,20514.216797
83,0.279505,0.591973,20763.685547
84,0.282919,0.601070,21013.279297
85,0.260176,0.606681,21262.810547
86,0.211310,0.605920,21512.425781
87,0.192940,0.598350,21761.980469
88,0.211325,0.585142,22011.494141
89,0.264518,0.595943,22261.060547
90,0.327050,0.696422,22510.615234
91,0.389501,0.754616,22760.234375
92,0.444464,0.779352,23009.775391
93,0.472549,0.786759,23259.416016
94,0.492859,0.792285,23508.912109
95,0.505531,0.778135,23758.476562
96,0.515410,0.746441,24008.029297
97,0.530549,0.708087,24257.603516
98,0.549110,0.660112,24507.181641
99,0.558724,0.617771,24756.712891
0,0.756485,0.473627,-0.024634
1,0.762340,0.477237,266.155273
2,0.757692,0.475335,515.722473
3,0.744073,0.470283,765.399109
4,0.727763,0.473045,1014.851929
5,0.709101,0.475501,1264.437622
6,0.683024,0.492522,1514.114014
7,0.653121,0.521895,1763.545776
8,0.621199,0.543687,2013.122559
9,0.594829,0.557597,2262.694580
10,0.574877,0.565255,2512.292725
11,0.552762,0.564090,2761.845459
12,0.533890,0.562846,3011.362305
13,0.514786,0.557615,3261.036865
14,0.500131,0.553792,3510.479980
15,0.484245,0.551896,3760.102295
16,0.470731,0.553374,4009.660400
17,0.466173,0.563450,4259.302246
18,0.462037,0.563860,4508.833496
19,0.445340,0.547876,4758.361816
20,0.408839,0.524321,5007.943848
21,0.418759,0.522687,5257.455078
22,0.460383,0.525194,5507.000000
23,0.495716,0.531377,5756.670410
24,0.520006,0.535500,6006.136230
25,0.548354,0.526137,6255.815430
26,0.577870,0.517736,6505.260742
27,0.605272,0.505512,6754.955566
28,0.633055,0.498719,7004.445312
29,0.663641,0.490881,7253.958496
30,0.693820,0.489301,7503.520508
31,0.719303,0.489139,7753.108398
32,0.744371,0.490436,8002.682617
33,0.772099,0.492238,8252.213867
34,0.797619,0.496131,8501.798828
35,0.817838,0.497380,8751.384766
36,0.832671,0.496861,9000.893555
37,0.844721,0.495158,9250.503906
38,0.855030,0.488692,9500.109375
39,0.867327,0.480734,9766.323242
40,0.879992,0.467580,10015.887695
41,0.892918,0.454703,10265.355469
42,0.902332,0.445815,10514.970703
43,0.908843,0.442506,10764.485352
44,0.923584,0.445640,11014.083984
45,0.938035,0.446743,11263.637695
46,0.942599,0.448696,11513.243164
47,0.947191,0.448803,11762.793945
48,0.953231,0.447174,12012.301758
49,0.956572,0.448820,12261.971680
50,0.953653,0.450214,12511.431641
51,0.952293,0.449354,12761.047852
52,0.950898,0.449561,13010.630859
53,0.950413,0.449125,13260.197266
54,0.949021,0.450968,13509.742188
55,0.948307,0.452105,13759.284180
56,0.949140,0.454137,14008.895508
57,0.953156,0.459612,14258.416016
58,0.982228,0.476151,14507.984375
59,0.028577,0.508120,14757.499023
60,0.073740,0.547633,15007.110352
61,0.106036,0.591187,15256.643555
62,0.110693,0.603970,15506.187500
63,0.103062,0.599581,15755.862305
64,0.084886,0.583337,16005.361328
65,0.070220,0.568090,16254.966797
66,0.063206,0.561633,16504.453125
67,0.085752,0.600681,16754.072266
68,0.132236,0.656851,17003.568359
69,0.171987,0.671654,17253.138672
70,0.218487,0.706190,17502.765625
71,0.256792,0.684668,17752.283203
72,0.273016,0.635745,18001.960938
73,0.330480,0.633278,18251.400391
74,0.369031,0.631530,18501.080078
75,0.371851,0.627363,18750.527344
76,0.329187,0.581624,19000.138672
77,0.294800,0.527354,19266.308594
78,0.243367,0.514470,19515.968750
79,0.141027,0.498795,19765.427734
80,0.018096,0.485354,20015.027344
81,0.921252,0.477968,20264.587891
82,0.848293,0.477786,20514.164062
83,0.784231,0.492804,20763.693359
84,0.698301,0.516907,21013.250000
85,0.627545,0.544910,21262.849609
86,0.582816,0.549503,21512.470703
87,0.555577,0.559155,21762.015625
88,0.536099,0.574649,22011.533203
89,0.509193,0.594034,22261.136719
90,0.477785,0.594620,22510.636719
91,0.447676,0.599345,22760.226562
92,0.430001,0.595848,23009.792969
93,0.427517,0.574713,23259.384766
94,0.447535,0.584451,23508.890625
95,0.463531,0.594137,23758.435547
96,0.466859,0.603378,24008.064453
97,0.471020,0.621959,24257.601562
98,0.478435,0.663186,24507.128906
99,0.489527,0.689886,24756.753906
0,0.743729,0.868124,-0.051592
1,0.726808,0.860569,266.138275
2,0.704016,0.841202,515.770020
3,0.631844,0.778322,765.304077
4,0.578657,0.742057,1014.881287
5,0.580611,0.813571,1264.426880
6,0.570814,0.863534,1513.966187
7,0.536018,0.866553,1763.551880
8,0.462347,0.858056,2013.089478
9,0.397834,0.827206,2262.654053
10,0.364082,0.735483,2512.216797
11,0.343738,0.629961,2761.800537
12,0.320408,0.527660,3011.343750
13,0.331812,0.469177,3260.917480
14,0.407601,0.463726,3510.503662
15,0.471272,0.462453,3760.045654
16,0.513811,0.461440,4009.618408
17,0.530483,0.461236,4259.174316
18,0.547781,0.468402,4508.732910
19,0.566910,0.460844,4758.292480
20,0.585250,0.445381,5007.878418
21,0.614650,0.448830,5257.430176
22,0.602541,0.459726,5507.006836
23,0.610307,0.469100,5756.553711
24,0.696137,0.476488,6006.123535
25,0.756736,0.470206,6255.692383
26,0.811773,0.469777,6505.240234
27,0.854446,0.467707,6754.804199
28,0.876043,0.451679,7004.358398
29,0.895043,0.425336,7253.956543
30,0.915395,0.411343,7503.517578
31,0.929330,0.399084,7753.078125
32,0.934754,0.390507,8002.623047
33,0.949896,0.399525,8252.196289
34,0.979116,0.411899,8501.750977
35,0.004301,0.418621,8751.319336
36,0.015308,0.430598,9000.885742
37,0.019674,0.444106,9250.444336
38,0.018574,0.449782,9500.048828
39,0.018679,0.462967,9766.222656
40,0.019523,0.494287,10015.784180
41,0.019494,0.539917,10265.333984
42,0.017124,0.597453,10514.939453
43,0.993808,0.629972,10764.477539
44,0.911130,0.628353,11014.040039
45,0.845914,0.607765,11263.601562
46,0.838571,0.609682,11513.173828
47,0.836276,0.607454,11762.750977
48,0.849963,0.608851,12012.292969
49,0.896105,0.602405,12261.859375
50,0.999569,0.570803,12511.431641
51,0.052818,0.555260,12760.995117
52,0.074998,0.553157,13010.556641
53,0.087907,0.535145,13260.120117
54,0.097855,0.515638,13509.708984
55,0.103177,0.515814,13759.244141
56,0.104595,0.520124,14008.812500
57,0.103478,0.522032,14258.365234
58,0.102764,0.522265,14507.942383
59,0.101891,0.520651,14757.485352
60,0.100391,0.522151,15007.036133
61,0.097881,0.524957,15256.629883
62,0.092993,0.525441,15506.191406
63,0.087047,0.524663,15755.741211
64,0.078364,0.525319,16005.327148
65,0.066256,0.518601,16254.868164
66,0.048509,0.498253,16504.443359
67,0.010008,0.457967,16754.017578
68,0.975219,0.422810,17003.566406
69,0.974025,0.417194,17253.138672
70,0.967430,0.419199,17502.689453
71,0.926849,0.403551,17752.265625
72,0.898522,0.391348,18001.814453
73,0.879934,0.375105,18251.398438
74,0.865896,0.379610,18500.962891
75,0.851659,0.386207,18750.541016
76,0.830539,0.402897,19000.101562
77,0.796718,0.442314,19266.287109
78,0.660025,0.500597,19515.832031
79,0.551202,0.523859,19765.419922
80,0.508544,0.539067,20014.990234
81,0.472491,0.564875,20264.546875
82,0.458109,0.613020,20514.121094
83,0.457381,0.652000,20763.675781
84,0.475789,0.669882,21013.230469
85,0.489591,0.675533,21262.802734
86,0.480967,0.666507,21512.373047
87,0.436524,0.632484,21761.919922
88,0.402442,0.611902,22011.470703
89,0.432563,0.571400,22261.033203
90,0.455589,0.534729,22510.625000
91,0.441093,0.568197,22760.193359
92,0.415070,0.574505,23009.730469
93,0.348118,0.545659,23259.292969
94,0.293309,0.503614,23508.863281
95,0.294822,0.474443,23758.416016
96,0.317598,0.451086,24008.001953
97,0.362966,0.434040,24257.562500
98,0.425643,0.434866,24507.136719
99,0.471257,0.430202,24756.710938
0,0.750056,0.551352,-0.028189
1,0.750152,0.551664,266.228821
2,0.762652,0.549616,515.714844
3,0.839895,0.502643,765.254517
4,0.901392,0.452578,1014.839600
5,0.926495,0.418594,1264.449341
6,0.934728,0.398267,1514.021851
7,0.938285,0.379472,1763.503174
8,0.939519,0.367820,2013.170410
9,0.939138,0.367947,2262.628174
10,0.943920,0.371377,2512.250488
11,0.941266,0.384849,2761.789062
12,0.932582,0.406974,3011.376465
13,0.927493,0.431472,3260.915283
14,0.945473,0.464460,3510.486084
15,0.010787,0.472057,3760.120361
16,0.058566,0.474204,4009.592529
17,0.078664,0.482227,4259.130371
18,0.091248,0.495784,4508.727539
19,0.099556,0.509264,4758.376953
20,0.125194,0.553322,5007.917969
21,0.147744,0.585087,5257.451172
22,0.155998,0.592525,5507.014160
23,0.155393,0.590184,5756.583008
24,0.155717,0.591570,6006.094238
25,0.156078,0.593210,6255.640137
26,0.154029,0.591893,6505.322754
27,0.151248,0.587667,6754.869141
28,0.141658,0.592566,7004.332031
29,0.103944,0.677864,7253.983887
30,0.048985,0.751478,7503.520996
31,0.991209,0.779511,7753.039062
32,0.927909,0.766002,8002.635742
33,0.864670,0.746630,8252.220703
34,0.801609,0.724230,8501.736328
35,0.780107,0.573363,8751.328125
36,0.749661,0.328515,9000.852539
37,0.693998,0.235449,9250.445312
38,0.604967,0.310408,9516.665039
39,0.539908,0.487558,9766.195312
40,0.513317,0.544829,10015.758789
41,0.508147,0.567986,10265.379883
42,0.519116,0.587562,10514.946289
43,0.537717,0.605111,10764.436523
44,0.562823,0.607314,11014.013672
45,0.576084,0.605606,11263.571289
46,0.573733,0.609589,11513.176758
47,0.563282,0.614104,11762.704102
48,0.563217,0.618762,12012.276367
49,0.566678,0.625903,12261.847656
50,0.599140,0.599999,12511.398438
51,0.634098,0.550933,12760.966797
52,0.623446,0.531514,13010.573242
53,0.584144,0.517420,13260.090820
54,0.557492,0.514681,13509.686523
55,0.498428,0.519140,13759.203125
56,0.411384,0.534887,14008.799805
57,0.365950,0.553345,14258.366211
58,0.348843,0.566283,14508.016602
59,0.343443,0.560437,14757.490234
60,0.361821,0.534887,15007.044922
61,0.383707,0.497391,15256.600586
62,0.408759,0.499116,15506.186523
63,0.442271,0.507789,15755.756836
64,0.479949,0.500563,16005.290039
65,0.527204,0.485384,16254.858398
66,0.561590,0.474724,16504.476562
67,0.563171,0.473665,16754.027344
68,0.548788,0.482539,17003.533203
69,0.526956,0.485338,17253.123047
70,0.519026,0.488945,17502.708984
71,0.516512,0.487257,17752.232422
72,0.526505,0.485066,18001.791016
73,0.530386,0.481990,18251.359375
74,0.531692,0.481773,18501.021484
75,0.532257,0.482418,18750.523438
76,0.531861,0.483705,19000.123047
77,0.524518,0.485219,19266.246094
78,0.519306,0.487319,19515.837891
79,0.517807,0.486772,19765.386719
80,0.518298,0.486084,20014.986328
81,0.518546,0.487604,20264.498047
82,0.518589,0.488352,20514.169922
83,0.518520,0.487739,20763.677734
84,0.523369,0.486509,21013.226562
85,0.543465,0.480757,21262.781250
86,0.560600,0.472085,21512.324219
87,0.583975,0.475719,21761.949219
88,0.604303,0.477990,22011.470703
89,0.617910,0.485519,22261.087891
90,0.624675,0.488465,22510.582031
91,0.629196,0.498191,22760.226562
92,0.616297,0.505231,23009.718750
93,0.619199,0.504698,23259.285156
94,0.671787,0.475977,23508.894531
95,0.744298,0.475571,23758.439453
96,0.794910,0.535114,24007.972656
97,0.838158,0.572962,24257.548828
98,0.866925,0.565532,24507.160156
99,0.887441,0.550934,24756.654297
0,0.749579,0.682174,0.002531
1,0.755343,0.664174,266.248993
2,0.781526,0.666763,515.888672
3,0.827726,0.650176,765.369934
4,0.838389,0.643082,1014.958008
5,0.840380,0.665372,1264.541992
6,0.851844,0.651916,1514.056152
7,0.877733,0.556889,1763.652100
8,0.888587,0.486358,2013.190552
9,0.894734,0.415143,2262.731445
10,0.912288,0.387410,2512.313965
11,0.934729,0.386901,2761.852539
12,0.983747,0.401291,3011.487793
13,0.045015,0.401461,3260.968262
14,0.083807,0.401645,3510.648926
15,0.114538,0.442067,3760.109619
16,0.130297,0.528518,4009.711914
17,0.130836,0.595452,4259.262695
18,0.119447,0.616644,4508.837402
19,0.092614,0.632533,4758.441895
20,0.048099,0.653843,5007.916016
21,0.980228,0.683032,5257.579102
22,0.946036,0.670928,5507.117188
23,0.968460,0.581841,5756.646484
24,0.980813,0.544198,6006.233398
25,0.976852,0.540764,6255.821777
26,0.960614,0.521425,6505.360840
27,0.924772,0.503661,6754.869629
28,0.859764,0.530747,7004.470703
29,0.801920,0.587884,7254.026855
30,0.774831,0.615819,7503.587891
31,0.781196,0.617030,7753.166504
32,0.808801,0.607304,8002.746582
33,0.771535,0.590964,8252.309570
34,0.715452,0.547665,8501.839844
35,0.664975,0.553017,8751.436523
36,0.611684,0.569454,9000.992188
37,0.579432,0.579357,9250.517578
38,0.554672,0.590176,9500.073242
39,0.521931,0.589118,9766.340820
40,0.490207,0.586320,10015.931641
41,0.469514,0.583759,10265.450195
42,0.459988,0.579774,10514.974609
43,0.458986,0.580231,10764.654297
44,0.455227,0.587737,11014.159180
45,0.452226,0.595738,11263.760742
46,0.445728,0.601892,11513.249023
47,0.439895,0.607862,11762.888672
48,0.449091,0.604154,12012.351562
49,0.490861,0.587263,12261.920898
50,0.530077,0.568837,12511.534180
51,0.545961,0.566359,12761.064453
52,0.551895,0.567459,13010.714844
53,0.551768,0.574216,13260.192383
54,0.534549,0.558654,13509.840820
55,0.507418,0.490303,13759.312500
56,0.484710,0.475048,14008.891602
57,0.434702,0.481429,14258.491211
58,0.370265,0.519251,14508.068359
59,0.337717,0.543698,14757.646484
60,0.321307,0.607854,15007.114258
61,0.312518,0.616126,15256.804688
62,0.310177,0.605394,15506.296875
63,0.330733,0.598660,15755.835938
64,0.379309,0.578111,16005.386719
65,0.387949,0.570114,16255.000000
66,0.376276,0.573842,16504.501953
67,0.356412,0.579162,16754.093750
68,0.363667,0.580883,17003.666016
69,0.382093,0.578222,17253.234375
70,0.404184,0.573838,17502.818359
71,0.433443,0.565369,17752.417969
72,0.465798,0.562267,18001.943359
73,0.494568,0.562233,18251.494141
74,0.521145,0.558254,18501.044922
75,0.553830,0.551126,18750.707031
76,0.591555,0.549559,19000.173828
77,0.625774,0.545788,19266.351562
78,0.660029,0.547094,19515.953125
79,0.701518,0.544174,19765.523438
80,0.728067,0.541634,20015.144531
81,0.718134,0.550969,20264.599609
82,0.706574,0.559585,20514.201172
83,0.705846,0.563947,20763.814453
84,0.704793,0.564913,21013.281250
85,0.701896,0.571972,21262.908203
86,0.703889,0.591162,21512.472656
87,0.705889,0.607905,21762.046875
88,0.720766,0.609591,22011.583984
89,0.751445,0.588956,22261.115234
90,0.737296,0.566547,22510.669922
91,0.722293,0.576287,22760.294922
92,0.723863,0.580105,23009.820312
93,0.723989,0.582731,23259.371094
94,0.729152,0.576466,23508.986328
95,0.741613,0.547662,23758.529297
96,0.733002,0.516946,24008.074219
97,0.729317,0.503357,24257.689453
98,0.735406,0.502989,24507.214844
99,0.736850,0.509140,24756.744141
0,0.749884,0.524255,-0.060234
1,0.751159,0.529301,266.150452
2,0.779805,0.553000,515.755493
3,0.839765,0.559414,765.326233
4,0.892010,0.542657,1014.852112
5,0.925200,0.521201,1264.446899
6,0.961079,0.510624,1513.991333
7,0.993845,0.505193,1763.559326
8,0.021537,0.506694,2013.097534
9,0.047687,0.516162,2262.671143
10,0.082280,0.535116,2512.202393
11,0.093518,0.540443,2761.823975
12,0.084642,0.541926,3011.391602
13,0.061484,0.544497,3261.027832
14,0.022483,0.548083,3510.514893
15,0.931349,0.562837,3760.037842
16,0.805521,0.562514,4009.657959
17,0.698725,0.551979,4259.179688
18,0.620834,0.545808,4508.852051
19,0.558707,0.548561,4758.337402
20,0.512366,0.557412,5007.933594
21,0.469617,0.566215,5257.418457
22,0.443675,0.561003,5506.986816
23,0.433947,0.546860,5756.557617
24,0.432892,0.539426,6006.194824
25,0.469672,0.538426,6255.737793
26,0.516143,0.536695,6505.240234
27,0.538183,0.538692,6754.889160
28,0.557105,0.554123,7004.397949
29,0.567696,0.559059,7253.955566
30,0.566171,0.554009,7503.495605
31,0.551051,0.552461,7753.058105
32,0.528637,0.552149,8002.673340
33,0.505180,0.534961,8252.205078
34,0.463899,0.528012,8501.850586
35,0.399760,0.520107,8751.310547
36,0.352739,0.509451,9000.878906
37,0.318288,0.509220,9250.507812
38,0.261283,0.532330,9500.125977
39,0.188524,0.549078,9766.224609
40,0.162744,0.555157,10015.851562
41,0.130037,0.547706,10265.370117
42,0.112197,0.537381,10514.946289
43,0.103802,0.531260,10764.465820
44,0.092739,0.537260,11014.025391
45,0.082639,0.543873,11263.602539
46,0.085243,0.542800,11513.243164
47,0.084643,0.537342,11762.728516
48,0.078960,0.528582,12012.315430
49,0.064287,0.524041,12261.908203
50,0.039688,0.513970,12511.401367
51,0.017092,0.513155,12761.021484
52,0.993925,0.512071,13010.551758
53,0.961145,0.513946,13260.153320
54,0.944751,0.520908,13509.664062
55,0.991239,0.548126,13759.234375
56,0.106058,0.574870,14008.857422
57,0.149913,0.579309,14258.352539
58,0.212165,0.578838,14507.955078
59,0.324641,0.583339,14757.602539
60,0.407942,0.591414,15007.166016
61,0.457114,0.606405,15256.625000
62,0.487680,0.621990,15506.201172
63,0.512267,0.667713,15755.760742
64,0.522389,0.729723,16005.325195
65,0.527473,0.729970,16254.918945
66,0.518622,0.639612,16504.447266
67,0.503698,0.497773,16754.007812
68,0.488416,0.422922,17003.652344
69,0.472214,0.415510,17253.144531
70,0.443799,0.437312,17502.771484
71,0.389751,0.458616,17752.277344
72,0.340329,0.470092,18001.804688
73,0.296720,0.478871,18251.453125
74,0.264512,0.493785,18501.029297
75,0.185117,0.524619,18750.507812
76,0.153932,0.540232,19000.083984
77,0.164107,0.545996,19266.287109
78,0.230768,0.563650,19515.888672
79,0.321789,0.567552,19765.437500
80,0.402743,0.570394,20014.970703
81,0.460801,0.558121,20264.568359
82,0.500681,0.548775,20514.203125
83,0.528835,0.550309,20763.693359
84,0.558865,0.552463,21013.261719
85,0.583034,0.551093,21262.843750
86,0.603954,0.550339,21512.345703
87,0.623161,0.547851,21761.927734
88,0.639974,0.547175,22011.488281
89,0.652566,0.548799,22261.087891
90,0.660487,0.551209,22510.652344
91,0.663363,0.551902,22760.181641
92,0.664060,0.551593,23009.845703
93,0.665226,0.551460,23259.371094
94,0.661296,0.548995,23508.943359
95,0.652029,0.547526,23758.453125
96,0.640737,0.550300,24008.060547
97,0.632286,0.552536,24257.591797
98,0.613755,0.550657,24507.113281
99,0.591723,0.548856,24756.738281
0,0.744303,0.497546,0.015252
1,0.742506,0.499506,266.245300
2,0.744415,0.504977,515.837158
3,0.754788,0.526610,765.449219
4,0.772288,0.544129,1014.954590
5,0.782916,0.552509,1264.481934
6,0.792472,0.552326,1514.030640
7,0.818500,0.535215,1763.638672
8,0.854204,0.520498,2013.169189
9,0.881560,0.508324,2262.794922
10,0.900764,0.483864,2512.325195
11,0.899847,0.445866,2761.924805
12,0.898834,0.405827,3011.416748
13,0.922548,0.400265,3261.030029
14,0.967644,0.409804,3510.579346
15,0.982071,0.419694,3760.121094
16,0.988083,0.424195,4009.777100
17,0.988974,0.426951,4259.254395
18,0.987478,0.425063,4508.916992
19,0.984621,0.428369,4758.402832
20,0.981033,0.426106,5008.039062
21,0.976929,0.423934,5257.533691
22,0.976918,0.434612,5507.105957
23,0.972367,0.469162,5756.652832
24,0.967639,0.477713,6006.280762
25,0.964025,0.481858,6255.782227
26,0.958703,0.480041,6505.316406
27,0.953859,0.477224,6754.944824
28,0.918389,0.469345,7004.476562
29,0.845429,0.470682,7254.087891
30,0.780180,0.478508,7503.612305
31,0.705731,0.476590,7753.157227
32,0.630299,0.477434,8002.745605
33,0.575882,0.480384,8252.299805
34,0.543736,0.485313,8501.898438
35,0.513082,0.488978,8751.430664
36,0.485534,0.483613,9001.001953
37,0.459217,0.483726,9250.598633
38,0.437201,0.488546,9500.179688
39,0.430980,0.501775,9766.322266
40,0.436037,0.513911,10015.890625
41,0.441879,0.512481,10265.408203
42,0.453981,0.518040,10515.071289
43,0.477266,0.524625,10764.574219
44,0.492495,0.520917,11014.157227
45,0.507162,0.521692,11263.649414
46,0.530084,0.524303,11513.370117
47,0.546806,0.517548,11762.835938
48,0.565349,0.515981,12012.371094
49,0.580400,0.516989,12261.945312
50,0.586551,0.527650,12511.497070
51,0.569534,0.568913,12761.148438
52,0.535764,0.600835,13010.599609
53,0.511152,0.608458,13260.244141
54,0.505638,0.581406,13509.783203
55,0.508414,0.546297,13759.322266
56,0.528126,0.499165,14008.952148
57,0.549108,0.471893,14258.479492
58,0.570465,0.470491,14508.103516
59,0.571214,0.462690,14757.575195
60,0.542041,0.441330,15007.174805
61,0.491214,0.436298,15256.677734
62,0.429399,0.441100,15506.261719
63,0.381368,0.444485,15755.822266
64,0.351619,0.456207,16005.409180
65,0.315594,0.474024,16254.968750
66,0.287275,0.483566,16504.636719
67,0.269250,0.487418,16754.123047
68,0.249001,0.492188,17003.685547
69,0.229807,0.499786,17253.193359
70,0.213236,0.514524,17502.794922
71,0.186248,0.529810,17752.417969
72,0.153907,0.528954,18001.892578
73,0.130891,0.531058,18251.490234
74,0.114671,0.528364,18501.029297
75,0.099425,0.513640,18750.626953
76,0.082281,0.493435,19000.146484
77,0.066910,0.459912,19266.349609
78,0.054876,0.439122,19515.988281
79,0.061918,0.468258,19765.548828
80,0.067192,0.474375,20015.054688
81,0.070971,0.478271,20264.621094
82,0.073730,0.475870,20514.175781
83,0.075668,0.473786,20763.769531
84,0.076393,0.478381,21013.312500
85,0.076715,0.479827,21262.953125
86,0.077216,0.481135,21512.468750
87,0.077653,0.481524,21762.000000
88,0.077873,0.482665,22011.550781
89,0.073234,0.486460,22261.162109
90,0.039308,0.484576,22510.710938
91,0.989918,0.490738,22760.228516
92,0.966817,0.485010,23009.824219
93,0.964055,0.471668,23259.445312
94,0.972416,0.467220,23509.005859
95,0.979116,0.462438,23758.515625
96,0.977749,0.459633,24008.113281
97,0.978698,0.458349,24257.654297
98,0.979902,0.458254,24507.210938
99,0.979422,0.459665,24756.757812
0,0.752290,0.483244,-0.015601
1,0.757046,0.480276,266.188629
2,0.762881,0.472358,515.694580
3,0.774649,0.411812,765.323975
4,0.783859,0.354991,1014.847473
5,0.792154,0.345441,1264.434082
6,0.823749,0.360786,1514.022095
7,0.855736,0.373569,1763.531616
8,0.868855,0.372715,2013.132812
9,0.876144,0.373680,2262.653809
10,0.881726,0.389088,2512.218018
11,0.882063,0.409257,2761.795898
12,0.880641,0.428522,3011.338867
13,0.882471,0.437005,3260.928955
14,0.884310,0.438306,3510.522705
15,0.894074,0.442967,3760.080322
16,0.904128,0.448439,4009.622559
17,0.909309,0.450703,4259.166992
18,0.909396,0.445676,4508.730469
19,0.908832,0.443175,4758.305664
20,0.908442,0.442496,5007.857422
21,0.909466,0.441213,5257.422363
22,0.910252,0.441016,5507.008301
23,0.907213,0.440831,5756.541016
24,0.898859,0.440625,6006.149902
25,0.886572,0.446807,6255.680176
26,0.869193,0.487463,6521.873535
27,0.851490,0.538143,6754.805176
28,0.839949,0.571851,7004.381348
29,0.827103,0.612303,7253.957520
30,0.827581,0.636419,7503.536133
31,0.846083,0.631410,7753.080078
32,0.864055,0.596725,8002.669434
33,0.877424,0.574403,8252.215820
34,0.884453,0.546721,8501.763672
35,0.888906,0.521823,8751.316406
36,0.898858,0.505094,9000.891602
37,0.910861,0.486732,9250.442383
38,0.921823,0.468903,9500.002930
39,0.942629,0.459121,9766.218750
40,0.974277,0.453667,10015.804688
41,0.994786,0.448909,10265.341797
42,0.006047,0.445924,10514.894531
43,0.012209,0.444559,10764.452148
44,0.020050,0.443472,11014.054688
45,0.030810,0.438675,11263.625977
46,0.040658,0.438178,11513.165039
47,0.046182,0.441970,11762.760742
48,0.050243,0.433342,12012.283203
49,0.051645,0.426743,12261.870117
50,0.052214,0.415326,12511.408203
51,0.051820,0.401413,12760.989258
52,0.049406,0.389342,13010.599609
53,0.053095,0.399851,13260.093750
54,0.060942,0.402986,13509.694336
55,0.065697,0.414560,13759.232422
56,0.068783,0.428481,14008.806641
57,0.076294,0.440127,14258.353516
58,0.083774,0.460596,14507.942383
59,0.090128,0.457855,14757.514648
60,0.102571,0.463512,15007.062500
61,0.117733,0.478701,15256.663086
62,0.125479,0.488659,15506.185547
63,0.131883,0.496542,15755.758789
64,0.134696,0.499307,16005.303711
65,0.130027,0.497045,16254.897461
66,0.125037,0.497750,16504.435547
67,0.134504,0.530384,16753.996094
68,0.142911,0.559766,17003.587891
69,0.149070,0.574947,17253.162109
70,0.155755,0.577609,17502.703125
71,0.179352,0.568926,17752.259766
72,0.223350,0.556786,18001.835938
73,0.243369,0.558127,18251.386719
74,0.254637,0.556269,18500.958984
75,0.259170,0.558984,18750.503906
76,0.272716,0.561875,19000.107422
77,0.286742,0.564538,19266.294922
78,0.292464,0.560619,19515.845703
79,0.301146,0.548587,19765.404297
80,0.337223,0.554349,20014.986328
81,0.369294,0.561585,20264.523438
82,0.393873,0.560409,20514.107422
83,0.411756,0.544699,20763.667969
84,0.422733,0.526829,21013.236328
85,0.431344,0.521852,21262.792969
86,0.437255,0.519651,21512.373047
87,0.439429,0.519177,21761.935547
88,0.440712,0.523300,22011.476562
89,0.446264,0.531308,22261.039062
90,0.460798,0.548200,22510.591797
91,0.473008,0.556734,22760.156250
92,0.480285,0.531055,23009.744141
93,0.481795,0.522493,23259.318359
94,0.480615,0.524013,23508.882812
95,0.478974,0.533736,23758.429688
96,0.476591,0.566360,24007.986328
97,0.473217,0.607278,24257.548828
98,0.471995,0.617154,24507.109375
99,0.470910,0.614775,24756.689453
0,0.751096,0.522871,0.014732
1,0.750136,0.532571,266.219269
2,0.747490,0.547279,515.820190
3,0.755072,0.574484,765.301208
4,0.805053,0.576546,1014.854675
5,0.849765,0.557969,1264.459717
6,0.883368,0.490417,1514.029541
7,0.894960,0.428965,1763.585327
8,0.901070,0.389587,2013.201904
9,0.913632,0.381741,2262.714355
10,0.939003,0.386086,2512.241943
11,0.994794,0.389103,2761.799561
12,0.025977,0.420604,3011.417480
13,0.040611,0.446657,3260.920898
14,0.055239,0.459827,3510.613525
15,0.069221,0.525590,3760.132812
16,0.083493,0.574410,4009.685059
17,0.105874,0.585018,4259.192383
18,0.114554,0.588745,4508.825684
19,0.105955,0.574789,4758.346680
20,0.090555,0.533730,5007.872070
21,0.080857,0.499301,5257.548828
22,0.077397,0.402862,5507.028809
23,0.087825,0.351393,5756.637207
24,0.132815,0.338831,6006.160156
25,0.218097,0.366830,6255.809570
26,0.261606,0.382670,6505.292480
27,0.310056,0.383823,6754.872559
28,0.342250,0.399337,7004.418945
29,0.363767,0.423550,7254.016602
30,0.381829,0.458407,7503.545898
31,0.393850,0.495287,7753.081055
32,0.400801,0.508062,8002.750977
33,0.399920,0.511116,8252.203125
34,0.397937,0.511771,8501.830078
35,0.395771,0.504079,8751.374023
36,0.388750,0.488764,9000.958984
37,0.371129,0.458374,9250.489258
38,0.339551,0.426038,9500.052734
39,0.303394,0.412367,9766.235352
40,0.264669,0.433867,10015.844727
41,0.185973,0.478835,10265.373047
42,0.038027,0.500973,10515.023438
43,0.936280,0.497904,10764.526367
44,0.848221,0.484348,11014.137695
45,0.809543,0.493009,11263.651367
46,0.767638,0.495146,11513.170898
47,0.667189,0.488023,11762.839844
48,0.611503,0.493776,12012.305664
49,0.572902,0.502959,12261.923828
50,0.555830,0.511585,12511.450195
51,0.557117,0.505760,12761.052734
52,0.555328,0.498530,13010.592773
53,0.554312,0.512098,13260.134766
54,0.554048,0.532561,13509.795898
55,0.554076,0.543798,13759.313477
56,0.553934,0.549650,14008.874023
57,0.556283,0.552140,14258.438477
58,0.557749,0.550399,14507.984375
59,0.558580,0.549857,14757.563477
60,0.553757,0.547939,15007.093750
61,0.512780,0.511910,15256.658203
62,0.485608,0.486356,15506.243164
63,0.486631,0.489188,15755.833984
64,0.496091,0.490095,16005.343750
65,0.516404,0.502519,16255.001953
66,0.533631,0.500254,16504.445312
67,0.544017,0.503042,16754.023438
68,0.552478,0.515012,17003.605469
69,0.556252,0.520612,17253.220703
70,0.554646,0.520041,17502.777344
71,0.550271,0.517877,17752.285156
72,0.548085,0.514040,18001.888672
73,0.550299,0.510521,18251.414062
74,0.552728,0.511237,18500.964844
75,0.560293,0.508251,18750.523438
76,0.570609,0.499321,19000.125000
77,0.574549,0.486144,19266.398438
78,0.579776,0.482856,19515.931641
79,0.584814,0.489225,19765.431641
80,0.589637,0.495148,20015.072266
81,0.594661,0.499844,20264.568359
82,0.599600,0.500739,20514.121094
83,0.600317,0.501914,20763.683594
84,0.608410,0.504539,21013.335938
85,0.622535,0.505674,21262.814453
86,0.631581,0.513473,21512.375000
87,0.634308,0.521397,21762.044922
88,0.636688,0.526300,22011.541016
89,0.643755,0.511272,22261.050781
90,0.680118,0.470052,22510.708984
91,0.707490,0.440699,22760.255859
92,0.717878,0.437721,23009.794922
93,0.732933,0.436801,23259.361328
94,0.745588,0.438219,23508.941406
95,0.749405,0.426780,23758.496094
96,0.760788,0.355728,24008.037109
97,0.765906,0.300676,24257.691406
98,0.727092,0.299115,24507.218750
99,0.692918,0.314025,24756.767578
0,0.752073,0.546634,0.037503
1,0.752573,0.548929,266.352570
2,0.746417,0.589884,515.931885
3,0.736266,0.668772,765.389771
4,0.703384,0.685433,1014.992310
5,0.648242,0.643096,1264.477417
6,0.608011,0.613550,1514.158447
7,0.575860,0.575106,1763.583862
8,0.550147,0.560512,2013.250610
9,0.535787,0.552154,2262.782959
10,0.545558,0.518656,2512.342773
11,0.562290,0.518698,2761.978760
12,0.609260,0.514989,3011.520996
13,0.680773,0.516431,3261.094482
14,0.767160,0.509187,3510.555420
15,0.825468,0.499335,3760.292725
16,0.876630,0.491400,4009.690430
17,0.917154,0.487716,4259.294922
18,0.946076,0.469205,4508.824219
19,0.974712,0.433389,4758.543457
20,0.011499,0.417641,5007.957520
21,0.056701,0.412057,5257.559082
22,0.103969,0.423647,5507.138184
23,0.148794,0.451679,5756.646484
24,0.189688,0.491576,6006.190918
25,0.227865,0.539896,6255.795898
26,0.252553,0.568927,6505.453613
27,0.265496,0.596567,6754.873535
28,0.264690,0.631587,7004.551270
29,0.259831,0.649994,7254.081543
30,0.250585,0.656337,7503.642578
31,0.238840,0.652993,7753.161621
32,0.220309,0.658099,8002.725586
33,0.159695,0.660691,8252.236328
34,0.121519,0.651666,8501.841797
35,0.114436,0.648989,8751.496094
36,0.107518,0.633691,9001.092773
37,0.112154,0.590908,9250.597656
38,0.115011,0.520664,9500.145508
39,0.088974,0.454651,9766.344727
40,0.063777,0.425981,10015.820312
41,0.062978,0.416447,10265.491211
42,0.062333,0.412157,10514.940430
43,0.063588,0.414208,10764.575195
44,0.074243,0.441735,11014.109375
45,0.101176,0.487022,11263.708984
46,0.162409,0.517338,11513.325195
47,0.245605,0.519917,11762.792969
48,0.336966,0.528756,12012.461914
49,0.400966,0.561666,12262.006836
50,0.411875,0.586094,12511.543945
51,0.419534,0.598260,12761.017578
52,0.425936,0.602219,13010.701172
53,0.436385,0.606204,13260.166016
54,0.448761,0.622316,13509.745117
55,0.463892,0.644078,13759.314453
56,0.470842,0.655781,14008.902344
57,0.468732,0.668042,14258.524414
58,0.455128,0.674125,14508.062500
59,0.437731,0.678770,14757.666016
60,0.418624,0.677714,15007.120117
61,0.387126,0.663666,15256.738281
62,0.361202,0.646072,15506.220703
63,0.323443,0.622739,15772.483398
64,0.283535,0.587271,16021.961914
65,0.247263,0.549395,16254.957031
66,0.219501,0.498784,16521.070312
67,0.310849,0.472232,16754.093750
68,0.316042,0.458986,17036.988281
69,0.305891,0.420255,17286.464844
70,0.285344,0.359558,17519.460938
71,0.247956,0.318209,17768.923828
72,0.198486,0.303199,18001.923828
73,0.120341,0.332816,18251.468750
74,0.073585,0.373331,18517.701172
75,0.045876,0.403035,18750.578125
76,0.018067,0.435099,19000.171875
77,0.006773,0.450738,19282.943359
78,0.997625,0.443811,19515.912109
79,0.986763,0.422161,19832.054688
80,0.951621,0.434855,20081.501953
81,0.912735,0.445627,20331.175781
82,0.885890,0.445059,20580.787109
83,0.883117,0.419513,20813.650391
84,0.887861,0.424926,21046.550781
85,0.870134,0.483907,21296.113281
86,0.836198,0.553311,21545.648438
87,0.818520,0.603666,21778.640625
88,0.813504,0.631374,22028.140625
89,0.825624,0.647628,22277.755859
90,0.905256,0.682817,22527.332031
91,0.030032,0.714136,22776.902344
92,0.121037,0.744807,23026.458984
93,0.205610,0.778539,23259.322266
94,0.259919,0.803580,23508.998047
95,0.301361,0.839242,23758.453125
96,0.367845,0.867325,24008.072266
97,0.400206,0.875966,24257.572266
98,0.459759,0.857258,24507.222656
99,0.476802,0.816957,24756.707031
0,0.753787,0.464020,-0.007885
1,0.753712,0.462435,266.230957
2,0.781436,0.490424,515.819885
3,0.821394,0.527912,765.320251
4,0.854943,0.532086,1014.911255
5,0.887792,0.468994,1264.485229
6,0.890212,0.433807,1514.067627
7,0.894280,0.410565,1763.607666
8,0.908353,0.401207,2013.148438
9,0.922453,0.404173,2262.723877
10,0.904934,0.405846,2512.292236
11,0.889715,0.414919,2761.837158
12,0.912808,0.421838,3011.389404
13,0.964353,0.433924,3260.967529
14,0.019013,0.446152,3510.531494
15,0.042073,0.451501,3760.103760
16,0.055854,0.446009,4009.666992
17,0.066111,0.444011,4259.208496
18,0.074545,0.442697,4508.765625
19,0.083478,0.447313,4758.348145
20,0.113397,0.482821,5007.940430
21,0.147796,0.522699,5257.462891
22,0.175237,0.561990,5507.050781
23,0.205294,0.578559,5756.586914
24,0.221469,0.529776,6006.150391
25,0.231671,0.493860,6255.721191
26,0.249752,0.475025,6505.315430
27,0.276362,0.463199,6754.893555
28,0.306110,0.484561,7004.428223
29,0.335585,0.554415,7254.001953
30,0.351230,0.589097,7503.544922
31,0.344235,0.593877,7753.105957
32,0.305708,0.590333,8002.665527
33,0.225771,0.584796,8252.257812
34,0.164056,0.587820,8501.806641
35,0.130920,0.631820,8751.399414
36,0.102466,0.688657,9000.934570
37,0.040252,0.712018,9250.493164
38,0.948949,0.732156,9500.078125
39,0.870393,0.744568,9766.287109
40,0.819577,0.772233,10015.839844
41,0.796640,0.837191,10265.384766
42,0.779080,0.866736,10514.945312
43,0.727531,0.872446,10764.562500
44,0.665850,0.868358,11014.096680
45,0.643420,0.880211,11263.765625
46,0.628295,0.880173,11513.235352
47,0.599985,0.806311,11762.757812
48,0.545565,0.699480,12012.339844
49,0.527053,0.635265,12261.928711
50,0.551131,0.612681,12511.461914
51,0.561465,0.603469,12761.039062
52,0.552671,0.590668,13010.600586
53,0.515881,0.600974,13260.166016
54,0.477727,0.619909,13509.702148
55,0.456341,0.625251,13759.300781
56,0.464337,0.628717,14008.838867
57,0.457855,0.617302,14258.416016
58,0.439286,0.594446,14507.976562
59,0.422863,0.557552,14757.536133
60,0.396786,0.517824,15007.104492
61,0.378555,0.491126,15256.661133
62,0.368830,0.488385,15506.225586
63,0.333598,0.514585,15755.806641
64,0.318275,0.551201,16005.349609
65,0.361430,0.586173,16254.905273
66,0.438053,0.600250,16504.517578
67,0.492300,0.660785,16754.054688
68,0.527363,0.711107,17003.615234
69,0.545809,0.704241,17253.171875
70,0.553632,0.683879,17502.738281
71,0.574104,0.636224,17752.322266
72,0.593604,0.587614,18001.875000
73,0.594727,0.560495,18251.474609
74,0.603483,0.541391,18500.998047
75,0.674684,0.522322,18750.560547
76,0.742684,0.509112,19000.119141
77,0.790509,0.524476,19266.326172
78,0.816491,0.538200,19515.945312
79,0.845545,0.518516,19765.505859
80,0.890501,0.466424,20015.013672
81,0.903126,0.417486,20264.591797
82,0.897877,0.397920,20514.144531
83,0.873331,0.409404,20763.736328
84,0.820368,0.423874,21013.253906
85,0.782865,0.423465,21262.847656
86,0.779887,0.381948,21512.388672
87,0.777947,0.360409,21761.941406
88,0.776238,0.352028,22011.509766
89,0.764038,0.394494,22261.109375
90,0.746173,0.492401,22510.669922
91,0.744508,0.578947,22760.205078
92,0.770865,0.611039,23009.794922
93,0.797103,0.606049,23259.357422
94,0.810614,0.594082,23508.908203
95,0.806233,0.597987,23758.486328
96,0.798473,0.608388,24008.041016
97,0.786520,0.609379,24257.605469
98,0.741633,0.606166,24507.195312
99,0.692564,0.604771,24756.761719
0,0.750054,0.527007,0.008296
1,0.750006,0.527419,266.230133
2,0.750849,0.533783,515.746887
3,0.754423,0.544260,765.360474
4,0.757228,0.553808,1014.915405
5,0.757911,0.557025,1264.437988
6,0.757412,0.558891,1514.080933
7,0.756955,0.559033,1763.580688
8,0.752275,0.556424,2013.189331
9,0.733604,0.552990,2262.712891
10,0.711844,0.550836,2512.303955
11,0.691634,0.549542,2761.852295
12,0.666956,0.549004,3011.425537
13,0.637363,0.548315,3261.071533
14,0.609821,0.541871,3510.561768
15,0.582683,0.535879,3760.169189
16,0.558570,0.527895,4009.631592
17,0.538498,0.509266,4259.245117
18,0.526545,0.478805,4508.773926
19,0.524434,0.453937,4758.421387
20,0.528946,0.436453,5007.946289
21,0.531848,0.424395,5257.484375
22,0.535022,0.441064,5507.083984
23,0.544091,0.468979,5756.607422
24,0.549785,0.493294,6006.250000
25,0.548202,0.515623,6255.767578
26,0.547734,0.542254,6505.363281
27,0.548335,0.553402,6754.849609
28,0.548454,0.553221,7004.491211
29,0.546299,0.552546,7254.073242
30,0.532037,0.550818,7503.536133
31,0.512275,0.546787,7753.156250
32,0.490369,0.546501,8002.765625
33,0.473088,0.546416,8252.264648
34,0.451520,0.544661,8501.778320
35,0.419441,0.533318,8751.363281
36,0.385653,0.516350,9000.917969
37,0.356369,0.503618,9250.484375
38,0.327608,0.504440,9500.063477
39,0.301163,0.512714,9766.282227
40,0.286105,0.518613,10015.852539
41,0.284615,0.523891,10265.398438
42,0.287292,0.536290,10514.944336
43,0.294726,0.543507,10764.567383
44,0.305665,0.534947,11014.093750
45,0.312386,0.511154,11263.634766
46,0.327723,0.459793,11513.258789
47,0.340653,0.417556,11762.802734
48,0.346157,0.382734,12012.362305
49,0.349985,0.351812,12261.933594
50,0.350784,0.333674,12511.546875
51,0.346544,0.334122,12761.009766
52,0.339581,0.342116,13010.579102
53,0.336105,0.347173,13260.144531
54,0.335601,0.348487,13509.753906
55,0.333972,0.351550,13759.347656
56,0.328778,0.357569,14008.868164
57,0.323440,0.365212,14258.514648
58,0.321761,0.367905,14507.991211
59,0.318425,0.367797,14757.535156
60,0.315588,0.367118,15007.078125
61,0.315464,0.360469,15256.745117
62,0.315336,0.357735,15506.252930
63,0.314743,0.359065,15755.792969
64,0.309518,0.366180,16005.429688
65,0.292042,0.392849,16254.919922
66,0.266889,0.435636,16504.484375
67,0.242608,0.489385,16754.082031
68,0.214264,0.541389,17003.691406
69,0.191349,0.560097,17253.193359
70,0.172311,0.566111,17502.744141
71,0.167133,0.569619,17752.318359
72,0.175883,0.569652,18001.878906
73,0.188702,0.570961,18251.419922
74,0.201871,0.570882,18501.078125
75,0.219200,0.567172,18750.640625
76,0.241176,0.563936,19000.128906
77,0.264577,0.558547,19266.355469
78,0.287904,0.553240,19515.910156
79,0.306257,0.551529,19765.455078
80,0.322118,0.550615,20015.021484
81,0.335313,0.548884,20264.603516
82,0.354158,0.542301,20514.218750
83,0.389145,0.524304,20763.806641
84,0.418770,0.512813,21013.320312
85,0.445713,0.508100,21262.816406
86,0.464472,0.510356,21512.396484
87,0.477130,0.513984,21761.957031
88,0.488401,0.519721,22011.519531
89,0.500214,0.524891,22261.164062
90,0.510554,0.534565,22510.679688
91,0.523046,0.534449,22760.285156
92,0.544677,0.527431,23009.767578
93,0.573005,0.517895,23259.386719
94,0.602028,0.510682,23508.884766
95,0.633905,0.502018,23758.525391
96,0.665977,0.493541,24008.046875
97,0.690895,0.493728,24257.658203
98,0.702952,0.494948,24507.195312
99,0.706389,0.497654,24756.712891
0,0.747761,0.493109,0.011405
1,0.748202,0.494941,266.219757
2,0.762642,0.501501,515.854980
3,0.796354,0.533102,765.341309
4,0.821216,0.576578,1014.910889
5,0.853594,0.616036,1264.559082
6,0.875498,0.602096,1514.023560
7,0.905163,0.515761,1763.660645
8,0.931408,0.471881,2013.159790
9,0.938096,0.451423,2262.719971
10,0.928324,0.425169,2512.332031
11,0.919724,0.408096,2761.917236
12,0.932361,0.403678,3011.444580
13,0.940111,0.395356,3261.009766
14,0.919017,0.381060,3510.632080
15,0.886980,0.369087,3760.113770
16,0.878658,0.371033,4009.689453
17,0.890406,0.375119,4259.241699
18,0.943748,0.355598,4508.856934
19,0.988200,0.360478,4758.448242
20,0.995125,0.362364,5007.937500
21,0.999822,0.345897,5257.545898
22,0.028879,0.352096,5507.140137
23,0.040856,0.373501,5756.659180
24,0.050277,0.418885,6006.266602
25,0.061226,0.431665,6255.762695
26,0.078237,0.439161,6505.365723
27,0.103068,0.449011,6754.897949
28,0.140454,0.456142,7004.483887
29,0.180884,0.462366,7254.036133
30,0.228429,0.484625,7503.616211
31,0.277521,0.508681,7753.151367
32,0.349926,0.541254,8002.759277
33,0.417814,0.552676,8252.273438
34,0.427748,0.582946,8501.842773
35,0.421281,0.613969,8751.430664
36,0.414400,0.653275,9001.077148
37,0.402839,0.658827,9250.510742
38,0.380660,0.637367,9500.066406
39,0.322740,0.597988,9766.353516
40,0.259253,0.560713,10015.941406
41,0.203630,0.538541,10265.416016
42,0.157575,0.527779,10515.020508
43,0.124877,0.529974,10764.585938
44,0.091248,0.531754,11014.243164
45,0.063258,0.530261,11263.749023
46,0.039155,0.536686,11513.316406
47,0.995497,0.531075,11762.900391
48,0.941291,0.507666,12012.387695
49,0.894573,0.494275,12261.963867
50,0.843915,0.509057,12511.475586
51,0.801001,0.513841,12761.153320
52,0.749700,0.513724,13010.616211
53,0.699591,0.505841,13260.236328
54,0.658178,0.501847,13509.750000
55,0.622138,0.506370,13759.346680
56,0.598812,0.503501,14008.870117
57,0.579612,0.505988,14258.477539
58,0.559775,0.510733,14508.060547
59,0.535784,0.522462,14757.622070
60,0.501369,0.529275,15007.161133
61,0.485270,0.530895,15256.698242
62,0.489568,0.556586,15506.265625
63,0.510510,0.597079,15755.844727
64,0.511069,0.682982,16005.499023
65,0.489747,0.778440,16255.060547
66,0.471218,0.836607,16504.603516
67,0.483079,0.854914,16754.095703
68,0.497790,0.846865,17003.707031
69,0.498041,0.841365,17253.236328
70,0.490715,0.805661,17502.779297
71,0.488857,0.720820,17752.365234
72,0.499146,0.578383,18001.929688
73,0.498847,0.475772,18251.556641
74,0.495638,0.442563,18501.019531
75,0.490724,0.422567,18750.630859
76,0.488120,0.425134,19000.181641
77,0.485804,0.438043,19266.361328
78,0.482980,0.454255,19515.919922
79,0.501951,0.467142,19765.566406
80,0.512937,0.473445,20015.046875
81,0.517767,0.476198,20264.626953
82,0.512508,0.483965,20514.179688
83,0.492775,0.494838,20763.824219
84,0.483274,0.500524,21013.322266
85,0.482874,0.499645,21262.853516
86,0.489827,0.498100,21512.464844
87,0.503517,0.494901,21761.980469
88,0.510519,0.493543,22011.640625
89,0.511778,0.491567,22261.132812
90,0.511246,0.492399,22510.708984
91,0.511215,0.494722,22760.330078
92,0.511482,0.495792,23009.835938
93,0.511520,0.496558,23259.466797
94,0.511464,0.497953,23508.966797
95,0.511809,0.498787,23758.531250
96,0.511849,0.498934,24008.058594
97,0.512135,0.497729,24257.720703
98,0.513493,0.492191,24507.189453
99,0.515615,0.493885,24756.791016
0,0.750143,0.468432,0.009418
1,0.750378,0.468633,266.213074
2,0.755704,0.473667,515.775024
3,0.777652,0.485286,765.436951
4,0.836904,0.486246,1014.928833
5,0.885083,0.476874,1264.505371
6,0.899126,0.474407,1514.109009
7,0.901391,0.475550,1763.610596
8,0.900268,0.475730,2013.187134
9,0.901300,0.474446,2262.750977
10,0.902635,0.476281,2512.266846
11,0.910272,0.476510,2761.921631
12,0.920883,0.476632,3011.412109
13,0.936961,0.475477,3261.087891
14,0.959977,0.473367,3510.624268
15,0.982633,0.472884,3760.091797
16,0.003234,0.472975,4009.722656
17,0.005543,0.464855,4259.255371
18,0.971274,0.436621,4508.859863
19,0.953405,0.428618,4758.344238
20,0.951699,0.431758,5008.019043
21,0.965648,0.441140,5257.496094
22,0.029209,0.471238,5507.104980
23,0.078002,0.489691,5756.654297
24,0.102929,0.516652,6006.215820
25,0.118075,0.542441,6255.782227
26,0.134098,0.552555,6505.297363
27,0.160658,0.546088,6754.903320
28,0.193333,0.532561,7004.417480
29,0.232246,0.528922,7254.057617
30,0.276695,0.524306,7503.595215
31,0.310101,0.532323,7753.239258
32,0.331331,0.536640,8002.728027
33,0.341636,0.529214,8252.259766
34,0.347371,0.515053,8501.870117
35,0.363318,0.516193,8751.431641
36,0.380266,0.525971,9000.976562
37,0.389748,0.525654,9250.503906
38,0.402868,0.531453,9500.138672
39,0.412813,0.546817,9766.338867
40,0.414752,0.550880,10015.882812
41,0.421828,0.542773,10265.405273
42,0.441908,0.525507,10515.032227
43,0.460699,0.514511,10764.535156
44,0.466896,0.506291,11014.123047
45,0.476288,0.500997,11263.646484
46,0.493322,0.508420,11513.326172
47,0.508296,0.520302,11762.826172
48,0.515498,0.535092,12012.337891
49,0.513579,0.545582,12262.034180
50,0.498256,0.535351,12511.526367
51,0.487183,0.521275,12761.121094
52,0.485796,0.521039,13010.637695
53,0.484628,0.518958,13260.237305
54,0.482964,0.516073,13509.727539
55,0.480811,0.515505,13759.309570
56,0.477857,0.513641,14008.891602
57,0.474602,0.512429,14258.487305
58,0.472352,0.511762,14508.051758
59,0.466645,0.510392,14757.551758
60,0.462192,0.509646,15007.151367
61,0.458960,0.510791,15256.703125
62,0.458148,0.514691,15506.243164
63,0.457351,0.519936,15755.806641
64,0.458092,0.528672,16005.363281
65,0.458512,0.539419,16254.932617
66,0.455411,0.553935,16504.531250
67,0.436391,0.552774,16754.101562
68,0.393891,0.532542,17003.666016
69,0.343153,0.511695,17253.214844
70,0.283062,0.505512,17502.757812
71,0.199491,0.502007,17752.363281
72,0.118474,0.485700,18001.878906
73,0.066684,0.473773,18251.464844
74,0.038805,0.467793,18501.033203
75,0.021168,0.462458,18750.566406
76,0.015209,0.457204,19000.142578
77,0.015549,0.452886,19266.371094
78,0.007271,0.444383,19515.898438
79,0.948059,0.448695,19765.472656
80,0.873633,0.464328,20015.042969
81,0.782079,0.490240,20264.613281
82,0.729698,0.501662,20514.164062
83,0.727540,0.506273,20763.740234
84,0.770391,0.518862,21013.326172
85,0.801558,0.526637,21262.843750
86,0.815894,0.527826,21512.445312
87,0.827453,0.526909,21762.011719
88,0.843520,0.523501,22011.558594
89,0.863129,0.516038,22261.107422
90,0.876449,0.511830,22510.677734
91,0.887200,0.510653,22760.240234
92,0.896005,0.511263,23009.794922
93,0.901797,0.511688,23259.357422
94,0.903711,0.512102,23508.953125
95,0.904674,0.512065,23758.488281
96,0.910798,0.510774,24008.082031
97,0.931728,0.506177,24257.636719
98,0.948153,0.498799,24507.191406
99,0.948716,0.490099,24756.781250
0,0.749708,0.496938,-0.018874
1,0.749445,0.497949,266.228760
2,0.752058,0.503963,515.786316
3,0.786315,0.522585,765.389893
4,0.833187,0.530576,1014.904358
5,0.862462,0.526190,1264.497681
6,0.906422,0.481966,1514.064575
7,0.935941,0.428373,1763.570190
8,0.937253,0.411137,2013.156250
9,0.939517,0.436407,2262.732910
10,0.907758,0.549300,2512.352783
11,0.801425,0.637710,2761.876709
12,0.710605,0.633076,3011.432861
13,0.662800,0.613242,3261.008789
14,0.635950,0.601752,3510.518555
15,0.605349,0.585562,3760.101074
16,0.584930,0.564761,4009.670898
17,0.573660,0.562355,4259.212402
18,0.554509,0.556312,4508.855469
19,0.541775,0.548333,4758.420898
20,0.536950,0.526116,5007.948730
21,0.522586,0.502605,5257.455566
22,0.508211,0.487537,5507.099121
23,0.482542,0.478462,5756.614258
24,0.446568,0.480350,6006.160645
25,0.412272,0.480029,6255.759766
26,0.382069,0.477606,6505.288086
27,0.359733,0.487975,6754.886230
28,0.350101,0.498643,7004.404785
29,0.346463,0.498467,7254.067871
30,0.342221,0.501022,7503.561035
31,0.338530,0.506169,7753.146973
32,0.330527,0.520444,8002.714844
33,0.316153,0.553206,8252.264648
34,0.299366,0.591865,8501.832031
35,0.293066,0.612749,8751.361328
36,0.308563,0.605794,9001.005859
37,0.349890,0.574672,9250.572266
38,0.391878,0.547723,9500.073242
39,0.425716,0.530267,9766.245117
40,0.454773,0.523957,10015.854492
41,0.478916,0.525438,10265.375977
42,0.496998,0.530738,10514.979492
43,0.513286,0.535215,10764.517578
44,0.530394,0.539833,11014.124023
45,0.546410,0.543055,11263.731445
46,0.560156,0.545721,11513.223633
47,0.573168,0.549776,11762.801758
48,0.581513,0.551305,12012.352539
49,0.580105,0.552522,12261.923828
50,0.573811,0.552637,12511.446289
51,0.564158,0.555126,12761.032227
52,0.548001,0.558854,13010.615234
53,0.533976,0.558658,13260.190430
54,0.523012,0.558783,13509.710938
55,0.519238,0.570457,13759.369141
56,0.518563,0.609434,14008.863281
57,0.518573,0.667892,14258.415039
58,0.520418,0.723771,14508.003906
59,0.522850,0.749944,14757.522461
60,0.522152,0.771889,15007.124023
61,0.523641,0.777221,15256.673828
62,0.543773,0.758107,15506.229492
63,0.598241,0.686572,15755.806641
64,0.647020,0.607282,16005.359375
65,0.677252,0.540783,16254.940430
66,0.718926,0.495310,16504.492188
67,0.775519,0.478449,16754.042969
68,0.827368,0.477674,17003.621094
69,0.868881,0.472109,17253.179688
70,0.909359,0.465800,17502.730469
71,0.946310,0.455303,17752.339844
72,0.985368,0.449500,18001.869141
73,0.024761,0.440039,18251.441406
74,0.051611,0.432773,18501.015625
75,0.068726,0.431505,18750.568359
76,0.083070,0.435937,19000.134766
77,0.086589,0.442009,19266.320312
78,0.089355,0.448248,19515.886719
79,0.089584,0.447068,19765.447266
80,0.090464,0.445046,20015.025391
81,0.100540,0.448865,20264.568359
82,0.107057,0.469109,20514.173828
83,0.116998,0.497258,20763.699219
84,0.123204,0.511613,21013.287109
85,0.120635,0.528035,21262.835938
86,0.120654,0.527814,21512.394531
87,0.121113,0.495313,21761.958984
88,0.121412,0.469836,22011.570312
89,0.119246,0.460030,22261.107422
90,0.110894,0.443583,22510.646484
91,0.100711,0.425733,22760.218750
92,0.083229,0.393246,23009.802734
93,0.059246,0.371914,23259.376953
94,0.043863,0.376464,23508.910156
95,0.039310,0.383909,23758.480469
96,0.034919,0.386856,24008.035156
97,0.025394,0.388100,24257.595703
98,0.013416,0.387369,24507.181641
99,0.003548,0.390075,24756.736328
0,0.747903,0.642871,-0.009798
1,0.746678,0.644482,266.245758
2,0.763279,0.641224,515.781616
3,0.768182,0.637507,765.319824
4,0.715660,0.646138,1014.882629
5,0.628931,0.649795,1264.465454
6,0.595471,0.644956,1513.973633
7,0.583487,0.640175,1763.521851
8,0.575550,0.634086,2013.192627
9,0.561484,0.617381,2262.655762
10,0.546973,0.587401,2512.303467
11,0.529331,0.570664,2761.789062
12,0.509509,0.568232,3011.427002
13,0.496385,0.573111,3260.959229
14,0.486757,0.577763,3510.484863
15,0.480320,0.587115,3760.093994
16,0.473702,0.592576,4009.678711
17,0.472456,0.588322,4259.239258
18,0.486074,0.578897,4508.722656
19,0.522084,0.561171,4758.371094
20,0.539724,0.557988,5007.865723
21,0.543657,0.556827,5257.430664
22,0.529331,0.556814,5507.074707
23,0.503444,0.554413,5756.610840
24,0.499091,0.551399,6006.176758
25,0.498605,0.550838,6255.676758
26,0.499556,0.551374,6505.306152
27,0.500505,0.551726,6754.827637
28,0.502082,0.552399,7004.365234
29,0.505644,0.554582,7254.072754
30,0.507363,0.557087,7503.640625
31,0.510459,0.561055,7753.117188
32,0.536867,0.575453,8002.642090
33,0.569375,0.621972,8252.283203
34,0.595245,0.696305,8501.824219
35,0.660796,0.684975,8751.343750
36,0.762419,0.557326,9000.870117
37,0.820492,0.478617,9250.562500
38,0.875105,0.435648,9500.018555
39,0.925289,0.412666,9766.273438
40,0.953783,0.410938,10015.785156
41,0.970888,0.413465,10265.438477
42,0.998200,0.415145,10514.917969
43,0.039606,0.428605,10764.519531
44,0.048637,0.441382,11014.079102
45,0.041435,0.463217,11263.692383
46,0.020182,0.475160,11513.160156
47,0.991243,0.479257,11762.714844
48,0.951156,0.486526,12012.370117
49,0.932550,0.485727,12261.896484
50,0.928649,0.482679,12511.467773
51,0.928251,0.484049,12761.026367
52,0.924612,0.485970,13010.643555
53,0.909220,0.487469,13260.133789
54,0.900967,0.484766,13509.670898
55,0.902970,0.486528,13759.244141
56,0.906359,0.487923,14008.832031
57,0.909599,0.485732,14258.440430
58,0.916653,0.478439,14507.953125
59,0.920052,0.459539,14757.554688
60,0.922918,0.442993,15007.138672
61,0.933776,0.429744,15256.625000
62,0.966753,0.409861,15506.214844
63,0.005800,0.391862,15755.832031
64,0.027085,0.410146,16005.312500
65,0.046027,0.455872,16254.916992
66,0.080781,0.521030,16504.468750
67,0.112268,0.574246,16754.054688
68,0.127679,0.597215,17003.568359
69,0.108579,0.569455,17253.195312
70,0.095247,0.550676,17502.769531
71,0.086157,0.543026,17752.296875
72,0.082746,0.546341,18001.845703
73,0.082147,0.546399,18251.382812
74,0.082968,0.544023,18501.007812
75,0.093250,0.547211,18750.519531
76,0.111698,0.547950,19000.087891
77,0.137813,0.554172,19266.294922
78,0.173917,0.570527,19515.953125
79,0.193909,0.588068,19765.410156
80,0.202711,0.603771,20014.984375
81,0.198712,0.612311,20264.529297
82,0.204260,0.607218,20514.115234
83,0.211695,0.595484,20763.673828
84,0.208092,0.589608,21013.250000
85,0.181522,0.585696,21262.806641
86,0.124611,0.546702,21512.373047
87,0.082314,0.519532,21761.929688
88,0.047756,0.508568,22011.476562
89,0.019974,0.506170,22261.064453
90,0.992382,0.512501,22510.623047
91,0.986525,0.516529,22760.183594
92,0.979103,0.523934,23009.787109
93,0.965717,0.534531,23259.322266
94,0.859948,0.570439,23508.859375
95,0.701700,0.586862,23758.457031
96,0.592373,0.575764,24008.017578
97,0.565322,0.575700,24257.558594
98,0.562605,0.568001,24507.146484
99,0.570117,0.540413,24756.693359
0,0.753014,0.584124,0.008136
1,0.752585,0.601332,266.249908
2,0.758497,0.605267,515.743530
3,0.783870,0.636765,765.341553
4,0.810200,0.661656,1014.875061
5,0.821231,0.682238,1264.434692
6,0.823485,0.695420,1514.088135
7,0.817623,0.697097,1763.572021
8,0.804565,0.681060,2013.143066
9,0.781589,0.661177,2262.708496
10,0.728954,0.671727,2512.377197
11,0.660880,0.690668,2761.831055
12,0.620363,0.702694,3011.386719
13,0.599251,0.709921,3261.059570
14,0.583099,0.700795,3510.607178
15,0.568377,0.687181,3760.139648
16,0.546454,0.678188,4009.656250
17,0.519747,0.688967,4259.315918
18,0.496805,0.688190,4508.783203
19,0.488039,0.674475,4758.347656
20,0.485406,0.655418,5007.885742
21,0.476482,0.644115,5257.484375
22,0.458112,0.625946,5507.033203
23,0.457309,0.619607,5756.602539
24,0.462521,0.614852,6006.164062
25,0.488437,0.595221,6255.725586
26,0.524298,0.573072,6505.296387
27,0.559906,0.556571,6754.932617
28,0.617876,0.547407,7004.492188
29,0.713336,0.545924,7253.970215
30,0.826633,0.543572,7503.551270
31,0.910410,0.532112,7753.083496
32,0.953335,0.513041,8002.675293
33,0.951649,0.503404,8252.250000
34,0.945073,0.498356,8501.807617
35,0.948021,0.483879,8751.434570
36,0.938732,0.449774,9000.982422
37,0.930025,0.432479,9250.492188
38,0.933580,0.423246,9500.040039
39,0.959509,0.427365,9766.356445
40,0.014418,0.452544,10015.815430
41,0.038995,0.470730,10265.409180
42,0.051027,0.481731,10514.984375
43,0.062388,0.498337,10764.577148
44,0.069476,0.516402,11014.135742
45,0.070116,0.528808,11263.658203
46,0.078671,0.535334,11513.241211
47,0.078207,0.537808,11762.748047
48,0.071666,0.536081,12012.319336
49,0.077735,0.534853,12261.917969
50,0.082686,0.532157,12511.500000
51,0.097412,0.537933,12761.083008
52,0.117676,0.552353,13010.574219
53,0.131197,0.572389,13260.180664
54,0.133720,0.593154,13509.747070
55,0.127990,0.604509,13759.285156
56,0.099872,0.578820,14008.869141
57,0.062106,0.545979,14258.408203
58,0.024133,0.527038,14507.988281
59,0.022790,0.514923,14757.532227
60,0.035697,0.493748,15007.166992
61,0.032031,0.472108,15256.674805
62,0.994287,0.453305,15506.298828
63,0.948200,0.459694,15755.786133
64,0.921386,0.465818,16005.385742
65,0.908489,0.464691,16254.951172
66,0.895259,0.464966,16504.468750
67,0.886118,0.466572,16754.068359
68,0.884876,0.468525,17003.642578
69,0.892025,0.471098,17253.277344
70,0.906347,0.474577,17502.746094
71,0.912931,0.482183,17752.376953
72,0.907963,0.499713,18001.900391
73,0.910284,0.511260,18251.417969
74,0.911505,0.524409,18501.025391
75,0.899174,0.531927,18750.542969
76,0.890755,0.533918,19000.208984
77,0.880656,0.541399,19266.410156
78,0.881435,0.547736,19515.914062
79,0.878419,0.542854,19765.455078
80,0.880515,0.532967,20015.046875
81,0.882115,0.533341,20264.562500
82,0.884071,0.540722,20514.166016
83,0.888646,0.549014,20763.681641
84,0.894339,0.554679,21013.341797
85,0.898576,0.553692,21262.818359
86,0.908695,0.543797,21512.488281
87,0.916397,0.542163,21761.992188
88,0.925204,0.546150,22011.509766
89,0.963248,0.550746,22261.130859
90,0.000821,0.544900,22510.662109
91,0.025645,0.540601,22760.248047
92,0.037531,0.534172,23009.763672
93,0.054650,0.519939,23259.376953
94,0.066939,0.513449,23508.906250
95,0.080114,0.507059,23758.503906
96,0.084433,0.489554,24008.041016
97,0.086691,0.475827,24257.613281
98,0.082309,0.467578,24507.244141
99,0.080158,0.466626,24756.712891
0,0.750122,0.566101,-0.095162
1,0.752104,0.570107,266.108490
2,0.765923,0.578587,515.681274
3,0.797480,0.580969,765.285156
4,0.810856,0.582590,1014.815735
5,0.784490,0.608416,1264.379150
6,0.750824,0.634655,1513.971069
7,0.709647,0.637086,1763.551147
8,0.650054,0.629722,2013.063477
9,0.600436,0.617639,2262.661865
10,0.559009,0.601960,2512.238525
11,0.522427,0.584149,2761.790039
12,0.496548,0.572245,3011.334961
13,0.480441,0.549019,3260.883789
14,0.472233,0.532983,3510.476807
15,0.465690,0.530918,3760.024902
16,0.475009,0.527797,4009.650879
17,0.499122,0.524625,4259.219727
18,0.529063,0.526869,4508.729004
19,0.549919,0.527919,4758.278320
20,0.560969,0.533848,5007.837402
21,0.576056,0.539542,5257.428711
22,0.611171,0.531879,5506.959473
23,0.675007,0.517103,5756.549805
24,0.760679,0.505531,6006.109863
25,0.852415,0.497464,6255.685059
26,0.915180,0.478351,6505.203613
27,0.933691,0.461980,6754.784180
28,0.937196,0.461779,7004.361816
29,0.937587,0.459591,7253.889160
30,0.941797,0.444638,7503.553711
31,0.983773,0.445824,7753.060059
32,0.023661,0.451762,8002.628418
33,0.045303,0.451461,8252.151367
34,0.054298,0.457686,8501.762695
35,0.059988,0.459234,8751.311523
36,0.076153,0.465848,9000.848633
37,0.090358,0.485753,9250.435547
38,0.101182,0.494582,9516.610352
39,0.122855,0.516083,9766.195312
40,0.150294,0.548143,10015.768555
41,0.178054,0.564557,10265.302734
42,0.206105,0.570131,10514.866211
43,0.230873,0.603372,10764.483398
44,0.244109,0.660861,11014.015625
45,0.247151,0.687822,11263.561523
46,0.256122,0.695998,11513.125000
47,0.287254,0.679457,11762.695312
48,0.336321,0.634051,12012.266602
49,0.351338,0.617298,12261.836914
50,0.320130,0.603800,12511.436523
51,0.236150,0.578262,12760.982422
52,0.162750,0.556230,13010.520508
53,0.122331,0.543540,13260.073242
54,0.109220,0.552112,13509.724609
55,0.102905,0.557626,13759.187500
56,0.076834,0.533329,14008.762695
57,0.030220,0.525992,14258.323242
58,0.967149,0.518105,14507.915039
59,0.874792,0.508237,14757.473633
60,0.808541,0.512011,15007.055664
61,0.771512,0.520907,15256.615234
62,0.735471,0.528733,15506.147461
63,0.656365,0.528454,15755.732422
64,0.608484,0.527669,16005.291016
65,0.573514,0.531032,16254.835938
66,0.528630,0.532704,16504.431641
67,0.500351,0.545213,16754.048828
68,0.492200,0.547793,17003.556641
69,0.488018,0.528201,17253.146484
70,0.486296,0.513197,17502.736328
71,0.495974,0.509193,17752.232422
72,0.516574,0.502210,18001.787109
73,0.510114,0.503841,18251.349609
74,0.513317,0.504487,18500.974609
75,0.513965,0.507547,18750.519531
76,0.516758,0.504888,19000.046875
77,0.518236,0.502810,19266.265625
78,0.502309,0.502262,19515.832031
79,0.470582,0.486149,19765.369141
80,0.466859,0.486539,20014.958984
81,0.471028,0.486849,20264.492188
82,0.469247,0.491532,20514.142578
83,0.466750,0.495485,20763.662109
84,0.469194,0.496055,21013.205078
85,0.472067,0.500176,21262.771484
86,0.471210,0.513533,21512.341797
87,0.467089,0.522791,21761.882812
88,0.465419,0.529779,22011.453125
89,0.471049,0.533697,22261.007812
90,0.489659,0.523562,22510.617188
91,0.535244,0.512592,22760.140625
92,0.553994,0.511300,23009.701172
93,0.557121,0.514350,23259.291016
94,0.556946,0.515641,23508.830078
95,0.557056,0.517942,23758.408203
96,0.554340,0.519843,24007.988281
97,0.551952,0.522819,24257.566406
98,0.551073,0.524853,24507.099609
99,0.551076,0.524799,24756.652344
0,0.749991,0.558700,0.061144
1,0.750108,0.560345,266.261871
2,0.750282,0.561125,515.799194
3,0.751762,0.560358,765.464905
4,0.787816,0.535170,1014.946838
5,0.844244,0.516136,1264.493530
6,0.880047,0.507272,1514.121216
7,0.897059,0.441798,1763.662598
8,0.906167,0.419573,2013.174072
9,0.897258,0.452370,2262.849609
10,0.884609,0.475301,2512.390137
11,0.885046,0.477363,2761.922607
12,0.893097,0.474216,3011.481689
13,0.900856,0.475017,3261.065674
14,0.895520,0.454691,3510.592773
15,0.892410,0.440798,3760.178955
16,0.893417,0.433083,4009.786621
17,0.890833,0.416317,4259.366699
18,0.893783,0.408630,4525.523926
19,0.886344,0.433835,4758.395020
20,0.879965,0.456672,5007.960938
21,0.879007,0.462643,5257.563965
22,0.878150,0.462967,5507.092285
23,0.878741,0.459982,5756.765625
24,0.886765,0.438374,6006.238281
25,0.899398,0.421535,6255.872559
26,0.901048,0.424139,6505.338379
27,0.882581,0.410587,6755.013184
28,0.900548,0.399308,7004.578613
29,0.911272,0.412561,7254.033691
30,0.910058,0.430277,7503.614746
31,0.922284,0.433446,7753.205078
32,0.953424,0.439462,8002.746582
33,0.976490,0.442512,8252.275391
34,0.003889,0.438800,8501.869141
35,0.026008,0.429996,8751.470703
36,0.042786,0.423683,9017.697266
37,0.051756,0.429509,9250.580078
38,0.066393,0.445517,9500.161133
39,0.082747,0.455101,9766.302734
40,0.090202,0.457859,10015.935547
41,0.098168,0.457589,10265.434570
42,0.105093,0.429672,10515.051758
43,0.106068,0.411177,10764.602539
44,0.119342,0.427878,11014.226562
45,0.135946,0.450374,11263.740234
46,0.147896,0.485945,11513.267578
47,0.158361,0.502450,11762.827148
48,0.169153,0.509843,12012.366211
49,0.186571,0.475666,12261.965820
50,0.210727,0.398891,12511.509766
51,0.242341,0.389495,12761.130859
52,0.278431,0.411950,13010.691406
53,0.291009,0.422468,13260.309570
54,0.292304,0.464945,13509.816406
55,0.302734,0.544509,13759.358398
56,0.344085,0.581441,14008.910156
57,0.373476,0.587915,14258.488281
58,0.394032,0.593308,14508.073242
59,0.404060,0.605106,14757.600586
60,0.423133,0.608363,15007.162109
61,0.441325,0.585526,15256.751953
62,0.447879,0.566687,15506.273438
63,0.456764,0.554825,15755.838867
64,0.458383,0.533842,16005.479492
65,0.460303,0.520150,16255.100586
66,0.450139,0.505484,16504.537109
67,0.458379,0.495928,16754.093750
68,0.465677,0.488406,17003.666016
69,0.503145,0.477968,17253.279297
70,0.518445,0.474415,17502.794922
71,0.523672,0.467750,17752.402344
72,0.525983,0.462039,18002.048828
73,0.525856,0.476299,18251.517578
74,0.515747,0.502658,18501.136719
75,0.491246,0.526911,18750.615234
76,0.450163,0.528235,19000.259766
77,0.397874,0.514057,19266.376953
78,0.342551,0.507130,19516.035156
79,0.294945,0.502935,19765.494141
80,0.254718,0.500523,20015.169922
81,0.209241,0.489433,20264.666016
82,0.161113,0.480965,20514.263672
83,0.110780,0.462400,20763.763672
84,0.063273,0.432059,21013.365234
85,0.029920,0.404502,21262.958984
86,0.992446,0.377192,21512.496094
87,0.951136,0.364920,21762.015625
88,0.908641,0.358742,22011.597656
89,0.860729,0.356137,22261.208984
90,0.806663,0.372565,22510.759766
91,0.773224,0.380596,22760.281250
92,0.741257,0.371656,23009.818359
93,0.714702,0.357647,23259.500000
94,0.662793,0.379273,23508.974609
95,0.607137,0.434588,23758.535156
96,0.570257,0.479032,24008.128906
97,0.555170,0.523264,24257.697266
98,0.556054,0.553863,24507.210938
99,0.560529,0.573074,24756.800781
0,0.749133,0.516796,0.030633
1,0.748212,0.525681,266.290009
2,0.748366,0.559383,515.865417
3,0.754869,0.646139,765.464355
4,0.759472,0.740592,1014.970886
5,0.744177,0.793814,1264.533936
6,0.694057,0.784864,1514.070068
7,0.627882,0.713220,1763.652588
8,0.596573,0.642280,2013.233887
9,0.580958,0.580118,2262.781250
10,0.573962,0.548225,2512.409912
11,0.557014,0.553278,2761.914795
12,0.544792,0.559806,3011.493164
13,0.554109,0.547147,3260.996338
14,0.576956,0.523843,3510.614746
15,0.626849,0.504736,3760.154053
16,0.700142,0.508210,4009.711182
17,0.774561,0.556192,4259.326172
18,0.830920,0.580263,4508.862305
19,0.874323,0.581907,4758.412109
20,0.919694,0.579543,5007.986816
21,0.954948,0.542116,5257.529785
22,0.989536,0.506427,5507.085449
23,0.019428,0.461982,5756.646484
24,0.047166,0.435699,6006.272461
25,0.070337,0.427835,6255.780762
26,0.088379,0.421013,6505.428223
27,0.103498,0.442629,6754.912598
28,0.115176,0.456972,7004.500977
29,0.128461,0.476713,7254.136719
30,0.146568,0.497269,7503.658203
31,0.160918,0.524612,7753.224121
32,0.173156,0.555131,8002.733887
33,0.201066,0.555514,8252.296875
34,0.253747,0.541077,8501.867188
35,0.293731,0.541462,8751.396484
36,0.338144,0.554886,9001.077148
37,0.375672,0.559818,9250.599609
38,0.400345,0.558243,9500.108398
39,0.401453,0.550607,9766.296875
40,0.393444,0.538327,10015.870117
41,0.378356,0.514265,10265.470703
42,0.354280,0.488358,10515.019531
43,0.332976,0.483835,10764.552734
44,0.314531,0.489758,11014.154297
45,0.293955,0.503709,11263.775391
46,0.270729,0.518054,11513.291016
47,0.224557,0.529154,11762.809570
48,0.178461,0.536373,12012.397461
49,0.150872,0.535075,12262.018555
50,0.135295,0.539052,12511.523438
51,0.124066,0.537491,12761.163086
52,0.097551,0.520581,13010.644531
53,0.074544,0.510833,13260.246094
54,0.061520,0.506911,13509.763672
55,0.057401,0.505107,13759.345703
56,0.055368,0.504592,14008.977539
57,0.052745,0.498582,14258.483398
58,0.052887,0.491607,14508.043945
59,0.056339,0.494494,14757.572266
60,0.049618,0.489190,15007.171875
61,0.043943,0.485804,15256.718750
62,0.046830,0.483419,15506.361328
63,0.053405,0.460979,15755.882812
64,0.051172,0.439214,16005.490234
65,0.041979,0.442862,16255.000977
66,0.038867,0.445932,16504.568359
67,0.022831,0.453410,16754.130859
68,0.983204,0.457801,17003.679688
69,0.948862,0.449896,17253.261719
70,0.926237,0.439702,17502.769531
71,0.926743,0.442294,17752.404297
72,0.932564,0.440891,18001.931641
73,0.934460,0.444182,18251.537109
74,0.946700,0.438901,18501.076172
75,0.973916,0.421719,18750.585938
76,0.979308,0.409157,19000.203125
77,0.927406,0.343588,19266.427734
78,0.853588,0.288352,19515.945312
79,0.817551,0.260225,19765.492188
80,0.801455,0.225468,20015.093750
81,0.788243,0.212354,20264.712891
82,0.762048,0.236459,20514.214844
83,0.680046,0.285104,20763.736328
84,0.624444,0.347215,21013.378906
85,0.595301,0.399659,21262.923828
86,0.581727,0.472506,21512.490234
87,0.573857,0.541848,21762.001953
88,0.569490,0.592871,22011.646484
89,0.568806,0.623331,22261.160156
90,0.571807,0.643920,22510.691406
91,0.588271,0.678669,22760.322266
92,0.631285,0.716019,23009.822266
93,0.669210,0.740249,23259.445312
94,0.676305,0.758638,23508.951172
95,0.650153,0.767604,23758.617188
96,0.591726,0.748450,24008.070312
97,0.556215,0.691132,24257.638672
98,0.536920,0.622026,24507.232422
99,0.530410,0.592295,24756.853516
0,0.750442,0.469819,-0.047771
1,0.752329,0.471704,266.126251
2,0.781356,0.499051,515.679443
3,0.840638,0.532405,765.247498
4,0.894744,0.514641,1014.832642
5,0.906354,0.495725,1264.422729
6,0.905041,0.477349,1513.985596
7,0.901944,0.473798,1763.542480
8,0.896074,0.484815,2013.093018
9,0.816709,0.534211,2262.643311
10,0.684497,0.511979,2512.195557
11,0.618462,0.533494,2761.773682
12,0.596473,0.567657,3011.324219
13,0.582894,0.582600,3260.902588
14,0.561526,0.586651,3510.504639
15,0.537937,0.591451,3760.055420
16,0.519124,0.608054,4009.593018
17,0.522044,0.654544,4259.184082
18,0.496835,0.650301,4508.743652
19,0.444869,0.594311,4758.289551
20,0.403497,0.572796,5007.860840
21,0.355059,0.554035,5257.393555
22,0.319654,0.544591,5507.003906
23,0.307728,0.522980,5756.540039
24,0.315851,0.492557,6006.098145
25,0.321236,0.488044,6255.691406
26,0.316142,0.534307,6505.237793
27,0.318486,0.561379,6754.794434
28,0.342823,0.565686,7004.368164
29,0.387257,0.563567,7253.952637
30,0.430111,0.554160,7503.471191
31,0.458341,0.547767,7753.087891
32,0.475644,0.542462,8002.609375
33,0.517976,0.533482,8252.182617
34,0.585004,0.521776,8501.747070
35,0.689581,0.504368,8751.316406
36,0.815713,0.475691,9000.849609
37,0.945432,0.482132,9250.439453
38,0.995696,0.505111,9500.014648
39,0.003757,0.506159,9766.188477
40,0.013465,0.512248,10015.747070
41,0.020710,0.521210,10265.345703
42,0.022558,0.526044,10514.924805
43,0.013627,0.521256,10764.438477
44,0.012107,0.532228,11014.014648
45,0.020044,0.631463,11263.580078
46,0.031217,0.685985,11513.176758
47,0.050883,0.649197,11762.718750
48,0.066328,0.605951,12012.280273
49,0.088436,0.582744,12261.819336
50,0.098671,0.535203,12511.413086
51,0.094943,0.505168,12760.956055
52,0.103001,0.522200,13010.544922
53,0.118677,0.529295,13260.130859
54,0.119360,0.528380,13509.666992
55,0.113899,0.531623,13759.223633
56,0.107339,0.533991,14008.806641
57,0.084940,0.519396,14258.376953
58,0.034877,0.455457,14507.915039
59,0.999997,0.418275,14757.479492
60,0.945187,0.418304,15007.041992
61,0.897722,0.426436,15256.616211
62,0.896121,0.427310,15506.173828
63,0.904012,0.427880,15755.764648
64,0.904436,0.427078,16005.295898
65,0.895838,0.432977,16254.859375
66,0.891481,0.444085,16504.412109
67,0.892119,0.450391,16753.978516
68,0.897681,0.449400,17003.550781
69,0.910555,0.448133,17253.121094
70,0.911949,0.448200,17502.689453
71,0.912042,0.450485,17752.240234
72,0.901510,0.462930,18001.812500
73,0.856271,0.528417,18251.373047
74,0.794016,0.577532,18500.931641
75,0.747198,0.577133,18750.490234
76,0.717007,0.595198,19000.078125
77,0.679304,0.617826,19266.255859
78,0.650954,0.616961,19515.830078
79,0.610403,0.607258,19765.392578
80,0.551233,0.585211,20014.945312
81,0.511988,0.574754,20264.527344
82,0.493670,0.585833,20514.089844
83,0.494451,0.616408,20763.632812
84,0.481677,0.601921,21013.214844
85,0.477396,0.586631,21262.785156
86,0.508043,0.567219,21512.339844
87,0.527579,0.560688,21761.898438
88,0.542090,0.552071,22011.464844
89,0.547372,0.544796,22261.019531
90,0.548525,0.544545,22510.583984
91,0.548047,0.545302,22760.171875
92,0.551218,0.546952,23009.728516
93,0.560699,0.555001,23259.292969
94,0.572571,0.564077,23508.847656
95,0.571558,0.569365,23758.412109
96,0.549912,0.526937,24007.978516
97,0.529368,0.402018,24257.541016
98,0.529350,0.329233,24507.093750
99,0.527454,0.269678,24756.677734
0,0.749423,0.550059,0.002047
1,0.748236,0.550727,266.182251
2,0.716956,0.555969,515.774963
3,0.645150,0.569059,765.382690
4,0.601684,0.579787,1014.961914
5,0.573510,0.593950,1264.504517
6,0.552646,0.615119,1514.077881
7,0.546145,0.642260,1763.637451
8,0.547099,0.666615,2013.148438
9,0.549900,0.680152,2262.742920
10,0.551011,0.663171,2512.304688
11,0.545474,0.606323,2761.873047
12,0.541002,0.543138,3011.491699
13,0.543526,0.520670,3260.994873
14,0.549776,0.511956,3510.541016
15,0.548496,0.512444,3760.140381
16,0.547157,0.515620,4009.683838
17,0.547535,0.517702,4259.289062
18,0.546434,0.517538,4508.800293
19,0.541855,0.521047,4758.419434
20,0.539449,0.523810,5007.982910
21,0.538550,0.524145,5257.458984
22,0.539204,0.518251,5507.061035
23,0.547065,0.479251,5756.634277
24,0.575360,0.424688,6006.181152
25,0.625991,0.383453,6255.778809
26,0.674945,0.355048,6505.406738
27,0.727556,0.332644,6754.982910
28,0.759038,0.324625,7004.422363
29,0.781221,0.327244,7254.084473
30,0.795114,0.334922,7503.608887
31,0.809732,0.341572,7753.104492
32,0.827330,0.348028,8002.709473
33,0.849430,0.360574,8252.249023
34,0.869428,0.365255,8501.892578
35,0.890314,0.366327,8751.370117
36,0.910580,0.365276,9000.964844
37,0.929915,0.362669,9250.531250
38,0.944421,0.361712,9500.056641
39,0.948934,0.378601,9766.249023
40,0.951383,0.421487,10015.870117
41,0.961859,0.464362,10265.470703
42,0.978817,0.487068,10515.002930
43,0.990729,0.499120,10764.556641
44,0.992734,0.508895,11014.083008
45,0.983491,0.551310,11263.679688
46,0.969737,0.624531,11513.230469
47,0.956184,0.676820,11762.842773
48,0.928725,0.690783,12012.316406
49,0.888301,0.685034,12261.967773
50,0.859200,0.679064,12511.460938
51,0.842788,0.670647,12761.138672
52,0.831546,0.665846,13010.584961
53,0.823437,0.662003,13260.201172
54,0.818840,0.661036,13509.729492
55,0.811885,0.659928,13759.347656
56,0.799240,0.657210,14008.872070
57,0.787385,0.653347,14258.410156
58,0.775600,0.650899,14508.099609
59,0.764252,0.647080,14757.543945
60,0.763266,0.645277,15007.109375
61,0.764016,0.643000,15256.720703
62,0.747340,0.639717,15506.318359
63,0.725511,0.633936,15755.816406
64,0.702611,0.627124,16005.373047
65,0.679568,0.620411,16254.974609
66,0.660156,0.614600,16504.554688
67,0.643848,0.606218,16754.076172
68,0.635665,0.601258,17003.609375
69,0.632462,0.598223,17253.220703
70,0.631820,0.595550,17502.775391
71,0.632119,0.594344,17752.287109
72,0.632849,0.594403,18001.910156
73,0.633665,0.594434,18251.449219
74,0.634650,0.594377,18501.041016
75,0.635755,0.594291,18750.603516
76,0.636049,0.594951,19000.224609
77,0.636261,0.595554,19266.408203
78,0.636536,0.595952,19515.910156
79,0.636780,0.596534,19765.447266
80,0.636862,0.597119,20015.068359
81,0.636968,0.597313,20264.664062
82,0.637177,0.597878,20514.242188
83,0.637158,0.598507,20763.718750
84,0.637452,0.599081,21013.318359
85,0.637672,0.599464,21262.843750
86,0.638067,0.599688,21512.382812
87,0.637975,0.599598,21762.003906
88,0.637097,0.600379,22011.597656
89,0.636436,0.601141,22261.171875
90,0.636323,0.601443,22510.683594
91,0.636423,0.601572,22760.294922
92,0.636600,0.601879,23009.789062
93,0.636772,0.602131,23259.330078
94,0.636874,0.602383,23508.933594
95,0.636988,0.602170,23758.468750
96,0.637125,0.602230,24008.091797
97,0.637206,0.602489,24257.617188
98,0.637307,0.602680,24507.236328
99,0.637391,0.602958,24756.744141
0,0.750025,0.574476,-0.001082
1,0.750040,0.576434,266.192017
2,0.756007,0.585115,515.758057
3,0.796172,0.602181,765.405029
4,0.841516,0.596010,1014.914490
5,0.891690,0.529418,1264.459473
6,0.896051,0.477450,1514.067993
7,0.891252,0.445344,1763.632080
8,0.894185,0.443331,2013.180420
9,0.921046,0.453281,2262.831543
10,0.929645,0.473341,2512.354004
11,0.919722,0.574019,2761.880371
12,0.889150,0.630017,3011.399414
13,0.822869,0.659505,3260.966797
14,0.738145,0.651923,3510.550293
15,0.645998,0.627746,3760.088623
16,0.589168,0.615509,4009.687500
17,0.555421,0.594006,4259.261719
18,0.541280,0.570291,4508.887207
19,0.524625,0.574507,4758.366699
20,0.496100,0.583531,5007.990234
21,0.478969,0.610595,5257.480957
22,0.462108,0.629765,5507.042480
23,0.433845,0.634701,5756.708496
24,0.401565,0.630898,6006.281738
25,0.367326,0.570510,6255.787109
26,0.351873,0.493495,6505.290527
27,0.332209,0.490547,6755.002441
28,0.306476,0.507822,7004.425781
29,0.294131,0.518387,7254.026367
30,0.364208,0.512032,7503.591797
31,0.423289,0.501754,7753.154297
32,0.444114,0.498193,8002.710449
33,0.484082,0.490632,8252.240234
34,0.509628,0.488113,8501.891602
35,0.531682,0.485514,8751.422852
36,0.543379,0.486048,9001.004883
37,0.558297,0.484455,9250.541016
38,0.581303,0.477268,9500.154297
39,0.586635,0.480958,9766.309570
40,0.570784,0.496390,10015.944336
41,0.544821,0.520994,10265.385742
42,0.525899,0.531297,10515.000977
43,0.510496,0.532250,10764.535156
44,0.495043,0.528529,11014.168945
45,0.484604,0.523574,11263.675781
46,0.484313,0.532248,11513.290039
47,0.492520,0.561104,11762.793945
48,0.502860,0.572512,12012.327148
49,0.515738,0.575779,12261.993164
50,0.529784,0.575737,12511.470703
51,0.533609,0.578496,12761.119141
52,0.531990,0.581268,13010.666016
53,0.533809,0.581783,13260.215820
54,0.551543,0.586795,13509.791992
55,0.608919,0.584296,13759.316406
56,0.666781,0.602020,14008.954102
57,0.704913,0.611166,14258.408203
58,0.755278,0.610826,14508.055664
59,0.803803,0.604706,14757.572266
60,0.845854,0.585829,15007.137695
61,0.880773,0.522016,15256.709961
62,0.925257,0.448218,15506.245117
63,0.973187,0.419022,15755.863281
64,0.006544,0.419737,16005.404297
65,0.023589,0.426317,16254.981445
66,0.036629,0.433568,16504.480469
67,0.062551,0.439078,16754.113281
68,0.069310,0.447280,17003.626953
69,0.060467,0.455898,17253.183594
70,0.061851,0.460065,17502.740234
71,0.076716,0.466474,17752.335938
72,0.104048,0.516484,18001.910156
73,0.103685,0.532417,18251.441406
74,0.097743,0.533868,18501.066406
75,0.092950,0.526546,18750.593750
76,0.080150,0.510668,19000.146484
77,0.041977,0.490954,19266.332031
78,0.022516,0.481227,19515.974609
79,0.016141,0.462757,19765.486328
80,0.001888,0.440852,20015.119141
81,0.988711,0.443907,20264.634766
82,0.995414,0.449861,20514.214844
83,0.990908,0.451737,20763.726562
84,0.960617,0.458358,21013.269531
85,0.929610,0.465926,21262.839844
86,0.917269,0.469058,21512.427734
87,0.911377,0.465215,21762.039062
88,0.910882,0.462533,22011.558594
89,0.910637,0.463507,22261.138672
90,0.910852,0.463986,22510.701172
91,0.911793,0.462092,22760.265625
92,0.912225,0.460923,23009.820312
93,0.910473,0.456199,23259.402344
94,0.913395,0.444784,23508.904297
95,0.916586,0.435357,23758.503906
96,0.918982,0.433056,24008.048828
97,0.919582,0.433078,24257.611328
98,0.921115,0.432297,24507.197266
99,0.922317,0.431565,24756.757812
0,0.752553,0.488308,0.008341
1,0.760005,0.475971,266.150269
2,0.784294,0.478985,515.727783
3,0.823140,0.495350,765.256226
4,0.857351,0.491334,1014.847107
5,0.875391,0.480898,1264.505859
6,0.885482,0.471263,1513.964722
7,0.895118,0.465764,1763.671997
8,0.902433,0.458787,2013.107666
9,0.909808,0.437592,2262.696777
10,0.920840,0.408101,2512.225098
11,0.936707,0.395799,2761.813965
12,0.965241,0.402034,3011.422607
13,0.988889,0.445319,3260.924805
14,0.000752,0.483517,3510.465088
15,0.007254,0.544403,3760.087646
16,0.011427,0.630946,4009.539307
17,0.010748,0.701439,4259.197754
18,0.019522,0.716464,4508.884277
19,0.037322,0.681116,4758.346680
20,0.039258,0.657854,5007.894531
21,0.004081,0.630640,5257.500000
22,0.961645,0.616014,5507.008789
23,0.921268,0.598019,5756.538574
24,0.890361,0.578749,6006.176270
25,0.860329,0.582536,6255.747559
26,0.839709,0.580850,6505.344727
27,0.825937,0.577681,6754.807129
28,0.805835,0.576504,7004.407227
29,0.781436,0.592349,7253.974609
30,0.762696,0.596079,7503.473145
31,0.741479,0.593553,7753.095703
32,0.708094,0.573996,8002.710449
33,0.684078,0.554719,8252.244141
34,0.659243,0.552378,8501.747070
35,0.632342,0.559301,8751.389648
36,0.608454,0.565919,9000.879883
37,0.585865,0.576014,9250.497070
38,0.565000,0.587999,9516.565430
39,0.547123,0.589262,9766.180664
40,0.539337,0.573740,10015.862305
41,0.535049,0.556357,10265.360352
42,0.526169,0.548294,10514.873047
43,0.516180,0.538072,10764.437500
44,0.499538,0.530839,11014.051758
45,0.490767,0.527229,11263.583008
46,0.483491,0.523580,11513.151367
47,0.477007,0.514892,11762.739258
48,0.472219,0.505028,12012.268555
49,0.470153,0.520098,12261.804688
50,0.471464,0.541638,12511.470703
51,0.479746,0.561022,12760.896484
52,0.502432,0.563495,13010.554688
53,0.516802,0.568475,13260.124023
54,0.523879,0.568379,13509.689453
55,0.527335,0.567518,13759.237305
56,0.527881,0.565580,14008.761719
57,0.527310,0.566218,14258.405273
58,0.525964,0.570138,14507.892578
59,0.527364,0.568018,14757.518555
60,0.521025,0.562057,15006.965820
61,0.501604,0.562234,15256.653320
62,0.478221,0.573367,15506.137695
63,0.438604,0.562868,15755.717773
64,0.394699,0.544927,16005.322266
65,0.368167,0.523602,16254.879883
66,0.350591,0.499367,16504.435547
67,0.321043,0.494684,16753.958984
68,0.287349,0.509513,17003.611328
69,0.276131,0.538363,17253.085938
70,0.268439,0.587564,17502.666016
71,0.246070,0.600075,17752.218750
72,0.222546,0.599353,18001.847656
73,0.206752,0.594692,18251.343750
74,0.210190,0.609131,18500.898438
75,0.267700,0.625513,18750.437500
76,0.343657,0.598755,19000.042969
77,0.398490,0.559847,19266.337891
78,0.431802,0.544462,19515.773438
79,0.462370,0.562010,19765.414062
80,0.485835,0.599446,20014.900391
81,0.502610,0.653886,20264.582031
82,0.512689,0.674700,20514.039062
83,0.515910,0.667873,20763.726562
84,0.517217,0.647796,21013.158203
85,0.519967,0.631751,21262.722656
86,0.524151,0.600124,21512.400391
87,0.536713,0.590611,21761.923828
88,0.539389,0.571384,22011.533203
89,0.534777,0.548125,22261.019531
90,0.518653,0.528015,22510.625000
91,0.483503,0.510214,22760.113281
92,0.463033,0.504448,23009.695312
93,0.447780,0.504050,23259.242188
94,0.438717,0.499357,23508.896484
95,0.437467,0.509974,23758.421875
96,0.438673,0.528544,24007.943359
97,0.447893,0.534182,24257.478516
98,0.458262,0.532631,24507.111328
99,0.464264,0.526835,24756.568359
