Idx, longitude, latitude, start timestamp
0,0.743561,0.547710,0.001012
1,0.728463,0.550229,266.254059
2,0.715158,0.548715,515.875305
3,0.705098,0.549704,765.394348
4,0.684536,0.576762,1015.041016
5,0.658603,0.629558,1264.450317
6,0.631387,0.689475,1514.170654
7,0.609233,0.703796,1763.646851
8,0.594990,0.700475,2013.258667
9,0.580168,0.698024,2262.672363
10,0.557965,0.706410,2512.368652
11,0.530930,0.732011,2761.826172
12,0.515298,0.747974,3011.406250
13,0.499231,0.758682,3261.057861
14,0.478403,0.766970,3510.552490
15,0.456883,0.756429,3760.168457
16,0.438927,0.722135,4009.698975
17,0.425401,0.690223,4259.386230
18,0.412911,0.670776,4508.792480
19,0.391987,0.659121,4758.375488
20,0.370097,0.645890,5007.961914
21,0.358535,0.632955,5257.538574
22,0.346803,0.610368,5507.032227
23,0.335636,0.592492,5756.612305
24,0.319775,0.565279,6006.226074
25,0.328608,0.538045,6289.020996
26,0.355251,0.507837,6538.597168
27,0.393209,0.482669,6771.530273
28,0.445055,0.452576,7021.093262
29,0.489752,0.447766,7287.230469
30,0.533481,0.439881,7520.286133
31,0.571294,0.432467,7769.712402
32,0.605424,0.423002,8002.706055
33,0.631889,0.417387,8252.227539
34,0.643016,0.418397,8501.873047
35,0.637420,0.424444,8768.089844
36,0.612724,0.423835,9034.217773
37,0.572848,0.422415,9267.229492
38,0.532298,0.422473,9516.665039
39,0.502887,0.425945,9766.328125
40,0.472798,0.427373,10015.784180
41,0.448519,0.434070,10282.090820
42,0.426191,0.436232,10514.920898
43,0.403334,0.446593,10764.560547
44,0.374360,0.456847,11014.077148
45,0.319335,0.472450,11263.657227
46,0.257593,0.487070,11513.132812
47,0.223650,0.488585,11762.754883
48,0.217183,0.490803,12012.386719
49,0.202486,0.492054,12261.906250
50,0.176556,0.481613,12511.531250
51,0.141626,0.471669,12761.028320
52,0.113467,0.483814,13010.656250
53,0.090762,0.497183,13260.112305
54,0.073938,0.513571,13509.736328
55,0.058277,0.526988,13759.213867
56,0.053713,0.533490,14008.842773
57,0.061827,0.538879,14258.362305
58,0.086351,0.538229,14507.970703
59,0.112549,0.535288,14757.647461
60,0.144316,0.528391,15007.111328
61,0.164185,0.520583,15256.712891
62,0.152543,0.515112,15506.204102
63,0.140689,0.509658,15838.927734
64,0.134444,0.512091,16088.587891
65,0.161203,0.512279,16254.925781
66,0.210807,0.515479,16587.697266
67,0.239241,0.515735,16820.564453
68,0.253458,0.509373,17070.224609
69,0.262065,0.501158,17319.691406
70,0.264633,0.496108,17552.666016
71,0.263117,0.480643,17802.195312
72,0.261396,0.473503,18035.166016
73,0.256977,0.466268,18284.675781
74,0.226175,0.428215,18534.281250
75,0.205624,0.391997,18767.148438
76,0.201657,0.365366,19000.115234
77,0.202579,0.344193,19266.257812
78,0.203794,0.341270,19549.109375
79,0.205845,0.342782,19798.769531
80,0.216175,0.347670,20031.658203
81,0.250303,0.390662,20281.246094
82,0.281159,0.479120,20514.101562
83,0.309459,0.521663,20763.777344
84,0.335096,0.540192,21013.210938
85,0.350196,0.542465,21279.488281
86,0.348552,0.536845,21528.972656
87,0.338384,0.536313,21778.632812
88,0.331850,0.538316,22011.476562
89,0.334999,0.533062,22261.056641
90,0.344512,0.532063,22510.621094
91,0.352713,0.532025,22760.179688
92,0.359834,0.529267,23026.488281
93,0.365233,0.528220,23275.974609
94,0.369303,0.525422,23508.972656
95,0.375631,0.529718,23758.455078
96,0.387808,0.537265,24007.916016
97,0.406594,0.544787,24257.603516
98,0.435449,0.553197,24507.152344
99,0.441016,0.559140,24756.667969
0,0.750125,0.493683,0.007287
1,0.750033,0.493173,266.263031
2,0.747539,0.526521,515.760681
3,0.734832,0.633095,765.429199
4,0.732293,0.650376,1015.012512
5,0.766612,0.594391,1264.484253
6,0.824306,0.523829,1514.088501
7,0.829773,0.469984,1763.638794
8,0.829227,0.379748,2013.207886
9,0.821143,0.332433,2262.745117
10,0.792746,0.315126,2512.325439
11,0.696200,0.306761,2761.831055
12,0.650062,0.313972,3011.496094
13,0.626605,0.344839,3260.981689
14,0.574264,0.421281,3510.611816
15,0.545669,0.499429,3760.093506
16,0.537948,0.549803,4009.666992
17,0.534664,0.564088,4259.326172
18,0.535047,0.565393,4508.896973
19,0.538396,0.565218,4758.453125
20,0.550327,0.563288,5007.959473
21,0.577342,0.574498,5257.547363
22,0.633402,0.605501,5507.144043
23,0.702607,0.600463,5756.648926
24,0.808186,0.548669,6006.270020
25,0.861456,0.519120,6255.806152
26,0.901865,0.491486,6505.243652
27,0.936074,0.480851,6754.985352
28,0.961467,0.485218,7004.509277
29,0.981836,0.483619,7254.045898
30,0.002050,0.490712,7503.505859
31,0.023241,0.499377,7753.184570
32,0.041133,0.505462,8002.755859
33,0.043828,0.504813,8252.279297
34,0.042866,0.507750,8501.879883
35,0.053556,0.511601,8751.352539
36,0.073962,0.514376,9000.982422
37,0.084511,0.511019,9250.441406
38,0.078650,0.507963,9500.099609
39,0.060704,0.492965,9766.375000
40,0.996052,0.417352,10015.880859
41,0.943006,0.346784,10265.427734
42,0.912743,0.342739,10514.975586
43,0.846420,0.393431,10764.582031
44,0.821534,0.408346,11014.155273
45,0.788245,0.399112,11263.656250
46,0.758272,0.400119,11513.203125
47,0.734361,0.404459,11762.834961
48,0.720566,0.409907,12012.345703
49,0.719038,0.425086,12261.945312
50,0.718066,0.421525,12511.438477
51,0.718005,0.428413,12761.063477
52,0.713234,0.430060,13010.638672
53,0.706223,0.441708,13260.134766
54,0.705555,0.440108,13509.741211
55,0.700133,0.430281,13759.291992
56,0.686662,0.439400,14008.858398
57,0.674448,0.550326,14258.473633
58,0.670419,0.588458,14508.009766
59,0.667965,0.553772,14757.492188
60,0.665622,0.450967,15007.157227
61,0.663732,0.404935,15256.598633
62,0.651089,0.395236,15506.259766
63,0.624285,0.398835,15755.820312
64,0.588180,0.422373,16005.392578
65,0.504625,0.467235,16255.040039
66,0.456075,0.518714,16504.447266
67,0.442472,0.536738,16754.115234
68,0.410197,0.539898,17003.648438
69,0.399012,0.538945,17253.205078
70,0.400190,0.538686,17502.667969
71,0.401388,0.539685,17752.410156
72,0.404528,0.547504,18001.859375
73,0.408555,0.558473,18251.439453
74,0.419851,0.559960,18500.964844
75,0.526040,0.536811,18750.593750
76,0.650317,0.564674,19000.263672
77,0.715062,0.676372,19266.337891
78,0.715406,0.712869,19515.886719
79,0.717329,0.709223,19765.455078
80,0.731749,0.659617,20014.998047
81,0.771452,0.586520,20264.490234
82,0.781199,0.542926,20514.226562
83,0.785072,0.518627,20763.630859
84,0.792428,0.497120,21013.289062
85,0.795702,0.474192,21262.847656
86,0.786826,0.469374,21512.429688
87,0.787560,0.470869,21761.970703
88,0.779890,0.464829,22011.472656
89,0.769905,0.465160,22261.132812
90,0.767937,0.465705,22510.658203
91,0.761520,0.465116,22760.263672
92,0.759584,0.463872,23009.712891
93,0.759007,0.463607,23259.324219
94,0.759081,0.465128,23508.867188
95,0.754506,0.467258,23758.429688
96,0.745073,0.472033,24007.931641
97,0.737471,0.469467,24257.605469
98,0.732804,0.462127,24507.246094
99,0.730928,0.458203,24756.693359
0,0.754710,0.551413,-0.015648
1,0.753621,0.544355,266.083282
2,0.712093,0.547392,515.762756
3,0.665531,0.560320,765.161133
4,0.629489,0.556025,1014.787048
5,0.581878,0.542262,1264.465210
6,0.538364,0.529599,1513.948730
7,0.504918,0.519942,1763.614868
8,0.472777,0.524159,2013.091309
9,0.440633,0.533577,2262.646729
10,0.437293,0.529037,2512.156250
11,0.501210,0.485841,2761.734375
12,0.565140,0.462192,3011.339355
13,0.618011,0.411953,3260.880859
14,0.645377,0.388269,3510.425537
15,0.671901,0.421901,3760.098389
16,0.690120,0.479055,4009.506104
17,0.703433,0.522662,4259.190918
18,0.722985,0.544575,4508.679688
19,0.754455,0.539249,4758.292969
20,0.769571,0.527330,5007.850098
21,0.793361,0.512894,5257.405273
22,0.813702,0.501636,5506.992188
23,0.810867,0.494089,5756.472168
24,0.790928,0.474357,6006.148926
25,0.774850,0.464622,6255.652832
26,0.749381,0.458080,6505.264160
27,0.710276,0.430852,6754.740723
28,0.682232,0.385333,7004.388184
29,0.670870,0.353718,7253.874023
30,0.672105,0.345930,7503.497559
31,0.674001,0.348959,7753.066895
32,0.677117,0.353305,8002.677734
33,0.688112,0.364018,8252.277344
34,0.703632,0.364247,8501.702148
35,0.725874,0.346107,8751.360352
36,0.753136,0.332697,9000.831055
37,0.778076,0.328571,9250.483398
38,0.803796,0.332011,9516.592773
39,0.828206,0.335198,9766.181641
40,0.845600,0.344189,10015.840820
41,0.864369,0.380131,10265.386719
42,0.868270,0.405251,10514.940430
43,0.835425,0.440817,10764.477539
44,0.788190,0.473580,11014.043945
45,0.731989,0.509187,11263.574219
46,0.683824,0.540676,11513.147461
47,0.667836,0.579892,11762.738281
48,0.670610,0.611147,12012.384766
49,0.673999,0.636924,12261.789062
50,0.678416,0.640454,12511.469727
51,0.688668,0.643078,12760.962891
52,0.706963,0.646331,13010.532227
53,0.750583,0.616415,13260.125000
54,0.825057,0.561980,13509.722656
55,0.907405,0.505050,13759.234375
56,0.987335,0.489335,14008.757812
57,0.066189,0.490789,14258.412109
58,0.119437,0.493590,14507.889648
59,0.157036,0.496469,14757.531250
60,0.190232,0.495929,15007.011719
61,0.219843,0.495394,15256.665039
62,0.245277,0.494674,15506.217773
63,0.269935,0.498196,15755.714844
64,0.290181,0.500385,16005.292969
65,0.315419,0.507625,16254.865234
66,0.342276,0.513329,16504.533203
67,0.369056,0.518610,16753.957031
68,0.401670,0.513056,17003.652344
69,0.417710,0.508511,17253.091797
70,0.406398,0.511288,17502.699219
71,0.392029,0.516210,17752.212891
72,0.374417,0.521964,18001.839844
73,0.365500,0.524491,18251.408203
74,0.368468,0.526352,18517.609375
75,0.375574,0.524646,18750.439453
76,0.379661,0.522613,19000.089844
77,0.360246,0.518656,19266.347656
78,0.286095,0.496252,19515.835938
79,0.247472,0.483928,19765.439453
80,0.190485,0.473284,20015.017578
81,0.138275,0.474595,20264.443359
82,0.093590,0.463064,20514.058594
83,0.042503,0.454875,20763.636719
84,0.984891,0.420031,21013.232422
85,0.925018,0.378276,21262.775391
86,0.888236,0.345627,21512.316406
87,0.857048,0.332385,21761.912109
88,0.811084,0.351053,22011.435547
89,0.768056,0.357340,22261.101562
90,0.727864,0.371705,22510.615234
91,0.693206,0.390987,22760.164062
92,0.665468,0.386338,23009.730469
93,0.640625,0.391196,23259.285156
94,0.615208,0.423184,23508.908203
95,0.603190,0.462927,23758.408203
96,0.603830,0.489762,24057.867188
97,0.629759,0.457896,24290.859375
98,0.682451,0.409727,24523.707031
99,0.705988,0.404108,24756.634766
0,0.749189,0.447270,0.006218
1,0.748779,0.446916,266.263123
2,0.750356,0.446171,515.795349
3,0.758199,0.449038,765.400269
4,0.772225,0.459701,1014.852600
5,0.805334,0.471769,1264.491943
6,0.843946,0.482398,1514.001343
7,0.879462,0.478850,1763.582275
8,0.899588,0.476242,2013.225586
9,0.916724,0.483119,2262.689453
10,0.930416,0.491347,2512.354736
11,0.930395,0.489871,2761.855713
12,0.928411,0.484300,3011.516846
13,0.917583,0.449542,3260.923340
14,0.900268,0.368284,3510.600586
15,0.891265,0.334220,3760.088867
16,0.885314,0.338016,4009.666260
17,0.864508,0.386382,4259.200684
18,0.845648,0.429080,4508.784180
19,0.822330,0.445179,4758.375488
20,0.801930,0.485076,5007.921387
21,0.774782,0.554677,5257.642090
22,0.756180,0.550508,5507.061035
23,0.742377,0.510908,5756.690430
24,0.737625,0.492670,6006.141602
25,0.736968,0.475370,6255.833008
26,0.736615,0.455307,6505.332520
27,0.735753,0.430744,6754.876465
28,0.735569,0.415348,7004.392578
29,0.733026,0.424045,7254.040039
30,0.727475,0.432745,7503.566406
31,0.713717,0.447400,7753.175293
32,0.679490,0.477315,8002.666504
33,0.656299,0.521520,8252.257812
34,0.642012,0.562368,8501.848633
35,0.633632,0.570136,8751.429688
36,0.627514,0.565080,9001.003906
37,0.618859,0.567894,9250.529297
38,0.615161,0.543292,9500.083984
39,0.608119,0.520191,9766.207031
40,0.599385,0.501798,10015.906250
41,0.591912,0.482516,10265.454102
42,0.566839,0.472573,10514.965820
43,0.529032,0.477871,10764.647461
44,0.489876,0.489414,11014.156250
45,0.464819,0.499805,11263.821289
46,0.426668,0.504612,11579.880859
47,0.409021,0.496981,11845.944336
48,0.393644,0.495334,12095.608398
49,0.387269,0.493301,12328.504883
50,0.384351,0.488016,12578.048828
51,0.385520,0.479616,12827.558594
52,0.382389,0.470918,13093.804688
53,0.369346,0.475389,13343.321289
54,0.360825,0.484541,13592.958008
55,0.355668,0.490813,13842.458984
56,0.342114,0.490737,14092.035156
57,0.326011,0.491965,14258.434570
58,0.314512,0.493281,14508.063477
59,0.299844,0.495811,14840.796875
60,0.287388,0.492111,15073.654297
61,0.287293,0.491948,15323.260742
62,0.284077,0.486415,15572.762695
63,0.282320,0.486706,15839.060547
64,0.276498,0.489821,16071.915039
65,0.268989,0.494919,16321.557617
66,0.262779,0.496681,16571.035156
67,0.256937,0.495920,16820.609375
68,0.251154,0.497803,17070.156250
69,0.247777,0.501281,17319.789062
70,0.233308,0.505777,17552.599609
71,0.209275,0.503023,17802.232422
72,0.184702,0.506100,18051.753906
73,0.169350,0.514475,18301.347656
74,0.156783,0.514218,18534.259766
75,0.143273,0.512502,18783.898438
76,0.130589,0.511728,19033.449219
77,0.115159,0.514966,19283.019531
78,0.088704,0.527506,19532.625000
79,0.070923,0.536193,19765.449219
80,0.066757,0.537247,20015.101562
81,0.072572,0.530855,20264.621094
82,0.089244,0.514179,20547.443359
83,0.092400,0.507925,20796.994141
84,0.101036,0.497154,21046.556641
85,0.104222,0.492851,21296.060547
86,0.112042,0.488747,21545.750000
87,0.116874,0.486798,21778.554688
88,0.117064,0.488844,22028.167969
89,0.119370,0.488347,22261.080078
90,0.118630,0.489740,22510.662109
91,0.118002,0.490253,22760.332031
92,0.120820,0.488604,23043.060547
93,0.134013,0.483205,23276.080078
94,0.151399,0.476000,23525.523438
95,0.163066,0.471076,23758.521484
96,0.180307,0.465501,24008.072266
97,0.200929,0.461289,24257.632812
98,0.207385,0.461930,24507.181641
99,0.211359,0.462896,24756.812500
0,0.749907,0.526410,-0.002775
1,0.749830,0.527292,266.044250
2,0.745829,0.570357,515.674744
3,0.720347,0.638704,765.263794
4,0.676426,0.670624,1031.462524
5,0.634802,0.671827,1264.315063
6,0.590209,0.661264,1513.940186
7,0.551912,0.623770,1763.492676
8,0.531449,0.580138,2012.985229
9,0.510690,0.558940,2262.549805
10,0.488464,0.525035,2578.589355
11,0.457753,0.496022,2811.576660
12,0.420839,0.487657,3044.471191
13,0.393937,0.507768,3260.866455
14,0.380470,0.531325,3543.602295
15,0.378323,0.542603,3776.483398
16,0.378211,0.550511,4026.076416
17,0.379159,0.563809,4259.081055
18,0.381669,0.564736,4508.529785
19,0.390970,0.551891,4758.147949
20,0.396004,0.547552,5074.276855
21,0.396162,0.548591,5307.141113
22,0.398995,0.543955,5540.169434
23,0.404479,0.534336,5756.421875
24,0.404814,0.536930,6006.046875
25,0.395487,0.551267,6288.723145
26,0.385974,0.576493,6521.723145
27,0.387716,0.587292,6771.252930
28,0.403874,0.581520,7004.272461
29,0.423306,0.565865,7253.708008
30,0.439493,0.556484,7519.988281
31,0.463973,0.549032,7752.802734
32,0.483565,0.528207,8002.461914
33,0.508847,0.504250,8318.597656
34,0.541487,0.480008,8551.410156
35,0.572153,0.468212,8784.425781
36,0.582419,0.459031,9017.289062
37,0.615998,0.411095,9250.321289
38,0.641825,0.370395,9549.684570
39,0.676871,0.332620,9766.008789
40,0.686690,0.333759,10048.754883
41,0.703237,0.326725,10281.740234
42,0.760997,0.327403,10531.281250
43,0.799598,0.332896,10764.264648
44,0.812371,0.329511,11096.950195
45,0.839173,0.334636,11329.833008
46,0.892124,0.345710,11562.810547
47,0.924153,0.356136,11779.090820
48,0.940741,0.368159,12012.132812
49,0.961934,0.393937,12261.592773
50,0.987103,0.401272,12527.804688
51,0.005998,0.380946,12760.720703
52,0.028514,0.365791,13026.910156
53,0.049892,0.337034,13259.804688
54,0.077728,0.295774,13509.442383
55,0.099401,0.252328,13758.874023
56,0.110467,0.214695,14075.000000
57,0.110467,0.204862,14307.965820
58,0.101709,0.220503,14540.885742
59,0.092629,0.234503,14773.886719
60,0.092014,0.280549,15006.751953
61,0.089302,0.338374,15256.377930
62,0.091213,0.385252,15522.503906
63,0.106671,0.475719,15755.450195
64,0.118398,0.537910,16021.561523
65,0.129154,0.565846,16254.604492
66,0.130797,0.576071,16504.033203
67,0.110889,0.564779,16753.701172
68,0.090142,0.549537,17069.781250
69,0.066816,0.542825,17319.273438
70,0.037406,0.534228,17535.681641
71,0.014676,0.527510,17768.529297
72,0.989603,0.516606,18001.498047
73,0.977728,0.512033,18284.251953
74,0.990722,0.528642,18500.658203
75,0.981593,0.537717,18750.089844
76,0.946740,0.471410,19032.988281
77,0.906481,0.402908,19265.876953
78,0.869740,0.367339,19515.478516
79,0.834026,0.350814,19831.617188
80,0.795950,0.346510,20064.460938
81,0.753054,0.344057,20280.847656
82,0.721234,0.349098,20513.697266
83,0.678904,0.350770,20763.318359
84,0.651797,0.352331,21029.414062
85,0.634488,0.352614,21262.439453
86,0.615730,0.361458,21511.919922
87,0.578424,0.392210,21761.542969
88,0.545894,0.405511,22027.656250
89,0.504330,0.441259,22260.601562
90,0.471726,0.468292,22510.093750
91,0.429250,0.492293,22759.771484
92,0.393817,0.513013,23092.496094
93,0.352507,0.543364,23308.771484
94,0.328757,0.559259,23541.748047
95,0.302818,0.562869,23774.591797
96,0.278545,0.546614,24007.589844
97,0.253865,0.546590,24273.728516
98,0.232303,0.537805,24506.697266
99,0.223535,0.532570,24772.814453
0,0.753680,0.615927,0.011228
1,0.762944,0.605518,266.306061
2,0.773115,0.577682,515.688354
3,0.779997,0.546006,765.297302
4,0.778668,0.524994,1014.828186
5,0.768436,0.498010,1264.412109
6,0.747011,0.481020,1514.096069
7,0.716895,0.468998,1763.529297
8,0.686670,0.452809,2013.193604
9,0.657983,0.444664,2262.648926
10,0.633035,0.453511,2512.347656
11,0.600378,0.477604,2761.822754
12,0.549046,0.517624,3011.405029
13,0.503277,0.527440,3260.957764
14,0.480239,0.532576,3510.503418
15,0.485319,0.542306,3760.133301
16,0.517366,0.554834,4009.624756
17,0.568273,0.566470,4259.175781
18,0.630964,0.575930,4508.759277
19,0.691668,0.574129,4758.366699
20,0.759302,0.566876,5007.913574
21,0.821772,0.559924,5257.561035
22,0.861848,0.548670,5507.041016
23,0.892400,0.540594,5756.618164
24,0.911165,0.527574,6006.190430
25,0.924654,0.494424,6255.754883
26,0.944159,0.502870,6505.238281
27,0.965213,0.506098,6754.873047
28,0.995347,0.506086,7004.381836
29,0.030597,0.502035,7254.038086
30,0.068426,0.474270,7520.272949
31,0.115493,0.432669,7753.116699
32,0.165604,0.459507,8002.695312
33,0.188958,0.503352,8252.234375
34,0.201491,0.528483,8584.944336
35,0.198968,0.532337,8751.360352
36,0.179995,0.530273,9067.446289
37,0.146435,0.523694,9317.112305
38,0.108371,0.535901,9549.998047
39,0.074269,0.571320,9799.580078
40,0.035216,0.639019,10049.097656
41,0.987598,0.712806,10282.071289
42,0.965117,0.731104,10531.585938
43,0.941048,0.658264,10764.594727
44,0.932374,0.585571,11014.055664
45,0.905855,0.538570,11263.691406
46,0.858378,0.448997,11513.186523
47,0.790743,0.403780,11796.020508
48,0.675667,0.416950,12045.573242
49,0.571756,0.444370,12278.574219
50,0.542026,0.461537,12528.011719
51,0.536299,0.475430,12777.664062
52,0.509502,0.512385,13027.294922
53,0.482590,0.549291,13260.172852
54,0.485929,0.555261,13509.807617
55,0.529592,0.532363,13759.282227
56,0.588041,0.516644,14042.106445
57,0.640698,0.512940,14291.669922
58,0.694809,0.511000,14541.281250
59,0.742133,0.510441,14774.101562
60,0.784051,0.505879,15023.739258
61,0.815821,0.500230,15256.639648
62,0.844858,0.493475,15506.253906
63,0.871349,0.491941,15755.753906
64,0.899550,0.496135,16005.374023
65,0.929345,0.501899,16254.867188
66,0.961529,0.508032,16504.505859
67,0.007876,0.517137,16754.078125
68,0.045491,0.519242,17003.601562
69,0.043920,0.520593,17253.207031
70,0.002441,0.526520,17502.748047
71,0.956992,0.537998,17752.343750
72,0.912274,0.549293,18001.855469
73,0.866966,0.554965,18251.478516
74,0.826641,0.558069,18500.978516
75,0.796055,0.557961,18750.550781
76,0.770726,0.555504,19000.087891
77,0.748904,0.547393,19332.820312
78,0.739982,0.537532,19565.849609
79,0.747615,0.533856,19815.283203
80,0.761528,0.525698,20048.314453
81,0.767369,0.520403,20281.158203
82,0.781219,0.530222,20530.835938
83,0.800950,0.526808,20763.685547
84,0.829596,0.525559,21013.271484
85,0.864295,0.527218,21296.181641
86,0.899440,0.525482,21529.076172
87,0.927582,0.524997,21778.644531
88,0.949162,0.525205,22011.535156
89,0.961493,0.523777,22261.144531
90,0.946382,0.515479,22527.289062
91,0.909052,0.501665,22776.923828
92,0.833299,0.482691,23026.386719
93,0.760342,0.470392,23276.023438
94,0.712070,0.451368,23508.898438
95,0.673230,0.411324,23758.474609
96,0.654955,0.394368,24024.664062
97,0.647538,0.392423,24257.603516
98,0.645587,0.408619,24507.091797
99,0.647033,0.422762,24756.759766
0,0.750110,0.536496,0.001388
1,0.750135,0.537162,266.289093
2,0.750050,0.538054,515.803467
3,0.749942,0.538690,765.427612
4,0.749793,0.540025,1014.863403
5,0.748196,0.554779,1264.501343
6,0.742242,0.589268,1513.991699
7,0.731485,0.614232,1763.637207
8,0.705677,0.625271,2013.098022
9,0.688293,0.612143,2262.706543
10,0.685154,0.588176,2512.369629
11,0.682044,0.538460,2761.815674
12,0.678250,0.460407,3011.501709
13,0.678670,0.403186,3261.004639
14,0.689617,0.372213,3510.627441
15,0.721856,0.358526,3760.134521
16,0.761815,0.355516,4009.626953
17,0.816495,0.356463,4275.824707
18,0.859237,0.367803,4525.479004
19,0.878234,0.378460,4791.625977
20,0.880600,0.386690,5024.606934
21,0.901224,0.410314,5290.838867
22,0.928607,0.446458,5523.688477
23,0.949831,0.479958,5773.285645
24,0.962787,0.521357,6022.843262
25,0.966059,0.535028,6255.811035
26,0.965631,0.543293,6505.260254
27,0.962538,0.542405,6754.916992
28,0.944841,0.540261,7004.379395
29,0.910039,0.548945,7287.258789
30,0.867551,0.545366,7503.500488
31,0.818987,0.537895,7753.159668
32,0.780692,0.525837,8036.051270
33,0.732871,0.510453,8252.256836
34,0.685901,0.499962,8501.918945
35,0.642888,0.493600,8751.375000
36,0.589966,0.490493,9001.017578
37,0.531904,0.490210,9250.496094
38,0.480763,0.485957,9550.009766
39,0.443660,0.490114,9799.514648
40,0.409199,0.487504,10049.144531
41,0.381902,0.484218,10298.760742
42,0.358660,0.476949,10515.009766
43,0.338576,0.460733,10764.466797
44,0.321321,0.441891,11047.363281
45,0.311177,0.431720,11297.010742
46,0.303393,0.418256,11529.906250
47,0.298810,0.404922,11779.465820
48,0.295889,0.418472,12029.004883
49,0.290436,0.447380,12278.557617
50,0.283859,0.493307,12528.093750
51,0.273750,0.531338,12777.681641
52,0.268350,0.572187,13027.205078
53,0.266876,0.596678,13293.480469
54,0.268346,0.621887,13543.041016
55,0.269706,0.639470,13775.958008
56,0.269448,0.648462,14025.474609
57,0.277224,0.661068,14275.040039
58,0.297223,0.674985,14541.344727
59,0.329872,0.673804,14774.217773
60,0.371230,0.677497,15007.179688
61,0.417865,0.666991,15256.649414
62,0.462729,0.653565,15522.941406
63,0.507498,0.660537,15772.431641
64,0.543703,0.662862,16022.063477
65,0.568132,0.648655,16271.531250
66,0.593455,0.623693,16521.189453
67,0.615979,0.615920,16770.763672
68,0.640732,0.612933,17020.328125
69,0.663816,0.607093,17253.244141
70,0.679916,0.603593,17519.361328
71,0.694064,0.602658,17752.369141
72,0.707234,0.601539,18018.498047
73,0.722354,0.606137,18268.121094
74,0.735735,0.604269,18517.656250
75,0.754000,0.608235,18767.253906
76,0.770053,0.606304,19000.140625
77,0.790651,0.603196,19266.417969
78,0.808770,0.598212,19515.996094
79,0.826981,0.596874,19765.488281
80,0.856597,0.597252,20015.167969
81,0.896617,0.606988,20264.591797
82,0.915569,0.631040,20514.261719
83,0.913808,0.650760,20763.732422
84,0.892525,0.654497,21046.617188
85,0.841427,0.652266,21279.455078
86,0.792237,0.655939,21512.478516
87,0.766900,0.665168,21778.607422
88,0.755367,0.667809,22011.603516
89,0.742568,0.660923,22261.046875
90,0.731063,0.638492,22527.292969
91,0.724040,0.614963,22776.925781
92,0.720642,0.589128,23026.441406
93,0.717778,0.539370,23276.048828
94,0.714900,0.474785,23525.562500
95,0.710559,0.417327,23775.154297
96,0.708393,0.421676,24024.671875
97,0.711550,0.444516,24274.330078
98,0.709873,0.461718,24523.824219
99,0.688320,0.469157,24773.408203
0,0.749869,0.542717,0.038709
1,0.750055,0.544086,266.298462
2,0.755439,0.556558,515.743896
3,0.782029,0.599423,765.264709
4,0.821069,0.644180,1014.835083
5,0.864572,0.684435,1264.447876
6,0.924147,0.714513,1514.026733
7,0.948534,0.718459,1763.573486
8,0.934298,0.655573,2013.179565
9,0.910543,0.561965,2262.726562
10,0.883640,0.457746,2512.228271
11,0.820188,0.340110,2761.891846
12,0.717950,0.324771,3011.427979
13,0.675439,0.362084,3260.953613
14,0.640384,0.432383,3510.533936
15,0.605370,0.509454,3760.100342
16,0.615952,0.539398,4042.930176
17,0.690034,0.531534,4292.436523
18,0.736225,0.528687,4525.410645
19,0.772377,0.531691,4774.928223
20,0.815828,0.543180,5007.917480
21,0.861912,0.545205,5257.389648
22,0.898913,0.553200,5507.049316
23,0.940411,0.554956,5756.533691
24,0.974126,0.551624,6006.191406
25,0.996763,0.546304,6255.730957
26,0.012215,0.537686,6521.905762
27,0.054832,0.550530,6771.541992
28,0.101843,0.574807,7020.989258
29,0.132900,0.622316,7254.001465
30,0.156571,0.683792,7520.134766
31,0.166248,0.730340,7753.102539
32,0.163062,0.760827,8019.216797
33,0.177524,0.783204,8252.223633
34,0.222385,0.813711,8501.705078
35,0.238582,0.825152,8751.340820
36,0.227553,0.822725,9000.804688
37,0.163485,0.784946,9250.423828
38,0.098528,0.724029,9500.114258
39,0.030394,0.642691,9766.186523
40,0.995375,0.596056,10015.791992
41,0.991571,0.564954,10265.301758
42,0.020551,0.529939,10514.916016
43,0.058849,0.510510,10764.426758
44,0.121449,0.507280,11097.158203
45,0.171125,0.506662,11263.532227
46,0.181202,0.506356,11596.428711
47,0.181278,0.509387,11845.898438
48,0.216024,0.506016,12078.791992
49,0.236273,0.507604,12328.433594
50,0.230070,0.493655,12561.271484
51,0.182615,0.435298,12810.866211
52,0.132818,0.398980,13060.523438
53,0.106054,0.347279,13309.981445
54,0.084040,0.284139,13542.973633
55,0.065708,0.225386,13792.496094
56,0.063835,0.222521,14042.083984
57,0.060199,0.307026,14274.968750
58,0.052897,0.402524,14524.657227
59,0.054160,0.445947,14757.513672
60,0.120564,0.478449,15007.103516
61,0.230152,0.511955,15289.846680
62,0.340344,0.545254,15506.212891
63,0.388856,0.546310,15788.954102
64,0.409109,0.550468,16021.945312
65,0.400514,0.544716,16254.858398
66,0.368196,0.541694,16521.041016
67,0.323499,0.542876,16753.943359
68,0.278779,0.537086,17003.568359
69,0.226641,0.528633,17286.460938
70,0.181256,0.524154,17519.318359
71,0.157817,0.521537,17768.939453
72,0.154220,0.507848,18001.841797
73,0.144473,0.488757,18251.414062
74,0.119333,0.474402,18517.566406
75,0.088140,0.464183,18750.519531
76,0.035535,0.480362,19000.001953
77,0.004316,0.478947,19266.248047
78,0.982542,0.434543,19515.763672
79,0.931626,0.378186,19831.898438
80,0.884805,0.356483,20081.505859
81,0.851871,0.348551,20314.402344
82,0.836973,0.338381,20563.970703
83,0.825869,0.315637,20796.912109
84,0.821619,0.247797,21046.503906
85,0.834794,0.203190,21279.328125
86,0.876604,0.242631,21528.994141
87,0.913718,0.362346,21778.472656
88,0.922880,0.464748,22011.513672
89,0.888819,0.526507,22260.955078
90,0.819768,0.564310,22543.814453
91,0.749398,0.564043,22776.855469
92,0.707629,0.552191,23026.306641
93,0.641028,0.539249,23275.855469
94,0.572521,0.535071,23525.425781
95,0.547755,0.551221,23775.105469
96,0.531358,0.547558,24024.589844
97,0.531526,0.491284,24257.541016
98,0.541636,0.454645,24507.025391
99,0.560122,0.429431,24756.667969
0,0.749998,0.527582,-0.006377
1,0.749859,0.527691,266.134674
2,0.750372,0.525345,515.806335
3,0.761341,0.486433,765.282104
4,0.788306,0.415137,1014.859192
5,0.818616,0.366889,1264.384888
6,0.852777,0.336846,1514.070923
7,0.886831,0.364762,1763.637695
8,0.912326,0.416083,2013.211670
9,0.931639,0.437160,2262.786377
10,0.959031,0.449290,2512.229736
11,0.994308,0.466153,2761.872314
12,0.026826,0.500121,3011.376221
13,0.063545,0.515208,3260.999756
14,0.098762,0.521695,3510.434814
15,0.127389,0.526070,3760.066406
16,0.154632,0.542520,4009.590332
17,0.171302,0.555621,4259.166016
18,0.176034,0.560583,4508.722656
19,0.176983,0.562025,4758.333984
20,0.177706,0.554219,5007.949219
21,0.176105,0.534654,5257.400391
22,0.178499,0.511183,5507.064453
23,0.180257,0.507864,5756.549805
24,0.184997,0.505456,6006.132324
25,0.187212,0.507674,6255.660156
26,0.188338,0.516828,6505.243164
27,0.189356,0.523662,6754.817383
28,0.188719,0.524665,7004.366699
29,0.187896,0.525170,7253.957520
30,0.182233,0.521348,7503.533203
31,0.161492,0.515775,7753.138672
32,0.095938,0.523169,8002.693359
33,0.016727,0.509981,8252.213867
34,0.955447,0.489378,8501.760742
35,0.908278,0.460744,8751.337891
36,0.851434,0.436902,9000.921875
37,0.771158,0.425881,9250.488281
38,0.648121,0.433008,9516.644531
39,0.537073,0.443862,9782.898438
40,0.480688,0.465335,10015.774414
41,0.424068,0.479738,10265.360352
42,0.368304,0.479196,10514.965820
43,0.327441,0.480464,10764.428711
44,0.299605,0.490981,11014.124023
45,0.264743,0.494606,11263.569336
46,0.228747,0.498331,11513.215820
47,0.191743,0.493449,11762.727539
48,0.153879,0.492462,12012.315430
49,0.121652,0.502885,12261.889648
50,0.096614,0.507749,12511.399414
51,0.080811,0.503981,12760.956055
52,0.076159,0.498236,13010.506836
53,0.085697,0.493858,13259.998047
54,0.111598,0.486774,13509.744141
55,0.145182,0.480211,13759.282227
56,0.180086,0.482526,14008.844727
57,0.212331,0.477088,14258.399414
58,0.232373,0.472091,14507.971680
59,0.239145,0.471406,14757.478516
60,0.244528,0.477156,15006.965820
61,0.247945,0.487558,15256.592773
62,0.249588,0.496490,15506.155273
63,0.246825,0.502736,15755.794922
64,0.248010,0.505768,16005.225586
65,0.256771,0.506401,16254.940430
66,0.269776,0.505639,16504.490234
67,0.289223,0.509492,16753.935547
68,0.313451,0.518499,17003.576172
69,0.337550,0.535316,17253.091797
70,0.363757,0.563805,17502.716797
71,0.399687,0.606224,17752.222656
72,0.438027,0.645077,18001.789062
73,0.479055,0.682339,18251.392578
74,0.507135,0.711918,18500.949219
75,0.526766,0.704001,18750.455078
76,0.552909,0.706069,19000.119141
77,0.560744,0.699900,19266.386719
78,0.562750,0.677450,19515.841797
79,0.553203,0.644768,19765.425781
80,0.518637,0.608345,20014.970703
81,0.457568,0.570673,20264.597656
82,0.394465,0.537313,20514.066406
83,0.333350,0.509623,20763.638672
84,0.288472,0.493562,21013.166016
85,0.258239,0.477381,21262.726562
86,0.246985,0.458754,21512.296875
87,0.241863,0.451427,21761.841797
88,0.236839,0.456131,22011.521484
89,0.233779,0.461886,22260.998047
90,0.222969,0.474202,22510.652344
91,0.206866,0.482269,22793.392578
92,0.193413,0.485368,23026.384766
93,0.189654,0.492092,23259.238281
94,0.190375,0.496933,23525.441406
95,0.191564,0.496657,23774.937500
96,0.193785,0.496307,24007.935547
97,0.195036,0.495927,24257.472656
98,0.195266,0.495937,24507.085938
99,0.195128,0.497481,24756.576172
0,0.770325,0.554575,-0.008286
1,0.793135,0.558389,266.194183
2,0.802810,0.560186,515.771362
3,0.804466,0.556014,765.403992
4,0.796624,0.550780,1014.915222
5,0.773893,0.550348,1264.441162
6,0.745382,0.546036,1514.005127
7,0.717394,0.545869,1763.649414
8,0.699773,0.537928,2013.188477
9,0.686662,0.525294,2262.759277
10,0.677016,0.512649,2512.312012
11,0.666317,0.510636,2761.861816
12,0.654852,0.504357,3011.452148
13,0.643272,0.494783,3261.002930
14,0.630248,0.500961,3510.536865
15,0.616952,0.522105,3760.115967
16,0.610738,0.538991,4009.679932
17,0.612028,0.554085,4259.321777
18,0.613413,0.565584,4508.781250
19,0.614275,0.572394,4758.371094
20,0.615510,0.573142,5007.899414
21,0.617460,0.573172,5257.522461
22,0.618222,0.574159,5507.037109
23,0.619140,0.574710,5756.592773
24,0.620934,0.574890,6006.287598
25,0.623519,0.574814,6255.770996
26,0.630137,0.574680,6505.336914
27,0.645367,0.573645,6754.863770
28,0.671090,0.570341,7004.509766
29,0.702420,0.554519,7254.020508
30,0.736228,0.533223,7503.550293
31,0.769167,0.523277,7753.108398
32,0.786303,0.495505,8002.733887
33,0.791831,0.451332,8252.356445
34,0.792724,0.445889,8501.815430
35,0.796979,0.436522,8751.415039
36,0.816428,0.419229,9000.964844
37,0.846958,0.411595,9267.150391
38,0.887418,0.422581,9500.122070
39,0.928006,0.460029,9766.321289
40,0.953774,0.503419,10015.849609
41,0.984121,0.535446,10265.497070
42,0.021052,0.554774,10514.950195
43,0.057005,0.567191,10764.513672
44,0.098167,0.575085,11014.089844
45,0.133167,0.573136,11263.741211
46,0.144975,0.578593,11513.200195
47,0.159600,0.583167,11762.773438
48,0.183392,0.581510,12012.380859
49,0.201478,0.579793,12261.885742
50,0.208557,0.584141,12511.503906
51,0.212814,0.588136,12761.061523
52,0.210254,0.591493,13010.728516
53,0.196878,0.592398,13260.171875
54,0.174657,0.594072,13509.771484
55,0.152358,0.599228,13759.321289
56,0.131801,0.601547,14008.852539
57,0.102555,0.594409,14258.466797
58,0.071183,0.586510,14508.000000
59,0.043708,0.583705,14757.537109
60,0.020487,0.580464,15007.094727
61,0.000082,0.584446,15256.677734
62,0.981920,0.597151,15506.281250
63,0.968338,0.614188,15755.830078
64,0.957932,0.641523,16005.390625
65,0.953143,0.668641,16254.973633
66,0.946997,0.722529,16504.509766
67,0.942947,0.771866,16754.048828
68,0.942137,0.801954,17003.666016
69,0.939740,0.813080,17253.207031
70,0.942409,0.818286,17502.769531
71,0.941177,0.824768,17752.302734
72,0.943199,0.846016,18001.964844
73,0.937948,0.862351,18251.486328
74,0.931446,0.871597,18500.996094
75,0.928802,0.880635,18750.566406
76,0.928553,0.886707,19000.123047
77,0.915510,0.902146,19266.324219
78,0.918134,0.908722,19515.908203
79,0.911415,0.912465,19765.478516
80,0.924441,0.893153,20015.125000
81,0.946401,0.829411,20264.626953
82,0.955400,0.789318,20514.136719
83,0.965816,0.769339,20763.701172
84,0.974974,0.751697,21013.257812
85,0.973817,0.738655,21262.837891
86,0.968306,0.731355,21512.513672
87,0.968381,0.725099,21761.984375
88,0.969447,0.721948,22011.583984
89,0.992502,0.728420,22261.095703
90,0.033209,0.744649,22510.712891
91,0.061411,0.755848,22760.248047
92,0.084877,0.760762,23009.802734
93,0.104741,0.754585,23259.427734
94,0.116093,0.750227,23508.980469
95,0.120878,0.751723,23758.488281
96,0.128106,0.758606,24008.070312
97,0.139423,0.770687,24257.671875
98,0.145494,0.764790,24507.214844
99,0.143721,0.753505,24756.728516
0,0.745999,0.674862,0.017967
1,0.738148,0.616032,266.202759
2,0.724091,0.570166,515.722229
3,0.697515,0.542073,765.293091
4,0.666377,0.521408,1014.821045
5,0.640580,0.526015,1264.466431
6,0.617798,0.534334,1513.957764
7,0.590291,0.540723,1763.578613
8,0.555936,0.545979,2013.125732
9,0.539522,0.552888,2262.708252
10,0.514692,0.547862,2512.209473
11,0.474350,0.537860,2761.788574
12,0.460807,0.532907,3011.285889
13,0.454334,0.533923,3260.970947
14,0.445074,0.542152,3510.412842
15,0.415563,0.542261,3760.083984
16,0.394603,0.538703,4009.557617
17,0.390648,0.536190,4259.188477
18,0.407443,0.535942,4508.804199
19,0.438631,0.530990,4758.307129
20,0.516507,0.509843,5007.874512
21,0.586644,0.480150,5257.426270
22,0.650034,0.451554,5507.123535
23,0.666367,0.460191,5756.538574
24,0.687961,0.446379,6006.204102
25,0.703562,0.402996,6255.680664
26,0.707491,0.381206,6505.218750
27,0.716977,0.404368,6754.757812
28,0.777474,0.459584,7004.349121
29,0.846631,0.480327,7253.978027
30,0.880887,0.479358,7503.516602
31,0.891221,0.471666,7753.077637
32,0.912185,0.463277,8002.605469
33,0.930235,0.460509,8252.193359
34,0.922875,0.455534,8501.719727
35,0.919479,0.486537,8751.319336
36,0.920677,0.513298,9000.811523
37,0.935896,0.550259,9250.451172
38,0.959456,0.565642,9583.166992
39,0.989548,0.565653,9816.055664
40,0.021681,0.561395,10065.649414
41,0.055719,0.550187,10315.169922
42,0.074487,0.544077,10548.142578
43,0.081979,0.547154,10797.635742
44,0.075435,0.565920,11047.258789
45,0.100299,0.576958,11296.815430
46,0.145393,0.539621,11529.817383
47,0.166508,0.521257,11779.246094
48,0.185140,0.515697,12012.246094
49,0.213192,0.508794,12261.783203
50,0.236218,0.508343,12511.367188
51,0.249115,0.510238,12761.000977
52,0.255568,0.511502,13043.769531
53,0.268722,0.519567,13276.729492
54,0.274714,0.523396,13526.217773
55,0.275615,0.534021,13775.887695
56,0.276973,0.550312,14008.717773
57,0.269854,0.591087,14258.324219
58,0.254047,0.616419,14524.489258
59,0.225708,0.633409,14774.089844
60,0.237474,0.627651,15023.584961
61,0.234267,0.629731,15273.206055
62,0.180525,0.632243,15506.072266
63,0.138718,0.640087,15755.709961
64,0.105647,0.625569,16005.299805
65,0.081885,0.599264,16254.849609
66,0.060256,0.573378,16504.416016
67,0.041662,0.561433,16753.951172
68,0.029934,0.552089,17003.539062
69,0.011714,0.527944,17253.050781
70,0.980640,0.511306,17502.666016
71,0.933487,0.513190,17752.156250
72,0.887956,0.516663,18001.787109
73,0.836237,0.530316,18251.259766
74,0.795633,0.553014,18500.902344
75,0.749793,0.568511,18750.376953
76,0.722962,0.585814,19000.033203
77,0.709505,0.612463,19349.363281
78,0.677251,0.642970,19598.982422
79,0.657211,0.667833,19831.894531
80,0.639431,0.671851,20081.474609
81,0.621558,0.659003,20347.601562
82,0.606634,0.639205,20580.587891
83,0.582838,0.613569,20830.134766
84,0.558462,0.589759,21079.740234
85,0.548392,0.576914,21329.242188
86,0.547623,0.571273,21562.238281
87,0.548549,0.576847,21811.695312
88,0.574532,0.595418,22061.378906
89,0.636786,0.620810,22294.228516
90,0.723122,0.615622,22560.451172
91,0.794074,0.575517,22793.361328
92,0.837050,0.543986,23042.982422
93,0.859109,0.538867,23275.810547
94,0.874811,0.526080,23542.097656
95,0.875997,0.514829,23775.027344
96,0.876349,0.490473,24024.564453
97,0.862036,0.473650,24274.189453
98,0.850981,0.449837,24523.644531
99,0.840095,0.429589,24756.640625
0,0.749997,0.504797,0.012980
1,0.749887,0.505766,266.237915
2,0.750039,0.507010,515.716370
3,0.750259,0.508797,765.344299
4,0.750469,0.508921,1014.983826
5,0.750143,0.508929,1264.461792
6,0.749659,0.509221,1514.141602
7,0.740239,0.510915,1763.596313
8,0.672310,0.522356,2013.234985
9,0.622475,0.534388,2262.705078
10,0.621195,0.541126,2512.324951
11,0.621069,0.538171,2761.860352
12,0.637985,0.538656,3011.501221
13,0.729603,0.532893,3261.043945
14,0.822735,0.526903,3510.545654
15,0.879709,0.530013,3760.221436
16,0.900877,0.536049,4009.692139
17,0.921175,0.536405,4259.354980
18,0.936202,0.519533,4508.804199
19,0.924096,0.493194,4758.416504
20,0.919258,0.484483,5007.917480
21,0.851842,0.482269,5340.667969
22,0.786138,0.465450,5590.322754
23,0.746426,0.462693,5756.627441
24,0.692966,0.461317,6089.403320
25,0.630120,0.456209,6322.304199
26,0.547253,0.455918,6571.924805
27,0.471725,0.484646,6804.768555
28,0.414895,0.494954,7054.424805
29,0.382626,0.508764,7303.899902
30,0.385053,0.520413,7553.499512
31,0.396826,0.544572,7786.374023
32,0.414862,0.591073,8036.001953
33,0.433416,0.622571,8285.506836
34,0.414351,0.628610,8535.113281
35,0.379060,0.624373,8784.698242
36,0.331757,0.607748,9034.234375
37,0.294782,0.577634,9267.249023
38,0.254349,0.561798,9516.683594
39,0.215664,0.562897,9782.945312
40,0.209557,0.545266,10015.799805
41,0.201891,0.532259,10265.477539
42,0.172074,0.525176,10514.938477
43,0.152842,0.523980,10764.458008
44,0.134990,0.531580,11014.092773
45,0.138089,0.538831,11280.303711
46,0.151632,0.528837,11529.773438
47,0.177533,0.503388,11779.453125
48,0.215345,0.478431,12029.039062
49,0.238770,0.443471,12278.525391
50,0.242599,0.428398,12528.175781
51,0.244595,0.421172,12761.057617
52,0.250943,0.412259,13027.300781
53,0.280358,0.393452,13260.140625
54,0.319780,0.377950,13509.782227
55,0.338476,0.374215,13759.271484
56,0.350943,0.378209,14008.860352
57,0.363318,0.403935,14258.394531
58,0.364892,0.429185,14507.975586
59,0.363452,0.438062,14757.487305
60,0.367060,0.430895,15007.154297
61,0.376411,0.427146,15289.955078
62,0.378903,0.454977,15522.837891
63,0.358084,0.466427,15772.380859
64,0.330798,0.477026,16021.947266
65,0.306340,0.487150,16254.944336
66,0.281452,0.497792,16521.056641
67,0.244431,0.506953,16754.052734
68,0.209906,0.516113,17003.564453
69,0.191762,0.523537,17253.232422
70,0.187299,0.530643,17519.316406
71,0.184851,0.533120,17752.289062
72,0.181954,0.535215,18001.826172
73,0.166246,0.535824,18251.460938
74,0.154212,0.543297,18501.021484
75,0.139266,0.543932,18750.554688
76,0.127021,0.540786,19000.160156
77,0.139786,0.528373,19266.328125
78,0.193081,0.499954,19515.900391
79,0.227697,0.486477,19765.388672
80,0.256214,0.473765,20098.121094
81,0.296759,0.457346,20347.779297
82,0.356694,0.429792,20597.232422
83,0.409646,0.422932,20763.650391
84,0.451039,0.422701,21079.753906
85,0.488198,0.430609,21329.363281
86,0.542787,0.424638,21579.003906
87,0.583943,0.402923,21828.480469
88,0.609893,0.405253,22061.376953
89,0.623306,0.424977,22310.990234
90,0.636212,0.496666,22560.621094
91,0.651528,0.526610,22793.439453
92,0.675462,0.538520,23043.064453
93,0.687769,0.507511,23275.988281
94,0.681527,0.453016,23508.841797
95,0.677255,0.415046,23758.488281
96,0.671492,0.365643,24008.087891
97,0.669865,0.316382,24257.580078
98,0.662713,0.331709,24507.201172
99,0.649424,0.364467,24789.929688
0,0.749830,0.534492,-0.030364
1,0.749443,0.535535,266.255707
2,0.748887,0.552533,515.684631
3,0.747665,0.610076,765.290710
4,0.743190,0.677880,1014.833374
5,0.733623,0.725531,1264.449341
6,0.707075,0.759948,1513.920166
7,0.644954,0.768358,1780.174561
8,0.600043,0.750993,2029.668213
9,0.568317,0.729410,2262.613770
10,0.546983,0.708326,2512.155273
11,0.535253,0.654141,2761.776123
12,0.524845,0.597594,3027.983154
13,0.513229,0.564822,3277.526611
14,0.502244,0.555975,3527.022461
15,0.496894,0.549547,3759.997314
16,0.507898,0.533863,4009.600586
17,0.521757,0.525124,4259.139160
18,0.551474,0.502331,4508.763184
19,0.583886,0.479533,4758.196777
20,0.607424,0.463607,5007.865723
21,0.642198,0.416858,5257.314453
22,0.669514,0.375323,5506.947266
23,0.687222,0.368633,5756.429688
24,0.702999,0.377876,6006.113770
25,0.725682,0.403377,6255.709473
26,0.742545,0.444265,6588.405273
27,0.758762,0.485916,6821.344727
28,0.773758,0.524365,7070.938477
29,0.787285,0.555058,7320.392090
30,0.806288,0.555185,7570.071289
31,0.826195,0.552528,7802.924316
32,0.849571,0.528050,8069.152832
33,0.876187,0.472491,8318.663086
34,0.897370,0.425692,8568.307617
35,0.909683,0.396595,8817.780273
36,0.939013,0.406580,9067.390625
37,0.968442,0.432878,9300.256836
38,0.982584,0.464328,9549.913086
39,0.995555,0.514696,9799.396484
40,0.008293,0.552996,10049.019531
41,0.019189,0.559264,10281.849609
42,0.026197,0.566016,10548.159180
43,0.035233,0.584030,10781.015625
44,0.051216,0.603944,11030.582031
45,0.068357,0.626366,11280.263672
46,0.083387,0.638296,11529.694336
47,0.096213,0.636231,11779.271484
48,0.106338,0.628648,12012.220703
49,0.115357,0.617462,12278.471680
50,0.121609,0.597436,12511.368164
51,0.121443,0.578869,12760.963867
52,0.115316,0.566473,13010.435547
53,0.103045,0.552853,13260.106445
54,0.102331,0.538337,13509.581055
55,0.106778,0.522005,13759.213867
56,0.115302,0.515760,14008.656250
57,0.125464,0.512531,14258.301758
58,0.135631,0.510197,14524.531250
59,0.172048,0.511885,14774.084961
60,0.201249,0.512168,15023.630859
61,0.223349,0.512093,15289.749023
62,0.237449,0.514474,15539.385742
63,0.257288,0.516299,15788.870117
64,0.270430,0.521339,16021.866211
65,0.277018,0.523666,16271.424805
66,0.287062,0.529697,16520.986328
67,0.298880,0.534269,16770.541016
68,0.310023,0.538940,17020.113281
69,0.306698,0.534960,17269.716797
70,0.290624,0.519548,17502.648438
71,0.278632,0.507600,17752.148438
72,0.280717,0.500769,18018.328125
73,0.294609,0.506936,18251.353516
74,0.306562,0.513308,18500.822266
75,0.316824,0.521456,18750.478516
76,0.325488,0.518751,19033.238281
77,0.319938,0.511364,19282.861328
78,0.302969,0.487293,19532.326172
79,0.277634,0.475870,19781.931641
80,0.247433,0.475421,20031.564453
81,0.219690,0.467588,20264.480469
82,0.197548,0.466062,20514.062500
83,0.173320,0.467223,20763.533203
84,0.140640,0.471818,21046.443359
85,0.121174,0.477646,21279.292969
86,0.106880,0.485667,21528.923828
87,0.094343,0.492048,21778.441406
88,0.082171,0.494584,22028.005859
89,0.073782,0.494615,22260.914062
90,0.069773,0.495480,22510.537109
91,0.067027,0.497589,22759.992188
92,0.067121,0.502353,23009.640625
93,0.071987,0.511183,23259.111328
94,0.084501,0.514606,23525.417969
95,0.104852,0.517660,23758.396484
96,0.118668,0.531319,24007.902344
97,0.133733,0.537600,24257.466797
98,0.139721,0.545796,24506.966797
99,0.138326,0.547997,24756.591797
0,0.749776,0.503507,0.027866
1,0.749743,0.504803,266.243530
2,0.750183,0.506789,515.853577
3,0.750413,0.515751,765.362427
4,0.750921,0.536129,1014.972168
5,0.752507,0.568821,1264.503052
6,0.749693,0.574950,1514.056152
7,0.740945,0.564741,1763.613770
8,0.728405,0.537426,2013.176025
9,0.715878,0.488762,2262.767822
10,0.698881,0.439785,2512.291016
11,0.686155,0.398501,2761.901367
12,0.668554,0.370661,3011.484131
13,0.643512,0.346272,3261.044434
14,0.626953,0.323366,3510.586182
15,0.630420,0.311867,3760.119385
16,0.646155,0.314364,4009.743408
17,0.662067,0.317358,4259.244141
18,0.683507,0.318556,4508.838379
19,0.707582,0.326661,4758.378906
20,0.735615,0.327223,5007.964355
21,0.767192,0.323436,5257.512207
22,0.795411,0.326770,5507.110840
23,0.813334,0.334225,5756.666016
24,0.825013,0.345143,6006.200195
25,0.828740,0.361479,6255.757812
26,0.814360,0.397171,6505.320801
27,0.807975,0.418008,6754.898926
28,0.827227,0.427696,7004.471680
29,0.856998,0.424177,7254.012207
30,0.886161,0.421564,7503.614746
31,0.900860,0.425848,7753.181641
32,0.917438,0.430890,8002.718262
33,0.932765,0.436711,8252.274414
34,0.943447,0.437329,8501.873047
35,0.960343,0.426836,8751.403320
36,0.987220,0.415278,9000.985352
37,0.976515,0.424506,9250.535156
38,0.949934,0.427551,9500.101562
39,0.925672,0.435749,9766.290039
40,0.908585,0.430897,10015.853516
41,0.905395,0.429090,10265.427734
42,0.905576,0.430562,10515.019531
43,0.906854,0.429131,10764.555664
44,0.907226,0.429884,11014.113281
45,0.905111,0.431171,11263.686523
46,0.905845,0.434792,11513.241211
47,0.908782,0.433405,11762.835938
48,0.913653,0.433615,12012.394531
49,0.921609,0.435673,12261.957031
50,0.929921,0.439932,12511.500000
51,0.942014,0.443005,12761.083008
52,0.955067,0.445278,13010.617188
53,0.959847,0.445614,13260.196289
54,0.967529,0.449683,13509.752930
55,0.974044,0.448827,13759.307617
56,0.979603,0.447112,14008.912109
57,0.988434,0.445174,14258.442383
58,0.999167,0.435377,14508.039062
59,0.007746,0.431781,14757.600586
60,0.999491,0.433250,15007.191406
61,0.990310,0.438062,15256.708984
62,0.989461,0.437424,15506.256836
63,0.991140,0.437991,15755.925781
64,0.994882,0.438197,16005.421875
65,0.998646,0.437334,16254.974609
66,0.999261,0.438044,16504.548828
67,0.990550,0.438281,16754.109375
68,0.982571,0.440747,17003.673828
69,0.982855,0.443299,17253.222656
70,0.988316,0.446044,17502.775391
71,0.991283,0.448090,17752.371094
72,0.002230,0.457917,18001.890625
73,0.008399,0.460502,18251.466797
74,0.022339,0.465993,18501.023438
75,0.045799,0.465826,18750.644531
76,0.074447,0.463159,19000.167969
77,0.109253,0.460742,19266.357422
78,0.150776,0.461053,19515.916016
79,0.178417,0.454463,19765.490234
80,0.196403,0.437337,20015.046875
81,0.225702,0.457884,20264.626953
82,0.227022,0.493887,20514.177734
83,0.212154,0.513921,20763.779297
84,0.191291,0.520512,21013.347656
85,0.166319,0.525386,21262.876953
86,0.127273,0.528544,21512.429688
87,0.082406,0.528942,21761.984375
88,0.047392,0.516543,22011.583984
89,0.026826,0.504721,22261.136719
90,0.010488,0.504148,22510.703125
91,0.985423,0.505049,22760.263672
92,0.954449,0.500443,23009.826172
93,0.927795,0.518542,23259.390625
94,0.906945,0.512295,23508.927734
95,0.912290,0.485687,23758.544922
96,0.862450,0.505770,24008.099609
97,0.834378,0.514683,24257.660156
98,0.842683,0.501315,24507.205078
99,0.836444,0.486605,24756.783203
0,0.750797,0.522471,-0.006711
1,0.751347,0.524057,266.230072
2,0.752776,0.514661,515.847717
3,0.749421,0.512376,765.338440
4,0.744170,0.511182,1014.902710
5,0.738121,0.514337,1264.492188
6,0.724990,0.517479,1514.027466
7,0.722387,0.515924,1763.674194
8,0.722535,0.514734,2013.229370
9,0.720640,0.514638,2262.806885
10,0.701681,0.484159,2512.255615
11,0.637431,0.457889,2761.897705
12,0.540597,0.483304,3011.427979
13,0.448116,0.504541,3260.979492
14,0.409088,0.505395,3510.578125
15,0.384178,0.510019,3760.074463
16,0.380388,0.512442,4009.737061
17,0.380885,0.514039,4259.197266
18,0.381557,0.515322,4508.823242
19,0.384183,0.540798,4758.333496
20,0.387549,0.555468,5007.904297
21,0.394365,0.549306,5257.497559
22,0.418691,0.537696,5507.092285
23,0.453296,0.529998,5756.618652
24,0.449183,0.535490,6006.145996
25,0.444913,0.536662,6255.833008
26,0.455043,0.533296,6505.304199
27,0.524476,0.513014,6754.858398
28,0.615618,0.494994,7004.426758
29,0.650623,0.488193,7254.047363
30,0.671944,0.484526,7503.614746
31,0.702051,0.465629,7753.099121
32,0.734056,0.456816,8002.773438
33,0.761383,0.455585,8252.250977
34,0.781981,0.474115,8501.851562
35,0.805009,0.480281,8751.369141
36,0.829744,0.482661,9000.969727
37,0.850101,0.479968,9250.467773
38,0.866373,0.475251,9500.047852
39,0.884763,0.475398,9766.251953
40,0.905360,0.474387,10015.888672
41,0.933288,0.470782,10265.358398
42,0.970366,0.457577,10514.924805
43,0.003451,0.439080,10764.505859
44,0.028906,0.437023,11014.125977
45,0.059173,0.445418,11263.757812
46,0.092439,0.462894,11513.182617
47,0.111433,0.475168,11762.833008
48,0.132135,0.476355,12012.368164
49,0.155595,0.475110,12261.910156
50,0.172832,0.480861,12511.461914
51,0.177404,0.484152,12761.070312
52,0.174153,0.487227,13010.606445
53,0.164441,0.490231,13260.139648
54,0.140288,0.490524,13509.739258
55,0.117779,0.493534,13759.301758
56,0.108740,0.487561,14008.937500
57,0.071897,0.497116,14258.433594
58,0.042861,0.499272,14507.973633
59,0.994107,0.483598,14757.531250
60,0.951459,0.470263,15007.088867
61,0.948062,0.477535,15256.754883
62,0.935461,0.477429,15506.243164
63,0.919339,0.474653,15772.451172
64,0.885012,0.465895,16005.336914
65,0.851167,0.466779,16254.972656
66,0.817431,0.468406,16504.505859
67,0.778918,0.479408,16754.019531
68,0.741232,0.491078,17003.638672
69,0.710501,0.488928,17253.298828
70,0.678245,0.484783,17502.751953
71,0.654481,0.493701,17752.339844
72,0.630474,0.501447,18001.851562
73,0.580146,0.512772,18251.457031
74,0.550290,0.517767,18501.011719
75,0.542185,0.525354,18750.585938
76,0.562379,0.529336,19000.113281
77,0.617513,0.527456,19266.361328
78,0.661846,0.521428,19515.982422
79,0.680623,0.523576,19765.472656
80,0.691336,0.528310,20014.986328
81,0.699519,0.546489,20264.666016
82,0.709275,0.560353,20514.187500
83,0.712784,0.541712,20763.787109
84,0.700143,0.512144,21013.320312
85,0.702281,0.456555,21262.849609
86,0.704654,0.432965,21512.375000
87,0.705477,0.454839,21761.945312
88,0.706672,0.455390,22011.511719
89,0.708562,0.455071,22261.058594
90,0.708074,0.459552,22510.734375
91,0.706474,0.468095,22760.216797
92,0.705833,0.443098,23009.851562
93,0.706739,0.425768,23259.343750
94,0.705908,0.426294,23508.957031
95,0.707249,0.392746,23758.457031
96,0.707630,0.359052,24008.021484
97,0.710247,0.328401,24257.638672
98,0.715919,0.315151,24507.167969
99,0.718118,0.320358,24756.753906
0,0.753398,0.610244,-0.016455
1,0.757035,0.611342,266.201569
2,0.758220,0.613926,515.848877
3,0.756987,0.615906,765.353882
4,0.753148,0.616263,1014.882446
5,0.744995,0.617305,1264.439941
6,0.732630,0.616684,1514.064941
7,0.716644,0.619225,1763.603394
8,0.690435,0.619036,2013.128418
9,0.653553,0.613787,2262.806641
10,0.615985,0.607835,2512.320557
11,0.575301,0.600569,2761.873779
12,0.539750,0.597647,3011.385010
13,0.515188,0.593936,3260.989014
14,0.506703,0.587296,3510.553467
15,0.518892,0.574749,3760.081055
16,0.556041,0.536596,4009.679688
17,0.586555,0.487368,4259.245605
18,0.616116,0.426442,4508.886719
19,0.664658,0.376623,4758.418457
20,0.705598,0.354748,5007.962891
21,0.703614,0.355309,5257.498535
22,0.697178,0.354507,5507.025391
23,0.712824,0.353616,5756.683105
24,0.757961,0.345032,6006.188965
25,0.811513,0.345725,6255.742676
26,0.852029,0.347506,6505.288086
27,0.881696,0.346958,6754.894043
28,0.909643,0.353994,7004.419434
29,0.936250,0.370843,7254.005371
30,0.974171,0.416830,7503.628906
31,0.006273,0.457543,7753.131348
32,0.039457,0.478837,8002.704102
33,0.062061,0.480466,8252.222656
34,0.101637,0.494828,8501.893555
35,0.138632,0.494975,8751.402344
36,0.162291,0.507418,9000.923828
37,0.180781,0.529959,9250.530273
38,0.186672,0.549628,9500.062500
39,0.186058,0.561235,9766.346680
40,0.183623,0.564504,10015.916016
41,0.180596,0.575129,10265.374023
42,0.176393,0.600378,10514.958008
43,0.173463,0.599672,10764.496094
44,0.170241,0.588369,11014.074219
45,0.164529,0.581827,11263.649414
46,0.149719,0.568313,11513.215820
47,0.129220,0.561522,11762.780273
48,0.107747,0.557318,12012.347656
49,0.095318,0.555806,12261.932617
50,0.080984,0.555028,12511.467773
51,0.020131,0.546055,12761.027344
52,0.967679,0.525355,13010.585938
53,0.944329,0.503411,13260.156250
54,0.930507,0.496458,13509.726562
55,0.922570,0.491874,13759.283203
56,0.921941,0.494336,14008.846680
57,0.926799,0.499934,14258.433594
58,0.934409,0.501054,14507.973633
59,0.938865,0.505647,14757.535156
60,0.940117,0.509096,15007.136719
61,0.940291,0.509336,15256.663086
62,0.940438,0.510712,15506.224609
63,0.931819,0.510406,15755.825195
64,0.911081,0.518361,16005.358398
65,0.877840,0.534819,16254.912109
66,0.823031,0.557163,16504.488281
67,0.772874,0.573673,16754.048828
68,0.746180,0.578719,17003.621094
69,0.736264,0.579815,17253.179688
70,0.740954,0.576194,17502.740234
71,0.736936,0.571527,17752.318359
72,0.696221,0.571617,18001.857422
73,0.644123,0.568553,18251.445312
74,0.588994,0.573961,18500.998047
75,0.553766,0.571981,18750.568359
76,0.553408,0.578269,19000.156250
77,0.570449,0.581144,19266.333984
78,0.615341,0.582678,19515.878906
79,0.669846,0.591784,19765.453125
80,0.711654,0.604580,20015.019531
81,0.740922,0.609373,20264.611328
82,0.766762,0.606684,20514.156250
83,0.808293,0.607333,20763.716797
84,0.854035,0.607938,21013.269531
85,0.888769,0.605908,21262.828125
86,0.919200,0.607450,21512.402344
87,0.954276,0.644084,21761.970703
88,0.005732,0.695517,22011.541016
89,0.066878,0.715429,22261.087891
90,0.122790,0.702972,22510.664062
91,0.175683,0.675966,22760.212891
92,0.216458,0.629730,23009.800781
93,0.245057,0.599476,23259.369141
94,0.267767,0.571079,23508.900391
95,0.284484,0.551952,23758.484375
96,0.300915,0.535886,24008.039062
97,0.304710,0.531841,24257.613281
98,0.303017,0.531717,24507.154297
99,0.297703,0.531585,24756.748047
0,0.745273,0.573415,0.001830
1,0.742204,0.593300,266.256805
2,0.744269,0.600490,515.771851
3,0.751277,0.602153,765.437012
4,0.760441,0.595563,1014.906250
5,0.774503,0.586080,1264.463257
6,0.791898,0.578650,1514.016113
7,0.814963,0.576145,1763.663696
8,0.847251,0.568018,2013.169556
9,0.889656,0.543916,2262.742188
10,0.942994,0.516171,2512.367920
11,0.019576,0.492271,2761.899170
12,0.096253,0.478496,3011.414795
13,0.152958,0.486434,3261.031006
14,0.186057,0.510033,3510.633301
15,0.201171,0.533168,3760.080566
16,0.203819,0.554457,4009.653564
17,0.177979,0.579194,4259.245117
18,0.123360,0.601168,4508.830566
19,0.052530,0.584340,4758.356445
20,0.983906,0.495249,5008.028320
21,0.940009,0.405723,5257.522949
22,0.896045,0.355888,5507.086426
23,0.824848,0.349230,5756.593750
24,0.753638,0.365447,6006.169922
25,0.670996,0.384434,6255.782227
26,0.601867,0.416706,6505.291016
27,0.568698,0.482289,6754.987305
28,0.561191,0.546182,7004.472168
29,0.582618,0.602244,7254.027344
30,0.620810,0.616379,7503.588867
31,0.675806,0.609821,7753.179199
32,0.721484,0.599724,8002.710938
33,0.760671,0.592189,8252.237305
34,0.807079,0.577194,8501.899414
35,0.847480,0.563008,8751.375977
36,0.881222,0.548356,9000.990234
37,0.909391,0.532823,9250.499023
38,0.940536,0.523842,9500.144531
39,0.988263,0.522374,9766.292969
40,0.052218,0.522478,10015.888672
41,0.144259,0.518763,10265.397461
42,0.239633,0.511594,10515.004883
43,0.282419,0.511563,10764.593750
44,0.306214,0.514157,11014.153320
45,0.326933,0.519040,11263.665039
46,0.347502,0.547855,11513.236328
47,0.347023,0.588062,11762.823242
48,0.335715,0.596046,12012.366211
49,0.317356,0.579196,12261.902344
50,0.290987,0.527161,12511.471680
51,0.273559,0.466321,12761.041016
52,0.265069,0.438382,13010.603516
53,0.257338,0.434698,13260.165039
54,0.250896,0.440034,13509.725586
55,0.243861,0.442136,13759.291016
56,0.230357,0.442341,14008.843750
57,0.215388,0.443773,14258.452148
58,0.197395,0.445359,14507.981445
59,0.176874,0.445916,14757.555664
60,0.155141,0.446102,15007.106445
61,0.132877,0.446432,15256.675781
62,0.109790,0.445530,15506.259766
63,0.073609,0.455521,15755.796875
64,0.021143,0.465086,16005.358398
65,0.973027,0.459914,16254.936523
66,0.928804,0.451874,16504.505859
67,0.836069,0.477218,16754.066406
68,0.699795,0.524291,17003.625000
69,0.576921,0.552482,17253.195312
70,0.524433,0.561968,17502.744141
71,0.482140,0.573842,17752.324219
72,0.453154,0.571700,18001.910156
73,0.449483,0.560640,18251.484375
74,0.468863,0.534560,18501.041016
75,0.502083,0.502873,18750.570312
76,0.528736,0.492262,19000.158203
77,0.562302,0.496529,19266.365234
78,0.615803,0.494490,19515.933594
79,0.670869,0.486031,19765.451172
80,0.720880,0.476639,20015.029297
81,0.765558,0.470471,20264.595703
82,0.802722,0.450999,20514.144531
83,0.823072,0.428077,20763.742188
84,0.830418,0.420779,21013.292969
85,0.838232,0.420117,21262.835938
86,0.856024,0.422636,21512.412109
87,0.883393,0.424922,21761.968750
88,0.916960,0.426894,22011.544922
89,0.950607,0.426626,22261.107422
90,0.979883,0.425280,22510.666016
91,0.003825,0.425955,22760.263672
92,0.025347,0.427714,23009.812500
93,0.039195,0.430050,23259.363281
94,0.042409,0.432310,23508.916016
95,0.038165,0.436180,23758.500000
96,0.034564,0.438506,24008.037109
97,0.031529,0.438284,24257.623047
98,0.025411,0.439844,24507.185547
99,0.012468,0.441567,24756.761719
0,0.750565,0.526071,0.020263
1,0.750809,0.527263,266.274933
2,0.751386,0.522019,515.855042
3,0.758312,0.471972,765.356018
4,0.776715,0.409229,1014.905334
5,0.799586,0.357695,1264.401001
6,0.827410,0.341683,1514.033081
7,0.870854,0.410344,1763.543945
8,0.873461,0.495516,2013.120850
9,0.853032,0.558315,2262.722168
10,0.763864,0.556672,2512.317139
11,0.694953,0.546072,2761.915283
12,0.651809,0.531896,3011.390137
13,0.593927,0.525656,3261.032471
14,0.550780,0.544746,3510.481201
15,0.517319,0.593589,3760.068604
16,0.487364,0.644459,4009.624023
17,0.467092,0.719296,4259.247070
18,0.479303,0.779892,4508.779785
19,0.525908,0.810472,4758.387695
20,0.594427,0.816894,5007.927734
21,0.650676,0.831033,5257.479492
22,0.711910,0.847538,5506.995605
23,0.814706,0.849573,5756.653809
24,0.908845,0.797587,6006.168457
25,0.940364,0.753503,6255.712891
26,0.967084,0.738847,6505.246094
27,0.036829,0.739249,6754.872070
28,0.100826,0.748225,7004.415039
29,0.130808,0.731299,7253.997559
30,0.161492,0.649647,7503.561035
31,0.198780,0.583350,7753.130371
32,0.241790,0.557569,8002.674805
33,0.265467,0.552505,8252.238281
34,0.278001,0.544588,8501.818359
35,0.302407,0.543996,8751.349609
36,0.310324,0.547733,9000.897461
37,0.276321,0.548663,9250.501953
38,0.211316,0.549539,9500.054688
39,0.137049,0.525643,9766.320312
40,0.068525,0.496886,10015.836914
41,0.988177,0.490075,10265.387695
42,0.929813,0.477222,10514.998047
43,0.905306,0.458433,10764.524414
44,0.885018,0.435216,11014.123047
45,0.868216,0.429905,11263.643555
46,0.864550,0.436098,11513.208984
47,0.866042,0.441932,11762.748047
48,0.867517,0.445863,12012.299805
49,0.866592,0.447269,12261.895508
50,0.867641,0.447191,12528.148438
51,0.867974,0.447416,12760.993164
52,0.868388,0.447625,13010.676758
53,0.869368,0.447560,13260.188477
54,0.870257,0.448630,13509.752930
55,0.870986,0.449922,13759.246094
56,0.871259,0.451263,14008.855469
57,0.871081,0.451752,14258.424805
58,0.870478,0.452430,14507.981445
59,0.870572,0.453652,14757.526367
60,0.870944,0.454779,15007.096680
61,0.871175,0.456679,15256.671875
62,0.871272,0.457595,15506.178711
63,0.871207,0.458280,15755.807617
64,0.871226,0.459017,16005.341797
65,0.871186,0.459313,16254.889648
66,0.871075,0.459669,16504.521484
67,0.871195,0.459848,16754.056641
68,0.871440,0.460433,17003.625000
69,0.872249,0.460491,17253.130859
70,0.872339,0.460213,17502.800781
71,0.872941,0.460231,17752.300781
72,0.873463,0.460871,18001.949219
73,0.874000,0.461617,18251.423828
74,0.873854,0.461693,18501.070312
75,0.873690,0.461677,18750.568359
76,0.873379,0.461776,19000.099609
77,0.879058,0.464851,19266.304688
78,0.926955,0.493512,19515.904297
79,0.983943,0.525907,19765.404297
80,0.000723,0.541525,20015.025391
81,0.989703,0.557263,20264.582031
82,0.987198,0.561105,20514.187500
83,0.988177,0.557993,20763.697266
84,0.991029,0.553169,21013.253906
85,0.991778,0.552662,21262.849609
86,0.992228,0.553193,21512.386719
87,0.992522,0.553151,21761.990234
88,0.992491,0.552922,22011.488281
89,0.992569,0.550593,22261.134766
90,0.992790,0.548680,22510.615234
91,0.992184,0.547719,22760.177734
92,0.992011,0.547490,23009.812500
93,0.992852,0.547549,23259.416016
94,0.993025,0.547826,23508.931641
95,0.992676,0.548097,23758.435547
96,0.992604,0.548016,24008.035156
97,0.992121,0.548651,24257.560547
98,0.991403,0.549926,24507.128906
99,0.992192,0.549981,24756.769531
0,0.749880,0.702889,-0.000023
1,0.749623,0.703502,266.282227
2,0.749416,0.702327,515.774353
3,0.749252,0.698709,765.405823
4,0.748713,0.696218,1014.953979
5,0.752281,0.683318,1264.481567
6,0.764762,0.650522,1514.020996
7,0.771154,0.622125,1763.690796
8,0.776485,0.598659,2013.171265
9,0.779615,0.579318,2262.724365
10,0.783780,0.560124,2512.309814
11,0.786292,0.540650,2761.886475
12,0.787277,0.501892,3011.476807
13,0.786860,0.446773,3260.964844
14,0.791655,0.406751,3510.646973
15,0.808236,0.389333,3760.137695
16,0.866091,0.393350,4009.679932
17,0.915075,0.407593,4259.223633
18,0.933996,0.431333,4508.890625
19,0.940868,0.475896,4758.378906
20,0.940445,0.501486,5007.938477
21,0.932768,0.510499,5257.591309
22,0.916303,0.500600,5507.171875
23,0.871678,0.485949,5756.604492
24,0.816954,0.470785,6006.266113
25,0.751703,0.455884,6255.784668
26,0.682915,0.437373,6505.310547
27,0.633990,0.436907,6754.918457
28,0.617247,0.458458,7004.471191
29,0.612904,0.496009,7253.995117
30,0.616126,0.526980,7503.579102
31,0.590696,0.572395,7753.130859
32,0.546437,0.599764,8002.714355
33,0.532065,0.611839,8252.347656
34,0.538786,0.617924,8501.845703
35,0.565239,0.623302,8751.391602
36,0.647082,0.640454,9000.975586
37,0.753147,0.643134,9250.501953
38,0.813684,0.633931,9500.186523
39,0.831030,0.629838,9766.314453
40,0.839672,0.623748,10015.845703
41,0.854421,0.617626,10265.442383
42,0.856800,0.619388,10514.989258
43,0.852401,0.622122,10764.566406
44,0.814121,0.632065,11014.129883
45,0.680852,0.641640,11263.655273
46,0.549299,0.614770,11513.258789
47,0.477135,0.604261,11762.830078
48,0.414142,0.599724,12028.988281
49,0.372662,0.603500,12261.928711
50,0.361086,0.598630,12511.564453
51,0.350787,0.600738,12761.076172
52,0.330870,0.600860,13010.617188
53,0.274003,0.579608,13260.255859
54,0.226576,0.551133,13509.788086
55,0.217095,0.538413,13759.357422
56,0.230026,0.527739,14008.882812
57,0.325146,0.495941,14258.492188
58,0.389275,0.475590,14508.031250
59,0.396609,0.480808,14757.557617
60,0.376308,0.498524,15007.113281
61,0.281834,0.534115,15256.708984
62,0.167412,0.560860,15506.308594
63,0.098782,0.557275,15755.797852
64,0.069436,0.566391,16005.423828
65,0.041160,0.570464,16254.924805
66,0.036530,0.573184,16504.533203
67,0.043425,0.583028,16754.177734
68,0.061427,0.622468,17003.625000
69,0.095047,0.669476,17253.242188
70,0.154049,0.708873,17502.748047
71,0.224311,0.735788,17752.345703
72,0.262336,0.781869,18001.888672
73,0.260911,0.845879,18251.554688
74,0.282307,0.848402,18501.017578
75,0.308312,0.830047,18750.642578
76,0.326079,0.797496,19000.187500
77,0.349741,0.772025,19266.431641
78,0.422638,0.773518,19515.908203
79,0.482295,0.810541,19765.583984
80,0.498472,0.848897,20015.044922
81,0.508112,0.871798,20264.650391
82,0.525093,0.890282,20514.166016
83,0.546156,0.900280,20763.763672
84,0.564636,0.904176,21013.333984
85,0.579055,0.901972,21262.888672
86,0.588565,0.900392,21512.537109
87,0.587218,0.878998,21761.988281
88,0.582358,0.797414,22011.560547
89,0.577389,0.699145,22261.132812
90,0.554770,0.608058,22510.708984
91,0.518111,0.545026,22760.269531
92,0.479457,0.522549,23009.802734
93,0.438792,0.535611,23259.427734
94,0.405487,0.537257,23508.974609
95,0.397372,0.531003,23758.539062
96,0.387524,0.508511,24008.082031
97,0.402287,0.471537,24257.664062
98,0.409730,0.472669,24507.263672
99,0.402499,0.529410,24756.744141
0,0.750082,0.562882,-0.000191
1,0.750375,0.562276,266.206970
2,0.752445,0.562551,515.731995
3,0.760925,0.564086,765.303589
4,0.779698,0.570087,1014.883118
5,0.804732,0.576905,1264.467651
6,0.838291,0.577707,1514.021973
7,0.874854,0.578484,1763.536987
8,0.911526,0.586750,2013.134399
9,0.946346,0.589300,2262.680664
10,0.980752,0.587043,2512.242188
11,0.992486,0.584036,2761.830566
12,0.980794,0.585545,3011.365234
13,0.955289,0.584499,3260.949463
14,0.892727,0.601081,3510.482910
15,0.798806,0.603435,3760.046387
16,0.711321,0.590443,4009.627197
17,0.638315,0.572549,4259.181641
18,0.617467,0.517669,4508.742676
19,0.631905,0.454747,4758.346191
20,0.676865,0.438132,5007.881348
21,0.709894,0.439710,5257.453125
22,0.754215,0.460133,5507.002441
23,0.778295,0.459655,5756.583984
24,0.813276,0.454562,6006.134766
25,0.856913,0.454559,6255.692383
26,0.894329,0.459656,6505.271484
27,0.866351,0.474248,6754.810059
28,0.744550,0.513925,7004.421875
29,0.616045,0.543357,7253.953613
30,0.542970,0.544390,7503.520996
31,0.490837,0.539654,7753.093750
32,0.443286,0.548273,8002.642578
33,0.400398,0.567034,8252.233398
34,0.358145,0.576848,8501.791016
35,0.317195,0.581591,8751.355469
36,0.264659,0.585041,9000.883789
37,0.230712,0.587061,9250.469727
38,0.207123,0.581707,9500.057617
39,0.184336,0.579478,9766.236328
40,0.146710,0.594014,10015.796875
41,0.112769,0.599602,10265.391602
42,0.093406,0.594550,10514.953125
43,0.109777,0.568980,10764.494141
44,0.129095,0.548235,11014.050781
45,0.171364,0.539643,11263.608398
46,0.220898,0.536568,11513.168945
47,0.261174,0.528226,11762.729492
48,0.295089,0.516190,12012.322266
49,0.328066,0.518707,12261.860352
50,0.360813,0.529630,12511.447266
51,0.377759,0.535753,12761.004883
52,0.381897,0.538669,13010.562500
53,0.379606,0.544600,13260.143555
54,0.376353,0.551963,13509.705078
55,0.371362,0.557155,13759.261719
56,0.359290,0.571487,14008.864258
57,0.329797,0.617563,14258.395508
58,0.275485,0.654818,14507.949219
59,0.177921,0.638889,14757.505859
60,0.102367,0.593430,15007.066406
61,0.057068,0.565130,15256.636719
62,0.045287,0.560382,15506.188477
63,0.054991,0.557212,15755.760742
64,0.071700,0.553070,16005.341797
65,0.084798,0.550996,16254.890625
66,0.096094,0.551010,16504.457031
67,0.114884,0.548453,16754.025391
68,0.149300,0.546835,17003.605469
69,0.188018,0.553473,17253.144531
70,0.219876,0.560267,17502.714844
71,0.248001,0.558767,17752.259766
72,0.292229,0.544332,18001.843750
73,0.342939,0.537273,18251.392578
74,0.390294,0.535266,18500.982422
75,0.430939,0.534874,18750.525391
76,0.445068,0.541158,19000.117188
77,0.447909,0.553895,19266.310547
78,0.451284,0.563465,19515.851562
79,0.443560,0.562196,19765.464844
80,0.406465,0.551235,20014.986328
81,0.337443,0.562151,20264.564453
82,0.261209,0.572489,20514.111328
83,0.220647,0.570588,20763.673828
84,0.205088,0.562693,21013.240234
85,0.201822,0.546852,21262.798828
86,0.186189,0.544268,21512.371094
87,0.169835,0.547314,21761.941406
88,0.162791,0.553070,22011.494141
89,0.160091,0.555534,22261.050781
90,0.151609,0.556999,22510.626953
91,0.150487,0.564183,22760.224609
92,0.150886,0.570867,23009.757812
93,0.152773,0.575122,23259.310547
94,0.157303,0.575090,23508.871094
95,0.164652,0.570612,23758.437500
96,0.167767,0.569951,24007.994141
97,0.170585,0.570624,24257.574219
98,0.175038,0.571109,24507.154297
99,0.178649,0.570809,24756.712891
0,0.749963,0.521407,-0.009112
1,0.750068,0.521400,266.181335
2,0.748744,0.520405,515.694885
3,0.728590,0.507759,765.379150
4,0.716969,0.504116,1014.847534
5,0.715016,0.574226,1264.452637
6,0.714961,0.643302,1514.008667
7,0.720202,0.715508,1763.580322
8,0.746014,0.793169,2013.127319
9,0.789598,0.828504,2262.649902
10,0.845271,0.848002,2512.331299
11,0.910192,0.819563,2761.807373
12,0.962894,0.766810,3011.450439
13,0.968034,0.643593,3260.912598
14,0.965118,0.566861,3510.535156
15,0.966281,0.547101,3760.071289
16,0.980813,0.543609,4009.595215
17,0.001693,0.544568,4259.176758
18,0.021984,0.547201,4508.820801
19,0.031157,0.545600,4758.296875
20,0.026582,0.534423,5007.870605
21,0.968726,0.476339,5257.523438
22,0.910386,0.403214,5506.979492
23,0.890018,0.389673,5756.580078
24,0.907886,0.410849,6006.149902
25,0.993009,0.509521,6255.752930
26,0.054577,0.534671,6505.233398
27,0.086971,0.541577,6754.819336
28,0.124513,0.551674,7004.420410
29,0.173220,0.559748,7253.976074
30,0.199558,0.556143,7503.513184
31,0.215558,0.547845,7753.050293
32,0.231429,0.539768,8002.681641
33,0.242228,0.530926,8252.206055
34,0.245781,0.516074,8501.772461
35,0.254985,0.512289,8751.405273
36,0.261858,0.504092,9000.929688
37,0.286780,0.521609,9250.470703
38,0.327149,0.542534,9500.112305
39,0.361217,0.563317,9766.260742
40,0.362615,0.557077,10015.890625
41,0.364868,0.555805,10265.344727
42,0.379200,0.563462,10514.920898
43,0.412723,0.576219,10764.536133
44,0.433570,0.569016,11014.066406
45,0.443250,0.559621,11263.587891
46,0.445615,0.549392,11513.166992
47,0.444676,0.549954,11762.812500
48,0.441485,0.552454,12012.311523
49,0.433923,0.548488,12261.859375
50,0.421135,0.537794,12511.425781
51,0.405992,0.533150,12761.014648
52,0.386142,0.529558,13010.577148
53,0.358022,0.534507,13260.136719
54,0.322785,0.541579,13509.689453
55,0.292053,0.544863,13759.290039
56,0.262239,0.546086,14008.826172
57,0.231440,0.545864,14258.371094
58,0.205497,0.546101,14507.967773
59,0.182924,0.543008,14757.481445
60,0.160896,0.536087,15007.100586
61,0.135760,0.528712,15256.694336
62,0.088523,0.525107,15506.187500
63,0.994100,0.517371,15755.772461
64,0.901315,0.480032,16005.393555
65,0.815522,0.450941,16254.957031
66,0.712730,0.450907,16504.451172
67,0.650858,0.472660,16754.044922
68,0.620054,0.491469,17003.568359
69,0.591121,0.502365,17253.148438
70,0.563031,0.508353,17502.691406
71,0.538299,0.513421,17752.273438
72,0.518260,0.525854,18001.855469
73,0.504263,0.537811,18251.435547
74,0.513354,0.566325,18500.992188
75,0.616472,0.667187,18750.527344
76,0.710892,0.713504,19000.107422
77,0.722885,0.726853,19266.271484
78,0.709976,0.715831,19515.853516
79,0.642846,0.656198,19765.433594
80,0.534671,0.578090,20015.013672
81,0.500852,0.559617,20264.589844
82,0.499140,0.553559,20514.119141
83,0.500958,0.550475,20763.701172
84,0.504783,0.547266,21013.263672
85,0.521904,0.533257,21262.783203
86,0.548433,0.513193,21512.396484
87,0.599343,0.482395,21761.988281
88,0.639426,0.445505,22011.578125
89,0.658683,0.405273,22261.087891
90,0.685187,0.368909,22510.695312
91,0.714837,0.354027,22760.210938
92,0.738281,0.355549,23009.728516
93,0.774400,0.363960,23259.355469
94,0.804891,0.367142,23508.896484
95,0.826462,0.367930,23758.480469
96,0.847085,0.368214,24008.005859
97,0.866669,0.370738,24257.679688
98,0.888247,0.379841,24507.162109
99,0.906717,0.385327,24756.693359
0,0.751604,0.534547,-0.006521
1,0.750551,0.524365,266.153717
2,0.745960,0.512812,515.759644
3,0.745775,0.494825,765.324524
4,0.740194,0.501658,1014.880066
5,0.732997,0.507613,1264.447266
6,0.713898,0.500238,1514.008667
7,0.690057,0.483935,1763.667358
8,0.670170,0.488588,2013.106689
9,0.655238,0.482522,2262.777100
10,0.649118,0.480314,2512.224854
11,0.644074,0.484687,2761.795898
12,0.634408,0.486769,3011.373535
13,0.628550,0.496522,3260.973145
14,0.622729,0.536660,3527.172119
15,0.628620,0.569966,3760.100342
16,0.641573,0.581738,4009.669189
17,0.649648,0.584781,4259.222656
18,0.658983,0.560372,4508.770996
19,0.664447,0.514784,4758.335938
20,0.663842,0.476681,5007.969727
21,0.667623,0.464134,5257.433594
22,0.667048,0.469306,5507.022461
23,0.667989,0.466501,5756.542480
24,0.662662,0.467609,6006.151855
25,0.647451,0.485827,6255.745117
26,0.608132,0.503225,6505.300293
27,0.569451,0.517748,6754.821777
28,0.553575,0.521470,7004.473145
29,0.568149,0.522977,7253.948730
30,0.617273,0.534175,7503.514648
31,0.656965,0.548413,7753.167480
32,0.706084,0.582654,8002.636719
33,0.748202,0.606615,8252.245117
34,0.776795,0.642475,8501.852539
35,0.802110,0.672580,8751.362305
36,0.829027,0.696713,9000.905273
37,0.858254,0.719962,9250.550781
38,0.874327,0.732918,9500.040039
39,0.893185,0.712082,9766.298828
40,0.915154,0.664438,10015.780273
41,0.925000,0.634902,10265.388672
42,0.917580,0.603395,10514.948242
43,0.907436,0.567235,10764.514648
44,0.900655,0.539350,11014.023438
45,0.889646,0.513666,11263.660156
46,0.873237,0.480406,11513.189453
47,0.854962,0.450359,11762.734375
48,0.831865,0.452060,12012.326172
49,0.799215,0.454172,12261.951172
50,0.787374,0.456320,12511.475586
51,0.789631,0.420787,12761.000977
52,0.794638,0.385090,13010.571289
53,0.794698,0.369517,13260.149414
54,0.806842,0.365927,13509.717773
55,0.829920,0.371600,13759.287109
56,0.861161,0.388669,14008.815430
57,0.895107,0.416998,14258.368164
58,0.938590,0.452143,14507.925781
59,0.993733,0.471172,14757.592773
60,0.045082,0.480456,15007.062500
61,0.086240,0.489605,15256.654297
62,0.121501,0.499935,15506.265625
63,0.144916,0.506240,15755.780273
64,0.160314,0.508105,16005.359375
65,0.175999,0.509759,16254.878906
66,0.189408,0.511625,16504.478516
67,0.193919,0.513494,16754.013672
68,0.194163,0.517972,17003.654297
69,0.195415,0.519188,17253.117188
70,0.201689,0.519004,17502.792969
71,0.209675,0.525006,17752.302734
72,0.221262,0.533623,18001.880859
73,0.233094,0.538495,18251.429688
74,0.236661,0.536817,18500.984375
75,0.230508,0.536522,18750.605469
76,0.217346,0.537993,19000.066406
77,0.191987,0.538168,19266.367188
78,0.156860,0.535673,19515.845703
79,0.124049,0.530189,19765.445312
80,0.100785,0.527795,20014.992188
81,0.083686,0.525356,20264.605469
82,0.070138,0.524652,20514.111328
83,0.048534,0.527835,20763.757812
84,0.030751,0.532257,21013.228516
85,0.030149,0.534961,21262.847656
86,0.045055,0.538840,21512.414062
87,0.068068,0.546940,21761.941406
88,0.097206,0.550843,22011.548828
89,0.137597,0.548989,22261.125000
90,0.186533,0.540494,22510.623047
91,0.238844,0.529802,22760.201172
92,0.275323,0.522203,23009.765625
93,0.287371,0.519919,23259.287109
94,0.292064,0.525823,23508.865234
95,0.274522,0.530386,23758.429688
96,0.238884,0.531761,24008.060547
97,0.209674,0.529710,24257.603516
98,0.193166,0.529027,24507.146484
99,0.183931,0.531947,24756.707031
0,0.748246,0.494141,-0.013987
1,0.749223,0.493677,266.234253
2,0.748792,0.489008,515.743408
3,0.747662,0.481818,765.414429
4,0.747813,0.479816,1014.898071
5,0.747945,0.478156,1264.432495
6,0.747873,0.477607,1513.994385
7,0.747958,0.474965,1763.653442
8,0.747332,0.462499,2013.224487
9,0.745908,0.444997,2262.687256
10,0.744980,0.433980,2512.309082
11,0.744901,0.430836,2761.850098
12,0.744801,0.430475,3011.372803
13,0.744720,0.431173,3260.999512
14,0.744762,0.431344,3510.622314
15,0.745146,0.430880,3760.126465
16,0.745559,0.430680,4009.632324
17,0.745655,0.432448,4259.260742
18,0.745771,0.435145,4508.800293
19,0.744275,0.448912,4758.336426
20,0.742780,0.472009,5007.914551
21,0.744000,0.492260,5257.550781
22,0.745564,0.511240,5507.023926
23,0.749592,0.530660,5756.598145
24,0.753702,0.550520,6006.207520
25,0.758336,0.569573,6255.762207
26,0.767015,0.586671,6505.272461
27,0.780228,0.601114,6754.961914
28,0.793370,0.607484,7004.388184
29,0.799883,0.603733,7253.957520
30,0.801779,0.598319,7503.564941
31,0.804265,0.592668,7753.149902
32,0.806306,0.585253,8002.701660
33,0.806329,0.577226,8252.232422
34,0.809762,0.571361,8501.867188
35,0.816750,0.565712,8751.415039
36,0.822648,0.555984,9001.016602
37,0.827422,0.548390,9250.490234
38,0.828059,0.540692,9500.091797
39,0.822714,0.530651,9766.298828
40,0.823453,0.520062,10015.837891
41,0.833368,0.512115,10265.362305
42,0.837357,0.503784,10514.920898
43,0.844847,0.498687,10764.525391
44,0.854712,0.496174,11014.159180
45,0.863038,0.497909,11263.640625
46,0.871038,0.500410,11513.196289
47,0.875790,0.504099,11762.764648
48,0.879070,0.505062,12012.358398
49,0.886544,0.502754,12261.884766
50,0.893455,0.505743,12511.448242
51,0.896129,0.504975,12761.000000
52,0.902680,0.503136,13010.569336
53,0.902558,0.501202,13260.171875
54,0.903580,0.498725,13509.690430
55,0.911464,0.493471,13759.283203
56,0.917476,0.488130,14008.873047
57,0.920414,0.482147,14258.389648
58,0.923170,0.485560,14507.976562
59,0.924944,0.493169,14757.520508
60,0.932478,0.501254,15007.160156
61,0.937452,0.507419,15256.692383
62,0.937394,0.508901,15506.250000
63,0.943933,0.517330,15755.778320
64,0.948539,0.524428,16005.453125
65,0.958365,0.528395,16254.999023
66,0.973818,0.535465,16504.496094
67,0.989129,0.532655,16754.041016
68,0.999869,0.529689,17003.675781
69,0.010528,0.520804,17253.222656
70,0.021976,0.510418,17502.712891
71,0.031151,0.504753,17752.333984
72,0.046093,0.502992,18001.841797
73,0.066869,0.497652,18251.416016
74,0.087195,0.503135,18500.988281
75,0.098373,0.508655,18750.562500
76,0.108744,0.501392,19000.128906
77,0.123610,0.506798,19266.326172
78,0.139599,0.529388,19515.871094
79,0.145609,0.539518,19765.478516
80,0.153230,0.539555,20014.992188
81,0.164743,0.538002,20264.552734
82,0.173892,0.533843,20514.150391
83,0.182985,0.529464,20763.751953
84,0.190086,0.522182,21013.304688
85,0.199121,0.517132,21262.867188
86,0.213808,0.515117,21512.427734
87,0.223613,0.511072,21761.955078
88,0.231589,0.501779,22011.503906
89,0.242013,0.501065,22261.060547
90,0.253099,0.499964,22510.667969
91,0.259496,0.499929,22760.197266
92,0.263292,0.499997,23009.750000
93,0.263551,0.499422,23259.406250
94,0.268765,0.501367,23508.927734
95,0.274975,0.508135,23758.458984
96,0.275476,0.511051,24008.039062
97,0.273904,0.510113,24257.619141
98,0.272073,0.510658,24507.148438
99,0.270416,0.510659,24756.718750
0,0.747963,0.519832,-0.019784
1,0.743642,0.516534,266.275055
2,0.737866,0.512284,515.800049
3,0.762237,0.511230,765.317444
4,0.799460,0.483402,1014.863281
5,0.812620,0.463100,1264.379150
6,0.819842,0.454071,1513.973022
7,0.824444,0.442517,1763.524414
8,0.828839,0.444708,2013.201904
9,0.840737,0.466771,2262.693115
10,0.855207,0.480471,2512.208496
11,0.881192,0.480090,2761.864258
12,0.923034,0.476740,3011.379150
13,0.948417,0.484326,3260.895020
14,0.971315,0.502210,3510.451172
15,0.001574,0.522712,3760.144287
16,0.019963,0.532097,4009.611328
17,0.026574,0.532385,4259.161133
18,0.028490,0.531632,4508.778809
19,0.033175,0.533170,4758.316406
20,0.051259,0.536249,5007.851562
21,0.072775,0.530678,5257.510742
22,0.088521,0.504615,5507.020996
23,0.103713,0.462397,5756.567871
24,0.121400,0.462116,6006.135254
25,0.130289,0.474760,6255.691406
26,0.135457,0.489716,6505.260254
27,0.140964,0.512384,6754.792480
28,0.146542,0.535535,7004.375977
29,0.153199,0.551193,7254.014160
30,0.153725,0.581752,7503.601074
31,0.151699,0.627150,7753.044922
32,0.147031,0.645463,8002.698242
33,0.134846,0.666419,8252.192383
34,0.118691,0.679035,8501.766602
35,0.101727,0.680752,8751.420898
36,0.084125,0.681691,9000.957031
37,0.050131,0.665363,9250.494141
38,0.010246,0.608391,9500.029297
39,0.980120,0.565387,9766.208008
40,0.954334,0.537964,10015.764648
41,0.929532,0.522627,10265.349609
42,0.898383,0.509613,10514.889648
43,0.868239,0.497854,10764.459961
44,0.840083,0.489691,11014.038086
45,0.820779,0.481122,11263.606445
46,0.803895,0.471455,11513.145508
47,0.791165,0.468117,11762.761719
48,0.782703,0.468230,12012.306641
49,0.767311,0.466122,12261.838867
50,0.687166,0.457177,12511.446289
51,0.599198,0.465871,12760.979492
52,0.521891,0.476933,13010.559570
53,0.475618,0.471751,13260.104492
54,0.455893,0.471528,13509.702148
55,0.438349,0.484247,13759.287109
56,0.420269,0.491032,14008.816406
57,0.409604,0.492934,14258.354492
58,0.406020,0.495315,14507.944336
59,0.405288,0.494030,14757.515625
60,0.405645,0.510409,15007.046875
61,0.406995,0.529873,15256.644531
62,0.407705,0.529165,15506.180664
63,0.408177,0.528421,15755.782227
64,0.408785,0.527713,16005.333984
65,0.409221,0.526455,16254.886719
66,0.397482,0.516933,16504.468750
67,0.369460,0.500753,16754.033203
68,0.354652,0.490860,17003.609375
69,0.339664,0.488479,17253.136719
70,0.332833,0.493690,17502.710938
71,0.334764,0.495893,17752.275391
72,0.338341,0.494994,18001.830078
73,0.339821,0.496283,18251.386719
74,0.343921,0.496360,18500.937500
75,0.355741,0.487915,18750.546875
76,0.375666,0.472839,19000.091797
77,0.387644,0.470381,19266.281250
78,0.389152,0.476622,19515.853516
79,0.388147,0.480396,19765.410156
80,0.384248,0.482051,20014.980469
81,0.383525,0.481197,20264.570312
82,0.384525,0.481613,20514.121094
83,0.385551,0.484260,20763.642578
84,0.387487,0.484143,21013.251953
85,0.389057,0.483340,21262.785156
86,0.390187,0.484327,21512.365234
87,0.391447,0.485090,21761.910156
88,0.392606,0.485641,22011.460938
89,0.392959,0.486653,22261.037109
90,0.393186,0.486837,22510.644531
91,0.393577,0.486355,22760.166016
92,0.394294,0.486098,23009.751953
93,0.394754,0.486354,23259.316406
94,0.396105,0.486343,23508.859375
95,0.413135,0.474260,23758.423828
96,0.438013,0.461201,24007.982422
97,0.443965,0.462118,24257.554688
98,0.452815,0.467106,24507.134766
99,0.463897,0.469753,24756.664062
0,0.749327,0.510798,-0.055909
1,0.749104,0.511611,266.123688
2,0.757669,0.510781,515.779480
3,0.794542,0.510213,765.321472
4,0.844974,0.499103,1014.813354
5,0.860933,0.486874,1264.392334
6,0.861350,0.470081,1513.970093
7,0.884489,0.457328,1763.503540
8,0.919351,0.451432,2013.153198
9,0.937885,0.452145,2262.702881
10,0.941409,0.452569,2512.238037
11,0.936269,0.453049,2761.747803
12,0.930255,0.455374,3011.402832
13,0.930075,0.459131,3260.920166
14,0.945443,0.466922,3510.441406
15,0.954607,0.469078,3760.003174
16,0.947920,0.458489,4009.566895
17,0.935766,0.452804,4259.139648
18,0.919800,0.454469,4508.706543
19,0.897934,0.464574,4758.265625
20,0.869471,0.468813,5007.845703
21,0.827290,0.477789,5257.411133
22,0.787191,0.477175,5506.952637
23,0.764403,0.472392,5756.526367
24,0.745704,0.470174,6006.095215
25,0.725572,0.462599,6255.647949
26,0.706303,0.453964,6505.231445
27,0.694245,0.448199,6754.775391
28,0.685932,0.445970,7004.373535
29,0.674013,0.448265,7253.929688
30,0.657437,0.463505,7503.496582
31,0.646007,0.498776,7753.033203
32,0.639445,0.520689,8002.595215
33,0.635659,0.527594,8252.147461
34,0.636168,0.530301,8501.738281
35,0.640691,0.517693,8751.291016
36,0.645447,0.500419,9000.864258
37,0.633155,0.499732,9250.436523
38,0.591852,0.516530,9516.619141
39,0.547146,0.533400,9766.208008
40,0.523968,0.533516,10015.752930
41,0.513849,0.532954,10265.340820
42,0.508327,0.527510,10514.896484
43,0.505797,0.521638,10764.469727
44,0.500375,0.521892,11013.997070
45,0.483517,0.518838,11263.567383
46,0.466311,0.518128,11513.139648
47,0.444726,0.492479,11762.708984
48,0.437055,0.485531,12012.241211
49,0.432650,0.482601,12261.844727
50,0.434495,0.482829,12511.388672
51,0.429533,0.488805,12760.952148
52,0.412682,0.497655,13010.499023
53,0.396398,0.497862,13260.129883
54,0.390717,0.493163,13509.639648
55,0.399329,0.496508,13759.181641
56,0.400286,0.493081,14008.790039
57,0.384695,0.483948,14258.373047
58,0.379485,0.480333,14507.916992
59,0.371726,0.490599,14757.534180
60,0.375598,0.481931,15007.030273
61,0.378395,0.478556,15256.595703
62,0.378214,0.477363,15506.176758
63,0.378590,0.476392,15755.755859
64,0.348211,0.493821,16005.268555
65,0.307534,0.492323,16254.865234
66,0.283553,0.488100,16504.423828
67,0.270446,0.497759,16753.974609
68,0.262584,0.505181,17003.556641
69,0.254821,0.518642,17253.113281
70,0.246801,0.539658,17502.662109
71,0.237772,0.598980,17752.214844
72,0.220633,0.658685,18001.779297
73,0.196012,0.692021,18251.376953
74,0.187404,0.703786,18500.921875
75,0.193143,0.699373,18750.515625
76,0.192212,0.694524,19000.066406
77,0.190212,0.671372,19266.291016
78,0.181729,0.622452,19515.843750
79,0.182635,0.598517,19765.371094
80,0.158078,0.598495,20014.947266
81,0.138252,0.602558,20264.492188
82,0.123062,0.595019,20514.078125
83,0.114769,0.583652,20763.662109
84,0.130896,0.552896,21013.193359
85,0.148421,0.532112,21262.765625
86,0.163756,0.525247,21512.347656
87,0.168237,0.524124,21761.878906
88,0.171244,0.520556,22011.451172
89,0.177432,0.512476,22261.011719
90,0.180441,0.512170,22510.560547
91,0.180481,0.509805,22760.154297
92,0.181227,0.508465,23009.726562
93,0.182768,0.507434,23259.296875
94,0.186830,0.504661,23508.812500
95,0.194370,0.499535,23758.468750
96,0.208021,0.494763,24007.984375
97,0.223264,0.493780,24257.509766
98,0.229050,0.496893,24507.193359
99,0.224422,0.499560,24756.640625
0,0.749917,0.609379,0.013548
1,0.750023,0.610453,266.221008
2,0.761993,0.614397,515.834290
3,0.791530,0.657553,765.376282
4,0.790627,0.732754,1014.942017
5,0.802371,0.783235,1264.497803
6,0.819712,0.801611,1514.061279
7,0.845361,0.790117,1780.234741
8,0.873892,0.726916,2013.188110
9,0.943775,0.652307,2262.779297
10,0.994817,0.629453,2512.296631
11,0.028412,0.625062,2761.885010
12,0.060038,0.589693,3011.453857
13,0.057084,0.547195,3261.092773
14,0.040054,0.524960,3510.593506
15,0.012631,0.529532,3760.104980
16,0.989789,0.518943,4009.707520
17,0.991705,0.492059,4259.280273
18,0.002057,0.465621,4508.867188
19,0.043274,0.453775,4758.364258
20,0.128078,0.455167,5008.031738
21,0.187263,0.460812,5257.496582
22,0.229274,0.472017,5507.079590
23,0.254778,0.479260,5756.621094
24,0.278546,0.489472,6006.231934
25,0.309041,0.494005,6255.803711
26,0.329312,0.495177,6505.339844
27,0.342910,0.491045,6754.945801
28,0.380119,0.490608,7004.439453
29,0.429428,0.521848,7254.063477
30,0.463904,0.555031,7503.571289
31,0.487313,0.536442,7753.151855
32,0.497587,0.440267,8002.717285
33,0.504503,0.351365,8252.317383
34,0.523199,0.305932,8501.841797
35,0.564091,0.291002,8751.423828
36,0.597923,0.278168,9000.991211
37,0.621530,0.277845,9250.551758
38,0.637612,0.285014,9500.117188
39,0.674672,0.299330,9766.326172
40,0.717525,0.312192,10015.878906
41,0.762259,0.321850,10265.422852
42,0.803414,0.327267,10515.010742
43,0.843507,0.336757,10764.538086
44,0.877839,0.344267,11014.109375
45,0.877726,0.376474,11263.677734
46,0.865248,0.439321,11513.217773
47,0.837969,0.495125,11762.827148
48,0.809836,0.548943,12012.370117
49,0.809366,0.591372,12261.930664
50,0.813144,0.599172,12511.520508
51,0.792007,0.592882,12761.058594
52,0.753651,0.594301,13010.631836
53,0.708551,0.580889,13260.166992
54,0.673705,0.568271,13509.741211
55,0.658743,0.548570,13759.329102
56,0.630032,0.518629,14008.877930
57,0.595213,0.507377,14258.443359
58,0.555746,0.543720,14508.032227
59,0.520852,0.574698,14757.563477
60,0.502258,0.579888,15007.156250
61,0.497258,0.577328,15256.705078
62,0.502537,0.580495,15506.245117
63,0.491364,0.579786,15755.833984
64,0.448437,0.576607,16005.394531
65,0.452563,0.588746,16254.943359
66,0.496005,0.590256,16504.531250
67,0.576874,0.598266,16754.066406
68,0.664915,0.600972,17003.650391
69,0.729022,0.596450,17253.199219
70,0.754025,0.593415,17502.777344
71,0.766267,0.589656,17752.330078
72,0.778484,0.588813,18001.910156
73,0.791263,0.588717,18251.476562
74,0.801141,0.590137,18501.027344
75,0.810717,0.594452,18750.601562
76,0.827711,0.595987,19000.152344
77,0.852361,0.596982,19266.373047
78,0.876846,0.594683,19515.964844
79,0.897615,0.592899,19765.486328
80,0.913617,0.592460,20015.042969
81,0.935344,0.593037,20264.609375
82,0.963597,0.591520,20514.173828
83,0.990903,0.589424,20763.736328
84,0.012202,0.588071,21013.292969
85,0.029096,0.588516,21262.912109
86,0.056060,0.591091,21512.445312
87,0.072368,0.593035,21762.009766
88,0.091358,0.597075,22011.548828
89,0.112835,0.601296,22261.121094
90,0.139860,0.600833,22510.697266
91,0.167973,0.601794,22760.248047
92,0.192160,0.601821,23009.835938
93,0.211557,0.602401,23259.363281
94,0.221711,0.602375,23508.937500
95,0.221069,0.603015,23758.505859
96,0.207888,0.604146,24008.072266
97,0.184581,0.604147,24257.650391
98,0.151531,0.598935,24507.191406
99,0.121465,0.590481,24756.775391
0,0.749985,0.501958,0.024677
1,0.749863,0.501991,266.274384
2,0.748469,0.505198,515.793518
3,0.743165,0.547742,765.427612
4,0.736817,0.625441,1014.916809
5,0.730843,0.719975,1264.516235
6,0.728661,0.771219,1514.097534
7,0.716403,0.761557,1763.641357
8,0.688228,0.705922,2013.170776
9,0.662985,0.653388,2262.797852
10,0.655819,0.636273,2512.414062
11,0.662611,0.614064,2761.916016
12,0.679920,0.577386,3011.443359
13,0.696656,0.548083,3261.096436
14,0.712221,0.534537,3510.598633
15,0.732385,0.533435,3760.138184
16,0.753953,0.507251,4009.758789
17,0.768776,0.505609,4259.269531
18,0.776982,0.498192,4508.856445
19,0.784868,0.473051,4758.392578
20,0.792851,0.463688,5008.069824
21,0.799589,0.464714,5257.545410
22,0.804365,0.469314,5507.111816
23,0.804477,0.487731,5756.686523
24,0.801073,0.495174,6006.236328
25,0.796113,0.496076,6255.812012
26,0.794305,0.498897,6505.339844
27,0.793012,0.497946,6754.918457
28,0.792555,0.498928,7004.476562
29,0.791401,0.496854,7254.027344
30,0.790233,0.497059,7503.605469
31,0.789167,0.497556,7753.241699
32,0.788852,0.497364,8002.755371
33,0.790089,0.498968,8252.295898
34,0.791113,0.501930,8501.877930
35,0.790038,0.505569,8751.421875
36,0.789282,0.508228,9000.989258
37,0.788247,0.510148,9250.557617
38,0.787532,0.510575,9500.094727
39,0.787803,0.511107,9766.397461
40,0.788404,0.511649,10015.912109
41,0.788066,0.504783,10265.407227
42,0.787846,0.473898,10515.065430
43,0.779703,0.435679,10764.601562
44,0.742497,0.399254,11014.111328
45,0.689641,0.396098,11263.711914
46,0.640663,0.422404,11513.289062
47,0.605784,0.444717,11762.822266
48,0.589661,0.466323,12012.363281
49,0.575048,0.498846,12261.982422
50,0.557828,0.527057,12511.590820
51,0.529211,0.530630,12761.085938
52,0.516351,0.531672,13010.644531
53,0.515423,0.533750,13260.236328
54,0.522556,0.534429,13509.806641
55,0.530225,0.534926,13759.308594
56,0.533878,0.538445,14008.928711
57,0.548045,0.539199,14258.463867
58,0.571719,0.557632,14508.114258
59,0.606654,0.559594,14757.622070
60,0.663385,0.557466,15007.263672
61,0.718862,0.554673,15256.720703
62,0.765574,0.559702,15506.268555
63,0.803294,0.564510,15755.881836
64,0.847220,0.565063,16005.386719
65,0.883692,0.559480,16271.606445
66,0.903482,0.545551,16504.523438
67,0.924656,0.531584,16754.113281
68,0.951502,0.532682,17003.669922
69,0.973338,0.533178,17253.212891
70,0.997644,0.547084,17502.806641
71,0.028667,0.562124,17752.363281
72,0.051647,0.567987,18001.908203
73,0.061692,0.564371,18251.500000
74,0.064203,0.558234,18501.056641
75,0.055047,0.546995,18750.583984
76,0.049958,0.542009,19000.191406
77,0.047193,0.546588,19266.357422
78,0.015782,0.548496,19515.929688
79,0.913192,0.550136,19765.507812
80,0.834007,0.570973,20015.087891
81,0.749619,0.598801,20264.607422
82,0.702650,0.609649,20514.181641
83,0.689080,0.611248,20763.744141
84,0.687360,0.607583,21013.339844
85,0.694279,0.606656,21262.869141
86,0.696191,0.604568,21512.437500
87,0.698042,0.604774,21762.019531
88,0.702868,0.604585,22011.576172
89,0.710401,0.600349,22261.150391
90,0.716612,0.596760,22510.693359
91,0.720310,0.595449,22760.248047
92,0.727194,0.595931,23009.812500
93,0.739977,0.595550,23259.425781
94,0.747943,0.596314,23508.960938
95,0.749104,0.595389,23758.517578
96,0.748033,0.595883,24008.085938
97,0.745253,0.596100,24257.642578
98,0.742498,0.596031,24507.220703
99,0.741643,0.595936,24756.765625
0,0.749950,0.525908,-0.044290
1,0.749989,0.526188,266.201294
2,0.749963,0.526384,515.771484
3,0.747542,0.504076,765.320496
4,0.734521,0.413711,1014.877747
5,0.714788,0.348414,1264.397827
6,0.677496,0.328585,1513.991333
7,0.638243,0.337003,1763.622559
8,0.599179,0.376807,2013.092407
9,0.546031,0.447815,2262.719238
10,0.517199,0.510372,2512.297607
11,0.506700,0.537540,2761.864990
12,0.506184,0.539290,3011.395996
13,0.518056,0.543630,3260.968994
14,0.538741,0.544620,3510.540039
15,0.563780,0.546608,3760.100342
16,0.597940,0.555677,4009.608398
17,0.636524,0.557872,4259.239746
18,0.669237,0.560149,4508.732910
19,0.712756,0.551657,4758.311523
20,0.760336,0.533890,5007.915527
21,0.818047,0.524632,5257.527344
22,0.877685,0.507950,5507.001465
23,0.949591,0.495288,5756.625000
24,0.028671,0.484940,6006.158203
25,0.088513,0.478844,6255.709961
26,0.126699,0.489402,6505.298828
27,0.145216,0.500036,6754.850586
28,0.151588,0.507417,7004.444336
29,0.160699,0.503275,7253.934082
30,0.163172,0.480872,7503.645508
31,0.152798,0.414427,7753.116699
32,0.134529,0.356208,8002.693848
33,0.092821,0.290338,8252.237305
34,0.033980,0.273362,8501.763672
35,0.960035,0.298403,8751.367188
36,0.938248,0.321938,9000.890625
37,0.938698,0.353965,9250.504883
38,0.945760,0.416328,9500.054688
39,0.947237,0.473478,9766.213867
40,0.965268,0.519112,10015.801758
41,0.994471,0.565525,10265.369141
42,0.033439,0.591763,10514.909180
43,0.081342,0.619504,10764.491211
44,0.124960,0.640524,11014.024414
45,0.160488,0.638891,11263.686523
46,0.172452,0.668471,11513.176758
47,0.162101,0.695045,11762.775391
48,0.184663,0.641678,12012.282227
49,0.235353,0.569339,12261.926758
50,0.262143,0.539312,12511.423828
51,0.273165,0.519820,12760.994141
52,0.268404,0.496800,13010.592773
53,0.247058,0.486829,13260.190430
54,0.209435,0.469754,13509.771484
55,0.148666,0.444189,13759.262695
56,0.087756,0.443385,14008.847656
57,0.045892,0.451858,14258.399414
58,0.014419,0.446556,14507.923828
59,0.951223,0.428528,14757.500000
60,0.873493,0.417625,15007.041992
61,0.817111,0.401151,15256.644531
62,0.779553,0.392569,15506.199219
63,0.757699,0.392324,15755.758789
64,0.735001,0.394515,16005.344727
65,0.715988,0.393389,16254.876953
66,0.700558,0.403954,16504.539062
67,0.670620,0.412207,16754.042969
68,0.635881,0.427417,17003.613281
69,0.611531,0.435384,17253.138672
70,0.573316,0.449864,17502.746094
71,0.526532,0.468846,17752.261719
72,0.505157,0.487664,18001.863281
73,0.501131,0.506748,18251.384766
74,0.504321,0.516165,18501.052734
75,0.513590,0.519366,18750.537109
76,0.538764,0.524368,19000.123047
77,0.573598,0.523706,19266.283203
78,0.599742,0.520796,19515.953125
79,0.625939,0.514046,19765.419922
80,0.650990,0.512233,20015.011719
81,0.679250,0.508330,20264.595703
82,0.703901,0.509301,20514.160156
83,0.730137,0.510068,20763.699219
84,0.753682,0.511220,21013.253906
85,0.774642,0.506076,21262.839844
86,0.780352,0.482314,21512.351562
87,0.758355,0.439599,21761.968750
88,0.742405,0.416928,22011.517578
89,0.738944,0.424208,22261.103516
90,0.734310,0.434621,22510.636719
91,0.722412,0.446664,22760.203125
92,0.708659,0.467216,23009.744141
93,0.699479,0.487633,23259.363281
94,0.698596,0.506141,23508.908203
95,0.698087,0.534938,23758.464844
96,0.695333,0.559247,24008.089844
97,0.698447,0.565732,24257.605469
98,0.702902,0.567977,24507.111328
99,0.708167,0.568681,24756.736328
0,0.750374,0.444536,-0.011265
1,0.750404,0.444918,266.187408
2,0.750418,0.445325,515.764587
3,0.750262,0.446436,765.376709
4,0.749276,0.452486,1014.875305
5,0.750172,0.479176,1264.454834
6,0.757143,0.552076,1514.019409
7,0.767876,0.652040,1763.558228
8,0.775675,0.707978,2013.105225
9,0.777135,0.716926,2262.702393
10,0.776619,0.705798,2512.230469
11,0.775527,0.684131,2761.792725
12,0.793186,0.635298,3011.376953
13,0.842939,0.563309,3260.940674
14,0.864506,0.503045,3510.509033
15,0.858537,0.480595,3760.055176
16,0.855581,0.467538,4009.662842
17,0.851978,0.456728,4259.175781
18,0.828395,0.448124,4508.743652
19,0.769421,0.446452,4758.322266
20,0.725412,0.453615,5007.904785
21,0.682368,0.472646,5257.427246
22,0.624250,0.509557,5507.005371
23,0.582480,0.545166,5756.622070
24,0.571011,0.560341,6006.130859
25,0.572929,0.559317,6255.696777
26,0.579404,0.552138,6505.301270
27,0.593358,0.535517,6754.809570
28,0.613161,0.515387,7004.382324
29,0.645589,0.492246,7253.969238
30,0.667759,0.481073,7503.521484
31,0.682414,0.475064,7753.067871
32,0.696711,0.471152,8002.642090
33,0.709978,0.468493,8252.228516
34,0.720606,0.466394,8501.767578
35,0.728424,0.464946,8751.365234
36,0.734159,0.466374,9000.910156
37,0.742833,0.467336,9250.470703
38,0.758312,0.466106,9500.010742
39,0.780262,0.465182,9766.241211
40,0.806188,0.463600,10015.789062
41,0.833451,0.459411,10265.363281
42,0.860077,0.455375,10514.952148
43,0.893602,0.453677,10764.500000
44,0.930847,0.456788,11014.085938
45,0.969405,0.465705,11263.614258
46,0.005216,0.477376,11513.197266
47,0.037218,0.488238,11762.746094
48,0.064983,0.501450,12012.300781
49,0.070398,0.533115,12261.867188
50,0.051496,0.597950,12511.424805
51,0.054179,0.616227,12760.989258
52,0.063319,0.618234,13010.583008
53,0.080979,0.618355,13260.134766
54,0.104766,0.616859,13509.696289
55,0.135787,0.602756,13759.293945
56,0.172880,0.567429,14008.813477
57,0.212771,0.503566,14258.383789
58,0.207012,0.485396,14507.956055
59,0.190708,0.483628,14757.500977
60,0.165022,0.479534,15007.111328
61,0.145160,0.474162,15256.646484
62,0.133775,0.473514,15506.196289
63,0.122235,0.472565,15755.760742
64,0.099963,0.469224,16005.334961
65,0.073619,0.464286,16254.881836
66,0.057618,0.463282,16504.458984
67,0.039615,0.465019,16754.021484
68,0.028012,0.466692,17003.574219
69,0.042089,0.469530,17253.134766
70,0.073392,0.473924,17502.710938
71,0.105677,0.473631,17752.300781
72,0.149135,0.495382,18001.851562
73,0.159905,0.522587,18251.400391
74,0.178913,0.528142,18500.953125
75,0.207566,0.520307,18750.529297
76,0.239632,0.516279,19000.103516
77,0.266143,0.514830,19266.298828
78,0.288152,0.517242,19515.855469
79,0.322985,0.519457,19765.431641
80,0.353210,0.511743,20014.966797
81,0.378393,0.510884,20264.568359
82,0.387725,0.505177,20514.111328
83,0.355604,0.497362,20763.685547
84,0.317138,0.497182,21013.232422
85,0.296505,0.493865,21262.833984
86,0.276941,0.495475,21512.386719
87,0.249487,0.493801,21761.923828
88,0.229426,0.494702,22011.503906
89,0.212002,0.492231,22261.044922
90,0.195614,0.490038,22510.632812
91,0.183137,0.488369,22760.193359
92,0.178154,0.488202,23009.761719
93,0.181234,0.488212,23259.318359
94,0.194888,0.488371,23508.896484
95,0.195214,0.485807,23758.453125
96,0.186327,0.477633,24008.003906
97,0.181958,0.468446,24257.574219
98,0.182164,0.462094,24507.156250
99,0.179263,0.458041,24756.722656
0,0.749973,0.476540,0.002775
1,0.749699,0.478213,266.258636
2,0.750021,0.491221,515.766907
3,0.762679,0.578155,765.392761
4,0.809356,0.625103,1014.932434
5,0.868320,0.628291,1264.435791
6,0.900850,0.626743,1514.035278
7,0.916622,0.596745,1763.629150
8,0.920231,0.547164,2013.214844
9,0.907290,0.484437,2262.711182
10,0.884866,0.402889,2512.330322
11,0.871464,0.361721,2761.878418
12,0.863883,0.344858,3011.397217
13,0.832214,0.329922,3260.958252
14,0.782217,0.320083,3510.522949
15,0.740651,0.323815,3760.109863
16,0.709417,0.329002,4009.665283
17,0.689403,0.336688,4259.244141
18,0.687050,0.365589,4508.803711
19,0.695215,0.423832,4758.350098
20,0.676651,0.467394,5007.949707
21,0.615077,0.500029,5257.486816
22,0.567601,0.530653,5507.068848
23,0.544535,0.566692,5756.593750
24,0.550446,0.574590,6006.277344
25,0.609463,0.591794,6255.736328
26,0.659263,0.604545,6505.298340
27,0.680892,0.618368,6754.847168
28,0.694799,0.624963,7004.479492
29,0.751738,0.621149,7253.982422
30,0.808721,0.622845,7503.565430
31,0.839136,0.600598,7753.190918
32,0.852254,0.574505,8002.671387
33,0.829839,0.535952,8252.277344
34,0.799130,0.496236,8501.808594
35,0.774258,0.501350,8751.430664
36,0.729462,0.497689,9000.953125
37,0.684338,0.497222,9250.493164
38,0.613265,0.517156,9500.075195
39,0.526678,0.523773,9766.348633
40,0.497567,0.518803,10015.865234
41,0.496606,0.522277,10265.386719
42,0.470923,0.522248,10514.948242
43,0.397641,0.540057,10764.542969
44,0.353234,0.563666,11014.095703
45,0.340599,0.568650,11263.650391
46,0.307073,0.553083,11513.221680
47,0.248754,0.529392,11762.791992
48,0.197228,0.520902,12012.346680
49,0.177301,0.535608,12261.893555
50,0.180439,0.530048,12511.493164
51,0.199018,0.509344,12761.012695
52,0.220475,0.491750,13010.588867
53,0.229661,0.488557,13260.150391
54,0.233798,0.498803,13509.726562
55,0.239287,0.503028,13759.295898
56,0.246064,0.501324,14008.849609
57,0.260512,0.499944,14258.451172
58,0.287778,0.496039,14507.972656
59,0.318148,0.495260,14757.534180
60,0.328939,0.495698,15007.101562
61,0.341194,0.494276,15256.706055
62,0.384918,0.490755,15506.217773
63,0.434837,0.492740,15755.784180
64,0.417363,0.506773,16005.394531
65,0.392813,0.528458,16254.929688
66,0.395727,0.533098,16504.500000
67,0.396706,0.532169,16754.052734
68,0.407988,0.529006,17003.611328
69,0.425125,0.524460,17253.173828
70,0.487188,0.510984,17502.742188
71,0.593942,0.493729,17752.308594
72,0.685462,0.494937,18001.886719
73,0.784234,0.509493,18251.466797
74,0.860498,0.499881,18501.013672
75,0.926807,0.506925,18750.552734
76,0.972981,0.523780,19000.117188
77,0.987691,0.537241,19266.314453
78,0.990466,0.541811,19515.894531
79,0.988410,0.561764,19765.453125
80,0.002160,0.598394,20015.039062
81,0.026177,0.621333,20264.572266
82,0.024747,0.636805,20514.167969
83,0.009382,0.657232,20763.712891
84,0.007772,0.688266,21013.310547
85,0.018234,0.691780,21262.851562
86,0.042142,0.701469,21512.384766
87,0.070657,0.670440,21761.976562
88,0.091637,0.597852,22011.521484
89,0.090295,0.542446,22261.107422
90,0.084966,0.525412,22510.666016
91,0.079379,0.526472,22760.244141
92,0.075326,0.522208,23009.773438
93,0.088025,0.523893,23259.378906
94,0.112859,0.534813,23508.916016
95,0.132433,0.544372,23758.484375
96,0.140397,0.534810,24008.035156
97,0.134187,0.512248,24257.601562
98,0.124280,0.507471,24507.208984
99,0.115602,0.506373,24756.722656
0,0.749898,0.535829,-0.020142
1,0.749969,0.535915,266.134827
2,0.750232,0.537691,515.688538
3,0.770390,0.532554,765.244385
4,0.811641,0.520362,1014.879883
5,0.848659,0.526770,1264.401733
6,0.876448,0.529546,1514.009399
7,0.897783,0.524475,1763.547241
8,0.913126,0.515661,2013.077026
9,0.918422,0.520167,2262.628418
10,0.908279,0.524362,2512.237549
11,0.889501,0.530253,2761.817139
12,0.867534,0.542426,3011.335693
13,0.848087,0.551915,3261.039551
14,0.829286,0.560180,3510.495361
15,0.804670,0.564714,3760.065186
16,0.781798,0.566372,4009.628174
17,0.763203,0.563448,4259.212402
18,0.746133,0.563544,4508.753418
19,0.731444,0.564381,4758.267578
20,0.715030,0.560412,5007.927734
21,0.695661,0.555630,5257.394531
22,0.678101,0.558310,5506.972168
23,0.651693,0.558567,5756.641602
24,0.617093,0.559231,6006.207520
25,0.586739,0.560768,6255.750488
26,0.548408,0.552634,6505.252930
27,0.518297,0.536817,6754.893066
28,0.499876,0.525921,7004.352051
29,0.527179,0.486555,7253.963867
30,0.585079,0.426969,7503.622559
31,0.622403,0.372654,7753.117676
32,0.659497,0.353136,8002.662598
33,0.711302,0.351794,8252.168945
34,0.754191,0.352903,8501.797852
35,0.773183,0.349163,8751.338867
36,0.757686,0.333139,9000.871094
37,0.668559,0.335376,9250.491211
38,0.561603,0.396171,9500.045898
39,0.496930,0.432574,9766.274414
40,0.448518,0.455728,10015.871094
41,0.423907,0.475652,10265.311523
42,0.411860,0.497082,10514.993164
43,0.392054,0.510577,10764.492188
44,0.366638,0.512967,11014.011719
45,0.338176,0.509528,11263.604492
46,0.305230,0.508517,11513.189453
47,0.268088,0.505234,11762.704102
48,0.234266,0.506140,12012.300781
49,0.208362,0.513241,12261.825195
50,0.187059,0.518396,12511.403320
51,0.162902,0.517238,12760.971680
52,0.130991,0.513717,13010.522461
53,0.097150,0.514783,13260.115234
54,0.064669,0.515435,13509.669922
55,0.040998,0.516098,13759.224609
56,0.029377,0.515064,14008.772461
57,0.026179,0.514847,14258.350586
58,0.029172,0.517871,14507.928711
59,0.034208,0.519216,14757.483398
60,0.040904,0.519513,15007.021484
61,0.043838,0.518539,15256.602539
62,0.046300,0.518892,15506.170898
63,0.054621,0.516965,15755.731445
64,0.065008,0.515900,16005.287109
65,0.076587,0.516222,16254.869141
66,0.091893,0.510593,16504.425781
67,0.110160,0.503879,16753.976562
68,0.138969,0.497720,17003.556641
69,0.168666,0.493179,17253.126953
70,0.194399,0.489407,17502.689453
71,0.220925,0.490799,17752.248047
72,0.246801,0.497123,18001.845703
73,0.269543,0.507060,18251.357422
74,0.281988,0.516345,18500.919922
75,0.286447,0.520680,18750.490234
76,0.285771,0.522545,19000.052734
77,0.283253,0.522886,19266.267578
78,0.280243,0.524019,19515.818359
79,0.274761,0.524099,19765.382812
80,0.268896,0.522730,20014.958984
81,0.263830,0.521587,20264.523438
82,0.256481,0.519958,20514.085938
83,0.248089,0.518566,20763.671875
84,0.239041,0.518146,21013.234375
85,0.224967,0.518517,21262.775391
86,0.216707,0.519374,21512.351562
87,0.216000,0.521703,21761.937500
88,0.213187,0.523302,22011.498047
89,0.195135,0.518776,22261.015625
90,0.168034,0.517876,22510.603516
91,0.143143,0.523323,22760.160156
92,0.126288,0.529002,23009.736328
93,0.121709,0.529098,23259.275391
94,0.115381,0.525336,23508.871094
95,0.105870,0.522701,23758.414062
96,0.102252,0.522847,24007.970703
97,0.106863,0.523340,24257.550781
98,0.124687,0.519454,24507.107422
99,0.143086,0.521750,24756.673828
0,0.774765,0.560679,-0.055401
1,0.798149,0.570700,266.140625
2,0.815407,0.548111,515.667969
3,0.820034,0.529011,765.304993
4,0.821932,0.522647,1014.800659
5,0.827683,0.528432,1264.470581
6,0.821070,0.537037,1513.974121
7,0.804064,0.556849,1763.483032
8,0.786567,0.573727,2013.161621
9,0.766500,0.578771,2262.617676
10,0.743167,0.581342,2512.218506
11,0.722822,0.584104,2761.792725
12,0.712948,0.587836,3011.362793
13,0.718066,0.592490,3260.875244
14,0.738385,0.597171,3510.429932
15,0.770180,0.583244,3760.054688
16,0.816907,0.554615,4009.556152
17,0.852408,0.549004,4259.166992
18,0.889391,0.546259,4508.734375
19,0.927260,0.549910,4758.362305
20,0.963605,0.551946,5007.854980
21,0.995996,0.563390,5257.375488
22,0.023152,0.556206,5506.941406
23,0.045759,0.553790,5756.537109
24,0.043022,0.619780,6006.063965
25,0.011545,0.642114,6255.689453
26,0.965429,0.621123,6505.270508
27,0.911449,0.603008,6754.828125
28,0.834351,0.594813,7004.372559
29,0.758603,0.584983,7253.935547
30,0.697748,0.572922,7503.490234
31,0.647694,0.557762,7753.008789
32,0.609104,0.539673,8002.641602
33,0.587876,0.502316,8252.137695
34,0.592980,0.427191,8501.772461
35,0.620825,0.381252,8751.279297
36,0.629495,0.380652,9000.917969
37,0.581205,0.396017,9250.416992
38,0.514672,0.418503,9500.005859
39,0.448849,0.467600,9766.160156
40,0.400605,0.492572,10015.795898
41,0.357941,0.500017,10265.327148
42,0.318571,0.520260,10514.913086
43,0.264242,0.542440,10764.434570
44,0.230325,0.546627,11014.080078
45,0.226461,0.517299,11263.565430
46,0.224750,0.498201,11513.132812
47,0.196139,0.508818,11762.707031
48,0.109681,0.512447,12012.325195
49,0.045585,0.520434,12261.862305
50,0.004109,0.496954,12511.374023
51,0.002983,0.438524,12761.050781
52,0.038796,0.447980,13010.586914
53,0.093606,0.469083,13260.118164
54,0.129048,0.480807,13509.666992
55,0.164959,0.462459,13759.258789
56,0.210464,0.465800,14008.770508
57,0.264249,0.471625,14258.318359
58,0.297879,0.473798,14507.989258
59,0.333435,0.480053,14757.432617
60,0.372756,0.479615,15007.069336
61,0.434602,0.494267,15256.619141
62,0.460590,0.516170,15506.208984
63,0.476076,0.505754,15755.742188
64,0.473869,0.498603,16005.268555
65,0.449143,0.494697,16254.881836
66,0.410752,0.486306,16504.406250
67,0.374118,0.494678,16754.052734
68,0.331564,0.497224,17003.511719
69,0.290524,0.498188,17253.162109
70,0.258973,0.494681,17502.660156
71,0.242421,0.500779,17752.201172
72,0.235955,0.500811,18001.806641
73,0.234314,0.491523,18251.359375
74,0.234183,0.493894,18500.947266
75,0.232947,0.496133,18750.460938
76,0.215362,0.491099,19000.082031
77,0.192918,0.497020,19266.312500
78,0.147588,0.506567,19515.847656
79,0.110767,0.509752,19765.359375
80,0.092204,0.516618,20014.955078
81,0.086392,0.518951,20264.539062
82,0.083007,0.519470,20514.062500
83,0.069747,0.527327,20763.617188
84,0.061367,0.539329,21013.197266
85,0.057418,0.551811,21262.744141
86,0.056021,0.555554,21512.302734
87,0.062861,0.548649,21761.880859
88,0.074113,0.542546,22011.455078
89,0.082256,0.541264,22261.005859
90,0.097999,0.548815,22510.578125
91,0.117410,0.552466,22760.144531
92,0.144951,0.548192,23009.687500
93,0.177611,0.547493,23259.283203
94,0.206481,0.541588,23508.812500
95,0.253190,0.527830,23758.371094
96,0.316284,0.511231,24007.935547
97,0.382183,0.502269,24257.511719
98,0.445197,0.506468,24507.074219
99,0.494225,0.508506,24756.681641
0,0.749729,0.520931,0.006527
1,0.749693,0.521637,266.278198
2,0.750075,0.526391,515.856262
3,0.750764,0.535061,765.346069
4,0.753867,0.555744,1014.956116
5,0.774244,0.576370,1264.467407
6,0.797287,0.585741,1514.055664
7,0.810809,0.586295,1763.640503
8,0.824675,0.583813,2013.252075
9,0.830620,0.579666,2262.824707
10,0.825941,0.547652,2512.299072
11,0.827168,0.511945,2761.905518
12,0.843466,0.496934,3011.453857
13,0.858824,0.484319,3261.017090
14,0.854152,0.476298,3510.571533
15,0.848043,0.474347,3760.143311
16,0.841576,0.473674,4009.704834
17,0.828868,0.466838,4259.244629
18,0.812660,0.462491,4508.910645
19,0.805625,0.465336,4758.410645
20,0.798566,0.469077,5007.972656
21,0.796168,0.475268,5257.525391
22,0.789711,0.479053,5507.110840
23,0.765803,0.481052,5756.647949
24,0.751303,0.473645,6006.207031
25,0.746343,0.469068,6255.749023
26,0.743979,0.465587,6505.314453
27,0.742510,0.461877,6754.931641
28,0.740933,0.461197,7004.486328
29,0.738400,0.462827,7254.079590
30,0.733316,0.463714,7503.600098
31,0.725739,0.463709,7753.124023
32,0.715643,0.461918,8002.766602
33,0.698958,0.463010,8252.286133
34,0.685112,0.464435,8501.867188
35,0.672530,0.466704,8751.382812
36,0.659441,0.473503,9001.017578
37,0.644843,0.481148,9250.503906
38,0.636935,0.489630,9500.070312
39,0.624249,0.501183,9766.286133
40,0.611277,0.507733,10015.866211
41,0.594754,0.506923,10265.469727
42,0.582613,0.503883,10515.004883
43,0.572369,0.505207,10764.543945
44,0.564273,0.508085,11014.181641
45,0.554879,0.508773,11263.658203
46,0.543953,0.510675,11513.238281
47,0.537074,0.511772,11762.848633
48,0.525195,0.512272,12012.375000
49,0.505410,0.513590,12261.985352
50,0.484347,0.513757,12511.500000
51,0.462072,0.513581,12761.085938
52,0.444175,0.514804,13010.610352
53,0.429050,0.518757,13260.168945
54,0.408997,0.526911,13509.818359
55,0.388836,0.528327,13759.410156
56,0.370687,0.530055,14008.866211
57,0.347029,0.530583,14258.434570
58,0.323565,0.531515,14508.069336
59,0.298287,0.535695,14757.601562
60,0.273841,0.540663,15007.132812
61,0.253282,0.543714,15256.706055
62,0.237325,0.544799,15506.346680
63,0.222265,0.542536,15755.842773
64,0.211886,0.542491,16005.383789
65,0.201267,0.546897,16254.988281
66,0.194128,0.546235,16504.554688
67,0.192354,0.545038,16754.076172
68,0.195970,0.546564,17003.689453
69,0.201793,0.541878,17253.287109
70,0.202186,0.529528,17502.787109
71,0.197359,0.499331,17752.355469
72,0.177331,0.498247,18001.992188
73,0.148632,0.518530,18251.537109
74,0.124670,0.532042,18501.031250
75,0.105413,0.543476,18750.576172
76,0.083367,0.548957,19000.242188
77,0.060800,0.548778,19266.408203
78,0.042099,0.552573,19515.937500
79,0.021160,0.571672,19765.498047
80,0.008445,0.603552,20015.039062
81,0.024447,0.696000,20264.607422
82,0.064212,0.800550,20514.197266
83,0.110070,0.851030,20763.816406
84,0.144906,0.875787,21013.394531
85,0.163671,0.883603,21262.943359
86,0.163920,0.885257,21512.421875
87,0.163585,0.886254,21762.027344
88,0.161276,0.872258,22011.578125
89,0.164152,0.805120,22261.115234
90,0.174303,0.690146,22510.681641
91,0.177528,0.621820,22760.279297
92,0.181238,0.586069,23009.837891
93,0.183141,0.559454,23259.398438
94,0.182187,0.543360,23508.988281
95,0.179563,0.543782,23758.539062
96,0.170587,0.543317,24008.058594
97,0.149630,0.530728,24257.683594
98,0.131258,0.523181,24507.277344
99,0.111987,0.517391,24756.789062
0,0.750037,0.511228,0.057408
1,0.749936,0.511664,266.293030
2,0.750305,0.512401,515.912720
3,0.751622,0.515343,765.480835
4,0.748910,0.493829,1014.956604
5,0.739784,0.377187,1264.605347
6,0.736429,0.311812,1514.067261
7,0.737313,0.302670,1763.668213
8,0.730539,0.317531,2013.236084
9,0.685376,0.353456,2262.885986
10,0.645843,0.417397,2512.378906
11,0.597572,0.492482,2761.936035
12,0.543394,0.535044,3011.490234
13,0.500751,0.556470,3261.025635
14,0.472535,0.568716,3510.618896
15,0.446757,0.561205,3760.155518
16,0.415999,0.546662,4009.766846
17,0.391103,0.533243,4259.335449
18,0.359361,0.533145,4508.847656
19,0.331042,0.535700,4758.478516
20,0.308810,0.533876,5008.029297
21,0.289571,0.535343,5257.589355
22,0.265166,0.540371,5507.125977
23,0.237831,0.555221,5756.763184
24,0.215262,0.557491,6006.219238
25,0.199398,0.552754,6255.795898
26,0.180427,0.551020,6505.357910
27,0.163321,0.547939,6754.987305
28,0.145485,0.545267,7004.566406
29,0.139013,0.534137,7254.076172
30,0.147133,0.533369,7503.660645
31,0.182597,0.530524,7753.212891
32,0.247013,0.531161,8002.750488
33,0.267403,0.516921,8252.293945
34,0.289122,0.515469,8501.981445
35,0.319123,0.528036,8751.418945
36,0.338204,0.523710,9000.996094
37,0.346673,0.520128,9250.586914
38,0.354874,0.518674,9500.168945
39,0.354855,0.513492,9766.345703
40,0.356614,0.515832,10015.931641
41,0.341530,0.521004,10265.462891
42,0.308133,0.489066,10515.050781
43,0.274289,0.463870,10764.578125
44,0.245950,0.465594,11014.169922
45,0.227388,0.475510,11263.744141
46,0.222627,0.484964,11513.300781
47,0.219431,0.489820,11762.822266
48,0.210207,0.499671,12012.454102
49,0.192981,0.502882,12261.987305
50,0.147954,0.514474,12511.532227
51,0.049696,0.529479,12761.136719
52,0.007839,0.518637,13010.768555
53,0.993947,0.507223,13260.226562
54,0.996234,0.499821,13509.772461
55,0.008877,0.502872,13759.419922
56,0.995062,0.502159,14009.016602
57,0.986220,0.499802,14258.515625
58,0.987892,0.507599,14508.066406
59,0.992854,0.511024,14757.604492
60,0.997166,0.509611,15007.200195
61,0.988650,0.520480,15256.736328
62,0.909144,0.575588,15506.330078
63,0.869706,0.584349,15755.874023
64,0.830393,0.587357,16005.475586
65,0.782418,0.594497,16254.994141
66,0.771258,0.584856,16504.607422
67,0.798081,0.559027,16754.148438
68,0.813292,0.533845,17003.671875
69,0.825878,0.516210,17253.250000
70,0.836772,0.509166,17502.869141
71,0.847287,0.511754,17752.435547
72,0.858657,0.512632,18001.917969
73,0.873775,0.510946,18251.546875
74,0.891462,0.510716,18501.099609
75,0.910088,0.511519,18750.724609
76,0.931851,0.511182,19000.199219
77,0.962164,0.512424,19266.416016
78,0.990485,0.516193,19515.988281
79,0.017284,0.517557,19765.583984
80,0.037533,0.524366,20015.083984
81,0.060771,0.529639,20264.648438
82,0.083835,0.532393,20514.242188
83,0.092892,0.537585,20763.785156
84,0.086628,0.537177,21013.357422
85,0.084649,0.531842,21262.900391
86,0.099685,0.531909,21512.488281
87,0.115382,0.536781,21762.009766
88,0.132651,0.535563,22011.654297
89,0.154544,0.531149,22261.166016
90,0.178762,0.533048,22510.726562
91,0.200217,0.533489,22760.347656
92,0.216357,0.534088,23009.941406
93,0.222985,0.538836,23259.414062
94,0.222816,0.540632,23508.982422
95,0.221968,0.533853,23758.589844
96,0.223071,0.530485,24008.107422
97,0.232425,0.541285,24257.708984
98,0.251236,0.537525,24507.230469
99,0.269881,0.531399,24756.857422
0,0.750009,0.531451,0.002219
1,0.749817,0.530204,266.201172
2,0.749362,0.530167,515.752563
3,0.747443,0.524735,765.427124
4,0.735271,0.480390,1014.874390
5,0.715868,0.401657,1264.433960
6,0.684497,0.384381,1513.999756
7,0.621552,0.443861,1763.562012
8,0.583053,0.523993,2013.151855
9,0.566062,0.570594,2262.741211
10,0.575505,0.580396,2512.369873
11,0.590626,0.583825,2761.821045
12,0.625392,0.595955,3011.390625
13,0.663412,0.599191,3261.030518
14,0.685293,0.598751,3510.550537
15,0.698578,0.596875,3760.151611
16,0.708839,0.589822,4009.664795
17,0.737975,0.579244,4259.213867
18,0.816171,0.565804,4508.805664
19,0.841239,0.561142,4758.325195
20,0.837128,0.564252,5007.908691
21,0.835138,0.564908,5257.489258
22,0.833219,0.563693,5507.017090
23,0.840419,0.558660,5756.631836
24,0.849435,0.553143,6006.200684
25,0.867931,0.525844,6255.732422
26,0.893107,0.496379,6505.318848
27,0.914519,0.482678,6754.869629
28,0.937445,0.479197,7004.490234
29,0.964091,0.491944,7253.995605
30,0.990954,0.523730,7503.558105
31,0.011140,0.542465,7753.117188
32,0.038314,0.547934,8002.706055
33,0.081249,0.543959,8252.208984
34,0.108706,0.541035,8501.830078
35,0.116109,0.540620,8751.393555
36,0.112372,0.543647,9000.985352
37,0.107096,0.545534,9250.479492
38,0.089072,0.548670,9500.079102
39,0.073832,0.552882,9766.303711
40,0.060756,0.559177,10015.828125
41,0.043284,0.561850,10265.393555
42,0.012548,0.562991,10515.018555
43,0.952074,0.534975,10764.530273
44,0.928904,0.502585,11014.138672
45,0.932023,0.493884,11263.659180
46,0.929677,0.495319,11513.215820
47,0.944783,0.535706,11762.779297
48,0.976963,0.583796,12012.303711
49,0.995541,0.610586,12261.928711
50,0.021567,0.650654,12511.499023
51,0.042103,0.694556,12761.052734
52,0.097238,0.727989,13010.571289
53,0.128818,0.752684,13260.172852
54,0.124554,0.822380,13509.707031
55,0.124017,0.866270,13759.252930
56,0.133183,0.891382,14008.850586
57,0.144865,0.887656,14258.424805
58,0.176445,0.849910,14507.997070
59,0.207976,0.823994,14757.521484
60,0.238986,0.803893,15007.125000
61,0.255015,0.807392,15256.730469
62,0.268682,0.816856,15506.226562
63,0.289144,0.830360,15755.802734
64,0.313562,0.842494,16005.417969
65,0.326949,0.849686,16254.949219
66,0.338836,0.849888,16504.464844
67,0.348536,0.841059,16754.083984
68,0.368136,0.763319,17003.623047
69,0.400497,0.668726,17253.177734
70,0.423582,0.599864,17502.767578
71,0.418842,0.572728,17752.326172
72,0.404337,0.559941,18001.880859
73,0.384763,0.550468,18251.419922
74,0.375902,0.537128,18501.070312
75,0.372720,0.505415,18750.597656
76,0.372913,0.506393,19000.220703
77,0.379223,0.513015,19266.316406
78,0.404334,0.522171,19515.914062
79,0.417824,0.533424,19765.476562
80,0.429614,0.538513,20015.044922
81,0.428272,0.543898,20264.566406
82,0.423564,0.544529,20514.158203
83,0.378752,0.547269,20763.697266
84,0.338634,0.547093,21013.244141
85,0.306497,0.547697,21262.896484
86,0.282494,0.546857,21512.470703
87,0.267739,0.547677,21761.990234
88,0.250484,0.546156,22011.503906
89,0.207887,0.545611,22261.179688
90,0.147526,0.539427,22510.703125
91,0.114030,0.533240,22760.230469
92,0.106695,0.535590,23009.757812
93,0.106445,0.536083,23259.402344
94,0.106418,0.536442,23508.906250
95,0.106429,0.537794,23758.466797
96,0.106481,0.538666,24008.078125
97,0.107207,0.539520,24257.628906
98,0.107506,0.540424,24507.181641
99,0.106774,0.540611,24756.740234
0,0.749951,0.446959,-0.009641
1,0.750099,0.447109,266.197540
2,0.751576,0.451335,515.821655
3,0.768150,0.476855,765.341675
4,0.807858,0.525100,1014.891602
5,0.836984,0.570221,1264.460815
6,0.862509,0.560669,1514.003418
7,0.880346,0.535300,1763.532837
8,0.904404,0.509886,2013.188599
9,0.922107,0.499800,2262.720459
10,0.919389,0.493556,2512.285889
11,0.876697,0.464312,2761.825684
12,0.851455,0.407476,3011.378906
13,0.828376,0.356479,3260.978760
14,0.816885,0.344597,3510.465088
15,0.812691,0.356929,3760.100098
16,0.806615,0.393503,4009.644531
17,0.781461,0.421875,4259.226074
18,0.753183,0.417672,4508.776855
19,0.722374,0.427652,4758.309570
20,0.695633,0.473094,5007.892090
21,0.662962,0.520151,5257.412598
22,0.623209,0.549028,5507.027344
23,0.598139,0.552621,5756.559082
24,0.554044,0.546676,6006.182617
25,0.514743,0.553706,6255.709961
26,0.494245,0.557219,6505.327637
27,0.473067,0.550733,6754.838867
28,0.442441,0.545279,7004.364746
29,0.408081,0.546968,7254.021484
30,0.380494,0.545543,7503.563965
31,0.353879,0.544183,7753.119141
32,0.336995,0.542638,8002.629883
33,0.316568,0.539852,8252.227539
34,0.294631,0.542210,8501.793945
35,0.270686,0.544912,8751.332031
36,0.249392,0.549030,9000.973633
37,0.231309,0.558604,9250.487305
38,0.223341,0.586353,9500.063477
39,0.231057,0.636980,9766.274414
40,0.206051,0.666448,10015.762695
41,0.168295,0.658020,10265.440430
42,0.157957,0.621038,10514.896484
43,0.160907,0.545993,10764.484375
44,0.150156,0.513859,11014.083984
45,0.153491,0.519371,11263.624023
46,0.169277,0.524871,11513.195312
47,0.178455,0.520779,11762.824219
48,0.190913,0.517192,12012.390625
49,0.211821,0.515283,12261.881836
50,0.229161,0.513975,12511.396484
51,0.244194,0.516742,12760.981445
52,0.257041,0.519934,13010.648438
53,0.271390,0.520595,13260.093750
54,0.280548,0.519530,13509.676758
55,0.288681,0.523234,13759.289062
56,0.299094,0.520298,14008.875977
57,0.306015,0.518842,14258.360352
58,0.307093,0.521162,14507.943359
59,0.298071,0.519436,14757.546875
60,0.283117,0.517380,15007.088867
61,0.262038,0.517728,15256.626953
62,0.237781,0.520320,15506.165039
63,0.216182,0.523827,15755.842773
64,0.199429,0.526146,16005.352539
65,0.182281,0.522315,16254.899414
66,0.168515,0.520219,16504.509766
67,0.151475,0.518443,16754.007812
68,0.136512,0.519272,17003.552734
69,0.116239,0.521945,17253.169922
70,0.085952,0.521539,17502.796875
71,0.075854,0.524532,17752.267578
72,0.074862,0.507770,18001.876953
73,0.083399,0.475449,18251.435547
74,0.098696,0.461527,18500.968750
75,0.104796,0.457500,18750.527344
76,0.101606,0.469132,19000.125000
77,0.092760,0.477527,19266.283203
78,0.090960,0.475968,19515.951172
79,0.094658,0.472504,19765.404297
80,0.095970,0.468924,20015.091797
81,0.090301,0.466386,20264.619141
82,0.088206,0.470455,20514.125000
83,0.092021,0.473370,20763.685547
84,0.099689,0.472325,21013.224609
85,0.103813,0.472619,21262.876953
86,0.106111,0.472685,21512.353516
87,0.106648,0.472679,21762.009766
88,0.106606,0.472729,22011.593750
89,0.106328,0.472527,22261.085938
90,0.106281,0.472632,22510.609375
91,0.106425,0.472764,22760.287109
92,0.106556,0.472676,23009.742188
93,0.106663,0.472345,23259.359375
94,0.106736,0.471984,23508.904297
95,0.106729,0.471684,23758.492188
96,0.106931,0.471699,24008.041016
97,0.106500,0.471133,24257.542969
98,0.106151,0.470915,24507.164062
99,0.105860,0.471032,24756.773438
0,0.762466,0.550015,-0.005498
1,0.779941,0.549132,266.179382
2,0.799693,0.551654,515.815796
3,0.815329,0.559272,765.290100
4,0.819331,0.566104,1014.906006
5,0.811007,0.584842,1264.524292
6,0.786185,0.609937,1514.044312
7,0.754542,0.636165,1763.594482
8,0.718905,0.658251,2013.119507
9,0.678703,0.670996,2262.813477
10,0.625012,0.660803,2512.237793
11,0.564175,0.615294,2761.849365
12,0.531857,0.568583,3011.405029
13,0.514582,0.544001,3260.997803
14,0.518209,0.516988,3510.622314
15,0.538530,0.465593,3760.074463
16,0.566538,0.384059,4009.693115
17,0.590450,0.318434,4259.199707
18,0.609166,0.284059,4508.798828
19,0.646818,0.271467,4758.398926
20,0.698828,0.267157,5007.937500
21,0.743773,0.265237,5257.511230
22,0.771359,0.262567,5507.038574
23,0.796732,0.259142,5756.609375
24,0.831809,0.261699,6006.217285
25,0.877105,0.270461,6255.736328
26,0.928723,0.289936,6505.337891
27,0.974373,0.323411,6754.939453
28,0.004159,0.382426,7004.394043
29,0.018140,0.452545,7253.952148
30,0.020527,0.521265,7503.590332
31,0.008508,0.564226,7753.140137
32,0.982892,0.564860,8002.705078
33,0.954007,0.562806,8252.307617
34,0.930435,0.559377,8501.823242
35,0.924565,0.551266,8751.355469
36,0.903884,0.549892,9000.929688
37,0.850233,0.543721,9250.499023
38,0.782616,0.534359,9500.112305
39,0.725038,0.530659,9766.289062
40,0.664444,0.532367,10015.836914
41,0.611964,0.538563,10265.464844
42,0.599999,0.548435,10514.986328
43,0.629358,0.558599,10764.578125
44,0.680153,0.566233,11014.076172
45,0.746487,0.580926,11263.624023
46,0.843967,0.595987,11513.220703
47,0.926564,0.579590,11762.753906
48,0.992783,0.562767,12012.407227
49,0.042896,0.558810,12261.979492
50,0.083340,0.551281,12511.481445
51,0.124461,0.537068,12761.016602
52,0.156267,0.522873,13010.635742
53,0.163942,0.449248,13260.194336
54,0.158143,0.363279,13526.387695
55,0.146548,0.317493,13759.299805
56,0.140000,0.276108,14008.821289
57,0.156704,0.247079,14258.426758
58,0.227987,0.230765,14507.953125
59,0.321845,0.265878,14757.549805
60,0.370783,0.327480,15007.157227
61,0.392735,0.391502,15256.657227
62,0.395372,0.455137,15506.210938
63,0.387032,0.501144,15755.834961
64,0.378831,0.512718,16005.367188
65,0.370836,0.514626,16254.901367
66,0.343508,0.532374,16504.519531
67,0.292038,0.619431,16754.052734
68,0.242720,0.739048,17003.701172
69,0.194320,0.786103,17253.169922
70,0.159742,0.833724,17502.830078
71,0.222744,0.876410,17752.380859
72,0.348580,0.825949,18001.841797
73,0.409493,0.782739,18251.453125
74,0.434360,0.784841,18500.964844
75,0.440058,0.756201,18750.580078
76,0.437538,0.655661,19000.091797
77,0.420420,0.599760,19266.333984
78,0.396399,0.576240,19515.972656
79,0.354412,0.561520,19765.480469
80,0.308910,0.554905,20014.986328
81,0.259337,0.553320,20264.671875
82,0.201643,0.541388,20514.134766
83,0.166727,0.534335,20763.708984
84,0.131975,0.527496,21013.251953
85,0.071295,0.536809,21262.902344
86,0.011187,0.549787,21512.443359
87,0.970742,0.547514,21761.937500
88,0.974957,0.519242,22011.591797
89,0.995618,0.447941,22261.103516
90,0.020107,0.381906,22510.712891
91,0.043806,0.320007,22760.185547
92,0.078455,0.280232,23009.806641
93,0.168006,0.284077,23259.382812
94,0.248228,0.320325,23508.921875
95,0.287137,0.356132,23758.478516
96,0.315641,0.396680,24008.001953
97,0.331535,0.470131,24257.621094
98,0.343236,0.516470,24507.136719
99,0.356423,0.531925,24756.789062
0,0.749952,0.491423,-0.000407
1,0.749981,0.491422,266.239014
2,0.750027,0.491219,515.811829
3,0.751646,0.478154,765.328308
4,0.761318,0.423883,1014.879395
5,0.782604,0.352094,1264.535156
6,0.820120,0.319301,1514.010620
7,0.875999,0.312336,1763.565308
8,0.924579,0.325633,2013.153320
9,0.965876,0.375394,2262.741455
10,0.986668,0.424691,2512.285889
11,0.998571,0.464821,2761.883301
12,0.006365,0.484173,3011.475586
13,0.005759,0.500615,3260.959717
14,0.983986,0.543609,3510.538086
15,0.958540,0.585321,3760.093262
16,0.952263,0.602776,4009.684082
17,0.961516,0.607512,4259.220703
18,0.974368,0.599437,4508.857910
19,0.040827,0.544069,4758.373535
20,0.108212,0.492867,5007.916504
21,0.139562,0.477206,5257.503906
22,0.135816,0.477526,5507.039062
23,0.062619,0.503101,5756.628906
24,0.916285,0.547849,6006.158691
25,0.826681,0.556649,6255.754883
26,0.773644,0.543025,6505.322754
27,0.725714,0.521196,6754.947266
28,0.684115,0.523105,7004.408203
29,0.647021,0.534421,7254.071289
30,0.609419,0.542170,7503.567383
31,0.570517,0.540132,7753.115234
32,0.536227,0.531842,8002.719238
33,0.512472,0.531264,8252.236328
34,0.506052,0.531522,8501.846680
35,0.518820,0.528582,8751.354492
36,0.563063,0.528857,9000.972656
37,0.639560,0.526346,9250.537109
38,0.727183,0.511431,9500.083984
39,0.791923,0.486370,9766.251953
40,0.850102,0.467149,10015.839844
41,0.911507,0.471215,10265.403320
42,0.978795,0.488208,10515.073242
43,0.034138,0.499492,10764.548828
44,0.079711,0.490633,11014.163086
45,0.123147,0.492115,11263.658203
46,0.162083,0.489969,11513.225586
47,0.199532,0.481869,11762.771484
48,0.227432,0.477361,12012.336914
49,0.249491,0.467480,12261.917969
50,0.258427,0.456892,12511.473633
51,0.269164,0.459168,12761.035156
52,0.273346,0.454618,13010.586914
53,0.272076,0.450129,13260.160156
54,0.267042,0.457550,13509.749023
55,0.261715,0.494024,13759.289062
56,0.256331,0.551681,14008.876953
57,0.253840,0.552879,14258.412109
58,0.252401,0.525218,14507.982422
59,0.255527,0.481182,14757.554688
60,0.258650,0.461701,15007.114258
61,0.257034,0.450065,15256.676758
62,0.252380,0.441659,15506.251953
63,0.252354,0.437553,15755.791992
64,0.252389,0.433619,16005.358398
65,0.249012,0.431976,16254.914062
66,0.247223,0.430115,16504.478516
67,0.247402,0.431452,16754.074219
68,0.246686,0.432201,17003.623047
69,0.246096,0.433929,17253.218750
70,0.245690,0.434785,17502.748047
71,0.246123,0.434798,17752.314453
72,0.245848,0.435337,18001.859375
73,0.245709,0.435530,18251.476562
74,0.245842,0.436119,18500.986328
75,0.245804,0.436743,18750.556641
76,0.245738,0.436973,19000.134766
77,0.245526,0.437943,19266.322266
78,0.245215,0.438914,19515.888672
79,0.245102,0.439472,19765.460938
80,0.244912,0.439904,20015.078125
81,0.244668,0.440310,20264.628906
82,0.244317,0.440756,20514.160156
83,0.244310,0.441074,20763.740234
84,0.243800,0.442278,21013.283203
85,0.241277,0.446572,21262.830078
86,0.233916,0.455499,21512.402344
87,0.232170,0.451042,21761.982422
88,0.234268,0.453699,22011.564453
89,0.234390,0.452596,22261.089844
90,0.233987,0.452577,22510.667969
91,0.235889,0.451543,22760.226562
92,0.240286,0.449093,23009.798828
93,0.238974,0.450000,23259.351562
94,0.239774,0.448364,23508.912109
95,0.239370,0.444906,23758.474609
96,0.239328,0.444838,24008.052734
97,0.240792,0.445297,24257.630859
98,0.242476,0.440480,24507.197266
99,0.244625,0.439409,24756.742188
0,0.749071,0.588209,0.097668
1,0.749587,0.586738,266.245300
2,0.752026,0.581927,515.878235
3,0.759096,0.524545,765.495605
4,0.775309,0.416723,1014.978943
5,0.791450,0.369445,1264.569092
6,0.810454,0.367568,1514.093506
7,0.829126,0.423907,1763.657227
8,0.852793,0.503428,2013.216797
9,0.879087,0.544582,2262.770752
10,0.923290,0.573418,2512.372314
11,0.974661,0.590662,2761.897217
12,0.999584,0.601969,3011.483643
13,0.011518,0.607978,3261.068115
14,0.997865,0.606228,3510.635254
15,0.960397,0.583389,3760.185303
16,0.933217,0.567753,4009.736572
17,0.923518,0.572797,4259.367676
18,0.929593,0.587166,4508.838379
19,0.931136,0.588152,4758.413574
20,0.904410,0.589225,5007.990234
21,0.818925,0.572107,5257.575195
22,0.769083,0.537919,5507.135254
23,0.738713,0.454944,5756.682617
24,0.708652,0.408892,6006.256348
25,0.646216,0.415743,6255.794922
26,0.576459,0.532198,6505.385254
27,0.506976,0.568058,6754.944336
28,0.448621,0.567730,7004.515137
29,0.406447,0.562928,7254.063477
30,0.373453,0.567167,7503.648438
31,0.345359,0.571629,7753.183594
32,0.294522,0.573039,8002.748535
33,0.261260,0.569981,8252.322266
34,0.258533,0.555194,8501.913086
35,0.268075,0.543310,8751.429688
36,0.311037,0.574002,9000.993164
37,0.387403,0.668695,9250.598633
38,0.516358,0.713693,9500.135742
39,0.613029,0.714672,9766.322266
40,0.636176,0.660445,10015.918945
41,0.637899,0.604632,10265.498047
42,0.639721,0.595378,10515.040039
43,0.620410,0.571370,10764.583984
44,0.553037,0.522638,11014.155273
45,0.461537,0.499147,11263.733398
46,0.324870,0.515377,11513.275391
47,0.229047,0.528146,11762.862305
48,0.196259,0.531666,12012.395508
49,0.146919,0.543713,12261.972656
50,0.109355,0.538766,12511.586914
51,0.108433,0.529843,12761.114258
52,0.121041,0.527319,13010.668945
53,0.129424,0.523103,13260.217773
54,0.159190,0.524685,13509.784180
55,0.233012,0.520705,13759.347656
56,0.261213,0.503892,14008.932617
57,0.261482,0.498380,14258.518555
58,0.252740,0.503233,14508.032227
59,0.251973,0.521451,14757.625977
60,0.254240,0.524696,15007.191406
61,0.258137,0.540810,15256.742188
62,0.262916,0.549472,15506.291016
63,0.261973,0.556557,15755.881836
64,0.264066,0.556594,16005.434570
65,0.264730,0.553858,16254.975586
66,0.264694,0.552208,16504.556641
67,0.264693,0.553237,16754.121094
68,0.264754,0.553616,17003.693359
69,0.264708,0.554145,17253.240234
70,0.264482,0.555551,17502.804688
71,0.264806,0.556708,17752.371094
72,0.264891,0.556429,18002.003906
73,0.264897,0.556446,18251.494141
74,0.264954,0.557841,18501.087891
75,0.264924,0.558319,18750.640625
76,0.264894,0.558300,19000.224609
77,0.264693,0.558524,19266.414062
78,0.264586,0.558322,19516.001953
79,0.264469,0.559045,19765.523438
80,0.264568,0.559810,20015.093750
81,0.264488,0.559755,20264.654297
82,0.264274,0.560201,20514.238281
83,0.264234,0.560261,20763.783203
84,0.264106,0.560120,21013.390625
85,0.263957,0.560106,21262.914062
86,0.263864,0.559512,21512.488281
87,0.263769,0.559514,21762.050781
88,0.263791,0.559682,22011.601562
89,0.263814,0.559559,22261.183594
90,0.263788,0.559912,22510.726562
91,0.263751,0.560004,22760.292969
92,0.263733,0.559831,23009.839844
93,0.263818,0.560043,23259.447266
94,0.263883,0.560274,23508.992188
95,0.263699,0.560369,23758.556641
96,0.263715,0.560661,24008.097656
97,0.263547,0.560644,24257.720703
98,0.263348,0.560342,24507.240234
99,0.263425,0.560442,24756.791016
0,0.750952,0.533171,0.013940
1,0.752606,0.532522,266.228149
2,0.752925,0.532475,515.822937
3,0.753009,0.523392,765.368774
4,0.750010,0.469857,1014.901672
5,0.748406,0.412624,1264.500610
6,0.748133,0.390600,1514.057495
7,0.774940,0.343849,1763.608032
8,0.793022,0.255188,2013.173218
9,0.800573,0.208344,2262.745117
10,0.810028,0.184736,2512.268066
11,0.833592,0.166414,2761.834229
12,0.850102,0.162719,3011.434082
13,0.857443,0.176449,3261.024902
14,0.857314,0.235535,3510.565674
15,0.864650,0.325260,3760.183594
16,0.885521,0.434097,4009.739258
17,0.914677,0.499230,4259.312988
18,0.938951,0.527210,4508.823242
19,0.956026,0.539415,4758.368652
20,0.960248,0.543020,5007.930176
21,0.960789,0.543632,5257.491211
22,0.959089,0.547187,5507.133301
23,0.942268,0.550548,5756.682617
24,0.916624,0.553276,6006.238281
25,0.874861,0.555929,6255.731445
26,0.830430,0.599247,6505.356934
27,0.859027,0.712385,6754.870605
28,0.879609,0.753068,7004.439941
29,0.854570,0.789849,7254.034180
30,0.793355,0.846098,7503.562012
31,0.720550,0.881328,7753.217285
32,0.647605,0.893862,8002.685547
33,0.566808,0.888692,8252.338867
34,0.511840,0.862658,8501.801758
35,0.482960,0.848833,8751.486328
36,0.449273,0.837876,9001.011719
37,0.424891,0.827685,9250.565430
38,0.402509,0.815123,9500.113281
39,0.374954,0.793060,9766.308594
40,0.344214,0.760256,10015.865234
41,0.311465,0.743171,10265.448242
42,0.327749,0.772211,10514.982422
43,0.381141,0.790527,10764.528320
44,0.429949,0.784859,11014.126953
45,0.435370,0.780388,11263.691406
46,0.426657,0.768887,11513.250000
47,0.416492,0.748823,11762.801758
48,0.404650,0.738025,12012.422852
49,0.380254,0.731566,12261.972656
50,0.330717,0.694462,12511.575195
51,0.294033,0.676258,12761.054688
52,0.262522,0.688167,13010.720703
53,0.232296,0.708783,13260.198242
54,0.212254,0.719568,13509.732422
55,0.208276,0.727541,13759.367188
56,0.211460,0.731495,14008.906250
57,0.216542,0.719406,14258.461914
58,0.222468,0.698607,14508.014648
59,0.230852,0.671442,14757.598633
60,0.230936,0.637811,15007.146484
61,0.227587,0.604724,15256.716797
62,0.219606,0.565391,15506.326172
63,0.218624,0.540968,15755.799805
64,0.218278,0.528704,16005.443359
65,0.212455,0.520832,16254.940430
66,0.205198,0.514415,16504.548828
67,0.183811,0.511613,16754.080078
68,0.139110,0.504424,17003.634766
69,0.097068,0.506602,17253.226562
70,0.078422,0.510871,17502.867188
71,0.072810,0.517449,17752.376953
72,0.070231,0.528640,18001.869141
73,0.080767,0.528163,18251.474609
74,0.122405,0.512734,18501.001953
75,0.172765,0.502140,18750.580078
76,0.204951,0.497418,19000.187500
77,0.234484,0.496258,19266.361328
78,0.263714,0.499216,19515.972656
79,0.292073,0.499319,19765.529297
80,0.319227,0.499022,20015.037109
81,0.334564,0.502382,20264.693359
82,0.334399,0.501491,20514.166016
83,0.338042,0.503194,20763.718750
84,0.341200,0.505525,21013.333984
85,0.341742,0.506600,21262.857422
86,0.341426,0.506991,21512.498047
87,0.340754,0.507626,21762.019531
88,0.333689,0.508420,22011.634766
89,0.321736,0.508923,22261.150391
90,0.293133,0.514193,22510.701172
91,0.241805,0.528373,22760.294922
92,0.184821,0.534419,23009.851562
93,0.149238,0.536633,23259.390625
94,0.135948,0.538423,23508.949219
95,0.123697,0.538505,23758.529297
96,0.091370,0.539346,24008.095703
97,0.067185,0.544766,24257.636719
98,0.055439,0.544177,24507.253906
99,0.058818,0.545260,24756.746094
0,0.747079,0.607984,0.029303
1,0.743515,0.608599,266.248505
2,0.742557,0.604117,515.769714
3,0.750365,0.573029,765.340698
4,0.776474,0.536369,1014.906799
5,0.798109,0.507342,1264.427124
6,0.818331,0.475731,1514.072021
7,0.833622,0.460822,1763.573608
8,0.843953,0.465860,2013.173950
9,0.848358,0.471129,2262.697754
10,0.842706,0.475803,2512.393799
11,0.834924,0.482526,2761.866699
12,0.824259,0.491574,3011.398926
13,0.810051,0.501194,3261.065674
14,0.796579,0.512264,3510.510498
15,0.778616,0.515948,3760.120361
16,0.756407,0.513246,4009.660156
17,0.738784,0.510185,4259.325195
18,0.724481,0.500836,4508.803711
19,0.708133,0.465961,4758.360840
20,0.690241,0.443627,5008.032227
21,0.671268,0.439739,5257.525391
22,0.649397,0.429965,5507.088379
23,0.640676,0.416759,5756.650391
24,0.625055,0.430235,6006.238281
25,0.601888,0.458330,6255.720215
26,0.577080,0.460490,6505.282715
27,0.520459,0.460078,6754.869629
28,0.490815,0.471187,7004.528809
29,0.473318,0.484089,7254.028320
30,0.451294,0.492449,7503.593262
31,0.423156,0.491380,7753.164551
32,0.403579,0.494784,8002.690918
33,0.381694,0.499685,8252.244141
34,0.367971,0.502322,8501.795898
35,0.357290,0.499182,8751.416016
36,0.340014,0.496109,9000.983398
37,0.315848,0.497143,9250.500977
38,0.292867,0.494382,9500.113281
39,0.267845,0.487231,9766.319336
40,0.254272,0.490713,10015.824219
41,0.253710,0.498254,10265.372070
42,0.253282,0.512467,10514.947266
43,0.258803,0.526969,10764.602539
44,0.268638,0.538854,11014.096680
45,0.291810,0.585169,11263.685547
46,0.334306,0.620286,11513.214844
47,0.383326,0.631983,11762.795898
48,0.422530,0.637791,12012.361328
49,0.438044,0.662784,12261.910156
50,0.439101,0.714751,12511.512695
51,0.423347,0.748544,12761.031250
52,0.426925,0.766617,13010.570312
53,0.461507,0.780023,13260.254883
54,0.512244,0.784882,13509.755859
55,0.559939,0.765042,13759.270508
56,0.590394,0.718261,14008.973633
57,0.596399,0.652921,14258.492188
58,0.609516,0.625098,14508.043945
59,0.614385,0.601679,14757.524414
60,0.604059,0.596837,15007.130859
61,0.575143,0.605354,15256.719727
62,0.547684,0.582098,15506.211914
63,0.527206,0.560256,15755.810547
64,0.507991,0.544561,16005.445312
65,0.497544,0.535312,16254.950195
66,0.489482,0.526324,16504.472656
67,0.499841,0.503689,16754.119141
68,0.538202,0.486630,17003.634766
69,0.577302,0.481928,17253.195312
70,0.609649,0.488080,17502.783203
71,0.644693,0.487644,17752.361328
72,0.676199,0.485395,18001.900391
73,0.702284,0.487713,18251.419922
74,0.728975,0.485631,18501.039062
75,0.757607,0.488005,18750.626953
76,0.786088,0.492007,19000.191406
77,0.807254,0.491726,19266.328125
78,0.816015,0.491810,19515.925781
79,0.829520,0.488156,19765.500000
80,0.836018,0.489044,20015.015625
81,0.832654,0.493719,20264.562500
82,0.852081,0.495329,20514.177734
83,0.866067,0.498712,20763.812500
84,0.879497,0.487264,21013.304688
85,0.893811,0.481160,21262.873047
86,0.913682,0.480453,21512.390625
87,0.939232,0.497912,21761.972656
88,0.968105,0.506621,22011.513672
89,0.987961,0.512034,22261.150391
90,0.996300,0.515191,22510.708984
91,0.000767,0.510168,22760.324219
92,0.007518,0.508421,23009.820312
93,0.011595,0.508840,23259.408203
94,0.017095,0.509977,23508.947266
95,0.028626,0.503490,23758.455078
96,0.061474,0.475925,24008.085938
97,0.082484,0.467733,24257.580078
98,0.098731,0.474353,24507.240234
99,0.111399,0.482351,24756.716797
0,0.762692,0.509417,0.029935
1,0.780202,0.510394,266.200165
2,0.797610,0.531362,515.817261
3,0.798186,0.559238,765.360718
4,0.790172,0.629105,1014.936707
5,0.791737,0.700960,1264.554688
6,0.816024,0.748096,1514.068481
7,0.851243,0.759395,1763.630737
8,0.894674,0.760366,2013.177734
9,0.930513,0.733638,2262.748779
10,0.954862,0.672864,2512.271729
11,0.963687,0.593760,2761.857178
12,0.970852,0.555601,3011.411865
13,0.980442,0.539678,3260.985352
14,0.991748,0.520917,3510.528320
15,0.996204,0.467434,3760.123779
16,0.008755,0.435765,4009.682373
17,0.020332,0.397079,4259.320801
18,0.023823,0.372504,4508.844238
19,0.031451,0.395031,4758.373047
20,0.053375,0.455590,5007.928223
21,0.060516,0.495818,5257.559082
22,0.050325,0.504876,5507.087402
23,0.024413,0.506480,5756.620605
24,0.978574,0.478290,6006.216797
25,0.934858,0.451818,6255.785645
26,0.890402,0.430202,6505.431152
27,0.834625,0.414734,6754.852539
28,0.790636,0.401319,7004.442871
29,0.762196,0.400115,7254.064453
30,0.731339,0.448616,7503.564453
31,0.703852,0.496890,7753.154297
32,0.670747,0.507814,8002.747070
33,0.642174,0.500639,8252.290039
34,0.611883,0.493724,8501.805664
35,0.580278,0.492276,8751.435547
36,0.548778,0.479870,9000.989258
37,0.511063,0.474260,9250.510742
38,0.467571,0.468382,9500.102539
39,0.423042,0.482997,9766.345703
40,0.385610,0.502123,10015.873047
41,0.355827,0.512755,10265.453125
42,0.329412,0.516454,10514.964844
43,0.314378,0.503197,10764.583984
44,0.308264,0.502034,11014.150391
45,0.309235,0.520537,11263.655273
46,0.322547,0.560836,11513.255859
47,0.336351,0.620611,11762.830078
48,0.342629,0.663599,12012.380859
49,0.368249,0.701993,12261.930664
50,0.396611,0.717094,12511.582031
51,0.395510,0.639438,12761.110352
52,0.377196,0.461133,13010.631836
53,0.378434,0.346168,13260.225586
54,0.393892,0.290757,13509.727539
55,0.427237,0.297254,13759.335938
56,0.467523,0.335353,14008.862305
57,0.493790,0.386380,14258.483398
58,0.512837,0.436156,14507.991211
59,0.542327,0.460377,14757.557617
60,0.590810,0.478103,15007.125000
61,0.634202,0.495216,15256.672852
62,0.671315,0.506805,15506.250977
63,0.711551,0.507223,15755.810547
64,0.743419,0.485134,16005.367188
65,0.767428,0.462207,16254.931641
66,0.794241,0.451409,16504.509766
67,0.835360,0.451004,16754.072266
68,0.886572,0.452944,17003.658203
69,0.932011,0.466244,17253.199219
70,0.962008,0.479167,17502.765625
71,0.996409,0.490043,17752.328125
72,0.029554,0.497658,18001.882812
73,0.058271,0.495642,18251.453125
74,0.085858,0.494930,18501.001953
75,0.111601,0.496255,18750.578125
76,0.133808,0.499475,19000.148438
77,0.155186,0.504548,19266.345703
78,0.170926,0.496258,19515.910156
79,0.190987,0.495699,19765.486328
80,0.210687,0.500044,20015.035156
81,0.222857,0.502747,20264.611328
82,0.232595,0.502019,20514.162109
83,0.243885,0.503771,20763.751953
84,0.256439,0.508893,21013.291016
85,0.269290,0.511392,21262.873047
86,0.285785,0.511957,21512.445312
87,0.292266,0.510584,21761.996094
88,0.291242,0.506022,22011.556641
89,0.287696,0.508670,22261.140625
90,0.281789,0.512822,22510.707031
91,0.277652,0.516177,22760.263672
92,0.273733,0.515325,23009.796875
93,0.268456,0.510771,23259.363281
94,0.258940,0.504244,23508.943359
95,0.250793,0.503654,23758.507812
96,0.242565,0.506171,24008.064453
97,0.231987,0.507242,24257.605469
98,0.221537,0.509949,24507.195312
99,0.217960,0.518547,24756.748047
0,0.749784,0.525769,0.004155
1,0.749872,0.526370,266.232727
2,0.749835,0.526501,515.770325
3,0.750093,0.519213,765.324341
4,0.742595,0.467255,1014.879578
5,0.712261,0.396809,1264.472656
6,0.665018,0.380537,1514.013428
7,0.591361,0.435594,1763.531738
8,0.548892,0.476797,2013.119751
9,0.504326,0.492629,2262.726074
10,0.494893,0.501449,2512.235596
11,0.489399,0.517325,2761.832520
12,0.512620,0.545704,3011.354980
13,0.601351,0.577148,3260.951660
14,0.676899,0.572335,3510.477295
15,0.729923,0.542449,3760.076172
16,0.788450,0.493047,4009.654297
17,0.851450,0.449238,4259.205566
18,0.881226,0.437255,4508.721680
19,0.903376,0.443461,4758.366211
20,0.902133,0.466685,5007.915039
21,0.888801,0.478869,5257.435059
22,0.907684,0.487412,5507.065430
23,0.944658,0.484245,5756.592773
24,0.962557,0.477403,6006.168457
25,0.988816,0.476161,6255.730469
26,0.011218,0.473807,6505.331055
27,0.035538,0.473443,6754.815918
28,0.061607,0.476278,7004.367676
29,0.090355,0.481240,7254.032227
30,0.132336,0.491846,7503.544922
31,0.182096,0.506429,7753.157227
32,0.210444,0.528169,8002.626465
33,0.209018,0.587743,8252.241211
34,0.158480,0.696617,8501.757812
35,0.104516,0.772058,8751.344727
36,0.085540,0.828752,9000.904297
37,0.105428,0.885975,9250.552734
38,0.180958,0.885138,9500.091797
39,0.057340,0.862780,9766.262695
40,0.960579,0.758310,10015.767578
41,0.954001,0.731363,10265.427734
42,0.934602,0.739907,10514.948242
43,0.890032,0.865652,10764.508789
44,0.807863,0.926879,11014.070312
45,0.696681,0.931632,11263.683594
46,0.590811,0.962823,11513.247070
47,0.330405,0.847396,11762.719727
48,0.323669,0.745648,12012.350586
49,0.324781,0.657624,12261.862305
50,0.328070,0.595934,12511.428711
51,0.354791,0.539632,12761.021484
52,0.370971,0.505493,13010.561523
53,0.378424,0.503918,13260.135742
54,0.370912,0.505801,13509.666992
55,0.345187,0.469879,13759.323242
56,0.324617,0.465543,14008.805664
57,0.319529,0.485074,14258.394531
58,0.325277,0.493830,14507.944336
59,0.329913,0.492744,14757.513672
60,0.333509,0.492388,15007.059570
61,0.335370,0.495514,15256.622070
62,0.335909,0.498624,15506.210938
63,0.335400,0.502936,15755.839844
64,0.331541,0.504664,16005.393555
65,0.324230,0.505586,16254.912109
66,0.315831,0.507080,16504.484375
67,0.309451,0.509553,16754.011719
68,0.306497,0.510580,17003.562500
69,0.310503,0.510461,17253.183594
70,0.287031,0.503093,17502.769531
71,0.209913,0.485221,17752.332031
72,0.172408,0.480673,18001.857422
73,0.147048,0.490436,18251.474609
74,0.135755,0.491696,18500.982422
75,0.171528,0.481837,18750.513672
76,0.217457,0.392387,19000.089844
77,0.221564,0.263869,19266.279297
78,0.196552,0.132432,19515.869141
79,0.170995,0.051005,19765.433594
80,0.072726,0.027700,20015.080078
81,0.274529,0.044052,20264.603516
82,0.406524,0.195126,20514.132812
83,0.420869,0.255383,20763.677734
84,0.427374,0.289504,21013.296875
85,0.429812,0.303090,21262.888672
86,0.414096,0.326194,21512.392578
87,0.379143,0.337312,21761.937500
88,0.326267,0.334686,22011.556641
89,0.271028,0.356266,22261.083984
90,0.225810,0.414108,22510.607422
91,0.237792,0.409735,22760.255859
92,0.240857,0.404762,23009.785156
93,0.239588,0.399737,23259.294922
94,0.211935,0.422711,23508.859375
95,0.167509,0.457227,23758.416016
96,0.159942,0.472092,24008.013672
97,0.164054,0.477182,24257.566406
98,0.166047,0.482683,24507.208984
99,0.161253,0.487034,24756.775391
0,0.746853,0.511977,0.002894
1,0.743659,0.511845,266.198639
2,0.742386,0.513287,515.743835
3,0.740385,0.513451,765.317810
4,0.738973,0.510291,1014.915527
5,0.740628,0.503086,1264.485718
6,0.744089,0.489171,1514.022705
7,0.745225,0.466032,1763.549805
8,0.743419,0.439357,2013.144043
9,0.741145,0.410415,2262.696533
10,0.739031,0.389836,2512.282227
11,0.737113,0.381537,2761.831299
12,0.733736,0.380694,3011.447266
13,0.726152,0.380772,3260.938232
14,0.716141,0.382133,3510.538574
15,0.705868,0.383082,3760.096680
16,0.695417,0.382337,4009.644287
17,0.682915,0.383594,4259.238281
18,0.667561,0.392569,4508.797363
19,0.659971,0.415648,4758.356934
20,0.649391,0.449847,5007.882812
21,0.621938,0.474085,5257.489746
22,0.590638,0.494296,5507.023438
23,0.564331,0.505159,5756.608398
24,0.551656,0.510014,6006.181152
25,0.547548,0.511784,6255.722168
26,0.539470,0.512521,6505.322754
27,0.527547,0.515819,6754.850098
28,0.521739,0.520539,7004.400391
29,0.523649,0.521358,7253.961914
30,0.533226,0.521988,7503.520508
31,0.545525,0.523591,7753.085938
32,0.559482,0.525210,8002.676270
33,0.583675,0.526198,8252.234375
34,0.609995,0.527566,8501.803711
35,0.637342,0.530293,8751.348633
36,0.666221,0.531710,9000.928711
37,0.692956,0.531961,9250.503906
38,0.717571,0.532090,9500.050781
39,0.743186,0.529841,9766.240234
40,0.768474,0.528544,10015.807617
41,0.791776,0.526298,10265.389648
42,0.810912,0.522583,10514.953125
43,0.828828,0.520535,10764.509766
44,0.851790,0.518805,11014.120117
45,0.874580,0.518640,11263.628906
46,0.894502,0.523069,11513.207031
47,0.913538,0.527704,11762.754883
48,0.933461,0.528150,12012.374023
49,0.956402,0.526546,12261.873047
50,0.979470,0.525095,12511.464844
51,0.998452,0.523204,12761.021484
52,0.022069,0.515468,13010.631836
53,0.050350,0.510926,13260.177734
54,0.078684,0.515565,13509.710938
55,0.104992,0.519902,13759.267578
56,0.118868,0.521854,14008.844727
57,0.128806,0.522126,14258.405273
58,0.139435,0.517643,14507.996094
59,0.146952,0.510833,14757.590820
60,0.161236,0.508941,15007.120117
61,0.178795,0.508053,15256.662109
62,0.192046,0.508233,15506.248047
63,0.196618,0.507883,15755.820312
64,0.195793,0.509453,16005.351562
65,0.193373,0.508579,16254.951172
66,0.191663,0.506453,16504.470703
67,0.190223,0.511156,16754.064453
68,0.184878,0.514375,17003.591797
69,0.175389,0.514562,17253.212891
70,0.162972,0.516286,17502.734375
71,0.147883,0.517475,17752.302734
72,0.130692,0.513953,18001.880859
73,0.109950,0.503287,18251.419922
74,0.086794,0.491646,18501.007812
75,0.063296,0.479136,18750.539062
76,0.040245,0.469669,19000.152344
77,0.018819,0.461750,19266.351562
78,0.998037,0.441794,19515.925781
79,0.976415,0.413795,19765.439453
80,0.955602,0.395390,20015.011719
81,0.935636,0.379626,20264.558594
82,0.915251,0.364573,20514.162109
83,0.894906,0.350525,20763.705078
84,0.872142,0.345211,21013.279297
85,0.848754,0.343151,21262.824219
86,0.827150,0.345456,21512.376953
87,0.807489,0.345782,21761.939453
88,0.789167,0.344485,22011.505859
89,0.773085,0.344045,22261.087891
90,0.755185,0.349458,22510.648438
91,0.745034,0.353906,22760.251953
92,0.741028,0.357235,23009.781250
93,0.727317,0.362108,23259.388672
94,0.706172,0.365451,23508.886719
95,0.698200,0.369297,23758.455078
96,0.706919,0.388670,24008.048828
97,0.714944,0.418367,24257.601562
98,0.719465,0.447032,24507.185547
99,0.724355,0.459085,24756.750000
0,0.750002,0.540306,-0.024520
1,0.750207,0.540798,266.168854
2,0.750857,0.542000,515.710571
3,0.750486,0.542180,765.311829
4,0.750415,0.542885,1014.865540
5,0.765244,0.537927,1264.433716
6,0.817931,0.518907,1513.966309
7,0.877734,0.515207,1763.570190
8,0.937696,0.528974,2013.093750
9,0.986107,0.564406,2262.658203
10,0.997936,0.579058,2512.261475
11,0.997594,0.581289,2761.805176
12,0.007679,0.578119,3011.345947
13,0.039051,0.575906,3260.945068
14,0.069482,0.574245,3510.479736
15,0.099515,0.572294,3760.040283
16,0.130283,0.562039,4009.596680
17,0.151659,0.550155,4259.168945
18,0.176365,0.554144,4508.773438
19,0.202157,0.567068,4758.304688
20,0.234984,0.588314,5007.904297
21,0.247154,0.609814,5257.454590
22,0.227053,0.607717,5507.006836
23,0.207947,0.587589,5756.565918
24,0.179554,0.552387,6006.126953
25,0.130946,0.482857,6255.715820
26,0.109244,0.465943,6505.244141
27,0.103448,0.461254,6754.847656
28,0.087257,0.456901,7004.368652
29,0.024506,0.467794,7253.945801
30,0.967314,0.461425,7503.503906
31,0.931072,0.434397,7753.058594
32,0.902181,0.408930,8002.639160
33,0.881504,0.403413,8252.205078
34,0.850487,0.414875,8501.793945
35,0.813827,0.426228,8751.326172
36,0.783128,0.432825,9000.879883
37,0.754193,0.436486,9250.457031
38,0.722666,0.442612,9500.024414
39,0.670966,0.453616,9766.234375
40,0.607634,0.478169,10015.819336
41,0.518887,0.503092,10265.345703
42,0.462679,0.537863,10514.900391
43,0.444180,0.545001,10764.463867
44,0.427835,0.532819,11014.085938
45,0.401234,0.523328,11263.603516
46,0.406869,0.518793,11513.194336
47,0.453766,0.498074,11762.762695
48,0.514705,0.507734,12012.325195
49,0.578801,0.595557,12261.867188
50,0.658427,0.602099,12511.417969
51,0.715275,0.577746,12761.000977
52,0.737741,0.577524,13010.535156
53,0.780777,0.565740,13260.161133
54,0.818606,0.556116,13509.682617
55,0.831718,0.551385,13759.282227
56,0.820737,0.550139,14008.833984
57,0.809883,0.551133,14258.408203
58,0.801060,0.554192,14507.915039
59,0.794394,0.556985,14757.489258
60,0.786672,0.563065,15007.082031
61,0.756789,0.566945,15256.638672
62,0.714409,0.563804,15506.186523
63,0.689737,0.554424,15755.755859
64,0.640234,0.508308,16005.341797
65,0.593546,0.451158,16254.916992
66,0.570277,0.437201,16504.437500
67,0.570072,0.441474,16754.021484
68,0.568843,0.451948,17003.576172
69,0.567678,0.458691,17253.136719
70,0.567782,0.460090,17502.689453
71,0.569355,0.459466,17752.296875
72,0.571811,0.459494,18001.828125
73,0.585845,0.464556,18251.386719
74,0.584196,0.472732,18500.968750
75,0.580652,0.484637,18750.546875
76,0.577070,0.491602,19000.109375
77,0.576981,0.494268,19266.298828
78,0.577280,0.497561,19515.853516
79,0.577409,0.504256,19765.400391
80,0.609830,0.558798,20014.974609
81,0.679877,0.577915,20264.525391
82,0.690069,0.586842,20514.123047
83,0.677274,0.594338,20763.679688
84,0.676288,0.597959,21013.271484
85,0.675471,0.600519,21262.787109
86,0.675498,0.603173,21512.378906
87,0.675228,0.605559,21761.919922
88,0.676044,0.592101,22011.488281
89,0.695899,0.489620,22261.050781
90,0.710406,0.410652,22510.621094
91,0.685701,0.390135,22760.171875
92,0.683326,0.396311,23009.750000
93,0.686200,0.405790,23259.357422
94,0.689084,0.422224,23508.875000
95,0.691063,0.437766,23758.468750
96,0.706369,0.467219,24007.984375
97,0.722250,0.502242,24257.593750
98,0.756057,0.515960,24507.117188
99,0.773157,0.525839,24756.679688
0,0.749951,0.406199,0.023568
1,0.747671,0.420121,266.291748
2,0.741387,0.449987,515.865112
3,0.733311,0.492918,765.363403
4,0.716183,0.519692,1014.958252
5,0.660876,0.539770,1264.506348
6,0.596107,0.520443,1514.051880
7,0.562586,0.513109,1763.735596
8,0.546319,0.514441,2013.201294
9,0.541240,0.514904,2262.844727
10,0.533713,0.526200,2512.314697
11,0.512719,0.541099,2761.937012
12,0.477566,0.552782,3011.463135
13,0.441647,0.559395,3261.029297
14,0.409694,0.561786,3510.573975
15,0.384089,0.563974,3760.145752
16,0.360034,0.561733,4009.741455
17,0.340065,0.552717,4259.280762
18,0.312810,0.527515,4508.849609
19,0.288424,0.519471,4758.384766
20,0.270492,0.503404,5007.963867
21,0.247208,0.502603,5257.527344
22,0.225091,0.509589,5507.089844
23,0.212738,0.509381,5756.669434
24,0.215849,0.512367,6006.256836
25,0.241271,0.508436,6255.762695
26,0.273587,0.507640,6505.338867
27,0.320907,0.506445,6754.914062
28,0.378031,0.502263,7004.465332
29,0.428063,0.494816,7254.043945
30,0.462716,0.494020,7503.588379
31,0.516139,0.489975,7753.202148
32,0.577446,0.487686,8002.770508
33,0.634283,0.479005,8252.333984
34,0.683544,0.458674,8501.855469
35,0.710506,0.416897,8751.417969
36,0.718680,0.363264,9000.999023
37,0.733430,0.332106,9250.541992
38,0.765860,0.314725,9500.110352
39,0.782054,0.312298,9766.335938
40,0.789515,0.310244,10015.891602
41,0.798060,0.315022,10265.441406
42,0.813119,0.323076,10515.038086
43,0.813026,0.337674,10764.561523
44,0.819126,0.348497,11014.117188
45,0.840951,0.361884,11263.697266
46,0.877988,0.374984,11513.249023
47,0.922000,0.399631,11762.837891
48,0.960101,0.418338,12012.434570
49,0.988763,0.441837,12261.960938
50,0.018306,0.464541,12511.563477
51,0.048564,0.482575,12761.119141
52,0.074817,0.497237,13010.626953
53,0.093051,0.503622,13260.207031
54,0.108625,0.514009,13509.772461
55,0.120646,0.522673,13759.350586
56,0.133600,0.532113,14008.932617
57,0.138710,0.542911,14258.458008
58,0.143668,0.549227,14508.032227
59,0.151857,0.549308,14757.599609
60,0.170959,0.547467,15007.148438
61,0.197353,0.551699,15256.717773
62,0.217284,0.554252,15506.295898
63,0.235875,0.558445,15755.861328
64,0.263054,0.565560,16005.431641
65,0.287256,0.560126,16254.967773
66,0.313517,0.551691,16504.558594
67,0.337685,0.540714,16754.117188
68,0.338847,0.535989,17003.673828
69,0.330607,0.540640,17253.244141
70,0.325161,0.547917,17502.833984
71,0.315760,0.553929,17752.355469
72,0.244553,0.565153,18001.916016
73,0.081389,0.540721,18251.503906
74,0.988474,0.526601,18501.050781
75,0.971181,0.530016,18750.607422
76,0.942654,0.519721,19000.167969
77,0.844629,0.498322,19266.376953
78,0.766061,0.509380,19515.941406
79,0.729522,0.517868,19765.527344
80,0.717743,0.523423,20015.060547
81,0.745221,0.517437,20264.646484
82,0.789937,0.503350,20514.185547
83,0.838173,0.482118,20763.783203
84,0.867002,0.437370,21013.357422
85,0.881325,0.398140,21262.888672
86,0.896667,0.378941,21512.462891
87,0.921512,0.366264,21762.019531
88,0.954587,0.358898,22011.607422
89,0.986817,0.358192,22261.134766
90,0.003936,0.360939,22510.699219
91,0.995640,0.369879,22760.289062
92,0.996828,0.391499,23009.878906
93,0.020051,0.427254,23259.421875
94,0.058334,0.450886,23508.990234
95,0.121905,0.470851,23758.525391
96,0.209386,0.480022,24008.099609
97,0.302110,0.493112,24257.667969
98,0.324613,0.496487,24507.222656
99,0.325916,0.495760,24756.775391
0,0.749820,0.482643,-0.046399
1,0.750154,0.483889,266.113281
2,0.776373,0.479295,515.674622
3,0.855455,0.455055,765.349182
4,0.900215,0.439152,1014.847473
5,0.937045,0.492399,1264.465698
6,0.991674,0.534772,1513.955200
7,0.038388,0.538969,1763.542114
8,0.095697,0.536481,2013.109619
9,0.166839,0.531096,2262.655273
10,0.219668,0.524934,2512.228516
11,0.245793,0.529919,2761.778076
12,0.255878,0.540106,3011.402588
13,0.248757,0.544542,3260.940430
14,0.230522,0.544464,3510.492432
15,0.184532,0.534408,3760.077881
16,0.118740,0.511582,4009.696045
17,0.046149,0.511241,4259.184082
18,0.931385,0.497227,4508.704102
19,0.784763,0.459401,4758.271484
20,0.705922,0.418176,5007.883301
21,0.689116,0.418991,5257.474609
22,0.700406,0.439140,5506.949707
23,0.763267,0.496364,5756.552734
24,0.885965,0.547801,6006.090332
25,0.012834,0.536478,6255.641602
26,0.111311,0.542209,6505.282227
27,0.200412,0.536308,6754.836426
28,0.284250,0.542366,7004.393066
29,0.349151,0.551046,7253.893066
30,0.396571,0.552999,7503.592285
31,0.433352,0.553231,7753.037109
32,0.489063,0.557750,8002.610352
33,0.561831,0.568764,8252.219727
34,0.592291,0.561165,8501.816406
35,0.600491,0.555740,8751.354492
36,0.589799,0.507543,9000.843750
37,0.566844,0.506084,9250.476562
38,0.536509,0.509596,9500.017578
39,0.483621,0.504886,9766.205078
40,0.431324,0.508828,10015.745117
41,0.371293,0.510351,10265.397461
42,0.303362,0.515531,10514.922852
43,0.249739,0.524136,10781.079102
44,0.220990,0.524617,11014.023438
45,0.210195,0.527601,11263.666992
46,0.199987,0.525034,11513.122070
47,0.126552,0.497967,11762.716797
48,0.061808,0.481869,12012.311523
49,0.103664,0.486577,12261.908203
50,0.173190,0.495242,12511.445312
51,0.215877,0.477863,12760.989258
52,0.218087,0.462671,13010.569336
53,0.241621,0.482428,13260.063477
54,0.262620,0.491366,13509.689453
55,0.263549,0.486210,13759.208008
56,0.259566,0.480324,14008.858398
57,0.260583,0.482712,14258.350586
58,0.260064,0.485789,14507.904297
59,0.261171,0.491569,14757.481445
60,0.262824,0.497438,15007.100586
61,0.262803,0.500932,15256.633789
62,0.262481,0.503278,15506.202148
63,0.262642,0.505256,15755.739258
64,0.262654,0.507167,16005.296875
65,0.262999,0.510346,16254.856445
66,0.262898,0.514416,16504.439453
67,0.261959,0.517120,16753.994141
68,0.261640,0.517900,17003.607422
69,0.261690,0.517914,17253.150391
70,0.262094,0.518981,17502.730469
71,0.262145,0.519839,17752.291016
72,0.262286,0.520699,18001.794922
73,0.262360,0.521136,18251.367188
74,0.262654,0.522157,18500.955078
75,0.263038,0.522995,18750.482422
76,0.263144,0.523986,19000.089844
77,0.263584,0.524377,19266.365234
78,0.263562,0.524996,19515.839844
79,0.263657,0.526089,19765.390625
80,0.263721,0.522837,20014.943359
81,0.263689,0.523816,20264.511719
82,0.263180,0.524733,20514.074219
83,0.263296,0.526273,20763.642578
84,0.263637,0.527121,21013.199219
85,0.263701,0.527964,21262.839844
86,0.263592,0.528793,21512.412109
87,0.263393,0.529807,21761.888672
88,0.263457,0.530646,22011.552734
89,0.263513,0.531646,22261.019531
90,0.263628,0.532287,22510.593750
91,0.263648,0.533088,22760.148438
92,0.264092,0.533852,23009.751953
93,0.264719,0.534941,23259.304688
94,0.264717,0.534937,23508.832031
95,0.264630,0.536268,23758.404297
96,0.264355,0.537846,24007.986328
97,0.264208,0.538758,24257.562500
98,0.263892,0.539625,24507.138672
99,0.263838,0.540303,24756.664062
0,0.746003,0.361610,-0.048163
1,0.733250,0.377029,266.211792
2,0.760388,0.402032,515.739746
3,0.784117,0.455717,765.307800
4,0.787031,0.554471,1014.856262
5,0.782129,0.640255,1264.471558
6,0.763548,0.691484,1513.949341
7,0.729540,0.746469,1763.594360
8,0.664594,0.810021,2013.168335
9,0.606116,0.827092,2262.718262
10,0.524658,0.788766,2512.224121
11,0.469555,0.697887,2761.834717
12,0.461058,0.596343,3011.377686
13,0.445163,0.534883,3260.929443
14,0.437558,0.533420,3510.509521
15,0.433347,0.524584,3760.104736
16,0.422781,0.519382,4009.624023
17,0.404969,0.503303,4259.166016
18,0.395619,0.485094,4508.761230
19,0.419974,0.456031,4758.323730
20,0.486685,0.430657,5007.855957
21,0.558509,0.415316,5257.496582
22,0.641700,0.401994,5507.040527
23,0.766429,0.397868,5756.593262
24,0.896687,0.429669,6006.107910
25,0.956491,0.459256,6255.733887
26,0.965906,0.486050,6505.266113
27,0.923317,0.504740,6754.850586
28,0.847702,0.513864,7004.401367
29,0.768225,0.514977,7254.007812
30,0.663070,0.504164,7503.501953
31,0.551182,0.494219,7753.058105
32,0.392525,0.487791,8002.715820
33,0.311255,0.478654,8252.183594
34,0.249144,0.475856,8501.780273
35,0.200040,0.486548,8751.363281
36,0.170760,0.527241,9000.905273
37,0.137905,0.529766,9250.494141
38,0.118061,0.495600,9500.024414
39,0.117693,0.478989,9766.297852
40,0.122028,0.483041,10015.880859
41,0.119105,0.498260,10265.322266
42,0.097735,0.504265,10514.918945
43,0.072706,0.494043,10764.528320
44,0.055243,0.493004,11014.130859
45,0.043094,0.492117,11263.666992
46,0.038995,0.491088,11513.160156
47,0.042389,0.491913,11762.780273
48,0.050511,0.493678,12012.275391
49,0.058581,0.490703,12261.864258
50,0.065755,0.491144,12511.418945
51,0.081793,0.484923,12761.055664
52,0.108042,0.474714,13010.573242
53,0.133956,0.462619,13260.088867
54,0.169384,0.454695,13509.710938
55,0.201264,0.457918,13759.257812
56,0.231425,0.481848,14008.850586
57,0.269400,0.488068,14258.359375
58,0.291103,0.485963,14507.951172
59,0.323372,0.492898,14757.516602
60,0.342878,0.486431,15007.059570
61,0.369491,0.478084,15256.692383
62,0.386160,0.475221,15506.231445
63,0.372222,0.479302,15755.783203
64,0.311130,0.475443,16005.369141
65,0.239071,0.457863,16254.919922
66,0.223641,0.460159,16504.482422
67,0.212021,0.447147,16753.992188
68,0.216632,0.434898,17003.599609
69,0.216888,0.429880,17253.156250
70,0.208755,0.443317,17502.689453
71,0.196603,0.469715,17752.291016
72,0.196223,0.483236,18001.871094
73,0.196251,0.486445,18251.410156
74,0.196523,0.487138,18500.951172
75,0.196362,0.489990,18750.527344
76,0.194399,0.500987,19000.167969
77,0.194097,0.504005,19266.285156
78,0.194398,0.501573,19515.898438
79,0.195240,0.497670,19765.386719
80,0.195674,0.497721,20015.050781
81,0.196267,0.497683,20264.554688
82,0.197570,0.498467,20514.078125
83,0.198887,0.497877,20763.654297
84,0.199545,0.497911,21013.289062
85,0.199591,0.499180,21262.789062
86,0.199704,0.500129,21512.332031
87,0.199376,0.500245,21761.912109
88,0.197958,0.502032,22011.503906
89,0.192378,0.505284,22261.037109
90,0.183713,0.506846,22510.703125
91,0.177628,0.505512,22760.246094
92,0.186084,0.503527,23009.738281
93,0.248722,0.516131,23259.308594
94,0.346327,0.501620,23508.941406
95,0.378065,0.477355,23758.443359
96,0.430711,0.453426,24007.976562
97,0.470679,0.441749,24257.656250
98,0.482289,0.435492,24507.177734
99,0.530417,0.419370,24756.761719
0,0.746455,0.532483,0.003309
1,0.742545,0.543577,266.193756
2,0.750043,0.546674,515.748352
3,0.772937,0.543290,765.379517
4,0.790048,0.530769,1014.877258
5,0.781412,0.442284,1264.448608
6,0.748666,0.368508,1514.036011
7,0.702524,0.348727,1763.589233
8,0.654081,0.360498,2013.123901
9,0.619096,0.425423,2262.809570
10,0.576710,0.502588,2512.286133
11,0.542648,0.537752,2761.839600
12,0.516741,0.540617,3011.384521
13,0.527474,0.540225,3260.956299
14,0.561347,0.529073,3510.557129
15,0.624534,0.517223,3760.105225
16,0.711963,0.435931,4009.760742
17,0.738676,0.381398,4259.291504
18,0.801344,0.346771,4508.782227
19,0.813702,0.350174,4758.346191
20,0.812958,0.348192,5007.959961
21,0.860260,0.438844,5257.490234
22,0.897966,0.508444,5507.044434
23,0.934506,0.529331,5756.622070
24,0.969135,0.525225,6006.221191
25,0.005983,0.516955,6255.815918
26,0.028472,0.517385,6505.318848
27,0.047603,0.507487,6754.855469
28,0.068889,0.499659,7004.451172
29,0.090499,0.498862,7254.039062
30,0.114662,0.495690,7503.531738
31,0.136168,0.495504,7753.105469
32,0.157954,0.495528,8002.725098
33,0.178872,0.499962,8252.231445
34,0.198550,0.518509,8501.842773
35,0.207803,0.568955,8751.364258
36,0.201493,0.621206,9000.926758
37,0.184960,0.657295,9250.605469
38,0.172968,0.677968,9500.079102
39,0.159739,0.692028,9766.264648
40,0.159185,0.705756,10015.901367
41,0.159092,0.702821,10265.374023
42,0.167175,0.665611,10514.980469
43,0.173439,0.603574,10764.500977
44,0.174580,0.559116,11014.076172
45,0.177296,0.529971,11263.672852
46,0.186529,0.524201,11513.219727
47,0.208610,0.525438,11762.815430
48,0.229817,0.522402,12012.324219
49,0.232754,0.514169,12261.927734
50,0.232709,0.512909,12511.453125
51,0.243392,0.517943,12761.021484
52,0.257000,0.526997,13010.592773
53,0.271940,0.529572,13260.198242
54,0.283506,0.532569,13509.743164
55,0.282416,0.533215,13759.296875
56,0.285337,0.537476,14008.858398
57,0.301772,0.543492,14258.404297
58,0.310168,0.540059,14508.015625
59,0.310037,0.540331,14757.533203
60,0.294869,0.540267,15007.094727
61,0.260782,0.544332,15256.682617
62,0.243222,0.542417,15506.261719
63,0.236766,0.545290,15755.798828
64,0.232261,0.550535,16005.400391
65,0.208638,0.543956,16254.944336
66,0.181198,0.524620,16504.490234
67,0.158112,0.511340,16754.052734
68,0.130012,0.512738,17003.619141
69,0.087482,0.514102,17253.164062
70,0.072485,0.508937,17502.730469
71,0.079333,0.498192,17752.337891
72,0.095694,0.469252,18001.888672
73,0.105426,0.437000,18251.425781
74,0.111105,0.436224,18501.001953
75,0.117040,0.441868,18750.576172
76,0.150595,0.469730,19000.126953
77,0.174794,0.494629,19266.339844
78,0.183434,0.502542,19515.898438
79,0.184791,0.503870,19765.482422
80,0.185446,0.509555,20015.037109
81,0.186650,0.527967,20264.613281
82,0.192597,0.531247,20514.136719
83,0.204193,0.539032,20763.724609
84,0.218912,0.559379,21013.281250
85,0.244649,0.595318,21262.894531
86,0.262855,0.629806,21512.488281
87,0.281187,0.654296,21761.970703
88,0.302805,0.682122,22011.529297
89,0.323858,0.702764,22261.191406
90,0.345676,0.706944,22510.681641
91,0.376109,0.678364,22760.216797
92,0.408195,0.618849,23009.777344
93,0.436522,0.565224,23259.460938
94,0.455905,0.518877,23508.908203
95,0.474652,0.487618,23758.476562
96,0.505140,0.473341,24008.062500
97,0.532370,0.452761,24257.638672
98,0.548635,0.401391,24507.201172
99,0.557775,0.380730,24756.726562
