Idx, longitude, latitude, start timestamp
0,0.750558,0.560336,0.016294
1,0.751130,0.561034,266.274689
2,0.752082,0.561007,515.762085
3,0.758333,0.566269,765.429260
4,0.768810,0.585424,1014.870667
5,0.780913,0.625900,1264.507080
6,0.783899,0.651634,1514.184570
7,0.777809,0.660784,1763.630005
8,0.765599,0.665522,2013.149536
9,0.765015,0.665497,2262.774658
10,0.771665,0.643886,2512.324951
11,0.786163,0.616806,2761.835693
12,0.803980,0.578677,3011.501465
13,0.815730,0.543423,3260.987061
14,0.818451,0.511661,3510.584229
15,0.803993,0.468985,3760.087158
16,0.762988,0.428499,4009.718262
17,0.736468,0.411831,4259.167480
18,0.729131,0.399645,4508.811523
19,0.725208,0.377168,4758.481445
20,0.721675,0.359145,5007.967773
21,0.720493,0.350199,5257.553711
22,0.719508,0.339421,5507.103027
23,0.719393,0.329367,5756.688965
24,0.717634,0.303419,6006.140137
25,0.717102,0.275094,6255.815430
26,0.719750,0.250040,6505.250977
27,0.720788,0.237934,6754.932129
28,0.722150,0.229053,7004.379883
29,0.723280,0.224752,7254.046387
30,0.724127,0.224054,7503.525879
31,0.725360,0.230999,7753.151367
32,0.726456,0.237122,8002.750977
33,0.725464,0.258483,8252.238281
34,0.723286,0.290877,8501.887695
35,0.716795,0.329153,8751.339844
36,0.688775,0.361535,9001.003906
37,0.648216,0.393258,9250.584961
38,0.613417,0.412224,9500.117188
39,0.586111,0.423408,9766.265625
40,0.561541,0.432300,10015.888672
41,0.536402,0.452948,10265.437500
42,0.514398,0.480892,10515.004883
43,0.495255,0.504778,10764.589844
44,0.478583,0.531778,11014.066406
45,0.460590,0.558747,11263.728516
46,0.450302,0.580015,11513.243164
47,0.443750,0.595331,11762.837891
48,0.440756,0.605955,12012.300781
49,0.445632,0.614538,12261.973633
50,0.461154,0.621608,12511.392578
51,0.483050,0.625652,12761.042969
52,0.511642,0.626331,13010.576172
53,0.542561,0.626168,13260.182617
54,0.576800,0.624249,13509.794922
55,0.615347,0.618867,13759.297852
56,0.660752,0.613321,14008.887695
57,0.710720,0.618041,14258.389648
58,0.752886,0.618836,14507.985352
59,0.791275,0.620136,14757.488281
60,0.837280,0.617736,15007.139648
61,0.889659,0.605520,15256.601562
62,0.940569,0.590486,15506.272461
63,0.993766,0.578267,15755.754883
64,0.042840,0.570541,16005.367188
65,0.075734,0.573543,16254.838867
66,0.100777,0.581229,16504.521484
67,0.122377,0.591457,16754.126953
68,0.134186,0.595907,17003.566406
69,0.148564,0.600658,17253.207031
70,0.162387,0.602435,17502.716797
71,0.175293,0.626032,17752.406250
72,0.188026,0.630987,18001.800781
73,0.198963,0.627146,18251.544922
74,0.198619,0.625232,18500.964844
75,0.195259,0.622328,18750.554688
76,0.189798,0.618639,19000.107422
77,0.184181,0.618105,19266.318359
78,0.178602,0.622350,19515.943359
79,0.172798,0.622402,19765.423828
80,0.166750,0.623851,20015.023438
81,0.160050,0.629292,20264.566406
82,0.148195,0.654576,20514.166016
83,0.132458,0.676906,20763.648438
84,0.118520,0.692323,21013.341797
85,0.103642,0.700938,21262.757812
86,0.087792,0.706927,21512.417969
87,0.067547,0.709354,21761.980469
88,0.046706,0.708000,22011.535156
89,0.026888,0.703571,22261.150391
90,0.010731,0.698032,22510.619141
91,0.002414,0.686533,22760.269531
92,0.002409,0.662471,23009.812500
93,0.003826,0.623229,23259.367188
94,0.005019,0.567231,23525.486328
95,0.006993,0.519531,23758.482422
96,0.010391,0.492346,24007.939453
97,0.012821,0.484162,24257.564453
98,0.014560,0.483483,24507.054688
99,0.014845,0.485427,24756.783203
0,0.750142,0.531918,-0.003440
1,0.750512,0.532957,282.850555
2,0.764970,0.553952,515.804382
3,0.799015,0.623571,765.359924
4,0.806124,0.669973,1014.923950
5,0.793229,0.703887,1264.432251
6,0.752720,0.734045,1530.644775
7,0.702280,0.760415,1763.493286
8,0.662804,0.797196,2046.403931
9,0.638595,0.839442,2279.412354
10,0.626951,0.860562,2512.251953
11,0.627880,0.864947,2761.710693
12,0.629718,0.864218,3094.629395
13,0.625051,0.838972,3327.449707
14,0.617505,0.784093,3560.369629
15,0.602947,0.711949,3776.697754
16,0.584330,0.630834,4009.607910
17,0.569424,0.620529,4292.467773
18,0.565932,0.628200,4508.708496
19,0.569210,0.624610,4774.942383
20,0.573662,0.621948,5007.756836
21,0.577878,0.620054,5257.390137
22,0.580570,0.617859,5506.872070
23,0.583853,0.595768,5839.657227
24,0.584144,0.560673,6072.636230
25,0.584408,0.530489,6288.853027
26,0.588132,0.527323,6538.543457
27,0.601845,0.532202,6754.722168
28,0.613490,0.569400,7004.382324
29,0.605212,0.602950,7270.492188
30,0.617918,0.593010,7503.517090
31,0.656916,0.577455,7769.614258
32,0.698113,0.552726,8019.217285
33,0.723648,0.526269,8252.126953
34,0.743216,0.468762,8584.779297
35,0.748730,0.421033,8817.778320
36,0.761782,0.395269,9034.015625
37,0.797062,0.408061,9267.076172
38,0.842329,0.425311,9516.520508
39,0.870634,0.432114,9782.773438
40,0.888430,0.435749,10032.226562
41,0.899786,0.437767,10281.868164
42,0.918002,0.441177,10514.777344
43,0.952172,0.445183,10764.365234
44,0.995309,0.459775,11013.871094
45,0.037234,0.475973,11263.488281
46,0.074995,0.481775,11579.605469
47,0.090939,0.476834,11812.493164
48,0.104779,0.428124,12028.840820
49,0.113376,0.377999,12261.674805
50,0.123474,0.340668,12544.545898
51,0.134377,0.315020,12760.820312
52,0.133643,0.303190,13027.050781
53,0.106423,0.296610,13276.519531
54,0.062339,0.298885,13509.412109
55,0.984312,0.341582,13759.010742
56,0.899925,0.412709,14008.624023
57,0.831424,0.452456,14258.118164
58,0.782079,0.461203,14574.281250
59,0.742971,0.453506,14807.236328
60,0.722633,0.425307,15040.075195
61,0.703008,0.409070,15256.394531
62,0.702010,0.405362,15539.226562
63,0.698475,0.380519,15772.234375
64,0.710293,0.359307,16005.050781
65,0.709963,0.345603,16254.711914
66,0.708570,0.354322,16504.185547
67,0.709241,0.332246,16770.443359
68,0.711794,0.272113,17003.339844
69,0.713567,0.266204,17252.974609
70,0.717900,0.333818,17569.021484
71,0.723696,0.427484,17801.908203
72,0.730200,0.517246,18034.894531
73,0.717072,0.558499,18251.101562
74,0.709169,0.592547,18500.798828
75,0.708372,0.596576,18766.853516
76,0.727867,0.634722,19033.072266
77,0.750276,0.671227,19266.009766
78,0.722292,0.693832,19515.583984
79,0.664226,0.693672,19765.058594
80,0.601860,0.647045,20097.824219
81,0.563434,0.660350,20314.167969
82,0.524136,0.681305,20547.031250
83,0.500618,0.703951,20780.046875
84,0.472107,0.713919,21012.914062
85,0.442492,0.703221,21279.148438
86,0.424703,0.672274,21512.070312
87,0.408295,0.632979,21778.242188
88,0.400778,0.597878,22011.125000
89,0.411452,0.537647,22260.789062
90,0.430283,0.440783,22510.240234
91,0.435147,0.390723,22826.335938
92,0.426787,0.385991,23059.324219
93,0.416820,0.427214,23292.203125
94,0.419080,0.471683,23508.472656
95,0.434604,0.505042,23791.324219
96,0.452623,0.541510,24024.298828
97,0.484317,0.566062,24257.169922
98,0.517757,0.577095,24523.412109
99,0.549498,0.574686,24756.298828
0,0.750275,0.489200,-0.012642
1,0.749997,0.487375,266.235046
2,0.749150,0.484429,515.774170
3,0.735288,0.441364,765.299500
4,0.721629,0.431444,1014.907776
5,0.737133,0.600650,1264.516602
6,0.752276,0.706945,1514.070435
7,0.753062,0.735791,1763.604614
8,0.748941,0.735458,2013.102295
9,0.750819,0.736229,2262.777588
10,0.747468,0.758835,2512.242676
11,0.724212,0.850388,2761.867920
12,0.704733,0.930914,3011.291504
13,0.718414,0.942678,3260.974121
14,0.722211,0.941662,3510.591797
15,0.756204,0.914842,3760.073486
16,0.797815,0.806478,4009.670654
17,0.819418,0.679363,4259.263672
18,0.829047,0.597944,4508.827148
19,0.829249,0.532657,4758.270020
20,0.838366,0.512152,5007.925293
21,0.872217,0.501888,5257.380859
22,0.904802,0.514646,5507.037598
23,0.934637,0.538840,5756.550781
24,0.978201,0.519669,6006.154297
25,0.024446,0.508577,6255.643555
26,0.054037,0.505496,6505.304199
27,0.088749,0.545359,6754.904785
28,0.116357,0.611827,7004.416504
29,0.140216,0.656869,7254.019531
30,0.165286,0.665165,7503.479980
31,0.192572,0.665129,7753.139160
32,0.200523,0.663815,8002.577148
33,0.199079,0.663380,8252.232422
34,0.193430,0.665763,8501.700195
35,0.190119,0.662748,8751.350586
36,0.174525,0.690799,9000.835938
37,0.145088,0.814048,9250.517578
38,0.150901,0.841534,9500.017578
39,0.152499,0.841470,9766.238281
40,0.139026,0.796639,10015.791016
41,0.135573,0.692980,10265.328125
42,0.137908,0.637588,10514.954102
43,0.113547,0.610608,10764.469727
44,0.085332,0.556833,11014.092773
45,0.064989,0.526099,11263.592773
46,0.973306,0.502698,11513.176758
47,0.874893,0.480649,11762.651367
48,0.800898,0.493295,12012.294922
49,0.774920,0.502104,12261.949219
50,0.743495,0.498457,12511.427734
51,0.697375,0.462990,12761.030273
52,0.669376,0.431975,13010.619141
53,0.668126,0.422263,13260.144531
54,0.621033,0.469707,13526.263672
55,0.563386,0.526011,13759.217773
56,0.539279,0.552382,14008.738281
57,0.533562,0.555995,14258.345703
58,0.536381,0.557739,14507.830078
59,0.539800,0.558708,14757.513672
60,0.544132,0.561321,15006.949219
61,0.552202,0.560130,15256.615234
62,0.554785,0.565861,15506.254883
63,0.534383,0.574233,15755.711914
64,0.519591,0.586857,16005.319336
65,0.524396,0.590269,16254.835938
66,0.525197,0.589951,16504.443359
67,0.527282,0.587944,16753.935547
68,0.529087,0.586415,17003.583984
69,0.532016,0.584090,17253.052734
70,0.534281,0.583393,17502.689453
71,0.535207,0.583660,17752.148438
72,0.535279,0.584331,18001.787109
73,0.535297,0.587517,18251.398438
74,0.535715,0.588834,18500.914062
75,0.536058,0.588593,18750.527344
76,0.537233,0.587416,19000.003906
77,0.539121,0.586400,19332.796875
78,0.540302,0.586473,19582.416016
79,0.541749,0.585200,19831.914062
80,0.545496,0.581005,20081.515625
81,0.577411,0.527573,20314.400391
82,0.582996,0.509249,20563.972656
83,0.581942,0.517828,20813.511719
84,0.580055,0.519333,21063.083984
85,0.579022,0.521551,21312.644531
86,0.578510,0.521915,21562.271484
87,0.578359,0.522322,21811.865234
88,0.577932,0.523739,22061.316406
89,0.577564,0.523913,22310.972656
90,0.577503,0.524036,22560.480469
91,0.577016,0.524675,22810.054688
92,0.576862,0.525309,23059.568359
93,0.576619,0.526886,23325.796875
94,0.576128,0.527759,23575.365234
95,0.575944,0.528132,23824.945312
96,0.575859,0.527980,24057.828125
97,0.576003,0.528979,24324.080078
98,0.576454,0.530568,24573.716797
99,0.576559,0.531521,24806.564453
0,0.746789,0.471884,0.039338
1,0.739732,0.475904,266.310974
2,0.735034,0.537405,515.762390
3,0.736242,0.567613,765.216125
4,0.736832,0.566184,1014.864807
5,0.751022,0.570586,1264.494751
6,0.768030,0.597129,1513.988159
7,0.763944,0.643919,1763.628784
8,0.753108,0.702104,2013.077515
9,0.742972,0.744174,2262.754395
10,0.738593,0.757082,2512.185303
11,0.733402,0.778250,2761.880859
12,0.728805,0.821811,3011.325195
13,0.729629,0.860199,3260.986816
14,0.728071,0.889205,3510.573242
15,0.726898,0.906717,3760.082275
16,0.727729,0.911531,4009.720703
17,0.728107,0.910240,4259.226562
18,0.728658,0.900184,4508.800293
19,0.741901,0.836888,4758.310059
20,0.758338,0.689394,5007.981445
21,0.759607,0.553409,5257.440918
22,0.757715,0.521103,5507.069336
23,0.749512,0.494126,5756.559570
24,0.744703,0.449481,6006.198730
25,0.740162,0.397704,6255.752930
26,0.733376,0.371872,6505.308105
27,0.727673,0.364295,6754.930664
28,0.722844,0.383435,7004.417480
29,0.727060,0.470171,7254.004883
30,0.734555,0.521229,7503.556641
31,0.739372,0.554584,7753.164551
32,0.746092,0.576211,8002.604492
33,0.755464,0.600875,8252.295898
34,0.765531,0.621934,8501.766602
35,0.766235,0.630488,8751.370117
36,0.770809,0.624718,9000.907227
37,0.783038,0.589162,9250.459961
38,0.789062,0.551093,9500.165039
39,0.791508,0.532693,9766.245117
40,0.790538,0.529379,10015.875977
41,0.787299,0.533013,10265.350586
42,0.766391,0.527974,10515.017578
43,0.699360,0.518050,10764.463867
44,0.650948,0.520654,11097.222656
45,0.638781,0.532846,11263.566406
46,0.649110,0.535751,11596.323242
47,0.635342,0.535396,11845.985352
48,0.601952,0.533266,12078.815430
49,0.563580,0.540332,12328.478516
50,0.530799,0.551088,12578.103516
51,0.508884,0.556745,12827.566406
52,0.510859,0.561469,13077.071289
53,0.529929,0.541494,13310.085938
54,0.545455,0.519479,13559.663086
55,0.556420,0.511652,13809.214844
56,0.554048,0.506276,14058.804688
57,0.557812,0.494981,14291.672852
58,0.558672,0.502601,14541.327148
59,0.557324,0.515810,14790.765625
60,0.547925,0.518463,15040.439453
61,0.478563,0.525901,15289.934570
62,0.438614,0.539360,15539.516602
63,0.429053,0.545199,15789.040039
64,0.401136,0.547078,16038.669922
65,0.376846,0.547408,16288.172852
66,0.361661,0.540080,16537.750000
67,0.342503,0.535705,16787.416016
68,0.329222,0.543915,17020.296875
69,0.317746,0.551100,17269.751953
70,0.309982,0.545579,17519.394531
71,0.304325,0.491321,17752.287109
72,0.300889,0.424951,18001.845703
73,0.301058,0.360820,18251.521484
74,0.310263,0.330236,18500.980469
75,0.336772,0.386816,18783.833984
76,0.391204,0.460126,19016.732422
77,0.426395,0.504453,19266.371094
78,0.474567,0.492598,19515.843750
79,0.524297,0.484811,19782.126953
80,0.564604,0.497032,20031.755859
81,0.606925,0.496110,20281.216797
82,0.666109,0.494048,20530.835938
83,0.751117,0.498276,20763.738281
84,0.804125,0.508834,21013.345703
85,0.775745,0.560024,21262.865234
86,0.795366,0.572578,21512.468750
87,0.890855,0.529310,21761.927734
88,0.930789,0.513942,22011.556641
89,0.955948,0.504697,22261.037109
90,0.023103,0.491576,22510.722656
91,0.061104,0.493759,22760.195312
92,0.078257,0.531662,23009.792969
93,0.109177,0.590130,23259.326172
94,0.130841,0.635057,23508.955078
95,0.149576,0.686314,23758.560547
96,0.165710,0.741458,24008.029297
97,0.182695,0.799405,24257.673828
98,0.191053,0.839557,24507.134766
99,0.193032,0.845853,24839.925781
0,0.750364,0.555027,0.050642
1,0.748123,0.557598,266.149597
2,0.745934,0.557000,515.848267
3,0.741352,0.531532,765.275574
4,0.733747,0.491483,1014.858704
5,0.729199,0.465937,1264.379761
6,0.726082,0.452942,1514.000244
7,0.723157,0.431831,1763.628418
8,0.720408,0.422801,2013.115601
9,0.714381,0.433182,2262.827637
10,0.704936,0.449396,2512.230469
11,0.699809,0.465934,2761.877441
12,0.701332,0.477291,3011.414062
13,0.706679,0.485245,3260.941895
14,0.715880,0.496367,3510.478027
15,0.733959,0.506809,3760.056152
16,0.756140,0.516180,4009.598145
17,0.779081,0.520486,4259.191895
18,0.802651,0.521104,4508.722656
19,0.827403,0.515013,4758.349609
20,0.853009,0.512685,5007.955566
21,0.886715,0.512426,5257.479492
22,0.922624,0.512260,5507.068848
23,0.958005,0.512085,5756.584961
24,0.993963,0.509927,6006.149902
25,0.017094,0.511921,6255.665039
26,0.030371,0.531075,6505.321289
27,0.033509,0.547181,6838.009277
28,0.023469,0.561808,7087.549805
29,0.996521,0.579024,7337.132324
30,0.945979,0.596888,7586.645508
31,0.887722,0.611242,7819.669922
32,0.828526,0.621794,8069.123047
33,0.784716,0.623088,8302.117188
34,0.749256,0.631195,8551.689453
35,0.715018,0.680160,8801.234375
36,0.692532,0.703206,9050.915039
37,0.683184,0.722125,9283.742188
38,0.676033,0.755750,9533.368164
39,0.647646,0.803374,9782.898438
40,0.594845,0.838640,10032.519531
41,0.566532,0.862675,10282.000000
42,0.551953,0.875504,10515.004883
43,0.540941,0.884501,10764.547852
44,0.542026,0.885621,11047.358398
45,0.540853,0.885219,11280.221680
46,0.508921,0.870548,11529.839844
47,0.447373,0.819486,11795.986328
48,0.428117,0.787796,12028.994141
49,0.431357,0.751014,12295.203125
50,0.453726,0.713162,12528.126953
51,0.477959,0.673119,12761.001953
52,0.504437,0.633416,13010.607422
53,0.529215,0.597722,13293.471680
54,0.553915,0.572055,13526.369141
55,0.585872,0.551619,13775.987305
56,0.615807,0.535827,14008.835938
57,0.636862,0.528365,14258.435547
58,0.656603,0.523155,14507.960938
59,0.682102,0.511179,14757.534180
60,0.708789,0.492157,15007.023438
61,0.741370,0.473404,15256.687500
62,0.767100,0.479620,15506.168945
63,0.793896,0.480074,15755.784180
64,0.823799,0.478602,16088.504883
65,0.843865,0.467932,16338.024414
66,0.813859,0.434956,16587.628906
67,0.803333,0.410938,16837.250000
68,0.798620,0.391491,17070.177734
69,0.794511,0.384487,17303.074219
70,0.794839,0.338892,17536.054688
71,0.794926,0.315748,17785.544922
72,0.792765,0.298687,18018.511719
73,0.789442,0.230112,18268.042969
74,0.778653,0.190766,18517.599609
75,0.779271,0.187319,18750.523438
76,0.793689,0.269140,19000.140625
77,0.812781,0.416563,19266.384766
78,0.830725,0.500546,19549.140625
79,0.839453,0.554722,19798.712891
80,0.849382,0.609111,20031.640625
81,0.861246,0.656362,20281.253906
82,0.874681,0.693758,20514.107422
83,0.872781,0.700773,20763.718750
84,0.865482,0.694101,21029.839844
85,0.865696,0.691758,21279.503906
86,0.861847,0.684291,21512.378906
87,0.850481,0.659313,21761.990234
88,0.838957,0.638019,22011.570312
89,0.835994,0.641022,22261.082031
90,0.833475,0.641755,22527.398438
91,0.824616,0.647539,22760.205078
92,0.812095,0.650688,23009.792969
93,0.795920,0.651521,23259.320312
94,0.780896,0.658605,23508.914062
95,0.767883,0.671359,23758.451172
96,0.759967,0.689733,24008.109375
97,0.759021,0.731124,24257.541016
98,0.753645,0.768444,24507.146484
99,0.750388,0.780454,24756.646484
0,0.750322,0.546745,0.005650
1,0.750687,0.548190,266.210785
2,0.751099,0.549919,515.678772
3,0.751402,0.552122,765.224792
4,0.751857,0.555650,1014.735596
5,0.752262,0.557382,1264.402100
6,0.752792,0.557639,1513.900024
7,0.748845,0.553808,1763.474976
8,0.739122,0.543089,2013.006836
9,0.733179,0.534321,2262.641602
10,0.731660,0.529446,2512.220703
11,0.731140,0.525603,2761.757324
12,0.729044,0.486181,3011.348389
13,0.724805,0.419430,3260.843750
14,0.721979,0.363943,3510.452637
15,0.720141,0.329519,3760.005371
16,0.717170,0.306411,4009.564941
17,0.716612,0.299352,4259.104980
18,0.717108,0.299646,4508.734863
19,0.715869,0.302065,4758.216309
20,0.704989,0.316511,5007.789062
21,0.686669,0.347637,5257.436035
22,0.666113,0.383057,5506.964844
23,0.649448,0.429487,5773.228027
24,0.644423,0.487473,6006.090332
25,0.647849,0.556425,6272.361328
26,0.656664,0.614052,6505.206055
27,0.671253,0.655510,6754.810547
28,0.695815,0.679375,7004.320801
29,0.725011,0.694470,7270.538086
30,0.753430,0.699034,7503.453613
31,0.784727,0.696277,7753.029297
32,0.812537,0.686561,8019.319824
33,0.835683,0.671068,8252.122070
34,0.855998,0.650374,8501.758789
35,0.870903,0.616578,8751.309570
36,0.886964,0.577880,9000.920898
37,0.898358,0.539971,9250.407227
38,0.898965,0.527869,9516.600586
39,0.894616,0.528996,9766.164062
40,0.871618,0.532666,10015.727539
41,0.850619,0.533943,10265.233398
42,0.847906,0.534509,10514.837891
43,0.822166,0.539762,10764.382812
44,0.773295,0.535684,11014.015625
45,0.730642,0.513624,11263.640625
46,0.706112,0.493721,11513.120117
47,0.680569,0.480834,11762.744141
48,0.620195,0.470544,12012.266602
49,0.569337,0.470360,12261.818359
50,0.530895,0.479421,12511.355469
51,0.499312,0.497439,12760.976562
52,0.469310,0.517519,13010.486328
53,0.443954,0.539432,13260.108398
54,0.418077,0.564932,13509.576172
55,0.399314,0.595049,13759.224609
56,0.389996,0.630596,14008.800781
57,0.389140,0.654476,14258.353516
58,0.390476,0.666439,14507.927734
59,0.383938,0.647292,14757.445312
60,0.378232,0.624580,15007.033203
61,0.376055,0.590473,15256.596680
62,0.371484,0.534347,15506.199219
63,0.368305,0.474458,15755.665039
64,0.365262,0.425308,16005.299805
65,0.362969,0.394101,16254.839844
66,0.358585,0.374942,16504.421875
67,0.356033,0.356852,16753.933594
68,0.359576,0.332896,17003.556641
69,0.371891,0.322160,17253.119141
70,0.395269,0.330978,17502.679688
71,0.439347,0.349747,17752.259766
72,0.469752,0.377458,18001.812500
73,0.481071,0.394809,18251.304688
74,0.495454,0.407662,18517.511719
75,0.515451,0.417103,18750.492188
76,0.526153,0.426069,19016.603516
77,0.533831,0.433372,19266.222656
78,0.537573,0.438894,19515.746094
79,0.536858,0.441837,19765.378906
80,0.536350,0.448472,20014.976562
81,0.536324,0.465658,20264.496094
82,0.536996,0.476667,20514.085938
83,0.546214,0.494999,20763.642578
84,0.558358,0.526229,21013.205078
85,0.580471,0.547764,21262.701172
86,0.620791,0.565248,21595.492188
87,0.675830,0.621341,21845.148438
88,0.712858,0.659007,22011.453125
89,0.745059,0.676258,22344.179688
90,0.773585,0.688718,22577.111328
91,0.782552,0.689662,22826.734375
92,0.787694,0.687741,23076.207031
93,0.806302,0.665455,23325.884766
94,0.838041,0.597066,23575.416016
95,0.850142,0.575566,23824.943359
96,0.912307,0.568300,24074.583984
97,0.948648,0.574087,24324.062500
98,0.970712,0.584039,24557.101562
99,0.985555,0.585799,24823.207031
0,0.749911,0.535609,-0.023260
1,0.750165,0.533484,266.151703
2,0.743310,0.481192,515.729187
3,0.731490,0.438794,765.179565
4,0.726285,0.417266,1014.781128
5,0.724874,0.397263,1264.259155
6,0.724217,0.399210,1513.935303
7,0.727536,0.485161,1763.506958
8,0.734524,0.560554,2013.038086
9,0.739691,0.607163,2262.651367
10,0.745130,0.630806,2512.171631
11,0.754449,0.654657,2761.809570
12,0.763805,0.663267,3011.236572
13,0.773778,0.661426,3260.902100
14,0.788079,0.651847,3510.350098
15,0.805598,0.634328,3760.078125
16,0.815519,0.608659,4009.491699
17,0.822245,0.597776,4259.136719
18,0.828856,0.597562,4508.617188
19,0.839401,0.592647,4758.315918
20,0.859592,0.575928,5007.875977
21,0.892248,0.515552,5257.314941
22,0.918870,0.465356,5506.979980
23,0.944838,0.457891,5756.431152
24,0.973581,0.468054,6006.092773
25,0.013031,0.473652,6255.581543
26,0.052177,0.485773,6505.237305
27,0.075301,0.536971,6754.655762
28,0.092668,0.589492,7004.276367
29,0.114506,0.612885,7253.854004
30,0.129401,0.634528,7503.437500
31,0.126905,0.655403,7753.053711
32,0.105985,0.680745,8002.512207
33,0.042608,0.674608,8252.173828
34,0.946408,0.643846,8501.685547
35,0.843718,0.619924,8751.305664
36,0.747452,0.581007,9000.805664
37,0.675388,0.534650,9250.405273
38,0.632584,0.503411,9516.513672
39,0.603519,0.493625,9766.152344
40,0.574842,0.525046,10015.648438
41,0.549154,0.546145,10265.298828
42,0.526947,0.554349,10514.892578
43,0.506402,0.555879,10764.343750
44,0.485605,0.531474,11014.077148
45,0.474294,0.455227,11263.488281
46,0.478512,0.370066,11529.696289
47,0.469275,0.344366,11762.640625
48,0.423574,0.353933,12012.250000
49,0.391886,0.367139,12261.778320
50,0.378606,0.356175,12511.366211
51,0.363591,0.327307,12760.800781
52,0.357735,0.356171,13010.415039
53,0.349007,0.434266,13260.097656
54,0.350702,0.535819,13509.569336
55,0.350647,0.600904,13759.259766
56,0.348808,0.630106,14008.695312
57,0.352304,0.656706,14258.278320
58,0.365243,0.694947,14507.786133
59,0.378688,0.714750,14757.366211
60,0.393591,0.717151,15006.890625
61,0.419495,0.690775,15256.516602
62,0.462944,0.664721,15522.640625
63,0.485176,0.652999,15755.678711
64,0.515793,0.671950,16038.551758
65,0.565844,0.715899,16254.772461
66,0.615833,0.737484,16520.984375
67,0.652922,0.753455,16770.523438
68,0.685812,0.767013,17020.138672
69,0.712195,0.774660,17269.646484
70,0.730385,0.777420,17519.277344
71,0.754038,0.772985,17752.109375
72,0.776828,0.753952,18001.746094
73,0.789008,0.718352,18251.242188
74,0.794065,0.655140,18500.867188
75,0.801888,0.588325,18750.378906
76,0.817405,0.557388,19016.597656
77,0.836766,0.546069,19266.263672
78,0.835376,0.526799,19515.699219
79,0.819358,0.508007,19765.343750
80,0.797840,0.494242,20014.837891
81,0.766363,0.477455,20264.417969
82,0.741036,0.447167,20513.945312
83,0.731607,0.424050,20846.714844
84,0.721177,0.399812,21079.710938
85,0.713049,0.384658,21329.144531
86,0.710585,0.384607,21578.828125
87,0.734259,0.427979,21811.699219
88,0.760176,0.470684,22044.664062
89,0.773030,0.508716,22294.126953
90,0.776816,0.534799,22543.763672
91,0.776034,0.549106,22793.265625
92,0.772272,0.550840,23026.234375
93,0.772383,0.540396,23259.101562
94,0.772944,0.530464,23508.771484
95,0.768888,0.564872,23758.222656
96,0.758876,0.598832,24041.109375
97,0.760137,0.635016,24274.025391
98,0.756321,0.650489,24523.662109
99,0.748962,0.662564,24756.490234
0,0.750118,0.535758,0.059070
1,0.750280,0.533482,266.371918
2,0.751056,0.529617,515.910583
3,0.761076,0.529006,765.432800
4,0.784183,0.550245,1015.094666
5,0.816752,0.602834,1264.542236
6,0.844884,0.633942,1514.226440
7,0.835471,0.655154,1763.745972
8,0.807621,0.643751,2013.331909
9,0.787981,0.619463,2262.875000
10,0.782192,0.540723,2512.338379
11,0.776113,0.416209,2761.994873
12,0.750852,0.357570,3011.505859
13,0.712184,0.361704,3261.035645
14,0.644694,0.391280,3510.617676
15,0.618917,0.404188,3776.918457
16,0.617649,0.410025,4009.795898
17,0.645763,0.405810,4259.349609
18,0.814804,0.430540,4508.867676
19,0.896173,0.452395,4758.531250
20,0.936895,0.477192,5007.992676
21,0.969768,0.500800,5257.636230
22,0.992397,0.515895,5507.132324
23,0.997464,0.516354,5756.707031
24,0.003933,0.588240,6006.236816
25,0.990405,0.614085,6255.821777
26,0.915034,0.592758,6505.393555
27,0.754155,0.543203,6754.958008
28,0.598370,0.510408,7004.463867
29,0.476048,0.504492,7254.107422
30,0.399459,0.506215,7503.681641
31,0.342126,0.508731,7753.231445
32,0.290336,0.511038,8019.425781
33,0.249610,0.514371,8268.934570
34,0.214720,0.524581,8535.187500
35,0.198447,0.557205,8784.692383
36,0.196070,0.594704,9017.704102
37,0.194258,0.596590,9267.186523
38,0.195554,0.591747,9516.779297
39,0.200144,0.591253,9766.408203
40,0.209325,0.587737,10032.563477
41,0.226811,0.581732,10265.598633
42,0.252817,0.572126,10531.699219
43,0.284826,0.565219,10781.169922
44,0.323817,0.558601,11030.801758
45,0.359684,0.555494,11280.406250
46,0.391236,0.550860,11513.251953
47,0.410260,0.549348,11762.864258
48,0.434572,0.545528,12012.352539
49,0.464214,0.533609,12278.645508
50,0.496052,0.521317,12528.083008
51,0.524554,0.521490,12777.733398
52,0.559155,0.521649,13027.336914
53,0.589418,0.515696,13260.188477
54,0.601141,0.504288,13509.882812
55,0.617836,0.491564,13775.944336
56,0.622556,0.490985,14025.567383
57,0.610961,0.504952,14258.481445
58,0.595206,0.508446,14508.065430
59,0.580365,0.506070,14757.580078
60,0.585530,0.502232,15007.163086
61,0.595415,0.501925,15256.661133
62,0.601743,0.502909,15506.289062
63,0.606068,0.499217,15755.921875
64,0.608431,0.497139,16005.436523
65,0.613690,0.493357,16255.035156
66,0.619855,0.489480,16504.566406
67,0.622941,0.490075,16754.031250
68,0.624980,0.491819,17003.623047
69,0.627513,0.493042,17253.265625
70,0.630940,0.494419,17502.783203
71,0.637222,0.495033,17752.392578
72,0.640089,0.497568,18001.902344
73,0.646339,0.497889,18334.638672
74,0.659743,0.499454,18501.015625
75,0.670836,0.501436,18817.109375
76,0.685842,0.495430,19066.751953
77,0.708660,0.487355,19316.214844
78,0.721481,0.472066,19549.220703
79,0.729282,0.454050,19798.701172
80,0.731588,0.453345,20031.691406
81,0.717602,0.465176,20281.183594
82,0.678170,0.474929,20530.884766
83,0.659226,0.481082,20763.718750
84,0.655266,0.482090,21013.300781
85,0.656401,0.480460,21262.957031
86,0.661113,0.477461,21512.410156
87,0.669088,0.475428,21762.097656
88,0.676999,0.484791,22044.837891
89,0.690396,0.506900,22294.400391
90,0.695849,0.538736,22510.685547
91,0.716683,0.543349,22793.527344
92,0.772507,0.533893,23026.390625
93,0.815054,0.520988,23276.066406
94,0.842088,0.509511,23525.552734
95,0.845423,0.508232,23775.128906
96,0.833573,0.511834,24041.371094
97,0.828803,0.521150,24257.626953
98,0.818307,0.559369,24507.308594
99,0.800518,0.575656,24789.996094
0,0.750032,0.606047,0.012250
1,0.749984,0.607149,266.205353
2,0.745978,0.628557,515.818909
3,0.736902,0.677590,765.378235
4,0.735501,0.701059,1014.907593
5,0.730603,0.714074,1264.469849
6,0.734421,0.724589,1514.013916
7,0.738081,0.726275,1763.660889
8,0.740681,0.723946,2013.159546
9,0.745214,0.721829,2262.817627
10,0.750610,0.721045,2512.300781
11,0.752005,0.730817,2761.895752
12,0.752609,0.743510,3011.452637
13,0.751376,0.760768,3261.021484
14,0.738108,0.717930,3510.554932
15,0.727755,0.630882,3760.085449
16,0.730645,0.543399,4009.755371
17,0.733205,0.474868,4259.275391
18,0.739869,0.419891,4508.867188
19,0.748068,0.371936,4758.363281
20,0.754317,0.352258,5008.025879
21,0.757611,0.353637,5257.482910
22,0.767007,0.355041,5507.055664
23,0.801126,0.373120,5756.638672
24,0.847576,0.402677,6006.169434
25,0.887336,0.425868,6255.824219
26,0.923910,0.455684,6505.289062
27,0.959641,0.471158,6754.910156
28,0.996224,0.475944,7004.457520
29,0.028205,0.480975,7254.002930
30,0.056484,0.484073,7503.644043
31,0.081807,0.480308,7753.140625
32,0.110513,0.462830,8002.721191
33,0.138760,0.450266,8252.245117
34,0.164930,0.440006,8501.893555
35,0.195473,0.447094,8751.359375
36,0.204966,0.496544,9000.982422
37,0.192604,0.585067,9250.548828
38,0.191987,0.621878,9500.129883
39,0.193893,0.645413,9766.326172
40,0.209455,0.653523,10015.911133
41,0.235441,0.659796,10265.389648
42,0.264550,0.661094,10514.973633
43,0.284760,0.652008,10764.533203
44,0.302508,0.585341,11014.087891
45,0.331789,0.519981,11263.693359
46,0.367669,0.525440,11513.293945
47,0.409968,0.576441,11762.857422
48,0.444269,0.601099,12012.343750
49,0.472413,0.623514,12261.943359
50,0.492042,0.639755,12511.471680
51,0.510502,0.656427,12761.083984
52,0.541697,0.677659,13010.595703
53,0.569216,0.690943,13260.252930
54,0.580589,0.692920,13509.836914
55,0.557045,0.687513,13759.318359
56,0.520669,0.684607,14008.906250
57,0.526818,0.692670,14258.447266
58,0.547733,0.701408,14508.002930
59,0.605335,0.715525,14757.607422
60,0.665362,0.726228,15007.200195
61,0.702790,0.711359,15256.709961
62,0.755755,0.657356,15506.242188
63,0.781302,0.631539,15755.871094
64,0.782714,0.629987,16005.370117
65,0.776702,0.624103,16254.965820
66,0.744300,0.582204,16504.533203
67,0.711713,0.532156,16754.111328
68,0.692741,0.501768,17003.630859
69,0.667873,0.472430,17253.195312
70,0.627535,0.463273,17502.750000
71,0.550974,0.499128,17752.324219
72,0.517739,0.523756,18001.875000
73,0.504852,0.543119,18251.437500
74,0.491764,0.552119,18501.035156
75,0.480437,0.566316,18750.615234
76,0.467743,0.579114,19000.156250
77,0.460697,0.589736,19266.339844
78,0.448384,0.612012,19515.890625
79,0.433470,0.621729,19765.480469
80,0.415589,0.627297,20015.039062
81,0.395213,0.639717,20264.595703
82,0.377653,0.646399,20514.185547
83,0.367307,0.646489,20763.761719
84,0.364443,0.646447,21013.292969
85,0.365823,0.647235,21262.847656
86,0.365953,0.648702,21512.402344
87,0.358038,0.653438,21761.972656
88,0.342128,0.662882,22011.562500
89,0.314678,0.669630,22261.091797
90,0.282612,0.669178,22510.691406
91,0.258649,0.665162,22760.269531
92,0.235363,0.662573,23009.814453
93,0.213087,0.662503,23259.351562
94,0.188255,0.662131,23508.923828
95,0.158973,0.659274,23758.474609
96,0.112883,0.641575,24008.052734
97,0.075134,0.624994,24257.621094
98,0.046491,0.619496,24507.189453
99,0.024148,0.615887,24756.763672
0,0.764800,0.441701,-0.017571
1,0.803233,0.455065,266.073486
2,0.835996,0.493546,515.684448
3,0.834753,0.573905,765.252625
4,0.808311,0.641654,1014.803345
5,0.793731,0.689249,1264.321045
6,0.773968,0.718288,1513.953979
7,0.750048,0.735982,1780.211914
8,0.738409,0.768599,2013.082642
9,0.730969,0.819232,2262.751709
10,0.719974,0.862756,2512.225586
11,0.733821,0.898126,2761.761963
12,0.752482,0.915553,3011.322266
13,0.758181,0.913021,3260.899658
14,0.758035,0.909062,3510.446289
15,0.753204,0.908167,3760.035400
16,0.751652,0.907743,4009.524170
17,0.749699,0.906316,4259.234375
18,0.723663,0.901268,4508.647949
19,0.620876,0.853488,4758.291504
20,0.574382,0.802687,5007.774902
21,0.572444,0.799681,5257.400879
22,0.580728,0.805242,5506.987305
23,0.614522,0.787561,5756.550293
24,0.625075,0.730017,6006.160645
25,0.616391,0.647625,6255.592285
26,0.601672,0.588741,6505.092773
27,0.586402,0.578523,6754.755859
28,0.597910,0.564707,7004.375488
29,0.606717,0.552663,7270.494141
30,0.609963,0.545801,7503.431152
31,0.619243,0.542436,7769.603027
32,0.633276,0.532891,8002.606934
33,0.644165,0.520032,8252.046875
34,0.647717,0.527293,8501.673828
35,0.656946,0.530888,8751.322266
36,0.660477,0.537096,9000.781250
37,0.664848,0.536104,9250.457031
38,0.665152,0.527464,9583.136719
39,0.659284,0.521764,9832.659180
40,0.653983,0.521925,10082.307617
41,0.653789,0.534967,10315.123047
42,0.657544,0.562549,10564.789062
43,0.670137,0.574550,10797.662109
44,0.710374,0.540991,11030.679688
45,0.759096,0.490054,11296.787109
46,0.794824,0.464265,11529.786133
47,0.796162,0.443598,11779.222656
48,0.764936,0.411565,12028.910156
49,0.748310,0.365532,12261.735352
50,0.747259,0.364348,12528.021484
51,0.748100,0.355733,12760.867188
52,0.750088,0.327134,13010.482422
53,0.753291,0.284702,13259.973633
54,0.771614,0.257253,13509.603516
55,0.826919,0.253799,13792.506836
56,0.890299,0.264970,14041.999023
57,0.942724,0.301895,14274.979492
58,0.998423,0.341866,14524.493164
59,0.060198,0.385148,14757.429688
60,0.088236,0.435548,15006.982422
61,0.085674,0.513752,15289.827148
62,0.075576,0.568175,15522.715820
63,0.063333,0.605114,15772.278320
64,0.054475,0.624223,16021.813477
65,0.051315,0.625288,16271.391602
66,0.050211,0.623672,16504.263672
67,0.051902,0.621178,16770.556641
68,0.065452,0.617412,17003.533203
69,0.055717,0.617300,17253.017578
70,0.050497,0.617115,17502.679688
71,0.088395,0.610866,17752.150391
72,0.122381,0.612157,18001.810547
73,0.142129,0.632896,18251.255859
74,0.146206,0.650123,18500.865234
75,0.150441,0.664624,18750.367188
76,0.154368,0.673987,19000.013672
77,0.157371,0.683967,19332.748047
78,0.158283,0.690321,19582.230469
79,0.158185,0.694467,19831.892578
80,0.157278,0.696493,20081.451172
81,0.156534,0.697617,20330.986328
82,0.155854,0.699761,20580.566406
83,0.154971,0.701320,20830.080078
84,0.154057,0.703232,21063.099609
85,0.153565,0.703474,21329.212891
86,0.151871,0.701134,21562.216797
87,0.150632,0.699878,21811.669922
88,0.150442,0.698526,22061.326172
89,0.149817,0.699941,22310.826172
90,0.149553,0.701002,22543.822266
91,0.148827,0.697416,22809.896484
92,0.142473,0.667645,23059.564453
93,0.136498,0.612540,23309.078125
94,0.123453,0.544746,23542.007812
95,0.121590,0.463146,23791.546875
96,0.149964,0.399434,24024.546875
97,0.172536,0.349315,24274.021484
98,0.185930,0.331305,24507.009766
99,0.171874,0.332016,24756.574219
0,0.750027,0.518592,-0.047884
1,0.750152,0.519458,266.142578
2,0.748906,0.509672,515.709778
3,0.736941,0.466739,765.302551
4,0.722247,0.419771,1014.893250
5,0.713373,0.387232,1264.443115
6,0.709139,0.376601,1513.991577
7,0.707978,0.370496,1763.540649
8,0.708600,0.369220,2013.129028
9,0.708316,0.367789,2262.658203
10,0.708150,0.367568,2512.279297
11,0.708455,0.368447,2761.796631
12,0.708773,0.368460,3011.385010
13,0.708757,0.367303,3260.939941
14,0.708264,0.365192,3510.492432
15,0.707586,0.362775,3760.059326
16,0.706947,0.360984,4009.633301
17,0.706433,0.360792,4259.215332
18,0.705855,0.362598,4508.731934
19,0.706240,0.365825,4758.301758
20,0.706700,0.369525,5007.863770
21,0.706853,0.371133,5257.446289
22,0.706922,0.374111,5507.041992
23,0.707575,0.380393,5756.594238
24,0.708648,0.386154,6006.130859
25,0.708662,0.389101,6255.684570
26,0.708276,0.389735,6505.307617
27,0.708794,0.399574,6754.809570
28,0.712438,0.440721,7004.386719
29,0.718367,0.518082,7253.955566
30,0.721778,0.577021,7503.557129
31,0.720509,0.597778,7753.080566
32,0.723113,0.600101,8002.670410
33,0.727316,0.605381,8252.231445
34,0.735910,0.621827,8501.760742
35,0.741226,0.630346,8751.335938
36,0.751335,0.629886,9000.879883
37,0.769459,0.625913,9250.480469
38,0.786019,0.622409,9500.027344
39,0.806903,0.616971,9766.217773
40,0.826845,0.613077,10015.797852
41,0.845456,0.610887,10265.375977
42,0.866622,0.607596,10514.925781
43,0.885091,0.594999,10764.480469
44,0.896727,0.556975,11014.041016
45,0.911720,0.526381,11263.643555
46,0.928014,0.516123,11513.169922
47,0.949516,0.517683,11762.743164
48,0.970155,0.516917,12012.296875
49,0.995737,0.520341,12261.886719
50,0.030999,0.514050,12511.435547
51,0.055962,0.513974,12761.012695
52,0.074525,0.530440,13010.600586
53,0.095992,0.538139,13260.130859
54,0.114163,0.544309,13509.688477
55,0.135342,0.548301,13759.245117
56,0.158631,0.544998,14008.811523
57,0.179150,0.533583,14258.375977
58,0.195439,0.536361,14507.959961
59,0.226791,0.551781,14757.498047
60,0.253192,0.551647,15007.073242
61,0.273588,0.539573,15256.641602
62,0.297022,0.540275,15506.192383
63,0.321993,0.538864,15755.757812
64,0.344973,0.534420,16005.328125
65,0.367469,0.524615,16254.882812
66,0.383377,0.513861,16504.451172
67,0.408050,0.506100,16754.023438
68,0.425257,0.510722,17003.623047
69,0.431322,0.527409,17253.150391
70,0.432776,0.545126,17502.708984
71,0.432535,0.554451,17752.273438
72,0.423691,0.567392,18001.830078
73,0.407067,0.571259,18251.394531
74,0.380298,0.576391,18500.986328
75,0.355473,0.570816,18750.539062
76,0.341843,0.564888,19000.103516
77,0.328554,0.514865,19266.294922
78,0.311926,0.432620,19515.851562
79,0.298494,0.362520,19765.419922
80,0.286382,0.300677,20014.978516
81,0.276653,0.252270,20264.539062
82,0.284581,0.187223,20514.148438
83,0.305319,0.111460,20763.666016
84,0.333312,0.096879,21013.250000
85,0.333790,0.097821,21262.794922
86,0.331801,0.094794,21512.365234
87,0.339459,0.092765,21761.984375
88,0.337749,0.089968,22011.498047
89,0.294501,0.127683,22261.074219
90,0.276508,0.222624,22510.630859
91,0.278030,0.296731,22760.183594
92,0.273902,0.316604,23009.748047
93,0.277858,0.331258,23259.335938
94,0.280925,0.389294,23508.896484
95,0.282582,0.460850,23758.441406
96,0.283936,0.520983,24008.009766
97,0.291007,0.548521,24257.566406
98,0.300276,0.557498,24507.146484
99,0.309006,0.558561,24756.708984
0,0.750665,0.516649,0.055919
1,0.750811,0.519162,266.231415
2,0.751954,0.540231,515.879883
3,0.756274,0.618736,765.445923
4,0.758103,0.669413,1014.940735
5,0.754793,0.678507,1264.550781
6,0.736998,0.704479,1514.104248
7,0.712044,0.723944,1763.607788
8,0.698452,0.724702,2013.189087
9,0.674610,0.702406,2262.799072
10,0.635257,0.655493,2512.324951
11,0.599702,0.608895,2761.913330
12,0.555057,0.583334,3011.541504
13,0.515908,0.579561,3261.047607
14,0.495759,0.579727,3510.604980
15,0.485470,0.572847,3760.235107
16,0.475539,0.563566,4009.810547
17,0.477533,0.561360,4259.268555
18,0.491917,0.554424,4508.850098
19,0.537253,0.513162,4758.447266
20,0.583224,0.459095,5007.988281
21,0.612662,0.442888,5257.504883
22,0.647704,0.431875,5507.170898
23,0.688427,0.426078,5756.724609
24,0.719818,0.430272,6006.248047
25,0.730047,0.435338,6255.775391
26,0.739772,0.440946,6505.409668
27,0.770615,0.446775,6754.929199
28,0.807909,0.457511,7004.453125
29,0.860572,0.461096,7254.080078
30,0.898590,0.478994,7503.578125
31,0.875059,0.509532,7753.251465
32,0.838184,0.541024,8002.724609
33,0.833077,0.571352,8252.351562
34,0.849971,0.580171,8501.880859
35,0.904626,0.566443,8751.478516
36,0.994493,0.534171,9001.026367
37,0.070185,0.513600,9250.534180
38,0.136038,0.541856,9500.113281
39,0.172251,0.587450,9766.339844
40,0.197131,0.611700,10015.892578
41,0.221718,0.636025,10265.442383
42,0.230201,0.672441,10515.022461
43,0.225757,0.696521,10764.553711
44,0.214958,0.723057,11014.130859
45,0.189573,0.730212,11263.684570
46,0.147071,0.694960,11513.287109
47,0.125276,0.640126,11762.860352
48,0.100843,0.590302,12012.390625
49,0.073423,0.558840,12261.959961
50,0.044628,0.528430,12511.526367
51,0.001638,0.509071,12761.081055
52,0.952329,0.498627,13010.631836
53,0.902929,0.499464,13260.213867
54,0.848288,0.508649,13509.757812
55,0.793276,0.515761,13759.366211
56,0.759903,0.512125,14008.884766
57,0.739865,0.483937,14258.517578
58,0.728388,0.452868,14508.012695
59,0.723877,0.436617,14757.608398
60,0.716634,0.428871,15007.153320
61,0.712971,0.428785,15256.705078
62,0.716750,0.447898,15506.280273
63,0.719725,0.480999,15755.839844
64,0.716591,0.500701,16005.416016
65,0.712875,0.511356,16255.019531
66,0.713376,0.516250,16504.529297
67,0.716959,0.506645,16754.091797
68,0.717425,0.490938,17003.656250
69,0.716899,0.484834,17253.234375
70,0.717357,0.486444,17502.835938
71,0.717896,0.486277,17752.363281
72,0.718539,0.485288,18001.906250
73,0.718972,0.485048,18251.498047
74,0.719387,0.486079,18501.041016
75,0.719701,0.486450,18750.603516
76,0.719738,0.487615,19000.167969
77,0.719788,0.489384,19266.378906
78,0.717731,0.490098,19515.949219
79,0.712227,0.496149,19765.537109
80,0.707390,0.501401,20015.058594
81,0.701879,0.502785,20264.621094
82,0.685251,0.500380,20514.189453
83,0.654653,0.486714,20763.746094
84,0.618255,0.479575,21013.314453
85,0.597310,0.468662,21262.921875
86,0.572928,0.442746,21512.478516
87,0.528400,0.421385,21762.021484
88,0.480879,0.424731,22011.583984
89,0.436884,0.432592,22261.134766
90,0.396489,0.408199,22510.691406
91,0.370403,0.379034,22760.251953
92,0.363772,0.364694,23009.865234
93,0.362831,0.364213,23259.435547
94,0.356086,0.368243,23508.972656
95,0.364212,0.373569,23758.519531
96,0.393545,0.396927,24008.101562
97,0.448957,0.428129,24257.660156
98,0.504363,0.440349,24507.208984
99,0.541916,0.459437,24756.804688
0,0.750009,0.481782,-0.024684
1,0.751092,0.488809,266.168121
2,0.748231,0.507660,515.772888
3,0.748488,0.551057,765.316345
4,0.751236,0.571026,1014.867432
5,0.752003,0.575407,1264.427368
6,0.761360,0.576626,1514.091309
7,0.774507,0.564571,1763.614624
8,0.789064,0.530525,2013.151855
9,0.800718,0.466211,2262.728271
10,0.800415,0.427280,2512.271484
11,0.777157,0.404253,2761.870605
12,0.743007,0.385518,3011.467041
13,0.731432,0.369454,3260.978027
14,0.726042,0.339556,3510.517822
15,0.721359,0.293821,3760.080322
16,0.711730,0.263798,4009.658936
17,0.705409,0.254704,4259.220215
18,0.700224,0.262024,4508.740723
19,0.687265,0.287099,4758.337402
20,0.667363,0.344546,5007.964355
21,0.647405,0.397450,5257.459961
22,0.628394,0.457253,5507.036133
23,0.607673,0.490991,5756.626953
24,0.578194,0.517906,6006.167480
25,0.555787,0.530379,6255.740723
26,0.550292,0.531301,6505.348145
27,0.548925,0.536635,6754.859863
28,0.542060,0.550900,7004.469238
29,0.529495,0.566631,7253.942871
30,0.514435,0.574180,7503.546875
31,0.494501,0.574927,7753.119141
32,0.474931,0.569051,8002.732910
33,0.457780,0.565482,8252.253906
34,0.440304,0.559021,8501.773438
35,0.416815,0.549613,8751.369141
36,0.389730,0.543852,9000.890625
37,0.366339,0.542436,9250.458984
38,0.345227,0.542586,9500.060547
39,0.333376,0.505965,9766.231445
40,0.317803,0.445791,10015.852539
41,0.292435,0.369805,10265.403320
42,0.286236,0.315704,10514.925781
43,0.275575,0.345692,10764.532227
44,0.249826,0.459398,11014.057617
45,0.225664,0.541517,11263.632812
46,0.207305,0.574646,11513.297852
47,0.194447,0.598397,11762.775391
48,0.186240,0.616747,12012.343750
49,0.175221,0.631592,12261.950195
50,0.164023,0.627400,12511.471680
51,0.157494,0.603415,12761.017578
52,0.146644,0.569840,13010.598633
53,0.123317,0.532434,13260.155273
54,0.101249,0.500358,13509.723633
55,0.088042,0.487814,13759.312500
56,0.082987,0.484782,14008.864258
57,0.082089,0.496658,14258.385742
58,0.100356,0.489520,14507.967773
59,0.134800,0.475516,14757.525391
60,0.179419,0.469076,15007.083008
61,0.231120,0.464401,15256.663086
62,0.308558,0.466117,15506.215820
63,0.405858,0.466474,15755.806641
64,0.486894,0.485279,16005.332031
65,0.544168,0.501052,16254.909180
66,0.595614,0.513223,16504.482422
67,0.640733,0.503731,16754.041016
68,0.679802,0.500720,17003.585938
69,0.720925,0.496216,17253.152344
70,0.761577,0.495569,17502.748047
71,0.796731,0.497107,17752.287109
72,0.827586,0.499677,18001.873047
73,0.847006,0.500140,18251.406250
74,0.859846,0.500366,18501.021484
75,0.881277,0.534964,18750.574219
76,0.880425,0.596786,19000.087891
77,0.870696,0.619519,19266.304688
78,0.881696,0.643088,19515.900391
79,0.892929,0.663908,19765.427734
80,0.891131,0.711623,20014.996094
81,0.905252,0.735785,20264.566406
82,0.953462,0.692949,20514.134766
83,0.997596,0.633607,20763.705078
84,0.012995,0.578425,21013.250000
85,0.028583,0.531294,21262.835938
86,0.043191,0.527574,21512.384766
87,0.055567,0.548979,21761.960938
88,0.064364,0.551834,22011.490234
89,0.070450,0.553142,22261.083984
90,0.077482,0.566827,22510.660156
91,0.085829,0.580793,22760.257812
92,0.089016,0.589269,23009.765625
93,0.090376,0.597282,23259.320312
94,0.092896,0.596955,23508.898438
95,0.087660,0.575277,23758.468750
96,0.076087,0.516558,24008.009766
97,0.071133,0.469575,24257.576172
98,0.076142,0.439451,24507.150391
99,0.081282,0.412890,24756.718750
0,0.742671,0.652692,-0.047038
1,0.730745,0.650436,266.184753
2,0.727754,0.665041,515.752258
3,0.740075,0.698559,765.342651
4,0.748515,0.715660,1014.856262
5,0.751967,0.739855,1264.482422
6,0.733866,0.816965,1513.983643
7,0.712296,0.878633,1763.612793
8,0.700696,0.883112,2013.089966
9,0.691288,0.859893,2262.660156
10,0.688929,0.859406,2512.205322
11,0.699413,0.863446,2761.830811
12,0.642356,0.898883,3011.366699
13,0.594958,0.894543,3260.925781
14,0.633657,0.851043,3510.528564
15,0.633524,0.801790,3760.144043
16,0.682660,0.767658,4009.601562
17,0.746685,0.722737,4259.227539
18,0.780404,0.675595,4508.748535
19,0.793188,0.657011,4758.274902
20,0.800468,0.653134,5007.878906
21,0.814079,0.642886,5257.448730
22,0.867343,0.624454,5507.014160
23,0.919460,0.606835,5756.576172
24,0.955995,0.591651,6006.150391
25,0.980763,0.589164,6255.692383
26,0.000039,0.580050,6505.281738
27,0.981962,0.579217,6754.812500
28,0.911131,0.587788,7004.452148
29,0.898482,0.593205,7253.954590
30,0.896916,0.594181,7503.476562
31,0.883473,0.592954,7753.124512
32,0.847733,0.592540,8002.716797
33,0.827713,0.590323,8252.243164
34,0.811085,0.589695,8501.744141
35,0.800555,0.590425,8751.397461
36,0.777696,0.588800,9000.917969
37,0.761876,0.591101,9250.421875
38,0.737122,0.582840,9500.057617
39,0.722281,0.561108,9766.310547
40,0.722618,0.543854,10015.817383
41,0.721477,0.505046,10265.408203
42,0.724472,0.510652,10514.937500
43,0.733517,0.562657,10764.460938
44,0.681845,0.567310,11014.044922
45,0.630405,0.559288,11263.589844
46,0.602460,0.568834,11513.215820
47,0.569546,0.575868,11762.809570
48,0.541753,0.563072,12012.295898
49,0.511249,0.559157,12261.848633
50,0.471195,0.565234,12511.454102
51,0.439981,0.557885,12760.994141
52,0.422709,0.559784,13010.553711
53,0.396095,0.579715,13260.082031
54,0.364595,0.605316,13509.645508
55,0.327588,0.594480,13759.270508
56,0.287187,0.586177,14008.789062
57,0.248832,0.585404,14258.399414
58,0.225922,0.580920,14507.924805
59,0.223124,0.584724,14757.524414
60,0.238481,0.589090,15007.072266
61,0.306941,0.590572,15256.641602
62,0.428205,0.554264,15506.271484
63,0.530249,0.509712,15755.739258
64,0.597198,0.469450,16005.419922
65,0.650356,0.467216,16254.864258
66,0.709591,0.483631,16504.425781
67,0.739847,0.465366,16754.015625
68,0.794810,0.500133,17003.601562
69,0.854998,0.538419,17253.191406
70,0.901912,0.566076,17502.685547
71,0.969589,0.573202,17752.341797
72,0.015762,0.584843,18001.820312
73,0.047111,0.582264,18251.447266
74,0.069399,0.627119,18500.925781
75,0.085404,0.680417,18750.617188
76,0.090251,0.705607,19000.048828
77,0.085025,0.727293,19266.298828
78,0.072922,0.733428,19515.853516
79,0.046142,0.726715,19765.472656
80,0.018946,0.722392,20014.945312
81,0.986409,0.706029,20264.572266
82,0.954393,0.701215,20514.074219
83,0.870482,0.658677,20763.746094
84,0.812615,0.589397,21013.277344
85,0.808526,0.596267,21262.810547
86,0.809735,0.598788,21512.416016
87,0.801224,0.600726,21761.958984
88,0.790607,0.610998,22011.464844
89,0.783267,0.627296,22261.082031
90,0.773486,0.644693,22510.716797
91,0.768284,0.664315,22760.158203
92,0.757049,0.702756,23009.732422
93,0.747735,0.734422,23259.292969
94,0.740846,0.752993,23508.880859
95,0.744787,0.749941,23758.460938
96,0.747298,0.742655,24008.042969
97,0.748398,0.748356,24257.576172
98,0.746819,0.750147,24507.134766
99,0.747776,0.751336,24756.667969
0,0.749764,0.598372,0.007412
1,0.749670,0.599603,266.290253
2,0.750356,0.600595,515.782715
3,0.754108,0.601939,765.367798
4,0.756782,0.602400,1014.888977
5,0.764692,0.610217,1264.457397
6,0.793472,0.621967,1514.029907
7,0.809554,0.623047,1763.656616
8,0.809862,0.627256,2013.196899
9,0.786825,0.639483,2262.746582
10,0.736155,0.643973,2512.318359
11,0.714053,0.660374,2761.867432
12,0.722587,0.675792,3011.430664
13,0.735575,0.695787,3260.986328
14,0.741629,0.703461,3510.586182
15,0.743549,0.706301,3760.094238
16,0.749101,0.709632,4009.660889
17,0.760533,0.714935,4259.339355
18,0.761407,0.717381,4508.819824
19,0.761437,0.717449,4758.360352
20,0.761219,0.716791,5008.016602
21,0.761398,0.713346,5257.606445
22,0.771363,0.671194,5507.044434
23,0.794737,0.595700,5756.604980
24,0.804352,0.561920,6006.272461
25,0.804781,0.554061,6255.763184
26,0.802912,0.547649,6505.314941
27,0.781386,0.510967,6754.913574
28,0.725504,0.478883,7004.507812
29,0.688844,0.462431,7254.114746
30,0.691244,0.449457,7503.597656
31,0.695209,0.443957,7753.192871
32,0.703092,0.399512,8002.731934
33,0.716802,0.296255,8252.242188
34,0.722590,0.216559,8501.914062
35,0.735161,0.174694,8751.413086
36,0.773986,0.163171,9000.970703
37,0.913084,0.191868,9250.505859
38,0.023663,0.229664,9500.125977
39,0.090403,0.199110,9766.267578
40,0.117058,0.137158,10015.869141
41,0.150704,0.104673,10265.380859
42,0.163955,0.130265,10514.979492
43,0.184665,0.256388,10764.522461
44,0.214147,0.345979,11014.143555
45,0.236367,0.387987,11263.651367
46,0.223085,0.503100,11513.284180
47,0.203407,0.594337,11762.828125
48,0.202957,0.625742,12012.334961
49,0.189380,0.654864,12261.958984
50,0.127572,0.657292,12511.577148
51,0.060063,0.659973,12761.137695
52,0.002621,0.663060,13010.622070
53,0.931086,0.644539,13260.189453
54,0.792795,0.660827,13509.750000
55,0.671349,0.665999,13759.294922
56,0.600198,0.633105,14008.892578
57,0.551228,0.612742,14258.443359
58,0.502606,0.625155,14508.036133
59,0.450561,0.646784,14757.566406
60,0.401300,0.662952,15007.158203
61,0.346674,0.684895,15256.682617
62,0.311344,0.706416,15506.246094
63,0.294575,0.723940,15755.820312
64,0.283805,0.727854,16005.473633
65,0.283322,0.717983,16254.937500
66,0.299388,0.695944,16504.486328
67,0.334840,0.659489,16754.062500
68,0.391862,0.616382,17003.664062
69,0.447935,0.578367,17253.261719
70,0.507832,0.536369,17502.742188
71,0.555676,0.512159,17752.324219
72,0.583548,0.504779,18001.882812
73,0.592498,0.506445,18251.437500
74,0.567730,0.520404,18501.044922
75,0.527101,0.511559,18750.621094
76,0.522488,0.510186,19000.199219
77,0.525717,0.510283,19266.386719
78,0.535997,0.509634,19515.886719
79,0.582961,0.504136,19765.478516
80,0.647105,0.509128,20015.035156
81,0.677889,0.546508,20264.599609
82,0.678145,0.597040,20514.197266
83,0.675258,0.625986,20763.740234
84,0.677950,0.639961,21013.310547
85,0.686092,0.648380,21262.869141
86,0.707634,0.661123,21512.480469
87,0.731124,0.673335,21761.972656
88,0.747858,0.681311,22011.554688
89,0.757720,0.683375,22261.175781
90,0.763766,0.685334,22510.763672
91,0.767988,0.686121,22760.250000
92,0.768282,0.687352,23009.800781
93,0.770302,0.688335,23259.484375
94,0.772477,0.688756,23508.914062
95,0.774355,0.687504,23758.519531
96,0.775541,0.687641,24008.058594
97,0.775877,0.688001,24257.734375
98,0.776220,0.687540,24507.275391
99,0.776600,0.687755,24756.734375
0,0.750127,0.555355,0.006653
1,0.750469,0.559810,266.204132
2,0.751016,0.590384,515.819458
3,0.749959,0.647831,765.356201
4,0.743275,0.692934,1014.929016
5,0.726426,0.713815,1264.498291
6,0.706010,0.707599,1514.137329
7,0.673407,0.681932,1763.689941
8,0.631180,0.642501,2013.171509
9,0.587326,0.600806,2262.846680
10,0.545782,0.571474,2512.301270
11,0.510555,0.556411,2761.861084
12,0.484702,0.560680,3011.475586
13,0.459897,0.566189,3260.987061
14,0.427176,0.572722,3510.560303
15,0.394470,0.588883,3760.132080
16,0.361305,0.604704,4009.692627
17,0.329092,0.607986,4259.243164
18,0.299113,0.606260,4508.787598
19,0.268620,0.609452,4758.464844
20,0.239954,0.610778,5007.959961
21,0.212629,0.608834,5257.567383
22,0.186587,0.596559,5507.091309
23,0.162530,0.593166,5756.622070
24,0.129989,0.590191,6006.174805
25,0.088878,0.563337,6255.721191
26,0.063315,0.504756,6505.424316
27,0.010970,0.498315,6754.840820
28,0.946246,0.517314,7004.468262
29,0.893932,0.528257,7254.018066
30,0.847316,0.528563,7503.582520
31,0.804707,0.527791,7753.184570
32,0.769010,0.527414,8002.699219
33,0.748182,0.506027,8252.268555
34,0.735058,0.485926,8501.792969
35,0.719902,0.480555,8751.381836
36,0.715186,0.480021,9000.935547
37,0.703897,0.477532,9250.488281
38,0.684272,0.481039,9500.072266
39,0.654172,0.529169,9766.292969
40,0.659068,0.577880,10015.812500
41,0.709425,0.604051,10265.454102
42,0.772537,0.595731,10515.040039
43,0.846639,0.580124,10764.582031
44,0.925892,0.567836,11014.099609
45,0.999534,0.554225,11263.743164
46,0.052898,0.540516,11513.241211
47,0.098872,0.534118,11762.793945
48,0.141396,0.525841,12012.370117
49,0.180878,0.517848,12261.908203
50,0.221013,0.521486,12511.525391
51,0.262642,0.539734,12761.026367
52,0.303298,0.584999,13010.647461
53,0.319704,0.680050,13260.228516
54,0.327681,0.777230,13509.761719
55,0.351619,0.762936,13759.379883
56,0.391210,0.682196,14008.914062
57,0.427670,0.600681,14258.454102
58,0.455695,0.546091,14507.973633
59,0.480317,0.507982,14757.647461
60,0.496867,0.473358,15007.105469
61,0.511545,0.460839,15256.718750
62,0.527604,0.468137,15506.224609
63,0.541280,0.482822,15755.905273
64,0.558452,0.504924,16005.371094
65,0.573251,0.518860,16254.939453
66,0.592662,0.520455,16504.498047
67,0.618902,0.520196,16754.044922
68,0.654252,0.523156,17003.646484
69,0.689241,0.522127,17253.199219
70,0.712017,0.513947,17502.779297
71,0.726081,0.510166,17752.308594
72,0.725456,0.512034,18001.884766
73,0.725373,0.507544,18251.423828
74,0.733845,0.515443,18500.988281
75,0.720826,0.560550,18750.595703
76,0.705068,0.624807,19000.136719
77,0.671512,0.662992,19266.347656
78,0.611100,0.666952,19515.890625
79,0.520707,0.644839,19765.464844
80,0.436690,0.631919,20015.031250
81,0.360006,0.639179,20264.597656
82,0.299965,0.634055,20514.164062
83,0.244382,0.634718,20763.724609
84,0.171151,0.622437,21013.277344
85,0.113174,0.588837,21262.847656
86,0.072134,0.558390,21512.402344
87,0.027998,0.548376,21761.964844
88,0.992253,0.549297,22011.546875
89,0.958289,0.550155,22261.119141
90,0.923722,0.549666,22510.685547
91,0.889782,0.550516,22760.232422
92,0.858765,0.555608,23009.791016
93,0.835998,0.557365,23259.361328
94,0.820336,0.540538,23508.916016
95,0.797336,0.536686,23758.476562
96,0.772784,0.531869,24008.074219
97,0.746076,0.523598,24257.640625
98,0.747354,0.522021,24507.185547
99,0.756765,0.524575,24756.755859
0,0.749939,0.502034,-0.008204
1,0.749776,0.504554,266.281372
2,0.749581,0.544855,515.846863
3,0.756317,0.638402,765.315552
4,0.759724,0.698501,1014.915588
5,0.760823,0.759295,1264.429199
6,0.759532,0.822167,1513.994019
7,0.763381,0.848082,1763.647217
8,0.763922,0.848762,2013.173096
9,0.762244,0.844531,2262.770020
10,0.734960,0.810846,2512.269287
11,0.706114,0.752235,2761.832031
12,0.696501,0.751923,3011.422852
13,0.677892,0.796180,3260.945312
14,0.661219,0.786466,3510.519775
15,0.629917,0.678332,3760.108154
16,0.615047,0.566099,4009.704346
17,0.610055,0.538227,4259.242188
18,0.600887,0.536579,4508.772461
19,0.602650,0.531130,4758.360840
20,0.647524,0.480981,5007.946777
21,0.672618,0.441213,5257.550293
22,0.697111,0.406306,5507.071777
23,0.738156,0.360811,5756.638672
24,0.738835,0.345551,6006.201660
25,0.738705,0.352825,6255.792969
26,0.738934,0.374252,6505.324707
27,0.754763,0.475962,6754.842773
28,0.761956,0.551246,7004.479980
29,0.771485,0.593309,7254.017578
30,0.794708,0.614310,7503.588867
31,0.794393,0.623307,7753.084473
32,0.799419,0.585696,8002.665527
33,0.817952,0.523216,8252.302734
34,0.835661,0.502435,8501.831055
35,0.844727,0.510223,8751.396484
36,0.861955,0.507672,9000.979492
37,0.898832,0.441945,9250.533203
38,0.919507,0.428610,9500.062500
39,0.924749,0.520625,9766.296875
40,0.926116,0.562338,10015.871094
41,0.932353,0.571879,10265.440430
42,0.955108,0.562284,10514.937500
43,0.994044,0.535715,10764.549805
44,0.022448,0.507698,11014.102539
45,0.072648,0.476571,11263.673828
46,0.098870,0.457188,11513.186523
47,0.107702,0.500077,11762.771484
48,0.119360,0.560261,12012.356445
49,0.135261,0.580330,12261.887695
50,0.147104,0.610427,12511.490234
51,0.147278,0.652225,12761.025391
52,0.141105,0.681974,13010.602539
53,0.129571,0.679110,13260.144531
54,0.154100,0.636873,13509.784180
55,0.187798,0.590674,13759.291992
56,0.198612,0.565705,14008.841797
57,0.208466,0.524524,14258.438477
58,0.220012,0.449049,14508.033203
59,0.230724,0.375124,14757.561523
60,0.247140,0.302225,15007.083984
61,0.265693,0.262907,15256.743164
62,0.294658,0.266477,15506.204102
63,0.301829,0.300358,15755.788086
64,0.294293,0.445360,16005.389648
65,0.288768,0.602796,16254.930664
66,0.284954,0.661773,16504.494141
67,0.288039,0.726129,16754.048828
68,0.304583,0.725158,17003.619141
69,0.325230,0.653303,17253.173828
70,0.344793,0.611287,17502.794922
71,0.396812,0.560325,17752.312500
72,0.414601,0.559060,18001.867188
73,0.421166,0.560414,18251.466797
74,0.434251,0.564895,18500.980469
75,0.478794,0.575794,18750.597656
76,0.502148,0.577660,19000.162109
77,0.531176,0.571870,19266.410156
78,0.565469,0.561528,19515.898438
79,0.588365,0.550822,19765.451172
80,0.596076,0.512534,20015.017578
81,0.594375,0.477986,20264.619141
82,0.589866,0.456787,20514.128906
83,0.610223,0.480090,20763.763672
84,0.615184,0.512437,21013.298828
85,0.585172,0.533370,21262.861328
86,0.578583,0.541738,21512.398438
87,0.554739,0.555511,21761.998047
88,0.540564,0.563657,22011.535156
89,0.528579,0.566549,22261.109375
90,0.510912,0.553058,22510.738281
91,0.496275,0.544284,22760.263672
92,0.484493,0.542730,23009.765625
93,0.472691,0.543230,23259.324219
94,0.462234,0.544347,23509.013672
95,0.452100,0.546854,23758.507812
96,0.435504,0.546752,24008.041016
97,0.415772,0.546791,24257.589844
98,0.393204,0.544308,24507.240234
99,0.375701,0.541884,24756.751953
0,0.749582,0.493052,0.009892
1,0.749777,0.493809,266.197723
2,0.749853,0.494699,515.808350
3,0.750469,0.509925,765.353882
4,0.750467,0.536083,1014.939270
5,0.753933,0.570797,1264.566284
6,0.756980,0.602594,1514.063477
7,0.757541,0.631403,1763.594604
8,0.758218,0.652120,2013.140991
9,0.752703,0.675284,2262.751709
10,0.748071,0.706989,2512.286865
11,0.740178,0.728751,2761.869141
12,0.742347,0.730773,3011.438477
13,0.745280,0.725109,3261.088867
14,0.749682,0.717652,3510.588379
15,0.751767,0.709846,3760.093506
16,0.748125,0.698666,4009.777588
17,0.748558,0.700698,4259.218262
18,0.748601,0.701204,4508.778809
19,0.747956,0.685123,4758.356445
20,0.741083,0.673446,5008.020996
21,0.739495,0.662319,5257.497559
22,0.740049,0.655590,5507.043945
23,0.738997,0.632785,5756.662109
24,0.737717,0.613137,6006.177246
25,0.740064,0.589963,6255.732910
26,0.743280,0.562874,6505.364746
27,0.743320,0.522095,6754.984375
28,0.739794,0.491040,7004.470215
29,0.735468,0.459322,7253.997070
30,0.759580,0.465617,7503.612793
31,0.786902,0.482191,7753.153320
32,0.793535,0.502269,8002.718750
33,0.800391,0.520308,8252.337891
34,0.798649,0.522739,8501.922852
35,0.785588,0.519036,8751.446289
36,0.758503,0.511271,9000.949219
37,0.711263,0.506619,9250.507812
38,0.665098,0.502101,9500.100586
39,0.631510,0.521654,9766.295898
40,0.596023,0.543698,10015.888672
41,0.569180,0.552434,10265.403320
42,0.540552,0.557822,10515.020508
43,0.510092,0.555719,10764.547852
44,0.481183,0.554131,11014.085938
45,0.455881,0.552190,11263.730469
46,0.436687,0.556206,11513.233398
47,0.418347,0.560172,11762.775391
48,0.391318,0.565499,12012.413086
49,0.364246,0.566894,12262.006836
50,0.348278,0.569699,12528.183594
51,0.343417,0.569682,12761.070312
52,0.340617,0.572209,13010.679688
53,0.317552,0.574841,13260.195312
54,0.272844,0.570601,13509.718750
55,0.244564,0.568525,13759.350586
56,0.217229,0.572222,14008.914062
57,0.183988,0.579255,14258.482422
58,0.186988,0.619311,14507.997070
59,0.233414,0.654399,14757.567383
60,0.255677,0.671078,15007.147461
61,0.249421,0.686056,15256.684570
62,0.241945,0.729760,15506.261719
63,0.242388,0.775287,15755.817383
64,0.237894,0.780895,16005.400391
65,0.211894,0.763229,16254.933594
66,0.172740,0.736470,16504.505859
67,0.141701,0.702793,16754.087891
68,0.121623,0.647666,17003.666016
69,0.110249,0.587337,17253.203125
70,0.100799,0.523080,17502.773438
71,0.082784,0.490738,17752.326172
72,0.043246,0.483916,18001.873047
73,0.021532,0.469120,18251.443359
74,0.014380,0.463112,18501.015625
75,0.015413,0.467602,18750.619141
76,0.014927,0.467356,19000.144531
77,0.987401,0.478231,19266.351562
78,0.945707,0.496433,19515.927734
79,0.910132,0.517522,19765.492188
80,0.890908,0.528590,20015.021484
81,0.889459,0.526630,20264.644531
82,0.917777,0.516153,20514.167969
83,0.975877,0.492778,20763.728516
84,0.058588,0.488502,21013.281250
85,0.127886,0.477875,21262.845703
86,0.160335,0.470068,21512.427734
87,0.182327,0.471793,21761.994141
88,0.205616,0.467330,22011.554688
89,0.228373,0.429182,22261.113281
90,0.254119,0.359855,22510.691406
91,0.281710,0.335992,22760.259766
92,0.297302,0.333535,23009.794922
93,0.312937,0.344553,23259.355469
94,0.329748,0.344594,23508.917969
95,0.344921,0.348122,23758.492188
96,0.377365,0.364938,24008.060547
97,0.433002,0.385323,24257.628906
98,0.476279,0.398489,24507.214844
99,0.497597,0.397859,24756.771484
0,0.749934,0.519079,0.014431
1,0.750094,0.519530,266.168823
2,0.750014,0.520453,515.813477
3,0.749839,0.521252,765.287415
4,0.749768,0.522697,1014.869019
5,0.749497,0.521513,1264.418091
6,0.744895,0.508047,1514.017822
7,0.736866,0.491038,1763.537231
8,0.729887,0.477015,2013.152832
9,0.726019,0.470709,2262.734863
10,0.722314,0.467606,2512.317627
11,0.721097,0.465175,2761.817871
12,0.721156,0.463665,3011.375244
13,0.721056,0.463049,3260.961914
14,0.718321,0.465720,3510.498291
15,0.714117,0.470490,3760.066162
16,0.707099,0.478338,4009.651123
17,0.702065,0.487538,4259.200684
18,0.697330,0.499169,4508.808105
19,0.695642,0.503481,4758.333984
20,0.693495,0.505127,5007.894531
21,0.689636,0.508485,5257.470215
22,0.684646,0.514275,5507.046875
23,0.670046,0.527500,5756.562500
24,0.650779,0.545766,6006.135254
25,0.639760,0.554704,6255.707031
26,0.630242,0.557285,6505.308105
27,0.624794,0.560751,6754.855469
28,0.622065,0.568378,7004.401367
29,0.625682,0.577639,7253.965332
30,0.632505,0.587581,7503.516602
31,0.636119,0.589153,7753.084961
32,0.636741,0.586506,8002.652344
33,0.636326,0.584446,8252.227539
34,0.636631,0.583823,8501.788086
35,0.639859,0.581657,8751.379883
36,0.641611,0.577860,9000.899414
37,0.644704,0.573214,9250.474609
38,0.671826,0.572492,9500.078125
39,0.708879,0.579949,9766.260742
40,0.725972,0.585531,10015.824219
41,0.732840,0.590255,10265.378906
42,0.737504,0.597246,10514.965820
43,0.739301,0.603335,10764.494141
44,0.741458,0.606863,11014.065430
45,0.743334,0.605137,11263.638672
46,0.744365,0.602801,11513.171875
47,0.744676,0.599991,11762.735352
48,0.739671,0.594303,12012.321289
49,0.737391,0.593379,12261.883789
50,0.740879,0.593998,12511.456055
51,0.747748,0.591325,12761.017578
52,0.756902,0.587714,13010.583984
53,0.768426,0.583431,13260.152344
54,0.781563,0.571196,13509.695312
55,0.789145,0.572074,13759.290039
56,0.793157,0.574890,14008.833008
57,0.800154,0.571299,14258.376953
58,0.807993,0.573293,14507.948242
59,0.815473,0.572826,14757.536133
60,0.823501,0.570058,15007.080078
61,0.830572,0.569682,15256.637695
62,0.837658,0.570318,15506.219727
63,0.845734,0.569145,15755.760742
64,0.853137,0.566286,16005.344727
65,0.861473,0.562817,16254.904297
66,0.870247,0.556926,16504.478516
67,0.879012,0.551613,16754.033203
68,0.888280,0.550923,17003.589844
69,0.895056,0.554935,17253.158203
70,0.888147,0.567961,17502.710938
71,0.876472,0.570953,17752.298828
72,0.871035,0.579744,18001.841797
73,0.871501,0.594416,18251.419922
74,0.875609,0.615056,18500.978516
75,0.886037,0.615398,18750.544922
76,0.897416,0.600552,19000.103516
77,0.901920,0.587461,19266.300781
78,0.908892,0.570170,19515.875000
79,0.918929,0.558530,19765.433594
80,0.929314,0.550650,20015.031250
81,0.938693,0.542616,20264.574219
82,0.952312,0.538699,20514.109375
83,0.963588,0.534262,20763.699219
84,0.970466,0.531251,21013.242188
85,0.978975,0.525759,21262.814453
86,0.990398,0.525106,21512.369141
87,0.007320,0.521616,21761.951172
88,0.025826,0.516239,22011.535156
89,0.040083,0.508703,22261.107422
90,0.050217,0.511847,22510.632812
91,0.061485,0.520454,22760.195312
92,0.077145,0.529024,23009.796875
93,0.092565,0.537711,23259.314453
94,0.103185,0.540609,23508.896484
95,0.114195,0.549023,23758.447266
96,0.125877,0.554434,24008.062500
97,0.134517,0.560142,24257.593750
98,0.145132,0.572761,24507.171875
99,0.154251,0.579836,24756.734375
0,0.750008,0.563025,0.005947
1,0.749866,0.564062,266.263855
2,0.750479,0.568833,515.777405
3,0.751955,0.573198,765.444031
4,0.752952,0.576902,1014.906311
5,0.754942,0.591365,1264.459473
6,0.761800,0.656101,1514.078247
7,0.764139,0.708054,1763.631104
8,0.765479,0.714986,2013.215698
9,0.762128,0.717736,2262.771240
10,0.762232,0.720929,2512.402832
11,0.767279,0.765418,2761.894287
12,0.772135,0.812993,3011.416016
13,0.774150,0.860037,3261.034668
14,0.776824,0.901707,3510.578613
15,0.776323,0.913544,3760.095215
16,0.768021,0.924576,4009.727295
17,0.756667,0.952373,4259.235352
18,0.754690,0.967040,4508.799316
19,0.752906,0.964501,4758.379883
20,0.771774,0.956462,5007.959961
21,0.836324,0.926962,5257.527832
22,0.892711,0.894838,5507.074219
23,0.913176,0.898360,5756.669922
24,0.936132,0.899814,6006.223633
25,0.948941,0.900226,6255.789062
26,0.961191,0.877210,6505.307129
27,0.993460,0.795868,6754.936035
28,0.007576,0.723468,7004.490234
29,0.019636,0.659065,7270.683105
30,0.033943,0.618463,7503.628906
31,0.040924,0.612430,7753.179199
32,0.064444,0.617709,8002.750977
33,0.073295,0.620492,8252.243164
34,0.068030,0.608651,8501.883789
35,0.053148,0.593316,8751.385742
36,0.032097,0.588970,9000.982422
37,0.007343,0.578520,9250.560547
38,0.976606,0.560359,9500.083008
39,0.955841,0.547238,9766.341797
40,0.942984,0.539384,10015.897461
41,0.930680,0.532854,10265.400391
42,0.921377,0.527676,10515.021484
43,0.913720,0.523166,10764.595703
44,0.907565,0.521067,11014.131836
45,0.901759,0.519929,11263.706055
46,0.897914,0.520670,11513.291016
47,0.897522,0.522131,11762.832031
48,0.892984,0.524900,12012.346680
49,0.881064,0.529783,12262.026367
50,0.851651,0.544424,12511.497070
51,0.819293,0.554431,12761.038086
52,0.813450,0.561502,13010.605469
53,0.814092,0.564628,13260.230469
54,0.811060,0.573648,13509.799805
55,0.804428,0.583446,13759.332031
56,0.800647,0.576833,14008.898438
57,0.800760,0.561591,14258.524414
58,0.797652,0.536824,14508.062500
59,0.763593,0.496275,14757.586914
60,0.734442,0.474626,15007.228516
61,0.712440,0.459493,15256.710938
62,0.710315,0.415692,15506.270508
63,0.716964,0.349617,15755.858398
64,0.676344,0.297573,16005.433594
65,0.624262,0.261611,16254.979492
66,0.613266,0.252886,16504.490234
67,0.616725,0.263461,16754.119141
68,0.646041,0.318196,17003.625000
69,0.666679,0.373623,17253.185547
70,0.658179,0.411873,17502.746094
71,0.642548,0.451901,17752.382812
72,0.628394,0.508570,18001.929688
73,0.614952,0.547533,18251.449219
74,0.623198,0.554673,18501.048828
75,0.628817,0.559199,18750.574219
76,0.626638,0.569166,19000.132812
77,0.613875,0.592351,19266.363281
78,0.565724,0.602854,19515.937500
79,0.553939,0.601361,19765.521484
80,0.545287,0.604314,20015.103516
81,0.530991,0.601449,20264.597656
82,0.532301,0.593129,20514.208984
83,0.534579,0.589564,20763.761719
84,0.537600,0.583201,21013.302734
85,0.543196,0.575033,21262.878906
86,0.541953,0.570833,21512.490234
87,0.539079,0.566595,21761.982422
88,0.530899,0.560712,22011.605469
89,0.510830,0.553261,22261.138672
90,0.494821,0.551639,22510.720703
91,0.476478,0.554735,22760.279297
92,0.453936,0.557441,23009.892578
93,0.427761,0.562120,23259.443359
94,0.399314,0.569179,23509.000000
95,0.379077,0.577293,23758.515625
96,0.375379,0.565321,24008.115234
97,0.374455,0.499246,24257.650391
98,0.365457,0.431166,24507.207031
99,0.351413,0.397212,24756.787109
0,0.749495,0.465954,-0.012236
1,0.748392,0.465664,266.174713
2,0.745138,0.478460,515.838684
3,0.743788,0.520703,765.285706
4,0.750505,0.596012,1014.914795
5,0.770749,0.675277,1264.412476
6,0.779869,0.742439,1513.988892
7,0.762375,0.780166,1763.580078
8,0.743791,0.782222,2013.163208
9,0.745483,0.770519,2262.795166
10,0.751418,0.736295,2512.260498
11,0.760641,0.689983,2761.920898
12,0.763840,0.677934,3011.406494
13,0.765046,0.656812,3260.933350
14,0.757173,0.617961,3510.500244
15,0.740781,0.554500,3760.173096
16,0.728943,0.479993,4009.622314
17,0.722935,0.416019,4259.181641
18,0.722680,0.376933,4508.812988
19,0.720267,0.368749,4758.350098
20,0.687647,0.412358,5007.882324
21,0.622544,0.468604,5257.527832
22,0.581442,0.520042,5507.049316
23,0.556216,0.574803,5756.564453
24,0.539166,0.634345,6006.158203
25,0.537805,0.651886,6255.718262
26,0.541993,0.652960,6505.276367
27,0.541700,0.655974,6754.824707
28,0.540855,0.660520,7004.474609
29,0.541675,0.663850,7254.068359
30,0.543564,0.669036,7503.588867
31,0.589355,0.693420,7753.089844
32,0.648585,0.754735,8002.662598
33,0.686178,0.803235,8252.214844
34,0.723819,0.807803,8501.789062
35,0.771717,0.758731,8751.384766
36,0.835109,0.656390,9000.907227
37,0.891014,0.561672,9250.551758
38,0.936262,0.495408,9500.029297
39,0.959651,0.485929,9766.253906
40,0.982781,0.491444,10015.886719
41,0.997708,0.498669,10265.423828
42,0.972781,0.495810,10514.957031
43,0.879673,0.491935,10764.551758
44,0.805783,0.489043,11014.167969
45,0.770918,0.489787,11263.739258
46,0.755548,0.478985,11513.171875
47,0.748560,0.465080,11762.803711
48,0.743668,0.451258,12012.312500
49,0.742333,0.442881,12261.911133
50,0.743500,0.440888,12511.479492
51,0.741700,0.444862,12761.091797
52,0.741014,0.447431,13010.622070
53,0.743026,0.451594,13260.117188
54,0.743495,0.452352,13509.778320
55,0.744731,0.455248,13759.335938
56,0.746098,0.458376,14008.924805
57,0.747582,0.464802,14258.411133
58,0.748746,0.468267,14507.951172
59,0.748540,0.469124,14757.549805
60,0.747714,0.472065,15007.070312
61,0.747229,0.475772,15256.746094
62,0.747868,0.477291,15506.236328
63,0.747909,0.480225,15755.811523
64,0.750212,0.481291,16005.422852
65,0.751440,0.484665,16254.937500
66,0.753541,0.491657,16504.492188
67,0.753020,0.489708,16754.052734
68,0.753186,0.488376,17003.628906
69,0.753021,0.488399,17253.136719
70,0.752963,0.488390,17502.777344
71,0.752235,0.487236,17752.316406
72,0.747240,0.471483,18001.970703
73,0.738937,0.437274,18251.441406
74,0.739414,0.399280,18500.980469
75,0.767998,0.385851,18750.591797
76,0.844685,0.406788,19000.152344
77,0.902777,0.446995,19266.326172
78,0.927062,0.475814,19515.955078
79,0.938106,0.500663,19765.410156
80,0.937415,0.524472,20015.087891
81,0.928093,0.547961,20264.601562
82,0.900680,0.567370,20514.132812
83,0.840028,0.590488,20763.695312
84,0.793042,0.610340,21013.306641
85,0.761319,0.644616,21262.843750
86,0.742525,0.674737,21512.396484
87,0.746230,0.692258,21761.931641
88,0.758599,0.694389,22011.511719
89,0.766714,0.692048,22261.083984
90,0.766642,0.689253,22510.634766
91,0.762245,0.686206,22760.222656
92,0.759061,0.682379,23009.792969
93,0.758935,0.675680,23259.333984
94,0.758535,0.667620,23508.923828
95,0.758915,0.663759,23758.460938
96,0.759042,0.657568,24008.009766
97,0.759132,0.654216,24257.570312
98,0.759324,0.652268,24507.177734
99,0.759750,0.650268,24756.720703
0,0.759612,0.520149,0.006643
1,0.769931,0.542441,266.217621
2,0.775044,0.576963,515.714783
3,0.779571,0.610885,765.329773
4,0.782970,0.652374,1014.860962
5,0.783301,0.693011,1264.506470
6,0.786852,0.751094,1514.015015
7,0.801914,0.803080,1763.597778
8,0.819727,0.855917,2013.153320
9,0.854164,0.893553,2262.669189
10,0.915451,0.913863,2512.320801
11,0.981837,0.921073,2761.827148
12,0.048805,0.916183,3011.397217
13,0.084968,0.892536,3260.966797
14,0.116289,0.863181,3510.548828
15,0.181557,0.781136,3760.093506
16,0.257432,0.735599,4009.631104
17,0.283318,0.731041,4259.283203
18,0.297324,0.724584,4508.729004
19,0.269963,0.729667,4758.390137
20,0.213097,0.729144,5007.872559
21,0.149125,0.739411,5257.488770
22,0.095313,0.758818,5507.050293
23,0.051778,0.768763,5756.550781
24,0.998042,0.761522,6006.248047
25,0.936015,0.740395,6255.733398
26,0.883802,0.707791,6505.323242
27,0.839517,0.665251,6754.819336
28,0.800569,0.652561,7004.439941
29,0.777554,0.631209,7253.942871
30,0.751325,0.596704,7503.500977
31,0.721710,0.552498,7753.113770
32,0.721688,0.446988,8002.751953
33,0.713329,0.376066,8252.247070
34,0.690723,0.365081,8501.758789
35,0.641996,0.407629,8751.421875
36,0.599217,0.463730,9000.902344
37,0.567693,0.535510,9250.500977
38,0.534314,0.566899,9500.083984
39,0.506947,0.587502,9766.301758
40,0.477029,0.593010,10015.849609
41,0.444760,0.591290,10265.410156
42,0.408839,0.587193,10514.909180
43,0.394485,0.608062,10764.578125
44,0.388588,0.629956,11014.046875
45,0.389678,0.630866,11263.604492
46,0.420345,0.588518,11513.197266
47,0.446038,0.561271,11762.807617
48,0.484984,0.527322,12012.384766
49,0.531030,0.508638,12261.870117
50,0.575858,0.500745,12511.453125
51,0.607763,0.502248,12761.038086
52,0.638452,0.500780,13010.574219
53,0.678691,0.477942,13260.124023
54,0.741898,0.446221,13509.700195
55,0.818484,0.455458,13759.308594
56,0.889450,0.493026,14008.846680
57,0.937916,0.528761,14258.368164
58,0.914161,0.543077,14507.953125
59,0.859606,0.532746,14757.493164
60,0.810321,0.536782,15007.123047
61,0.767569,0.533289,15256.678711
62,0.712969,0.517934,15506.264648
63,0.630182,0.519965,15755.772461
64,0.529069,0.549739,16005.357422
65,0.427166,0.577218,16254.989258
66,0.345506,0.596265,16504.462891
67,0.300200,0.616895,16754.019531
68,0.266564,0.626610,17003.619141
69,0.237725,0.639959,17253.169922
70,0.208852,0.644330,17502.710938
71,0.181655,0.631653,17752.312500
72,0.155993,0.624802,18001.873047
73,0.133317,0.619368,18251.406250
74,0.115153,0.602066,18500.996094
75,0.098717,0.583463,18750.603516
76,0.089268,0.557081,19000.109375
77,0.083710,0.533704,19266.363281
78,0.075985,0.513562,19515.869141
79,0.064487,0.499250,19765.457031
80,0.053051,0.493393,20015.000000
81,0.048183,0.475310,20264.535156
82,0.064096,0.444474,20514.140625
83,0.111279,0.425674,20763.744141
84,0.158609,0.420163,21013.248047
85,0.172599,0.419079,21262.806641
86,0.189775,0.413496,21512.439453
87,0.217925,0.400721,21761.980469
88,0.240137,0.388919,22011.498047
89,0.262582,0.385151,22261.093750
90,0.275951,0.383369,22510.640625
91,0.290711,0.377456,22760.218750
92,0.307815,0.374477,23009.757812
93,0.327371,0.369173,23259.341797
94,0.346013,0.366932,23508.869141
95,0.363923,0.366351,23758.539062
96,0.381877,0.366520,24008.033203
97,0.399335,0.367164,24257.603516
98,0.415568,0.368699,24507.162109
99,0.428438,0.370051,24756.679688
0,0.749799,0.573505,-0.003703
1,0.749680,0.574538,266.144531
2,0.749124,0.583969,515.794434
3,0.748887,0.616157,765.319763
4,0.752674,0.662282,1014.870850
5,0.753698,0.685681,1264.552979
6,0.753869,0.687143,1513.976807
7,0.753082,0.691138,1763.599731
8,0.740632,0.687824,2013.095215
9,0.725106,0.658951,2262.749512
10,0.703951,0.578045,2512.278564
11,0.690966,0.503102,2761.842285
12,0.694567,0.460409,3011.391113
13,0.700493,0.450474,3260.962402
14,0.703926,0.450887,3510.543945
15,0.703084,0.454462,3760.077881
16,0.703503,0.458055,4009.700928
17,0.706475,0.467384,4259.174316
18,0.709938,0.476289,4508.787598
19,0.719063,0.472961,4758.340332
20,0.735270,0.481697,5007.902832
21,0.755767,0.488207,5257.512207
22,0.777675,0.494504,5507.037109
23,0.791313,0.510881,5756.660645
24,0.805840,0.540467,6006.139160
25,0.820197,0.552127,6255.796875
26,0.841635,0.553483,6505.291016
27,0.857893,0.566973,6754.825684
28,0.859263,0.589507,7004.431641
29,0.855352,0.597968,7253.981445
30,0.857083,0.610986,7503.516113
31,0.870194,0.629480,7753.084473
32,0.886314,0.632246,8002.736328
33,0.908798,0.623151,8252.268555
34,0.928148,0.629643,8501.767578
35,0.915700,0.683286,8751.389648
36,0.887099,0.722352,9000.985352
37,0.905579,0.727844,9250.509766
38,0.948886,0.659130,9500.024414
39,0.985800,0.590243,9766.248047
40,0.012420,0.570941,10015.888672
41,0.036241,0.581471,10265.365234
42,0.052963,0.596484,10514.905273
43,0.058378,0.616635,10764.465820
44,0.065959,0.622532,11014.149414
45,0.080955,0.621332,11263.621094
46,0.095703,0.612058,11513.203125
47,0.107773,0.603291,11762.785156
48,0.121040,0.602734,12012.324219
49,0.146583,0.606711,12261.874023
50,0.180941,0.608359,12511.472656
51,0.231514,0.602959,12761.011719
52,0.280107,0.606926,13010.562500
53,0.314135,0.608171,13260.197266
54,0.371375,0.595295,13509.722656
55,0.430345,0.592803,13759.295898
56,0.451982,0.589947,14008.808594
57,0.463118,0.576485,14258.461914
58,0.492849,0.590334,14508.013672
59,0.523055,0.597163,14757.549805
60,0.545799,0.603602,15007.095703
61,0.569246,0.615355,15256.679688
62,0.592778,0.608994,15506.237305
63,0.615000,0.586978,15755.756836
64,0.651348,0.578201,16005.394531
65,0.673952,0.586979,16254.893555
66,0.677977,0.593489,16504.457031
67,0.659870,0.585873,16754.011719
68,0.647740,0.555641,17003.630859
69,0.657197,0.475665,17253.193359
70,0.663313,0.430757,17502.734375
71,0.643779,0.408082,17752.328125
72,0.565967,0.358282,18001.882812
73,0.512272,0.368961,18251.486328
74,0.499218,0.424819,18500.951172
75,0.502293,0.487526,18750.576172
76,0.514382,0.544499,19000.109375
77,0.525880,0.570900,19266.316406
78,0.528076,0.575874,19515.841797
79,0.528710,0.585123,19765.441406
80,0.529023,0.603065,20015.025391
81,0.522505,0.612181,20264.630859
82,0.506144,0.616132,20514.113281
83,0.481884,0.615255,20763.775391
84,0.458376,0.604135,21013.322266
85,0.440926,0.599578,21262.798828
86,0.414148,0.602359,21512.455078
87,0.390597,0.608859,21761.949219
88,0.378116,0.617696,22011.560547
89,0.364290,0.617453,22261.062500
90,0.359206,0.619418,22510.687500
91,0.354012,0.629015,22760.183594
92,0.337354,0.630626,23009.814453
93,0.315672,0.634329,23259.343750
94,0.275953,0.655087,23508.925781
95,0.251972,0.694261,23758.472656
96,0.232353,0.712330,24008.001953
97,0.206228,0.708324,24257.634766
98,0.181975,0.704944,24507.169922
99,0.167282,0.698634,24756.796875
0,0.750373,0.557826,-0.018065
1,0.750248,0.557804,266.248352
2,0.749717,0.558993,515.741394
3,0.748890,0.573264,765.397156
4,0.745616,0.617121,1014.886963
5,0.741839,0.659478,1264.477417
6,0.737768,0.696182,1514.016968
7,0.733792,0.703706,1763.624756
8,0.730284,0.694242,2013.145264
9,0.669802,0.618068,2262.685791
10,0.606210,0.545053,2512.322266
11,0.566737,0.530967,2761.829346
12,0.564769,0.535259,3011.415771
13,0.566224,0.535261,3260.925049
14,0.578087,0.522921,3510.549316
15,0.611506,0.509408,3760.103027
16,0.667556,0.519349,4009.614990
17,0.717025,0.499575,4259.168945
18,0.737206,0.483015,4508.771973
19,0.750735,0.455206,4758.401855
20,0.763679,0.449656,5007.875488
21,0.774456,0.461794,5257.496582
22,0.789413,0.477396,5507.077637
23,0.816886,0.488157,5756.592773
24,0.861019,0.495274,6006.174316
25,0.883492,0.511229,6255.727051
26,0.894614,0.516309,6505.334961
27,0.906121,0.517864,6754.869629
28,0.917920,0.520464,7004.455078
29,0.927089,0.523016,7253.937500
30,0.936188,0.526368,7503.513184
31,0.950370,0.525932,7753.107910
32,0.964581,0.524720,8002.684082
33,0.981449,0.523578,8252.202148
34,0.998792,0.525326,8501.771484
35,0.016536,0.526478,8751.415039
36,0.036864,0.526368,9000.949219
37,0.065821,0.529325,9250.463867
38,0.098067,0.542089,9500.072266
39,0.119165,0.542981,9766.261719
40,0.142758,0.536384,10015.829102
41,0.177644,0.525715,10265.385742
42,0.196605,0.529129,10514.919922
43,0.205992,0.531789,10764.543945
44,0.207339,0.530189,11014.085938
45,0.201388,0.533040,11263.635742
46,0.195338,0.536452,11513.165039
47,0.194385,0.537796,11762.731445
48,0.194324,0.538155,12012.376953
49,0.193749,0.540103,12261.881836
50,0.193226,0.542315,12511.523438
51,0.192913,0.543827,12760.990234
52,0.190233,0.545371,13010.591797
53,0.152054,0.526569,13260.170898
54,0.071721,0.501576,13509.761719
55,0.001472,0.505865,13759.238281
56,0.963886,0.514863,14008.843750
57,0.932264,0.509256,14258.358398
58,0.887171,0.507731,14507.971680
59,0.830530,0.508354,14757.510742
60,0.772797,0.508580,15007.081055
61,0.697858,0.510486,15256.729492
62,0.611109,0.504411,15506.262695
63,0.539887,0.508350,15755.755859
64,0.507043,0.519529,16005.323242
65,0.485176,0.534649,16254.921875
66,0.471548,0.542684,16504.437500
67,0.444145,0.566525,16754.060547
68,0.397934,0.609100,17003.583984
69,0.373529,0.626342,17253.195312
70,0.370703,0.628765,17502.699219
71,0.376020,0.631539,17752.310547
72,0.375266,0.635333,18001.839844
73,0.373735,0.636128,18251.427734
74,0.372824,0.637038,18500.982422
75,0.372149,0.635452,18750.511719
76,0.374700,0.634931,19000.082031
77,0.393390,0.621680,19266.332031
78,0.462157,0.587368,19515.843750
79,0.511907,0.570834,19765.501953
80,0.549145,0.578055,20015.000000
81,0.599039,0.581913,20264.529297
82,0.659267,0.594045,20514.103516
83,0.691646,0.592451,20763.750000
84,0.717541,0.581065,21013.330078
85,0.743170,0.579964,21262.792969
86,0.761002,0.581479,21512.431641
87,0.770791,0.591172,21761.943359
88,0.772750,0.598658,22011.519531
89,0.769169,0.603203,22261.087891
90,0.761384,0.605799,22510.646484
91,0.753202,0.607535,22760.218750
92,0.750042,0.610460,23009.740234
93,0.754532,0.610489,23259.400391
94,0.766231,0.612486,23508.898438
95,0.781095,0.613982,23758.507812
96,0.787275,0.614714,24008.035156
97,0.787253,0.621360,24257.628906
98,0.783074,0.621894,24507.148438
99,0.777745,0.623979,24756.689453
0,0.750345,0.492323,0.015972
1,0.750558,0.499935,266.319031
2,0.756624,0.535581,515.772217
3,0.770609,0.613056,765.341736
4,0.783762,0.687227,1014.948853
5,0.773550,0.732157,1264.491455
6,0.743054,0.737090,1514.012329
7,0.737685,0.725875,1763.587769
8,0.746382,0.699175,2013.248901
9,0.754765,0.640230,2262.714844
10,0.765922,0.573835,2512.268311
11,0.767797,0.561449,2761.867920
12,0.770824,0.594393,3011.445068
13,0.771179,0.600069,3260.958252
14,0.775136,0.595176,3510.632568
15,0.786440,0.570888,3760.190430
16,0.791636,0.553630,4009.745605
17,0.791204,0.543467,4259.268555
18,0.787287,0.541971,4508.802246
19,0.786168,0.539971,4758.366211
20,0.793353,0.543647,5007.905273
21,0.797374,0.547771,5257.534668
22,0.802904,0.566238,5507.042969
23,0.814009,0.549945,5756.627441
24,0.859967,0.525156,6006.155762
25,0.900977,0.507228,6255.857422
26,0.940736,0.495095,6505.375488
27,0.971488,0.506810,6754.873535
28,0.977217,0.497236,7004.527832
29,0.004775,0.509467,7253.985840
30,0.050683,0.522238,7503.572266
31,0.089768,0.525859,7753.131348
32,0.118368,0.521896,8002.688965
33,0.131770,0.529928,8252.277344
34,0.144172,0.538123,8501.836914
35,0.158625,0.559458,8751.384766
36,0.180277,0.575550,9001.008789
37,0.209550,0.600257,9250.505859
38,0.242418,0.618846,9500.055664
39,0.273303,0.615338,9766.299805
40,0.292202,0.615518,10015.925781
41,0.289256,0.617930,10265.424805
42,0.266961,0.692942,10514.985352
43,0.241733,0.744492,10764.567383
44,0.249403,0.796357,11014.071289
45,0.247901,0.802330,11263.673828
46,0.240769,0.804158,11513.210938
47,0.226105,0.725812,11762.899414
48,0.209215,0.590445,12012.364258
49,0.173101,0.471252,12261.943359
50,0.133475,0.410668,12511.498047
51,0.112044,0.344825,12761.137695
52,0.086730,0.270892,13010.621094
53,0.044360,0.254657,13260.147461
54,0.988161,0.287260,13509.792969
55,0.942260,0.350816,13759.280273
56,0.910041,0.398710,14008.978516
57,0.879076,0.417374,14258.415039
58,0.853173,0.426215,14508.096680
59,0.830384,0.433389,14757.583008
60,0.801982,0.436607,15007.112305
61,0.786334,0.438794,15256.681641
62,0.786709,0.447822,15506.298828
63,0.788609,0.446795,15755.785156
64,0.790050,0.452901,16005.365234
65,0.784314,0.457469,16255.000977
66,0.730605,0.458850,16504.480469
67,0.657674,0.482454,16754.046875
68,0.633889,0.520917,17003.662109
69,0.619930,0.540128,17253.201172
70,0.606762,0.544363,17502.781250
71,0.603825,0.546366,17752.359375
72,0.603246,0.548908,18001.953125
73,0.600764,0.547842,18251.445312
74,0.590703,0.542892,18501.003906
75,0.580785,0.525665,18750.667969
76,0.576419,0.479976,19000.160156
77,0.583228,0.484839,19266.423828
78,0.588329,0.513906,19515.943359
79,0.589482,0.537390,19765.457031
80,0.589726,0.538165,20015.095703
81,0.590687,0.535766,20264.582031
82,0.587698,0.539954,20514.136719
83,0.576986,0.547992,20763.726562
84,0.565776,0.557391,21013.375000
85,0.552487,0.559714,21262.888672
86,0.540553,0.557565,21512.427734
87,0.533508,0.551032,21762.076172
88,0.534788,0.549818,22011.556641
89,0.544182,0.554715,22261.085938
90,0.555380,0.566757,22510.689453
91,0.582823,0.603712,22760.326172
92,0.632656,0.638597,23009.839844
93,0.670545,0.667519,23259.333984
94,0.679118,0.682081,23508.974609
95,0.705982,0.674452,23758.494141
96,0.717884,0.665460,24008.083984
97,0.725685,0.657754,24257.679688
98,0.736014,0.638676,24507.281250
99,0.735969,0.611114,24756.787109
0,0.750167,0.469583,0.009826
1,0.749983,0.470048,266.222870
2,0.747536,0.463097,515.818848
3,0.743752,0.454915,765.431824
4,0.741925,0.447873,1014.888733
5,0.736490,0.434618,1264.462158
6,0.730984,0.423580,1514.037598
7,0.723817,0.414361,1763.664917
8,0.717724,0.402981,2013.198486
9,0.716921,0.396221,2262.721436
10,0.718245,0.393232,2512.299072
11,0.718494,0.390643,2761.903076
12,0.719003,0.393237,3011.431885
13,0.719851,0.395593,3260.954102
14,0.721673,0.424687,3510.536865
15,0.731881,0.485644,3760.073730
16,0.739022,0.545893,4009.734863
17,0.747697,0.597789,4259.224121
18,0.756488,0.633747,4508.884766
19,0.761077,0.660367,4758.341797
20,0.763517,0.674765,5008.011719
21,0.767943,0.671734,5257.525879
22,0.770691,0.666996,5507.122070
23,0.768841,0.669733,5756.617188
24,0.773251,0.671418,6006.166504
25,0.777604,0.664751,6255.750000
26,0.780072,0.662861,6505.304688
27,0.781644,0.656106,6754.877930
28,0.788440,0.633944,7004.473633
29,0.790668,0.624013,7254.007324
30,0.797148,0.610055,7503.541992
31,0.804870,0.593448,7753.140137
32,0.817158,0.572313,8002.663086
33,0.838571,0.540808,8252.233398
34,0.872640,0.500418,8501.834961
35,0.902658,0.463461,8751.371094
36,0.915917,0.448588,9000.949219
37,0.925057,0.447470,9250.490234
38,0.921859,0.443005,9500.058594
39,0.905722,0.424894,9766.247070
40,0.861901,0.403126,10015.849609
41,0.803090,0.388096,10265.397461
42,0.745851,0.392971,10514.953125
43,0.675793,0.412437,10764.505859
44,0.622888,0.446393,11014.114258
45,0.595945,0.477381,11263.633789
46,0.571923,0.505817,11513.208984
47,0.534041,0.545501,11762.776367
48,0.531600,0.561837,12012.347656
49,0.541700,0.565678,12261.897461
50,0.548139,0.562662,12511.455078
51,0.558634,0.559069,12761.050781
52,0.566543,0.554347,13010.579102
53,0.567310,0.549801,13260.144531
54,0.565189,0.554001,13509.731445
55,0.564947,0.563915,13759.300781
56,0.562913,0.578926,14008.872070
57,0.539422,0.596680,14258.416992
58,0.507827,0.596196,14508.000000
59,0.481721,0.583763,14757.536133
60,0.448307,0.581047,15007.095703
61,0.419145,0.573480,15256.666992
62,0.400007,0.573821,15506.237305
63,0.387183,0.576587,15755.797852
64,0.370635,0.584966,16005.342773
65,0.356666,0.597790,16254.934570
66,0.345172,0.603721,16504.505859
67,0.331074,0.605335,16754.039062
68,0.311514,0.606921,17003.617188
69,0.299503,0.609265,17253.175781
70,0.310773,0.609984,17502.728516
71,0.320533,0.598122,17752.337891
72,0.323995,0.608754,18001.894531
73,0.336080,0.629853,18251.457031
74,0.343731,0.637376,18501.009766
75,0.340227,0.632710,18750.560547
76,0.325665,0.633194,19000.128906
77,0.276174,0.616573,19266.335938
78,0.221727,0.600445,19515.894531
79,0.183863,0.590456,19765.460938
80,0.143522,0.589519,20015.044922
81,0.103803,0.591808,20264.597656
82,0.097617,0.590186,20514.136719
83,0.102468,0.593819,20763.707031
84,0.113203,0.642072,21013.287109
85,0.121528,0.681795,21262.843750
86,0.139308,0.709678,21512.380859
87,0.177672,0.778483,21761.962891
88,0.216566,0.826651,22011.533203
89,0.235645,0.876904,22261.140625
90,0.255487,0.912216,22510.646484
91,0.286475,0.943161,22760.230469
92,0.378687,0.962693,23009.771484
93,0.462094,0.964134,23259.359375
94,0.422130,0.957252,23508.916016
95,0.314993,0.907253,23758.480469
96,0.258788,0.812475,24008.037109
97,0.234198,0.725570,24257.623047
98,0.208417,0.668122,24507.164062
99,0.173967,0.616981,24756.714844
0,0.749873,0.519074,0.060355
1,0.749724,0.520296,266.312378
2,0.751144,0.528021,515.930664
3,0.757394,0.546727,765.444763
4,0.761817,0.561221,1015.033691
5,0.766268,0.586922,1264.591309
6,0.765288,0.598748,1514.083374
7,0.760341,0.573414,1763.679932
8,0.751913,0.525430,2013.204712
9,0.726068,0.494975,2262.833496
10,0.674053,0.470331,2512.353271
11,0.620550,0.465421,2761.919189
12,0.595382,0.486131,3011.560059
13,0.566172,0.514233,3261.065186
14,0.514626,0.542093,3510.663330
15,0.476303,0.585851,3760.219238
16,0.452752,0.618016,4009.856201
17,0.441475,0.638300,4259.312988
18,0.440472,0.642831,4508.874023
19,0.446323,0.639480,4758.467285
20,0.460916,0.628849,5008.008789
21,0.486724,0.595849,5257.577148
22,0.518344,0.563123,5507.181152
23,0.544943,0.553312,5756.759277
24,0.567817,0.539181,6006.310547
25,0.595075,0.528372,6255.814453
26,0.624733,0.515513,6505.405762
27,0.669749,0.509488,6754.969238
28,0.721747,0.498512,7004.488281
29,0.793653,0.516405,7254.169434
30,0.837568,0.543763,7503.662598
31,0.859967,0.555663,7753.278809
32,0.894025,0.554116,8002.761719
33,0.931204,0.537354,8252.414062
34,0.965219,0.526973,8501.954102
35,0.985097,0.546219,8751.456055
36,0.987561,0.575307,9001.041992
37,0.977418,0.616484,9250.600586
38,0.942728,0.658211,9500.162109
39,0.885243,0.689119,9766.418945
40,0.843750,0.695951,10015.901367
41,0.810865,0.694138,10265.510742
42,0.789373,0.689501,10515.038086
43,0.779442,0.689600,10764.602539
44,0.777576,0.689380,11014.199219
45,0.777546,0.689259,11263.712891
46,0.771298,0.719074,11513.291992
47,0.761889,0.759837,11762.852539
48,0.760231,0.772902,12012.445312
49,0.765213,0.766113,12262.059570
50,0.765238,0.757703,12511.584961
51,0.766534,0.741353,12761.170898
52,0.773038,0.694382,13010.672852
53,0.780375,0.645817,13260.255859
54,0.781158,0.592617,13509.801758
55,0.783050,0.552986,13759.416992
56,0.768482,0.528501,14008.976562
57,0.762097,0.526374,14258.536133
58,0.763581,0.529496,14508.092773
59,0.763420,0.530318,14757.665039
60,0.761071,0.524762,15007.212891
61,0.761458,0.523673,15256.763672
62,0.762829,0.524580,15506.337891
63,0.761693,0.524062,15755.862305
64,0.761527,0.523446,16005.484375
65,0.765163,0.533273,16254.998047
66,0.778006,0.549364,16504.601562
67,0.783186,0.553691,16754.164062
68,0.780891,0.553728,17003.691406
69,0.780120,0.553395,17253.337891
70,0.779226,0.553024,17502.843750
71,0.778625,0.551468,17752.416016
72,0.778766,0.551291,18001.953125
73,0.777877,0.551660,18251.537109
74,0.777323,0.553094,18501.072266
75,0.776938,0.556172,18750.669922
76,0.776072,0.554041,19000.240234
77,0.775371,0.553696,19266.443359
78,0.776845,0.556780,19515.970703
79,0.778747,0.557069,19765.548828
80,0.780876,0.554655,20015.099609
81,0.781240,0.550866,20264.687500
82,0.781119,0.549325,20514.218750
83,0.781337,0.549871,20763.789062
84,0.781425,0.547627,21013.404297
85,0.782912,0.548080,21262.988281
86,0.785419,0.547173,21512.580078
87,0.790940,0.548002,21762.042969
88,0.797677,0.547770,22011.705078
89,0.803613,0.547880,22261.160156
90,0.810567,0.547747,22510.730469
91,0.821465,0.548881,22760.416016
92,0.832366,0.549992,23009.917969
93,0.836246,0.548879,23259.507812
94,0.835179,0.549639,23509.019531
95,0.833397,0.551996,23758.650391
96,0.831472,0.552635,24008.130859
97,0.829814,0.552739,24257.699219
98,0.828170,0.553346,24507.283203
99,0.825433,0.553245,24756.908203
0,0.749961,0.506244,0.034150
1,0.750022,0.507249,266.205261
2,0.750691,0.514223,515.807068
3,0.753628,0.542394,765.354675
4,0.756783,0.596026,1014.905457
5,0.758843,0.654457,1264.508423
6,0.761855,0.709908,1514.056274
7,0.764069,0.768212,1763.591064
8,0.765434,0.799647,2013.199829
9,0.767442,0.808981,2262.812256
10,0.768703,0.810632,2512.329346
11,0.772369,0.802478,2761.835205
12,0.779815,0.779826,3011.452637
13,0.786206,0.759953,3260.997070
14,0.794819,0.733248,3510.536621
15,0.809111,0.693109,3760.128906
16,0.826559,0.657235,4009.743896
17,0.849627,0.627974,4259.293945
18,0.880927,0.612796,4508.777344
19,0.911117,0.604555,4758.404297
20,0.940101,0.599512,5007.976562
21,0.969507,0.597446,5257.488770
22,0.996385,0.593596,5507.112793
23,0.021808,0.591293,5756.660156
24,0.050032,0.589359,6006.284180
25,0.075677,0.586784,6255.740234
26,0.104092,0.581250,6505.335938
27,0.133563,0.576362,6754.891602
28,0.153473,0.579550,7004.438477
29,0.177193,0.578296,7254.022461
30,0.204380,0.577570,7503.556641
31,0.229700,0.579574,7753.232422
32,0.256880,0.584747,8002.695312
33,0.264405,0.591340,8252.321289
34,0.232969,0.604811,8501.809570
35,0.200455,0.599186,8751.445312
36,0.184606,0.552990,9000.972656
37,0.180272,0.486155,9250.523438
38,0.166354,0.419377,9500.109375
39,0.156113,0.356306,9766.351562
40,0.148748,0.318292,10015.890625
41,0.141740,0.309066,10265.493164
42,0.150763,0.313473,10514.968750
43,0.161752,0.309869,10764.549805
44,0.164992,0.310041,11014.140625
45,0.174033,0.305577,11263.657227
46,0.194749,0.308500,11513.293945
47,0.233375,0.318052,11762.792969
48,0.275469,0.319702,12012.422852
49,0.313698,0.321576,12261.907227
50,0.350677,0.325414,12511.516602
51,0.378839,0.332887,12761.123047
52,0.403603,0.360244,13010.708984
53,0.429959,0.395145,13260.203125
54,0.448297,0.439983,13509.729492
55,0.459021,0.501171,13759.366211
56,0.464278,0.541417,14008.851562
57,0.470524,0.555761,14258.485352
58,0.470810,0.586257,14507.992188
59,0.451031,0.692720,14757.603516
60,0.435906,0.764644,15007.135742
61,0.406181,0.789681,15256.696289
62,0.361356,0.806547,15506.267578
63,0.323728,0.817113,15755.859375
64,0.316248,0.819538,16005.363281
65,0.315882,0.818549,16254.926758
66,0.312503,0.817137,16504.539062
67,0.303103,0.819067,16754.074219
68,0.297750,0.821957,17003.642578
69,0.301322,0.821185,17253.242188
70,0.307202,0.821634,17502.771484
71,0.315118,0.820723,17752.417969
72,0.319618,0.822196,18001.912109
73,0.321355,0.821952,18251.507812
74,0.322919,0.821264,18501.000000
75,0.328102,0.766451,18750.576172
76,0.329568,0.574578,19000.156250
77,0.327404,0.433889,19266.388672
78,0.327391,0.324115,19515.925781
79,0.333417,0.237622,19765.507812
80,0.340363,0.153683,20015.042969
81,0.342495,0.128257,20264.699219
82,0.342548,0.129366,20514.164062
83,0.334152,0.169482,20763.716797
84,0.326339,0.218853,21013.283203
85,0.317191,0.294004,21262.886719
86,0.308212,0.384719,21512.496094
87,0.309725,0.465126,21762.000000
88,0.321272,0.532542,22011.628906
89,0.335189,0.560723,22261.109375
90,0.360458,0.566240,22510.673828
91,0.390080,0.559960,22760.287109
92,0.426336,0.555197,23009.843750
93,0.452524,0.549767,23259.361328
94,0.461411,0.549751,23508.937500
95,0.472659,0.547184,23758.505859
96,0.499453,0.547747,24008.044922
97,0.512292,0.550353,24257.630859
98,0.519906,0.556032,24507.212891
99,0.528815,0.558698,24756.751953
0,0.751309,0.578129,-0.047724
1,0.752945,0.580428,266.111359
2,0.756833,0.604542,515.678284
3,0.761537,0.689060,765.278931
4,0.761163,0.759364,1014.800720
5,0.758269,0.824083,1264.428589
6,0.755282,0.877457,1514.014282
7,0.756602,0.879259,1763.494141
8,0.759040,0.879674,2013.064941
9,0.759258,0.881710,2262.650635
10,0.759288,0.878918,2512.186279
11,0.758685,0.839294,2761.774902
12,0.769978,0.740159,3011.424561
13,0.776271,0.659354,3260.927979
14,0.775080,0.647872,3510.548340
15,0.778193,0.649588,3759.998291
16,0.796037,0.617800,4009.667236
17,0.826972,0.532622,4259.173340
18,0.838281,0.488935,4508.686523
19,0.843072,0.478588,4758.293945
20,0.878234,0.480720,5007.840820
21,0.931645,0.474250,5257.409180
22,0.939524,0.478541,5506.947266
23,0.912877,0.445909,5756.525879
24,0.849196,0.398251,6006.107910
25,0.778534,0.363894,6255.707031
26,0.733405,0.352925,6505.239746
27,0.717542,0.351357,6754.773926
28,0.711244,0.353525,7004.360352
29,0.705576,0.354539,7253.894531
30,0.704748,0.359747,7503.552246
31,0.697698,0.369530,7753.033691
32,0.676365,0.379475,8002.643555
33,0.641392,0.403608,8252.191406
34,0.618764,0.444167,8501.765625
35,0.609648,0.476868,8751.284180
36,0.602734,0.539605,9000.850586
37,0.592980,0.631877,9250.446289
38,0.573994,0.655767,9500.006836
39,0.537868,0.642323,9766.181641
40,0.503634,0.629347,10015.781250
41,0.495106,0.613491,10265.322266
42,0.484652,0.610043,10514.934570
43,0.463263,0.611331,10764.476562
44,0.437578,0.614334,11013.993164
45,0.415840,0.614012,11263.647461
46,0.393741,0.616207,11513.146484
47,0.371979,0.617554,11762.715820
48,0.348865,0.624310,12012.287109
49,0.332508,0.620915,12261.869141
50,0.310518,0.622343,12511.403320
51,0.291084,0.620681,12760.940430
52,0.265502,0.617659,13010.619141
53,0.244346,0.617366,13260.083008
54,0.224595,0.618865,13509.674805
55,0.203495,0.623764,13759.189453
56,0.185108,0.624258,14008.892578
57,0.170067,0.614243,14258.309570
58,0.165937,0.555086,14507.916016
59,0.166125,0.470115,14757.499023
60,0.146317,0.438146,15007.135742
61,0.105226,0.431888,15273.212891
62,0.065150,0.455681,15506.140625
63,0.046019,0.490796,15755.713867
64,0.037327,0.526197,16005.304688
65,0.047255,0.574447,16254.838867
66,0.057081,0.589648,16504.400391
67,0.066372,0.615412,16754.054688
68,0.077437,0.696998,17003.580078
69,0.081670,0.721991,17253.085938
70,0.089937,0.701588,17502.687500
71,0.095651,0.619065,17752.238281
72,0.089487,0.530607,18001.833984
73,0.081535,0.327348,18251.335938
74,0.066346,0.195515,18501.017578
75,0.060930,0.153365,18750.464844
76,0.057986,0.156044,19000.039062
77,0.055349,0.155928,19266.238281
78,0.055483,0.156625,19515.888672
79,0.052997,0.157133,19765.402344
80,0.031345,0.167408,20014.931641
81,0.954357,0.236300,20264.550781
82,0.937496,0.281537,20514.167969
83,0.937121,0.290894,20763.625000
84,0.938115,0.282301,21013.187500
85,0.946780,0.270562,21262.875000
86,0.983643,0.231259,21512.349609
87,0.054401,0.193762,21761.902344
88,0.202959,0.230588,22011.437500
89,0.262208,0.294393,22261.072266
90,0.264255,0.295630,22510.576172
91,0.256671,0.261732,22760.160156
92,0.241160,0.221136,23009.705078
93,0.204437,0.189869,23259.298828
94,0.155023,0.185821,23508.847656
95,0.118394,0.261102,23758.425781
96,0.091756,0.376780,24008.005859
97,0.062537,0.482204,24257.521484
98,0.052969,0.525535,24507.099609
99,0.046812,0.530763,24756.638672
0,0.740987,0.515344,-0.050017
1,0.727155,0.514836,266.188812
2,0.713286,0.514419,515.768066
3,0.700423,0.515193,765.324158
4,0.688361,0.515050,1014.909546
5,0.678758,0.513422,1264.483276
6,0.672893,0.507366,1514.041382
7,0.667839,0.503774,1763.548462
8,0.664729,0.504856,2013.145874
9,0.666809,0.521919,2262.712891
10,0.676690,0.554091,2512.299316
11,0.695943,0.581239,2761.836670
12,0.715114,0.597606,3011.445557
13,0.731855,0.604037,3261.054443
14,0.747606,0.611403,3510.494141
15,0.749456,0.644758,3760.183105
16,0.739981,0.688474,4009.650635
17,0.736164,0.701988,4259.236816
18,0.748052,0.687830,4508.785645
19,0.768480,0.659687,4758.364746
20,0.772527,0.691939,5007.950684
21,0.763515,0.731646,5257.464844
22,0.761942,0.735316,5507.087402
23,0.760249,0.730680,5756.553223
24,0.777225,0.691081,6006.149902
25,0.791205,0.640969,6255.699707
26,0.800864,0.612630,6505.320801
27,0.817699,0.588775,6754.815430
28,0.838288,0.574621,7004.408203
29,0.859610,0.570404,7253.966797
30,0.885879,0.568492,7503.646484
31,0.917206,0.565515,7753.125000
32,0.950238,0.569005,8002.706055
33,0.973434,0.573096,8252.344727
34,0.992819,0.579104,8501.767578
35,0.011462,0.581141,8751.315430
36,0.031741,0.586314,9000.969727
37,0.047718,0.590656,9250.564453
38,0.047323,0.581701,9500.111328
39,0.038118,0.565427,9766.284180
40,0.036810,0.557044,10015.837891
41,0.036520,0.553207,10265.462891
42,0.035793,0.556232,10514.913086
43,0.031321,0.559289,10764.469727
44,0.033525,0.569585,11014.043945
45,0.046320,0.580736,11263.720703
46,0.068006,0.584315,11513.204102
47,0.096875,0.580853,11762.766602
48,0.122394,0.579785,12012.379883
49,0.146906,0.576436,12261.850586
50,0.177216,0.580130,12511.429688
51,0.203972,0.599630,12761.055664
52,0.219306,0.617641,13010.646484
53,0.236289,0.640426,13260.112305
54,0.248869,0.673844,13509.684570
55,0.267306,0.688726,13759.257812
56,0.281350,0.667961,14008.810547
57,0.287851,0.629475,14258.381836
58,0.293442,0.606289,14507.934570
59,0.278268,0.586297,14757.502930
60,0.236777,0.527303,15007.086914
61,0.212014,0.469200,15256.642578
62,0.198096,0.442671,15506.203125
63,0.176385,0.443304,15755.786133
64,0.142432,0.456830,16005.332031
65,0.095022,0.469260,16254.899414
66,0.040738,0.479178,16504.449219
67,0.989799,0.487237,16754.039062
68,0.945747,0.494483,17003.593750
69,0.901819,0.496940,17253.156250
70,0.869857,0.501155,17502.759766
71,0.852575,0.506330,17752.279297
72,0.841296,0.507268,18001.855469
73,0.834210,0.508295,18251.398438
74,0.817714,0.515970,18500.998047
75,0.786671,0.531796,18750.529297
76,0.767658,0.529914,19000.087891
77,0.748390,0.526695,19266.302734
78,0.725923,0.520217,19515.876953
79,0.702790,0.507395,19765.464844
80,0.682666,0.499637,20014.998047
81,0.674585,0.496480,20264.552734
82,0.669945,0.496395,20514.126953
83,0.659867,0.504380,20763.708984
84,0.649651,0.510631,21013.267578
85,0.638989,0.514259,21262.820312
86,0.626274,0.520379,21512.369141
87,0.606482,0.527893,21761.945312
88,0.585672,0.535309,22011.513672
89,0.560192,0.542825,22261.064453
90,0.539740,0.546644,22510.617188
91,0.536451,0.542873,22760.210938
92,0.543126,0.542432,23009.763672
93,0.544226,0.551518,23259.328125
94,0.540992,0.560773,23508.892578
95,0.538806,0.564254,23758.431641
96,0.538483,0.565419,24008.017578
97,0.538909,0.566574,24257.576172
98,0.539256,0.567762,24507.142578
99,0.539502,0.568527,24756.738281
0,0.749982,0.501107,-0.040424
1,0.750029,0.502337,266.177612
2,0.749916,0.508488,515.766235
3,0.749357,0.539355,765.300293
4,0.752070,0.586336,1014.862549
5,0.755997,0.642871,1264.433838
6,0.757185,0.680626,1513.952759
7,0.756125,0.694201,1763.553101
8,0.743839,0.712546,2013.125000
9,0.724427,0.745996,2262.660156
10,0.727649,0.755325,2512.298828
11,0.742941,0.720706,2761.844482
12,0.777581,0.585646,3011.368896
13,0.807124,0.463212,3260.901367
14,0.814796,0.396027,3510.570801
15,0.814115,0.352673,3760.074707
16,0.792181,0.333821,4009.587402
17,0.759886,0.344580,4259.192871
18,0.733021,0.365255,4508.734863
19,0.698339,0.384925,4758.347656
20,0.659398,0.404544,5007.856445
21,0.622155,0.427963,5257.470703
22,0.587089,0.457134,5507.002441
23,0.561057,0.473637,5756.537109
24,0.538249,0.487071,6006.131836
25,0.511350,0.496241,6255.676758
26,0.489212,0.510607,6505.264160
27,0.474866,0.512606,6754.795410
28,0.465274,0.510077,7004.402832
29,0.441914,0.510776,7253.927246
30,0.404031,0.519030,7503.522461
31,0.360452,0.529368,7753.083008
32,0.312964,0.568362,8002.676758
33,0.274849,0.607789,8252.229492
34,0.261869,0.616333,8501.761719
35,0.223781,0.645584,8751.407227
36,0.209706,0.654756,9000.877930
37,0.222866,0.622469,9250.493164
38,0.260224,0.540997,9516.645508
39,0.319624,0.436535,9766.301758
40,0.364015,0.371973,10015.814453
41,0.374767,0.335239,10265.424805
42,0.398357,0.382651,10514.899414
43,0.460836,0.471993,10764.533203
44,0.527561,0.546958,11014.024414
45,0.561144,0.583858,11263.578125
46,0.582831,0.584971,11513.141602
47,0.612562,0.580266,11762.797852
48,0.647847,0.568747,12012.315430
49,0.682717,0.557129,12261.847656
50,0.713800,0.541324,12511.494141
51,0.739658,0.531062,12760.976562
52,0.767722,0.517889,13010.523438
53,0.798386,0.504364,13260.126953
54,0.823891,0.490433,13509.716797
55,0.827372,0.477736,13759.326172
56,0.827220,0.469618,14008.815430
57,0.829683,0.464688,14258.427734
58,0.830056,0.458859,14507.999023
59,0.829332,0.461374,14757.495117
60,0.831217,0.457890,15007.116211
61,0.840592,0.449064,15256.666992
62,0.847390,0.435076,15506.181641
63,0.851351,0.427255,15755.747070
64,0.852438,0.431478,16005.323242
65,0.859140,0.437493,16254.924805
66,0.875835,0.441263,16504.488281
67,0.904633,0.453342,16754.021484
68,0.979422,0.464477,17003.603516
69,0.033155,0.486058,17253.158203
70,0.045295,0.485977,17502.716797
71,0.039248,0.528827,17752.240234
72,0.032615,0.554384,18001.871094
73,0.015875,0.543268,18251.384766
74,0.971102,0.510683,18500.955078
75,0.906448,0.479275,18750.501953
76,0.874264,0.459433,19000.095703
77,0.859381,0.450099,19266.292969
78,0.851030,0.461697,19515.833984
79,0.838051,0.462056,19765.466797
80,0.836263,0.447289,20014.994141
81,0.837379,0.430153,20264.636719
82,0.832802,0.417610,20514.095703
83,0.823122,0.410692,20763.683594
84,0.814129,0.414105,21013.242188
85,0.807461,0.409856,21262.785156
86,0.805778,0.418053,21512.378906
87,0.806512,0.427843,21761.941406
88,0.805526,0.438613,22011.492188
89,0.803366,0.452115,22261.037109
90,0.802861,0.457974,22510.623047
91,0.800917,0.458783,22760.193359
92,0.793841,0.473938,23009.736328
93,0.786609,0.500198,23259.390625
94,0.787840,0.513699,23508.904297
95,0.784662,0.518395,23758.417969
96,0.781827,0.515855,24007.996094
97,0.782058,0.510866,24257.541016
98,0.783298,0.503802,24507.142578
99,0.781704,0.489072,24756.697266
0,0.756368,0.591833,0.020081
1,0.766609,0.592529,266.188263
2,0.766193,0.632070,515.771301
3,0.763459,0.696457,765.369019
4,0.758235,0.753059,1014.893738
5,0.748560,0.782082,1264.539551
6,0.733203,0.805537,1514.071045
7,0.722502,0.846663,1763.643799
8,0.717751,0.883031,2013.184082
9,0.703031,0.884162,2262.740234
10,0.697702,0.882389,2512.299805
11,0.700397,0.885527,2761.830078
12,0.698097,0.884985,3011.505371
13,0.705408,0.884549,3260.972900
14,0.718737,0.884262,3510.556396
15,0.740207,0.881485,3760.081543
16,0.748047,0.880519,4009.714844
17,0.751988,0.877761,4259.254883
18,0.764975,0.859108,4508.785156
19,0.765446,0.847789,4758.406738
20,0.765027,0.840191,5007.902832
21,0.766134,0.821412,5257.521484
22,0.764911,0.810008,5507.027832
23,0.763894,0.802063,5756.655273
24,0.763369,0.794028,6006.207520
25,0.761351,0.785071,6255.728516
26,0.745481,0.763691,6505.334961
27,0.715570,0.707529,6754.904785
28,0.694399,0.607531,7004.454590
29,0.666073,0.542358,7253.984863
30,0.661270,0.491694,7503.604004
31,0.674996,0.465267,7753.107910
32,0.692179,0.464384,8002.719238
33,0.701381,0.470137,8252.344727
34,0.704197,0.468532,8501.867188
35,0.705716,0.379376,8751.397461
36,0.701712,0.266116,9000.939453
37,0.700572,0.224030,9250.587891
38,0.707102,0.234665,9500.111328
39,0.739163,0.271963,9766.248047
40,0.791319,0.375034,10015.830078
41,0.818547,0.489412,10265.423828
42,0.842385,0.548539,10515.050781
43,0.863082,0.564461,10764.545898
44,0.874397,0.560822,11014.087891
45,0.861019,0.563132,11263.650391
46,0.822588,0.572172,11513.194336
47,0.806981,0.571895,11762.811523
48,0.801089,0.570931,12012.322266
49,0.789549,0.580352,12261.963867
50,0.776872,0.588380,12511.523438
51,0.759384,0.593071,12761.036133
52,0.736650,0.607722,13010.643555
53,0.726200,0.629093,13260.237305
54,0.733917,0.669628,13509.833008
55,0.740447,0.688510,13759.295898
56,0.738198,0.692665,14008.869141
57,0.740372,0.695024,14258.419922
58,0.749251,0.697282,14508.024414
59,0.759541,0.694540,14757.566406
60,0.748838,0.684650,15007.162109
61,0.661014,0.640126,15256.721680
62,0.605532,0.605787,15506.258789
63,0.581037,0.599029,15755.842773
64,0.571012,0.594954,16005.361328
65,0.569401,0.589088,16254.926758
66,0.561607,0.591868,16504.494141
67,0.528394,0.603905,16754.076172
68,0.472311,0.608514,17003.652344
69,0.434251,0.613092,17253.175781
70,0.399623,0.621615,17502.779297
71,0.368859,0.625789,17752.357422
72,0.348095,0.629989,18001.882812
73,0.338055,0.626824,18251.449219
74,0.319080,0.629611,18501.109375
75,0.284247,0.634857,18750.556641
76,0.258712,0.636545,19000.119141
77,0.233106,0.644157,19266.341797
78,0.206611,0.647470,19515.937500
79,0.192207,0.643733,19765.505859
80,0.191497,0.636173,20015.062500
81,0.189939,0.648008,20264.605469
82,0.183679,0.667579,20514.253906
83,0.170826,0.674239,20763.730469
84,0.133291,0.609615,21013.306641
85,0.117834,0.574928,21262.865234
86,0.120419,0.573880,21512.435547
87,0.124758,0.592661,21762.011719
88,0.125286,0.621880,22011.533203
89,0.116201,0.703198,22261.134766
90,0.128283,0.774368,22510.652344
91,0.178217,0.829371,22760.218750
92,0.243487,0.865977,23009.779297
93,0.265103,0.867383,23259.355469
94,0.277463,0.809764,23508.906250
95,0.286114,0.763526,23758.476562
96,0.275561,0.731795,24008.082031
97,0.234125,0.713004,24257.652344
98,0.221681,0.706534,24507.173828
99,0.224093,0.703084,24756.750000
0,0.750037,0.632089,-0.029094
1,0.749226,0.633027,266.199768
2,0.734322,0.660178,515.761719
3,0.716689,0.719562,765.313965
4,0.717216,0.755977,1014.849854
5,0.738325,0.773263,1264.461060
6,0.757539,0.795015,1513.976318
7,0.751758,0.804655,1763.584351
8,0.731075,0.766119,2013.178589
9,0.682716,0.659942,2262.697510
10,0.656613,0.585803,2512.246826
11,0.650369,0.519200,2761.842041
12,0.663784,0.472685,3011.454834
13,0.696890,0.414165,3260.941650
14,0.711250,0.402398,3510.542236
15,0.713256,0.430662,3760.093994
16,0.701457,0.519092,4009.618896
17,0.688826,0.627940,4259.196289
18,0.691533,0.673550,4508.769043
19,0.709025,0.674935,4758.348145
20,0.732528,0.694477,5007.888184
21,0.752595,0.708796,5257.487793
22,0.767186,0.719296,5507.009277
23,0.790651,0.711249,5756.586426
24,0.801395,0.704407,6006.118164
25,0.783708,0.712372,6255.788086
26,0.783831,0.707603,6505.276367
27,0.808000,0.687449,6754.820801
28,0.827046,0.672068,7004.440430
29,0.857015,0.642966,7253.948242
30,0.879407,0.613352,7503.515625
31,0.883422,0.587837,7753.126465
32,0.882109,0.580606,8002.751953
33,0.881432,0.583291,8252.213867
34,0.895204,0.584422,8501.827148
35,0.909031,0.587614,8751.414062
36,0.925639,0.577327,9000.912109
37,0.939010,0.571083,9250.455078
38,0.956577,0.567839,9500.030273
39,0.010429,0.545367,9766.228516
40,0.055638,0.538382,10015.802734
41,0.081531,0.538446,10265.350586
42,0.098176,0.550211,10514.953125
43,0.104958,0.559416,10764.505859
44,0.135899,0.585381,11014.059570
45,0.168758,0.620351,11263.625000
46,0.190949,0.631777,11513.205078
47,0.226828,0.649087,11762.794922
48,0.270076,0.685455,12012.385742
49,0.294881,0.717104,12261.864258
50,0.287121,0.774808,12511.431641
51,0.261256,0.827269,12761.026367
52,0.217559,0.843072,13010.555664
53,0.199676,0.849675,13260.208984
54,0.203131,0.846013,13509.731445
55,0.296833,0.722167,13759.360352
56,0.365498,0.610334,14008.813477
57,0.402558,0.571851,14258.471680
58,0.422891,0.542333,14507.942383
59,0.433368,0.537740,14757.508789
60,0.448310,0.552373,15007.077148
61,0.466637,0.561939,15256.625977
62,0.488345,0.569052,15506.223633
63,0.501406,0.588036,15755.754883
64,0.511599,0.605247,16005.423828
65,0.527513,0.608527,16254.893555
66,0.555762,0.607040,16504.494141
67,0.578828,0.601591,16754.078125
68,0.589034,0.561781,17003.634766
69,0.586541,0.518222,17253.199219
70,0.581313,0.526301,17502.703125
71,0.575699,0.546786,17752.316406
72,0.567648,0.581804,18001.882812
73,0.563739,0.588676,18251.451172
74,0.559981,0.589911,18500.982422
75,0.558982,0.594483,18750.548828
76,0.553464,0.599483,19000.117188
77,0.546077,0.599531,19266.343750
78,0.543941,0.598740,19515.878906
79,0.540832,0.601442,19765.458984
80,0.539332,0.606548,20014.998047
81,0.537553,0.617892,20264.576172
82,0.540726,0.626420,20514.136719
83,0.544778,0.618765,20763.722656
84,0.548486,0.634491,21013.271484
85,0.556684,0.647816,21262.808594
86,0.552122,0.644616,21512.386719
87,0.557971,0.619267,21761.929688
88,0.593638,0.588207,22011.546875
89,0.613010,0.559084,22261.083984
90,0.630122,0.550896,22510.615234
91,0.634857,0.550478,22760.185547
92,0.641880,0.553019,23009.734375
93,0.653141,0.551518,23259.388672
94,0.667175,0.550827,23508.890625
95,0.664503,0.509176,23758.470703
96,0.666456,0.483405,24008.021484
97,0.667226,0.484654,24257.660156
98,0.642059,0.477354,24507.158203
99,0.598554,0.473701,24756.693359
0,0.749938,0.500862,-0.006147
1,0.749542,0.503372,266.229462
2,0.749806,0.508727,515.815735
3,0.752742,0.540885,765.348083
4,0.758584,0.604126,1014.890076
5,0.757003,0.648014,1264.422974
6,0.732616,0.699162,1514.074951
7,0.714894,0.730871,1763.607300
8,0.709343,0.783739,2013.172241
9,0.700579,0.819567,2262.777344
10,0.693511,0.835127,2512.284912
11,0.658531,0.856890,2761.818848
12,0.596057,0.853642,3011.429932
13,0.596925,0.835247,3261.015625
14,0.606990,0.759565,3510.507812
15,0.596383,0.665381,3760.094482
16,0.574287,0.582631,4009.629639
17,0.529055,0.543665,4259.251465
18,0.513880,0.530046,4508.771484
19,0.519578,0.501592,4758.338867
20,0.533267,0.482082,5007.905762
21,0.556077,0.472643,5257.470215
22,0.589812,0.474060,5507.044922
23,0.601853,0.485877,5756.582031
24,0.604194,0.517560,6006.164062
25,0.614697,0.536760,6255.723145
26,0.647310,0.536151,6505.297363
27,0.697671,0.493356,6754.837891
28,0.719282,0.452090,7004.433594
29,0.721903,0.443230,7253.975586
30,0.725084,0.453097,7503.559082
31,0.734007,0.524362,7753.099121
32,0.743387,0.588532,8002.654297
33,0.749541,0.605098,8252.229492
34,0.762372,0.620455,8501.780273
35,0.774041,0.633917,8751.361328
36,0.784688,0.630661,9000.957031
37,0.801112,0.621078,9250.506836
38,0.814075,0.603748,9500.081055
39,0.816259,0.596379,9766.231445
40,0.811104,0.612547,10015.814453
41,0.811033,0.604437,10265.376953
42,0.829748,0.577103,10514.928711
43,0.851212,0.555441,10764.500977
44,0.880596,0.542063,11014.068359
45,0.921746,0.526645,11263.615234
46,0.974202,0.505233,11513.192383
47,0.009226,0.498645,11762.756836
48,0.029621,0.503243,12012.326172
49,0.038264,0.539644,12261.887695
50,0.062010,0.619791,12511.456055
51,0.123092,0.671988,12761.014648
52,0.164365,0.694399,13010.566406
53,0.200043,0.677809,13260.135742
54,0.235771,0.651008,13509.722656
55,0.261644,0.621805,13759.311523
56,0.280486,0.555598,14008.829102
57,0.284901,0.483220,14258.389648
58,0.275251,0.410335,14507.963867
59,0.265114,0.357120,14757.510742
60,0.255560,0.355808,15007.082031
61,0.231989,0.435322,15256.674805
62,0.201568,0.505014,15506.252930
63,0.183258,0.527898,15755.765625
64,0.173927,0.541646,16005.379883
65,0.149096,0.543840,16254.926758
66,0.116176,0.531961,16504.478516
67,0.090386,0.529087,16754.035156
68,0.075724,0.545106,17003.613281
69,0.065894,0.573381,17253.162109
70,0.055059,0.604416,17502.714844
71,0.031739,0.608469,17752.287109
72,0.995616,0.600613,18001.863281
73,0.962004,0.582321,18251.425781
74,0.920691,0.555319,18500.978516
75,0.877231,0.541176,18750.585938
76,0.851173,0.535668,19000.099609
77,0.837533,0.534191,19266.302734
78,0.824153,0.530198,19515.878906
79,0.806164,0.523468,19765.488281
80,0.794574,0.523893,20015.001953
81,0.797187,0.534976,20264.589844
82,0.802167,0.543549,20514.128906
83,0.794978,0.539660,20763.710938
84,0.766557,0.502234,21013.251953
85,0.743201,0.475916,21262.878906
86,0.739732,0.482233,21512.402344
87,0.769089,0.503369,21761.951172
88,0.784267,0.516890,22011.535156
89,0.778842,0.540753,22261.111328
90,0.749610,0.596958,22510.640625
91,0.718927,0.640008,22760.216797
92,0.681861,0.700219,23009.781250
93,0.650642,0.745368,23259.326172
94,0.618627,0.788498,23508.890625
95,0.601325,0.820743,23758.464844
96,0.626861,0.847659,24008.046875
97,0.662181,0.861470,24257.591797
98,0.697736,0.849577,24507.154297
99,0.704084,0.818006,24756.728516
0,0.750630,0.514632,0.114820
1,0.751090,0.514177,266.289734
2,0.750715,0.522266,515.871338
3,0.752534,0.541777,765.437988
4,0.755767,0.549245,1015.020142
5,0.758006,0.554947,1264.592407
6,0.755601,0.564062,1514.155151
7,0.754604,0.566408,1763.698364
8,0.753731,0.552742,2013.278809
9,0.754212,0.559258,2262.844727
10,0.748515,0.580019,2512.406006
11,0.742428,0.592401,2761.937744
12,0.738729,0.602910,3011.536133
13,0.737595,0.614320,3261.070068
14,0.738668,0.629792,3510.641113
15,0.740215,0.643322,3760.203857
16,0.734902,0.648909,4009.813965
17,0.729143,0.647484,4259.354492
18,0.726207,0.642431,4508.888184
19,0.725670,0.638051,4758.486816
20,0.728925,0.634902,5008.021973
21,0.734302,0.633942,5257.614258
22,0.741279,0.631129,5507.133789
23,0.744877,0.629019,5756.736328
24,0.748099,0.627776,6006.303223
25,0.752858,0.625853,6255.837891
26,0.762818,0.619542,6505.425293
27,0.773010,0.610806,6754.966309
28,0.782033,0.601513,7004.544434
29,0.790906,0.594577,7254.087891
30,0.804170,0.587104,7503.675781
31,0.820974,0.574729,7753.211426
32,0.841580,0.558359,8002.798340
33,0.866165,0.548342,8252.334961
34,0.889318,0.546852,8501.898438
35,0.910606,0.550778,8751.536133
36,0.929657,0.553705,9001.081055
37,0.935690,0.547717,9250.621094
38,0.931590,0.543969,9500.166992
39,0.907935,0.541116,9766.377930
40,0.878300,0.534132,10015.913086
41,0.852346,0.526582,10265.507812
42,0.828839,0.517921,10515.082031
43,0.806133,0.510752,10764.645508
44,0.780999,0.507956,11014.202148
45,0.745542,0.504326,11263.763672
46,0.702406,0.499027,11513.303711
47,0.662100,0.492230,11762.877930
48,0.627487,0.492768,12012.449219
49,0.605340,0.501035,12262.020508
50,0.585366,0.511774,12511.629883
51,0.566776,0.516647,12761.167969
52,0.555062,0.514860,13010.725586
53,0.547381,0.510706,13260.255859
54,0.546706,0.510650,13509.817383
55,0.548705,0.519820,13759.382812
56,0.554336,0.530552,14008.950195
57,0.562270,0.546755,14258.534180
58,0.567701,0.544566,14508.095703
59,0.573885,0.544447,14757.649414
60,0.582459,0.545836,15007.216797
61,0.589625,0.552173,15257.114258
62,0.595105,0.558377,15506.337891
63,0.597259,0.563579,15755.933594
64,0.598083,0.568722,16005.468750
65,0.600173,0.572644,16255.032227
66,0.607336,0.574613,16504.601562
67,0.618651,0.565590,16754.164062
68,0.625122,0.553808,17003.732422
69,0.627213,0.550052,17253.285156
70,0.629466,0.547611,17502.835938
71,0.632143,0.547135,17752.414062
72,0.635065,0.551145,18001.988281
73,0.636195,0.567845,18251.548828
74,0.637685,0.603771,18501.101562
75,0.639314,0.640280,18750.707031
76,0.644772,0.665735,19000.238281
77,0.656423,0.691350,19266.429688
78,0.668856,0.710745,19515.994141
79,0.680278,0.724264,19765.576172
80,0.694759,0.734131,20015.136719
81,0.715548,0.748965,20264.689453
82,0.731784,0.763332,20514.259766
83,0.743451,0.774584,20763.843750
84,0.747948,0.784754,21013.380859
85,0.753504,0.789563,21262.937500
86,0.757412,0.790883,21512.521484
87,0.766648,0.789635,21762.068359
88,0.776379,0.787996,22011.636719
89,0.779928,0.787323,22261.201172
90,0.779017,0.787228,22510.763672
91,0.782416,0.786408,22760.328125
92,0.791218,0.784230,23009.896484
93,0.796758,0.784644,23259.451172
94,0.801196,0.784358,23509.007812
95,0.805516,0.783480,23758.599609
96,0.807917,0.782870,24008.160156
97,0.826844,0.774015,24257.716797
98,0.850734,0.763028,24507.271484
99,0.864678,0.759346,24756.839844
0,0.750121,0.561038,0.002943
1,0.752179,0.566342,266.158783
2,0.765943,0.602963,515.749512
3,0.767120,0.641798,765.290588
4,0.765629,0.641129,1014.900940
5,0.771402,0.628542,1264.432373
6,0.756906,0.530017,1513.979980
7,0.741453,0.441031,1763.574219
8,0.740213,0.417101,2013.131958
9,0.738073,0.404101,2262.694824
10,0.736159,0.405331,2512.229736
11,0.697143,0.426875,2761.836670
12,0.645583,0.461580,3011.360107
13,0.596778,0.503626,3260.930664
14,0.524634,0.550957,3510.524170
15,0.502959,0.585531,3760.078857
16,0.497722,0.642747,4009.647461
17,0.508069,0.694513,4259.230469
18,0.514948,0.709420,4508.786621
19,0.565652,0.727303,4758.325684
20,0.617719,0.747067,5007.916504
21,0.646932,0.780123,5257.443359
22,0.668742,0.800392,5507.023438
23,0.708174,0.808491,5756.562012
24,0.738311,0.814399,6006.149902
25,0.762597,0.809726,6255.717285
26,0.836713,0.733060,6505.265625
27,0.904006,0.653933,6754.859375
28,0.930531,0.610923,7004.394043
29,0.002868,0.573797,7253.967773
30,0.052004,0.580090,7520.163086
31,0.058211,0.595310,7753.113281
32,0.071623,0.606767,8002.630371
33,0.090511,0.612664,8252.233398
34,0.107240,0.629780,8501.812500
35,0.108938,0.636281,8751.333008
36,0.108638,0.640959,9000.919922
37,0.114085,0.642253,9250.483398
38,0.131367,0.652274,9500.032227
39,0.157465,0.659883,9766.222656
40,0.183677,0.660722,10015.821289
41,0.197537,0.653598,10265.395508
42,0.209689,0.662356,10514.925781
43,0.217202,0.678893,10764.482422
44,0.212630,0.686449,11014.080078
45,0.159835,0.669421,11263.597656
46,0.090111,0.642028,11513.183594
47,0.038881,0.583952,11762.737305
48,0.994303,0.528576,12012.304688
49,0.937243,0.492912,12261.866211
50,0.886554,0.489243,12511.439453
51,0.856807,0.499852,12761.010742
52,0.831719,0.508539,13010.564453
53,0.818100,0.510875,13260.229492
54,0.801075,0.511477,13509.690430
55,0.774042,0.510527,13759.246094
56,0.733062,0.510170,14008.819336
57,0.676671,0.504745,14258.386719
58,0.585384,0.504511,14507.955078
59,0.494386,0.537334,14757.507812
60,0.453117,0.576987,15007.082031
61,0.420685,0.616896,15256.634766
62,0.404187,0.641050,15506.191406
63,0.395664,0.633466,15755.766602
64,0.397435,0.625916,16005.352539
65,0.412633,0.611639,16254.897461
66,0.418889,0.590846,16504.464844
67,0.398893,0.559876,16754.037109
68,0.382102,0.511387,17003.585938
69,0.387831,0.425119,17253.146484
70,0.403872,0.379503,17502.716797
71,0.455765,0.371451,17752.287109
72,0.505261,0.373534,18001.833984
73,0.534004,0.393245,18251.404297
74,0.556389,0.443212,18500.976562
75,0.578501,0.489099,18750.539062
76,0.596851,0.521578,19000.103516
77,0.628847,0.546581,19266.314453
78,0.643584,0.568667,19515.878906
79,0.653611,0.588758,19765.417969
80,0.688230,0.601331,20014.994141
81,0.708752,0.600838,20264.562500
82,0.732769,0.605693,20514.125000
83,0.744607,0.616134,20763.681641
84,0.750217,0.624979,21013.251953
85,0.751836,0.629950,21262.796875
86,0.754600,0.632749,21512.402344
87,0.756899,0.632201,21761.939453
88,0.765778,0.620797,22011.503906
89,0.784174,0.591726,22261.080078
90,0.807031,0.560320,22510.625000
91,0.833577,0.532717,22760.185547
92,0.849500,0.518592,23009.748047
93,0.848893,0.496494,23259.320312
94,0.842869,0.487656,23508.871094
95,0.833823,0.486623,23758.449219
96,0.828491,0.485809,24008.007812
97,0.829108,0.482883,24257.570312
98,0.841260,0.473765,24507.162109
99,0.852798,0.475481,24756.705078
0,0.750843,0.550643,0.003755
1,0.750202,0.550132,266.218842
2,0.735904,0.493043,515.827393
3,0.727005,0.393132,765.393494
4,0.721640,0.309477,1014.943115
5,0.719545,0.263881,1264.522095
6,0.730200,0.267362,1514.034790
7,0.738091,0.338139,1763.659180
8,0.753268,0.519624,2013.184448
9,0.759972,0.660120,2262.825928
10,0.757331,0.689147,2512.334473
11,0.757492,0.699604,2761.887939
12,0.761774,0.698542,3011.460205
13,0.778345,0.691529,3261.046631
14,0.848491,0.653719,3510.565430
15,0.922243,0.602793,3760.108643
16,0.966174,0.538229,4009.715576
17,0.998765,0.523062,4259.236328
18,0.019955,0.548428,4508.828125
19,0.028313,0.621385,4758.443359
20,0.029952,0.661877,5007.979492
21,0.033841,0.685957,5257.551270
22,0.037040,0.695431,5507.080078
23,0.031518,0.693893,5756.655762
24,0.008391,0.676685,6006.185059
25,0.930432,0.636614,6255.752441
26,0.868854,0.601545,6505.316895
27,0.815376,0.582069,6754.895020
28,0.786270,0.575150,7004.484863
29,0.765438,0.570556,7254.071777
30,0.732295,0.565810,7503.628906
31,0.668578,0.552741,7753.166504
32,0.614075,0.549101,8002.694336
33,0.572297,0.569064,8252.333984
34,0.536935,0.586295,8501.853516
35,0.503045,0.604229,8751.386719
36,0.473855,0.605085,9000.982422
37,0.453125,0.579607,9250.502930
38,0.441049,0.537793,9500.114258
39,0.407082,0.533999,9766.286133
40,0.354162,0.592264,10015.850586
41,0.339011,0.718413,10265.446289
42,0.388557,0.816159,10514.987305
43,0.399107,0.846472,10764.596680
44,0.419590,0.850420,11014.141602
45,0.462977,0.841409,11263.722656
46,0.564002,0.833722,11513.251953
47,0.614721,0.833354,11762.801758
48,0.640229,0.820811,12012.444336
49,0.679106,0.792255,12261.968750
50,0.724695,0.751986,12511.500977
51,0.748669,0.736390,12761.032227
52,0.772700,0.721575,13010.629883
53,0.786357,0.713905,13260.201172
54,0.789815,0.701856,13509.741211
55,0.797272,0.677566,13759.387695
56,0.787960,0.656004,14008.945312
57,0.764403,0.635636,14258.542969
58,0.752790,0.619827,14507.990234
59,0.771204,0.601412,14757.620117
60,0.819188,0.573651,15007.133789
61,0.881549,0.545766,15256.671875
62,0.910585,0.531555,15506.280273
63,0.916331,0.530656,15755.817383
64,0.897814,0.532838,16005.464844
65,0.901786,0.535410,16254.964844
66,0.942852,0.542869,16504.628906
67,0.993300,0.554489,16754.099609
68,0.043235,0.563223,17003.664062
69,0.074952,0.577291,17253.216797
70,0.099233,0.585519,17502.748047
71,0.118979,0.586037,17752.341797
72,0.138537,0.593363,18001.886719
73,0.152647,0.647394,18251.507812
74,0.156302,0.660782,18501.013672
75,0.145663,0.633157,18750.597656
76,0.133730,0.606252,19000.160156
77,0.119142,0.577459,19266.369141
78,0.100792,0.555877,19515.960938
79,0.088442,0.570062,19765.576172
80,0.035624,0.597191,20015.023438
81,0.924116,0.576154,20264.671875
82,0.839511,0.539862,20514.187500
83,0.804338,0.534738,20763.769531
84,0.779719,0.525074,21013.371094
85,0.756764,0.508943,21262.857422
86,0.748854,0.484550,21512.458984
87,0.740576,0.465838,21761.978516
88,0.736161,0.466405,22011.623047
89,0.732203,0.486663,22261.101562
90,0.744873,0.562969,22510.697266
91,0.772494,0.649738,22760.294922
92,0.785596,0.678876,23009.873047
93,0.796955,0.677349,23259.427734
94,0.812966,0.672845,23508.925781
95,0.839740,0.663851,23758.607422
96,0.878520,0.643204,24008.099609
97,0.932576,0.621464,24257.708984
98,0.043552,0.600721,24507.175781
99,0.111540,0.601478,24756.736328
0,0.750197,0.534136,-0.030412
1,0.750173,0.534485,266.190826
2,0.749636,0.534704,515.810852
3,0.749293,0.541509,765.334961
4,0.750526,0.645046,1014.901611
5,0.749866,0.755212,1264.458618
6,0.747419,0.834790,1514.080078
7,0.774512,0.856578,1763.606201
8,0.769112,0.855537,2013.165771
9,0.750091,0.819924,2262.766357
10,0.713909,0.798388,2512.271484
11,0.610556,0.680515,2761.831787
12,0.585166,0.636909,3011.465332
13,0.579529,0.630567,3261.003174
14,0.557403,0.605096,3510.527588
15,0.554558,0.592182,3760.102783
16,0.554418,0.588745,4009.674072
17,0.558378,0.588581,4259.230469
18,0.561587,0.587414,4508.762207
19,0.586604,0.567393,4758.364746
20,0.642447,0.534066,5007.955566
21,0.723490,0.489140,5257.514648
22,0.898598,0.416004,5507.038574
23,0.989741,0.501245,5756.657715
24,0.989132,0.511497,6006.223633
25,0.999163,0.517132,6255.690918
26,0.004179,0.514389,6505.372559
27,0.031116,0.505650,6754.824219
28,0.056294,0.538658,7004.458008
29,0.080783,0.571293,7253.960938
30,0.110178,0.593386,7503.618164
31,0.127091,0.593612,7753.170898
32,0.147066,0.600928,8002.678711
33,0.167739,0.598625,8252.246094
34,0.186839,0.598080,8501.848633
35,0.210720,0.600667,8751.393555
36,0.229736,0.608235,9000.914062
37,0.238872,0.618930,9250.590820
38,0.275937,0.623278,9500.050781
39,0.307927,0.610023,9766.318359
40,0.326866,0.589848,10015.789062
41,0.349650,0.575807,10265.460938
42,0.377239,0.567300,10514.943359
43,0.408455,0.577572,10764.533203
44,0.436097,0.583333,11014.053711
45,0.462232,0.586952,11263.634766
46,0.482574,0.589096,11513.220703
47,0.461547,0.580218,11762.890625
48,0.299294,0.553365,12012.367188
49,0.213670,0.523999,12261.922852
50,0.242513,0.497111,12511.479492
51,0.290033,0.413646,12761.004883
52,0.313487,0.403443,13010.577148
53,0.350145,0.386981,13260.153320
54,0.466563,0.363631,13509.698242
55,0.530572,0.366680,13759.273438
56,0.544713,0.368984,14008.837891
57,0.558395,0.385312,14258.378906
58,0.570587,0.411078,14507.997070
59,0.600479,0.446288,14757.532227
60,0.613364,0.470753,15007.081055
61,0.598912,0.489701,15256.648438
62,0.579177,0.504847,15506.204102
63,0.540202,0.529444,15755.794922
64,0.450848,0.555278,16005.375977
65,0.330955,0.567304,16254.915039
66,0.300377,0.577218,16504.488281
67,0.305464,0.580538,16754.044922
68,0.314354,0.589088,17003.601562
69,0.348362,0.581893,17253.169922
70,0.420100,0.571162,17502.712891
71,0.438205,0.572719,17752.281250
72,0.407603,0.578183,18001.902344
73,0.342492,0.566990,18251.423828
74,0.246771,0.555159,18500.990234
75,0.194079,0.541376,18750.546875
76,0.147516,0.541965,19000.099609
77,0.106603,0.546249,19266.300781
78,0.075159,0.543458,19515.875000
79,0.042332,0.541307,19765.458984
80,0.013947,0.538241,20015.005859
81,0.985972,0.536657,20264.568359
82,0.961648,0.534421,20514.150391
83,0.936719,0.534247,20763.701172
84,0.912754,0.534533,21013.253906
85,0.891786,0.538280,21262.847656
86,0.872706,0.540260,21512.371094
87,0.858531,0.542673,21761.953125
88,0.849417,0.542865,22011.513672
89,0.834667,0.555890,22261.115234
90,0.809988,0.563684,22510.634766
91,0.776651,0.570467,22760.205078
92,0.739666,0.573301,23009.771484
93,0.710111,0.565581,23259.388672
94,0.691094,0.549138,23508.910156
95,0.667464,0.534592,23758.468750
96,0.647499,0.535388,24008.044922
97,0.620077,0.535194,24257.587891
98,0.583672,0.527171,24507.150391
99,0.554610,0.529765,24756.699219
0,0.749994,0.480551,-0.031306
1,0.749805,0.481333,266.144531
2,0.747785,0.481157,515.830933
3,0.737229,0.468667,765.282593
4,0.729805,0.455157,1014.950256
5,0.725826,0.441492,1264.376953
6,0.721591,0.459699,1514.037476
7,0.722451,0.492086,1763.568115
8,0.724607,0.533131,2013.168823
9,0.725460,0.584201,2262.612061
10,0.731340,0.615433,2512.282471
11,0.744007,0.625565,2761.724121
12,0.752796,0.626863,3011.380371
13,0.768345,0.620995,3261.008301
14,0.784278,0.609220,3510.534912
15,0.790971,0.598191,3760.149414
16,0.797431,0.585239,4009.615723
17,0.819041,0.558652,4259.231934
18,0.845085,0.543121,4508.693848
19,0.855689,0.561470,4758.372559
20,0.870647,0.603468,5007.837891
21,0.883103,0.619144,5257.473145
22,0.887504,0.632820,5506.958984
23,0.879795,0.659085,5756.654297
24,0.866160,0.687747,6006.108887
25,0.859919,0.706507,6255.659668
26,0.876711,0.677180,6505.334961
27,0.898894,0.615936,6754.866699
28,0.914535,0.544695,7004.457520
29,0.925220,0.500713,7253.917480
30,0.948046,0.474423,7503.577637
31,0.983498,0.474166,7753.094727
32,0.007378,0.481960,8002.660645
33,0.027792,0.495900,8252.197266
34,0.055652,0.511267,8501.805664
35,0.087261,0.554224,8751.283203
36,0.105990,0.597987,9000.860352
37,0.119836,0.617922,9267.147461
38,0.118912,0.649416,9516.643555
39,0.100664,0.632191,9766.266602
40,0.086516,0.584056,10015.746094
41,0.062040,0.550075,10265.378906
42,0.013574,0.502122,10531.504883
43,0.985068,0.458825,10781.143555
44,0.961195,0.454687,11013.961914
45,0.925818,0.468323,11280.250977
46,0.884019,0.479411,11513.067383
47,0.855638,0.481351,11762.748047
48,0.824752,0.462688,12012.353516
49,0.779913,0.443005,12261.855469
50,0.745496,0.431107,12544.742188
51,0.720216,0.429474,12794.201172
52,0.684675,0.456586,13010.574219
53,0.654483,0.519039,13293.285156
54,0.622338,0.569385,13526.370117
55,0.590537,0.596881,13792.553711
56,0.563638,0.604532,14025.426758
57,0.544393,0.603889,14258.284180
58,0.518709,0.598716,14507.957031
59,0.495288,0.593169,14757.545898
60,0.468997,0.592142,15007.008789
61,0.439417,0.597906,15256.686523
62,0.419062,0.603663,15506.128906
63,0.413770,0.590262,15772.408203
64,0.431150,0.535909,16005.237305
65,0.464816,0.471190,16254.854492
66,0.493629,0.434759,16504.388672
67,0.475842,0.412500,16754.001953
68,0.440009,0.399286,17003.480469
69,0.415170,0.384306,17253.132812
70,0.403094,0.377435,17502.652344
71,0.439007,0.416561,17752.197266
72,0.485367,0.476490,18001.867188
73,0.512792,0.521940,18251.318359
74,0.538607,0.551727,18500.957031
75,0.568475,0.571633,18750.451172
76,0.596000,0.580857,19000.078125
77,0.619797,0.580114,19266.207031
78,0.646504,0.580815,19515.828125
79,0.674096,0.583429,19765.298828
80,0.699200,0.588553,20014.972656
81,0.719985,0.600789,20264.410156
82,0.734918,0.586889,20597.298828
83,0.742811,0.562515,20763.732422
84,0.752463,0.543390,21013.169922
85,0.764539,0.529128,21345.949219
86,0.772327,0.515290,21512.269531
87,0.771037,0.494756,21845.056641
88,0.765285,0.481213,22094.648438
89,0.760029,0.488638,22327.494141
90,0.755026,0.529274,22577.126953
91,0.750898,0.541659,22826.664062
92,0.751358,0.553539,23076.250000
93,0.752756,0.573218,23309.162109
94,0.752678,0.555426,23558.775391
95,0.753856,0.551893,23808.304688
96,0.754755,0.545358,24041.271484
97,0.759913,0.529727,24307.341797
98,0.758689,0.529591,24556.982422
99,0.747240,0.546412,24789.857422
0,0.750474,0.472121,-0.013343
1,0.750550,0.473122,266.136932
2,0.748246,0.472531,515.725281
3,0.735671,0.462403,765.268188
4,0.686801,0.441270,1014.911621
5,0.654103,0.432587,1264.448975
6,0.648680,0.432114,1513.983032
7,0.631242,0.450113,1763.569946
8,0.613751,0.490856,2013.096069
9,0.586280,0.530011,2262.643555
10,0.560642,0.556966,2512.218262
11,0.543209,0.597521,2761.862549
12,0.586873,0.638222,3011.412598
13,0.700675,0.711453,3260.908203
14,0.743870,0.750046,3510.471924
15,0.763297,0.815261,3760.061768
16,0.768048,0.845686,4009.584961
17,0.773826,0.820638,4259.162598
18,0.775815,0.733019,4508.809082
19,0.774076,0.715908,4758.308105
20,0.781913,0.692087,5007.906250
21,0.834193,0.609024,5257.422363
22,0.859867,0.569418,5506.981445
23,0.870076,0.559784,5756.545410
24,0.952471,0.533239,6006.169434
25,0.999108,0.551056,6255.708496
26,0.054682,0.605187,6505.321289
27,0.069817,0.630180,6754.786621
28,0.059831,0.563761,7004.387207
29,0.030510,0.516835,7253.961426
30,0.961290,0.436061,7503.512695
31,0.885523,0.370717,7753.089355
32,0.819780,0.358192,8002.706055
33,0.761981,0.362405,8252.259766
34,0.717588,0.362273,8501.730469
35,0.690912,0.366018,8751.355469
36,0.683380,0.371886,9000.919922
37,0.688873,0.375882,9250.474609
38,0.683358,0.373432,9500.047852
39,0.664883,0.360601,9766.250977
40,0.667781,0.320774,10015.813477
41,0.634600,0.340235,10265.376953
42,0.567441,0.412551,10514.930664
43,0.552684,0.477708,10764.547852
44,0.558929,0.535741,11014.013672
45,0.549371,0.558315,11263.633789
46,0.512260,0.569560,11513.240234
47,0.476484,0.575211,11762.739258
48,0.417959,0.576186,12012.303711
49,0.374982,0.594801,12261.857422
50,0.373688,0.684619,12511.496094
51,0.390996,0.762908,12761.073242
52,0.369155,0.819554,13010.627930
53,0.317137,0.787802,13260.128906
54,0.281960,0.717100,13509.685547
55,0.345031,0.797086,13759.234375
56,0.513915,0.851569,14008.780273
57,0.573686,0.865004,14258.350586
58,0.579848,0.856987,14507.910156
59,0.503940,0.837829,14757.499023
60,0.353160,0.750142,15007.049805
61,0.290729,0.687176,15256.618164
62,0.245533,0.647953,15506.176758
63,0.208241,0.619743,15755.751953
64,0.189856,0.618019,16005.312500
65,0.180126,0.627489,16254.858398
66,0.183152,0.599171,16504.423828
67,0.217341,0.463796,16753.988281
68,0.232271,0.387333,17003.541016
69,0.264453,0.338402,17253.123047
70,0.292945,0.316488,17502.697266
71,0.309444,0.316393,17752.246094
72,0.390456,0.302993,18001.820312
73,0.506123,0.309738,18251.394531
74,0.553860,0.400850,18500.937500
75,0.577216,0.533263,18750.517578
76,0.601213,0.567424,19000.074219
77,0.632305,0.586120,19266.283203
78,0.678874,0.608795,19515.857422
79,0.713906,0.623775,19765.390625
80,0.741247,0.634790,20014.951172
81,0.759658,0.639421,20264.539062
82,0.782479,0.636569,20514.138672
83,0.816771,0.626428,20763.660156
84,0.856995,0.616404,21013.214844
85,0.909904,0.603269,21262.783203
86,0.969378,0.606759,21512.330078
87,0.042761,0.625944,21761.902344
88,0.071057,0.647984,22011.476562
89,0.079562,0.617001,22261.044922
90,0.061993,0.553788,22510.599609
91,0.028822,0.521876,22760.156250
92,0.940811,0.509936,23009.773438
93,0.871089,0.508102,23259.283203
94,0.833651,0.507441,23508.851562
95,0.811642,0.503381,23758.445312
96,0.778253,0.489150,24007.972656
97,0.761729,0.481358,24257.574219
98,0.766065,0.492792,24507.144531
99,0.766422,0.500181,24756.685547
0,0.749985,0.499603,0.045989
1,0.751373,0.537444,266.235260
2,0.753930,0.632892,515.909851
3,0.751996,0.692463,765.371216
4,0.740581,0.722386,1014.952515
5,0.738497,0.718175,1264.606567
6,0.747169,0.707687,1514.061401
7,0.773513,0.661282,1763.695557
8,0.794748,0.604375,2013.223755
9,0.814434,0.571035,2262.781982
10,0.863049,0.550595,2512.353271
11,0.897972,0.531596,2761.955322
12,0.929653,0.513850,3011.482422
13,0.959997,0.504379,3261.026367
14,0.999905,0.508688,3510.696533
15,0.023375,0.522044,3760.146240
16,0.046229,0.555748,4009.752441
17,0.073292,0.573219,4259.322754
18,0.103325,0.597058,4508.922852
19,0.114717,0.645228,4758.430176
20,0.101794,0.675888,5007.976074
21,0.070442,0.729528,5257.591797
22,0.007269,0.785923,5507.183105
23,0.917311,0.800809,5756.755371
24,0.877759,0.806501,6006.281738
25,0.860268,0.786750,6255.808105
26,0.851386,0.684983,6505.333008
27,0.832486,0.606297,6754.922852
28,0.807574,0.580309,7004.563477
29,0.793035,0.577727,7254.136719
30,0.780860,0.587781,7503.637207
31,0.765637,0.593203,7753.197266
32,0.767099,0.583418,8002.769531
33,0.775444,0.564825,8252.323242
34,0.772918,0.554546,8501.840820
35,0.769015,0.513721,8751.429688
36,0.744254,0.466828,9001.041016
37,0.708921,0.455105,9250.547852
38,0.645265,0.488337,9500.126953
39,0.572672,0.540454,9766.348633
40,0.511100,0.556279,10015.910156
41,0.497181,0.548868,10265.453125
42,0.483157,0.538085,10515.004883
43,0.480321,0.560347,10764.603516
44,0.466945,0.583767,11014.212891
45,0.434291,0.604735,11263.739258
46,0.408490,0.629414,11513.297852
47,0.377448,0.639027,11762.940430
48,0.356325,0.637499,12012.387695
49,0.331537,0.637634,12261.937500
50,0.317468,0.637924,12511.584961
51,0.309241,0.666834,12761.125000
52,0.302568,0.681646,13010.649414
53,0.332105,0.679702,13260.205078
54,0.420550,0.663491,13509.862305
55,0.487447,0.651137,13759.369141
56,0.516801,0.634240,14008.885742
57,0.550956,0.596958,14258.559570
58,0.576868,0.575312,14508.104492
59,0.591238,0.559193,14757.626953
60,0.591575,0.545493,15007.145508
61,0.592894,0.542071,15256.743164
62,0.588935,0.531423,15506.291992
63,0.591555,0.520061,15755.838867
64,0.599477,0.516245,16005.500000
65,0.603889,0.511764,16255.072266
66,0.608666,0.509239,16504.550781
67,0.607508,0.511586,16754.187500
68,0.599603,0.519466,17003.783203
69,0.582952,0.525130,17253.269531
70,0.571050,0.527256,17502.787109
71,0.579030,0.519454,17752.404297
72,0.620796,0.510765,18001.957031
73,0.644674,0.547687,18251.513672
74,0.656484,0.608583,18501.027344
75,0.656436,0.647512,18750.617188
76,0.675458,0.666326,19000.183594
77,0.718586,0.691359,19266.404297
78,0.734868,0.717168,19515.927734
79,0.744690,0.746922,19765.492188
80,0.745826,0.788133,20015.115234
81,0.748511,0.814816,20264.742188
82,0.774575,0.777877,20514.197266
83,0.805472,0.729971,20763.763672
84,0.825392,0.675939,21013.324219
85,0.861263,0.601939,21262.939453
86,0.882494,0.511998,21512.484375
87,0.887113,0.474917,21762.009766
88,0.927601,0.469705,22011.615234
89,0.960059,0.496701,22261.146484
90,0.991578,0.503082,22510.800781
91,0.995683,0.508950,22760.291016
92,0.910562,0.526275,23009.875000
93,0.837118,0.540153,23259.478516
94,0.822343,0.516219,23509.003906
95,0.807980,0.488977,23758.539062
96,0.777469,0.577109,24008.091797
97,0.758473,0.620855,24257.728516
98,0.749636,0.626656,24507.263672
99,0.745093,0.622313,24756.775391
