Idx, longitude, latitude, start timestamp
0,0.749848,0.481136,-0.001134
1,0.749500,0.482444,266.248627
2,0.736873,0.485542,515.892883
3,0.685251,0.494670,765.391602
4,0.657961,0.500264,1014.984070
5,0.636262,0.498930,1264.514526
6,0.639758,0.530901,1514.219360
7,0.645246,0.575760,1763.706543
8,0.637817,0.618714,2013.211548
9,0.620783,0.652768,2262.758545
10,0.597037,0.682853,2512.365723
11,0.569525,0.695015,2762.048340
12,0.539815,0.700960,3011.450195
13,0.501065,0.665764,3261.064453
14,0.466543,0.606871,3510.624268
15,0.452273,0.570342,3760.183838
16,0.444429,0.553259,4009.696777
17,0.435467,0.528044,4259.352539
18,0.416117,0.502543,4525.446777
19,0.396647,0.462240,4775.106445
20,0.359754,0.393052,5007.951660
21,0.326284,0.412849,5274.170410
22,0.310866,0.463212,5507.082520
23,0.305936,0.447939,5756.715820
24,0.309612,0.370379,6022.824707
25,0.323183,0.356534,6255.822266
26,0.383144,0.343430,6522.056152
27,0.428783,0.372288,6771.594727
28,0.436978,0.397781,7021.194824
29,0.452094,0.417553,7254.063477
30,0.454793,0.438602,7503.699219
31,0.408315,0.475115,7753.140625
32,0.395210,0.515198,8002.775879
33,0.395465,0.534337,8252.257812
34,0.390726,0.527857,8501.876953
35,0.392350,0.522090,8751.385742
36,0.394372,0.523663,9001.002930
37,0.384398,0.510738,9250.624023
38,0.335735,0.474198,9500.183594
39,0.312908,0.452290,9766.377930
40,0.318318,0.391758,10015.909180
41,0.337326,0.365424,10265.475586
42,0.379146,0.347046,10515.021484
43,0.420969,0.358825,10764.599609
44,0.473682,0.402006,11097.379883
45,0.549751,0.451653,11330.238281
46,0.610406,0.452567,11579.858398
47,0.647258,0.447655,11829.370117
48,0.686296,0.445029,12078.994141
49,0.651743,0.418402,12328.568359
50,0.663276,0.401836,12578.105469
51,0.742240,0.413000,12811.130859
52,0.787088,0.421513,13060.575195
53,0.812160,0.413455,13293.557617
54,0.829876,0.397288,13543.109375
55,0.839892,0.392799,13775.934570
56,0.874190,0.396004,14025.558594
57,0.907007,0.403068,14275.212891
58,0.924381,0.410650,14508.088867
59,0.951260,0.411053,14757.666016
60,0.966182,0.414923,15040.449219
61,0.970956,0.401536,15256.660156
62,0.979731,0.371872,15539.568359
63,0.973952,0.375898,15772.546875
64,0.919646,0.414845,16022.037109
65,0.863201,0.437380,16271.650391
66,0.803736,0.457276,16537.949219
67,0.776364,0.477385,16770.773438
68,0.763815,0.481381,17003.648438
69,0.724604,0.473618,17269.875000
70,0.688570,0.481906,17536.175781
71,0.665977,0.515674,17785.671875
72,0.647899,0.568529,18002.056641
73,0.640203,0.611650,18268.169922
74,0.640080,0.632503,18517.677734
75,0.690685,0.568457,18750.609375
76,0.734120,0.513078,19033.529297
77,0.774770,0.495801,19266.400391
78,0.858518,0.465216,19516.011719
79,0.936285,0.444761,19765.507812
80,0.004390,0.424179,20015.126953
81,0.089194,0.414460,20264.634766
82,0.204980,0.451953,20514.259766
83,0.300491,0.489614,20763.832031
84,0.347078,0.493020,21013.363281
85,0.368939,0.495807,21262.947266
86,0.376071,0.501288,21512.445312
87,0.381524,0.506327,21762.134766
88,0.390731,0.508999,22094.810547
89,0.398489,0.518746,22327.730469
90,0.397020,0.521703,22577.351562
91,0.364818,0.509897,22826.822266
92,0.311753,0.503022,23059.845703
93,0.265058,0.481625,23309.332031
94,0.229841,0.450366,23558.916016
95,0.197567,0.443761,23808.470703
96,0.162503,0.452066,24058.031250
97,0.130426,0.456037,24307.568359
98,0.091568,0.463638,24540.580078
99,0.055408,0.475011,24790.037109
0,0.751715,0.497623,-0.003424
1,0.756089,0.497665,266.183441
2,0.757090,0.498319,515.734375
3,0.758870,0.495645,765.418762
4,0.775734,0.474069,1014.849670
5,0.795389,0.439635,1264.425171
6,0.803482,0.422448,1513.945801
7,0.806077,0.418674,1763.589600
8,0.810345,0.419705,2013.239136
9,0.814415,0.422105,2262.766846
10,0.826172,0.427889,2512.320557
11,0.865527,0.427634,2761.774170
12,0.902226,0.419775,3011.401367
13,0.919037,0.413871,3261.019775
14,0.928989,0.413686,3510.513672
15,0.939400,0.413757,3760.030762
16,0.950634,0.411953,4009.633057
17,0.954978,0.414531,4259.171875
18,0.962454,0.413779,4508.800781
19,0.968059,0.417026,4758.412109
20,0.970865,0.417863,5007.951660
21,0.976071,0.420301,5257.562500
22,0.980671,0.422989,5507.045410
23,0.997106,0.420139,5756.713379
24,0.018218,0.395020,6006.163574
25,0.033275,0.373758,6255.726074
26,0.044677,0.353993,6505.221191
27,0.054830,0.352440,6754.942383
28,0.066263,0.384150,7004.418457
29,0.071904,0.413372,7253.978027
30,0.074525,0.431920,7503.586426
31,0.077421,0.462249,7753.200684
32,0.077934,0.491616,8002.701172
33,0.072969,0.548486,8252.229492
34,0.064653,0.600734,8501.710938
35,0.046709,0.661893,8751.375000
36,0.035450,0.702559,9000.980469
37,0.029574,0.731074,9250.544922
38,0.031294,0.737719,9500.075195
39,0.034875,0.737439,9766.223633
40,0.039078,0.725920,10015.794922
41,0.039621,0.712437,10265.341797
42,0.029441,0.665924,10514.942383
43,0.005864,0.574238,10764.576172
44,0.990642,0.508728,11014.050781
45,0.981342,0.472384,11263.684570
46,0.958952,0.461835,11513.208984
47,0.923692,0.450793,11762.750000
48,0.901666,0.438042,12012.272461
49,0.892734,0.430806,12261.892578
50,0.886229,0.430576,12511.452148
51,0.856452,0.420169,12761.008789
52,0.822911,0.430034,13010.558594
53,0.801188,0.475144,13260.182617
54,0.781309,0.485657,13509.825195
55,0.760128,0.470876,13759.313477
56,0.728766,0.455896,14008.927734
57,0.693378,0.432566,14258.398438
58,0.670348,0.399785,14507.982422
59,0.655236,0.373545,14757.627930
60,0.641242,0.397930,15007.105469
61,0.624520,0.486552,15256.635742
62,0.610132,0.556914,15506.246094
63,0.603756,0.638992,15755.725586
64,0.600265,0.694900,16005.386719
65,0.595122,0.716803,16254.840820
66,0.587750,0.734032,16504.511719
67,0.576867,0.762421,16754.083984
68,0.570264,0.778106,17003.699219
69,0.568399,0.789746,17253.199219
70,0.565547,0.795161,17502.724609
71,0.562191,0.794191,17752.359375
72,0.549146,0.771913,18001.835938
73,0.543015,0.755339,18251.478516
74,0.556813,0.736014,18500.994141
75,0.561955,0.732964,18750.628906
76,0.571161,0.713751,19000.097656
77,0.594900,0.637094,19266.308594
78,0.610286,0.572067,19515.974609
79,0.607032,0.564485,19765.488281
80,0.583255,0.518450,20081.585938
81,0.559605,0.448807,20331.160156
82,0.534422,0.385976,20580.695312
83,0.514665,0.384800,20763.718750
84,0.508769,0.396507,21013.328125
85,0.510172,0.410626,21279.406250
86,0.508453,0.470302,21529.015625
87,0.507597,0.514602,21761.935547
88,0.492810,0.578458,22011.589844
89,0.481130,0.596390,22261.132812
90,0.461391,0.614468,22510.652344
91,0.436295,0.600620,22760.250000
92,0.423695,0.575964,23009.802734
93,0.417384,0.547588,23259.382812
94,0.410080,0.527549,23508.925781
95,0.398861,0.517080,23758.488281
96,0.375204,0.508340,24008.041016
97,0.357364,0.498802,24257.666016
98,0.353756,0.481367,24540.480469
99,0.367491,0.437939,24790.023438
0,0.749819,0.512183,0.018044
1,0.749467,0.508214,266.079346
2,0.757226,0.498958,515.630005
3,0.784572,0.482349,765.268555
4,0.812479,0.462091,1014.792358
5,0.838732,0.451147,1264.396606
6,0.859196,0.442038,1513.913330
7,0.872351,0.441859,1763.515259
8,0.871576,0.444657,2012.990479
9,0.848228,0.447114,2262.578125
10,0.825009,0.447620,2512.133301
11,0.804930,0.448380,2761.688721
12,0.780439,0.449081,3011.226562
13,0.749470,0.449107,3260.853027
14,0.720699,0.450920,3510.327393
15,0.695204,0.460743,3759.963135
16,0.672390,0.466679,4009.571777
17,0.651240,0.470265,4259.044922
18,0.632303,0.475157,4508.682617
19,0.608264,0.471950,4758.166992
20,0.592241,0.465773,5007.748535
21,0.589126,0.455312,5257.289062
22,0.596510,0.445186,5506.847656
23,0.607220,0.454827,5756.417969
24,0.615260,0.479255,6006.015137
25,0.626805,0.525518,6255.510742
26,0.635473,0.577785,6505.063965
27,0.635775,0.626455,6754.605957
28,0.621261,0.658055,7004.233887
29,0.604041,0.681262,7253.798828
30,0.609960,0.687170,7503.343262
31,0.658216,0.675325,7752.969238
32,0.700608,0.618246,8002.448730
33,0.728299,0.548604,8252.067383
34,0.754553,0.498715,8501.619141
35,0.781950,0.460297,8751.138672
36,0.814417,0.425582,9000.664062
37,0.855580,0.391147,9250.294922
38,0.896496,0.380999,9516.416016
39,0.928220,0.380229,9766.038086
40,0.946785,0.374638,10015.651367
41,0.964887,0.378575,10265.071289
42,0.987471,0.386774,10514.768555
43,0.010586,0.396779,10764.223633
44,0.040577,0.404350,11013.802734
45,0.080992,0.421871,11263.350586
46,0.117097,0.439209,11512.907227
47,0.140175,0.455266,11762.466797
48,0.158499,0.453123,12012.025391
49,0.177796,0.454375,12261.582031
50,0.191798,0.467078,12511.159180
51,0.203647,0.481055,12760.760742
52,0.217966,0.488143,13010.275391
53,0.231082,0.493948,13259.902344
54,0.245114,0.510219,13509.397461
55,0.264745,0.519761,13758.970703
56,0.271582,0.518656,14008.519531
57,0.269544,0.516459,14258.093750
58,0.263688,0.514710,14574.231445
59,0.255382,0.459366,14790.449219
60,0.242780,0.392949,15040.105469
61,0.223330,0.369951,15256.362305
62,0.194021,0.354476,15539.225586
63,0.161145,0.349374,15772.026367
64,0.136400,0.346763,16021.684570
65,0.114398,0.347062,16254.570312
66,0.081856,0.350071,16504.208984
67,0.049019,0.357466,16753.642578
68,0.020599,0.360368,17003.257812
69,0.992722,0.364683,17319.402344
70,0.968794,0.370213,17552.281250
71,0.945420,0.374990,17785.304688
72,0.923792,0.377568,18001.498047
73,0.893125,0.377653,18250.955078
74,0.865274,0.387281,18533.865234
75,0.843802,0.415494,18750.066406
76,0.819088,0.440784,19016.392578
77,0.807309,0.448806,19265.968750
78,0.795409,0.455007,19515.433594
79,0.781376,0.466437,19765.041016
80,0.764370,0.480974,20081.146484
81,0.757111,0.491886,20314.017578
82,0.756545,0.498550,20547.007812
83,0.761239,0.504860,20779.908203
84,0.768799,0.502919,21012.796875
85,0.777484,0.501690,21279.009766
86,0.783540,0.497115,21512.027344
87,0.789392,0.488307,21778.091797
88,0.799110,0.474617,22011.083984
89,0.818248,0.467160,22260.644531
90,0.818776,0.465248,22510.201172
91,0.803393,0.456703,22759.730469
92,0.775979,0.435733,23092.433594
93,0.749991,0.433175,23308.832031
94,0.729638,0.433756,23541.726562
95,0.720266,0.445771,23774.572266
96,0.709766,0.466114,24007.539062
97,0.706399,0.483106,24273.810547
98,0.710199,0.484005,24506.699219
99,0.714309,0.480131,24756.246094
0,0.750077,0.531399,-0.006010
1,0.750013,0.531915,266.171478
2,0.750113,0.532858,515.630920
3,0.750237,0.533722,765.329163
4,0.750330,0.534723,1014.876099
5,0.750392,0.535578,1264.416382
6,0.750388,0.535237,1530.645630
7,0.752419,0.513166,1780.176880
8,0.773378,0.470791,2046.372681
9,0.805246,0.444765,2279.249023
10,0.815570,0.448326,2528.868164
11,0.820845,0.453043,2761.750244
12,0.845056,0.467937,3027.965576
13,0.863114,0.480076,3277.504150
14,0.871542,0.491244,3527.128174
15,0.875860,0.498586,3776.783936
16,0.879386,0.503856,4042.846436
17,0.879144,0.505993,4275.854492
18,0.875367,0.505484,4525.416016
19,0.869836,0.503403,4791.610352
20,0.861377,0.500176,5024.509277
21,0.834605,0.485100,5290.747559
22,0.784866,0.465232,5540.182617
23,0.720221,0.446110,5756.617676
24,0.659060,0.421818,6039.463379
25,0.620528,0.406674,6288.923340
26,0.597831,0.407873,6521.955078
27,0.609781,0.424732,6771.439941
28,0.632163,0.447333,7037.711426
29,0.617250,0.438854,7270.602051
30,0.581299,0.427704,7520.234375
31,0.526489,0.419248,7769.723145
32,0.492707,0.394411,8035.929688
33,0.456630,0.360842,8285.457031
34,0.432692,0.338617,8535.031250
35,0.412472,0.327851,8784.536133
36,0.392512,0.339024,9017.580078
37,0.366125,0.372936,9267.052734
38,0.343740,0.399331,9516.668945
39,0.327065,0.428438,9766.260742
40,0.323130,0.451461,10032.420898
41,0.325331,0.456843,10265.289062
42,0.329075,0.454801,10514.886719
43,0.345611,0.451620,10764.542969
44,0.399068,0.445292,11030.650391
45,0.483441,0.453408,11280.234375
46,0.561698,0.463209,11529.791016
47,0.628658,0.462139,11779.345703
48,0.699068,0.465167,12012.225586
49,0.743510,0.466678,12278.517578
50,0.786979,0.473737,12528.164062
51,0.816015,0.474752,12777.631836
52,0.811209,0.473725,13010.612305
53,0.785757,0.464718,13276.771484
54,0.744423,0.460084,13509.737305
55,0.703055,0.461551,13775.884766
56,0.689143,0.456337,14042.130859
57,0.676343,0.473054,14274.986328
58,0.641804,0.545869,14507.983398
59,0.639008,0.597602,14757.431641
60,0.631573,0.659987,15007.131836
61,0.618224,0.693377,15256.573242
62,0.595434,0.684807,15506.240234
63,0.562437,0.669087,15755.722656
64,0.531544,0.674117,16005.389648
65,0.480852,0.646019,16254.950195
66,0.443521,0.616102,16504.410156
67,0.434929,0.609219,16770.677734
68,0.426013,0.601763,17003.560547
69,0.429394,0.598530,17253.152344
70,0.447774,0.600309,17502.675781
71,0.516050,0.605743,17752.234375
72,0.578477,0.626551,18001.818359
73,0.610794,0.630408,18251.406250
74,0.632330,0.629128,18500.923828
75,0.646278,0.624819,18750.531250
76,0.693389,0.611696,19000.166016
77,0.732331,0.594394,19266.283203
78,0.748090,0.583055,19515.925781
79,0.751040,0.577590,19765.378906
80,0.743669,0.581330,20015.062500
81,0.695022,0.608763,20264.527344
82,0.641681,0.640243,20514.109375
83,0.596639,0.664979,20763.623047
84,0.565784,0.666181,21013.279297
85,0.566944,0.672096,21262.726562
86,0.597909,0.694097,21512.363281
87,0.642130,0.700516,21762.039062
88,0.649505,0.689922,22011.500000
89,0.648245,0.680337,22261.101562
90,0.691634,0.671808,22510.599609
91,0.757043,0.645239,22760.220703
92,0.799538,0.617796,23009.707031
93,0.831358,0.592173,23259.382812
94,0.842252,0.578319,23508.820312
95,0.858057,0.563168,23758.470703
96,0.881264,0.543944,24008.003906
97,0.911107,0.528595,24257.617188
98,0.939459,0.513909,24507.083984
99,0.950393,0.498778,24756.689453
0,0.781572,0.485677,-0.037186
1,0.814940,0.485729,266.152496
2,0.842077,0.478447,515.853638
3,0.871810,0.466409,765.334290
4,0.899059,0.452304,1014.939026
5,0.911250,0.444032,1264.456299
6,0.930661,0.439662,1514.114624
7,0.957687,0.434884,1763.539429
8,0.972688,0.434595,2013.133057
9,0.974471,0.434624,2262.678955
10,0.971170,0.432862,2512.286377
11,0.968057,0.439643,2761.749512
12,0.963807,0.454163,3011.424805
13,0.956179,0.446258,3261.035400
14,0.947566,0.438963,3510.505371
15,0.938958,0.433050,3760.093506
16,0.926291,0.426247,4009.649658
17,0.909197,0.417732,4259.243652
18,0.886323,0.408307,4508.700684
19,0.862078,0.403537,4758.372559
20,0.845148,0.403822,5007.831055
21,0.829073,0.411116,5257.388184
22,0.808911,0.422299,5507.011719
23,0.794338,0.428690,5756.576172
24,0.784897,0.429956,6006.072266
25,0.770593,0.433615,6255.683594
26,0.749816,0.436239,6505.333008
27,0.731449,0.438933,6754.786621
28,0.714591,0.443622,7021.098145
29,0.693307,0.448191,7270.564941
30,0.664838,0.446342,7503.563965
31,0.635199,0.441101,7769.652344
32,0.610079,0.433603,8019.300293
33,0.583579,0.428346,8268.760742
34,0.574818,0.448610,8501.756836
35,0.581084,0.476955,8768.021484
36,0.589186,0.507236,9000.875000
37,0.585315,0.538031,9250.554688
38,0.582015,0.593324,9500.035156
39,0.586730,0.624149,9766.240234
40,0.534361,0.630163,10048.992188
41,0.474453,0.641305,10281.967773
42,0.462435,0.661718,10531.503906
43,0.472885,0.682268,10764.462891
44,0.474891,0.688886,11030.705078
45,0.467589,0.679093,11263.608398
46,0.439834,0.627116,11529.820312
47,0.424743,0.563720,11762.758789
48,0.414484,0.518021,12028.941406
49,0.396992,0.463049,12261.810547
50,0.394204,0.361251,12511.432617
51,0.409111,0.286538,12760.944336
52,0.450511,0.294369,13010.606445
53,0.507439,0.360911,13293.353516
54,0.528140,0.413656,13526.308594
55,0.524763,0.425690,13775.837891
56,0.487025,0.432918,14025.459961
57,0.400772,0.441487,14258.324219
58,0.334846,0.445104,14524.558594
59,0.283757,0.448360,14757.550781
60,0.230065,0.439984,15023.639648
61,0.171217,0.415304,15256.673828
62,0.123351,0.406394,15506.125000
63,0.092538,0.416380,15755.774414
64,0.075859,0.417099,16005.282227
65,0.067348,0.418225,16254.873047
66,0.066453,0.423954,16504.392578
67,0.076963,0.429667,16753.990234
68,0.098652,0.437515,17003.513672
69,0.134445,0.421416,17253.097656
70,0.153319,0.423293,17502.632812
71,0.168415,0.432283,17752.210938
72,0.190944,0.439936,18084.976562
73,0.215789,0.447807,18334.599609
74,0.244305,0.447730,18567.505859
75,0.289465,0.439665,18800.343750
76,0.321648,0.397535,19050.005859
77,0.331390,0.373643,19299.574219
78,0.342973,0.378311,19532.470703
79,0.355751,0.386082,19765.296875
80,0.378651,0.388408,20014.978516
81,0.400130,0.393567,20264.556641
82,0.425618,0.412762,20514.076172
83,0.438363,0.452911,20796.943359
84,0.428395,0.482698,21029.800781
85,0.425090,0.489398,21262.773438
86,0.438193,0.493572,21528.890625
87,0.455845,0.492440,21761.949219
88,0.489380,0.484480,22011.386719
89,0.612840,0.451605,22261.041016
90,0.752491,0.435372,22543.912109
91,0.825316,0.424233,22776.798828
92,0.845225,0.415127,23026.382812
93,0.864756,0.415933,23275.925781
94,0.883665,0.427882,23525.517578
95,0.892365,0.433013,23758.345703
96,0.900906,0.432403,24024.638672
97,0.909281,0.429049,24257.472656
98,0.914157,0.447975,24507.121094
99,0.915688,0.451779,24756.619141
0,0.749910,0.512142,-0.032722
1,0.750393,0.513119,266.185303
2,0.753939,0.513551,515.804443
3,0.767945,0.510048,765.282227
4,0.786101,0.508573,1014.856201
5,0.800662,0.514241,1264.494629
6,0.809312,0.517654,1513.984131
7,0.812362,0.521144,1763.602783
8,0.810834,0.526588,2013.120361
9,0.804005,0.540144,2262.711182
10,0.792053,0.555567,2512.332520
11,0.783387,0.565808,2761.903320
12,0.774247,0.572278,3011.387451
13,0.765236,0.575317,3260.957520
14,0.755257,0.575823,3510.523438
15,0.739936,0.580441,3760.137695
16,0.702532,0.614477,4009.652832
17,0.674463,0.638421,4259.243164
18,0.651743,0.656689,4508.863770
19,0.637086,0.672890,4758.402832
20,0.620289,0.679442,5007.909668
21,0.608751,0.683892,5257.449707
22,0.592440,0.697285,5507.041992
23,0.562549,0.717269,5756.556641
24,0.552122,0.683646,6006.175781
25,0.563137,0.626484,6255.735352
26,0.575804,0.585154,6505.301270
27,0.590787,0.547890,6754.812500
28,0.598825,0.528675,7004.440918
29,0.600395,0.514746,7253.944824
30,0.586099,0.492612,7503.581543
31,0.559032,0.469860,7753.130371
32,0.528670,0.466158,8002.689453
33,0.515686,0.458732,8252.243164
34,0.496900,0.454282,8501.768555
35,0.478003,0.448318,8751.409180
36,0.454457,0.446537,9000.907227
37,0.429035,0.454507,9250.565430
38,0.402714,0.464912,9500.016602
39,0.372846,0.477024,9766.249023
40,0.346163,0.477990,10015.781250
41,0.325805,0.470612,10265.382812
42,0.316908,0.460114,10514.907227
43,0.322263,0.442193,10764.528320
44,0.331770,0.421276,11014.167969
45,0.352167,0.420184,11263.613281
46,0.360036,0.464508,11513.217773
47,0.350455,0.516778,11762.783203
48,0.343839,0.549085,12012.332031
49,0.333848,0.570165,12261.864258
50,0.322116,0.582568,12511.520508
51,0.315524,0.588548,12761.022461
52,0.313049,0.592084,13010.679688
53,0.297616,0.596253,13260.158203
54,0.259742,0.590094,13509.760742
55,0.214637,0.580028,13759.273438
56,0.177887,0.559420,14008.837891
57,0.147435,0.543337,14258.400391
58,0.124567,0.528760,14507.936523
59,0.104612,0.510498,14757.576172
60,0.084925,0.495251,15007.058594
61,0.063066,0.492672,15256.670898
62,0.029035,0.503972,15506.267578
63,0.993493,0.516452,15755.810547
64,0.969681,0.527549,16005.431641
65,0.955699,0.535860,16254.984375
66,0.956432,0.535213,16504.513672
67,0.956602,0.535349,16754.013672
68,0.947556,0.540253,17003.626953
69,0.928643,0.541830,17253.148438
70,0.910371,0.537251,17502.734375
71,0.907569,0.532570,17752.345703
72,0.907446,0.534353,18001.837891
73,0.893473,0.541455,18251.453125
74,0.884497,0.543052,18500.951172
75,0.894007,0.536309,18750.613281
76,0.929446,0.524963,19000.082031
77,0.952321,0.518964,19266.292969
78,0.964280,0.517956,19515.853516
79,0.968887,0.518669,19765.464844
80,0.968948,0.519732,20015.048828
81,0.968602,0.520679,20264.599609
82,0.968345,0.521785,20514.117188
83,0.968057,0.522143,20763.787109
84,0.969587,0.522135,21013.246094
85,0.972024,0.523474,21262.892578
86,0.973348,0.530797,21512.357422
87,0.974729,0.542885,21761.933594
88,0.983743,0.544283,22011.490234
89,0.002512,0.543470,22261.050781
90,0.030723,0.542429,22510.666016
91,0.065791,0.537797,22760.210938
92,0.107304,0.531602,23009.796875
93,0.150027,0.522711,23259.320312
94,0.190907,0.520049,23508.937500
95,0.237568,0.510889,23758.492188
96,0.281309,0.495577,24007.992188
97,0.314506,0.487383,24257.666016
98,0.342747,0.486068,24507.185547
99,0.362287,0.481367,24756.773438
0,0.764853,0.426062,-0.017044
1,0.768290,0.437867,266.197632
2,0.766364,0.452888,515.742126
3,0.763800,0.497751,765.250000
4,0.757570,0.536917,1014.830688
5,0.730509,0.569884,1264.426880
6,0.684157,0.615947,1513.993774
7,0.642165,0.641990,1763.571289
8,0.611742,0.670583,2013.038574
9,0.591188,0.691542,2262.653564
10,0.570523,0.700532,2512.236816
11,0.548271,0.696153,2761.768799
12,0.528090,0.697852,3011.391846
13,0.517173,0.702802,3260.943604
14,0.507460,0.695635,3510.528076
15,0.487734,0.657322,3760.048584
16,0.510974,0.667283,4009.694824
17,0.573703,0.760846,4259.205566
18,0.617572,0.833385,4508.775879
19,0.632026,0.871366,4758.249512
20,0.624793,0.880245,5007.852051
21,0.615133,0.843516,5257.408691
22,0.613563,0.778968,5506.985840
23,0.585754,0.730477,5756.540039
24,0.543438,0.707686,6006.147461
25,0.550917,0.690927,6255.804688
26,0.586911,0.624509,6505.207031
27,0.609364,0.527124,6754.862793
28,0.615148,0.456296,7004.372070
29,0.617606,0.413763,7253.955078
30,0.626117,0.406398,7503.551270
31,0.686266,0.416261,7753.171875
32,0.737901,0.443549,8002.582520
33,0.768005,0.440100,8252.204102
34,0.794801,0.416965,8501.745117
35,0.814449,0.403819,8751.339844
36,0.840084,0.401340,9017.584961
37,0.883352,0.412648,9250.457031
38,0.916300,0.416889,9500.075195
39,0.943095,0.420215,9766.200195
40,0.963054,0.421417,10015.861328
41,0.967236,0.430352,10265.268555
42,0.965311,0.435834,10514.914062
43,0.954124,0.437848,10764.417969
44,0.936915,0.444278,11014.003906
45,0.923588,0.447325,11263.548828
46,0.918825,0.450857,11513.111328
47,0.916856,0.452760,11762.856445
48,0.915479,0.447262,12012.253906
49,0.913729,0.435052,12261.914062
50,0.914129,0.423221,12511.397461
51,0.921700,0.408494,12760.958984
52,0.936453,0.393069,13010.525391
53,0.981025,0.384737,13260.192383
54,0.032439,0.394961,13509.692383
55,0.065980,0.416992,13759.238281
56,0.088894,0.431504,14008.750000
57,0.102486,0.438902,14258.325195
58,0.128955,0.469850,14507.859375
59,0.108723,0.477094,14757.457031
60,0.059998,0.530999,15007.055664
61,0.031612,0.636872,15256.605469
62,0.008910,0.712164,15506.168945
63,0.993446,0.741871,15755.769531
64,0.990697,0.749688,16005.376953
65,0.991376,0.750835,16254.827148
66,0.989998,0.755876,16504.462891
67,0.930262,0.773712,16753.953125
68,0.791062,0.762693,17003.544922
69,0.680666,0.741406,17253.033203
70,0.644485,0.739429,17502.744141
71,0.677061,0.778284,17752.250000
72,0.718158,0.808360,18001.789062
73,0.730242,0.823642,18251.369141
74,0.738700,0.823746,18500.931641
75,0.784060,0.819083,18750.593750
76,0.916198,0.771840,19016.679688
77,0.966047,0.733244,19266.224609
78,0.976171,0.728995,19515.839844
79,0.980851,0.734251,19765.380859
80,0.981481,0.737495,20014.869141
81,0.981220,0.738446,20264.451172
82,0.980376,0.738327,20514.175781
83,0.979518,0.738985,20763.609375
84,0.978786,0.738972,21013.205078
85,0.978206,0.739987,21262.777344
86,0.975822,0.741920,21512.302734
87,0.929492,0.775118,21761.853516
88,0.766890,0.795548,22011.429688
89,0.705701,0.781674,22260.958984
90,0.733158,0.805224,22510.535156
91,0.743137,0.810319,22760.031250
92,0.739509,0.807272,23009.755859
93,0.726235,0.801722,23259.314453
94,0.712892,0.797764,23508.814453
95,0.694601,0.791503,23758.394531
96,0.677306,0.791261,24007.898438
97,0.664545,0.792959,24257.521484
98,0.657462,0.796919,24507.023438
99,0.654990,0.802607,24756.740234
0,0.750389,0.760809,0.014107
1,0.749120,0.763022,266.299744
2,0.694350,0.762712,515.766113
3,0.643517,0.741367,765.377136
4,0.614499,0.734825,1014.900635
5,0.595396,0.730505,1264.553101
6,0.581373,0.730654,1514.022583
7,0.567424,0.726158,1763.601929
8,0.553149,0.715087,2013.141113
9,0.523404,0.678891,2262.781006
10,0.497821,0.623448,2512.219238
11,0.490884,0.596800,2761.933350
12,0.495332,0.586258,3011.353027
13,0.519882,0.574832,3261.032715
14,0.574912,0.562588,3510.582520
15,0.638424,0.544757,3760.117188
16,0.679057,0.507212,4009.688965
17,0.679502,0.472134,4259.190430
18,0.653590,0.458794,4508.885742
19,0.637891,0.444046,4758.327148
20,0.626725,0.434509,5008.010742
21,0.612671,0.432581,5257.421875
22,0.590088,0.437260,5507.105469
23,0.564037,0.442017,5756.583008
24,0.533281,0.441205,6006.178711
25,0.502697,0.428526,6255.892090
26,0.473682,0.409908,6505.313965
27,0.450836,0.389041,6754.926758
28,0.440213,0.369840,7004.379395
29,0.434419,0.357030,7254.022949
30,0.447211,0.357437,7503.533203
31,0.452603,0.353667,7753.121094
32,0.454364,0.347092,8002.668945
33,0.459682,0.343700,8252.314453
34,0.463245,0.343237,8501.772461
35,0.464482,0.348467,8751.361328
36,0.452930,0.420455,9000.888672
37,0.424480,0.527491,9250.472656
38,0.407442,0.565061,9500.121094
39,0.397387,0.582893,9766.207031
40,0.399538,0.573538,10015.862305
41,0.390134,0.551300,10265.403320
42,0.366775,0.476809,10515.022461
43,0.351610,0.457244,10764.452148
44,0.340033,0.448949,11014.174805
45,0.337872,0.439238,11263.556641
46,0.341642,0.447726,11513.185547
47,0.346326,0.482343,11762.832031
48,0.346779,0.500464,12012.337891
49,0.358547,0.506844,12261.973633
50,0.398844,0.521602,12511.440430
51,0.429561,0.529028,12761.151367
52,0.440478,0.536644,13010.543945
53,0.457913,0.504578,13260.184570
54,0.458301,0.442628,13509.640625
55,0.472719,0.408286,13792.559570
56,0.525539,0.456589,14042.187500
57,0.601093,0.496581,14291.630859
58,0.654882,0.503769,14541.275391
59,0.710540,0.497866,14774.160156
60,0.750434,0.480829,15023.738281
61,0.792415,0.468099,15289.875977
62,0.812398,0.458735,15539.509766
63,0.824411,0.447473,15772.375000
64,0.832177,0.444560,16022.032227
65,0.841688,0.440290,16271.500977
66,0.893557,0.452669,16521.115234
67,0.916463,0.462270,16770.615234
68,0.923256,0.467656,17020.263672
69,0.925354,0.473033,17269.822266
70,0.929408,0.471304,17519.359375
71,0.953007,0.467855,17752.353516
72,0.968880,0.467068,18001.810547
73,0.976846,0.469357,18251.492188
74,0.984779,0.462063,18500.925781
75,0.995528,0.477555,18750.562500
76,0.013357,0.507994,19000.093750
77,0.033423,0.610865,19299.593750
78,0.050480,0.688872,19532.447266
79,0.046916,0.724733,19765.484375
80,0.035678,0.816320,20014.931641
81,0.032743,0.843077,20264.552734
82,0.023253,0.848661,20514.166016
83,0.966958,0.858577,20796.882812
84,0.828686,0.848050,21029.880859
85,0.740324,0.813422,21262.800781
86,0.685750,0.773318,21529.001953
87,0.667362,0.733582,21761.867188
88,0.662302,0.693932,22028.119141
89,0.661233,0.641542,22260.984375
90,0.664088,0.598666,22510.662109
91,0.662923,0.580972,22760.119141
92,0.685941,0.572441,23009.718750
93,0.737374,0.555664,23259.228516
94,0.759561,0.535957,23508.873047
95,0.778575,0.513231,23758.466797
96,0.800213,0.488652,24007.966797
97,0.808268,0.478630,24324.085938
98,0.808845,0.479118,24573.761719
99,0.805808,0.488079,24806.578125
0,0.750113,0.489429,-0.005736
1,0.750299,0.488917,266.218323
2,0.750146,0.489562,515.695862
3,0.749932,0.491014,765.303711
4,0.750562,0.491217,1014.855347
5,0.756134,0.490414,1264.435059
6,0.766955,0.492322,1513.975586
7,0.779489,0.498464,1763.640991
8,0.802349,0.495476,2013.274780
9,0.826510,0.492129,2262.680908
10,0.839671,0.486056,2512.312012
11,0.849409,0.481319,2761.827393
12,0.859103,0.472912,3011.391113
13,0.868299,0.471665,3260.914551
14,0.884494,0.468348,3510.544434
15,0.915898,0.463582,3760.043213
16,0.942898,0.470702,4009.624023
17,0.958562,0.469268,4259.151855
18,0.965625,0.459897,4508.766602
19,0.980565,0.459519,4758.235352
20,0.993363,0.459204,5007.862305
21,0.013721,0.453086,5257.550781
22,0.034194,0.446073,5507.053711
23,0.054036,0.448299,5756.591797
24,0.074037,0.457222,6006.117188
25,0.095739,0.464612,6255.740723
26,0.116688,0.466024,6505.252441
27,0.150276,0.480217,6754.907715
28,0.170750,0.502160,7004.324219
29,0.190737,0.516411,7287.173340
30,0.199761,0.518102,7503.475586
31,0.188034,0.506356,7786.337891
32,0.184579,0.496249,8019.368164
33,0.194327,0.485771,8268.842773
34,0.211125,0.481616,8501.799805
35,0.224619,0.486793,8767.966797
36,0.221681,0.484656,9000.966797
37,0.214591,0.484989,9250.458984
38,0.216421,0.470136,9500.090820
39,0.216964,0.447499,9782.959961
40,0.224641,0.426170,10015.752930
41,0.232923,0.412203,10265.312500
42,0.237097,0.403514,10514.916992
43,0.240441,0.398229,10764.530273
44,0.239518,0.389458,11014.015625
45,0.249578,0.401789,11263.555664
46,0.309204,0.457666,11513.152344
47,0.334871,0.481407,11762.723633
48,0.339105,0.469556,12012.263672
49,0.332815,0.435584,12261.841797
50,0.320777,0.402757,12511.394531
51,0.313382,0.395916,12761.001953
52,0.335877,0.424773,13010.458984
53,0.363015,0.492322,13260.080078
54,0.394854,0.511633,13509.702148
55,0.441284,0.496729,13759.264648
56,0.504135,0.476003,14091.939453
57,0.515761,0.468168,14341.494141
58,0.519021,0.473496,14574.442383
59,0.529011,0.534052,14824.098633
60,0.546754,0.608592,15073.556641
61,0.546715,0.684866,15323.227539
62,0.552176,0.702483,15572.690430
63,0.549692,0.705800,15822.336914
64,0.548363,0.706296,16071.824219
65,0.524156,0.609487,16304.833984
66,0.511113,0.524630,16554.320312
67,0.504048,0.456969,16803.890625
68,0.496255,0.430342,17053.404297
69,0.477590,0.398020,17303.001953
70,0.438676,0.354717,17535.890625
71,0.370135,0.300774,17785.488281
72,0.287848,0.295787,18034.994141
73,0.260004,0.318493,18284.642578
74,0.271024,0.315477,18534.279297
75,0.273773,0.312344,18783.765625
76,0.355188,0.313099,19016.757812
77,0.401696,0.319643,19282.841797
78,0.400542,0.310202,19515.875000
79,0.400692,0.313375,19765.392578
80,0.400336,0.314006,20014.966797
81,0.400400,0.315800,20264.484375
82,0.399556,0.317813,20547.380859
83,0.402904,0.376149,20763.576172
84,0.408220,0.464313,21013.193359
85,0.407136,0.483136,21296.064453
86,0.406476,0.488067,21528.937500
87,0.406540,0.486918,21778.609375
88,0.406065,0.485689,22028.074219
89,0.406510,0.486616,22277.726562
90,0.406675,0.488018,22560.425781
91,0.407289,0.489067,22793.416016
92,0.407692,0.489496,23009.664062
93,0.407419,0.490944,23275.935547
94,0.406967,0.492570,23508.775391
95,0.394606,0.488465,23758.416016
96,0.341478,0.482021,24007.935547
97,0.272045,0.495724,24257.525391
98,0.245121,0.543085,24507.000000
99,0.232817,0.575237,24756.636719
0,0.750297,0.434128,0.009424
1,0.749343,0.440982,266.243744
2,0.745082,0.462182,515.801636
3,0.784936,0.468574,765.419739
4,0.839593,0.440043,1014.909790
5,0.869943,0.410051,1264.510986
6,0.960604,0.419248,1514.041992
7,0.037413,0.429374,1763.697266
8,0.047782,0.412961,2013.142212
9,0.059138,0.355248,2262.768799
10,0.066287,0.348461,2512.324951
11,0.044268,0.367085,2761.884521
12,0.971578,0.391608,3011.449951
13,0.813094,0.409782,3261.009277
14,0.687926,0.433467,3510.588623
15,0.639057,0.448359,3760.104492
16,0.609451,0.462886,4009.739014
17,0.580989,0.469915,4259.232422
18,0.557145,0.474262,4508.848145
19,0.556416,0.475915,4758.298340
20,0.551671,0.487617,5008.008301
21,0.536647,0.480661,5257.422363
22,0.505884,0.469249,5507.070312
23,0.463083,0.528264,5756.706055
24,0.462329,0.671272,6006.153809
25,0.471872,0.785301,6255.759766
26,0.456362,0.809199,6505.254883
27,0.435553,0.814716,6754.947266
28,0.418598,0.732007,7004.390137
29,0.383438,0.546052,7254.029785
30,0.372403,0.492244,7503.531738
31,0.375328,0.445313,7753.138672
32,0.385881,0.415999,8002.621582
33,0.398311,0.391858,8252.238281
34,0.403447,0.379604,8501.761719
35,0.407110,0.372882,8751.411133
36,0.415671,0.361600,9000.989258
37,0.447156,0.357990,9250.533203
38,0.482623,0.371129,9500.104492
39,0.521396,0.374583,9766.255859
40,0.600761,0.386754,10015.857422
41,0.699428,0.411755,10265.313477
42,0.779946,0.428990,10515.000977
43,0.817008,0.429442,10764.485352
44,0.845555,0.420496,11014.042969
45,0.876876,0.416730,11263.670898
46,0.895372,0.416943,11513.276367
47,0.904931,0.395758,11762.831055
48,0.923740,0.365847,12012.278320
49,0.952236,0.361256,12262.019531
50,0.984894,0.369212,12511.421875
51,0.043538,0.392539,12761.032227
52,0.079495,0.426762,13010.571289
53,0.076626,0.435074,13260.249023
54,0.053550,0.429590,13509.628906
55,0.035762,0.421965,13759.265625
56,0.008183,0.447900,14008.863281
57,0.950442,0.553180,14258.406250
58,0.897333,0.657896,14507.894531
59,0.873282,0.683782,14757.558594
60,0.867096,0.686990,15007.207031
61,0.864965,0.683976,15256.661133
62,0.861245,0.623391,15506.287109
63,0.846072,0.459529,15755.796875
64,0.841434,0.365199,16005.402344
65,0.839649,0.330348,16254.830078
66,0.823014,0.332078,16504.503906
67,0.757679,0.350263,16753.939453
68,0.728519,0.356071,17003.705078
69,0.726891,0.355544,17253.078125
70,0.726529,0.356332,17502.761719
71,0.726239,0.364815,17752.388672
72,0.725589,0.375915,18001.798828
73,0.721803,0.385320,18251.451172
74,0.700930,0.396611,18500.910156
75,0.657034,0.417711,18750.572266
76,0.636826,0.424817,19000.048828
77,0.618415,0.422848,19266.310547
78,0.603833,0.430213,19515.880859
79,0.595871,0.425842,19765.435547
80,0.588919,0.426851,20015.017578
81,0.578934,0.427167,20264.562500
82,0.580084,0.427611,20514.210938
83,0.621736,0.437736,20763.701172
84,0.755175,0.444970,21013.263672
85,0.811004,0.452177,21262.777344
86,0.819855,0.505985,21512.427734
87,0.787791,0.622911,21761.884766
88,0.728744,0.697643,22011.498047
89,0.692121,0.678229,22260.964844
90,0.641523,0.588328,22510.638672
91,0.581418,0.569219,22760.085938
92,0.548266,0.648219,23009.828125
93,0.511828,0.755936,23259.367188
94,0.481279,0.819942,23508.835938
95,0.465402,0.834713,23758.455078
96,0.497572,0.891317,24074.628906
97,0.489617,0.934207,24324.052734
98,0.470589,0.976721,24557.054688
99,0.377932,0.986123,24806.591797
0,0.750686,0.631420,-0.089842
1,0.750509,0.631113,266.109406
2,0.750443,0.625750,515.679871
3,0.754357,0.611806,765.231262
4,0.765346,0.595031,1014.801697
5,0.779913,0.571296,1264.379761
6,0.792614,0.508667,1513.926514
7,0.795848,0.458626,1763.526855
8,0.796854,0.458259,2013.046265
9,0.766678,0.465138,2262.618652
10,0.727832,0.470578,2512.186768
11,0.680641,0.477286,2761.788818
12,0.638118,0.498356,3011.337158
13,0.618357,0.573175,3260.876221
14,0.609183,0.650297,3510.455566
15,0.578276,0.704701,3760.041504
16,0.554302,0.719212,4009.564453
17,0.572653,0.736269,4259.127441
18,0.650065,0.764842,4508.730957
19,0.743143,0.768988,4758.264160
20,0.824206,0.735507,5007.826660
21,0.881748,0.693519,5257.391113
22,0.916856,0.661866,5506.968262
23,0.942187,0.618883,5756.538086
24,0.961755,0.589785,6006.104004
25,0.982394,0.562967,6255.696777
26,0.994423,0.539449,6505.211914
27,0.005845,0.522345,6754.782715
28,0.018050,0.515332,7004.333008
29,0.031440,0.524348,7253.916504
30,0.043029,0.531026,7503.454590
31,0.064239,0.533718,7753.047852
32,0.099141,0.531735,8002.607422
33,0.134151,0.526505,8252.140625
34,0.161897,0.520010,8501.709961
35,0.192122,0.499250,8751.285156
36,0.209597,0.469558,9000.845703
37,0.208444,0.449322,9250.418945
38,0.213129,0.467542,9516.628906
39,0.223525,0.513377,9766.208008
40,0.218980,0.527391,10015.758789
41,0.222358,0.527399,10265.339844
42,0.239258,0.531683,10514.868164
43,0.259607,0.536788,10764.416016
44,0.277976,0.544335,11013.991211
45,0.284760,0.544506,11263.547852
46,0.273664,0.543658,11513.124023
47,0.239771,0.543745,11762.676758
48,0.190790,0.545778,12012.288086
49,0.133386,0.551322,12261.804688
50,0.069800,0.556535,12511.382812
51,0.000251,0.552386,12760.956055
52,0.926691,0.531393,13010.505859
53,0.852924,0.507442,13260.097656
54,0.756409,0.489195,13509.625000
55,0.640458,0.496777,13759.251953
56,0.554798,0.506717,14008.745117
57,0.508342,0.517943,14258.364258
58,0.474381,0.518621,14507.916992
59,0.456333,0.483666,14757.483398
60,0.453858,0.439088,15007.032227
61,0.462034,0.416351,15256.628906
62,0.465945,0.402324,15506.150391
63,0.468609,0.390979,15755.693359
64,0.469275,0.390589,16005.291016
65,0.470697,0.403087,16254.837891
66,0.466969,0.441400,16504.437500
67,0.464862,0.501886,16753.960938
68,0.480236,0.556433,17003.523438
69,0.503844,0.595124,17253.144531
70,0.522434,0.616033,17502.691406
71,0.537019,0.610001,17752.244141
72,0.553838,0.589713,18001.767578
73,0.567348,0.572219,18251.359375
74,0.574799,0.593192,18500.916016
75,0.562783,0.707394,18750.513672
76,0.556969,0.790570,19000.048828
77,0.559655,0.849629,19266.263672
78,0.571306,0.848843,19515.808594
79,0.590896,0.851150,19765.404297
80,0.601438,0.844902,20014.927734
81,0.593507,0.837570,20264.527344
82,0.593520,0.825903,20514.056641
83,0.585363,0.811863,20763.650391
84,0.563942,0.800162,21013.177734
85,0.539612,0.784822,21262.773438
86,0.536029,0.778089,21512.324219
87,0.543501,0.774108,21761.904297
88,0.550342,0.772920,22011.466797
89,0.557897,0.774484,22261.009766
90,0.561710,0.777269,22510.583984
91,0.575398,0.773560,22760.130859
92,0.593846,0.752882,23009.683594
93,0.607633,0.722210,23259.248047
94,0.622065,0.688170,23508.857422
95,0.632073,0.655994,23758.406250
96,0.646660,0.628614,24007.957031
97,0.664622,0.607047,24257.541016
98,0.682560,0.592636,24507.087891
99,0.695516,0.583170,24756.666016
0,0.752038,0.540421,0.009393
1,0.754542,0.544201,266.266418
2,0.763616,0.549625,515.818115
3,0.792916,0.547609,765.387085
4,0.807585,0.534406,1014.928223
5,0.823710,0.516685,1264.504761
6,0.847139,0.517340,1514.060059
7,0.865847,0.516860,1763.647461
8,0.865584,0.497110,2013.161865
9,0.869487,0.479462,2262.805420
10,0.876707,0.484507,2512.285645
11,0.876869,0.484758,2761.854248
12,0.865613,0.493166,3011.480713
13,0.865590,0.492024,3260.969971
14,0.868605,0.492370,3510.626465
15,0.868150,0.494245,3760.154297
16,0.862492,0.506522,4009.703857
17,0.856070,0.498100,4259.245117
18,0.853245,0.499533,4508.814941
19,0.849067,0.493535,4758.369141
20,0.852118,0.488906,5007.970703
21,0.850133,0.496868,5257.562012
22,0.841603,0.503677,5507.089355
23,0.841128,0.502219,5756.665527
24,0.838284,0.502354,6006.194824
25,0.832265,0.507800,6255.753906
26,0.823098,0.511284,6505.410645
27,0.816326,0.505677,6754.958008
28,0.810781,0.508104,7004.506836
29,0.804575,0.509725,7254.000000
30,0.806774,0.510633,7503.666504
31,0.811931,0.507362,7753.174316
32,0.810439,0.520168,8002.716797
33,0.807244,0.516607,8252.288086
34,0.806617,0.517675,8501.841797
35,0.813912,0.519798,8751.444336
36,0.822497,0.528710,9000.956055
37,0.827174,0.538674,9250.505859
38,0.834575,0.536862,9500.124023
39,0.835761,0.539374,9766.322266
40,0.827187,0.538570,10015.830078
41,0.821400,0.526003,10265.404297
42,0.821572,0.519765,10515.034180
43,0.817065,0.519508,10764.531250
44,0.804102,0.496484,11014.100586
45,0.785075,0.466828,11263.783203
46,0.753878,0.414470,11513.250977
47,0.710807,0.358111,11762.842773
48,0.681244,0.341511,12012.436523
49,0.655164,0.360392,12261.968750
50,0.634503,0.363852,12511.509766
51,0.614982,0.361167,12761.079102
52,0.577603,0.363766,13010.651367
53,0.525162,0.364141,13260.166992
54,0.487403,0.355047,13509.725586
55,0.454589,0.342584,13759.447266
56,0.418652,0.334509,14008.924805
57,0.387792,0.318819,14258.486328
58,0.369520,0.293693,14508.020508
59,0.370156,0.251910,14757.583008
60,0.395335,0.217731,15007.199219
61,0.416508,0.200084,15256.691406
62,0.443803,0.178670,15506.306641
63,0.450262,0.168641,15755.804688
64,0.447438,0.164383,16005.518555
65,0.447196,0.169728,16254.956055
66,0.459241,0.175378,16504.550781
67,0.475757,0.187398,16754.148438
68,0.493413,0.201101,17003.677734
69,0.514368,0.208519,17253.189453
70,0.556738,0.226266,17502.750000
71,0.599180,0.278834,17752.345703
72,0.628083,0.306984,18001.867188
73,0.654992,0.329075,18251.445312
74,0.682084,0.360629,18501.033203
75,0.719617,0.420355,18750.689453
76,0.770161,0.454362,19000.173828
77,0.807780,0.459337,19266.330078
78,0.835390,0.474050,19515.908203
79,0.871683,0.493286,19765.558594
80,0.922719,0.486392,20015.029297
81,0.949803,0.473500,20264.644531
82,0.957965,0.467006,20514.189453
83,0.954492,0.480466,20763.773438
84,0.960532,0.492858,21013.298828
85,0.958524,0.507407,21262.843750
86,0.964820,0.518396,21512.451172
87,0.967119,0.525271,21761.982422
88,0.937072,0.529289,22011.626953
89,0.908338,0.520890,22261.111328
90,0.913764,0.519222,22510.681641
91,0.928878,0.524789,22760.261719
92,0.944090,0.524691,23009.873047
93,0.940692,0.530582,23259.369141
94,0.930977,0.533387,23508.914062
95,0.938233,0.537531,23758.550781
96,0.939511,0.543813,24008.062500
97,0.936725,0.547252,24257.623047
98,0.939986,0.547029,24507.220703
99,0.942563,0.550450,24756.808594
0,0.731362,0.572817,-0.016396
1,0.708496,0.571880,266.189606
2,0.703855,0.571869,515.713135
3,0.714624,0.577155,765.310547
4,0.725622,0.573153,1014.828552
5,0.738237,0.570409,1264.473999
6,0.765917,0.577079,1513.953613
7,0.788779,0.560803,1763.595337
8,0.804901,0.500189,2013.181885
9,0.814379,0.442567,2262.699219
10,0.827418,0.435442,2512.255615
11,0.848549,0.466288,2761.855225
12,0.867957,0.490015,3011.443115
13,0.888342,0.462006,3260.925293
14,0.916607,0.475896,3510.485352
15,0.953772,0.509651,3760.073486
16,0.986042,0.505830,4009.582520
17,0.002879,0.492483,4259.184570
18,0.015674,0.475543,4508.764160
19,0.050490,0.530898,4758.308594
20,0.084495,0.558579,5007.916504
21,0.122449,0.561363,5257.437500
22,0.176193,0.566465,5507.058105
23,0.233017,0.564940,5756.547363
24,0.270964,0.558762,6006.092773
25,0.293392,0.546612,6255.780273
26,0.297148,0.481515,6505.309570
27,0.299477,0.419434,6754.909180
28,0.322734,0.440916,7004.390625
29,0.357769,0.516289,7254.000488
30,0.380297,0.549928,7503.586426
31,0.387926,0.564205,7753.053223
32,0.384325,0.571020,8002.634766
33,0.384697,0.605112,8252.184570
34,0.393599,0.641999,8501.769531
35,0.409186,0.682176,8751.313477
36,0.422135,0.713988,9000.983398
37,0.442899,0.729004,9250.535156
38,0.460321,0.726221,9500.118164
39,0.479095,0.737559,9766.208008
40,0.488917,0.738324,10015.777344
41,0.462638,0.692508,10282.061523
42,0.430653,0.647346,10514.983398
43,0.403261,0.623674,10764.466797
44,0.379357,0.610883,11014.142578
45,0.355168,0.612497,11263.671875
46,0.331520,0.615812,11513.234375
47,0.298920,0.598579,11762.763672
48,0.254674,0.566467,12012.282227
49,0.210477,0.556017,12261.873047
50,0.172013,0.550585,12511.399414
51,0.175924,0.536112,12761.077148
52,0.216987,0.538873,13010.538086
53,0.263264,0.557182,13260.165039
54,0.305123,0.563616,13509.711914
55,0.338041,0.562800,13759.243164
56,0.362807,0.558144,14008.833008
57,0.380683,0.552762,14258.345703
58,0.395856,0.540340,14507.986328
59,0.415713,0.529288,14757.532227
60,0.437515,0.514318,15007.134766
61,0.417939,0.453516,15256.610352
62,0.375119,0.369612,15506.278320
63,0.336035,0.355401,15755.725586
64,0.278491,0.369650,16005.305664
65,0.200066,0.388905,16254.915039
66,0.111731,0.415702,16504.474609
67,0.017653,0.453146,16754.021484
68,0.957680,0.484632,17003.562500
69,0.925172,0.497209,17253.214844
70,0.906962,0.492464,17502.667969
71,0.889757,0.493706,17752.234375
72,0.853914,0.489466,18001.851562
73,0.840318,0.489070,18251.406250
74,0.834619,0.501782,18500.966797
75,0.833540,0.504311,18750.550781
76,0.806813,0.519331,19000.166016
77,0.766602,0.537437,19266.316406
78,0.754322,0.539390,19515.859375
79,0.741626,0.549413,19765.417969
80,0.717619,0.556399,20015.046875
81,0.686759,0.564990,20264.585938
82,0.665300,0.559147,20514.181641
83,0.652575,0.575391,20763.648438
84,0.648154,0.654067,21013.281250
85,0.650208,0.669604,21262.779297
86,0.683556,0.623308,21512.408203
87,0.714787,0.599318,21761.898438
88,0.728270,0.578553,22011.542969
89,0.738150,0.578551,22261.134766
90,0.754033,0.573801,22510.609375
91,0.773382,0.572838,22760.214844
92,0.799152,0.567806,23009.751953
93,0.826140,0.561105,23259.328125
94,0.846185,0.560614,23508.943359
95,0.860375,0.560412,23758.429688
96,0.875280,0.562502,24008.013672
97,0.886646,0.561720,24257.554688
98,0.893446,0.564888,24507.167969
99,0.898522,0.563927,24756.738281
0,0.743335,0.450738,0.017808
1,0.737900,0.430533,266.255463
2,0.735532,0.435883,515.811584
3,0.727497,0.445487,765.333618
4,0.724619,0.486414,1014.914062
5,0.728416,0.587334,1264.460449
6,0.728428,0.704313,1514.027344
7,0.725408,0.797954,1763.700195
8,0.708007,0.859407,2013.146240
9,0.700741,0.880796,2262.796143
10,0.683596,0.896027,2512.260986
11,0.650078,0.897002,2761.934570
12,0.623935,0.885137,3011.422119
13,0.607679,0.874250,3260.965820
14,0.577680,0.855180,3510.553223
15,0.573601,0.792747,3760.097412
16,0.578765,0.739605,4009.688477
17,0.572757,0.722956,4259.222168
18,0.560068,0.724859,4508.889648
19,0.538029,0.734588,4758.340820
20,0.496070,0.743149,5007.949219
21,0.443714,0.727072,5257.522461
22,0.368694,0.690011,5507.100586
23,0.341582,0.638919,5756.647949
24,0.343716,0.594994,6006.173340
25,0.333702,0.526724,6255.809570
26,0.309202,0.446622,6505.353027
27,0.291665,0.395144,6754.872070
28,0.289233,0.399709,7004.408203
29,0.336608,0.426287,7254.051758
30,0.366400,0.412919,7503.593262
31,0.397635,0.404787,7753.113770
32,0.419143,0.394466,8002.723145
33,0.437677,0.393172,8252.343750
34,0.462523,0.397058,8501.855469
35,0.489484,0.404178,8751.360352
36,0.525212,0.414890,9001.000000
37,0.566036,0.423785,9250.486328
38,0.628791,0.436406,9500.046875
39,0.685093,0.444670,9766.279297
40,0.754763,0.449367,10015.877930
41,0.823524,0.439877,10265.428711
42,0.854715,0.429282,10515.010742
43,0.876961,0.424355,10764.520508
44,0.914794,0.424944,11014.148438
45,0.931929,0.422789,11263.641602
46,0.943349,0.425366,11513.229492
47,0.955616,0.435744,11762.854492
48,0.966213,0.430459,12012.333008
49,0.966039,0.417654,12261.968750
50,0.949721,0.423519,12511.499023
51,0.949142,0.441077,12761.068359
52,0.964763,0.473881,13010.578125
53,0.968159,0.502351,13260.160156
54,0.969154,0.535001,13509.760742
55,0.966353,0.539534,13759.366211
56,0.952975,0.543087,14008.850586
57,0.911078,0.572237,14258.408203
58,0.848271,0.642214,14507.981445
59,0.805973,0.707174,14757.583008
60,0.783312,0.740043,15007.158203
61,0.758541,0.754029,15256.680664
62,0.731749,0.756649,15506.312500
63,0.712743,0.759232,15755.832031
64,0.691269,0.761623,16005.375000
65,0.666196,0.762819,16254.916016
66,0.639089,0.764387,16504.507812
67,0.607983,0.765392,16754.103516
68,0.572053,0.766622,17003.632812
69,0.536843,0.767281,17253.259766
70,0.499969,0.766933,17502.812500
71,0.464799,0.766574,17752.324219
72,0.434958,0.770307,18001.869141
73,0.419730,0.771203,18251.464844
74,0.402602,0.765532,18500.994141
75,0.384378,0.759310,18750.603516
76,0.375479,0.760152,19000.253906
77,0.374911,0.764747,19266.425781
78,0.381393,0.765750,19515.894531
79,0.383539,0.768106,19765.488281
80,0.381349,0.769889,20015.054688
81,0.377958,0.763380,20264.599609
82,0.354861,0.722045,20514.191406
83,0.337561,0.615044,20763.789062
84,0.341000,0.558029,21013.365234
85,0.346859,0.543694,21262.865234
86,0.351902,0.543178,21512.404297
87,0.356344,0.544550,21761.978516
88,0.367471,0.545169,22011.556641
89,0.370726,0.545782,22261.099609
90,0.364249,0.547074,22510.683594
91,0.333321,0.545390,22760.232422
92,0.289106,0.545240,23009.804688
93,0.250633,0.550012,23259.363281
94,0.219763,0.554614,23508.904297
95,0.197618,0.559069,23758.478516
96,0.189744,0.560372,24008.052734
97,0.194976,0.546174,24257.644531
98,0.189704,0.474267,24507.162109
99,0.159281,0.421377,24756.759766
0,0.749964,0.569676,-0.006006
1,0.749732,0.568488,266.223450
2,0.747730,0.563182,515.793640
3,0.754794,0.534781,765.361694
4,0.787592,0.459236,1014.908997
5,0.799523,0.433922,1264.409058
6,0.816921,0.430491,1513.976562
7,0.884722,0.443196,1763.664917
8,0.920704,0.461804,2013.152954
9,0.932691,0.465420,2262.736328
10,0.927610,0.466424,2512.312988
11,0.876508,0.478861,2761.906006
12,0.814102,0.497553,3011.448975
13,0.763976,0.539681,3260.978027
14,0.695966,0.640019,3510.485352
15,0.643370,0.683695,3760.087402
16,0.593268,0.704798,4009.610352
17,0.566530,0.723080,4259.266602
18,0.571871,0.757296,4508.792480
19,0.581823,0.821542,4758.393066
20,0.591241,0.860686,5007.890625
21,0.596889,0.901861,5257.501465
22,0.578583,0.911233,5507.099609
23,0.553875,0.918830,5756.585449
24,0.497462,0.918415,6006.167480
25,0.416177,0.906825,6255.686523
26,0.417729,0.914264,6505.313477
27,0.430779,0.918486,6754.847656
28,0.459014,0.915843,7004.389160
29,0.490289,0.890241,7253.993652
30,0.498688,0.860670,7503.551270
31,0.507616,0.840330,7753.070312
32,0.526059,0.820666,8002.639160
33,0.541218,0.792102,8252.242188
34,0.529991,0.772963,8501.786133
35,0.503055,0.755232,8751.375000
36,0.482699,0.715523,9000.901367
37,0.442246,0.631127,9250.470703
38,0.403630,0.576822,9500.064453
39,0.381794,0.536034,9766.238281
40,0.384170,0.513457,10015.796875
41,0.390114,0.488721,10265.351562
42,0.396655,0.439195,10514.920898
43,0.395088,0.375724,10764.493164
44,0.394290,0.327124,11014.059570
45,0.406627,0.293115,11263.625000
46,0.417962,0.273523,11513.181641
47,0.426300,0.270541,11762.762695
48,0.429538,0.266819,12012.349609
49,0.431419,0.262017,12261.875977
50,0.432970,0.257147,12511.435547
51,0.434858,0.254512,12761.000977
52,0.436409,0.251359,13010.583984
53,0.437182,0.248175,13260.142578
54,0.437902,0.244508,13509.695312
55,0.437809,0.241645,13759.257812
56,0.438071,0.239498,14008.863281
57,0.437645,0.237567,14258.384766
58,0.436989,0.236122,14507.978516
59,0.431332,0.244787,14757.521484
60,0.379028,0.329836,15007.078125
61,0.319702,0.461196,15256.692383
62,0.305167,0.505390,15506.193359
63,0.302973,0.502345,15755.760742
64,0.280626,0.496133,16005.333008
65,0.230945,0.510312,16254.896484
66,0.256992,0.498345,16504.480469
67,0.393019,0.451753,16754.074219
68,0.433533,0.412341,17003.583984
69,0.437023,0.411373,17253.148438
70,0.413793,0.449233,17502.746094
71,0.408370,0.463138,17752.289062
72,0.409797,0.468859,18001.832031
73,0.422102,0.466726,18251.417969
74,0.498137,0.480273,18500.972656
75,0.544517,0.488363,18750.552734
76,0.567934,0.475186,19000.105469
77,0.586041,0.460110,19266.302734
78,0.601593,0.457991,19515.878906
79,0.607543,0.464621,19765.453125
80,0.608536,0.500370,20014.992188
81,0.604772,0.583620,20264.566406
82,0.598828,0.634349,20514.126953
83,0.615195,0.642046,20763.705078
84,0.657209,0.613772,21013.253906
85,0.696419,0.561875,21262.808594
86,0.731331,0.528600,21512.363281
87,0.751827,0.509644,21761.935547
88,0.761206,0.501800,22011.507812
89,0.775042,0.491680,22261.060547
90,0.800243,0.478174,22510.623047
91,0.839774,0.472288,22760.197266
92,0.875009,0.472199,23009.761719
93,0.900514,0.472127,23259.320312
94,0.918554,0.474596,23508.902344
95,0.932212,0.476333,23758.441406
96,0.937173,0.476935,24008.007812
97,0.926287,0.470886,24257.578125
98,0.858730,0.467833,24507.136719
99,0.821386,0.459136,24756.724609
0,0.749845,0.609124,-0.116534
1,0.749205,0.608758,266.100311
2,0.743261,0.604001,515.717712
3,0.738132,0.584127,765.159973
4,0.726333,0.552424,1014.778809
5,0.679657,0.520597,1264.336426
6,0.643456,0.541609,1513.850220
7,0.620453,0.615186,1763.478394
8,0.619699,0.695466,2013.009277
9,0.632421,0.759307,2262.682129
10,0.641998,0.773302,2512.153809
11,0.644856,0.771509,2761.745361
12,0.646991,0.764817,3011.262451
13,0.650637,0.752317,3260.808105
14,0.710249,0.680570,3510.353760
15,0.792152,0.578536,3759.945557
16,0.846354,0.488561,4009.502197
17,0.870228,0.450212,4259.059570
18,0.902559,0.442194,4508.697266
19,0.929905,0.447662,4758.231934
20,0.955894,0.457495,5007.747070
21,0.985986,0.454676,5257.321777
22,0.030162,0.454778,5506.899902
23,0.076799,0.461507,5756.512207
24,0.119778,0.472900,6006.043945
25,0.151788,0.508650,6255.576172
26,0.163714,0.504635,6505.172363
27,0.177311,0.420662,6754.693359
28,0.186959,0.362313,7004.309082
29,0.175126,0.366771,7253.859375
30,0.124584,0.412370,7503.431152
31,0.057921,0.444003,7752.958496
32,0.993902,0.458093,8002.549316
33,0.920526,0.479500,8252.121094
34,0.815587,0.495320,8501.652344
35,0.703700,0.518118,8751.318359
36,0.611472,0.544610,9000.781250
37,0.527636,0.538452,9250.362305
38,0.456073,0.495402,9516.615234
39,0.415662,0.437485,9766.112305
40,0.375779,0.415992,10015.674805
41,0.324643,0.428687,10265.267578
42,0.317624,0.407443,10514.794922
43,0.329019,0.386258,10764.446289
44,0.354412,0.355030,11013.919922
45,0.378743,0.329450,11263.544922
46,0.373970,0.329568,11513.057617
47,0.371609,0.352179,11762.679688
48,0.380664,0.448543,12012.208008
49,0.388748,0.537522,12261.753906
50,0.389144,0.589867,12511.398438
51,0.387202,0.599690,12760.871094
52,0.383528,0.598660,13010.449219
53,0.387748,0.612151,13260.002930
54,0.428740,0.694070,13509.603516
55,0.496771,0.784147,13759.167969
56,0.556716,0.815540,14008.680664
57,0.576040,0.819312,14258.283203
58,0.565817,0.838260,14507.873047
59,0.517968,0.877133,14757.398438
60,0.501749,0.898923,15006.931641
61,0.511011,0.880091,15256.547852
62,0.551680,0.826551,15506.062500
63,0.571077,0.772177,15755.677734
64,0.582412,0.734537,16005.250977
65,0.600542,0.704335,16254.812500
66,0.617405,0.676486,16504.369141
67,0.635035,0.644867,16753.910156
68,0.640393,0.642196,17003.576172
69,0.646441,0.639382,17253.013672
70,0.655720,0.630018,17502.621094
71,0.674069,0.610465,17752.185547
72,0.717448,0.584281,18001.791016
73,0.769214,0.555862,18251.300781
74,0.794171,0.545210,18500.849609
75,0.814120,0.535109,18750.505859
76,0.861400,0.515635,19016.697266
77,0.933383,0.507044,19266.162109
78,0.993750,0.511714,19515.757812
79,0.011726,0.515607,19765.341797
80,0.012444,0.501667,20014.921875
81,0.967972,0.477065,20264.462891
82,0.929036,0.474159,20514.052734
83,0.929534,0.473099,20763.578125
84,0.986484,0.459993,21013.105469
85,0.051698,0.473824,21262.716797
86,0.068170,0.490156,21512.255859
87,0.074218,0.508368,21761.929688
88,0.057697,0.509744,22011.371094
89,0.017402,0.496951,22260.935547
90,0.974615,0.498337,22510.498047
91,0.953820,0.501802,22760.107422
92,0.941714,0.509446,23009.736328
93,0.935640,0.522601,23259.224609
94,0.927167,0.525911,23508.779297
95,0.917157,0.524234,23758.333984
96,0.875318,0.513755,24007.890625
97,0.806759,0.508253,24257.441406
98,0.755970,0.525930,24507.044922
99,0.721452,0.531390,24756.597656
0,0.749870,0.484201,-0.010529
1,0.748939,0.488872,266.159698
2,0.747028,0.493722,515.754761
3,0.757204,0.487988,765.344604
4,0.767728,0.485621,1014.854919
5,0.782012,0.467563,1264.471069
6,0.790344,0.457458,1514.013184
7,0.790989,0.453636,1763.643677
8,0.788537,0.455437,2013.104736
9,0.781352,0.458971,2262.766113
10,0.779347,0.464106,2512.299805
11,0.779621,0.468232,2761.864258
12,0.781281,0.468041,3011.400635
13,0.783791,0.465070,3260.996338
14,0.788588,0.462194,3510.548096
15,0.794813,0.459909,3760.059570
16,0.801641,0.457068,4009.681641
17,0.808634,0.453991,4259.198242
18,0.813574,0.451477,4508.795898
19,0.815695,0.451054,4758.348145
20,0.818910,0.452964,5007.924316
21,0.822794,0.453272,5257.491699
22,0.829594,0.454162,5507.045410
23,0.837216,0.455035,5756.620605
24,0.844721,0.456279,6006.159180
25,0.865428,0.457154,6255.784180
26,0.882481,0.460229,6505.306152
27,0.890483,0.468603,6754.908691
28,0.899946,0.472784,7004.416504
29,0.905091,0.470826,7254.017578
30,0.908959,0.470916,7503.616211
31,0.909241,0.469620,7753.087402
32,0.908409,0.468369,8002.757324
33,0.909592,0.468098,8252.212891
34,0.909783,0.470159,8501.804688
35,0.911407,0.467490,8768.013672
36,0.917222,0.464119,9000.910156
37,0.920721,0.462546,9250.574219
38,0.922442,0.458935,9500.023438
39,0.924684,0.463983,9766.267578
40,0.926976,0.467738,10015.821289
41,0.928309,0.467802,10265.351562
42,0.930072,0.462698,10514.993164
43,0.933705,0.465576,10764.539062
44,0.943604,0.460203,11014.090820
45,0.964075,0.461648,11263.692383
46,0.979942,0.463266,11513.222656
47,0.989837,0.468350,11762.838867
48,0.993680,0.473821,12012.303711
49,0.995191,0.482712,12261.978516
50,0.000243,0.487988,12511.445312
51,0.007614,0.490611,12761.048828
52,0.017297,0.487858,13010.549805
53,0.033823,0.489481,13260.252930
54,0.044861,0.496219,13509.778320
55,0.050377,0.506824,13759.292969
56,0.057143,0.522255,14008.925781
57,0.062069,0.547843,14258.375000
58,0.068863,0.569507,14507.989258
59,0.070748,0.586044,14757.550781
60,0.072930,0.612974,15007.203125
61,0.075177,0.638622,15256.687500
62,0.077940,0.654264,15506.199219
63,0.085064,0.654705,15755.849609
64,0.090447,0.650939,16005.319336
65,0.095485,0.648330,16254.892578
66,0.101600,0.644525,16504.527344
67,0.107601,0.640540,16754.132812
68,0.120451,0.636438,17003.578125
69,0.132508,0.621472,17253.169922
70,0.144582,0.589624,17502.740234
71,0.148728,0.568943,17752.380859
72,0.147264,0.548162,18001.878906
73,0.142148,0.533071,18251.470703
74,0.141704,0.521672,18501.058594
75,0.143339,0.508044,18750.554688
76,0.146583,0.498706,19000.154297
77,0.157067,0.500752,19266.302734
78,0.166611,0.498500,19515.892578
79,0.174931,0.493327,19765.523438
80,0.179835,0.487703,20015.080078
81,0.190558,0.468104,20264.597656
82,0.208479,0.457980,20514.119141
83,0.233396,0.447216,20763.699219
84,0.257535,0.447038,21013.255859
85,0.273465,0.448069,21262.820312
86,0.285585,0.448796,21512.480469
87,0.288772,0.435570,21761.953125
88,0.288655,0.417063,22011.515625
89,0.289194,0.401544,22261.085938
90,0.300941,0.416929,22510.675781
91,0.313036,0.437482,22760.207031
92,0.320216,0.453911,23009.775391
93,0.324508,0.466613,23259.343750
94,0.329926,0.481667,23508.882812
95,0.340676,0.501569,23758.509766
96,0.353750,0.522498,24008.011719
97,0.364208,0.547890,24257.593750
98,0.370153,0.570201,24507.160156
99,0.373228,0.587364,24756.738281
0,0.753645,0.503399,0.007102
1,0.754394,0.502344,266.254150
2,0.746100,0.494678,515.803467
3,0.745348,0.491144,765.357788
4,0.734291,0.471162,1014.864075
5,0.707883,0.444782,1264.473145
6,0.691078,0.441810,1514.014893
7,0.679924,0.436662,1763.564819
8,0.677889,0.433553,2013.142334
9,0.670026,0.447954,2262.751221
10,0.662596,0.458839,2512.287354
11,0.654035,0.464295,2761.797852
12,0.641057,0.464502,3011.394531
13,0.618953,0.465921,3260.956787
14,0.605405,0.467818,3510.506348
15,0.593393,0.466907,3760.131104
16,0.551854,0.454441,4009.603271
17,0.529574,0.442308,4259.287109
18,0.520735,0.445629,4508.741699
19,0.510001,0.471504,4758.426270
20,0.499760,0.488006,5007.900391
21,0.484612,0.496241,5257.493164
22,0.464651,0.501483,5507.088867
23,0.449254,0.507183,5756.610840
24,0.445313,0.507206,6006.184082
25,0.442354,0.509088,6255.704102
26,0.431374,0.515164,6505.309082
27,0.424576,0.516515,6754.846680
28,0.419249,0.514837,7004.439453
29,0.407519,0.510074,7254.049805
30,0.393227,0.509472,7503.576660
31,0.377438,0.509106,7753.124512
32,0.362986,0.508150,8002.660645
33,0.354824,0.507460,8252.239258
34,0.352354,0.506528,8501.770508
35,0.353978,0.507733,8751.387695
36,0.357216,0.508759,9000.896484
37,0.361804,0.509364,9250.488281
38,0.366127,0.509686,9500.052734
39,0.369565,0.510402,9766.265625
40,0.370662,0.510266,10015.774414
41,0.371360,0.509984,10265.367188
42,0.372992,0.507887,10514.914062
43,0.374364,0.506901,10764.485352
44,0.379329,0.506040,11014.036133
45,0.390007,0.504826,11263.669922
46,0.402100,0.504922,11513.265625
47,0.417828,0.504269,11762.721680
48,0.470662,0.486483,12012.396484
49,0.529791,0.460306,12261.931641
50,0.560225,0.444262,12511.455078
51,0.583223,0.425944,12760.991211
52,0.609884,0.417662,13010.612305
53,0.631196,0.415397,13260.125000
54,0.651806,0.414377,13509.689453
55,0.663868,0.413051,13759.307617
56,0.676494,0.419908,14008.920898
57,0.694198,0.428519,14258.478516
58,0.728397,0.435097,14507.982422
59,0.765425,0.447220,14757.542969
60,0.790121,0.459612,15007.068359
61,0.801501,0.456558,15256.650391
62,0.807873,0.446739,15506.301758
63,0.811484,0.449176,15755.854492
64,0.815386,0.452836,16005.369141
65,0.819590,0.453948,16254.918945
66,0.866084,0.439243,16504.582031
67,0.900388,0.430995,16754.046875
68,0.910852,0.422271,17003.585938
69,0.921471,0.420963,17253.195312
70,0.940457,0.414125,17502.761719
71,0.954863,0.412457,17752.263672
72,0.958089,0.412858,18001.841797
73,0.958886,0.413718,18251.474609
74,0.954719,0.415617,18500.992188
75,0.948918,0.414564,18750.533203
76,0.944824,0.413457,19000.148438
77,0.944550,0.411316,19266.332031
78,0.945016,0.410961,19515.974609
79,0.945881,0.412014,19765.425781
80,0.947625,0.411044,20015.023438
81,0.965119,0.408626,20264.589844
82,0.005711,0.415943,20514.142578
83,0.013032,0.430449,20763.666016
84,0.003886,0.436254,21013.367188
85,0.989831,0.427955,21262.935547
86,0.980600,0.419815,21512.441406
87,0.969541,0.416636,21761.955078
88,0.960920,0.416641,22011.490234
89,0.958918,0.416699,22261.103516
90,0.960799,0.416997,22510.636719
91,0.958747,0.417080,22760.294922
92,0.954026,0.415941,23009.804688
93,0.940582,0.425225,23259.376953
94,0.936528,0.429700,23508.861328
95,0.940415,0.427142,23758.480469
96,0.949600,0.423992,24008.085938
97,0.961281,0.427480,24257.556641
98,0.969364,0.435472,24507.236328
99,0.969478,0.437191,24756.794922
0,0.749627,0.572346,0.058863
1,0.748566,0.567393,266.282471
2,0.746735,0.548325,515.821228
3,0.771032,0.492466,765.350342
4,0.789350,0.436466,1014.962158
5,0.715946,0.528722,1264.483032
6,0.646504,0.620134,1514.107788
7,0.628465,0.677845,1763.684082
8,0.617471,0.727110,2013.222290
9,0.567141,0.761939,2262.768311
10,0.536866,0.757321,2512.309814
11,0.516838,0.730597,2761.882812
12,0.468826,0.635254,3011.461182
13,0.416469,0.558410,3261.008301
14,0.372345,0.524522,3510.599121
15,0.361266,0.465067,3760.144043
16,0.349705,0.372008,4009.721924
17,0.306377,0.395633,4259.275879
18,0.296060,0.450097,4508.829102
19,0.305397,0.434052,4758.402832
20,0.344866,0.384151,5007.955566
21,0.408749,0.382717,5257.511719
22,0.442423,0.421118,5507.093750
23,0.482281,0.447958,5756.651367
24,0.527751,0.441901,6006.253418
25,0.567162,0.434214,6255.804199
26,0.607523,0.430136,6505.347656
27,0.647718,0.436858,6754.916992
28,0.668852,0.446695,7004.466309
29,0.699572,0.441977,7254.073730
30,0.737206,0.438908,7503.586426
31,0.775978,0.429157,7753.170898
32,0.814258,0.418798,8002.758789
33,0.868374,0.418665,8252.315430
34,0.912525,0.419858,8501.842773
35,0.940675,0.429013,8751.417969
36,0.972327,0.423479,9001.011719
37,0.008281,0.411244,9250.538086
38,0.049884,0.418672,9500.129883
39,0.090784,0.444385,9766.316406
40,0.126621,0.464755,10015.882812
41,0.140362,0.478015,10282.113281
42,0.151994,0.487931,10515.022461
43,0.132161,0.491532,10764.559570
44,0.103613,0.512782,11014.159180
45,0.072691,0.552403,11263.684570
46,0.045759,0.597415,11513.302734
47,0.029118,0.649694,11762.817383
48,0.012195,0.723183,12012.407227
49,0.981149,0.788289,12261.948242
50,0.932960,0.853947,12511.504883
51,0.853827,0.909285,12761.116211
52,0.832453,0.932667,13010.676758
53,0.808583,0.944332,13260.207031
54,0.761112,0.947190,13509.783203
55,0.617273,0.944954,13759.369141
56,0.562888,0.937134,14008.895508
57,0.636389,0.919007,14258.490234
58,0.655602,0.835493,14508.018555
59,0.650859,0.752315,14757.591797
60,0.661258,0.764258,15007.159180
61,0.669487,0.811448,15256.701172
62,0.676192,0.832704,15506.284180
63,0.681182,0.844419,15755.854492
64,0.680768,0.841717,16005.425781
65,0.662299,0.796340,16254.972656
66,0.648626,0.731879,16504.587891
67,0.664029,0.669185,16754.083984
68,0.673374,0.613980,17003.677734
69,0.694509,0.560184,17253.230469
70,0.729439,0.520798,17502.826172
71,0.749246,0.499024,17752.359375
72,0.772828,0.472154,18001.919922
73,0.787844,0.450701,18251.492188
74,0.780817,0.447279,18501.042969
75,0.761253,0.451784,18750.597656
76,0.735140,0.457480,19000.171875
77,0.700375,0.465514,19266.406250
78,0.661785,0.466606,19515.931641
79,0.623688,0.468093,19765.517578
80,0.586425,0.470329,20015.076172
81,0.532130,0.466393,20264.630859
82,0.473257,0.460070,20514.185547
83,0.432929,0.471645,20763.761719
84,0.396829,0.478899,21013.333984
85,0.346597,0.487519,21262.917969
86,0.295971,0.482132,21512.451172
87,0.258222,0.481727,21762.009766
88,0.244671,0.486327,22011.582031
89,0.243488,0.486475,22261.140625
90,0.258846,0.494705,22510.722656
91,0.292914,0.507807,22760.261719
92,0.322470,0.504594,23009.826172
93,0.347128,0.509301,23259.396484
94,0.374812,0.532514,23508.982422
95,0.401380,0.541924,23758.525391
96,0.423985,0.564872,24008.119141
97,0.428095,0.580240,24257.673828
98,0.434241,0.595242,24507.226562
99,0.448669,0.601094,24756.796875
0,0.759667,0.530564,-0.041078
1,0.770010,0.531403,266.172852
2,0.774945,0.531974,515.683777
3,0.772679,0.533896,765.362976
4,0.763634,0.531950,1014.836670
5,0.737124,0.518184,1264.495361
6,0.700966,0.500378,1513.976685
7,0.673384,0.495231,1763.551025
8,0.647025,0.501576,2013.087158
9,0.619905,0.511432,2262.686523
10,0.600057,0.532794,2512.281982
11,0.596385,0.586199,2761.774414
12,0.589754,0.632774,3011.437744
13,0.587121,0.640180,3260.897705
14,0.587549,0.640920,3510.465820
15,0.595350,0.629223,3760.062988
16,0.620648,0.617709,4009.635010
17,0.674813,0.594441,4259.201172
18,0.754248,0.556182,4508.711426
19,0.817872,0.510210,4758.333496
20,0.839602,0.484620,5007.839355
21,0.844666,0.488858,5257.465332
22,0.838996,0.499589,5507.004883
23,0.832001,0.510255,5756.614746
24,0.826992,0.514745,6006.102539
25,0.817507,0.518472,6255.654297
26,0.809829,0.520391,6505.327148
27,0.806384,0.503238,6754.829102
28,0.787455,0.497445,7004.360840
29,0.758238,0.539259,7254.022461
30,0.749440,0.567259,7503.594727
31,0.747266,0.577454,7753.097168
32,0.746839,0.587165,8002.625977
33,0.750605,0.596608,8252.227539
34,0.755072,0.597057,8501.834961
35,0.756432,0.592599,8751.339844
36,0.759403,0.584841,9000.909180
37,0.761774,0.567338,9250.480469
38,0.765583,0.558273,9500.062500
39,0.771434,0.552667,9766.220703
40,0.787613,0.555965,10015.776367
41,0.812913,0.566004,10265.350586
42,0.840417,0.561112,10514.911133
43,0.882698,0.564029,10764.450195
44,0.920590,0.559160,11014.029297
45,0.950534,0.529214,11263.585938
46,0.972841,0.523072,11513.174805
47,0.994958,0.506970,11762.728516
48,0.023186,0.462518,12012.313477
49,0.071030,0.470861,12261.850586
50,0.111471,0.483767,12511.422852
51,0.147033,0.493286,12760.998047
52,0.175865,0.498149,13010.574219
53,0.205696,0.505807,13260.102539
54,0.234678,0.507653,13509.652344
55,0.264483,0.512793,13759.227539
56,0.290796,0.519238,14008.787109
57,0.284376,0.532563,14258.347656
58,0.286506,0.535983,14507.932617
59,0.310563,0.529173,14757.465820
60,0.353438,0.497809,15007.043945
61,0.380458,0.468431,15256.643555
62,0.390218,0.485527,15506.171875
63,0.409804,0.506350,15755.774414
64,0.432000,0.518231,16005.308594
65,0.449204,0.548223,16254.882812
66,0.454721,0.603146,16504.441406
67,0.462956,0.623987,16754.015625
68,0.472871,0.626849,17003.566406
69,0.473667,0.613913,17253.119141
70,0.469997,0.571490,17502.705078
71,0.463137,0.526004,17752.246094
72,0.454317,0.491054,18001.822266
73,0.448548,0.465023,18251.384766
74,0.432108,0.459910,18500.970703
75,0.423246,0.477186,18750.501953
76,0.415501,0.502294,19000.082031
77,0.394188,0.506143,19266.257812
78,0.369997,0.507798,19515.843750
79,0.339331,0.505165,19765.423828
80,0.295773,0.506733,20014.966797
81,0.255755,0.512422,20264.525391
82,0.216468,0.524179,20514.095703
83,0.171766,0.575457,20763.664062
84,0.120350,0.630579,21013.244141
85,0.073726,0.662019,21262.777344
86,0.040535,0.660486,21512.386719
87,0.009373,0.672311,21761.898438
88,0.985859,0.752916,22011.470703
89,0.961572,0.806962,22261.101562
90,0.927028,0.845440,22510.603516
91,0.889405,0.863566,22760.171875
92,0.855546,0.874425,23009.732422
93,0.819504,0.874520,23259.324219
94,0.776878,0.861887,23508.843750
95,0.724741,0.836741,23758.427734
96,0.683154,0.821371,24007.992188
97,0.649715,0.810539,24257.570312
98,0.617117,0.811610,24507.140625
99,0.596275,0.821252,24756.693359
0,0.748350,0.376697,-0.048705
1,0.742023,0.389387,266.203613
2,0.734530,0.403874,515.766479
3,0.682678,0.420573,765.292603
4,0.640776,0.444288,1014.813782
5,0.632019,0.518575,1264.429443
6,0.611973,0.589286,1513.972900
7,0.581322,0.624972,1763.491699
8,0.550127,0.643709,2013.139282
9,0.536525,0.618438,2262.647705
10,0.526900,0.557560,2512.291016
11,0.523198,0.492980,2761.802490
12,0.518586,0.442613,3011.392090
13,0.518047,0.418534,3260.903809
14,0.506121,0.402658,3510.457520
15,0.489309,0.386058,3760.103027
16,0.466803,0.370140,4009.616455
17,0.442496,0.359739,4275.886719
18,0.422279,0.361539,4508.688965
19,0.418529,0.371964,4758.303223
20,0.422763,0.376267,5007.863770
21,0.430315,0.368389,5257.407227
22,0.445734,0.346398,5507.053223
23,0.441944,0.319585,5756.574707
24,0.431650,0.290532,6006.171875
25,0.438375,0.256044,6255.643066
26,0.425796,0.213412,6505.229492
27,0.419347,0.176237,6754.762695
28,0.423200,0.151167,7004.389648
29,0.423473,0.156390,7253.944824
30,0.426105,0.169606,7503.528320
31,0.427343,0.179254,7753.069336
32,0.428613,0.179211,8002.607910
33,0.428448,0.181549,8252.209961
34,0.431046,0.183647,8501.712891
35,0.429373,0.185548,8751.342773
36,0.409453,0.197715,9000.932617
37,0.391975,0.226669,9250.410156
38,0.378406,0.269051,9500.015625
39,0.342607,0.354909,9766.205078
40,0.313271,0.409324,10015.741211
41,0.287752,0.424477,10265.339844
42,0.263846,0.434208,10514.858398
43,0.259007,0.449507,10764.453125
44,0.257935,0.451573,11014.012695
45,0.252981,0.465175,11263.595703
46,0.248048,0.484375,11513.147461
47,0.242388,0.489873,11762.691406
48,0.240543,0.493430,12012.284180
49,0.242405,0.497037,12261.813477
50,0.244065,0.505265,12511.407227
51,0.245250,0.509491,12760.951172
52,0.228113,0.526661,13010.537109
53,0.203440,0.536245,13260.076172
54,0.179281,0.519103,13509.660156
55,0.158655,0.496283,13759.235352
56,0.147238,0.483555,14008.774414
57,0.144532,0.482117,14258.384766
58,0.150411,0.484123,14507.920898
59,0.157100,0.487784,14757.447266
60,0.163911,0.491244,15007.041016
61,0.160521,0.496260,15256.587891
62,0.153529,0.507422,15506.157227
63,0.135810,0.546422,15755.727539
64,0.125452,0.586399,16005.315430
65,0.113824,0.600012,16254.847656
66,0.097860,0.611426,16504.412109
67,0.083528,0.588400,16753.998047
68,0.071943,0.548574,17003.572266
69,0.060331,0.520114,17253.105469
70,0.050301,0.466800,17502.701172
71,0.045792,0.429063,17752.222656
72,0.035212,0.406907,18001.832031
73,0.019591,0.401154,18251.375000
74,0.009986,0.399160,18500.947266
75,0.999083,0.395961,18750.476562
76,0.985382,0.385971,19000.046875
77,0.981411,0.371317,19266.244141
78,0.990146,0.361853,19515.828125
79,0.982575,0.377494,19765.363281
80,0.971992,0.408547,20014.941406
81,0.967967,0.427920,20264.537109
82,0.971065,0.444325,20514.101562
83,0.971736,0.453328,20763.626953
84,0.973297,0.455622,21013.218750
85,0.977618,0.464941,21262.757812
86,0.976884,0.452826,21512.316406
87,0.980847,0.441726,21761.882812
88,0.981991,0.426647,22011.466797
89,0.976906,0.414970,22261.050781
90,0.955282,0.421199,22510.609375
91,0.943704,0.434216,22760.140625
92,0.945212,0.436681,23009.757812
93,0.946425,0.441008,23259.287109
94,0.944356,0.452909,23508.830078
95,0.946386,0.457508,23758.410156
96,0.953877,0.457305,24007.951172
97,0.969205,0.459172,24257.519531
98,0.987575,0.453641,24507.091797
99,0.005043,0.449408,24756.662109
0,0.749418,0.475942,0.003606
1,0.749567,0.474912,266.304901
2,0.749245,0.475414,515.760986
3,0.751654,0.474715,765.326782
4,0.753184,0.474987,1014.883728
5,0.758678,0.472598,1264.424561
6,0.774115,0.462582,1514.023682
7,0.797986,0.439257,1763.542603
8,0.816835,0.417422,2013.192749
9,0.827410,0.405104,2262.718018
10,0.828177,0.402677,2512.253174
11,0.840679,0.402842,2761.798828
12,0.870431,0.407825,3011.399414
13,0.897533,0.421020,3260.932129
14,0.916085,0.427953,3510.504395
15,0.933534,0.428703,3760.079834
16,0.954597,0.430062,4026.325439
17,0.967047,0.431613,4259.170410
18,0.971491,0.432975,4508.782715
19,0.972812,0.433912,4758.366211
20,0.992525,0.434948,5007.904297
21,0.024566,0.445941,5257.481445
22,0.059106,0.467572,5507.069336
23,0.078535,0.492918,5756.659180
24,0.078882,0.534338,6006.137695
25,0.066656,0.597404,6255.700195
26,0.054530,0.649815,6505.303223
27,0.040913,0.674758,6754.830078
28,0.024355,0.697767,7004.430664
29,0.009249,0.722045,7253.984375
30,0.987891,0.752112,7503.634277
31,0.965578,0.770841,7753.101074
32,0.945195,0.779808,8002.702637
33,0.905098,0.774730,8252.252930
34,0.821566,0.756942,8501.785156
35,0.756424,0.736528,8751.369141
36,0.704864,0.715987,9000.897461
37,0.656602,0.700223,9250.486328
38,0.608222,0.693147,9500.019531
39,0.574213,0.687973,9766.230469
40,0.564423,0.683861,10015.867188
41,0.564916,0.674795,10265.388672
42,0.567807,0.657238,10514.923828
43,0.583045,0.615614,10764.516602
44,0.599724,0.574411,11014.128906
45,0.610100,0.532249,11263.646484
46,0.611902,0.496809,11513.209961
47,0.612356,0.463692,11762.764648
48,0.623287,0.443700,12012.372070
49,0.671542,0.443421,12261.918945
50,0.719120,0.468476,12511.499023
51,0.741962,0.486038,12761.051758
52,0.757303,0.488092,13010.608398
53,0.757692,0.476771,13260.113281
54,0.763285,0.457364,13509.709961
55,0.765976,0.440893,13759.251953
56,0.762858,0.440242,14008.828125
57,0.753035,0.434229,14258.424805
58,0.731356,0.428861,14508.022461
59,0.709203,0.432037,14757.548828
60,0.685562,0.429344,15007.066406
61,0.644283,0.420002,15256.748047
62,0.600596,0.418166,15506.193359
63,0.552825,0.429207,15755.750977
64,0.516076,0.435467,16005.307617
65,0.484724,0.450853,16254.900391
66,0.447109,0.478003,16504.496094
67,0.415178,0.503888,16754.031250
68,0.395758,0.516483,17003.583984
69,0.390598,0.521013,17253.164062
70,0.376779,0.521050,17502.701172
71,0.352921,0.526281,17752.300781
72,0.321539,0.559673,18001.847656
73,0.300578,0.635860,18251.400391
74,0.283048,0.712437,18500.978516
75,0.273907,0.763044,18750.515625
76,0.269898,0.787086,19000.111328
77,0.256606,0.791094,19266.287109
78,0.223737,0.787519,19515.908203
79,0.189869,0.782725,19765.421875
80,0.163979,0.784285,20014.996094
81,0.142363,0.791117,20264.544922
82,0.132882,0.798138,20514.125000
83,0.129377,0.802366,20763.679688
84,0.135874,0.801404,21013.248047
85,0.150764,0.808280,21262.802734
86,0.188053,0.824574,21512.384766
87,0.212725,0.833903,21761.923828
88,0.232242,0.829597,22011.498047
89,0.272721,0.824659,22261.101562
90,0.307003,0.845047,22510.628906
91,0.335459,0.868473,22760.214844
92,0.351631,0.888797,23009.779297
93,0.364969,0.901908,23259.339844
94,0.362137,0.887317,23508.890625
95,0.346241,0.838880,23758.466797
96,0.333062,0.770736,24008.021484
97,0.326331,0.697190,24257.582031
98,0.327805,0.628828,24507.136719
99,0.329187,0.582224,24756.703125
0,0.749854,0.502996,-0.062497
1,0.749556,0.503842,266.130310
2,0.750549,0.503175,515.669373
3,0.751463,0.503233,765.246277
4,0.752556,0.503419,1014.849548
5,0.755636,0.502802,1264.408569
6,0.770566,0.502438,1513.918091
7,0.800180,0.501251,1763.477905
8,0.836842,0.497574,2013.074219
9,0.868556,0.492119,2262.618652
10,0.882329,0.486840,2512.245605
11,0.888213,0.483197,2761.781738
12,0.904301,0.477074,3011.355713
13,0.923521,0.470851,3260.942627
14,0.940691,0.462301,3510.499756
15,0.949464,0.462471,3760.033936
16,0.936608,0.468217,4009.547119
17,0.898839,0.476801,4259.196289
18,0.867767,0.484481,4508.731934
19,0.840926,0.493818,4758.349609
20,0.811460,0.499550,5007.837891
21,0.781391,0.499026,5257.487305
22,0.747214,0.491704,5506.982422
23,0.713890,0.487566,5756.498535
24,0.670788,0.488337,6006.098145
25,0.624637,0.498788,6255.669922
26,0.575118,0.509321,6505.256836
27,0.523649,0.500801,6754.785156
28,0.485435,0.490766,7004.398438
29,0.437471,0.498292,7253.892578
30,0.407836,0.523311,7503.483887
31,0.396178,0.539743,7753.087402
32,0.396549,0.535366,8002.675293
33,0.419680,0.504595,8252.219727
34,0.474926,0.469709,8501.702148
35,0.534485,0.454580,8751.359375
36,0.598440,0.457297,9000.840820
37,0.667046,0.470271,9250.433594
38,0.720899,0.488073,9500.051758
39,0.757950,0.487396,9766.260742
40,0.797460,0.482840,10015.792969
41,0.832245,0.480866,10265.356445
42,0.864936,0.482441,10514.861328
43,0.925796,0.484265,10764.500000
44,0.982537,0.512876,11014.002930
45,0.006950,0.551651,11263.556641
46,0.004030,0.562652,11513.102539
47,0.991754,0.592522,11762.785156
48,0.973203,0.608695,12012.285156
49,0.907964,0.581246,12261.808594
50,0.841062,0.550318,12511.407227
51,0.806400,0.535777,12760.950195
52,0.781012,0.521289,13010.529297
53,0.773445,0.517857,13260.086914
54,0.765347,0.601135,13509.653320
55,0.736274,0.696355,13759.187500
56,0.706373,0.720609,14008.771484
57,0.655843,0.718812,14258.376953
58,0.628409,0.723219,14507.980469
59,0.629106,0.742385,14757.450195
60,0.656446,0.793517,15007.041992
61,0.671751,0.816648,15256.677734
62,0.670709,0.826631,15506.177734
63,0.668879,0.834171,15755.731445
64,0.660941,0.825052,16005.333984
65,0.652906,0.807403,16254.893555
66,0.618664,0.787462,16504.462891
67,0.576445,0.768459,16754.019531
68,0.574674,0.766711,17003.562500
69,0.582774,0.763319,17253.119141
70,0.593433,0.754356,17502.667969
71,0.602163,0.745782,17752.205078
72,0.604524,0.744875,18001.853516
73,0.606220,0.745083,18251.347656
74,0.612863,0.736258,18500.951172
75,0.622577,0.718379,18750.511719
76,0.632498,0.693367,19000.076172
77,0.638339,0.673599,19266.285156
78,0.640985,0.656070,19515.812500
79,0.638122,0.652825,19765.396484
80,0.615656,0.669083,20015.017578
81,0.591798,0.691027,20281.156250
82,0.587334,0.697636,20514.091797
83,0.608083,0.672164,20763.695312
84,0.640874,0.630430,21013.214844
85,0.681862,0.592855,21262.742188
86,0.728701,0.568354,21512.339844
87,0.753636,0.585058,21761.970703
88,0.756785,0.691686,22011.441406
89,0.757364,0.762623,22261.046875
90,0.760496,0.821111,22510.603516
91,0.778808,0.864183,22760.154297
92,0.783163,0.882678,23009.687500
93,0.784995,0.884971,23259.324219
94,0.779496,0.879622,23508.916016
95,0.767572,0.865823,23758.396484
96,0.748315,0.839322,24007.984375
97,0.733823,0.799477,24257.578125
98,0.733443,0.741440,24507.107422
99,0.741256,0.673009,24756.634766
0,0.750530,0.365248,-0.049673
1,0.750315,0.368262,266.132568
2,0.749624,0.371356,515.770203
3,0.748466,0.375427,765.266418
4,0.744885,0.380315,1014.838623
5,0.741598,0.387348,1264.427246
6,0.735669,0.383365,1514.025269
7,0.729105,0.381494,1763.525024
8,0.725430,0.379397,2013.100220
9,0.726765,0.384389,2262.701416
10,0.723003,0.383897,2512.232422
11,0.726419,0.382506,2761.770020
12,0.720854,0.394700,3011.386719
13,0.725002,0.395863,3261.004883
14,0.742182,0.399851,3510.570312
15,0.747183,0.393657,3760.030518
16,0.761831,0.388379,4009.611816
17,0.766282,0.373532,4259.210938
18,0.760576,0.375149,4508.711914
19,0.751985,0.370854,4758.317383
20,0.752163,0.373801,5007.869629
21,0.750666,0.375816,5257.511719
22,0.740178,0.384045,5506.963379
23,0.735268,0.392228,5756.581055
24,0.740978,0.393388,6006.138184
25,0.745813,0.394415,6255.680176
26,0.748025,0.395186,6505.273438
27,0.753103,0.388337,6754.802734
28,0.764621,0.382048,7004.410645
29,0.782563,0.373539,7253.913086
30,0.810331,0.372013,7503.591309
31,0.836241,0.369284,7753.046875
32,0.865340,0.372323,8002.662109
33,0.892109,0.372508,8252.196289
34,0.916460,0.380350,8501.781250
35,0.939621,0.383269,8751.335938
36,0.958082,0.390708,9000.867188
37,0.965011,0.396993,9250.514648
38,0.962249,0.396170,9516.705078
39,0.949557,0.395982,9766.235352
40,0.930993,0.393059,10015.762695
41,0.909241,0.390585,10265.433594
42,0.884718,0.402974,10514.892578
43,0.861312,0.396431,10764.500000
44,0.830566,0.383278,11014.028320
45,0.802025,0.367269,11263.626953
46,0.783099,0.371241,11513.146484
47,0.775086,0.371450,11762.745117
48,0.777333,0.375606,12012.299805
49,0.791969,0.375759,12261.887695
50,0.806296,0.375001,12511.453125
51,0.818862,0.376777,12760.993164
52,0.834849,0.378643,13010.593750
53,0.842874,0.376949,13260.133789
54,0.848164,0.371972,13509.708984
55,0.852686,0.365761,13759.219727
56,0.853753,0.366377,14008.834961
57,0.852098,0.368174,14258.389648
58,0.850079,0.370177,14507.903320
59,0.847037,0.370199,14757.484375
60,0.843238,0.372113,15007.125000
61,0.838891,0.373026,15256.699219
62,0.835697,0.373941,15506.166992
63,0.839246,0.378389,15755.830078
64,0.841142,0.380272,16005.301758
65,0.844490,0.382687,16254.871094
66,0.848439,0.387688,16504.470703
67,0.849520,0.390375,16754.042969
68,0.848817,0.388061,17003.667969
69,0.845427,0.387137,17253.138672
70,0.842535,0.383204,17502.730469
71,0.838169,0.379391,17752.251953
72,0.821308,0.376439,18001.810547
73,0.798511,0.384094,18251.369141
74,0.778933,0.397838,18501.003906
75,0.763979,0.393897,18750.492188
76,0.750055,0.396432,19000.058594
77,0.736956,0.390808,19266.292969
78,0.720516,0.394060,19515.917969
79,0.701303,0.393288,19765.388672
80,0.688455,0.391564,20014.949219
81,0.675932,0.391065,20264.531250
82,0.664595,0.390962,20514.152344
83,0.650364,0.398054,20763.666016
84,0.626901,0.412597,21013.232422
85,0.601166,0.421801,21262.816406
86,0.572168,0.425484,21512.380859
87,0.542345,0.422059,21761.912109
88,0.514714,0.421830,22011.501953
89,0.488818,0.433403,22261.052734
90,0.465716,0.454703,22510.619141
91,0.447304,0.490814,22760.160156
92,0.431698,0.524963,23009.787109
93,0.431991,0.581378,23259.318359
94,0.455507,0.644478,23508.882812
95,0.475678,0.692398,23758.464844
96,0.480532,0.734414,24008.054688
97,0.478470,0.773424,24257.537109
98,0.492980,0.779379,24507.107422
99,0.517132,0.790647,24756.681641
0,0.750003,0.540021,0.039543
1,0.749954,0.540217,266.211243
2,0.740649,0.521158,515.813965
3,0.721764,0.466227,765.328064
4,0.719356,0.456542,1015.013794
5,0.715230,0.489784,1264.515625
6,0.696705,0.557843,1514.045044
7,0.742132,0.522617,1763.657349
8,0.801475,0.462356,2013.218994
9,0.821292,0.473464,2262.770752
10,0.837333,0.509573,2512.274414
11,0.862904,0.529071,2761.912842
12,0.887002,0.545413,3011.409668
13,0.901299,0.552757,3261.024658
14,0.890735,0.560666,3510.543701
15,0.869208,0.574459,3760.126221
16,0.838270,0.608681,4009.702637
17,0.818837,0.653594,4259.259766
18,0.807005,0.680861,4508.835938
19,0.796453,0.700631,4758.363770
20,0.772513,0.721919,5007.971680
21,0.740842,0.749954,5257.497559
22,0.711642,0.753791,5507.136719
23,0.676283,0.749685,5756.604980
24,0.639432,0.751472,6006.163086
25,0.605843,0.766773,6255.847168
26,0.583431,0.775095,6505.383301
27,0.558779,0.766791,6754.982422
28,0.526885,0.746265,7004.436523
29,0.483839,0.722715,7254.074219
30,0.450651,0.627316,7503.547363
31,0.431508,0.510063,7753.156250
32,0.418417,0.453727,8002.687988
33,0.411602,0.418937,8252.297852
34,0.400784,0.393820,8501.824219
35,0.415227,0.371311,8751.378906
36,0.425939,0.354898,9000.991211
37,0.424951,0.352168,9250.537109
38,0.419206,0.355721,9500.079102
39,0.390511,0.392378,9766.278320
40,0.348678,0.449878,10015.861328
41,0.310214,0.479486,10265.501953
42,0.261959,0.502560,10515.010742
43,0.222364,0.506752,10764.517578
44,0.187684,0.502185,11014.133789
45,0.158252,0.507413,11263.670898
46,0.142382,0.526091,11513.225586
47,0.123995,0.543951,11762.836914
48,0.099353,0.556336,12012.386719
49,0.073419,0.548075,12261.902344
50,0.056472,0.531115,12511.461914
51,0.036726,0.522199,12761.097656
52,0.018334,0.485305,13010.610352
53,0.005352,0.435304,13260.195312
54,0.001160,0.428390,13509.766602
55,0.998518,0.428683,13759.408203
56,0.990361,0.429716,14008.869141
57,0.986037,0.426535,14258.447266
58,0.983319,0.440016,14508.075195
59,0.986531,0.448721,14757.563477
60,0.992660,0.442426,15007.114258
61,0.996535,0.445893,15256.710938
62,0.995048,0.446764,15506.274414
63,0.993726,0.445896,15755.892578
64,0.992376,0.447483,16005.381836
65,0.992497,0.449475,16254.931641
66,0.993169,0.450882,16504.525391
67,0.983246,0.453425,16754.091797
68,0.979255,0.455522,17003.626953
69,0.964061,0.449740,17253.255859
70,0.940836,0.454497,17502.789062
71,0.916967,0.466363,17752.304688
72,0.899957,0.472495,18001.904297
73,0.882390,0.469795,18251.503906
74,0.865172,0.461502,18501.076172
75,0.852350,0.461783,18750.601562
76,0.841717,0.470174,19000.144531
77,0.829953,0.476438,19266.367188
78,0.817757,0.480201,19515.947266
79,0.801303,0.477842,19765.453125
80,0.772206,0.471041,20015.044922
81,0.727309,0.457122,20264.646484
82,0.717133,0.457725,20514.173828
83,0.703900,0.464663,20763.748047
84,0.674525,0.488958,21013.294922
85,0.656790,0.526071,21262.873047
86,0.647740,0.535403,21512.416016
87,0.647199,0.528195,21762.058594
88,0.653722,0.510832,22011.566406
89,0.669019,0.489008,22261.146484
90,0.692256,0.474194,22510.675781
91,0.712937,0.469892,22760.244141
92,0.733272,0.470630,23009.853516
93,0.751072,0.470818,23259.355469
94,0.768878,0.469874,23508.966797
95,0.786631,0.468322,23758.529297
96,0.805269,0.466807,24008.074219
97,0.825654,0.465519,24257.650391
98,0.850268,0.463424,24507.232422
99,0.872368,0.461707,24756.765625
0,0.743899,0.532244,-0.007716
1,0.721838,0.528786,266.210022
2,0.674317,0.556064,515.824768
3,0.616979,0.589347,765.363831
4,0.578706,0.606994,1014.919006
5,0.559044,0.579449,1264.484497
6,0.585239,0.541006,1514.039429
7,0.621060,0.510091,1763.600708
8,0.647023,0.514847,2013.175903
9,0.676779,0.538630,2262.708496
10,0.695264,0.534051,2512.303223
11,0.713664,0.531538,2761.871338
12,0.745593,0.526111,3011.466309
13,0.774879,0.531830,3260.968262
14,0.818886,0.487332,3510.513672
15,0.844498,0.416835,3760.174316
16,0.884579,0.427714,4009.640137
17,0.920602,0.431077,4259.272949
18,0.946201,0.418949,4508.817871
19,0.979383,0.431713,4758.377930
20,0.985902,0.434200,5007.895996
21,0.967268,0.435073,5257.534180
22,0.966292,0.447581,5507.026367
23,0.032646,0.473204,5756.587402
24,0.119954,0.486650,6006.145996
25,0.200073,0.490119,6255.728516
26,0.243828,0.499337,6505.343262
27,0.271009,0.503313,6754.858398
28,0.298070,0.496734,7004.496582
29,0.307555,0.440486,7254.020020
30,0.317108,0.400129,7503.569824
31,0.347145,0.387864,7753.096680
32,0.380020,0.410042,8002.678223
33,0.396974,0.472933,8252.276367
34,0.394946,0.517464,8501.787109
35,0.388737,0.527407,8751.451172
36,0.376700,0.529862,9000.946289
37,0.364072,0.539685,9250.521484
38,0.357217,0.547470,9500.059570
39,0.363054,0.543411,9766.292969
40,0.391418,0.572302,10015.857422
41,0.432966,0.613328,10265.417969
42,0.449386,0.641406,10514.936523
43,0.456930,0.660688,10764.542969
44,0.465891,0.657592,11014.111328
45,0.503322,0.650657,11263.727539
46,0.516250,0.666914,11513.243164
47,0.518078,0.677255,11762.833008
48,0.510847,0.680516,12012.374023
49,0.491625,0.677380,12261.934570
50,0.474884,0.701530,12511.507812
51,0.473458,0.706217,12761.094727
52,0.472787,0.702576,13010.672852
53,0.472512,0.696307,13260.170898
54,0.469936,0.695257,13509.761719
55,0.468364,0.689238,13759.324219
56,0.466981,0.684845,14008.852539
57,0.468087,0.682443,14258.480469
58,0.473637,0.677196,14508.022461
59,0.489733,0.661418,14757.611328
60,0.489994,0.660467,15007.102539
61,0.460730,0.621130,15256.744141
62,0.419970,0.586260,15506.237305
63,0.404949,0.564837,15755.798828
64,0.366390,0.553560,16005.376953
65,0.322803,0.543382,16254.983398
66,0.296030,0.530069,16504.500000
67,0.247050,0.512759,16754.058594
68,0.213562,0.513004,17003.660156
69,0.194991,0.515931,17253.166016
70,0.162623,0.514832,17502.753906
71,0.110238,0.553218,17752.365234
72,0.075051,0.686097,18001.894531
73,0.061448,0.754768,18251.484375
74,0.052921,0.779474,18500.994141
75,0.035633,0.806951,18750.589844
76,0.022363,0.799926,19000.177734
77,0.022133,0.763590,19266.324219
78,0.953422,0.706634,19515.884766
79,0.808635,0.610120,19765.457031
80,0.730472,0.594295,20015.048828
81,0.678661,0.613081,20264.611328
82,0.646229,0.669649,20514.187500
83,0.616625,0.689773,20763.750000
84,0.582640,0.697937,21013.283203
85,0.552186,0.690667,21262.835938
86,0.536353,0.613356,21512.470703
87,0.529778,0.518106,21762.068359
88,0.524291,0.482421,22011.562500
89,0.513360,0.475386,22261.119141
90,0.496595,0.509141,22510.777344
91,0.483064,0.554227,22760.265625
92,0.524168,0.541161,23009.818359
93,0.582878,0.516627,23259.394531
94,0.611998,0.502611,23508.904297
95,0.642581,0.498947,23758.468750
96,0.670422,0.494739,24008.054688
97,0.705511,0.504198,24257.599609
98,0.728784,0.506551,24507.201172
99,0.743545,0.509196,24756.773438
0,0.750306,0.556490,0.015911
1,0.749552,0.558663,266.218964
2,0.743261,0.534743,515.735168
3,0.706155,0.509400,765.296814
4,0.660183,0.507621,1014.898926
5,0.628890,0.538762,1264.462646
6,0.624810,0.602543,1514.041016
7,0.621674,0.655967,1763.697144
8,0.621047,0.705593,2013.144653
9,0.645089,0.724957,2262.712402
10,0.722552,0.750576,2512.266357
11,0.757630,0.802838,2761.827393
12,0.762522,0.851227,3011.406006
13,0.758556,0.864954,3260.953613
14,0.769277,0.866045,3510.500488
15,0.790883,0.864687,3760.093018
16,0.826728,0.862842,4009.652832
17,0.860418,0.857602,4259.213379
18,0.897327,0.832946,4508.775391
19,0.943044,0.788717,4758.347168
20,0.982424,0.752684,5007.887695
21,0.007556,0.719271,5257.472656
22,0.028887,0.665799,5507.031738
23,0.041843,0.633385,5756.594238
24,0.058605,0.631310,6006.154785
25,0.071572,0.629723,6255.708008
26,0.076048,0.622880,6505.309082
27,0.089764,0.605315,6754.833496
28,0.103290,0.525988,7004.404785
29,0.117232,0.439953,7253.969727
30,0.122462,0.340285,7503.525879
31,0.123273,0.270889,7753.122559
32,0.120813,0.231054,8002.654297
33,0.162279,0.246459,8252.248047
34,0.236518,0.312689,8501.780273
35,0.272372,0.375215,8751.363281
36,0.288630,0.435320,9000.955078
37,0.302405,0.486686,9250.473633
38,0.312187,0.519832,9500.036133
39,0.324201,0.537776,9766.236328
40,0.338206,0.547744,10015.794922
41,0.361599,0.551920,10265.379883
42,0.379700,0.542906,10514.929688
43,0.378051,0.509267,10764.489258
44,0.367069,0.488362,11014.068359
45,0.352776,0.485758,11263.658203
46,0.324692,0.467918,11513.234375
47,0.307275,0.457750,11762.764648
48,0.289843,0.423491,12012.335938
49,0.287728,0.370710,12261.893555
50,0.310586,0.345012,12511.438477
51,0.341868,0.348133,12761.011719
52,0.386144,0.392820,13010.580078
53,0.422843,0.446010,13260.144531
54,0.441061,0.462584,13509.698242
55,0.448608,0.473836,13759.285156
56,0.456489,0.474242,14008.836914
57,0.462395,0.467073,14258.387695
58,0.506182,0.458817,14507.951172
59,0.561690,0.455395,14757.549805
60,0.594197,0.471119,15007.096680
61,0.621275,0.486644,15256.666016
62,0.643675,0.475554,15506.219727
63,0.671528,0.459185,15755.783203
64,0.701466,0.467184,16005.342773
65,0.733991,0.463610,16254.931641
66,0.772292,0.456945,16504.484375
67,0.798657,0.424936,16754.025391
68,0.813648,0.372906,17003.605469
69,0.823818,0.333477,17253.171875
70,0.826420,0.274749,17502.732422
71,0.822177,0.245362,17752.294922
72,0.817826,0.250033,18001.875000
73,0.822158,0.298670,18251.453125
74,0.824834,0.346747,18500.970703
75,0.836737,0.390572,18750.566406
76,0.884175,0.440422,19000.105469
77,0.904108,0.458416,19266.316406
78,0.906319,0.434748,19515.873047
79,0.902886,0.395169,19765.478516
80,0.909130,0.399571,20015.021484
81,0.916409,0.416010,20264.562500
82,0.914456,0.444614,20514.152344
83,0.910641,0.464984,20763.716797
84,0.910413,0.475494,21013.267578
85,0.915988,0.479222,21262.841797
86,0.923086,0.481210,21512.375000
87,0.939546,0.480298,21761.939453
88,0.967632,0.473088,22011.511719
89,0.988380,0.469182,22261.085938
90,0.991834,0.467458,22510.625000
91,0.991753,0.465514,22760.193359
92,0.988774,0.466172,23009.771484
93,0.981933,0.468197,23259.337891
94,0.976545,0.469864,23508.902344
95,0.972530,0.468814,23758.462891
96,0.969211,0.462625,24008.031250
97,0.957892,0.444272,24257.578125
98,0.950076,0.430939,24507.144531
99,0.953631,0.446112,24756.722656
0,0.750095,0.534510,-0.021489
1,0.750456,0.535017,266.185394
2,0.750768,0.535342,515.803650
3,0.751201,0.535177,765.353271
4,0.752818,0.526581,1014.882385
5,0.757997,0.508786,1264.494141
6,0.771562,0.492502,1514.045898
7,0.788381,0.479747,1763.670898
8,0.802154,0.473034,2013.179688
9,0.809699,0.468533,2262.750977
10,0.813093,0.464976,2512.302979
11,0.823403,0.464858,2761.828125
12,0.844444,0.468253,3011.484863
13,0.865008,0.471005,3261.017578
14,0.886048,0.473353,3510.630371
15,0.900636,0.474435,3760.103271
16,0.912384,0.474512,4009.765625
17,0.918366,0.474895,4259.252441
18,0.919384,0.476091,4508.790039
19,0.921848,0.477255,4758.398438
20,0.928816,0.478113,5007.904785
21,0.935205,0.478058,5257.554199
22,0.943600,0.477419,5507.043945
23,0.958275,0.476572,5756.630371
24,0.975036,0.478028,6006.166016
25,0.993375,0.483198,6255.741699
26,0.016405,0.479276,6505.339844
27,0.049302,0.468023,6754.951172
28,0.084661,0.463732,7004.446289
29,0.111236,0.469686,7253.968262
30,0.130863,0.476045,7503.656250
31,0.148313,0.471825,7753.087402
32,0.160702,0.468123,8002.717773
33,0.175253,0.465926,8252.277344
34,0.192964,0.471037,8501.812500
35,0.208091,0.479623,8751.383789
36,0.227064,0.482943,9000.954102
37,0.244536,0.475323,9250.591797
38,0.251365,0.443101,9500.067383
39,0.257502,0.422325,9766.258789
40,0.263347,0.440228,10015.863281
41,0.269780,0.475079,10265.444336
42,0.274525,0.497401,10514.993164
43,0.259664,0.508976,10764.590820
44,0.231281,0.513871,11014.105469
45,0.217119,0.517960,11263.711914
46,0.220741,0.512467,11513.218750
47,0.238679,0.509739,11762.791016
48,0.265572,0.488721,12012.370117
49,0.300633,0.444961,12261.904297
50,0.327251,0.417170,12511.522461
51,0.345738,0.414325,12761.027344
52,0.366816,0.418223,13010.644531
53,0.391143,0.448086,13260.177734
54,0.403364,0.492479,13509.720703
55,0.408322,0.529495,13759.356445
56,0.421706,0.584764,14008.896484
57,0.440236,0.619304,14258.443359
58,0.467815,0.625096,14507.960938
59,0.508136,0.605293,14757.608398
60,0.522920,0.595477,15007.122070
61,0.535695,0.568803,15256.733398
62,0.543396,0.543525,15506.253906
63,0.547086,0.521853,15755.862305
64,0.555431,0.509675,16005.387695
65,0.570169,0.506488,16254.946289
66,0.585098,0.506667,16504.480469
67,0.598486,0.510033,16754.144531
68,0.607876,0.520340,17003.632812
69,0.605981,0.546946,17253.205078
70,0.625998,0.544531,17502.804688
71,0.665028,0.523265,17752.343750
72,0.688035,0.515923,18001.871094
73,0.694773,0.515538,18251.498047
74,0.692078,0.515276,18500.984375
75,0.684603,0.516235,18750.603516
76,0.670752,0.513281,19000.107422
77,0.641477,0.506419,19266.359375
78,0.612160,0.507219,19515.931641
79,0.568522,0.511324,19765.492188
80,0.517290,0.523502,20015.001953
81,0.453944,0.531221,20264.617188
82,0.402552,0.538786,20514.222656
83,0.377026,0.540796,20763.712891
84,0.365350,0.541995,21013.287109
85,0.364468,0.542548,21262.830078
86,0.365793,0.543645,21512.417969
87,0.364335,0.545878,21761.962891
88,0.360375,0.548849,22011.539062
89,0.353608,0.553042,22261.117188
90,0.353181,0.555380,22510.656250
91,0.362480,0.558126,22760.216797
92,0.369875,0.560293,23009.787109
93,0.374773,0.562210,23259.357422
94,0.379509,0.564358,23508.906250
95,0.384127,0.565314,23758.486328
96,0.389479,0.565843,24008.037109
97,0.395492,0.566358,24257.609375
98,0.405507,0.568052,24507.164062
99,0.417635,0.571454,24756.759766
0,0.747214,0.575748,-0.011834
1,0.740775,0.573437,266.159576
2,0.740645,0.571374,515.749634
3,0.745702,0.558231,765.282593
4,0.821073,0.545413,1014.865662
5,0.865037,0.530535,1264.492432
6,0.882118,0.522080,1513.951416
7,0.898663,0.497388,1763.607178
8,0.909068,0.486861,2013.167969
9,0.922514,0.484495,2262.637939
10,0.950216,0.481592,2512.209473
11,0.982933,0.486518,2761.792236
12,0.011584,0.487437,3011.359375
13,0.044553,0.500304,3260.908447
14,0.074216,0.538145,3510.492188
15,0.083434,0.615483,3760.099609
16,0.067232,0.694611,4009.649170
17,0.039613,0.776585,4259.169434
18,0.022149,0.840056,4508.725098
19,0.972644,0.893033,4758.305176
20,0.957830,0.917449,5007.837891
21,0.978024,0.918064,5257.487793
22,0.024147,0.886995,5507.001953
23,0.051419,0.830185,5756.596191
24,0.055871,0.785764,6006.100098
25,0.042291,0.776664,6255.714355
26,0.943851,0.805953,6505.252930
27,0.842766,0.828786,6754.790039
28,0.755981,0.846560,7004.416016
29,0.701120,0.831775,7253.983887
30,0.670402,0.803874,7503.487793
31,0.633564,0.776642,7753.052734
32,0.607971,0.775765,8002.674805
33,0.608728,0.805755,8252.219727
34,0.619147,0.844687,8501.776367
35,0.612424,0.848513,8751.334961
36,0.586498,0.820837,9000.948242
37,0.565780,0.809051,9250.511719
38,0.570838,0.796162,9500.009766
39,0.569263,0.782915,9766.196289
40,0.554714,0.767058,10015.819336
41,0.535121,0.755810,10265.359375
42,0.519128,0.748522,10514.939453
43,0.463108,0.709718,10764.504883
44,0.427216,0.659320,11014.042969
45,0.417729,0.633510,11263.583984
46,0.415087,0.603915,11513.178711
47,0.406296,0.574575,11762.732422
48,0.404174,0.555858,12012.271484
49,0.396048,0.535253,12261.844727
50,0.386454,0.517367,12511.425781
51,0.395879,0.446606,12761.000000
52,0.415275,0.387905,13010.618164
53,0.411477,0.359338,13260.102539
54,0.387763,0.350041,13509.665039
55,0.390657,0.327850,13759.221680
56,0.399814,0.314726,14008.811523
57,0.404477,0.311568,14258.343750
58,0.406757,0.309659,14507.933594
59,0.409191,0.305693,14757.545898
60,0.411279,0.305253,15007.056641
61,0.412649,0.301926,15256.652344
62,0.425827,0.307979,15506.180664
63,0.439961,0.315995,15755.759766
64,0.439920,0.320690,16005.291016
65,0.440505,0.325226,16254.915039
66,0.427226,0.336080,16504.451172
67,0.416865,0.354569,16754.005859
68,0.374291,0.355953,17003.537109
69,0.257127,0.440212,17253.175781
70,0.218629,0.525473,17502.728516
71,0.204536,0.552853,17752.289062
72,0.197817,0.565752,18001.890625
73,0.217872,0.578144,18251.398438
74,0.245956,0.551247,18500.927734
75,0.257330,0.509233,18750.498047
76,0.285416,0.515819,19000.148438
77,0.340012,0.531670,19266.322266
78,0.374010,0.539307,19515.837891
79,0.398908,0.557016,19765.398438
80,0.420744,0.558624,20015.015625
81,0.440191,0.564526,20264.519531
82,0.567752,0.541876,20514.097656
83,0.694720,0.528044,20763.666016
84,0.731469,0.529656,21013.300781
85,0.769810,0.528633,21262.783203
86,0.803388,0.526697,21512.373047
87,0.821111,0.497491,21761.906250
88,0.843943,0.497786,22011.509766
89,0.875974,0.505417,22261.072266
90,0.901929,0.503182,22510.611328
91,0.923329,0.492103,22760.195312
92,0.946218,0.485767,23009.779297
93,0.966295,0.486186,23259.326172
94,0.980281,0.488822,23508.855469
95,0.994077,0.489293,23758.451172
96,0.997184,0.483518,24007.968750
97,0.980747,0.474185,24257.644531
98,0.895956,0.495171,24507.130859
99,0.818024,0.503972,24756.685547
0,0.751595,0.531428,-0.024362
1,0.754637,0.531450,266.157898
2,0.754115,0.534795,515.734802
3,0.752866,0.551996,765.304626
4,0.756046,0.589936,1014.854553
5,0.788941,0.648221,1264.433228
6,0.822653,0.687904,1514.020386
7,0.832917,0.715344,1763.545410
8,0.825843,0.743447,2013.155151
9,0.791282,0.724885,2262.661133
10,0.737452,0.690121,2512.220703
11,0.713867,0.669737,2761.854004
12,0.717148,0.660733,3011.346924
13,0.722755,0.652581,3260.976807
14,0.681814,0.670460,3510.483643
15,0.618603,0.686721,3760.070801
16,0.579350,0.678570,4009.606445
17,0.573081,0.646758,4259.205566
18,0.564322,0.608130,4508.767578
19,0.539959,0.575985,4758.296875
20,0.517751,0.575517,5007.905273
21,0.497321,0.581076,5257.455566
22,0.495583,0.616074,5507.000488
23,0.478961,0.623315,5756.551758
24,0.442859,0.585993,6006.172852
25,0.434348,0.569653,6255.718750
26,0.438197,0.549072,6505.245117
27,0.449859,0.529528,6754.887695
28,0.467395,0.452630,7004.365723
29,0.493898,0.398372,7253.948242
30,0.519897,0.414258,7503.488281
31,0.549631,0.450933,7753.123535
32,0.571595,0.513852,8002.612793
33,0.589170,0.575910,8252.199219
34,0.601127,0.602778,8501.868164
35,0.613241,0.604554,8751.367188
36,0.637967,0.581293,9000.940430
37,0.665740,0.547964,9250.467773
38,0.719376,0.515743,9500.100586
39,0.757477,0.493118,9766.318359
40,0.776884,0.481108,10015.815430
41,0.799493,0.477405,10265.334961
42,0.833191,0.475739,10514.947266
43,0.879007,0.464389,10764.471680
44,0.912923,0.440419,11014.113281
45,0.940463,0.376724,11263.582031
46,0.951600,0.333435,11513.211914
47,0.976823,0.354016,11762.716797
48,0.005452,0.382290,12012.336914
49,0.023158,0.422981,12261.942383
50,0.035720,0.514756,12511.458984
51,0.055436,0.585759,12761.030273
52,0.084319,0.608855,13010.537109
53,0.108353,0.587013,13260.203125
54,0.150849,0.540509,13509.677734
55,0.189238,0.513839,13759.257812
56,0.226172,0.508229,14008.790039
57,0.249885,0.505110,14258.448242
58,0.263043,0.502643,14507.925781
59,0.267402,0.498971,14757.484375
60,0.267696,0.498684,15007.075195
61,0.254331,0.495668,15256.625977
62,0.224450,0.494775,15506.214844
63,0.195634,0.491937,15755.748047
64,0.175138,0.487924,16005.409180
65,0.155069,0.513695,16254.963867
66,0.126110,0.556163,16504.429688
67,0.097528,0.585541,16754.037109
68,0.075079,0.611157,17003.587891
69,0.053925,0.620874,17253.185547
70,0.035805,0.620622,17502.814453
71,0.005286,0.579849,17752.318359
72,0.977247,0.530250,18001.845703
73,0.973776,0.491346,18251.396484
74,0.976989,0.476719,18501.003906
75,0.979630,0.473041,18750.533203
76,0.967578,0.464518,19000.179688
77,0.954381,0.470911,19266.298828
78,0.940738,0.471185,19515.919922
79,0.929985,0.467390,19765.455078
80,0.914220,0.453261,20014.955078
81,0.888006,0.448034,20264.521484
82,0.868005,0.448689,20514.164062
83,0.854005,0.450463,20763.708984
84,0.835856,0.455474,21013.230469
85,0.820945,0.458359,21262.888672
86,0.816921,0.457480,21512.404297
87,0.801988,0.466333,21762.009766
88,0.785100,0.480885,22011.484375
89,0.774063,0.486418,22261.056641
90,0.760515,0.484084,22510.658203
91,0.752431,0.482986,22760.162109
92,0.752356,0.480187,23009.771484
93,0.748287,0.478696,23259.333984
94,0.731853,0.473308,23508.904297
95,0.724941,0.470975,23758.419922
96,0.725727,0.471287,24008.048828
97,0.725228,0.471616,24257.574219
98,0.724496,0.469749,24507.132812
99,0.725555,0.468245,24756.773438
0,0.749803,0.509476,-0.112354
1,0.749889,0.509257,266.074005
2,0.749830,0.508788,515.698120
3,0.750509,0.507798,765.282349
4,0.750573,0.508516,1014.800903
5,0.723083,0.514408,1264.343140
6,0.659052,0.515919,1513.953491
7,0.642484,0.560651,1763.465088
8,0.630675,0.637694,2013.048706
9,0.599260,0.688965,2262.625488
10,0.554953,0.692373,2512.257568
11,0.514735,0.681167,2761.760010
12,0.518814,0.663622,3011.285889
13,0.514220,0.628107,3260.893066
14,0.491990,0.551357,3510.419678
15,0.461119,0.498655,3759.967041
16,0.445978,0.494523,4009.542969
17,0.449336,0.496276,4259.143555
18,0.438109,0.485740,4508.693848
19,0.412443,0.476121,4758.221191
20,0.375710,0.475756,5007.835449
21,0.350722,0.481096,5257.445312
22,0.337360,0.487792,5506.985352
23,0.305270,0.481294,5756.524902
24,0.279027,0.470977,6006.152344
25,0.292670,0.461827,6255.637695
26,0.321490,0.398007,6505.170410
27,0.360850,0.332083,6754.789062
28,0.419581,0.285073,7004.382812
29,0.479147,0.323681,7253.895996
30,0.569570,0.540761,7503.508301
31,0.660654,0.740338,7753.042969
32,0.730955,0.853766,8002.610352
33,0.778779,0.902672,8252.148438
34,0.739658,0.877123,8501.694336
35,0.689221,0.818905,8751.319336
36,0.692825,0.742893,9000.803711
37,0.754974,0.629508,9250.432617
38,0.788836,0.558929,9516.672852
39,0.817813,0.497310,9766.198242
40,0.836910,0.467969,10015.748047
41,0.884498,0.447600,10265.261719
42,0.936929,0.429365,10514.819336
43,0.979583,0.427100,10764.402344
44,0.012499,0.422749,11013.982422
45,0.022964,0.405958,11263.577148
46,0.997937,0.403397,11513.177734
47,0.989246,0.406493,11762.679688
48,0.972909,0.407136,12012.209961
49,0.961366,0.405247,12261.811523
50,0.958127,0.418310,12511.500000
51,0.940702,0.416988,12760.922852
52,0.902313,0.367674,13010.516602
53,0.888025,0.344339,13260.034180
54,0.893736,0.380460,13509.637695
55,0.942431,0.445396,13759.179688
56,0.040776,0.471407,14008.824219
57,0.096130,0.486827,14258.382812
58,0.130347,0.501044,14507.945312
59,0.169090,0.493968,14757.436523
60,0.208215,0.459874,15007.032227
61,0.232192,0.445607,15256.596680
62,0.250290,0.451512,15506.115234
63,0.264190,0.460989,15755.758789
64,0.269292,0.481370,16005.239258
65,0.273175,0.487332,16254.847656
66,0.294334,0.477992,16504.363281
67,0.345343,0.482294,16754.017578
68,0.394607,0.498676,17003.507812
69,0.403971,0.498313,17253.072266
70,0.416623,0.545379,17502.720703
71,0.431215,0.597008,17752.228516
72,0.435443,0.527725,18001.824219
73,0.429567,0.410358,18251.312500
74,0.414943,0.303428,18500.982422
75,0.405761,0.276704,18750.451172
76,0.403114,0.280806,19000.037109
77,0.397719,0.286388,19266.212891
78,0.389212,0.291942,19515.857422
79,0.383890,0.295869,19765.457031
80,0.381850,0.297717,20014.953125
81,0.380804,0.299264,20264.470703
82,0.380230,0.299808,20514.119141
83,0.380013,0.300125,20763.607422
84,0.379484,0.300800,21013.158203
85,0.378891,0.302026,21262.753906
86,0.378202,0.302058,21512.306641
87,0.377263,0.302406,21761.892578
88,0.376211,0.304123,22011.400391
89,0.375619,0.305327,22261.066406
90,0.375290,0.305631,22510.542969
91,0.374988,0.306181,22760.154297
92,0.374349,0.307475,23009.753906
93,0.386909,0.328231,23259.277344
94,0.430243,0.402670,23525.490234
95,0.421171,0.450947,23758.347656
96,0.364497,0.482342,24007.957031
97,0.334151,0.506942,24257.476562
98,0.312886,0.517971,24507.138672
99,0.306346,0.518602,24756.658203
0,0.749860,0.469153,0.002488
1,0.741410,0.481670,266.199097
2,0.667718,0.529469,515.772217
3,0.626202,0.571772,765.359680
4,0.604531,0.659800,1014.906616
5,0.568565,0.694354,1264.444824
6,0.541333,0.691644,1514.017334
7,0.498635,0.673500,1763.582764
8,0.436622,0.607008,2013.147339
9,0.403016,0.574101,2262.715088
10,0.386613,0.542945,2512.288330
11,0.360963,0.524493,2761.859131
12,0.332550,0.528854,3011.420898
13,0.333576,0.504487,3260.975830
14,0.354501,0.468259,3510.544678
15,0.405165,0.465378,3760.084473
16,0.479957,0.488556,4009.709717
17,0.544264,0.502327,4259.211426
18,0.597290,0.499193,4508.775879
19,0.640872,0.487811,4758.350098
20,0.688342,0.484925,5007.901367
21,0.728397,0.490590,5257.528809
22,0.766672,0.488760,5507.025391
23,0.797212,0.480616,5756.604980
24,0.823214,0.477903,6006.165039
25,0.873043,0.474665,6255.729004
26,0.952343,0.472587,6505.292480
27,0.980173,0.472648,6754.847656
28,0.979620,0.470981,7004.416016
29,0.976380,0.481370,7253.973145
30,0.002998,0.578833,7503.573730
31,0.012074,0.673034,7753.130371
32,0.014176,0.711024,8002.677734
33,0.029408,0.715476,8252.244141
34,0.049726,0.645895,8501.814453
35,0.050657,0.530231,8751.365234
36,0.020683,0.450916,9000.933594
37,0.951740,0.412433,9250.502930
38,0.850728,0.413739,9500.055664
39,0.786398,0.423690,9766.294922
40,0.741734,0.430894,10015.818359
41,0.690719,0.436018,10265.380859
42,0.646102,0.487622,10514.972656
43,0.602615,0.588042,10764.532227
44,0.560566,0.629741,11014.092773
45,0.504572,0.644175,11263.645508
46,0.383411,0.577799,11513.212891
47,0.321036,0.550927,11762.767578
48,0.313814,0.552375,12012.333984
49,0.305438,0.564640,12261.897461
50,0.295225,0.645739,12511.477539
51,0.315868,0.742897,12761.042969
52,0.297025,0.788221,13010.585938
53,0.293588,0.815128,13260.163086
54,0.298862,0.812709,13509.723633
55,0.318259,0.825741,13759.283203
56,0.265460,0.718281,14008.844727
57,0.260254,0.594035,14258.408203
58,0.263724,0.557751,14507.972656
59,0.286786,0.547782,14757.550781
60,0.412151,0.631962,15007.116211
61,0.524765,0.701196,15256.675781
62,0.573358,0.733014,15506.225586
63,0.599700,0.774228,15755.798828
64,0.597144,0.802975,16005.354492
65,0.561494,0.817892,16254.917969
66,0.532353,0.800658,16504.488281
67,0.527436,0.783006,16754.062500
68,0.558758,0.762179,17003.626953
69,0.569149,0.745964,17253.181641
70,0.561959,0.746142,17502.744141
71,0.561463,0.748565,17752.318359
72,0.561900,0.753044,18001.859375
73,0.560838,0.753070,18251.437500
74,0.560422,0.750276,18500.990234
75,0.560170,0.746582,18750.595703
76,0.557434,0.749252,19000.119141
77,0.558506,0.743068,19266.326172
78,0.587850,0.693107,19515.892578
79,0.618484,0.626607,19765.458984
80,0.612943,0.562168,20015.007812
81,0.562531,0.511900,20264.574219
82,0.576526,0.483874,20514.142578
83,0.619912,0.467993,20763.714844
84,0.664126,0.469486,21013.277344
85,0.714778,0.467983,21262.833984
86,0.768253,0.464398,21512.402344
87,0.837862,0.457488,21761.951172
88,0.899262,0.464467,22011.525391
89,0.915181,0.471340,22261.082031
90,0.920008,0.473993,22510.750000
91,0.935949,0.475448,22760.230469
92,0.942836,0.487443,23009.777344
93,0.905263,0.468306,23259.353516
94,0.824329,0.449477,23508.912109
95,0.785730,0.490160,23758.470703
96,0.768275,0.513410,24008.035156
97,0.767207,0.507716,24257.615234
98,0.767295,0.497591,24507.156250
99,0.771775,0.469576,24756.716797
0,0.751174,0.609660,0.012722
1,0.751242,0.596372,266.211090
2,0.753562,0.532940,515.822327
3,0.777615,0.489194,765.364319
4,0.808119,0.439464,1015.019226
5,0.816322,0.423001,1264.497925
6,0.865390,0.434344,1514.128174
7,0.910765,0.462426,1763.594849
8,0.938617,0.464842,2013.166138
9,0.963993,0.459227,2262.782959
10,0.979082,0.454319,2512.356934
11,0.000945,0.454212,2761.920410
12,0.030649,0.458404,3011.481934
13,0.056688,0.468229,3260.996582
14,0.095577,0.484228,3510.595947
15,0.141971,0.502312,3760.190674
16,0.182353,0.528588,4009.718994
17,0.194035,0.580326,4259.259766
18,0.158510,0.676226,4508.833008
19,0.082331,0.780311,4758.404785
20,0.034353,0.847010,5007.961914
21,0.997531,0.880856,5257.479980
22,0.959901,0.888011,5507.079102
23,0.892951,0.885696,5756.632324
24,0.829343,0.892263,6006.201172
25,0.792119,0.897144,6255.781250
26,0.749923,0.885284,6505.322754
27,0.708288,0.856520,6754.882324
28,0.668642,0.835885,7004.432617
29,0.644124,0.852599,7254.019043
30,0.632349,0.878196,7503.576172
31,0.612325,0.889902,7753.154297
32,0.588461,0.881270,8002.690918
33,0.580507,0.847199,8252.257812
34,0.574992,0.807631,8501.813477
35,0.561477,0.784136,8751.381836
36,0.543388,0.781069,9000.964844
37,0.536399,0.782998,9250.527344
38,0.533797,0.789138,9500.087891
39,0.520549,0.786810,9766.315430
40,0.519407,0.790813,10015.836914
41,0.504023,0.823232,10265.406250
42,0.495731,0.830281,10514.968750
43,0.488062,0.812825,10764.542969
44,0.481419,0.793052,11014.117188
45,0.472298,0.691081,11263.665039
46,0.452219,0.584521,11513.232422
47,0.413360,0.545395,11762.784180
48,0.363972,0.526634,12012.350586
49,0.362620,0.531605,12261.921875
50,0.359863,0.527502,12511.505859
51,0.334956,0.514653,12761.041992
52,0.322291,0.518735,13010.622070
53,0.289382,0.521721,13260.192383
54,0.283726,0.532390,13509.733398
55,0.289197,0.534694,13759.303711
56,0.306221,0.516316,14008.868164
57,0.376333,0.470911,14258.419922
58,0.444467,0.410610,14507.998047
59,0.466628,0.395891,14757.560547
60,0.485229,0.404640,15007.137695
61,0.529984,0.442317,15256.695312
62,0.575320,0.492149,15506.247070
63,0.579375,0.523077,15755.813477
64,0.571761,0.534469,16005.383789
65,0.576848,0.527875,16254.940430
66,0.585293,0.511965,16504.513672
67,0.586048,0.498510,16754.064453
68,0.577721,0.494991,17003.642578
69,0.555599,0.506194,17253.199219
70,0.518240,0.526744,17502.761719
71,0.463239,0.543932,17752.353516
72,0.415080,0.546783,18001.884766
73,0.395090,0.537796,18251.453125
74,0.382344,0.546141,18501.017578
75,0.361893,0.553363,18750.585938
76,0.336674,0.554971,19000.130859
77,0.297865,0.549632,19266.388672
78,0.243327,0.495217,19515.914062
79,0.232473,0.486492,19765.468750
80,0.251031,0.456891,20015.023438
81,0.280221,0.388465,20264.601562
82,0.336041,0.331966,20514.201172
83,0.407664,0.308378,20763.742188
84,0.497770,0.342957,21013.291016
85,0.631362,0.436368,21262.876953
86,0.691970,0.480107,21512.451172
87,0.737503,0.487111,21762.025391
88,0.774162,0.480854,22011.570312
89,0.804228,0.476045,22261.109375
90,0.834972,0.481907,22510.701172
91,0.864483,0.491365,22760.248047
92,0.888613,0.494367,23009.804688
93,0.906077,0.496420,23259.382812
94,0.870461,0.497332,23508.917969
95,0.762525,0.505752,23758.494141
96,0.728945,0.539996,24008.085938
97,0.711148,0.596110,24257.650391
98,0.693729,0.617076,24507.177734
99,0.674682,0.627262,24756.785156
0,0.750042,0.473561,-0.003755
1,0.750816,0.498981,266.167633
2,0.768585,0.577394,515.737488
3,0.774676,0.638676,765.339050
4,0.725381,0.706344,1014.864319
5,0.680331,0.733609,1264.413330
6,0.638493,0.741489,1514.010864
7,0.606415,0.744279,1763.563721
8,0.583201,0.743324,2013.137085
9,0.561805,0.740673,2262.672607
10,0.538652,0.738075,2512.272949
11,0.515953,0.728920,2761.863770
12,0.483514,0.705961,3011.422363
13,0.456645,0.669893,3260.962646
14,0.443755,0.633842,3510.532227
15,0.431848,0.610016,3760.087402
16,0.424417,0.600121,4009.606445
17,0.420759,0.589400,4259.227051
18,0.419889,0.578429,4508.786133
19,0.421113,0.575732,4758.402832
20,0.423261,0.576620,5007.905762
21,0.425300,0.578161,5257.481445
22,0.430046,0.574310,5507.041992
23,0.468185,0.517917,5756.561035
24,0.484042,0.432776,6006.228027
25,0.469525,0.385772,6255.759277
26,0.434142,0.382776,6505.310059
27,0.403744,0.399025,6754.861328
28,0.381875,0.418266,7004.435059
29,0.374091,0.430397,7253.982910
30,0.382727,0.441405,7503.510254
31,0.470587,0.431897,7753.129883
32,0.564677,0.421993,8002.691406
33,0.617635,0.422541,8252.310547
34,0.647246,0.423549,8501.757812
35,0.666878,0.424548,8751.391602
36,0.689695,0.429115,9000.931641
37,0.723374,0.431534,9250.477539
38,0.761422,0.433640,9500.035156
39,0.796506,0.435801,9766.265625
40,0.822314,0.433344,10015.777344
41,0.844716,0.423320,10265.364258
42,0.875593,0.422937,10514.907227
43,0.905684,0.430687,10764.535156
44,0.940099,0.433264,11014.062500
45,0.970817,0.433884,11263.608398
46,0.999100,0.434039,11513.175781
47,0.017403,0.433165,11762.743164
48,0.028442,0.430574,12028.944336
49,0.038442,0.444614,12261.907227
50,0.073159,0.512375,12511.430664
51,0.127646,0.541294,12761.004883
52,0.141159,0.565797,13010.561523
53,0.121482,0.647394,13260.131836
54,0.094426,0.708448,13509.682617
55,0.079012,0.734429,13759.267578
56,0.106888,0.698192,14008.821289
57,0.168025,0.580801,14258.381836
58,0.212096,0.509510,14507.926758
59,0.233406,0.452018,14757.503906
60,0.236490,0.405196,15007.071289
61,0.229859,0.429775,15256.648438
62,0.230402,0.502232,15506.208008
63,0.269297,0.546675,15755.757812
64,0.294399,0.563620,16005.326172
65,0.295386,0.568288,16254.897461
66,0.290653,0.566655,16521.091797
67,0.273751,0.552968,16754.031250
68,0.237787,0.549849,17003.621094
69,0.198884,0.553416,17253.146484
70,0.173462,0.554314,17502.712891
71,0.149689,0.553912,17752.267578
72,0.123919,0.552651,18001.873047
73,0.098857,0.552147,18251.410156
74,0.071144,0.546063,18500.960938
75,0.043391,0.540157,18750.544922
76,0.011933,0.533814,19000.119141
77,0.979733,0.526804,19266.285156
78,0.947164,0.517659,19515.863281
79,0.917093,0.512563,19765.455078
80,0.903458,0.504132,20015.019531
81,0.920730,0.488097,20264.539062
82,0.927902,0.462642,20514.111328
83,0.929698,0.468593,20763.677734
84,0.925105,0.487523,21013.248047
85,0.885075,0.492160,21262.800781
86,0.840325,0.486600,21512.376953
87,0.813943,0.479825,21761.939453
88,0.794661,0.480414,22011.500000
89,0.779711,0.487675,22261.091797
90,0.763137,0.488995,22510.671875
91,0.746800,0.489827,22760.214844
92,0.729704,0.484623,23009.748047
93,0.708555,0.477663,23259.312500
94,0.692631,0.465916,23508.908203
95,0.676694,0.461900,23758.439453
96,0.662528,0.464191,24008.000000
97,0.650048,0.468707,24257.599609
98,0.641958,0.476180,24507.175781
99,0.649018,0.475274,24756.712891
0,0.751369,0.633664,-0.020553
1,0.754399,0.589615,266.223846
2,0.745706,0.510196,515.760864
3,0.688586,0.467112,765.382080
4,0.684904,0.451189,1014.850769
5,0.794648,0.438631,1264.476074
6,0.842444,0.415975,1514.067017
7,0.889388,0.414393,1763.552734
8,0.935468,0.420419,2013.176270
9,0.951827,0.429675,2262.711426
10,0.961549,0.432172,2512.301270
11,0.957662,0.431754,2761.860107
12,0.945424,0.429382,3011.379883
13,0.923486,0.431117,3260.971436
14,0.873878,0.436075,3510.529541
15,0.812931,0.428795,3760.118652
16,0.775575,0.422417,4009.674805
17,0.720273,0.411958,4259.283203
18,0.661303,0.399176,4508.813965
19,0.613712,0.398775,4758.354980
20,0.564175,0.400485,5007.950195
21,0.499346,0.386762,5257.452148
22,0.452135,0.378527,5507.044922
23,0.412065,0.396645,5756.619141
24,0.372326,0.439660,6006.244141
25,0.347198,0.461101,6255.742676
26,0.316510,0.478517,6505.309082
27,0.281915,0.477120,6754.854004
28,0.252127,0.461810,7004.390625
29,0.236553,0.448177,7253.946289
30,0.247526,0.404307,7503.520508
31,0.266999,0.370703,7753.131348
32,0.279902,0.359691,8002.631836
33,0.292628,0.344573,8252.281250
34,0.304117,0.325791,8501.817383
35,0.322812,0.309949,8751.383789
36,0.339895,0.302440,9000.952148
37,0.360656,0.302309,9250.559570
38,0.389004,0.303925,9500.040039
39,0.418566,0.309198,9766.221680
40,0.444003,0.371017,10015.824219
41,0.447461,0.456181,10265.422852
42,0.422223,0.513046,10514.955078
43,0.426614,0.531675,10764.532227
44,0.439314,0.596681,11014.109375
45,0.476740,0.669463,11263.656250
46,0.524253,0.692145,11513.246094
47,0.565571,0.686054,11762.783203
48,0.586277,0.676510,12012.360352
49,0.589956,0.668036,12261.906250
50,0.590681,0.663180,12511.454102
51,0.622142,0.597087,12761.026367
52,0.653079,0.523796,13010.631836
53,0.651110,0.510750,13260.173828
54,0.652117,0.509416,13509.697266
55,0.651462,0.502635,13759.245117
56,0.652385,0.462780,14008.848633
57,0.657768,0.419352,14258.388672
58,0.692607,0.419185,14508.022461
59,0.736083,0.447663,14757.590820
60,0.763902,0.466654,15007.112305
61,0.796997,0.491531,15256.631836
62,0.838876,0.499144,15506.282227
63,0.851164,0.474795,15755.839844
64,0.848187,0.441316,16005.333008
65,0.865165,0.433576,16254.921875
66,0.887552,0.435807,16504.488281
67,0.907080,0.433395,16754.058594
68,0.918311,0.440929,17003.576172
69,0.919928,0.439960,17253.164062
70,0.919441,0.440480,17502.734375
71,0.920846,0.447573,17752.306641
72,0.917744,0.451948,18001.857422
73,0.916526,0.452937,18251.406250
74,0.916476,0.454203,18500.998047
75,0.909899,0.449840,18750.527344
76,0.874112,0.433992,19000.164062
77,0.852115,0.426429,19266.304688
78,0.835127,0.420162,19515.898438
79,0.802940,0.412086,19765.498047
80,0.759661,0.411712,20015.029297
81,0.730061,0.425272,20264.548828
82,0.735358,0.439254,20514.162109
83,0.698310,0.436930,20763.667969
84,0.658294,0.435580,21013.281250
85,0.631641,0.438707,21262.802734
86,0.618008,0.440811,21512.443359
87,0.567579,0.455088,21761.972656
88,0.539054,0.470958,22011.599609
89,0.533805,0.492138,22261.070312
90,0.541291,0.583605,22510.621094
91,0.562357,0.655410,22760.220703
92,0.549360,0.703743,23009.746094
93,0.542029,0.712935,23259.333984
94,0.517353,0.697638,23508.880859
95,0.471026,0.636668,23758.537109
96,0.438328,0.589693,24008.048828
97,0.414647,0.542779,24257.585938
98,0.397749,0.494613,24507.218750
99,0.389080,0.435087,24756.759766
0,0.750402,0.457792,-0.051570
1,0.754020,0.466517,266.138580
2,0.755550,0.473935,515.663879
3,0.769606,0.473792,765.334351
4,0.796471,0.464126,1014.803345
5,0.851864,0.457519,1264.430054
6,0.888595,0.453630,1514.003418
7,0.907977,0.440986,1763.530273
8,0.910671,0.437728,2013.134155
9,0.885660,0.457481,2262.687500
10,0.789659,0.549393,2512.211670
11,0.713757,0.624008,2761.758301
12,0.657523,0.669576,3011.410156
13,0.630875,0.679124,3260.878418
14,0.600333,0.686575,3510.472900
15,0.598463,0.689197,3760.000244
16,0.599649,0.674440,4009.563721
17,0.598873,0.649606,4259.160156
18,0.594653,0.639254,4508.724609
19,0.593493,0.597070,4758.268066
20,0.602704,0.551710,5007.901367
21,0.585226,0.506765,5257.425781
22,0.516827,0.482106,5506.933105
23,0.471417,0.424224,5756.541992
24,0.429657,0.366241,6006.104492
25,0.381543,0.410200,6255.715820
26,0.362595,0.434237,6505.250000
27,0.346895,0.465089,6754.793457
28,0.331457,0.437357,7004.328613
29,0.318731,0.416248,7253.922852
30,0.299694,0.419304,7503.514160
31,0.277915,0.444081,7753.040039
32,0.280563,0.461292,8002.608887
33,0.309011,0.490756,8252.148438
34,0.359504,0.520100,8501.742188
35,0.401067,0.540004,8751.327148
36,0.431431,0.535800,9000.958008
37,0.443864,0.544140,9250.417969
38,0.459944,0.545825,9500.071289
39,0.576841,0.512828,9766.181641
40,0.672400,0.484388,10015.767578
41,0.715898,0.485963,10265.361328
42,0.760485,0.478831,10514.916016
43,0.802443,0.464152,10764.454102
44,0.829878,0.450811,11014.108398
45,0.874332,0.445879,11263.647461
46,0.905273,0.444908,11513.193359
47,0.929023,0.443624,11762.678711
48,0.952793,0.444448,12012.239258
49,0.971148,0.440795,12261.845703
50,0.979777,0.439103,12511.413086
51,0.985119,0.435906,12760.976562
52,0.988958,0.429954,13010.545898
53,0.988268,0.427572,13260.120117
54,0.987414,0.428205,13509.635742
55,0.985261,0.429787,13759.210938
56,0.998875,0.434609,14008.784180
57,0.028720,0.455924,14258.331055
58,0.016590,0.469060,14507.979492
59,0.000848,0.465517,14757.465820
60,0.993523,0.454372,15007.124023
61,0.986627,0.446440,15256.590820
62,0.982566,0.444539,15506.207031
63,0.957581,0.454006,15755.734375
64,0.916010,0.472125,16005.304688
65,0.884604,0.466322,16254.854492
66,0.860741,0.417435,16504.429688
67,0.832695,0.369423,16753.994141
68,0.813200,0.327777,17003.525391
69,0.777595,0.331202,17253.109375
70,0.732473,0.375441,17502.650391
71,0.715541,0.424003,17752.238281
72,0.691700,0.462808,18001.775391
73,0.665900,0.479135,18251.408203
74,0.648981,0.488369,18501.003906
75,0.644099,0.510298,18750.484375
76,0.649671,0.533103,19000.080078
77,0.665941,0.562084,19266.320312
78,0.701708,0.586788,19515.820312
79,0.736224,0.588882,19765.376953
80,0.747456,0.561117,20014.982422
81,0.755751,0.532634,20264.511719
82,0.763839,0.500268,20514.175781
83,0.770270,0.466447,20763.667969
84,0.758236,0.447316,21013.242188
85,0.714468,0.459244,21262.746094
86,0.678381,0.512805,21512.339844
87,0.645626,0.579686,21761.875000
88,0.616564,0.623887,22011.439453
89,0.594880,0.634434,22277.689453
90,0.569895,0.656904,22510.583984
91,0.551155,0.675944,22760.146484
92,0.534751,0.688723,23009.697266
93,0.520499,0.687702,23259.328125
94,0.507772,0.689344,23508.824219
95,0.500038,0.703110,23758.386719
96,0.500017,0.722470,24007.964844
97,0.506966,0.733241,24257.527344
98,0.511700,0.740854,24507.156250
99,0.517558,0.743639,24756.693359
