Idx, longitude, latitude, start timestamp
0,0.740728,0.396540,-0.001246
1,0.742281,0.396177,266.268768
2,0.779581,0.480500,515.721802
3,0.710459,0.506225,765.392090
4,0.683653,0.519933,1014.846924
5,0.660412,0.608167,1264.519043
6,0.651372,0.658058,1513.956421
7,0.607809,0.602795,1763.581665
8,0.578208,0.576825,2013.134644
9,0.553180,0.548314,2262.727783
10,0.541237,0.494009,2512.214355
11,0.525709,0.468872,2761.880127
12,0.516498,0.500235,3011.460693
13,0.483145,0.569329,3277.612549
14,0.455345,0.573431,3510.603760
15,0.433859,0.506243,3760.032227
16,0.445007,0.380449,4009.731934
17,0.431427,0.372306,4275.772949
18,0.413037,0.372854,4508.772461
19,0.407550,0.355313,4758.286133
20,0.397078,0.417516,5007.892090
21,0.388171,0.449641,5274.014648
22,0.389482,0.424333,5507.002441
23,0.414097,0.407757,5756.549805
24,0.558532,0.431255,6006.178711
25,0.680555,0.497212,6272.402344
26,0.736353,0.518053,6521.886230
27,0.854809,0.500584,6754.861328
28,0.933034,0.494208,7004.388672
29,0.012796,0.520705,7270.619141
30,0.059818,0.520292,7503.512207
31,0.093757,0.514099,7753.089355
32,0.128984,0.529568,8002.632812
33,0.152541,0.516142,8268.936523
34,0.162407,0.450799,8518.361328
35,0.154972,0.454866,8767.949219
36,0.131772,0.488905,9017.606445
37,0.091331,0.578740,9283.729492
38,0.073757,0.626992,9533.303711
39,0.079081,0.616879,9766.172852
40,0.080881,0.543509,10032.470703
41,0.059669,0.510094,10281.963867
42,0.984645,0.505192,10514.976562
43,0.942366,0.518899,10781.036133
44,0.880735,0.508691,11030.719727
45,0.770309,0.470563,11280.357422
46,0.664659,0.458974,11513.142578
47,0.585609,0.467470,11779.431641
48,0.530387,0.449260,12012.290039
49,0.480123,0.442327,12261.930664
50,0.449531,0.430115,12511.389648
51,0.412531,0.394466,12761.055664
52,0.392414,0.333364,13010.551758
53,0.386475,0.321797,13276.780273
54,0.388620,0.322909,13509.659180
55,0.388198,0.346307,13759.231445
56,0.386816,0.390152,14008.768555
57,0.396038,0.427553,14258.359375
58,0.474313,0.539557,14524.612305
59,0.560569,0.594573,14757.499023
60,0.636611,0.594894,15007.084961
61,0.698930,0.561281,15256.602539
62,0.730428,0.517206,15506.197266
63,0.808196,0.559611,15755.770508
64,0.861489,0.683569,16005.317383
65,0.883611,0.709992,16254.849609
66,0.897123,0.705040,16504.427734
67,0.921908,0.691413,16753.974609
68,0.928352,0.669998,17003.570312
69,0.918369,0.615556,17253.041016
70,0.910697,0.567928,17502.742188
71,0.870748,0.512006,17752.203125
72,0.847452,0.424006,18001.781250
73,0.840171,0.334070,18251.404297
74,0.835706,0.295955,18517.533203
75,0.832265,0.291865,18750.542969
76,0.831516,0.297317,19000.042969
77,0.846786,0.324939,19266.259766
78,0.917972,0.422836,19515.789062
79,0.949653,0.509004,19782.017578
80,0.949081,0.542738,20014.886719
81,0.949121,0.548285,20264.486328
82,0.947741,0.549986,20514.119141
83,0.941579,0.549418,20763.623047
84,0.930812,0.547229,21013.226562
85,0.926334,0.544738,21262.755859
86,0.922975,0.543439,21512.394531
87,0.922395,0.543468,21761.871094
88,0.922622,0.545733,22011.460938
89,0.922868,0.547913,22260.945312
90,0.925252,0.573544,22527.220703
91,0.930096,0.649254,22760.080078
92,0.923900,0.686451,23009.691406
93,0.920308,0.692603,23275.964844
94,0.918655,0.690078,23508.818359
95,0.918051,0.689009,23758.478516
96,0.917390,0.689338,24024.560547
97,0.916692,0.688375,24274.199219
98,0.912830,0.685846,24523.656250
99,0.873947,0.672277,24773.298828
0,0.749587,0.499390,-0.008695
1,0.748386,0.500739,266.237061
2,0.748533,0.505423,515.908508
3,0.745449,0.507281,765.361267
4,0.741320,0.504386,1014.843994
5,0.738985,0.501912,1264.566772
6,0.738610,0.502563,1514.108276
7,0.738666,0.503643,1763.594116
8,0.738392,0.504188,2013.171387
9,0.738139,0.504814,2262.678223
10,0.737409,0.502789,2512.333984
11,0.733442,0.488849,2761.792236
12,0.724180,0.451683,3011.454590
13,0.714841,0.407412,3260.897705
14,0.699371,0.354063,3527.155762
15,0.689852,0.320732,3776.798828
16,0.687211,0.298316,4026.300049
17,0.684778,0.289305,4275.788086
18,0.683532,0.291605,4525.437988
19,0.675588,0.315613,4775.056641
20,0.654140,0.372232,5024.548340
21,0.635092,0.424749,5257.528809
22,0.612773,0.460592,5506.982910
23,0.585367,0.477684,5756.648926
24,0.558862,0.482109,6022.765625
25,0.540355,0.477066,6272.395508
26,0.528011,0.469487,6505.399902
27,0.512527,0.456755,6754.860352
28,0.497264,0.440115,7004.490723
29,0.482880,0.421339,7253.976074
30,0.470300,0.409287,7520.279297
31,0.453548,0.400708,7753.072754
32,0.440112,0.385156,8002.735840
33,0.424518,0.369260,8252.264648
34,0.404221,0.357081,8501.854492
35,0.380633,0.350041,8751.350586
36,0.355641,0.364384,9000.974609
37,0.341513,0.385522,9267.232422
38,0.331255,0.402678,9500.056641
39,0.315820,0.417351,9766.363281
40,0.297814,0.422310,10015.857422
41,0.282415,0.430684,10265.480469
42,0.267093,0.454583,10514.953125
43,0.256562,0.475619,10764.629883
44,0.252942,0.487587,11014.041016
45,0.253726,0.486604,11263.721680
46,0.257053,0.478580,11513.147461
47,0.262593,0.476149,11762.813477
48,0.277456,0.478019,12012.434570
49,0.289405,0.481962,12261.928711
50,0.303565,0.482947,12511.536133
51,0.320711,0.485991,12761.021484
52,0.336282,0.488566,13010.690430
53,0.349409,0.489625,13260.141602
54,0.355732,0.490133,13509.699219
55,0.354685,0.490773,13759.286133
56,0.353283,0.492077,14008.893555
57,0.351978,0.493044,14258.365234
58,0.351803,0.493447,14508.042969
59,0.353217,0.492158,14757.579102
60,0.353734,0.488548,15007.159180
61,0.354042,0.486431,15256.718750
62,0.353897,0.486968,15506.234375
63,0.353595,0.488417,15755.903320
64,0.352283,0.477967,16005.354492
65,0.349226,0.439133,16255.005859
66,0.347494,0.398359,16504.484375
67,0.347235,0.357630,16754.144531
68,0.348155,0.318193,17003.654297
69,0.351026,0.287815,17253.248047
70,0.354307,0.262247,17502.699219
71,0.353508,0.246032,17752.324219
72,0.351738,0.242544,18001.853516
73,0.349152,0.242755,18251.482422
74,0.351851,0.244375,18517.718750
75,0.357616,0.244225,18767.232422
76,0.370124,0.244366,19016.818359
77,0.409228,0.249035,19266.347656
78,0.456374,0.267149,19515.953125
79,0.489207,0.290145,19765.414062
80,0.506816,0.310858,20015.091797
81,0.496735,0.317909,20281.361328
82,0.468810,0.313377,20514.158203
83,0.400347,0.302310,20763.802734
84,0.347418,0.314639,21013.335938
85,0.311217,0.343713,21262.894531
86,0.291822,0.382045,21512.394531
87,0.283656,0.419316,21762.070312
88,0.275277,0.453658,22011.515625
89,0.263346,0.481515,22261.193359
90,0.260891,0.492150,22510.644531
91,0.285208,0.500242,22760.277344
92,0.371408,0.538317,23009.750000
93,0.510624,0.566197,23259.375000
94,0.643966,0.550607,23508.929688
95,0.731351,0.561668,23758.523438
96,0.787754,0.582796,24008.128906
97,0.819328,0.593409,24340.884766
98,0.849467,0.587516,24590.421875
99,0.868938,0.576443,24756.740234
0,0.749901,0.551765,0.045366
1,0.749931,0.553730,266.226135
2,0.749344,0.556194,515.852295
3,0.701078,0.544775,765.257568
4,0.646747,0.516294,1014.927856
5,0.654963,0.520770,1264.383179
6,0.741497,0.549150,1514.024902
7,0.861342,0.569313,1763.617188
8,0.931408,0.594472,2013.164795
9,0.969887,0.628811,2262.782959
10,0.008520,0.636151,2512.256348
11,0.032621,0.621162,2761.914307
12,0.040750,0.588295,3011.370850
13,0.030413,0.567163,3260.998291
14,0.012623,0.565849,3510.456299
15,0.970965,0.559521,3760.172607
16,0.925888,0.536171,4009.640625
17,0.880325,0.519068,4259.241211
18,0.830913,0.510675,4508.729492
19,0.774100,0.550648,4758.357910
20,0.728164,0.637330,5007.978027
21,0.696601,0.704335,5257.426758
22,0.703838,0.724601,5507.157227
23,0.708102,0.732306,5756.531738
24,0.652983,0.759868,6006.183105
25,0.605357,0.787150,6255.650391
26,0.564178,0.811046,6505.317871
27,0.523446,0.786448,6754.822266
28,0.484360,0.697732,7004.392090
29,0.473653,0.599023,7253.939453
30,0.466859,0.484233,7503.534668
31,0.457183,0.399075,7753.225098
32,0.415523,0.342497,8002.617676
33,0.378967,0.313236,8252.287109
34,0.370459,0.294998,8501.751953
35,0.376926,0.301195,8751.350586
36,0.452294,0.344524,9000.861328
37,0.540558,0.430136,9250.564453
38,0.561573,0.475340,9516.666992
39,0.545976,0.481972,9766.231445
40,0.489861,0.478058,10015.741211
41,0.413088,0.491725,10265.437500
42,0.384890,0.504069,10515.003906
43,0.372000,0.492114,10764.446289
44,0.352859,0.442872,11014.175781
45,0.335826,0.387771,11263.587891
46,0.314945,0.376721,11513.216797
47,0.278285,0.422230,11762.744141
48,0.236108,0.481912,12012.362305
49,0.205877,0.513144,12261.855469
50,0.193378,0.523280,12511.500977
51,0.194072,0.518109,12760.964844
52,0.241132,0.515890,13010.572266
53,0.335355,0.525124,13260.144531
54,0.357033,0.523746,13509.772461
55,0.342882,0.548315,13759.341797
56,0.306691,0.581710,14008.758789
57,0.235993,0.625602,14258.437500
58,0.166284,0.674815,14507.887695
59,0.140441,0.706482,14757.551758
60,0.147637,0.734727,15006.988281
61,0.177666,0.777636,15256.674805
62,0.204933,0.818504,15506.154297
63,0.222425,0.844312,15755.765625
64,0.223280,0.847630,16005.285156
65,0.222685,0.848344,16254.873047
66,0.223309,0.847878,16504.521484
67,0.229781,0.794166,16753.957031
68,0.229892,0.680849,17003.650391
69,0.221593,0.601540,17253.117188
70,0.157790,0.566063,17502.675781
71,0.091652,0.547235,17752.236328
72,0.072140,0.557062,18001.875000
73,0.050010,0.568379,18251.341797
74,0.022466,0.582804,18500.974609
75,0.993758,0.594920,18767.175781
76,0.971795,0.612127,19000.082031
77,0.960145,0.589246,19266.324219
78,0.962940,0.556628,19515.853516
79,0.986953,0.511918,19765.443359
80,0.992993,0.468417,20014.939453
81,0.999349,0.428288,20264.566406
82,0.009376,0.356488,20514.085938
83,0.015323,0.270807,20763.693359
84,0.015120,0.236677,21013.236328
85,0.023879,0.234311,21262.792969
86,0.047075,0.229849,21512.248047
87,0.060467,0.181426,21761.919922
88,0.066137,0.151696,22011.539062
89,0.081068,0.171680,22261.039062
90,0.094987,0.229375,22510.564453
91,0.112363,0.288861,22760.171875
92,0.112962,0.381250,23009.736328
93,0.098751,0.462422,23259.216797
94,0.095153,0.499529,23508.921875
95,0.106222,0.516048,23758.335938
96,0.110785,0.518732,24007.992188
97,0.107263,0.506184,24257.466797
98,0.103594,0.495980,24507.113281
99,0.106198,0.507380,24756.607422
0,0.749941,0.547041,0.001803
1,0.749917,0.547975,266.246826
2,0.740348,0.537608,515.691772
3,0.703037,0.512919,765.308594
4,0.683582,0.510125,1014.820496
5,0.672696,0.510179,1264.546631
6,0.669885,0.520958,1513.992065
7,0.673895,0.533073,1763.539185
8,0.680157,0.555752,2029.795776
9,0.686366,0.590745,2262.658447
10,0.690419,0.600244,2512.203369
11,0.678448,0.582240,2761.785400
12,0.605417,0.532307,3011.456299
13,0.550889,0.486880,3260.906006
14,0.520021,0.429574,3510.566650
15,0.500552,0.386414,3760.059814
16,0.477818,0.423381,4009.628418
17,0.444279,0.500184,4259.175781
18,0.417621,0.545816,4508.753906
19,0.418730,0.557274,4758.285156
20,0.451739,0.558915,5007.918457
21,0.514206,0.566917,5257.487793
22,0.557204,0.561505,5506.974121
23,0.587238,0.497372,5756.641602
24,0.615358,0.472660,6006.098633
25,0.645829,0.445292,6255.718750
26,0.680363,0.437184,6505.254395
27,0.725076,0.456471,6754.829102
28,0.767159,0.480343,7004.347656
29,0.827962,0.499569,7254.010254
30,0.870366,0.507195,7503.454590
31,0.899530,0.506832,7753.126953
32,0.936353,0.505450,8002.560059
33,0.979909,0.505116,8252.230469
34,0.002677,0.517246,8501.875000
35,0.004392,0.546301,8751.295898
36,0.009926,0.559690,9000.965820
37,0.011072,0.564405,9250.445312
38,0.003281,0.572884,9500.027344
39,0.990748,0.584188,9766.195312
40,0.003774,0.584505,10015.780273
41,0.045442,0.554238,10265.379883
42,0.077673,0.468911,10514.922852
43,0.099534,0.438355,10764.506836
44,0.125757,0.432163,11014.000977
45,0.134260,0.383553,11263.715820
46,0.138171,0.351343,11513.179688
47,0.175676,0.372905,11762.737305
48,0.204035,0.387323,12012.350586
49,0.211816,0.437645,12261.913086
50,0.204787,0.488030,12511.389648
51,0.186041,0.509857,12761.045898
52,0.186231,0.527484,13010.505859
53,0.205894,0.533348,13260.065430
54,0.245741,0.537030,13509.580078
55,0.285195,0.543526,13759.193359
56,0.323354,0.555412,14008.874023
57,0.342017,0.551702,14258.340820
58,0.350757,0.538264,14507.998047
59,0.351988,0.501592,14757.466797
60,0.335667,0.401389,15007.047852
61,0.321045,0.331700,15256.583008
62,0.317647,0.291199,15506.232422
63,0.314265,0.263338,15755.708984
64,0.317302,0.258169,16005.303711
65,0.326943,0.279737,16271.556641
66,0.333387,0.298517,16504.525391
67,0.333914,0.299806,16753.966797
68,0.353959,0.328118,17003.539062
69,0.394626,0.393440,17253.183594
70,0.409005,0.469462,17502.701172
71,0.406498,0.516464,17752.281250
72,0.382254,0.518517,18001.787109
73,0.349012,0.517670,18251.386719
74,0.309413,0.520486,18500.921875
75,0.256548,0.527730,18750.509766
76,0.195283,0.529402,19000.103516
77,0.138186,0.519406,19266.287109
78,0.096135,0.517771,19515.902344
79,0.062323,0.521630,19765.347656
80,0.028242,0.521322,20014.996094
81,0.005952,0.522912,20264.515625
82,0.999756,0.527930,20514.083984
83,0.979428,0.521640,20763.628906
84,0.941100,0.510955,21013.267578
85,0.903039,0.510956,21262.751953
86,0.864409,0.509951,21512.310547
87,0.834411,0.502871,21761.857422
88,0.805924,0.509524,22011.431641
89,0.774327,0.506413,22260.947266
90,0.741907,0.498652,22510.541016
91,0.710104,0.497824,22760.220703
92,0.669641,0.499211,23009.712891
93,0.650608,0.502991,23259.326172
94,0.651781,0.496210,23508.785156
95,0.666401,0.537591,23758.478516
96,0.680401,0.576053,24007.949219
97,0.694945,0.615286,24257.511719
98,0.702064,0.637983,24507.031250
99,0.709075,0.647311,24756.630859
0,0.749728,0.559458,0.010758
1,0.748349,0.574648,266.278931
2,0.747417,0.582771,515.825012
3,0.746447,0.584078,765.400757
4,0.743366,0.581880,1014.967712
5,0.738294,0.577880,1264.475708
6,0.732630,0.575199,1514.043213
7,0.726192,0.573198,1763.607544
8,0.717926,0.572968,2013.223145
9,0.705109,0.573148,2262.734131
10,0.686351,0.569017,2512.320068
11,0.662471,0.560670,2761.854492
12,0.633805,0.547663,3011.424561
13,0.606339,0.537149,3260.994629
14,0.580902,0.530230,3510.556396
15,0.552810,0.519245,3760.130127
16,0.524035,0.508121,4009.698242
17,0.494912,0.502188,4259.247070
18,0.457257,0.506954,4508.804688
19,0.428855,0.512312,4758.414551
20,0.417428,0.513384,5007.931152
21,0.412534,0.504579,5257.509277
22,0.415918,0.474845,5507.080566
23,0.427356,0.459984,5756.646484
24,0.449343,0.451464,6006.209961
25,0.461401,0.455236,6255.789062
26,0.469224,0.466649,6505.343262
27,0.478287,0.470088,6754.909180
28,0.489750,0.467681,7004.458496
29,0.502518,0.466584,7254.007812
30,0.517109,0.469287,7503.568848
31,0.532819,0.473363,7753.128906
32,0.548162,0.476433,8002.720215
33,0.562291,0.476806,8252.248047
34,0.574432,0.475681,8501.854492
35,0.586572,0.473407,8751.409180
36,0.602903,0.473540,9000.959961
37,0.623040,0.472247,9250.511719
38,0.639413,0.473976,9500.072266
39,0.650849,0.476625,9766.300781
40,0.656410,0.480975,10015.865234
41,0.662577,0.479045,10265.414062
42,0.667080,0.462827,10514.967773
43,0.669520,0.435429,10764.543945
44,0.672203,0.406047,11014.096680
45,0.676598,0.392996,11263.691406
46,0.679051,0.405427,11513.218750
47,0.671187,0.434846,11762.814453
48,0.667820,0.456701,12012.360352
49,0.668705,0.465699,12261.933594
50,0.678109,0.473855,12511.501953
51,0.693952,0.483980,12777.705078
52,0.718831,0.491704,13010.627930
53,0.764444,0.499553,13260.161133
54,0.800731,0.504644,13509.764648
55,0.822217,0.505101,13759.319336
56,0.839010,0.508306,14008.855469
57,0.853376,0.516448,14258.428711
58,0.867179,0.522388,14508.005859
59,0.894700,0.519899,14757.577148
60,0.927523,0.502041,15007.128906
61,0.952319,0.485428,15256.681641
62,0.967120,0.478676,15506.276367
63,0.980009,0.479567,15755.835938
64,0.998575,0.478767,16005.365234
65,0.015683,0.480520,16254.956055
66,0.029187,0.488350,16504.515625
67,0.043528,0.494176,16754.085938
68,0.059830,0.499961,17003.648438
69,0.074488,0.501868,17253.224609
70,0.082937,0.503547,17502.775391
71,0.093043,0.503024,17752.335938
72,0.101613,0.497326,18001.908203
73,0.103862,0.500652,18251.462891
74,0.098003,0.505546,18501.031250
75,0.095621,0.515159,18750.576172
76,0.101540,0.518064,19000.140625
77,0.124797,0.520290,19266.369141
78,0.146466,0.516370,19515.925781
79,0.163353,0.510910,19765.480469
80,0.179934,0.508348,20015.060547
81,0.193775,0.505156,20264.609375
82,0.206695,0.500766,20514.179688
83,0.218860,0.498363,20763.716797
84,0.231045,0.503819,21013.304688
85,0.233688,0.508961,21262.863281
86,0.223913,0.512360,21512.464844
87,0.202995,0.516869,21761.998047
88,0.188076,0.521247,22011.550781
89,0.175495,0.524509,22261.105469
90,0.164720,0.526971,22510.669922
91,0.152431,0.529947,22760.271484
92,0.132825,0.536794,23009.796875
93,0.115020,0.542753,23259.388672
94,0.112144,0.541611,23508.921875
95,0.115129,0.539079,23758.529297
96,0.117802,0.537041,24008.066406
97,0.118462,0.536364,24257.625000
98,0.120287,0.535125,24507.187500
99,0.122785,0.528441,24756.750000
0,0.746322,0.601165,-0.059076
1,0.730824,0.603024,266.110260
2,0.706492,0.604607,515.700073
3,0.681007,0.606421,765.257629
4,0.658187,0.606822,1014.788513
5,0.640900,0.605610,1264.385864
6,0.639364,0.607877,1513.943726
7,0.650053,0.612873,1763.527344
8,0.674661,0.620769,2013.084961
9,0.713217,0.624843,2262.687744
10,0.752046,0.624133,2512.200439
11,0.793116,0.624523,2761.777588
12,0.824659,0.619431,3011.331543
13,0.853298,0.621778,3260.901123
14,0.880578,0.628471,3510.496826
15,0.907163,0.630805,3759.982422
16,0.927799,0.630553,4009.614746
17,0.941087,0.631758,4259.158203
18,0.951773,0.632189,4508.697266
19,0.979530,0.619120,4758.276855
20,0.030349,0.585338,5007.845215
21,0.063946,0.566579,5257.420898
22,0.092406,0.545424,5506.932129
23,0.116993,0.542589,5756.536621
24,0.137897,0.550625,6006.133789
25,0.158398,0.551139,6255.643555
26,0.174848,0.551538,6505.230469
27,0.189129,0.551575,6754.779297
28,0.200950,0.555301,7004.384277
29,0.212987,0.560181,7253.880371
30,0.228825,0.565338,7503.490234
31,0.249343,0.568657,7753.007812
32,0.269515,0.569460,8002.594727
33,0.285912,0.551034,8252.171875
34,0.292181,0.490448,8501.744141
35,0.290226,0.439397,8751.302734
36,0.291420,0.410984,9000.866211
37,0.289678,0.382627,9250.434570
38,0.278060,0.387046,9500.036133
39,0.243982,0.418878,9766.165039
40,0.191099,0.420542,10015.764648
41,0.131570,0.435781,10265.340820
42,0.095919,0.452937,10514.927734
43,0.076677,0.449395,10764.458008
44,0.055362,0.441301,11014.051758
45,0.026005,0.444455,11263.607422
46,0.004615,0.489768,11513.167969
47,0.998095,0.527224,11762.742188
48,0.022223,0.548183,12012.246094
49,0.114534,0.555977,12261.852539
50,0.225870,0.544557,12511.367188
51,0.309041,0.528853,12760.934570
52,0.346716,0.516445,13010.613281
53,0.360557,0.523024,13260.138672
54,0.357195,0.532143,13509.661133
55,0.352355,0.533886,13759.177734
56,0.345356,0.539592,14008.739258
57,0.340030,0.537070,14258.322266
58,0.337308,0.533258,14507.892578
59,0.332413,0.534074,14757.446289
60,0.331208,0.536953,15007.039062
61,0.332865,0.529327,15256.563477
62,0.346752,0.528464,15506.125000
63,0.372890,0.546589,15755.766602
64,0.406294,0.548849,16005.307617
65,0.434572,0.547235,16254.849609
66,0.462708,0.556187,16504.419922
67,0.487975,0.561810,16753.994141
68,0.499798,0.567036,17003.521484
69,0.494740,0.549886,17253.093750
70,0.477706,0.498772,17502.667969
71,0.455435,0.463918,17752.291016
72,0.423432,0.454691,18001.814453
73,0.374809,0.443352,18251.369141
74,0.324666,0.414513,18500.988281
75,0.295682,0.392376,18750.466797
76,0.276934,0.371911,19000.027344
77,0.268690,0.355967,19266.232422
78,0.258980,0.361743,19515.863281
79,0.251208,0.368104,19765.367188
80,0.223564,0.355374,20014.953125
81,0.192651,0.370406,20264.490234
82,0.153935,0.467023,20514.074219
83,0.111218,0.570722,20763.644531
84,0.074524,0.631216,21013.173828
85,0.041195,0.665050,21262.734375
86,0.014190,0.682637,21512.312500
87,0.984730,0.686848,21761.880859
88,0.967056,0.682076,22011.468750
89,0.954375,0.676209,22260.996094
90,0.935679,0.672618,22510.570312
91,0.911896,0.669363,22760.121094
92,0.890375,0.665378,23009.685547
93,0.870162,0.664126,23259.246094
94,0.846107,0.663114,23508.832031
95,0.822985,0.664129,23758.408203
96,0.800243,0.663096,24007.945312
97,0.774947,0.662640,24257.511719
98,0.752402,0.660880,24507.093750
99,0.740586,0.658563,24756.628906
0,0.750105,0.491945,0.025187
1,0.749866,0.491912,266.222961
2,0.749663,0.492654,515.788147
3,0.748941,0.494442,765.380005
4,0.747640,0.495355,1014.912598
5,0.744495,0.491188,1264.457031
6,0.742489,0.481616,1514.031860
7,0.740182,0.489142,1763.582886
8,0.736688,0.522152,2013.139038
9,0.736324,0.570995,2262.700928
10,0.748892,0.611175,2512.271973
11,0.779287,0.643300,2761.838623
12,0.819811,0.650750,3011.426025
13,0.849815,0.647700,3260.979492
14,0.866286,0.642674,3510.531982
15,0.867637,0.615649,3760.108398
16,0.871152,0.560732,4009.653076
17,0.882175,0.514463,4259.227539
18,0.892046,0.483493,4508.800293
19,0.904727,0.479785,4758.400879
20,0.935058,0.489122,5007.925781
21,0.962597,0.496270,5257.488770
22,0.984332,0.497139,5507.062988
23,0.005547,0.499069,5756.636719
24,0.025535,0.494207,6006.194824
25,0.034146,0.479361,6255.722168
26,0.038026,0.457250,6505.309570
27,0.047140,0.439754,6754.853027
28,0.051703,0.441201,7004.458984
29,0.056225,0.442042,7253.992676
30,0.061074,0.453107,7503.562988
31,0.034437,0.460561,7753.125488
32,0.963524,0.463059,8002.693359
33,0.893773,0.457683,8252.258789
34,0.846317,0.439795,8501.800781
35,0.812400,0.390693,8751.373047
36,0.794605,0.345306,9000.942383
37,0.775828,0.291133,9250.486328
38,0.757568,0.247264,9500.061523
39,0.731167,0.217383,9766.287109
40,0.689026,0.203806,10015.849609
41,0.661191,0.207357,10265.429688
42,0.619235,0.246753,10514.963867
43,0.570155,0.314124,10764.524414
44,0.535224,0.352716,11014.089844
45,0.512485,0.365649,11263.640625
46,0.507457,0.350502,11513.201172
47,0.488713,0.326561,11762.791016
48,0.457803,0.315308,12012.361328
49,0.429588,0.315215,12261.915039
50,0.404982,0.328617,12511.472656
51,0.384433,0.330772,12761.028320
52,0.362595,0.330495,13010.601562
53,0.341919,0.334164,13260.149414
54,0.327036,0.376122,13509.750977
55,0.327271,0.425716,13759.288086
56,0.338934,0.459444,14008.841797
57,0.350943,0.472683,14258.411133
58,0.351393,0.470275,14507.968750
59,0.327628,0.468645,14757.556641
60,0.281195,0.472149,15007.117188
61,0.240538,0.483184,15256.666016
62,0.219413,0.495648,15506.232422
63,0.208906,0.502913,15755.790039
64,0.203319,0.504565,16005.375000
65,0.195278,0.503404,16254.959961
66,0.180352,0.506955,16504.531250
67,0.172834,0.507741,16754.068359
68,0.173684,0.483618,17003.615234
69,0.176632,0.469401,17253.201172
70,0.182969,0.465071,17502.751953
71,0.190642,0.466909,17752.302734
72,0.201981,0.461409,18001.886719
73,0.216422,0.448166,18251.429688
74,0.231011,0.434723,18501.011719
75,0.263965,0.382660,18750.566406
76,0.305063,0.315129,19000.132812
77,0.339942,0.279587,19266.328125
78,0.361314,0.295468,19515.912109
79,0.372737,0.331491,19765.445312
80,0.380555,0.353269,20015.050781
81,0.388895,0.361086,20264.609375
82,0.402980,0.368501,20514.152344
83,0.408953,0.372423,20763.746094
84,0.409380,0.371562,21013.292969
85,0.409448,0.367504,21262.857422
86,0.406544,0.375027,21512.388672
87,0.402749,0.408897,21761.988281
88,0.388559,0.440057,22011.539062
89,0.378307,0.460304,22261.115234
90,0.368727,0.477466,22510.669922
91,0.360496,0.495338,22760.248047
92,0.362024,0.507351,23009.806641
93,0.411092,0.517580,23259.343750
94,0.469777,0.530805,23508.923828
95,0.505213,0.539338,23758.486328
96,0.521772,0.539881,24008.046875
97,0.530238,0.543361,24257.621094
98,0.536125,0.551060,24507.171875
99,0.544025,0.551767,24756.738281
0,0.750014,0.676341,-0.031898
1,0.750464,0.678514,266.108398
2,0.748782,0.682724,515.663025
3,0.730108,0.706901,765.238464
4,0.693866,0.775654,1014.778992
5,0.644973,0.845192,1264.414551
6,0.595744,0.891720,1513.951904
7,0.561712,0.901390,1763.601196
8,0.537787,0.896497,2013.099243
9,0.523708,0.894496,2262.675537
10,0.510595,0.891548,2512.207520
11,0.502637,0.885165,2761.792725
12,0.504236,0.873143,3011.362549
13,0.504432,0.857140,3260.862061
14,0.529711,0.822056,3510.513184
15,0.556888,0.767586,3759.980957
16,0.579507,0.697725,4009.597168
17,0.594790,0.616525,4259.156250
18,0.601203,0.543065,4508.722656
19,0.604622,0.484757,4758.310059
20,0.604204,0.439059,5007.821289
21,0.628090,0.412137,5257.461914
22,0.664535,0.411802,5506.934082
23,0.692970,0.424335,5756.522461
24,0.713719,0.440493,6006.082520
25,0.754252,0.459347,6255.653320
26,0.806779,0.467444,6505.264160
27,0.849003,0.473521,6754.787598
28,0.895280,0.478754,7004.368164
29,0.950314,0.490767,7253.921875
30,0.988880,0.501078,7503.480957
31,0.020363,0.507104,7753.009277
32,0.056303,0.511617,8002.592285
33,0.083140,0.511284,8252.166016
34,0.098873,0.506985,8501.715820
35,0.106880,0.500854,8751.379883
36,0.125537,0.492088,9000.910156
37,0.163170,0.495778,9250.468750
38,0.189227,0.498824,9500.042969
39,0.193325,0.502771,9766.184570
40,0.134369,0.551225,10015.818359
41,0.040688,0.598552,10265.325195
42,0.990481,0.622083,10514.855469
43,0.977104,0.623488,10764.480469
44,0.003753,0.587677,11014.070312
45,0.078605,0.522455,11263.540039
46,0.152311,0.452368,11513.145508
47,0.195346,0.419782,11762.747070
48,0.237819,0.420786,12012.241211
49,0.277473,0.438249,12261.822266
50,0.297892,0.464877,12511.429688
51,0.305891,0.488058,12760.969727
52,0.307070,0.502047,13010.569336
53,0.306293,0.507795,13260.112305
54,0.305442,0.511484,13509.655273
55,0.306170,0.514148,13759.219727
56,0.306332,0.514632,14008.764648
57,0.305611,0.515015,14258.341797
58,0.303959,0.513442,14507.917969
59,0.285478,0.490116,14757.492188
60,0.269314,0.443840,15007.048828
61,0.278786,0.401261,15256.625000
62,0.270488,0.379421,15506.170898
63,0.224830,0.387139,15755.698242
64,0.173160,0.410300,16005.359375
65,0.118428,0.442116,16254.861328
66,0.067432,0.471674,16504.427734
67,0.049159,0.493229,16753.966797
68,0.041819,0.507205,17003.550781
69,0.040551,0.516218,17253.119141
70,0.037073,0.527487,17502.652344
71,0.037029,0.531406,17752.228516
72,0.037536,0.539165,18001.890625
73,0.036931,0.541283,18251.453125
74,0.041663,0.529417,18500.902344
75,0.037492,0.512984,18750.503906
76,0.036257,0.495569,19000.082031
77,0.038619,0.499634,19266.265625
78,0.035011,0.518600,19515.835938
79,0.032569,0.541875,19765.417969
80,0.035087,0.542890,20014.984375
81,0.036793,0.541187,20264.531250
82,0.039266,0.536181,20514.048828
83,0.040383,0.537044,20763.601562
84,0.040983,0.541587,21013.216797
85,0.045526,0.541528,21262.751953
86,0.074415,0.515931,21512.382812
87,0.113404,0.483604,21761.931641
88,0.138438,0.432786,22011.509766
89,0.149973,0.372358,22261.007812
90,0.160763,0.311035,22510.638672
91,0.178755,0.285190,22760.148438
92,0.199444,0.288415,23009.685547
93,0.245347,0.331412,23259.318359
94,0.286178,0.370175,23508.800781
95,0.307499,0.389986,23758.431641
96,0.321633,0.437763,24007.957031
97,0.329251,0.465283,24257.572266
98,0.338700,0.479537,24507.099609
99,0.349804,0.485650,24756.673828
0,0.749586,0.545363,-0.021809
1,0.745763,0.546110,266.187408
2,0.721452,0.559768,515.751404
3,0.687875,0.555298,765.346191
4,0.667977,0.560075,1014.873535
5,0.650278,0.582153,1264.442505
6,0.589475,0.586944,1514.106567
7,0.547510,0.580917,1763.606323
8,0.520092,0.568427,2013.127808
9,0.498151,0.550599,2262.674561
10,0.457093,0.546240,2512.243408
11,0.410580,0.555009,2761.805664
12,0.390428,0.559071,3011.376465
13,0.404324,0.532542,3260.948730
14,0.435157,0.446315,3510.495117
15,0.477689,0.408943,3760.076172
16,0.543545,0.449330,4009.647217
17,0.614242,0.582658,4259.235840
18,0.658291,0.622980,4508.767090
19,0.722026,0.609256,4758.313965
20,0.759099,0.590266,5007.906738
21,0.805196,0.565916,5257.454590
22,0.848758,0.549521,5507.013672
23,0.877988,0.557333,5756.576172
24,0.919360,0.572713,6006.145508
25,0.970819,0.582514,6255.704590
26,0.001315,0.596283,6505.280762
27,0.007868,0.605793,6754.826660
28,0.975335,0.604156,7004.397461
29,0.883638,0.601081,7253.950195
30,0.747815,0.577260,7503.511230
31,0.636842,0.571985,7753.087402
32,0.568078,0.582783,8002.639160
33,0.511375,0.592667,8252.270508
34,0.451510,0.590473,8501.794922
35,0.406415,0.580450,8751.360352
36,0.372810,0.565722,9000.905273
37,0.335971,0.552822,9250.462891
38,0.292089,0.541191,9500.010742
39,0.261815,0.524963,9766.226562
40,0.238287,0.519111,10015.814453
41,0.199911,0.519166,10265.396484
42,0.148751,0.527368,10514.912109
43,0.097223,0.533733,10764.506836
44,0.050537,0.539704,11014.051758
45,0.021059,0.550034,11263.622070
46,0.999780,0.579812,11513.170898
47,0.966408,0.599244,11762.766602
48,0.945239,0.590135,12012.347656
49,0.933661,0.569350,12261.867188
50,0.925038,0.555591,12511.452148
51,0.905320,0.585097,12761.052734
52,0.887674,0.627036,13010.554688
53,0.893059,0.612796,13260.126953
54,0.920638,0.552588,13509.712891
55,0.953190,0.464610,13759.271484
56,0.992415,0.431750,14008.816406
57,0.025271,0.460753,14258.388672
58,0.047874,0.504747,14507.947266
59,0.058651,0.536104,14757.521484
60,0.056098,0.550060,15007.084961
61,0.043290,0.539251,15256.695312
62,0.032550,0.539328,15506.211914
63,0.026221,0.534642,15755.784180
64,0.025762,0.545134,16005.368164
65,0.022404,0.552941,16254.916016
66,0.017567,0.560147,16504.453125
67,0.019908,0.560633,16754.058594
68,0.046323,0.553106,17003.587891
69,0.107729,0.529614,17253.150391
70,0.138087,0.534341,17502.732422
71,0.155252,0.541702,17752.294922
72,0.188350,0.531797,18001.869141
73,0.204241,0.506575,18251.404297
74,0.200590,0.492346,18500.974609
75,0.199614,0.499149,18750.527344
76,0.200220,0.504145,19000.095703
77,0.200044,0.503616,19266.304688
78,0.208791,0.471742,19515.886719
79,0.217399,0.439076,19765.447266
80,0.237161,0.432404,20015.001953
81,0.263523,0.426676,20264.539062
82,0.288674,0.417097,20514.136719
83,0.310424,0.409198,20763.675781
84,0.326886,0.424903,21013.296875
85,0.335981,0.441607,21262.814453
86,0.335645,0.448599,21512.375000
87,0.329193,0.445377,21761.958984
88,0.322315,0.438131,22011.521484
89,0.316671,0.430179,22261.091797
90,0.308799,0.421070,22510.625000
91,0.300029,0.413946,22760.205078
92,0.281803,0.409616,23009.775391
93,0.253080,0.402515,23259.330078
94,0.213429,0.411220,23508.906250
95,0.152008,0.440099,23758.457031
96,0.097353,0.453801,24008.025391
97,0.047658,0.462172,24257.591797
98,0.008934,0.455991,24507.132812
99,0.995258,0.449980,24756.691406
0,0.750376,0.492671,-0.002148
1,0.749375,0.501476,266.231995
2,0.738682,0.552215,515.778137
3,0.722886,0.608251,765.345337
4,0.711278,0.618973,1014.891479
5,0.695852,0.588974,1264.451294
6,0.669292,0.572490,1514.004150
7,0.650479,0.559660,1763.581055
8,0.635677,0.550905,2013.125488
9,0.615626,0.546900,2262.770752
10,0.586502,0.546380,2512.302490
11,0.575326,0.545641,2761.831299
12,0.557301,0.539225,3011.437256
13,0.504410,0.520488,3261.076416
14,0.468653,0.495043,3510.570068
15,0.437819,0.489670,3760.088379
16,0.406586,0.504511,4009.755127
17,0.389298,0.505789,4259.232910
18,0.372958,0.493205,4508.809570
19,0.364486,0.474919,4758.369141
20,0.353093,0.459140,5007.985840
21,0.328984,0.453451,5257.504883
22,0.313394,0.412974,5507.022461
23,0.309472,0.362728,5756.695312
24,0.294568,0.334411,6006.182617
25,0.266112,0.323423,6255.802246
26,0.231451,0.331597,6505.337891
27,0.180359,0.389141,6754.935059
28,0.146397,0.471388,7004.443848
29,0.126565,0.486115,7253.978027
30,0.097185,0.532529,7503.639160
31,0.068615,0.559559,7753.100586
32,0.047704,0.579301,8002.687988
33,0.031200,0.578609,8252.222656
34,0.008772,0.567814,8501.931641
35,0.980189,0.559946,8751.413086
36,0.977616,0.553884,9000.914062
37,0.004215,0.551965,9250.517578
38,0.044074,0.571487,9500.045898
39,0.055516,0.589806,9766.284180
40,0.036368,0.591254,10015.909180
41,0.994595,0.588673,10265.397461
42,0.952836,0.584144,10514.954102
43,0.914443,0.583298,10764.543945
44,0.874848,0.580388,11014.072266
45,0.845780,0.575032,11263.725586
46,0.824499,0.574742,11513.205078
47,0.811616,0.578952,11762.802734
48,0.823128,0.549258,12012.340820
49,0.852740,0.503788,12261.950195
50,0.890146,0.460118,12511.503906
51,0.920809,0.425542,12761.036133
52,0.963512,0.402052,13010.659180
53,0.012772,0.381668,13260.230469
54,0.062901,0.330123,13509.766602
55,0.093847,0.318546,13759.278320
56,0.120572,0.328571,14008.878906
57,0.152459,0.347868,14258.403320
58,0.194090,0.375053,14507.975586
59,0.244143,0.404625,14757.533203
60,0.289604,0.430418,15007.165039
61,0.315867,0.429195,15256.755859
62,0.341724,0.449428,15506.242188
63,0.374137,0.500937,15755.817383
64,0.412876,0.516159,16005.368164
65,0.458146,0.521050,16254.916016
66,0.490988,0.524924,16504.474609
67,0.516390,0.520338,16754.082031
68,0.526925,0.509508,17003.662109
69,0.511156,0.504124,17253.166016
70,0.457215,0.522577,17502.783203
71,0.383426,0.538341,17752.296875
72,0.296500,0.537977,18001.884766
73,0.214502,0.541300,18251.451172
74,0.146643,0.538970,18501.097656
75,0.089808,0.534343,18750.572266
76,0.029583,0.532512,19000.128906
77,0.972740,0.610470,19266.339844
78,0.942097,0.730167,19515.919922
79,0.918919,0.810023,19765.474609
80,0.884518,0.814440,20015.037109
81,0.847132,0.791101,20264.619141
82,0.818881,0.778131,20514.226562
83,0.788286,0.773290,20763.732422
84,0.763768,0.768631,21013.257812
85,0.779563,0.759689,21262.875000
86,0.831062,0.754994,21512.437500
87,0.884554,0.737945,21761.994141
88,0.931686,0.722777,22011.613281
89,0.975073,0.712476,22261.164062
90,0.017016,0.702646,22510.662109
91,0.048659,0.696745,22760.226562
92,0.080940,0.692595,23009.796875
93,0.114129,0.703789,23259.345703
94,0.136956,0.724282,23508.916016
95,0.155601,0.702549,23758.480469
96,0.179841,0.673662,24008.068359
97,0.216964,0.659818,24257.650391
98,0.259116,0.631233,24507.191406
99,0.289121,0.599052,24756.750000
0,0.749988,0.517013,0.048827
1,0.749680,0.518529,266.336060
2,0.749515,0.522118,515.784241
3,0.747321,0.524251,765.422424
4,0.746085,0.524397,1014.925110
5,0.746245,0.524387,1264.520264
6,0.745522,0.524830,1514.090698
7,0.738057,0.528516,1763.678101
8,0.712930,0.532454,2013.225952
9,0.693373,0.536591,2262.725098
10,0.679057,0.539337,2512.427979
11,0.662892,0.539335,2761.857666
12,0.647676,0.543106,3011.549072
13,0.630775,0.553754,3261.029541
14,0.614974,0.577717,3510.610840
15,0.603875,0.592540,3760.153809
16,0.594447,0.594292,4009.692627
17,0.586085,0.583267,4259.356934
18,0.577944,0.573972,4508.819824
19,0.563185,0.556261,4758.422852
20,0.547233,0.533250,5007.946289
21,0.543435,0.518066,5257.613281
22,0.542749,0.496209,5507.124512
23,0.552476,0.470167,5756.657715
24,0.561339,0.456230,6006.250977
25,0.570668,0.436898,6255.796875
26,0.579647,0.426297,6505.424805
27,0.589709,0.426629,6754.877930
28,0.606811,0.413006,7004.522461
29,0.632029,0.381102,7254.019043
30,0.662282,0.373518,7503.592773
31,0.695262,0.374661,7753.201660
32,0.722098,0.370000,8002.778320
33,0.745819,0.380230,8252.407227
34,0.764791,0.430687,8501.837891
35,0.780171,0.477216,8751.483398
36,0.791850,0.513443,9000.974609
37,0.806599,0.540972,9250.580078
38,0.820367,0.565650,9500.175781
39,0.833959,0.603088,9766.385742
40,0.848261,0.618956,10015.845703
41,0.855250,0.615279,10265.541016
42,0.867098,0.604341,10515.022461
43,0.878839,0.596674,10764.642578
44,0.893656,0.579955,11014.107422
45,0.904753,0.543148,11263.700195
46,0.912110,0.491096,11513.332031
47,0.930610,0.461988,11762.864258
48,0.960191,0.446703,12012.403320
49,0.973366,0.451295,12261.920898
50,0.987557,0.456831,12511.567383
51,0.997614,0.464404,12761.109375
52,0.999959,0.486429,13010.654297
53,0.008036,0.502222,13260.258789
54,0.020616,0.509907,13509.803711
55,0.037903,0.511253,13759.360352
56,0.063279,0.501793,14008.883789
57,0.088837,0.500494,14258.452148
58,0.116269,0.506343,14508.030273
59,0.152383,0.507621,14757.623047
60,0.192128,0.515676,15007.177734
61,0.211985,0.513102,15256.712891
62,0.228671,0.499132,15506.294922
63,0.270102,0.500975,15755.813477
64,0.318515,0.519480,16005.389648
65,0.345834,0.522427,16255.018555
66,0.355903,0.519182,16504.541016
67,0.368489,0.519938,16754.207031
68,0.380943,0.522613,17003.671875
69,0.388645,0.511014,17253.306641
70,0.398834,0.507752,17502.763672
71,0.412119,0.516984,17752.369141
72,0.416382,0.521249,18001.972656
73,0.415209,0.523140,18251.457031
74,0.410106,0.525161,18501.037109
75,0.400911,0.526734,18750.638672
76,0.385907,0.526404,19000.199219
77,0.370382,0.527895,19266.412109
78,0.354127,0.528255,19515.937500
79,0.333418,0.514996,19765.544922
80,0.321050,0.480420,20015.048828
81,0.315250,0.455681,20264.671875
82,0.313079,0.435044,20514.220703
83,0.316143,0.396636,20763.789062
84,0.317881,0.356599,21013.351562
85,0.310966,0.325191,21262.898438
86,0.307920,0.311840,21512.537109
87,0.299393,0.278807,21762.033203
88,0.286461,0.227205,22011.576172
89,0.279692,0.229331,22261.173828
90,0.267509,0.248742,22510.693359
91,0.264589,0.264296,22760.281250
92,0.230266,0.272596,23009.822266
93,0.199611,0.283893,23259.408203
94,0.173015,0.293955,23509.044922
95,0.139242,0.312179,23758.636719
96,0.109258,0.338549,24008.083984
97,0.081862,0.377505,24257.652344
98,0.075290,0.405472,24507.244141
99,0.083913,0.416980,24756.767578
0,0.774283,0.528993,-0.013128
1,0.816585,0.532099,266.189636
2,0.882542,0.543247,515.731079
3,0.968629,0.559129,765.314697
4,0.049105,0.558166,1014.854370
5,0.112297,0.531729,1264.375854
6,0.124630,0.503848,1513.994995
7,0.111199,0.500996,1763.542847
8,0.098258,0.516526,2013.189209
9,0.076644,0.541096,2262.644531
10,0.036147,0.540089,2512.243408
11,0.994822,0.535150,2761.804443
12,0.959639,0.544899,3011.349609
13,0.914946,0.538416,3261.002441
14,0.859362,0.522182,3510.466553
15,0.803922,0.526482,3760.098145
16,0.747680,0.531507,4009.587646
17,0.698229,0.534634,4259.215820
18,0.648407,0.546987,4508.759277
19,0.597648,0.559429,4758.299316
20,0.540612,0.560255,5007.951172
21,0.484204,0.540927,5257.435547
22,0.424033,0.520333,5507.016602
23,0.373123,0.482291,5756.545898
24,0.372651,0.431198,6006.218750
25,0.391586,0.387805,6255.735840
26,0.431759,0.345002,6505.231445
27,0.511814,0.339169,6754.867188
28,0.567633,0.372963,7004.429199
29,0.611799,0.447419,7253.959473
30,0.662154,0.531636,7503.497070
31,0.715995,0.585161,7753.148438
32,0.764869,0.611798,8002.617188
33,0.800824,0.625312,8252.206055
34,0.831616,0.630095,8501.737305
35,0.859613,0.630752,8751.415039
36,0.887468,0.630138,9000.942383
37,0.916460,0.624166,9250.451172
38,0.955176,0.615863,9500.058594
39,0.992414,0.623100,9766.291016
40,0.021830,0.659896,10015.757812
41,0.050774,0.699626,10265.356445
42,0.077492,0.743164,10514.921875
43,0.097295,0.777655,10764.535156
44,0.120580,0.804835,11014.090820
45,0.144433,0.820528,11263.614258
46,0.158396,0.823269,11513.195312
47,0.166358,0.814702,11762.711914
48,0.178335,0.779295,12012.306641
49,0.181783,0.736030,12261.890625
50,0.179988,0.689045,12511.476562
51,0.177477,0.636809,12760.987305
52,0.169871,0.586228,13010.560547
53,0.154590,0.548437,13260.147461
54,0.134480,0.524570,13509.698242
55,0.106787,0.512058,13759.272461
56,0.081137,0.506746,14008.776367
57,0.055225,0.509521,14258.436523
58,0.032068,0.513499,14507.945312
59,0.011876,0.517317,14757.463867
60,0.995727,0.519231,15007.074219
61,0.986418,0.524540,15256.615234
62,0.966718,0.517176,15506.248047
63,0.934730,0.514904,15755.818359
64,0.883399,0.513649,16005.318359
65,0.836974,0.526814,16254.908203
66,0.797554,0.520216,16504.427734
67,0.757670,0.515225,16754.070312
68,0.715702,0.514922,17003.626953
69,0.671103,0.519474,17253.103516
70,0.623733,0.520145,17502.716797
71,0.576440,0.517174,17752.330078
72,0.531957,0.513293,18001.859375
73,0.483557,0.511080,18251.365234
74,0.427446,0.512259,18500.968750
75,0.368752,0.518862,18750.601562
76,0.314816,0.524067,19000.056641
77,0.270051,0.532803,19266.343750
78,0.233731,0.552661,19515.845703
79,0.207466,0.571358,19765.482422
80,0.202193,0.578226,20015.003906
81,0.212897,0.579206,20264.525391
82,0.241698,0.577784,20514.132812
83,0.283590,0.572405,20763.691406
84,0.327415,0.573795,21013.253906
85,0.366856,0.575731,21262.806641
86,0.420208,0.558103,21512.388672
87,0.504361,0.530781,21761.943359
88,0.597489,0.469505,22011.470703
89,0.727547,0.380000,22261.083984
90,0.798864,0.331440,22510.585938
91,0.827202,0.313112,22760.175781
92,0.855005,0.317771,23009.722656
93,0.879783,0.328488,23259.292969
94,0.903342,0.337327,23508.888672
95,0.924768,0.343113,23758.416016
96,0.945698,0.347678,24007.976562
97,0.965686,0.351567,24257.568359
98,0.984330,0.352867,24507.123047
99,0.998435,0.354963,24756.695312
0,0.749942,0.487578,0.025913
1,0.749838,0.487293,266.205811
2,0.749030,0.487927,515.782104
3,0.741503,0.489270,765.346130
4,0.726639,0.493797,1014.930969
5,0.709816,0.498239,1264.470337
6,0.686392,0.511917,1513.998535
7,0.650026,0.534285,1763.627930
8,0.609901,0.544796,2013.172607
9,0.568299,0.544884,2262.699707
10,0.532592,0.535788,2512.285889
11,0.500005,0.505047,2761.852783
12,0.464939,0.467956,3011.387207
13,0.418988,0.465995,3260.942383
14,0.406081,0.478195,3510.538330
15,0.402664,0.485125,3760.130371
16,0.404504,0.476448,4009.747803
17,0.412027,0.439732,4259.180176
18,0.434488,0.396478,4508.840332
19,0.463266,0.393645,4758.357422
20,0.515795,0.422105,5007.894043
21,0.539615,0.444196,5257.541504
22,0.566884,0.455268,5507.010742
23,0.617287,0.461120,5756.629883
24,0.665468,0.466607,6006.132812
25,0.712673,0.475813,6255.770508
26,0.756870,0.492918,6505.296875
27,0.797018,0.580962,6754.870117
28,0.820539,0.671751,7004.459961
29,0.838761,0.714724,7253.958984
30,0.855737,0.718465,7503.558594
31,0.859867,0.717225,7753.114258
32,0.864381,0.707725,8002.740234
33,0.885019,0.679964,8252.234375
34,0.946028,0.616956,8501.805664
35,0.997707,0.545396,8751.402344
36,0.012987,0.522690,9001.006836
37,0.008899,0.523003,9250.565430
38,0.994368,0.519878,9500.040039
39,0.977150,0.503044,9766.232422
40,0.965413,0.490918,10015.863281
41,0.953446,0.479931,10265.419922
42,0.960246,0.478324,10514.950195
43,0.010670,0.495841,10764.524414
44,0.036558,0.517493,11014.121094
45,0.059814,0.520171,11263.690430
46,0.100555,0.526253,11513.190430
47,0.144608,0.528155,11762.865234
48,0.176120,0.523319,12012.303711
49,0.204410,0.520399,12261.889648
50,0.212155,0.448239,12511.493164
51,0.217376,0.367010,12761.041016
52,0.225131,0.307219,13010.664062
53,0.226652,0.306204,13260.130859
54,0.221849,0.314631,13509.795898
55,0.200283,0.318690,13759.252930
56,0.146660,0.322911,14008.821289
57,0.085584,0.360169,14258.430664
58,0.054706,0.413582,14507.985352
59,0.031280,0.440041,14757.500000
60,0.001478,0.450418,15007.081055
61,0.938537,0.451679,15256.678711
62,0.866425,0.456573,15506.254883
63,0.824928,0.456280,15755.807617
64,0.783035,0.460061,16005.332031
65,0.745339,0.463119,16254.918945
66,0.715684,0.465298,16504.480469
67,0.690622,0.466233,16754.042969
68,0.680763,0.463640,17003.582031
69,0.688648,0.467287,17253.169922
70,0.703158,0.474068,17502.730469
71,0.725085,0.474358,17752.283203
72,0.750342,0.474680,18001.859375
73,0.777634,0.472073,18251.414062
74,0.802840,0.468132,18500.972656
75,0.826552,0.461784,18750.529297
76,0.851426,0.465787,19000.105469
77,0.877742,0.469875,19266.302734
78,0.902055,0.470329,19515.863281
79,0.920869,0.472296,19765.457031
80,0.934651,0.484742,20015.021484
81,0.943898,0.490693,20264.568359
82,0.951883,0.492062,20514.187500
83,0.954397,0.496146,20763.693359
84,0.948742,0.502628,21013.261719
85,0.941220,0.507399,21262.816406
86,0.932195,0.509284,21512.375000
87,0.925752,0.509313,21761.935547
88,0.921782,0.510914,22011.500000
89,0.914115,0.511717,22261.076172
90,0.904850,0.512775,22510.648438
91,0.894471,0.512908,22760.207031
92,0.883713,0.513544,23009.761719
93,0.873470,0.514809,23259.339844
94,0.862513,0.515894,23508.882812
95,0.850539,0.517189,23758.453125
96,0.837415,0.517341,24008.019531
97,0.825737,0.518240,24257.597656
98,0.813840,0.519951,24507.177734
99,0.803623,0.520057,24756.716797
0,0.750604,0.483598,-0.000693
1,0.749763,0.482843,266.098846
2,0.740415,0.487941,515.708496
3,0.709192,0.505084,765.360535
4,0.677741,0.527931,1014.903259
5,0.662459,0.545151,1264.442871
6,0.664000,0.545707,1513.992188
7,0.656616,0.530885,1763.559448
8,0.628669,0.509213,2013.119141
9,0.593883,0.495238,2262.739990
10,0.572262,0.482941,2512.203125
11,0.552970,0.476677,2761.818115
12,0.536270,0.486367,3011.323486
13,0.518771,0.493482,3260.941162
14,0.503995,0.505424,3510.464600
15,0.491067,0.515762,3760.065674
16,0.478693,0.530365,4009.646973
17,0.461254,0.531118,4259.161621
18,0.445732,0.523872,4508.760742
19,0.436803,0.512402,4758.309570
20,0.421962,0.520837,5007.938477
21,0.409627,0.517201,5257.420410
22,0.401867,0.509956,5590.131836
23,0.389911,0.510547,5839.737793
24,0.374403,0.501758,6089.268066
25,0.361159,0.471377,6322.279297
26,0.353023,0.459755,6571.729492
27,0.342003,0.445672,6821.408203
28,0.330244,0.428422,7054.264160
29,0.310710,0.422923,7303.834961
30,0.290883,0.403519,7553.346680
31,0.269542,0.363369,7802.980469
32,0.252083,0.341511,8052.630371
33,0.235873,0.326906,8285.481445
34,0.209325,0.324088,8534.973633
35,0.180688,0.326837,8784.571289
36,0.158339,0.351846,9034.222656
37,0.137905,0.400589,9283.704102
38,0.130000,0.478364,9516.707031
39,0.113869,0.527068,9766.182617
40,0.095807,0.569739,10049.056641
41,0.075972,0.590770,10265.286133
42,0.068250,0.608977,10548.184570
43,0.075206,0.619796,10781.038086
44,0.071410,0.622879,11030.682617
45,0.062225,0.618482,11263.536133
46,0.053411,0.621771,11513.159180
47,0.032894,0.629161,11762.663086
48,0.011988,0.633351,12045.529297
49,0.987381,0.638099,12278.512695
50,0.964413,0.642900,12511.385742
51,0.947826,0.642339,12777.653320
52,0.943007,0.634593,13010.543945
53,0.941048,0.634853,13276.779297
54,0.943783,0.633082,13509.623047
55,0.952967,0.632449,13759.259766
56,0.977301,0.636172,14025.400391
57,0.025911,0.647162,14258.373047
58,0.086154,0.642155,14507.847656
59,0.140883,0.633336,14757.489258
60,0.188705,0.615480,15006.941406
61,0.226269,0.607315,15256.578125
62,0.264501,0.604838,15506.199219
63,0.300417,0.592480,15838.944336
64,0.333598,0.585608,16088.449219
65,0.341921,0.572916,16338.045898
66,0.353618,0.583903,16587.601562
67,0.388848,0.590037,16820.599609
68,0.428948,0.599280,17053.449219
69,0.458031,0.619092,17303.027344
70,0.459370,0.643353,17569.146484
71,0.458531,0.694293,17818.794922
72,0.479479,0.731405,18068.291016
73,0.502715,0.749309,18301.261719
74,0.528240,0.777589,18550.773438
75,0.567903,0.803543,18783.826172
76,0.601150,0.811781,19033.246094
77,0.622192,0.809342,19299.529297
78,0.585531,0.814581,19532.417969
79,0.484995,0.817279,19782.005859
80,0.449313,0.809815,20031.541016
81,0.464576,0.808412,20264.494141
82,0.533237,0.790237,20514.007812
83,0.628679,0.694115,20763.623047
84,0.706071,0.605007,21013.208984
85,0.736337,0.553412,21262.718750
86,0.762595,0.570155,21512.343750
87,0.795197,0.574730,21761.851562
88,0.820970,0.556342,22028.087891
89,0.830535,0.525027,22294.189453
90,0.853230,0.512514,22527.216797
91,0.843814,0.502767,22760.111328
92,0.814676,0.476955,23009.718750
93,0.795454,0.475154,23275.816406
94,0.711531,0.446450,23525.410156
95,0.667719,0.431876,23758.318359
96,0.647336,0.426012,24007.933594
97,0.639138,0.423961,24257.568359
98,0.643318,0.436183,24507.042969
99,0.651720,0.439476,24756.691406
0,0.750297,0.442216,0.012560
1,0.747168,0.444625,266.195679
2,0.725878,0.461146,515.824768
3,0.712744,0.476061,765.415466
4,0.710500,0.484518,1014.929016
5,0.718045,0.483805,1264.483032
6,0.750066,0.478186,1514.041504
7,0.801807,0.472533,1763.662720
8,0.838746,0.470937,2013.182739
9,0.868180,0.477593,2262.712158
10,0.894012,0.483772,2512.370117
11,0.919170,0.485857,2761.958740
12,0.941333,0.488880,3011.451904
13,0.957550,0.498059,3261.009521
14,0.967253,0.500771,3510.544678
15,0.984229,0.501846,3760.141846
16,0.003030,0.501675,4009.657471
17,0.022642,0.495451,4259.242188
18,0.049052,0.489536,4508.834961
19,0.070111,0.490773,4758.440918
20,0.098238,0.487797,5007.982422
21,0.130661,0.489711,5257.557617
22,0.157083,0.499250,5507.100586
23,0.174169,0.503128,5756.612305
24,0.178897,0.511537,6006.214844
25,0.164086,0.516736,6255.846191
26,0.134363,0.518954,6505.366699
27,0.112490,0.530935,6754.881836
28,0.098596,0.531848,7004.437500
29,0.081016,0.536858,7254.025879
30,0.055954,0.544395,7503.567871
31,0.032667,0.549701,7753.173828
32,0.008695,0.552800,8002.781250
33,0.977220,0.560153,8252.345703
34,0.945370,0.572189,8501.807617
35,0.912913,0.586773,8751.448242
36,0.889325,0.591752,9000.975586
37,0.866668,0.591094,9250.494141
38,0.840079,0.598002,9500.181641
39,0.817793,0.602608,9766.326172
40,0.797433,0.605413,10015.929688
41,0.780006,0.606162,10265.501953
42,0.760169,0.597037,10514.985352
43,0.729164,0.580417,10764.515625
44,0.707809,0.580713,11014.107422
45,0.690646,0.576156,11263.650391
46,0.670701,0.560117,11513.242188
47,0.639078,0.548279,11762.817383
48,0.596422,0.537240,12012.353516
49,0.549750,0.530579,12261.915039
50,0.518971,0.526636,12511.573242
51,0.509794,0.511976,12761.061523
52,0.521464,0.488171,13010.623047
53,0.533398,0.470360,13260.173828
54,0.524796,0.460454,13509.736328
55,0.505989,0.435521,13759.293945
56,0.479994,0.378074,14008.862305
57,0.433450,0.340341,14258.437500
58,0.402136,0.319147,14507.993164
59,0.374461,0.301565,14757.562500
60,0.361089,0.293078,15007.135742
61,0.364907,0.288349,15256.679688
62,0.361658,0.286758,15506.276367
63,0.352779,0.287732,15755.805664
64,0.344596,0.288053,16005.372070
65,0.334719,0.290720,16254.958008
66,0.332826,0.291381,16504.517578
67,0.335669,0.293543,16754.099609
68,0.337334,0.312631,17003.628906
69,0.347329,0.375413,17253.207031
70,0.359999,0.432736,17502.759766
71,0.368260,0.458493,17752.322266
72,0.371043,0.466850,18001.886719
73,0.371718,0.474001,18251.445312
74,0.372477,0.475290,18501.009766
75,0.374477,0.476650,18750.609375
76,0.372756,0.481463,19000.146484
77,0.366741,0.491221,19266.361328
78,0.355686,0.491875,19515.902344
79,0.346283,0.493122,19765.464844
80,0.344624,0.491440,20015.021484
81,0.347112,0.493000,20264.613281
82,0.346853,0.494738,20514.171875
83,0.327109,0.491459,20763.716797
84,0.274949,0.494162,21013.292969
85,0.223003,0.501020,21262.869141
86,0.187715,0.499782,21512.410156
87,0.165567,0.499805,21761.978516
88,0.145541,0.494752,22011.568359
89,0.129108,0.487772,22261.105469
90,0.122730,0.462118,22510.699219
91,0.116415,0.410478,22760.238281
92,0.112047,0.381932,23009.802734
93,0.134800,0.359865,23259.378906
94,0.162724,0.323526,23508.955078
95,0.134816,0.320741,23758.513672
96,0.033290,0.370256,24008.085938
97,0.966021,0.389498,24257.628906
98,0.947170,0.407287,24507.193359
99,0.943497,0.415445,24756.761719
0,0.749858,0.557716,0.028350
1,0.749849,0.558528,266.303253
2,0.738645,0.572971,515.858154
3,0.676540,0.612016,765.359131
4,0.642040,0.644843,1014.944214
5,0.629987,0.658795,1264.558350
6,0.631539,0.653981,1514.061646
7,0.636033,0.656520,1763.628662
8,0.634497,0.659961,2013.242188
9,0.630361,0.675090,2262.834961
10,0.623587,0.713389,2512.300049
11,0.619937,0.735154,2761.957520
12,0.616822,0.719003,3011.491455
13,0.603298,0.672605,3261.007324
14,0.600481,0.640024,3510.573486
15,0.603597,0.631027,3760.158447
16,0.608770,0.637686,4009.732178
17,0.620542,0.618831,4259.245605
18,0.637448,0.580455,4508.883301
19,0.649759,0.562595,4758.415527
20,0.652281,0.538271,5007.936523
21,0.650250,0.536132,5257.547363
22,0.651231,0.530663,5507.055176
23,0.652304,0.527155,5756.666992
24,0.656455,0.521092,6006.212891
25,0.662037,0.508417,6255.791992
26,0.678185,0.484344,6505.366211
27,0.702271,0.449847,6754.999023
28,0.724695,0.413289,7004.500000
29,0.738833,0.387280,7254.058105
30,0.755389,0.348952,7503.600098
31,0.774364,0.338893,7753.134277
32,0.795310,0.333497,8002.791016
33,0.811173,0.327893,8252.273438
34,0.816779,0.313162,8501.935547
35,0.813664,0.279725,8751.380859
36,0.818954,0.254433,9001.043945
37,0.831760,0.275904,9250.564453
38,0.848909,0.361841,9500.085938
39,0.854985,0.432094,9766.271484
40,0.864206,0.450349,10015.925781
41,0.871645,0.476677,10265.457031
42,0.886266,0.520564,10515.031250
43,0.909119,0.542047,10764.539062
44,0.941250,0.535224,11014.214844
45,0.964635,0.526315,11263.709961
46,0.979787,0.521368,11513.240234
47,0.999196,0.519502,11762.804688
48,0.022567,0.514207,12012.409180
49,0.050110,0.519977,12261.964844
50,0.072733,0.519701,12511.499023
51,0.091076,0.512516,12761.157227
52,0.104862,0.504354,13010.611328
53,0.111426,0.508663,13260.174805
54,0.108308,0.509015,13509.832031
55,0.099438,0.506620,13759.390625
56,0.080887,0.478821,14008.932617
57,0.056867,0.447690,14258.439453
58,0.034817,0.436347,14508.139648
59,0.011258,0.435617,14757.565430
60,0.991470,0.431206,15007.175781
61,0.971027,0.432507,15256.762695
62,0.952494,0.431059,15506.333984
63,0.940160,0.437583,15755.858398
64,0.929373,0.445068,16005.367188
65,0.909961,0.453705,16255.003906
66,0.869453,0.448907,16504.582031
67,0.821543,0.439058,16754.076172
68,0.781544,0.448192,17003.681641
69,0.747220,0.453713,17253.226562
70,0.718324,0.457629,17502.796875
71,0.694555,0.466995,17752.316406
72,0.661821,0.478610,18002.005859
73,0.614469,0.488604,18251.505859
74,0.569644,0.501116,18501.035156
75,0.548899,0.509113,18750.671875
76,0.537037,0.511956,19000.263672
77,0.521442,0.509740,19266.458984
78,0.506204,0.500995,19515.921875
79,0.484104,0.469731,19765.496094
80,0.452557,0.458311,20015.105469
81,0.420464,0.472657,20264.615234
82,0.410175,0.481497,20514.212891
83,0.411003,0.439954,20763.792969
84,0.414885,0.398988,21013.400391
85,0.417039,0.368957,21262.873047
86,0.406198,0.340149,21512.431641
87,0.392578,0.340853,21761.988281
88,0.382662,0.329710,22011.599609
89,0.362184,0.328144,22261.234375
90,0.358992,0.317182,22510.726562
91,0.348057,0.315590,22760.345703
92,0.337228,0.315327,23009.826172
93,0.338515,0.304494,23259.390625
94,0.355791,0.304334,23508.927734
95,0.375271,0.329126,23758.509766
96,0.387306,0.376881,24008.068359
97,0.398045,0.424998,24257.638672
98,0.430329,0.506110,24507.205078
99,0.455464,0.551227,24756.792969
0,0.750181,0.525426,-0.008527
1,0.750348,0.526279,266.176361
2,0.746442,0.523461,515.749451
3,0.711449,0.514999,765.319580
4,0.679105,0.514898,1014.919678
5,0.656976,0.519481,1264.485718
6,0.631836,0.527353,1514.061157
7,0.605633,0.525752,1763.671509
8,0.590860,0.524109,2013.132812
9,0.575863,0.523629,2262.760498
10,0.560301,0.509312,2512.273682
11,0.547188,0.454066,2761.829590
12,0.524252,0.416535,3011.476318
13,0.488102,0.442342,3260.994385
14,0.408052,0.533424,3510.522461
15,0.376269,0.560425,3760.111084
16,0.375163,0.543574,4009.693848
17,0.391795,0.552582,4259.221191
18,0.453280,0.617042,4508.800781
19,0.478987,0.629722,4758.411133
20,0.487411,0.634840,5007.924805
21,0.493318,0.620757,5257.500488
22,0.496170,0.578475,5507.043457
23,0.514264,0.561813,5756.599121
24,0.555549,0.548664,6006.179688
25,0.598125,0.549508,6255.763184
26,0.637256,0.548141,6505.334961
27,0.668624,0.561113,6754.931641
28,0.709743,0.668787,7004.470215
29,0.776078,0.762467,7253.962402
30,0.829589,0.799954,7503.585449
31,0.869051,0.798013,7753.123047
32,0.902665,0.780677,8002.665039
33,0.944649,0.761144,8252.219727
34,0.965028,0.750549,8501.832031
35,0.981155,0.742568,8751.412109
36,0.013454,0.716783,9000.914062
37,0.057131,0.634286,9250.556641
38,0.064392,0.571093,9500.083008
39,0.049146,0.435831,9766.304688
40,0.055177,0.332652,10015.881836
41,0.040346,0.271674,10265.403320
42,0.008657,0.242785,10515.012695
43,0.005882,0.230011,10764.573242
44,0.022713,0.217069,11014.072266
45,0.028419,0.235132,11263.692383
46,0.043559,0.279640,11513.195312
47,0.054160,0.368387,11762.800781
48,0.063965,0.444332,12012.345703
49,0.093069,0.466702,12261.905273
50,0.124165,0.479869,12511.469727
51,0.149715,0.493725,12761.038086
52,0.153735,0.502547,13010.575195
53,0.158214,0.499456,13260.168945
54,0.171203,0.495928,13509.757812
55,0.171755,0.504583,13759.301758
56,0.167928,0.514345,14008.834961
57,0.195204,0.502131,14258.414062
58,0.217173,0.490607,14507.966797
59,0.236617,0.462784,14757.583008
60,0.251805,0.446364,15007.125000
61,0.270005,0.454696,15256.666992
62,0.282685,0.470102,15506.216797
63,0.288412,0.481217,15755.840820
64,0.294557,0.481931,16005.376953
65,0.305993,0.490166,16254.907227
66,0.325485,0.489858,16504.564453
67,0.348648,0.493738,16754.054688
68,0.373783,0.491998,17003.666016
69,0.401534,0.491308,17253.179688
70,0.423280,0.499835,17502.843750
71,0.434779,0.503866,17752.332031
72,0.429292,0.510649,18001.878906
73,0.413573,0.513047,18251.419922
74,0.387384,0.519580,18501.035156
75,0.348835,0.526130,18750.611328
76,0.298103,0.526538,19000.123047
77,0.242649,0.522371,19266.326172
78,0.202952,0.522144,19515.921875
79,0.168385,0.520925,19765.447266
80,0.144204,0.530490,20015.042969
81,0.123109,0.537006,20264.611328
82,0.098854,0.532205,20514.152344
83,0.078520,0.533415,20763.794922
84,0.060272,0.536029,21013.292969
85,0.042228,0.533292,21262.876953
86,0.020042,0.532337,21512.386719
87,0.998456,0.531271,21761.984375
88,0.983933,0.535524,22011.574219
89,0.973136,0.552869,22261.117188
90,0.971972,0.548249,22510.691406
91,0.960111,0.546839,22760.214844
92,0.939926,0.538807,23009.830078
93,0.916010,0.526159,23259.341797
94,0.890443,0.525019,23508.976562
95,0.864830,0.522877,23758.494141
96,0.843339,0.523068,24008.103516
97,0.830491,0.525997,24257.650391
98,0.828173,0.525001,24507.183594
99,0.831935,0.528281,24756.765625
0,0.749983,0.550936,0.057213
1,0.749143,0.550128,266.348846
2,0.732597,0.545169,515.780579
3,0.692677,0.534889,765.425232
4,0.639614,0.561174,1014.905945
5,0.607153,0.607614,1264.462891
6,0.592572,0.607407,1514.026001
7,0.582063,0.589713,1763.651855
8,0.566763,0.571989,2013.193359
9,0.540437,0.553945,2262.811523
10,0.519324,0.519908,2512.398193
11,0.492274,0.499837,2761.851318
12,0.454840,0.509557,3011.428223
13,0.419627,0.524475,3261.012939
14,0.407346,0.529555,3510.576416
15,0.410479,0.536864,3760.154541
16,0.421284,0.519249,4009.730469
17,0.426424,0.458027,4259.273926
18,0.435455,0.434330,4508.836914
19,0.479065,0.444526,4758.378906
20,0.555839,0.481562,5007.923340
21,0.611625,0.501718,5257.485840
22,0.646585,0.502359,5507.044922
23,0.689656,0.509542,5756.640137
24,0.736044,0.524311,6006.191895
25,0.776371,0.541947,6255.782715
26,0.818264,0.539091,6505.339355
27,0.874559,0.526787,6754.953125
28,0.935812,0.524418,7004.432129
29,0.969341,0.526216,7253.992676
30,0.974675,0.547786,7503.598145
31,0.970820,0.552223,7753.182129
32,0.977249,0.495366,8002.742676
33,0.985542,0.479215,8252.268555
34,0.001554,0.504357,8501.858398
35,0.020567,0.520282,8751.387695
36,0.034794,0.536314,9000.977539
37,0.033653,0.544813,9250.540039
38,0.027598,0.568677,9500.148438
39,0.024141,0.578955,9766.312500
40,0.021574,0.562311,10015.875977
41,0.026145,0.562637,10265.407227
42,0.030604,0.568073,10514.998047
43,0.035641,0.565962,10764.566406
44,0.036012,0.550619,11014.142578
45,0.034828,0.520591,11263.708984
46,0.032546,0.500835,11513.239258
47,0.029698,0.488368,11762.825195
48,0.028214,0.482970,12012.354492
49,0.024274,0.483494,12261.996094
50,0.015144,0.495630,12511.516602
51,0.008545,0.534165,12761.085938
52,0.001738,0.551345,13010.615234
53,0.992668,0.567742,13260.258789
54,0.986557,0.571044,13509.803711
55,0.988829,0.577506,13759.304688
56,0.996534,0.576559,14008.912109
57,0.032723,0.560350,14258.458984
58,0.112781,0.524352,14508.057617
59,0.160832,0.491426,14757.550781
60,0.167194,0.495967,15007.151367
61,0.167776,0.510347,15256.753906
62,0.164089,0.521962,15506.254883
63,0.156552,0.537706,15755.916992
64,0.139696,0.554834,16005.458008
65,0.073272,0.575003,16254.969727
66,0.006601,0.616250,16504.503906
67,0.987586,0.642881,16754.101562
68,0.982655,0.660229,17003.636719
69,0.975262,0.676737,17253.205078
70,0.964773,0.655418,17502.796875
71,0.915983,0.594713,17752.416016
72,0.865577,0.542070,18001.923828
73,0.856452,0.532388,18251.492188
74,0.857135,0.524242,18501.042969
75,0.844366,0.486483,18750.583984
76,0.828387,0.452878,19000.146484
77,0.827479,0.432504,19266.371094
78,0.831167,0.409542,19515.968750
79,0.832061,0.386187,19765.515625
80,0.828981,0.375898,20015.078125
81,0.828439,0.373405,20264.607422
82,0.828800,0.384907,20514.205078
83,0.824978,0.449787,20763.755859
84,0.819128,0.549705,21013.318359
85,0.815762,0.604408,21262.857422
86,0.817727,0.638149,21512.443359
87,0.829525,0.647874,21762.011719
88,0.870891,0.634285,22011.556641
89,0.926728,0.610753,22261.193359
90,0.976709,0.596611,22510.746094
91,0.011394,0.592213,22760.289062
92,0.021502,0.593691,23009.792969
93,0.021268,0.600773,23259.378906
94,0.020272,0.605547,23508.927734
95,0.019749,0.607909,23758.494141
96,0.019650,0.608563,24008.060547
97,0.019367,0.607540,24257.656250
98,0.018462,0.606574,24507.236328
99,0.013271,0.602884,24756.757812
0,0.749931,0.486233,-0.047029
1,0.749869,0.486304,266.176849
2,0.749914,0.486495,515.739685
3,0.749775,0.487041,765.255859
4,0.749577,0.487841,1014.830750
5,0.749344,0.489981,1264.454834
6,0.748019,0.517412,1513.932373
7,0.767070,0.577138,1763.541748
8,0.809128,0.650559,2013.186768
9,0.837476,0.692621,2262.695312
10,0.851791,0.734444,2512.245117
11,0.846723,0.762751,2761.831787
12,0.856044,0.757068,3011.360840
13,0.868528,0.687371,3260.902832
14,0.872565,0.592433,3510.520508
15,0.872047,0.531310,3760.114014
16,0.892015,0.519863,4009.683594
17,0.924178,0.526094,4259.154785
18,0.951064,0.501425,4508.814941
19,0.975355,0.483212,4758.315430
20,0.999721,0.480264,5007.861328
21,0.030375,0.488596,5257.427246
22,0.050856,0.496529,5506.989746
23,0.071484,0.507345,5756.572754
24,0.094416,0.507756,6006.099121
25,0.118723,0.504977,6255.743652
26,0.144272,0.506977,6505.318848
27,0.167575,0.505268,6754.831055
28,0.188313,0.498420,7004.353027
29,0.204713,0.471437,7254.004395
30,0.231729,0.445613,7503.533203
31,0.255159,0.429417,7753.041016
32,0.278047,0.414003,8002.617676
33,0.290992,0.391633,8252.207031
34,0.299808,0.357219,8501.824219
35,0.310517,0.346036,8751.315430
36,0.334937,0.376185,9000.878906
37,0.348981,0.418047,9250.449219
38,0.355756,0.446063,9500.025391
39,0.358524,0.468609,9766.186523
40,0.357079,0.476797,10015.768555
41,0.352524,0.479481,10265.309570
42,0.349352,0.478853,10514.971680
43,0.343891,0.476472,10764.499023
44,0.339887,0.477684,11014.064453
45,0.336584,0.479578,11263.588867
46,0.335945,0.479980,11513.158203
47,0.337133,0.480608,11762.755859
48,0.338645,0.479955,12012.275391
49,0.340058,0.478813,12261.877930
50,0.343652,0.477410,12511.383789
51,0.358705,0.480457,12761.031250
52,0.377403,0.478586,13010.532227
53,0.396324,0.477066,13260.083984
54,0.418135,0.476231,13509.678711
55,0.438614,0.473658,13759.248047
56,0.462888,0.480761,14008.778320
57,0.488292,0.489463,14258.343750
58,0.509263,0.490004,14507.896484
59,0.530701,0.496221,14757.458008
60,0.551942,0.508622,15007.046875
61,0.569843,0.517084,15256.604492
62,0.574844,0.516901,15506.255859
63,0.564544,0.518270,15755.728516
64,0.539120,0.521600,16005.301758
65,0.494551,0.518189,16254.861328
66,0.437775,0.503440,16504.410156
67,0.383196,0.486357,16753.974609
68,0.341612,0.474475,17003.548828
69,0.313408,0.466397,17253.167969
70,0.291889,0.439386,17502.669922
71,0.277045,0.392005,17752.259766
72,0.251171,0.352820,18001.787109
73,0.225230,0.334629,18251.363281
74,0.203208,0.333250,18500.955078
75,0.182220,0.329852,18750.533203
76,0.153831,0.323048,19000.166016
77,0.122330,0.320078,19266.304688
78,0.094868,0.316723,19515.849609
79,0.072604,0.320326,19765.394531
80,0.055473,0.324305,20015.029297
81,0.038387,0.323303,20264.562500
82,0.018914,0.325519,20514.082031
83,0.994649,0.330634,20763.693359
84,0.968683,0.341832,21013.259766
85,0.940832,0.359850,21262.781250
86,0.915340,0.381772,21512.324219
87,0.897682,0.424321,21762.003906
88,0.917760,0.440960,22011.548828
89,0.924428,0.458050,22261.048828
90,0.925346,0.482147,22510.673828
91,0.932706,0.524264,22760.208984
92,0.938091,0.558919,23009.736328
93,0.919681,0.551120,23259.281250
94,0.861811,0.533588,23508.925781
95,0.790293,0.532092,23758.503906
96,0.724616,0.533719,24007.964844
97,0.691365,0.534479,24257.537109
98,0.687043,0.514677,24507.136719
99,0.702279,0.476570,24756.699219
0,0.749943,0.559679,0.011164
1,0.749423,0.560918,266.252930
2,0.707312,0.560738,515.826904
3,0.638104,0.545821,765.312012
4,0.621963,0.554878,1014.983643
5,0.628795,0.626275,1264.436523
6,0.652836,0.759783,1514.046265
7,0.715372,0.835454,1763.580078
8,0.776941,0.861087,2013.123169
9,0.845156,0.867869,2262.748779
10,0.915187,0.850293,2512.269287
11,0.966445,0.808968,2761.910645
12,0.020982,0.761379,3011.471191
13,0.057446,0.692575,3260.987549
14,0.080079,0.617099,3510.519775
15,0.119171,0.551521,3760.088623
16,0.186543,0.511066,4009.646729
17,0.242061,0.506693,4259.268066
18,0.299714,0.508908,4508.781738
19,0.349093,0.513537,4758.390625
20,0.373918,0.514223,5008.003906
21,0.373460,0.513093,5257.490234
22,0.364524,0.502439,5507.049316
23,0.358531,0.399335,5756.645508
24,0.346586,0.325577,6006.216309
25,0.340155,0.291481,6255.771484
26,0.335947,0.290892,6505.312012
27,0.330204,0.298462,6754.968750
28,0.319089,0.316679,7004.448730
29,0.304044,0.379157,7253.987305
30,0.273939,0.454654,7503.571289
31,0.221633,0.488528,7753.130371
32,0.192407,0.492400,8002.680176
33,0.184682,0.495268,8252.268555
34,0.180391,0.497655,8501.814453
35,0.193767,0.504558,8751.404297
36,0.247904,0.511603,9000.916992
37,0.340812,0.516768,9250.534180
38,0.424065,0.543583,9500.076172
39,0.440930,0.569007,9766.356445
40,0.417224,0.570168,10015.872070
41,0.389107,0.568210,10265.408203
42,0.391265,0.566577,10514.946289
43,0.438007,0.581009,10764.583008
44,0.492992,0.593304,11014.095703
45,0.533881,0.583041,11263.723633
46,0.570604,0.562415,11513.224609
47,0.597112,0.548303,11762.849609
48,0.609877,0.519823,12012.367188
49,0.602863,0.458422,12261.914062
50,0.578652,0.391815,12511.466797
51,0.536588,0.291319,12761.031250
52,0.502784,0.226691,13010.658203
53,0.500200,0.201605,13260.203125
54,0.497707,0.188603,13509.768555
55,0.488280,0.186025,13759.287109
56,0.457509,0.189209,14008.902344
57,0.408323,0.201860,14258.448242
58,0.356088,0.232670,14507.971680
59,0.305211,0.321131,14757.556641
60,0.243333,0.436918,15007.079102
61,0.186073,0.496772,15256.688477
62,0.135791,0.547641,15506.223633
63,0.106314,0.611991,15755.837891
64,0.071024,0.658575,16005.429688
65,0.015021,0.688141,16254.928711
66,0.970475,0.751589,16504.484375
67,0.936369,0.790225,16754.054688
68,0.903757,0.804549,17003.630859
69,0.860151,0.791881,17253.166016
70,0.804333,0.702339,17502.765625
71,0.750870,0.617185,17752.287109
72,0.704661,0.570778,18001.888672
73,0.680910,0.526364,18251.546875
74,0.657723,0.494834,18501.029297
75,0.611975,0.485009,18750.578125
76,0.624558,0.491030,19000.111328
77,0.727422,0.520587,19266.318359
78,0.799394,0.513294,19515.917969
79,0.807810,0.510461,19765.455078
80,0.810728,0.493304,20015.041016
81,0.811691,0.492867,20264.609375
82,0.810809,0.515050,20514.140625
83,0.801513,0.532556,20763.748047
84,0.783611,0.538701,21013.257812
85,0.786417,0.545950,21262.923828
86,0.782957,0.584849,21512.390625
87,0.760187,0.600230,21761.972656
88,0.708867,0.620513,22011.568359
89,0.686685,0.630941,22261.191406
90,0.687920,0.642195,22510.695312
91,0.686382,0.654057,22760.207031
92,0.679059,0.685653,23009.845703
93,0.667202,0.744960,23259.410156
94,0.667769,0.791298,23509.003906
95,0.682543,0.807650,23758.476562
96,0.697858,0.810227,24008.025391
97,0.722791,0.771289,24257.593750
98,0.734501,0.718793,24507.164062
99,0.727238,0.702315,24756.724609
0,0.749868,0.508687,-0.022267
1,0.749610,0.509225,266.264252
2,0.749591,0.509721,515.782837
3,0.749491,0.510568,765.455872
4,0.749706,0.511164,1014.961548
5,0.753281,0.514863,1264.499756
6,0.767853,0.537215,1514.109009
7,0.814851,0.559799,1763.571411
8,0.842991,0.583713,2013.220703
9,0.851331,0.611633,2262.684326
10,0.853078,0.626651,2512.337891
11,0.850866,0.628724,2761.947510
12,0.851773,0.625413,3011.500000
13,0.886038,0.585104,3261.077148
14,0.899385,0.566452,3510.538086
15,0.898323,0.555768,3760.275391
16,0.891286,0.549511,4009.745361
17,0.884586,0.545157,4259.357422
18,0.874462,0.542886,4508.762207
19,0.851592,0.548389,4758.425781
20,0.826035,0.556183,5007.992676
21,0.798331,0.557163,5257.532227
22,0.765015,0.556823,5507.096680
23,0.741821,0.558484,5756.684082
24,0.722959,0.558805,6006.261230
25,0.703077,0.558779,6255.745605
26,0.682431,0.563943,6505.408691
27,0.659894,0.578532,6754.960938
28,0.641475,0.605206,7004.503906
29,0.610686,0.606232,7254.032227
30,0.567443,0.594629,7503.636719
31,0.540185,0.577372,7753.154297
32,0.526863,0.562625,8002.716797
33,0.510644,0.557240,8252.262695
34,0.472943,0.563143,8501.814453
35,0.407997,0.577813,8751.314453
36,0.388226,0.584186,9000.936523
37,0.388783,0.562956,9250.620117
38,0.378073,0.510432,9500.117188
39,0.361513,0.453013,9766.351562
40,0.339952,0.421524,10015.822266
41,0.318113,0.399938,10265.480469
42,0.277937,0.413492,10514.904297
43,0.231334,0.492301,10764.547852
44,0.169674,0.513302,11014.021484
45,0.127390,0.505473,11263.723633
46,0.091919,0.515301,11513.374023
47,0.068041,0.521567,11762.858398
48,0.070222,0.516872,12012.433594
49,0.100324,0.502345,12261.933594
50,0.231171,0.477078,12511.502930
51,0.302855,0.485504,12761.037109
52,0.325437,0.500650,13010.592773
53,0.340634,0.488314,13260.108398
54,0.340564,0.437844,13509.809570
55,0.338172,0.385840,13759.307617
56,0.339377,0.334288,14008.907227
57,0.334832,0.283425,14258.383789
58,0.331937,0.254693,14508.007812
59,0.335784,0.251575,14757.694336
60,0.348991,0.260809,15007.078125
61,0.394587,0.277751,15256.697266
62,0.439582,0.296891,15506.191406
63,0.513869,0.315797,15789.064453
64,0.573921,0.338513,16038.619141
65,0.612024,0.394175,16288.176758
66,0.661840,0.417693,16537.861328
67,0.710977,0.410467,16787.296875
68,0.744343,0.389815,17020.330078
69,0.780630,0.375850,17286.425781
70,0.814636,0.368196,17536.082031
71,0.843757,0.371915,17785.587891
72,0.871851,0.391875,18035.146484
73,0.898695,0.414722,18284.658203
74,0.913498,0.430493,18534.261719
75,0.927930,0.442776,18767.166016
76,0.935213,0.438571,19016.816406
77,0.938284,0.433020,19266.248047
78,0.967894,0.460723,19515.923828
79,0.951512,0.479458,19765.365234
80,0.896263,0.489309,20015.046875
81,0.873726,0.489263,20297.871094
82,0.841813,0.485819,20564.041016
83,0.814958,0.475561,20797.015625
84,0.806058,0.475865,21029.869141
85,0.809072,0.478715,21279.464844
86,0.811050,0.481205,21529.001953
87,0.809010,0.483716,21761.992188
88,0.810068,0.488362,22011.451172
89,0.813641,0.479548,22261.111328
90,0.812853,0.478272,22527.328125
91,0.815059,0.473753,22776.867188
92,0.814655,0.478263,23026.431641
93,0.814297,0.479570,23275.968750
94,0.813873,0.481847,23542.191406
95,0.814659,0.482112,23775.085938
96,0.814353,0.482973,24024.718750
97,0.813651,0.484467,24274.201172
98,0.813658,0.485620,24507.226562
99,0.813562,0.485995,24756.691406
0,0.764427,0.553173,0.001923
1,0.773441,0.579952,266.297668
2,0.775988,0.596599,515.845520
3,0.794330,0.644538,765.356750
4,0.828670,0.706840,1014.890564
5,0.867754,0.733311,1264.435181
6,0.910594,0.731484,1514.082520
7,0.953960,0.723345,1763.545288
8,0.996965,0.722567,2013.170044
9,0.032372,0.710549,2262.707520
10,0.057050,0.678524,2512.252930
11,0.066805,0.660936,2761.870117
12,0.061105,0.653719,3011.417480
13,0.074945,0.624418,3260.927490
14,0.079295,0.588711,3510.503906
15,0.070782,0.564452,3760.128906
16,0.058184,0.555045,4009.651123
17,0.027341,0.541783,4259.196289
18,0.008969,0.527155,4508.764648
19,0.978013,0.519450,4758.375000
20,0.927103,0.520520,5007.876465
21,0.858654,0.518265,5257.487305
22,0.805594,0.509746,5507.045898
23,0.765894,0.489922,5756.677734
24,0.722392,0.452544,6006.154785
25,0.687806,0.417546,6255.716797
26,0.662939,0.392962,6505.288086
27,0.639939,0.346165,6754.849121
28,0.624250,0.320672,7004.443848
29,0.585608,0.344561,7254.027344
30,0.525817,0.427043,7503.559570
31,0.511248,0.518071,7753.097656
32,0.496576,0.592506,8002.653320
33,0.488607,0.601015,8252.249023
34,0.503506,0.592313,8501.816406
35,0.521029,0.577002,8751.377930
36,0.557891,0.559967,9000.912109
37,0.607087,0.536770,9250.507812
38,0.631162,0.533288,9500.041992
39,0.651301,0.533897,9766.233398
40,0.669552,0.538186,10015.844727
41,0.690631,0.542758,10265.427734
42,0.711004,0.546444,10514.951172
43,0.730179,0.554799,10764.520508
44,0.750764,0.556746,11014.091797
45,0.767262,0.555741,11263.645508
46,0.776793,0.553950,11513.184570
47,0.780873,0.554410,11762.745117
48,0.780573,0.555901,12012.322266
49,0.778505,0.556957,12261.967773
50,0.776015,0.557380,12511.447266
51,0.777054,0.556367,12761.021484
52,0.797267,0.554609,13010.573242
53,0.796518,0.603023,13260.130859
54,0.809005,0.712620,13509.698242
55,0.842711,0.823735,13759.250977
56,0.891267,0.863519,14008.816406
57,0.968124,0.876332,14258.397461
58,0.032077,0.889509,14507.956055
59,0.048802,0.905374,14757.543945
60,0.037781,0.896930,15007.083984
61,0.000825,0.866242,15256.661133
62,0.973143,0.827849,15506.193359
63,0.925129,0.753233,15755.788086
64,0.857510,0.573948,16005.322266
65,0.821194,0.486251,16254.921875
66,0.787904,0.393712,16504.535156
67,0.749757,0.310255,16754.033203
68,0.728606,0.266707,17003.587891
69,0.716883,0.247126,17253.175781
70,0.706724,0.252088,17502.716797
71,0.696276,0.294969,17752.287109
72,0.653837,0.393764,18001.851562
73,0.605702,0.517001,18251.404297
74,0.609789,0.571338,18500.978516
75,0.621458,0.576584,18750.539062
76,0.634223,0.573842,19000.117188
77,0.645939,0.570838,19266.335938
78,0.647492,0.571461,19515.884766
79,0.633776,0.570251,19765.429688
80,0.583283,0.559958,20015.027344
81,0.542677,0.527030,20264.556641
82,0.524790,0.513125,20514.121094
83,0.504972,0.511631,20763.679688
84,0.472799,0.516481,21013.287109
85,0.442080,0.527651,21262.818359
86,0.424140,0.548352,21512.376953
87,0.416307,0.564861,21761.945312
88,0.418437,0.570490,22011.511719
89,0.417242,0.533444,22261.072266
90,0.426082,0.490829,22510.636719
91,0.437440,0.461585,22760.201172
92,0.445666,0.453076,23009.789062
93,0.464118,0.449676,23259.324219
94,0.485349,0.459761,23508.917969
95,0.504516,0.482121,23758.457031
96,0.532969,0.496305,24008.052734
97,0.571899,0.499644,24257.578125
98,0.606126,0.502235,24507.162109
99,0.632463,0.503372,24756.710938
0,0.749937,0.554789,0.000038
1,0.750017,0.554686,266.236542
2,0.749362,0.554579,515.722839
3,0.736316,0.554064,765.292664
4,0.709291,0.555145,1014.831482
5,0.687629,0.556015,1264.403687
6,0.675374,0.558464,1513.973511
7,0.668462,0.561230,1763.526367
8,0.673297,0.605932,2013.171387
9,0.682116,0.672768,2262.702393
10,0.686336,0.686958,2512.271240
11,0.748015,0.640661,2761.782471
12,0.827773,0.589547,3011.419434
13,0.856437,0.571099,3260.927734
14,0.898389,0.556716,3510.484375
15,0.958072,0.557264,3760.052734
16,0.000746,0.558596,4009.608887
17,0.038122,0.552642,4259.225586
18,0.071370,0.542941,4508.738770
19,0.095568,0.540033,4758.381348
20,0.119478,0.544097,5007.899902
21,0.142582,0.549850,5257.475586
22,0.159954,0.548609,5506.986328
23,0.169094,0.530477,5756.594727
24,0.144338,0.522646,6006.223145
25,0.038014,0.560264,6255.670898
26,0.987486,0.558247,6505.303223
27,0.979788,0.559273,6754.808594
28,0.984241,0.570539,7004.386230
29,0.990851,0.624801,7253.931641
30,0.998125,0.641095,7503.554199
31,0.035601,0.617122,7753.109863
32,0.020505,0.606636,8002.624512
33,0.990407,0.611351,8252.291992
34,0.909601,0.670707,8501.764648
35,0.824849,0.733991,8751.382812
36,0.731092,0.756827,9000.871094
37,0.641564,0.758362,9250.494141
38,0.578146,0.774891,9500.029297
39,0.530794,0.796073,9766.298828
40,0.488609,0.796804,10015.768555
41,0.446891,0.771060,10265.445312
42,0.418643,0.748945,10514.919922
43,0.406561,0.730771,10764.494141
44,0.410342,0.723561,11014.095703
45,0.420337,0.720210,11263.653320
46,0.443475,0.709433,11513.195312
47,0.482625,0.696453,11762.762695
48,0.529519,0.671052,12012.365234
49,0.563565,0.642192,12261.851562
50,0.564998,0.624645,12511.525391
51,0.545977,0.604523,12760.987305
52,0.524010,0.573452,13010.586914
53,0.494052,0.548607,13260.151367
54,0.457327,0.537440,13509.673828
55,0.424165,0.530782,13759.312500
56,0.403077,0.527861,14008.813477
57,0.393565,0.530512,14258.412109
58,0.391869,0.531650,14507.997070
59,0.392228,0.528244,14757.580078
60,0.391566,0.527961,15007.063477
61,0.389762,0.525012,15256.636719
62,0.396254,0.512499,15506.214844
63,0.401976,0.494817,15755.846680
64,0.410421,0.484554,16005.348633
65,0.419117,0.483804,16254.930664
66,0.420531,0.488384,16504.501953
67,0.413785,0.510264,16754.044922
68,0.397099,0.536138,17003.591797
69,0.377300,0.553814,17253.140625
70,0.354641,0.561618,17502.755859
71,0.313845,0.590059,17752.296875
72,0.281073,0.610037,18001.822266
73,0.255878,0.614589,18251.423828
74,0.233519,0.610859,18500.976562
75,0.220455,0.610143,18750.523438
76,0.218132,0.610147,19000.183594
77,0.221550,0.614907,19266.285156
78,0.212209,0.622958,19515.931641
79,0.198488,0.622921,19765.406250
80,0.191506,0.620137,20015.003906
81,0.187647,0.615466,20264.580078
82,0.184034,0.610938,20514.138672
83,0.175929,0.613712,20763.677734
84,0.173868,0.616366,21013.287109
85,0.181201,0.617150,21262.876953
86,0.195099,0.616416,21512.386719
87,0.208707,0.619787,21761.939453
88,0.218497,0.620084,22011.507812
89,0.222241,0.611098,22261.093750
90,0.220014,0.599042,22510.644531
91,0.227221,0.564569,22760.197266
92,0.245949,0.507763,23009.833984
93,0.276804,0.451072,23259.369141
94,0.328649,0.397098,23508.869141
95,0.364217,0.378043,23758.466797
96,0.382703,0.356611,24008.027344
97,0.387992,0.339323,24257.562500
98,0.412574,0.341856,24507.181641
99,0.499461,0.366070,24756.744141
0,0.750288,0.516956,0.022923
1,0.750607,0.517552,266.272034
2,0.754013,0.521046,515.760071
3,0.773790,0.546423,765.329041
4,0.792189,0.587849,1014.950256
5,0.806920,0.633658,1264.472900
6,0.812740,0.656470,1514.060303
7,0.815620,0.658796,1763.593872
8,0.810634,0.648427,2013.209473
9,0.758189,0.613186,2262.832031
10,0.685892,0.561636,2512.321533
11,0.631504,0.549550,2761.886719
12,0.593314,0.552001,3011.437500
13,0.551698,0.537539,3260.972900
14,0.523109,0.532984,3510.536865
15,0.515032,0.524756,3760.167725
16,0.498404,0.517644,4009.679443
17,0.461397,0.514811,4259.234375
18,0.424070,0.528996,4508.806641
19,0.395587,0.542758,4758.371582
20,0.386818,0.548994,5007.925293
21,0.387612,0.551362,5257.484863
22,0.387553,0.549353,5507.102051
23,0.376738,0.547782,5756.605957
24,0.356579,0.546446,6006.183594
25,0.339120,0.544060,6255.750977
26,0.311872,0.543213,6505.320801
27,0.279037,0.548476,6754.902832
28,0.252541,0.547309,7004.450195
29,0.225918,0.549286,7254.057129
30,0.205874,0.549551,7503.592285
31,0.190245,0.551725,7753.160645
32,0.186935,0.549416,8002.697754
33,0.183622,0.549866,8252.265625
34,0.182608,0.550349,8501.819336
35,0.181091,0.552115,8751.397461
36,0.180377,0.553864,9000.959961
37,0.179355,0.555027,9250.522461
38,0.177617,0.552479,9500.108398
39,0.180743,0.547074,9766.288086
40,0.203406,0.526065,10015.841797
41,0.254583,0.489330,10265.438477
42,0.307415,0.458476,10514.958008
43,0.337728,0.444664,10764.557617
44,0.350261,0.442096,11014.116211
45,0.356145,0.436824,11263.669922
46,0.361674,0.426667,11513.263672
47,0.363585,0.425575,11762.807617
48,0.362249,0.426187,12012.360352
49,0.359124,0.426095,12261.906250
50,0.356019,0.420939,12511.490234
51,0.352131,0.407471,12761.044922
52,0.358561,0.409473,13010.620117
53,0.386365,0.451765,13260.166992
54,0.400122,0.481992,13509.753906
55,0.410918,0.488408,13759.316406
56,0.417010,0.494672,14008.900391
57,0.423149,0.503754,14258.457031
58,0.444222,0.505731,14507.988281
59,0.480917,0.495854,14757.551758
60,0.518709,0.494423,15007.111328
61,0.550251,0.500368,15256.702148
62,0.586177,0.511488,15506.297852
63,0.634731,0.539541,15755.817383
64,0.664804,0.557092,16005.398438
65,0.675613,0.556037,16254.977539
66,0.688960,0.554814,16504.554688
67,0.710064,0.559166,16754.060547
68,0.732579,0.564788,17003.650391
69,0.758521,0.572146,17253.207031
70,0.789432,0.569578,17502.783203
71,0.815316,0.563054,17752.326172
72,0.832388,0.560266,18001.904297
73,0.845606,0.550052,18251.457031
74,0.861245,0.554802,18501.015625
75,0.884179,0.581750,18750.576172
76,0.902752,0.607185,19000.164062
77,0.917022,0.628268,19266.347656
78,0.946098,0.622631,19515.923828
79,0.975059,0.599411,19765.474609
80,0.975802,0.587498,20015.052734
81,0.964837,0.578348,20264.595703
82,0.965306,0.577779,20514.158203
83,0.959664,0.574561,20763.720703
84,0.951749,0.561797,21013.283203
85,0.949369,0.559646,21262.888672
86,0.926067,0.567911,21512.412109
87,0.899612,0.558214,21762.017578
88,0.884093,0.547589,22011.572266
89,0.867109,0.538727,22261.099609
90,0.845810,0.535155,22510.689453
91,0.836248,0.541957,22760.238281
92,0.821565,0.544364,23009.806641
93,0.785943,0.531777,23259.373047
94,0.774380,0.529695,23508.945312
95,0.776293,0.530906,23758.500000
96,0.778631,0.532321,24008.064453
97,0.772864,0.532270,24257.613281
98,0.758733,0.530915,24507.214844
99,0.746249,0.531905,24756.781250
0,0.750122,0.488814,-0.000732
1,0.749101,0.489376,266.230194
2,0.744609,0.494592,515.732910
3,0.736771,0.503676,765.340332
4,0.722300,0.508380,1014.862671
5,0.706988,0.504155,1264.458374
6,0.692688,0.509501,1514.017090
7,0.677183,0.524762,1763.538208
8,0.667618,0.536372,2013.196899
9,0.666080,0.539029,2262.685547
10,0.666670,0.547235,2512.270020
11,0.667136,0.577185,2761.834473
12,0.672278,0.603181,3011.422119
13,0.672295,0.618169,3260.981201
14,0.670822,0.638515,3510.504395
15,0.645553,0.633358,3760.095703
16,0.593155,0.613255,4009.649658
17,0.562817,0.586530,4259.241699
18,0.542327,0.559651,4508.815918
19,0.519164,0.535203,4758.418945
20,0.487475,0.513655,5007.911133
21,0.444483,0.502400,5257.482422
22,0.422379,0.499030,5507.028809
23,0.406089,0.492891,5756.580566
24,0.393170,0.460904,6006.136719
25,0.383463,0.430548,6255.704590
26,0.369293,0.423113,6505.279785
27,0.353622,0.452930,6754.841797
28,0.334629,0.520042,7004.395020
29,0.306254,0.541979,7253.958008
30,0.263818,0.547385,7503.595215
31,0.239807,0.546701,7753.110840
32,0.231461,0.531841,8002.664551
33,0.234834,0.506168,8252.216797
34,0.241519,0.485025,8501.798828
35,0.252605,0.447260,8751.337891
36,0.277999,0.421165,9000.956055
37,0.314351,0.356933,9250.489258
38,0.358292,0.296601,9500.050781
39,0.398560,0.271307,9766.250000
40,0.456635,0.267843,10015.829102
41,0.518031,0.290312,10265.366211
42,0.554712,0.322739,10514.971680
43,0.586327,0.344996,10764.476562
44,0.623269,0.380477,11014.127930
45,0.644211,0.410183,11263.599609
46,0.654472,0.447385,11513.187500
47,0.661709,0.487538,11762.742188
48,0.669730,0.508963,12012.342773
49,0.682433,0.524579,12261.921875
50,0.707217,0.540025,12511.426758
51,0.738510,0.555301,12761.083984
52,0.763783,0.590209,13010.618164
53,0.788836,0.615090,13260.154297
54,0.823182,0.635319,13509.710938
55,0.853510,0.640850,13759.277344
56,0.869414,0.561611,14008.841797
57,0.879358,0.494121,14258.381836
58,0.891568,0.438498,14507.963867
59,0.916336,0.389460,14757.541016
60,0.960751,0.365164,15007.124023
61,0.000019,0.362251,15256.642578
62,0.032220,0.366793,15506.208008
63,0.052957,0.348222,15755.790039
64,0.073264,0.339223,16005.311523
65,0.099458,0.371107,16254.903320
66,0.119244,0.408228,16504.460938
67,0.135842,0.432765,16754.064453
68,0.150128,0.456827,17003.593750
69,0.148654,0.479024,17253.142578
70,0.140149,0.508714,17502.722656
71,0.128560,0.527991,17752.316406
72,0.110108,0.528741,18001.914062
73,0.095326,0.526340,18251.427734
74,0.081706,0.521155,18500.980469
75,0.065663,0.514611,18750.539062
76,0.037163,0.503704,19000.144531
77,0.011805,0.497469,19266.312500
78,0.998394,0.495154,19515.867188
79,0.990034,0.497700,19765.458984
80,0.978279,0.500472,20015.019531
81,0.957125,0.499008,20264.562500
82,0.927870,0.490243,20514.150391
83,0.900965,0.484621,20763.667969
84,0.878180,0.483901,21013.300781
85,0.854431,0.485538,21262.796875
86,0.822358,0.484655,21512.392578
87,0.785593,0.487648,21761.929688
88,0.756630,0.486072,22011.562500
89,0.722264,0.492285,22261.119141
90,0.688129,0.494959,22510.626953
91,0.661869,0.508621,22760.246094
92,0.638731,0.515664,23009.796875
93,0.621327,0.517282,23259.304688
94,0.607355,0.514544,23508.904297
95,0.590077,0.507432,23758.542969
96,0.559617,0.498932,24008.027344
97,0.529785,0.488888,24257.599609
98,0.498154,0.459118,24507.138672
99,0.475652,0.452457,24756.748047
0,0.750054,0.500333,0.000923
1,0.749835,0.500267,266.252655
2,0.749551,0.501415,515.839844
3,0.762016,0.506135,765.356323
4,0.829198,0.499994,1014.919739
5,0.849211,0.508014,1264.526001
6,0.854295,0.527189,1514.112305
7,0.861238,0.590283,1763.642578
8,0.865260,0.609113,2013.186035
9,0.847454,0.543186,2262.788330
10,0.835896,0.512268,2512.309570
11,0.771954,0.500203,2761.848877
12,0.576940,0.478911,3011.411133
13,0.486846,0.478910,3260.965332
14,0.447479,0.479003,3510.579346
15,0.412033,0.472097,3760.143311
16,0.377749,0.437792,4009.698975
17,0.344896,0.405933,4259.276855
18,0.321481,0.368801,4508.788086
19,0.289891,0.328022,4758.440430
20,0.249918,0.356289,5007.921387
21,0.215237,0.417764,5257.516113
22,0.203559,0.463518,5507.072266
23,0.261694,0.490204,5756.678223
24,0.326929,0.511259,6006.219727
25,0.345389,0.519244,6255.772949
26,0.362525,0.518395,6505.358398
27,0.412302,0.510114,6754.877441
28,0.454644,0.506452,7004.427734
29,0.454758,0.496447,7253.980957
30,0.375193,0.468861,7503.641602
31,0.346557,0.472691,7753.124023
32,0.331745,0.493777,8002.731445
33,0.322161,0.498606,8252.293945
34,0.300434,0.490309,8501.875000
35,0.270553,0.418002,8751.410156
36,0.246812,0.281578,9000.963867
37,0.190282,0.194995,9250.506836
38,0.116946,0.171054,9500.076172
39,0.061144,0.182996,9766.322266
40,0.012213,0.224805,10015.875977
41,0.988482,0.303371,10265.432617
42,0.992352,0.399763,10515.041016
43,0.990628,0.475306,10764.593750
44,0.982784,0.494706,11014.106445
45,0.984538,0.520083,11263.727539
46,0.995368,0.561895,11513.226562
47,0.968021,0.599271,11762.808594
48,0.931258,0.619880,12012.342773
49,0.900028,0.607418,12262.012695
50,0.875862,0.587613,12511.520508
51,0.849551,0.567029,12761.031250
52,0.810768,0.562142,13010.643555
53,0.780901,0.563247,13260.153320
54,0.764402,0.557198,13509.745117
55,0.757098,0.552486,13759.299805
56,0.754093,0.552896,14008.909180
57,0.758366,0.548292,14258.417969
58,0.764308,0.560577,14507.980469
59,0.784708,0.663013,14757.591797
60,0.812716,0.766661,15007.147461
61,0.894716,0.851645,15256.700195
62,0.046093,0.862939,15506.286133
63,0.173387,0.862488,15755.859375
64,0.314600,0.913429,16005.382812
65,0.464475,0.912521,16254.965820
66,0.500583,0.915711,16504.535156
67,0.860826,0.983757,16754.099609
68,0.018020,0.778313,17003.687500
69,0.045523,0.600296,17253.230469
70,0.047655,0.537630,17502.810547
71,0.041496,0.519311,17752.326172
72,0.023820,0.519585,18001.878906
73,0.994614,0.518590,18251.449219
74,0.967493,0.517657,18501.091797
75,0.949410,0.524859,18750.599609
76,0.942342,0.567025,19000.169922
77,0.945046,0.552539,19266.335938
78,0.956115,0.514635,19515.958984
79,0.972045,0.520170,19765.472656
80,0.017001,0.509943,20015.017578
81,0.041768,0.517534,20264.628906
82,0.056395,0.521303,20514.207031
83,0.064819,0.524183,20763.746094
84,0.050415,0.525053,21013.306641
85,0.022733,0.526090,21262.945312
86,0.992745,0.518432,21512.412109
87,0.952941,0.506627,21761.990234
88,0.920087,0.506342,22011.541016
89,0.889719,0.502761,22261.193359
90,0.847573,0.501940,22510.656250
91,0.740011,0.490924,22760.218750
92,0.653912,0.480202,23009.828125
93,0.623025,0.488189,23259.347656
94,0.612285,0.498083,23508.917969
95,0.615232,0.507257,23758.576172
96,0.616481,0.513462,24008.078125
97,0.610280,0.495402,24257.705078
98,0.581033,0.452555,24507.230469
99,0.559263,0.441370,24756.800781
0,0.749959,0.503488,0.022617
1,0.749914,0.503478,266.234772
2,0.749622,0.503485,515.828979
3,0.747054,0.503998,765.353394
4,0.740383,0.503566,1014.928528
5,0.730287,0.501964,1264.480225
6,0.720783,0.500008,1514.027466
7,0.714785,0.498711,1763.638672
8,0.711273,0.495136,2013.208618
9,0.709670,0.490741,2262.750488
10,0.710425,0.488578,2512.306885
11,0.711599,0.487463,2761.850098
12,0.710877,0.488154,3011.427979
13,0.705101,0.489771,3260.979980
14,0.692020,0.490461,3510.584717
15,0.675396,0.493161,3760.141357
16,0.660264,0.497036,4009.715088
17,0.641685,0.496869,4259.234375
18,0.625591,0.495689,4508.795898
19,0.611154,0.490182,4758.375000
20,0.591347,0.483545,5007.932617
21,0.573351,0.483797,5257.540527
22,0.560322,0.485017,5507.062500
23,0.551183,0.479016,5756.639160
24,0.543683,0.474529,6006.181152
25,0.540482,0.475004,6255.787598
26,0.541074,0.476495,6505.326172
27,0.542934,0.477194,6754.875000
28,0.545906,0.478040,7004.492188
29,0.547614,0.480175,7253.997559
30,0.548833,0.481391,7503.585938
31,0.551027,0.481839,7753.136230
32,0.555225,0.480169,8002.755371
33,0.557295,0.476894,8252.254883
34,0.557739,0.475578,8501.824219
35,0.556861,0.476486,8751.426758
36,0.553830,0.478232,9000.940430
37,0.549637,0.478604,9250.549805
38,0.544626,0.478769,9500.088867
39,0.539992,0.479774,9766.271484
40,0.535148,0.480062,10015.852539
41,0.529535,0.481114,10265.414062
42,0.523757,0.482232,10514.980469
43,0.518306,0.482760,10764.590820
44,0.512610,0.484171,11014.128906
45,0.505180,0.485902,11263.691406
46,0.496060,0.487257,11513.222656
47,0.483131,0.491331,11762.805664
48,0.466017,0.499021,12012.347656
49,0.453041,0.505493,12261.944336
50,0.446331,0.509683,12511.477539
51,0.443003,0.512662,12761.047852
52,0.441909,0.515347,13010.669922
53,0.440862,0.517089,13260.187500
54,0.440677,0.517430,13509.738281
55,0.441369,0.515022,13759.301758
56,0.442578,0.511132,14008.902344
57,0.444420,0.507270,14258.421875
58,0.447678,0.500788,14508.067383
59,0.455019,0.491349,14757.544922
60,0.464090,0.484138,15007.137695
61,0.474642,0.479243,15256.696289
62,0.487364,0.477819,15506.274414
63,0.499423,0.479435,15755.860352
64,0.513280,0.480845,16005.407227
65,0.529682,0.481493,16254.990234
66,0.548633,0.480116,16504.505859
67,0.566134,0.475376,16754.087891
68,0.583319,0.472534,17003.669922
69,0.596653,0.473200,17253.238281
70,0.610894,0.475892,17502.787109
71,0.631216,0.477253,17752.333984
72,0.649780,0.478967,18001.908203
73,0.666145,0.480587,18251.462891
74,0.678492,0.481328,18501.011719
75,0.692240,0.479466,18750.562500
76,0.703504,0.479847,19000.130859
77,0.712894,0.480507,19266.367188
78,0.726256,0.479651,19515.900391
79,0.739484,0.479418,19765.488281
80,0.750604,0.478227,20015.046875
81,0.759452,0.475746,20264.619141
82,0.764016,0.474644,20514.191406
83,0.768079,0.472970,20763.736328
84,0.771853,0.474460,21013.339844
85,0.778070,0.480577,21262.859375
86,0.785643,0.489114,21512.433594
87,0.792955,0.498389,21761.978516
88,0.802253,0.506609,22011.607422
89,0.811927,0.510314,22261.105469
90,0.822232,0.506285,22510.664062
91,0.831977,0.501374,22760.261719
92,0.839604,0.499758,23009.808594
93,0.848601,0.496897,23259.404297
94,0.853255,0.495048,23508.929688
95,0.856255,0.490688,23758.523438
96,0.858416,0.488978,24008.052734
97,0.861391,0.492079,24257.638672
98,0.863865,0.498880,24507.216797
99,0.866522,0.503616,24756.792969
0,0.750039,0.492781,0.000868
1,0.750965,0.494343,266.228577
2,0.760635,0.499726,515.801941
3,0.799825,0.505986,765.367126
4,0.838685,0.514879,1014.934937
5,0.907172,0.522847,1264.479004
6,0.992876,0.532244,1514.015991
7,0.040985,0.544714,1763.610840
8,0.073390,0.535296,2013.135864
9,0.097200,0.512352,2262.733154
10,0.084956,0.503136,2512.256836
11,0.090772,0.496991,2761.844238
12,0.106608,0.492691,3011.412598
13,0.131919,0.493307,3260.955566
14,0.162389,0.489366,3510.537354
15,0.179338,0.481254,3760.086914
16,0.192193,0.483298,4009.656250
17,0.222862,0.506103,4259.237793
18,0.250818,0.527673,4508.826660
19,0.273503,0.527552,4758.354004
20,0.293741,0.522123,5007.920410
21,0.311398,0.523600,5257.485840
22,0.324969,0.521785,5507.034668
23,0.314832,0.489061,5756.604980
24,0.291484,0.439340,6006.177246
25,0.271496,0.398940,6255.745117
26,0.268503,0.392846,6505.285645
27,0.245314,0.409030,6754.875977
28,0.131132,0.502872,7004.428223
29,0.042532,0.556224,7254.001953
30,0.000056,0.568160,7503.551758
31,0.974037,0.567836,7753.124023
32,0.956015,0.560005,8002.719238
33,0.927173,0.549453,8252.292969
34,0.888465,0.532392,8501.834961
35,0.844626,0.516694,8751.385742
36,0.784389,0.509621,9000.951172
37,0.742554,0.527734,9250.504883
38,0.693365,0.516706,9500.070312
39,0.609984,0.509222,9766.543945
40,0.570702,0.519778,10015.837891
41,0.553972,0.523510,10265.396484
42,0.520873,0.533383,10514.999023
43,0.480282,0.563881,10764.519531
44,0.475140,0.572828,11014.095703
45,0.471632,0.567114,11263.641602
46,0.480861,0.568442,11513.212891
47,0.508185,0.565615,11762.770508
48,0.551760,0.557721,12012.350586
49,0.613783,0.538873,12261.944336
50,0.637967,0.523452,12511.474609
51,0.650620,0.462514,12761.034180
52,0.659909,0.411973,13010.591797
53,0.677909,0.423906,13260.160156
54,0.709028,0.466888,13509.721680
55,0.733701,0.527231,13759.295898
56,0.825588,0.579174,14008.853516
57,0.914575,0.605859,14258.408203
58,0.992451,0.590447,14507.980469
59,0.092447,0.558987,14757.543945
60,0.107386,0.598790,15007.122070
61,0.128124,0.708318,15256.674805
62,0.130779,0.759666,15506.259766
63,0.053833,0.828413,15755.800781
64,0.990563,0.838996,16005.384766
65,0.947607,0.836437,16254.931641
66,0.846624,0.824681,16504.505859
67,0.796378,0.840417,16754.062500
68,0.786686,0.841193,17003.626953
69,0.815997,0.815535,17253.179688
70,0.825798,0.730651,17502.750000
71,0.871306,0.588210,17752.322266
72,0.937061,0.513105,18001.871094
73,0.005005,0.479283,18251.447266
74,0.022742,0.477418,18501.009766
75,0.020115,0.480449,18750.580078
76,0.019454,0.483912,19000.158203
77,0.006169,0.484604,19266.349609
78,0.928534,0.515102,19515.908203
79,0.855665,0.560591,19765.478516
80,0.788485,0.590886,20015.025391
81,0.711866,0.584153,20264.591797
82,0.691031,0.580933,20514.154297
83,0.691730,0.583291,20763.710938
84,0.696596,0.582656,21013.281250
85,0.702610,0.578556,21262.832031
86,0.704832,0.575334,21512.460938
87,0.724691,0.555839,21761.974609
88,0.793612,0.520649,22011.537109
89,0.831800,0.510185,22261.113281
90,0.850148,0.506861,22510.662109
91,0.848931,0.505942,22760.234375
92,0.849988,0.509471,23009.789062
93,0.847137,0.514106,23259.349609
94,0.846038,0.524386,23508.912109
95,0.846268,0.527904,23758.492188
96,0.871585,0.536995,24008.058594
97,0.909702,0.537840,24257.613281
98,0.937281,0.543675,24507.175781
99,0.945374,0.556661,24756.726562
0,0.750479,0.506107,0.003538
1,0.751543,0.506011,266.244446
2,0.743750,0.506486,515.735413
3,0.668298,0.505402,765.357178
4,0.568455,0.495325,1014.861084
5,0.538526,0.497672,1264.461182
6,0.539025,0.501122,1514.087036
7,0.568263,0.499250,1763.587646
8,0.671614,0.499270,2013.170410
9,0.773874,0.485594,2262.748047
10,0.856179,0.480906,2512.303467
11,0.930375,0.472717,2761.825195
12,0.977206,0.478809,3011.397949
13,0.008502,0.486853,3260.974121
14,0.023022,0.507273,3510.559082
15,0.033864,0.507200,3760.067383
16,0.078162,0.492967,4009.733154
17,0.105626,0.491333,4259.230469
18,0.128629,0.490067,4508.835449
19,0.150414,0.492525,4758.316895
20,0.160879,0.547775,5007.956055
21,0.157086,0.721816,5257.487305
22,0.114059,0.826917,5507.036621
23,0.102553,0.871298,5756.653809
24,0.136287,0.880854,6006.153809
25,0.191608,0.864629,6255.714844
26,0.262770,0.840126,6505.308594
27,0.318616,0.822681,6754.846191
28,0.350302,0.809674,7004.420410
29,0.342260,0.747494,7253.985840
30,0.331374,0.647035,7503.524902
31,0.330700,0.576176,7753.104004
32,0.327792,0.549894,8002.686523
33,0.330023,0.553406,8252.234375
34,0.329914,0.555418,8501.795898
35,0.330522,0.556527,8751.355469
36,0.332387,0.559137,9000.943359
37,0.340852,0.562699,9250.473633
38,0.360584,0.565343,9500.047852
39,0.382147,0.565342,9766.251953
40,0.397150,0.565351,10015.820312
41,0.413282,0.567066,10265.373047
42,0.430688,0.566359,10514.931641
43,0.418312,0.499714,10764.525391
44,0.405730,0.396015,11014.078125
45,0.388436,0.330568,11263.635742
46,0.329091,0.313916,11513.199219
47,0.292299,0.310425,11762.754883
48,0.304853,0.309098,12012.324219
49,0.329664,0.307548,12261.890625
50,0.358981,0.316381,12511.452148
51,0.412333,0.321172,12761.039062
52,0.490177,0.330920,13010.617188
53,0.548773,0.364785,13260.149414
54,0.583319,0.414733,13509.700195
55,0.627707,0.458439,13759.274414
56,0.671500,0.469269,14008.825195
57,0.694786,0.471901,14258.385742
58,0.742038,0.477925,14507.960938
59,0.798047,0.483332,14757.511719
60,0.838006,0.479787,15007.101562
61,0.875948,0.477149,15256.686523
62,0.895423,0.478057,15506.240234
63,0.932121,0.492452,15755.802734
64,0.988243,0.499338,16005.340820
65,0.022127,0.501035,16254.914062
66,0.038977,0.498801,16504.458984
67,0.063816,0.508556,16754.023438
68,0.096132,0.513049,17003.589844
69,0.113946,0.509146,17253.171875
70,0.116369,0.510613,17502.732422
71,0.104829,0.513072,17752.285156
72,0.088785,0.513300,18001.890625
73,0.070746,0.510470,18251.406250
74,0.067343,0.467666,18501.007812
75,0.075683,0.440105,18750.550781
76,0.091025,0.411197,19000.111328
77,0.098574,0.392850,19266.314453
78,0.101400,0.422002,19515.873047
79,0.073919,0.511462,19765.439453
80,0.058721,0.520065,20015.035156
81,0.064721,0.523986,20264.564453
82,0.073210,0.522472,20514.138672
83,0.074621,0.520519,20763.705078
84,0.076893,0.519842,21013.244141
85,0.077676,0.520353,21262.820312
86,0.077281,0.521306,21512.373047
87,0.077724,0.522193,21761.947266
88,0.078388,0.522705,22011.537109
89,0.078592,0.523171,22261.099609
90,0.078618,0.523678,22510.632812
91,0.078718,0.523922,22760.201172
92,0.075569,0.523311,23009.773438
93,0.002128,0.516933,23259.365234
94,0.900050,0.531177,23508.896484
95,0.861620,0.543856,23758.460938
96,0.865300,0.546923,24008.021484
97,0.865144,0.547676,24257.576172
98,0.866999,0.550523,24507.181641
99,0.867901,0.553826,24756.720703
0,0.743013,0.493524,0.004102
1,0.738204,0.491813,266.311859
2,0.737445,0.491250,515.760315
3,0.716257,0.480753,765.377380
4,0.677908,0.479841,1014.991821
5,0.649222,0.521895,1264.499512
6,0.682009,0.620262,1514.031616
7,0.729627,0.672305,1763.601440
8,0.814571,0.657238,2013.181274
9,0.896122,0.559969,2262.728516
10,0.893035,0.531969,2512.300293
11,0.862727,0.516370,2761.864746
12,0.917164,0.507451,3011.475098
13,0.975185,0.508865,3261.015869
14,0.998614,0.515225,3510.587891
15,0.015500,0.519744,3760.122314
16,0.041428,0.528747,4009.682373
17,0.070658,0.530568,4259.220215
18,0.098359,0.531691,4508.846191
19,0.120511,0.533282,4758.399902
20,0.140653,0.531172,5007.950684
21,0.162859,0.517944,5257.529785
22,0.198684,0.455349,5507.069824
23,0.225510,0.427632,5756.625488
24,0.261449,0.443185,6006.204590
25,0.296375,0.485683,6255.800781
26,0.323206,0.520576,6505.313477
27,0.324464,0.521057,6754.877930
28,0.309283,0.437268,7004.535156
29,0.281910,0.358815,7254.042480
30,0.267125,0.387154,7503.594727
31,0.196293,0.581735,7753.132812
32,0.095142,0.727980,8002.784180
33,0.026317,0.820313,8252.329102
34,0.930820,0.808156,8501.807617
35,0.804898,0.786774,8751.374023
36,0.698585,0.723641,9000.985352
37,0.625996,0.666847,9250.504883
38,0.585960,0.614202,9500.127930
39,0.561554,0.577265,9766.301758
40,0.529804,0.560457,10015.941406
41,0.503370,0.553976,10265.464844
42,0.480607,0.539975,10514.967773
43,0.462977,0.521306,10764.536133
44,0.438831,0.520800,11014.132812
45,0.416676,0.524269,11263.656250
46,0.399336,0.527363,11513.225586
47,0.386450,0.528003,11762.812500
48,0.375540,0.527961,12012.426758
49,0.366962,0.524387,12261.925781
50,0.362000,0.516678,12511.502930
51,0.365215,0.485123,12761.047852
52,0.369021,0.444826,13010.600586
53,0.375021,0.409368,13260.203125
54,0.396366,0.382887,13509.732422
55,0.423715,0.374209,13759.307617
56,0.464968,0.423753,14008.848633
57,0.504655,0.483119,14258.446289
58,0.529475,0.493449,14508.019531
59,0.560939,0.496588,14757.562500
60,0.612951,0.500869,15007.150391
61,0.642814,0.499723,15256.683594
62,0.666401,0.492842,15506.274414
63,0.695572,0.494494,15755.813477
64,0.727522,0.497369,16005.481445
65,0.717344,0.452067,16254.928711
66,0.675440,0.374481,16504.500000
67,0.636004,0.346021,16754.085938
68,0.630078,0.321001,17003.718750
69,0.669274,0.281937,17253.216797
70,0.723444,0.268217,17502.757812
71,0.791472,0.302538,17752.308594
72,0.831105,0.358697,18001.894531
73,0.847014,0.401257,18251.472656
74,0.872436,0.423608,18501.021484
75,0.898926,0.439053,18750.582031
76,0.912223,0.470708,19000.119141
77,0.927698,0.529257,19266.433594
78,0.946153,0.593144,19515.904297
79,0.973038,0.606457,19765.464844
80,0.002463,0.601555,20015.068359
81,0.024604,0.588428,20264.652344
82,0.032656,0.581004,20514.181641
83,0.024902,0.577388,20763.767578
84,0.006525,0.576287,21013.312500
85,0.984427,0.580512,21262.869141
86,0.958738,0.583907,21512.417969
87,0.921725,0.576863,21761.968750
88,0.888109,0.584624,22011.550781
89,0.851645,0.593123,22261.101562
90,0.803571,0.617808,22510.693359
91,0.769956,0.630110,22760.238281
92,0.755425,0.630760,23009.802734
93,0.723302,0.610313,23259.449219
94,0.698416,0.585391,23508.929688
95,0.688452,0.553399,23758.486328
96,0.670123,0.477569,24008.068359
97,0.674672,0.415253,24257.656250
98,0.699816,0.356036,24507.173828
99,0.752451,0.326973,24756.761719
0,0.749976,0.509899,0.061848
1,0.749571,0.518750,266.222687
2,0.737670,0.569057,515.876404
3,0.712683,0.600684,765.342468
4,0.743307,0.574395,1014.939331
5,0.862832,0.553041,1264.474854
6,0.943600,0.549074,1514.028931
7,0.973656,0.557158,1763.653320
8,0.003913,0.558599,2013.162476
9,0.051990,0.551118,2262.775635
10,0.086952,0.544893,2512.311035
11,0.109947,0.540063,2761.907227
12,0.112582,0.528393,3011.418701
13,0.096507,0.530850,3260.975342
14,0.075202,0.536574,3510.587891
15,0.029635,0.543038,3760.104980
16,0.957924,0.545911,4009.772949
17,0.872334,0.539382,4259.235840
18,0.790834,0.530036,4508.829102
19,0.727401,0.528442,4758.376953
20,0.675050,0.525016,5007.930664
21,0.612139,0.530761,5257.564453
22,0.551513,0.533901,5507.076660
23,0.516853,0.524824,5756.618164
24,0.495931,0.488795,6006.162598
25,0.457367,0.446624,6255.845215
26,0.415138,0.433276,6505.342285
27,0.397029,0.441874,6754.893066
28,0.385244,0.441942,7004.501465
29,0.373753,0.413136,7254.067383
30,0.369024,0.374199,7503.562988
31,0.372900,0.358255,7753.136230
32,0.434614,0.437510,8002.785156
33,0.495853,0.492979,8252.352539
34,0.521835,0.514746,8501.875977
35,0.535907,0.527485,8751.375977
36,0.629225,0.519245,9001.030273
37,0.662206,0.528514,9250.603516
38,0.642164,0.539596,9500.071289
39,0.582500,0.575056,9766.292969
40,0.518494,0.591159,10015.859375
41,0.420129,0.570081,10265.417969
42,0.379289,0.544527,10515.000977
43,0.373473,0.531778,10764.544922
44,0.364565,0.517555,11014.136719
45,0.356327,0.510484,11263.665039
46,0.332917,0.493006,11513.267578
47,0.298415,0.490292,11762.799805
48,0.292860,0.499943,12012.392578
49,0.301314,0.512560,12261.947266
50,0.296735,0.530046,12511.487305
51,0.282694,0.540289,12761.055664
52,0.252238,0.544616,13010.642578
53,0.222699,0.543309,13260.182617
54,0.205443,0.548413,13509.727539
55,0.178868,0.543734,13759.295898
56,0.157289,0.540760,14008.853516
57,0.135940,0.525130,14258.449219
58,0.118558,0.504777,14508.001953
59,0.113084,0.468037,14757.608398
60,0.111327,0.460498,15007.114258
61,0.089400,0.483815,15256.794922
62,0.071393,0.512525,15506.241211
63,0.046547,0.538484,15755.815430
64,0.033037,0.559198,16005.410156
65,0.027459,0.581948,16254.991211
66,0.049319,0.605331,16504.498047
67,0.134626,0.620725,16754.076172
68,0.213849,0.610792,17003.705078
69,0.291180,0.570803,17253.244141
70,0.346496,0.533266,17502.787109
71,0.366175,0.455942,17752.308594
72,0.383504,0.380386,18001.916016
73,0.408596,0.344964,18251.474609
74,0.451709,0.395615,18501.064453
75,0.502134,0.458041,18750.591797
76,0.536766,0.477390,19000.187500
77,0.596229,0.482197,19266.406250
78,0.670441,0.487196,19515.906250
79,0.700534,0.517818,19765.486328
80,0.731675,0.566723,20015.042969
81,0.764566,0.590099,20264.640625
82,0.810812,0.602622,20514.162109
83,0.848160,0.603723,20763.757812
84,0.877815,0.592111,21013.281250
85,0.903918,0.573109,21262.875000
86,0.930272,0.557651,21512.416016
87,0.950790,0.556593,21761.978516
88,0.970417,0.561614,22011.546875
89,0.974435,0.565214,22261.146484
90,0.984138,0.563323,22510.683594
91,0.009340,0.551132,22760.238281
92,0.047476,0.526563,23009.802734
93,0.065371,0.486248,23259.351562
94,0.062879,0.451070,23508.931641
95,0.048418,0.431898,23758.486328
96,0.039335,0.436718,24008.068359
97,0.035186,0.451973,24257.707031
98,0.018392,0.460464,24507.226562
99,0.989611,0.464224,24756.757812
0,0.749276,0.474386,-0.002985
1,0.749836,0.466866,266.161713
2,0.758526,0.502108,515.741455
3,0.749161,0.554936,765.439026
4,0.721077,0.637827,1014.879089
5,0.693169,0.673634,1264.522583
6,0.626199,0.691875,1513.973877
7,0.536341,0.692063,1763.596436
8,0.495133,0.672325,2013.111450
9,0.474473,0.650335,2262.725098
10,0.459268,0.573225,2512.203613
11,0.449619,0.471401,2761.869385
12,0.455016,0.402855,3011.316650
13,0.450760,0.365662,3260.942871
14,0.436794,0.359756,3510.493164
15,0.422816,0.356044,3760.052002
16,0.409632,0.331395,4009.723633
17,0.393338,0.313606,4259.208008
18,0.377432,0.315432,4508.877441
19,0.362361,0.323354,4758.302734
20,0.351766,0.341049,5007.906250
21,0.344987,0.371795,5257.489258
22,0.344042,0.413212,5507.060059
23,0.348798,0.463488,5756.573730
24,0.350756,0.504488,6006.219727
25,0.354295,0.516227,6255.722168
26,0.356422,0.524414,6505.268066
27,0.347455,0.528779,6754.910156
28,0.319448,0.529830,7004.412109
29,0.283029,0.526122,7254.010254
30,0.254427,0.533631,7503.490234
31,0.229505,0.547899,7753.143066
32,0.215383,0.548371,8002.690918
33,0.203035,0.564320,8252.300781
34,0.201448,0.560996,8501.770508
35,0.213151,0.515118,8751.364258
36,0.224525,0.454900,9000.944336
37,0.252014,0.387417,9250.451172
38,0.291840,0.332735,9516.718750
39,0.335559,0.305826,9766.222656
40,0.362685,0.307854,10015.837891
41,0.378229,0.328798,10265.379883
42,0.415626,0.346555,10514.961914
43,0.474893,0.369275,10764.454102
44,0.522726,0.416934,11014.068359
45,0.568754,0.472261,11263.541992
46,0.611105,0.488280,11513.241211
47,0.649870,0.498367,11762.660156
48,0.680561,0.538127,12012.323242
49,0.710777,0.618145,12261.819336
50,0.746092,0.648834,12511.488281
51,0.785563,0.651672,12761.073242
52,0.809094,0.641228,13010.523438
53,0.819270,0.580976,13260.157227
54,0.819078,0.492152,13509.656250
55,0.813243,0.415455,13759.286133
56,0.805029,0.342819,14008.745117
57,0.803328,0.279625,14258.463867
58,0.818375,0.237666,14507.876953
59,0.831050,0.204722,14757.522461
60,0.850537,0.196428,15006.992188
61,0.896588,0.219436,15256.603516
62,0.953877,0.307674,15506.272461
63,0.979428,0.417637,15755.718750
64,0.996570,0.497085,16005.370117
65,0.017540,0.534076,16254.858398
66,0.045669,0.533597,16504.494141
67,0.068682,0.544093,16753.943359
68,0.098568,0.547105,17003.589844
69,0.131294,0.538301,17253.107422
70,0.143903,0.529289,17502.689453
71,0.132802,0.504449,17752.220703
72,0.116801,0.448068,18001.796875
73,0.093772,0.336287,18251.404297
74,0.061323,0.280855,18500.910156
75,0.022470,0.250965,18750.644531
76,0.951144,0.214032,19000.134766
77,0.903595,0.215293,19266.296875
78,0.882951,0.326408,19515.767578
79,0.869719,0.453183,19765.447266
80,0.855418,0.510056,20014.880859
81,0.848719,0.519557,20264.578125
82,0.813919,0.514952,20514.007812
83,0.725476,0.476731,20763.626953
84,0.629157,0.445026,21013.296875
85,0.556483,0.446138,21262.796875
86,0.520250,0.435618,21512.437500
87,0.501329,0.461760,21761.851562
88,0.485901,0.508289,22011.519531
89,0.444382,0.529712,22377.537109
90,0.427546,0.529689,22510.623047
91,0.408229,0.517636,22760.126953
92,0.398263,0.516847,23009.736328
93,0.403536,0.513275,23259.253906
94,0.405888,0.508630,23508.851562
95,0.397523,0.473895,23758.431641
96,0.392202,0.416605,24007.941406
97,0.393130,0.377038,24257.613281
98,0.395449,0.342644,24507.048828
99,0.387949,0.331963,24756.777344
