Idx, longitude, latitude, start timestamp
0,0.735516,0.453889,0.027800
1,0.717660,0.453531,266.106812
2,0.710033,0.453808,515.726746
3,0.716715,0.443230,765.269409
4,0.731803,0.434235,1014.904480
5,0.758032,0.431037,1264.479370
6,0.789968,0.431150,1514.001465
7,0.820335,0.420952,1763.655396
8,0.841449,0.402614,2013.090088
9,0.855404,0.383538,2262.708984
10,0.872572,0.378989,2512.234375
11,0.892205,0.396605,2761.819092
12,0.903148,0.422788,3011.333740
13,0.913629,0.452438,3260.989746
14,0.924536,0.465272,3510.510010
15,0.939649,0.475464,3760.080078
16,0.956686,0.511615,4009.578857
17,0.962919,0.547793,4259.254883
18,0.957743,0.555398,4508.815918
19,0.953067,0.557644,4758.318848
20,0.946260,0.564573,5007.918945
21,0.936414,0.601490,5257.454102
22,0.924534,0.657443,5507.082520
23,0.923431,0.690835,5756.565430
24,0.924736,0.708402,6006.188477
25,0.926481,0.727961,6255.625000
26,0.912537,0.757802,6521.936523
27,0.886493,0.784144,6771.485352
28,0.873069,0.806480,7004.419434
29,0.875669,0.811567,7253.934570
30,0.908901,0.807693,7503.504395
31,0.928097,0.807709,7753.142090
32,0.929625,0.811279,8002.607422
33,0.922052,0.817048,8252.291016
34,0.899734,0.816317,8501.706055
35,0.804963,0.783969,8784.576172
36,0.709963,0.741215,9034.116211
37,0.629619,0.709284,9250.572266
38,0.525473,0.687835,9516.664062
39,0.453914,0.677603,9766.196289
40,0.409606,0.671734,10049.123047
41,0.448523,0.680857,10265.363281
42,0.473682,0.688766,10514.936523
43,0.436454,0.691853,10764.474609
44,0.376862,0.691957,11030.669922
45,0.334949,0.699882,11263.597656
46,0.314811,0.693698,11513.212891
47,0.338956,0.672985,11762.729492
48,0.402736,0.637721,12012.330078
49,0.435502,0.622649,12261.798828
50,0.470314,0.613356,12511.434570
51,0.506146,0.599548,12760.883789
52,0.528762,0.591736,13010.508789
53,0.557432,0.590460,13326.633789
54,0.580523,0.603073,13576.291016
55,0.599545,0.608660,13759.299805
56,0.620113,0.622569,14008.775391
57,0.628133,0.628146,14258.424805
58,0.632823,0.636290,14524.539062
59,0.632252,0.623687,14774.176758
60,0.629796,0.617616,15006.967773
61,0.639286,0.594330,15256.622070
62,0.647965,0.546044,15506.088867
63,0.653692,0.490131,15772.362305
64,0.659038,0.467125,16005.207031
65,0.665497,0.438428,16254.888672
66,0.666086,0.393875,16504.380859
67,0.659895,0.348999,16753.935547
68,0.661010,0.352980,17003.578125
69,0.653130,0.339637,17253.085938
70,0.603916,0.335227,17502.740234
71,0.571045,0.348041,17752.179688
72,0.556324,0.368442,18018.462891
73,0.543017,0.390158,18251.333984
74,0.522481,0.432341,18500.923828
75,0.511399,0.474891,18750.458984
76,0.517501,0.543465,19000.025391
77,0.531604,0.571191,19266.328125
78,0.555340,0.593870,19515.767578
79,0.576782,0.611936,19765.458984
80,0.601404,0.630790,20014.921875
81,0.634012,0.644436,20264.550781
82,0.664373,0.657247,20514.031250
83,0.680615,0.671341,20763.630859
84,0.718722,0.689680,21063.126953
85,0.765077,0.698890,21312.650391
86,0.787319,0.698141,21512.224609
87,0.827361,0.696438,21761.884766
88,0.870974,0.691680,22011.552734
89,0.891330,0.678614,22260.966797
90,0.891109,0.639255,22510.634766
91,0.881018,0.595918,22760.162109
92,0.875317,0.567387,23009.742188
93,0.861227,0.527762,23275.873047
94,0.852709,0.503470,23508.929688
95,0.842279,0.474945,23758.322266
96,0.832628,0.445291,24007.939453
97,0.832152,0.411357,24257.453125
98,0.842890,0.381672,24507.060547
99,0.856123,0.365213,24756.697266
0,0.749329,0.446319,0.018326
1,0.748857,0.443793,266.322235
2,0.744583,0.420440,515.822998
3,0.741305,0.346308,765.437988
4,0.731156,0.291530,1014.901733
5,0.718237,0.269704,1264.562256
6,0.790112,0.267157,1513.992065
7,0.883455,0.325521,1763.728394
8,0.949959,0.395877,2013.112305
9,0.974705,0.424247,2262.754883
10,0.986602,0.439553,2512.278564
11,0.994721,0.508821,2761.898438
12,0.002266,0.593396,3011.514648
13,0.000855,0.680311,3260.979736
14,0.992072,0.739414,3510.640381
15,0.978601,0.790124,3760.104004
16,0.952605,0.813102,4009.693115
17,0.775091,0.826720,4259.281738
18,0.691525,0.813340,4508.846680
19,0.639486,0.821516,4758.305176
20,0.600596,0.833529,5007.925293
21,0.568010,0.818958,5257.517090
22,0.526368,0.749676,5507.124512
23,0.521851,0.711821,5756.702148
24,0.533776,0.697578,6006.280273
25,0.547701,0.680747,6255.822266
26,0.545156,0.668578,6505.315918
27,0.543791,0.659065,6754.946777
28,0.541792,0.645707,7004.395508
29,0.535626,0.585770,7254.028809
30,0.544729,0.504460,7503.510254
31,0.546281,0.478195,7753.175293
32,0.544233,0.467053,8002.672363
33,0.550308,0.460545,8252.263672
34,0.557063,0.456637,8501.772461
35,0.559543,0.455421,8751.380859
36,0.558665,0.459843,9001.014648
37,0.555008,0.468354,9250.468750
38,0.553839,0.472209,9500.153320
39,0.555023,0.472745,9849.460938
40,0.574812,0.460357,10098.987305
41,0.591460,0.441474,10265.325195
42,0.609501,0.418297,10598.092773
43,0.632680,0.394717,10764.467773
44,0.642321,0.373276,11097.250977
45,0.644561,0.361135,11263.705078
46,0.651524,0.351083,11513.203125
47,0.673966,0.351183,11862.543945
48,0.702309,0.363716,12012.325195
49,0.748842,0.380879,12261.937500
50,0.796894,0.392037,12511.417969
51,0.856838,0.394434,12761.041992
52,0.927867,0.411598,13010.530273
53,0.986711,0.454408,13260.178711
54,0.031494,0.439190,13509.689453
55,0.065310,0.400272,13759.293945
56,0.149998,0.387500,14008.788086
57,0.208659,0.425651,14258.441406
58,0.229108,0.481701,14591.187500
59,0.226565,0.499559,14757.501953
60,0.222961,0.500969,15007.180664
61,0.219811,0.481884,15339.929688
62,0.212388,0.443177,15589.400391
63,0.208263,0.428216,15839.019531
64,0.205508,0.423526,16071.920898
65,0.196719,0.437675,16338.121094
66,0.191822,0.442225,16571.011719
67,0.190529,0.445050,16820.587891
68,0.190322,0.445421,17070.119141
69,0.192284,0.457360,17319.695312
70,0.206615,0.597514,17569.232422
71,0.222286,0.638208,17818.849609
72,0.224926,0.653102,18068.453125
73,0.225854,0.654979,18317.974609
74,0.224616,0.654114,18567.601562
75,0.223653,0.651396,18817.078125
76,0.222759,0.647616,19066.669922
77,0.219227,0.626711,19316.179688
78,0.211376,0.597071,19565.794922
79,0.124342,0.512007,19815.292969
80,0.079033,0.450503,20064.898438
81,0.037365,0.441251,20314.437500
82,0.997960,0.441095,20564.080078
83,0.965650,0.453182,20813.560547
84,0.937608,0.475509,21063.197266
85,0.936009,0.497128,21312.753906
86,0.978687,0.517645,21562.269531
87,0.983838,0.520081,21811.871094
88,0.984272,0.518557,22061.427734
89,0.980170,0.522819,22310.988281
90,0.979989,0.517581,22560.535156
91,0.951428,0.489129,22810.150391
92,0.862697,0.477398,23059.615234
93,0.829856,0.465009,23309.250000
94,0.828969,0.465228,23558.726562
95,0.827401,0.465068,23808.373047
96,0.828120,0.482290,24057.853516
97,0.832933,0.535121,24307.521484
98,0.845084,0.582137,24557.089844
99,0.858305,0.594794,24806.578125
0,0.749897,0.521311,0.024411
1,0.749846,0.521738,266.321045
2,0.749208,0.523902,515.682312
3,0.746489,0.533114,765.347107
4,0.725988,0.568597,1014.864563
5,0.701300,0.615361,1264.455688
6,0.711985,0.642204,1513.984375
7,0.734682,0.671489,1763.541992
8,0.774036,0.684253,2013.102783
9,0.824635,0.684648,2262.658691
10,0.877742,0.688283,2512.181396
11,0.900612,0.691939,2761.871094
12,0.913642,0.678942,3011.467285
13,0.929658,0.623702,3260.927979
14,0.947646,0.547517,3510.410156
15,0.961220,0.502948,3760.070068
16,0.966433,0.482156,4009.684326
17,0.965381,0.471377,4259.192871
18,0.965291,0.473635,4508.757324
19,0.964509,0.474899,4758.298828
20,0.963423,0.452681,5007.875000
21,0.965255,0.408976,5257.373047
22,0.969218,0.376210,5507.055176
23,0.972000,0.367342,5756.515625
24,0.973910,0.367435,6006.168457
25,0.974080,0.370906,6255.782715
26,0.973103,0.373375,6505.292969
27,0.970358,0.372138,6754.852539
28,0.961053,0.373334,7004.394043
29,0.936410,0.374265,7253.970215
30,0.887793,0.365392,7503.526367
31,0.849478,0.373810,7753.087891
32,0.813901,0.402764,8002.601562
33,0.765464,0.462809,8252.320312
34,0.713387,0.529033,8568.369141
35,0.693685,0.565065,8817.881836
36,0.677320,0.576210,9067.502930
37,0.695542,0.600012,9316.966797
38,0.666416,0.597175,9566.581055
39,0.626101,0.569891,9816.194336
40,0.594687,0.546119,10065.720703
41,0.575556,0.543323,10315.316406
42,0.544949,0.540959,10564.854492
43,0.521132,0.533095,10797.822266
44,0.518886,0.536489,11047.352539
45,0.515186,0.544521,11296.957031
46,0.522164,0.531840,11546.413086
47,0.532969,0.495868,11796.024414
48,0.534258,0.481809,12045.539062
49,0.548006,0.448698,12295.149414
50,0.565962,0.417477,12544.659180
51,0.572326,0.399281,12777.679688
52,0.566654,0.407507,13027.140625
53,0.553547,0.412054,13276.771484
54,0.528311,0.416426,13509.662109
55,0.494094,0.410181,13759.254883
56,0.471632,0.405285,14008.750977
57,0.456760,0.423979,14258.402344
58,0.443554,0.471456,14524.672852
59,0.435516,0.507868,14774.119141
60,0.452982,0.524617,15007.116211
61,0.466748,0.533529,15256.614258
62,0.485468,0.531975,15506.239258
63,0.482628,0.533601,15789.019531
64,0.456007,0.531357,16022.031250
65,0.428367,0.532391,16254.853516
66,0.407643,0.537790,16521.152344
67,0.383437,0.552578,16770.644531
68,0.360139,0.567588,17003.619141
69,0.338332,0.576979,17253.152344
70,0.314916,0.585798,17519.339844
71,0.306657,0.588133,17752.216797
72,0.304793,0.584777,18001.867188
73,0.310404,0.568943,18251.443359
74,0.327622,0.549650,18500.994141
75,0.334957,0.524600,18750.601562
76,0.338091,0.493929,19000.103516
77,0.333411,0.464377,19266.353516
78,0.321583,0.445488,19515.867188
79,0.313265,0.444264,19765.441406
80,0.308701,0.448747,20098.193359
81,0.294441,0.443444,20347.832031
82,0.273485,0.436680,20597.306641
83,0.248146,0.434871,20863.542969
84,0.236665,0.434273,21013.199219
85,0.221785,0.448002,21262.812500
86,0.217043,0.449469,21595.517578
87,0.217704,0.451192,21845.173828
88,0.227845,0.459681,22011.537109
89,0.249862,0.499387,22261.060547
90,0.263210,0.540719,22510.636719
91,0.263254,0.572157,22760.136719
92,0.251244,0.584545,23009.816406
93,0.225527,0.621095,23342.550781
94,0.202117,0.644861,23592.144531
95,0.179871,0.630766,23841.619141
96,0.183187,0.560404,24091.287109
97,0.200649,0.476720,24324.175781
98,0.228774,0.406718,24573.734375
99,0.245482,0.372830,24839.917969
0,0.749931,0.455922,-0.015466
1,0.742655,0.485453,266.211395
2,0.729139,0.533046,515.757996
3,0.725299,0.576342,765.318909
4,0.690849,0.609224,1014.863281
5,0.653209,0.611633,1264.495605
6,0.600842,0.607112,1513.988159
7,0.565285,0.593394,1763.572266
8,0.525420,0.606878,2063.023926
9,0.520412,0.618080,2279.270264
10,0.521167,0.620472,2512.306396
11,0.522431,0.618321,2761.790039
12,0.523348,0.613860,3011.381348
13,0.523722,0.613795,3277.536377
14,0.523851,0.593945,3510.549561
15,0.514297,0.558459,3760.020752
16,0.509749,0.497647,4009.705566
17,0.510094,0.442373,4259.097168
18,0.515390,0.390189,4508.730957
19,0.518898,0.342624,4758.188477
20,0.516746,0.304064,5007.859375
21,0.519707,0.271556,5257.303223
22,0.531866,0.226658,5556.851562
23,0.543652,0.183102,5789.839844
24,0.560688,0.163563,6006.107422
25,0.590981,0.156388,6255.675293
26,0.628360,0.186000,6505.149902
27,0.683134,0.247565,6771.414062
28,0.753519,0.320281,7004.234863
29,0.806159,0.343504,7253.904297
30,0.837392,0.345323,7503.346680
31,0.872133,0.339217,7769.649902
32,0.914599,0.340010,8002.498047
33,0.947071,0.348121,8252.127930
34,0.972536,0.357796,8501.734375
35,0.000505,0.366075,8751.247070
36,0.016310,0.364092,9000.828125
37,0.035995,0.349464,9250.333008
38,0.061589,0.337566,9500.032227
39,0.096639,0.367004,9782.675781
40,0.115682,0.463019,10032.323242
41,0.134628,0.524143,10265.208008
42,0.149939,0.539493,10514.877930
43,0.180014,0.548249,10764.318359
44,0.205207,0.551626,11013.914062
45,0.215539,0.548610,11263.493164
46,0.226176,0.544835,11513.052734
47,0.239046,0.540207,11829.136719
48,0.233339,0.524446,12061.967773
49,0.221448,0.504211,12261.789062
50,0.204214,0.465089,12511.242188
51,0.193124,0.436137,12760.829102
52,0.188439,0.419422,13010.303711
53,0.188818,0.447838,13293.232422
54,0.191572,0.500825,13509.418945
55,0.202109,0.540970,13759.052734
56,0.207787,0.562174,14008.529297
57,0.197530,0.575286,14274.802734
58,0.195293,0.592563,14507.816406
59,0.216585,0.641623,14757.325195
60,0.249830,0.653696,15006.931641
61,0.283263,0.682542,15323.064453
62,0.305015,0.702473,15506.018555
63,0.307354,0.703829,15755.476562
64,0.312910,0.704292,16005.130859
65,0.292287,0.689663,16271.280273
66,0.247325,0.664459,16504.251953
67,0.220397,0.652605,16753.759766
68,0.167825,0.617692,17003.412109
69,0.120144,0.584177,17252.810547
70,0.067240,0.540911,17519.111328
71,0.030263,0.533913,17768.722656
72,0.004476,0.539129,18001.552734
73,0.990234,0.545157,18251.208984
74,0.975198,0.544055,18500.644531
75,0.959169,0.541398,18816.779297
76,0.930290,0.532026,19016.455078
77,0.891292,0.528076,19266.027344
78,0.857879,0.528531,19515.548828
79,0.805892,0.527211,19765.115234
80,0.743368,0.536706,20047.984375
81,0.687957,0.546717,20264.250000
82,0.634171,0.537509,20513.947266
83,0.599975,0.525365,20763.367188
84,0.570500,0.529052,21029.582031
85,0.542981,0.533700,21262.496094
86,0.514914,0.533169,21512.103516
87,0.489946,0.533379,21778.218750
88,0.471172,0.540980,22077.648438
89,0.458140,0.540533,22260.640625
90,0.442573,0.522527,22510.322266
91,0.433332,0.486205,22759.750000
92,0.415285,0.479574,23009.437500
93,0.386477,0.496822,23292.261719
94,0.372655,0.503057,23508.509766
95,0.365317,0.472284,23758.097656
96,0.371428,0.402017,24007.607422
97,0.388878,0.290825,24257.246094
98,0.404281,0.237818,24506.720703
99,0.411239,0.231021,24756.410156
0,0.761121,0.431514,-0.022731
1,0.772161,0.490817,266.207397
2,0.782520,0.479433,515.672668
3,0.792624,0.417728,765.328064
4,0.807034,0.342095,1014.795593
5,0.814811,0.291561,1264.437988
6,0.821002,0.272403,1513.940796
7,0.830392,0.274250,1763.517212
8,0.846550,0.283128,2013.160522
9,0.876917,0.313926,2262.626709
10,0.939235,0.346908,2512.306641
11,0.021776,0.379481,2761.779053
12,0.080641,0.416206,3011.425049
13,0.098758,0.450038,3260.891602
14,0.106957,0.474591,3510.525635
15,0.111481,0.499529,3760.037598
16,0.106292,0.565532,4009.541260
17,0.083292,0.639791,4259.138672
18,0.045573,0.701041,4508.723145
19,0.006862,0.757856,4758.343750
20,0.968663,0.802329,5007.896484
21,0.931006,0.828011,5257.527344
22,0.899615,0.830034,5506.958496
23,0.894926,0.807356,5756.638672
24,0.900762,0.777289,6006.153809
25,0.871452,0.753523,6255.709473
26,0.764324,0.679699,6505.226074
27,0.689444,0.615378,6754.823730
28,0.666536,0.583698,7004.348633
29,0.652705,0.580552,7253.937500
30,0.635213,0.604337,7503.544922
31,0.619812,0.607279,7753.120117
32,0.610958,0.590600,8002.601074
33,0.599726,0.582751,8252.238281
34,0.539431,0.604243,8501.793945
35,0.482994,0.612223,8751.358398
36,0.472863,0.612662,9000.911133
37,0.454955,0.625519,9250.533203
38,0.445828,0.647104,9500.030273
39,0.439616,0.682591,9766.268555
40,0.433613,0.722849,10015.775391
41,0.425408,0.732727,10265.356445
42,0.410822,0.730295,10514.945312
43,0.396360,0.725560,10764.530273
44,0.393647,0.723206,11014.007812
45,0.402518,0.695032,11263.677734
46,0.409664,0.594866,11513.176758
47,0.414275,0.491132,11762.747070
48,0.429314,0.440333,12012.314453
49,0.439144,0.431569,12261.901367
50,0.450831,0.416158,12511.395508
51,0.500053,0.365055,12760.984375
52,0.522630,0.352605,13010.517578
53,0.523423,0.368050,13260.223633
54,0.520805,0.395760,13509.597656
55,0.518493,0.434853,13759.263672
56,0.518381,0.473577,14008.904297
57,0.521097,0.503145,14258.458008
58,0.523357,0.518541,14507.988281
59,0.525379,0.529273,14757.543945
60,0.525563,0.542045,15007.077148
61,0.523574,0.550165,15256.640625
62,0.523152,0.558085,15506.199219
63,0.522896,0.563453,15755.751953
64,0.522915,0.566229,16005.341797
65,0.526119,0.571021,16254.871094
66,0.532136,0.584331,16504.472656
67,0.536596,0.609900,16753.994141
68,0.537588,0.619796,17003.554688
69,0.539979,0.621344,17253.191406
70,0.545506,0.618813,17502.728516
71,0.551029,0.617557,17752.361328
72,0.559770,0.618426,18001.847656
73,0.579510,0.612688,18251.433594
74,0.614688,0.601733,18500.951172
75,0.650809,0.590913,18750.583984
76,0.690320,0.583647,19000.078125
77,0.720758,0.588349,19266.269531
78,0.743807,0.603130,19516.021484
79,0.762986,0.624073,19765.388672
80,0.777117,0.639344,20015.039062
81,0.788863,0.657885,20264.564453
82,0.801666,0.677048,20514.162109
83,0.818731,0.691172,20763.667969
84,0.844568,0.676838,21029.882812
85,0.872662,0.638781,21262.873047
86,0.900070,0.604243,21512.367188
87,0.930756,0.581020,21761.900391
88,0.963327,0.564352,22011.498047
89,0.991424,0.550136,22261.042969
90,0.016383,0.518448,22510.673828
91,0.058332,0.478889,22760.228516
92,0.104916,0.465500,23009.820312
93,0.129335,0.464492,23259.386719
94,0.143675,0.453315,23508.892578
95,0.143697,0.450887,23758.490234
96,0.138275,0.471683,24008.017578
97,0.137257,0.486242,24257.625000
98,0.145587,0.514826,24523.765625
99,0.164213,0.570626,24756.757812
0,0.750155,0.515748,0.017897
1,0.750304,0.516209,266.284180
2,0.750503,0.516974,515.716003
3,0.750717,0.519177,765.415527
4,0.750395,0.525158,1014.981689
5,0.749236,0.538201,1264.462158
6,0.746900,0.554321,1514.152710
7,0.741890,0.572252,1763.592651
8,0.732658,0.587231,2013.224731
9,0.723997,0.606026,2262.686035
10,0.717374,0.630554,2512.337891
11,0.713246,0.654919,2761.858887
12,0.710814,0.681250,3044.664307
13,0.708617,0.694246,3294.342285
14,0.695405,0.698439,3560.454346
15,0.667100,0.691254,3810.083252
16,0.645324,0.673296,4059.525879
17,0.639847,0.632001,4309.212891
18,0.642501,0.560217,4558.640137
19,0.639662,0.495703,4808.315918
20,0.627024,0.444424,5057.993164
21,0.610306,0.401065,5307.413574
22,0.583464,0.377214,5557.038086
23,0.560623,0.361555,5806.549805
24,0.540128,0.349237,6056.135742
25,0.519455,0.341428,6305.665527
26,0.501208,0.338152,6555.304688
27,0.491091,0.340403,6804.748047
28,0.483584,0.367539,7054.373047
29,0.461567,0.401576,7303.850098
30,0.442176,0.427562,7570.188965
31,0.435007,0.439218,7803.043457
32,0.431731,0.446517,8052.623047
33,0.432655,0.449041,8302.256836
34,0.434957,0.453568,8551.757812
35,0.435765,0.465525,8801.368164
36,0.437810,0.478990,9034.264648
37,0.439557,0.508933,9283.842773
38,0.437663,0.529524,9533.340820
39,0.437781,0.552005,9782.949219
40,0.437011,0.558629,10032.500977
41,0.437388,0.561703,10282.109375
42,0.444156,0.564902,10531.623047
43,0.461531,0.569597,10781.226562
44,0.465236,0.570074,11014.093750
45,0.463526,0.566677,11263.732422
46,0.460122,0.547491,11513.249023
47,0.456174,0.529197,11762.852539
48,0.442656,0.504133,12012.324219
49,0.435643,0.477007,12261.958008
50,0.435112,0.465141,12511.444336
51,0.435232,0.463717,12777.718750
52,0.437905,0.464501,13010.668945
53,0.444477,0.462680,13260.156250
54,0.455637,0.456034,13526.444336
55,0.463342,0.451594,13775.963867
56,0.478729,0.442938,14025.577148
57,0.493429,0.435457,14258.426758
58,0.507381,0.431678,14508.022461
59,0.520844,0.425116,14774.140625
60,0.547704,0.401758,15023.786133
61,0.575058,0.378848,15273.457031
62,0.587748,0.375931,15539.534180
63,0.595075,0.386632,15789.110352
64,0.593335,0.403749,16022.070312
65,0.589648,0.426464,16271.673828
66,0.586620,0.450789,16521.126953
67,0.582766,0.468600,16770.742188
68,0.573101,0.478660,17020.238281
69,0.568719,0.485768,17269.931641
70,0.572891,0.488437,17519.337891
71,0.569024,0.500414,17752.351562
72,0.553675,0.526094,18001.869141
73,0.545623,0.556061,18268.109375
74,0.541924,0.578112,18517.757812
75,0.541453,0.587074,18767.208984
76,0.542254,0.591335,19016.867188
77,0.542346,0.597218,19266.320312
78,0.542700,0.601199,19516.001953
79,0.545148,0.607071,19765.445312
80,0.546685,0.610425,20015.021484
81,0.560448,0.622875,20264.605469
82,0.595387,0.642004,20530.865234
83,0.649311,0.643664,20763.742188
84,0.693899,0.640716,21013.322266
85,0.737405,0.637612,21262.978516
86,0.765386,0.625086,21529.083984
87,0.770706,0.607284,21778.716797
88,0.770879,0.570394,22011.542969
89,0.767501,0.506580,22261.205078
90,0.760317,0.451278,22510.681641
91,0.757352,0.415403,22760.345703
92,0.767385,0.393501,23009.808594
93,0.787071,0.381525,23259.417969
94,0.814128,0.372448,23525.527344
95,0.841702,0.369199,23758.527344
96,0.871177,0.368519,24008.011719
97,0.900004,0.373810,24274.271484
98,0.924387,0.387405,24523.890625
99,0.950422,0.405033,24756.835938
0,0.749142,0.490303,-0.032098
1,0.746673,0.496427,266.161591
2,0.739589,0.492160,515.739685
3,0.730567,0.473290,765.260864
4,0.690508,0.443806,1014.811646
5,0.644505,0.401441,1264.386841
6,0.631180,0.363800,1514.061646
7,0.597941,0.347554,1763.495728
8,0.557567,0.339224,2013.123657
9,0.550349,0.334489,2262.643066
10,0.544801,0.344673,2512.237793
11,0.542661,0.353783,2761.798340
12,0.547684,0.351004,3011.336670
13,0.585459,0.298070,3261.003418
14,0.627858,0.234619,3510.537842
15,0.656225,0.202807,3760.119141
16,0.688375,0.178934,4009.581787
17,0.709875,0.164696,4259.183594
18,0.749972,0.160887,4508.703125
19,0.795522,0.152084,4758.300781
20,0.796897,0.132579,5007.848145
21,0.797413,0.130283,5257.433594
22,0.790448,0.124158,5507.058105
23,0.798639,0.122174,5756.574707
24,0.839003,0.165539,6006.125488
25,0.865843,0.256454,6255.693359
26,0.868806,0.362951,6505.252930
27,0.861573,0.438540,6754.774902
28,0.843233,0.462267,7004.380371
29,0.823089,0.527948,7253.975586
30,0.776180,0.608797,7503.514160
31,0.740962,0.635541,7753.045410
32,0.726558,0.647166,8002.650391
33,0.734151,0.657031,8252.270508
34,0.765160,0.659352,8501.783203
35,0.778054,0.671536,8751.331055
36,0.773309,0.687353,9000.855469
37,0.794232,0.663585,9250.458984
38,0.836814,0.637765,9516.658203
39,0.872611,0.619933,9766.207031
40,0.901089,0.610924,10015.789062
41,0.917673,0.607343,10265.412109
42,0.924709,0.601847,10514.899414
43,0.925034,0.593992,10764.451172
44,0.946526,0.543880,11014.106445
45,0.970437,0.511298,11263.602539
46,0.986195,0.474020,11513.158203
47,0.998055,0.428730,11762.689453
48,0.006948,0.406756,12012.312500
49,0.011013,0.403695,12261.916016
50,0.014355,0.399124,12511.421875
51,0.050793,0.382094,12761.016602
52,0.074455,0.380707,13010.530273
53,0.088066,0.461471,13260.089844
54,0.098347,0.541482,13509.696289
55,0.095744,0.562478,13759.206055
56,0.089092,0.560932,14008.893555
57,0.073139,0.553605,14258.348633
58,0.068579,0.559819,14507.989258
59,0.081451,0.559670,14757.490234
60,0.100466,0.553665,15007.044922
61,0.124256,0.543170,15256.632812
62,0.146332,0.534367,15506.234375
63,0.166577,0.526653,15755.791016
64,0.186760,0.509963,16005.290039
65,0.202617,0.476761,16254.875000
66,0.216032,0.458372,16504.462891
67,0.229480,0.452705,16754.048828
68,0.243149,0.457464,17003.587891
69,0.254080,0.478473,17253.169922
70,0.259609,0.535173,17502.742188
71,0.255821,0.536310,17752.242188
72,0.237578,0.475541,18001.853516
73,0.196533,0.434707,18251.369141
74,0.152615,0.418804,18500.994141
75,0.128347,0.414562,18750.527344
76,0.110125,0.417499,19000.166016
77,0.088288,0.418655,19266.267578
78,0.051450,0.419242,19515.845703
79,0.019442,0.417965,19765.398438
80,0.995913,0.407769,20015.025391
81,0.984758,0.394860,20264.507812
82,0.965250,0.378078,20514.078125
83,0.873961,0.354302,20763.677734
84,0.750734,0.315261,21013.314453
85,0.656976,0.321120,21262.806641
86,0.599378,0.342641,21512.349609
87,0.540272,0.377055,21761.939453
88,0.518476,0.388001,22011.447266
89,0.515783,0.397203,22261.025391
90,0.500628,0.403987,22510.582031
91,0.453311,0.379914,22760.216797
92,0.418809,0.355954,23009.732422
93,0.407947,0.432529,23259.275391
94,0.406552,0.536852,23508.884766
95,0.399622,0.555389,23758.498047
96,0.376720,0.512723,24007.998047
97,0.354668,0.444470,24257.521484
98,0.332264,0.420440,24507.183594
99,0.293106,0.412064,24756.777344
0,0.744642,0.528314,-0.000623
1,0.738198,0.527687,266.238159
2,0.741773,0.504176,515.795105
3,0.752769,0.445199,765.376648
4,0.767132,0.412806,1014.997009
5,0.792704,0.378730,1264.455811
6,0.826769,0.356160,1514.083740
7,0.861501,0.348693,1763.552856
8,0.887052,0.344434,2013.290161
9,0.910555,0.350193,2262.713135
10,0.942063,0.358324,2512.310791
11,0.967379,0.349410,2761.853516
12,0.976596,0.309480,3011.459961
13,0.987182,0.251769,3260.957764
14,0.988217,0.172363,3510.565186
15,0.995164,0.134361,3760.188232
16,0.978542,0.097877,4009.727295
17,0.925374,0.069246,4259.210938
18,0.852503,0.055685,4508.753418
19,0.791682,0.050665,4758.408691
20,0.751076,0.053067,5007.911621
21,0.699170,0.056625,5257.572754
22,0.640643,0.071681,5507.041016
23,0.586130,0.100878,5756.650879
24,0.549236,0.158683,6006.123535
25,0.519071,0.230795,6255.763184
26,0.505301,0.288456,6505.328125
27,0.505239,0.332128,6754.900391
28,0.503607,0.377884,7004.458496
29,0.504604,0.434753,7253.955566
30,0.501786,0.485439,7503.648438
31,0.498124,0.514446,7753.069336
32,0.496746,0.534348,8002.718750
33,0.485912,0.552277,8252.312500
34,0.456879,0.582308,8501.808594
35,0.410650,0.590851,8751.304688
36,0.384578,0.555179,9000.957031
37,0.351615,0.530421,9250.474609
38,0.319549,0.519904,9500.049805
39,0.298358,0.486162,9766.345703
40,0.288265,0.450948,10015.809570
41,0.273854,0.432629,10265.440430
42,0.250249,0.421905,10514.899414
43,0.227531,0.447888,10764.541016
44,0.207833,0.479194,11014.020508
45,0.190345,0.497711,11263.651367
46,0.187513,0.506739,11596.413086
47,0.189141,0.507001,11829.274414
48,0.191936,0.502256,12062.244141
49,0.193019,0.498216,12311.765625
50,0.194225,0.484633,12561.390625
51,0.193060,0.407461,12810.906250
52,0.194711,0.379944,13043.883789
53,0.199645,0.391994,13293.367188
54,0.261972,0.482763,13542.971680
55,0.296977,0.517833,13792.537109
56,0.289026,0.557573,14025.518555
57,0.286603,0.589529,14274.971680
58,0.295698,0.578231,14507.970703
59,0.316432,0.559791,14757.504883
60,0.365498,0.526697,15007.081055
61,0.398151,0.501972,15256.599609
62,0.406569,0.494295,15506.180664
63,0.427382,0.470890,15789.055664
64,0.497355,0.424958,16038.590820
65,0.552199,0.407040,16271.583008
66,0.577236,0.396556,16521.044922
67,0.596032,0.387247,16754.041016
68,0.604178,0.385167,17036.812500
69,0.619192,0.400763,17269.812500
70,0.657885,0.431750,17535.945312
71,0.706543,0.456364,17768.945312
72,0.773719,0.467439,18018.541016
73,0.836877,0.465161,18268.021484
74,0.880226,0.461386,18500.894531
75,0.929748,0.464090,18750.558594
76,0.983447,0.467215,19000.197266
77,0.023163,0.471849,19266.242188
78,0.048813,0.483291,19515.902344
79,0.105434,0.489349,19765.349609
80,0.177890,0.499483,20014.990234
81,0.203357,0.501959,20264.509766
82,0.198910,0.481323,20514.085938
83,0.177503,0.463289,20763.615234
84,0.156696,0.454384,21013.248047
85,0.125525,0.455041,21262.869141
86,0.067426,0.471239,21512.326172
87,0.023489,0.492677,21845.082031
88,0.008932,0.492605,22094.746094
89,0.994430,0.488627,22344.224609
90,0.969945,0.510654,22577.193359
91,0.943318,0.530386,22826.673828
92,0.919499,0.539857,23059.734375
93,0.875019,0.550614,23309.224609
94,0.807025,0.563615,23558.824219
95,0.726600,0.583844,23808.302734
96,0.625519,0.588922,24057.910156
97,0.539935,0.563699,24307.394531
98,0.517241,0.564513,24540.394531
99,0.509421,0.567807,24806.509766
0,0.749467,0.552769,0.000301
1,0.745313,0.554142,266.232697
2,0.738769,0.541968,515.729858
3,0.731290,0.521781,765.358032
4,0.723787,0.496569,1014.973083
5,0.713944,0.484782,1264.440308
6,0.702946,0.477840,1514.009277
7,0.684271,0.485415,1763.575928
8,0.657865,0.526772,2013.119141
9,0.635742,0.565703,2262.706299
10,0.605630,0.583794,2512.368896
11,0.578496,0.591416,2761.851318
12,0.546584,0.590226,3011.415771
13,0.519001,0.598327,3261.047607
14,0.496628,0.606169,3510.543213
15,0.487816,0.618213,3760.096924
16,0.481228,0.630883,4009.646973
17,0.476797,0.643106,4259.189941
18,0.466747,0.664252,4508.812500
19,0.468854,0.703468,4758.331543
20,0.479085,0.779842,5007.946289
21,0.476530,0.799242,5257.460938
22,0.464645,0.803796,5507.048828
23,0.452022,0.794174,5756.632812
24,0.428589,0.765423,6006.151855
25,0.415053,0.721069,6255.727051
26,0.435366,0.653306,6505.268555
27,0.449122,0.612726,6754.840820
28,0.452662,0.595324,7004.420410
29,0.458713,0.586542,7253.985352
30,0.473654,0.569241,7503.538086
31,0.488963,0.533880,7753.100098
32,0.495096,0.498871,8002.705078
33,0.488888,0.450932,8252.252930
34,0.487674,0.428595,8501.854492
35,0.491962,0.428770,8751.355469
36,0.511698,0.419414,9000.958008
37,0.528779,0.391833,9250.507812
38,0.539283,0.345382,9500.101562
39,0.540383,0.295768,9766.270508
40,0.542923,0.276154,10015.841797
41,0.542446,0.237129,10265.392578
42,0.543734,0.195914,10515.037109
43,0.548287,0.178528,10764.514648
44,0.547417,0.170424,11014.087891
45,0.550004,0.150883,11263.631836
46,0.553171,0.144272,11513.273438
47,0.561339,0.153553,11762.788086
48,0.607937,0.202968,12012.338867
49,0.661255,0.281080,12261.924805
50,0.702715,0.368854,12511.500977
51,0.730062,0.407807,12761.054688
52,0.753970,0.438995,13010.576172
53,0.778209,0.468553,13260.164062
54,0.792041,0.495080,13509.718750
55,0.811888,0.507096,13759.311523
56,0.835753,0.514909,14008.842773
57,0.865406,0.521933,14258.424805
58,0.889291,0.526363,14508.012695
59,0.914379,0.531735,14757.567383
60,0.937314,0.536064,15007.110352
61,0.954554,0.537214,15256.653320
62,0.970258,0.534228,15506.209961
63,0.980400,0.527689,15755.814453
64,0.996038,0.529712,16005.379883
65,0.013950,0.531386,16254.901367
66,0.029756,0.532614,16504.462891
67,0.040707,0.532842,16754.107422
68,0.043691,0.532266,17003.628906
69,0.045146,0.526062,17253.187500
70,0.042758,0.509635,17502.744141
71,0.031409,0.479386,17752.343750
72,0.023413,0.474025,18001.855469
73,0.020395,0.497897,18251.425781
74,0.022858,0.515952,18501.009766
75,0.032954,0.525644,18750.664062
76,0.056159,0.526158,19000.146484
77,0.083007,0.527506,19266.332031
78,0.106495,0.529081,19515.857422
79,0.122461,0.531348,19765.546875
80,0.135847,0.529626,20015.013672
81,0.147333,0.524766,20264.669922
82,0.160933,0.518967,20514.128906
83,0.179553,0.512573,20763.791016
84,0.191183,0.516095,21013.294922
85,0.193709,0.515511,21262.826172
86,0.188807,0.501443,21512.417969
87,0.185919,0.493109,21761.953125
88,0.184446,0.488782,22011.548828
89,0.181021,0.486580,22261.074219
90,0.180080,0.485736,22510.671875
91,0.179801,0.484987,22760.271484
92,0.178590,0.484624,23009.816406
93,0.178087,0.485805,23259.349609
94,0.177448,0.486263,23508.925781
95,0.176995,0.485368,23758.468750
96,0.176905,0.485471,24008.044922
97,0.176558,0.485604,24257.640625
98,0.176102,0.486240,24507.154297
99,0.175364,0.486942,24756.751953
0,0.748237,0.544614,0.000711
1,0.745170,0.526984,266.243958
2,0.742742,0.511579,515.730225
3,0.744348,0.478748,765.312439
4,0.740789,0.430697,1014.976685
5,0.729050,0.389736,1264.428711
6,0.707025,0.351865,1514.058960
7,0.671500,0.310154,1763.665161
8,0.660712,0.299640,2013.130127
9,0.662425,0.309882,2262.751953
10,0.661466,0.325937,2512.266846
11,0.625793,0.337223,2761.819336
12,0.578153,0.340000,3011.386719
13,0.559007,0.336805,3260.952637
14,0.541585,0.334447,3510.548096
15,0.525077,0.336708,3760.059570
16,0.513965,0.337875,4009.672363
17,0.511152,0.339060,4259.227539
18,0.512521,0.346769,4508.824707
19,0.510708,0.370889,4758.330566
20,0.506501,0.442231,5007.896484
21,0.502936,0.513877,5257.491699
22,0.502600,0.557985,5507.021973
23,0.500148,0.568845,5756.648926
24,0.498698,0.581631,6006.137695
25,0.500322,0.617439,6255.717773
26,0.501567,0.660612,6505.261719
27,0.505546,0.702226,6754.934570
28,0.511285,0.746235,7004.416504
29,0.529013,0.809567,7253.982422
30,0.582511,0.856547,7503.612793
31,0.683404,0.860916,7753.083008
32,0.767647,0.876710,8002.714844
33,0.848054,0.863313,8252.221680
34,0.891162,0.844535,8501.865234
35,0.903157,0.830716,8751.334961
36,0.891199,0.831372,9000.934570
37,0.889626,0.826993,9250.479492
38,0.880930,0.808738,9500.046875
39,0.913125,0.749052,9766.334961
40,0.944901,0.696653,10015.814453
41,0.959832,0.683531,10265.396484
42,0.982200,0.652178,10514.935547
43,0.001196,0.606104,10764.509766
44,0.008410,0.566199,11014.052734
45,0.014388,0.536683,11263.639648
46,0.031191,0.497894,11513.191406
47,0.049832,0.451808,11762.793945
48,0.061316,0.411033,12012.340820
49,0.059304,0.373219,12261.897461
50,0.040365,0.355740,12511.463867
51,0.023934,0.353818,12761.054688
52,0.013784,0.352023,13010.701172
53,0.008683,0.350916,13260.201172
54,0.007623,0.346158,13509.699219
55,0.017490,0.330858,13759.247070
56,0.041031,0.301875,14008.873047
57,0.046661,0.291654,14258.390625
58,0.041139,0.299070,14507.970703
59,0.027928,0.321615,14757.562500
60,0.008427,0.361832,15007.150391
61,0.986268,0.407256,15256.692383
62,0.964509,0.457287,15506.244141
63,0.950687,0.487430,15755.830078
64,0.931280,0.480565,16005.346680
65,0.904303,0.434572,16254.916992
66,0.898821,0.378834,16504.453125
67,0.900137,0.336424,16754.136719
68,0.909303,0.285461,17003.640625
69,0.915573,0.231512,17253.181641
70,0.918047,0.203809,17502.750000
71,0.918526,0.197733,17752.332031
72,0.924907,0.198321,18001.896484
73,0.930891,0.196798,18251.410156
74,0.933421,0.200502,18501.001953
75,0.937456,0.213488,18750.582031
76,0.960332,0.270931,19000.109375
77,0.006427,0.416278,19266.292969
78,0.047042,0.548275,19515.892578
79,0.092105,0.623752,19765.449219
80,0.134316,0.670756,20015.013672
81,0.167711,0.709524,20264.609375
82,0.204838,0.705159,20514.152344
83,0.231339,0.682503,20763.724609
84,0.248333,0.664476,21013.257812
85,0.266281,0.638417,21262.847656
86,0.283533,0.593870,21512.388672
87,0.286248,0.560719,21761.994141
88,0.283208,0.550894,22011.550781
89,0.283593,0.554926,22261.144531
90,0.283034,0.558087,22510.662109
91,0.282070,0.554039,22760.208984
92,0.277199,0.547409,23009.796875
93,0.266438,0.525303,23259.361328
94,0.247289,0.506837,23508.898438
95,0.211164,0.499976,23758.478516
96,0.184956,0.497041,24008.029297
97,0.168707,0.506485,24257.591797
98,0.151232,0.521495,24507.162109
99,0.140678,0.531605,24756.775391
0,0.741023,0.452009,-0.012143
1,0.733577,0.448328,266.172150
2,0.736530,0.440146,515.767212
3,0.748454,0.450673,765.340637
4,0.763828,0.505616,1014.856506
5,0.777175,0.532190,1264.509399
6,0.785251,0.547786,1514.086914
7,0.791488,0.545019,1763.618652
8,0.787378,0.543281,2013.151245
9,0.746801,0.555916,2262.677490
10,0.704263,0.562423,2512.236328
11,0.668276,0.553965,2761.817383
12,0.645534,0.529156,3011.441650
13,0.629014,0.497461,3260.966309
14,0.626418,0.450835,3510.555420
15,0.637597,0.430357,3760.071289
16,0.652828,0.413006,4009.709961
17,0.670035,0.372277,4259.216797
18,0.680316,0.329162,4508.749512
19,0.700964,0.260982,4758.309082
20,0.711553,0.234286,5007.889648
21,0.706116,0.237188,5257.476562
22,0.694100,0.242857,5506.996582
23,0.687596,0.260735,5756.625000
24,0.702053,0.277338,6006.191406
25,0.717471,0.292107,6255.696289
26,0.734817,0.299967,6505.335938
27,0.762115,0.303621,6754.890137
28,0.786500,0.307049,7004.453613
29,0.813470,0.309351,7253.971680
30,0.840785,0.308175,7503.598633
31,0.866058,0.311005,7753.091797
32,0.895600,0.314346,8002.759277
33,0.926148,0.320568,8252.252930
34,0.961838,0.330748,8501.841797
35,0.990008,0.357771,8751.385742
36,0.008729,0.391479,9000.899414
37,0.021333,0.417883,9250.526367
38,0.041999,0.443327,9500.065430
39,0.051706,0.464233,9766.218750
40,0.049393,0.471981,10015.875977
41,0.045461,0.474283,10265.389648
42,0.034440,0.475135,10514.955078
43,0.005860,0.481478,10764.540039
44,0.973861,0.484616,11014.061523
45,0.951463,0.486663,11263.708984
46,0.925611,0.483137,11513.211914
47,0.895911,0.479850,11762.781250
48,0.856133,0.470621,12012.382812
49,0.804901,0.459570,12261.937500
50,0.754384,0.461728,12511.454102
51,0.696328,0.462039,12760.996094
52,0.600397,0.466291,13010.625000
53,0.536827,0.457630,13260.121094
54,0.506459,0.461035,13509.728516
55,0.486029,0.470452,13759.251953
56,0.485038,0.502130,14008.873047
57,0.505288,0.529421,14258.371094
58,0.515373,0.539956,14507.958008
59,0.516483,0.541913,14757.552734
60,0.516281,0.545078,15007.120117
61,0.508976,0.547227,15256.754883
62,0.507058,0.541015,15506.196289
63,0.516340,0.513334,15755.822266
64,0.522425,0.489435,16005.325195
65,0.523761,0.463222,16254.937500
66,0.521985,0.414651,16504.484375
67,0.519696,0.384952,16754.046875
68,0.521895,0.374960,17003.671875
69,0.513276,0.368751,17253.156250
70,0.499669,0.370721,17502.777344
71,0.497708,0.369577,17752.302734
72,0.493071,0.369117,18001.833984
73,0.474643,0.374822,18251.406250
74,0.454585,0.380491,18501.041016
75,0.431502,0.389476,18750.539062
76,0.408772,0.396994,19000.085938
77,0.386090,0.407317,19266.308594
78,0.361695,0.417755,19515.900391
79,0.337560,0.427517,19765.435547
80,0.314463,0.440301,20014.990234
81,0.294401,0.443202,20264.562500
82,0.272490,0.450304,20514.169922
83,0.253255,0.455808,20763.703125
84,0.243277,0.447330,21013.248047
85,0.248869,0.432854,21262.863281
86,0.262912,0.422962,21512.412109
87,0.285043,0.408012,21761.976562
88,0.311362,0.395642,22011.527344
89,0.339744,0.375073,22261.152344
90,0.374849,0.343647,22510.671875
91,0.410427,0.324307,22760.248047
92,0.438040,0.322367,23009.791016
93,0.457618,0.326969,23259.373047
94,0.485453,0.335999,23508.904297
95,0.512115,0.338119,23758.560547
96,0.551850,0.317784,24008.078125
97,0.586424,0.276624,24257.582031
98,0.605348,0.269472,24507.128906
99,0.622864,0.269543,24756.742188
0,0.749907,0.559573,0.022692
1,0.749812,0.560523,266.250977
2,0.735748,0.557841,515.839294
3,0.687368,0.528242,765.421204
4,0.656013,0.495356,1014.943542
5,0.644067,0.484957,1264.479126
6,0.641672,0.468371,1514.082764
7,0.639920,0.449475,1763.606201
8,0.630318,0.423937,2013.272339
9,0.621437,0.436039,2262.760254
10,0.590230,0.497453,2512.320312
11,0.550807,0.522440,2761.886475
12,0.530010,0.534172,3011.456543
13,0.523025,0.537596,3261.048828
14,0.520164,0.528361,3510.565186
15,0.520258,0.523844,3760.263428
16,0.514178,0.528423,4009.727295
17,0.500575,0.558222,4259.354980
18,0.502728,0.577606,4508.861328
19,0.510932,0.605905,4758.416992
20,0.509969,0.613516,5008.052246
21,0.507167,0.611032,5257.611816
22,0.501920,0.610001,5507.122070
23,0.499361,0.611941,5756.650391
24,0.495484,0.619281,6006.246094
25,0.490229,0.639275,6255.753906
26,0.491196,0.682983,6505.326172
27,0.486963,0.700827,6754.887695
28,0.433635,0.645530,7004.504395
29,0.410162,0.613511,7254.080078
30,0.408757,0.592829,7503.633789
31,0.414218,0.585710,7753.192383
32,0.416643,0.567968,8002.725098
33,0.415300,0.527408,8252.279297
34,0.421114,0.496338,8501.826172
35,0.429697,0.457567,8751.458984
36,0.434896,0.424411,9000.971680
37,0.435214,0.411407,9250.535156
38,0.434737,0.407836,9500.166016
39,0.460519,0.390857,9766.353516
40,0.493562,0.374120,10015.872070
41,0.506249,0.388249,10265.422852
42,0.524535,0.395506,10515.018555
43,0.575959,0.390656,10764.647461
44,0.607005,0.400741,11014.157227
45,0.622340,0.406141,11263.755859
46,0.647406,0.416905,11513.315430
47,0.682513,0.435707,11762.819336
48,0.721874,0.438754,12012.372070
49,0.763993,0.432553,12261.958984
50,0.797373,0.424164,12511.605469
51,0.832303,0.415347,12761.059570
52,0.843753,0.413819,13010.626953
53,0.856816,0.417897,13260.242188
54,0.866652,0.427993,13509.796875
55,0.881517,0.433910,13759.331055
56,0.887950,0.439695,14008.951172
57,0.892976,0.442708,14258.476562
58,0.898513,0.442811,14508.092773
59,0.898872,0.434924,14757.597656
60,0.897045,0.428199,15007.180664
61,0.896303,0.428581,15256.712891
62,0.895146,0.429385,15506.256836
63,0.893015,0.426384,15755.869141
64,0.885815,0.378681,16005.469727
65,0.886336,0.350372,16255.033203
66,0.888800,0.370027,16504.542969
67,0.900346,0.436225,16754.117188
68,0.909289,0.467919,17003.667969
69,0.925347,0.479812,17253.220703
70,0.947568,0.493163,17502.779297
71,0.953597,0.504605,17752.341797
72,0.952261,0.507963,18001.949219
73,0.950868,0.506982,18251.460938
74,0.950198,0.508054,18501.074219
75,0.948891,0.508227,18750.599609
76,0.947453,0.507988,19000.191406
77,0.945675,0.509746,19266.390625
78,0.941761,0.508997,19515.974609
79,0.937280,0.506691,19765.507812
80,0.937573,0.506391,20015.087891
81,0.925317,0.506575,20264.625000
82,0.885865,0.509864,20514.201172
83,0.865802,0.525703,20763.765625
84,0.849931,0.534262,21013.341797
85,0.827232,0.543021,21262.880859
86,0.811210,0.549785,21512.433594
87,0.806781,0.551019,21762.015625
88,0.801954,0.551274,22011.568359
89,0.791614,0.556520,22261.136719
90,0.785083,0.555268,22510.714844
91,0.787678,0.556325,22760.287109
92,0.771459,0.559697,23009.826172
93,0.735447,0.557651,23259.378906
94,0.725190,0.554920,23508.978516
95,0.723168,0.557338,23758.503906
96,0.720751,0.560243,24008.107422
97,0.712528,0.558726,24257.648438
98,0.707413,0.559474,24507.248047
99,0.708330,0.567094,24756.765625
0,0.750013,0.553951,0.051558
1,0.750074,0.552080,266.313873
2,0.745637,0.530304,515.965820
3,0.731191,0.495000,765.388794
4,0.717578,0.478465,1015.041931
5,0.708691,0.467233,1264.521240
6,0.694095,0.441691,1514.081055
7,0.679402,0.411015,1763.758301
8,0.673942,0.386953,2013.234253
9,0.670694,0.369697,2262.799805
10,0.668865,0.362495,2512.372803
11,0.682266,0.364508,2762.008057
12,0.700557,0.375573,3011.476807
13,0.700217,0.386800,3261.056641
14,0.693866,0.398848,3510.646240
15,0.688983,0.408102,3760.156250
16,0.687854,0.414049,4009.789307
17,0.688263,0.418188,4259.279297
18,0.687876,0.429177,4508.921387
19,0.687105,0.438141,4758.398926
20,0.679458,0.445889,5008.031738
21,0.654952,0.460013,5257.555176
22,0.629721,0.476656,5507.199219
23,0.605531,0.499199,5756.718262
24,0.585601,0.527048,6006.240234
25,0.574410,0.538862,6255.897461
26,0.563798,0.534768,6505.349609
27,0.559221,0.520303,6754.925293
28,0.559955,0.503487,7004.537109
29,0.560947,0.474896,7254.139648
30,0.562941,0.468747,7520.333496
31,0.562907,0.465248,7753.190430
32,0.563856,0.465566,8002.804688
33,0.563740,0.467551,8252.316406
34,0.563632,0.468392,8501.916016
35,0.563249,0.468161,8751.460938
36,0.562883,0.468967,9001.095703
37,0.563124,0.468816,9250.557617
38,0.559869,0.430927,9500.143555
39,0.559635,0.411814,9766.316406
40,0.553541,0.462743,10015.975586
41,0.548969,0.535048,10265.464844
42,0.550761,0.571706,10515.049805
43,0.553323,0.582564,10764.578125
44,0.558452,0.583310,11014.207031
45,0.566472,0.587826,11263.749023
46,0.576284,0.592614,11513.301758
47,0.602456,0.591329,11762.887695
48,0.633262,0.591298,12012.443359
49,0.660059,0.604029,12261.957031
50,0.680563,0.613935,12511.595703
51,0.682493,0.621283,12761.188477
52,0.681235,0.625619,13010.702148
53,0.683553,0.626608,13260.216797
54,0.687197,0.630455,13509.826172
55,0.687738,0.630999,13759.446289
56,0.691616,0.629436,14009.001953
57,0.696514,0.620037,14258.500977
58,0.699171,0.607488,14508.155273
59,0.695301,0.592590,14757.639648
60,0.687256,0.577838,15007.175781
61,0.686625,0.546868,15256.722656
62,0.705377,0.542108,15506.299805
63,0.727643,0.544699,15755.892578
64,0.753098,0.546157,16005.459961
65,0.776412,0.546783,16255.101562
66,0.792488,0.547015,16504.583984
67,0.812719,0.552778,16754.138672
68,0.850154,0.555278,17003.751953
69,0.897818,0.551451,17253.250000
70,0.927767,0.545358,17502.845703
71,0.944464,0.540596,17752.392578
72,0.958976,0.536807,18001.980469
73,0.964937,0.535759,18251.535156
74,0.969351,0.531698,18501.062500
75,0.976245,0.517139,18750.669922
76,0.985464,0.495919,19000.257812
77,0.992968,0.481962,19266.462891
78,0.998089,0.474137,19515.978516
79,0.998708,0.468377,19765.560547
80,0.993289,0.466560,20015.085938
81,0.999705,0.474501,20264.677734
82,0.016490,0.488300,20514.207031
83,0.043347,0.498132,20763.835938
84,0.073051,0.501920,21013.392578
85,0.092752,0.511246,21262.980469
86,0.097002,0.521064,21512.462891
87,0.078940,0.571371,21762.033203
88,0.061607,0.621128,22011.642578
89,0.063670,0.668687,22261.187500
90,0.083294,0.710012,22510.767578
91,0.114947,0.726546,22760.302734
92,0.162361,0.713361,23009.919922
93,0.192899,0.694854,23259.406250
94,0.198461,0.673513,23509.058594
95,0.203334,0.648035,23758.580078
96,0.204366,0.643122,24008.093750
97,0.206425,0.636957,24257.712891
98,0.207076,0.631668,24507.250000
99,0.207320,0.628990,24756.902344
0,0.749692,0.486558,-0.021895
1,0.749707,0.487202,266.227783
2,0.748219,0.495981,515.779175
3,0.741616,0.540434,765.330017
4,0.727171,0.618580,1014.865845
5,0.704917,0.708784,1264.541016
6,0.689195,0.768140,1513.989136
7,0.690447,0.791461,1763.666870
8,0.686465,0.789069,2013.202759
9,0.675318,0.779087,2262.717773
10,0.640104,0.737939,2512.306396
11,0.605883,0.674304,2761.910645
12,0.572803,0.621582,3011.440918
13,0.534806,0.571818,3260.941162
14,0.509931,0.534821,3510.540527
15,0.510354,0.559434,3760.073975
16,0.508909,0.593027,4009.625000
17,0.510370,0.622248,4259.245117
18,0.507939,0.626507,4508.802734
19,0.500748,0.622299,4758.359375
20,0.489933,0.600126,5007.891113
21,0.461017,0.531796,5257.560547
22,0.433164,0.479168,5507.020508
23,0.426429,0.432868,5756.589355
24,0.441998,0.411130,6006.212891
25,0.481718,0.407034,6255.822266
26,0.523059,0.412176,6505.265625
27,0.562052,0.416994,6754.853516
28,0.592113,0.419695,7004.468750
29,0.639826,0.421377,7253.985840
30,0.681825,0.422602,7503.587891
31,0.719005,0.424834,7753.111816
32,0.770600,0.425897,8002.662109
33,0.810856,0.431931,8252.246094
34,0.809414,0.450017,8501.814453
35,0.811132,0.469169,8751.372070
36,0.825280,0.477933,9000.942383
37,0.855936,0.488694,9250.497070
38,0.878231,0.519137,9500.065430
39,0.891012,0.539482,9766.233398
40,0.906229,0.526796,10015.791992
41,0.923612,0.500681,10265.379883
42,0.953669,0.473431,10514.943359
43,0.973460,0.461471,10764.494141
44,0.984495,0.447707,11014.166016
45,0.978389,0.431433,11263.668945
46,0.969202,0.429924,11513.187500
47,0.969048,0.438808,11762.792969
48,0.975519,0.457472,12012.402344
49,0.992320,0.488482,12261.911133
50,0.994968,0.514911,12511.441406
51,0.997353,0.541326,12761.015625
52,0.999729,0.564995,13010.596680
53,0.004195,0.574804,13260.161133
54,0.975684,0.578026,13509.715820
55,0.922025,0.569551,13759.297852
56,0.901034,0.557675,14008.847656
57,0.897028,0.534912,14258.416992
58,0.891247,0.510728,14507.980469
59,0.885078,0.492321,14757.533203
60,0.877846,0.481610,15007.123047
61,0.876996,0.487542,15256.701172
62,0.865081,0.491505,15506.216797
63,0.833112,0.469411,15755.775391
64,0.835596,0.415748,16005.359375
65,0.861601,0.391435,16254.972656
66,0.916888,0.401763,16504.472656
67,0.986293,0.411808,16754.058594
68,0.035792,0.425667,17003.623047
69,0.067589,0.448453,17253.195312
70,0.098837,0.490455,17502.724609
71,0.116851,0.541733,17752.281250
72,0.123894,0.587953,18001.876953
73,0.119502,0.619473,18251.509766
74,0.105934,0.631595,18501.013672
75,0.047175,0.644594,18750.578125
76,0.978167,0.664065,19000.103516
77,0.908123,0.654623,19266.343750
78,0.806741,0.605591,19515.882812
79,0.739522,0.576761,19765.455078
80,0.709977,0.565099,20015.019531
81,0.681783,0.547862,20264.578125
82,0.645600,0.501448,20514.156250
83,0.610073,0.444224,20763.687500
84,0.566266,0.415070,21013.281250
85,0.531719,0.421818,21262.859375
86,0.520875,0.434951,21512.378906
87,0.510550,0.462416,21761.931641
88,0.503421,0.481985,22011.535156
89,0.495693,0.492302,22261.089844
90,0.482415,0.496210,22510.636719
91,0.454686,0.502783,22760.207031
92,0.435686,0.507524,23009.765625
93,0.427008,0.506632,23259.326172
94,0.436559,0.505333,23508.888672
95,0.460193,0.504765,23758.503906
96,0.486149,0.500621,24008.031250
97,0.511667,0.497178,24257.611328
98,0.542423,0.491218,24507.148438
99,0.572970,0.485653,24756.726562
0,0.763603,0.596650,0.013080
1,0.780505,0.597943,266.226105
2,0.789934,0.598863,515.803894
3,0.789295,0.600229,765.329163
4,0.778885,0.602591,1014.939819
5,0.756102,0.609568,1264.487671
6,0.725638,0.617993,1514.055786
7,0.686567,0.621782,1763.573730
8,0.645828,0.619064,2013.233032
9,0.606206,0.613544,2262.761230
10,0.568922,0.606536,2512.391846
11,0.532961,0.601668,2761.882568
12,0.500403,0.597657,3011.445312
13,0.470263,0.595556,3260.959229
14,0.459662,0.600917,3510.522217
15,0.472044,0.597986,3760.141113
16,0.468133,0.645554,4009.649414
17,0.473032,0.671613,4259.270020
18,0.488727,0.647288,4508.811523
19,0.494428,0.642653,4758.411133
20,0.506643,0.649921,5007.911133
21,0.523160,0.649270,5257.491211
22,0.533790,0.651727,5507.091797
23,0.548027,0.650696,5756.641113
24,0.558942,0.639703,6006.265137
25,0.556228,0.639285,6255.729980
26,0.544808,0.695265,6505.379395
27,0.527110,0.761881,6754.876465
28,0.499428,0.799714,7004.452637
29,0.455798,0.811155,7254.058594
30,0.411691,0.792131,7503.644043
31,0.369051,0.745019,7753.182129
32,0.338180,0.677721,8002.668945
33,0.328636,0.586320,8252.329102
34,0.327275,0.494743,8501.789062
35,0.340055,0.426915,8751.405273
36,0.328340,0.390662,9000.993164
37,0.282048,0.407027,9250.531250
38,0.233912,0.481058,9500.122070
39,0.192817,0.528271,9766.273438
40,0.191690,0.531407,10015.827148
41,0.250266,0.511455,10265.492188
42,0.344415,0.462047,10514.949219
43,0.424664,0.429026,10764.558594
44,0.463376,0.430717,11014.150391
45,0.492877,0.440252,11263.726562
46,0.517172,0.448666,11513.273438
47,0.540426,0.453989,11762.775391
48,0.568452,0.453634,12012.381836
49,0.595294,0.452951,12261.895508
50,0.626863,0.447712,12511.501953
51,0.682226,0.441777,12761.029297
52,0.726608,0.445255,13010.681641
53,0.748226,0.457637,13260.167969
54,0.760317,0.474899,13509.750000
55,0.773367,0.493059,13759.323242
56,0.796010,0.502599,14008.859375
57,0.823952,0.513170,14258.468750
58,0.845555,0.518008,14507.977539
59,0.867473,0.525730,14757.640625
60,0.889801,0.530521,15007.148438
61,0.910813,0.534598,15256.669922
62,0.929720,0.538475,15506.270508
63,0.946833,0.542426,15755.829102
64,0.963120,0.544726,16005.372070
65,0.978316,0.547824,16254.915039
66,0.991762,0.553256,16504.519531
67,0.001524,0.574326,16754.060547
68,0.008017,0.594501,17003.628906
69,0.987134,0.609109,17253.185547
70,0.947931,0.615814,17502.783203
71,0.909906,0.623353,17752.298828
72,0.876270,0.631976,18001.919922
73,0.831286,0.628207,18251.478516
74,0.780406,0.621114,18501.054688
75,0.736533,0.617183,18750.580078
76,0.705378,0.595283,19000.148438
77,0.664811,0.590062,19266.326172
78,0.621177,0.615232,19515.878906
79,0.578246,0.632426,19765.472656
80,0.540460,0.626320,20015.056641
81,0.508201,0.613109,20264.630859
82,0.481398,0.611797,20514.152344
83,0.455902,0.617945,20763.730469
84,0.429413,0.616358,21013.271484
85,0.403461,0.611042,21262.837891
86,0.378930,0.608605,21512.394531
87,0.355380,0.606627,21761.972656
88,0.334148,0.604203,22011.521484
89,0.311680,0.597959,22261.130859
90,0.285752,0.594767,22510.679688
91,0.252306,0.586436,22760.224609
92,0.217258,0.574386,23009.804688
93,0.164425,0.566568,23259.355469
94,0.112137,0.561963,23508.910156
95,0.069053,0.557546,23758.482422
96,0.029283,0.561470,24008.080078
97,0.989015,0.566899,24257.601562
98,0.947029,0.571143,24507.207031
99,0.915680,0.568288,24756.732422
0,0.750542,0.446073,-0.031354
1,0.750638,0.451980,266.177002
2,0.749920,0.466922,515.731323
3,0.744163,0.515756,765.319336
4,0.733295,0.602322,1014.864868
5,0.720441,0.732733,1264.447998
6,0.727251,0.774755,1514.052124
7,0.728473,0.767884,1763.626343
8,0.727963,0.763151,2013.124146
9,0.706916,0.731015,2262.787842
10,0.648705,0.644441,2512.266846
11,0.588544,0.591010,2761.854492
12,0.548501,0.576570,3011.403809
13,0.534517,0.578130,3260.977783
14,0.530721,0.579680,3510.588135
15,0.530355,0.580377,3760.053711
16,0.531442,0.579872,4009.706543
17,0.540641,0.560517,4259.281738
18,0.545775,0.521496,4508.800293
19,0.551563,0.467374,4758.354004
20,0.566194,0.421524,5007.881836
21,0.592506,0.389293,5257.536621
22,0.616398,0.381975,5507.002441
23,0.633966,0.387826,5756.604492
24,0.659896,0.418399,6006.146484
25,0.688574,0.443629,6255.806152
26,0.697828,0.441154,6505.296387
27,0.702730,0.437670,6754.873535
28,0.722338,0.426095,7004.484863
29,0.747795,0.420634,7253.946777
30,0.769619,0.420262,7503.608398
31,0.793343,0.418632,7753.083984
32,0.816060,0.418267,8002.638672
33,0.834552,0.424924,8252.199219
34,0.852697,0.434051,8501.855469
35,0.869750,0.436952,8751.385742
36,0.884271,0.438580,9000.901367
37,0.898635,0.437851,9250.576172
38,0.917255,0.439308,9500.067383
39,0.940367,0.445178,9766.256836
40,0.960938,0.447596,10015.800781
41,0.980443,0.449998,10265.392578
42,0.999610,0.452719,10515.036133
43,0.016046,0.455482,10764.520508
44,0.026252,0.454882,11014.078125
45,0.030092,0.453618,11263.673828
46,0.028610,0.452574,11513.202148
47,0.026423,0.453745,11762.780273
48,0.026534,0.456863,12012.367188
49,0.025331,0.457499,12261.949219
50,0.025405,0.458750,12511.436523
51,0.025013,0.459591,12761.022461
52,0.024925,0.460487,13010.590820
53,0.026137,0.462846,13260.211914
54,0.026756,0.464542,13509.715820
55,0.028899,0.466277,13759.282227
56,0.033964,0.468012,14008.912109
57,0.044254,0.469159,14258.413086
58,0.060908,0.472380,14507.960938
59,0.081780,0.501691,14757.511719
60,0.097964,0.590447,15007.101562
61,0.137409,0.625687,15256.691406
62,0.181383,0.596697,15506.200195
63,0.215847,0.549299,15755.760742
64,0.218090,0.546027,16005.352539
65,0.209516,0.545285,16254.943359
66,0.201310,0.524374,16504.464844
67,0.195557,0.514601,16754.046875
68,0.190607,0.507997,17003.589844
69,0.184246,0.492298,17253.144531
70,0.177212,0.481405,17502.724609
71,0.168551,0.477733,17752.294922
72,0.151209,0.468279,18001.853516
73,0.129472,0.455143,18251.445312
74,0.099166,0.415652,18500.984375
75,0.073487,0.393721,18750.533203
76,0.048918,0.348922,19000.093750
77,0.025179,0.298049,19266.296875
78,0.998844,0.243219,19515.892578
79,0.969417,0.177878,19765.466797
80,0.922006,0.113042,20015.035156
81,0.904943,0.110358,20264.564453
82,0.849386,0.165823,20514.138672
83,0.788251,0.244843,20763.683594
84,0.777324,0.313316,21013.287109
85,0.782043,0.378603,21262.802734
86,0.780630,0.464948,21512.406250
87,0.774589,0.535352,21761.962891
88,0.776914,0.651197,22011.496094
89,0.785424,0.732975,22261.068359
90,0.792681,0.754552,22510.673828
91,0.837560,0.751590,22760.189453
92,0.866222,0.755815,23009.751953
93,0.824004,0.763191,23259.359375
94,0.773450,0.763317,23508.894531
95,0.742672,0.765744,23758.474609
96,0.703457,0.759470,24008.035156
97,0.668036,0.755757,24257.597656
98,0.651164,0.756513,24507.146484
99,0.643802,0.756974,24756.697266
0,0.742671,0.603559,0.001703
1,0.735297,0.602607,266.227966
2,0.725702,0.620288,515.841187
3,0.703946,0.660406,765.408875
4,0.646003,0.652391,1048.217896
5,0.634576,0.635328,1297.708862
6,0.603466,0.620999,1514.020020
7,0.546403,0.598282,1763.651978
8,0.515222,0.583307,2013.197876
9,0.504031,0.566553,2262.754883
10,0.513609,0.580958,2512.313232
11,0.518720,0.600465,2761.928467
12,0.520026,0.596184,3011.472656
13,0.512071,0.583348,3260.969727
14,0.512186,0.537295,3510.598633
15,0.513269,0.487312,3760.092285
16,0.513077,0.428554,4009.738525
17,0.510846,0.396528,4259.158691
18,0.496433,0.385419,4508.820312
19,0.477956,0.398382,4758.436035
20,0.450330,0.427703,5007.950195
21,0.417953,0.467116,5257.544922
22,0.392337,0.474031,5507.051758
23,0.373422,0.469978,5756.639160
24,0.343054,0.482489,6006.161133
25,0.318597,0.540401,6255.810547
26,0.323787,0.612892,6555.260742
27,0.352455,0.646644,6754.872559
28,0.387682,0.674468,7004.407227
29,0.414908,0.679175,7253.981445
30,0.456241,0.679114,7520.241699
31,0.491853,0.671718,7753.133789
32,0.506192,0.663121,8002.815918
33,0.508529,0.651635,8252.280273
34,0.495527,0.642265,8501.848633
35,0.455615,0.631537,8751.340820
36,0.430431,0.616581,9000.925781
37,0.418450,0.586160,9250.441406
38,0.407153,0.553821,9500.125977
39,0.368163,0.533518,9766.183594
40,0.334404,0.537111,10015.860352
41,0.324145,0.537217,10265.424805
42,0.323311,0.539896,10514.917969
43,0.310644,0.546658,10764.554688
44,0.303365,0.550402,11014.034180
45,0.304441,0.556185,11263.685547
46,0.303079,0.560742,11513.207031
47,0.287512,0.559171,11812.670898
48,0.261077,0.548153,12062.301758
49,0.242340,0.534021,12261.886719
50,0.222694,0.514841,12511.460938
51,0.207008,0.505025,12760.993164
52,0.186673,0.482249,13010.500000
53,0.166900,0.453788,13260.157227
54,0.154611,0.438999,13509.742188
55,0.140059,0.425959,13759.290039
56,0.131151,0.417255,14008.875000
57,0.118574,0.410336,14275.016602
58,0.105923,0.413742,14507.977539
59,0.097123,0.424588,14757.518555
60,0.086380,0.480206,15007.147461
61,0.067998,0.549520,15256.591797
62,0.037098,0.571499,15506.263672
63,0.012045,0.579282,15755.700195
64,0.990349,0.592042,16005.436523
65,0.978829,0.591838,16338.084961
66,0.990008,0.590332,16504.443359
67,0.001912,0.580774,16754.052734
68,0.006126,0.558663,17003.609375
69,0.016342,0.540470,17269.791016
70,0.001850,0.542628,17519.353516
71,0.963877,0.564382,17752.351562
72,0.939324,0.569742,18001.783203
73,0.927341,0.525640,18251.412109
74,0.919738,0.481402,18500.896484
75,0.905558,0.476237,18750.582031
76,0.877845,0.468967,19000.087891
77,0.857384,0.466481,19266.300781
78,0.839682,0.488527,19515.882812
79,0.823317,0.517435,19765.474609
80,0.819406,0.533890,20015.072266
81,0.824155,0.552654,20264.542969
82,0.865303,0.587747,20514.152344
83,0.894333,0.618657,20763.699219
84,0.915235,0.649297,21013.265625
85,0.959187,0.680728,21262.759766
86,0.026384,0.720358,21545.636719
87,0.064959,0.736356,21795.244141
88,0.069037,0.754244,22011.517578
89,0.074642,0.819195,22261.083984
90,0.107997,0.859465,22510.703125
91,0.241253,0.869164,22760.236328
92,0.308351,0.855815,23009.716797
93,0.364208,0.828979,23259.351562
94,0.382860,0.803494,23508.853516
95,0.393144,0.757063,23758.515625
96,0.406825,0.692873,24007.921875
97,0.399988,0.617196,24257.603516
98,0.403268,0.553614,24507.056641
99,0.409837,0.511477,24756.703125
0,0.764841,0.537337,0.021810
1,0.784729,0.537041,266.267975
2,0.805308,0.539497,515.783569
3,0.824962,0.535676,765.443481
4,0.843767,0.525735,1014.978455
5,0.862769,0.521500,1264.614014
6,0.892287,0.481863,1514.124878
7,0.912521,0.420043,1763.612427
8,0.924432,0.418250,2013.224243
9,0.967627,0.449977,2262.800537
10,0.983291,0.482428,2512.320312
11,0.987477,0.505301,2761.852295
12,0.987469,0.515541,3011.507568
13,0.983697,0.519012,3261.008057
14,0.968559,0.542068,3510.564209
15,0.965179,0.624986,3760.181396
16,0.976826,0.686511,4009.761475
17,0.983789,0.707265,4259.315430
18,0.993029,0.659238,4508.800781
19,0.001624,0.585438,4758.482422
20,0.995328,0.534826,5007.977539
21,0.978148,0.465680,5257.526367
22,0.957487,0.390848,5507.113281
23,0.940084,0.342958,5756.730469
24,0.933192,0.326442,6006.241699
25,0.940291,0.331684,6255.778320
26,0.948230,0.355833,6505.460449
27,0.966483,0.386965,6754.888672
28,0.980138,0.388326,7004.496094
29,0.013671,0.403291,7254.045410
30,0.053271,0.414584,7503.691406
31,0.085275,0.420374,7753.157715
32,0.096746,0.424627,8002.733887
33,0.101085,0.446975,8252.337891
34,0.122424,0.464153,8501.873047
35,0.149366,0.488122,8751.480469
36,0.186297,0.523842,9000.966797
37,0.207914,0.544914,9250.593750
38,0.222004,0.559628,9500.087891
39,0.238590,0.577467,9766.309570
40,0.251131,0.597820,10015.868164
41,0.258767,0.618045,10265.478516
42,0.271146,0.635518,10515.019531
43,0.277040,0.648214,10764.612305
44,0.275103,0.648283,11014.115234
45,0.271022,0.637820,11263.747070
46,0.266079,0.623933,11513.282227
47,0.267298,0.607601,11762.827148
48,0.280986,0.601436,12012.367188
49,0.302008,0.596522,12261.997070
50,0.325693,0.592125,12511.587891
51,0.343872,0.592321,12761.123047
52,0.339543,0.591457,13010.708008
53,0.330668,0.598825,13260.222656
54,0.330670,0.611229,13509.762695
55,0.340612,0.621997,13759.367188
56,0.367234,0.656035,14008.919922
57,0.395043,0.678095,14258.481445
58,0.407068,0.682390,14508.042969
59,0.409775,0.677332,14757.658203
60,0.409042,0.682066,15007.165039
61,0.396970,0.661080,15256.707031
62,0.373633,0.578204,15506.335938
63,0.348092,0.495213,15755.911133
64,0.309688,0.422678,16005.386719
65,0.299336,0.403854,16255.000000
66,0.333936,0.428537,16504.603516
67,0.387255,0.495796,16754.117188
68,0.414699,0.527008,17003.677734
69,0.430330,0.543891,17253.269531
70,0.444474,0.539396,17502.851562
71,0.454444,0.520835,17752.386719
72,0.460764,0.488919,18001.916016
73,0.458540,0.420993,18251.476562
74,0.446800,0.363909,18501.074219
75,0.434417,0.380318,18750.593750
76,0.436022,0.398303,19000.175781
77,0.443492,0.410695,19266.451172
78,0.447464,0.423614,19515.996094
79,0.457064,0.434407,19765.494141
80,0.471203,0.455389,20015.054688
81,0.481130,0.488486,20264.681641
82,0.492754,0.529141,20514.199219
83,0.496123,0.564538,20763.728516
84,0.493012,0.578610,21013.312500
85,0.489629,0.586710,21262.921875
86,0.486623,0.587739,21512.484375
87,0.486244,0.588472,21761.990234
88,0.484815,0.590335,22011.566406
89,0.484357,0.592990,22261.136719
90,0.483913,0.596327,22510.683594
91,0.489177,0.617525,22760.333984
92,0.492896,0.640321,23009.826172
93,0.492606,0.652803,23259.433594
94,0.486896,0.647853,23508.974609
95,0.483689,0.641853,23758.542969
96,0.480628,0.641668,24008.109375
97,0.478485,0.638113,24257.697266
98,0.478349,0.621194,24507.232422
99,0.478148,0.606855,24756.777344
0,0.741825,0.435989,-0.008093
1,0.733062,0.438773,266.188812
2,0.737115,0.432361,515.786255
3,0.740599,0.431458,765.288635
4,0.747782,0.438349,1014.911621
5,0.763851,0.448198,1264.412842
6,0.786575,0.446767,1514.015869
7,0.821218,0.437807,1763.510620
8,0.848908,0.440816,2013.094238
9,0.872054,0.439564,2262.705811
10,0.913067,0.436823,2512.221436
11,0.945346,0.424582,2761.830566
12,0.971440,0.430285,3011.379639
13,0.004108,0.432745,3260.950439
14,0.041918,0.427886,3510.514648
15,0.067501,0.424186,3760.079834
16,0.090477,0.426874,4009.601074
17,0.128256,0.440377,4259.152832
18,0.171768,0.441871,4508.780762
19,0.221775,0.442108,4758.362793
20,0.267263,0.446922,5007.902344
21,0.306978,0.444995,5257.486328
22,0.333990,0.427787,5506.997559
23,0.359452,0.432760,5756.610352
24,0.385257,0.440549,6006.120117
25,0.417025,0.436774,6255.715820
26,0.437494,0.430985,6505.273926
27,0.456476,0.425890,6754.789062
28,0.468174,0.422830,7004.401367
29,0.470058,0.417997,7254.026367
30,0.462319,0.412454,7503.548828
31,0.427171,0.394935,7753.067871
32,0.391869,0.372480,8002.620117
33,0.354657,0.357773,8252.207031
34,0.326608,0.350023,8501.747070
35,0.274143,0.342098,8751.330078
36,0.196808,0.329789,9000.886719
37,0.107038,0.310424,9250.470703
38,0.024043,0.306546,9500.019531
39,0.961930,0.298212,9766.222656
40,0.890163,0.309157,10015.778320
41,0.826805,0.315630,10265.340820
42,0.765000,0.312257,10514.942383
43,0.706480,0.319227,10764.464844
44,0.643687,0.328737,11014.017578
45,0.593428,0.331909,11263.592773
46,0.552198,0.328519,11513.160156
47,0.515873,0.347552,11762.744141
48,0.494954,0.398629,12012.276367
49,0.490326,0.448997,12261.875977
50,0.498475,0.505316,12511.468750
51,0.508416,0.508456,12760.984375
52,0.517966,0.503600,13010.565430
53,0.525573,0.505773,13260.124023
54,0.525348,0.532352,13509.658203
55,0.516401,0.578992,13759.246094
56,0.510307,0.611725,14008.813477
57,0.508921,0.620249,14258.377930
58,0.512252,0.612093,14507.935547
59,0.522420,0.598787,14757.502930
60,0.523396,0.591506,15007.055664
61,0.525165,0.586645,15256.642578
62,0.525184,0.587062,15506.180664
63,0.522132,0.585137,15755.767578
64,0.524601,0.581128,16005.307617
65,0.524318,0.579960,16254.884766
66,0.524348,0.579962,16504.451172
67,0.523900,0.579189,16754.009766
68,0.522994,0.579522,17003.591797
69,0.522895,0.579224,17253.128906
70,0.520084,0.572438,17502.720703
71,0.518352,0.581043,17752.257812
72,0.519476,0.622778,18001.818359
73,0.508533,0.652129,18251.380859
74,0.501860,0.683663,18500.939453
75,0.497307,0.715176,18750.521484
76,0.490257,0.719454,19000.091797
77,0.494924,0.710732,19266.267578
78,0.498827,0.691057,19515.835938
79,0.503782,0.676165,19765.421875
80,0.512394,0.670482,20014.974609
81,0.528615,0.677325,20264.541016
82,0.562477,0.680947,20514.093750
83,0.611012,0.700375,20763.675781
84,0.603425,0.715522,21013.242188
85,0.578178,0.710668,21262.791016
86,0.580624,0.699684,21512.349609
87,0.640981,0.698552,21761.904297
88,0.729389,0.692753,22011.472656
89,0.774219,0.693717,22261.050781
90,0.801812,0.674106,22510.621094
91,0.815692,0.653493,22760.205078
92,0.813430,0.648448,23009.750000
93,0.804152,0.650265,23259.326172
94,0.792715,0.660735,23508.849609
95,0.778201,0.672681,23758.417969
96,0.753096,0.695685,24008.000000
97,0.723070,0.719386,24257.558594
98,0.697868,0.731013,24507.134766
99,0.667517,0.752889,24756.685547
0,0.751659,0.530222,-0.016123
1,0.754049,0.539691,282.842712
2,0.756180,0.554193,515.773804
3,0.753920,0.544318,765.367432
4,0.751167,0.526697,1014.920593
5,0.750145,0.524433,1264.439087
6,0.769399,0.547401,1514.006348
7,0.820889,0.572254,1763.578857
8,0.880663,0.568302,2013.128540
9,0.925375,0.550933,2262.709473
10,0.955599,0.539341,2512.219482
11,0.978972,0.519058,2761.878662
12,0.998836,0.504961,3011.395996
13,0.024737,0.527678,3260.993164
14,0.044064,0.521319,3510.508057
15,0.040024,0.507723,3760.073242
16,0.023669,0.500560,4009.659180
17,0.006866,0.535278,4259.229004
18,0.990265,0.552209,4508.830566
19,0.965422,0.562182,4758.316895
20,0.933011,0.602986,5007.933105
21,0.899798,0.640024,5257.480957
22,0.845972,0.659357,5507.057129
23,0.771068,0.685667,5756.646973
24,0.726821,0.694870,6006.159180
25,0.698842,0.690015,6255.735840
26,0.670254,0.676300,6505.241211
27,0.637529,0.645401,6754.855469
28,0.601763,0.614642,7004.420898
29,0.563185,0.594822,7253.971680
30,0.539693,0.583655,7503.554199
31,0.526955,0.571496,7753.095215
32,0.537074,0.667910,8002.639160
33,0.578657,0.764647,8252.225586
34,0.591674,0.785231,8501.791992
35,0.573460,0.729071,8751.416992
36,0.545091,0.630645,9000.967773
37,0.506025,0.547679,9250.493164
38,0.470354,0.497119,9500.022461
39,0.453281,0.476237,9766.270508
40,0.464180,0.455443,10015.822266
41,0.476940,0.445658,10265.372070
42,0.485947,0.440701,10514.934570
43,0.477889,0.469201,10764.580078
44,0.437171,0.624664,11014.128906
45,0.397815,0.724972,11263.602539
46,0.368692,0.751878,11513.203125
47,0.345875,0.745251,11762.732422
48,0.331801,0.725487,12012.298828
49,0.333800,0.687081,12261.875977
50,0.340186,0.622442,12511.438477
51,0.354778,0.566724,12761.000977
52,0.379043,0.535972,13010.575195
53,0.389083,0.532935,13260.117188
54,0.408741,0.532242,13509.679688
55,0.440652,0.533248,13759.269531
56,0.493944,0.537468,14008.859375
57,0.548193,0.530516,14258.380859
58,0.598388,0.516188,14507.966797
59,0.630861,0.503454,14757.529297
60,0.609841,0.531321,15007.078125
61,0.571042,0.571986,15256.650391
62,0.559205,0.585241,15506.203125
63,0.570411,0.584918,15755.757812
64,0.604932,0.580468,16005.315430
65,0.671019,0.596945,16254.891602
66,0.726034,0.602572,16504.462891
67,0.750897,0.567935,16754.025391
68,0.760005,0.520872,17003.580078
69,0.758150,0.483176,17253.154297
70,0.756295,0.460182,17502.710938
71,0.752697,0.477798,17752.300781
72,0.749825,0.485337,18001.839844
73,0.749196,0.486217,18251.416016
74,0.749654,0.488950,18500.957031
75,0.749532,0.491103,18750.568359
76,0.748082,0.490356,19000.105469
77,0.748057,0.493004,19266.316406
78,0.756711,0.498701,19515.873047
79,0.761957,0.502670,19765.447266
80,0.763587,0.504747,20015.000000
81,0.756387,0.507951,20264.550781
82,0.754526,0.509546,20514.121094
83,0.757113,0.509021,20763.679688
84,0.753170,0.501815,21013.244141
85,0.742464,0.484222,21262.802734
86,0.739740,0.469889,21512.376953
87,0.743263,0.467572,21761.925781
88,0.750662,0.473657,22011.511719
89,0.761078,0.474606,22261.062500
90,0.767631,0.472974,22510.626953
91,0.773383,0.472797,22760.187500
92,0.777516,0.475589,23009.773438
93,0.777252,0.475345,23259.298828
94,0.778029,0.479622,23508.896484
95,0.777834,0.480789,23758.447266
96,0.779651,0.483050,24008.015625
97,0.779646,0.485483,24257.595703
98,0.779411,0.488703,24507.160156
99,0.778963,0.490779,24756.742188
0,0.750210,0.535989,-0.002156
1,0.750327,0.536672,266.188873
2,0.750534,0.536470,515.731750
3,0.753419,0.495355,765.266174
4,0.753549,0.393429,1014.861267
5,0.748893,0.337279,1264.382080
6,0.749304,0.339682,1514.044678
7,0.777102,0.356656,1763.514526
8,0.844983,0.383075,2013.128052
9,0.868125,0.398682,2262.681152
10,0.868196,0.400210,2512.222168
11,0.869807,0.435019,2761.828125
12,0.897555,0.506860,3011.406494
13,0.920722,0.543388,3260.973633
14,0.940054,0.554667,3510.450684
15,0.954368,0.562017,3760.069092
16,0.961435,0.561985,4009.608887
17,0.935355,0.562497,4259.144043
18,0.866583,0.583801,4508.751465
19,0.817931,0.597085,4758.399414
20,0.788501,0.608855,5007.856445
21,0.774667,0.607388,5257.417969
22,0.763879,0.612766,5507.034180
23,0.733479,0.620827,5756.573242
24,0.714199,0.631235,6006.124023
25,0.719273,0.645969,6255.667480
26,0.721047,0.661791,6505.270508
27,0.724134,0.671883,6754.831055
28,0.721273,0.670105,7004.372070
29,0.713491,0.668567,7253.922363
30,0.705910,0.666195,7503.550293
31,0.699549,0.663975,7753.164062
32,0.694584,0.663961,8002.617188
33,0.693040,0.665335,8252.218750
34,0.687311,0.665756,8501.731445
35,0.684743,0.665931,8751.291992
36,0.672525,0.663013,9000.880859
37,0.645509,0.645826,9250.468750
38,0.609251,0.608805,9500.114258
39,0.569807,0.580534,9766.314453
40,0.528152,0.568716,10015.833008
41,0.513406,0.558917,10265.363281
42,0.507813,0.522364,10514.942383
43,0.504409,0.472960,10764.471680
44,0.509370,0.427455,11014.040039
45,0.519760,0.382979,11263.591797
46,0.527616,0.338777,11513.229492
47,0.531595,0.329587,11762.714844
48,0.543686,0.314381,12012.306641
49,0.562562,0.299534,12261.853516
50,0.558834,0.289461,12511.403320
51,0.550522,0.286059,12760.998047
52,0.546181,0.283187,13010.620117
53,0.543412,0.278574,13260.135742
54,0.538421,0.290510,13509.651367
55,0.540965,0.255627,13759.310547
56,0.535229,0.205596,14008.817383
57,0.529639,0.168549,14258.347656
58,0.529402,0.165364,14507.959961
59,0.530528,0.162497,14757.522461
60,0.528381,0.156355,15007.037109
61,0.527796,0.165620,15256.624023
62,0.530668,0.238606,15506.247070
63,0.510496,0.448689,15755.719727
64,0.485538,0.597572,16005.308594
65,0.472975,0.719058,16254.915039
66,0.460808,0.791720,16504.480469
67,0.457512,0.804318,16753.984375
68,0.469666,0.781805,17003.580078
69,0.480339,0.745097,17253.173828
70,0.491520,0.700577,17502.732422
71,0.498448,0.648731,17752.230469
72,0.492738,0.617358,18001.880859
73,0.463709,0.585004,18251.441406
74,0.436035,0.549980,18500.982422
75,0.426391,0.540457,18750.500000
76,0.410561,0.549219,19000.136719
77,0.384262,0.557368,19266.341797
78,0.363161,0.560383,19515.849609
79,0.349976,0.563517,19765.392578
80,0.341433,0.569109,20015.025391
81,0.341328,0.567055,20264.527344
82,0.336226,0.563878,20514.134766
83,0.331441,0.559711,20763.648438
84,0.315080,0.558192,21013.236328
85,0.282015,0.563092,21262.818359
86,0.254873,0.569501,21512.357422
87,0.241549,0.565245,21761.933594
88,0.229555,0.549329,22011.505859
89,0.192866,0.535019,22261.130859
90,0.183319,0.521256,22510.630859
91,0.181254,0.479405,22760.199219
92,0.186621,0.461249,23009.763672
93,0.191525,0.462122,23259.289062
94,0.196232,0.462872,23508.857422
95,0.196392,0.466496,23758.478516
96,0.196462,0.467906,24008.009766
97,0.195719,0.470340,24257.574219
98,0.195099,0.474051,24507.117188
99,0.195293,0.477493,24756.695312
0,0.750472,0.644181,0.030614
1,0.754084,0.633071,266.217255
2,0.754780,0.632370,515.791504
3,0.753638,0.618804,765.424744
4,0.745127,0.590209,1014.914856
5,0.736582,0.552464,1264.482056
6,0.732737,0.527893,1514.048950
7,0.724179,0.500692,1763.574585
8,0.696920,0.433953,2013.222412
9,0.633537,0.421675,2262.715576
10,0.618525,0.412465,2512.353760
11,0.583242,0.425765,2761.839111
12,0.563912,0.436336,3011.480225
13,0.562220,0.486759,3260.987061
14,0.559824,0.562556,3510.524658
15,0.568517,0.597480,3760.172607
16,0.569006,0.611107,4009.655762
17,0.566164,0.617485,4259.251953
18,0.566471,0.618268,4508.796387
19,0.567863,0.620935,4758.372559
20,0.557433,0.644769,5007.996094
21,0.536072,0.679677,5257.472168
22,0.514516,0.709008,5507.073730
23,0.493953,0.679326,5756.608887
24,0.494308,0.647902,6006.253418
25,0.515684,0.632076,6255.712402
26,0.517193,0.622801,6505.319336
27,0.529402,0.629145,6754.891113
28,0.530714,0.625157,7004.443848
29,0.524710,0.609338,7254.072754
30,0.496850,0.593309,7503.576172
31,0.434909,0.581923,7753.187012
32,0.369300,0.565552,8002.673828
33,0.313258,0.566597,8252.264648
34,0.272462,0.573832,8501.832031
35,0.242702,0.569600,8751.381836
36,0.207857,0.538632,9000.949219
37,0.207955,0.504987,9250.536133
38,0.247237,0.509286,9500.056641
39,0.340745,0.569412,9766.294922
40,0.382297,0.564015,10015.801758
41,0.381959,0.543060,10265.470703
42,0.383533,0.533365,10514.935547
43,0.389117,0.529195,10764.518555
44,0.392668,0.525907,11014.093750
45,0.396847,0.528910,11263.675781
46,0.387776,0.530285,11513.242188
47,0.312061,0.491912,11762.765625
48,0.175067,0.495965,12012.363281
49,0.068509,0.557038,12261.949219
50,0.046371,0.563532,12511.472656
51,0.042079,0.563893,12761.005859
52,0.035318,0.566340,13010.657227
53,0.025114,0.637646,13260.150391
54,0.015380,0.675798,13509.713867
55,0.005484,0.667844,13759.314453
56,0.991819,0.644387,14008.871094
57,0.993569,0.632065,14258.406250
58,0.014296,0.588480,14508.004883
59,0.083558,0.532521,14757.625977
60,0.131571,0.496866,15007.102539
61,0.165940,0.477221,15256.682617
62,0.191543,0.467609,15506.269531
63,0.200134,0.467630,15755.843750
64,0.205911,0.467392,16005.429688
65,0.213667,0.468665,16254.941406
66,0.221947,0.471346,16504.539062
67,0.229570,0.473502,16754.078125
68,0.231334,0.470191,17003.609375
69,0.220171,0.475552,17253.195312
70,0.221278,0.496908,17502.785156
71,0.228962,0.507707,17752.308594
72,0.241271,0.497138,18001.894531
73,0.250961,0.491744,18251.427734
74,0.253937,0.497519,18501.007812
75,0.254791,0.505810,18750.541016
76,0.259092,0.519145,19000.210938
77,0.258922,0.521749,19266.345703
78,0.259563,0.538091,19515.912109
79,0.256587,0.532489,19765.443359
80,0.253693,0.540455,20015.035156
81,0.254394,0.544541,20264.611328
82,0.256900,0.551006,20514.183594
83,0.257953,0.516089,20763.726562
84,0.265024,0.446796,21013.308594
85,0.260495,0.495268,21262.865234
86,0.248863,0.544673,21512.423828
87,0.240351,0.557443,21761.998047
88,0.233884,0.586758,22011.562500
89,0.220332,0.606266,22261.097656
90,0.204593,0.541499,22510.667969
91,0.198861,0.529816,22760.287109
92,0.207178,0.513950,23009.822266
93,0.218580,0.463624,23259.337891
94,0.234413,0.414429,23508.943359
95,0.247406,0.430469,23758.496094
96,0.226028,0.495066,24008.060547
97,0.165740,0.516280,24257.587891
98,0.089639,0.510491,24507.189453
99,0.045384,0.511337,24756.781250
0,0.749470,0.450410,-0.003295
1,0.750575,0.450485,266.254913
2,0.752306,0.450885,515.753479
3,0.753811,0.449831,765.409302
4,0.755082,0.476801,1014.914368
5,0.749733,0.514233,1264.514160
6,0.732314,0.547400,1514.073486
7,0.711904,0.558221,1763.550659
8,0.696545,0.557400,2013.167725
9,0.678511,0.555858,2262.666504
10,0.656150,0.556975,2512.237061
11,0.630264,0.561190,2761.911377
12,0.607914,0.545947,3011.428467
13,0.591058,0.531526,3260.984863
14,0.576879,0.525509,3510.530273
15,0.565776,0.520528,3760.102539
16,0.565503,0.502998,4009.619385
17,0.556283,0.494432,4259.187500
18,0.548770,0.484934,4508.768066
19,0.543763,0.482027,4758.343750
20,0.540448,0.474053,5007.923340
21,0.538817,0.464372,5257.442383
22,0.534318,0.444173,5507.038086
23,0.533990,0.439955,5756.612305
24,0.522261,0.450401,6006.132324
25,0.504979,0.464546,6255.739746
26,0.492805,0.472790,6505.308105
27,0.484042,0.470809,6754.824707
28,0.473573,0.468999,7004.391602
29,0.467275,0.469875,7253.979980
30,0.463897,0.470196,7503.545898
31,0.463087,0.467635,7753.083496
32,0.467664,0.461638,8002.708984
33,0.468171,0.437001,8252.308594
34,0.443019,0.413179,8501.785156
35,0.417295,0.379270,8751.364258
36,0.406043,0.364783,9000.981445
37,0.391013,0.354078,9250.507812
38,0.380277,0.340653,9500.028320
39,0.363512,0.336196,9766.222656
40,0.350342,0.330730,10015.875977
41,0.341348,0.330129,10265.398438
42,0.330930,0.345850,10514.918945
43,0.337371,0.346730,10764.500977
44,0.351231,0.345941,11014.138672
45,0.355672,0.346667,11263.675781
46,0.348324,0.351814,11513.206055
47,0.329194,0.377204,11762.781250
48,0.302970,0.414051,12012.369141
49,0.273656,0.446274,12261.950195
50,0.251330,0.473081,12511.417969
51,0.236003,0.490884,12761.018555
52,0.236623,0.502772,13010.588867
53,0.254447,0.502818,13260.127930
54,0.283225,0.489950,13509.828125
55,0.312872,0.482036,13759.255859
56,0.348104,0.475038,14008.870117
57,0.403246,0.458416,14258.375000
58,0.425789,0.457418,14508.020508
59,0.434960,0.463218,14757.562500
60,0.443966,0.470408,15007.103516
61,0.457343,0.472707,15256.694336
62,0.473097,0.474198,15506.273438
63,0.494641,0.471361,15755.777344
64,0.517557,0.467171,16005.318359
65,0.539949,0.463221,16254.966797
66,0.564572,0.457004,16504.533203
67,0.593629,0.450817,16754.041016
68,0.625540,0.443879,17003.617188
69,0.654700,0.439681,17253.230469
70,0.665547,0.429183,17502.742188
71,0.678508,0.419710,17752.281250
72,0.691046,0.410439,18001.908203
73,0.712299,0.403714,18251.509766
74,0.734547,0.399439,18501.017578
75,0.757643,0.396953,18750.539062
76,0.783161,0.399281,19000.187500
77,0.800045,0.408829,19266.287109
78,0.816075,0.416356,19515.917969
79,0.835575,0.417753,19765.423828
80,0.856752,0.421620,20015.044922
81,0.873190,0.428349,20264.554688
82,0.892467,0.435213,20514.166016
83,0.929330,0.446579,20763.701172
84,0.960760,0.458631,21013.314453
85,0.985667,0.479541,21262.808594
86,0.005046,0.499023,21512.361328
87,0.021346,0.529959,21761.941406
88,0.034393,0.561267,22011.501953
89,0.038838,0.594413,22261.179688
90,0.038525,0.643456,22510.623047
91,0.042938,0.670617,22760.232422
92,0.055759,0.679023,23009.757812
93,0.077322,0.706367,23259.312500
94,0.084075,0.726736,23508.935547
95,0.099723,0.744093,23758.492188
96,0.120277,0.762074,24008.072266
97,0.127502,0.774263,24257.564453
98,0.129053,0.788003,24507.166016
99,0.130481,0.807388,24756.707031
0,0.750413,0.532226,-0.001764
1,0.750382,0.542693,266.236206
2,0.741061,0.588254,515.705200
3,0.735921,0.613163,765.336609
4,0.736066,0.624523,1014.886292
5,0.736285,0.673767,1264.512695
6,0.736291,0.724940,1513.987915
7,0.738479,0.754886,1763.532837
8,0.746839,0.750794,2013.173950
9,0.785209,0.757947,2262.662598
10,0.861043,0.770542,2512.272705
11,0.915605,0.762251,2761.806641
12,0.951568,0.746164,3011.393555
13,0.988574,0.728680,3260.989746
14,0.018357,0.703796,3510.504883
15,0.032611,0.658376,3760.163574
16,0.047286,0.605149,4009.690430
17,0.050270,0.540625,4259.176758
18,0.055985,0.477273,4508.790039
19,0.053403,0.409530,4758.323242
20,0.037600,0.369411,5007.853516
21,0.031523,0.334756,5257.420410
22,0.069884,0.289966,5507.004395
23,0.118571,0.266952,5756.559082
24,0.167974,0.291372,6006.144043
25,0.211172,0.376214,6255.668457
26,0.241814,0.454820,6505.339355
27,0.256197,0.488382,6754.844238
28,0.268090,0.494855,7004.375977
29,0.295191,0.514198,7253.955078
30,0.323901,0.545692,7503.559082
31,0.349114,0.560387,7753.123535
32,0.386953,0.546496,8002.653809
33,0.413564,0.523372,8252.233398
34,0.429090,0.519155,8501.801758
35,0.424714,0.516321,8751.326172
36,0.393063,0.501146,9000.903320
37,0.371038,0.475969,9250.464844
38,0.362722,0.417280,9500.058594
39,0.360171,0.379232,9766.223633
40,0.356176,0.329727,10015.807617
41,0.352713,0.281226,10265.366211
42,0.346321,0.253340,10514.946289
43,0.336663,0.237318,10764.476562
44,0.311668,0.219926,11014.044922
45,0.280287,0.179332,11263.612305
46,0.243594,0.144930,11513.205078
47,0.184933,0.128269,11762.763672
48,0.125385,0.125058,12012.284180
49,0.049601,0.137023,12261.869141
50,0.977240,0.193685,12511.427734
51,0.938459,0.252995,12761.051758
52,0.912165,0.298900,13010.541016
53,0.889427,0.345161,13260.115234
54,0.871822,0.387801,13509.734375
55,0.863788,0.430127,13759.231445
56,0.854219,0.470579,14008.811523
57,0.833511,0.487703,14258.389648
58,0.805823,0.495649,14508.020508
59,0.777827,0.499734,14757.554688
60,0.749973,0.499679,15007.181641
61,0.730323,0.497039,15256.627930
62,0.712621,0.518723,15506.211914
63,0.697937,0.527695,15755.782227
64,0.679335,0.528978,16005.307617
65,0.641964,0.513224,16254.881836
66,0.604628,0.451964,16504.468750
67,0.592125,0.372550,16754.025391
68,0.590324,0.298456,17003.587891
69,0.568696,0.274613,17253.173828
70,0.520864,0.302318,17502.757812
71,0.495265,0.375788,17752.279297
72,0.488918,0.471309,18001.851562
73,0.499595,0.604976,18251.384766
74,0.513023,0.687759,18500.960938
75,0.527254,0.745155,18750.519531
76,0.526695,0.776719,19000.169922
77,0.514111,0.784456,19266.296875
78,0.496337,0.789519,19515.878906
79,0.473924,0.778571,19765.421875
80,0.440875,0.743382,20015.044922
81,0.430713,0.712802,20264.550781
82,0.444173,0.682698,20514.158203
83,0.462940,0.632553,20763.662109
84,0.483232,0.598668,21013.343750
85,0.503353,0.591287,21262.828125
86,0.520078,0.605739,21512.402344
87,0.527181,0.635493,21761.951172
88,0.524558,0.656452,22011.544922
89,0.531177,0.639360,22261.078125
90,0.544995,0.618025,22510.603516
91,0.565636,0.604886,22760.197266
92,0.583728,0.595728,23009.742188
93,0.582171,0.599987,23259.322266
94,0.577012,0.601436,23508.861328
95,0.562815,0.602665,23758.507812
96,0.540602,0.600974,24008.025391
97,0.526932,0.595597,24257.566406
98,0.520921,0.574348,24507.181641
99,0.522769,0.570474,24756.716797
0,0.749735,0.491899,0.005087
1,0.750603,0.490065,266.194092
2,0.755390,0.481991,515.698853
3,0.762467,0.472971,765.361938
4,0.771438,0.465384,1014.874329
5,0.754945,0.456694,1264.456177
6,0.723111,0.455023,1514.005005
7,0.696612,0.446373,1763.572510
8,0.673743,0.418078,2013.191650
9,0.659376,0.396964,2262.648682
10,0.638332,0.431192,2512.257568
11,0.616472,0.536164,2761.821777
12,0.602803,0.593157,3011.354492
13,0.589105,0.603203,3261.007812
14,0.581817,0.601453,3510.485107
15,0.574968,0.585787,3760.103027
16,0.557250,0.553452,4009.671387
17,0.540432,0.522248,4259.281738
18,0.525312,0.480615,4508.734863
19,0.515545,0.441803,4758.305176
20,0.507199,0.421319,5007.905273
21,0.504336,0.417485,5257.549805
22,0.504409,0.417637,5506.992188
23,0.505119,0.413255,5756.615723
24,0.517354,0.392480,6006.207520
25,0.536395,0.362422,6255.722656
26,0.557018,0.344764,6505.265625
27,0.571490,0.342833,6754.822266
28,0.584401,0.359971,7004.472656
29,0.586503,0.381612,7253.940430
30,0.569139,0.398705,7503.509766
31,0.560900,0.398433,7753.097656
32,0.580273,0.385748,8002.667969
33,0.620614,0.350785,8252.203125
34,0.667944,0.280562,8501.832031
35,0.704482,0.210676,8751.400391
36,0.723785,0.154958,9000.972656
37,0.740690,0.121410,9250.502930
38,0.755299,0.105299,9500.109375
39,0.771282,0.097890,9766.291016
40,0.798112,0.097682,10015.815430
41,0.871406,0.134274,10265.354492
42,0.937800,0.197857,10514.968750
43,0.967790,0.273511,10764.548828
44,0.988172,0.342973,11014.041016
45,0.015808,0.426322,11263.628906
46,0.015253,0.502810,11513.160156
47,0.013095,0.523398,11762.765625
48,0.009688,0.529868,12012.278320
49,0.005094,0.531949,12261.952148
50,0.003817,0.538955,12511.478516
51,0.014005,0.557787,12761.057617
52,0.034014,0.541026,13010.541992
53,0.042955,0.522296,13260.139648
54,0.048457,0.504754,13509.717773
55,0.067918,0.494784,13759.238281
56,0.085175,0.522900,14008.934570
57,0.085423,0.551599,14258.425781
58,0.076724,0.599358,14508.039062
59,0.053035,0.622944,14757.545898
60,0.030165,0.642703,15007.191406
61,0.018593,0.691018,15256.634766
62,0.007553,0.758976,15506.223633
63,0.995367,0.836781,15755.870117
64,0.998406,0.900267,16005.336914
65,0.039866,0.927856,16254.984375
66,0.090766,0.929234,16504.445312
67,0.179333,0.909420,16754.070312
68,0.225043,0.887019,17003.638672
69,0.242623,0.864197,17253.230469
70,0.240311,0.839153,17502.736328
71,0.253140,0.807569,17752.310547
72,0.248187,0.709389,18001.863281
73,0.229302,0.651388,18251.380859
74,0.198847,0.624865,18501.009766
75,0.176649,0.586805,18750.539062
76,0.166768,0.523840,19000.123047
77,0.163113,0.464649,19266.302734
78,0.159287,0.430044,19515.892578
79,0.147563,0.395021,19765.466797
80,0.129678,0.349343,20015.017578
81,0.088762,0.273589,20264.552734
82,0.028341,0.193522,20514.216797
83,0.962625,0.141040,20763.712891
84,0.920199,0.115360,21013.240234
85,0.846396,0.115069,21262.792969
86,0.759371,0.125519,21512.486328
87,0.689335,0.135357,21761.970703
88,0.634738,0.150398,22011.498047
89,0.576338,0.189221,22261.070312
90,0.535240,0.252449,22510.660156
91,0.508419,0.325694,22760.212891
92,0.497753,0.370806,23009.740234
93,0.472061,0.400678,23259.328125
94,0.440571,0.421126,23508.916016
95,0.411479,0.424323,23758.451172
96,0.386364,0.432844,24008.031250
97,0.402550,0.501729,24257.603516
98,0.428604,0.540561,24507.183594
99,0.456374,0.564824,24756.707031
0,0.751294,0.525122,-0.018344
1,0.756167,0.531823,266.187073
2,0.751812,0.569380,515.698303
3,0.739191,0.626188,765.302185
4,0.736648,0.647220,1014.837402
5,0.739365,0.653056,1264.409912
6,0.739811,0.666817,1514.008301
7,0.731660,0.709658,1763.640869
8,0.719565,0.770414,2013.126587
9,0.720097,0.843993,2262.665283
10,0.710874,0.892986,2512.299805
11,0.697887,0.929911,2761.781982
12,0.691835,0.954132,3011.370605
13,0.628444,0.975157,3260.962891
14,0.475676,0.980808,3510.531738
15,0.426023,0.977477,3760.072998
16,0.545008,0.961192,4009.607178
17,0.560437,0.896724,4259.209473
18,0.539331,0.786009,4508.730957
19,0.535046,0.678880,4758.319824
20,0.536619,0.611918,5007.882812
21,0.544215,0.559834,5257.505371
22,0.550925,0.483726,5507.037109
23,0.550034,0.439674,5756.586914
24,0.555459,0.427729,6006.133789
25,0.567540,0.426862,6255.711914
26,0.585446,0.419965,6505.247559
27,0.600341,0.416574,6754.879883
28,0.619043,0.416020,7004.375488
29,0.640628,0.417752,7253.937500
30,0.660372,0.408003,7503.555176
31,0.690245,0.391489,7753.082031
32,0.751801,0.383327,8002.638672
33,0.832945,0.390212,8252.226562
34,0.884849,0.411782,8501.758789
35,0.918398,0.429719,8751.321289
36,0.946642,0.450318,9000.910156
37,0.954697,0.467595,9250.443359
38,0.949440,0.477809,9500.010742
39,0.950287,0.478636,9766.206055
40,0.960742,0.468847,10015.772461
41,0.983072,0.437996,10265.355469
42,0.005926,0.412619,10514.902344
43,0.030554,0.432365,10764.482422
44,0.058866,0.444208,11014.029297
45,0.088083,0.453863,11263.605469
46,0.105160,0.462352,11513.172852
47,0.114038,0.473194,11762.725586
48,0.138578,0.485989,12012.291016
49,0.177079,0.497824,12261.863281
50,0.206355,0.514846,12511.483398
51,0.224407,0.528410,12760.974609
52,0.238016,0.539696,13010.556641
53,0.244170,0.547836,13260.117188
54,0.248985,0.550458,13509.668945
55,0.263598,0.542031,13759.247070
56,0.281851,0.526115,14008.805664
57,0.281359,0.530066,14258.355469
58,0.276545,0.535820,14507.923828
59,0.273131,0.538802,14757.544922
60,0.271240,0.538817,15007.069336
61,0.265223,0.527143,15256.629883
62,0.246833,0.526347,15506.195312
63,0.222188,0.524062,15755.767578
64,0.190897,0.518282,16005.318359
65,0.154403,0.515168,16254.878906
66,0.116810,0.514015,16504.431641
67,0.082869,0.508853,16754.000000
68,0.053948,0.497175,17003.587891
69,0.031036,0.490347,17253.164062
70,0.008263,0.488628,17502.703125
71,0.992990,0.496654,17752.271484
72,0.967024,0.503672,18001.820312
73,0.927401,0.511371,18251.396484
74,0.867229,0.513784,18500.951172
75,0.808797,0.522428,18750.507812
76,0.767753,0.531478,19000.076172
77,0.730921,0.557032,19266.322266
78,0.699923,0.590130,19515.843750
79,0.692336,0.608997,19765.394531
80,0.689439,0.627025,20014.966797
81,0.695001,0.672551,20264.533203
82,0.692188,0.698100,20514.109375
83,0.673603,0.693976,20763.671875
84,0.610746,0.654885,21013.275391
85,0.545184,0.605413,21262.841797
86,0.518727,0.586724,21512.380859
87,0.514277,0.586300,21761.935547
88,0.515553,0.596140,22011.484375
89,0.511693,0.599898,22261.039062
90,0.502327,0.614759,22510.625000
91,0.484323,0.651132,22760.183594
92,0.469308,0.666891,23009.746094
93,0.468490,0.677926,23259.318359
94,0.471158,0.679725,23508.863281
95,0.472932,0.679441,23758.435547
96,0.452307,0.657870,24008.017578
97,0.415355,0.633568,24257.546875
98,0.377234,0.622702,24507.119141
99,0.362868,0.621660,24756.712891
0,0.750051,0.610596,0.012950
1,0.749883,0.610997,266.221283
2,0.749546,0.611526,515.766541
3,0.749706,0.612032,765.362488
4,0.748289,0.629708,1014.901550
5,0.753378,0.664409,1264.523926
6,0.772337,0.711237,1514.013428
7,0.776251,0.773818,1763.718140
8,0.772131,0.814893,2013.197388
9,0.766909,0.839641,2262.769775
10,0.733400,0.852741,2512.284180
11,0.695716,0.855649,2761.877686
12,0.670037,0.846270,3011.450684
13,0.629014,0.812900,3260.962891
14,0.594904,0.773471,3510.621094
15,0.585298,0.764999,3760.138428
16,0.588485,0.760500,4009.690186
17,0.590389,0.725117,4259.234375
18,0.568574,0.667755,4508.856445
19,0.533328,0.624157,4758.390137
20,0.508590,0.579111,5007.901367
21,0.499809,0.510230,5257.505859
22,0.496404,0.466726,5507.057129
23,0.488993,0.424878,5756.661621
24,0.475022,0.409643,6006.185547
25,0.457097,0.416235,6255.852051
26,0.428153,0.422974,6505.339844
27,0.394684,0.421291,6754.847656
28,0.378055,0.416196,7004.491699
29,0.371618,0.415369,7254.041016
30,0.365593,0.420257,7503.628906
31,0.367705,0.423056,7753.123047
32,0.370980,0.433832,8002.702148
33,0.369091,0.459165,8252.268555
34,0.364151,0.500280,8501.822266
35,0.356195,0.530901,8751.384766
36,0.354455,0.537767,9000.972656
37,0.359531,0.530439,9250.558594
38,0.371142,0.526820,9500.074219
39,0.391231,0.528776,9766.261719
40,0.409352,0.532999,10015.835938
41,0.440436,0.539981,10265.401367
42,0.463985,0.546129,10514.978516
43,0.477194,0.538151,10764.523438
44,0.499005,0.505713,11014.109375
45,0.505211,0.487295,11263.655273
46,0.505185,0.456601,11513.223633
47,0.507917,0.427857,11762.774414
48,0.517099,0.410464,12012.330078
49,0.531959,0.404420,12261.897461
50,0.557319,0.380619,12511.474609
51,0.587629,0.347558,12761.053711
52,0.605803,0.338044,13010.622070
53,0.611924,0.338077,13260.164062
54,0.608712,0.346813,13509.741211
55,0.609161,0.358945,13759.283203
56,0.619376,0.365209,14008.851562
57,0.638805,0.370874,14258.405273
58,0.647597,0.387985,14508.019531
59,0.657222,0.431762,14757.575195
60,0.674895,0.462128,15007.119141
61,0.699440,0.454802,15256.710938
62,0.723113,0.421034,15506.229492
63,0.734777,0.399221,15755.819336
64,0.751995,0.389619,16005.369141
65,0.775481,0.390248,16254.945312
66,0.793919,0.396878,16504.488281
67,0.819206,0.397171,16754.064453
68,0.842325,0.403750,17003.626953
69,0.863978,0.406132,17253.220703
70,0.879255,0.401440,17502.783203
71,0.889169,0.375607,17752.310547
72,0.899300,0.358753,18001.898438
73,0.913498,0.356343,18251.429688
74,0.932463,0.355035,18501.031250
75,0.958324,0.345958,18750.576172
76,0.971410,0.338421,19000.162109
77,0.975253,0.344927,19266.341797
78,0.960347,0.356807,19515.916016
79,0.931697,0.371723,19765.466797
80,0.926418,0.394279,20015.048828
81,0.923093,0.442353,20264.599609
82,0.922805,0.473501,20514.189453
83,0.918733,0.498764,20763.716797
84,0.913688,0.520858,21013.296875
85,0.913623,0.528658,21262.837891
86,0.929121,0.568608,21512.416016
87,0.957508,0.623300,21762.019531
88,0.977562,0.634395,22011.570312
89,0.988355,0.647845,22261.119141
90,0.986680,0.652142,22510.666016
91,0.984632,0.662053,22760.246094
92,0.990892,0.680313,23009.792969
93,0.002833,0.645047,23259.353516
94,0.008880,0.587842,23508.912109
95,0.012888,0.540422,23758.507812
96,0.027424,0.494421,24008.062500
97,0.049476,0.451392,24257.613281
98,0.072324,0.431786,24507.181641
99,0.098392,0.413857,24756.751953
0,0.749952,0.487408,-0.061875
1,0.750142,0.490516,266.159088
2,0.753480,0.522927,515.664124
3,0.761463,0.601250,765.268921
4,0.783327,0.686915,1014.898315
5,0.801237,0.779343,1264.356445
6,0.789289,0.816442,1513.999023
7,0.764194,0.815842,1763.569214
8,0.694023,0.775288,2013.143188
9,0.645993,0.705284,2262.633301
10,0.626910,0.649248,2512.202881
11,0.623007,0.591407,2761.765869
12,0.623679,0.538983,3011.312744
13,0.622542,0.509243,3260.962646
14,0.603971,0.481655,3510.482178
15,0.592000,0.456043,3760.053955
16,0.583335,0.492460,4009.574463
17,0.572982,0.533839,4259.233398
18,0.570324,0.539116,4508.739258
19,0.568002,0.551140,4758.260742
20,0.560725,0.552553,5007.920898
21,0.552585,0.550667,5257.451660
22,0.542708,0.546558,5507.020020
23,0.533935,0.539854,5756.518555
24,0.527049,0.534142,6006.144043
25,0.521272,0.531628,6255.641602
26,0.517348,0.531156,6505.243652
27,0.513269,0.530425,6754.839844
28,0.511300,0.528116,7004.425293
29,0.510333,0.526020,7253.945312
30,0.509073,0.512719,7503.484375
31,0.512463,0.481557,7753.021484
32,0.516890,0.463965,8002.603516
33,0.517677,0.456945,8252.180664
34,0.528246,0.445097,8501.726562
35,0.560251,0.411966,8751.286133
36,0.584766,0.370778,9000.858398
37,0.607783,0.341802,9250.404297
38,0.648934,0.353418,9516.617188
39,0.682394,0.382395,9766.199219
40,0.711026,0.405807,10015.763672
41,0.741400,0.447810,10265.314453
42,0.768277,0.484894,10514.872070
43,0.778096,0.529361,10764.439453
44,0.792834,0.562986,11013.996094
45,0.825666,0.572122,11263.571289
46,0.846944,0.561146,11513.135742
47,0.859005,0.527191,11762.700195
48,0.871400,0.501824,12012.253906
49,0.886085,0.458180,12261.809570
50,0.907640,0.408157,12511.375977
51,0.936721,0.405677,12760.939453
52,0.973692,0.465822,13010.509766
53,0.000598,0.528393,13260.083008
54,0.012978,0.564936,13509.625000
55,0.021824,0.648537,13759.222656
56,0.029831,0.692653,14008.768555
57,0.041778,0.730206,14258.358398
58,0.055934,0.778732,14507.890625
59,0.076188,0.740347,14757.464844
60,0.110866,0.618224,15007.014648
61,0.152494,0.540710,15256.600586
62,0.202236,0.536201,15506.158203
63,0.239729,0.540413,15755.704102
64,0.242069,0.511064,16005.302734
65,0.242201,0.462313,16254.862305
66,0.234728,0.439897,16504.408203
67,0.222686,0.435160,16753.962891
68,0.211701,0.429945,17003.525391
69,0.205863,0.431263,17253.117188
70,0.203313,0.429778,17502.667969
71,0.201383,0.427505,17752.250000
72,0.199989,0.426492,18001.789062
73,0.193230,0.429136,18251.357422
74,0.173851,0.424533,18500.914062
75,0.147107,0.404905,18750.478516
76,0.120203,0.398172,19000.042969
77,0.101514,0.417541,19266.238281
78,0.091054,0.424854,19515.818359
79,0.082540,0.432137,19765.376953
80,0.071565,0.429436,20014.929688
81,0.055423,0.421540,20264.501953
82,0.039371,0.422627,20514.054688
83,0.025054,0.432961,20763.632812
84,0.009209,0.487958,21013.208984
85,0.998451,0.526847,21262.759766
86,0.992590,0.555985,21512.324219
87,0.985046,0.573884,21761.890625
88,0.979753,0.595661,22011.453125
89,0.974992,0.597007,22261.017578
90,0.977437,0.595334,22510.566406
91,0.971447,0.590029,22760.134766
92,0.961933,0.583791,23009.736328
93,0.949703,0.569648,23259.271484
94,0.921696,0.549704,23508.839844
95,0.888519,0.541705,23758.398438
96,0.880217,0.541487,24007.943359
97,0.884207,0.524379,24257.513672
98,0.876740,0.491631,24507.103516
99,0.848447,0.500214,24756.638672
0,0.749837,0.450253,-0.027872
1,0.749626,0.448742,266.142944
2,0.745740,0.425491,515.687012
3,0.735682,0.420783,765.263916
4,0.696933,0.399016,1014.812073
5,0.638299,0.386257,1281.070557
6,0.629806,0.473409,1513.943604
7,0.633511,0.560473,1763.555420
8,0.614243,0.603728,2013.088623
9,0.554468,0.576753,2262.640869
10,0.532483,0.565186,2512.225586
11,0.522052,0.541069,2761.794678
12,0.506869,0.503048,3011.415771
13,0.492976,0.463121,3260.958252
14,0.482214,0.444418,3510.543945
15,0.447613,0.407266,3760.009521
16,0.429221,0.413305,4009.594482
17,0.442202,0.469705,4259.207520
18,0.455985,0.515148,4508.748535
19,0.471760,0.584128,4758.314453
20,0.484194,0.676634,5007.888184
21,0.477365,0.775131,5257.432129
22,0.436585,0.798000,5506.956055
23,0.359021,0.718495,5756.521484
24,0.313928,0.635649,6006.168457
25,0.294303,0.588285,6255.715820
26,0.276740,0.543267,6505.244629
27,0.262138,0.494783,6754.766602
28,0.235831,0.464701,7004.386719
29,0.186329,0.448535,7253.930176
30,0.152786,0.446876,7503.520508
31,0.115637,0.455516,7753.041016
32,0.085258,0.461375,8002.683105
33,0.071977,0.454128,8252.159180
34,0.058715,0.448802,8501.727539
35,0.049171,0.427439,8751.284180
36,0.037696,0.420368,9000.882812
37,0.025829,0.421930,9250.442383
38,0.998089,0.445405,9516.643555
39,0.977833,0.462112,9766.213867
40,0.963145,0.457181,10015.839844
41,0.942480,0.451824,10265.303711
42,0.920054,0.490717,10514.916992
43,0.906312,0.588761,10764.509766
44,0.871541,0.629122,11013.998047
45,0.831277,0.633022,11263.582031
46,0.816357,0.650018,11513.152344
47,0.797480,0.685978,11762.707031
48,0.750147,0.676275,12012.258789
49,0.730161,0.673057,12261.853516
50,0.743604,0.700168,12511.383789
51,0.768098,0.721672,12760.975586
52,0.779644,0.734193,13010.523438
53,0.784079,0.755258,13260.070312
54,0.804652,0.789275,13509.658203
55,0.840255,0.830131,13759.243164
56,0.937509,0.886730,14008.790039
57,0.168462,0.881133,14258.337891
58,0.197177,0.668302,14507.935547
59,0.221766,0.328897,14757.486328
60,0.225526,0.160821,15007.055664
61,0.254011,0.087609,15256.625000
62,0.315313,0.076251,15506.153320
63,0.493477,0.078752,15755.726562
64,0.543849,0.112187,16005.296875
65,0.508528,0.152474,16254.845703
66,0.484201,0.255086,16504.419922
67,0.481467,0.319559,16753.974609
68,0.462754,0.334690,17003.535156
69,0.458634,0.333769,17253.119141
70,0.461380,0.346887,17502.679688
71,0.465357,0.367643,17752.224609
72,0.467763,0.376361,18001.794922
73,0.473646,0.391331,18251.375000
74,0.482481,0.424041,18500.935547
75,0.479180,0.424171,18750.496094
76,0.453799,0.449636,19000.066406
77,0.442063,0.466261,19266.283203
78,0.442330,0.458101,19515.818359
79,0.451886,0.455353,19765.382812
80,0.462423,0.453517,20014.933594
81,0.482402,0.446150,20264.498047
82,0.533066,0.439077,20514.095703
83,0.554809,0.440938,20763.638672
84,0.578344,0.420129,21013.230469
85,0.598329,0.375434,21262.767578
86,0.612854,0.351143,21512.332031
87,0.624124,0.365881,21761.882812
88,0.630673,0.397928,22011.453125
89,0.639797,0.457343,22261.021484
90,0.641809,0.487302,22510.568359
91,0.642340,0.519150,22760.156250
92,0.673019,0.548742,23009.736328
93,0.699830,0.554655,23259.273438
94,0.692005,0.532026,23508.832031
95,0.604774,0.471379,23758.414062
96,0.551375,0.457384,24007.962891
97,0.537951,0.474889,24257.513672
98,0.521058,0.479358,24507.109375
99,0.500345,0.470908,24756.683594
0,0.748479,0.475331,-0.011866
1,0.746391,0.475603,266.168335
2,0.745270,0.475734,515.751709
3,0.744396,0.476443,765.318604
4,0.743540,0.479059,1014.850037
5,0.739536,0.488133,1264.437500
6,0.732343,0.496614,1513.961670
7,0.725114,0.506230,1763.564697
8,0.719528,0.521331,2013.125366
9,0.719025,0.534075,2262.691406
10,0.725975,0.542618,2512.232910
11,0.728077,0.551577,2761.802734
12,0.726894,0.563420,3011.351318
13,0.726953,0.575697,3260.929199
14,0.726638,0.580779,3510.505859
15,0.727098,0.578944,3760.100098
16,0.727183,0.579060,4009.633301
17,0.726869,0.579285,4259.165527
18,0.726819,0.578163,4508.734375
19,0.726510,0.578298,4758.325684
20,0.726312,0.577626,5007.896484
21,0.726201,0.577309,5257.447266
22,0.726201,0.577246,5506.995117
23,0.726155,0.577002,5756.564453
24,0.726055,0.576837,6006.116211
25,0.726099,0.576672,6255.697754
26,0.725825,0.576017,6505.229004
27,0.725207,0.568299,6754.830078
28,0.724794,0.549690,7004.432129
29,0.723734,0.526928,7253.930664
30,0.722029,0.505898,7503.497070
31,0.719601,0.488432,7753.082031
32,0.712898,0.476074,8002.666504
33,0.703885,0.463308,8252.182617
34,0.695815,0.449592,8501.779297
35,0.687848,0.439822,8751.313477
36,0.678988,0.429173,9000.895508
37,0.670964,0.418062,9250.456055
38,0.662042,0.413400,9500.063477
39,0.651195,0.413572,9766.203125
40,0.640942,0.408811,10015.815430
41,0.634484,0.402428,10265.322266
42,0.625295,0.399884,10514.921875
43,0.604793,0.400557,10764.479492
44,0.586300,0.402399,11014.038086
45,0.569493,0.406232,11263.597656
46,0.557837,0.413580,11513.202148
47,0.547749,0.428802,11762.755859
48,0.537309,0.447700,12012.299805
49,0.528362,0.466091,12261.875000
50,0.518978,0.479727,12511.407227
51,0.513704,0.490142,12761.031250
52,0.506714,0.498325,13010.551758
53,0.502474,0.499578,13260.103516
54,0.501618,0.495122,13509.708984
55,0.502567,0.486301,13759.223633
56,0.502131,0.477403,14008.808594
57,0.500176,0.469343,14258.391602
58,0.498042,0.457261,14507.937500
59,0.495217,0.443092,14757.477539
60,0.495845,0.429624,15007.059570
61,0.499623,0.414380,15256.622070
62,0.506721,0.395955,15506.198242
63,0.517842,0.378377,15755.773438
64,0.531624,0.358907,16005.324219
65,0.551730,0.335749,16254.887695
66,0.571881,0.318831,16504.468750
67,0.588339,0.308879,16754.019531
68,0.601136,0.303633,17003.574219
69,0.614701,0.298733,17253.123047
70,0.628623,0.291725,17502.681641
71,0.648167,0.284944,17752.287109
72,0.671681,0.288721,18001.828125
73,0.695721,0.298540,18251.406250
74,0.723392,0.311867,18500.980469
75,0.751228,0.327825,18750.533203
76,0.788086,0.349634,19000.074219
77,0.814078,0.377823,19266.298828
78,0.826674,0.409973,19515.835938
79,0.839424,0.452038,19765.427734
80,0.851209,0.481956,20014.988281
81,0.859377,0.496536,20264.572266
82,0.860481,0.503502,20514.107422
83,0.852195,0.507917,20763.695312
84,0.846831,0.509588,21013.250000
85,0.844484,0.511223,21262.779297
86,0.843641,0.513885,21512.347656
87,0.847257,0.518018,21761.953125
88,0.855111,0.522668,22011.537109
89,0.863897,0.527721,22261.029297
90,0.868149,0.531535,22510.662109
91,0.874369,0.534790,22760.197266
92,0.880995,0.548016,23009.779297
93,0.884976,0.566039,23259.308594
94,0.889214,0.588134,23508.863281
95,0.890078,0.606308,23758.458984
96,0.887517,0.628384,24007.980469
97,0.884405,0.640013,24257.556641
98,0.878912,0.641303,24507.125000
99,0.864568,0.636539,24756.707031
0,0.747151,0.412566,0.003569
1,0.750588,0.411137,266.170288
2,0.754203,0.414049,515.776184
3,0.759189,0.458770,765.365723
4,0.760081,0.512280,1014.940552
5,0.755514,0.536122,1264.527710
6,0.746425,0.529978,1514.000854
7,0.759629,0.475075,1763.617065
8,0.828630,0.379106,2013.191040
9,0.916591,0.371896,2262.782227
10,0.948526,0.400630,2512.267090
11,0.956394,0.418541,2761.802979
12,0.963292,0.439353,3011.423584
13,0.959965,0.438916,3260.952148
14,0.957731,0.437179,3510.527588
15,0.953589,0.428995,3760.167480
16,0.914938,0.402312,4009.693848
17,0.811012,0.391471,4259.249512
18,0.717029,0.415203,4508.764648
19,0.666730,0.433063,4758.346680
20,0.615730,0.448644,5007.920410
21,0.567812,0.453560,5257.486816
22,0.538046,0.457580,5507.033203
23,0.522846,0.512347,5756.580078
24,0.501476,0.535760,6006.190918
25,0.488832,0.542701,6255.709473
26,0.487026,0.501219,6505.316895
27,0.502314,0.407975,6754.865234
28,0.508089,0.392452,7004.508301
29,0.503572,0.395572,7254.036133
30,0.498000,0.399747,7503.537598
31,0.491914,0.393535,7753.123047
32,0.496713,0.387355,8002.662598
33,0.494153,0.356166,8252.299805
34,0.500031,0.266851,8501.791016
35,0.502878,0.205034,8751.391602
36,0.503963,0.188892,9000.916016
37,0.503200,0.189604,9250.508789
38,0.506004,0.167354,9500.089844
39,0.503385,0.164778,9766.261719
40,0.505687,0.172027,10015.804688
41,0.518050,0.171933,10265.413086
42,0.524670,0.168611,10514.968750
43,0.505111,0.174316,10764.530273
44,0.481256,0.172125,11014.099609
45,0.473975,0.167739,11263.665039
46,0.461766,0.168444,11513.210938
47,0.446964,0.168064,11762.760742
48,0.435707,0.169856,12012.365234
49,0.434298,0.179754,12261.877930
50,0.421742,0.166680,12511.495117
51,0.412136,0.166545,12761.045898
52,0.398126,0.165836,13010.696289
53,0.380457,0.161002,13260.221680
54,0.343020,0.167778,13509.701172
55,0.323934,0.163498,13759.287109
56,0.316503,0.182914,14008.908203
57,0.309924,0.261386,14258.419922
58,0.307207,0.375426,14507.964844
59,0.298623,0.429749,14757.541992
60,0.283052,0.449721,15007.086914
61,0.228117,0.461753,15256.652344
62,0.155878,0.495467,15506.291992
63,0.128734,0.524914,15755.801758
64,0.129449,0.517819,16005.395508
65,0.152783,0.465935,16254.895508
66,0.193725,0.418484,16504.509766
67,0.295816,0.416154,16754.035156
68,0.426959,0.420587,17003.619141
69,0.542197,0.428949,17253.222656
70,0.614833,0.441388,17502.794922
71,0.684815,0.446779,17752.294922
72,0.740679,0.486198,18001.867188
73,0.790792,0.488678,18251.462891
74,0.828015,0.435088,18501.003906
75,0.868258,0.396392,18750.562500
76,0.908979,0.378448,19000.126953
77,0.946817,0.383498,19266.408203
78,0.983060,0.404151,19515.898438
79,0.014280,0.443174,19765.458984
80,0.013590,0.445039,20015.054688
81,0.998080,0.421228,20264.626953
82,0.988762,0.326692,20514.183594
83,0.975293,0.249848,20763.703125
84,0.970749,0.190530,21013.255859
85,0.968643,0.175462,21262.873047
86,0.971931,0.181313,21512.414062
87,0.978658,0.192015,21761.958984
88,0.997683,0.200289,22011.580078
89,0.016741,0.213153,22261.107422
90,0.025844,0.248800,22510.658203
91,0.001635,0.323792,22760.216797
92,0.979264,0.394127,23009.812500
93,0.963739,0.453980,23259.355469
94,0.950261,0.473216,23508.923828
95,0.949366,0.473859,23758.460938
96,0.949817,0.473711,24008.029297
97,0.949345,0.474605,24257.595703
98,0.949211,0.473135,24507.199219
99,0.949037,0.470914,24756.728516
0,0.750060,0.542365,0.047965
1,0.750391,0.544040,266.301758
2,0.746747,0.545483,515.770752
3,0.724941,0.553326,765.325073
4,0.705388,0.560102,1014.925720
5,0.689119,0.562005,1264.479736
6,0.660719,0.565626,1514.107422
7,0.621076,0.573542,1763.562622
8,0.578587,0.572168,2013.246582
9,0.545112,0.566147,2262.772217
10,0.507759,0.565849,2512.281250
11,0.471043,0.576871,2761.956787
12,0.448903,0.590377,3011.442139
13,0.424111,0.607632,3261.076904
14,0.420921,0.609131,3510.543701
15,0.452537,0.577913,3760.160889
16,0.475415,0.554723,4009.644531
17,0.478334,0.540724,4259.220703
18,0.484504,0.535515,4508.874512
19,0.486596,0.538647,4758.419922
20,0.479897,0.536749,5007.963867
21,0.476880,0.548012,5257.486328
22,0.485073,0.560906,5507.140625
23,0.501251,0.566549,5756.590332
24,0.556969,0.566619,6006.191406
25,0.629807,0.565009,6255.833496
26,0.692780,0.559673,6505.349609
27,0.739064,0.557841,6754.863281
28,0.781820,0.554271,7004.428223
29,0.830268,0.554950,7254.040039
30,0.876457,0.557016,7503.577637
31,0.910137,0.555781,7753.148926
32,0.930235,0.558200,8002.673340
33,0.954089,0.559762,8252.340820
34,0.985274,0.564237,8501.830078
35,0.018305,0.569180,8751.392578
36,0.058160,0.577404,9000.949219
37,0.095793,0.577776,9250.549805
38,0.120785,0.571487,9500.093750
39,0.141242,0.565856,9766.286133
40,0.163332,0.567516,10015.827148
41,0.184587,0.572995,10265.428711
42,0.203526,0.583932,10514.988281
43,0.227736,0.584648,10764.565430
44,0.255562,0.580453,11014.118164
45,0.284827,0.580357,11263.673828
46,0.316315,0.584167,11513.223633
47,0.342535,0.585193,11762.766602
48,0.365700,0.586829,12012.343750
49,0.382806,0.588018,12261.888672
50,0.380486,0.597532,12511.457031
51,0.350404,0.596988,12761.035156
52,0.304805,0.581948,13010.621094
53,0.218495,0.565852,13260.194336
54,0.107693,0.545762,13509.740234
55,0.004890,0.533522,13759.306641
56,0.903751,0.528684,14008.836914
57,0.844988,0.522489,14258.406250
58,0.809779,0.526698,14507.990234
59,0.768628,0.532744,14757.556641
60,0.729848,0.530189,15007.119141
61,0.674774,0.529558,15256.683594
62,0.583128,0.527959,15506.231445
63,0.476427,0.523277,15755.792969
64,0.393847,0.525213,16005.354492
65,0.354847,0.533278,16254.923828
66,0.316677,0.543191,16504.523438
67,0.272653,0.557439,16754.046875
68,0.230898,0.570290,17003.617188
69,0.207525,0.567583,17253.177734
70,0.193334,0.556529,17502.730469
71,0.192912,0.554074,17752.306641
72,0.189730,0.558344,18001.869141
73,0.172502,0.571680,18251.445312
74,0.144857,0.578830,18500.998047
75,0.109793,0.581308,18750.566406
76,0.077267,0.571368,19000.126953
77,0.063076,0.562940,19266.322266
78,0.063300,0.554309,19515.910156
79,0.072985,0.554986,19765.470703
80,0.175459,0.553073,20015.011719
81,0.320644,0.525160,20264.605469
82,0.401193,0.511005,20514.205078
83,0.459315,0.511465,20763.712891
84,0.483677,0.510790,21013.277344
85,0.493991,0.521681,21262.833984
86,0.503857,0.541284,21512.425781
87,0.510646,0.576490,21761.958984
88,0.514836,0.589148,22011.542969
89,0.509677,0.592345,22261.130859
90,0.484090,0.590754,22510.669922
91,0.475845,0.589793,22760.218750
92,0.489774,0.591779,23009.802734
93,0.500287,0.594691,23259.343750
94,0.519908,0.608207,23508.925781
95,0.529909,0.625747,23758.474609
96,0.524491,0.632499,24008.042969
97,0.530250,0.647846,24257.595703
98,0.531942,0.664157,24507.169922
99,0.528945,0.670952,24756.753906
0,0.750102,0.491824,0.018373
1,0.748180,0.500400,266.213806
2,0.734841,0.578627,515.809204
3,0.719243,0.658031,765.366150
4,0.715227,0.697903,1014.948059
5,0.714448,0.705948,1264.534302
6,0.715652,0.703916,1514.017944
7,0.684488,0.697068,1763.622681
8,0.619892,0.696635,2013.192261
9,0.582672,0.695711,2262.724365
10,0.556406,0.675659,2512.325928
11,0.551014,0.663062,2761.906006
12,0.552887,0.647826,3011.446777
13,0.549559,0.623054,3260.977295
14,0.539812,0.600640,3510.588623
15,0.530240,0.591521,3760.144531
16,0.520093,0.591081,4009.677246
17,0.512889,0.605111,4259.292480
18,0.506119,0.618535,4508.838867
19,0.504038,0.634498,4758.396484
20,0.504029,0.644364,5007.912598
21,0.505818,0.650099,5257.534180
22,0.508718,0.650342,5507.145020
23,0.514375,0.635271,5756.707520
24,0.516725,0.624703,6006.197754
25,0.519267,0.581121,6255.776367
26,0.519041,0.496515,6505.352051
27,0.522212,0.457206,6754.859863
28,0.528119,0.434204,7004.488770
29,0.530239,0.416328,7253.990723
30,0.549355,0.390702,7503.650391
31,0.566657,0.360526,7753.154785
32,0.567241,0.327516,8002.697266
33,0.543621,0.301726,8252.299805
34,0.484013,0.293006,8501.822266
35,0.418989,0.347063,8751.399414
36,0.391901,0.418432,9000.955078
37,0.379180,0.443781,9250.568359
38,0.373979,0.452754,9500.072266
39,0.357105,0.479308,9766.322266
40,0.335835,0.505082,10015.908203
41,0.311351,0.530765,10265.456055
42,0.298297,0.567078,10514.962891
43,0.280113,0.554945,10764.558594
44,0.248309,0.531488,11014.119141
45,0.235282,0.491594,11263.647461
46,0.215895,0.461076,11513.229492
47,0.197711,0.463638,11762.828125
48,0.170830,0.479310,12012.360352
49,0.155318,0.489383,12261.915039
50,0.133916,0.499956,12511.572266
51,0.121480,0.519922,12761.105469
52,0.103318,0.529224,13010.677734
53,0.090456,0.558258,13260.153320
54,0.078718,0.607110,13509.732422
55,0.057894,0.651564,13759.311523
56,0.035282,0.673598,14008.864258
57,0.010184,0.658643,14258.469727
58,0.983408,0.636153,14508.089844
59,0.955054,0.616014,14757.666016
60,0.928946,0.604564,15007.108398
61,0.904060,0.603399,15256.671875
62,0.882377,0.609776,15506.230469
63,0.856034,0.625088,15755.845703
64,0.857898,0.651923,16005.417969
65,0.859844,0.688141,16254.997070
66,0.866167,0.712161,16504.507812
67,0.873370,0.743330,16754.105469
68,0.890012,0.740901,17003.669922
69,0.933026,0.698657,17253.203125
70,0.958336,0.670476,17502.757812
71,0.975454,0.630525,17752.302734
72,0.979967,0.585755,18001.939453
73,0.973777,0.510032,18251.449219
74,0.965595,0.449046,18501.015625
75,0.957600,0.404672,18750.611328
76,0.930362,0.382087,19000.191406
77,0.936778,0.393760,19266.406250
78,0.954567,0.404404,19515.945312
79,0.978298,0.407777,19765.466797
80,0.007778,0.405758,20015.140625
81,0.040702,0.409614,20264.591797
82,0.081536,0.405858,20514.195312
83,0.137310,0.395977,20763.812500
84,0.181413,0.385364,21013.289062
85,0.218551,0.385150,21262.921875
86,0.260739,0.386392,21512.449219
87,0.300097,0.388572,21762.070312
88,0.337460,0.394282,22011.539062
89,0.376280,0.399258,22261.119141
90,0.413103,0.401489,22510.712891
91,0.441126,0.401665,22760.281250
92,0.469291,0.406440,23009.880859
93,0.489840,0.411438,23259.394531
94,0.498585,0.440498,23508.982422
95,0.501906,0.501063,23758.515625
96,0.502762,0.522357,24008.068359
97,0.500190,0.549632,24257.632812
98,0.499864,0.567453,24507.203125
99,0.495962,0.577906,24756.742188
