Idx, longitude, latitude, start timestamp
0,0.750370,0.522897,0.051518
1,0.750638,0.522966,266.252808
2,0.750574,0.531334,515.869568
3,0.751045,0.553789,765.415405
4,0.747407,0.574360,1015.041138
5,0.734326,0.561481,1264.487427
6,0.723691,0.533647,1514.125610
7,0.721419,0.515256,1763.709839
8,0.722998,0.491748,2013.221313
9,0.724120,0.450297,2262.770264
10,0.722506,0.424454,2512.336182
11,0.713344,0.410420,2761.894043
12,0.686380,0.419587,3011.503174
13,0.647280,0.452110,3261.049072
14,0.616170,0.477809,3510.626709
15,0.594391,0.508710,3760.204590
16,0.574112,0.554283,4009.698975
17,0.561089,0.588051,4259.311523
18,0.560936,0.599426,4508.833496
19,0.569499,0.607923,4758.428711
20,0.584202,0.631661,5007.950684
21,0.598820,0.657475,5257.570312
22,0.609449,0.672632,5507.032715
23,0.613295,0.691471,5756.686523
24,0.623793,0.719188,6006.207031
25,0.630329,0.745352,6255.771973
26,0.635941,0.772359,6505.404297
27,0.650505,0.795723,6754.934570
28,0.672358,0.805398,7004.559082
29,0.694298,0.808164,7254.051758
30,0.714607,0.808954,7503.650879
31,0.735717,0.806381,7753.171875
32,0.770336,0.800778,8002.748535
33,0.823560,0.785265,8252.243164
34,0.866998,0.780311,8501.886719
35,0.900588,0.777666,8751.375000
36,0.935373,0.778487,9017.592773
37,0.982709,0.775613,9250.465820
38,0.018019,0.776264,9500.208008
39,0.043118,0.779663,9766.424805
40,0.065435,0.777661,10015.842773
41,0.095364,0.769104,10265.456055
42,0.122653,0.759545,10515.039062
43,0.148158,0.751449,10764.620117
44,0.169800,0.747984,11014.062500
45,0.188329,0.752732,11263.675781
46,0.194872,0.756497,11513.233398
47,0.188235,0.756304,11762.880859
48,0.166243,0.749367,12012.416016
49,0.140996,0.735420,12261.971680
50,0.112129,0.706306,12511.553711
51,0.078712,0.677356,12761.053711
52,0.029122,0.661482,13010.719727
53,0.975478,0.651365,13260.233398
54,0.933079,0.631894,13509.757812
55,0.909384,0.569537,13759.263672
56,0.897080,0.507297,14008.967773
57,0.887875,0.467692,14258.423828
58,0.881463,0.449178,14508.022461
59,0.867527,0.428798,14757.512695
60,0.846610,0.421691,15007.143555
61,0.816815,0.424499,15256.730469
62,0.784972,0.444249,15506.233398
63,0.757452,0.475752,15755.902344
64,0.732152,0.493112,16005.363281
65,0.707065,0.502744,16254.967773
66,0.678695,0.515993,16504.490234
67,0.646095,0.535666,16754.142578
68,0.623942,0.543754,17003.587891
69,0.605944,0.550137,17253.193359
70,0.591037,0.563496,17502.792969
71,0.580511,0.574534,17752.419922
72,0.574717,0.578548,18001.931641
73,0.572836,0.580434,18251.470703
74,0.575792,0.588038,18501.048828
75,0.582963,0.606490,18750.593750
76,0.588717,0.619796,19000.216797
77,0.596012,0.624822,19266.341797
78,0.604140,0.634358,19515.943359
79,0.611286,0.640545,19765.460938
80,0.612033,0.640801,20015.027344
81,0.608325,0.638075,20264.554688
82,0.609314,0.634668,20514.203125
83,0.624714,0.634282,20763.798828
84,0.644323,0.638291,21013.255859
85,0.670150,0.638407,21262.951172
86,0.694964,0.636370,21512.427734
87,0.717468,0.631962,21761.988281
88,0.740851,0.624926,22011.496094
89,0.760731,0.618872,22261.160156
90,0.783399,0.611532,22510.699219
91,0.815917,0.596762,22760.259766
92,0.850512,0.581310,23009.755859
93,0.884898,0.573671,23259.375000
94,0.918093,0.571182,23508.966797
95,0.943007,0.568758,23758.484375
96,0.959564,0.565344,24008.076172
97,0.969716,0.562270,24257.597656
98,0.974900,0.559881,24507.193359
99,0.973392,0.552664,24756.744141
0,0.749951,0.490673,-0.001995
1,0.744213,0.500478,266.255371
2,0.725662,0.532720,515.825073
3,0.719296,0.562948,765.379150
4,0.714442,0.575471,1014.922058
5,0.703827,0.631425,1264.524292
6,0.701831,0.700079,1513.950317
7,0.696613,0.748901,1763.623169
8,0.693387,0.786469,2013.067871
9,0.707345,0.815870,2262.822754
10,0.717530,0.832276,2512.229492
11,0.728634,0.845459,2761.927002
12,0.767939,0.851687,3011.563477
13,0.794518,0.849663,3260.921387
14,0.801459,0.858178,3510.610107
15,0.799516,0.862842,3760.057617
16,0.753946,0.867960,4009.730225
17,0.717642,0.868115,4259.159668
18,0.699549,0.863475,4508.841309
19,0.703839,0.861401,4758.283691
20,0.720150,0.858521,5007.914062
21,0.710126,0.836264,5257.443848
22,0.629012,0.750163,5507.058105
23,0.578479,0.677624,5756.560059
24,0.550553,0.638116,6006.156250
25,0.544855,0.683910,6255.728516
26,0.542224,0.707441,6505.268066
27,0.532772,0.713063,6754.874512
28,0.509061,0.696172,7004.428223
29,0.497975,0.696309,7254.035156
30,0.475617,0.721622,7503.597168
31,0.455949,0.727871,7753.168457
32,0.430940,0.735678,8002.673340
33,0.409629,0.746612,8252.237305
34,0.385586,0.758708,8501.741211
35,0.358991,0.763707,8751.410156
36,0.331690,0.767959,9000.857422
37,0.299172,0.769149,9250.544922
38,0.268472,0.770026,9500.153320
39,0.248054,0.782191,9766.277344
40,0.238486,0.795769,10015.896484
41,0.233865,0.805302,10265.411133
42,0.240939,0.801746,10514.980469
43,0.249955,0.788969,10764.453125
44,0.255981,0.781542,11014.088867
45,0.276240,0.777210,11263.618164
46,0.295176,0.762759,11513.230469
47,0.286939,0.695096,11779.440430
48,0.289466,0.637439,12028.970703
49,0.269524,0.612775,12278.614258
50,0.244461,0.610852,12511.433594
51,0.248932,0.639783,12761.115234
52,0.305462,0.629968,13043.839844
53,0.375644,0.600919,13293.425781
54,0.394235,0.607078,13526.318359
55,0.388205,0.620233,13775.966797
56,0.416388,0.622978,14025.444336
57,0.470468,0.643297,14258.444336
58,0.490753,0.650086,14507.952148
59,0.499693,0.591214,14757.522461
60,0.513743,0.515973,15007.171875
61,0.522046,0.481956,15256.632812
62,0.508024,0.452747,15506.294922
63,0.498865,0.426391,15755.823242
64,0.523330,0.386227,16005.427734
65,0.579138,0.332112,16254.926758
66,0.627424,0.305385,16504.521484
67,0.688248,0.279277,16754.048828
68,0.755337,0.261154,17086.728516
69,0.801390,0.290297,17319.732422
70,0.826437,0.379173,17552.609375
71,0.767418,0.492480,17802.287109
72,0.735545,0.547544,18051.716797
73,0.820774,0.516213,18301.400391
74,0.907980,0.487053,18534.287109
75,0.926246,0.497528,18783.875000
76,0.948439,0.521970,19016.712891
77,0.973069,0.535325,19266.351562
78,0.003362,0.531311,19515.826172
79,0.027893,0.529196,19765.494141
80,0.051769,0.520332,20014.984375
81,0.083215,0.516840,20297.822266
82,0.105620,0.515404,20547.449219
83,0.119632,0.524099,20780.363281
84,0.125475,0.541111,21029.933594
85,0.107640,0.569001,21279.441406
86,0.057008,0.624418,21529.048828
87,0.009567,0.645693,21778.591797
88,0.969111,0.640246,22028.232422
89,0.953558,0.623244,22277.673828
90,0.943442,0.593692,22527.347656
91,0.944517,0.564183,22760.197266
92,0.942349,0.549863,23009.843750
93,0.933113,0.529805,23259.322266
94,0.924675,0.522719,23542.189453
95,0.921954,0.521838,23791.826172
96,0.920082,0.522563,24024.685547
97,0.924287,0.525632,24274.316406
98,0.942520,0.525382,24507.185547
99,0.959544,0.523426,24773.406250
0,0.749793,0.542275,0.030377
1,0.749614,0.542455,266.350494
2,0.749360,0.543848,515.852051
3,0.748654,0.550943,765.405823
4,0.741195,0.607398,1014.964905
5,0.729713,0.672749,1264.524536
6,0.714590,0.719725,1514.120239
7,0.700121,0.759999,1763.644531
8,0.681880,0.790045,2013.207153
9,0.627002,0.785129,2262.677002
10,0.588461,0.760601,2512.374023
11,0.572501,0.750606,2761.914307
12,0.549528,0.690105,3011.405273
13,0.535794,0.626796,3261.023193
14,0.518746,0.596991,3510.650635
15,0.500386,0.606069,3760.134277
16,0.479782,0.610940,4009.658691
17,0.458730,0.588965,4259.306152
18,0.458902,0.520400,4508.730469
19,0.461606,0.412225,4758.395020
20,0.462064,0.329793,5007.955078
21,0.466436,0.276925,5257.557129
22,0.521762,0.259220,5506.974609
23,0.610418,0.278234,5756.570312
24,0.684642,0.304284,6006.229492
25,0.742409,0.312952,6255.742188
26,0.802223,0.327350,6505.291992
27,0.860854,0.359089,6754.864258
28,0.912649,0.387017,7004.484863
29,0.964658,0.404229,7253.966309
30,0.019137,0.411949,7503.559570
31,0.047372,0.377727,7753.047363
32,0.058212,0.347982,8002.677734
33,0.025128,0.423452,8252.124023
34,0.975784,0.576290,8501.788086
35,0.917927,0.657700,8751.246094
36,0.867758,0.713175,9000.886719
37,0.842419,0.753046,9250.361328
38,0.800055,0.778044,9500.056641
39,0.754443,0.785626,9766.304688
40,0.725708,0.794276,10015.739258
41,0.697985,0.793693,10265.348633
42,0.661710,0.786748,10514.868164
43,0.634721,0.777859,10764.445312
44,0.626493,0.771334,11013.945312
45,0.623242,0.769612,11263.560547
46,0.610905,0.772002,11513.088867
47,0.591919,0.765523,11762.667969
48,0.559510,0.729548,12012.249023
49,0.544529,0.682900,12261.858398
50,0.536440,0.689104,12511.289062
51,0.550489,0.732606,12760.909180
52,0.569818,0.771901,13010.485352
53,0.546014,0.783331,13260.079102
54,0.490548,0.775822,13509.630859
55,0.459529,0.775412,13759.068359
56,0.434108,0.803375,14008.746094
57,0.403412,0.813661,14258.214844
58,0.374889,0.814455,14507.852539
59,0.345096,0.804006,14757.308594
60,0.315291,0.788121,15006.969727
61,0.306177,0.786070,15256.572266
62,0.302459,0.793468,15506.051758
63,0.295964,0.801619,15755.666992
64,0.315738,0.834523,16005.189453
65,0.351436,0.848753,16254.838867
66,0.390736,0.845214,16520.876953
67,0.443388,0.848193,16753.955078
68,0.490415,0.843949,17003.339844
69,0.533075,0.835044,17253.011719
70,0.573362,0.814684,17502.449219
71,0.599345,0.816352,17752.091797
72,0.614729,0.810118,18001.644531
73,0.636346,0.802728,18251.242188
74,0.663478,0.796484,18500.914062
75,0.688202,0.786110,18750.291016
76,0.713781,0.781544,19016.562500
77,0.726601,0.780850,19266.056641
78,0.746524,0.780320,19515.642578
79,0.774945,0.778442,19765.259766
80,0.799565,0.787568,20014.779297
81,0.817190,0.788994,20264.310547
82,0.858598,0.772827,20513.929688
83,0.894108,0.757243,20763.478516
84,0.923321,0.755078,21013.066406
85,0.952186,0.767450,21262.591797
86,0.970802,0.773430,21512.119141
87,0.992102,0.770825,21761.750000
88,0.021786,0.774501,22011.214844
89,0.042493,0.784309,22260.927734
90,0.057471,0.788486,22510.330078
91,0.057333,0.786138,22759.996094
92,0.053963,0.784207,23009.406250
93,0.056686,0.777766,23259.125000
94,0.062126,0.765797,23508.556641
95,0.061595,0.759415,23758.167969
96,0.059278,0.763794,24007.824219
97,0.055976,0.766111,24257.302734
98,0.053775,0.767902,24506.917969
99,0.057798,0.766203,24756.410156
0,0.754375,0.426570,-0.001405
1,0.761839,0.426143,266.119232
2,0.770088,0.414957,515.741272
3,0.778432,0.383159,765.322266
4,0.794256,0.344120,1014.961670
5,0.834888,0.336177,1264.342285
6,0.860064,0.344342,1513.993408
7,0.882841,0.360122,1763.517700
8,0.902331,0.386231,2013.056641
9,0.921926,0.420375,2262.604736
10,0.943086,0.456807,2512.168213
11,0.955617,0.499873,2761.861328
12,0.937871,0.538894,3011.328369
13,0.894253,0.564432,3260.924561
14,0.861205,0.598895,3510.440430
15,0.846173,0.632564,3760.026367
16,0.820671,0.667135,4009.558105
17,0.800281,0.707904,4259.202148
18,0.785732,0.755592,4508.666504
19,0.768706,0.788579,4758.219727
20,0.748260,0.803935,5007.788574
21,0.722333,0.804655,5257.416016
22,0.677672,0.788181,5507.020020
23,0.653555,0.771478,5756.493652
24,0.643245,0.749087,6006.127441
25,0.634696,0.728491,6255.589844
26,0.643745,0.690473,6505.172852
27,0.657392,0.624636,6754.735352
28,0.640779,0.567372,7004.276367
29,0.611145,0.548264,7253.798828
30,0.577055,0.545692,7503.423828
31,0.540311,0.544670,7752.922363
32,0.504931,0.538900,8002.603516
33,0.480321,0.535687,8252.090820
34,0.458933,0.543869,8501.723633
35,0.440791,0.551668,8751.228516
36,0.412471,0.556272,9000.779297
37,0.390489,0.558933,9250.339844
38,0.366728,0.565860,9516.487305
39,0.348547,0.575181,9766.102539
40,0.340402,0.590138,10082.219727
41,0.347458,0.646409,10315.085938
42,0.348797,0.677074,10548.089844
43,0.328837,0.653989,10780.953125
44,0.298004,0.588296,11013.838867
45,0.270220,0.551652,11296.673828
46,0.241733,0.537943,11529.690430
47,0.218422,0.541973,11795.822266
48,0.193202,0.540450,12012.152344
49,0.166442,0.531060,12278.266602
50,0.153113,0.521881,12511.263672
51,0.156868,0.519555,12760.786133
52,0.178258,0.515873,13093.462891
53,0.205898,0.515201,13326.452148
54,0.246274,0.520684,13575.964844
55,0.277761,0.522776,13808.955078
56,0.309185,0.525786,14025.243164
57,0.345193,0.528204,14258.227539
58,0.373768,0.527740,14540.954102
59,0.394125,0.527963,14773.949219
60,0.416188,0.528278,15006.818359
61,0.440811,0.524982,15289.670898
62,0.462497,0.530428,15505.901367
63,0.474986,0.540447,15772.166992
64,0.488344,0.571097,16005.040039
65,0.494794,0.618402,16254.664062
66,0.506774,0.655701,16587.367188
67,0.530018,0.687377,16803.605469
68,0.555966,0.711050,17053.248047
69,0.582838,0.730377,17269.458984
70,0.602345,0.752140,17502.453125
71,0.608675,0.769391,17785.216797
72,0.599949,0.783252,18018.248047
73,0.571898,0.800845,18251.093750
74,0.532435,0.804921,18517.357422
75,0.495583,0.806648,18750.201172
76,0.459748,0.804472,19099.550781
77,0.427369,0.796418,19332.525391
78,0.391962,0.784766,19565.388672
79,0.355783,0.766722,19798.433594
80,0.327560,0.753236,20014.650391
81,0.305905,0.744047,20297.496094
82,0.301836,0.738597,20530.416016
83,0.303578,0.738222,20796.625000
84,0.308431,0.742824,21012.861328
85,0.308751,0.747171,21262.509766
86,0.300188,0.743711,21511.951172
87,0.295329,0.741888,21828.126953
88,0.284991,0.729550,22061.105469
89,0.268812,0.718151,22293.986328
90,0.259889,0.717573,22526.955078
91,0.244957,0.714023,22759.798828
92,0.224508,0.716366,23026.080078
93,0.202923,0.719874,23258.916016
94,0.186778,0.724106,23525.183594
95,0.173250,0.725137,23774.632812
96,0.157437,0.727795,24007.546875
97,0.146621,0.729172,24257.115234
98,0.148389,0.729911,24573.285156
99,0.160939,0.732779,24806.232422
0,0.750393,0.535462,-0.012603
1,0.750723,0.535853,266.101074
2,0.751114,0.535749,515.732788
3,0.751173,0.543473,765.209656
4,0.746494,0.568140,1014.897644
5,0.731359,0.611011,1264.322754
6,0.720486,0.641865,1513.949585
7,0.712609,0.662480,1763.512573
8,0.706165,0.685792,2013.105957
9,0.702071,0.718049,2262.702881
10,0.710844,0.732954,2512.160889
11,0.735044,0.737309,2761.842285
12,0.746729,0.735160,3011.291504
13,0.743820,0.736755,3260.890625
14,0.727823,0.736394,3510.449219
15,0.702867,0.730638,3760.064697
16,0.674074,0.720564,4009.497070
17,0.646589,0.709382,4259.170410
18,0.625916,0.694401,4508.656738
19,0.603200,0.680769,4758.330078
20,0.582187,0.667560,5007.794922
21,0.563574,0.655007,5257.423340
22,0.545340,0.647740,5507.018066
23,0.525989,0.648472,5756.490723
24,0.504266,0.650106,6006.151855
25,0.470457,0.638592,6255.633789
26,0.446233,0.635338,6505.351074
27,0.431426,0.638340,6754.787598
28,0.417782,0.649471,7004.450195
29,0.401505,0.663517,7253.877441
30,0.387611,0.673701,7503.481934
31,0.375929,0.680760,7752.984863
32,0.371392,0.682903,8002.600586
33,0.374140,0.683079,8252.125000
34,0.378950,0.683662,8501.690430
35,0.385884,0.675317,8751.335938
36,0.390753,0.657251,9000.853516
37,0.392943,0.647386,9250.476562
38,0.392514,0.645746,9516.554688
39,0.391555,0.645974,9766.232422
40,0.399872,0.646118,10015.682617
41,0.417224,0.646526,10265.425781
42,0.433701,0.642622,10514.783203
43,0.446990,0.625782,10764.458008
44,0.451559,0.569008,11014.124023
45,0.442888,0.494110,11263.525391
46,0.423117,0.435140,11513.192383
47,0.393077,0.419833,11762.664062
48,0.368306,0.447569,12012.386719
49,0.361271,0.466281,12261.761719
50,0.377835,0.462068,12511.464844
51,0.451346,0.460018,12760.882812
52,0.538991,0.457635,13010.560547
53,0.586261,0.440089,13260.020508
54,0.613520,0.388426,13509.695312
55,0.640586,0.324132,13759.249023
56,0.660969,0.310201,14008.752930
57,0.681734,0.317458,14258.437500
58,0.703492,0.339183,14507.855469
59,0.715396,0.390726,14757.511719
60,0.719017,0.455059,15006.983398
61,0.720197,0.502231,15256.743164
62,0.721198,0.524690,15506.136719
63,0.735450,0.527371,15755.775391
64,0.772725,0.508750,16005.247070
65,0.812316,0.487295,16254.829102
66,0.853029,0.471632,16504.384766
67,0.888707,0.469410,16753.953125
68,0.919208,0.471574,17003.625000
69,0.947446,0.475659,17269.720703
70,0.975606,0.479717,17502.736328
71,0.004117,0.486957,17752.238281
72,0.034171,0.495146,18001.863281
73,0.061359,0.508061,18251.349609
74,0.077336,0.533456,18517.628906
75,0.087213,0.563991,18750.455078
76,0.093072,0.600935,19000.046875
77,0.093925,0.617444,19282.929688
78,0.094201,0.615299,19515.849609
79,0.090530,0.629527,19782.048828
80,0.085688,0.656983,20014.941406
81,0.083715,0.666669,20264.593750
82,0.082335,0.674961,20514.039062
83,0.079732,0.679829,20763.687500
84,0.079053,0.680276,21013.136719
85,0.078235,0.680643,21262.796875
86,0.077345,0.681394,21512.263672
87,0.077238,0.681479,21761.906250
88,0.077073,0.681494,22011.484375
89,0.077906,0.682198,22261.044922
90,0.081583,0.686468,22510.550781
91,0.086029,0.698045,22776.777344
92,0.084391,0.695953,23026.384766
93,0.082728,0.695966,23275.906250
94,0.082509,0.693942,23525.562500
95,0.082867,0.693353,23774.998047
96,0.082898,0.694048,24024.650391
97,0.083008,0.695030,24274.132812
98,0.083373,0.696671,24540.380859
99,0.083037,0.698073,24773.232422
0,0.749819,0.534588,0.086291
1,0.749661,0.536116,266.268402
2,0.741968,0.563872,515.814636
3,0.735237,0.655866,765.338196
4,0.735993,0.731112,1014.998230
5,0.742850,0.753580,1264.457520
6,0.767221,0.745079,1514.100220
7,0.801373,0.736000,1763.714233
8,0.860375,0.769445,2013.156982
9,0.921146,0.839792,2262.830811
10,0.949070,0.858267,2512.342773
11,0.949356,0.833479,2761.965088
12,0.942586,0.649857,3011.392578
13,0.940467,0.534336,3261.097656
14,0.930983,0.449372,3510.536377
15,0.923561,0.318658,3760.143311
16,0.935324,0.241846,4009.675781
17,0.982508,0.285500,4259.277344
18,0.029962,0.400535,4508.791016
19,0.062249,0.518041,4758.361816
20,0.082548,0.572159,5008.087402
21,0.115958,0.637788,5257.528809
22,0.141515,0.671162,5507.095215
23,0.147694,0.678315,5756.650879
24,0.159704,0.681703,6006.227051
25,0.174192,0.690331,6255.819336
26,0.175863,0.704333,6505.341309
27,0.166521,0.712085,6754.893555
28,0.167767,0.723213,7004.492188
29,0.159126,0.727753,7253.950195
30,0.151034,0.729600,7503.611328
31,0.143981,0.733534,7753.260254
32,0.134629,0.742474,8002.719238
33,0.136872,0.745563,8252.295898
34,0.170571,0.744288,8501.903320
35,0.229486,0.725155,8751.442383
36,0.274074,0.701414,9000.958008
37,0.307374,0.680294,9250.579102
38,0.331924,0.659858,9500.103516
39,0.332462,0.653199,9766.274414
40,0.340845,0.653962,10015.878906
41,0.344583,0.655265,10265.381836
42,0.360647,0.656627,10515.109375
43,0.401608,0.658942,10764.514648
44,0.427065,0.645064,11014.167969
45,0.440126,0.631860,11263.689453
46,0.454235,0.635793,11513.283203
47,0.471979,0.639624,11762.771484
48,0.486497,0.633571,12012.397461
49,0.501730,0.627868,12261.949219
50,0.517487,0.620002,12511.472656
51,0.520163,0.620691,12760.968750
52,0.539672,0.621354,13010.581055
53,0.560581,0.609554,13260.316406
54,0.580270,0.538770,13509.786133
55,0.583289,0.453955,13759.341797
56,0.574650,0.409463,14008.897461
57,0.589740,0.416071,14258.499023
58,0.628310,0.459514,14507.985352
59,0.657082,0.521919,14757.561523
60,0.682681,0.587542,15007.127930
61,0.698450,0.619335,15256.728516
62,0.704024,0.637271,15506.157227
63,0.699491,0.642293,15755.837891
64,0.688154,0.639749,16005.319336
65,0.679762,0.632873,16254.978516
66,0.669540,0.628959,16504.525391
67,0.658648,0.628310,16754.119141
68,0.642711,0.623856,17003.656250
69,0.605006,0.601273,17253.169922
70,0.576572,0.596041,17502.744141
71,0.509229,0.596276,17752.304688
72,0.473857,0.604866,18001.912109
73,0.504898,0.614574,18251.447266
74,0.524589,0.612335,18501.105469
75,0.550448,0.614254,18750.541016
76,0.570501,0.612145,19000.115234
77,0.597781,0.613649,19266.347656
78,0.656433,0.608593,19515.837891
79,0.698266,0.604177,19765.511719
80,0.745623,0.604016,20015.041016
81,0.808311,0.619290,20264.574219
82,0.833503,0.626652,20514.107422
83,0.837182,0.613933,20763.750000
84,0.832039,0.604044,21013.228516
85,0.824236,0.586630,21262.806641
86,0.807804,0.575546,21512.412109
87,0.743765,0.570434,21761.988281
88,0.650759,0.575871,22011.597656
89,0.623576,0.576537,22261.074219
90,0.667299,0.565672,22510.699219
91,0.716592,0.557980,22760.154297
92,0.728808,0.567836,23009.900391
93,0.726676,0.572505,23259.384766
94,0.717981,0.577888,23508.927734
95,0.679703,0.576660,23758.433594
96,0.591574,0.577709,24008.025391
97,0.545715,0.575077,24257.541016
98,0.529191,0.571353,24507.156250
99,0.507934,0.573978,24756.617188
0,0.750113,0.506621,-0.000154
1,0.750238,0.506824,266.182678
2,0.750841,0.508158,515.725586
3,0.747502,0.515594,765.335876
4,0.729588,0.537429,1014.926025
5,0.718104,0.554835,1264.426025
6,0.712753,0.568031,1513.988647
7,0.709043,0.580919,1763.551147
8,0.705394,0.591432,2013.109863
9,0.702599,0.603240,2262.671143
10,0.701706,0.617230,2512.258057
11,0.701507,0.639520,2761.817871
12,0.701823,0.666051,3011.366455
13,0.701209,0.688453,3260.940918
14,0.699575,0.699326,3510.494385
15,0.696992,0.704803,3760.061768
16,0.693541,0.709586,4009.623047
17,0.690936,0.712294,4259.203125
18,0.689178,0.712728,4508.774414
19,0.689621,0.712485,4758.318359
20,0.691748,0.712682,5007.884766
21,0.694517,0.712109,5257.486816
22,0.695431,0.711488,5507.004883
23,0.696219,0.711346,5756.572754
24,0.696689,0.711214,6006.149902
25,0.695694,0.716442,6255.696777
26,0.689901,0.747242,6505.262207
27,0.678203,0.781285,6754.849609
28,0.667128,0.805353,7004.407227
29,0.654727,0.824987,7253.955078
30,0.639387,0.842457,7503.520996
31,0.626680,0.858944,7753.075195
32,0.612017,0.864830,8002.651367
33,0.597882,0.858529,8252.229492
34,0.578677,0.851659,8501.782227
35,0.547581,0.837478,8751.353516
36,0.518640,0.814783,9000.904297
37,0.491156,0.788741,9250.473633
38,0.461186,0.761591,9500.039062
39,0.442992,0.741305,9766.270508
40,0.430431,0.727197,10015.816406
41,0.421234,0.707791,10265.358398
42,0.425588,0.670085,10514.920898
43,0.425585,0.623505,10764.496094
44,0.417194,0.606060,11014.042969
45,0.401917,0.627722,11263.606445
46,0.379800,0.660659,11513.202148
47,0.352197,0.694114,11762.753906
48,0.328249,0.720547,12012.318359
49,0.310392,0.718945,12261.874023
50,0.296382,0.719396,12511.448242
51,0.282860,0.722302,12760.994141
52,0.264033,0.717465,13010.565430
53,0.243560,0.715256,13260.133789
54,0.226635,0.714942,13509.706055
55,0.213096,0.712744,13759.247070
56,0.207791,0.714823,14008.825195
57,0.200250,0.710368,14258.393555
58,0.198650,0.710040,14507.957031
59,0.205605,0.710571,14757.503906
60,0.219234,0.706581,15007.080078
61,0.234115,0.704037,15256.667969
62,0.246905,0.701802,15506.217773
63,0.254842,0.700800,15755.789062
64,0.258468,0.697687,16005.348633
65,0.260417,0.689719,16254.909180
66,0.263982,0.679249,16504.457031
67,0.271973,0.669007,16754.060547
68,0.280665,0.655103,17003.603516
69,0.287774,0.636434,17253.144531
70,0.293650,0.619184,17502.714844
71,0.301268,0.589304,17752.285156
72,0.305642,0.536108,18001.886719
73,0.311026,0.478304,18251.412109
74,0.318962,0.429716,18500.974609
75,0.328990,0.406554,18750.541016
76,0.339766,0.386745,19000.095703
77,0.352298,0.349654,19266.310547
78,0.355684,0.298166,19515.873047
79,0.351537,0.279947,19765.425781
80,0.368550,0.260245,20014.998047
81,0.377952,0.238245,20264.542969
82,0.384147,0.233296,20514.111328
83,0.391748,0.209498,20763.736328
84,0.386036,0.190313,21013.259766
85,0.391811,0.180182,21262.824219
86,0.407992,0.177422,21512.376953
87,0.426751,0.170968,21761.972656
88,0.443068,0.168764,22011.511719
89,0.458836,0.170696,22261.068359
90,0.474496,0.170034,22510.632812
91,0.492599,0.170862,22760.195312
92,0.513892,0.170972,23009.771484
93,0.540481,0.174708,23259.337891
94,0.564225,0.177883,23508.927734
95,0.593099,0.178063,23758.458984
96,0.646981,0.174648,24008.011719
97,0.691418,0.180416,24257.585938
98,0.699418,0.185421,24507.134766
99,0.707939,0.190303,24756.707031
0,0.749306,0.530050,0.004675
1,0.749100,0.531767,266.306580
2,0.737454,0.574791,515.759155
3,0.708900,0.686210,765.351562
4,0.718649,0.710828,1014.957214
5,0.716981,0.736912,1264.523560
6,0.713662,0.764174,1514.015747
7,0.732569,0.823115,1763.615845
8,0.755808,0.826799,2013.194214
9,0.764383,0.836248,2262.716797
10,0.778304,0.837840,2512.330566
11,0.813949,0.830379,2761.840088
12,0.862391,0.832710,3011.445068
13,0.936554,0.837203,3261.017090
14,0.017160,0.821661,3510.610107
15,0.087513,0.794705,3760.138428
16,0.133962,0.797515,4009.652832
17,0.166320,0.802619,4259.283203
18,0.205125,0.798765,4508.819336
19,0.241587,0.797792,4758.354980
20,0.261855,0.801927,5007.967285
21,0.259172,0.809079,5257.523438
22,0.248837,0.815289,5507.038086
23,0.195910,0.832290,5756.626465
24,0.060149,0.856253,6006.242676
25,0.965266,0.843443,6255.768066
26,0.877353,0.794074,6505.344238
27,0.861288,0.788497,6754.927246
28,0.812397,0.790935,7004.486816
29,0.808629,0.805608,7254.026855
30,0.814300,0.823603,7503.563477
31,0.771533,0.813550,7753.154297
32,0.735557,0.804575,8002.729492
33,0.698928,0.793006,8252.278320
34,0.643407,0.774110,8501.889648
35,0.603478,0.762979,8751.389648
36,0.597575,0.771715,9001.034180
37,0.598960,0.777480,9250.535156
38,0.581722,0.775053,9500.131836
39,0.543945,0.765548,9766.288086
40,0.509071,0.762812,10015.860352
41,0.468421,0.758208,10265.377930
42,0.447091,0.748639,10515.041992
43,0.434772,0.744677,10764.609375
44,0.430721,0.736503,11014.178711
45,0.432077,0.728296,11263.653320
46,0.442069,0.714406,11513.269531
47,0.457766,0.729155,11762.793945
48,0.466567,0.758646,12012.331055
49,0.413598,0.764779,12261.947266
50,0.344681,0.754406,12511.574219
51,0.345382,0.779751,12761.064453
52,0.474002,0.848871,13010.592773
53,0.574825,0.857258,13260.205078
54,0.590914,0.835420,13509.745117
55,0.618858,0.645153,13759.304688
56,0.621364,0.466128,14008.860352
57,0.581437,0.499671,14258.400391
58,0.553060,0.529655,14507.986328
59,0.520721,0.538645,14757.541016
60,0.460484,0.534927,15007.132812
61,0.406621,0.484176,15256.699219
62,0.345172,0.467202,15506.286133
63,0.295513,0.501843,15755.804688
64,0.268959,0.535419,16005.366211
65,0.305885,0.520172,16254.925781
66,0.415069,0.460468,16504.490234
67,0.521577,0.461681,16754.058594
68,0.617901,0.508302,17003.605469
69,0.701412,0.526288,17253.193359
70,0.745680,0.475023,17502.769531
71,0.745820,0.482468,17752.318359
72,0.764765,0.499302,18001.908203
73,0.802503,0.504342,18251.445312
74,0.840992,0.505462,18500.992188
75,0.868209,0.512192,18750.558594
76,0.898835,0.520394,19000.140625
77,0.925237,0.521066,19266.343750
78,0.946995,0.521599,19515.888672
79,0.963264,0.520580,19765.492188
80,0.980147,0.521223,20015.064453
81,0.998277,0.522308,20264.589844
82,0.005604,0.525367,20514.144531
83,0.984894,0.523168,20763.718750
84,0.938587,0.513479,21013.275391
85,0.896110,0.527040,21262.839844
86,0.869226,0.545060,21512.406250
87,0.854781,0.523225,21761.972656
88,0.839693,0.523312,22011.531250
89,0.814048,0.529745,22261.123047
90,0.762482,0.533121,22510.660156
91,0.693363,0.536320,22760.250000
92,0.622845,0.521263,23009.806641
93,0.560848,0.500665,23259.353516
94,0.508643,0.502848,23508.923828
95,0.469234,0.519331,23758.478516
96,0.416336,0.539742,24008.046875
97,0.356273,0.546152,24257.632812
98,0.322361,0.543945,24507.162109
99,0.330213,0.539261,24756.732422
0,0.750698,0.526558,0.022559
1,0.751875,0.526830,266.286316
2,0.747231,0.541666,515.760864
3,0.735109,0.582790,765.310791
4,0.724610,0.631979,1014.917908
5,0.727454,0.673338,1264.518555
6,0.724706,0.752293,1514.016846
7,0.717421,0.804313,1763.660889
8,0.712355,0.816521,2013.165161
9,0.713014,0.824054,2262.697510
10,0.730607,0.852166,2512.264893
11,0.743297,0.877157,2761.858398
12,0.739454,0.887518,3011.419434
13,0.729610,0.890709,3260.959717
14,0.717871,0.886395,3510.588135
15,0.711069,0.875004,3760.133301
16,0.712825,0.864742,4026.282959
17,0.712589,0.860295,4259.245605
18,0.681499,0.848693,4508.828125
19,0.660824,0.839125,4758.326172
20,0.667660,0.840104,5007.883789
21,0.733521,0.843589,5257.537109
22,0.829983,0.822051,5507.068359
23,0.860482,0.821712,5756.628906
24,0.879352,0.821842,6006.221680
25,0.899148,0.822234,6255.767090
26,0.921013,0.819824,6505.319336
27,0.967923,0.819252,6754.841309
28,0.031271,0.822363,7004.504883
29,0.079100,0.823782,7254.004883
30,0.127844,0.820864,7503.603027
31,0.153229,0.824748,7753.114258
32,0.173653,0.824810,8002.770996
33,0.186203,0.828043,8252.250977
34,0.192521,0.840971,8501.791016
35,0.210891,0.851287,8751.407227
36,0.249226,0.847372,9000.976562
37,0.247859,0.845249,9250.513672
38,0.228264,0.841641,9500.041016
39,0.218840,0.841555,9766.308594
40,0.233175,0.839922,10015.895508
41,0.293661,0.828642,10265.413086
42,0.336854,0.823114,10514.975586
43,0.369601,0.807125,10764.554688
44,0.398595,0.788711,11014.081055
45,0.407885,0.762642,11263.706055
46,0.399843,0.719312,11513.197266
47,0.341471,0.599689,11762.872070
48,0.266057,0.497172,12012.318359
49,0.151514,0.471753,12261.924805
50,0.104152,0.488611,12511.533203
51,0.114053,0.524129,12761.076172
52,0.226545,0.515547,13010.660156
53,0.372184,0.386402,13260.131836
54,0.456151,0.347200,13509.765625
55,0.501045,0.379456,13759.269531
56,0.527115,0.453394,14008.874023
57,0.530054,0.538868,14258.398438
58,0.499766,0.612224,14508.010742
59,0.485855,0.652949,14757.646484
60,0.485883,0.687960,15007.100586
61,0.535364,0.743666,15256.678711
62,0.578587,0.782391,15506.285156
63,0.602152,0.791474,15755.784180
64,0.624150,0.806487,16005.338867
65,0.642868,0.799906,16255.000000
66,0.652349,0.796029,16504.470703
67,0.654411,0.783979,16754.033203
68,0.642526,0.711819,17003.710938
69,0.614750,0.593754,17253.263672
70,0.601302,0.546036,17502.787109
71,0.594252,0.553233,17752.414062
72,0.588179,0.571088,18001.882812
73,0.581135,0.580888,18251.484375
74,0.578475,0.579630,18501.009766
75,0.582663,0.575954,18750.628906
76,0.594299,0.580029,19000.171875
77,0.620600,0.595088,19266.353516
78,0.640415,0.602469,19515.917969
79,0.666420,0.615437,19765.498047
80,0.685190,0.624524,20015.056641
81,0.697761,0.637832,20264.607422
82,0.702085,0.664565,20514.132812
83,0.697416,0.748310,20763.757812
84,0.694678,0.788866,21013.345703
85,0.681079,0.811053,21262.865234
86,0.675993,0.823479,21512.419922
87,0.657236,0.830611,21762.007812
88,0.607985,0.841563,22011.554688
89,0.557461,0.840011,22261.128906
90,0.547505,0.833619,22510.708984
91,0.570196,0.824812,22760.269531
92,0.605051,0.814117,23009.773438
93,0.630193,0.818468,23259.416016
94,0.641896,0.823537,23508.955078
95,0.657841,0.822603,23758.478516
96,0.676661,0.820148,24008.035156
97,0.694605,0.817712,24257.681641
98,0.710016,0.815751,24507.248047
99,0.719482,0.811458,24756.835938
0,0.749848,0.467295,0.030287
1,0.749838,0.468071,266.364716
2,0.749624,0.468457,515.818481
3,0.749880,0.468776,765.348145
4,0.750069,0.469938,1014.985168
5,0.750047,0.471770,1264.522827
6,0.754714,0.474804,1514.086792
7,0.776757,0.476767,1763.644043
8,0.801618,0.487493,2013.226196
9,0.821958,0.503883,2262.788574
10,0.838412,0.518989,2512.298584
11,0.856363,0.527809,2761.954590
12,0.876071,0.544943,3011.519287
13,0.871267,0.608552,3261.035645
14,0.855572,0.656223,3510.607910
15,0.838126,0.685120,3760.188965
16,0.814972,0.706396,4009.752930
17,0.784380,0.719750,4259.255371
18,0.749384,0.715890,4508.922363
19,0.710961,0.708519,4758.368164
20,0.665009,0.686380,5008.030762
21,0.624234,0.642655,5257.555664
22,0.596894,0.609487,5507.124512
23,0.567005,0.593692,5756.691895
24,0.531485,0.621882,6006.193359
25,0.502025,0.637397,6255.821777
26,0.471249,0.640920,6505.357910
27,0.440837,0.644395,6754.972656
28,0.415126,0.644517,7004.490723
29,0.390422,0.641601,7254.102539
30,0.361734,0.641714,7503.661133
31,0.342344,0.636732,7753.156738
32,0.344535,0.613550,8002.732422
33,0.355273,0.594708,8252.270508
34,0.361374,0.590594,8501.899414
35,0.365382,0.587065,8751.425781
36,0.388909,0.567212,9000.956055
37,0.420147,0.557770,9250.522461
38,0.446864,0.564105,9500.095703
39,0.464802,0.574495,9766.294922
40,0.480602,0.580131,10015.880859
41,0.501973,0.581165,10265.420898
42,0.527394,0.581745,10515.030273
43,0.555013,0.581319,10764.578125
44,0.580430,0.577384,11014.139648
45,0.610806,0.574743,11263.680664
46,0.644051,0.571463,11513.256836
47,0.671016,0.562516,11762.864258
48,0.695063,0.522956,12012.391602
49,0.717077,0.466443,12261.929688
50,0.735276,0.440953,12511.516602
51,0.761114,0.424162,12761.107422
52,0.792473,0.416937,13010.638672
53,0.836349,0.415139,13260.204102
54,0.862016,0.427902,13509.761719
55,0.877241,0.445208,13759.340820
56,0.892028,0.464896,14008.877930
57,0.908244,0.472649,14258.445312
58,0.920755,0.475579,14508.029297
59,0.933986,0.482415,14757.603516
60,0.951796,0.490205,15007.169922
61,0.968893,0.493577,15256.706055
62,0.986147,0.493614,15506.277344
63,0.000561,0.500467,15755.831055
64,0.009845,0.507773,16005.395508
65,0.010629,0.511702,16254.987305
66,0.994821,0.513922,16504.531250
67,0.971728,0.521390,16754.093750
68,0.953643,0.528561,17003.671875
69,0.939167,0.537882,17253.240234
70,0.928008,0.539394,17502.791016
71,0.920089,0.541353,17752.343750
72,0.918413,0.543693,18001.892578
73,0.920676,0.543407,18251.476562
74,0.923537,0.541494,18501.031250
75,0.925582,0.541099,18750.603516
76,0.926011,0.542490,19000.148438
77,0.925622,0.543858,19266.398438
78,0.925565,0.544461,19515.925781
79,0.925764,0.545312,19765.486328
80,0.925962,0.545994,20015.048828
81,0.925951,0.546365,20264.650391
82,0.925924,0.546545,20514.216797
83,0.925944,0.546646,20763.777344
84,0.925768,0.546857,21013.337891
85,0.925560,0.547431,21262.873047
86,0.925316,0.551264,21512.445312
87,0.924375,0.566699,21762.000000
88,0.917249,0.613552,22011.570312
89,0.907392,0.659222,22261.130859
90,0.905321,0.677561,22510.712891
91,0.903454,0.693226,22760.294922
92,0.906851,0.698093,23009.837891
93,0.908545,0.698045,23259.394531
94,0.911689,0.697956,23508.949219
95,0.911599,0.681315,23758.537109
96,0.905586,0.627466,24008.074219
97,0.893481,0.582924,24257.638672
98,0.881392,0.571896,24507.207031
99,0.877909,0.571430,24756.775391
0,0.750386,0.535469,0.059579
1,0.750477,0.535302,266.250336
2,0.750049,0.535901,515.838074
3,0.749472,0.537582,765.417908
4,0.746904,0.543870,1014.993042
5,0.728995,0.580156,1264.596924
6,0.710392,0.635520,1514.079468
7,0.707571,0.670423,1763.724976
8,0.707343,0.686251,2013.181030
9,0.690149,0.712253,2262.754150
10,0.688629,0.749758,2512.322021
11,0.736148,0.761848,2761.945801
12,0.793728,0.753992,3011.499268
13,0.820048,0.751681,3261.010742
14,0.833498,0.752474,3510.620850
15,0.827462,0.775209,3760.166260
16,0.807675,0.812939,4009.727051
17,0.811181,0.833024,4259.331055
18,0.859719,0.824075,4508.953613
19,0.897469,0.807621,4758.446289
20,0.924214,0.792991,5007.960938
21,0.940588,0.786650,5257.583008
22,0.964027,0.779826,5507.078613
23,0.997796,0.776833,5756.737305
24,0.025824,0.769475,6006.262207
25,0.050899,0.766970,6255.907227
26,0.082877,0.767735,6505.376953
27,0.107892,0.767178,6754.910645
28,0.129171,0.766706,7004.470215
29,0.147895,0.768728,7254.060547
30,0.156282,0.769713,7503.639648
31,0.157741,0.772521,7753.206543
32,0.155281,0.774204,8002.750000
33,0.152097,0.775488,8252.323242
34,0.151390,0.776983,8501.870117
35,0.150431,0.777184,8751.490234
36,0.149746,0.777997,9001.083008
37,0.148862,0.779477,9250.582031
38,0.147794,0.780347,9500.114258
39,0.146966,0.781519,9766.353516
40,0.145814,0.782602,10015.924805
41,0.149962,0.782049,10265.478516
42,0.173206,0.776971,10515.005859
43,0.197235,0.777196,10764.580078
44,0.203329,0.786856,11014.149414
45,0.204196,0.791609,11263.729492
46,0.203321,0.790668,11513.291016
47,0.203673,0.789764,11762.922852
48,0.211406,0.784955,12012.422852
49,0.226514,0.779802,12261.973633
50,0.227093,0.774958,12511.598633
51,0.186006,0.750614,12761.125000
52,0.130511,0.693597,13010.693359
53,0.102622,0.630296,13260.210938
54,0.077242,0.572948,13509.775391
55,0.034679,0.557151,13759.353516
56,0.994367,0.553310,14008.896484
57,0.946208,0.549622,14258.500000
58,0.916182,0.528724,14508.115234
59,0.903401,0.524861,14757.631836
60,0.891438,0.521668,15007.143555
61,0.873176,0.519896,15256.740234
62,0.835427,0.517947,15506.286133
63,0.783846,0.512372,15755.837891
64,0.724207,0.513112,16005.471680
65,0.683975,0.522066,16255.031250
66,0.666103,0.538896,16504.583984
67,0.665935,0.555537,16754.095703
68,0.645258,0.570301,17003.693359
69,0.606675,0.579489,17253.310547
70,0.575327,0.590578,17502.818359
71,0.553228,0.594737,17752.386719
72,0.537702,0.593895,18001.927734
73,0.530089,0.591602,18251.503906
74,0.527913,0.590667,18501.037109
75,0.526657,0.591541,18750.716797
76,0.524926,0.592175,19000.185547
77,0.522264,0.592387,19266.400391
78,0.518448,0.591956,19515.966797
79,0.507841,0.587263,19765.558594
80,0.490793,0.586439,20015.130859
81,0.469808,0.588688,20264.675781
82,0.446000,0.591564,20514.189453
83,0.419080,0.596478,20763.791016
84,0.403633,0.613361,21013.408203
85,0.393926,0.629708,21262.988281
86,0.397539,0.648006,21512.476562
87,0.408165,0.652296,21762.037109
88,0.422960,0.660772,22011.617188
89,0.439219,0.669502,22261.136719
90,0.447287,0.679385,22510.765625
91,0.450143,0.695221,22760.304688
92,0.450934,0.703755,23009.867188
93,0.459018,0.711706,23259.388672
94,0.487693,0.719411,23509.037109
95,0.519411,0.728444,23758.564453
96,0.533308,0.727052,24008.103516
97,0.534275,0.726044,24257.763672
98,0.532173,0.726284,24507.255859
99,0.531150,0.726208,24756.777344
0,0.738788,0.561598,-0.016188
1,0.716938,0.557355,266.219147
2,0.672440,0.565411,515.736511
3,0.625434,0.641879,765.353882
4,0.615123,0.742390,1014.869202
5,0.631527,0.778405,1264.523193
6,0.664944,0.788743,1513.999878
7,0.695525,0.815028,1763.577271
8,0.732233,0.834619,2013.115479
9,0.771655,0.847302,2262.666992
10,0.807803,0.845627,2512.347412
11,0.818233,0.837370,2761.809570
12,0.803173,0.841257,3011.375732
13,0.772588,0.842135,3260.963135
14,0.712668,0.837667,3510.548096
15,0.668430,0.838710,3760.092041
16,0.634028,0.837777,4009.609619
17,0.617879,0.837521,4259.280273
18,0.624105,0.838498,4508.773926
19,0.653187,0.834345,4758.427246
20,0.687062,0.834296,5007.868164
21,0.693589,0.838568,5257.551270
22,0.657349,0.847289,5506.999023
23,0.605078,0.853385,5756.577637
24,0.554697,0.858294,6006.152832
25,0.510497,0.843840,6255.815430
26,0.469483,0.834015,6505.307617
27,0.446575,0.820079,6754.820312
28,0.415915,0.813460,7004.447754
29,0.379116,0.812825,7253.942383
30,0.376310,0.783417,7503.509277
31,0.411742,0.723634,7753.144043
32,0.440252,0.676760,8002.738770
33,0.453832,0.623081,8252.261719
34,0.453041,0.590141,8501.790039
35,0.458731,0.578594,8751.395508
36,0.506787,0.576075,9000.919922
37,0.584571,0.577804,9250.458008
38,0.672557,0.583568,9500.033203
39,0.761620,0.584263,9766.274414
40,0.844413,0.586570,10015.843750
41,0.923170,0.603420,10265.367188
42,0.993043,0.616513,10514.927734
43,0.056083,0.620361,10764.591797
44,0.106181,0.620152,11014.091797
45,0.146901,0.618296,11263.598633
46,0.168932,0.624728,11513.182617
47,0.172371,0.631670,11762.790039
48,0.130434,0.659899,12012.321289
49,0.032123,0.725538,12261.933594
50,0.933195,0.780574,12511.477539
51,0.858351,0.806503,12761.042969
52,0.816337,0.817027,13010.601562
53,0.782417,0.807977,13260.205078
54,0.757661,0.822177,13509.716797
55,0.720250,0.821202,13759.236328
56,0.681864,0.817815,14008.843750
57,0.660188,0.806163,14258.456055
58,0.654865,0.757938,14507.954102
59,0.681346,0.656533,14757.540039
60,0.698859,0.578532,15007.131836
61,0.701032,0.546057,15256.692383
62,0.696644,0.494936,15506.241211
63,0.690022,0.421494,15755.754883
64,0.685396,0.342909,16005.384766
65,0.676818,0.275626,16254.922852
66,0.676294,0.224863,16504.472656
67,0.676261,0.198655,16754.037109
68,0.674953,0.194423,17003.599609
69,0.675397,0.198462,17253.208984
70,0.675648,0.198450,17502.701172
71,0.679762,0.218824,17752.283203
72,0.688246,0.351396,18001.875000
73,0.693863,0.578450,18251.388672
74,0.691664,0.682624,18500.992188
75,0.687206,0.691029,18750.539062
76,0.688061,0.691008,19016.796875
77,0.687831,0.687870,19266.371094
78,0.695557,0.682061,19515.888672
79,0.724430,0.671045,19765.458984
80,0.752463,0.607365,20014.994141
81,0.767486,0.490067,20264.548828
82,0.820579,0.508108,20514.148438
83,0.904934,0.561087,20763.677734
84,0.968250,0.581746,21013.285156
85,0.002013,0.571805,21262.808594
86,0.013605,0.578514,21512.412109
87,0.020388,0.582239,21761.923828
88,0.019835,0.576571,22011.585938
89,0.010721,0.580236,22261.101562
90,0.004168,0.588924,22510.681641
91,0.982314,0.592951,22760.238281
92,0.931758,0.603034,23009.740234
93,0.877095,0.599440,23259.390625
94,0.761515,0.592754,23508.863281
95,0.627181,0.582354,23758.470703
96,0.532404,0.596074,24008.048828
97,0.474518,0.608555,24257.648438
98,0.426510,0.621519,24507.179688
99,0.398751,0.620832,24756.703125
0,0.750056,0.603506,-0.003522
1,0.750057,0.605146,266.312744
2,0.748451,0.623865,515.859741
3,0.745238,0.703221,765.370972
4,0.744220,0.774786,1014.901245
5,0.736868,0.820644,1264.465454
6,0.726292,0.845343,1514.036255
7,0.729569,0.840990,1763.694336
8,0.740112,0.833000,2013.141968
9,0.744347,0.833501,2262.701172
10,0.738172,0.833796,2512.311523
11,0.710339,0.846512,2761.866455
12,0.654524,0.864962,3011.462891
13,0.608383,0.894392,3261.093994
14,0.556527,0.907109,3510.597168
15,0.509286,0.893727,3760.103760
16,0.467267,0.863154,4009.663086
17,0.431792,0.847415,4259.284668
18,0.417679,0.845726,4508.779785
19,0.391519,0.842146,4758.468262
20,0.352518,0.830921,5007.925293
21,0.322730,0.823599,5257.534180
22,0.294824,0.819086,5507.050781
23,0.272672,0.825235,5756.603516
24,0.263152,0.829562,6006.178223
25,0.285534,0.825245,6255.739746
26,0.364966,0.823315,6505.324707
27,0.482798,0.795835,6754.861328
28,0.547653,0.697891,7004.451660
29,0.548116,0.622533,7254.017578
30,0.551010,0.645675,7503.581543
31,0.556639,0.716867,7753.122559
32,0.565694,0.740231,8002.706055
33,0.592419,0.757018,8252.253906
34,0.607606,0.764493,8501.810547
35,0.633884,0.783170,8751.371094
36,0.654071,0.804226,9000.931641
37,0.680635,0.813824,9250.534180
38,0.700576,0.815345,9500.076172
39,0.724065,0.787965,9766.306641
40,0.741448,0.705581,10015.838867
41,0.739730,0.630402,10265.407227
42,0.736861,0.585578,10514.975586
43,0.722556,0.547068,10764.534180
44,0.685323,0.499526,11014.085938
45,0.660586,0.457461,11263.674805
46,0.663589,0.421586,11513.227539
47,0.663028,0.392409,11762.775391
48,0.665115,0.358671,12012.347656
49,0.681957,0.337856,12261.906250
50,0.707498,0.338575,12511.498047
51,0.755627,0.338119,12761.049805
52,0.827545,0.368750,13010.608398
53,0.867312,0.429646,13260.168945
54,0.882981,0.496767,13509.759766
55,0.896318,0.550705,13759.295898
56,0.922351,0.574515,14008.883789
57,0.950788,0.584477,14258.424805
58,0.945103,0.593186,14507.986328
59,0.923914,0.605865,14757.558594
60,0.885606,0.628949,15007.120117
61,0.835968,0.668371,15256.684570
62,0.778788,0.664758,15506.240234
63,0.731998,0.621971,15755.819336
64,0.679464,0.614578,16005.362305
65,0.623788,0.607647,16254.931641
66,0.571958,0.584004,16504.560547
67,0.536250,0.576125,16754.068359
68,0.523449,0.580274,17003.648438
69,0.515320,0.580970,17253.185547
70,0.509039,0.588810,17502.759766
71,0.487276,0.608436,17752.320312
72,0.473465,0.619962,18001.871094
73,0.472753,0.624514,18251.445312
74,0.477265,0.625304,18501.035156
75,0.483155,0.594155,18750.595703
76,0.495360,0.520085,19000.160156
77,0.487539,0.446969,19266.333984
78,0.472161,0.416732,19515.894531
79,0.482040,0.368291,19765.484375
80,0.509999,0.326748,20015.076172
81,0.564525,0.239712,20264.609375
82,0.639505,0.167157,20514.171875
83,0.771743,0.153568,20763.746094
84,0.940812,0.223456,21013.306641
85,0.049279,0.275478,21262.859375
86,0.109672,0.321772,21512.414062
87,0.152718,0.336452,21761.988281
88,0.169267,0.362870,22011.554688
89,0.170969,0.467922,22261.107422
90,0.163327,0.556089,22510.666016
91,0.153927,0.606168,22760.228516
92,0.144499,0.639963,23009.794922
93,0.136703,0.655516,23259.367188
94,0.131393,0.650743,23508.917969
95,0.128131,0.627074,23758.505859
96,0.124689,0.601599,24008.062500
97,0.123662,0.600361,24257.630859
98,0.136090,0.592602,24507.201172
99,0.130787,0.571880,24756.767578
0,0.749951,0.452004,-0.033276
1,0.747761,0.453955,266.233704
2,0.746816,0.486113,532.403625
3,0.752111,0.531592,765.295166
4,0.773932,0.556724,1014.858582
5,0.826185,0.577863,1264.530151
6,0.853796,0.630405,1513.967529
7,0.859079,0.693026,1763.646729
8,0.863371,0.749132,2013.157959
9,0.870718,0.810266,2262.656494
10,0.870646,0.846124,2512.261963
11,0.867728,0.859453,2761.831787
12,0.880834,0.871596,3011.373291
13,0.875948,0.883207,3260.925781
14,0.798750,0.874785,3510.599365
15,0.757251,0.862957,3760.045898
16,0.731345,0.858695,4009.655518
17,0.700394,0.857154,4259.253906
18,0.671266,0.846407,4508.755371
19,0.663031,0.847868,4758.340332
20,0.660372,0.854172,5007.867188
21,0.649353,0.852845,5257.498535
22,0.627272,0.856401,5507.031738
23,0.592328,0.853057,5756.627930
24,0.578881,0.851510,6006.117188
25,0.577199,0.850198,6255.712402
26,0.596524,0.856844,6505.282227
27,0.613476,0.864813,6754.803711
28,0.609497,0.855952,7004.454102
29,0.621352,0.837962,7254.026855
30,0.640601,0.825077,7503.528809
31,0.643984,0.821876,7753.124023
32,0.662335,0.814581,8002.703613
33,0.667044,0.812885,8252.193359
34,0.648339,0.815521,8501.753906
35,0.562271,0.826698,8751.347656
36,0.475914,0.800297,9000.935547
37,0.433805,0.767722,9250.532227
38,0.417561,0.727576,9500.023438
39,0.403249,0.720705,9766.205078
40,0.395425,0.709015,10015.849609
41,0.420826,0.634489,10265.331055
42,0.447110,0.585726,10514.923828
43,0.496893,0.554367,10764.504883
44,0.540456,0.533799,11014.099609
45,0.560555,0.526528,11263.627930
46,0.568141,0.523766,11513.164062
47,0.572820,0.530625,11762.802734
48,0.582943,0.542023,12012.280273
49,0.618719,0.556113,12261.861328
50,0.677464,0.559334,12511.491211
51,0.673750,0.564821,12761.031250
52,0.605020,0.568772,13010.579102
53,0.602051,0.572481,13260.111328
54,0.611059,0.579154,13509.736328
55,0.623555,0.583829,13759.325195
56,0.661159,0.581010,14008.844727
57,0.796260,0.554075,14258.435547
58,0.876581,0.537182,14508.043945
59,0.927345,0.521613,14757.491211
60,0.955468,0.501418,15007.073242
61,0.993551,0.495696,15256.625000
62,0.040507,0.484220,15506.206055
63,0.065002,0.522580,15755.752930
64,0.054093,0.613837,16005.369141
65,0.051206,0.692698,16254.970703
66,0.058690,0.749380,16504.470703
67,0.052365,0.779503,16754.017578
68,0.029581,0.795214,17003.576172
69,0.940652,0.798753,17253.177734
70,0.886139,0.798301,17502.722656
71,0.808712,0.791763,17752.294922
72,0.755360,0.782917,18001.896484
73,0.734861,0.791521,18251.433594
74,0.722157,0.805831,18500.943359
75,0.701369,0.807969,18750.550781
76,0.691879,0.806668,19000.138672
77,0.686001,0.809230,19266.306641
78,0.684117,0.811140,19515.863281
79,0.697624,0.810825,19765.431641
80,0.745955,0.793741,20015.050781
81,0.742718,0.798321,20264.595703
82,0.743571,0.804363,20514.142578
83,0.744365,0.812916,20763.683594
84,0.746556,0.813744,21013.275391
85,0.742986,0.816813,21262.789062
86,0.739009,0.816984,21512.388672
87,0.736777,0.817395,21762.017578
88,0.731548,0.819034,22011.509766
89,0.722839,0.820204,22261.048828
90,0.705212,0.821282,22510.662109
91,0.672389,0.819600,22760.236328
92,0.641972,0.815505,23009.818359
93,0.600455,0.809608,23259.355469
94,0.572906,0.809369,23508.904297
95,0.529706,0.810899,23758.470703
96,0.497165,0.806377,24007.982422
97,0.492207,0.823697,24257.681641
98,0.479765,0.847178,24507.199219
99,0.432711,0.835849,24756.765625
0,0.750174,0.501013,0.014013
1,0.750410,0.503914,266.238770
2,0.749783,0.515436,515.873169
3,0.754973,0.590891,765.458557
4,0.766423,0.705249,1014.945740
5,0.759655,0.736084,1264.522095
6,0.758908,0.786117,1514.042969
7,0.777591,0.816910,1763.620728
8,0.797317,0.822846,2013.185059
9,0.790863,0.824364,2262.854248
10,0.780479,0.828390,2512.343506
11,0.763947,0.827301,2761.947998
12,0.750780,0.832871,3011.418213
13,0.743538,0.846973,3261.048340
14,0.759399,0.866751,3510.613770
15,0.786121,0.871554,3760.138916
16,0.775073,0.868855,4009.748047
17,0.765961,0.864648,4259.331543
18,0.764801,0.863756,4508.866211
19,0.757960,0.863722,4758.395996
20,0.751634,0.862445,5008.083008
21,0.741173,0.858787,5257.542969
22,0.687552,0.823679,5507.082520
23,0.650861,0.790952,5756.627441
24,0.633081,0.789435,6006.187988
25,0.618857,0.815078,6255.842285
26,0.611227,0.832578,6505.323730
27,0.586749,0.848641,6754.902832
28,0.577624,0.854705,7004.543945
29,0.657899,0.852999,7254.066895
30,0.793618,0.831952,7503.613281
31,0.887554,0.827590,7753.166016
32,0.969610,0.818402,8002.707031
33,0.046902,0.793520,8252.276367
34,0.105483,0.783445,8501.927734
35,0.154171,0.780714,8751.405273
36,0.203343,0.777913,9001.069336
37,0.258507,0.774657,9250.568359
38,0.295474,0.779396,9500.156250
39,0.328794,0.777499,9766.285156
40,0.369537,0.777613,10015.893555
41,0.404106,0.776599,10265.418945
42,0.418585,0.769931,10515.113281
43,0.426674,0.775777,10764.544922
44,0.423453,0.781167,11014.166992
45,0.426642,0.805669,11263.708008
46,0.437494,0.835682,11513.289062
47,0.432105,0.853783,11762.848633
48,0.428366,0.853899,12012.382812
49,0.420215,0.849915,12262.000000
50,0.409889,0.840103,12511.549805
51,0.406602,0.831048,12761.074219
52,0.403172,0.821310,13010.657227
53,0.397178,0.806385,13260.241211
54,0.374676,0.794268,13509.791992
55,0.333442,0.746008,13759.361328
56,0.324401,0.681001,14008.930664
57,0.335451,0.654797,14258.467773
58,0.338639,0.633708,14508.039062
59,0.300321,0.577227,14757.581055
60,0.279955,0.562594,15007.186523
61,0.398466,0.582748,15273.419922
62,0.481630,0.558149,15506.283203
63,0.497541,0.565101,15755.846680
64,0.497692,0.591984,16005.462891
65,0.495297,0.616939,16255.074219
66,0.505129,0.631595,16504.562500
67,0.504041,0.636789,16754.117188
68,0.502309,0.660854,17003.638672
69,0.521976,0.722449,17253.259766
70,0.553153,0.740810,17502.833984
71,0.585077,0.752403,17752.345703
72,0.603495,0.762244,18001.941406
73,0.623007,0.772603,18251.458984
74,0.638070,0.780358,18501.064453
75,0.650125,0.798211,18750.611328
76,0.680395,0.805918,19000.236328
77,0.722846,0.800097,19266.349609
78,0.740815,0.796383,19515.980469
79,0.738511,0.794547,19765.529297
80,0.720915,0.790340,20015.109375
81,0.702987,0.788128,20264.611328
82,0.697745,0.788247,20514.230469
83,0.696847,0.787248,20763.738281
84,0.697503,0.783996,21013.314453
85,0.693264,0.779791,21262.867188
86,0.694178,0.775969,21512.552734
87,0.692819,0.774864,21761.990234
88,0.687840,0.775168,22011.583984
89,0.681631,0.778513,22261.236328
90,0.665646,0.790660,22510.712891
91,0.647930,0.798802,22760.255859
92,0.609939,0.775251,23009.812500
93,0.578594,0.697811,23259.468750
94,0.563217,0.618476,23508.990234
95,0.544384,0.576078,23758.533203
96,0.540675,0.566418,24008.060547
97,0.542680,0.567352,24257.744141
98,0.544572,0.570040,24507.251953
99,0.546041,0.573555,24756.798828
0,0.750110,0.525920,-0.004318
1,0.748839,0.531809,266.191406
2,0.741782,0.587353,515.737793
3,0.737235,0.661450,765.341431
4,0.736277,0.706399,1014.889282
5,0.739383,0.761050,1264.491943
6,0.751598,0.782945,1514.045410
7,0.767648,0.799715,1763.620239
8,0.767415,0.800716,2013.144165
9,0.761927,0.806639,2262.770508
10,0.756474,0.814600,2512.303711
11,0.746070,0.802783,2761.842773
12,0.770078,0.790449,3011.506592
13,0.804620,0.775773,3260.990967
14,0.823539,0.764741,3510.553955
15,0.889431,0.704380,3760.124268
16,0.952835,0.648205,4009.771973
17,0.980579,0.632058,4259.237793
18,0.978992,0.648995,4508.784180
19,0.001796,0.738256,4758.378418
20,0.043732,0.762009,5007.891113
21,0.076849,0.755016,5257.571777
22,0.091442,0.794607,5507.031250
23,0.110231,0.815262,5756.645508
24,0.162299,0.777474,6006.198242
25,0.200247,0.741376,6255.720215
26,0.224417,0.720606,6505.382812
27,0.259059,0.726489,6754.929688
28,0.263213,0.729158,7004.485840
29,0.235783,0.717070,7253.979980
30,0.166940,0.653023,7503.540527
31,0.119869,0.582344,7753.102539
32,0.064466,0.542157,8002.703613
33,0.998689,0.539030,8252.282227
34,0.938959,0.513790,8501.826172
35,0.877500,0.451465,8751.391602
36,0.837597,0.386192,9000.948242
37,0.792465,0.390027,9250.547852
38,0.745387,0.431058,9500.058594
39,0.704124,0.471376,9766.241211
40,0.663779,0.511927,10015.857422
41,0.619744,0.529580,10265.423828
42,0.574622,0.542140,10515.024414
43,0.535806,0.584410,10764.570312
44,0.507254,0.622569,11014.106445
45,0.479642,0.661242,11263.741211
46,0.467294,0.693775,11513.204102
47,0.443232,0.726099,11762.779297
48,0.417608,0.758389,12012.426758
49,0.404431,0.768916,12262.016602
50,0.389297,0.802131,12511.472656
51,0.376296,0.784151,12761.028320
52,0.364511,0.724236,13010.650391
53,0.354118,0.662428,13260.191406
54,0.352959,0.609881,13509.711914
55,0.371344,0.560953,13759.319336
56,0.384047,0.503674,14008.895508
57,0.389374,0.430088,14258.507812
58,0.383651,0.385149,14507.991211
59,0.375748,0.375941,14757.534180
60,0.382574,0.387047,15007.106445
61,0.423394,0.474380,15256.692383
62,0.461121,0.542391,15506.275391
63,0.489132,0.560483,15755.914062
64,0.521736,0.564475,16005.366211
65,0.549536,0.563030,16254.922852
66,0.578159,0.513616,16504.460938
67,0.594029,0.450372,16754.048828
68,0.615575,0.448554,17003.615234
69,0.647076,0.483236,17253.201172
70,0.681811,0.504870,17502.851562
71,0.718180,0.515160,17752.416016
72,0.752636,0.521251,18001.878906
73,0.782793,0.525253,18251.470703
74,0.811615,0.526335,18501.066406
75,0.839459,0.524978,18750.564453
76,0.872129,0.527196,19000.169922
77,0.911767,0.530851,19266.408203
78,0.935281,0.525067,19515.976562
79,0.948334,0.513310,19765.486328
80,0.956644,0.513928,20015.005859
81,0.973505,0.515882,20264.642578
82,0.987394,0.502981,20514.203125
83,0.997178,0.478869,20763.734375
84,0.007680,0.459147,21013.304688
85,0.020044,0.448971,21262.830078
86,0.027481,0.437982,21512.412109
87,0.023223,0.439158,21761.947266
88,0.996145,0.473966,22011.595703
89,0.949608,0.580483,22261.125000
90,0.929670,0.603278,22510.716797
91,0.887418,0.592394,22760.255859
92,0.834206,0.582514,23009.812500
93,0.783587,0.574443,23259.345703
94,0.731435,0.566469,23508.898438
95,0.677433,0.553374,23758.523438
96,0.629312,0.545693,24008.101562
97,0.585873,0.536200,24257.583984
98,0.546563,0.529250,24507.189453
99,0.511521,0.531925,24756.802734
0,0.746931,0.473639,0.046825
1,0.743929,0.474449,266.293640
2,0.740463,0.489773,515.824280
3,0.734299,0.545595,765.368774
4,0.726431,0.613400,1014.907043
5,0.718903,0.677007,1264.532227
6,0.709792,0.730368,1513.996460
7,0.698009,0.780725,1763.596680
8,0.690833,0.806054,2013.285767
9,0.701740,0.818292,2262.807861
10,0.708130,0.821392,2512.376221
11,0.741390,0.825902,2761.875977
12,0.795348,0.820112,3011.472656
13,0.802046,0.811882,3260.947510
14,0.743082,0.828082,3510.587158
15,0.702661,0.823155,3760.086426
16,0.696937,0.811690,4009.680176
17,0.694742,0.806392,4259.209473
18,0.689071,0.808621,4508.800293
19,0.662243,0.800701,4758.293457
20,0.646151,0.795227,5091.165039
21,0.640891,0.797690,5340.655762
22,0.634600,0.799001,5573.694336
23,0.623544,0.795541,5823.170898
24,0.596203,0.787929,6072.767090
25,0.535029,0.767090,6305.643066
26,0.483159,0.746795,6571.886719
27,0.455642,0.745477,6804.774414
28,0.431006,0.750978,7037.750488
29,0.397628,0.745344,7287.305176
30,0.360794,0.726127,7536.870117
31,0.362150,0.730733,7769.765625
32,0.385069,0.738964,8019.380371
33,0.407676,0.746912,8268.853516
34,0.441784,0.759990,8501.852539
35,0.462000,0.763707,8751.364258
36,0.482551,0.767748,9000.982422
37,0.507648,0.770637,9250.476562
38,0.526252,0.770574,9533.411133
39,0.533830,0.768364,9782.958008
40,0.534450,0.764234,10032.485352
41,0.532390,0.762601,10265.383789
42,0.526424,0.760581,10514.948242
43,0.517336,0.757715,10764.474609
44,0.510292,0.750462,11014.060547
45,0.487681,0.730977,11263.739258
46,0.472799,0.715668,11513.203125
47,0.471050,0.716002,11796.041992
48,0.471876,0.719898,12012.288086
49,0.472672,0.721090,12278.570312
50,0.473329,0.717589,12511.421875
51,0.474147,0.670314,12761.025391
52,0.481522,0.583278,13027.326172
53,0.493711,0.523270,13260.143555
54,0.499868,0.507173,13509.656250
55,0.503658,0.508341,13759.336914
56,0.527259,0.506816,14008.945312
57,0.589083,0.491666,14258.436523
58,0.650180,0.472711,14508.018555
59,0.694363,0.483303,14774.110352
60,0.726527,0.510761,15007.110352
61,0.771878,0.541288,15273.236328
62,0.848189,0.545188,15522.891602
63,0.919673,0.533071,15755.763672
64,0.997892,0.517953,16005.345703
65,0.043673,0.512752,16254.881836
66,0.058636,0.529909,16504.480469
67,0.078568,0.601426,16754.140625
68,0.093702,0.671332,17003.595703
69,0.094386,0.691370,17253.230469
70,0.092446,0.703173,17502.728516
71,0.081169,0.688202,17752.312500
72,0.030763,0.648665,18001.869141
73,0.959588,0.625507,18251.460938
74,0.930082,0.636260,18500.970703
75,0.923106,0.633229,18833.718750
76,0.920218,0.624555,19066.679688
77,0.924149,0.569733,19299.552734
78,0.924082,0.504451,19565.816406
79,0.930694,0.451258,19815.292969
80,0.915909,0.382335,20048.259766
81,0.885563,0.310488,20297.826172
82,0.840783,0.260151,20530.777344
83,0.787220,0.241426,20780.269531
84,0.742667,0.238680,21029.935547
85,0.689035,0.252736,21262.779297
86,0.647000,0.279502,21512.367188
87,0.618407,0.300339,21795.271484
88,0.585884,0.325684,22011.494141
89,0.565230,0.347052,22261.144531
90,0.555950,0.356968,22527.279297
91,0.527646,0.390266,22776.853516
92,0.495084,0.448810,23026.339844
93,0.472219,0.519084,23259.257812
94,0.473953,0.571952,23508.898438
95,0.482448,0.629242,23791.755859
96,0.484514,0.663049,24041.253906
97,0.529653,0.683346,24290.832031
98,0.586016,0.691218,24507.068359
99,0.605757,0.690322,24756.751953
0,0.750516,0.506190,-0.012181
1,0.750908,0.507475,266.177704
2,0.750401,0.506327,515.698608
3,0.747438,0.519300,765.280457
4,0.743633,0.544378,1014.865295
5,0.733661,0.579701,1264.408813
6,0.720803,0.628199,1513.966064
7,0.717416,0.662553,1763.596924
8,0.712764,0.692080,2013.125977
9,0.694522,0.719892,2262.654297
10,0.682821,0.733801,2512.314453
11,0.682743,0.731381,2761.806885
12,0.674466,0.710225,3011.323975
13,0.643058,0.669813,3260.968506
14,0.619126,0.644736,3510.534424
15,0.599224,0.638529,3760.139404
16,0.589730,0.635972,4009.584717
17,0.578703,0.632294,4259.258301
18,0.563142,0.627912,4508.749512
19,0.552508,0.625422,4758.325195
20,0.547481,0.652796,5007.902832
21,0.539752,0.676050,5257.503418
22,0.529950,0.671524,5507.051758
23,0.516562,0.660235,5756.535156
24,0.508315,0.664727,6006.141113
25,0.498985,0.668923,6255.659668
26,0.489983,0.670237,6505.274902
27,0.480786,0.671314,6754.857910
28,0.471596,0.673218,7004.402832
29,0.463248,0.674208,7253.949707
30,0.454270,0.680811,7503.492188
31,0.442523,0.693119,7753.160156
32,0.428494,0.698586,8002.647461
33,0.421546,0.696176,8252.251953
34,0.415924,0.693747,8501.790039
35,0.410781,0.683257,8751.407227
36,0.405876,0.668456,9000.892578
37,0.395834,0.661414,9250.435547
38,0.387064,0.661299,9500.055664
39,0.377506,0.663027,9766.229492
40,0.366759,0.663684,10015.758789
41,0.349413,0.659857,10265.327148
42,0.332831,0.645865,10514.906250
43,0.324252,0.632629,10764.475586
44,0.316211,0.619662,11014.032227
45,0.303986,0.625418,11263.605469
46,0.296897,0.632320,11513.166016
47,0.296927,0.634790,11779.367188
48,0.305270,0.632321,12012.291992
49,0.312791,0.632262,12261.835938
50,0.318762,0.635488,12511.409180
51,0.316457,0.633713,12760.960938
52,0.309195,0.632896,13010.540039
53,0.298737,0.638342,13260.121094
54,0.286078,0.649101,13509.698242
55,0.270599,0.659137,13759.226562
56,0.250968,0.663997,14008.800781
57,0.234367,0.662219,14258.355469
58,0.218891,0.659741,14507.911133
59,0.202065,0.653460,14757.475586
60,0.188190,0.647481,15007.047852
61,0.175030,0.642348,15256.611328
62,0.162180,0.637308,15506.175781
63,0.149002,0.633692,15755.757812
64,0.145631,0.631636,16005.303711
65,0.149170,0.637596,16254.874023
66,0.153289,0.648407,16504.425781
67,0.151482,0.657146,16753.990234
68,0.147693,0.685185,17003.541016
69,0.135544,0.695161,17253.107422
70,0.122052,0.706767,17502.689453
71,0.107665,0.722784,17752.240234
72,0.090239,0.734494,18001.830078
73,0.072355,0.737144,18251.388672
74,0.056310,0.729971,18500.927734
75,0.040506,0.724701,18750.490234
76,0.023539,0.701958,19000.068359
77,0.011912,0.673649,19266.261719
78,0.003927,0.650753,19515.847656
79,0.999316,0.628505,19765.433594
80,0.998880,0.611035,20014.962891
81,0.999543,0.594114,20264.529297
82,0.996923,0.587178,20514.126953
83,0.988651,0.585641,20763.658203
84,0.978689,0.589606,21013.222656
85,0.968393,0.590242,21262.794922
86,0.958750,0.584532,21512.341797
87,0.949676,0.571387,21761.900391
88,0.940890,0.565071,22011.462891
89,0.931065,0.564038,22261.062500
90,0.917528,0.562567,22510.617188
91,0.907510,0.561088,22760.189453
92,0.901310,0.562360,23009.722656
93,0.897663,0.565991,23259.300781
94,0.897012,0.568169,23508.847656
95,0.898366,0.583586,23758.416016
96,0.897727,0.636398,24007.974609
97,0.899341,0.685391,24257.548828
98,0.901098,0.715999,24507.097656
99,0.896785,0.730231,24756.671875
0,0.750008,0.557869,0.021873
1,0.749431,0.560465,266.197968
2,0.748882,0.566189,515.820007
3,0.746053,0.596991,765.329773
4,0.731724,0.649616,1014.931580
5,0.734258,0.716773,1264.507568
6,0.729318,0.771345,1514.058716
7,0.711063,0.806485,1763.671753
8,0.732162,0.858046,2013.178223
9,0.750381,0.891201,2262.742920
10,0.779893,0.910581,2512.275391
11,0.788801,0.913986,2761.892578
12,0.827768,0.913206,3011.395752
13,0.898740,0.907762,3260.959717
14,0.924916,0.920564,3510.566895
15,0.957384,0.922417,3760.160156
16,0.993010,0.917671,4009.693848
17,0.006756,0.911425,4259.265625
18,0.979234,0.909743,4508.892090
19,0.908436,0.891042,4758.360352
20,0.859957,0.885760,5007.908691
21,0.814792,0.887725,5257.463379
22,0.778659,0.889974,5507.093262
23,0.729312,0.891198,5756.626953
24,0.670605,0.892252,6006.158203
25,0.599180,0.892982,6255.785645
26,0.520519,0.887173,6505.348145
27,0.442891,0.858792,6754.864746
28,0.393933,0.848131,7004.457031
29,0.374085,0.848531,7254.033203
30,0.392176,0.800378,7503.572266
31,0.406657,0.722498,7753.145020
32,0.413396,0.658269,8002.669922
33,0.422875,0.631762,8252.254883
34,0.457144,0.624959,8501.838867
35,0.491387,0.612132,8751.462891
36,0.508252,0.593340,9001.041992
37,0.505549,0.547595,9250.541016
38,0.488171,0.505284,9500.081055
39,0.513054,0.477974,9766.265625
40,0.539284,0.449850,10015.879883
41,0.552517,0.437614,10265.436523
42,0.562574,0.432055,10514.986328
43,0.565475,0.419602,10764.627930
44,0.568548,0.410199,11014.092773
45,0.570329,0.413645,11263.680664
46,0.576236,0.411449,11513.224609
47,0.586222,0.413508,11762.863281
48,0.594253,0.416576,12012.358398
49,0.600572,0.414183,12261.885742
50,0.608226,0.419608,12511.535156
51,0.610963,0.414418,12761.057617
52,0.612747,0.409212,13010.649414
53,0.610102,0.406176,13260.144531
54,0.592847,0.402274,13509.737305
55,0.552588,0.383276,13759.308594
56,0.499492,0.370428,14008.851562
57,0.436883,0.359799,14258.458008
58,0.390703,0.362059,14508.001953
59,0.362827,0.381361,14757.598633
60,0.356933,0.418680,15007.115234
61,0.370239,0.430349,15256.772461
62,0.418387,0.422755,15506.311523
63,0.497962,0.408604,15755.784180
64,0.567205,0.392848,16005.385742
65,0.623345,0.377608,16254.913086
66,0.679711,0.353265,16504.519531
67,0.738980,0.333106,16754.052734
68,0.791983,0.328310,17003.693359
69,0.841781,0.330002,17253.255859
70,0.878720,0.349776,17502.812500
71,0.909509,0.365728,17752.332031
72,0.947990,0.398969,18001.974609
73,0.990217,0.439203,18251.484375
74,0.016555,0.475582,18501.005859
75,0.043446,0.509788,18750.662109
76,0.082602,0.535768,19000.121094
77,0.124230,0.568738,19266.312500
78,0.144049,0.628165,19515.927734
79,0.157429,0.643138,19765.503906
80,0.157633,0.619680,20015.107422
81,0.150501,0.542798,20264.623047
82,0.144078,0.498279,20514.144531
83,0.136118,0.493240,20763.730469
84,0.130581,0.494373,21013.263672
85,0.133657,0.492780,21262.914062
86,0.158430,0.483079,21512.451172
87,0.188786,0.466427,21762.091797
88,0.216771,0.471028,22011.556641
89,0.246831,0.482819,22261.091797
90,0.269347,0.476390,22510.767578
91,0.285686,0.449826,22760.214844
92,0.279165,0.402590,23009.906250
93,0.261233,0.388070,23259.353516
94,0.244989,0.381017,23509.015625
95,0.227861,0.345042,23758.480469
96,0.217425,0.333590,24008.060547
97,0.214832,0.315449,24257.714844
98,0.208566,0.314453,24507.216797
99,0.199375,0.321534,24756.828125
0,0.749964,0.527251,0.012633
1,0.749610,0.529998,266.231842
2,0.749294,0.537268,515.845703
3,0.748201,0.553845,765.406738
4,0.743453,0.621736,1014.931763
5,0.739333,0.691964,1264.525024
6,0.739694,0.747965,1514.032715
7,0.739536,0.794011,1763.662109
8,0.739285,0.808314,2013.161011
9,0.737745,0.830669,2262.793457
10,0.723423,0.871309,2512.356689
11,0.743288,0.903835,2761.863525
12,0.825771,0.909350,3011.531738
13,0.833451,0.909022,3261.053467
14,0.824836,0.902893,3510.591064
15,0.824654,0.899852,3760.113770
16,0.787299,0.911509,4009.686279
17,0.736310,0.916222,4259.241211
18,0.693367,0.907437,4508.861328
19,0.677680,0.889470,4758.479492
20,0.659031,0.870662,5008.010742
21,0.624164,0.848019,5257.608398
22,0.590665,0.823604,5507.102539
23,0.564023,0.807016,5756.740234
24,0.508904,0.774774,6006.185547
25,0.477882,0.763301,6255.787598
26,0.459351,0.770561,6505.368164
27,0.430587,0.764699,6754.897949
28,0.396431,0.757578,7004.474609
29,0.379815,0.762274,7254.017578
30,0.370521,0.772106,7503.671387
31,0.361854,0.793549,7753.225586
32,0.365829,0.831683,8002.716797
33,0.328752,0.823966,8252.305664
34,0.321162,0.815933,8501.855469
35,0.367711,0.825292,8751.405273
36,0.450058,0.823753,9000.960938
37,0.507357,0.816700,9250.568359
38,0.545212,0.814882,9500.135742
39,0.561775,0.810749,9766.340820
40,0.584899,0.808515,10015.845703
41,0.609093,0.806445,10265.414062
42,0.640876,0.801847,10515.072266
43,0.667521,0.795696,10764.597656
44,0.684752,0.797862,11014.125977
45,0.695386,0.800582,11263.686523
46,0.703497,0.803680,11513.257812
47,0.710829,0.806540,11762.836914
48,0.717757,0.806527,12012.484375
49,0.726258,0.804658,12261.984375
50,0.737608,0.798885,12511.585938
51,0.749502,0.782133,12761.063477
52,0.759522,0.743649,13010.653320
53,0.766148,0.690548,13260.259766
54,0.784499,0.637232,13509.753906
55,0.827071,0.598189,13759.418945
56,0.867916,0.579276,14008.900391
57,0.897765,0.573759,14258.468750
58,0.917357,0.570250,14508.020508
59,0.942136,0.561281,14757.581055
60,0.959391,0.537763,15007.131836
61,0.964354,0.504304,15256.698242
62,0.972454,0.468566,15506.280273
63,0.998123,0.479110,15755.823242
64,0.031282,0.529252,16005.406250
65,0.064218,0.543360,16254.956055
66,0.094899,0.563247,16504.533203
67,0.120686,0.579200,16754.117188
68,0.141335,0.587612,17003.673828
69,0.160579,0.605332,17253.226562
70,0.180553,0.613157,17502.769531
71,0.201284,0.615406,17752.345703
72,0.194103,0.665386,18001.898438
73,0.177298,0.719508,18251.511719
74,0.174775,0.728281,18501.044922
75,0.169992,0.738548,18750.593750
76,0.169012,0.743596,19000.166016
77,0.171147,0.745243,19266.369141
78,0.170076,0.744401,19515.923828
79,0.171702,0.742219,19765.494141
80,0.185044,0.722360,20015.054688
81,0.211274,0.683962,20264.619141
82,0.228807,0.646589,20514.197266
83,0.226940,0.641365,20763.767578
84,0.224512,0.643715,21013.306641
85,0.222589,0.624868,21262.869141
86,0.221077,0.614340,21512.472656
87,0.217659,0.651127,21762.021484
88,0.211440,0.740966,22011.560547
89,0.211759,0.779319,22261.134766
90,0.176466,0.783963,22510.699219
91,0.053718,0.716644,22760.267578
92,0.973353,0.621187,23009.820312
93,0.908703,0.581379,23259.386719
94,0.783533,0.553817,23508.958984
95,0.615401,0.526556,23758.515625
96,0.516697,0.535377,24008.076172
97,0.460642,0.558139,24257.650391
98,0.418596,0.591129,24507.214844
99,0.415687,0.603166,24756.769531
0,0.750144,0.526254,0.003040
1,0.750153,0.527060,282.834900
2,0.749999,0.528588,515.768066
3,0.749613,0.536518,765.323242
4,0.733043,0.602984,1014.869385
5,0.704641,0.660858,1264.452393
6,0.696291,0.720168,1514.046387
7,0.704161,0.775572,1763.580688
8,0.700224,0.836745,2013.224243
9,0.700145,0.878705,2262.680664
10,0.729911,0.895499,2512.245850
11,0.739104,0.903470,2761.841309
12,0.729356,0.910721,3011.378174
13,0.770611,0.913195,3261.015137
14,0.818042,0.935429,3510.580811
15,0.940508,0.990974,3760.108887
16,0.241111,0.964856,4009.691406
17,0.192123,0.981283,4259.251465
18,0.752181,0.944084,4508.791016
19,0.740240,0.891265,4758.338379
20,0.771070,0.865370,5007.918457
21,0.808783,0.842144,5257.500000
22,0.835071,0.813844,5507.044434
23,0.854495,0.799006,5756.585449
24,0.883946,0.729108,6006.227539
25,0.915264,0.606139,6255.700195
26,0.947239,0.540738,6505.262207
27,0.927207,0.615897,6754.829102
28,0.861226,0.772868,7004.449707
29,0.811121,0.848835,7254.035156
30,0.727849,0.884432,7503.522949
31,0.647880,0.884067,7753.151367
32,0.584096,0.868575,8002.647949
33,0.537135,0.862053,8252.262695
34,0.493312,0.857275,8501.851562
35,0.435627,0.846799,8751.401367
36,0.414453,0.839721,9000.997070
37,0.403390,0.838711,9250.465820
38,0.380479,0.838253,9500.099609
39,0.362904,0.840182,9766.279297
40,0.343550,0.841322,10015.794922
41,0.324956,0.839842,10265.385742
42,0.309698,0.838933,10514.942383
43,0.297057,0.838777,10764.537109
44,0.286810,0.838994,11014.080078
45,0.283937,0.839417,11263.636719
46,0.285586,0.841324,11513.183594
47,0.288586,0.840131,11762.751953
48,0.288588,0.839718,12012.353516
49,0.289797,0.839868,12261.874023
50,0.296863,0.837758,12511.432617
51,0.318217,0.837326,12761.037109
52,0.341301,0.842392,13010.601562
53,0.390348,0.842709,13260.163086
54,0.434280,0.840821,13509.693359
55,0.465253,0.840395,13759.271484
56,0.495833,0.839475,14008.824219
57,0.521475,0.834504,14258.402344
58,0.543458,0.833087,14507.957031
59,0.565370,0.833176,14757.589844
60,0.584177,0.833971,15007.076172
61,0.601860,0.833207,15256.671875
62,0.617510,0.833591,15506.214844
63,0.640242,0.842311,15755.768555
64,0.674789,0.844560,16005.338867
65,0.711329,0.837785,16254.902344
66,0.744410,0.810260,16504.480469
67,0.763885,0.730939,16754.013672
68,0.770131,0.646246,17003.601562
69,0.764600,0.603666,17253.181641
70,0.733278,0.593689,17502.722656
71,0.667191,0.576021,17752.308594
72,0.601077,0.576645,18001.882812
73,0.550652,0.574847,18251.421875
74,0.505009,0.575409,18500.968750
75,0.467112,0.583471,18750.550781
76,0.435260,0.611712,19000.119141
77,0.397092,0.620105,19266.310547
78,0.351672,0.615459,19515.892578
79,0.308037,0.612104,19765.431641
80,0.266756,0.608775,20015.025391
81,0.224717,0.604368,20264.585938
82,0.184102,0.600544,20514.130859
83,0.144744,0.598526,20763.714844
84,0.107823,0.586172,21013.251953
85,0.068488,0.580937,21262.837891
86,0.031099,0.578491,21512.380859
87,0.996803,0.570763,21761.957031
88,0.964072,0.532681,22011.509766
89,0.949292,0.440931,22261.113281
90,0.964803,0.352817,22510.673828
91,0.961149,0.307104,22760.201172
92,0.867375,0.327042,23009.785156
93,0.811081,0.362187,23259.322266
94,0.859101,0.349443,23508.900391
95,0.956826,0.348375,23758.474609
96,0.011145,0.374313,24008.011719
97,0.086969,0.372910,24257.572266
98,0.214931,0.371463,24507.169922
99,0.285498,0.370731,24756.726562
0,0.750243,0.485785,-0.055192
1,0.750697,0.488441,266.061768
2,0.743558,0.525515,515.720459
3,0.711422,0.632046,765.322998
4,0.675690,0.729930,1014.830444
5,0.679407,0.782653,1264.406616
6,0.717205,0.808557,1513.943115
7,0.765079,0.822348,1763.522827
8,0.802322,0.820707,2013.014648
9,0.836130,0.814329,2262.706787
10,0.841042,0.807019,2512.159424
11,0.852422,0.784079,2761.850830
12,0.816447,0.782784,3011.333984
13,0.761898,0.792294,3260.950928
14,0.715746,0.883768,3510.487793
15,0.679294,0.959316,3759.988037
16,0.675307,0.975928,4009.604736
17,0.709636,0.963588,4259.135742
18,0.775383,0.884366,4508.817383
19,0.857401,0.738439,4758.229980
20,0.912724,0.622572,5007.953613
21,0.933970,0.570907,5257.363281
22,0.927989,0.536975,5506.970215
23,0.899820,0.479210,5756.515137
24,0.845950,0.400581,6006.083008
25,0.791171,0.350475,6255.583984
26,0.733245,0.336905,6505.175781
27,0.650498,0.369499,6754.866699
28,0.604052,0.443261,7004.382324
29,0.566851,0.541957,7253.978027
30,0.533978,0.575794,7503.444824
31,0.496612,0.591617,7753.113281
32,0.472822,0.606034,8002.627930
33,0.421747,0.627070,8252.165039
34,0.397333,0.679449,8501.646484
35,0.367885,0.725262,8751.323242
36,0.341497,0.733713,9000.761719
37,0.346789,0.740551,9250.411133
38,0.356555,0.737159,9500.038086
39,0.329637,0.744005,9766.182617
40,0.293679,0.756288,10015.820312
41,0.259138,0.760705,10265.238281
42,0.236106,0.762343,10514.933594
43,0.227840,0.763503,10764.437500
44,0.234846,0.764425,11013.967773
45,0.251676,0.765347,11263.531250
46,0.282290,0.759217,11513.182617
47,0.335457,0.740734,11762.669922
48,0.380972,0.701030,12012.211914
49,0.400201,0.668101,12261.825195
50,0.460627,0.710026,12511.379883
51,0.515491,0.733618,12760.941406
52,0.591556,0.750891,13010.444336
53,0.649398,0.747783,13260.156250
54,0.689664,0.746831,13509.615234
55,0.730188,0.738731,13759.169922
56,0.771081,0.738365,14008.806641
57,0.817085,0.764796,14258.330078
58,0.860462,0.758976,14507.808594
59,0.869077,0.740603,14757.413086
60,0.895222,0.699791,15006.910156
61,0.928106,0.644356,15256.577148
62,0.933154,0.615545,15506.138672
63,0.934667,0.580522,15755.697266
64,0.926217,0.551318,16005.294922
65,0.902696,0.542201,16254.818359
66,0.825890,0.553881,16504.375000
67,0.730294,0.562340,16753.886719
68,0.709985,0.561341,17003.544922
69,0.699643,0.560345,17252.986328
70,0.696794,0.572202,17502.660156
71,0.701553,0.582477,17752.144531
72,0.712467,0.603375,18001.740234
73,0.726786,0.622726,18251.337891
74,0.716627,0.614235,18500.951172
75,0.698189,0.611722,18750.515625
76,0.690664,0.608447,19016.650391
77,0.616362,0.595237,19266.207031
78,0.555989,0.580907,19515.705078
79,0.533487,0.573936,19765.380859
80,0.536902,0.572998,20014.910156
81,0.563422,0.575103,20264.453125
82,0.576552,0.577789,20513.966797
83,0.578357,0.578022,20763.601562
84,0.572320,0.578066,21013.173828
85,0.547444,0.570428,21262.689453
86,0.527417,0.567638,21512.285156
87,0.498975,0.569048,21761.898438
88,0.477578,0.557664,22011.398438
89,0.484772,0.583672,22260.931641
90,0.489311,0.634861,22510.574219
91,0.490709,0.650461,22760.054688
92,0.499393,0.656370,23009.644531
93,0.507988,0.658019,23259.132812
94,0.499689,0.665703,23508.761719
95,0.447457,0.685754,23791.724609
96,0.429045,0.678786,24007.919922
97,0.413314,0.671277,24257.517578
98,0.401429,0.647040,24507.044922
99,0.388941,0.634112,24756.607422
0,0.749592,0.535695,0.001835
1,0.748530,0.536478,266.168549
2,0.740850,0.560629,515.784424
3,0.734564,0.650302,765.298889
4,0.730375,0.696033,1014.894836
5,0.722258,0.705044,1264.449463
6,0.696029,0.735632,1514.017822
7,0.682039,0.768847,1763.629028
8,0.685974,0.790397,2013.134155
9,0.738051,0.798859,2262.705566
10,0.759869,0.819234,2512.317871
11,0.786751,0.824157,2761.873047
12,0.811584,0.823422,3011.467773
13,0.840333,0.827185,3260.949463
14,0.865237,0.829984,3510.506592
15,0.880231,0.832774,3760.132568
16,0.887968,0.835029,4009.613037
17,0.893437,0.820255,4259.247559
18,0.881541,0.766161,4508.759277
19,0.879422,0.697490,4758.362793
20,0.879645,0.614923,5007.879395
21,0.872870,0.551149,5257.504395
22,0.847065,0.506170,5507.031738
23,0.784589,0.472003,5756.596191
24,0.746687,0.469425,6006.140625
25,0.733401,0.469426,6255.740234
26,0.727081,0.486796,6505.320312
27,0.723576,0.500279,6754.831543
28,0.717136,0.505352,7004.468750
29,0.713145,0.470526,7254.000488
30,0.729298,0.383787,7503.632812
31,0.741755,0.304616,7753.134277
32,0.712392,0.278534,8002.716309
33,0.669329,0.301986,8252.241211
34,0.633156,0.334603,8501.778320
35,0.597752,0.369414,8751.445312
36,0.570234,0.429600,9000.955078
37,0.548783,0.481889,9250.510742
38,0.538475,0.519492,9500.033203
39,0.517846,0.551392,9766.256836
40,0.505355,0.587351,10015.833008
41,0.505261,0.649887,10265.382812
42,0.508455,0.677974,10514.921875
43,0.501696,0.690625,10764.579102
44,0.494172,0.700737,11014.079102
45,0.473235,0.707119,11263.645508
46,0.448771,0.713392,11513.170898
47,0.444678,0.717714,11762.860352
48,0.450911,0.719638,12012.360352
49,0.464259,0.717176,12261.902344
50,0.488370,0.701588,12511.441406
51,0.506956,0.679033,12761.066406
52,0.540598,0.672085,13010.603516
53,0.577929,0.675008,13260.158203
54,0.604173,0.681354,13509.723633
55,0.630877,0.681139,13759.296875
56,0.668958,0.663559,14008.878906
57,0.711955,0.635688,14258.386719
58,0.735376,0.620354,14507.967773
59,0.750878,0.608392,14757.558594
60,0.797570,0.590951,15007.077148
61,0.896355,0.549703,15256.666016
62,0.983892,0.503816,15506.197266
63,0.035847,0.501201,15755.769531
64,0.085838,0.546419,16005.338867
65,0.124263,0.608904,16254.922852
66,0.141121,0.643598,16504.488281
67,0.153361,0.655992,16754.029297
68,0.171933,0.669606,17003.589844
69,0.183971,0.682368,17253.146484
70,0.172539,0.713936,17502.714844
71,0.141370,0.726811,17752.306641
72,0.130929,0.752147,18001.861328
73,0.140792,0.753506,18251.441406
74,0.170234,0.735506,18500.994141
75,0.169119,0.732008,18750.554688
76,0.195085,0.676021,19000.107422
77,0.210696,0.621907,19266.306641
78,0.225479,0.631582,19515.892578
79,0.238751,0.652687,19765.435547
80,0.244461,0.665318,20014.988281
81,0.251382,0.667725,20264.580078
82,0.244160,0.631371,20514.113281
83,0.222700,0.590941,20763.681641
84,0.180181,0.545728,21013.242188
85,0.136492,0.513854,21262.839844
86,0.073114,0.485923,21512.365234
87,0.004071,0.462262,21761.958984
88,0.966940,0.464120,22011.525391
89,0.945182,0.471053,22261.070312
90,0.928231,0.480122,22510.628906
91,0.906810,0.497592,22760.205078
92,0.893480,0.519628,23009.771484
93,0.880528,0.529655,23259.345703
94,0.866830,0.521067,23508.886719
95,0.854308,0.517885,23758.462891
96,0.845401,0.518741,24008.021484
97,0.835657,0.520803,24257.582031
98,0.820755,0.527364,24507.195312
99,0.810221,0.536781,24756.699219
0,0.750489,0.509627,-0.047224
1,0.751366,0.510513,266.156433
2,0.751340,0.514406,515.765015
3,0.745426,0.538274,765.291748
4,0.739238,0.561219,1014.858704
5,0.734844,0.563999,1264.442627
6,0.732504,0.570338,1513.986938
7,0.731699,0.615358,1763.605835
8,0.734075,0.668150,2013.102051
9,0.736597,0.724975,2262.681641
10,0.722429,0.774869,2512.223633
11,0.705568,0.768712,2761.816895
12,0.704214,0.782005,3011.339844
13,0.711176,0.811626,3260.939697
14,0.722504,0.842964,3510.593750
15,0.728179,0.854418,3760.051758
16,0.759347,0.837787,4009.657227
17,0.764783,0.833917,4259.180664
18,0.748565,0.839189,4508.741699
19,0.729862,0.840749,4758.383301
20,0.728608,0.852772,5007.907715
21,0.727542,0.883009,5257.450684
22,0.719669,0.886786,5506.990234
23,0.725826,0.884383,5756.647949
24,0.750986,0.853325,6006.153809
25,0.778422,0.793875,6255.721680
26,0.801987,0.740038,6505.310547
27,0.835122,0.673890,6754.908203
28,0.873046,0.599157,7004.441406
29,0.908464,0.531404,7253.958496
30,0.946601,0.506633,7503.500488
31,0.973152,0.497663,7753.097168
32,0.984344,0.479074,8002.649414
33,0.987220,0.466598,8252.231445
34,0.987954,0.470468,8501.780273
35,0.992403,0.475933,8751.370117
36,0.015586,0.473952,9000.913086
37,0.053471,0.484091,9250.451172
38,0.090385,0.481438,9500.058594
39,0.126741,0.492756,9766.242188
40,0.152898,0.570884,10015.791992
41,0.163874,0.652894,10265.355469
42,0.165587,0.718141,10514.904297
43,0.160355,0.765510,10764.471680
44,0.153934,0.789781,11014.063477
45,0.156966,0.785385,11263.590820
46,0.165811,0.784406,11513.178711
47,0.167669,0.793852,11762.751953
48,0.170420,0.799414,12012.316406
49,0.174818,0.800201,12261.863281
50,0.196215,0.793078,12511.457031
51,0.233205,0.781611,12761.012695
52,0.257877,0.770512,13010.548828
53,0.259408,0.780490,13260.128906
54,0.255176,0.799864,13509.717773
55,0.270964,0.808685,13759.245117
56,0.289292,0.796630,14008.799805
57,0.298895,0.770643,14258.373047
58,0.306804,0.719871,14507.939453
59,0.329929,0.657605,14757.503906
60,0.364760,0.596246,15007.071289
61,0.405528,0.575186,15256.651367
62,0.431831,0.581483,15506.200195
63,0.445487,0.590159,15755.739258
64,0.457293,0.589261,16005.322266
65,0.452652,0.569484,16254.890625
66,0.445269,0.533306,16504.480469
67,0.431769,0.499624,16754.015625
68,0.407634,0.441068,17003.587891
69,0.372960,0.383923,17253.156250
70,0.332657,0.356257,17502.689453
71,0.299628,0.372510,17752.283203
72,0.270905,0.463541,18001.835938
73,0.249027,0.570922,18251.396484
74,0.231283,0.666744,18500.951172
75,0.204573,0.710045,18750.550781
76,0.181444,0.708505,19000.074219
77,0.155455,0.711050,19266.291016
78,0.130378,0.710481,19515.867188
79,0.105943,0.717626,19765.425781
80,0.078244,0.722040,20014.984375
81,0.041173,0.745158,20264.533203
82,0.011310,0.772354,20514.095703
83,0.982808,0.788582,20763.677734
84,0.955829,0.788795,21013.246094
85,0.937531,0.766881,21262.806641
86,0.928023,0.705329,21512.406250
87,0.927206,0.630922,21761.945312
88,0.930117,0.573961,22011.513672
89,0.945990,0.551757,22261.039062
90,0.962839,0.544975,22510.646484
91,0.968285,0.542179,22760.173828
92,0.961681,0.531097,23009.728516
93,0.950407,0.523198,23259.322266
94,0.939620,0.512179,23508.890625
95,0.924908,0.496241,23758.472656
96,0.912702,0.474047,24008.005859
97,0.898408,0.450650,24257.562500
98,0.889739,0.422611,24507.136719
99,0.879323,0.394076,24756.677734
0,0.749942,0.403478,-0.007593
1,0.750144,0.407338,266.191376
2,0.750174,0.427646,515.782043
3,0.748201,0.492303,765.385376
4,0.749119,0.543472,1014.948486
5,0.744757,0.594612,1264.578735
6,0.740589,0.650634,1514.096680
7,0.735286,0.710851,1763.614990
8,0.726973,0.759114,2013.135010
9,0.722223,0.784002,2262.697998
10,0.711896,0.797605,2512.344482
11,0.698414,0.805495,2761.900635
12,0.695890,0.806472,3011.451416
13,0.699585,0.806832,3260.999512
14,0.709410,0.806648,3510.639404
15,0.730280,0.805520,3760.131592
16,0.741771,0.805411,4009.691895
17,0.742885,0.809351,4259.292480
18,0.731809,0.833471,4508.868164
19,0.722515,0.851260,4758.348633
20,0.721467,0.851706,5007.909668
21,0.721650,0.847935,5257.535645
22,0.721069,0.838924,5507.090332
23,0.721536,0.815970,5756.647949
24,0.722408,0.772552,6006.199219
25,0.719110,0.727603,6255.822754
26,0.714823,0.692712,6505.345215
27,0.710048,0.659141,6754.885254
28,0.704609,0.620980,7004.453613
29,0.701582,0.570663,7254.006348
30,0.692819,0.512512,7503.544434
31,0.677176,0.459483,7753.143555
32,0.656324,0.426239,8002.736816
33,0.640088,0.419350,8252.327148
34,0.628445,0.423827,8501.850586
35,0.613627,0.451826,8751.435547
36,0.588670,0.506988,9000.961914
37,0.561340,0.549510,9250.501953
38,0.535617,0.572690,9500.162109
39,0.522791,0.591913,9766.332031
40,0.516029,0.616136,10015.945312
41,0.508369,0.636713,10265.450195
42,0.498460,0.648076,10514.973633
43,0.482458,0.654346,10764.592773
44,0.458923,0.662186,11014.155273
45,0.438092,0.675927,11263.643555
46,0.418751,0.692950,11513.216797
47,0.392265,0.708115,11762.823242
48,0.366127,0.721343,12012.333984
49,0.352351,0.727297,12261.894531
50,0.341955,0.739061,12511.505859
51,0.326835,0.744801,12761.090820
52,0.298852,0.749014,13010.648438
53,0.280074,0.743929,13260.192383
54,0.277068,0.745076,13509.730469
55,0.281365,0.746533,13759.323242
56,0.291926,0.744549,14008.838867
57,0.327248,0.721283,14258.483398
58,0.338947,0.673754,14508.053711
59,0.341755,0.644803,14757.656250
60,0.341328,0.635040,15007.139648
61,0.348420,0.620860,15256.740234
62,0.372210,0.587317,15506.254883
63,0.387695,0.542117,15755.807617
64,0.388690,0.492917,16005.471680
65,0.389575,0.435343,16254.948242
66,0.389920,0.407357,16504.517578
67,0.387705,0.394217,16754.087891
68,0.375890,0.404675,17003.714844
69,0.349004,0.420631,17253.169922
70,0.310314,0.451949,17502.740234
71,0.287998,0.477353,17752.335938
72,0.272123,0.518827,18001.859375
73,0.244327,0.540789,18251.464844
74,0.216420,0.557136,18501.023438
75,0.190087,0.567012,18750.613281
76,0.173451,0.572263,19000.128906
77,0.160186,0.575450,19266.365234
78,0.143100,0.582633,19515.882812
79,0.103592,0.592126,19765.533203
80,0.075517,0.598369,20015.056641
81,0.070684,0.600723,20264.685547
82,0.069085,0.603557,20514.205078
83,0.069996,0.601988,20763.751953
84,0.061965,0.605362,21013.312500
85,0.051860,0.613060,21262.826172
86,0.049834,0.612396,21512.457031
87,0.052039,0.613167,21762.037109
88,0.058355,0.613368,22011.570312
89,0.064728,0.613364,22261.097656
90,0.072912,0.611624,22510.746094
91,0.086052,0.609252,22760.226562
92,0.096945,0.613827,23009.808594
93,0.106088,0.618491,23259.359375
94,0.108502,0.625585,23508.996094
95,0.108097,0.625801,23758.585938
96,0.104224,0.628411,24008.039062
97,0.101967,0.628756,24257.644531
98,0.101858,0.628531,24507.205078
99,0.102219,0.630194,24756.722656
0,0.750074,0.531347,-0.000768
1,0.750094,0.531188,266.180023
2,0.750223,0.530566,515.819641
3,0.749954,0.532599,765.339417
4,0.742160,0.567056,1014.938293
5,0.694322,0.669505,1264.495850
6,0.644501,0.727364,1514.008179
7,0.653080,0.759617,1763.702148
8,0.667925,0.807307,2013.132935
9,0.731438,0.849524,2262.725830
10,0.799659,0.848964,2512.277100
11,0.806918,0.857968,2761.916992
12,0.791282,0.908969,3011.387451
13,0.773774,0.929725,3260.955811
14,0.791041,0.923798,3510.624268
15,0.792999,0.918910,3760.105225
16,0.809087,0.929946,4009.659424
17,0.912973,0.937566,4259.271484
18,0.014864,0.912415,4508.825684
19,0.055937,0.893114,4758.405273
20,0.097900,0.879332,5007.915527
21,0.120478,0.869065,5257.511230
22,0.137956,0.854221,5507.079590
23,0.160355,0.827985,5756.605957
24,0.177343,0.822347,6006.199707
25,0.206221,0.819077,6255.807617
26,0.228309,0.813846,6505.321777
27,0.245886,0.804548,6754.838379
28,0.285552,0.792351,7004.443848
29,0.298248,0.800734,7254.039551
30,0.306587,0.798316,7503.622070
31,0.311184,0.758139,7753.147949
32,0.321525,0.735010,8002.692383
33,0.309465,0.705951,8252.278320
34,0.284026,0.680846,8501.808594
35,0.260943,0.601482,8751.418945
36,0.252362,0.523599,9000.969727
37,0.240753,0.501029,9250.510742
38,0.176783,0.618865,9500.061523
39,0.088177,0.662586,9766.280273
40,0.027853,0.643784,10015.876953
41,0.000274,0.630914,10265.396484
42,0.979289,0.615359,10514.976562
43,0.981856,0.606222,10764.565430
44,0.989431,0.631794,11014.085938
45,0.979708,0.664703,11263.632812
46,0.975490,0.688173,11513.208008
47,0.002374,0.716112,11762.807617
48,0.059642,0.715367,12012.360352
49,0.117605,0.723056,12261.885742
50,0.167667,0.720674,12511.566406
51,0.205687,0.722157,12761.079102
52,0.252731,0.720087,13027.328125
53,0.333372,0.696928,13260.166016
54,0.387346,0.673248,13509.750977
55,0.420167,0.665404,13759.309570
56,0.429466,0.671657,14008.833008
57,0.410462,0.685985,14258.455078
58,0.389708,0.702455,14507.979492
59,0.380013,0.704689,14757.554688
60,0.388358,0.700137,15007.096680
61,0.425848,0.699013,15256.757812
62,0.454374,0.700614,15506.228516
63,0.475853,0.699800,15755.829102
64,0.492240,0.677217,16005.464844
65,0.513891,0.625714,16254.988281
66,0.538411,0.532845,16504.482422
67,0.528619,0.507387,16754.150391
68,0.541958,0.512309,17003.685547
69,0.550018,0.556483,17253.224609
70,0.548565,0.556764,17502.767578
71,0.474381,0.599607,17752.330078
72,0.438475,0.595295,18001.896484
73,0.408717,0.594097,18251.490234
74,0.378471,0.594498,18500.988281
75,0.349155,0.595575,18750.642578
76,0.320764,0.588745,19000.140625
77,0.296952,0.588347,19266.380859
78,0.278538,0.588766,19515.917969
79,0.261284,0.591541,19765.492188
80,0.241158,0.592988,20015.021484
81,0.204244,0.601413,20264.640625
82,0.176509,0.601004,20514.146484
83,0.140271,0.599371,20763.738281
84,0.110507,0.590078,21013.291016
85,0.084985,0.579745,21262.884766
86,0.064062,0.576944,21512.435547
87,0.046919,0.572434,21762.013672
88,0.041288,0.573803,22011.558594
89,0.024787,0.581948,22261.072266
90,0.998254,0.579690,22510.667969
91,0.986896,0.575750,22760.234375
92,0.971149,0.576034,23009.847656
93,0.960414,0.572723,23259.369141
94,0.947610,0.575253,23508.943359
95,0.936788,0.574500,23758.496094
96,0.917829,0.572918,24008.025391
97,0.893151,0.574623,24257.681641
98,0.867440,0.575618,24507.175781
99,0.854240,0.578781,24756.759766
0,0.750650,0.439446,0.027072
1,0.750901,0.442288,266.245972
2,0.744722,0.454093,515.877991
3,0.737226,0.490941,765.461365
4,0.738688,0.541121,1014.922119
5,0.739836,0.566024,1264.450684
6,0.736647,0.597747,1514.075928
7,0.741738,0.631626,1763.603271
8,0.745111,0.693938,2013.224121
9,0.727588,0.726813,2262.722900
10,0.721715,0.757805,2512.339600
11,0.733642,0.783110,2761.892822
12,0.762158,0.796385,3011.458740
13,0.770905,0.799713,3261.031250
14,0.764004,0.807832,3510.565918
15,0.768140,0.822563,3760.107910
16,0.759627,0.834767,4009.727051
17,0.730689,0.834574,4259.319336
18,0.706981,0.837916,4508.839355
19,0.681790,0.843540,4758.418945
20,0.655653,0.852211,5007.953125
21,0.595082,0.855423,5257.480469
22,0.513020,0.827541,5507.124023
23,0.473723,0.805532,5756.678223
24,0.450597,0.805575,6006.248535
25,0.418956,0.805645,6255.747070
26,0.403278,0.815937,6505.371094
27,0.395008,0.818538,6754.916992
28,0.391909,0.819459,7004.424316
29,0.393908,0.824374,7253.997070
30,0.392223,0.830002,7503.666016
31,0.364799,0.837533,7753.159668
32,0.337389,0.840906,8002.688965
33,0.335951,0.836998,8252.292969
34,0.360916,0.830255,8501.889648
35,0.400868,0.816755,8751.409180
36,0.448073,0.792388,9000.939453
37,0.508953,0.774067,9250.561523
38,0.551029,0.765591,9500.113281
39,0.616611,0.784758,9766.372070
40,0.653593,0.789345,10015.860352
41,0.691600,0.757089,10265.450195
42,0.691344,0.693006,10514.980469
43,0.680860,0.666117,10764.542969
44,0.632343,0.596890,11014.139648
45,0.584042,0.553547,11263.700195
46,0.550654,0.514648,11513.242188
47,0.536666,0.510000,11762.791992
48,0.533151,0.516136,12012.384766
49,0.520609,0.518329,12261.939453
50,0.513433,0.524517,12511.532227
51,0.508193,0.533184,12761.033203
52,0.503882,0.540988,13010.616211
53,0.508475,0.546573,13260.187500
54,0.520200,0.542691,13509.765625
55,0.518787,0.532439,13759.351562
56,0.514293,0.520193,14008.916016
57,0.514203,0.514642,14258.460938
58,0.515224,0.517068,14507.987305
59,0.516193,0.520004,14757.619141
60,0.516532,0.521068,15007.156250
61,0.515562,0.519022,15256.686523
62,0.515307,0.509284,15506.250977
63,0.519184,0.480825,15755.871094
64,0.530459,0.446887,16005.416992
65,0.553572,0.414526,16254.933594
66,0.575845,0.374170,16504.501953
67,0.596692,0.332102,16754.099609
68,0.600425,0.314543,17003.619141
69,0.599451,0.296254,17253.220703
70,0.601025,0.294073,17502.808594
71,0.609877,0.302773,17752.328125
72,0.625552,0.298210,18001.925781
73,0.638257,0.290297,18251.445312
74,0.645444,0.284062,18501.021484
75,0.646601,0.282219,18750.580078
76,0.638134,0.284852,19000.158203
77,0.612466,0.291309,19266.369141
78,0.578956,0.301612,19515.910156
79,0.547509,0.316134,19765.507812
80,0.512784,0.338064,20015.072266
81,0.466594,0.416028,20264.583984
82,0.443253,0.476279,20514.216797
83,0.426564,0.488238,20763.730469
84,0.420877,0.496018,21013.369141
85,0.446549,0.532381,21262.900391
86,0.454482,0.569138,21512.429688
87,0.451885,0.596297,21762.005859
88,0.448204,0.622586,22011.572266
89,0.462469,0.647880,22261.146484
90,0.484272,0.671497,22510.671875
91,0.486992,0.673288,22760.351562
92,0.487725,0.664227,23009.861328
93,0.483664,0.642757,23259.472656
94,0.467544,0.603661,23508.951172
95,0.433998,0.572889,23758.515625
96,0.393355,0.570700,24008.085938
97,0.372847,0.564652,24257.609375
98,0.352560,0.562236,24507.214844
99,0.327148,0.577262,24756.732422
0,0.750084,0.556005,0.005631
1,0.750265,0.556906,266.185516
2,0.751241,0.577949,515.652771
3,0.753769,0.619421,765.257202
4,0.753313,0.677921,1014.787781
5,0.752784,0.738485,1264.471680
6,0.752122,0.768948,1513.941284
7,0.751351,0.801668,1763.488281
8,0.752836,0.842182,2013.049316
9,0.745243,0.865524,2262.668213
10,0.756456,0.877102,2512.194336
11,0.775555,0.872750,2761.780029
12,0.794638,0.853648,3011.356689
13,0.816933,0.843443,3260.898682
14,0.844273,0.838377,3510.448242
15,0.876698,0.834780,3760.062500
16,0.925481,0.827461,4009.583252
17,0.991814,0.809183,4259.166992
18,0.049433,0.789035,4508.720215
19,0.082500,0.770706,4758.361328
20,0.100044,0.765152,5007.811035
21,0.123506,0.775755,5257.382324
22,0.152001,0.776085,5507.015625
23,0.181732,0.771429,5756.567871
24,0.215347,0.774587,6006.093262
25,0.251219,0.772131,6255.644531
26,0.275071,0.770933,6505.229004
27,0.296699,0.771761,6754.793945
28,0.328272,0.772237,7004.325195
29,0.346238,0.761570,7253.935059
30,0.342422,0.744341,7503.518555
31,0.320262,0.719152,7753.054688
32,0.282628,0.669001,8002.587402
33,0.243868,0.592206,8252.168945
34,0.210687,0.525142,8501.742188
35,0.183350,0.470137,8751.265625
36,0.152742,0.390115,9000.870117
37,0.121631,0.342630,9250.446289
38,0.083940,0.315778,9516.677734
39,0.047951,0.283389,9766.164062
40,0.005670,0.266227,10015.731445
41,0.958425,0.250236,10265.282227
42,0.920061,0.228407,10514.875977
43,0.879373,0.196769,10764.434570
44,0.829101,0.206647,11014.021484
45,0.784599,0.227743,11263.558594
46,0.745575,0.240400,11513.172852
47,0.703147,0.256479,11762.681641
48,0.668310,0.272707,12012.241211
49,0.641571,0.289401,12261.796875
50,0.599787,0.310706,12511.367188
51,0.569209,0.346275,12760.924805
52,0.548814,0.402062,13010.519531
53,0.527637,0.473264,13260.153320
54,0.490562,0.517144,13509.668945
55,0.462429,0.535418,13759.189453
56,0.449349,0.543297,14008.780273
57,0.446914,0.550141,14258.335938
58,0.446872,0.593409,14507.950195
59,0.446898,0.650903,14757.440430
60,0.457019,0.670545,15007.035156
61,0.474948,0.675750,15256.579102
62,0.499024,0.682995,15506.251953
63,0.538662,0.692348,15755.715820
64,0.566854,0.695727,16005.274414
65,0.588645,0.693271,16254.848633
66,0.612831,0.706599,16504.429688
67,0.629921,0.715014,16754.025391
68,0.651839,0.717336,17003.535156
69,0.673362,0.720406,17253.101562
70,0.698408,0.717528,17502.671875
71,0.740874,0.706560,17752.216797
72,0.767768,0.703538,18001.777344
73,0.781191,0.700048,18251.353516
74,0.802326,0.692043,18500.931641
75,0.827092,0.667948,18750.505859
76,0.875829,0.615993,19000.046875
77,0.914625,0.574940,19266.232422
78,0.932031,0.552033,19515.826172
79,0.924589,0.538030,19765.373047
80,0.885625,0.514913,20014.953125
81,0.845296,0.493501,20264.501953
82,0.796809,0.483551,20514.111328
83,0.757918,0.502861,20763.640625
84,0.735513,0.533538,21013.187500
85,0.721140,0.560855,21262.750000
86,0.716023,0.561702,21512.345703
87,0.706621,0.566850,21761.898438
88,0.704129,0.573740,22011.457031
89,0.689916,0.566214,22261.019531
90,0.642320,0.547902,22510.564453
91,0.610232,0.541454,22760.144531
92,0.589973,0.540911,23009.697266
93,0.573489,0.540708,23259.263672
94,0.566015,0.522656,23508.847656
95,0.575360,0.460971,23758.484375
96,0.591782,0.393647,24007.966797
97,0.617011,0.334543,24257.562500
98,0.642588,0.288442,24507.107422
99,0.661151,0.274338,24756.730469
0,0.750127,0.498372,0.029372
1,0.750344,0.499417,266.277527
2,0.749362,0.516082,515.762634
3,0.736366,0.567730,765.347778
4,0.725424,0.604540,1014.885132
5,0.719191,0.691101,1264.447876
6,0.714891,0.756879,1513.993774
7,0.711530,0.790665,1763.563599
8,0.699301,0.802548,2013.177368
9,0.694434,0.800078,2262.756104
10,0.710870,0.796756,2512.219482
11,0.771071,0.789625,2761.844727
12,0.807984,0.799097,3011.445801
13,0.811376,0.802852,3260.968018
14,0.811969,0.795585,3510.550537
15,0.863123,0.709816,3760.114990
16,0.912544,0.613729,4009.660889
17,0.942766,0.577515,4259.148926
18,0.957544,0.569613,4508.857910
19,0.956254,0.567302,4758.326660
20,0.931442,0.568836,5007.929199
21,0.885093,0.571602,5257.384277
22,0.845020,0.578439,5507.066406
23,0.762574,0.581722,5756.695312
24,0.695896,0.581842,6006.120117
25,0.591202,0.578167,6255.791016
26,0.540925,0.598115,6505.271973
27,0.522572,0.614147,6754.941895
28,0.521064,0.631014,7004.346191
29,0.513628,0.656741,7254.034180
30,0.472917,0.679787,7503.496094
31,0.414896,0.692284,7753.120605
32,0.388563,0.709534,8002.672363
33,0.369811,0.714623,8252.300781
34,0.340571,0.720838,8501.738281
35,0.310654,0.730638,8751.382812
36,0.288158,0.743344,9000.983398
37,0.271469,0.749727,9250.485352
38,0.257105,0.743594,9500.047852
39,0.224085,0.736493,9766.192383
40,0.198332,0.737723,10015.794922
41,0.182809,0.754049,10281.909180
42,0.178825,0.766489,10514.902344
43,0.182539,0.768801,10764.439453
44,0.189939,0.766043,11014.018555
45,0.196919,0.769528,11263.679688
46,0.200298,0.774211,11529.809570
47,0.205295,0.774803,11762.807617
48,0.216809,0.775045,12012.305664
49,0.273246,0.767333,12261.770508
50,0.328596,0.749910,12511.390625
51,0.341412,0.751853,12761.008789
52,0.345509,0.765170,13010.523438
53,0.352244,0.784686,13260.131836
54,0.355646,0.782489,13509.667969
55,0.361716,0.768536,13759.230469
56,0.381136,0.757170,14008.718750
57,0.409363,0.747635,14324.895508
58,0.433084,0.735626,14574.519531
59,0.464172,0.718349,14823.951172
60,0.526173,0.726109,15056.963867
61,0.547235,0.746003,15306.486328
62,0.549208,0.746247,15556.067383
63,0.548582,0.735935,15788.958984
64,0.516499,0.660742,16038.592773
65,0.476118,0.605713,16288.173828
66,0.415862,0.577014,16537.724609
67,0.371542,0.565347,16787.294922
68,0.343837,0.571342,17036.804688
69,0.316368,0.574607,17286.453125
70,0.316207,0.577774,17519.304688
71,0.330489,0.585043,17785.564453
72,0.333549,0.590526,18035.058594
73,0.343346,0.588305,18268.054688
74,0.391757,0.565009,18517.595703
75,0.428031,0.551511,18767.134766
76,0.469148,0.528644,19016.650391
77,0.521915,0.507079,19266.250000
78,0.528504,0.515879,19515.759766
79,0.531948,0.524275,19765.376953
80,0.538036,0.531702,20015.046875
81,0.539757,0.534287,20264.507812
82,0.535769,0.516021,20547.355469
83,0.522551,0.480254,20796.841797
84,0.567883,0.510522,21013.226562
85,0.582865,0.534066,21295.982422
86,0.535374,0.499180,21545.642578
87,0.486539,0.455232,21778.458984
88,0.451079,0.424117,22028.083984
89,0.418578,0.405144,22294.318359
90,0.415928,0.385875,22527.232422
91,0.420291,0.384743,22776.828125
92,0.422748,0.378627,23026.312500
93,0.423520,0.382391,23275.937500
94,0.422624,0.384722,23525.425781
95,0.420786,0.392610,23758.423828
96,0.420354,0.395780,24007.916016
97,0.418210,0.396429,24257.554688
98,0.417634,0.398686,24540.308594
99,0.416278,0.401796,24756.683594
0,0.749968,0.510715,-0.007156
1,0.750247,0.511408,266.235199
2,0.749631,0.515341,515.796265
3,0.748396,0.536294,765.350586
4,0.747483,0.605274,1014.900513
5,0.746385,0.673684,1264.453125
6,0.742495,0.721298,1514.028564
7,0.732435,0.777643,1763.618042
8,0.715593,0.808492,2013.243042
9,0.688195,0.817325,2262.729980
10,0.677321,0.833170,2512.305908
11,0.714520,0.857820,2761.873047
12,0.725637,0.862071,3011.400146
13,0.729953,0.855583,3260.976807
14,0.735094,0.851526,3510.598633
15,0.750679,0.841447,3760.103271
16,0.763670,0.830846,4009.658936
17,0.774927,0.825019,4259.232422
18,0.807623,0.810944,4508.799316
19,0.823824,0.802731,4758.359863
20,0.824285,0.805243,5007.924316
21,0.818918,0.823727,5257.495117
22,0.828097,0.834658,5507.038086
23,0.860453,0.832057,5756.614258
24,0.899006,0.819777,6006.159180
25,0.913707,0.816105,6255.750977
26,0.929760,0.813215,6505.309570
27,0.939462,0.810066,6754.907227
28,0.955509,0.807436,7004.432617
29,0.975270,0.804278,7254.026367
30,0.015922,0.793601,7503.557617
31,0.068737,0.763220,7753.128418
32,0.092223,0.736122,8002.672363
33,0.089198,0.739512,8252.246094
34,0.082510,0.750545,8501.839844
35,0.074796,0.756632,8751.363281
36,0.064129,0.759243,9000.960938
37,0.053248,0.762344,9250.506836
38,0.036092,0.759611,9500.066406
39,0.010043,0.721690,9766.270508
40,0.993832,0.646077,10015.859375
41,0.988826,0.580562,10265.394531
42,0.976853,0.531951,10514.956055
43,0.943893,0.471209,10764.521484
44,0.939626,0.451526,11014.097656
45,0.965588,0.449024,11263.646484
46,0.967805,0.461475,11513.217773
47,0.960145,0.487825,11762.768555
48,0.947263,0.475263,12012.374023
49,0.922466,0.452272,12261.906250
50,0.919443,0.441623,12511.469727
51,0.933329,0.439683,12761.060547
52,0.958644,0.449685,13010.599609
53,0.987116,0.455773,13260.187500
54,0.015624,0.458926,13509.718750
55,0.045718,0.459611,13759.295898
56,0.095249,0.474793,14008.856445
57,0.150804,0.491930,14258.451172
58,0.202107,0.501746,14508.003906
59,0.246372,0.526152,14757.545898
60,0.279161,0.541815,15007.132812
61,0.319231,0.533942,15256.668945
62,0.377588,0.522109,15506.233398
63,0.405203,0.523763,15755.791016
64,0.405788,0.533740,16005.364258
65,0.372603,0.564500,16254.950195
66,0.320581,0.603250,16504.505859
67,0.271953,0.605931,16754.072266
68,0.233630,0.626282,17003.630859
69,0.212717,0.702563,17253.222656
70,0.221317,0.743137,17502.753906
71,0.208526,0.749714,17752.318359
72,0.170846,0.724169,18001.867188
73,0.124179,0.684734,18251.433594
74,0.080853,0.626803,18501.011719
75,0.037114,0.545665,18750.591797
76,0.006382,0.480913,19000.132812
77,0.992371,0.467947,19266.330078
78,0.982454,0.494152,19515.890625
79,0.971815,0.508357,19765.501953
80,0.970185,0.508458,20015.083984
81,0.966028,0.510336,20264.580078
82,0.964505,0.511742,20514.150391
83,0.964666,0.510927,20763.738281
84,0.965031,0.506892,21013.322266
85,0.966284,0.504813,21262.835938
86,0.969916,0.502738,21512.408203
87,0.975852,0.501708,21761.980469
88,0.988634,0.502252,22011.560547
89,0.000362,0.502259,22261.099609
90,0.010836,0.502983,22510.681641
91,0.017361,0.503062,22760.220703
92,0.017819,0.503660,23009.802734
93,0.017904,0.501709,23259.386719
94,0.020902,0.499962,23508.921875
95,0.023618,0.499046,23758.492188
96,0.023577,0.498854,24008.046875
97,0.022599,0.499519,24257.632812
98,0.021903,0.499750,24507.197266
99,0.021964,0.499606,24756.740234
0,0.750829,0.510925,0.118466
1,0.751906,0.513652,266.426208
2,0.751425,0.535974,515.928650
3,0.737644,0.655799,765.489441
4,0.725157,0.773031,1014.994446
5,0.736700,0.803723,1264.600708
6,0.747657,0.800294,1514.154175
7,0.753923,0.846074,1763.679688
8,0.740717,0.917986,2013.273071
9,0.718890,0.955947,2262.795410
10,0.704250,0.977313,2512.501221
11,0.715856,0.976131,2761.988281
12,0.639811,0.958290,3011.544922
13,0.563066,0.945508,3261.097168
14,0.601786,0.939299,3510.630371
15,0.551186,0.931785,3760.215576
16,0.441225,0.890569,4009.743652
17,0.407625,0.856881,4259.426758
18,0.381078,0.840837,4508.916504
19,0.333095,0.828843,4758.549805
20,0.293800,0.825558,5008.064453
21,0.260225,0.817870,5257.576172
22,0.241401,0.815683,5507.256836
23,0.233217,0.818294,5756.726562
24,0.230082,0.813837,6006.313477
25,0.217238,0.820046,6255.852051
26,0.200304,0.832938,6505.421875
27,0.195008,0.839369,6755.029297
28,0.189903,0.843247,7004.523438
29,0.177510,0.852274,7254.175293
30,0.155052,0.864987,7503.652344
31,0.162598,0.862275,7753.261230
32,0.177052,0.860363,8002.774414
33,0.193004,0.862221,8252.382812
34,0.208940,0.862848,8501.896484
35,0.202214,0.864855,8751.490234
36,0.197942,0.864460,9001.090820
37,0.200167,0.861049,9250.679688
38,0.206727,0.856753,9500.208008
39,0.219555,0.851486,9766.459961
40,0.242962,0.851595,10015.938477
41,0.270302,0.881151,10265.531250
42,0.277782,0.878693,10515.059570
43,0.290626,0.881600,10764.628906
44,0.326213,0.875410,11014.238281
45,0.370738,0.852513,11263.842773
46,0.397732,0.835801,11513.340820
47,0.422885,0.835207,11762.878906
48,0.418309,0.859023,12012.519531
49,0.457642,0.852013,12261.989258
50,0.499865,0.840188,12511.589844
51,0.570860,0.844859,12761.127930
52,0.641278,0.838651,13010.752930
53,0.658000,0.849807,13260.298828
54,0.666561,0.876515,13509.863281
55,0.694029,0.870624,13759.431641
56,0.741355,0.829667,14008.988281
57,0.786413,0.813504,14258.541992
58,0.809480,0.824571,14508.078125
59,0.814696,0.834644,14757.649414
60,0.818184,0.842711,15007.210938
61,0.813248,0.849031,15256.790039
62,0.807498,0.853777,15506.324219
63,0.792558,0.845206,15755.892578
64,0.760451,0.833722,16005.468750
65,0.725454,0.816047,16255.031250
66,0.710748,0.764284,16504.578125
67,0.705636,0.691136,16754.160156
68,0.694842,0.643425,17003.728516
69,0.665390,0.614444,17253.269531
70,0.609848,0.593019,17502.857422
71,0.560615,0.589025,17752.410156
72,0.527592,0.590641,18002.027344
73,0.506484,0.582559,18251.572266
74,0.493052,0.550095,18501.132812
75,0.485870,0.503417,18750.671875
76,0.490429,0.532421,19000.257812
77,0.527217,0.595976,19266.427734
78,0.552697,0.613970,19516.025391
79,0.541905,0.618564,19765.546875
80,0.534989,0.614248,20015.154297
81,0.537699,0.610912,20264.714844
82,0.532662,0.608930,20514.292969
83,0.494235,0.591675,20763.814453
84,0.433039,0.558823,21013.373047
85,0.398468,0.534789,21262.949219
86,0.373597,0.507753,21512.517578
87,0.355060,0.420736,21762.097656
88,0.353690,0.325428,22011.634766
89,0.357080,0.216841,22261.216797
90,0.359870,0.155134,22510.755859
91,0.366301,0.141198,22760.369141
92,0.363434,0.152376,23009.904297
93,0.333895,0.213410,23259.462891
94,0.315028,0.330002,23509.023438
95,0.311346,0.459578,23758.566406
96,0.316645,0.565893,24008.166016
97,0.334494,0.634924,24257.714844
98,0.353028,0.682439,24507.308594
99,0.361416,0.719952,24756.871094
0,0.745495,0.544544,-0.006966
1,0.740063,0.564412,266.209290
2,0.730269,0.663627,515.746582
3,0.715094,0.742920,765.374268
4,0.714243,0.812645,1014.866394
5,0.728658,0.857290,1264.502808
6,0.719032,0.887864,1514.008789
7,0.707074,0.901153,1763.557495
8,0.666295,0.919351,2013.216187
9,0.657830,0.936536,2262.678711
10,0.621531,0.952516,2512.300293
11,0.655203,0.956233,2761.805908
12,0.597177,0.963677,3011.465576
13,0.513010,0.956635,3260.926270
14,0.428355,0.956145,3510.489990
15,0.447165,0.961123,3760.045410
16,0.447732,0.968658,4009.617676
17,0.454018,0.966511,4259.277344
18,0.453708,0.958517,4508.750000
19,0.415347,0.950711,4758.375000
20,0.379031,0.942928,5007.879395
21,0.345311,0.935045,5257.458984
22,0.287139,0.945642,5507.003906
23,0.289663,0.955875,5756.614746
24,0.558036,0.934888,6006.132812
25,0.641532,0.901453,6255.701172
26,0.673895,0.916814,6505.269531
27,0.617498,0.931652,6754.844727
28,0.572468,0.938918,7004.431641
29,0.640261,0.948950,7254.026367
30,0.689274,0.943856,7503.517090
31,0.720131,0.943915,7753.084473
32,0.742419,0.943793,8002.694336
33,0.761979,0.941342,8252.220703
34,0.798379,0.928701,8501.804688
35,0.820329,0.920521,8751.376953
36,0.824776,0.913998,9001.011719
37,0.822173,0.914598,9250.475586
38,0.814457,0.916429,9500.062500
39,0.805317,0.922399,9766.273438
40,0.788886,0.926580,10015.828125
41,0.790902,0.928801,10265.374023
42,0.791437,0.924505,10514.955078
43,0.771124,0.922391,10764.480469
44,0.732661,0.916829,11014.115234
45,0.712470,0.908100,11263.651367
46,0.718202,0.912143,11513.183594
47,0.727198,0.915679,11762.752930
48,0.738604,0.923603,12012.336914
49,0.696739,0.914452,12261.892578
50,0.570164,0.854310,12511.436523
51,0.511338,0.706871,12761.056641
52,0.466584,0.659861,13010.621094
53,0.416185,0.697292,13260.193359
54,0.408420,0.696250,13509.692383
55,0.453486,0.659967,13759.276367
56,0.494739,0.609851,14008.822266
57,0.538062,0.577908,14258.411133
58,0.662604,0.560169,14507.973633
59,0.768145,0.558795,14757.507812
60,0.874356,0.593478,15007.164062
61,0.956810,0.644696,15256.638672
62,0.990781,0.676571,15506.210938
63,0.981731,0.725917,15755.809570
64,0.936885,0.766188,16005.379883
65,0.946821,0.793516,16254.936523
66,0.010575,0.800387,16504.513672
67,0.045206,0.796893,16754.031250
68,0.070370,0.795237,17003.583984
69,0.085915,0.794118,17253.228516
70,0.097887,0.782721,17502.744141
71,0.106576,0.775627,17752.292969
72,0.112582,0.773291,18001.873047
73,0.114812,0.774654,18251.398438
74,0.114280,0.780300,18500.988281
75,0.115743,0.780302,18750.535156
76,0.117709,0.778010,19000.162109
77,0.125044,0.791627,19266.388672
78,0.131777,0.822297,19515.945312
79,0.126200,0.846489,19765.437500
80,0.106755,0.869205,20015.013672
81,0.951479,0.881342,20264.562500
82,0.872922,0.861331,20514.152344
83,0.897679,0.877033,20763.683594
84,0.039335,0.870099,21013.343750
85,0.054509,0.867034,21262.830078
86,0.062660,0.855246,21512.421875
87,0.075896,0.837868,21761.953125
88,0.078159,0.831546,22011.580078
89,0.068879,0.830198,22261.107422
90,0.051412,0.822591,22510.623047
91,0.986547,0.827280,22760.195312
92,0.805308,0.821991,23009.773438
93,0.736192,0.823503,23259.349609
94,0.712603,0.837803,23508.900391
95,0.693814,0.854606,23758.486328
96,0.676691,0.863777,24008.046875
97,0.669644,0.869151,24257.574219
98,0.648760,0.865128,24507.267578
99,0.629504,0.860641,24756.703125
0,0.750457,0.499118,-0.044231
1,0.744791,0.506226,266.195770
2,0.738950,0.546346,515.734558
3,0.735566,0.647476,765.290649
4,0.729224,0.737870,1014.828552
5,0.724576,0.797933,1264.399048
6,0.715498,0.864610,1513.975586
7,0.693706,0.910470,1763.625000
8,0.688050,0.926790,2013.186646
9,0.686921,0.926400,2262.627686
10,0.687521,0.924652,2512.270264
11,0.689040,0.923568,2761.797607
12,0.681546,0.921968,3011.387207
13,0.595022,0.904529,3260.926270
14,0.482080,0.861003,3510.456299
15,0.396846,0.829956,3760.050781
16,0.345936,0.807634,4009.635742
17,0.334762,0.799092,4259.218262
18,0.325270,0.791556,4508.722656
19,0.301349,0.775452,4758.375488
20,0.279830,0.770566,5007.857910
21,0.252191,0.773428,5257.453613
22,0.247266,0.774317,5507.000977
23,0.251587,0.774559,5756.531250
24,0.252991,0.769225,6006.183105
25,0.257778,0.740938,6255.756348
26,0.264647,0.687645,6505.250977
27,0.270861,0.649018,6754.801270
28,0.277103,0.636002,7004.426758
29,0.296546,0.630813,7253.948242
30,0.336053,0.638419,7503.480957
31,0.373011,0.646458,7753.056641
32,0.421270,0.644123,8002.603027
33,0.471451,0.655076,8252.208984
34,0.525183,0.703153,8501.718750
35,0.587631,0.724958,8751.402344
36,0.630235,0.731387,9000.893555
37,0.663943,0.731302,9250.469727
38,0.688661,0.735540,9500.069336
39,0.739773,0.743154,9766.254883
40,0.768746,0.743777,10015.775391
41,0.788090,0.747330,10265.361328
42,0.809269,0.770189,10514.894531
43,0.813883,0.786808,10764.537109
44,0.796216,0.781510,11014.045898
45,0.767850,0.743518,11263.602539
46,0.748441,0.688067,11513.198242
47,0.744478,0.645741,11762.776367
48,0.707600,0.600955,12012.300781
49,0.653230,0.564424,12261.871094
50,0.618582,0.557285,12511.498047
51,0.592572,0.563939,12760.951172
52,0.568334,0.568709,13010.555664
53,0.551366,0.559652,13260.186523
54,0.541886,0.532464,13509.745117
55,0.545065,0.505078,13759.296875
56,0.579091,0.464819,14008.792969
57,0.641295,0.439010,14258.383789
58,0.712849,0.421579,14507.895508
59,0.797422,0.420230,14757.531250
60,0.883996,0.437662,15007.122070
61,0.937871,0.457348,15256.643555
62,0.957361,0.494981,15506.189453
63,0.961655,0.509039,15755.745117
64,0.952110,0.516589,16005.314453
65,0.947790,0.549171,16254.867188
66,0.971242,0.567759,16504.533203
67,0.017601,0.563233,16754.031250
68,0.055673,0.566878,17003.564453
69,0.085713,0.586090,17253.197266
70,0.125708,0.651200,17502.673828
71,0.139332,0.681991,17752.224609
72,0.134501,0.695489,18001.847656
73,0.110374,0.697630,18251.375000
74,0.084301,0.687449,18500.945312
75,0.038856,0.646721,18750.550781
76,0.979411,0.596743,19000.078125
77,0.943506,0.565827,19266.250000
78,0.923876,0.558421,19515.841797
79,0.876266,0.546604,19765.425781
80,0.834578,0.546685,20014.970703
81,0.808760,0.562742,20264.527344
82,0.788300,0.592353,20514.101562
83,0.760518,0.617402,20763.689453
84,0.751516,0.638879,21013.234375
85,0.762803,0.646952,21262.759766
86,0.771964,0.638837,21512.330078
87,0.785264,0.614546,21761.980469
88,0.804705,0.588906,22011.517578
89,0.821806,0.566560,22261.056641
90,0.834161,0.531121,22510.619141
91,0.838480,0.454460,22760.175781
92,0.839320,0.403931,23009.712891
93,0.842897,0.400316,23259.316406
94,0.846123,0.412752,23508.880859
95,0.844600,0.407089,23758.460938
96,0.842886,0.413566,24008.003906
97,0.843798,0.421727,24257.626953
98,0.846535,0.422913,24507.136719
99,0.845436,0.421289,24756.691406
0,0.750090,0.507160,0.055355
1,0.749629,0.511187,266.250793
2,0.746109,0.540472,515.773438
3,0.739681,0.619465,765.348572
4,0.729946,0.692324,1014.914917
5,0.720255,0.728579,1264.509766
6,0.711271,0.748567,1514.112671
7,0.730699,0.763187,1763.730103
8,0.752857,0.767574,2013.160645
9,0.760315,0.774027,2262.782227
10,0.742857,0.786180,2512.286865
11,0.723536,0.799155,2761.852051
12,0.721010,0.800402,3011.419434
13,0.705829,0.791060,3260.990234
14,0.688195,0.775568,3510.562012
15,0.668296,0.759273,3760.120117
16,0.669813,0.755211,4009.713379
17,0.696672,0.755690,4259.258789
18,0.723002,0.749722,4508.806641
19,0.749063,0.742909,4758.384766
20,0.767131,0.732902,5007.919434
21,0.770919,0.718085,5257.527344
22,0.772265,0.703731,5507.076172
23,0.768627,0.667451,5756.625488
24,0.755676,0.598374,6006.176758
25,0.742675,0.565614,6255.750488
26,0.738151,0.566717,6505.335449
27,0.740317,0.557778,6754.896973
28,0.747329,0.502864,7004.432617
29,0.758402,0.468766,7254.004883
30,0.820707,0.486947,7503.579590
31,0.872064,0.498863,7753.139648
32,0.889221,0.506343,8002.699219
33,0.898639,0.507749,8252.266602
34,0.908098,0.519408,8501.831055
35,0.921999,0.556027,8751.401367
36,0.927520,0.608759,9000.964844
37,0.938613,0.641307,9250.528320
38,0.958116,0.686071,9500.085938
39,0.987060,0.707005,9766.289062
40,0.012492,0.715155,10015.879883
41,0.048204,0.701842,10265.409180
42,0.067481,0.697564,10514.982422
43,0.077640,0.698830,10764.549805
44,0.081226,0.708053,11014.095703
45,0.080021,0.721580,11263.682617
46,0.098315,0.725372,11513.235352
47,0.133235,0.717150,11762.819336
48,0.164401,0.709317,12012.355469
49,0.190534,0.703383,12261.936523
50,0.214931,0.691752,12511.524414
51,0.235758,0.679996,12761.048828
52,0.243912,0.654702,13010.603516
53,0.239607,0.613185,13260.208984
54,0.240201,0.614601,13526.375977
55,0.241266,0.622401,13759.307617
56,0.240195,0.624817,14008.870117
57,0.238572,0.613656,14258.423828
58,0.235883,0.602034,14507.993164
59,0.233739,0.605011,14757.566406
60,0.231194,0.607378,15007.153320
61,0.223291,0.615561,15256.693359
62,0.216857,0.617888,15506.257812
63,0.209696,0.597723,15755.823242
64,0.200199,0.580952,16005.403320
65,0.186479,0.609711,16254.950195
66,0.175698,0.625214,16504.503906
67,0.164616,0.635031,16754.072266
68,0.154760,0.642500,17003.626953
69,0.146560,0.649906,17253.232422
70,0.137630,0.660168,17502.781250
71,0.130501,0.665781,17752.328125
72,0.125740,0.668728,18001.896484
73,0.122137,0.669689,18251.453125
74,0.119944,0.671449,18501.021484
75,0.118101,0.672761,18750.572266
76,0.115296,0.671056,19000.154297
77,0.114381,0.669840,19266.343750
78,0.113194,0.667750,19515.929688
79,0.111747,0.664823,19765.468750
80,0.114068,0.664168,20015.052734
81,0.114843,0.664312,20264.611328
82,0.112150,0.658765,20514.205078
83,0.107911,0.646915,20763.734375
84,0.102759,0.638877,21013.312500
85,0.096610,0.635890,21262.857422
86,0.083222,0.627248,21512.421875
87,0.052567,0.588101,21762.021484
88,0.028160,0.555173,22011.570312
89,0.016098,0.538477,22261.109375
90,0.996619,0.544968,22510.705078
91,0.968019,0.551479,22760.232422
92,0.950005,0.551002,23009.837891
93,0.933134,0.602478,23259.392578
94,0.916864,0.664668,23508.939453
95,0.898947,0.700654,23758.498047
96,0.887931,0.728227,24008.066406
97,0.883002,0.746679,24257.677734
98,0.882624,0.760077,24507.187500
99,0.868487,0.749838,24756.763672
0,0.751154,0.492926,0.002868
1,0.753471,0.493591,266.268677
2,0.738688,0.505293,515.748840
3,0.728664,0.530178,765.431885
4,0.723525,0.562558,1014.943665
5,0.714676,0.615977,1264.461060
6,0.708277,0.672488,1514.058716
7,0.699596,0.723193,1763.575562
8,0.665865,0.758410,2013.165039
9,0.598670,0.779855,2262.714355
10,0.556504,0.794343,2512.375977
11,0.519237,0.810782,2761.864502
12,0.478437,0.811670,3011.404297
13,0.461323,0.819302,3261.022217
14,0.479557,0.855285,3510.527100
15,0.632465,0.877222,3760.130371
16,0.715080,0.843751,4009.685791
17,0.732844,0.839469,4259.306641
18,0.759935,0.836695,4508.834961
19,0.785807,0.831600,4758.357422
20,0.812980,0.826628,5007.928223
21,0.853247,0.825778,5257.564941
22,0.912138,0.823082,5507.084961
23,0.930131,0.828430,5756.625977
24,0.921121,0.805320,6006.218750
25,0.920302,0.716891,6255.764160
26,0.930629,0.646920,6505.286621
27,0.937497,0.593731,6754.883301
28,0.939774,0.581198,7004.468750
29,0.962794,0.539388,7254.034180
30,0.017773,0.463423,7503.579102
31,0.029987,0.430593,7753.213867
32,0.020037,0.379533,8002.701172
33,0.015694,0.345206,8252.234375
34,0.041456,0.316444,8501.803711
35,0.087213,0.262287,8751.421875
36,0.139445,0.225115,9000.918945
37,0.164385,0.218693,9250.482422
38,0.178168,0.328808,9500.152344
39,0.184181,0.506574,9766.290039
40,0.175117,0.604942,10015.840820
41,0.159689,0.644046,10265.417969
42,0.114253,0.619418,10515.042969
43,0.040923,0.577061,10764.563477
44,0.976910,0.548053,11014.096680
45,0.936036,0.529436,11263.655273
46,0.908242,0.522481,11513.263672
47,0.876185,0.512625,11762.809570
48,0.846219,0.499091,12012.375000
49,0.795312,0.492681,12261.953125
50,0.758041,0.480592,12511.530273
51,0.733367,0.495953,12761.029297
52,0.716990,0.505120,13010.611328
53,0.701431,0.510825,13260.193359
54,0.689730,0.494167,13509.760742
55,0.672090,0.401118,13759.318359
56,0.652277,0.365957,14008.855469
57,0.632265,0.369898,14258.524414
58,0.598853,0.382751,14508.022461
59,0.569978,0.398194,14757.541016
60,0.553745,0.434150,15007.099609
61,0.539095,0.478814,15256.681641
62,0.523296,0.522071,15506.231445
63,0.514293,0.574252,15755.877930
64,0.504167,0.610856,16005.391602
65,0.477835,0.643437,16254.964844
66,0.429134,0.654632,16504.507812
67,0.405165,0.659603,16754.136719
68,0.391943,0.646893,17003.699219
69,0.364390,0.625595,17253.181641
70,0.326130,0.596125,17502.785156
71,0.310704,0.592199,17752.388672
72,0.297379,0.620095,18001.964844
73,0.282867,0.670446,18251.427734
74,0.265682,0.711833,18501.062500
75,0.243360,0.734530,18750.595703
76,0.227408,0.738049,19000.244141
77,0.221802,0.747180,19266.328125
78,0.242034,0.776528,19515.972656
79,0.264322,0.797100,19765.496094
80,0.299027,0.789250,20015.083984
81,0.331406,0.769619,20264.605469
82,0.367340,0.767109,20514.208984
83,0.440918,0.766411,20763.720703
84,0.499032,0.771416,21013.324219
85,0.543080,0.763990,21262.884766
86,0.560183,0.766338,21512.390625
87,0.582231,0.759381,21762.007812
88,0.637239,0.693572,22011.535156
89,0.662809,0.646637,22261.132812
90,0.668571,0.619395,22510.662109
91,0.665118,0.602457,22760.300781
92,0.659058,0.593049,23009.818359
93,0.651695,0.584323,23259.341797
94,0.639638,0.582564,23508.945312
95,0.583845,0.572702,23758.494141
96,0.532428,0.544419,24008.082031
97,0.506185,0.524083,24257.654297
98,0.482176,0.515272,24507.234375
99,0.458282,0.489425,24756.775391
0,0.750143,0.455642,-0.102078
1,0.749965,0.456685,266.082794
2,0.749460,0.459707,515.655579
3,0.747485,0.470226,765.211975
4,0.745019,0.487425,1014.787415
5,0.740675,0.507353,1264.332886
6,0.734634,0.535041,1513.922119
7,0.726605,0.565391,1763.474121
8,0.717214,0.588696,2013.040527
9,0.709763,0.612619,2262.602783
10,0.704971,0.637769,2512.141602
11,0.701746,0.662035,2761.742432
12,0.703227,0.682320,3011.256348
13,0.707763,0.695314,3260.862305
14,0.710144,0.699901,3510.395752
15,0.708434,0.703115,3760.002197
16,0.691239,0.721613,4009.520020
17,0.670367,0.738601,4259.096680
18,0.667592,0.746849,4508.665039
19,0.684842,0.750683,4758.220215
20,0.712051,0.744540,5007.837891
21,0.740562,0.735354,5257.349609
22,0.767035,0.722509,5506.949219
23,0.778161,0.719070,5756.467285
24,0.782120,0.718655,6006.047363
25,0.773273,0.715479,6255.595215
26,0.759361,0.707481,6505.180664
27,0.740947,0.691716,6754.759277
28,0.727185,0.672544,7004.277832
29,0.717753,0.659172,7253.853516
30,0.702328,0.644883,7503.438965
31,0.683109,0.630660,7752.980957
32,0.662824,0.621111,8002.547363
33,0.643125,0.617725,8252.156250
34,0.624647,0.622992,8501.670898
35,0.605122,0.627864,8751.221680
36,0.587627,0.633114,9000.845703
37,0.570242,0.635625,9250.422852
38,0.556634,0.628452,9516.564453
39,0.549587,0.616793,9766.141602
40,0.544439,0.616214,10015.688477
41,0.534712,0.630295,10265.257812
42,0.523643,0.649888,10514.814453
43,0.514777,0.667676,10764.420898
44,0.506590,0.683610,11013.984375
45,0.498333,0.691957,11263.503906
46,0.489785,0.694695,11513.086914
47,0.480031,0.691022,11762.637695
48,0.478933,0.688451,12012.227539
49,0.481084,0.688345,12261.760742
50,0.487612,0.684790,12511.369141
51,0.493951,0.682219,12760.896484
52,0.500854,0.679298,13010.488281
53,0.506107,0.676729,13260.026367
54,0.508785,0.675261,13509.604492
55,0.512575,0.673810,13759.186523
56,0.518022,0.665036,14008.730469
57,0.521840,0.646879,14258.281250
58,0.523540,0.627060,14507.831055
59,0.523606,0.617767,14757.393555
60,0.519638,0.617269,15006.958984
61,0.514793,0.618443,15256.552734
62,0.508474,0.618440,15506.134766
63,0.492929,0.620425,15755.714844
64,0.480368,0.625648,16005.273438
65,0.482282,0.619841,16254.817383
66,0.492210,0.594636,16504.375000
67,0.502233,0.569126,16753.939453
68,0.513319,0.549876,17003.527344
69,0.527514,0.530220,17253.052734
70,0.540701,0.512599,17502.609375
71,0.554855,0.499198,17752.177734
72,0.567564,0.493255,18001.765625
73,0.566451,0.502095,18251.314453
74,0.560827,0.516431,18500.871094
75,0.570935,0.522652,18750.427734
76,0.596350,0.520648,19016.673828
77,0.621227,0.518156,19266.197266
78,0.649212,0.515620,19515.769531
79,0.675342,0.515594,19765.333984
80,0.695379,0.519246,20014.925781
81,0.711539,0.518922,20264.494141
82,0.735709,0.510243,20514.044922
83,0.756212,0.503243,20763.599609
84,0.773971,0.497477,21013.146484
85,0.805066,0.491520,21262.724609
86,0.840884,0.488418,21512.267578
87,0.869269,0.492898,21761.824219
88,0.895082,0.502139,22011.382812
89,0.914005,0.506901,22260.988281
90,0.925810,0.506596,22510.556641
91,0.936964,0.512138,22760.083984
92,0.946646,0.532271,23009.691406
93,0.953732,0.552420,23259.214844
94,0.958777,0.573191,23508.806641
95,0.961126,0.590293,23758.333984
96,0.961377,0.597829,24007.923828
97,0.960571,0.596756,24257.533203
98,0.960914,0.593224,24507.076172
99,0.961365,0.589157,24756.642578
0,0.749972,0.475042,-0.009532
1,0.750077,0.475419,266.153076
2,0.750121,0.497013,515.788330
3,0.747157,0.585348,765.340576
4,0.742338,0.657118,1014.873779
5,0.734308,0.704398,1264.455688
6,0.722491,0.743961,1514.017578
7,0.701710,0.767264,1763.549438
8,0.759605,0.777157,2013.134155
9,0.814658,0.765185,2262.712158
10,0.825775,0.771635,2512.256592
11,0.838554,0.774320,2761.792725
12,0.888799,0.786895,3011.436768
13,0.934776,0.795264,3260.967285
14,0.980029,0.796710,3510.474609
15,0.045212,0.772291,3760.080811
16,0.096799,0.752520,4009.627930
17,0.123659,0.750258,4259.213867
18,0.154203,0.745842,4508.750000
19,0.185434,0.734875,4758.393066
20,0.218552,0.734278,5007.907715
21,0.249525,0.737451,5257.457520
22,0.271024,0.738731,5507.039062
23,0.281555,0.740272,5756.597656
24,0.284470,0.743223,6006.157715
25,0.287980,0.744146,6255.687988
26,0.279898,0.747920,6505.291016
27,0.257189,0.752437,6754.804688
28,0.182071,0.783000,7004.437012
29,0.051306,0.786616,7253.996582
30,0.934124,0.766134,7503.546387
31,0.833290,0.740216,7753.108887
32,0.795839,0.743234,8002.632812
33,0.728998,0.750014,8252.296875
34,0.682550,0.759643,8501.814453
35,0.643754,0.760545,8751.367188
36,0.574488,0.722342,9000.875000
37,0.525582,0.655431,9250.534180
38,0.501372,0.581341,9500.054688
39,0.501024,0.551254,9766.250000
40,0.560458,0.562422,10015.781250
41,0.636702,0.564124,10265.388672
42,0.702855,0.557354,10514.935547
43,0.734041,0.474866,10764.511719
44,0.735370,0.349870,11014.028320
45,0.772858,0.302413,11263.605469
46,0.854305,0.289043,11513.202148
47,0.911911,0.365517,11762.762695
48,0.936910,0.439867,12012.331055
49,0.960754,0.479446,12261.849609
50,0.986651,0.494718,12511.482422
51,0.023219,0.506448,12761.055664
52,0.064502,0.518849,13010.584961
53,0.099878,0.524398,13260.136719
54,0.136636,0.530761,13509.735352
55,0.176408,0.527902,13759.266602
56,0.210995,0.525900,14008.836914
57,0.242378,0.538772,14258.406250
58,0.264280,0.557171,14507.935547
59,0.257508,0.517819,14757.523438
60,0.238184,0.459567,15007.063477
61,0.164676,0.413262,15256.702148
62,0.034895,0.449289,15506.228516
63,0.963694,0.466876,15755.803711
64,0.941913,0.490051,16005.343750
65,0.927577,0.575758,16254.895508
66,0.918578,0.655005,16504.566406
67,0.893964,0.709807,16754.019531
68,0.872348,0.741606,17003.605469
69,0.846694,0.752317,17253.146484
70,0.820152,0.753007,17502.794922
71,0.790522,0.754315,17752.306641
72,0.761307,0.759233,18001.845703
73,0.744614,0.799005,18251.416016
74,0.776787,0.883228,18501.050781
75,0.780164,0.913739,18750.539062
76,0.810090,0.920050,19000.109375
77,0.835974,0.920223,19266.371094
78,0.956227,0.884194,19515.894531
79,0.977374,0.874468,19765.455078
80,0.943786,0.892110,20014.994141
81,0.752152,0.889593,20264.605469
82,0.695943,0.848784,20514.128906
83,0.656823,0.810937,20763.722656
84,0.612089,0.787926,21013.234375
85,0.558670,0.780326,21262.851562
86,0.517043,0.771195,21512.433594
87,0.462451,0.741252,21761.937500
88,0.422529,0.734636,22011.488281
89,0.400550,0.754388,22261.093750
90,0.391800,0.776995,22510.628906
91,0.372565,0.796279,22760.207031
92,0.345236,0.793510,23009.783203
93,0.322198,0.785547,23259.316406
94,0.297080,0.776710,23508.876953
95,0.290334,0.791118,23758.462891
96,0.331296,0.815216,24008.015625
97,0.385550,0.827337,24257.568359
98,0.431673,0.834414,24507.142578
99,0.464599,0.826416,24756.802734
0,0.749812,0.562779,0.008940
1,0.749383,0.565202,266.182983
2,0.745967,0.607401,515.776917
3,0.738648,0.672090,765.266418
4,0.737502,0.728674,1014.842712
5,0.730323,0.796087,1264.471802
6,0.724930,0.846763,1513.980347
7,0.730531,0.860534,1763.564331
8,0.752586,0.867658,2013.157715
9,0.772052,0.886953,2262.656250
10,0.800984,0.920947,2512.299805
11,0.799268,0.949237,2761.866699
12,0.734831,0.928607,3011.393066
13,0.685715,0.895958,3260.937744
14,0.634709,0.880033,3510.577637
15,0.582727,0.874316,3760.047363
16,0.524485,0.866439,4009.604248
17,0.482498,0.848716,4259.223145
18,0.461968,0.841435,4508.819824
19,0.442609,0.848719,4758.333984
20,0.412795,0.854971,5007.886230
21,0.392774,0.856228,5257.527344
22,0.379062,0.856967,5506.999512
23,0.363889,0.854247,5756.584961
24,0.338452,0.849864,6006.122070
25,0.309131,0.842229,6255.696289
26,0.300340,0.845838,6505.280762
27,0.291468,0.847358,6754.815918
28,0.303992,0.834334,7004.397949
29,0.335334,0.740836,7253.952148
30,0.303544,0.654305,7503.532715
31,0.260918,0.621430,7753.075195
32,0.241516,0.618599,8002.624023
33,0.232310,0.633140,8252.200195
34,0.237341,0.655298,8501.791016
35,0.263268,0.673608,8751.325195
36,0.297576,0.655154,9000.892578
37,0.328915,0.599630,9250.465820
38,0.427345,0.573857,9500.064453
39,0.491122,0.582535,9766.206055
40,0.524271,0.588000,10015.832031
41,0.541627,0.591346,10265.342773
42,0.566355,0.589545,10514.947266
43,0.610858,0.591510,10764.512695
44,0.672943,0.592559,11014.065430
45,0.706734,0.604984,11263.607422
46,0.716927,0.682644,11513.181641
47,0.728597,0.745490,11762.780273
48,0.738829,0.787276,12012.287109
49,0.753031,0.812062,12261.883789
50,0.749136,0.820764,12511.479492
51,0.727837,0.817825,12761.070312
52,0.712701,0.812507,13010.615234
53,0.692947,0.810488,13260.117188
54,0.661846,0.811565,13509.734375
55,0.646538,0.809087,13759.260742
56,0.618085,0.798874,14008.819336
57,0.639204,0.816722,14258.396484
58,0.653524,0.823484,14508.039062
59,0.678951,0.824815,14757.525391
60,0.713952,0.820684,15007.066406
61,0.753962,0.813582,15256.636719
62,0.797282,0.779865,15506.219727
63,0.822328,0.686323,15755.751953
64,0.863130,0.596531,16005.398438
65,0.857330,0.546261,16254.912109
66,0.880907,0.496984,16504.513672
67,0.924914,0.511098,16754.015625
68,0.948417,0.524379,17003.572266
69,0.962200,0.521356,17253.146484
70,0.957410,0.489295,17502.710938
71,0.920661,0.472179,17752.353516
72,0.833236,0.462075,18001.837891
73,0.738297,0.471978,18251.435547
74,0.656089,0.493270,18500.947266
75,0.579892,0.531442,18750.572266
76,0.531556,0.568916,19000.126953
77,0.504820,0.583403,19266.326172
78,0.483327,0.572556,19515.843750
79,0.435661,0.572482,19765.507812
80,0.408828,0.580920,20014.986328
81,0.392480,0.590023,20264.589844
82,0.371247,0.580936,20514.113281
83,0.323361,0.573634,20763.728516
84,0.311526,0.585043,21013.263672
85,0.335000,0.620432,21262.781250
86,0.384560,0.640027,21512.380859
87,0.435903,0.640106,21761.964844
88,0.465328,0.638309,22011.580078
89,0.484726,0.633249,22261.056641
90,0.489568,0.632473,22510.621094
91,0.494288,0.635883,22760.214844
92,0.525716,0.629495,23026.427734
93,0.563259,0.614404,23259.408203
94,0.578913,0.606528,23508.876953
95,0.579591,0.606427,23758.458984
96,0.581318,0.609580,24007.990234
97,0.591015,0.661319,24257.591797
98,0.587831,0.739643,24507.167969
99,0.565508,0.798598,24756.736328
0,0.751591,0.382422,-0.004350
1,0.742092,0.429893,266.284851
2,0.730153,0.475439,515.716858
3,0.718181,0.599249,798.610657
4,0.716024,0.631217,1014.923645
5,0.697735,0.696871,1264.478394
6,0.685762,0.752750,1514.068848
7,0.679199,0.791929,1763.614258
8,0.708119,0.832632,2013.249390
9,0.787263,0.842976,2262.668945
10,0.821829,0.841005,2512.339600
11,0.871991,0.854603,2761.794922
12,0.932981,0.849693,3011.468018
13,0.972800,0.845228,3260.886963
14,0.004460,0.849535,3510.598389
15,0.041877,0.848110,3760.001953
16,0.078907,0.835993,4009.632080
17,0.101751,0.839199,4259.304688
18,0.097051,0.853612,4508.817871
19,0.016868,0.875888,4758.354980
20,0.848623,0.855354,5007.869629
21,0.762008,0.818551,5257.574219
22,0.717085,0.805842,5506.974121
23,0.687327,0.809368,5756.626465
24,0.663449,0.798321,6006.083008
25,0.640050,0.781721,6255.739258
26,0.586104,0.752907,6505.248535
27,0.536506,0.738457,6754.884277
28,0.506347,0.743172,7004.512207
29,0.475094,0.754164,7253.975586
30,0.442057,0.752072,7503.570312
31,0.413230,0.747279,7753.071289
32,0.377075,0.754836,8002.733887
33,0.350237,0.758931,8252.211914
34,0.323836,0.760727,8501.794922
35,0.288501,0.765338,8751.338867
36,0.265212,0.766080,9000.959961
37,0.265717,0.746095,9250.421875
38,0.295116,0.652691,9500.098633
39,0.312558,0.575183,9766.266602
40,0.324030,0.531121,10015.785156
41,0.340553,0.474881,10265.425781
42,0.363374,0.428151,10514.882812
43,0.407388,0.451666,10764.601562
44,0.455260,0.518238,11014.012695
45,0.474327,0.533007,11263.673828
46,0.493420,0.544668,11513.137695
47,0.499948,0.555531,11762.732422
48,0.468000,0.547105,12012.225586
49,0.429489,0.547499,12261.844727
50,0.437306,0.552998,12511.502930
51,0.471492,0.554222,12761.051758
52,0.502706,0.544674,13010.622070
53,0.545821,0.544478,13260.156250
54,0.575448,0.559933,13509.760742
55,0.563523,0.567952,13759.283203
56,0.561264,0.575782,14008.845703
57,0.572216,0.578777,14258.304688
58,0.581537,0.584778,14508.018555
59,0.595799,0.587149,14757.423828
60,0.603876,0.592826,15007.099609
61,0.590044,0.607818,15256.592773
62,0.611570,0.603202,15506.239258
63,0.653907,0.594623,15772.420898
64,0.675352,0.600909,16005.286133
65,0.694346,0.604501,16254.948242
66,0.712883,0.602954,16504.392578
67,0.725049,0.601230,16754.083984
68,0.740630,0.608786,17003.513672
69,0.781425,0.604168,17253.250000
70,0.833220,0.594067,17502.703125
71,0.859652,0.565180,17752.289062
72,0.890245,0.525050,18001.832031
73,0.927797,0.522167,18251.382812
74,0.953333,0.539729,18500.937500
75,0.970471,0.542302,18750.529297
76,0.975308,0.538826,19000.142578
77,0.936308,0.443588,19266.251953
78,0.877330,0.340468,19515.865234
79,0.830882,0.293914,19765.464844
80,0.790816,0.279628,20014.994141
81,0.736677,0.283340,20264.466797
82,0.676031,0.300585,20514.103516
83,0.630159,0.317890,20763.562500
84,0.598983,0.350524,21013.220703
85,0.567289,0.401579,21262.916016
86,0.553650,0.433278,21512.359375
87,0.545927,0.456640,21762.031250
88,0.533441,0.489789,22011.453125
89,0.518063,0.528428,22261.074219
90,0.518058,0.559718,22510.615234
91,0.502641,0.574092,22760.166016
92,0.477384,0.574585,23009.652344
93,0.461332,0.574136,23259.306641
94,0.445941,0.552761,23508.765625
95,0.441488,0.465663,23758.466797
96,0.452268,0.367401,24007.931641
97,0.452248,0.318923,24257.535156
98,0.428505,0.357980,24507.154297
99,0.399631,0.472640,24756.617188
