Idx, longitude, latitude, start timestamp
0,0.750293,0.535606,-0.059799
1,0.750384,0.535263,266.206207
2,0.750751,0.542074,515.668579
3,0.753977,0.552104,765.321960
4,0.767789,0.586007,1014.847717
5,0.785827,0.627140,1264.450195
6,0.805250,0.669176,1513.960327
7,0.826704,0.693741,1763.582886
8,0.853120,0.707430,2013.090820
9,0.891314,0.711643,2262.645996
10,0.924760,0.714743,2512.285645
11,0.947400,0.718309,2761.756348
12,0.966780,0.709676,3011.485596
13,0.992890,0.687240,3260.933350
14,0.031814,0.654714,3510.535400
15,0.068962,0.625164,3759.979980
16,0.091697,0.600913,4009.674805
17,0.107151,0.592087,4259.126465
18,0.115299,0.589296,4508.720215
19,0.120690,0.586790,4758.311523
20,0.112042,0.575068,5007.794434
21,0.099816,0.566092,5257.377930
22,0.086430,0.553679,5506.992676
23,0.075672,0.546066,5756.632812
24,0.069895,0.544041,6006.074219
25,0.070546,0.535642,6255.740234
26,0.075408,0.531311,6505.224609
27,0.098765,0.530669,6754.715332
28,0.131214,0.531877,7004.351562
29,0.148253,0.530745,7253.943359
30,0.152534,0.531412,7503.439453
31,0.148641,0.533351,7753.039551
32,0.138825,0.540246,8002.563965
33,0.133102,0.559692,8252.200195
34,0.131828,0.582603,8501.738281
35,0.120531,0.578164,8751.276367
36,0.097599,0.559340,9000.922852
37,0.076802,0.546882,9250.425781
38,0.055215,0.542260,9500.001953
39,0.019761,0.537562,9766.125000
40,0.991919,0.535048,10015.761719
41,0.971678,0.532226,10265.277344
42,0.957543,0.528935,10514.901367
43,0.943250,0.527397,10764.428711
44,0.927675,0.525481,11013.978516
45,0.906415,0.525584,11280.236328
46,0.884501,0.523397,11513.094727
47,0.866387,0.520497,11762.644531
48,0.845655,0.517527,12012.210938
49,0.820995,0.516355,12261.847656
50,0.796925,0.516912,12511.344727
51,0.771880,0.517147,12777.638672
52,0.742479,0.512859,13027.066406
53,0.699164,0.510693,13260.069336
54,0.659074,0.509125,13509.622070
55,0.622267,0.507088,13759.182617
56,0.593912,0.514218,14008.708984
57,0.565864,0.515850,14258.308594
58,0.549944,0.512406,14507.957031
59,0.540574,0.509380,14757.425781
60,0.529397,0.506518,15007.035156
61,0.519519,0.510509,15339.813477
62,0.511397,0.520001,15589.265625
63,0.509615,0.535324,15755.668945
64,0.506399,0.559728,16088.387695
65,0.493619,0.575315,16338.025391
66,0.470469,0.573131,16570.958984
67,0.440923,0.557998,16820.558594
68,0.420517,0.544537,17070.052734
69,0.413324,0.544089,17302.990234
70,0.412288,0.546905,17552.558594
71,0.414713,0.552080,17802.173828
72,0.416302,0.555940,18034.990234
73,0.419670,0.569259,18284.636719
74,0.428400,0.616494,18534.113281
75,0.447810,0.617563,18783.736328
76,0.473049,0.592525,19016.640625
77,0.497860,0.569088,19266.251953
78,0.541764,0.545658,19515.707031
79,0.605916,0.521934,19765.320312
80,0.661854,0.514976,20014.958984
81,0.706771,0.515732,20297.718750
82,0.742024,0.516832,20530.699219
83,0.771169,0.518336,20780.216797
84,0.800272,0.519367,21029.837891
85,0.836019,0.519076,21262.742188
86,0.872159,0.523889,21512.330078
87,0.858357,0.531318,21778.410156
88,0.835727,0.525081,22028.083984
89,0.811131,0.515814,22277.683594
90,0.802911,0.511286,22510.519531
91,0.812951,0.510968,22760.068359
92,0.825460,0.511013,23026.322266
93,0.851132,0.509822,23259.294922
94,0.886986,0.509664,23508.777344
95,0.929320,0.514627,23758.406250
96,0.964503,0.522340,24007.900391
97,0.974907,0.525502,24257.492188
98,0.968206,0.526655,24507.003906
99,0.961332,0.528849,24756.613281
0,0.750283,0.470825,0.008278
1,0.750319,0.478090,266.285278
2,0.726626,0.510099,515.761230
3,0.658276,0.525084,765.412170
4,0.608237,0.523192,1014.966248
5,0.557018,0.523650,1264.549316
6,0.511595,0.518838,1514.100342
7,0.488235,0.512973,1763.670410
8,0.472781,0.506291,2013.277588
9,0.496988,0.499467,2262.764404
10,0.544781,0.501165,2512.390625
11,0.610175,0.496992,2761.856445
12,0.663191,0.498231,3011.499756
13,0.698967,0.490232,3260.981445
14,0.731503,0.482731,3510.587891
15,0.776670,0.481490,3760.202637
16,0.815148,0.482710,4009.722656
17,0.832176,0.485272,4259.380371
18,0.824602,0.476680,4508.835449
19,0.819606,0.473436,4758.443848
20,0.826572,0.471506,5007.973145
21,0.849406,0.475594,5257.476074
22,0.874298,0.478488,5507.101074
23,0.897904,0.482917,5756.697266
24,0.937416,0.485600,6006.243164
25,0.952905,0.490277,6255.823242
26,0.929829,0.495891,6505.267578
27,0.894676,0.511547,6754.941406
28,0.865217,0.545794,7004.538086
29,0.830360,0.556313,7254.061523
30,0.796430,0.535443,7503.643066
31,0.763159,0.514051,7753.235840
32,0.716153,0.498922,8002.781250
33,0.675073,0.501811,8252.293945
34,0.633527,0.503728,8518.502930
35,0.598000,0.513176,8751.361328
36,0.557199,0.521266,9017.641602
37,0.522107,0.539119,9267.159180
38,0.485160,0.563000,9500.166016
39,0.455197,0.582956,9766.361328
40,0.443753,0.603085,10015.913086
41,0.442083,0.633536,10265.466797
42,0.447897,0.681864,10515.011719
43,0.452255,0.722869,10764.582031
44,0.445804,0.665480,11014.092773
45,0.431814,0.658351,11263.737305
46,0.344087,0.683113,11513.248047
47,0.277013,0.666366,11762.876953
48,0.248126,0.658424,12012.364258
49,0.300348,0.620314,12261.981445
50,0.417103,0.604249,12594.717773
51,0.442241,0.584629,12844.337891
52,0.411171,0.550578,13093.848633
53,0.366310,0.527908,13343.336914
54,0.324058,0.515787,13576.328125
55,0.278802,0.510289,13825.968750
56,0.228489,0.523404,14075.432617
57,0.181559,0.528398,14325.079102
58,0.192238,0.539560,14557.968750
59,0.209931,0.548138,14807.556641
60,0.215679,0.558854,15040.427734
61,0.225066,0.541672,15290.063477
62,0.217750,0.521614,15539.550781
63,0.163587,0.525097,15772.548828
64,0.119274,0.524465,16022.074219
65,0.088207,0.515440,16255.053711
66,0.060838,0.512121,16504.566406
67,0.041778,0.513938,16754.169922
68,0.016539,0.543800,17003.658203
69,0.008263,0.614744,17253.289062
70,0.992523,0.679543,17502.740234
71,0.948611,0.740348,17785.630859
72,0.924358,0.788081,18018.501953
73,0.908559,0.827053,18268.173828
74,0.892807,0.858804,18517.736328
75,0.864256,0.891341,18750.660156
76,0.837310,0.910277,19000.287109
77,0.810685,0.918295,19266.396484
78,0.819298,0.918058,19516.007812
79,0.872123,0.896191,19765.457031
80,0.935762,0.855600,20048.375000
81,0.016802,0.829348,20281.230469
82,0.102647,0.840396,20530.828125
83,0.172254,0.861246,20780.445312
84,0.235615,0.877542,21029.960938
85,0.294730,0.894377,21279.621094
86,0.343069,0.904546,21529.101562
87,0.400946,0.909041,21778.748047
88,0.447407,0.911240,22028.250000
89,0.471027,0.912240,22261.228516
90,0.498805,0.895789,22527.298828
91,0.551073,0.854743,22776.921875
92,0.516437,0.751657,23009.835938
93,0.498300,0.617901,23259.417969
94,0.468901,0.633075,23508.939453
95,0.400844,0.678009,23775.193359
96,0.350281,0.680440,24024.851562
97,0.304858,0.643811,24274.285156
98,0.274068,0.597365,24507.205078
99,0.251924,0.554450,24756.853516
0,0.749975,0.512105,0.032904
1,0.749768,0.512524,266.267944
2,0.749590,0.513865,515.916199
3,0.750093,0.518191,765.337280
4,0.751230,0.528049,1015.023010
5,0.758318,0.543068,1264.482056
6,0.762008,0.561109,1514.082031
7,0.759626,0.605878,1763.566528
8,0.767606,0.657027,2013.187500
9,0.774960,0.695412,2262.688477
10,0.783184,0.714307,2512.305908
11,0.807519,0.724569,2761.866211
12,0.840121,0.726486,3011.557373
13,0.861089,0.725049,3261.056641
14,0.889567,0.717659,3510.612549
15,0.926395,0.693249,3760.217041
16,0.954574,0.671950,4009.664795
17,0.978395,0.675298,4259.311523
18,0.007835,0.673539,4508.784180
19,0.025072,0.674307,4758.457031
20,0.032489,0.670971,5007.902344
21,0.036720,0.641153,5274.172852
22,0.043599,0.580635,5507.031250
23,0.052203,0.541477,5756.669922
24,0.055175,0.532172,6006.144531
25,0.056587,0.534605,6255.750488
26,0.056058,0.535721,6505.412598
27,0.053222,0.535504,6754.885742
28,0.039805,0.532423,7004.557617
29,0.012311,0.530396,7254.028809
30,0.971760,0.524737,7503.659668
31,0.929090,0.520197,7786.383301
32,0.897094,0.526077,8002.746094
33,0.867276,0.521066,8285.669922
34,0.827208,0.510848,8518.539062
35,0.772575,0.506183,8751.373047
36,0.731361,0.497927,9000.970703
37,0.686788,0.484525,9250.588867
38,0.646596,0.484359,9500.101562
39,0.624590,0.480994,9782.957031
40,0.615315,0.479178,10015.873047
41,0.597932,0.481572,10282.077148
42,0.563473,0.491769,10531.631836
43,0.529918,0.493927,10764.628906
44,0.506906,0.490641,11014.070312
45,0.488138,0.492569,11263.728516
46,0.476992,0.496892,11513.187500
47,0.473457,0.499677,11762.875977
48,0.477500,0.500463,12012.465820
49,0.467465,0.501101,12261.937500
50,0.418042,0.506460,12511.613281
51,0.369479,0.507920,12761.050781
52,0.317967,0.506965,13010.722656
53,0.277831,0.515015,13260.162109
54,0.244413,0.528425,13592.923828
55,0.226715,0.530915,13842.561523
56,0.203836,0.527973,14092.031250
57,0.186869,0.522162,14325.051758
58,0.178024,0.518169,14574.543945
59,0.167883,0.520378,14824.141602
60,0.167495,0.523426,15073.675781
61,0.169010,0.523173,15306.684570
62,0.177075,0.519302,15556.139648
63,0.194800,0.517024,15805.791992
64,0.228637,0.504594,16038.685547
65,0.279927,0.487254,16288.244141
66,0.329932,0.482049,16537.757812
67,0.372308,0.476755,16770.802734
68,0.409332,0.476460,17037.046875
69,0.457526,0.479172,17269.873047
70,0.506471,0.473840,17519.541016
71,0.548182,0.472758,17768.996094
72,0.586774,0.472189,18018.611328
73,0.618292,0.472376,18268.156250
74,0.640792,0.470063,18517.613281
75,0.658583,0.472807,18767.242188
76,0.688564,0.476363,19016.859375
77,0.722161,0.478929,19266.332031
78,0.756314,0.482965,19516.019531
79,0.805158,0.479220,19765.447266
80,0.845569,0.480167,20015.142578
81,0.901608,0.487452,20264.623047
82,0.948271,0.478306,20514.228516
83,0.987804,0.481443,20763.865234
84,0.018872,0.487632,21013.310547
85,0.038566,0.491473,21262.933594
86,0.053525,0.497088,21545.673828
87,0.068067,0.503222,21795.345703
88,0.076641,0.506141,22028.166016
89,0.076017,0.505719,22277.824219
90,0.071137,0.503277,22527.335938
91,0.064817,0.499232,22760.281250
92,0.057920,0.499563,23026.531250
93,0.049507,0.494702,23292.652344
94,0.039492,0.491549,23542.333984
95,0.027408,0.490701,23791.822266
96,0.019576,0.489228,24024.820312
97,0.008564,0.486407,24274.306641
98,0.001228,0.484371,24523.953125
99,0.997379,0.486894,24756.798828
0,0.749908,0.534797,0.009740
1,0.749767,0.536313,266.098694
2,0.751566,0.545919,515.648438
3,0.754341,0.568780,765.154480
4,0.749922,0.617607,1014.791687
5,0.726834,0.667106,1264.279785
6,0.694581,0.731154,1513.863037
7,0.659743,0.765167,1763.388306
8,0.634513,0.794966,2013.004517
9,0.608931,0.816165,2262.636719
10,0.580911,0.817076,2512.104004
11,0.580758,0.816204,2761.790283
12,0.602458,0.808235,3011.278320
13,0.614750,0.776956,3260.846436
14,0.622745,0.715005,3510.376953
15,0.623542,0.640778,3759.979004
16,0.616291,0.571043,4009.450195
17,0.606497,0.506962,4259.097168
18,0.589208,0.456698,4508.575684
19,0.592020,0.399474,4758.136719
20,0.619055,0.354478,5007.648926
21,0.660397,0.365460,5257.321289
22,0.715632,0.429358,5506.866211
23,0.766380,0.462067,5756.397461
24,0.818471,0.478865,6005.892090
25,0.864781,0.486064,6255.476562
26,0.909704,0.493818,6588.244629
27,0.969101,0.501991,6804.618164
28,0.038019,0.513837,7037.504883
29,0.083317,0.525424,7270.353516
30,0.100838,0.533037,7503.334473
31,0.110886,0.536855,7786.189941
32,0.134264,0.535206,8002.416992
33,0.173991,0.531725,8268.720703
34,0.201040,0.529330,8501.586914
35,0.210661,0.541536,8751.134766
36,0.222173,0.541428,9083.814453
37,0.238473,0.543429,9316.788086
38,0.252056,0.548176,9533.013672
39,0.268390,0.541686,9766.007812
40,0.285951,0.529593,10048.765625
41,0.296237,0.526711,10265.090820
42,0.292928,0.550722,10531.403320
43,0.288504,0.585397,10764.221680
44,0.281249,0.619168,11013.716797
45,0.266773,0.639637,11263.312500
46,0.241612,0.597868,11596.045898
47,0.212063,0.532482,11812.330078
48,0.180157,0.467391,12045.344727
49,0.149963,0.389539,12278.154297
50,0.113539,0.325340,12511.142578
51,0.071916,0.285908,12760.677734
52,0.040600,0.288305,13026.916016
53,0.017051,0.307743,13259.815430
54,0.990209,0.352231,13542.684570
55,0.955078,0.404167,13758.891602
56,0.919552,0.422053,14008.553711
57,0.881738,0.427980,14257.985352
58,0.847785,0.429081,14574.106445
59,0.816868,0.435981,14807.090820
60,0.783740,0.439198,15039.958984
61,0.753869,0.442477,15272.981445
62,0.713509,0.447995,15505.820312
63,0.690467,0.454135,15788.715820
64,0.670340,0.469586,16021.541016
65,0.647793,0.481966,16271.151367
66,0.629884,0.482342,16504.089844
67,0.621825,0.485275,16770.269531
68,0.611754,0.492521,17003.179688
69,0.602318,0.495760,17252.769531
70,0.581154,0.500793,17502.246094
71,0.559456,0.507752,17751.871094
72,0.536854,0.509253,18068.017578
73,0.517422,0.514551,18300.921875
74,0.494608,0.519401,18517.205078
75,0.481388,0.518008,18750.115234
76,0.472073,0.514539,19049.625000
77,0.459798,0.515052,19265.876953
78,0.453287,0.544183,19532.072266
79,0.464493,0.585888,19764.943359
80,0.482035,0.605443,20014.539062
81,0.507976,0.604109,20347.281250
82,0.533547,0.592161,20580.189453
83,0.555999,0.580400,20796.523438
84,0.582263,0.571890,21029.400391
85,0.609556,0.563547,21262.419922
86,0.626916,0.544140,21528.527344
87,0.648023,0.525779,21761.484375
88,0.671265,0.522088,22027.638672
89,0.700140,0.515967,22260.607422
90,0.728847,0.493241,22510.138672
91,0.746264,0.457191,22759.705078
92,0.764728,0.430397,23075.849609
93,0.797345,0.440080,23308.685547
94,0.819894,0.466535,23525.109375
95,0.841068,0.492079,23757.984375
96,0.873041,0.515867,24024.201172
97,0.903078,0.527756,24257.109375
98,0.923829,0.528570,24523.328125
99,0.940643,0.528661,24756.189453
0,0.750178,0.475514,-0.015591
1,0.750232,0.475636,266.087646
2,0.750306,0.476210,515.751648
3,0.751346,0.476954,765.325928
4,0.763882,0.483353,1014.839966
5,0.779298,0.507181,1264.536987
6,0.789867,0.545170,1513.958618
7,0.803034,0.590056,1763.643188
8,0.816379,0.633240,2013.028198
9,0.831170,0.673220,2262.724854
10,0.848114,0.695755,2512.207031
11,0.866684,0.674025,2761.752441
12,0.887241,0.638357,3011.313232
13,0.908910,0.607879,3260.891113
14,0.932055,0.595508,3510.364258
15,0.954488,0.598013,3759.973389
16,0.973981,0.601846,4009.672607
17,0.990559,0.586517,4259.191406
18,0.008473,0.571777,4508.713867
19,0.022400,0.564151,4758.272949
20,0.035634,0.557646,5007.852539
21,0.056939,0.551060,5257.336914
22,0.074505,0.546800,5506.921875
23,0.088726,0.547604,5756.434082
24,0.105216,0.547931,6006.128418
25,0.124074,0.548048,6255.523438
26,0.144334,0.543132,6505.143555
27,0.164554,0.535071,6754.652344
28,0.183643,0.523488,7004.299805
29,0.200664,0.516870,7253.906738
30,0.209068,0.517889,7503.396484
31,0.208421,0.520692,7753.032227
32,0.208355,0.528774,8002.467285
33,0.215628,0.532664,8252.144531
34,0.237761,0.530469,8501.590820
35,0.259994,0.524691,8751.250000
36,0.278527,0.517192,9000.735352
37,0.290674,0.517702,9250.325195
38,0.300041,0.519803,9516.636719
39,0.302716,0.525504,9766.093750
40,0.284099,0.570282,10015.651367
41,0.272068,0.603799,10265.189453
42,0.273874,0.593851,10514.811523
43,0.288449,0.566075,10764.331055
44,0.314915,0.548951,11013.875000
45,0.343757,0.536500,11263.417969
46,0.368128,0.526628,11579.483398
47,0.391131,0.521537,11795.889648
48,0.415232,0.516968,12045.387695
49,0.425523,0.516656,12278.394531
50,0.431327,0.516803,12511.267578
51,0.439830,0.518668,12777.325195
52,0.456095,0.517363,13010.319336
53,0.477077,0.517514,13259.967773
54,0.499938,0.517213,13526.111328
55,0.520517,0.516772,13759.099609
56,0.548564,0.517778,14008.555664
57,0.577379,0.520661,14258.209961
58,0.599132,0.520028,14574.293945
59,0.610884,0.519635,14807.168945
60,0.617922,0.521860,15040.186523
61,0.623962,0.541544,15273.045898
62,0.621392,0.566020,15505.888672
63,0.617451,0.597927,15772.148438
64,0.615804,0.624488,16005.121094
65,0.615326,0.629983,16254.612305
66,0.614675,0.618611,16504.208984
67,0.610526,0.598090,16753.716797
68,0.605617,0.572645,17003.337891
69,0.597128,0.546370,17336.167969
70,0.588814,0.528665,17568.937500
71,0.593959,0.513109,17801.914062
72,0.611802,0.496285,18034.804688
73,0.642037,0.481072,18267.775391
74,0.682677,0.468346,18500.664062
75,0.719481,0.468341,18783.527344
76,0.759384,0.474688,19016.419922
77,0.788655,0.482949,19299.275391
78,0.810041,0.489686,19515.533203
79,0.822448,0.501570,19781.730469
80,0.842204,0.502311,20014.625000
81,0.845630,0.504322,20264.230469
82,0.809366,0.497167,20597.005859
83,0.775919,0.487731,20829.837891
84,0.742249,0.485393,21046.150391
85,0.711339,0.480427,21279.107422
86,0.687962,0.478279,21512.126953
87,0.671071,0.478152,21794.849609
88,0.651794,0.472366,22027.787109
89,0.627694,0.466778,22293.902344
90,0.606704,0.460302,22526.923828
91,0.585858,0.451893,22759.775391
92,0.572658,0.446066,23009.394531
93,0.571992,0.444893,23258.875000
94,0.580091,0.445933,23574.984375
95,0.591893,0.448190,23791.414062
96,0.602445,0.451347,24024.253906
97,0.612361,0.458396,24257.263672
98,0.622137,0.463645,24523.369141
99,0.630939,0.466623,24756.363281
0,0.749789,0.539077,0.006697
1,0.749533,0.540940,266.120087
2,0.739012,0.542294,515.758728
3,0.682007,0.548262,765.264404
4,0.622847,0.560648,1014.808411
5,0.583472,0.575941,1264.385986
6,0.560681,0.596953,1513.946533
7,0.573394,0.606669,1763.454346
8,0.661580,0.669862,2013.105591
9,0.731770,0.734536,2262.532715
10,0.780650,0.761007,2512.275391
11,0.815064,0.813843,2761.797119
12,0.838306,0.859668,3011.346924
13,0.863700,0.817370,3260.945801
14,0.896764,0.680419,3510.424316
15,0.918468,0.580529,3760.062500
16,0.963948,0.553743,4009.554688
17,0.002986,0.549142,4259.180664
18,0.042597,0.547440,4508.617188
19,0.068548,0.542271,4774.930664
20,0.079981,0.533066,5024.521484
21,0.104745,0.529528,5257.423340
22,0.136514,0.552680,5507.021484
23,0.165938,0.581322,5756.527832
24,0.179798,0.583014,6039.257324
25,0.192768,0.549223,6272.254883
26,0.189308,0.509735,6521.847168
27,0.148929,0.493445,6771.403809
28,0.055075,0.523189,7020.994141
29,0.992923,0.544208,7253.823730
30,0.968404,0.541195,7520.084961
31,0.964823,0.548496,7769.686523
32,0.976531,0.565280,8019.229004
33,0.004639,0.559747,8268.801758
34,0.081300,0.553624,8501.723633
35,0.186381,0.553635,8751.227539
36,0.260799,0.560019,9000.806641
37,0.300146,0.559028,9250.470703
38,0.326241,0.539782,9516.590820
39,0.334153,0.518557,9766.188477
40,0.329970,0.485777,10015.701172
41,0.311302,0.439274,10265.327148
42,0.290976,0.384025,10514.765625
43,0.277231,0.353729,10764.395508
44,0.262326,0.358888,11014.004883
45,0.262553,0.406626,11280.166016
46,0.282944,0.481394,11513.170898
47,0.316526,0.531904,11762.631836
48,0.341663,0.545267,12012.249023
49,0.341780,0.543295,12261.723633
50,0.322067,0.538871,12511.392578
51,0.272654,0.562605,12760.886719
52,0.211972,0.606411,13010.521484
53,0.183581,0.627958,13260.003906
54,0.185566,0.649355,13509.605469
55,0.193348,0.659540,13842.366211
56,0.217355,0.656346,14008.734375
57,0.278030,0.648623,14258.352539
58,0.310552,0.658066,14591.066406
59,0.319249,0.670555,14823.939453
60,0.306892,0.635600,15073.593750
61,0.294446,0.588012,15323.049805
62,0.270126,0.545246,15572.709961
63,0.221369,0.537077,15822.160156
64,0.185038,0.548072,16055.166016
65,0.164557,0.552072,16304.700195
66,0.152144,0.548998,16537.691406
67,0.131382,0.549691,16787.138672
68,0.106360,0.550377,17020.142578
69,0.088081,0.556464,17286.263672
70,0.073452,0.559440,17519.253906
71,0.074983,0.553937,17752.138672
72,0.080872,0.548497,18001.808594
73,0.088472,0.545417,18284.501953
74,0.085723,0.553813,18534.111328
75,0.055044,0.551257,18766.998047
76,0.003199,0.560385,19000.037109
77,0.954789,0.559009,19299.519531
78,0.905979,0.557385,19515.779297
79,0.874199,0.565063,19781.990234
80,0.850928,0.564684,20048.123047
81,0.831739,0.559765,20281.011719
82,0.810033,0.551404,20530.617188
83,0.779746,0.549292,20763.578125
84,0.743420,0.525406,21013.142578
85,0.698300,0.503216,21262.730469
86,0.649709,0.512449,21512.232422
87,0.629640,0.548684,21761.873047
88,0.614516,0.576299,22011.302734
89,0.601587,0.599812,22260.964844
90,0.598841,0.610603,22510.605469
91,0.586751,0.611393,22760.101562
92,0.569153,0.610203,23009.687500
93,0.556219,0.608212,23259.169922
94,0.572212,0.597025,23508.857422
95,0.641016,0.596333,23758.291016
96,0.705474,0.585787,24007.947266
97,0.736319,0.573030,24257.388672
98,0.773849,0.557831,24507.076172
99,0.795116,0.550217,24756.511719
0,0.748277,0.460754,0.026562
1,0.747320,0.461557,266.230499
2,0.746979,0.473696,515.772217
3,0.748643,0.511940,765.379639
4,0.753094,0.557142,1014.932190
5,0.756639,0.590856,1264.456055
6,0.755735,0.626211,1514.031738
7,0.746055,0.698368,1763.598389
8,0.739388,0.758973,2013.173218
9,0.722182,0.805534,2262.724609
10,0.714092,0.847102,2512.315674
11,0.707025,0.888015,2761.874023
12,0.696520,0.916254,3011.449219
13,0.676169,0.934990,3260.983887
14,0.631039,0.942212,3510.551270
15,0.584992,0.937850,3760.112061
16,0.552036,0.933436,4009.670166
17,0.513693,0.929204,4259.277344
18,0.490966,0.917171,4508.786621
19,0.495670,0.882201,4758.369141
20,0.489030,0.829529,5007.935547
21,0.487147,0.782987,5257.498047
22,0.485391,0.742121,5507.041992
23,0.479613,0.709070,5756.622559
24,0.478545,0.697213,6006.224121
25,0.483819,0.681162,6255.748535
26,0.488592,0.667003,6505.339355
27,0.484630,0.656441,6754.870605
28,0.457443,0.643401,7004.438965
29,0.454384,0.641603,7253.988281
30,0.457182,0.638634,7503.598633
31,0.462498,0.634886,7753.165527
32,0.469977,0.628220,8002.695312
33,0.475034,0.620192,8252.272461
34,0.471381,0.619776,8501.818359
35,0.456468,0.623523,8751.417969
36,0.447340,0.621756,9000.944336
37,0.437491,0.620222,9250.495117
38,0.429386,0.618840,9500.063477
39,0.425923,0.616768,9766.306641
40,0.423921,0.616417,10015.870117
41,0.416405,0.614627,10265.425781
42,0.401761,0.608669,10514.962891
43,0.394205,0.607279,10764.526367
44,0.391450,0.606844,11014.093750
45,0.390899,0.608468,11263.680664
46,0.382518,0.606818,11513.235352
47,0.372545,0.606068,11762.791992
48,0.360712,0.594969,12012.351562
49,0.347469,0.583310,12261.950195
50,0.330390,0.559631,12511.477539
51,0.310998,0.552369,12761.035156
52,0.302482,0.552407,13010.611328
53,0.309823,0.555930,13260.187500
54,0.328691,0.555548,13509.750977
55,0.360120,0.547920,13759.293945
56,0.389769,0.546884,14008.875000
57,0.418438,0.545439,14258.454102
58,0.449303,0.549589,14507.985352
59,0.473939,0.548702,14757.557617
60,0.502583,0.545860,15007.151367
61,0.534601,0.540680,15256.673828
62,0.561657,0.537979,15506.240234
63,0.584147,0.534089,15755.814453
64,0.609606,0.530466,16005.381836
65,0.639126,0.528194,16254.938477
66,0.665237,0.529842,16504.509766
67,0.692496,0.527714,16754.085938
68,0.720550,0.528262,17003.621094
69,0.742157,0.528089,17253.191406
70,0.761142,0.530902,17502.771484
71,0.781900,0.529342,17752.314453
72,0.804634,0.522421,18001.880859
73,0.828546,0.519298,18251.464844
74,0.853853,0.515269,18501.017578
75,0.881921,0.511739,18750.582031
76,0.916821,0.513708,19000.148438
77,0.942765,0.516528,19266.355469
78,0.962703,0.511794,19515.914062
79,0.983812,0.515678,19765.476562
80,0.007424,0.518181,20015.039062
81,0.029048,0.516912,20264.599609
82,0.038910,0.527454,20514.160156
83,0.045760,0.540319,20763.734375
84,0.063916,0.559654,21013.294922
85,0.083026,0.585257,21262.861328
86,0.106576,0.599017,21512.423828
87,0.129185,0.590466,21761.970703
88,0.144272,0.560660,22011.550781
89,0.158158,0.537664,22261.113281
90,0.171818,0.524058,22510.669922
91,0.183381,0.511420,22760.230469
92,0.191052,0.503956,23009.824219
93,0.190357,0.507580,23259.373047
94,0.183905,0.511805,23508.933594
95,0.173637,0.518300,23758.490234
96,0.157860,0.525851,24008.064453
97,0.134938,0.536069,24257.607422
98,0.110110,0.545268,24507.183594
99,0.090801,0.549203,24756.746094
0,0.746970,0.487194,0.042477
1,0.745176,0.489409,266.246124
2,0.739106,0.497743,515.816895
3,0.700191,0.502176,765.450989
4,0.647412,0.474608,1014.918457
5,0.627647,0.488902,1264.532593
6,0.617697,0.516191,1514.081055
7,0.608013,0.527788,1763.614258
8,0.592982,0.551326,2013.193481
9,0.560499,0.602699,2262.728516
10,0.530971,0.631317,2512.352539
11,0.506018,0.645822,2761.861084
12,0.506644,0.665875,3011.551514
13,0.532593,0.703524,3261.020752
14,0.531773,0.714199,3510.576172
15,0.510799,0.713055,3760.145752
16,0.535117,0.735482,4009.688232
17,0.527107,0.795906,4259.303711
18,0.480712,0.827247,4508.910156
19,0.443916,0.834469,4758.421875
20,0.406634,0.794850,5007.942383
21,0.390870,0.752161,5257.576172
22,0.385506,0.724244,5507.150879
23,0.390658,0.667821,5756.630859
24,0.394068,0.596327,6006.264648
25,0.393929,0.551460,6255.789551
26,0.388481,0.521435,6505.391602
27,0.378540,0.502672,6754.903809
28,0.370359,0.500419,7004.495605
29,0.369758,0.500536,7254.034668
30,0.387201,0.508776,7503.643555
31,0.450622,0.513869,7753.204102
32,0.493299,0.511205,8002.754395
33,0.495875,0.516984,8252.312500
34,0.444370,0.521583,8501.821289
35,0.324270,0.510577,8751.430664
36,0.259798,0.523569,9000.955078
37,0.238576,0.546844,9250.549805
38,0.225853,0.569158,9500.096680
39,0.222091,0.580784,9766.292969
40,0.224372,0.582573,10015.862305
41,0.222093,0.580208,10265.417969
42,0.220395,0.573874,10514.972656
43,0.221912,0.565766,10764.554688
44,0.213311,0.554066,11014.125000
45,0.201742,0.535348,11263.683594
46,0.183033,0.527848,11513.263672
47,0.158578,0.523800,11762.803711
48,0.138850,0.524693,12012.357422
49,0.119530,0.523995,12261.940430
50,0.097700,0.521647,12511.503906
51,0.076137,0.518630,12761.042969
52,0.060821,0.519030,13010.678711
53,0.053101,0.520005,13260.196289
54,0.038295,0.515187,13509.740234
55,0.023195,0.518014,13759.363281
56,0.008251,0.519417,14008.896484
57,0.998986,0.516306,14258.434570
58,0.991986,0.520615,14508.025391
59,0.988011,0.523442,14757.589844
60,0.990615,0.523017,15007.142578
61,0.994412,0.521139,15256.683594
62,0.002850,0.516569,15506.256836
63,0.015522,0.507862,15755.829102
64,0.020436,0.492520,16005.384766
65,0.024824,0.483128,16254.957031
66,0.030348,0.480925,16504.509766
67,0.031228,0.490845,16754.070312
68,0.030934,0.499918,17003.632812
69,0.034671,0.504839,17253.218750
70,0.041575,0.507108,17502.783203
71,0.047476,0.507185,17752.343750
72,0.055034,0.504982,18001.923828
73,0.059760,0.500219,18251.472656
74,0.065563,0.489840,18501.029297
75,0.072625,0.466147,18750.621094
76,0.097734,0.436627,19000.179688
77,0.121555,0.391179,19266.363281
78,0.123677,0.333473,19515.917969
79,0.118386,0.269086,19765.492188
80,0.117496,0.238271,20015.066406
81,0.119573,0.240324,20264.597656
82,0.126659,0.280708,20514.197266
83,0.130312,0.337443,20763.746094
84,0.127571,0.429922,21013.296875
85,0.116627,0.518742,21262.859375
86,0.111740,0.547737,21512.437500
87,0.106630,0.551565,21761.974609
88,0.102534,0.549426,22011.548828
89,0.098424,0.549568,22261.113281
90,0.095036,0.549458,22510.687500
91,0.094991,0.548288,22760.281250
92,0.095897,0.547519,23009.824219
93,0.108864,0.552427,23259.378906
94,0.149468,0.585425,23508.953125
95,0.169325,0.641647,23758.533203
96,0.176411,0.693909,24008.089844
97,0.173239,0.701756,24257.625000
98,0.176192,0.687040,24507.197266
99,0.183364,0.665031,24756.750000
0,0.751707,0.498075,-0.007110
1,0.750872,0.507625,266.272797
2,0.751094,0.554592,515.792480
3,0.761392,0.605626,765.348267
4,0.795307,0.671008,1014.919617
5,0.832885,0.713116,1264.549561
6,0.828552,0.728369,1514.067017
7,0.798538,0.761804,1763.561768
8,0.796019,0.777306,2013.192017
9,0.856858,0.762107,2262.756348
10,0.886370,0.753787,2512.245605
11,0.890318,0.758785,2761.949463
12,0.883334,0.763138,3011.481445
13,0.875657,0.762914,3261.058594
14,0.869489,0.761730,3510.569092
15,0.874208,0.762354,3760.166260
16,0.872368,0.746778,4009.672119
17,0.869020,0.682860,4259.201172
18,0.864321,0.628526,4508.836914
19,0.866841,0.553147,4758.321777
20,0.861051,0.513760,5007.985840
21,0.864784,0.490053,5257.494141
22,0.850061,0.486657,5507.101562
23,0.799665,0.481074,5756.629395
24,0.759668,0.475685,6006.171387
25,0.756105,0.470741,6255.749023
26,0.792232,0.459403,6505.319336
27,0.816928,0.454067,6754.957031
28,0.809170,0.453439,7004.418457
29,0.781433,0.454700,7254.018555
30,0.726245,0.460630,7503.591309
31,0.651349,0.466764,7753.121582
32,0.595435,0.473215,8002.725586
33,0.551068,0.472967,8252.310547
34,0.529260,0.484960,8501.833008
35,0.503970,0.509221,8751.342773
36,0.489473,0.534743,9000.996094
37,0.486969,0.546835,9250.488281
38,0.483089,0.541456,9500.158203
39,0.477968,0.568698,9766.310547
40,0.469603,0.660105,10015.843750
41,0.439664,0.689836,10265.426758
42,0.407660,0.654482,10515.043945
43,0.385875,0.601710,10764.512695
44,0.369102,0.574635,11014.175781
45,0.346279,0.561024,11263.629883
46,0.329148,0.551103,11513.289062
47,0.307242,0.544990,11762.799805
48,0.272584,0.526471,12012.410156
49,0.235465,0.506792,12261.944336
50,0.208528,0.494508,12511.459961
51,0.194499,0.459733,12761.069336
52,0.185159,0.450253,13010.616211
53,0.190187,0.449583,13260.245117
54,0.211268,0.459544,13509.699219
55,0.251201,0.467530,13759.322266
56,0.312705,0.475278,14008.826172
57,0.353636,0.486123,14258.410156
58,0.382323,0.495891,14508.032227
59,0.409661,0.511563,14757.544922
60,0.437093,0.518088,15007.134766
61,0.453393,0.504414,15256.669922
62,0.473286,0.484974,15506.319336
63,0.512305,0.473463,15755.771484
64,0.541701,0.455352,16005.338867
65,0.544752,0.448073,16254.901367
66,0.542350,0.453773,16504.544922
67,0.539166,0.455887,16754.091797
68,0.528380,0.465675,17003.652344
69,0.509287,0.466882,17253.269531
70,0.482700,0.464744,17502.750000
71,0.454568,0.463282,17752.320312
72,0.433562,0.463116,18001.849609
73,0.404656,0.465620,18251.542969
74,0.353349,0.477356,18501.082031
75,0.301386,0.485532,18750.541016
76,0.235870,0.481922,19000.175781
77,0.181847,0.470598,19266.427734
78,0.150650,0.452836,19515.869141
79,0.136610,0.455263,19765.474609
80,0.121174,0.457134,20015.003906
81,0.091134,0.444237,20264.609375
82,0.073246,0.437152,20514.210938
83,0.074125,0.443374,20763.705078
84,0.088775,0.452863,21013.330078
85,0.101624,0.463481,21262.867188
86,0.112003,0.473816,21512.373047
87,0.152194,0.489571,21762.007812
88,0.244559,0.499187,22011.519531
89,0.315891,0.507230,22261.080078
90,0.342707,0.514377,22510.650391
91,0.359086,0.510592,22760.298828
92,0.379414,0.513659,23009.800781
93,0.413491,0.520421,23259.332031
94,0.458403,0.520362,23509.005859
95,0.503663,0.527734,23758.511719
96,0.537203,0.537994,24008.095703
97,0.568790,0.536750,24257.611328
98,0.592058,0.536971,24507.183594
99,0.607962,0.539708,24756.724609
0,0.750248,0.519979,0.052280
1,0.750104,0.521564,266.120148
2,0.749704,0.522021,515.773987
3,0.749673,0.526700,765.362183
4,0.749834,0.540704,1014.867859
5,0.713866,0.571685,1264.508301
6,0.631662,0.582543,1513.988037
7,0.568623,0.556966,1763.646851
8,0.545862,0.544303,2013.079346
9,0.529289,0.545703,2262.737061
10,0.506255,0.550841,2512.187988
11,0.490656,0.560796,2761.835449
12,0.479038,0.591509,3011.299561
13,0.499033,0.624922,3260.945801
14,0.558312,0.635621,3510.427979
15,0.615377,0.610016,3760.108887
16,0.648735,0.581533,4009.634766
17,0.667491,0.555497,4259.200684
18,0.689611,0.539847,4508.665039
19,0.724650,0.526181,4758.289062
20,0.783855,0.508609,5008.001953
21,0.843503,0.494993,5257.404297
22,0.889931,0.492589,5507.067871
23,0.939874,0.491521,5756.619629
24,0.990477,0.489791,6006.168457
25,0.032384,0.500600,6255.618652
26,0.067614,0.511068,6505.288086
27,0.092853,0.517217,6754.777344
28,0.114888,0.535605,7004.404297
29,0.132927,0.547617,7254.029785
30,0.154288,0.552255,7503.472168
31,0.172922,0.542784,7753.154297
32,0.175266,0.535030,8002.599609
33,0.164209,0.540142,8252.237305
34,0.187141,0.542451,8501.824219
35,0.237025,0.537561,8751.441406
36,0.279951,0.519939,9000.843750
37,0.313580,0.519072,9250.457031
38,0.336161,0.522571,9516.561523
39,0.334546,0.547057,9766.200195
40,0.320608,0.583721,10015.843750
41,0.301777,0.602324,10265.326172
42,0.275540,0.598527,10514.925781
43,0.235208,0.588383,10764.450195
44,0.196567,0.577673,11097.197266
45,0.166399,0.566497,11330.186523
46,0.136762,0.557271,11579.668945
47,0.118248,0.551742,11829.315430
48,0.102286,0.548912,12062.207031
49,0.090481,0.548854,12311.775391
50,0.082603,0.557476,12544.630859
51,0.080137,0.567551,12794.291992
52,0.075468,0.569633,13043.744141
53,0.071351,0.571716,13293.427734
54,0.064287,0.569862,13526.289062
55,0.055990,0.563977,13775.909180
56,0.043022,0.560542,14025.411133
57,0.028527,0.560962,14258.384766
58,0.006315,0.556834,14507.843750
59,0.979627,0.546620,14757.530273
60,0.953996,0.537138,15040.352539
61,0.928096,0.526085,15273.254883
62,0.910850,0.519357,15522.827148
63,0.894942,0.511075,15772.387695
64,0.878821,0.504595,16021.963867
65,0.856679,0.503870,16254.814453
66,0.835455,0.505452,16504.449219
67,0.815609,0.507305,16753.927734
68,0.791233,0.504366,17036.816406
69,0.761298,0.500655,17269.681641
70,0.733147,0.504821,17502.708984
71,0.714186,0.510845,17768.816406
72,0.699961,0.512647,18018.451172
73,0.671440,0.518626,18251.332031
74,0.635994,0.533236,18517.556641
75,0.610655,0.538988,18750.437500
76,0.604097,0.543333,19000.052734
77,0.599777,0.548181,19266.333984
78,0.595948,0.553495,19515.791016
79,0.595113,0.560994,19765.435547
80,0.597258,0.563156,20014.927734
81,0.600907,0.560924,20264.556641
82,0.606050,0.558333,20513.986328
83,0.609175,0.557260,20763.656250
84,0.611355,0.558471,21096.384766
85,0.613081,0.561075,21262.740234
86,0.614161,0.562703,21512.390625
87,0.614199,0.564895,21845.150391
88,0.614033,0.566615,22094.611328
89,0.614347,0.567636,22327.640625
90,0.614037,0.568169,22593.759766
91,0.613599,0.569138,22843.373047
92,0.608840,0.554714,23092.851562
93,0.606818,0.534277,23325.830078
94,0.607486,0.531611,23591.943359
95,0.610154,0.532371,23824.988281
96,0.612107,0.532168,24057.857422
97,0.616642,0.525954,24307.470703
98,0.638548,0.508902,24556.978516
99,0.670684,0.486655,24806.546875
0,0.742628,0.524420,0.016613
1,0.732130,0.527320,266.169830
2,0.728334,0.544586,515.815613
3,0.730430,0.582616,765.326294
4,0.732647,0.622208,1014.877075
5,0.737136,0.646267,1264.489746
6,0.742261,0.666357,1514.024170
7,0.747561,0.661484,1763.564697
8,0.764332,0.641618,2013.179688
9,0.785920,0.606599,2262.680908
10,0.813049,0.576892,2512.295898
11,0.844791,0.537280,2761.844971
12,0.870349,0.523536,3011.358398
13,0.894399,0.515294,3260.971436
14,0.924122,0.500263,3510.500000
15,0.958332,0.484723,3760.076172
16,0.984973,0.487065,4009.710938
17,0.998295,0.502788,4259.187012
18,0.015077,0.511261,4508.771973
19,0.037247,0.517426,4758.361328
20,0.062480,0.526241,5007.914551
21,0.080640,0.535171,5257.439453
22,0.090694,0.551619,5507.035645
23,0.087417,0.563873,5756.595215
24,0.081878,0.569582,6006.217773
25,0.078465,0.578819,6255.757812
26,0.072859,0.586836,6505.303711
27,0.061309,0.603859,6754.842773
28,0.050065,0.614983,7004.404785
29,0.048050,0.613625,7254.034668
30,0.046194,0.610801,7503.545898
31,0.041624,0.600575,7753.118164
32,0.041511,0.574399,8002.629395
33,0.027201,0.555226,8252.300781
34,0.997100,0.539665,8501.797852
35,0.955706,0.527216,8751.372070
36,0.889845,0.514255,9000.936523
37,0.815677,0.499973,9250.505859
38,0.739866,0.492267,9500.045898
39,0.666257,0.485781,9766.284180
40,0.609698,0.483759,10015.791992
41,0.562282,0.501965,10265.461914
42,0.510532,0.543515,10514.920898
43,0.467716,0.567677,10764.561523
44,0.438531,0.577262,11014.118164
45,0.422224,0.572009,11263.696289
46,0.405877,0.554469,11513.272461
47,0.398901,0.535856,11762.746094
48,0.422832,0.530978,12012.389648
49,0.445191,0.536309,12261.893555
50,0.455147,0.545507,12511.511719
51,0.450729,0.550458,12761.022461
52,0.451839,0.556116,13010.642578
53,0.451695,0.571145,13260.149414
54,0.450284,0.579302,13509.678711
55,0.457058,0.575108,13759.307617
56,0.465532,0.572238,14008.814453
57,0.479202,0.568818,14258.431641
58,0.509201,0.553981,14507.977539
59,0.543061,0.520048,14757.596680
60,0.576955,0.496219,15007.097656
61,0.604266,0.481858,15256.632812
62,0.602268,0.480788,15506.258789
63,0.530480,0.490943,15755.847656
64,0.408942,0.489381,16005.349609
65,0.312904,0.495657,16254.929688
66,0.260676,0.507031,16504.542969
67,0.224909,0.525161,16754.015625
68,0.217364,0.541711,17003.580078
69,0.228888,0.551172,17253.224609
70,0.254629,0.571343,17502.750000
71,0.327282,0.625834,17752.300781
72,0.429680,0.678203,18001.857422
73,0.527788,0.677353,18251.410156
74,0.615708,0.658333,18500.990234
75,0.669654,0.631834,18750.570312
76,0.694771,0.613279,19000.089844
77,0.711615,0.596160,19266.316406
78,0.722038,0.566300,19515.861328
79,0.722313,0.534337,19765.453125
80,0.705109,0.521951,20015.021484
81,0.689435,0.520469,20264.583984
82,0.691853,0.520507,20514.103516
83,0.716807,0.515846,20763.667969
84,0.759606,0.507760,21013.306641
85,0.793169,0.502010,21262.900391
86,0.810796,0.505909,21512.466797
87,0.821454,0.509395,21761.960938
88,0.837860,0.510820,22011.539062
89,0.861826,0.507655,22261.087891
90,0.888988,0.499438,22510.621094
91,0.915997,0.487072,22760.201172
92,0.931907,0.483392,23009.781250
93,0.943289,0.486539,23259.308594
94,0.950994,0.491427,23508.880859
95,0.954037,0.499667,23758.449219
96,0.953938,0.505498,24008.048828
97,0.952751,0.512978,24257.572266
98,0.951918,0.519542,24507.156250
99,0.953375,0.523405,24756.736328
0,0.749896,0.606566,0.028503
1,0.745733,0.619498,266.226013
2,0.728419,0.656847,515.841614
3,0.703180,0.700766,765.409119
4,0.690367,0.721561,1014.945862
5,0.667984,0.744807,1264.499268
6,0.654788,0.713360,1514.065308
7,0.645729,0.664379,1763.593262
8,0.609658,0.653259,2013.178101
9,0.562012,0.646484,2262.812988
10,0.542490,0.640315,2512.355713
11,0.532181,0.638381,2761.902832
12,0.503814,0.636028,3011.447510
13,0.462775,0.626599,3261.025391
14,0.427463,0.616399,3510.579346
15,0.401805,0.611775,3760.144775
16,0.380176,0.616368,4009.729492
17,0.377312,0.625868,4259.243652
18,0.403392,0.646543,4508.831055
19,0.417867,0.643486,4758.467285
20,0.431246,0.641247,5007.965820
21,0.445936,0.637070,5257.501465
22,0.463315,0.636218,5507.153320
23,0.475524,0.636791,5756.636230
24,0.486298,0.636671,6006.221191
25,0.504367,0.633930,6255.791016
26,0.523251,0.631990,6505.329590
27,0.536711,0.632308,6754.873535
28,0.546128,0.633185,7004.451172
29,0.551402,0.635255,7254.028809
30,0.553397,0.637089,7503.568359
31,0.559615,0.636818,7753.157715
32,0.572977,0.633423,8002.758301
33,0.595300,0.628445,8252.275391
34,0.623016,0.622160,8501.841797
35,0.673992,0.615431,8751.404297
36,0.762962,0.607172,9000.963867
37,0.847035,0.600196,9250.526367
38,0.908536,0.601024,9500.102539
39,0.954124,0.600346,9766.311523
40,0.987749,0.601123,10015.854492
41,0.019893,0.600560,10265.425781
42,0.063602,0.601048,10514.982422
43,0.108892,0.597913,10764.553711
44,0.173478,0.587448,11014.105469
45,0.217104,0.580593,11263.675781
46,0.257417,0.579091,11513.245117
47,0.296184,0.584918,11762.794922
48,0.315585,0.593679,12012.399414
49,0.319367,0.590727,12261.934570
50,0.306473,0.594792,12511.500000
51,0.269451,0.622814,12761.050781
52,0.233829,0.643749,13010.616211
53,0.197301,0.659396,13260.179688
54,0.180530,0.662436,13509.744141
55,0.177247,0.665151,13759.331055
56,0.176515,0.659407,14008.863281
57,0.163069,0.648895,14258.448242
58,0.115354,0.631148,14508.004883
59,0.046245,0.610095,14757.574219
60,0.973274,0.610177,15007.133789
61,0.926385,0.621801,15256.714844
62,0.924764,0.617931,15506.260742
63,0.966464,0.615031,15755.809570
64,0.025576,0.610213,16005.390625
65,0.054972,0.607654,16254.954102
66,0.046901,0.598485,16504.535156
67,0.986784,0.590654,16754.072266
68,0.862133,0.574474,17003.644531
69,0.780294,0.572259,17253.240234
70,0.725248,0.576172,17502.769531
71,0.689442,0.580578,17752.326172
72,0.662588,0.592676,18001.914062
73,0.633661,0.600324,18251.468750
74,0.627958,0.606542,18501.031250
75,0.646320,0.610086,18750.583984
76,0.709942,0.608934,19000.150391
77,0.778188,0.603331,19266.388672
78,0.851486,0.602880,19515.921875
79,0.920079,0.598350,19765.498047
80,0.980727,0.589834,20015.039062
81,0.024755,0.589942,20264.613281
82,0.052469,0.596518,20514.197266
83,0.069207,0.602846,20763.736328
84,0.079665,0.612855,21013.289062
85,0.080375,0.618627,21262.886719
86,0.074132,0.621141,21512.466797
87,0.061283,0.620847,21762.039062
88,0.037319,0.616186,22011.568359
89,0.001662,0.594756,22261.121094
90,0.942555,0.517797,22510.703125
91,0.865705,0.477973,22760.242188
92,0.779513,0.515337,23009.839844
93,0.716567,0.563327,23259.367188
94,0.661854,0.585733,23508.964844
95,0.621677,0.593033,23758.521484
96,0.587805,0.605706,24008.072266
97,0.561499,0.615368,24257.638672
98,0.545328,0.618305,24507.195312
99,0.542051,0.615535,24756.765625
0,0.750032,0.589030,-0.043991
1,0.749775,0.591599,266.127686
2,0.748961,0.613795,515.711060
3,0.756051,0.713485,765.304688
4,0.770497,0.768698,1014.807373
5,0.762524,0.765273,1264.364380
6,0.713512,0.724510,1513.994629
7,0.646954,0.654312,1763.541016
8,0.597771,0.594541,2013.069824
9,0.542267,0.569419,2262.682617
10,0.491451,0.558529,2512.266113
11,0.453495,0.560923,2761.819336
12,0.415415,0.561384,3011.313232
13,0.379320,0.553227,3260.932373
14,0.331492,0.565184,3510.447021
15,0.298122,0.563472,3760.039062
16,0.269437,0.568152,4009.650146
17,0.239460,0.576533,4259.180664
18,0.205156,0.574073,4508.746582
19,0.185152,0.569502,4758.263672
20,0.253632,0.597968,5007.887207
21,0.397959,0.608097,5257.412109
22,0.514495,0.589780,5506.954590
23,0.596678,0.580143,5756.544922
24,0.664372,0.573028,6006.138672
25,0.721479,0.572477,6255.687988
26,0.774355,0.574165,6505.203125
27,0.814102,0.572568,6754.841797
28,0.852162,0.566546,7004.373047
29,0.892818,0.561119,7253.912109
30,0.928670,0.548138,7503.517578
31,0.962926,0.544365,7753.144043
32,0.999475,0.547423,8002.666016
33,0.043861,0.553773,8252.170898
34,0.083539,0.558346,8501.764648
35,0.114175,0.555515,8751.375000
36,0.133705,0.556056,9000.841797
37,0.118475,0.578807,9250.422852
38,0.079552,0.605073,9500.005859
39,0.037355,0.624029,9766.204102
40,0.983983,0.662808,10015.742188
41,0.949713,0.676682,10265.289062
42,0.937226,0.678429,10514.940430
43,0.931407,0.663718,10764.447266
44,0.912479,0.679201,11014.006836
45,0.895066,0.777249,11263.640625
46,0.914986,0.801198,11513.166016
47,0.965222,0.741292,11762.740234
48,0.026914,0.554490,12012.239258
49,0.063062,0.470014,12261.839844
50,0.082976,0.461869,12511.472656
51,0.107941,0.488595,12760.942383
52,0.124053,0.511920,13010.530273
53,0.141431,0.536160,13260.069336
54,0.144640,0.548607,13509.695312
55,0.113136,0.587465,13759.216797
56,0.084979,0.591453,14008.844727
57,0.049660,0.569214,14258.410156
58,0.029100,0.560112,14507.917969
59,0.028484,0.553921,14757.474609
60,0.016636,0.549437,15007.056641
61,0.974401,0.556393,15256.640625
62,0.964735,0.559621,15506.139648
63,0.008005,0.560126,15755.779297
64,0.040556,0.559057,16005.274414
65,0.070099,0.562685,16254.914062
66,0.085283,0.565848,16504.423828
67,0.099489,0.565376,16754.000000
68,0.109789,0.569021,17003.583984
69,0.107135,0.571694,17253.083984
70,0.103891,0.572461,17502.691406
71,0.101376,0.572449,17752.308594
72,0.099559,0.572969,18001.792969
73,0.097651,0.573466,18251.365234
74,0.108313,0.570306,18501.025391
75,0.108173,0.573147,18767.115234
76,0.105911,0.574072,19000.087891
77,0.104083,0.574533,19266.236328
78,0.105213,0.576987,19515.900391
79,0.110665,0.579687,19765.361328
80,0.126300,0.582408,20014.996094
81,0.148221,0.581086,20264.537109
82,0.164786,0.576388,20514.115234
83,0.170311,0.571453,20763.675781
84,0.166311,0.566367,21013.183594
85,0.157118,0.563901,21262.779297
86,0.150475,0.564423,21512.310547
87,0.145798,0.562277,21761.960938
88,0.141282,0.562075,22011.441406
89,0.136719,0.562750,22261.113281
90,0.133495,0.562993,22510.603516
91,0.132743,0.562183,22760.160156
92,0.132277,0.562536,23009.705078
93,0.131751,0.563171,23259.349609
94,0.131083,0.563615,23508.867188
95,0.130439,0.564593,23758.386719
96,0.129487,0.565423,24007.955078
97,0.128998,0.565748,24257.525391
98,0.128844,0.566127,24507.080078
99,0.128853,0.566721,24756.669922
0,0.750059,0.603784,-0.000861
1,0.750035,0.604797,266.231812
2,0.750039,0.606045,515.738647
3,0.750062,0.608753,765.326416
4,0.748361,0.655964,1014.878967
5,0.734034,0.764773,1264.465576
6,0.718340,0.823227,1514.079956
7,0.720563,0.841346,1763.601440
8,0.740892,0.794494,2013.220825
9,0.754206,0.682984,2262.687256
10,0.758142,0.608921,2512.322510
11,0.758654,0.563821,2761.815186
12,0.763284,0.543527,3011.372559
13,0.767931,0.539868,3261.045654
14,0.780652,0.537990,3510.614258
15,0.797419,0.544193,3760.116455
16,0.818342,0.557437,4009.631592
17,0.864887,0.556833,4259.241211
18,0.902014,0.560716,4508.823730
19,0.929474,0.583187,4758.382812
20,0.941477,0.658862,5007.928711
21,0.927204,0.734260,5257.440918
22,0.894254,0.793052,5507.116699
23,0.884389,0.813785,5756.562012
24,0.931710,0.777298,6006.180664
25,0.966442,0.722732,6255.710449
26,0.979455,0.680849,6505.267578
27,0.992386,0.637600,6754.904297
28,0.997551,0.609822,7004.415039
29,0.013403,0.585073,7254.004395
30,0.038302,0.563199,7503.521973
31,0.077306,0.550183,7753.190430
32,0.110038,0.546088,8002.636230
33,0.126602,0.556559,8252.293945
34,0.133169,0.577899,8501.872070
35,0.128861,0.592777,8751.385742
36,0.124112,0.593942,9000.950195
37,0.121241,0.597074,9250.457031
38,0.109228,0.596160,9500.094727
39,0.077249,0.592828,9766.284180
40,0.019421,0.594746,10015.803711
41,0.902505,0.597763,10265.415039
42,0.759241,0.570988,10514.974609
43,0.656696,0.551025,10764.611328
44,0.592964,0.553770,11014.077148
45,0.554624,0.560168,11263.621094
46,0.515091,0.578074,11513.294922
47,0.492352,0.591234,11762.751953
48,0.472977,0.601820,12012.424805
49,0.442823,0.612551,12261.960938
50,0.407546,0.621104,12511.527344
51,0.385657,0.615139,12761.068359
52,0.380104,0.586335,13010.561523
53,0.394461,0.552932,13260.165039
54,0.438340,0.564377,13509.723633
55,0.483379,0.586091,13759.352539
56,0.515124,0.601750,14008.823242
57,0.527775,0.623616,14258.458984
58,0.536591,0.628806,14507.951172
59,0.546241,0.620930,14757.519531
60,0.555317,0.629313,15007.077148
61,0.556829,0.700522,15256.747070
62,0.567483,0.785010,15506.230469
63,0.588743,0.819212,15755.764648
64,0.606880,0.799288,16005.455078
65,0.602501,0.709681,16254.921875
66,0.589338,0.668593,16504.460938
67,0.587980,0.663382,16754.031250
68,0.587323,0.660841,17003.740234
69,0.590275,0.654146,17253.181641
70,0.592449,0.651066,17502.707031
71,0.593556,0.648867,17752.404297
72,0.593995,0.649018,18001.888672
73,0.594233,0.645253,18251.451172
74,0.589759,0.628665,18501.031250
75,0.576328,0.583452,18750.640625
76,0.576765,0.513546,19000.099609
77,0.589126,0.460030,19266.316406
78,0.596684,0.465745,19515.919922
79,0.587445,0.515313,19765.447266
80,0.555305,0.548548,20015.027344
81,0.474745,0.591120,20264.628906
82,0.372408,0.594144,20514.169922
83,0.319268,0.548813,20763.726562
84,0.296557,0.539717,21013.255859
85,0.283338,0.566599,21262.826172
86,0.278140,0.630642,21512.414062
87,0.279302,0.668742,21761.962891
88,0.301411,0.688860,22011.533203
89,0.386336,0.688793,22261.132812
90,0.500642,0.639277,22510.720703
91,0.560553,0.597483,22760.257812
92,0.568029,0.586641,23009.785156
93,0.568011,0.581184,23259.357422
94,0.597921,0.566233,23508.933594
95,0.641673,0.568181,23758.451172
96,0.692813,0.563985,24008.097656
97,0.746649,0.546220,24257.652344
98,0.791395,0.535188,24507.234375
99,0.832581,0.529130,24756.701172
0,0.750020,0.499472,-0.017788
1,0.750064,0.500313,266.164154
2,0.749669,0.502016,515.801453
3,0.745661,0.527572,765.360779
4,0.745846,0.566857,1014.839478
5,0.763334,0.614776,1264.432739
6,0.775883,0.645779,1514.001465
7,0.776528,0.651062,1763.581299
8,0.774725,0.645443,2013.125366
9,0.773826,0.641781,2262.670898
10,0.773564,0.636578,2512.281738
11,0.773395,0.627755,2761.791016
12,0.776442,0.618583,3011.439697
13,0.778855,0.609816,3260.969727
14,0.778035,0.598884,3510.475342
15,0.776082,0.588187,3760.082275
16,0.774037,0.578654,4009.669678
17,0.772296,0.569107,4259.217285
18,0.769139,0.560465,4508.717285
19,0.748326,0.555012,4758.327148
20,0.722425,0.551019,5007.898438
21,0.703977,0.548107,5257.463379
22,0.687813,0.546328,5507.020508
23,0.679448,0.545429,5756.560059
24,0.675583,0.542508,6006.153809
25,0.672798,0.540057,6255.659180
26,0.669538,0.539678,6505.305664
27,0.665559,0.539800,6754.837891
28,0.661166,0.538998,7004.484375
29,0.656644,0.538514,7253.913574
30,0.651331,0.538307,7503.589844
31,0.645546,0.538443,7753.061523
32,0.638798,0.538366,8002.635742
33,0.632318,0.537220,8252.230469
34,0.625586,0.535776,8501.889648
35,0.618283,0.535245,8751.360352
36,0.609885,0.535037,9000.882812
37,0.601379,0.534486,9250.515625
38,0.592217,0.535824,9500.008789
39,0.582636,0.537122,9766.203125
40,0.574799,0.537326,10015.759766
41,0.567002,0.536065,10265.361328
42,0.559142,0.535515,10514.979492
43,0.550615,0.536112,10764.502930
44,0.537501,0.537198,11014.038086
45,0.526250,0.540931,11263.584961
46,0.519141,0.546144,11513.148438
47,0.518324,0.550167,11762.715820
48,0.517176,0.557388,12012.345703
49,0.514779,0.568761,12261.917969
50,0.512477,0.587229,12511.514648
51,0.501471,0.630650,12760.959961
52,0.491651,0.646652,13010.621094
53,0.472642,0.661631,13260.121094
54,0.457638,0.674621,13509.705078
55,0.456348,0.689830,13759.216797
56,0.460812,0.715467,14008.863281
57,0.463004,0.726735,14258.403320
58,0.456097,0.721260,14507.945312
59,0.443958,0.716592,14757.566406
60,0.431774,0.708498,15007.080078
61,0.421470,0.697485,15256.659180
62,0.411370,0.689067,15506.192383
63,0.403327,0.682859,15755.843750
64,0.398121,0.671870,16005.356445
65,0.392009,0.657660,16254.863281
66,0.386611,0.637020,16504.458984
67,0.381242,0.622742,16754.007812
68,0.374391,0.614297,17003.582031
69,0.365292,0.598898,17253.138672
70,0.356190,0.581077,17502.744141
71,0.340336,0.572176,17752.310547
72,0.322911,0.566142,18001.820312
73,0.308102,0.561716,18251.431641
74,0.297527,0.560367,18500.988281
75,0.284372,0.561058,18750.507812
76,0.272506,0.563224,19000.119141
77,0.261256,0.561624,19266.398438
78,0.248405,0.562381,19515.863281
79,0.235176,0.562246,19765.400391
80,0.230735,0.561832,20015.003906
81,0.223204,0.567071,20264.544922
82,0.211980,0.575020,20514.123047
83,0.198940,0.578325,20763.669922
84,0.184152,0.576008,21013.228516
85,0.168401,0.571258,21262.800781
86,0.154552,0.571390,21512.373047
87,0.145058,0.567885,21761.912109
88,0.141314,0.564064,22011.466797
89,0.137154,0.567061,22261.085938
90,0.132723,0.570885,22510.613281
91,0.129360,0.568698,22760.177734
92,0.127241,0.564399,23009.724609
93,0.127187,0.561323,23259.291016
94,0.128994,0.556788,23508.869141
95,0.129885,0.552086,23758.416016
96,0.129548,0.545105,24008.017578
97,0.129728,0.539825,24257.548828
98,0.129532,0.539183,24507.134766
99,0.129448,0.539834,24756.679688
0,0.749281,0.559149,0.017994
1,0.748185,0.557614,266.222534
2,0.752215,0.567399,515.748962
3,0.773864,0.586615,765.373718
4,0.816879,0.594505,1014.879639
5,0.824286,0.578956,1264.534302
6,0.817133,0.561599,1514.054565
7,0.805337,0.536906,1763.647583
8,0.781730,0.515303,2013.160278
9,0.734077,0.510322,2262.715576
10,0.673714,0.501425,2512.312256
11,0.662376,0.504456,2761.841797
12,0.659407,0.507797,3011.525391
13,0.645998,0.508743,3260.994873
14,0.623360,0.509173,3510.554932
15,0.607099,0.508482,3760.113281
16,0.590737,0.510733,4009.665283
17,0.575668,0.515880,4259.259277
18,0.554051,0.524076,4508.773926
19,0.532013,0.533587,4758.447754
20,0.508347,0.544841,5007.903809
21,0.488547,0.553975,5257.549316
22,0.476864,0.550313,5507.051758
23,0.463360,0.526480,5756.592773
24,0.455206,0.510389,6006.253418
25,0.446055,0.512803,6255.821777
26,0.430623,0.524020,6505.360840
27,0.414782,0.530134,6754.847168
28,0.391517,0.527965,7004.557617
29,0.364734,0.518663,7253.977051
30,0.347996,0.507480,7503.542480
31,0.352115,0.514008,7753.146484
32,0.355554,0.529633,8002.791016
33,0.355874,0.540230,8252.230469
34,0.354532,0.564473,8501.790039
35,0.359758,0.569976,8751.400391
36,0.371077,0.564567,9000.947266
37,0.389788,0.555002,9250.542969
38,0.431633,0.526734,9500.060547
39,0.480549,0.509405,9766.283203
40,0.515723,0.506609,10015.940430
41,0.534516,0.505397,10265.465820
42,0.545295,0.505984,10515.026367
43,0.558780,0.508243,10764.588867
44,0.566940,0.513364,11014.073242
45,0.565729,0.522389,11263.683594
46,0.556804,0.542980,11513.306641
47,0.550813,0.557404,11762.831055
48,0.566860,0.553628,12012.328125
49,0.603388,0.543842,12261.898438
50,0.664861,0.540146,12511.530273
51,0.765717,0.538395,12761.025391
52,0.838625,0.527821,13010.605469
53,0.895650,0.517472,13260.188477
54,0.956861,0.503657,13509.808594
55,0.028391,0.496783,13759.300781
56,0.072783,0.481469,14008.859375
57,0.102828,0.483694,14258.472656
58,0.117692,0.493816,14508.053711
59,0.120466,0.493897,14757.613281
60,0.110711,0.492267,15007.151367
61,0.104034,0.495055,15256.685547
62,0.097966,0.500680,15506.323242
63,0.094214,0.511633,15755.787109
64,0.093155,0.528233,16005.358398
65,0.091795,0.536603,16254.960938
66,0.082400,0.533414,16504.478516
67,0.066385,0.523968,16754.097656
68,0.052380,0.516183,17003.693359
69,0.034781,0.511006,17253.185547
70,0.013509,0.506588,17502.746094
71,0.989648,0.500429,17752.351562
72,0.977550,0.502096,18001.916016
73,0.971048,0.503218,18251.425781
74,0.960151,0.499039,18501.072266
75,0.950200,0.499478,18750.558594
76,0.940848,0.503078,19000.144531
77,0.934153,0.506539,19266.371094
78,0.928059,0.508122,19515.880859
79,0.923460,0.507784,19765.480469
80,0.917542,0.508581,20015.074219
81,0.903674,0.510119,20264.580078
82,0.893807,0.511444,20514.189453
83,0.885931,0.520121,20763.750000
84,0.859301,0.515690,21013.265625
85,0.833109,0.504422,21262.841797
86,0.805026,0.512042,21512.414062
87,0.788461,0.498172,21762.044922
88,0.750897,0.500866,22011.617188
89,0.737864,0.512317,22261.132812
90,0.741846,0.523284,22510.666016
91,0.753749,0.530015,22760.212891
92,0.759068,0.529870,23009.779297
93,0.763898,0.531095,23259.451172
94,0.769705,0.532999,23508.908203
95,0.775257,0.534105,23758.529297
96,0.780649,0.537182,24008.082031
97,0.784389,0.540334,24257.681641
98,0.788155,0.544544,24507.167969
99,0.790058,0.546219,24756.730469
0,0.750066,0.516177,0.020682
1,0.747016,0.520527,266.242218
2,0.733431,0.520298,515.870728
3,0.710955,0.521362,765.381042
4,0.699379,0.517874,1014.901367
5,0.695699,0.514933,1264.497925
6,0.691551,0.514989,1514.067749
7,0.683521,0.502106,1763.588745
8,0.660560,0.488708,2013.266724
9,0.618093,0.475519,2262.767822
10,0.595455,0.470459,2512.319580
11,0.587446,0.470277,2761.836670
12,0.584120,0.466781,3011.496338
13,0.581765,0.463652,3261.001953
14,0.579474,0.464238,3510.540527
15,0.569295,0.467435,3760.145508
16,0.568065,0.474029,4009.671631
17,0.585640,0.489614,4259.265137
18,0.623513,0.516424,4508.790527
19,0.664038,0.538654,4758.380859
20,0.704945,0.536519,5007.937012
21,0.745336,0.532878,5257.495117
22,0.779718,0.527074,5507.041992
23,0.793656,0.526191,5756.598145
24,0.796425,0.532492,6006.192871
25,0.798455,0.543105,6255.736816
26,0.785059,0.637711,6505.327148
27,0.763662,0.751090,6754.862793
28,0.752544,0.779619,7004.422852
29,0.735395,0.767416,7253.993652
30,0.714292,0.679522,7503.582031
31,0.693014,0.590262,7769.773926
32,0.670379,0.563504,8002.709961
33,0.630493,0.556548,8252.280273
34,0.618545,0.550379,8501.817383
35,0.619286,0.545218,8751.389648
36,0.616562,0.542684,9000.938477
37,0.604618,0.545602,9250.505859
38,0.577159,0.552049,9500.094727
39,0.545789,0.560155,9766.291992
40,0.520643,0.568249,10015.866211
41,0.506361,0.583414,10265.385742
42,0.509000,0.612655,10514.957031
43,0.509777,0.624180,10764.542969
44,0.504055,0.623029,11014.096680
45,0.496042,0.616162,11263.667969
46,0.482309,0.601340,11513.238281
47,0.466631,0.582258,11762.812500
48,0.447272,0.560109,12012.356445
49,0.438654,0.555949,12261.939453
50,0.445932,0.552859,12511.488281
51,0.449587,0.553130,12761.031250
52,0.445667,0.551912,13010.636719
53,0.446924,0.550476,13260.175781
54,0.459006,0.550028,13509.742188
55,0.462841,0.549890,13759.336914
56,0.462170,0.550534,14008.860352
57,0.477837,0.550017,14258.437500
58,0.504527,0.548280,14507.976562
59,0.517483,0.547142,14757.561523
60,0.517933,0.546848,15007.115234
61,0.515875,0.546562,15256.695312
62,0.513634,0.548597,15506.260742
63,0.507563,0.551599,15755.818359
64,0.498206,0.552507,16005.374023
65,0.489623,0.552923,16254.923828
66,0.479018,0.554515,16504.509766
67,0.468902,0.556466,16754.060547
68,0.463830,0.558533,17003.640625
69,0.461260,0.560100,17253.203125
70,0.440787,0.568015,17502.757812
71,0.418991,0.571606,17752.332031
72,0.409269,0.573699,18001.882812
73,0.408548,0.574414,18251.445312
74,0.407346,0.573514,18501.017578
75,0.403403,0.571680,18750.576172
76,0.385570,0.563140,19000.126953
77,0.346286,0.548130,19266.341797
78,0.297361,0.540971,19515.921875
79,0.244971,0.538441,19765.460938
80,0.195518,0.534730,20015.041016
81,0.147771,0.539488,20264.605469
82,0.119515,0.544016,20514.173828
83,0.125893,0.547861,20763.716797
84,0.132148,0.562452,21013.310547
85,0.138335,0.570607,21262.843750
86,0.147096,0.568393,21512.416016
87,0.159923,0.562451,21761.996094
88,0.167560,0.565130,22011.531250
89,0.173988,0.566629,22261.105469
90,0.191621,0.555414,22510.685547
91,0.229567,0.537699,22760.240234
92,0.255570,0.513319,23009.824219
93,0.272127,0.514043,23259.361328
94,0.308447,0.536451,23508.929688
95,0.358242,0.547487,23758.498047
96,0.391282,0.552575,24008.041016
97,0.431147,0.553143,24257.630859
98,0.471089,0.550763,24507.226562
99,0.491379,0.547424,24756.753906
0,0.750166,0.636769,-0.087546
1,0.749962,0.637652,266.114044
2,0.743753,0.635703,515.626465
3,0.718187,0.587181,765.244080
4,0.666604,0.556635,1014.758850
5,0.616574,0.568831,1264.402954
6,0.589792,0.637594,1513.935181
7,0.613646,0.724350,1763.460815
8,0.622913,0.807172,2013.134155
9,0.628789,0.913010,2262.619629
10,0.593003,0.963974,2512.185303
11,0.552583,0.974359,2761.702393
12,0.638510,0.980577,3011.319824
13,0.590876,0.936310,3260.892090
14,0.544793,0.829011,3510.389648
15,0.532282,0.702971,3759.988525
16,0.516012,0.626497,4009.584229
17,0.486664,0.595315,4259.144043
18,0.460584,0.583391,4508.735840
19,0.432566,0.573545,4758.231934
20,0.395955,0.554529,5007.809082
21,0.361677,0.539543,5257.335449
22,0.333495,0.532467,5506.897461
23,0.296643,0.520692,5756.512207
24,0.265111,0.524263,6006.056641
25,0.262359,0.530267,6255.615234
26,0.295572,0.525368,6505.226562
27,0.347115,0.516189,6754.773438
28,0.382772,0.512110,7004.282715
29,0.416474,0.512765,7253.879883
30,0.447953,0.515783,7503.503906
31,0.475967,0.519941,7752.984375
32,0.515214,0.521982,8002.567871
33,0.557826,0.526522,8252.184570
34,0.597816,0.527106,8501.722656
35,0.634403,0.526125,8751.254883
36,0.656191,0.526057,9000.851562
37,0.666678,0.520664,9250.464844
38,0.635541,0.455309,9500.016602
39,0.609125,0.394863,9766.142578
40,0.624627,0.366784,10015.731445
41,0.686536,0.357382,10265.291992
42,0.734920,0.418992,10514.854492
43,0.764648,0.474063,10764.384766
44,0.788662,0.518500,11013.953125
45,0.802870,0.553760,11263.628906
46,0.818015,0.552359,11513.155273
47,0.846732,0.544360,11762.662109
48,0.884700,0.541504,12012.252930
49,0.921036,0.549665,12261.815430
50,0.948546,0.559286,12511.331055
51,0.979641,0.581726,12760.925781
52,0.013382,0.610985,13010.502930
53,0.035518,0.613797,13260.126953
54,0.052674,0.597836,13509.577148
55,0.074183,0.612136,13759.182617
56,0.087034,0.661959,14008.766602
57,0.091840,0.739123,14258.338867
58,0.095478,0.782864,14507.897461
59,0.109084,0.778713,14757.414062
60,0.123839,0.705575,15007.027344
61,0.150944,0.632618,15256.543945
62,0.165243,0.590528,15506.193359
63,0.170149,0.565793,15755.711914
64,0.185005,0.553908,16005.245117
65,0.202384,0.551009,16254.845703
66,0.217783,0.547993,16504.386719
67,0.223680,0.549610,16753.976562
68,0.220756,0.553270,17003.484375
69,0.225397,0.548874,17253.091797
70,0.269410,0.528602,17502.615234
71,0.295745,0.539750,17752.197266
72,0.294249,0.556024,18001.734375
73,0.301352,0.558046,18251.365234
74,0.330946,0.558383,18500.892578
75,0.363378,0.568626,18750.423828
76,0.390581,0.561987,19000.001953
77,0.410631,0.551795,19266.224609
78,0.435280,0.546265,19515.773438
79,0.449070,0.540311,19765.373047
80,0.424763,0.523319,20014.898438
81,0.367133,0.511932,20264.535156
82,0.311188,0.502054,20514.054688
83,0.253115,0.508146,20763.603516
84,0.182775,0.515763,21013.228516
85,0.121719,0.519353,21262.720703
86,0.071246,0.530859,21512.337891
87,0.020048,0.535478,21761.855469
88,0.961844,0.547161,22011.431641
89,0.915414,0.555292,22261.009766
90,0.885894,0.556303,22510.525391
91,0.865511,0.549721,22760.158203
92,0.859503,0.547688,23009.654297
93,0.859725,0.548916,23259.255859
94,0.840036,0.543858,23508.873047
95,0.798786,0.533846,23758.363281
96,0.772952,0.533077,24007.927734
97,0.746153,0.514695,24257.513672
98,0.707017,0.495145,24507.039062
99,0.697296,0.501314,24756.642578
0,0.749848,0.458415,0.012400
1,0.749667,0.458853,266.236572
2,0.749622,0.461185,515.811157
3,0.751272,0.487045,765.370422
4,0.757288,0.550095,1014.957336
5,0.768958,0.668629,1264.528076
6,0.783698,0.760613,1514.056030
7,0.785328,0.766443,1763.592773
8,0.790925,0.710020,2013.180176
9,0.814916,0.618120,2262.714844
10,0.844151,0.569133,2512.307129
11,0.872601,0.558220,2761.870605
12,0.902111,0.560473,3011.520996
13,0.938903,0.555708,3261.005371
14,0.983320,0.549940,3510.621338
15,0.030569,0.544319,3760.123779
16,0.084827,0.524819,4009.665283
17,0.118589,0.485883,4259.326660
18,0.111272,0.473563,4508.870605
19,0.087780,0.481315,4758.403320
20,0.080580,0.481414,5007.984375
21,0.076746,0.477116,5257.546387
22,0.072582,0.475767,5507.133789
23,0.081108,0.482550,5756.699219
24,0.082794,0.485796,6006.222168
25,0.079830,0.485386,6255.758789
26,0.074554,0.484804,6505.384277
27,0.063589,0.485210,6754.870605
28,0.040318,0.488687,7004.454102
29,0.014937,0.488145,7254.052246
30,0.991693,0.487079,7503.610352
31,0.973468,0.484462,7753.152832
32,0.956481,0.483259,8002.741211
33,0.937268,0.485492,8252.290039
34,0.920029,0.488155,8501.806641
35,0.907527,0.488278,8751.488281
36,0.897848,0.487424,9000.953125
37,0.886725,0.487136,9250.549805
38,0.869202,0.485110,9500.080078
39,0.850861,0.484923,9766.273438
40,0.833480,0.484181,10015.849609
41,0.816023,0.483109,10265.436523
42,0.799815,0.482431,10514.983398
43,0.788728,0.481501,10764.555664
44,0.783239,0.481926,11014.093750
45,0.768236,0.482422,11263.694336
46,0.768433,0.485424,11513.242188
47,0.778824,0.489770,11762.796875
48,0.789113,0.495212,12012.388672
49,0.792300,0.498619,12261.932617
50,0.793394,0.507531,12511.488281
51,0.789531,0.514475,12761.052734
52,0.745696,0.508944,13010.627930
53,0.683849,0.496352,13260.175781
54,0.636721,0.497303,13509.747070
55,0.599675,0.498857,13759.295898
56,0.565398,0.498977,14008.888672
57,0.531570,0.499458,14258.447266
58,0.490714,0.504577,14508.012695
59,0.458319,0.518544,14757.561523
60,0.438488,0.547870,15007.194336
61,0.428135,0.552302,15256.700195
62,0.420779,0.537786,15506.241211
63,0.427472,0.525932,15755.807617
64,0.455775,0.502900,16005.392578
65,0.497411,0.498396,16254.950195
66,0.517284,0.503129,16504.509766
67,0.533784,0.504491,16754.080078
68,0.549859,0.507255,17003.654297
69,0.567478,0.508975,17253.199219
70,0.579887,0.509172,17502.767578
71,0.591813,0.509236,17752.330078
72,0.602439,0.509455,18001.916016
73,0.616776,0.505663,18251.445312
74,0.637638,0.501835,18501.041016
75,0.655391,0.498480,18750.582031
76,0.674656,0.496859,19000.171875
77,0.692992,0.495488,19266.335938
78,0.712294,0.494279,19515.898438
79,0.731194,0.492966,19765.486328
80,0.748250,0.492148,20015.068359
81,0.765734,0.490954,20264.611328
82,0.782512,0.489040,20514.173828
83,0.792659,0.487320,20763.761719
84,0.796462,0.487436,21013.320312
85,0.802312,0.488027,21262.882812
86,0.808181,0.494769,21512.412109
87,0.809124,0.498367,21762.031250
88,0.809147,0.496945,22011.535156
89,0.809648,0.494102,22261.125000
90,0.811383,0.491925,22510.677734
91,0.813485,0.489326,22760.259766
92,0.814646,0.488015,23009.812500
93,0.815865,0.489175,23259.378906
94,0.815574,0.492343,23508.980469
95,0.814085,0.493089,23758.515625
96,0.813597,0.491655,24008.068359
97,0.813414,0.491912,24257.626953
98,0.813789,0.492304,24507.193359
99,0.814730,0.491934,24756.744141
0,0.751818,0.490702,0.029854
1,0.748800,0.490445,266.253754
2,0.746578,0.505748,515.823914
3,0.748125,0.512148,765.435120
4,0.745510,0.508379,1014.936035
5,0.741195,0.502727,1264.576660
6,0.728747,0.495630,1514.040039
7,0.714944,0.495833,1763.634277
8,0.680978,0.508543,2013.254517
9,0.639890,0.512917,2262.813721
10,0.611432,0.509804,2512.347656
11,0.591972,0.509838,2761.852783
12,0.570116,0.515066,3011.469238
13,0.562686,0.525468,3260.976318
14,0.558064,0.519604,3510.593262
15,0.543092,0.512753,3760.143799
16,0.538318,0.520180,4009.736816
17,0.534029,0.526281,4259.313965
18,0.528538,0.538096,4508.811035
19,0.512964,0.561089,4758.472656
20,0.488504,0.590991,5007.924805
21,0.467507,0.592389,5257.538574
22,0.447339,0.586808,5507.104004
23,0.427859,0.575526,5756.745605
24,0.403991,0.553130,6006.177246
25,0.378297,0.528976,6255.755371
26,0.344941,0.512036,6505.432129
27,0.314820,0.503837,6754.907227
28,0.295225,0.496537,7004.458008
29,0.291563,0.491313,7254.026855
30,0.300272,0.490947,7503.673828
31,0.316549,0.492931,7753.154785
32,0.338530,0.493319,8002.704102
33,0.371658,0.487053,8252.308594
34,0.409093,0.479050,8501.841797
35,0.451038,0.476825,8751.423828
36,0.500097,0.479063,9001.030273
37,0.547965,0.484215,9250.569336
38,0.588201,0.483318,9500.113281
39,0.626210,0.480675,9766.379883
40,0.661403,0.475915,10015.842773
41,0.696891,0.471719,10265.522461
42,0.735706,0.468426,10515.028320
43,0.774297,0.467281,10764.581055
44,0.810946,0.477091,11014.215820
45,0.837105,0.484809,11263.744141
46,0.858697,0.487101,11513.279297
47,0.890871,0.490581,11762.799805
48,0.941905,0.481019,12012.400391
49,0.989429,0.482640,12261.959961
50,0.037179,0.489540,12511.519531
51,0.088616,0.509505,12761.084961
52,0.110273,0.536294,13010.625977
53,0.131422,0.552262,13260.242188
54,0.159975,0.562988,13509.791992
55,0.181693,0.572223,13759.338867
56,0.185890,0.569984,14008.916016
57,0.181521,0.573506,14258.443359
58,0.179414,0.586995,14508.040039
59,0.178489,0.617317,14757.625000
60,0.176251,0.627897,15007.168945
61,0.173214,0.611189,15256.716797
62,0.168457,0.576507,15506.318359
63,0.166269,0.567017,15755.839844
64,0.160677,0.588867,16005.382812
65,0.149884,0.623268,16254.995117
66,0.137828,0.633965,16504.503906
67,0.123076,0.645315,16754.111328
68,0.098707,0.651267,17003.634766
69,0.067041,0.655362,17253.330078
70,0.040830,0.679079,17502.763672
71,0.020561,0.693237,17752.425781
72,0.994281,0.701411,18001.933594
73,0.940506,0.717800,18251.541016
74,0.884097,0.732957,18501.060547
75,0.844938,0.742796,18750.580078
76,0.847939,0.748047,19000.246094
77,0.861007,0.753200,19266.429688
78,0.866428,0.754590,19516.021484
79,0.878516,0.753100,19765.546875
80,0.896200,0.754716,20015.082031
81,0.906977,0.759391,20264.662109
82,0.910832,0.762251,20514.218750
83,0.907822,0.755381,20763.722656
84,0.887341,0.734840,21013.400391
85,0.823680,0.712607,21262.923828
86,0.770044,0.698272,21512.460938
87,0.742098,0.689940,21761.998047
88,0.729649,0.662507,22011.660156
89,0.734046,0.594609,22261.156250
90,0.736453,0.547842,22510.699219
91,0.744832,0.522411,22760.306641
92,0.770226,0.509755,23009.810547
93,0.797135,0.504182,23259.484375
94,0.817468,0.506474,23508.929688
95,0.834679,0.519914,23758.587891
96,0.843832,0.535280,24008.103516
97,0.841506,0.511095,24257.626953
98,0.830250,0.526105,24507.251953
99,0.822381,0.536223,24756.814453
0,0.762407,0.637621,-0.002915
1,0.775336,0.645315,266.297211
2,0.785962,0.644158,515.740112
3,0.801071,0.642104,765.414368
4,0.821195,0.643994,1014.865173
5,0.854712,0.689452,1264.518555
6,0.876807,0.749366,1513.991455
7,0.892376,0.761029,1763.609375
8,0.900161,0.757051,2013.142822
9,0.910346,0.734107,2262.716064
10,0.941810,0.709103,2512.274170
11,0.993232,0.676766,2761.843018
12,0.037884,0.647512,3011.402100
13,0.062776,0.610065,3260.922607
14,0.086030,0.570943,3510.555908
15,0.104887,0.548333,3760.064209
16,0.125648,0.544352,4009.639893
17,0.137290,0.550754,4259.262207
18,0.147896,0.553605,4508.794922
19,0.160029,0.549613,4758.346191
20,0.185286,0.537395,5007.956543
21,0.192540,0.526656,5257.504395
22,0.157611,0.520852,5507.020020
23,0.114400,0.512948,5756.608887
24,0.080202,0.511189,6006.151367
25,0.044721,0.509276,6255.752930
26,0.007385,0.505550,6505.342285
27,0.958941,0.502849,6754.844727
28,0.912543,0.502316,7004.459473
29,0.862120,0.494353,7253.993164
30,0.809056,0.495193,7503.563965
31,0.769021,0.503336,7753.087891
32,0.733259,0.508191,8002.712402
33,0.693236,0.517808,8252.241211
34,0.652876,0.522426,8501.792969
35,0.619635,0.520951,8751.377930
36,0.589765,0.520866,9000.910156
37,0.563087,0.531664,9250.489258
38,0.532919,0.553330,9500.157227
39,0.501609,0.570917,9766.249023
40,0.470804,0.581800,10015.827148
41,0.450185,0.585112,10265.479492
42,0.441025,0.588288,10514.928711
43,0.436003,0.588381,10764.524414
44,0.424861,0.587259,11014.092773
45,0.418921,0.590945,11263.639648
46,0.413651,0.589456,11513.209961
47,0.411073,0.590903,11762.765625
48,0.413135,0.594414,12012.315430
49,0.417791,0.601365,12261.880859
50,0.429271,0.605503,12511.501953
51,0.442560,0.604164,12761.032227
52,0.461818,0.599524,13010.614258
53,0.481776,0.594323,13260.250977
54,0.502083,0.591912,13509.738281
55,0.519682,0.596486,13759.304688
56,0.530175,0.622051,14008.840820
57,0.531042,0.700723,14258.391602
58,0.515073,0.766735,14507.956055
59,0.496059,0.801246,14757.528320
60,0.469315,0.807606,15007.118164
61,0.449032,0.799513,15256.714844
62,0.440323,0.786059,15506.322266
63,0.432311,0.778124,15755.819336
64,0.412105,0.776458,16005.459961
65,0.394258,0.769187,16254.916016
66,0.378641,0.771299,16504.468750
67,0.362939,0.772841,16754.035156
68,0.341171,0.776497,17003.621094
69,0.312579,0.781832,17253.197266
70,0.310719,0.792589,17502.728516
71,0.310984,0.793377,17752.283203
72,0.299102,0.788199,18001.962891
73,0.289354,0.769264,18251.496094
74,0.290146,0.718081,18501.000000
75,0.282123,0.659504,18750.568359
76,0.265827,0.604398,19000.132812
77,0.233710,0.547407,19266.316406
78,0.189593,0.520190,19515.873047
79,0.174110,0.534565,19765.443359
80,0.188860,0.546597,20015.007812
81,0.191657,0.548350,20264.662109
82,0.192802,0.547178,20514.167969
83,0.211680,0.544317,20763.705078
84,0.254849,0.537789,21013.265625
85,0.301750,0.537332,21262.818359
86,0.337335,0.533252,21512.455078
87,0.360687,0.523275,21761.966797
88,0.384383,0.515896,22011.560547
89,0.398064,0.526344,22261.115234
90,0.360916,0.593458,22510.716797
91,0.324574,0.702935,22760.251953
92,0.333615,0.751843,23009.791016
93,0.428963,0.832164,23259.417969
94,0.468552,0.846658,23508.931641
95,0.480039,0.848730,23758.488281
96,0.488441,0.853371,24008.025391
97,0.509862,0.851911,24257.587891
98,0.525111,0.796057,24507.199219
99,0.520221,0.724059,24756.718750
0,0.750167,0.509530,0.016177
1,0.750166,0.510312,266.190216
2,0.750248,0.511276,515.771790
3,0.749858,0.515611,765.375366
4,0.737825,0.576203,1014.878967
5,0.692806,0.629018,1264.471680
6,0.639482,0.609497,1514.004639
7,0.596305,0.581068,1763.677490
8,0.564140,0.575036,2013.156372
9,0.538831,0.570138,2262.697510
10,0.510632,0.563133,2512.272461
11,0.482156,0.556184,2761.836182
12,0.458618,0.547132,3011.416748
13,0.427707,0.546077,3260.952148
14,0.397018,0.548517,3510.545654
15,0.371558,0.548346,3760.129639
16,0.352782,0.548192,4009.645752
17,0.340577,0.550317,4259.321777
18,0.324718,0.557414,4508.806152
19,0.301498,0.567394,4758.349609
20,0.286065,0.566473,5007.953613
21,0.278946,0.565878,5257.497559
22,0.279251,0.565520,5507.061035
23,0.281883,0.568264,5756.624023
24,0.285964,0.570292,6006.209473
25,0.294005,0.570898,6255.810547
26,0.308697,0.569885,6505.371094
27,0.333541,0.566330,6754.890625
28,0.365732,0.559231,7004.477051
29,0.404614,0.552040,7254.005371
30,0.442708,0.546909,7503.545410
31,0.471224,0.542790,7753.088867
32,0.500437,0.537059,8002.698730
33,0.536044,0.533832,8252.265625
34,0.579142,0.532884,8501.810547
35,0.629213,0.531649,8751.401367
36,0.671061,0.533760,9000.932617
37,0.720520,0.525684,9250.490234
38,0.778680,0.513792,9500.077148
39,0.821892,0.517515,9766.301758
40,0.858456,0.533038,10015.870117
41,0.887529,0.561491,10265.443359
42,0.911603,0.566321,10514.981445
43,0.936274,0.559190,10764.600586
44,0.973483,0.542454,11014.093750
45,0.015061,0.516494,11263.625977
46,0.034662,0.520990,11513.255859
47,0.044815,0.534201,11762.816406
48,0.051092,0.545381,12012.350586
49,0.050539,0.547044,12261.888672
50,0.049466,0.548874,12511.549805
51,0.048766,0.551471,12761.008789
52,0.048147,0.554166,13010.581055
53,0.048210,0.555530,13260.170898
54,0.048141,0.556634,13509.780273
55,0.043316,0.570120,13759.347656
56,0.019186,0.621297,14008.835938
57,0.984915,0.674283,14258.443359
58,0.943932,0.691233,14507.958984
59,0.892969,0.717984,14757.541016
60,0.843395,0.744597,15007.150391
61,0.817955,0.742540,15256.696289
62,0.810388,0.713289,15506.291016
63,0.805095,0.678207,15755.796875
64,0.807749,0.639311,16005.403320
65,0.814109,0.593568,16254.914062
66,0.820975,0.548335,16504.474609
67,0.825856,0.514010,16754.054688
68,0.829138,0.512731,17003.630859
69,0.825348,0.527471,17253.167969
70,0.820955,0.535567,17502.732422
71,0.820951,0.535869,17752.339844
72,0.820997,0.535298,18001.914062
73,0.821534,0.536842,18251.466797
74,0.821730,0.536783,18500.988281
75,0.821841,0.535671,18750.587891
76,0.821861,0.541223,19000.109375
77,0.823997,0.545335,19266.367188
78,0.826861,0.546886,19515.873047
79,0.826031,0.546854,19765.494141
80,0.822829,0.543703,20015.027344
81,0.824359,0.540736,20264.595703
82,0.825777,0.538326,20514.166016
83,0.824550,0.540123,20763.753906
84,0.824062,0.542148,21013.273438
85,0.823750,0.540094,21262.824219
86,0.824372,0.541113,21512.435547
87,0.824810,0.541301,21761.970703
88,0.824700,0.541338,22011.621094
89,0.824550,0.540699,22261.169922
90,0.824521,0.540543,22510.699219
91,0.824593,0.540681,22760.203125
92,0.824608,0.540507,23009.769531
93,0.824562,0.540348,23259.349609
94,0.824731,0.540303,23508.917969
95,0.824602,0.540376,23758.500000
96,0.824545,0.540373,24008.099609
97,0.824526,0.540060,24257.634766
98,0.824386,0.540227,24507.185547
99,0.824463,0.540312,24756.734375
0,0.750081,0.529855,0.000135
1,0.750033,0.530906,266.207306
2,0.751599,0.565079,515.823181
3,0.760265,0.637147,765.337341
4,0.769394,0.676858,1014.919556
5,0.774955,0.690013,1264.456909
6,0.788894,0.710362,1513.996460
7,0.810900,0.719130,1763.604248
8,0.818205,0.681231,2013.131226
9,0.823577,0.600914,2262.668945
10,0.840988,0.554689,2512.304932
11,0.853728,0.535468,2761.916260
12,0.854637,0.523775,3028.067383
13,0.876371,0.524361,3260.921143
14,0.914969,0.516410,3510.579834
15,0.942945,0.518393,3760.107178
16,0.972353,0.527009,4009.619385
17,0.004313,0.534499,4259.226562
18,0.030956,0.538967,4508.835449
19,0.055691,0.539517,4758.348633
20,0.091873,0.547407,5007.931641
21,0.115736,0.549263,5257.429199
22,0.114076,0.557189,5507.053711
23,0.077193,0.582367,5756.621094
24,0.016765,0.585286,6006.231934
25,0.933649,0.570344,6255.779785
26,0.851323,0.562436,6505.323242
27,0.784823,0.552523,6754.819336
28,0.725203,0.541267,7004.387695
29,0.681113,0.540172,7253.947754
30,0.649048,0.539781,7503.572754
31,0.598455,0.544691,7753.113281
32,0.565113,0.545513,8002.652832
33,0.542420,0.537766,8252.244141
34,0.509892,0.548420,8501.779297
35,0.477650,0.555815,8751.330078
36,0.444666,0.549280,9000.895508
37,0.414809,0.561644,9250.476562
38,0.386785,0.569976,9500.057617
39,0.366243,0.571222,9766.256836
40,0.340429,0.574463,10015.797852
41,0.324090,0.568223,10265.354492
42,0.308942,0.564755,10514.934570
43,0.291187,0.564016,10764.505859
44,0.281949,0.561106,11014.079102
45,0.264010,0.562541,11263.630859
46,0.234852,0.572747,11513.214844
47,0.202722,0.582879,11762.746094
48,0.188850,0.575413,12012.329102
49,0.172029,0.573745,12261.884766
50,0.130561,0.583805,12511.446289
51,0.117792,0.590119,12761.023438
52,0.118015,0.588946,13010.556641
53,0.126514,0.580195,13260.146484
54,0.143616,0.570229,13509.693359
55,0.168825,0.564101,13759.264648
56,0.203735,0.563335,14008.814453
57,0.246483,0.557063,14258.386719
58,0.285935,0.551703,14507.973633
59,0.321572,0.549703,14757.508789
60,0.349786,0.553789,15007.111328
61,0.382240,0.547132,15256.667969
62,0.410068,0.542182,15506.223633
63,0.438850,0.541469,15755.767578
64,0.466874,0.539916,16005.336914
65,0.492413,0.538647,16254.896484
66,0.518226,0.536428,16504.466797
67,0.543337,0.534773,16754.058594
68,0.567366,0.532573,17003.617188
69,0.590406,0.531820,17253.158203
70,0.612686,0.531994,17502.718750
71,0.636004,0.530774,17752.279297
72,0.663848,0.529507,18001.835938
73,0.694071,0.531432,18251.437500
74,0.726643,0.532502,18500.970703
75,0.752377,0.532766,18750.544922
76,0.773624,0.535644,19000.083984
77,0.794070,0.530514,19266.322266
78,0.814651,0.526295,19515.857422
79,0.836821,0.523750,19765.421875
80,0.861868,0.522772,20014.982422
81,0.890590,0.518918,20264.580078
82,0.909930,0.528656,20514.111328
83,0.922075,0.526856,20763.685547
84,0.944874,0.520297,21013.255859
85,0.970961,0.526340,21262.820312
86,0.989674,0.527769,21512.388672
87,0.005142,0.525389,21761.960938
88,0.022445,0.529863,22011.488281
89,0.046359,0.525604,22261.091797
90,0.074270,0.523386,22510.636719
91,0.097607,0.525931,22760.197266
92,0.121205,0.525099,23009.791016
93,0.158637,0.527609,23259.318359
94,0.225492,0.538066,23508.921875
95,0.275718,0.545506,23758.457031
96,0.300109,0.550565,24008.007812
97,0.293728,0.552265,24257.619141
98,0.257641,0.551498,24507.144531
99,0.217355,0.549398,24756.720703
0,0.749984,0.527045,0.018067
1,0.746262,0.528947,266.248108
2,0.701218,0.541092,515.783081
3,0.634673,0.557723,765.331848
4,0.586313,0.569105,1014.885010
5,0.560487,0.594504,1264.507324
6,0.556819,0.624241,1514.031982
7,0.561424,0.671184,1763.578735
8,0.562137,0.689398,2013.148071
9,0.565381,0.691519,2262.702148
10,0.568909,0.676221,2512.347656
11,0.575366,0.601420,2761.827881
12,0.585855,0.550367,3011.433594
13,0.602264,0.538820,3260.985352
14,0.634450,0.545119,3510.511719
15,0.717190,0.558432,3760.193848
16,0.789750,0.580884,4009.667969
17,0.846089,0.577437,4259.302734
18,0.869736,0.551889,4508.778320
19,0.888190,0.542308,4758.418945
20,0.901916,0.555584,5007.916992
21,0.916647,0.566553,5257.459473
22,0.932574,0.576007,5507.077637
23,0.953483,0.571003,5756.694824
24,0.979070,0.569916,6006.183594
25,0.006512,0.565523,6255.806152
26,0.006274,0.559918,6505.324219
27,0.003651,0.592113,6754.854980
28,0.006605,0.614499,7004.417969
29,0.004017,0.601229,7254.044434
30,0.996853,0.596588,7503.592285
31,0.983535,0.600609,7753.128906
32,0.966411,0.608348,8002.681152
33,0.958880,0.600886,8252.297852
34,0.959196,0.572275,8501.878906
35,0.955207,0.560523,8751.359375
36,0.934864,0.576315,9000.932617
37,0.921120,0.574990,9250.532227
38,0.909534,0.556866,9500.099609
39,0.890543,0.557265,9766.301758
40,0.858910,0.551821,10015.849609
41,0.816530,0.533793,10265.415039
42,0.767833,0.526520,10514.960938
43,0.697561,0.527439,10764.499023
44,0.641211,0.529689,11014.066406
45,0.629179,0.558198,11263.690430
46,0.619219,0.573558,11513.239258
47,0.611323,0.603646,11762.782227
48,0.604252,0.622813,12012.397461
49,0.591982,0.622162,12261.984375
50,0.566981,0.623554,12511.493164
51,0.520353,0.578124,12761.114258
52,0.444463,0.499963,13010.621094
53,0.373826,0.493825,13260.132812
54,0.335030,0.498833,13509.699219
55,0.282824,0.505001,13759.263672
56,0.244634,0.497448,14008.928711
57,0.229237,0.520651,14258.444336
58,0.202656,0.534198,14507.989258
59,0.161352,0.543434,14757.623047
60,0.149412,0.543677,15007.121094
61,0.182103,0.590880,15256.688477
62,0.241444,0.631518,15506.223633
63,0.312840,0.641027,15755.812500
64,0.350858,0.649691,16005.367188
65,0.392553,0.698201,16254.909180
66,0.433376,0.778211,16504.556641
67,0.449648,0.813540,16754.072266
68,0.484543,0.811413,17003.595703
69,0.550110,0.797498,17253.185547
70,0.564307,0.772347,17502.810547
71,0.551666,0.733482,17752.322266
72,0.542866,0.710186,18001.912109
73,0.536034,0.704867,18251.437500
74,0.526734,0.689406,18501.037109
75,0.516205,0.667703,18750.564453
76,0.499910,0.655010,19000.148438
77,0.482583,0.643166,19266.335938
78,0.473381,0.628501,19515.925781
79,0.468655,0.622764,19765.453125
80,0.465145,0.630014,20015.050781
81,0.466683,0.634528,20264.580078
82,0.467301,0.636647,20514.169922
83,0.467515,0.637620,20763.689453
84,0.468116,0.636492,21013.345703
85,0.477914,0.628439,21262.896484
86,0.514155,0.605077,21512.435547
87,0.549953,0.573038,21762.005859
88,0.582198,0.568872,22011.525391
89,0.618830,0.585280,22261.113281
90,0.653570,0.592908,22510.638672
91,0.688087,0.594861,22760.255859
92,0.723555,0.598011,23009.808594
93,0.752283,0.599130,23259.367188
94,0.783077,0.608801,23508.886719
95,0.804210,0.610965,23758.576172
96,0.824479,0.603583,24008.037109
97,0.848541,0.588617,24257.619141
98,0.873563,0.574427,24507.207031
99,0.893177,0.569647,24756.718750
0,0.750081,0.572199,-0.013193
1,0.750246,0.573068,266.227692
2,0.759862,0.589687,515.844177
3,0.790797,0.622965,765.293213
4,0.819819,0.644248,1014.962830
5,0.840708,0.648819,1264.476685
6,0.861927,0.653470,1513.996704
7,0.894089,0.652853,1763.544556
8,0.927929,0.655822,2013.112671
9,0.963308,0.657345,2262.763184
10,0.001464,0.657625,2512.260254
11,0.032463,0.654537,2761.864746
12,0.054465,0.651634,3011.402344
13,0.084588,0.640826,3261.045654
14,0.121879,0.633585,3510.526611
15,0.149789,0.621717,3760.131592
16,0.168026,0.611048,4009.667969
17,0.184132,0.601614,4259.186523
18,0.191978,0.593843,4508.851562
19,0.198963,0.586117,4758.372559
20,0.218004,0.580956,5007.942871
21,0.235911,0.585557,5257.502441
22,0.254148,0.583860,5507.070312
23,0.279402,0.583890,5756.603516
24,0.294869,0.581973,6006.130371
25,0.312370,0.581807,6255.714355
26,0.340783,0.581735,6505.304199
27,0.369093,0.587433,6754.875488
28,0.403606,0.585830,7004.387207
29,0.447544,0.602664,7254.010254
30,0.475499,0.616140,7503.569336
31,0.478841,0.624331,7753.080078
32,0.471301,0.627469,8002.747070
33,0.455297,0.621213,8252.266602
34,0.436180,0.615398,8501.888672
35,0.408220,0.596538,8751.353516
36,0.373147,0.577801,9000.975586
37,0.341053,0.563237,9250.473633
38,0.308858,0.552923,9500.087891
39,0.277149,0.546528,9766.248047
40,0.242111,0.540513,10015.841797
41,0.207818,0.534158,10265.375977
42,0.172866,0.530685,10514.969727
43,0.142366,0.527539,10764.532227
44,0.123654,0.523787,11014.099609
45,0.100672,0.522255,11263.612305
46,0.067266,0.516918,11513.186523
47,0.034408,0.515524,11762.787109
48,0.007662,0.514384,12012.362305
49,0.976608,0.516711,12261.909180
50,0.939705,0.516431,12511.469727
51,0.908339,0.518015,12761.047852
52,0.893772,0.519211,13010.573242
53,0.907959,0.521876,13260.166016
54,0.907637,0.533132,13509.725586
55,0.900646,0.561539,13759.301758
56,0.910675,0.589549,14008.889648
57,0.919990,0.603428,14258.395508
58,0.918386,0.618254,14508.059570
59,0.917884,0.632272,14757.546875
60,0.919490,0.642933,15007.112305
61,0.915766,0.649121,15256.644531
62,0.899639,0.655612,15506.269531
63,0.879794,0.653745,15755.809570
64,0.859887,0.650978,16005.324219
65,0.835766,0.649924,16254.965820
66,0.807849,0.642531,16504.511719
67,0.775138,0.619981,16754.070312
68,0.749961,0.592857,17003.695312
69,0.722337,0.567246,17253.271484
70,0.694191,0.560277,17502.730469
71,0.669739,0.556821,17752.281250
72,0.644022,0.556304,18001.888672
73,0.619301,0.555216,18251.447266
74,0.596859,0.552325,18500.984375
75,0.575297,0.549667,18750.582031
76,0.558536,0.550366,19000.148438
77,0.542317,0.554183,19266.343750
78,0.530798,0.557012,19515.859375
79,0.520960,0.560241,19765.431641
80,0.506706,0.564597,20015.000000
81,0.490874,0.579894,20264.599609
82,0.488204,0.603945,20514.117188
83,0.494081,0.627564,20763.755859
84,0.494855,0.662493,21013.332031
85,0.492470,0.671061,21262.863281
86,0.479465,0.670029,21512.388672
87,0.464883,0.665627,21761.933594
88,0.468002,0.656589,22011.576172
89,0.467769,0.658709,22261.068359
90,0.462845,0.662320,22510.666016
91,0.455256,0.657572,22760.228516
92,0.444308,0.657997,23009.787109
93,0.443058,0.656285,23259.320312
94,0.446553,0.651402,23508.945312
95,0.450372,0.630253,23758.482422
96,0.452776,0.596804,24008.082031
97,0.452619,0.561996,24257.617188
98,0.452733,0.545274,24507.240234
99,0.452768,0.547154,24756.750000
0,0.750050,0.598438,-0.061631
1,0.749722,0.600398,266.137634
2,0.744263,0.608330,515.677551
3,0.750385,0.688479,765.284119
4,0.767521,0.804386,1014.824646
5,0.752971,0.872734,1264.455444
6,0.731136,0.901506,1513.997559
7,0.731137,0.893334,1763.534790
8,0.716847,0.816441,2013.126343
9,0.680016,0.672104,2262.651855
10,0.654248,0.587790,2512.245361
11,0.622855,0.563765,2761.756104
12,0.581517,0.554406,3011.320312
13,0.540070,0.552002,3260.938477
14,0.503218,0.554412,3510.483398
15,0.467297,0.573713,3760.047607
16,0.434921,0.591494,4009.580566
17,0.411322,0.594946,4259.142090
18,0.400210,0.562322,4508.703125
19,0.417645,0.517901,4758.278320
20,0.454952,0.460133,5007.848633
21,0.486600,0.418121,5257.443848
22,0.525843,0.397700,5507.000488
23,0.563805,0.416269,5756.577637
24,0.601605,0.454504,6006.100586
25,0.638091,0.463294,6255.662598
26,0.675512,0.461975,6505.211914
27,0.710259,0.467318,6754.822266
28,0.738759,0.475422,7004.363281
29,0.765060,0.476798,7253.929688
30,0.810159,0.487052,7503.530762
31,0.848024,0.498265,7753.056641
32,0.883238,0.511046,8002.628906
33,0.901760,0.537176,8252.170898
34,0.915974,0.547188,8501.794922
35,0.926529,0.558191,8751.288086
36,0.926781,0.579726,9000.879883
37,0.930747,0.596145,9250.459961
38,0.937378,0.602648,9516.644531
39,0.958676,0.603888,9766.193359
40,0.989361,0.597945,10015.779297
41,0.028011,0.575082,10265.310547
42,0.070742,0.561132,10514.909180
43,0.107551,0.552944,10764.475586
44,0.142037,0.549033,11014.015625
45,0.170115,0.548334,11263.579102
46,0.203040,0.547272,11513.138672
47,0.232482,0.546127,11762.722656
48,0.254001,0.542999,12012.255859
49,0.270316,0.543675,12261.823242
50,0.259218,0.542389,12511.399414
51,0.221231,0.516471,12760.985352
52,0.177942,0.431594,13010.521484
53,0.154824,0.355076,13260.104492
54,0.143381,0.294785,13509.649414
55,0.127383,0.277519,13759.207031
56,0.112534,0.271896,14008.794922
57,0.082591,0.267971,14258.347656
58,0.055278,0.283280,14507.898438
59,0.040959,0.319671,14757.462891
60,0.042189,0.383318,15007.038086
61,0.038547,0.454618,15256.607422
62,0.023966,0.493586,15506.166016
63,0.002219,0.497735,15755.752930
64,0.982464,0.502916,16005.297852
65,0.960532,0.502855,16254.848633
66,0.938522,0.502695,16504.417969
67,0.913195,0.499417,16753.996094
68,0.886182,0.495736,17003.556641
69,0.856084,0.495132,17253.117188
70,0.819009,0.494769,17502.664062
71,0.769129,0.503108,17752.255859
72,0.724302,0.515253,18001.818359
73,0.690620,0.552833,18251.384766
74,0.689664,0.580034,18500.919922
75,0.719862,0.624793,18750.513672
76,0.754003,0.651941,19000.064453
77,0.777515,0.655438,19266.246094
78,0.804484,0.665245,19515.806641
79,0.834520,0.668835,19765.408203
80,0.873241,0.651652,20014.957031
81,0.910628,0.643786,20264.517578
82,0.948260,0.645668,20514.072266
83,0.975388,0.647481,20763.648438
84,0.998877,0.647473,21013.191406
85,0.013777,0.650895,21262.755859
86,0.016355,0.654112,21512.332031
87,0.006009,0.660157,21761.923828
88,0.988119,0.672168,22011.447266
89,0.969016,0.696487,22261.068359
90,0.946465,0.710178,22510.595703
91,0.921999,0.712881,22760.154297
92,0.897169,0.715673,23009.712891
93,0.872058,0.722106,23259.279297
94,0.848174,0.728492,23508.833984
95,0.858263,0.791788,23758.400391
96,0.902685,0.837279,24007.992188
97,0.902976,0.848167,24257.556641
98,0.907381,0.842993,24507.103516
99,0.910090,0.836673,24756.656250
0,0.749872,0.512290,-0.018584
1,0.749734,0.512551,266.202667
2,0.749794,0.515746,515.779297
3,0.748437,0.545420,765.351196
4,0.747523,0.623593,1014.879395
5,0.743298,0.697778,1264.486206
6,0.727869,0.734269,1513.991577
7,0.692445,0.734876,1763.692261
8,0.652201,0.711039,2013.140137
9,0.629391,0.691333,2262.728271
10,0.605707,0.679936,2512.280762
11,0.581421,0.675598,2761.824951
12,0.557752,0.661964,3011.465576
13,0.535884,0.623368,3261.004883
14,0.517019,0.581203,3510.595703
15,0.492342,0.557140,3760.109619
16,0.461791,0.552303,4009.742188
17,0.431712,0.561259,4259.197266
18,0.405277,0.560816,4508.750977
19,0.375477,0.538256,4758.357910
20,0.343231,0.517506,5007.922852
21,0.305761,0.524554,5257.553223
22,0.285195,0.543494,5507.056152
23,0.301417,0.544043,5756.619629
24,0.336651,0.544589,6006.178223
25,0.371985,0.531642,6255.726074
26,0.394954,0.504252,6505.278320
27,0.414623,0.461745,6754.864258
28,0.443201,0.444915,7004.424316
29,0.467111,0.450261,7253.978027
30,0.462859,0.453738,7503.531738
31,0.459024,0.463777,7753.119141
32,0.461755,0.476174,8002.692383
33,0.469888,0.491793,8252.222656
34,0.481060,0.495563,8501.802734
35,0.495782,0.487546,8751.378906
36,0.509941,0.482201,9000.929688
37,0.525372,0.479927,9250.492188
38,0.543429,0.476047,9500.047852
39,0.559136,0.476766,9766.242188
40,0.576856,0.475463,10015.817383
41,0.598889,0.469730,10265.395508
42,0.619410,0.462493,10514.942383
43,0.630573,0.460334,10764.499023
44,0.635796,0.461894,11014.104492
45,0.637961,0.461709,11263.632812
46,0.639671,0.461400,11513.209961
47,0.639760,0.462214,11762.782227
48,0.640868,0.463865,12012.312500
49,0.641025,0.463372,12261.887695
50,0.640942,0.463626,12511.463867
51,0.641093,0.464176,12761.021484
52,0.641461,0.463942,13010.585938
53,0.641092,0.465531,13260.199219
54,0.641368,0.466060,13509.707031
55,0.643075,0.465865,13759.270508
56,0.654452,0.462822,14008.829102
57,0.691829,0.462262,14258.424805
58,0.738376,0.461817,14507.970703
59,0.779199,0.457329,14757.532227
60,0.816290,0.445598,15007.083984
61,0.850981,0.444395,15256.661133
62,0.894425,0.448959,15506.209961
63,0.930585,0.453146,15755.773438
64,0.961971,0.452594,16005.345703
65,0.980770,0.453794,16254.907227
66,0.999926,0.457034,16504.468750
67,0.027456,0.466053,16754.052734
68,0.065295,0.471625,17003.607422
69,0.092559,0.469973,17253.169922
70,0.102185,0.474037,17502.720703
71,0.095969,0.472696,17752.312500
72,0.079405,0.466727,18001.867188
73,0.053140,0.464376,18251.414062
74,0.016232,0.460988,18500.970703
75,0.975503,0.457993,18750.589844
76,0.937701,0.453517,19000.126953
77,0.896736,0.452580,19266.310547
78,0.848445,0.451582,19515.896484
79,0.803733,0.448925,19765.447266
80,0.788678,0.450175,20015.000000
81,0.778366,0.447963,20264.589844
82,0.751520,0.444159,20514.154297
83,0.701267,0.450930,20763.695312
84,0.659929,0.455107,21013.292969
85,0.644013,0.451552,21262.861328
86,0.633990,0.452028,21512.384766
87,0.632018,0.450272,21761.960938
88,0.632676,0.451132,22011.554688
89,0.632622,0.447172,22261.089844
90,0.631448,0.449933,22510.673828
91,0.632485,0.449105,22760.210938
92,0.633991,0.448801,23009.777344
93,0.634332,0.449199,23259.367188
94,0.634419,0.449716,23508.902344
95,0.634114,0.450690,23758.503906
96,0.634280,0.452172,24008.037109
97,0.634457,0.451921,24257.642578
98,0.634588,0.452443,24507.160156
99,0.634297,0.453373,24756.753906
0,0.750137,0.534075,-0.049225
1,0.755242,0.540192,266.113678
2,0.762363,0.594636,515.743958
3,0.776379,0.697800,765.335815
4,0.818131,0.800233,1014.820007
5,0.858059,0.838315,1264.408081
6,0.862161,0.845330,1513.942993
7,0.859289,0.849882,1763.600830
8,0.857311,0.854269,2013.095093
9,0.854277,0.847587,2262.671143
10,0.850696,0.827010,2512.198730
11,0.844504,0.801084,2761.823486
12,0.826535,0.754066,3011.442383
13,0.804623,0.713081,3260.891113
14,0.781557,0.674382,3510.527588
15,0.740526,0.628935,3760.057861
16,0.701568,0.594856,4009.604736
17,0.664684,0.572581,4259.236328
18,0.639862,0.556753,4508.801758
19,0.624978,0.541826,4758.276367
20,0.622587,0.530980,5007.867676
21,0.616788,0.538724,5257.492188
22,0.607134,0.563897,5507.013184
23,0.575679,0.608769,5756.533203
24,0.496730,0.644180,6006.192871
25,0.440840,0.655404,6255.709961
26,0.372398,0.670354,6505.312500
27,0.313713,0.663882,6754.789551
28,0.298817,0.649600,7004.398926
29,0.319768,0.638481,7254.013184
30,0.391887,0.649142,7503.475586
31,0.427725,0.643748,7753.053223
32,0.494673,0.597527,8002.615723
33,0.691866,0.462787,8252.185547
34,0.864464,0.423809,8501.708008
35,0.953319,0.486016,8751.354492
36,0.008825,0.531019,9000.921875
37,0.049040,0.555187,9250.448242
38,0.082628,0.580185,9516.623047
39,0.114742,0.594483,9766.231445
40,0.148197,0.604821,10015.723633
41,0.171286,0.613346,10265.372070
42,0.187624,0.624119,10514.869141
43,0.206781,0.618925,10764.534180
44,0.226328,0.611465,11014.051758
45,0.241440,0.599295,11263.585938
46,0.251887,0.588557,11513.162109
47,0.277692,0.579159,11762.779297
48,0.327703,0.565466,12012.294922
49,0.393071,0.552127,12261.824219
50,0.435188,0.541295,12511.416992
51,0.455784,0.539043,12760.975586
52,0.487310,0.546845,13010.559570
53,0.521641,0.555941,13260.110352
54,0.544005,0.564143,13509.648438
55,0.560118,0.564303,13759.257812
56,0.572526,0.547657,14008.780273
57,0.576702,0.544055,14258.448242
58,0.593786,0.539898,14507.949219
59,0.614283,0.558016,14757.559570
60,0.596537,0.544485,15007.030273
61,0.589778,0.544920,15256.637695
62,0.585260,0.539507,15506.180664
63,0.582413,0.542678,15755.710938
64,0.580164,0.547764,16005.349609
65,0.577939,0.548232,16254.841797
66,0.575667,0.549368,16504.453125
67,0.575183,0.550304,16753.972656
68,0.576027,0.547265,17003.597656
69,0.576257,0.538682,17253.126953
70,0.574654,0.536953,17502.679688
71,0.569321,0.539836,17752.326172
72,0.563308,0.546491,18001.855469
73,0.549853,0.572078,18251.468750
74,0.492156,0.597237,18500.912109
75,0.381456,0.592077,18750.507812
76,0.249375,0.541221,19000.042969
77,0.150188,0.502734,19266.304688
78,0.093481,0.484302,19515.839844
79,0.050121,0.488720,19765.500000
80,0.001882,0.507922,20014.962891
81,0.944279,0.525370,20264.609375
82,0.938290,0.530150,20514.060547
83,0.966145,0.537266,20763.714844
84,0.997936,0.535742,21013.181641
85,0.012500,0.547540,21262.787109
86,0.017744,0.566974,21512.398438
87,0.015839,0.581192,21761.910156
88,0.992084,0.609045,22011.519531
89,0.913830,0.613171,22261.005859
90,0.854577,0.597139,22510.619141
91,0.817511,0.587874,22760.130859
92,0.758614,0.574331,23009.777344
93,0.693683,0.567588,23259.291016
94,0.664694,0.553289,23508.964844
95,0.648153,0.543400,23758.443359
96,0.637951,0.533738,24007.994141
97,0.624947,0.526203,24257.582031
98,0.615436,0.532970,24507.150391
99,0.621653,0.545868,24756.640625
0,0.743195,0.547509,-0.048571
1,0.738617,0.552025,266.203461
2,0.737326,0.591234,515.671875
3,0.747107,0.657145,765.327332
4,0.761973,0.719869,1014.818359
5,0.772040,0.776056,1264.397827
6,0.771584,0.804542,1514.003784
7,0.764582,0.820181,1763.539917
8,0.767139,0.812248,2013.110352
9,0.761986,0.756051,2262.623047
10,0.745668,0.721413,2512.317627
11,0.745032,0.705082,2761.741699
12,0.714398,0.660889,3011.352539
13,0.671884,0.623634,3260.902344
14,0.620151,0.622177,3510.533936
15,0.578792,0.628160,3760.084717
16,0.533927,0.623345,4009.567627
17,0.488543,0.613679,4259.189453
18,0.439446,0.587577,4508.704590
19,0.390777,0.566566,4758.303223
20,0.357321,0.567463,5007.864746
21,0.328452,0.568404,5257.430664
22,0.302243,0.580951,5506.982910
23,0.273307,0.613701,5756.539551
24,0.256271,0.645280,6006.135742
25,0.258316,0.642737,6255.654297
26,0.270388,0.642099,6505.240723
27,0.289064,0.633455,6754.824707
28,0.321069,0.616193,7004.391113
29,0.370800,0.587766,7253.934570
30,0.417855,0.557778,7503.470215
31,0.466439,0.543314,7753.016113
32,0.507464,0.564920,8002.667480
33,0.523369,0.584140,8252.147461
34,0.534741,0.609346,8501.780273
35,0.547480,0.619256,8751.332031
36,0.556820,0.633207,9000.922852
37,0.562922,0.652966,9250.410156
38,0.581880,0.655671,9500.003906
39,0.591991,0.669181,9766.203125
40,0.592039,0.681410,10015.818359
41,0.596687,0.686247,10265.310547
42,0.596969,0.686416,10514.945312
43,0.592809,0.692205,10764.446289
44,0.589488,0.700893,11014.060547
45,0.588181,0.704908,11263.555664
46,0.592570,0.706645,11513.163086
47,0.599500,0.710541,11762.728516
48,0.611753,0.710635,12012.246094
49,0.639701,0.713235,12261.882812
50,0.709042,0.692554,12511.436523
51,0.796776,0.646190,12760.955078
52,0.876492,0.586349,13010.515625
53,0.959889,0.546457,13260.084961
54,0.029954,0.550450,13509.736328
55,0.075084,0.555111,13759.215820
56,0.083253,0.545393,14008.817383
57,0.069936,0.544218,14258.416992
58,0.075843,0.575868,14507.922852
59,0.094967,0.586788,14757.451172
60,0.113914,0.580373,15007.036133
61,0.106711,0.574574,15256.615234
62,0.083839,0.571022,15506.183594
63,0.049865,0.566732,15755.743164
64,0.984666,0.554476,16005.326172
65,0.905391,0.540973,16254.878906
66,0.802271,0.513504,16504.394531
67,0.780817,0.526290,16754.013672
68,0.782199,0.542885,17003.640625
69,0.781960,0.561067,17253.123047
70,0.779861,0.587732,17502.685547
71,0.772175,0.633783,17752.263672
72,0.770702,0.661363,18001.835938
73,0.777891,0.660620,18251.349609
74,0.785544,0.652968,18501.009766
75,0.789639,0.650429,18750.476562
76,0.789157,0.648602,19000.062500
77,0.788478,0.650886,19266.277344
78,0.786795,0.652622,19515.843750
79,0.786000,0.652496,19765.466797
80,0.795324,0.654465,20014.966797
81,0.798470,0.656282,20264.496094
82,0.796863,0.658360,20514.097656
83,0.795267,0.663306,20763.710938
84,0.794619,0.665621,21013.255859
85,0.795265,0.666194,21262.761719
86,0.797121,0.666767,21512.376953
87,0.796909,0.668062,21761.925781
88,0.796855,0.667737,22011.443359
89,0.796229,0.667320,22261.013672
90,0.798815,0.667052,22510.623047
91,0.798899,0.667185,22760.173828
92,0.797647,0.667616,23009.687500
93,0.797565,0.667536,23259.283203
94,0.797896,0.667380,23508.832031
95,0.797808,0.668852,23758.417969
96,0.797761,0.670085,24008.042969
97,0.797730,0.670799,24257.564453
98,0.798013,0.681418,24507.132812
99,0.808175,0.752167,24756.642578
0,0.750089,0.606608,-0.050932
1,0.750113,0.607316,266.125458
2,0.750043,0.608148,515.740479
3,0.763858,0.622761,765.296265
4,0.809659,0.681684,1014.869324
5,0.834504,0.742661,1264.391113
6,0.847393,0.774264,1514.040771
7,0.873026,0.771540,1763.566650
8,0.904399,0.728041,2013.067261
9,0.921545,0.713292,2262.682861
10,0.921726,0.722724,2512.200928
11,0.902734,0.733814,2761.859863
12,0.887576,0.744905,3011.374268
13,0.880564,0.745235,3261.013184
14,0.877293,0.742884,3510.494385
15,0.875029,0.741035,3760.100342
16,0.861330,0.727690,4009.638428
17,0.829763,0.700379,4259.150391
18,0.809382,0.672041,4508.754395
19,0.803165,0.645999,4758.275391
20,0.806247,0.631074,5007.915527
21,0.815062,0.613418,5257.410645
22,0.817681,0.583885,5507.051758
23,0.817100,0.571319,5756.611328
24,0.817927,0.560502,6006.105469
25,0.817067,0.550694,6255.766113
26,0.816529,0.545105,6505.265137
27,0.815129,0.542273,6754.897949
28,0.811820,0.538217,7004.360352
29,0.808834,0.532327,7254.021973
30,0.802099,0.525531,7503.482910
31,0.796113,0.525840,7753.047852
32,0.790619,0.525023,8002.695801
33,0.787358,0.528603,8252.224609
34,0.775250,0.544844,8501.809570
35,0.761898,0.556055,8751.291992
36,0.744653,0.556824,9000.917969
37,0.729860,0.556144,9250.434570
38,0.719855,0.557248,9516.621094
39,0.709724,0.562565,9766.241211
40,0.696915,0.570693,10015.783203
41,0.674683,0.581944,10265.392578
42,0.646879,0.605852,10514.992188
43,0.626126,0.638782,10764.447266
44,0.600663,0.646431,11014.133789
45,0.566529,0.629329,11263.584961
46,0.522495,0.598691,11513.155273
47,0.489012,0.568515,11762.738281
48,0.462336,0.543403,12012.391602
49,0.441788,0.534619,12261.953125
50,0.420249,0.530757,12511.401367
51,0.403657,0.529933,12761.028320
52,0.394720,0.533595,13010.558594
53,0.388298,0.535375,13260.127930
54,0.381236,0.536009,13509.692383
55,0.371184,0.539578,13759.282227
56,0.363593,0.543513,14008.784180
57,0.366555,0.545897,14258.333984
58,0.375123,0.553351,14508.013672
59,0.388497,0.555156,14757.524414
60,0.400525,0.558056,15007.087891
61,0.399264,0.568880,15256.653320
62,0.383121,0.604805,15506.295898
63,0.359393,0.637716,15755.770508
64,0.342107,0.647962,16005.287109
65,0.332589,0.655693,16254.907227
66,0.327492,0.660410,16504.494141
67,0.325901,0.662519,16754.052734
68,0.324811,0.661752,17003.625000
69,0.330050,0.636445,17253.125000
70,0.346768,0.590945,17502.771484
71,0.394913,0.561903,17752.238281
72,0.446795,0.546025,18001.857422
73,0.487483,0.542709,18251.402344
74,0.517578,0.548681,18500.949219
75,0.536267,0.552529,18750.548828
76,0.546699,0.535476,19000.132812
77,0.557240,0.522866,19266.308594
78,0.572551,0.525525,19515.865234
79,0.593890,0.530342,19765.406250
80,0.608516,0.541397,20014.945312
81,0.619333,0.551507,20264.607422
82,0.628310,0.555118,20514.136719
83,0.631377,0.558039,20763.691406
84,0.628085,0.557760,21013.273438
85,0.628535,0.555183,21262.806641
86,0.637523,0.551980,21512.361328
87,0.651011,0.551637,21761.960938
88,0.663842,0.554430,22011.570312
89,0.680121,0.553212,22261.037109
90,0.696884,0.554745,22510.642578
91,0.715415,0.556592,22760.158203
92,0.734312,0.555108,23009.757812
93,0.758336,0.552961,23259.287109
94,0.790997,0.558264,23508.908203
95,0.827174,0.567522,23758.478516
96,0.844455,0.566470,24008.013672
97,0.864453,0.566426,24257.580078
98,0.888154,0.565284,24507.171875
99,0.904562,0.559914,24756.707031
0,0.750025,0.519133,-0.017054
1,0.749721,0.521805,266.244354
2,0.750172,0.547912,515.802490
3,0.758022,0.624202,765.404602
4,0.761030,0.702152,1014.886780
5,0.759931,0.757634,1264.446655
6,0.739192,0.747602,1514.046753
7,0.672116,0.672584,1763.618652
8,0.627578,0.589606,2013.131104
9,0.609838,0.558238,2262.791504
10,0.592346,0.558980,2512.252930
11,0.574874,0.563901,2761.915771
12,0.563331,0.575635,3011.402832
13,0.555926,0.590370,3261.021729
14,0.553385,0.631133,3510.540283
15,0.554138,0.684499,3760.084961
16,0.558987,0.734465,4009.734863
17,0.548652,0.755165,4259.259766
18,0.512576,0.720854,4508.829102
19,0.481707,0.630226,4758.324707
20,0.478280,0.560288,5007.976562
21,0.484119,0.531469,5257.463867
22,0.494111,0.516932,5507.058105
23,0.502191,0.510011,5756.643555
24,0.509243,0.520175,6006.170410
25,0.514056,0.530666,6255.803711
26,0.536834,0.536954,6505.276367
27,0.575513,0.536084,6754.874023
28,0.619120,0.523997,7004.437988
29,0.668641,0.518496,7253.981445
30,0.715791,0.517513,7503.630371
31,0.760066,0.522181,7753.188477
32,0.789310,0.522717,8002.715820
33,0.803551,0.523404,8252.220703
34,0.816665,0.525962,8501.867188
35,0.834813,0.526597,8751.343750
36,0.854351,0.527164,9000.933594
37,0.861721,0.530773,9250.510742
38,0.875326,0.545129,9500.088867
39,0.896309,0.547268,9766.270508
40,0.922189,0.539232,10015.812500
41,0.947309,0.530208,10265.375977
42,0.974496,0.538594,10514.935547
43,0.012483,0.567676,10764.494141
44,0.039801,0.589283,11014.071289
45,0.053734,0.596313,11263.647461
46,0.068867,0.586295,11513.197266
47,0.093179,0.577213,11762.761719
48,0.120611,0.573756,12012.318359
49,0.145082,0.579285,12261.910156
50,0.170148,0.587623,12511.443359
51,0.189657,0.594411,12761.039062
52,0.209555,0.587469,13010.576172
53,0.220784,0.559036,13260.152344
54,0.218413,0.538889,13509.732422
55,0.212792,0.538575,13759.273438
56,0.209482,0.542363,14008.837891
57,0.207608,0.544204,14258.382812
58,0.206423,0.545652,14507.959961
59,0.206012,0.547836,14757.528320
60,0.205003,0.549488,15007.114258
61,0.204325,0.551389,15256.643555
62,0.203431,0.552323,15506.214844
63,0.201330,0.552335,15755.787109
64,0.190889,0.549820,16005.362305
65,0.177962,0.542860,16254.906250
66,0.160655,0.533827,16504.480469
67,0.135952,0.527791,16754.029297
68,0.113114,0.530892,17003.623047
69,0.097585,0.530758,17253.214844
70,0.081195,0.532201,17502.738281
71,0.066983,0.533347,17752.300781
72,0.051589,0.535490,18001.855469
73,0.033599,0.533668,18251.460938
74,0.013586,0.531778,18500.986328
75,0.987766,0.528952,18750.566406
76,0.966184,0.535644,19000.123047
77,0.949919,0.535396,19266.326172
78,0.917430,0.527572,19515.873047
79,0.877762,0.521424,19765.460938
80,0.845025,0.521426,20015.000000
81,0.824786,0.533942,20264.566406
82,0.806616,0.535483,20514.167969
83,0.789656,0.538348,20763.728516
84,0.773447,0.539868,21013.267578
85,0.759565,0.535485,21262.833984
86,0.746967,0.531732,21512.388672
87,0.726669,0.526211,21761.957031
88,0.695277,0.529092,22011.517578
89,0.669440,0.531483,22261.072266
90,0.640473,0.534803,22510.650391
91,0.602485,0.529656,22760.201172
92,0.565855,0.529467,23009.812500
93,0.544732,0.533688,23259.349609
94,0.525766,0.533716,23508.917969
95,0.506255,0.530275,23758.462891
96,0.488441,0.536851,24008.037109
97,0.479823,0.535877,24257.611328
98,0.475935,0.534380,24507.160156
99,0.472063,0.535103,24756.750000
0,0.750108,0.556330,0.001808
1,0.750160,0.555938,266.211914
2,0.750029,0.556509,515.748962
3,0.750662,0.567444,765.321411
4,0.749656,0.592994,1014.886597
5,0.749756,0.595264,1264.461792
6,0.747863,0.596103,1514.036255
7,0.746887,0.604409,1763.582764
8,0.747338,0.606318,2013.170410
9,0.748707,0.605450,2262.700439
10,0.753133,0.609452,2512.275635
11,0.753774,0.609741,2761.837891
12,0.754321,0.607530,3011.398926
13,0.751914,0.606133,3260.965820
14,0.749427,0.605803,3510.516113
15,0.744963,0.609557,3760.094238
16,0.708763,0.586279,4009.628174
17,0.688154,0.559537,4259.237305
18,0.683596,0.526622,4508.770996
19,0.680086,0.514308,4758.349609
20,0.680310,0.515662,5007.890137
21,0.678199,0.514092,5257.498535
22,0.661518,0.512385,5507.013184
23,0.642561,0.517890,5756.598145
24,0.629079,0.534271,6006.194824
25,0.614775,0.575409,6255.738281
26,0.595108,0.616382,6505.304199
27,0.592102,0.636478,6754.840820
28,0.598827,0.648794,7004.440918
29,0.628409,0.670870,7254.013672
30,0.679437,0.683245,7503.533203
31,0.732223,0.683601,7753.122559
32,0.792832,0.675764,8002.699707
33,0.830128,0.661960,8252.269531
34,0.846782,0.644853,8501.808594
35,0.849128,0.624236,8751.377930
36,0.859027,0.603794,9000.926758
37,0.895398,0.560193,9250.493164
38,0.917846,0.526517,9500.039062
39,0.925521,0.515199,9766.288086
40,0.940282,0.514911,10015.819336
41,0.972638,0.525108,10265.385742
42,0.996112,0.535751,10514.937500
43,0.009571,0.540359,10764.528320
44,0.021546,0.542642,11014.059570
45,0.027709,0.544860,11263.684570
46,0.028884,0.543349,11513.233398
47,0.012251,0.545048,11762.800781
48,0.998950,0.543910,12012.340820
49,0.999763,0.546250,12261.898438
50,0.005826,0.546092,12511.474609
51,0.017549,0.544879,12761.004883
52,0.051401,0.532345,13010.602539
53,0.085460,0.527980,13260.159180
54,0.099296,0.539752,13509.704102
55,0.111651,0.547167,13759.275391
56,0.123508,0.550616,14008.841797
57,0.133221,0.554249,14258.394531
58,0.144141,0.555259,14507.959961
59,0.163525,0.567908,14757.571289
60,0.179746,0.592501,15007.092773
61,0.188980,0.607951,15256.665039
62,0.181171,0.641373,15506.225586
63,0.159562,0.679852,15755.820312
64,0.154268,0.686206,16005.350586
65,0.157079,0.655896,16254.921875
66,0.140494,0.593927,16504.474609
67,0.107818,0.574006,16754.058594
68,0.063324,0.549056,17003.632812
69,0.019543,0.537662,17253.171875
70,0.972134,0.532498,17502.722656
71,0.935673,0.527121,17752.302734
72,0.901034,0.520388,18001.880859
73,0.863169,0.515167,18251.439453
74,0.834254,0.511672,18500.990234
75,0.805253,0.505271,18750.556641
76,0.745495,0.502047,19000.142578
77,0.697155,0.499523,19266.316406
78,0.667228,0.497929,19515.878906
79,0.643057,0.499670,19765.449219
80,0.632908,0.500710,20015.015625
81,0.620242,0.502519,20264.583984
82,0.606767,0.503818,20514.130859
83,0.588731,0.506876,20763.726562
84,0.565310,0.514609,21013.289062
85,0.531525,0.534883,21262.833984
86,0.505140,0.544315,21512.402344
87,0.485340,0.548460,21761.974609
88,0.484182,0.549001,22011.515625
89,0.489165,0.550520,22261.072266
90,0.497735,0.550495,22510.636719
91,0.502462,0.551695,22760.212891
92,0.510051,0.553674,23009.777344
93,0.522182,0.554735,23259.363281
94,0.532721,0.555000,23508.917969
95,0.547228,0.554566,23758.484375
96,0.568200,0.534461,24008.041016
97,0.601786,0.543483,24257.597656
98,0.621406,0.546096,24507.154297
99,0.627888,0.550618,24756.738281
0,0.749753,0.480851,0.024042
1,0.749699,0.482777,266.218903
2,0.754316,0.515614,515.761780
3,0.781857,0.637939,765.364197
4,0.831648,0.697205,1014.944641
5,0.887532,0.704659,1264.479004
6,0.948777,0.695207,1514.036011
7,0.995572,0.677435,1763.653931
8,0.039427,0.649326,2013.156982
9,0.075228,0.631346,2262.779541
10,0.112600,0.621079,2512.365234
11,0.145412,0.615896,2761.899414
12,0.174096,0.615630,3011.538330
13,0.200760,0.615987,3261.029297
14,0.225421,0.612574,3510.595947
15,0.250677,0.601569,3760.106689
16,0.272370,0.596020,4009.723145
17,0.292523,0.590547,4259.321289
18,0.312457,0.589573,4508.800781
19,0.332495,0.588363,4758.354004
20,0.351308,0.590907,5007.917480
21,0.368723,0.593426,5257.483398
22,0.385092,0.595006,5507.062012
23,0.399495,0.595696,5756.640137
24,0.412850,0.596810,6006.225098
25,0.424622,0.598347,6255.834473
26,0.435514,0.599290,6505.336914
27,0.444241,0.599376,6754.860352
28,0.440850,0.577591,7004.467773
29,0.430167,0.539117,7253.988770
30,0.437501,0.534818,7503.657227
31,0.480136,0.553105,7753.147461
32,0.503281,0.563915,8002.728516
33,0.499756,0.567528,8252.264648
34,0.448154,0.553694,8501.818359
35,0.364831,0.499982,8751.396484
36,0.297293,0.473674,9000.958984
37,0.226554,0.453039,9250.500977
38,0.135024,0.429586,9500.077148
39,0.051141,0.440648,9766.293945
40,0.000784,0.458254,10015.844727
41,0.955862,0.465584,10265.406250
42,0.913158,0.480850,10515.004883
43,0.878764,0.488173,10764.523438
44,0.850601,0.496903,11014.115234
45,0.829374,0.502795,11263.676758
46,0.820585,0.487340,11513.230469
47,0.810038,0.457614,11762.806641
48,0.786657,0.472393,12012.358398
49,0.749429,0.482968,12261.933594
50,0.711555,0.492609,12511.488281
51,0.694291,0.486989,12761.057617
52,0.687598,0.484375,13010.612305
53,0.680778,0.502042,13260.182617
54,0.691670,0.510007,13509.737305
55,0.768669,0.501527,13759.304688
56,0.791046,0.508188,14008.882812
57,0.786600,0.519287,14275.083984
58,0.797799,0.523110,14507.994141
59,0.810715,0.503002,14757.544922
60,0.811478,0.497828,15007.109375
61,0.814104,0.500882,15256.700195
62,0.811496,0.498791,15506.282227
63,0.805777,0.502968,15755.842773
64,0.804264,0.503565,16005.382812
65,0.804151,0.503250,16254.947266
66,0.803852,0.501377,16504.509766
67,0.803518,0.501676,16754.097656
68,0.803527,0.502766,17003.628906
69,0.803561,0.503882,17253.197266
70,0.803823,0.504394,17502.759766
71,0.803733,0.504634,17752.333984
72,0.803638,0.505347,18001.908203
73,0.803522,0.506199,18251.447266
74,0.803511,0.506609,18501.021484
75,0.803559,0.506972,18750.574219
76,0.803539,0.507397,19000.140625
77,0.803208,0.508119,19266.337891
78,0.803087,0.508235,19515.951172
79,0.803006,0.508215,19765.468750
80,0.802918,0.508050,20015.039062
81,0.802706,0.508870,20264.591797
82,0.802583,0.509520,20514.208984
83,0.802551,0.509803,20763.718750
84,0.802512,0.510008,21013.302734
85,0.802145,0.510665,21262.873047
86,0.801985,0.510628,21512.412109
87,0.801944,0.510877,21761.996094
88,0.802058,0.511219,22011.544922
89,0.801967,0.511811,22261.105469
90,0.801980,0.511741,22510.662109
91,0.802031,0.511762,22760.287109
92,0.801970,0.511801,23009.808594
93,0.801836,0.512097,23259.378906
94,0.801714,0.512221,23508.949219
95,0.801824,0.512238,23758.507812
96,0.801754,0.512049,24008.060547
97,0.801660,0.512330,24257.628906
98,0.801534,0.512759,24507.195312
99,0.801542,0.512787,24756.753906
0,0.754688,0.458111,-0.006729
1,0.748132,0.479817,266.245880
2,0.738479,0.550231,515.702271
3,0.713920,0.591863,765.324646
4,0.660953,0.573723,1014.883911
5,0.605627,0.542156,1264.425415
6,0.543925,0.526529,1514.007568
7,0.493044,0.544608,1763.568359
8,0.469148,0.586643,2013.162842
9,0.478378,0.611227,2262.712158
10,0.493773,0.644141,2512.288574
11,0.488270,0.705150,2761.831055
12,0.476145,0.745817,3011.362549
13,0.443819,0.775319,3260.993652
14,0.374340,0.765403,3510.532959
15,0.322165,0.751490,3760.082275
16,0.309001,0.729918,4009.620850
17,0.315763,0.684061,4259.227539
18,0.326975,0.630973,4508.766602
19,0.342046,0.612393,4758.312988
20,0.366246,0.587824,5007.957520
21,0.384169,0.563677,5257.524902
22,0.407370,0.545061,5506.978027
23,0.488993,0.519366,5756.578613
24,0.616530,0.493567,6006.151855
25,0.691026,0.479167,6255.704590
26,0.770676,0.471558,6505.248047
27,0.831049,0.473045,6754.856445
28,0.885211,0.478217,7004.435059
29,0.931235,0.484305,7253.929688
30,0.978200,0.493077,7503.526367
31,0.024090,0.498762,7753.165527
32,0.066639,0.502411,8002.630859
33,0.110336,0.505806,8252.197266
34,0.144578,0.511049,8501.807617
35,0.178881,0.517882,8751.377930
36,0.204023,0.521939,9000.934570
37,0.221051,0.527679,9250.451172
38,0.207023,0.529742,9500.017578
39,0.122077,0.520620,9766.246094
40,0.049845,0.513878,10015.811523
41,0.978660,0.505278,10265.343750
42,0.913633,0.500471,10515.011719
43,0.881519,0.501374,10764.492188
44,0.856874,0.501071,11014.050781
45,0.834532,0.489039,11263.700195
46,0.802323,0.475581,11513.206055
47,0.758830,0.456729,11762.775391
48,0.713542,0.453675,12012.296875
49,0.675522,0.448283,12261.876953
50,0.633284,0.446573,12511.479492
51,0.587595,0.440985,12761.038086
52,0.545595,0.444176,13010.566406
53,0.501600,0.448231,13260.162109
54,0.463133,0.449888,13509.681641
55,0.432392,0.455351,13759.243164
56,0.410596,0.465054,14008.918945
57,0.391620,0.472369,14258.362305
58,0.371402,0.477341,14507.993164
59,0.352263,0.483330,14757.496094
60,0.339009,0.485764,15007.059570
61,0.332231,0.486489,15256.645508
62,0.331910,0.487086,15506.203125
63,0.340800,0.485955,15755.754883
64,0.358554,0.486528,16005.316406
65,0.401852,0.444224,16254.895508
66,0.466989,0.314673,16504.443359
67,0.506647,0.226005,16754.021484
68,0.524995,0.207441,17003.566406
69,0.549692,0.203392,17253.171875
70,0.582195,0.266139,17502.732422
71,0.617082,0.420388,17752.271484
72,0.646996,0.487773,18001.837891
73,0.681046,0.500953,18251.394531
74,0.722362,0.497731,18500.990234
75,0.760313,0.504054,18750.525391
76,0.805001,0.507573,19000.082031
77,0.862604,0.494000,19266.296875
78,0.913489,0.486931,19515.861328
79,0.947580,0.497690,19765.410156
80,0.973249,0.501611,20014.976562
81,0.999209,0.500541,20264.533203
82,0.029271,0.512425,20514.111328
83,0.068694,0.526767,20763.683594
84,0.092119,0.530152,21013.240234
85,0.099425,0.531915,21262.810547
86,0.092024,0.545158,21512.388672
87,0.074893,0.564794,21761.941406
88,0.045629,0.607945,22011.513672
89,0.004182,0.642717,22261.080078
90,0.959737,0.662870,22510.615234
91,0.908114,0.685056,22760.173828
92,0.851899,0.707086,23009.732422
93,0.796993,0.723424,23259.343750
94,0.703923,0.722487,23508.873047
95,0.581923,0.678302,23758.439453
96,0.482578,0.638878,24008.011719
97,0.423616,0.613776,24257.548828
98,0.351536,0.570897,24507.130859
99,0.290508,0.535910,24756.693359
0,0.750016,0.399809,0.029424
1,0.750308,0.402763,266.268860
2,0.760655,0.423316,515.805298
3,0.798566,0.494821,765.415039
4,0.803003,0.586916,1014.946472
5,0.781984,0.674010,1264.519043
6,0.719115,0.710286,1514.055664
7,0.622860,0.700179,1763.609131
8,0.529759,0.614156,2013.232422
9,0.508638,0.530264,2262.770264
10,0.477729,0.480896,2512.350830
11,0.441658,0.482738,2761.865479
12,0.400896,0.487804,3011.506592
13,0.361375,0.490209,3261.036865
14,0.338539,0.492540,3510.563721
15,0.345856,0.492870,3760.142090
16,0.382729,0.486109,4009.686035
17,0.452258,0.478970,4259.271484
18,0.519418,0.474602,4508.806641
19,0.566796,0.466821,4758.375488
20,0.613620,0.472425,5007.973145
21,0.646025,0.475294,5257.543457
22,0.681578,0.478244,5507.092285
23,0.729468,0.469691,5756.659668
24,0.754382,0.464389,6006.207520
25,0.776403,0.468003,6255.774902
26,0.798523,0.473755,6505.326172
27,0.824263,0.469758,6754.939453
28,0.862780,0.463471,7004.468750
29,0.909767,0.463631,7254.023438
30,0.943216,0.459700,7503.621094
31,0.979015,0.456505,7753.160156
32,0.026220,0.456920,8002.712402
33,0.072287,0.460565,8252.279297
34,0.110196,0.464271,8501.825195
35,0.140356,0.470405,8751.414062
36,0.163162,0.498960,9000.981445
37,0.169074,0.512557,9250.542969
38,0.166091,0.510250,9500.123047
39,0.159665,0.505852,9766.347656
40,0.154698,0.516840,10015.849609
41,0.148811,0.529760,10265.416016
42,0.141281,0.519580,10514.979492
43,0.135416,0.513896,10764.563477
44,0.127808,0.509639,11014.138672
45,0.085890,0.491769,11263.672852
46,0.043155,0.464260,11513.260742
47,0.015184,0.448533,11762.809570
48,0.975401,0.441253,12012.363281
49,0.928681,0.430934,12261.947266
50,0.891855,0.427578,12511.510742
51,0.860173,0.428275,12761.074219
52,0.843687,0.432525,13010.637695
53,0.837954,0.433601,13260.213867
54,0.837559,0.437645,13509.762695
55,0.837067,0.449662,13759.321289
56,0.836922,0.461227,14008.885742
57,0.838311,0.459654,14258.459961
58,0.838914,0.460223,14508.033203
59,0.838949,0.460553,14757.613281
60,0.839007,0.459906,15007.176758
61,0.839625,0.459920,15256.711914
62,0.840806,0.460128,15506.260742
63,0.841313,0.460524,15755.849609
64,0.841219,0.461147,16005.384766
65,0.841150,0.460674,16254.964844
66,0.841140,0.460379,16504.515625
67,0.841150,0.461008,16754.101562
68,0.841248,0.462245,17003.664062
69,0.841468,0.462692,17253.214844
70,0.841690,0.462832,17502.779297
71,0.843378,0.470660,17752.345703
72,0.846035,0.528413,18001.904297
73,0.835772,0.581000,18251.476562
74,0.811823,0.586875,18501.066406
75,0.772156,0.574973,18750.628906
76,0.713194,0.535220,19000.148438
77,0.671776,0.497194,19266.365234
78,0.651510,0.487352,19515.927734
79,0.632115,0.485083,19765.511719
80,0.616355,0.486527,20015.041016
81,0.601919,0.486198,20264.642578
82,0.590402,0.484453,20514.205078
83,0.588823,0.482118,20763.751953
84,0.594880,0.480260,21013.298828
85,0.606332,0.480645,21262.908203
86,0.624542,0.481265,21512.451172
87,0.663468,0.476002,21761.988281
88,0.729558,0.461537,22011.566406
89,0.805992,0.456928,22261.136719
90,0.863779,0.451747,22510.703125
91,0.880821,0.448274,22760.275391
92,0.879437,0.446700,23009.853516
93,0.876670,0.449880,23259.408203
94,0.874759,0.453726,23508.976562
95,0.869809,0.481443,23758.525391
96,0.864049,0.523047,24008.099609
97,0.860381,0.568998,24257.652344
98,0.858738,0.576437,24507.191406
99,0.858808,0.565832,24756.814453
0,0.750919,0.565144,0.011725
1,0.752938,0.566834,266.212158
2,0.733686,0.568077,515.778198
3,0.669223,0.556417,765.338379
4,0.621984,0.529099,1014.922363
5,0.581317,0.537689,1264.430054
6,0.572262,0.625156,1514.042725
7,0.623016,0.723600,1763.591797
8,0.700517,0.762332,2013.132568
9,0.799468,0.749744,2262.716309
10,0.861937,0.695673,2512.266357
11,0.908021,0.635304,2761.902832
12,0.944689,0.547532,3011.420898
13,0.970283,0.517638,3261.076416
14,0.917534,0.522449,3510.508789
15,0.852545,0.525812,3760.139893
16,0.808317,0.513865,4009.664551
17,0.790706,0.503600,4259.207520
18,0.864114,0.498944,4508.837891
19,0.011506,0.496153,4758.419922
20,0.075724,0.503192,5007.892578
21,0.108570,0.507805,5257.509277
22,0.135484,0.509719,5507.067871
23,0.174358,0.508182,5756.599609
24,0.207886,0.509151,6006.165039
25,0.229687,0.509715,6255.695801
26,0.252523,0.505516,6505.374512
27,0.284140,0.513672,6754.823730
28,0.315547,0.515192,7004.517578
29,0.354370,0.520285,7254.041016
30,0.385455,0.520325,7503.571289
31,0.417612,0.521498,7753.095215
32,0.440881,0.521770,8002.698242
33,0.461011,0.520660,8252.279297
34,0.483579,0.516775,8501.817383
35,0.505845,0.518972,8751.377930
36,0.525838,0.521107,9000.902344
37,0.541318,0.522525,9250.518555
38,0.544034,0.525351,9500.046875
39,0.530176,0.528871,9766.241211
40,0.477797,0.526867,10015.808594
41,0.399687,0.509002,10265.427734
42,0.328736,0.503749,10514.923828
43,0.274397,0.509667,10764.511719
44,0.221049,0.516892,11014.121094
45,0.154895,0.520697,11263.656250
46,0.110095,0.538447,11513.202148
47,0.061431,0.546597,11762.811523
48,0.004480,0.541946,12012.395508
49,0.955369,0.533172,12261.936523
50,0.923639,0.538760,12511.506836
51,0.887364,0.541204,12761.049805
52,0.860785,0.553153,13010.579102
53,0.838574,0.561873,13260.137695
54,0.818224,0.562704,13509.762695
55,0.799855,0.566494,13759.329102
56,0.779260,0.568899,14008.917969
57,0.753020,0.569585,14258.432617
58,0.723062,0.577451,14508.031250
59,0.697922,0.577912,14757.556641
60,0.684822,0.575513,15007.079102
61,0.672318,0.573697,15256.715820
62,0.657786,0.572113,15506.211914
63,0.647532,0.557122,15755.887695
64,0.651539,0.547988,16005.333008
65,0.658691,0.542024,16254.960938
66,0.671595,0.538777,16504.470703
67,0.701510,0.536007,16754.054688
68,0.752880,0.535002,17003.701172
69,0.788990,0.543062,17253.199219
70,0.790129,0.549226,17502.828125
71,0.791138,0.551490,17752.283203
72,0.792520,0.582092,18001.886719
73,0.782080,0.592306,18251.488281
74,0.724387,0.579715,18501.005859
75,0.688459,0.555038,18750.583984
76,0.685602,0.489828,19000.126953
77,0.683356,0.370306,19266.312500
78,0.684050,0.279105,19515.968750
79,0.679848,0.219337,19765.431641
80,0.661270,0.174644,20015.080078
81,0.676945,0.162666,20264.566406
82,0.810118,0.225278,20514.181641
83,0.919860,0.340707,20763.726562
84,0.962637,0.411652,21013.306641
85,0.958825,0.425063,21262.863281
86,0.911089,0.432114,21512.373047
87,0.822706,0.432583,21762.044922
88,0.715716,0.436401,22011.507812
89,0.598062,0.439443,22261.130859
90,0.560976,0.427878,22510.669922
91,0.558088,0.429624,22760.259766
92,0.575328,0.433151,23009.820312
93,0.611705,0.446511,23259.341797
94,0.644258,0.453481,23508.929688
95,0.705220,0.449048,23758.441406
96,0.918194,0.449774,24008.105469
97,0.011722,0.494311,24257.580078
98,0.035957,0.504542,24507.191406
99,0.047098,0.499607,24756.759766
0,0.749104,0.559858,0.001590
1,0.748062,0.561611,266.098022
2,0.748359,0.576586,515.651428
3,0.752303,0.611268,765.219543
4,0.772393,0.648510,1014.880981
5,0.804800,0.673903,1264.338501
6,0.820612,0.678819,1514.074829
7,0.827587,0.674954,1763.497925
8,0.832655,0.660590,2013.071899
9,0.836774,0.632917,2262.786865
10,0.838493,0.611177,2512.177002
11,0.837835,0.592173,2761.857910
12,0.835508,0.574262,3011.300293
13,0.832792,0.559396,3260.991211
14,0.827045,0.550559,3510.458496
15,0.817941,0.544997,3760.032471
16,0.810967,0.542280,4009.603516
17,0.807277,0.540988,4259.195312
18,0.803890,0.538764,4508.640625
19,0.798032,0.536170,4758.267578
20,0.788524,0.533447,5007.825195
21,0.774531,0.529471,5257.387207
22,0.767256,0.527679,5507.056641
23,0.762749,0.526101,5756.562988
24,0.751015,0.522149,6006.171875
25,0.741881,0.519758,6255.649414
26,0.733538,0.519416,6505.266602
27,0.721151,0.520279,6754.750488
28,0.712423,0.521807,7004.407715
29,0.703957,0.523646,7253.889648
30,0.694506,0.525574,7503.469238
31,0.684014,0.525919,7753.032227
32,0.674223,0.525740,8002.583008
33,0.667415,0.524720,8252.083008
34,0.658351,0.526791,8535.011719
35,0.648292,0.530749,8768.008789
36,0.642529,0.531548,9017.441406
37,0.634777,0.529356,9267.109375
38,0.629499,0.527693,9516.551758
39,0.623854,0.520465,9766.233398
40,0.617828,0.504240,10049.104492
41,0.612172,0.504488,10298.541992
42,0.605152,0.506945,10531.541992
43,0.598935,0.513188,10781.083984
44,0.592893,0.521540,11030.647461
45,0.583658,0.535840,11263.523438
46,0.573209,0.559064,11529.832031
47,0.564309,0.568495,11779.322266
48,0.553574,0.574172,12045.533203
49,0.541617,0.577767,12278.436523
50,0.533904,0.579930,12528.038086
51,0.527347,0.580578,12760.893555
52,0.519846,0.579158,13027.173828
53,0.510394,0.583735,13260.038086
54,0.491638,0.593904,13526.282227
55,0.467312,0.598835,13759.122070
56,0.454401,0.597796,14008.722656
57,0.447258,0.592673,14258.421875
58,0.443262,0.585962,14507.883789
59,0.446184,0.578735,14757.500977
60,0.457365,0.570811,15006.958984
61,0.475469,0.562736,15256.594727
62,0.494154,0.546940,15506.077148
63,0.509707,0.536570,15755.696289
64,0.518505,0.530040,16005.217773
65,0.528192,0.525429,16254.814453
66,0.516020,0.518115,16504.345703
67,0.490440,0.517654,16753.941406
68,0.457404,0.514534,17003.562500
69,0.423278,0.512934,17253.058594
70,0.399287,0.519695,17602.425781
71,0.389391,0.540811,17752.164062
72,0.388469,0.562379,18084.902344
73,0.378934,0.566818,18334.541016
74,0.378870,0.564110,18584.070312
75,0.383803,0.565376,18833.679688
76,0.381045,0.578099,19083.177734
77,0.373184,0.580314,19316.156250
78,0.368066,0.563250,19565.646484
79,0.364257,0.546987,19815.316406
80,0.349798,0.530965,20064.791016
81,0.321926,0.529148,20314.400391
82,0.291704,0.538001,20563.878906
83,0.259090,0.560697,20813.494141
84,0.228401,0.576445,21063.138672
85,0.203479,0.580523,21312.623047
86,0.187310,0.577957,21562.281250
87,0.174091,0.574752,21811.744141
88,0.160610,0.572456,22061.369141
89,0.147509,0.586762,22310.863281
90,0.138872,0.591471,22560.441406
91,0.131772,0.566470,22793.330078
92,0.130278,0.551287,23042.947266
93,0.130202,0.534718,23292.488281
94,0.144179,0.528306,23525.427734
95,0.159217,0.520723,23774.966797
96,0.161444,0.518625,24024.599609
97,0.164963,0.516919,24274.042969
98,0.169224,0.512727,24523.703125
99,0.166637,0.516440,24773.166016
