Idx, longitude, latitude, start timestamp
0,0.745344,0.517922,0.045676
1,0.742921,0.514541,266.209930
2,0.731852,0.585285,515.815979
3,0.731674,0.672482,765.305176
4,0.744016,0.704298,1014.943359
5,0.743344,0.711110,1264.496826
6,0.744775,0.711659,1514.060913
7,0.756746,0.707556,1763.608521
8,0.754978,0.698676,2013.129761
9,0.736358,0.691478,2262.761230
10,0.704315,0.677682,2512.287842
11,0.684668,0.664945,2761.935059
12,0.644270,0.636774,3011.385498
13,0.605335,0.617523,3261.023193
14,0.569287,0.619822,3510.507324
15,0.537984,0.634558,3760.131348
16,0.519252,0.610460,4009.597168
17,0.482682,0.567868,4259.317871
18,0.435689,0.529404,4508.814941
19,0.398935,0.501662,4758.301758
20,0.361507,0.492663,5007.999023
21,0.328312,0.502762,5257.479004
22,0.313057,0.523653,5507.099609
23,0.306642,0.534943,5756.541992
24,0.314381,0.537178,6006.212402
25,0.344642,0.529516,6255.701660
26,0.390960,0.493207,6505.295898
27,0.410238,0.468286,6754.771484
28,0.422372,0.459655,7004.412109
29,0.444235,0.460402,7254.083496
30,0.452826,0.465550,7503.513184
31,0.451174,0.474692,7753.220703
32,0.450992,0.480822,8002.708496
33,0.454310,0.486402,8252.245117
34,0.468684,0.494434,8501.788086
35,0.497688,0.498854,8751.436523
36,0.508485,0.509569,9000.879883
37,0.527995,0.531775,9250.474609
38,0.617147,0.536201,9500.051758
39,0.690328,0.510011,9766.341797
40,0.749099,0.489536,10015.882812
41,0.806760,0.491963,10265.333984
42,0.873873,0.503952,10514.978516
43,0.915127,0.523600,10764.473633
44,0.946232,0.532296,11014.158203
45,0.965351,0.528414,11263.565430
46,0.975179,0.521513,11513.302734
47,0.979091,0.522522,11762.738281
48,0.979038,0.526986,12012.322266
49,0.978626,0.527384,12261.891602
50,0.995479,0.518023,12511.482422
51,0.002043,0.519145,12761.040039
52,0.000017,0.524096,13010.594727
53,0.999612,0.528278,13260.159180
54,0.998789,0.531369,13509.691406
55,0.998147,0.534140,13759.269531
56,0.996682,0.535424,14008.809570
57,0.995171,0.536187,14258.454102
58,0.993528,0.536367,14507.996094
59,0.991925,0.537001,14807.415039
60,0.990661,0.539766,15057.010742
61,0.988527,0.570875,15289.944336
62,0.986552,0.642039,15539.548828
63,0.987667,0.682733,15789.030273
64,0.990494,0.720468,16055.247070
65,0.989141,0.736607,16288.114258
66,0.986603,0.739837,16537.744141
67,0.961294,0.797906,16803.865234
68,0.920566,0.866296,17053.501953
69,0.917143,0.885652,17286.363281
70,0.824742,0.936070,17535.976562
71,0.775881,0.949453,17785.587891
72,0.800768,0.943343,18035.107422
73,0.972337,0.853036,18284.712891
74,0.990070,0.765767,18534.197266
75,0.985561,0.725023,18783.849609
76,0.982868,0.719396,19016.722656
77,0.982787,0.717013,19266.289062
78,0.982185,0.715554,19515.845703
79,0.980129,0.714306,19765.455078
80,0.977539,0.708766,20014.996094
81,0.977141,0.708197,20264.560547
82,0.975691,0.705448,20514.017578
83,0.973712,0.703168,20763.666016
84,0.972321,0.702102,21013.199219
85,0.971445,0.701989,21296.009766
86,0.970922,0.702803,21528.927734
87,0.970609,0.702680,21778.505859
88,0.969990,0.701387,22044.750000
89,0.968836,0.699863,22277.640625
90,0.957075,0.690849,22510.630859
91,0.831481,0.663238,22760.138672
92,0.762654,0.642986,23009.814453
93,0.751525,0.633655,23259.267578
94,0.692727,0.602876,23508.855469
95,0.629219,0.577801,23758.380859
96,0.543226,0.580918,24007.974609
97,0.514170,0.606083,24257.453125
98,0.507619,0.615261,24507.089844
99,0.485683,0.631427,24756.783203
0,0.750090,0.508782,0.023413
1,0.749147,0.516837,266.126373
2,0.755404,0.560997,515.745605
3,0.764849,0.597720,765.418823
4,0.766854,0.628410,1014.917603
5,0.753686,0.628249,1264.399414
6,0.712671,0.611776,1513.962402
7,0.673434,0.581495,1763.616455
8,0.632981,0.560916,2013.108398
9,0.606652,0.551685,2262.699951
10,0.592888,0.549475,2512.203125
11,0.595737,0.568083,2761.851074
12,0.585993,0.603268,3011.360107
13,0.570981,0.623302,3260.939209
14,0.597953,0.624123,3510.458740
15,0.708055,0.556720,3760.077637
16,0.754368,0.515958,4009.702637
17,0.759868,0.505305,4259.237793
18,0.744830,0.511031,4508.799316
19,0.743083,0.517624,4758.402832
20,0.797842,0.539986,5007.905762
21,0.803123,0.548089,5257.452637
22,0.735445,0.533498,5507.071777
23,0.706544,0.529307,5756.535156
24,0.701987,0.530075,6006.180176
25,0.700408,0.528794,6255.748047
26,0.686847,0.521123,6505.310059
27,0.699427,0.518035,6754.873535
28,0.809920,0.534338,7004.431641
29,0.888370,0.532649,7254.129395
30,0.939294,0.541142,7503.513184
31,0.979459,0.548303,7753.126953
32,0.014140,0.543492,8002.730957
33,0.040215,0.549057,8252.291016
34,0.048975,0.557473,8501.786133
35,0.046266,0.573201,8751.397461
36,0.030946,0.588414,9000.925781
37,0.964104,0.601283,9250.523438
38,0.876395,0.599844,9516.762695
39,0.819725,0.601441,9766.212891
40,0.818052,0.587020,10015.944336
41,0.758179,0.559186,10265.366211
42,0.700052,0.546047,10514.956055
43,0.657958,0.534671,10764.465820
44,0.621904,0.525002,11014.083008
45,0.593141,0.520984,11263.630859
46,0.536765,0.512503,11513.185547
47,0.480627,0.506078,11762.720703
48,0.433958,0.494089,12012.339844
49,0.403649,0.484916,12261.986328
50,0.371407,0.482470,12511.475586
51,0.402744,0.479889,12761.098633
52,0.495347,0.474432,13010.595703
53,0.522995,0.486720,13260.159180
54,0.524097,0.490846,13509.710938
55,0.520589,0.493244,13759.288086
56,0.507524,0.500309,14008.825195
57,0.480052,0.507580,14258.411133
58,0.433708,0.503093,14507.946289
59,0.356611,0.490743,14757.589844
60,0.315298,0.495164,15007.122070
61,0.304089,0.516541,15256.689453
62,0.295051,0.520040,15506.279297
63,0.264996,0.512471,15755.814453
64,0.239802,0.498352,16005.369141
65,0.230217,0.482688,16254.930664
66,0.202811,0.485175,16504.519531
67,0.191035,0.495912,16754.015625
68,0.185063,0.520264,17003.736328
69,0.197283,0.522986,17253.187500
70,0.245237,0.483365,17502.771484
71,0.281968,0.471516,17752.253906
72,0.302406,0.469772,18001.904297
73,0.304862,0.475762,18251.382812
74,0.272135,0.494441,18500.970703
75,0.214989,0.529500,18750.636719
76,0.187824,0.557570,19000.109375
77,0.166918,0.557591,19266.351562
78,0.164309,0.555382,19515.875000
79,0.170267,0.551192,19765.447266
80,0.185592,0.545460,20015.039062
81,0.208138,0.532812,20264.562500
82,0.222824,0.527201,20514.089844
83,0.235101,0.523963,20763.773438
84,0.258617,0.518588,21013.373047
85,0.296877,0.526319,21262.875000
86,0.321670,0.547504,21512.443359
87,0.336972,0.580509,21761.976562
88,0.345743,0.612758,22011.591797
89,0.356403,0.636130,22261.031250
90,0.361419,0.655675,22510.675781
91,0.358505,0.659823,22760.216797
92,0.344181,0.659470,23009.871094
93,0.330329,0.657328,23259.285156
94,0.338668,0.667158,23508.994141
95,0.371166,0.695458,23758.443359
96,0.388577,0.716718,24008.058594
97,0.382455,0.715552,24257.685547
98,0.335380,0.680281,24507.148438
99,0.313885,0.657914,24756.767578
0,0.753099,0.437247,0.006186
1,0.752964,0.440321,266.308624
2,0.748816,0.466106,515.973816
3,0.738959,0.533494,765.437317
4,0.744746,0.593175,1015.020386
5,0.764142,0.627758,1264.468750
6,0.781578,0.672990,1597.256714
7,0.787823,0.720377,1846.865723
8,0.799048,0.757391,2013.290283
9,0.819809,0.789502,2345.968506
10,0.880312,0.768653,2595.449707
11,0.926274,0.737678,2845.168457
12,0.935581,0.734207,3078.009033
13,0.943514,0.702940,3327.570312
14,0.957528,0.643361,3577.108398
15,0.966198,0.606401,3810.091309
16,0.970065,0.590649,4059.596191
17,0.989144,0.571821,4325.803223
18,0.002619,0.560205,4575.451172
19,0.020797,0.556768,4824.962891
20,0.034773,0.553134,5074.607910
21,0.050045,0.550364,5307.471680
22,0.067659,0.541839,5573.686523
23,0.080829,0.527106,5806.590820
24,0.083908,0.526792,6072.788086
25,0.080800,0.517373,6322.299316
26,0.076934,0.506180,6555.256836
27,0.074022,0.510626,6804.782227
28,0.073552,0.519334,7054.424316
29,0.055742,0.532917,7287.273438
30,0.015780,0.548456,7536.877930
31,0.992730,0.584356,7786.442383
32,0.988072,0.601000,8036.034180
33,0.981327,0.608661,8285.520508
34,0.974935,0.580768,8551.755859
35,0.966620,0.534284,8784.784180
36,0.914669,0.518104,9017.667969
37,0.858108,0.518000,9267.173828
38,0.821741,0.567029,9516.790039
39,0.816206,0.590285,9766.366211
40,0.800087,0.560943,10015.847656
41,0.752791,0.527416,10265.526367
42,0.705976,0.563752,10514.961914
43,0.686677,0.577299,10781.282227
44,0.677864,0.558202,11030.766602
45,0.654159,0.564086,11263.750000
46,0.610557,0.591481,11513.261719
47,0.577922,0.615604,11762.877930
48,0.569669,0.584664,12012.507812
49,0.563393,0.565932,12261.946289
50,0.564412,0.540559,12511.598633
51,0.578052,0.521639,12761.063477
52,0.587907,0.516003,13010.699219
53,0.614284,0.514288,13260.171875
54,0.651891,0.509796,13509.840820
55,0.659882,0.505501,13759.332031
56,0.651601,0.505321,14042.171875
57,0.622433,0.508211,14258.418945
58,0.554218,0.515717,14508.040039
59,0.504183,0.517443,14757.548828
60,0.476343,0.540041,15007.084961
61,0.455197,0.542361,15256.810547
62,0.443534,0.523907,15506.282227
63,0.453367,0.494183,15789.159180
64,0.451133,0.473192,16038.696289
65,0.399876,0.469862,16271.642578
66,0.356356,0.494308,16521.142578
67,0.344617,0.511659,16754.132812
68,0.342262,0.523132,17020.269531
69,0.340830,0.525627,17269.880859
70,0.338923,0.529180,17502.796875
71,0.360358,0.510140,17769.027344
72,0.383590,0.482077,18018.609375
73,0.392459,0.471003,18251.535156
74,0.398433,0.470208,18500.984375
75,0.404294,0.474873,18750.625000
76,0.408583,0.475942,19000.226562
77,0.408204,0.473338,19283.023438
78,0.409159,0.465892,19532.646484
79,0.407113,0.465857,19782.119141
80,0.385414,0.474221,20015.103516
81,0.337705,0.504527,20264.646484
82,0.292025,0.547788,20514.257812
83,0.267756,0.588035,20763.914062
84,0.260957,0.605492,21013.322266
85,0.258223,0.590718,21262.990234
86,0.259428,0.571616,21512.439453
87,0.263102,0.544672,21761.990234
88,0.264387,0.508895,22011.562500
89,0.259231,0.493616,22261.244141
90,0.245291,0.501704,22510.687500
91,0.236243,0.510380,22760.349609
92,0.237435,0.511824,23009.839844
93,0.240869,0.548641,23259.437500
94,0.243838,0.602827,23508.968750
95,0.242502,0.621474,23758.537109
96,0.244403,0.597753,24008.189453
97,0.248149,0.546649,24274.312500
98,0.250948,0.510057,24507.306641
99,0.252287,0.498512,24756.773438
0,0.749628,0.518586,-0.002596
1,0.749139,0.521126,266.086823
2,0.750444,0.548018,515.680298
3,0.763430,0.609045,765.184937
4,0.768994,0.668039,1014.814148
5,0.764660,0.702076,1264.418823
6,0.751565,0.713532,1513.907837
7,0.722384,0.717862,1763.590576
8,0.685325,0.695140,2013.080078
9,0.644623,0.675579,2262.628418
10,0.608198,0.660955,2512.118408
11,0.580375,0.638124,2761.845703
12,0.565378,0.617568,3011.270020
13,0.547784,0.605009,3260.910400
14,0.528419,0.584768,3510.376709
15,0.506622,0.578508,3760.028320
16,0.482379,0.574781,4009.510986
17,0.450994,0.563909,4259.087891
18,0.431411,0.551591,4525.333008
19,0.424266,0.551429,4758.199707
20,0.418358,0.546784,5007.784180
21,0.409414,0.546853,5257.349121
22,0.386484,0.553734,5506.935059
23,0.365385,0.558033,5839.636230
24,0.341052,0.560604,6072.527832
25,0.328789,0.564320,6255.561035
26,0.318566,0.567131,6505.145996
27,0.307517,0.571029,6754.661621
28,0.301558,0.573632,7020.851074
29,0.299045,0.580470,7253.782715
30,0.294451,0.601325,7503.402832
31,0.291374,0.620477,7819.458984
32,0.289945,0.642961,8052.329102
33,0.284778,0.661329,8285.311523
34,0.281897,0.676424,8501.612305
35,0.279152,0.697465,8751.220703
36,0.276899,0.710745,9000.710938
37,0.275095,0.700821,9266.938477
38,0.275412,0.686730,9516.408203
39,0.276768,0.671476,9766.028320
40,0.281444,0.617942,10015.680664
41,0.281484,0.569797,10265.159180
42,0.287519,0.542887,10531.401367
43,0.294707,0.527009,10764.277344
44,0.307252,0.517809,11013.855469
45,0.327634,0.517444,11263.389648
46,0.353014,0.515647,11596.097656
47,0.369513,0.519926,11762.507812
48,0.386971,0.524880,12012.106445
49,0.400094,0.525618,12261.589844
50,0.417062,0.523401,12511.213867
51,0.423131,0.520584,12760.760742
52,0.374334,0.517497,13010.293945
53,0.332481,0.515689,13326.421875
54,0.302907,0.519471,13559.309570
55,0.280933,0.525813,13792.301758
56,0.264876,0.532992,14008.521484
57,0.249292,0.543243,14258.130859
58,0.240805,0.546621,14507.648438
59,0.242645,0.550368,14757.238281
60,0.245544,0.551086,15006.741211
61,0.249005,0.547345,15256.368164
62,0.258405,0.540922,15522.487305
63,0.271136,0.530418,15755.469727
64,0.286693,0.523036,16038.359375
65,0.300119,0.519737,16254.589844
66,0.311502,0.516429,16504.189453
67,0.326515,0.513173,16753.701172
68,0.345947,0.513263,17003.300781
69,0.358010,0.515441,17252.785156
70,0.375381,0.517320,17502.449219
71,0.400296,0.516591,17768.560547
72,0.418134,0.514003,18018.146484
73,0.441737,0.512843,18284.414062
74,0.466169,0.511121,18500.689453
75,0.497867,0.508989,18750.119141
76,0.524130,0.506443,19066.246094
77,0.553010,0.505259,19299.212891
78,0.581883,0.503813,19515.511719
79,0.611546,0.503052,19765.099609
80,0.645091,0.506392,20031.212891
81,0.672501,0.514541,20264.191406
82,0.692795,0.523638,20513.697266
83,0.714245,0.523060,20763.353516
84,0.751179,0.519197,21029.435547
85,0.780811,0.514817,21262.431641
86,0.813300,0.520958,21511.900391
87,0.838883,0.527091,21761.576172
88,0.865805,0.536239,22011.150391
89,0.905125,0.544334,22260.669922
90,0.942523,0.547643,22593.394531
91,0.958833,0.549710,22759.742188
92,0.984065,0.554916,23009.382812
93,0.012326,0.559067,23275.478516
94,0.038905,0.559432,23508.498047
95,0.062768,0.562151,23774.605469
96,0.085166,0.578621,24007.626953
97,0.105542,0.596747,24323.693359
98,0.112644,0.609955,24539.968750
99,0.114818,0.612598,24772.933594
0,0.756672,0.508900,0.021793
1,0.767608,0.509010,266.288818
2,0.778830,0.508859,515.892090
3,0.789403,0.507744,765.379822
4,0.790566,0.508349,1014.961243
5,0.775201,0.517404,1264.470337
6,0.750266,0.527333,1514.152710
7,0.727295,0.528973,1763.626587
8,0.709492,0.524475,2013.173218
9,0.690265,0.518179,2262.745117
10,0.666642,0.516869,2512.282471
11,0.649019,0.512559,2761.834473
12,0.626349,0.509730,3044.680908
13,0.605667,0.506474,3277.695801
14,0.582792,0.496846,3543.825439
15,0.566024,0.487422,3760.115479
16,0.547010,0.480866,4026.235352
17,0.521557,0.478317,4275.898926
18,0.493502,0.479778,4508.779785
19,0.468970,0.479140,4841.509277
20,0.456771,0.480409,5074.487793
21,0.452181,0.479066,5290.751953
22,0.467346,0.472232,5523.585938
23,0.478166,0.470292,5756.594727
24,0.500311,0.469188,6039.493164
25,0.523312,0.471111,6255.713379
26,0.511810,0.467583,6521.921875
27,0.449283,0.458084,6754.797852
28,0.400476,0.450116,7004.399414
29,0.366726,0.447425,7253.924316
30,0.333730,0.450149,7503.540527
31,0.305124,0.457387,7753.035156
32,0.285421,0.459864,8069.176270
33,0.266561,0.462908,8302.181641
34,0.242865,0.460837,8535.009766
35,0.221146,0.461381,8767.876953
36,0.203762,0.464651,9000.847656
37,0.190017,0.467575,9250.330078
38,0.183640,0.471519,9516.616211
39,0.181178,0.475076,9799.434570
40,0.182596,0.479002,10015.759766
41,0.190237,0.480478,10265.298828
42,0.197646,0.484799,10514.797852
43,0.185113,0.519544,10764.424805
44,0.189526,0.528577,11080.606445
45,0.212311,0.517587,11313.381836
46,0.233143,0.506314,11563.020508
47,0.255936,0.495374,11779.297852
48,0.277699,0.489778,12028.899414
49,0.301622,0.487657,12261.757812
50,0.325666,0.482547,12528.025391
51,0.345973,0.485035,12760.897461
52,0.360948,0.482221,13027.139648
53,0.382764,0.472984,13259.991211
54,0.410344,0.466449,13509.587891
55,0.445281,0.461377,13759.090820
56,0.475246,0.457541,14091.851562
57,0.513265,0.451039,14308.192383
58,0.553503,0.448528,14541.068359
59,0.594375,0.451273,14774.078125
60,0.649092,0.457402,15006.910156
61,0.692200,0.463096,15289.800781
62,0.730766,0.466782,15522.645508
63,0.757262,0.472625,15772.264648
64,0.771384,0.482604,16005.161133
65,0.769293,0.501388,16254.729492
66,0.763824,0.528591,16504.265625
67,0.757618,0.538348,16836.984375
68,0.750676,0.538542,17053.355469
69,0.745992,0.533410,17286.238281
70,0.742359,0.520680,17519.103516
71,0.739442,0.507557,17752.107422
72,0.729530,0.498717,18034.947266
73,0.714172,0.492902,18267.867188
74,0.694340,0.488194,18500.818359
75,0.667846,0.479772,18766.941406
76,0.643312,0.475098,19033.167969
77,0.617587,0.470904,19266.056641
78,0.594709,0.469195,19598.759766
79,0.583598,0.475383,19815.134766
80,0.574412,0.478288,20064.609375
81,0.556874,0.476753,20297.609375
82,0.533554,0.473193,20530.515625
83,0.505164,0.464016,20763.408203
84,0.484979,0.462987,21029.593750
85,0.466660,0.463548,21262.576172
86,0.449773,0.465343,21528.693359
87,0.433253,0.466206,21761.693359
88,0.416512,0.460368,22011.220703
89,0.404834,0.450409,22260.816406
90,0.406479,0.440887,22576.931641
91,0.415637,0.432659,22809.779297
92,0.428088,0.414198,23059.427734
93,0.450796,0.388158,23275.640625
94,0.473150,0.378904,23508.570312
95,0.488702,0.386242,23758.169922
96,0.495855,0.392056,24041.017578
97,0.501445,0.398801,24257.281250
98,0.504170,0.404087,24523.490234
99,0.507288,0.406135,24773.044922
0,0.750072,0.646214,0.001544
1,0.749895,0.647597,266.202667
2,0.749482,0.647869,515.740662
3,0.749347,0.649412,765.276001
4,0.749138,0.653202,1014.838135
5,0.749998,0.677193,1264.400269
6,0.752590,0.736364,1513.893188
7,0.744802,0.793401,1763.579834
8,0.729392,0.840162,2013.040649
9,0.707641,0.871527,2262.760254
10,0.673216,0.893370,2512.129150
11,0.622887,0.904362,2761.879639
12,0.581249,0.903376,3011.375977
13,0.550033,0.890353,3260.892334
14,0.538877,0.874263,3510.502930
15,0.523185,0.860825,3760.045410
16,0.503108,0.854794,4009.696777
17,0.478220,0.849635,4259.102051
18,0.444530,0.821357,4508.802246
19,0.408032,0.769186,4758.289551
20,0.387496,0.682545,5007.882812
21,0.383846,0.619515,5257.374023
22,0.385412,0.611497,5506.991211
23,0.390873,0.609334,5756.484375
24,0.397089,0.602834,6006.142090
25,0.409778,0.595201,6255.743652
26,0.436304,0.587836,6505.263184
27,0.457434,0.582617,6754.838379
28,0.437654,0.574065,7087.567871
29,0.407699,0.574761,7320.461426
30,0.377164,0.583848,7569.996094
31,0.347091,0.591990,7819.557129
32,0.319325,0.602711,8052.547852
33,0.294543,0.606298,8285.470703
34,0.275263,0.609139,8534.985352
35,0.272616,0.611269,8784.543945
36,0.288250,0.611497,9017.561523
37,0.325243,0.604017,9267.046875
38,0.384179,0.594147,9516.657227
39,0.455669,0.581774,9766.194336
40,0.527943,0.577140,10015.792969
41,0.595923,0.571524,10298.562500
42,0.650309,0.565087,10548.161133
43,0.698935,0.560134,10781.079102
44,0.746420,0.556818,11030.643555
45,0.793261,0.549826,11263.585938
46,0.836870,0.548939,11513.171875
47,0.870109,0.557786,11779.407227
48,0.890447,0.566116,12028.879883
49,0.921067,0.574870,12278.544922
50,0.974379,0.573286,12511.413086
51,0.039194,0.551317,12761.068359
52,0.079327,0.536026,13027.141602
53,0.089598,0.538621,13260.138672
54,0.075305,0.549134,13509.670898
55,0.023597,0.561591,13759.245117
56,0.979749,0.566030,14008.767578
57,0.947876,0.570431,14258.387695
58,0.918664,0.572803,14591.159180
59,0.889344,0.566488,14823.958984
60,0.854107,0.561090,15073.592773
61,0.828273,0.558389,15306.491211
62,0.803722,0.556929,15539.494141
63,0.783057,0.554333,15788.964844
64,0.762390,0.554197,16021.903320
65,0.746255,0.557218,16271.471680
66,0.731286,0.558155,16521.068359
67,0.715346,0.561273,16770.589844
68,0.698706,0.565441,17020.255859
69,0.691199,0.566808,17253.066406
70,0.667094,0.561050,17502.716797
71,0.617077,0.547714,17752.257812
72,0.574458,0.532091,18001.802734
73,0.566176,0.528961,18251.470703
74,0.577602,0.531729,18500.906250
75,0.593668,0.535718,18750.613281
76,0.621010,0.545040,19000.037109
77,0.647573,0.546704,19299.591797
78,0.666277,0.542914,19549.140625
79,0.688674,0.542057,19765.414062
80,0.709378,0.542189,20048.310547
81,0.734441,0.542130,20281.136719
82,0.775159,0.544284,20514.138672
83,0.808785,0.543390,20763.673828
84,0.837786,0.540745,21013.251953
85,0.857497,0.540283,21279.410156
86,0.872731,0.545618,21529.060547
87,0.888758,0.554071,21778.554688
88,0.904779,0.562499,22011.544922
89,0.916075,0.562938,22277.683594
90,0.946199,0.564702,22510.630859
91,0.990237,0.566063,22760.136719
92,0.025276,0.569175,23009.767578
93,0.053319,0.573454,23259.230469
94,0.074854,0.594235,23508.876953
95,0.097337,0.624887,23758.507812
96,0.121503,0.660246,24008.000000
97,0.130648,0.703738,24257.681641
98,0.133412,0.741485,24507.121094
99,0.132783,0.756150,24756.716797
0,0.751578,0.509262,-0.000357
1,0.751981,0.509298,266.276337
2,0.751153,0.520057,515.870789
3,0.753328,0.583254,765.422913
4,0.731954,0.639080,1015.007568
5,0.714316,0.660052,1264.523071
6,0.686790,0.645591,1514.122437
7,0.654822,0.626825,1763.601807
8,0.624407,0.603067,2013.252441
9,0.567011,0.584269,2329.352295
10,0.525115,0.572505,2578.816895
11,0.502556,0.570779,2761.870361
12,0.472965,0.574267,3011.490723
13,0.450325,0.568830,3261.098389
14,0.431017,0.561081,3527.180176
15,0.410180,0.551558,3776.794189
16,0.381809,0.547945,4009.739990
17,0.325300,0.538519,4259.332520
18,0.297376,0.535908,4508.786133
19,0.270920,0.566284,4758.436523
20,0.278551,0.616828,5007.895508
21,0.282993,0.665711,5257.525879
22,0.300405,0.696577,5507.092285
23,0.348804,0.745608,5773.293457
24,0.386557,0.752004,6006.267090
25,0.450768,0.711102,6255.763184
26,0.520909,0.656826,6505.471680
27,0.588016,0.607787,6754.874512
28,0.621599,0.579745,7004.492188
29,0.650141,0.556691,7254.098633
30,0.663863,0.537378,7503.686523
31,0.663525,0.529591,7786.510254
32,0.723973,0.528683,8035.993652
33,0.762530,0.529480,8252.311523
34,0.807986,0.543139,8501.869141
35,0.846556,0.558187,8751.524414
36,0.883771,0.580059,9017.594727
37,0.905251,0.591505,9267.216797
38,0.924829,0.599637,9500.061523
39,0.954270,0.597852,9766.364258
40,0.973020,0.587995,10015.830078
41,0.002275,0.568979,10265.479492
42,0.020301,0.545740,10514.942383
43,0.026184,0.539275,10764.596680
44,0.031395,0.542086,11014.278320
45,0.054659,0.543130,11263.722656
46,0.079511,0.541552,11513.292969
47,0.102682,0.513635,11762.787109
48,0.121382,0.491571,12012.434570
49,0.127266,0.492147,12328.559570
50,0.130562,0.508784,12561.405273
51,0.130542,0.517917,12761.077148
52,0.131732,0.523231,13010.659180
53,0.133341,0.523902,13260.134766
54,0.165612,0.530556,13509.741211
55,0.179547,0.527998,13759.247070
56,0.183575,0.524023,14008.926758
57,0.187793,0.531539,14258.512695
58,0.207370,0.581844,14508.043945
59,0.215018,0.628693,14774.222656
60,0.217909,0.625380,15007.110352
61,0.234080,0.628195,15256.717773
62,0.259478,0.628800,15506.214844
63,0.267836,0.621855,15772.502930
64,0.264691,0.595393,16022.004883
65,0.245535,0.557202,16254.982422
66,0.195536,0.562458,16504.458984
67,0.140591,0.566079,16754.085938
68,0.100890,0.570421,17003.621094
69,0.057167,0.566455,17253.201172
70,0.017636,0.561706,17502.892578
71,0.969421,0.558416,17818.951172
72,0.926814,0.548961,18068.410156
73,0.881424,0.543226,18251.404297
74,0.827808,0.546180,18501.150391
75,0.797460,0.582206,18750.556641
76,0.757030,0.634226,19016.767578
77,0.716412,0.626421,19266.343750
78,0.667574,0.588646,19515.941406
79,0.638313,0.555558,19765.531250
80,0.614579,0.523277,20015.062500
81,0.660664,0.540910,20264.488281
82,0.681916,0.542692,20514.210938
83,0.678712,0.544071,20763.744141
84,0.675239,0.544219,21013.302734
85,0.656803,0.545702,21279.478516
86,0.607525,0.531340,21512.353516
87,0.561809,0.515189,21762.003906
88,0.533424,0.504537,22011.509766
89,0.523624,0.512251,22261.144531
90,0.518292,0.519295,22510.587891
91,0.517360,0.537046,22760.283203
92,0.528353,0.550997,23009.937500
93,0.543518,0.542307,23292.558594
94,0.548677,0.546363,23508.972656
95,0.544384,0.529025,23758.527344
96,0.525296,0.508228,24008.154297
97,0.477946,0.493117,24290.839844
98,0.451117,0.517728,24523.900391
99,0.437065,0.509556,24756.664062
0,0.749895,0.407701,0.003671
1,0.747415,0.417993,266.217010
2,0.738509,0.483029,515.765930
3,0.736554,0.563110,765.396118
4,0.749256,0.628518,1014.896423
5,0.759316,0.684780,1264.485962
6,0.759425,0.713441,1514.082764
7,0.758099,0.718993,1763.561157
8,0.758642,0.714675,2013.268555
9,0.758945,0.711830,2262.696045
10,0.759129,0.710173,2512.385254
11,0.759100,0.708221,2761.834961
12,0.758062,0.704812,3011.480469
13,0.754994,0.702595,3260.987061
14,0.741135,0.697035,3510.630859
15,0.717294,0.687021,3760.085693
16,0.694546,0.676037,4009.674072
17,0.674615,0.665763,4259.329102
18,0.653663,0.657225,4508.765625
19,0.631259,0.653017,4758.449219
20,0.607808,0.649972,5007.940430
21,0.576720,0.644644,5257.538574
22,0.545566,0.635682,5507.049316
23,0.522532,0.623693,5756.693848
24,0.512483,0.606428,6006.152832
25,0.504351,0.580295,6255.731934
26,0.507793,0.540542,6505.267578
27,0.487914,0.507744,6754.922852
28,0.437278,0.484690,7004.395996
29,0.394759,0.473864,7253.966797
30,0.366237,0.466375,7503.636719
31,0.333854,0.469621,7753.195312
32,0.301186,0.482759,8002.778809
33,0.280497,0.499964,8252.205078
34,0.273386,0.513161,8501.847656
35,0.275443,0.517595,8751.353516
36,0.283538,0.520570,9000.938477
37,0.322500,0.524445,9250.485352
38,0.434993,0.519579,9500.136719
39,0.588365,0.481093,9766.339844
40,0.687276,0.468672,10015.804688
41,0.736619,0.469955,10265.413086
42,0.758800,0.473008,10514.956055
43,0.783870,0.484994,10764.594727
44,0.825098,0.505027,11014.019531
45,0.862202,0.509282,11263.717773
46,0.905051,0.516411,11513.226562
47,0.949154,0.519863,11762.801758
48,0.995480,0.518758,12012.256836
49,0.034364,0.516375,12261.933594
50,0.070448,0.510582,12511.409180
51,0.101379,0.505985,12760.987305
52,0.129018,0.508318,13010.734375
53,0.151620,0.502668,13260.167969
54,0.169888,0.484464,13509.678711
55,0.199525,0.477780,13759.232422
56,0.232475,0.473177,14008.914062
57,0.264452,0.473989,14258.388672
58,0.287835,0.487039,14524.650391
59,0.301070,0.497108,14757.492188
60,0.304736,0.503384,15007.072266
61,0.302445,0.532552,15256.684570
62,0.302215,0.612622,15506.185547
63,0.304333,0.652395,15755.714844
64,0.304879,0.679724,16005.332031
65,0.302743,0.731689,16254.948242
66,0.297979,0.781682,16504.488281
67,0.281242,0.814521,16754.089844
68,0.283598,0.831320,17003.640625
69,0.284995,0.835142,17253.160156
70,0.263577,0.827398,17502.730469
71,0.161578,0.810290,17752.300781
72,0.055818,0.771051,18001.781250
73,0.018072,0.746342,18251.396484
74,0.998975,0.724634,18500.916016
75,0.977240,0.701918,18750.542969
76,0.981089,0.694972,19000.154297
77,0.987629,0.690899,19266.244141
78,0.987538,0.686835,19515.890625
79,0.981585,0.682968,19765.380859
80,0.973578,0.685566,20014.978516
81,0.963080,0.686718,20264.572266
82,0.959327,0.690843,20514.226562
83,0.954605,0.686408,20763.607422
84,0.949432,0.680565,21013.248047
85,0.947299,0.671269,21262.767578
86,0.947780,0.665482,21512.359375
87,0.954679,0.648124,21762.009766
88,0.948436,0.622343,22011.464844
89,0.880649,0.606077,22261.126953
90,0.807329,0.584548,22510.574219
91,0.773902,0.591178,22760.222656
92,0.770165,0.615184,23009.750000
93,0.743664,0.599705,23259.306641
94,0.698028,0.577335,23508.867188
95,0.680761,0.566836,23758.417969
96,0.675133,0.555866,24008.031250
97,0.680129,0.534453,24257.601562
98,0.667838,0.513019,24507.166016
99,0.645112,0.506717,24756.705078
0,0.750105,0.635164,-0.005683
1,0.750297,0.632931,266.206757
2,0.753368,0.628087,515.811951
3,0.760902,0.650617,765.357300
4,0.769475,0.709213,1014.945557
5,0.782654,0.780586,1264.453003
6,0.794579,0.814933,1514.101440
7,0.840105,0.824754,1763.625488
8,0.927019,0.793458,2013.170776
9,0.957842,0.776598,2262.693359
10,0.959698,0.772727,2512.311035
11,0.959048,0.770429,2761.906494
12,0.956045,0.768077,3011.461182
13,0.954010,0.757019,3261.023926
14,0.941063,0.743331,3510.554688
15,0.852951,0.728627,3760.210205
16,0.741137,0.669191,4009.697998
17,0.682521,0.615881,4259.291992
18,0.651645,0.586353,4508.837891
19,0.620861,0.569231,4758.412598
20,0.601215,0.561967,5007.877930
21,0.581345,0.552420,5257.496582
22,0.557779,0.540080,5506.971680
23,0.536898,0.537782,5756.651367
24,0.501533,0.544374,6006.296875
25,0.473552,0.553540,6255.715820
26,0.444970,0.549163,6505.397461
27,0.420709,0.545104,6754.875977
28,0.400613,0.547928,7004.487793
29,0.386833,0.560880,7253.974609
30,0.379374,0.584123,7503.617676
31,0.364608,0.593956,7753.055176
32,0.362141,0.602638,8002.672363
33,0.406693,0.611726,8252.189453
34,0.470045,0.596508,8501.838867
35,0.524944,0.572222,8751.413086
36,0.559373,0.563583,9001.012695
37,0.594646,0.571206,9250.588867
38,0.635691,0.570853,9500.043945
39,0.666944,0.574506,9766.344727
40,0.696514,0.568060,10015.774414
41,0.703372,0.556554,10265.395508
42,0.700639,0.558165,10514.944336
43,0.707683,0.562357,10764.506836
44,0.755309,0.569790,11014.023438
45,0.802135,0.577410,11263.733398
46,0.826300,0.588720,11513.272461
47,0.833625,0.586698,11762.740234
48,0.827797,0.575533,12012.410156
49,0.799517,0.554403,12261.903320
50,0.737795,0.523907,12511.482422
51,0.676206,0.505417,12761.071289
52,0.630175,0.504523,13010.658203
53,0.595035,0.501524,13260.120117
54,0.554660,0.500951,13509.771484
55,0.507547,0.497716,13759.241211
56,0.471984,0.497681,14008.878906
57,0.438929,0.502665,14258.515625
58,0.407226,0.509135,14507.988281
59,0.377041,0.518133,14757.671875
60,0.347251,0.528201,15007.132812
61,0.317312,0.544689,15256.716797
62,0.290750,0.570174,15506.185547
63,0.269801,0.604904,15755.865234
64,0.241334,0.614916,16005.324219
65,0.214774,0.616472,16254.959961
66,0.198734,0.621320,16504.455078
67,0.184488,0.620555,16754.058594
68,0.175292,0.610216,17003.576172
69,0.162403,0.599656,17253.218750
70,0.149903,0.592603,17502.798828
71,0.134262,0.586504,17752.292969
72,0.127008,0.574835,18001.937500
73,0.143067,0.572431,18251.365234
74,0.173202,0.561343,18500.978516
75,0.204380,0.556757,18750.478516
76,0.230883,0.545535,19000.158203
77,0.258215,0.538464,19266.316406
78,0.283587,0.529468,19515.859375
79,0.323146,0.520001,19765.466797
80,0.374009,0.535629,20014.970703
81,0.429861,0.543247,20264.580078
82,0.483754,0.526332,20514.128906
83,0.523502,0.518503,20763.738281
84,0.566415,0.530654,21013.228516
85,0.611354,0.544706,21262.753906
86,0.639948,0.578546,21512.384766
87,0.677336,0.655998,21761.968750
88,0.730389,0.716399,22011.460938
89,0.768683,0.723891,22261.076172
90,0.792995,0.723958,22510.537109
91,0.826829,0.724266,22760.199219
92,0.855490,0.718675,23009.654297
93,0.893735,0.700826,23259.283203
94,0.916052,0.690905,23508.917969
95,0.930892,0.701091,23758.474609
96,0.932994,0.710899,24008.066406
97,0.933645,0.716107,24257.519531
98,0.942242,0.719852,24507.185547
99,0.950589,0.717963,24756.640625
0,0.749884,0.465215,0.026091
1,0.749072,0.465932,266.206848
2,0.741830,0.484344,515.870911
3,0.739409,0.561300,765.303406
4,0.750130,0.644960,1014.939819
5,0.751230,0.691206,1264.440552
6,0.745671,0.712332,1514.073853
7,0.731355,0.718349,1763.555908
8,0.670520,0.693462,2013.174072
9,0.623284,0.651529,2262.658203
10,0.601021,0.616201,2512.239746
11,0.588808,0.603148,2761.888184
12,0.567844,0.592447,3011.429199
13,0.542919,0.579643,3260.995117
14,0.527027,0.581847,3510.453857
15,0.539494,0.674584,3760.138916
16,0.529355,0.733620,4009.620117
17,0.503125,0.741339,4259.196777
18,0.476716,0.752825,4508.749023
19,0.459727,0.751360,4758.307129
20,0.433888,0.768322,5007.880859
21,0.408137,0.787995,5274.169922
22,0.385862,0.803185,5507.104004
23,0.362582,0.818413,5756.618164
24,0.336057,0.803537,6006.172852
25,0.361341,0.653316,6255.698730
26,0.385804,0.550508,6505.290527
27,0.410072,0.503023,6754.854980
28,0.455346,0.479186,7004.388184
29,0.482466,0.478041,7253.890137
30,0.485423,0.476584,7503.502930
31,0.480163,0.480517,7753.004395
32,0.455946,0.477277,8002.666504
33,0.447809,0.478075,8252.161133
34,0.446827,0.479361,8501.833008
35,0.383944,0.481347,8751.390625
36,0.313530,0.500191,9000.940430
37,0.276344,0.510783,9250.488281
38,0.252578,0.519013,9500.027344
39,0.235669,0.532511,9766.250977
40,0.224099,0.556453,10015.750977
41,0.220499,0.564878,10265.319336
42,0.230023,0.550928,10514.896484
43,0.244244,0.525560,10764.452148
44,0.252211,0.516228,11014.115234
45,0.252294,0.517253,11263.584961
46,0.253507,0.517869,11513.190430
47,0.253970,0.519107,11762.700195
48,0.256042,0.518563,12012.432617
49,0.264720,0.506881,12261.906250
50,0.278417,0.480238,12511.455078
51,0.294078,0.452630,12761.000977
52,0.308959,0.435858,13010.538086
53,0.335125,0.407284,13260.095703
54,0.366568,0.385787,13509.649414
55,0.391690,0.374688,13759.184570
56,0.420825,0.370438,14008.799805
57,0.477326,0.381565,14258.435547
58,0.545543,0.411944,14507.952148
59,0.601596,0.438035,14757.541992
60,0.645465,0.476278,15007.058594
61,0.686678,0.504502,15256.631836
62,0.737083,0.516556,15506.157227
63,0.731147,0.524734,15755.762695
64,0.710196,0.517890,16005.224609
65,0.700417,0.509256,16254.858398
66,0.649693,0.504608,16504.414062
67,0.515238,0.476244,16754.033203
68,0.467228,0.460826,17003.474609
69,0.462594,0.461848,17253.083984
70,0.466947,0.462749,17502.748047
71,0.474266,0.461260,17752.199219
72,0.467945,0.461753,18001.923828
73,0.461104,0.464881,18251.369141
74,0.429463,0.476775,18500.962891
75,0.424229,0.483303,18750.439453
76,0.417807,0.490218,19000.070312
77,0.402977,0.493625,19266.267578
78,0.377256,0.496431,19515.828125
79,0.352123,0.496571,19765.410156
80,0.333797,0.495187,20014.947266
81,0.320354,0.495807,20264.574219
82,0.312530,0.496148,20514.068359
83,0.309792,0.498350,20763.644531
84,0.312532,0.499899,21013.154297
85,0.314191,0.500993,21262.800781
86,0.314887,0.500207,21512.253906
87,0.316169,0.499026,21761.908203
88,0.317143,0.497794,22011.490234
89,0.337738,0.497617,22260.994141
90,0.429076,0.493291,22510.494141
91,0.489398,0.485104,22760.136719
92,0.569816,0.476633,23009.771484
93,0.693916,0.502092,23259.228516
94,0.769373,0.548680,23508.888672
95,0.813578,0.571504,23758.380859
96,0.837352,0.593632,24007.957031
97,0.805350,0.671555,24257.501953
98,0.802194,0.694624,24507.005859
99,0.866217,0.691067,24756.623047
0,0.747935,0.501565,-0.002793
1,0.748657,0.503767,266.260376
2,0.753323,0.538604,515.722900
3,0.751141,0.615685,765.322388
4,0.749545,0.668493,1014.917480
5,0.756088,0.700037,1264.454224
6,0.754435,0.723069,1514.097412
7,0.740413,0.735655,1763.644409
8,0.702461,0.736260,2013.151733
9,0.648035,0.715493,2262.693604
10,0.605205,0.698801,2512.254883
11,0.572030,0.692653,2761.789307
12,0.548405,0.690652,3011.378174
13,0.523211,0.692183,3260.965332
14,0.497438,0.708527,3510.518555
15,0.467265,0.728303,3760.114990
16,0.453500,0.743944,4009.619873
17,0.451724,0.755807,4259.209961
18,0.450400,0.761261,4508.804199
19,0.444088,0.766012,4758.344238
20,0.427745,0.780563,5007.891113
21,0.421306,0.790944,5257.470215
22,0.423922,0.791944,5507.111328
23,0.425217,0.790199,5756.575195
24,0.442039,0.765277,6006.130371
25,0.494088,0.698834,6255.771484
26,0.529168,0.610062,6505.365234
27,0.545987,0.547152,6754.920410
28,0.564477,0.510436,7004.400879
29,0.568884,0.505081,7253.934082
30,0.576665,0.498658,7503.541504
31,0.596450,0.489634,7753.078125
32,0.635460,0.483466,8002.745605
33,0.678003,0.473362,8252.193359
34,0.708680,0.472797,8501.822266
35,0.748457,0.479674,8751.349609
36,0.792226,0.485424,9000.937500
37,0.832740,0.493857,9250.487305
38,0.873331,0.498988,9500.026367
39,0.905131,0.504482,9766.223633
40,0.922038,0.507402,10015.831055
41,0.918275,0.508905,10265.432617
42,0.883510,0.517706,10515.002930
43,0.851311,0.537905,10764.515625
44,0.837436,0.549387,11014.126953
45,0.827868,0.554957,11263.627930
46,0.843184,0.550451,11513.165039
47,0.904996,0.559767,11762.799805
48,0.970412,0.553913,12012.290039
49,0.009335,0.540651,12261.888672
50,0.036774,0.537261,12511.420898
51,0.058778,0.533006,12761.114258
52,0.062653,0.529778,13010.557617
53,0.041067,0.530071,13260.131836
54,0.004155,0.547818,13509.722656
55,0.968767,0.568513,13759.297852
56,0.952063,0.598410,14008.938477
57,0.950628,0.645544,14258.384766
58,0.958908,0.675678,14508.027344
59,0.972873,0.681368,14757.489258
60,0.981391,0.683046,15007.106445
61,0.985560,0.686594,15256.655273
62,0.988442,0.688637,15506.281250
63,0.985761,0.686104,15755.821289
64,0.968964,0.676454,16005.320312
65,0.917842,0.636806,16254.888672
66,0.802129,0.542807,16504.437500
67,0.652137,0.482851,16754.041016
68,0.516093,0.492797,17003.556641
69,0.411597,0.492836,17253.162109
70,0.359276,0.483145,17502.740234
71,0.336327,0.489746,17752.300781
72,0.335190,0.494858,18001.902344
73,0.330349,0.500028,18251.402344
74,0.333144,0.498928,18500.996094
75,0.336610,0.499815,18750.542969
76,0.342006,0.519197,19000.179688
77,0.378669,0.532022,19266.353516
78,0.427741,0.506688,19515.888672
79,0.438967,0.495976,19765.423828
80,0.445578,0.491557,20015.111328
81,0.447596,0.492902,20264.537109
82,0.450162,0.493910,20514.132812
83,0.463142,0.490583,20763.689453
84,0.480157,0.486230,21013.320312
85,0.502207,0.491329,21262.826172
86,0.538484,0.486660,21512.357422
87,0.563379,0.487427,21762.013672
88,0.586904,0.490747,22011.554688
89,0.614639,0.489483,22261.097656
90,0.637465,0.488896,22510.638672
91,0.658679,0.488727,22760.236328
92,0.678512,0.486101,23009.818359
93,0.696787,0.492744,23259.318359
94,0.722951,0.494819,23508.935547
95,0.759341,0.498283,23758.533203
96,0.796075,0.497946,24008.080078
97,0.838184,0.500705,24257.595703
98,0.882077,0.508764,24507.171875
99,0.914774,0.519642,24756.730469
0,0.750309,0.472235,0.050181
1,0.744205,0.474888,266.244446
2,0.738189,0.505201,515.809631
3,0.734866,0.582176,765.411133
4,0.733319,0.654793,1014.929138
5,0.734830,0.659204,1264.493652
6,0.738272,0.655112,1514.089111
7,0.759473,0.663441,1763.614136
8,0.805546,0.652767,2013.193970
9,0.860871,0.640198,2262.734131
10,0.903009,0.630582,2512.299072
11,0.920835,0.622026,2761.866211
12,0.934726,0.613803,3011.442871
13,0.958777,0.593871,3260.997559
14,0.982834,0.570851,3510.560547
15,0.000825,0.553786,3760.146240
16,0.015442,0.547082,4009.716064
17,0.027272,0.542865,4259.259766
18,0.035290,0.539041,4508.832520
19,0.040533,0.539459,4758.401855
20,0.047729,0.541633,5007.961914
21,0.054413,0.541626,5257.546387
22,0.049089,0.545888,5507.075684
23,0.026805,0.558680,5756.661621
24,0.996892,0.570610,6006.199707
25,0.962941,0.582210,6255.778320
26,0.919132,0.593185,6505.335938
27,0.854599,0.600409,6754.893555
28,0.792563,0.603139,7004.460449
29,0.716359,0.599766,7254.031738
30,0.642853,0.574944,7503.599121
31,0.587635,0.549386,7753.149902
32,0.555156,0.535236,8002.746094
33,0.539747,0.529529,8252.264648
34,0.526524,0.521182,8501.833008
35,0.505440,0.519445,8751.418945
36,0.473833,0.523435,9000.995117
37,0.434937,0.507449,9250.566406
38,0.397648,0.496938,9500.100586
39,0.363535,0.491733,9766.291992
40,0.349754,0.487037,10015.876953
41,0.352062,0.488374,10265.427734
42,0.359097,0.494959,10515.012695
43,0.368760,0.498134,10764.595703
44,0.372429,0.502137,11014.121094
45,0.371261,0.508886,11263.726562
46,0.369526,0.515478,11513.263672
47,0.367128,0.529030,11762.827148
48,0.367204,0.538466,12012.365234
49,0.367948,0.545766,12261.981445
50,0.392385,0.550917,12511.521484
51,0.459144,0.547215,12761.083008
52,0.531349,0.534563,13010.666992
53,0.577436,0.525656,13260.195312
54,0.613543,0.526550,13509.789062
55,0.635855,0.529779,13759.315430
56,0.654853,0.532304,14008.909180
57,0.673706,0.522327,14258.458008
58,0.698171,0.519238,14508.024414
59,0.723008,0.522659,14757.586914
60,0.738252,0.525062,15007.143555
61,0.758256,0.528082,15256.715820
62,0.779696,0.532920,15506.317383
63,0.782879,0.535564,15755.837891
64,0.785446,0.541413,16005.386719
65,0.793971,0.550516,16255.001953
66,0.794207,0.558472,16504.529297
67,0.791946,0.563474,16754.105469
68,0.783330,0.568133,17003.662109
69,0.774368,0.578113,17253.234375
70,0.770090,0.582986,17502.796875
71,0.768807,0.580700,17752.341797
72,0.767583,0.582402,18001.925781
73,0.763047,0.583433,18251.455078
74,0.754350,0.586514,18501.042969
75,0.734690,0.591081,18750.601562
76,0.712406,0.595651,19000.177734
77,0.680488,0.598426,19266.355469
78,0.645685,0.597222,19515.964844
79,0.605315,0.599881,19765.507812
80,0.554331,0.627040,20015.074219
81,0.517296,0.703214,20264.619141
82,0.478801,0.756395,20514.191406
83,0.441615,0.798336,20763.744141
84,0.419475,0.824103,21013.314453
85,0.415189,0.839135,21262.896484
86,0.419089,0.841424,21512.435547
87,0.417270,0.844137,21762.007812
88,0.416969,0.846998,22011.593750
89,0.416533,0.846930,22261.132812
90,0.412255,0.846190,22510.701172
91,0.404333,0.847092,22760.265625
92,0.396624,0.846056,23009.822266
93,0.381476,0.836668,23259.388672
94,0.363968,0.818960,23508.943359
95,0.357292,0.808818,23758.541016
96,0.355178,0.801666,24008.095703
97,0.356513,0.786262,24257.636719
98,0.354259,0.781033,24507.203125
99,0.354539,0.754734,24756.777344
0,0.748465,0.503836,-0.000100
1,0.747734,0.507782,266.288300
2,0.748634,0.508022,515.782532
3,0.750359,0.505557,765.379333
4,0.750584,0.505823,1014.903198
5,0.752004,0.503976,1264.524048
6,0.751121,0.507030,1514.049683
7,0.751069,0.503937,1763.628052
8,0.750150,0.504498,2013.178589
9,0.749761,0.505161,2262.733398
10,0.749558,0.505183,2512.373047
11,0.749049,0.503666,2761.858154
12,0.748433,0.503131,3011.471191
13,0.749653,0.501460,3260.989502
14,0.750405,0.497399,3510.530518
15,0.749720,0.498208,3760.177490
16,0.749633,0.488183,4009.691406
17,0.749396,0.489094,4259.254883
18,0.750287,0.488838,4508.809082
19,0.751209,0.499365,4758.385254
20,0.749225,0.498991,5007.937012
21,0.749152,0.501026,5257.486328
22,0.725934,0.514858,5507.145996
23,0.692438,0.522224,5756.596191
24,0.661530,0.523761,6006.259766
25,0.621512,0.522778,6255.725586
26,0.585440,0.524566,6505.293945
27,0.557230,0.527090,6754.902832
28,0.521269,0.526135,7004.431152
29,0.498319,0.518970,7254.031250
30,0.486370,0.510866,7503.636230
31,0.473262,0.512224,7753.175293
32,0.459238,0.515279,8002.682617
33,0.438748,0.508357,8252.270508
34,0.405142,0.503802,8501.812500
35,0.378009,0.500464,8751.383789
36,0.349515,0.500701,9001.025391
37,0.316914,0.505737,9250.578125
38,0.292642,0.506689,9500.149414
39,0.272575,0.506266,9766.357422
40,0.260445,0.511586,10015.818359
41,0.237162,0.517301,10265.443359
42,0.219794,0.509746,10514.963867
43,0.213224,0.503076,10764.516602
44,0.223151,0.497084,11014.117188
45,0.239579,0.493473,11263.666016
46,0.257313,0.492408,11513.245117
47,0.273204,0.483464,11762.779297
48,0.293207,0.481113,12012.381836
49,0.312134,0.482121,12261.909180
50,0.335535,0.477837,12511.459961
51,0.380600,0.468366,12761.074219
52,0.431074,0.455277,13010.641602
53,0.493056,0.448263,13260.163086
54,0.563630,0.436856,13509.749023
55,0.634530,0.431417,13759.368164
56,0.694430,0.433669,14008.839844
57,0.737641,0.429137,14258.428711
58,0.777963,0.433872,14507.985352
59,0.815892,0.442606,14757.571289
60,0.859974,0.448157,15007.113281
61,0.904107,0.457815,15256.671875
62,0.931567,0.461385,15506.241211
63,0.959629,0.465607,15755.788086
64,0.986275,0.478385,16005.389648
65,0.005307,0.519858,16254.986328
66,0.018161,0.553233,16504.523438
67,0.033361,0.598974,16754.105469
68,0.054528,0.652866,17003.646484
69,0.078351,0.681314,17253.224609
70,0.106185,0.702078,17502.748047
71,0.134148,0.702711,17752.341797
72,0.150019,0.688343,18001.884766
73,0.163910,0.670776,18251.515625
74,0.178664,0.660974,18501.017578
75,0.192904,0.645871,18750.585938
76,0.208449,0.619155,19000.152344
77,0.213508,0.595207,19266.361328
78,0.206145,0.580282,19515.912109
79,0.197982,0.572082,19765.503906
80,0.186056,0.554167,20015.072266
81,0.168534,0.528468,20264.628906
82,0.155428,0.512049,20514.199219
83,0.156604,0.504562,20763.701172
84,0.174444,0.503314,21013.343750
85,0.188222,0.502106,21262.898438
86,0.169734,0.488063,21512.427734
87,0.127043,0.465310,21762.013672
88,0.074758,0.446770,22011.578125
89,0.023487,0.427942,22261.191406
90,0.979175,0.408976,22510.666016
91,0.933850,0.382135,22760.277344
92,0.886847,0.314468,23009.787109
93,0.847891,0.253501,23259.410156
94,0.832715,0.242712,23508.947266
95,0.842107,0.270337,23758.505859
96,0.858896,0.286133,24008.089844
97,0.879849,0.333480,24257.609375
98,0.910308,0.383771,24507.232422
99,0.934430,0.401215,24756.736328
0,0.773340,0.595229,-0.015306
1,0.802669,0.580024,266.178680
2,0.785196,0.650539,515.698669
3,0.759540,0.696275,765.295532
4,0.739203,0.718058,1014.838684
5,0.710433,0.737650,1264.438477
6,0.677054,0.741229,1513.953857
7,0.665337,0.738972,1763.637451
8,0.662911,0.734816,2013.121094
9,0.662843,0.742378,2262.677002
10,0.639375,0.776409,2512.291504
11,0.613940,0.783770,2761.813965
12,0.585276,0.798677,3028.028809
13,0.565953,0.808292,3260.920166
14,0.550659,0.811107,3510.597656
15,0.538650,0.815303,3760.019287
16,0.526475,0.824298,4009.636230
17,0.510388,0.831447,4259.218750
18,0.493828,0.834960,4508.844238
19,0.481656,0.835594,4758.336914
20,0.472141,0.834976,5007.871582
21,0.463252,0.834053,5257.509277
22,0.464199,0.833744,5506.975098
23,0.468307,0.834320,5756.567383
24,0.471712,0.833047,6006.121094
25,0.480069,0.823448,6255.706543
26,0.486359,0.822086,6505.306152
27,0.493185,0.822661,6754.815430
28,0.503955,0.823923,7004.377441
29,0.517271,0.825995,7253.950684
30,0.548307,0.841036,7503.534180
31,0.588165,0.853746,7753.039551
32,0.608265,0.858032,8002.658691
33,0.623978,0.858927,8252.193359
34,0.650233,0.852339,8501.782227
35,0.714444,0.804032,8751.385742
36,0.752270,0.768001,9000.878906
37,0.766139,0.775008,9250.551758
38,0.780744,0.781821,9500.000977
39,0.791915,0.785739,9766.229492
40,0.795823,0.788698,10015.803711
41,0.789613,0.771677,10265.333008
42,0.775853,0.721285,10514.907227
43,0.766885,0.659822,10764.503906
44,0.781730,0.628311,11014.069336
45,0.836408,0.614874,11263.635742
46,0.863951,0.624523,11513.222656
47,0.882996,0.637169,11762.777344
48,0.901245,0.661804,12012.292969
49,0.906638,0.665837,12261.856445
50,0.912739,0.656275,12511.425781
51,0.904136,0.637687,12760.981445
52,0.931180,0.631702,13010.542969
53,0.981145,0.636811,13260.127930
54,0.011826,0.625096,13509.705078
55,0.035123,0.614755,13759.291016
56,0.056204,0.610677,14008.808594
57,0.077913,0.619075,14258.417969
58,0.090634,0.616135,14507.918945
59,0.103214,0.614805,14757.478516
60,0.117133,0.617050,15007.051758
61,0.130795,0.615372,15256.732422
62,0.152574,0.599322,15506.208984
63,0.207097,0.562118,15755.767578
64,0.263400,0.536184,16005.342773
65,0.289069,0.522770,16254.941406
66,0.301345,0.528704,16504.437500
67,0.302879,0.539749,16754.039062
68,0.299759,0.549584,17003.548828
69,0.292886,0.556164,17253.134766
70,0.280092,0.561695,17502.671875
71,0.267257,0.578014,17752.306641
72,0.268398,0.652146,18001.869141
73,0.274684,0.694421,18251.392578
74,0.273337,0.714552,18500.957031
75,0.268795,0.748381,18750.582031
76,0.260603,0.744952,19000.107422
77,0.248490,0.720616,19266.312500
78,0.224529,0.705549,19515.859375
79,0.196792,0.694637,19765.455078
80,0.145675,0.683992,20014.982422
81,0.074096,0.663119,20264.585938
82,0.024205,0.673821,20514.093750
83,0.001820,0.675244,20763.726562
84,0.992380,0.674577,21013.212891
85,0.990399,0.684379,21262.779297
86,0.995147,0.694867,21512.365234
87,0.002594,0.700824,21762.031250
88,0.010505,0.704455,22011.511719
89,0.020371,0.701521,22261.054688
90,0.033917,0.677979,22510.677734
91,0.045679,0.674513,22760.179688
92,0.059724,0.677095,23009.734375
93,0.068503,0.685580,23259.304688
94,0.081050,0.684308,23508.853516
95,0.094572,0.678874,23758.478516
96,0.107342,0.668438,24007.986328
97,0.106123,0.662983,24257.585938
98,0.075888,0.655816,24507.154297
99,0.065239,0.652604,24756.714844
0,0.750561,0.735401,0.011428
1,0.751210,0.734443,266.202179
2,0.751988,0.734654,515.840393
3,0.753803,0.736143,765.317566
4,0.755294,0.742867,1014.923767
5,0.774382,0.756983,1264.516479
6,0.815515,0.770246,1514.000732
7,0.858984,0.776434,1763.660400
8,0.905670,0.775602,2013.230225
9,0.923385,0.770868,2262.801514
10,0.916323,0.769088,2512.255371
11,0.902984,0.767648,2761.898682
12,0.874671,0.758092,3011.359863
13,0.832264,0.739569,3260.945801
14,0.787802,0.711215,3510.576416
15,0.753296,0.689613,3760.120117
16,0.712184,0.639645,4009.657959
17,0.691342,0.580089,4259.197266
18,0.707940,0.545743,4508.863281
19,0.765661,0.531854,4758.339355
20,0.826255,0.523385,5007.898438
21,0.871705,0.520716,5257.458496
22,0.891856,0.518471,5507.115234
23,0.915368,0.523649,5756.572754
24,0.928146,0.527715,6006.154785
25,0.916531,0.530577,6255.799316
26,0.801715,0.547721,6505.284668
27,0.654043,0.531246,6754.857422
28,0.578713,0.514593,7004.461426
29,0.535162,0.504183,7254.024902
30,0.502541,0.503412,7503.527344
31,0.475282,0.506493,7753.128906
32,0.446862,0.498727,8002.689453
33,0.426285,0.497137,8252.235352
34,0.401669,0.504433,8501.863281
35,0.373612,0.522297,8751.381836
36,0.349364,0.545578,9001.001953
37,0.341264,0.587678,9250.588867
38,0.340989,0.614553,9500.033203
39,0.351688,0.648712,9766.256836
40,0.367935,0.716815,10015.830078
41,0.370646,0.747254,10265.391602
42,0.360104,0.743005,10514.984375
43,0.340826,0.676215,10764.567383
44,0.336572,0.639666,11014.138672
45,0.336966,0.620740,11263.680664
46,0.337432,0.602454,11513.174805
47,0.338319,0.585837,11762.780273
48,0.336054,0.563364,12012.318359
49,0.328845,0.531538,12261.866211
50,0.316595,0.516356,12511.468750
51,0.302096,0.509598,12761.118164
52,0.275547,0.523335,13010.684570
53,0.249104,0.541698,13260.143555
54,0.237326,0.546942,13509.799805
55,0.238458,0.539725,13759.302734
56,0.276169,0.518407,14008.817383
57,0.356554,0.495954,14258.410156
58,0.434101,0.481022,14507.976562
59,0.489315,0.480025,14757.541992
60,0.548405,0.473850,15007.083984
61,0.608202,0.467022,15256.722656
62,0.652186,0.459185,15506.259766
63,0.699246,0.453061,15755.881836
64,0.735479,0.449445,16005.362305
65,0.755226,0.467337,16254.915039
66,0.771107,0.486804,16504.486328
67,0.789995,0.490125,16754.015625
68,0.802727,0.486781,17003.646484
69,0.809989,0.480219,17253.222656
70,0.802464,0.470662,17502.757812
71,0.762723,0.425399,17752.277344
72,0.671987,0.367672,18001.927734
73,0.599416,0.340689,18251.468750
74,0.556338,0.337533,18500.978516
75,0.533986,0.386569,18750.640625
76,0.525911,0.461329,19000.164062
77,0.534628,0.564844,19266.392578
78,0.572026,0.712489,19515.902344
79,0.620059,0.800915,19765.505859
80,0.641977,0.854431,20015.060547
81,0.633802,0.867583,20264.609375
82,0.633232,0.870397,20514.146484
83,0.636107,0.873885,20763.681641
84,0.643277,0.874484,21013.259766
85,0.668773,0.871087,21262.824219
86,0.731575,0.859587,21512.378906
87,0.798314,0.837848,21761.970703
88,0.846349,0.813188,22011.533203
89,0.853408,0.822840,22261.091797
90,0.852591,0.829712,22510.623047
91,0.860266,0.832421,22760.197266
92,0.865620,0.834338,23009.761719
93,0.869612,0.838030,23259.351562
94,0.873826,0.834559,23508.894531
95,0.882957,0.831694,23758.449219
96,0.879835,0.839468,24008.025391
97,0.877069,0.844209,24257.601562
98,0.877167,0.845612,24507.181641
99,0.872036,0.845007,24756.738281
0,0.750392,0.451430,0.025928
1,0.748644,0.465246,266.221649
2,0.746135,0.566294,515.836670
3,0.748863,0.633315,765.384583
4,0.744650,0.671810,1014.953857
5,0.715728,0.685416,1264.505493
6,0.659378,0.667861,1514.079224
7,0.617026,0.662709,1763.669922
8,0.570569,0.635922,2013.173706
9,0.548756,0.620006,2262.833740
10,0.532473,0.599194,2512.293945
11,0.515144,0.597595,2761.859375
12,0.507083,0.658122,3011.430176
13,0.486057,0.722588,3261.083008
14,0.463291,0.758891,3510.608398
15,0.444990,0.781739,3760.125244
16,0.430299,0.794632,4009.785400
17,0.425172,0.796380,4259.239258
18,0.423343,0.792587,4508.840820
19,0.417902,0.780856,4758.395996
20,0.416704,0.766326,5008.039551
21,0.415451,0.723512,5257.549316
22,0.401806,0.639597,5507.095703
23,0.396842,0.601968,5756.742676
24,0.386319,0.583940,6006.205566
25,0.378328,0.580185,6255.794434
26,0.370715,0.582259,6505.311035
27,0.379593,0.572682,6754.964355
28,0.392235,0.547284,7004.479492
29,0.383803,0.521409,7254.039551
30,0.383659,0.506772,7503.664551
31,0.417625,0.509991,7753.238281
32,0.458445,0.508029,8002.762207
33,0.499797,0.510923,8252.313477
34,0.554002,0.546559,8501.835938
35,0.608883,0.594782,8751.407227
36,0.655484,0.622677,9000.952148
37,0.692700,0.638203,9250.562500
38,0.725063,0.654085,9500.139648
39,0.744861,0.667144,9766.361328
40,0.759849,0.678627,10015.895508
41,0.774848,0.685830,10265.471680
42,0.793930,0.692689,10515.003906
43,0.832041,0.702573,10764.538086
44,0.901076,0.704148,11014.124023
45,0.942411,0.721145,11263.670898
46,0.954721,0.749523,11513.289062
47,0.933717,0.804475,11762.863281
48,0.938704,0.829384,12012.399414
49,0.951929,0.827253,12262.019531
50,0.967086,0.800895,12511.499023
51,0.981906,0.783396,12761.044922
52,0.993965,0.770764,13010.642578
53,0.997722,0.761430,13260.247070
54,0.998234,0.755841,13509.800781
55,0.997480,0.754550,13759.365234
56,0.003375,0.760878,14008.962891
57,0.013487,0.769164,14258.481445
58,0.022592,0.772510,14508.018555
59,0.028518,0.775871,14757.640625
60,0.040448,0.779092,15007.232422
61,0.051193,0.782101,15256.687500
62,0.079458,0.787077,15506.299805
63,0.088881,0.788164,15755.813477
64,0.084491,0.775626,16005.427734
65,0.072525,0.730381,16254.982422
66,0.065014,0.692073,16504.621094
67,0.063199,0.632430,16754.119141
68,0.060900,0.581476,17003.716797
69,0.070830,0.546106,17253.208984
70,0.099296,0.532069,17502.792969
71,0.131740,0.531545,17752.375000
72,0.117194,0.547987,18001.894531
73,0.045101,0.562089,18251.566406
74,0.988986,0.563115,18501.025391
75,0.940895,0.579349,18750.701172
76,0.851389,0.602530,19000.169922
77,0.789207,0.618523,19266.361328
78,0.757056,0.636410,19515.941406
79,0.745181,0.649607,19765.519531
80,0.746850,0.656383,20015.037109
81,0.741738,0.652415,20264.740234
82,0.704486,0.634872,20514.232422
83,0.679249,0.615821,20763.789062
84,0.665314,0.574510,21013.298828
85,0.631871,0.532297,21262.921875
86,0.596679,0.510054,21512.476562
87,0.579416,0.501193,21761.986328
88,0.576302,0.510129,22011.623047
89,0.573840,0.516293,22261.166016
90,0.574054,0.514464,22510.726562
91,0.577297,0.514002,22760.271484
92,0.578389,0.512766,23009.871094
93,0.578419,0.512124,23259.417969
94,0.579084,0.512114,23508.966797
95,0.579482,0.513767,23758.611328
96,0.579586,0.515876,24008.097656
97,0.579830,0.516755,24257.673828
98,0.579835,0.516874,24507.181641
99,0.579999,0.516767,24756.771484
0,0.746617,0.462796,-0.014668
1,0.742151,0.473202,266.132690
2,0.738584,0.498627,515.755920
3,0.738568,0.539112,765.286499
4,0.743732,0.574116,1014.822021
5,0.754221,0.606815,1264.466919
6,0.755491,0.619089,1514.026001
7,0.750966,0.649334,1763.596191
8,0.741946,0.669650,2013.079224
9,0.733997,0.713269,2262.639160
10,0.736742,0.740147,2512.203369
11,0.743417,0.752109,2761.757324
12,0.691634,0.764580,3011.374023
13,0.631258,0.754918,3260.974609
14,0.613630,0.762734,3510.519043
15,0.596626,0.770633,3760.075684
16,0.590514,0.789389,4009.682129
17,0.611063,0.813156,4259.182129
18,0.651151,0.839774,4508.709961
19,0.688944,0.859288,4758.340332
20,0.713510,0.875194,5007.872070
21,0.749953,0.875464,5257.430664
22,0.792835,0.865405,5506.969727
23,0.833968,0.852699,5756.635254
24,0.872338,0.843535,6006.135254
25,0.899558,0.840712,6255.705566
26,0.916247,0.836029,6505.278320
27,0.941913,0.822340,6754.810547
28,0.961160,0.806620,7004.403320
29,0.977851,0.783033,7253.929688
30,0.988690,0.755183,7503.567871
31,0.987703,0.719375,7753.090820
32,0.987521,0.701116,8002.614746
33,0.990207,0.683997,8252.219727
34,0.990867,0.676545,8501.792969
35,0.991251,0.670571,8751.342773
36,0.993287,0.649083,9000.876953
37,0.002257,0.613312,9250.452148
38,0.029118,0.579703,9516.708984
39,0.075287,0.558082,9766.204102
40,0.110857,0.543290,10015.773438
41,0.111614,0.531328,10265.379883
42,0.071850,0.521291,10514.936523
43,0.950332,0.525370,10764.468750
44,0.833837,0.531637,11014.022461
45,0.743379,0.526501,11263.620117
46,0.661992,0.516786,11513.139648
47,0.600967,0.518880,11762.742188
48,0.552144,0.516629,12012.311523
49,0.509080,0.508618,12261.877930
50,0.472438,0.504406,12511.420898
51,0.434138,0.500558,12760.968750
52,0.396977,0.496866,13010.576172
53,0.362022,0.497137,13260.096680
54,0.343765,0.499020,13509.668945
55,0.331914,0.516007,13759.218750
56,0.315256,0.528489,14008.801758
57,0.314068,0.532329,14258.338867
58,0.313747,0.534989,14507.912109
59,0.303798,0.533156,14757.493164
60,0.298866,0.526097,15007.062500
61,0.286245,0.507951,15256.642578
62,0.265107,0.495094,15506.167969
63,0.246260,0.490237,15755.730469
64,0.233001,0.485620,16005.294922
65,0.233953,0.478700,16254.857422
66,0.241000,0.478597,16504.431641
67,0.258244,0.478647,16753.998047
68,0.282879,0.475430,17003.578125
69,0.310459,0.472794,17253.125000
70,0.333718,0.471334,17502.699219
71,0.360771,0.473240,17752.236328
72,0.389625,0.472128,18001.816406
73,0.420862,0.477159,18251.375000
74,0.453884,0.484065,18500.941406
75,0.489492,0.479127,18750.492188
76,0.525163,0.471944,19000.083984
77,0.556875,0.468434,19266.269531
78,0.584706,0.467787,19515.855469
79,0.612104,0.471336,19765.388672
80,0.639462,0.477132,20014.953125
81,0.663583,0.480203,20264.513672
82,0.685066,0.479514,20514.103516
83,0.698964,0.486344,20763.654297
84,0.709493,0.488371,21013.212891
85,0.724316,0.492244,21262.773438
86,0.744689,0.492324,21512.353516
87,0.758453,0.495519,21761.896484
88,0.775998,0.500431,22011.464844
89,0.807286,0.500098,22261.021484
90,0.835535,0.504853,22510.583984
91,0.875519,0.499762,22760.142578
92,0.894504,0.502034,23009.730469
93,0.927044,0.511079,23259.306641
94,0.933847,0.517439,23508.890625
95,0.927654,0.518893,23758.410156
96,0.908399,0.513895,24007.976562
97,0.861583,0.507941,24257.564453
98,0.811789,0.498345,24507.103516
99,0.760607,0.494982,24756.667969
0,0.749878,0.513066,-0.069201
1,0.748545,0.512707,266.154388
2,0.748323,0.511812,515.692322
3,0.748333,0.512211,765.283875
4,0.748622,0.514679,1014.803284
5,0.748639,0.516958,1264.403320
6,0.747376,0.522645,1513.956787
7,0.750928,0.541832,1763.505249
8,0.760665,0.565596,2013.078979
9,0.762184,0.581435,2262.640625
10,0.759867,0.586501,2512.220215
11,0.745315,0.590023,2761.735840
12,0.726981,0.588840,3011.384766
13,0.714745,0.586911,3260.861572
14,0.705505,0.586553,3510.454102
15,0.697166,0.586455,3759.989502
16,0.690624,0.585356,4009.602295
17,0.685998,0.583546,4259.161621
18,0.676396,0.585901,4508.718262
19,0.665764,0.587230,4758.312012
20,0.657431,0.586444,5007.796875
21,0.653880,0.581493,5257.375977
22,0.649946,0.576634,5506.992188
23,0.644067,0.574088,5756.610840
24,0.638929,0.569733,6006.066406
25,0.633461,0.565963,6255.619141
26,0.627675,0.566509,6505.233398
27,0.621511,0.566352,6754.761230
28,0.615753,0.567677,7004.360840
29,0.605319,0.563218,7253.951172
30,0.595694,0.561231,7503.548340
31,0.586280,0.561482,7753.052246
32,0.579611,0.559199,8002.573730
33,0.579823,0.559385,8252.132812
34,0.580329,0.558964,8501.734375
35,0.577288,0.555361,8751.323242
36,0.570137,0.558265,9000.950195
37,0.564820,0.560377,9250.483398
38,0.562209,0.555334,9500.016602
39,0.556447,0.552670,9782.909180
40,0.547993,0.552736,10015.711914
41,0.537944,0.552832,10265.293945
42,0.527312,0.554396,10514.902344
43,0.517577,0.553174,10764.416016
44,0.508940,0.552670,11014.118164
45,0.497965,0.553535,11263.612305
46,0.490392,0.552918,11513.168945
47,0.486119,0.550152,11762.675781
48,0.483638,0.550971,12012.310547
49,0.480828,0.550427,12261.823242
50,0.481314,0.546234,12511.355469
51,0.478955,0.544003,12761.004883
52,0.475232,0.543319,13010.582031
53,0.470870,0.543794,13260.156250
54,0.462362,0.545158,13509.625977
55,0.454775,0.544551,13759.213867
56,0.446689,0.542509,14008.773438
57,0.438191,0.541624,14258.303711
58,0.429488,0.542274,14507.946289
59,0.423688,0.541785,14757.503906
60,0.419620,0.541570,15007.118164
61,0.417941,0.542391,15256.571289
62,0.414891,0.542050,15506.208008
63,0.408667,0.542809,15755.744141
64,0.401981,0.543846,16005.298828
65,0.395453,0.544180,16254.866211
66,0.388935,0.544096,16504.392578
67,0.383558,0.543279,16753.992188
68,0.378041,0.543230,17003.517578
69,0.372428,0.543534,17253.189453
70,0.366721,0.545186,17502.666016
71,0.357857,0.550844,17752.261719
72,0.350988,0.554411,18001.835938
73,0.347422,0.558757,18251.445312
74,0.344634,0.564513,18500.945312
75,0.343255,0.573400,18750.468750
76,0.343006,0.578645,19000.085938
77,0.342654,0.579580,19266.300781
78,0.343101,0.577511,19515.921875
79,0.343622,0.575863,19782.039062
80,0.347904,0.576230,20014.947266
81,0.363173,0.577546,20264.486328
82,0.370054,0.576495,20514.091797
83,0.374701,0.569286,20763.603516
84,0.379202,0.561954,21013.257812
85,0.386201,0.553332,21262.763672
86,0.387712,0.548387,21512.291016
87,0.384119,0.547778,21761.923828
88,0.371627,0.550249,22011.474609
89,0.363448,0.548368,22261.052734
90,0.356082,0.543364,22510.552734
91,0.350578,0.541529,22760.179688
92,0.343813,0.539332,23009.685547
93,0.337759,0.537784,23259.263672
94,0.331618,0.535765,23508.837891
95,0.324218,0.536011,23758.410156
96,0.317799,0.536490,24007.966797
97,0.313100,0.535501,24257.515625
98,0.307690,0.535439,24507.113281
99,0.301420,0.536515,24756.730469
0,0.749947,0.498611,-0.007078
1,0.750049,0.498137,266.170776
2,0.748700,0.496485,515.763489
3,0.749899,0.501876,765.350952
4,0.781999,0.512198,1014.873047
5,0.807890,0.513880,1264.520020
6,0.808886,0.533598,1513.986694
7,0.793204,0.585115,1763.581177
8,0.784726,0.610660,2013.118774
9,0.780515,0.614995,2262.728271
10,0.776314,0.618943,2512.271973
11,0.781754,0.617515,2761.796875
12,0.786011,0.616142,3011.426270
13,0.786885,0.619215,3260.950684
14,0.786290,0.643843,3510.593994
15,0.783881,0.666858,3760.077637
16,0.783487,0.674833,4009.715576
17,0.764822,0.703622,4259.178711
18,0.729396,0.747095,4508.751953
19,0.721264,0.779386,4758.361816
20,0.701248,0.819197,5007.909668
21,0.674159,0.861514,5257.530273
22,0.653365,0.902730,5507.039551
23,0.671392,0.942916,5756.584473
24,0.818144,0.946193,6006.160156
25,0.912219,0.885009,6255.701172
26,0.931206,0.846020,6505.303711
27,0.926576,0.829599,6754.897949
28,0.862606,0.842661,7004.420410
29,0.733180,0.830049,7253.984375
30,0.651326,0.770802,7503.562988
31,0.615274,0.722315,7753.083008
32,0.584965,0.682966,8002.658691
33,0.564541,0.632778,8252.196289
34,0.560339,0.593442,8501.865234
35,0.542184,0.557141,8751.391602
36,0.498767,0.499101,9000.947266
37,0.467409,0.474604,9250.477539
38,0.445679,0.471049,9500.013672
39,0.416677,0.460461,9766.237305
40,0.398796,0.460028,10015.788086
41,0.389889,0.473905,10265.370117
42,0.375877,0.496421,10515.025391
43,0.364650,0.508858,10764.538086
44,0.356184,0.508503,11014.051758
45,0.348618,0.509700,11263.614258
46,0.332499,0.505424,11513.158203
47,0.309390,0.498476,11762.717773
48,0.298956,0.499768,12012.371094
49,0.287352,0.499446,12261.891602
50,0.271986,0.494344,12511.461914
51,0.264050,0.494755,12760.988281
52,0.250478,0.496306,13010.599609
53,0.241834,0.501159,13260.132812
54,0.231551,0.510396,13509.704102
55,0.215078,0.518295,13759.255859
56,0.208946,0.519120,14008.907227
57,0.208439,0.518403,14258.368164
58,0.209380,0.518645,14507.961914
59,0.208477,0.518048,14757.561523
60,0.208997,0.516752,15007.078125
61,0.234852,0.497532,15256.636719
62,0.274682,0.466680,15506.295898
63,0.317474,0.449374,15755.847656
64,0.347290,0.442887,16005.337891
65,0.380247,0.448200,16254.928711
66,0.413255,0.449922,16504.488281
67,0.435052,0.449914,16754.021484
68,0.445890,0.452082,17003.615234
69,0.447264,0.456525,17253.150391
70,0.452797,0.447019,17502.726562
71,0.466137,0.422578,17752.357422
72,0.473974,0.416254,18001.824219
73,0.482193,0.427220,18251.408203
74,0.495855,0.435776,18501.003906
75,0.511257,0.442604,18750.523438
76,0.526618,0.450394,19000.089844
77,0.545404,0.456425,19266.322266
78,0.553140,0.457498,19515.855469
79,0.546448,0.454506,19765.462891
80,0.520512,0.448029,20014.972656
81,0.513307,0.439361,20264.550781
82,0.508203,0.434019,20514.185547
83,0.494596,0.430577,20763.666016
84,0.481477,0.430174,21013.269531
85,0.470294,0.427507,21262.845703
86,0.455024,0.433003,21512.378906
87,0.446218,0.436227,21761.914062
88,0.445774,0.438253,22011.587891
89,0.449708,0.451119,22261.101562
90,0.448694,0.465339,22510.648438
91,0.448270,0.473113,22760.222656
92,0.449454,0.479248,23009.828125
93,0.448975,0.483456,23259.343750
94,0.450330,0.485717,23508.876953
95,0.458524,0.499985,23758.453125
96,0.487345,0.529349,24008.070312
97,0.504744,0.531916,24257.619141
98,0.504990,0.529280,24507.154297
99,0.506022,0.528230,24756.746094
0,0.752079,0.580079,0.007456
1,0.755361,0.581498,266.176514
2,0.756740,0.584852,515.844604
3,0.758998,0.596140,765.312439
4,0.768869,0.648743,1014.904602
5,0.790132,0.687553,1264.422241
6,0.817099,0.699788,1514.016113
7,0.883438,0.711197,1763.577759
8,0.928100,0.728104,2013.133301
9,0.946655,0.745021,2262.673340
10,0.970009,0.785138,2512.263672
11,0.976035,0.807901,2761.836670
12,0.955917,0.842630,3011.486572
13,0.918147,0.889657,3260.981934
14,0.861424,0.908922,3510.593750
15,0.833421,0.916549,3760.102051
16,0.782706,0.918018,4009.631592
17,0.688393,0.923557,4259.221191
18,0.642062,0.942053,4508.759277
19,0.644819,0.956637,4758.363770
20,0.722228,0.957836,5007.981445
21,0.746906,0.931592,5257.563477
22,0.751484,0.852007,5507.047363
23,0.736548,0.785235,5756.599609
24,0.699833,0.717052,6006.171875
25,0.657675,0.681151,6255.711914
26,0.619715,0.667939,6505.299805
27,0.597314,0.661408,6754.866211
28,0.584956,0.657714,7004.499512
29,0.583956,0.648542,7253.943359
30,0.576950,0.632179,7503.565430
31,0.544156,0.603004,7753.167969
32,0.516235,0.579108,8002.641602
33,0.493558,0.567377,8252.317383
34,0.483022,0.555618,8501.778320
35,0.487986,0.544973,8751.371094
36,0.491898,0.539913,9000.906250
37,0.498198,0.540848,9250.562500
38,0.535900,0.552962,9500.035156
39,0.605779,0.567727,9766.262695
40,0.668596,0.570648,10015.852539
41,0.720118,0.560724,10265.396484
42,0.742817,0.562433,10514.934570
43,0.748671,0.561918,10764.528320
44,0.749115,0.564090,11014.056641
45,0.743795,0.570016,11263.733398
46,0.739705,0.571007,11513.174805
47,0.725469,0.570913,11762.803711
48,0.701898,0.574931,12012.315430
49,0.680913,0.577166,12261.922852
50,0.664095,0.577303,12511.504883
51,0.640479,0.578528,12761.010742
52,0.614282,0.575925,13010.678711
53,0.593689,0.574036,13260.125000
54,0.577234,0.575507,13509.741211
55,0.549020,0.575283,13759.251953
56,0.514398,0.570112,14008.864258
57,0.482484,0.568099,14258.432617
58,0.454729,0.570416,14507.978516
59,0.428789,0.582035,14757.562500
60,0.386103,0.582395,15007.143555
61,0.339265,0.582607,15256.671875
62,0.300550,0.601414,15506.202148
63,0.279344,0.619466,15755.874023
64,0.246062,0.634954,16005.338867
65,0.231348,0.621249,16254.908203
66,0.224476,0.596900,16504.507812
67,0.248538,0.572332,16754.076172
68,0.275769,0.554496,17003.687500
69,0.322962,0.540228,17253.197266
70,0.327332,0.535961,17502.781250
71,0.325028,0.536204,17752.291016
72,0.324063,0.536688,18001.833984
73,0.310827,0.550324,18251.417969
74,0.289958,0.560958,18501.031250
75,0.268953,0.562797,18750.632812
76,0.229813,0.563756,19000.117188
77,0.195520,0.562301,19266.316406
78,0.149627,0.557446,19515.912109
79,0.131382,0.561858,19765.421875
80,0.113719,0.563954,20014.990234
81,0.095028,0.571548,20264.554688
82,0.080879,0.571029,20514.236328
83,0.072645,0.568566,20763.765625
84,0.069162,0.573552,21013.246094
85,0.068476,0.580068,21262.849609
86,0.070605,0.585297,21512.388672
87,0.071705,0.623132,21761.976562
88,0.068130,0.684432,22011.503906
89,0.070588,0.702829,22261.134766
90,0.074148,0.703283,22510.632812
91,0.079166,0.702006,22760.195312
92,0.087139,0.700815,23009.845703
93,0.093788,0.704363,23259.337891
94,0.102916,0.708029,23508.925781
95,0.118855,0.714256,23758.511719
96,0.151702,0.737833,24008.070312
97,0.202861,0.772498,24257.595703
98,0.220872,0.783838,24507.173828
99,0.231435,0.785469,24756.765625
0,0.749859,0.593528,-0.026867
1,0.749791,0.593760,266.155975
2,0.750723,0.599799,515.778931
3,0.751192,0.625018,765.351440
4,0.750828,0.646739,1014.892517
5,0.750439,0.691641,1264.476196
6,0.731184,0.731776,1514.007324
7,0.698240,0.756350,1763.615967
8,0.639025,0.756681,2013.131226
9,0.604556,0.742862,2262.760742
10,0.596229,0.744003,2512.248047
11,0.575339,0.715911,2761.854980
12,0.563783,0.653976,3011.431396
13,0.564844,0.608896,3260.935303
14,0.574097,0.590853,3510.600586
15,0.593896,0.569764,3760.076416
16,0.585191,0.560939,4009.693115
17,0.543864,0.547371,4259.176270
18,0.515471,0.530738,4508.793945
19,0.491842,0.522949,4758.351074
20,0.472188,0.510638,5007.899414
21,0.456226,0.502603,5257.510254
22,0.441443,0.499994,5507.083496
23,0.425439,0.504449,5756.640137
24,0.400544,0.511040,6006.147461
25,0.397293,0.509132,6255.718262
26,0.458331,0.504466,6505.294434
27,0.493902,0.503629,6754.854004
28,0.455629,0.514685,7004.402344
29,0.426706,0.515149,7254.030273
30,0.404677,0.514841,7503.561523
31,0.379499,0.517002,7753.122070
32,0.354408,0.516364,8002.700195
33,0.330285,0.515894,8252.253906
34,0.306769,0.516529,8501.801758
35,0.280796,0.522604,8751.363281
36,0.260461,0.535260,9000.957031
37,0.244599,0.527946,9250.484375
38,0.217687,0.524777,9500.081055
39,0.184787,0.526233,9766.268555
40,0.154548,0.530116,10015.855469
41,0.129793,0.531131,10265.384766
42,0.106274,0.533334,10514.922852
43,0.082821,0.540170,10764.529297
44,0.056002,0.549899,11014.073242
45,0.029034,0.571661,11263.630859
46,0.017426,0.586055,11513.208984
47,0.017456,0.591087,11762.841797
48,0.024598,0.609554,12012.336914
49,0.037325,0.663257,12261.891602
50,0.042871,0.706892,12511.502930
51,0.065639,0.763434,12761.027344
52,0.069478,0.832047,13010.573242
53,0.125905,0.879193,13260.177734
54,0.181048,0.900788,13509.738281
55,0.187051,0.898499,13759.320312
56,0.191162,0.890768,14008.828125
57,0.191479,0.878036,14258.416016
58,0.186512,0.800465,14507.980469
59,0.185489,0.646630,14757.523438
60,0.182931,0.559319,15007.077148
61,0.188768,0.523093,15256.641602
62,0.202601,0.478757,15506.242188
63,0.237812,0.400213,15755.776367
64,0.273017,0.332338,16005.387695
65,0.311089,0.308748,16254.924805
66,0.349549,0.305207,16504.525391
67,0.380301,0.298971,16754.042969
68,0.406729,0.285019,17003.609375
69,0.432730,0.266387,17253.197266
70,0.452080,0.240859,17502.734375
71,0.474847,0.206840,17752.375000
72,0.497715,0.184639,18001.865234
73,0.524182,0.201486,18251.468750
74,0.541255,0.289187,18500.976562
75,0.543599,0.367647,18750.615234
76,0.542560,0.414609,19000.128906
77,0.540577,0.464730,19266.312500
78,0.541289,0.502719,19515.851562
79,0.539301,0.519978,19765.482422
80,0.533230,0.525514,20015.074219
81,0.516684,0.527224,20264.554688
82,0.493946,0.523800,20514.115234
83,0.458482,0.523354,20763.707031
84,0.442589,0.525804,21013.296875
85,0.433057,0.520437,21262.814453
86,0.431269,0.519002,21512.408203
87,0.437783,0.523451,21761.945312
88,0.490839,0.528211,22011.550781
89,0.574737,0.528337,22261.078125
90,0.632755,0.521137,22510.677734
91,0.670876,0.526595,22760.236328
92,0.706149,0.519363,23009.878906
93,0.742112,0.513915,23259.337891
94,0.754424,0.522244,23508.939453
95,0.760396,0.526612,23758.498047
96,0.761445,0.530005,24008.013672
97,0.739689,0.537329,24257.582031
98,0.679714,0.523836,24507.146484
99,0.612588,0.509795,24756.808594
0,0.749822,0.510938,0.027283
1,0.749096,0.513785,266.243530
2,0.745723,0.543053,515.871155
3,0.748106,0.609381,765.346924
4,0.752020,0.698368,1014.990662
5,0.752823,0.751736,1264.530884
6,0.742304,0.761514,1514.062622
7,0.692378,0.760609,1763.720215
8,0.632840,0.725997,2013.179810
9,0.608429,0.686130,2262.820557
10,0.579103,0.638232,2512.295898
11,0.537069,0.586245,2761.878906
12,0.511934,0.561052,3011.483887
13,0.478452,0.552147,3261.034180
14,0.436772,0.539618,3510.593750
15,0.407872,0.529464,3760.185547
16,0.389122,0.522003,4009.742920
17,0.369647,0.538680,4259.247559
18,0.353665,0.562326,4508.868652
19,0.346898,0.595807,4758.420410
20,0.346847,0.626975,5007.937988
21,0.349088,0.655528,5257.587402
22,0.351158,0.669376,5507.080078
23,0.345905,0.674259,5756.686523
24,0.352453,0.667258,6006.220703
25,0.370053,0.655606,6255.880859
26,0.377868,0.650603,6505.329102
27,0.389780,0.646533,6754.900391
28,0.445473,0.600547,7004.443848
29,0.494002,0.554695,7254.101074
30,0.495203,0.547996,7503.595215
31,0.478304,0.539771,7753.160156
32,0.467671,0.530254,8002.793457
33,0.430186,0.503522,8252.336914
34,0.400846,0.502953,8501.872070
35,0.402015,0.516188,8751.432617
36,0.426252,0.518626,9001.041016
37,0.444496,0.519853,9250.595703
38,0.461754,0.512967,9500.122070
39,0.474872,0.503342,9766.309570
40,0.482582,0.510165,10015.910156
41,0.507028,0.530202,10265.451172
42,0.513193,0.534695,10515.006836
43,0.487903,0.519662,10764.554688
44,0.453008,0.496961,11014.158203
45,0.443326,0.500884,11263.737305
46,0.441229,0.504904,11513.250977
47,0.440205,0.508554,11762.796875
48,0.442231,0.508912,12012.477539
49,0.447779,0.509153,12261.949219
50,0.458022,0.503945,12511.497070
51,0.474563,0.493513,12761.072266
52,0.491177,0.502062,13010.633789
53,0.564755,0.521980,13260.228516
54,0.659323,0.499295,13509.758789
55,0.707730,0.508485,13759.378906
56,0.729358,0.516724,14025.550781
57,0.748453,0.517801,14258.478516
58,0.766438,0.516238,14508.011719
59,0.780829,0.515246,14757.588867
60,0.788952,0.521145,15007.141602
61,0.815599,0.540746,15256.765625
62,0.846158,0.577932,15506.315430
63,0.846544,0.593116,15755.871094
64,0.833156,0.588257,16005.409180
65,0.827614,0.582963,16254.957031
66,0.823881,0.578786,16504.537109
67,0.818334,0.587326,16754.083984
68,0.813955,0.595156,17003.701172
69,0.816270,0.593350,17253.275391
70,0.818794,0.586845,17502.792969
71,0.818667,0.577894,17752.347656
72,0.819827,0.569210,18001.910156
73,0.819382,0.569211,18251.507812
74,0.817875,0.570352,18501.021484
75,0.815702,0.566837,18750.607422
76,0.813461,0.556114,19000.222656
77,0.797939,0.551872,19266.396484
78,0.732197,0.545754,19515.962891
79,0.683362,0.537632,19765.490234
80,0.667771,0.534867,20015.039062
81,0.663148,0.533835,20264.648438
82,0.656345,0.531866,20514.185547
83,0.636630,0.522358,20763.734375
84,0.622801,0.517925,21013.320312
85,0.621733,0.522890,21262.927734
86,0.634948,0.525329,21512.421875
87,0.643739,0.531574,21762.027344
88,0.644761,0.539770,22011.582031
89,0.639698,0.543634,22261.138672
90,0.610582,0.544969,22510.802734
91,0.570049,0.539023,22760.246094
92,0.511598,0.530517,23009.835938
93,0.458673,0.532833,23259.375000
94,0.421350,0.539875,23509.039062
95,0.394806,0.546132,23758.513672
96,0.368575,0.551443,24008.179688
97,0.343363,0.563700,24257.673828
98,0.320933,0.584056,24507.212891
99,0.313574,0.594613,24756.810547
0,0.749663,0.492031,0.001259
1,0.749577,0.492732,266.219574
2,0.749374,0.500277,515.783875
3,0.750647,0.551561,765.322327
4,0.754178,0.627221,1014.918640
5,0.756285,0.679611,1264.450928
6,0.747780,0.703073,1514.112061
7,0.729550,0.717103,1763.567261
8,0.690529,0.726777,2013.140259
9,0.613547,0.710186,2262.725586
10,0.584412,0.704569,2512.282471
11,0.537304,0.680889,2761.939453
12,0.472909,0.647777,3011.407471
13,0.423359,0.625685,3261.029297
14,0.387154,0.611340,3510.585205
15,0.360903,0.609698,3760.095703
16,0.342696,0.613162,4009.645020
17,0.335545,0.607164,4259.217285
18,0.328165,0.594597,4508.878418
19,0.322261,0.602983,4758.361816
20,0.308237,0.624879,5007.927734
21,0.290719,0.639248,5257.455078
22,0.271677,0.659791,5507.018555
23,0.254064,0.697634,5756.596680
24,0.241371,0.746215,6006.244141
25,0.231484,0.793412,6255.720215
26,0.232586,0.838641,6505.272461
27,0.230281,0.866500,6754.883789
28,0.229459,0.887287,7004.437988
29,0.221320,0.893210,7254.007812
30,0.223465,0.893283,7503.525879
31,0.236438,0.895793,7753.155273
32,0.264894,0.881069,8002.680176
33,0.297103,0.871685,8252.240234
34,0.353121,0.871502,8501.793945
35,0.387091,0.865512,8751.392578
36,0.440459,0.850380,9000.941406
37,0.477510,0.849792,9250.491211
38,0.482523,0.864154,9500.100586
39,0.494007,0.873005,9766.333984
40,0.496834,0.867029,10015.811523
41,0.519903,0.842224,10265.389648
42,0.543390,0.814530,10514.935547
43,0.570393,0.764597,10764.540039
44,0.583209,0.679020,11014.072266
45,0.597776,0.595781,11263.666016
46,0.620767,0.548342,11513.300781
47,0.668534,0.524003,11762.815430
48,0.722223,0.507820,12012.338867
49,0.776134,0.503764,12261.909180
50,0.826333,0.511598,12511.484375
51,0.875149,0.509579,12761.038086
52,0.923006,0.496740,13010.656250
53,0.953396,0.496566,13260.155273
54,0.964512,0.512752,13509.730469
55,0.983118,0.520977,13759.275391
56,0.984096,0.522368,14008.874023
57,0.933587,0.512439,14275.047852
58,0.921496,0.514101,14507.958984
59,0.921151,0.526019,14757.619141
60,0.927032,0.546074,15007.122070
61,0.931830,0.568843,15256.686523
62,0.927697,0.589635,15506.220703
63,0.916272,0.595276,15755.845703
64,0.910267,0.592415,16005.399414
65,0.922090,0.580425,16254.934570
66,0.945815,0.567465,16504.472656
67,0.973460,0.555129,16754.093750
68,0.004158,0.542409,17003.638672
69,0.037028,0.536581,17253.164062
70,0.058083,0.528286,17502.830078
71,0.073442,0.520963,17752.328125
72,0.087101,0.515105,18001.884766
73,0.101905,0.509892,18251.443359
74,0.119464,0.500702,18501.068359
75,0.134451,0.493027,18750.580078
76,0.152725,0.488978,19000.125000
77,0.173031,0.486150,19266.355469
78,0.190288,0.484288,19515.966797
79,0.208867,0.482440,19765.503906
80,0.233110,0.482346,20015.087891
81,0.261496,0.483550,20264.589844
82,0.288256,0.486458,20514.242188
83,0.310466,0.490258,20763.761719
84,0.320654,0.495750,21013.257812
85,0.320617,0.514419,21262.871094
86,0.320191,0.543584,21512.380859
87,0.309951,0.613222,21762.042969
88,0.301466,0.631243,22011.517578
89,0.293577,0.629120,22261.107422
90,0.282374,0.612589,22510.697266
91,0.273260,0.596475,22760.214844
92,0.262335,0.582984,23009.818359
93,0.253217,0.573574,23259.361328
94,0.248278,0.564655,23508.984375
95,0.240553,0.558314,23758.458984
96,0.198068,0.549750,24008.068359
97,0.123988,0.541271,24257.585938
98,0.030106,0.521393,24507.171875
99,0.974574,0.506970,24756.798828
0,0.749909,0.686756,0.006388
1,0.749914,0.687163,266.172211
2,0.750714,0.687869,515.783142
3,0.751601,0.691462,765.375305
4,0.751915,0.701594,1014.921692
5,0.744356,0.721049,1264.459351
6,0.722823,0.742263,1514.021240
7,0.700043,0.750501,1763.609863
8,0.675301,0.744097,2013.193848
9,0.650540,0.699710,2262.733398
10,0.622755,0.641015,2512.252686
11,0.591501,0.609081,2761.927246
12,0.569117,0.589350,3011.364014
13,0.555242,0.576548,3260.982910
14,0.559071,0.566200,3510.509277
15,0.583209,0.569982,3760.174072
16,0.632287,0.575076,4009.719482
17,0.674189,0.565355,4259.195801
18,0.692924,0.552123,4508.865723
19,0.710641,0.546679,4758.339355
20,0.740278,0.538888,5007.960938
21,0.762608,0.556480,5257.500000
22,0.785080,0.564921,5507.112793
23,0.807907,0.562860,5756.586914
24,0.831650,0.561978,6006.147949
25,0.859699,0.567228,6255.777344
26,0.916662,0.559719,6505.335449
27,0.963291,0.535651,6754.934082
28,0.991568,0.525966,7004.387207
29,0.005638,0.540218,7254.042969
30,0.001291,0.554942,7503.515137
31,0.991292,0.572784,7753.090820
32,0.982394,0.610076,8002.750488
33,0.964831,0.694220,8252.266602
34,0.946931,0.738341,8501.897461
35,0.936764,0.758105,8751.362305
36,0.921814,0.785156,9001.010742
37,0.892881,0.820054,9250.483398
38,0.862664,0.840232,9500.024414
39,0.827607,0.851399,9766.235352
40,0.809027,0.862992,10015.873047
41,0.792045,0.874830,10265.468750
42,0.767818,0.878154,10514.958984
43,0.756530,0.878317,10764.522461
44,0.745290,0.877787,11014.053711
45,0.746738,0.878800,11263.622070
46,0.751720,0.877816,11513.192383
47,0.760835,0.877426,11762.796875
48,0.768210,0.877697,12012.361328
49,0.777724,0.877268,12261.915039
50,0.811430,0.874191,12511.438477
51,0.827912,0.870045,12761.061523
52,0.834849,0.869468,13010.595703
53,0.845536,0.866742,13260.169922
54,0.859999,0.863799,13509.703125
55,0.871503,0.862181,13759.385742
56,0.879084,0.861090,14008.878906
57,0.879814,0.860087,14258.425781
58,0.880324,0.860854,14507.958008
59,0.877325,0.861549,14757.538086
60,0.876335,0.860996,15007.122070
61,0.868059,0.853677,15256.652344
62,0.907745,0.813845,15506.331055
63,0.926767,0.779778,15755.833008
64,0.921762,0.783314,16005.361328
65,0.927353,0.777658,16254.928711
66,0.927534,0.777928,16504.494141
67,0.926166,0.780702,16754.025391
68,0.924332,0.782549,17003.691406
69,0.922687,0.783205,17253.265625
70,0.919544,0.783291,17502.789062
71,0.913814,0.781946,17752.302734
72,0.907678,0.783730,18001.880859
73,0.904193,0.786371,18251.505859
74,0.905657,0.786913,18500.966797
75,0.906188,0.786908,18750.580078
76,0.904907,0.788782,19000.103516
77,0.897073,0.794254,19266.349609
78,0.885541,0.798717,19515.888672
79,0.874348,0.803398,19765.431641
80,0.852442,0.815618,20015.046875
81,0.802562,0.835212,20264.593750
82,0.773413,0.837125,20514.109375
83,0.740278,0.839654,20763.736328
84,0.689381,0.853374,21013.238281
85,0.637278,0.862699,21262.826172
86,0.596491,0.855072,21512.380859
87,0.565901,0.851209,21761.970703
88,0.552592,0.850710,22011.593750
89,0.553040,0.853042,22261.097656
90,0.545955,0.854383,22510.666016
91,0.546282,0.857641,22760.199219
92,0.544498,0.854557,23009.800781
93,0.554026,0.857911,23259.349609
94,0.572364,0.853452,23508.884766
95,0.587873,0.826849,23758.453125
96,0.598113,0.806463,24008.044922
97,0.608595,0.816617,24257.591797
98,0.632198,0.814718,24507.160156
99,0.663132,0.789991,24756.769531
0,0.750240,0.542625,-0.004110
1,0.750115,0.543669,266.257324
2,0.750098,0.545782,515.900513
3,0.755773,0.588069,782.038452
4,0.766131,0.634427,1014.918518
5,0.769651,0.652038,1264.480469
6,0.768865,0.646665,1514.045044
7,0.749379,0.617398,1763.682373
8,0.716734,0.602747,2013.173340
9,0.699397,0.587867,2262.754150
10,0.674837,0.594658,2512.395508
11,0.658534,0.593160,2761.847656
12,0.645549,0.591687,3011.447754
13,0.637546,0.588259,3260.976562
14,0.619180,0.584908,3510.575928
15,0.601819,0.579239,3760.153320
16,0.580144,0.567775,4009.688965
17,0.562068,0.560044,4259.268066
18,0.547608,0.554382,4508.812988
19,0.532292,0.551045,4758.348633
20,0.517050,0.550409,5007.923340
21,0.505376,0.548736,5257.551270
22,0.496329,0.547499,5507.083496
23,0.484145,0.547795,5756.623535
24,0.473348,0.542444,6006.235352
25,0.454884,0.540275,6255.794434
26,0.434767,0.537842,6505.298828
27,0.417722,0.539212,6754.880371
28,0.401280,0.537073,7004.462402
29,0.386048,0.538893,7254.023926
30,0.369467,0.540179,7503.542480
31,0.352775,0.539699,7753.190918
32,0.333977,0.538704,8002.708008
33,0.310472,0.537008,8252.276367
34,0.288803,0.534880,8501.864258
35,0.279419,0.542600,8751.413086
36,0.267877,0.547159,9000.987305
37,0.246955,0.547449,9250.488281
38,0.219020,0.552709,9500.120117
39,0.194352,0.546076,9766.318359
40,0.173532,0.547196,10015.822266
41,0.156720,0.557806,10265.389648
42,0.151724,0.610758,10515.046875
43,0.155542,0.649716,10764.508789
44,0.152846,0.618096,11014.175781
45,0.136853,0.575292,11263.680664
46,0.143521,0.565588,11513.309570
47,0.172276,0.542752,11762.790039
48,0.212689,0.506085,12012.376953
49,0.247749,0.542052,12261.977539
50,0.272049,0.672862,12511.517578
51,0.291859,0.743019,12761.133789
52,0.326107,0.799068,13010.589844
53,0.363213,0.838911,13260.247070
54,0.390053,0.855076,13509.735352
55,0.416981,0.862606,13759.300781
56,0.470728,0.846737,14008.956055
57,0.517827,0.818864,14258.455078
58,0.540115,0.807276,14508.014648
59,0.553408,0.801697,14757.559570
60,0.569434,0.794150,15007.092773
61,0.593407,0.776032,15256.661133
62,0.606936,0.747598,15506.297852
63,0.600573,0.700413,15755.812500
64,0.587275,0.638605,16005.358398
65,0.612691,0.615464,16254.963867
66,0.652988,0.613302,16504.541016
67,0.689818,0.611948,16754.080078
68,0.716316,0.606317,17003.638672
69,0.739512,0.596561,17253.195312
70,0.762698,0.560034,17502.736328
71,0.763295,0.527595,17752.333984
72,0.746681,0.508635,18001.876953
73,0.731498,0.504535,18251.447266
74,0.710092,0.523227,18501.013672
75,0.698551,0.532439,18750.566406
76,0.704367,0.549348,19000.169922
77,0.718413,0.566267,19266.343750
78,0.761201,0.573317,19515.896484
79,0.790599,0.572548,19765.474609
80,0.811454,0.567527,20015.017578
81,0.833785,0.564191,20264.609375
82,0.854200,0.562137,20514.160156
83,0.874569,0.561777,20763.707031
84,0.896965,0.561494,21013.326172
85,0.917664,0.559040,21262.859375
86,0.936927,0.556093,21512.414062
87,0.954159,0.555994,21761.974609
88,0.969380,0.555971,22011.550781
89,0.984582,0.556980,22261.097656
90,0.998383,0.556888,22510.656250
91,0.010370,0.556507,22760.230469
92,0.021132,0.557828,23009.804688
93,0.030196,0.558427,23259.351562
94,0.038016,0.558755,23508.937500
95,0.044771,0.559611,23758.501953
96,0.050348,0.560643,24008.050781
97,0.054342,0.561305,24257.611328
98,0.061478,0.565316,24507.171875
99,0.081928,0.575181,24756.746094
0,0.752487,0.604595,-0.029710
1,0.754457,0.620781,266.186554
2,0.747031,0.629605,515.757874
3,0.715689,0.620685,765.325989
4,0.656097,0.579027,1014.843628
5,0.629026,0.578905,1264.499756
6,0.621286,0.576523,1513.964355
7,0.600490,0.559788,1763.542114
8,0.577194,0.547278,2013.156250
9,0.564459,0.527972,2262.711426
10,0.563073,0.529238,2512.275146
11,0.569156,0.543792,2761.787598
12,0.585083,0.544530,3011.447266
13,0.629792,0.553610,3260.949951
14,0.659411,0.572084,3510.514404
15,0.666434,0.565224,3760.041748
16,0.671759,0.570159,4009.691406
17,0.672132,0.570364,4259.187500
18,0.650802,0.548946,4508.738770
19,0.614003,0.533758,4758.340820
20,0.626638,0.562318,5007.895508
21,0.643026,0.567530,5257.479980
22,0.681495,0.569541,5507.080566
23,0.782839,0.570230,5756.589355
24,0.846018,0.577447,6006.113281
25,0.893146,0.577519,6255.674805
26,0.943412,0.570768,6505.273926
27,0.975441,0.561387,6754.832031
28,0.999432,0.564043,7004.473145
29,0.026672,0.583093,7253.984863
30,0.043918,0.608988,7503.528320
31,0.042841,0.679068,7753.067383
32,0.041882,0.739716,8002.622559
33,0.034847,0.782496,8252.250977
34,0.023564,0.818071,8501.805664
35,0.033011,0.831953,8751.379883
36,0.065445,0.834302,9000.924805
37,0.083887,0.835715,9250.551758
38,0.064050,0.830986,9500.075195
39,0.044000,0.818387,9766.204102
40,0.055307,0.791211,10015.781250
41,0.126341,0.724030,10265.379883
42,0.161952,0.673024,10515.016602
43,0.169416,0.663108,10764.510742
44,0.169776,0.671758,11014.110352
45,0.158272,0.642770,11263.607422
46,0.163722,0.595423,11513.179688
47,0.161609,0.570631,11762.724609
48,0.166916,0.554540,12012.297852
49,0.178606,0.558187,12261.960938
50,0.221251,0.549731,12511.464844
51,0.256346,0.538647,12761.009766
52,0.265991,0.534877,13010.592773
53,0.257976,0.536177,13260.137695
54,0.228814,0.538041,13509.691406
55,0.183812,0.541331,13759.330078
56,0.140432,0.541557,14008.838867
57,0.083848,0.538696,14258.421875
58,0.027027,0.546818,14507.964844
59,0.982874,0.547770,14757.517578
60,0.947705,0.552349,15007.067383
61,0.895675,0.555674,15256.620117
62,0.848426,0.558050,15506.273438
63,0.819100,0.556976,15755.844727
64,0.794432,0.559970,16005.402344
65,0.756434,0.561301,16254.887695
66,0.705692,0.561298,16504.441406
67,0.673777,0.560439,16754.035156
68,0.639742,0.558703,17003.564453
69,0.590936,0.553354,17253.218750
70,0.523150,0.544739,17502.716797
71,0.466545,0.538250,17752.292969
72,0.426903,0.527551,18001.814453
73,0.400390,0.522738,18251.515625
74,0.375944,0.530559,18501.017578
75,0.358319,0.535644,18750.531250
76,0.380836,0.540355,19000.128906
77,0.412703,0.533645,19266.341797
78,0.417476,0.533226,19515.857422
79,0.398902,0.526846,19765.505859
80,0.337964,0.522423,20014.955078
81,0.298486,0.524258,20264.589844
82,0.292368,0.529081,20514.136719
83,0.301180,0.535304,20763.658203
84,0.302210,0.560545,21013.312500
85,0.301963,0.595977,21262.871094
86,0.310235,0.612519,21512.380859
87,0.312935,0.624043,21761.931641
88,0.310579,0.666637,22011.507812
89,0.316793,0.705960,22261.089844
90,0.341814,0.733179,22510.603516
91,0.373382,0.768647,22760.261719
92,0.400902,0.789537,23009.761719
93,0.466546,0.774375,23259.333984
94,0.511584,0.738343,23508.855469
95,0.518179,0.711813,23758.503906
96,0.525836,0.672649,24008.015625
97,0.532950,0.637258,24257.666016
98,0.533446,0.618041,24507.179688
99,0.532312,0.616504,24756.722656
0,0.751641,0.508381,-0.003727
1,0.753184,0.522928,266.220459
2,0.754418,0.560744,515.763062
3,0.755269,0.581071,765.310059
4,0.757569,0.612789,1014.908325
5,0.758959,0.644969,1264.399048
6,0.761220,0.684109,1514.023193
7,0.758259,0.722886,1763.528809
8,0.755269,0.779084,2013.205078
9,0.760590,0.815140,2262.680664
10,0.778899,0.826699,2512.245361
11,0.847769,0.804193,2761.916504
12,0.904280,0.766995,3011.430420
13,0.935471,0.748563,3260.955566
14,0.973721,0.725375,3510.474854
15,0.986211,0.715945,3760.141357
16,0.979575,0.686141,4009.623535
17,0.964002,0.646205,4259.232910
18,0.945621,0.631965,4508.854004
19,0.899455,0.646958,4758.435059
20,0.827900,0.647488,5007.914551
21,0.782204,0.633084,5257.520996
22,0.741753,0.607305,5507.049805
23,0.711181,0.585678,5756.561035
24,0.671678,0.561846,6006.142578
25,0.630199,0.547635,6255.689941
26,0.594808,0.541588,6505.273926
27,0.568601,0.544569,6754.862793
28,0.548732,0.556059,7004.379883
29,0.537210,0.567156,7254.037598
30,0.511628,0.565055,7503.539551
31,0.474602,0.533966,7753.088379
32,0.456826,0.505657,8002.687500
33,0.464472,0.470762,8252.269531
34,0.467313,0.459871,8501.774414
35,0.472740,0.459344,8751.337891
36,0.485830,0.466846,9000.925781
37,0.503081,0.484242,9250.550781
38,0.539507,0.490858,9500.019531
39,0.521611,0.485942,9766.244141
40,0.485142,0.465471,10015.822266
41,0.460417,0.458068,10265.463867
42,0.432556,0.457348,10515.003906
43,0.394830,0.459459,10764.487305
44,0.372658,0.464710,11014.156250
45,0.344755,0.475726,11263.689453
46,0.316261,0.486739,11513.257812
47,0.289001,0.501377,11762.750977
48,0.251667,0.522468,12012.380859
49,0.217351,0.524713,12261.875977
50,0.189623,0.519433,12511.422852
51,0.166182,0.510860,12760.995117
52,0.144429,0.506728,13010.646484
53,0.132407,0.496948,13260.126953
54,0.130501,0.497171,13509.700195
55,0.125769,0.497990,13759.303711
56,0.140106,0.485528,14025.497070
57,0.172769,0.458506,14258.389648
58,0.216132,0.441144,14507.958984
59,0.255134,0.433748,14757.531250
60,0.285948,0.431834,15007.113281
61,0.329336,0.435801,15256.672852
62,0.384918,0.434712,15506.251953
63,0.426965,0.438921,15755.774414
64,0.468159,0.440979,16005.334961
65,0.508964,0.446182,16254.891602
66,0.545171,0.451727,16504.500000
67,0.577744,0.454651,16754.041016
68,0.608863,0.460218,17003.568359
69,0.639922,0.463980,17253.166016
70,0.676791,0.465078,17502.750000
71,0.731735,0.462090,17752.296875
72,0.791035,0.464117,18001.869141
73,0.845955,0.469911,18251.470703
74,0.902480,0.475093,18501.070312
75,0.946595,0.475528,18750.527344
76,0.986305,0.474080,19000.169922
77,0.018819,0.483121,19266.302734
78,0.038907,0.500950,19515.884766
79,0.041940,0.515337,19765.433594
80,0.070190,0.523748,20015.023438
81,0.108427,0.523935,20264.583984
82,0.120082,0.513464,20514.181641
83,0.139530,0.493295,20763.691406
84,0.166461,0.481805,21013.294922
85,0.184713,0.475692,21262.896484
86,0.216509,0.471599,21512.371094
87,0.245927,0.473575,21761.941406
88,0.233834,0.446090,22011.521484
89,0.212206,0.398586,22261.093750
90,0.181817,0.369060,22510.630859
91,0.149841,0.367470,22760.220703
92,0.115080,0.391271,23009.787109
93,0.082077,0.428068,23259.318359
94,0.063285,0.452046,23508.917969
95,0.046194,0.469908,23758.447266
96,0.029182,0.487358,24008.031250
97,0.004171,0.500739,24257.570312
98,0.982488,0.504545,24507.171875
99,0.964939,0.511792,24756.724609
0,0.764572,0.556407,-0.029947
1,0.787275,0.557105,266.136749
2,0.803058,0.583288,515.648865
3,0.811118,0.634389,765.281738
4,0.813919,0.691438,1014.806458
5,0.822652,0.739416,1264.388306
6,0.876566,0.754108,1513.920044
7,0.948849,0.747304,1763.483765
8,0.986061,0.753362,2013.072998
9,0.988672,0.759096,2262.599609
10,0.985907,0.758910,2512.185547
11,0.983548,0.757464,2761.781250
12,0.983649,0.760410,3011.353271
13,0.985913,0.754838,3260.959473
14,0.990984,0.730245,3510.458008
15,0.991369,0.708322,3760.121094
16,0.011500,0.686029,4009.601074
17,0.031598,0.652605,4259.130371
18,0.037398,0.641964,4508.676270
19,0.048855,0.641415,4758.368652
20,0.064952,0.625554,5007.827637
21,0.079524,0.611899,5257.392090
22,0.091680,0.609984,5507.049805
23,0.108408,0.605213,5756.524414
24,0.127671,0.592300,6006.141113
25,0.150016,0.579574,6255.673828
26,0.171831,0.576917,6505.231445
27,0.191427,0.606913,6754.763672
28,0.207323,0.631471,7004.326172
29,0.225460,0.638009,7253.909180
30,0.236958,0.634065,7503.518066
31,0.242334,0.623806,7753.013184
32,0.244355,0.611714,8002.627930
33,0.244942,0.607949,8252.208008
34,0.240202,0.606083,8501.739258
35,0.230008,0.606674,8751.308594
36,0.203872,0.602866,9000.871094
37,0.161464,0.593530,9250.531250
38,0.121805,0.577966,9516.666992
39,0.096364,0.575032,9766.169922
40,0.074161,0.577326,10015.742188
41,0.064238,0.579169,10265.407227
42,0.080566,0.575973,10514.908203
43,0.118020,0.565630,10764.431641
44,0.165492,0.569112,11013.978516
45,0.203104,0.562698,11263.600586
46,0.245168,0.553019,11513.106445
47,0.281820,0.544859,11762.702148
48,0.312583,0.544084,12012.315430
49,0.346030,0.549651,12261.821289
50,0.370244,0.542718,12511.378906
51,0.383667,0.542385,12760.983398
52,0.391959,0.544942,13010.581055
53,0.395326,0.542898,13260.125977
54,0.401587,0.546491,13509.662109
55,0.405519,0.546020,13759.237305
56,0.382966,0.549968,14008.782227
57,0.277383,0.554901,14258.304688
58,0.134011,0.570244,14507.918945
59,0.013305,0.567160,14757.561523
60,0.933969,0.591836,15007.142578
61,0.867722,0.605403,15256.567383
62,0.816829,0.614158,15506.197266
63,0.777194,0.635710,15755.730469
64,0.736233,0.645060,16005.258789
65,0.696362,0.642585,16254.930664
66,0.669563,0.639991,16504.501953
67,0.651473,0.645233,16753.978516
68,0.616510,0.644701,17003.515625
69,0.618682,0.646808,17253.117188
70,0.646172,0.639745,17502.683594
71,0.665722,0.622898,17752.236328
72,0.679975,0.616321,18001.812500
73,0.693031,0.617556,18251.369141
74,0.693485,0.621652,18500.908203
75,0.691518,0.618438,18750.458984
76,0.646062,0.610354,19000.097656
77,0.594305,0.577502,19266.308594
78,0.563753,0.545087,19515.855469
79,0.535762,0.542633,19765.371094
80,0.502875,0.546168,20014.958984
81,0.476453,0.545753,20264.482422
82,0.451470,0.548207,20514.130859
83,0.423273,0.551125,20763.609375
84,0.404005,0.557678,21013.224609
85,0.384100,0.567110,21262.775391
86,0.364604,0.574921,21512.345703
87,0.352474,0.586660,21761.867188
88,0.346058,0.585673,22011.466797
89,0.339757,0.583727,22261.095703
90,0.335299,0.593083,22510.556641
91,0.319967,0.627090,22760.154297
92,0.309745,0.654082,23009.730469
93,0.313947,0.652533,23259.287109
94,0.321577,0.640317,23508.839844
95,0.328542,0.629083,23758.513672
96,0.332987,0.623096,24007.988281
97,0.341238,0.619033,24257.519531
98,0.347429,0.620554,24507.083984
99,0.349783,0.617485,24756.677734
0,0.749012,0.581225,-0.001443
1,0.749079,0.581625,266.191650
2,0.749631,0.583483,515.800537
3,0.749569,0.584783,765.420532
4,0.743462,0.586730,1014.905945
5,0.717026,0.581272,1264.500488
6,0.693443,0.573246,1514.017456
7,0.676029,0.563325,1763.639038
8,0.666340,0.566663,2013.125244
9,0.656465,0.577133,2262.701904
10,0.647614,0.581288,2512.349121
11,0.628122,0.577857,2761.880371
12,0.612224,0.557413,3011.475342
13,0.596765,0.548381,3260.952393
14,0.576137,0.548518,3510.598145
15,0.556758,0.547841,3760.082764
16,0.536316,0.547850,4009.637939
17,0.517677,0.545566,4259.239746
18,0.504178,0.544587,4508.831055
19,0.495976,0.544140,4758.385254
20,0.488235,0.545524,5007.941406
21,0.479330,0.545593,5257.565430
22,0.467438,0.543986,5507.098633
23,0.454745,0.543584,5756.631348
24,0.445675,0.543083,6006.203125
25,0.435937,0.539547,6255.725098
26,0.432364,0.536794,6505.304199
27,0.427511,0.535986,6754.900391
28,0.406090,0.537255,7004.482422
29,0.382994,0.539969,7254.046387
30,0.370208,0.539939,7503.613281
31,0.357986,0.541881,7753.215820
32,0.337917,0.535567,8002.769043
33,0.323571,0.532803,8252.258789
34,0.310739,0.533878,8501.828125
35,0.291354,0.533678,8751.364258
36,0.268158,0.533979,9000.917969
37,0.246593,0.535604,9250.521484
38,0.224038,0.534533,9500.099609
39,0.207294,0.535465,9766.291016
40,0.196553,0.535424,10015.927734
41,0.194584,0.535936,10265.419922
42,0.201635,0.535561,10514.943359
43,0.212346,0.533570,10764.567383
44,0.229514,0.533807,11014.160156
45,0.250680,0.531988,11263.671875
46,0.267405,0.531807,11513.194336
47,0.278182,0.531133,11762.874023
48,0.280620,0.530926,12012.391602
49,0.277494,0.531851,12261.889648
50,0.251856,0.532578,12511.488281
51,0.232995,0.533386,12761.122070
52,0.227536,0.532800,13010.576172
53,0.229997,0.533398,13260.248047
54,0.233806,0.532515,13509.777344
55,0.249079,0.531911,13759.306641
56,0.262608,0.530620,14008.825195
57,0.268410,0.531094,14258.436523
58,0.273394,0.530472,14508.011719
59,0.278139,0.529998,14757.515625
60,0.279265,0.531225,15007.140625
61,0.280552,0.531989,15256.650391
62,0.281898,0.532744,15506.251953
63,0.281648,0.533368,15755.778320
64,0.281817,0.533523,16005.457031
65,0.282971,0.534173,16254.987305
66,0.284122,0.534950,16504.589844
67,0.287472,0.534654,16754.085938
68,0.292021,0.533536,17003.642578
69,0.296466,0.532415,17253.199219
70,0.302775,0.531890,17502.726562
71,0.322402,0.533716,17752.400391
72,0.345059,0.535250,18001.851562
73,0.358415,0.534233,18251.482422
74,0.373713,0.534538,18500.988281
75,0.386438,0.534567,18750.669922
76,0.397054,0.534340,19000.126953
77,0.400455,0.536902,19266.316406
78,0.400619,0.536431,19515.869141
79,0.407430,0.538187,19765.531250
80,0.420225,0.535297,20015.007812
81,0.441103,0.534009,20264.687500
82,0.458780,0.531487,20514.132812
83,0.469282,0.533196,20763.828125
84,0.480971,0.533271,21013.302734
85,0.504073,0.537590,21262.818359
86,0.526176,0.546428,21512.501953
87,0.528598,0.549497,21762.048828
88,0.531053,0.550989,22011.556641
89,0.528375,0.551663,22261.064453
90,0.524077,0.551132,22510.699219
91,0.509670,0.545062,22760.216797
92,0.486787,0.540213,23009.800781
93,0.462917,0.536239,23259.414062
94,0.446045,0.533041,23508.974609
95,0.440855,0.532514,23758.529297
96,0.437380,0.532735,24008.013672
97,0.434903,0.532172,24257.626953
98,0.431508,0.531872,24507.164062
99,0.429117,0.531802,24756.773438
0,0.749596,0.500264,0.002965
1,0.750046,0.502430,266.166748
2,0.749396,0.517658,515.755066
3,0.755082,0.565740,765.287415
4,0.773216,0.613228,1014.902405
5,0.776294,0.630704,1264.464111
6,0.780328,0.660302,1514.019043
7,0.770283,0.683522,1763.593872
8,0.758801,0.693007,2013.158691
9,0.793524,0.692223,2262.722412
10,0.855245,0.689415,2512.281738
11,0.897705,0.679791,2761.802246
12,0.936444,0.667055,3011.451904
13,0.971945,0.664357,3260.942383
14,0.008688,0.672137,3510.487061
15,0.038926,0.670016,3760.082764
16,0.066014,0.653529,4009.664551
17,0.086728,0.622755,4259.220215
18,0.099901,0.600309,4508.751953
19,0.102449,0.582748,4758.301270
20,0.098683,0.571993,5007.961426
21,0.087324,0.569791,5257.440918
22,0.061497,0.558144,5507.053223
23,0.038212,0.545411,5756.628906
24,0.033893,0.538290,6006.171875
25,0.058531,0.534324,6255.707520
26,0.098834,0.523697,6505.253418
27,0.139988,0.516040,6754.829102
28,0.177501,0.507499,7004.430664
29,0.213687,0.499701,7253.992676
30,0.245250,0.494629,7503.505859
31,0.276019,0.491373,7753.113281
32,0.305344,0.487403,8002.667969
33,0.332067,0.485988,8252.264648
34,0.357325,0.485449,8501.805664
35,0.381642,0.485594,8751.383789
36,0.406034,0.487002,9000.925781
37,0.427775,0.486716,9250.568359
38,0.451721,0.482754,9500.069336
39,0.477078,0.482745,9766.247070
40,0.493772,0.486731,10015.790039
41,0.496091,0.484750,10265.412109
42,0.480745,0.472058,10515.010742
43,0.453987,0.464517,10764.515625
44,0.434005,0.466056,11014.084961
45,0.423101,0.466998,11263.678711
46,0.413173,0.468643,11513.179688
47,0.398286,0.470699,11762.762695
48,0.375593,0.469852,12012.375977
49,0.345272,0.468125,12261.968750
50,0.307572,0.465049,12511.458008
51,0.269354,0.466040,12760.999023
52,0.232424,0.468296,13010.657227
53,0.198598,0.469321,13260.159180
54,0.172742,0.471314,13509.693359
55,0.140704,0.472395,13759.260742
56,0.098316,0.474205,14008.817383
57,0.058278,0.480694,14258.464844
58,0.018182,0.484371,14507.966797
59,0.990657,0.490022,14757.515625
60,0.969469,0.498021,15007.078125
61,0.947490,0.506009,15256.678711
62,0.914535,0.502214,15506.189453
63,0.859511,0.503706,15755.753906
64,0.813322,0.566101,16005.428711
65,0.778569,0.659960,16254.894531
66,0.740096,0.704421,16504.462891
67,0.692466,0.713074,16754.025391
68,0.643185,0.728136,17003.601562
69,0.604262,0.741146,17253.162109
70,0.562930,0.740928,17502.708984
71,0.530737,0.740584,17752.269531
72,0.510689,0.735654,18001.851562
73,0.495274,0.736432,18251.455078
74,0.468928,0.738426,18500.964844
75,0.447417,0.747682,18750.544922
76,0.424625,0.745848,19000.089844
77,0.405761,0.722261,19266.316406
78,0.383532,0.671805,19515.869141
79,0.359649,0.621378,19765.433594
80,0.343703,0.587761,20014.992188
81,0.340552,0.560560,20264.554688
82,0.341536,0.541874,20514.115234
83,0.348244,0.528471,20763.705078
84,0.354013,0.516225,21013.240234
85,0.360240,0.502438,21262.820312
86,0.394129,0.493204,21512.400391
87,0.443398,0.485288,21761.941406
88,0.466454,0.478652,22011.517578
89,0.485836,0.476262,22261.066406
90,0.502478,0.478545,22510.644531
91,0.522461,0.487077,22760.183594
92,0.552595,0.490991,23009.746094
93,0.591835,0.490578,23259.320312
94,0.623904,0.481812,23508.902344
95,0.641654,0.478878,23758.476562
96,0.655922,0.479272,24008.007812
97,0.679781,0.478109,24257.597656
98,0.698614,0.487463,24507.134766
99,0.709756,0.509615,24756.714844
0,0.751492,0.525302,0.014189
1,0.754126,0.535432,266.192627
2,0.757627,0.606946,515.802368
3,0.764771,0.675493,765.319458
4,0.767512,0.744750,1014.979065
5,0.766414,0.828936,1264.459229
6,0.769482,0.876780,1514.008179
7,0.770372,0.903105,1763.573120
8,0.756768,0.920437,2013.179077
9,0.707850,0.938300,2262.724854
10,0.637007,0.931841,2512.295410
11,0.591196,0.886869,2761.834473
12,0.551292,0.849827,3011.493164
13,0.525973,0.836940,3260.950439
14,0.498873,0.834330,3510.520264
15,0.483590,0.835530,3760.159180
16,0.473031,0.833944,4009.678955
17,0.469510,0.832827,4259.269043
18,0.483952,0.827398,4508.879883
19,0.513207,0.789455,4758.356934
20,0.533780,0.746882,5007.937988
21,0.546064,0.705668,5257.472656
22,0.561191,0.660881,5507.126465
23,0.602590,0.632053,5756.688965
24,0.684439,0.622491,6006.187988
25,0.739191,0.620208,6255.755859
26,0.763832,0.618877,6505.314941
27,0.769816,0.605748,6754.905273
28,0.742276,0.586903,7004.420410
29,0.690541,0.578909,7254.074219
30,0.648888,0.567769,7503.575684
31,0.606403,0.554572,7753.136230
32,0.549233,0.539436,8002.691406
33,0.494819,0.525476,8252.308594
34,0.444093,0.517551,8501.810547
35,0.399901,0.513583,8751.414062
36,0.369515,0.517438,9000.963867
37,0.342554,0.521863,9250.532227
38,0.309881,0.525909,9500.146484
39,0.284179,0.533482,9766.328125
40,0.278437,0.543309,10015.859375
41,0.282733,0.550566,10265.417969
42,0.292521,0.557268,10515.004883
43,0.302861,0.552783,10764.562500
44,0.348289,0.531163,11014.174805
45,0.393348,0.521193,11263.664062
46,0.418677,0.520315,11513.262695
47,0.431005,0.522498,11762.788086
48,0.428940,0.524691,12012.384766
49,0.357562,0.534751,12261.906250
50,0.232299,0.536104,12511.471680
51,0.163049,0.534994,12761.066406
52,0.129854,0.530606,13010.645508
53,0.139138,0.518854,13260.190430
54,0.224821,0.508711,13509.719727
55,0.284347,0.509647,13759.316406
56,0.295640,0.513355,14008.829102
57,0.295744,0.518665,14258.408203
58,0.281782,0.521503,14507.970703
59,0.196849,0.545640,14757.545898
60,0.071231,0.568627,15007.128906
61,0.009318,0.568747,15256.661133
62,0.989593,0.578738,15506.267578
63,0.993252,0.598487,15755.802734
64,0.002641,0.610630,16005.401367
65,0.015779,0.622405,16254.921875
66,0.031847,0.626508,16504.527344
67,0.045469,0.627972,16754.046875
68,0.067436,0.629163,17003.613281
69,0.078416,0.625377,17253.238281
70,0.074976,0.613478,17502.767578
71,0.072299,0.592938,17752.388672
72,0.080289,0.585604,18001.869141
73,0.114193,0.567450,18251.476562
74,0.158938,0.543743,18501.003906
75,0.197396,0.533009,18750.562500
76,0.253036,0.521464,19000.208984
77,0.292727,0.521757,19266.369141
78,0.306115,0.527118,19515.916016
79,0.312035,0.531710,19765.505859
80,0.325220,0.530868,20015.048828
81,0.358115,0.536534,20264.611328
82,0.408580,0.536371,20514.167969
83,0.455493,0.536223,20763.712891
84,0.496393,0.537924,21013.347656
85,0.540634,0.539721,21262.867188
86,0.592935,0.541062,21512.464844
87,0.628379,0.546617,21761.978516
88,0.653209,0.547857,22011.617188
89,0.671701,0.543831,22261.117188
90,0.690107,0.539178,22510.648438
91,0.703479,0.539035,22760.212891
92,0.712439,0.540378,23009.796875
93,0.720405,0.545919,23259.363281
94,0.721189,0.554147,23508.894531
95,0.704512,0.581461,23758.521484
96,0.641221,0.630349,24008.095703
97,0.570521,0.644926,24257.599609
98,0.529564,0.644198,24507.185547
99,0.511586,0.645397,24756.810547
0,0.749995,0.487446,0.007052
1,0.750171,0.487525,266.215698
2,0.750148,0.490377,515.777039
3,0.749192,0.504402,765.369507
4,0.746718,0.534804,1014.924133
5,0.744325,0.555534,1264.478760
6,0.743118,0.571799,1514.050049
7,0.742092,0.582880,1763.619385
8,0.738565,0.584761,2013.195679
9,0.734466,0.582191,2262.724854
10,0.727783,0.578356,2512.335205
11,0.717984,0.573666,2761.844727
12,0.705538,0.568872,3011.418213
13,0.691590,0.563195,3260.996826
14,0.679548,0.556997,3510.578125
15,0.668732,0.552543,3760.143066
16,0.658745,0.550077,4009.659668
17,0.651665,0.549920,4259.236328
18,0.644698,0.552562,4508.790039
19,0.637271,0.552531,4758.360840
20,0.633524,0.550136,5007.913086
21,0.630512,0.545870,5257.479980
22,0.627183,0.542365,5507.044434
23,0.623461,0.537878,5756.638184
24,0.620238,0.533754,6006.204102
25,0.617183,0.529277,6255.758301
26,0.615610,0.528816,6505.334961
27,0.614379,0.530746,6754.877441
28,0.612532,0.532224,7004.430176
29,0.611136,0.531152,7254.003418
30,0.609274,0.529729,7503.600586
31,0.604265,0.527756,7753.123535
32,0.595746,0.527145,8002.696777
33,0.587606,0.527944,8252.297852
34,0.576496,0.525755,8501.860352
35,0.572363,0.523260,8751.403320
36,0.571960,0.521955,9000.961914
37,0.572744,0.521655,9250.534180
38,0.579512,0.518800,9500.069336
39,0.597068,0.513696,9766.317383
40,0.624127,0.512251,10015.861328
41,0.653815,0.511194,10265.402344
42,0.687186,0.506069,10515.001953
43,0.713340,0.501796,10764.537109
44,0.732057,0.500327,11014.088867
45,0.745257,0.500251,11263.667969
46,0.758681,0.500865,11513.216797
47,0.774849,0.503241,11762.813477
48,0.795540,0.507539,12012.351562
49,0.818774,0.511434,12261.946289
50,0.838605,0.514726,12511.500977
51,0.852936,0.518666,12761.056641
52,0.872379,0.523028,13010.623047
53,0.889163,0.529983,13260.216797
54,0.901743,0.535165,13509.772461
55,0.915562,0.536803,13759.304688
56,0.927310,0.542808,14008.888672
57,0.941847,0.548380,14258.445312
58,0.949785,0.554627,14507.997070
59,0.960709,0.555446,14757.643555
60,0.975419,0.550582,15007.113281
61,0.991782,0.546097,15256.677734
62,0.006009,0.544799,15506.248047
63,0.019021,0.544371,15755.824219
64,0.032840,0.542155,16005.362305
65,0.046594,0.538612,16254.949219
66,0.059060,0.537374,16504.513672
67,0.073365,0.537227,16754.070312
68,0.076079,0.536890,17003.644531
69,0.078619,0.533972,17253.222656
70,0.106165,0.534506,17502.787109
71,0.132089,0.525159,17752.322266
72,0.156402,0.514903,18001.908203
73,0.183746,0.505999,18251.476562
74,0.205716,0.498206,18501.029297
75,0.227715,0.492691,18750.580078
76,0.249141,0.491572,19000.140625
77,0.273396,0.492306,19266.337891
78,0.287907,0.496892,19515.902344
79,0.286744,0.502731,19765.476562
80,0.270725,0.502577,20015.029297
81,0.249321,0.499900,20264.605469
82,0.225388,0.500105,20514.167969
83,0.203835,0.507554,20763.718750
84,0.180613,0.512565,21013.291016
85,0.158629,0.512965,21262.875000
86,0.136415,0.512601,21512.433594
87,0.110826,0.507024,21761.998047
88,0.081811,0.504433,22011.554688
89,0.048102,0.499580,22261.113281
90,0.016004,0.497561,22510.679688
91,0.981919,0.494803,22760.238281
92,0.950055,0.493809,23009.810547
93,0.923604,0.496669,23259.380859
94,0.900061,0.501293,23508.921875
95,0.866768,0.497815,23758.492188
96,0.838620,0.493269,24008.093750
97,0.811663,0.502575,24257.630859
98,0.797231,0.506162,24507.195312
99,0.793932,0.504773,24756.755859
0,0.749665,0.469123,-0.002851
1,0.746956,0.472069,266.190552
2,0.746216,0.514858,515.753052
3,0.747489,0.589319,765.304749
4,0.753043,0.642867,1014.885498
5,0.747419,0.691987,1264.457397
6,0.729719,0.728705,1513.986450
7,0.702822,0.770830,1763.578003
8,0.683384,0.808564,2013.150269
9,0.686255,0.851293,2262.717529
10,0.695792,0.886636,2512.248291
11,0.736712,0.905001,2761.877441
12,0.868102,0.878801,3011.405762
13,0.901128,0.868672,3260.968018
14,0.930326,0.850591,3510.530273
15,0.933132,0.849178,3760.080078
16,0.933825,0.840583,4009.674805
17,0.934325,0.783885,4259.199219
18,0.942205,0.760518,4508.799805
19,0.943081,0.718029,4758.336914
20,0.956031,0.669807,5007.896484
21,0.955217,0.668027,5257.495605
22,0.952516,0.669860,5507.062500
23,0.950834,0.672937,5756.586426
24,0.949859,0.678558,6006.158203
25,0.935107,0.721504,6255.750000
26,0.876959,0.766601,6505.271973
27,0.802973,0.753669,6754.884277
28,0.787841,0.730209,7004.417480
29,0.787903,0.725870,7253.973633
30,0.765241,0.699500,7503.562500
31,0.714765,0.653229,7753.112305
32,0.678385,0.615523,8002.700195
33,0.628931,0.589547,8252.229492
34,0.589550,0.581183,8501.811523
35,0.565107,0.592513,8751.337891
36,0.533425,0.597008,9000.926758
37,0.516681,0.592895,9250.481445
38,0.502890,0.583850,9500.057617
39,0.489519,0.569174,9766.234375
40,0.470474,0.554673,10015.822266
41,0.460187,0.543818,10282.059570
42,0.472297,0.522010,10514.932617
43,0.498432,0.510289,10764.489258
44,0.525787,0.511936,11014.084961
45,0.524381,0.510765,11263.661133
46,0.524310,0.512545,11513.186523
47,0.540184,0.516492,11762.794922
48,0.544804,0.516166,12012.320312
49,0.517619,0.511461,12261.893555
50,0.472283,0.510598,12511.438477
51,0.433818,0.512665,12761.052734
52,0.408144,0.527358,13010.584961
53,0.386272,0.538638,13260.136719
54,0.351376,0.546863,13509.725586
55,0.328380,0.550813,13759.268555
56,0.310096,0.550161,14008.835938
57,0.295983,0.561521,14258.401367
58,0.296067,0.563514,14507.981445
59,0.301634,0.559381,14757.542969
60,0.327609,0.561665,15007.080078
61,0.349331,0.559651,15256.649414
62,0.368930,0.553290,15506.235352
63,0.381733,0.541222,15755.787109
64,0.388060,0.538782,16005.375977
65,0.398530,0.539576,16254.920898
66,0.394794,0.526584,16504.496094
67,0.389890,0.509754,16754.052734
68,0.392464,0.497620,17003.626953
69,0.411633,0.479394,17253.179688
70,0.434599,0.452748,17502.736328
71,0.443219,0.431845,17752.304688
72,0.454805,0.398713,18001.839844
73,0.462367,0.372988,18251.443359
74,0.470145,0.367015,18500.996094
75,0.479313,0.416146,18750.585938
76,0.487819,0.480201,19000.132812
77,0.480540,0.500809,19266.332031
78,0.465408,0.522808,19515.863281
79,0.461416,0.531875,19765.441406
80,0.463340,0.532593,20014.994141
81,0.472879,0.531937,20264.591797
82,0.496935,0.532605,20514.134766
83,0.519357,0.533490,20763.724609
84,0.532289,0.533439,21013.291016
85,0.552230,0.529564,21262.828125
86,0.594819,0.523480,21512.416016
87,0.630676,0.520223,21761.968750
88,0.651972,0.517552,22011.541016
89,0.680644,0.515170,22261.070312
90,0.696840,0.514821,22510.693359
91,0.718195,0.517095,22760.230469
92,0.732257,0.546289,23009.798828
93,0.743842,0.567133,23259.363281
94,0.756386,0.563197,23508.927734
95,0.795717,0.550538,23758.455078
96,0.835766,0.540253,24008.017578
97,0.888933,0.530140,24257.630859
98,0.920318,0.532335,24507.158203
99,0.932548,0.530166,24756.748047
0,0.750292,0.624238,0.010900
1,0.750247,0.624823,266.256775
2,0.748714,0.640895,515.840454
3,0.745436,0.732759,765.403564
4,0.748488,0.820515,1014.943237
5,0.752004,0.851577,1264.578491
6,0.750262,0.856112,1514.070068
7,0.737727,0.824837,1763.635254
8,0.698306,0.660371,2013.222412
9,0.658721,0.577295,2262.766846
10,0.609444,0.545963,2512.338135
11,0.547974,0.517046,2761.877930
12,0.515401,0.516695,3011.431396
13,0.493072,0.524331,3261.069824
14,0.466622,0.529530,3510.596436
15,0.436871,0.533697,3760.135010
16,0.405537,0.541700,4009.716553
17,0.375714,0.547470,4259.261230
18,0.351735,0.551457,4508.829590
19,0.332825,0.553815,4758.375977
20,0.318692,0.556063,5007.982422
21,0.305225,0.555697,5257.499512
22,0.285199,0.564720,5507.148926
23,0.261998,0.576799,5756.669922
24,0.243093,0.578964,6006.184082
25,0.223967,0.578100,6255.799316
26,0.204520,0.578150,6505.309570
27,0.186250,0.575755,6754.917969
28,0.162025,0.574313,7004.443848
29,0.135855,0.579529,7254.092773
30,0.115442,0.581367,7503.584473
31,0.100939,0.584701,7753.175781
32,0.108215,0.590890,8002.775879
33,0.130621,0.593069,8252.337891
34,0.160125,0.587611,8501.869141
35,0.206527,0.556370,8751.414062
36,0.285158,0.510278,9001.028320
37,0.354601,0.478628,9250.518555
38,0.402164,0.469450,9500.174805
39,0.448075,0.475598,9766.305664
40,0.484980,0.493158,10015.958008
41,0.511496,0.507140,10265.413086
42,0.534488,0.524193,10515.026367
43,0.551764,0.533206,10764.531250
44,0.589173,0.536186,11014.180664
45,0.642894,0.534538,11263.676758
46,0.753350,0.527523,11513.293945
47,0.787000,0.531580,11762.851562
48,0.796307,0.543515,12012.483398
49,0.799836,0.580509,12261.978516
50,0.807642,0.625825,12511.482422
51,0.835369,0.676616,12761.161133
52,0.878961,0.678855,13010.609375
53,0.922375,0.656886,13260.174805
54,0.965641,0.586377,13509.778320
55,0.986776,0.534968,13759.376953
56,0.987581,0.580615,14008.918945
57,0.980705,0.652181,14258.457031
58,0.966282,0.677071,14508.006836
59,0.950280,0.691579,14757.559570
60,0.938232,0.701270,15007.134766
61,0.925475,0.708658,15256.704102
62,0.911205,0.715315,15506.280273
63,0.898515,0.721301,15755.809570
64,0.882659,0.725633,16005.409180
65,0.848504,0.725384,16254.954102
66,0.786264,0.716279,16504.562500
67,0.712014,0.694880,16754.105469
68,0.647483,0.653709,17003.662109
69,0.594264,0.612966,17253.212891
70,0.559403,0.587615,17502.761719
71,0.529090,0.583601,17752.337891
72,0.486005,0.572134,18001.886719
73,0.438632,0.552096,18251.482422
74,0.383801,0.532386,18501.042969
75,0.350803,0.536952,18750.609375
76,0.322548,0.555184,19000.164062
77,0.306060,0.572855,19266.419922
78,0.285435,0.594842,19515.921875
79,0.269919,0.610948,19765.507812
80,0.281174,0.639001,20015.042969
81,0.303817,0.672442,20264.642578
82,0.312399,0.692862,20514.164062
83,0.346800,0.753685,20763.736328
84,0.345800,0.793809,21013.312500
85,0.318469,0.818204,21262.894531
86,0.321192,0.823155,21512.441406
87,0.360837,0.815050,21761.994141
88,0.426332,0.772805,22011.562500
89,0.473809,0.720649,22261.136719
90,0.482898,0.663559,22510.681641
91,0.496907,0.595446,22760.271484
92,0.500529,0.576261,23009.812500
93,0.503528,0.581368,23259.375000
94,0.504867,0.580107,23508.935547
95,0.449830,0.549575,23758.509766
96,0.362460,0.497476,24008.080078
97,0.338574,0.482356,24257.636719
98,0.339879,0.473456,24507.201172
99,0.338833,0.471294,24756.759766
0,0.749985,0.473116,0.002144
1,0.750377,0.477685,266.219879
2,0.748904,0.540396,515.775391
3,0.749041,0.650922,765.310059
4,0.754529,0.722501,1014.980774
5,0.751767,0.735672,1264.514526
6,0.750499,0.736054,1514.030518
7,0.744770,0.727868,1763.563354
8,0.701204,0.695456,2013.168213
9,0.658839,0.677159,2262.752686
10,0.631464,0.658448,2512.253418
11,0.602895,0.629684,2761.822510
12,0.574749,0.598315,3011.426025
13,0.554627,0.576938,3260.983398
14,0.541952,0.561124,3510.510254
15,0.552293,0.564877,3760.100586
16,0.587921,0.587828,4009.717041
17,0.603368,0.601276,4259.211914
18,0.596858,0.599792,4508.802246
19,0.587172,0.585692,4758.325684
20,0.574390,0.570910,5007.917480
21,0.572405,0.562822,5257.474609
22,0.575473,0.572728,5507.081055
23,0.561611,0.572875,5756.644043
24,0.542090,0.577679,6006.216309
25,0.520257,0.577091,6255.753906
26,0.507467,0.578093,6505.319824
27,0.525264,0.577027,6754.861816
28,0.531528,0.582345,7004.412109
29,0.506723,0.578300,7254.059082
30,0.448812,0.561773,7503.524414
31,0.406862,0.552156,7753.112793
32,0.384257,0.544947,8002.663574
33,0.363608,0.546295,8252.303711
34,0.349117,0.549967,8501.851562
35,0.341874,0.551812,8751.360352
36,0.336088,0.550841,9001.000000
37,0.317823,0.556636,9250.555664
38,0.295044,0.560282,9500.048828
39,0.274803,0.562425,9766.244141
40,0.260697,0.560879,10015.846680
41,0.248674,0.568693,10265.408203
42,0.239387,0.626748,10514.967773
43,0.234542,0.653942,10764.497070
44,0.229439,0.646364,11014.153320
45,0.213739,0.590708,11263.632812
46,0.190945,0.515728,11513.253906
47,0.193541,0.517551,11762.771484
48,0.200509,0.518461,12012.385742
49,0.217307,0.518790,12261.899414
50,0.254368,0.516748,12511.479492
51,0.285105,0.515671,12761.016602
52,0.292495,0.515193,13010.673828
53,0.302595,0.521427,13276.817383
54,0.329484,0.520063,13509.723633
55,0.367860,0.513538,13759.278320
56,0.419090,0.502632,14008.823242
57,0.455699,0.508565,14258.425781
58,0.486341,0.520976,14508.000000
59,0.517744,0.517237,14757.541016
60,0.554060,0.508949,15007.111328
61,0.595409,0.500119,15256.674805
62,0.637170,0.488921,15506.258789
63,0.680006,0.478046,15755.796875
64,0.729768,0.464155,16005.372070
65,0.788306,0.472797,16254.904297
66,0.841341,0.490365,16504.531250
67,0.884991,0.498119,16754.054688
68,0.927666,0.507907,17003.591797
69,0.964374,0.518769,17253.277344
70,0.997756,0.523470,17502.773438
71,0.036290,0.526210,17752.308594
72,0.072276,0.532640,18001.927734
73,0.108276,0.536562,18251.457031
74,0.143269,0.545115,18500.972656
75,0.184707,0.555862,18750.578125
76,0.216287,0.563810,19000.097656
77,0.232329,0.570251,19266.349609
78,0.236936,0.577363,19515.910156
79,0.221635,0.552343,19765.476562
80,0.172890,0.452443,20015.029297
81,0.115972,0.358530,20264.619141
82,0.067724,0.291062,20514.195312
83,0.023428,0.271309,20763.732422
84,0.977504,0.253094,21013.273438
85,0.929954,0.247746,21262.855469
86,0.878334,0.250688,21512.376953
87,0.829464,0.257442,21761.951172
88,0.765853,0.277570,22011.562500
89,0.710372,0.309161,22261.109375
90,0.673602,0.340681,22510.667969
91,0.648601,0.385004,22760.214844
92,0.632847,0.441108,23009.796875
93,0.608787,0.526483,23259.376953
94,0.586973,0.577847,23509.009766
95,0.566881,0.588863,23758.466797
96,0.539469,0.585567,24008.021484
97,0.517440,0.588892,24257.578125
98,0.489807,0.637888,24507.208984
99,0.473521,0.723371,24756.773438
0,0.768725,0.454388,0.006661
1,0.791766,0.469714,266.273376
2,0.793826,0.530891,515.783081
3,0.782335,0.625418,765.305786
4,0.758036,0.674959,1014.972961
5,0.737386,0.684204,1264.424927
6,0.710028,0.671015,1513.984253
7,0.672468,0.646550,1763.611938
8,0.622285,0.621484,2013.230103
9,0.565827,0.583424,2262.724121
10,0.544691,0.558357,2512.260010
11,0.544430,0.560961,2761.867432
12,0.640427,0.592751,3011.426270
13,0.760113,0.578665,3260.971924
14,0.785302,0.595106,3510.557617
15,0.780573,0.602906,3760.183838
16,0.781528,0.602566,4009.661865
17,0.796267,0.598657,4259.187500
18,0.805694,0.580855,4508.800781
19,0.826773,0.560777,4758.336914
20,0.856172,0.552370,5007.926758
21,0.879650,0.554194,5257.514160
22,0.922362,0.561265,5507.132812
23,0.970234,0.552185,5756.638672
24,0.008785,0.534899,6006.135254
25,0.048900,0.525076,6255.705078
26,0.079337,0.529051,6505.368652
27,0.096386,0.539445,6754.834961
28,0.115684,0.542991,7004.438477
29,0.142843,0.542174,7254.002930
30,0.174688,0.533556,7503.551758
31,0.216205,0.522124,7753.082031
32,0.259257,0.520670,8002.723145
33,0.283642,0.510651,8252.311523
34,0.306393,0.512314,8501.776367
35,0.332811,0.511897,8751.460938
36,0.355069,0.509327,9000.895508
37,0.376519,0.508425,9250.493164
38,0.403552,0.512576,9500.035156
39,0.436157,0.516395,9766.221680
40,0.447379,0.513100,10015.813477
41,0.451226,0.504222,10265.473633
42,0.458374,0.503471,10514.961914
43,0.468987,0.509808,10764.543945
44,0.480024,0.504626,11014.127930
45,0.495155,0.499580,11263.661133
46,0.508474,0.505771,11513.209961
47,0.454454,0.489707,11762.813477
48,0.356054,0.465420,12012.409180
49,0.320370,0.466965,12261.898438
50,0.274224,0.470522,12511.481445
51,0.241227,0.476792,12761.054688
52,0.200364,0.483571,13010.617188
53,0.160967,0.484934,13260.119141
54,0.148554,0.489689,13509.722656
55,0.137865,0.498050,13759.324219
56,0.125521,0.509844,14008.868164
57,0.176888,0.509320,14258.376953
58,0.259126,0.493531,14507.976562
59,0.289429,0.486929,14757.555664
60,0.323061,0.480046,15007.088867
61,0.336032,0.483522,15256.721680
62,0.335808,0.489563,15506.206055
63,0.335304,0.492142,15755.873047
64,0.327842,0.507796,16005.371094
65,0.291437,0.507714,16254.964844
66,0.255611,0.505543,16504.486328
67,0.184903,0.508224,16754.046875
68,0.136783,0.517911,17003.650391
69,0.126350,0.537426,17253.220703
70,0.073523,0.524781,17502.828125
71,0.023615,0.513960,17752.279297
72,0.012860,0.538582,18001.882812
73,0.992452,0.549887,18251.398438
74,0.977476,0.564851,18501.007812
75,0.981986,0.575371,18750.582031
76,0.979210,0.598852,19000.167969
77,0.972820,0.596602,19266.292969
78,0.914405,0.579361,19515.966797
79,0.787087,0.578198,19765.412109
80,0.760926,0.587612,20015.070312
81,0.769660,0.595635,20264.613281
82,0.774452,0.600580,20514.125000
83,0.774006,0.622661,20763.720703
84,0.750097,0.652412,21013.267578
85,0.704450,0.660178,21262.906250
86,0.647774,0.642700,21512.365234
87,0.589870,0.622127,21762.011719
88,0.554591,0.619204,22011.505859
89,0.548608,0.611301,22261.107422
90,0.552127,0.615315,22510.724609
91,0.542239,0.632335,22760.253906
92,0.531701,0.633842,23009.824219
93,0.519647,0.614971,23259.308594
94,0.509943,0.580098,23508.888672
95,0.498496,0.568625,23758.474609
96,0.494073,0.555652,24008.095703
97,0.486404,0.537300,24257.582031
98,0.464339,0.528578,24507.230469
99,0.437908,0.523967,24756.742188
