Idx, longitude, latitude, start timestamp
0,0.749752,0.417214,-0.009622
1,0.749302,0.417822,266.261719
2,0.744658,0.424057,515.714294
3,0.730847,0.445823,765.385498
4,0.713845,0.428864,1014.830933
5,0.687499,0.384224,1264.532959
6,0.685811,0.380713,1513.945312
7,0.685329,0.398177,1763.679443
8,0.700022,0.457539,2013.247192
9,0.717948,0.499005,2262.691650
10,0.678722,0.547547,2512.418213
11,0.611840,0.562548,2761.814697
12,0.574012,0.562396,3011.472412
13,0.566550,0.560495,3260.909912
14,0.563980,0.531726,3510.632324
15,0.555720,0.475311,3760.022949
16,0.550004,0.435216,4009.665527
17,0.515663,0.431411,4259.195801
18,0.477963,0.450608,4508.857422
19,0.445518,0.470472,4758.294434
20,0.435634,0.456545,5007.945801
21,0.461188,0.399985,5257.514160
22,0.486625,0.371326,5507.003906
23,0.535874,0.365801,5756.489258
24,0.687256,0.403627,6006.139160
25,0.836396,0.460471,6255.746094
26,0.936066,0.508042,6505.236816
27,0.941048,0.502347,6754.843262
28,0.926717,0.465503,7004.456543
29,0.916107,0.447200,7254.035156
30,0.907705,0.444366,7503.510254
31,0.901224,0.439019,7753.075195
32,0.896179,0.416791,8002.806152
33,0.894585,0.398485,8252.254883
34,0.896527,0.411133,8501.835938
35,0.911639,0.494744,8751.361328
36,0.931880,0.532731,9000.983398
37,0.979835,0.547592,9250.423828
38,0.025418,0.554816,9500.132812
39,0.055571,0.538555,9766.185547
40,0.071567,0.520264,10015.826172
41,0.072458,0.516415,10265.322266
42,0.062875,0.490980,10514.895508
43,0.038888,0.484766,10764.408203
44,0.967440,0.504612,11014.105469
45,0.932202,0.533437,11263.670898
46,0.971944,0.622048,11513.200195
47,0.986683,0.652961,11762.861328
48,0.982802,0.652463,12012.248047
49,0.981138,0.644323,12261.870117
50,0.958186,0.609195,12511.394531
51,0.944391,0.564799,12761.024414
52,0.933466,0.522438,13010.506836
53,0.916099,0.477152,13260.154297
54,0.910939,0.417837,13509.672852
55,0.905746,0.369693,13759.269531
56,0.895861,0.339227,14008.860352
57,0.874171,0.297248,14258.338867
58,0.857288,0.262659,14524.641602
59,0.854134,0.267412,14757.452148
60,0.853885,0.299365,15007.109375
61,0.856926,0.358892,15256.578125
62,0.858893,0.459683,15506.234375
63,0.844040,0.528189,15755.702148
64,0.798525,0.532200,16005.327148
65,0.758465,0.521490,16254.860352
66,0.725649,0.503141,16521.058594
67,0.685301,0.488842,16754.083984
68,0.647406,0.461385,17003.550781
69,0.600090,0.477335,17253.175781
70,0.546258,0.491079,17502.691406
71,0.497730,0.501312,17752.294922
72,0.472732,0.532082,18001.787109
73,0.450613,0.614577,18251.394531
74,0.443530,0.634190,18500.917969
75,0.446262,0.631534,18750.525391
76,0.451899,0.610508,19000.019531
77,0.453844,0.565910,19282.906250
78,0.456453,0.511029,19515.902344
79,0.465224,0.464489,19765.402344
80,0.473912,0.420735,20015.007812
81,0.492207,0.376659,20264.513672
82,0.505898,0.357852,20530.716797
83,0.506069,0.363722,20763.582031
84,0.504948,0.406753,21013.210938
85,0.507840,0.502142,21262.699219
86,0.524731,0.542946,21528.994141
87,0.567526,0.567716,21761.861328
88,0.602574,0.584284,22011.484375
89,0.623924,0.610377,22277.693359
90,0.634055,0.631082,22510.582031
91,0.633533,0.624303,22776.804688
92,0.632152,0.590423,23009.669922
93,0.630660,0.535369,23259.210938
94,0.630117,0.479207,23525.439453
95,0.625696,0.405431,23758.458984
96,0.620799,0.362460,24007.900391
97,0.643182,0.333848,24257.554688
98,0.700351,0.339738,24523.685547
99,0.703950,0.349378,24773.304688
0,0.749814,0.527063,-0.032991
1,0.749542,0.527343,282.885681
2,0.749241,0.526766,515.698547
3,0.746848,0.502253,765.300476
4,0.738982,0.383340,1014.819458
5,0.733403,0.257170,1264.418213
6,0.726981,0.175261,1513.902466
7,0.726195,0.126063,1763.618164
8,0.734984,0.095610,2013.014893
9,0.701334,0.079878,2262.685059
10,0.615194,0.073417,2512.122803
11,0.513153,0.086403,2761.819336
12,0.420842,0.135561,3011.305420
13,0.367520,0.199028,3260.847900
14,0.340917,0.258099,3510.399902
15,0.322000,0.331113,3759.966553
16,0.310691,0.416226,4009.631348
17,0.300456,0.488828,4259.069824
18,0.295258,0.534757,4508.743164
19,0.298390,0.570355,4758.277832
20,0.309843,0.577676,5007.792480
21,0.345940,0.565234,5257.365723
22,0.386711,0.547010,5506.940430
23,0.424092,0.538091,5756.411133
24,0.460448,0.537277,6006.020020
25,0.498427,0.530371,6255.536621
26,0.536254,0.518731,6505.149902
27,0.568319,0.508115,6754.665039
28,0.600127,0.503917,7004.234375
29,0.633162,0.507806,7253.894531
30,0.670477,0.516321,7503.390625
31,0.705923,0.520138,7753.025391
32,0.742203,0.514979,8002.514648
33,0.779212,0.514421,8252.081055
34,0.824901,0.508147,8501.613281
35,0.889507,0.491026,8751.249023
36,0.932206,0.483049,9000.727539
37,0.960972,0.476964,9250.294922
38,0.991667,0.488232,9516.600586
39,0.025227,0.493742,9766.077148
40,0.053441,0.503521,10015.726562
41,0.076471,0.504541,10265.160156
42,0.096237,0.502148,10514.752930
43,0.100476,0.469796,10764.234375
44,0.103437,0.415771,11013.889648
45,0.111789,0.357626,11263.349609
46,0.122312,0.303711,11513.009766
47,0.126842,0.269932,11762.555664
48,0.123115,0.255536,12012.115234
49,0.096826,0.241144,12261.591797
50,0.063043,0.227719,12511.221680
51,0.020019,0.221926,12760.891602
52,0.976277,0.213087,13010.301758
53,0.927135,0.213657,13259.946289
54,0.887130,0.215467,13509.500000
55,0.851282,0.224800,13759.081055
56,0.823720,0.236538,14008.536133
57,0.792437,0.250163,14258.074219
58,0.760623,0.264941,14507.624023
59,0.728131,0.279745,14757.237305
60,0.707189,0.284473,15006.776367
61,0.687975,0.272206,15256.354492
62,0.661391,0.271924,15505.917969
63,0.634090,0.289108,15755.506836
64,0.596273,0.317308,16005.141602
65,0.561346,0.349257,16254.618164
66,0.533703,0.394384,16504.257812
67,0.509827,0.425825,16753.732422
68,0.489462,0.434456,17003.332031
69,0.473988,0.448151,17252.865234
70,0.463477,0.477440,17502.408203
71,0.456894,0.511633,17751.921875
72,0.462011,0.565611,18001.603516
73,0.457385,0.612292,18251.037109
74,0.460932,0.632458,18500.626953
75,0.489880,0.618462,18750.181641
76,0.545540,0.589959,19016.363281
77,0.600053,0.585614,19265.972656
78,0.660384,0.605087,19532.109375
79,0.709500,0.596559,19765.164062
80,0.729067,0.586038,20014.607422
81,0.736976,0.581477,20264.250000
82,0.747006,0.574555,20513.689453
83,0.785255,0.563267,20763.347656
84,0.823547,0.550377,21012.851562
85,0.857423,0.541479,21262.414062
86,0.883732,0.527093,21512.027344
87,0.907204,0.505547,21761.566406
88,0.926128,0.493863,22011.242188
89,0.947218,0.488891,22260.634766
90,0.967865,0.488317,22510.363281
91,0.991816,0.480372,22759.798828
92,0.019859,0.478921,23009.382812
93,0.050195,0.479021,23258.888672
94,0.073767,0.467754,23508.470703
95,0.093128,0.448709,23758.042969
96,0.113825,0.464056,24007.578125
97,0.143892,0.518302,24257.103516
98,0.167634,0.601547,24506.728516
99,0.184325,0.644765,24756.332031
0,0.751833,0.485625,-0.029201
1,0.752725,0.491351,266.260132
2,0.752030,0.494710,515.817017
3,0.752100,0.494311,765.393982
4,0.752505,0.483590,1014.885254
5,0.753851,0.414873,1264.497925
6,0.751358,0.334610,1513.975830
7,0.756013,0.278356,1763.581299
8,0.776587,0.249286,2013.049927
9,0.802708,0.244850,2262.747314
10,0.815874,0.270200,2512.360352
11,0.818720,0.313830,2761.762451
12,0.819428,0.375484,3011.383545
13,0.814456,0.450393,3260.961426
14,0.797564,0.516211,3510.493896
15,0.770761,0.563001,3760.030273
16,0.748864,0.582847,4009.660645
17,0.716780,0.572108,4259.092773
18,0.691067,0.543721,4508.775391
19,0.678357,0.528686,4758.281250
20,0.693120,0.529069,5007.880371
21,0.733787,0.534391,5257.496582
22,0.769750,0.531569,5590.174316
23,0.806104,0.526673,5806.514648
24,0.840537,0.520538,6039.304199
25,0.873812,0.508444,6272.279297
26,0.901532,0.505434,6505.156738
27,0.928964,0.520628,6771.419434
28,0.955474,0.524701,7020.970703
29,0.987291,0.520420,7253.948730
30,0.007372,0.526376,7520.051758
31,0.027968,0.530954,7753.009766
32,0.053589,0.522238,8002.502441
33,0.080917,0.505850,8335.253906
34,0.107362,0.465735,8568.233398
35,0.131669,0.432081,8801.096680
36,0.157798,0.390323,9017.511719
37,0.183277,0.361451,9266.949219
38,0.189851,0.332220,9549.856445
39,0.182505,0.312184,9782.719727
40,0.166855,0.300434,10015.748047
41,0.150610,0.300074,10281.862305
42,0.146251,0.303853,10514.843750
43,0.155398,0.310149,10781.082031
44,0.174140,0.319170,11013.908203
45,0.203440,0.337079,11263.543945
46,0.233767,0.361342,11596.259766
47,0.274579,0.381738,11829.131836
48,0.309742,0.393140,12062.166016
49,0.344607,0.412726,12294.990234
50,0.370033,0.433238,12527.903320
51,0.391691,0.462427,12760.751953
52,0.417642,0.489233,13026.984375
53,0.439593,0.511999,13276.619141
54,0.457576,0.521711,13542.754883
55,0.475114,0.525539,13759.067383
56,0.494056,0.528825,14008.717773
57,0.515409,0.537988,14258.181641
58,0.526824,0.543872,14507.725586
59,0.521571,0.541255,14823.892578
60,0.503956,0.534614,15073.380859
61,0.479253,0.525895,15289.701172
62,0.446967,0.524172,15522.683594
63,0.402577,0.524470,15755.492188
64,0.363005,0.526709,16038.375977
65,0.323420,0.523461,16254.610352
66,0.280607,0.516943,16504.257812
67,0.243678,0.510652,16770.460938
68,0.214678,0.507574,17020.017578
69,0.192419,0.509728,17253.005859
70,0.168938,0.508962,17568.958984
71,0.156462,0.502630,17818.550781
72,0.150197,0.505853,18034.810547
73,0.138727,0.515880,18267.847656
74,0.114700,0.529180,18500.673828
75,0.096550,0.549459,18766.933594
76,0.091134,0.568960,19033.189453
77,0.092267,0.594488,19282.623047
78,0.109783,0.626259,19515.529297
79,0.141332,0.644867,19765.154297
80,0.177946,0.657455,20097.914062
81,0.207697,0.661908,20314.125000
82,0.239149,0.662468,20547.115234
83,0.268850,0.659614,20763.406250
84,0.296544,0.654427,21046.208984
85,0.318219,0.651794,21262.496094
86,0.332500,0.648343,21512.105469
87,0.343958,0.644199,21761.556641
88,0.355918,0.639573,22011.232422
89,0.368038,0.633170,22260.664062
90,0.387057,0.627792,22510.337891
91,0.408825,0.620755,22843.076172
92,0.426837,0.614605,23059.326172
93,0.446998,0.605843,23292.304688
94,0.463322,0.591107,23525.164062
95,0.476120,0.567775,23758.179688
96,0.490789,0.551020,24040.876953
97,0.503778,0.532639,24273.927734
98,0.518511,0.517211,24506.720703
99,0.533346,0.511212,24756.373047
0,0.751369,0.608676,-0.062323
1,0.752339,0.611089,266.109802
2,0.753763,0.613188,515.646057
3,0.755845,0.617038,765.110840
4,0.759425,0.629501,1014.716248
5,0.764360,0.647977,1264.229248
6,0.770594,0.660416,1513.843628
7,0.780602,0.672729,1763.356201
8,0.792043,0.683804,2013.041870
9,0.809929,0.685893,2262.450928
10,0.832508,0.683428,2512.155518
11,0.855465,0.677991,2761.783203
12,0.883539,0.672603,3011.210938
13,0.917574,0.669503,3260.824707
14,0.945673,0.671127,3510.347168
15,0.954245,0.679353,3759.929932
16,0.949981,0.692484,4009.494629
17,0.962723,0.707749,4259.128418
18,0.997677,0.711445,4508.612305
19,0.019701,0.704511,4841.307129
20,0.036693,0.689956,5074.319336
21,0.056540,0.672162,5323.826172
22,0.076025,0.630039,5556.828613
23,0.093293,0.594129,5789.703125
24,0.097219,0.538793,6039.264648
25,0.094981,0.456782,6288.821777
26,0.086174,0.351776,6521.826172
27,0.070696,0.269350,6771.256836
28,0.073958,0.231226,7004.308105
29,0.133220,0.231093,7253.797363
30,0.182246,0.235765,7536.655273
31,0.226660,0.282394,7769.547363
32,0.253248,0.345997,8019.120605
33,0.255528,0.386545,8251.999023
34,0.247577,0.386509,8501.608398
35,0.234043,0.378173,8751.252930
36,0.259909,0.429125,9000.792969
37,0.291959,0.497846,9283.636719
38,0.303525,0.516949,9516.513672
39,0.301262,0.527904,9766.066406
40,0.294465,0.541328,10032.212891
41,0.287277,0.568217,10265.208984
42,0.282407,0.618277,10514.723633
43,0.283765,0.658076,10764.346680
44,0.286279,0.673104,11013.866211
45,0.281971,0.669264,11263.504883
46,0.276156,0.657953,11596.208984
47,0.261978,0.648375,11829.200195
48,0.237132,0.643220,12078.726562
49,0.213433,0.637889,12311.606445
50,0.197911,0.625317,12561.200195
51,0.151506,0.626360,12810.833008
52,0.084823,0.636877,13060.294922
53,0.038935,0.639138,13326.581055
54,0.978884,0.632352,13576.058594
55,0.912871,0.620531,13825.703125
56,0.849228,0.615838,14058.574219
57,0.788757,0.609175,14291.576172
58,0.734301,0.601946,14541.088867
59,0.689396,0.595426,14774.068359
60,0.636788,0.578975,15006.966797
61,0.576135,0.563194,15256.568359
62,0.477025,0.554588,15506.079102
63,0.411345,0.572551,15755.694336
64,0.415144,0.589730,16038.405273
65,0.430947,0.590695,16288.031250
66,0.448342,0.566122,16537.679688
67,0.466875,0.548269,16770.507812
68,0.484978,0.554704,17020.125000
69,0.509762,0.564568,17269.658203
70,0.542654,0.571548,17502.630859
71,0.573309,0.581158,17768.806641
72,0.607268,0.598049,18001.773438
73,0.630660,0.598795,18251.263672
74,0.647480,0.596165,18500.910156
75,0.656596,0.594049,18750.376953
76,0.647496,0.591225,19033.253906
77,0.623613,0.593759,19299.464844
78,0.590737,0.591229,19532.388672
79,0.554839,0.575413,19781.998047
80,0.524070,0.550668,20014.845703
81,0.508996,0.524845,20264.474609
82,0.499610,0.500861,20514.001953
83,0.500601,0.488170,20780.212891
84,0.516533,0.489370,21013.064453
85,0.536544,0.498614,21262.689453
86,0.549322,0.500126,21512.250000
87,0.555234,0.464863,21761.861328
88,0.563035,0.406090,22011.333984
89,0.578751,0.360327,22260.968750
90,0.600289,0.350159,22510.435547
91,0.632734,0.375582,22760.050781
92,0.677231,0.509328,23009.570312
93,0.720528,0.711890,23342.460938
94,0.749799,0.805836,23575.341797
95,0.762832,0.831861,23808.210938
96,0.776043,0.841104,24057.771484
97,0.785966,0.835217,24307.464844
98,0.778670,0.825477,24540.308594
99,0.776884,0.824752,24773.193359
0,0.750040,0.505947,0.035137
1,0.749815,0.506477,266.239380
2,0.749387,0.507544,515.700195
3,0.749048,0.508095,765.445740
4,0.749011,0.507900,1014.980164
5,0.745980,0.502672,1264.450806
6,0.729181,0.465657,1514.098145
7,0.710451,0.410358,1763.597778
8,0.699030,0.365124,2013.221924
9,0.693277,0.343105,2262.668945
10,0.684847,0.351033,2512.393066
11,0.669704,0.385789,2761.814453
12,0.657706,0.429351,3011.485596
13,0.649621,0.479713,3260.949951
14,0.648435,0.520575,3510.569092
15,0.651823,0.549870,3760.205811
16,0.663612,0.572403,4009.636719
17,0.691908,0.592422,4259.354980
18,0.741430,0.605231,4508.807129
19,0.795142,0.605499,4758.423340
20,0.840379,0.594184,5007.900879
21,0.878385,0.575794,5257.569336
22,0.903731,0.556794,5507.055664
23,0.916443,0.530692,5756.655273
24,0.920154,0.511913,6006.170410
25,0.914225,0.498244,6255.732422
26,0.895080,0.455544,6505.265625
27,0.863615,0.397371,6754.851074
28,0.830796,0.336301,7004.444824
29,0.812286,0.309799,7254.051270
30,0.807029,0.321281,7503.628906
31,0.818930,0.344853,7753.202637
32,0.813548,0.358360,8002.759277
33,0.784049,0.368344,8252.252930
34,0.731031,0.372567,8501.825195
35,0.686720,0.393506,8751.383789
36,0.643878,0.410603,9001.001953
37,0.593624,0.427705,9250.504883
38,0.541083,0.429088,9500.142578
39,0.496824,0.453143,9766.363281
40,0.462086,0.487797,10015.857422
41,0.437959,0.524422,10265.444336
42,0.424572,0.569384,10514.937500
43,0.416249,0.601029,10764.602539
44,0.403051,0.605935,11014.041016
45,0.385392,0.603865,11263.708984
46,0.366224,0.591835,11513.254883
47,0.343434,0.572280,11762.817383
48,0.319406,0.562768,12012.328125
49,0.296429,0.562660,12261.956055
50,0.277584,0.559450,12511.637695
51,0.265282,0.534753,12761.046875
52,0.255438,0.490291,13010.647461
53,0.250901,0.425366,13260.180664
54,0.253923,0.376681,13509.818359
55,0.250566,0.354998,13759.297852
56,0.237977,0.378202,14008.875977
57,0.224735,0.422632,14258.447266
58,0.226798,0.458846,14508.036133
59,0.230268,0.472195,14757.541992
60,0.219422,0.476229,15007.116211
61,0.202254,0.479011,15256.664062
62,0.181783,0.483287,15506.230469
63,0.160206,0.485544,15755.913086
64,0.148980,0.471987,16005.384766
65,0.150310,0.453164,16255.045898
66,0.159229,0.412391,16504.490234
67,0.180440,0.368525,16754.130859
68,0.196946,0.346817,17003.710938
69,0.216651,0.334936,17253.210938
70,0.277187,0.357320,17502.744141
71,0.342610,0.402406,17752.343750
72,0.388177,0.432534,18001.873047
73,0.423199,0.453798,18251.453125
74,0.442396,0.464216,18500.976562
75,0.453496,0.470760,18750.582031
76,0.463170,0.477316,19016.908203
77,0.466145,0.482007,19266.302734
78,0.458647,0.481763,19532.582031
79,0.441767,0.480048,19765.419922
80,0.415044,0.477167,20015.042969
81,0.373778,0.481432,20264.589844
82,0.342920,0.490103,20530.847656
83,0.335081,0.503403,20763.689453
84,0.360133,0.536655,21013.302734
85,0.378214,0.554143,21262.953125
86,0.380679,0.560003,21512.394531
87,0.350320,0.548644,21762.107422
88,0.306408,0.531888,22028.226562
89,0.272231,0.516752,22261.181641
90,0.244144,0.506589,22527.275391
91,0.208928,0.501307,22760.308594
92,0.190287,0.502496,23009.812500
93,0.176631,0.503629,23259.406250
94,0.172968,0.513323,23508.910156
95,0.173754,0.519183,23775.158203
96,0.175808,0.518994,24024.800781
97,0.178370,0.517335,24274.294922
98,0.183253,0.519373,24507.105469
99,0.187277,0.521397,24756.794922
0,0.749972,0.492570,0.004557
1,0.749847,0.493680,266.165680
2,0.751960,0.494261,515.766846
3,0.788466,0.489377,765.257812
4,0.856332,0.484072,1014.895569
5,0.901020,0.495428,1264.564941
6,0.946253,0.550337,1513.998413
7,0.992692,0.614787,1763.620483
8,0.016149,0.639469,2013.082397
9,0.019039,0.659062,2262.687256
10,0.014166,0.665625,2512.194580
11,0.994985,0.666931,2761.878418
12,0.956623,0.667243,3011.290771
13,0.925961,0.645072,3260.956543
14,0.906221,0.570610,3510.468994
15,0.873354,0.417044,3760.113525
16,0.831207,0.287408,4009.529297
17,0.769951,0.210291,4259.176270
18,0.697689,0.187380,4508.815430
19,0.650164,0.199404,4758.325684
20,0.621880,0.184362,5007.924805
21,0.608160,0.184115,5257.390137
22,0.594234,0.248666,5507.120605
23,0.599735,0.379953,5756.493164
24,0.628845,0.476034,6006.146973
25,0.675200,0.497172,6255.727539
26,0.710019,0.487302,6505.321777
27,0.767628,0.468838,6754.759766
28,0.807671,0.479153,7004.342285
29,0.784991,0.480440,7254.055176
30,0.674030,0.494858,7503.463867
31,0.565843,0.556543,7753.015137
32,0.510252,0.601603,8002.628906
33,0.476485,0.610239,8252.244141
34,0.449908,0.617400,8501.750977
35,0.448801,0.616802,8751.393555
36,0.492940,0.595007,9000.853516
37,0.524136,0.560048,9250.430664
38,0.536713,0.527582,9516.715820
39,0.547974,0.470694,9782.808594
40,0.550856,0.458338,10032.421875
41,0.555760,0.473379,10281.933594
42,0.538834,0.534162,10531.536133
43,0.508639,0.602493,10781.088867
44,0.446526,0.675946,11014.045898
45,0.389760,0.719715,11280.158203
46,0.353693,0.749930,11529.767578
47,0.325840,0.769348,11779.262695
48,0.287715,0.780345,12012.298828
49,0.266316,0.775338,12261.806641
50,0.301751,0.666627,12511.400391
51,0.298903,0.570984,12777.633789
52,0.299986,0.506953,13010.490234
53,0.294310,0.472612,13276.760742
54,0.301088,0.427413,13509.606445
55,0.312202,0.373671,13759.250000
56,0.313618,0.329209,14025.386719
57,0.236181,0.311840,14274.986328
58,0.163410,0.334073,14524.465820
59,0.142906,0.395206,14774.121094
60,0.139852,0.443278,15023.613281
61,0.160977,0.495243,15273.265625
62,0.263174,0.571046,15506.085938
63,0.345542,0.619792,15755.693359
64,0.384892,0.668847,16038.583008
65,0.400808,0.715103,16271.485352
66,0.418470,0.756208,16521.050781
67,0.433032,0.781734,16770.583984
68,0.443937,0.801746,17003.611328
69,0.457193,0.839885,17253.031250
70,0.507835,0.831363,17502.673828
71,0.527319,0.850662,17752.193359
72,0.478338,0.910766,18001.777344
73,0.489899,0.949386,18251.306641
74,0.509286,0.959030,18500.933594
75,0.485208,0.883435,18750.548828
76,0.493749,0.735102,19000.000000
77,0.504679,0.629448,19266.253906
78,0.482438,0.571745,19515.748047
79,0.419910,0.482915,19765.408203
80,0.346650,0.414649,20098.128906
81,0.302835,0.373854,20347.642578
82,0.296871,0.353199,20580.669922
83,0.303265,0.343262,20830.136719
84,0.263660,0.408946,21079.767578
85,0.234584,0.461391,21329.257812
86,0.225323,0.484098,21578.832031
87,0.224928,0.495358,21811.775391
88,0.233121,0.523793,22061.365234
89,0.264352,0.562469,22294.201172
90,0.273807,0.569534,22543.828125
91,0.273892,0.565264,22793.373047
92,0.275938,0.575938,23026.369141
93,0.271850,0.605406,23275.828125
94,0.257585,0.616158,23508.859375
95,0.220764,0.626600,23775.037109
96,0.175153,0.637503,24007.908203
97,0.138496,0.637089,24257.460938
98,0.135733,0.609012,24507.056641
99,0.140698,0.559876,24756.689453
0,0.750301,0.506368,0.019149
1,0.750306,0.506249,266.234283
2,0.741059,0.472305,515.934937
3,0.729980,0.440014,765.324158
4,0.727439,0.423615,1014.952087
5,0.728304,0.426084,1264.433594
6,0.728759,0.426232,1514.103516
7,0.757973,0.486559,1763.546265
8,0.806927,0.547243,2013.204102
9,0.837467,0.579122,2262.722168
10,0.872393,0.549200,2512.323486
11,0.898622,0.496300,2761.815186
12,0.908628,0.472218,3011.402100
13,0.915560,0.414604,3261.025635
14,0.914504,0.366482,3510.510742
15,0.877136,0.344662,3760.228760
16,0.793486,0.331798,4009.695312
17,0.732816,0.301657,4259.285156
18,0.705920,0.272812,4508.840820
19,0.664837,0.310239,4758.310547
20,0.629817,0.390685,5007.893555
21,0.609803,0.456903,5257.488281
22,0.586791,0.489004,5507.032227
23,0.561710,0.500053,5756.639648
24,0.534975,0.500979,6006.188477
25,0.508530,0.502804,6255.808105
26,0.488716,0.492892,6505.279297
27,0.470659,0.498700,6754.831543
28,0.448721,0.521982,7004.480469
29,0.435006,0.570875,7254.060547
30,0.428319,0.611989,7503.596680
31,0.417170,0.644637,7753.130859
32,0.398639,0.665150,8002.678223
33,0.362846,0.664885,8252.252930
34,0.331525,0.614478,8501.870117
35,0.324289,0.510035,8751.303711
36,0.334173,0.457193,9001.005859
37,0.333500,0.438818,9250.458008
38,0.299862,0.485688,9500.075195
39,0.269597,0.533380,9766.296875
40,0.249574,0.546008,10015.835938
41,0.226827,0.540952,10265.420898
42,0.198314,0.556804,10514.886719
43,0.181257,0.570564,10764.569336
44,0.175778,0.618287,11014.084961
45,0.172900,0.612572,11263.685547
46,0.172184,0.541957,11513.179688
47,0.175489,0.530280,11762.739258
48,0.176760,0.538651,12012.412109
49,0.192426,0.508809,12261.853516
50,0.221418,0.449361,12511.479492
51,0.255428,0.378408,12760.973633
52,0.287801,0.327327,13010.626953
53,0.319752,0.305296,13260.091797
54,0.360457,0.304796,13509.791016
55,0.412198,0.319676,13759.255859
56,0.445987,0.361233,14008.822266
57,0.464388,0.427651,14258.321289
58,0.484709,0.468888,14508.054688
59,0.515891,0.486923,14757.479492
60,0.543835,0.494699,15007.103516
61,0.580910,0.501321,15256.714844
62,0.638433,0.491947,15506.213867
63,0.687146,0.485977,15755.874023
64,0.707909,0.481489,16005.331055
65,0.703627,0.482697,16255.013672
66,0.704278,0.483318,16504.404297
67,0.708406,0.486634,16754.021484
68,0.721894,0.495038,17003.552734
69,0.736418,0.498396,17253.259766
70,0.745288,0.482159,17502.750000
71,0.756693,0.452037,17752.328125
72,0.763789,0.425632,18001.804688
73,0.771224,0.418697,18251.429688
74,0.798266,0.442305,18500.994141
75,0.829588,0.472583,18750.548828
76,0.849371,0.508039,19000.162109
77,0.871312,0.527908,19266.304688
78,0.893347,0.529130,19515.908203
79,0.911488,0.533641,19765.396484
80,0.926370,0.543689,20015.015625
81,0.919200,0.501796,20264.513672
82,0.902838,0.444038,20514.080078
83,0.878453,0.412355,20763.753906
84,0.841657,0.382312,21013.222656
85,0.803885,0.367507,21262.859375
86,0.765663,0.363231,21512.310547
87,0.734294,0.369768,21761.988281
88,0.712985,0.390297,22011.503906
89,0.688525,0.444671,22261.082031
90,0.672090,0.516715,22510.570312
91,0.662719,0.576733,22760.214844
92,0.659373,0.622089,23009.779297
93,0.656960,0.650691,23259.275391
94,0.655395,0.648095,23508.832031
95,0.658656,0.620194,23758.472656
96,0.670513,0.585621,24007.945312
97,0.686634,0.563554,24257.554688
98,0.716101,0.543923,24507.160156
99,0.724791,0.539769,24756.720703
0,0.750249,0.468090,-0.025928
1,0.750868,0.467656,266.138428
2,0.751185,0.468044,515.740540
3,0.751204,0.467448,765.304871
4,0.751352,0.464481,1014.898193
5,0.749516,0.448563,1264.414673
6,0.744270,0.401455,1513.986572
7,0.741636,0.354501,1763.556396
8,0.738026,0.310710,2013.144165
9,0.732879,0.271965,2262.745850
10,0.731309,0.241227,2512.206543
11,0.726589,0.230364,2761.888672
12,0.722162,0.225098,3011.327148
13,0.725849,0.225366,3260.896240
14,0.747082,0.236806,3510.497803
15,0.786089,0.296106,3760.103027
16,0.825277,0.378587,4009.633057
17,0.843544,0.457346,4259.158691
18,0.837407,0.510155,4508.801270
19,0.808686,0.536361,4758.283691
20,0.763132,0.554237,5007.961914
21,0.712533,0.553410,5257.407227
22,0.684280,0.534228,5507.042480
23,0.670072,0.521334,5756.589355
24,0.634082,0.509516,6006.119141
25,0.593097,0.506423,6255.708496
26,0.561194,0.512143,6505.353027
27,0.513811,0.524951,6754.822754
28,0.465462,0.531873,7004.387695
29,0.443294,0.550270,7253.969727
30,0.436795,0.591322,7503.496094
31,0.447246,0.625544,7753.055664
32,0.448628,0.632570,8002.606934
33,0.453548,0.637679,8252.188477
34,0.462686,0.655107,8501.786133
35,0.467186,0.663043,8751.407227
36,0.468403,0.663285,9000.895508
37,0.472707,0.662230,9250.431641
38,0.486248,0.648691,9516.625977
39,0.515727,0.625308,9766.220703
40,0.581123,0.614844,10015.784180
41,0.633082,0.613260,10265.351562
42,0.665959,0.613295,10514.910156
43,0.687158,0.614872,10764.459961
44,0.697758,0.602346,11014.010742
45,0.697656,0.556070,11263.583008
46,0.684695,0.470731,11513.152344
47,0.669350,0.403259,11762.701172
48,0.651004,0.347244,12012.287109
49,0.618603,0.323487,12261.833984
50,0.571587,0.322406,12511.405273
51,0.534485,0.359630,12760.978516
52,0.522145,0.405211,13010.562500
53,0.516763,0.444008,13260.145508
54,0.484301,0.493418,13509.682617
55,0.449936,0.524657,13759.241211
56,0.440249,0.532903,14008.808594
57,0.439776,0.527758,14258.356445
58,0.456013,0.526623,14507.954102
59,0.489033,0.521860,14757.506836
60,0.553091,0.523404,15007.048828
61,0.647210,0.520303,15256.608398
62,0.765141,0.509805,15506.173828
63,0.898860,0.497800,15755.750000
64,0.997145,0.505394,16005.323242
65,0.053569,0.536090,16254.873047
66,0.090641,0.549626,16504.427734
67,0.116991,0.490056,16753.992188
68,0.139014,0.401639,17003.558594
69,0.151933,0.370688,17253.150391
70,0.163992,0.388816,17502.710938
71,0.154436,0.444546,17752.269531
72,0.137737,0.485311,18001.816406
73,0.143721,0.555484,18251.386719
74,0.163231,0.614430,18500.939453
75,0.179451,0.643202,18750.525391
76,0.184939,0.647865,19000.058594
77,0.183246,0.597377,19266.281250
78,0.184173,0.565233,19515.822266
79,0.174421,0.544884,19765.396484
80,0.168968,0.524482,20014.966797
81,0.161873,0.499836,20264.560547
82,0.152512,0.497364,20514.087891
83,0.139186,0.497493,20763.656250
84,0.122794,0.494528,21013.199219
85,0.099909,0.483049,21262.822266
86,0.066125,0.473946,21512.359375
87,0.025716,0.485961,21761.910156
88,0.998753,0.505170,22011.482422
89,0.980388,0.568191,22261.046875
90,0.985212,0.617152,22510.613281
91,0.963826,0.653034,22760.148438
92,0.900389,0.673736,23009.750000
93,0.835987,0.672481,23259.283203
94,0.786159,0.662821,23508.878906
95,0.750063,0.658915,23758.417969
96,0.724727,0.649203,24007.974609
97,0.703917,0.640607,24257.548828
98,0.681244,0.635375,24507.136719
99,0.672694,0.632859,24756.689453
0,0.758691,0.524850,-0.001140
1,0.763347,0.541279,266.215424
2,0.762491,0.541889,515.823120
3,0.762812,0.540274,765.416992
4,0.764059,0.531370,1014.896545
5,0.760597,0.524724,1264.467651
6,0.758008,0.523515,1514.054199
7,0.754290,0.510615,1763.651001
8,0.738291,0.467336,2013.192505
9,0.717556,0.407289,2262.799316
10,0.708526,0.342786,2512.322510
11,0.717800,0.303861,2761.878906
12,0.726630,0.270987,3011.429443
13,0.726692,0.238206,3260.977783
14,0.721049,0.225640,3510.569092
15,0.710838,0.238718,3760.137695
16,0.674483,0.272023,4009.722900
17,0.635975,0.321162,4259.278809
18,0.612824,0.371703,4508.836914
19,0.585893,0.425546,4758.344727
20,0.570249,0.477256,5007.948242
21,0.559803,0.527381,5257.526367
22,0.537783,0.561138,5507.039551
23,0.521504,0.577114,5756.633301
24,0.502502,0.599514,6006.279297
25,0.478341,0.623116,6255.769531
26,0.456805,0.636915,6505.304688
27,0.439726,0.638320,6754.927246
28,0.428606,0.633924,7004.505371
29,0.424168,0.617713,7254.001953
30,0.411740,0.589067,7503.618164
31,0.401500,0.567018,7753.164062
32,0.378511,0.549618,8002.794922
33,0.349367,0.541162,8252.259766
34,0.327246,0.561303,8501.840820
35,0.315966,0.582835,8751.405273
36,0.309700,0.604391,9001.036133
37,0.317371,0.614024,9250.547852
38,0.348689,0.658542,9500.141602
39,0.405537,0.710386,9766.274414
40,0.448148,0.757203,10032.496094
41,0.486947,0.778361,10265.395508
42,0.547672,0.773499,10514.998047
43,0.598916,0.752110,10764.519531
44,0.617225,0.726215,11014.141602
45,0.631495,0.683894,11263.654297
46,0.646141,0.620376,11513.227539
47,0.655208,0.555787,11762.822266
48,0.655981,0.500707,12012.344727
49,0.668247,0.455143,12261.995117
50,0.687477,0.438080,12511.483398
51,0.707073,0.404757,12761.064453
52,0.724601,0.332682,13010.604492
53,0.745127,0.270464,13260.217773
54,0.761163,0.247191,13509.753906
55,0.789416,0.248472,13759.292969
56,0.824902,0.274086,14008.894531
57,0.851570,0.316205,14258.421875
58,0.872236,0.352729,14508.035156
59,0.897882,0.405099,14757.544922
60,0.924451,0.446956,15007.122070
61,0.943308,0.467950,15256.668945
62,0.966058,0.491600,15506.270508
63,0.990915,0.511644,15755.848633
64,0.012103,0.521852,16005.437500
65,0.041235,0.507445,16254.971680
66,0.062637,0.508398,16504.509766
67,0.072594,0.527225,16754.181641
68,0.067359,0.554936,17003.617188
69,0.052236,0.571797,17253.191406
70,0.034105,0.581559,17502.812500
71,0.011340,0.593123,17752.369141
72,0.988836,0.598000,18001.984375
73,0.966347,0.600182,18251.464844
74,0.942145,0.595894,18501.058594
75,0.914640,0.596917,18750.576172
76,0.880914,0.598206,19000.167969
77,0.843998,0.592231,19266.355469
78,0.818574,0.594113,19515.908203
79,0.799981,0.593582,19765.496094
80,0.790322,0.588140,20015.027344
81,0.785257,0.574830,20264.599609
82,0.782430,0.550026,20514.156250
83,0.780514,0.513748,20763.736328
84,0.767459,0.490432,21013.330078
85,0.756514,0.483180,21262.859375
86,0.747261,0.481114,21512.439453
87,0.736395,0.482684,21761.984375
88,0.725290,0.487978,22011.539062
89,0.708395,0.491130,22261.107422
90,0.685842,0.488031,22510.685547
91,0.652069,0.478317,22760.230469
92,0.612033,0.467295,23009.789062
93,0.582079,0.456263,23259.390625
94,0.561501,0.442716,23508.931641
95,0.545709,0.424049,23758.494141
96,0.528451,0.408531,24008.056641
97,0.505754,0.406960,24257.664062
98,0.474207,0.421487,24507.175781
99,0.452539,0.436268,24756.765625
0,0.739589,0.464757,0.009017
1,0.738373,0.468699,266.197723
2,0.738992,0.473259,515.844421
3,0.730560,0.448328,765.361511
4,0.717334,0.378516,1014.916382
5,0.709632,0.313751,1264.499146
6,0.710497,0.251443,1514.030029
7,0.711455,0.238752,1763.676758
8,0.700244,0.252214,2013.266846
9,0.683302,0.285930,2262.756836
10,0.660443,0.314406,2512.325439
11,0.638751,0.365178,2761.864990
12,0.624382,0.435099,3011.454102
13,0.606676,0.475721,3261.016357
14,0.589733,0.506444,3510.537598
15,0.570054,0.528441,3760.129883
16,0.552180,0.525236,4009.750000
17,0.545927,0.477707,4259.253906
18,0.537481,0.411168,4508.790527
19,0.528680,0.354597,4758.446289
20,0.514165,0.318618,5007.957031
21,0.493687,0.305778,5257.530273
22,0.475215,0.306346,5507.061523
23,0.443781,0.314592,5756.616699
24,0.397656,0.337046,6006.185547
25,0.361675,0.379749,6255.742676
26,0.330393,0.422104,6505.402832
27,0.304860,0.473419,6754.872070
28,0.285683,0.504923,7004.500488
29,0.265397,0.508211,7254.009766
30,0.248890,0.499530,7503.603027
31,0.226132,0.464893,7753.136719
32,0.194344,0.431740,8002.708496
33,0.170250,0.408887,8252.350586
34,0.149681,0.398079,8501.808594
35,0.132278,0.421949,8751.434570
36,0.120045,0.468791,9000.929688
37,0.113591,0.532761,9250.531250
38,0.109387,0.563229,9500.098633
39,0.105515,0.559557,9766.302734
40,0.089575,0.585505,10015.833008
41,0.080713,0.596099,10265.458008
42,0.080650,0.594430,10514.945312
43,0.078879,0.602465,10764.606445
44,0.071475,0.612011,11014.092773
45,0.060711,0.609201,11263.763672
46,0.047093,0.601156,11513.251953
47,0.032789,0.577726,11762.777344
48,0.019832,0.542805,12012.375000
49,0.009646,0.520388,12261.925781
50,0.996781,0.495136,12511.551758
51,0.984941,0.482500,12761.054688
52,0.999390,0.433891,13010.695312
53,0.040849,0.367716,13260.191406
54,0.066273,0.328284,13509.721680
55,0.062481,0.305496,13759.333984
56,0.039975,0.275668,14008.859375
57,0.010935,0.261381,14258.439453
58,0.981709,0.292088,14508.074219
59,0.952979,0.347818,14757.539062
60,0.922732,0.403984,15007.114258
61,0.900861,0.457531,15256.703125
62,0.886696,0.492556,15506.248047
63,0.885274,0.506819,15755.815430
64,0.888601,0.519577,16005.386719
65,0.905383,0.520660,16254.967773
66,0.940110,0.512081,16504.486328
67,0.022974,0.492393,16754.058594
68,0.133499,0.477488,17003.679688
69,0.242278,0.467838,17253.199219
70,0.319728,0.451659,17502.755859
71,0.380417,0.446101,17752.320312
72,0.434776,0.447564,18001.888672
73,0.489054,0.460723,18251.435547
74,0.523021,0.495170,18501.037109
75,0.521558,0.536472,18750.607422
76,0.545990,0.503170,19000.148438
77,0.576603,0.422976,19266.332031
78,0.619609,0.414726,19515.884766
79,0.679581,0.430718,19765.478516
80,0.735013,0.465910,20015.029297
81,0.780081,0.488679,20264.599609
82,0.853518,0.488184,20514.164062
83,0.887123,0.490878,20763.736328
84,0.870467,0.518713,21013.283203
85,0.837668,0.585603,21262.869141
86,0.825221,0.616859,21512.406250
87,0.816957,0.622325,21761.972656
88,0.808070,0.624212,22011.539062
89,0.787548,0.620413,22261.099609
90,0.771590,0.607905,22510.683594
91,0.759270,0.574747,22760.238281
92,0.739024,0.537587,23009.798828
93,0.721570,0.497708,23259.369141
94,0.727548,0.461006,23508.925781
95,0.734685,0.446890,23758.486328
96,0.747861,0.440770,24008.078125
97,0.761516,0.434512,24257.628906
98,0.768846,0.438388,24507.205078
99,0.775070,0.440655,24756.744141
0,0.748821,0.602697,0.003228
1,0.746526,0.602815,266.243256
2,0.751843,0.597530,515.836853
3,0.836920,0.582604,765.307922
4,0.890262,0.592914,1014.905640
5,0.918419,0.594078,1264.478394
6,0.945919,0.600312,1514.020142
7,0.976731,0.604050,1763.656006
8,0.009545,0.610321,2013.159546
9,0.037051,0.607356,2262.723877
10,0.047075,0.604356,2512.244873
11,0.040362,0.605912,2761.827148
12,0.013859,0.610666,3011.472168
13,0.950117,0.612502,3261.024170
14,0.831676,0.605190,3510.527832
15,0.707279,0.586425,3760.106689
16,0.587188,0.562213,4009.678955
17,0.488058,0.548166,4259.189941
18,0.426363,0.545175,4508.760742
19,0.374174,0.542870,4758.398438
20,0.369998,0.517395,5007.981934
21,0.408461,0.466898,5257.481445
22,0.468402,0.437677,5507.078613
23,0.537314,0.412487,5756.612793
24,0.608906,0.432643,6006.165527
25,0.657898,0.471504,6255.785156
26,0.687616,0.483641,6505.326660
27,0.704968,0.531760,6754.835449
28,0.700641,0.589647,7004.394043
29,0.698749,0.603176,7254.010742
30,0.682700,0.609474,7503.563477
31,0.658704,0.630570,7753.086914
32,0.634479,0.644091,8002.773926
33,0.603024,0.653755,8252.218750
34,0.564989,0.658447,8501.909180
35,0.507525,0.649167,8751.337891
36,0.411733,0.633900,9000.985352
37,0.381091,0.608676,9250.492188
38,0.396466,0.592233,9500.026367
39,0.422487,0.584987,9766.243164
40,0.470087,0.562502,10015.861328
41,0.533789,0.510638,10265.427734
42,0.593347,0.461605,10514.979492
43,0.643870,0.458506,10764.483398
44,0.689351,0.435654,11014.054688
45,0.735531,0.428983,11263.655273
46,0.780665,0.421959,11513.180664
47,0.820974,0.428900,11762.828125
48,0.868285,0.452562,12012.308594
49,0.919685,0.470733,12261.927734
50,0.967569,0.494095,12511.431641
51,0.009753,0.529603,12761.066406
52,0.034075,0.561828,13010.572266
53,0.028569,0.584493,13260.120117
54,0.010907,0.596215,13509.762695
55,0.985296,0.600774,13759.267578
56,0.951155,0.602623,14008.889648
57,0.906694,0.609473,14258.379883
58,0.856515,0.611191,14508.072266
59,0.800195,0.615661,14757.538086
60,0.742507,0.615260,15007.087891
61,0.689670,0.612921,15256.681641
62,0.650102,0.619657,15506.281250
63,0.625657,0.628127,15755.790039
64,0.617255,0.629446,16005.332031
65,0.630652,0.638029,16254.996094
66,0.657442,0.627911,16504.464844
67,0.688720,0.626647,16754.041016
68,0.723831,0.634712,17003.634766
69,0.754375,0.633182,17253.187500
70,0.781388,0.630568,17502.736328
71,0.805747,0.632108,17752.281250
72,0.824670,0.631815,18001.947266
73,0.836311,0.629631,18251.408203
74,0.832888,0.631045,18501.062500
75,0.816694,0.633618,18750.539062
76,0.788298,0.630955,19000.222656
77,0.743805,0.620684,19266.396484
78,0.656662,0.605970,19515.917969
79,0.551221,0.594178,19765.451172
80,0.472273,0.611391,20015.056641
81,0.434000,0.608846,20264.566406
82,0.435212,0.582447,20514.140625
83,0.462031,0.568568,20763.681641
84,0.492707,0.569276,21013.359375
85,0.523026,0.568741,21262.814453
86,0.554802,0.570025,21512.382812
87,0.585973,0.571453,21761.978516
88,0.606137,0.574475,22011.527344
89,0.613451,0.575294,22261.152344
90,0.609983,0.576494,22510.615234
91,0.598256,0.575018,22760.279297
92,0.582836,0.576385,23009.750000
93,0.558340,0.575317,23259.335938
94,0.517471,0.571990,23508.898438
95,0.469643,0.576444,23758.505859
96,0.423730,0.582991,24008.066406
97,0.393031,0.578205,24257.623047
98,0.397611,0.565490,24507.195312
99,0.419865,0.553317,24756.699219
0,0.749808,0.499292,0.006480
1,0.747854,0.509658,266.321259
2,0.735372,0.565966,515.781433
3,0.729701,0.651251,765.461609
4,0.732903,0.745665,1014.902161
5,0.734989,0.798830,1264.547974
6,0.738595,0.804943,1514.055908
7,0.739054,0.809845,1763.570923
8,0.740994,0.809826,2013.201294
9,0.744213,0.814406,2262.710205
10,0.745233,0.815930,2512.307129
11,0.739987,0.799718,2761.834229
12,0.722931,0.759252,3011.455566
13,0.692364,0.701685,3260.959961
14,0.650848,0.645112,3510.546875
15,0.620610,0.608643,3760.141846
16,0.602012,0.581432,4009.674561
17,0.583810,0.564164,4259.305176
18,0.564972,0.552351,4508.814453
19,0.550029,0.552632,4758.404785
20,0.539058,0.533331,5007.958008
21,0.557095,0.462237,5257.471680
22,0.592842,0.410678,5507.113281
23,0.620949,0.389773,5756.619141
24,0.654454,0.385950,6006.174316
25,0.694400,0.397665,6255.779785
26,0.745283,0.396285,6505.419922
27,0.812862,0.402660,6754.861328
28,0.873313,0.441010,7004.422363
29,0.887933,0.477940,7254.014160
30,0.851015,0.508376,7503.611816
31,0.765485,0.527816,7753.138672
32,0.626514,0.537116,8002.672363
33,0.493956,0.532261,8252.295898
34,0.396455,0.540588,8501.815430
35,0.333396,0.549424,8751.370117
36,0.292827,0.549098,9000.967773
37,0.265604,0.539608,9250.543945
38,0.225944,0.539200,9500.090820
39,0.190842,0.542691,9766.315430
40,0.161040,0.547066,10015.837891
41,0.164704,0.524990,10265.423828
42,0.189554,0.451870,10514.995117
43,0.196564,0.420067,10764.514648
44,0.197769,0.465634,11014.150391
45,0.203235,0.581163,11263.698242
46,0.169110,0.631919,11513.195312
47,0.121040,0.631345,11762.774414
48,0.097785,0.623162,12012.351562
49,0.090362,0.625272,12261.897461
50,0.085617,0.628456,12511.491211
51,0.078637,0.627034,12761.052734
52,0.083314,0.634433,13010.688477
53,0.105220,0.641958,13260.191406
54,0.134697,0.648882,13509.719727
55,0.167297,0.654328,13759.336914
56,0.207039,0.655737,14008.880859
57,0.233198,0.658535,14258.452148
58,0.258034,0.669442,14507.981445
59,0.268308,0.676598,14757.551758
60,0.246339,0.683308,15007.171875
61,0.128822,0.672577,15256.686523
62,0.996145,0.592641,15506.292969
63,0.963377,0.569336,15755.811523
64,0.989187,0.595303,16005.345703
65,0.095090,0.635332,16254.982422
66,0.216876,0.644176,16504.503906
67,0.293990,0.639463,16754.099609
68,0.352698,0.635728,17003.640625
69,0.393793,0.629934,17253.298828
70,0.423099,0.620699,17502.777344
71,0.463637,0.609206,17752.320312
72,0.514632,0.606570,18001.921875
73,0.560000,0.603358,18251.458984
74,0.605837,0.595735,18501.054688
75,0.648575,0.580451,18750.583984
76,0.680750,0.561704,19000.195312
77,0.716147,0.553015,19266.363281
78,0.747675,0.535721,19515.892578
79,0.768982,0.517341,19765.472656
80,0.800346,0.510864,20015.005859
81,0.843468,0.511353,20264.605469
82,0.875528,0.513172,20514.179688
83,0.900376,0.509450,20763.716797
84,0.923308,0.499422,21013.322266
85,0.930339,0.491384,21262.839844
86,0.920465,0.487610,21512.494141
87,0.897189,0.476809,21761.994141
88,0.848481,0.461555,22011.572266
89,0.822850,0.452219,22261.134766
90,0.792941,0.442784,22510.658203
91,0.761327,0.435649,22760.240234
92,0.740116,0.432196,23009.783203
93,0.719665,0.426440,23259.445312
94,0.714081,0.405497,23508.929688
95,0.720744,0.401030,23758.501953
96,0.707367,0.403689,24008.082031
97,0.692664,0.379024,24257.634766
98,0.705555,0.389694,24507.197266
99,0.716480,0.438906,24756.732422
0,0.750033,0.452675,-0.018892
1,0.750024,0.452901,266.096710
2,0.749838,0.453269,515.760376
3,0.745160,0.435973,765.195496
4,0.735096,0.362129,1014.844421
5,0.735387,0.296369,1264.356323
6,0.734754,0.233861,1513.964233
7,0.734987,0.179383,1763.584106
8,0.740182,0.156045,2013.012085
9,0.741351,0.153948,2262.694092
10,0.785017,0.178538,2512.182861
11,0.873724,0.283368,2761.805908
12,0.912953,0.361698,3011.305664
13,0.916009,0.421603,3260.808594
14,0.890627,0.481367,3510.401367
15,0.856812,0.518700,3759.986328
16,0.837135,0.528092,4009.553711
17,0.796405,0.520174,4259.136230
18,0.762598,0.517078,4508.597168
19,0.732925,0.507435,4758.256348
20,0.690701,0.496401,5007.908691
21,0.666950,0.493374,5257.391602
22,0.663147,0.500034,5506.995117
23,0.639078,0.535975,5756.564453
24,0.619482,0.567444,6006.105957
25,0.591585,0.578241,6255.576660
26,0.530669,0.577712,6505.254883
27,0.494059,0.569778,6754.740723
28,0.474533,0.565203,7004.340820
29,0.453777,0.589698,7253.793945
30,0.437720,0.625113,7503.499023
31,0.439562,0.639857,7753.101074
32,0.444173,0.630745,8002.599609
33,0.449793,0.610378,8252.206055
34,0.461912,0.541095,8501.724609
35,0.475535,0.448304,8751.389648
36,0.492006,0.358526,9000.767578
37,0.508429,0.283688,9250.456055
38,0.516657,0.238071,9516.557617
39,0.515745,0.226375,9766.176758
40,0.521187,0.227969,10015.652344
41,0.545984,0.235425,10265.359375
42,0.565770,0.243667,10514.858398
43,0.647520,0.259121,10764.417969
44,0.739522,0.291079,11013.988281
45,0.806304,0.319680,11263.593750
46,0.863903,0.346407,11513.175781
47,0.916118,0.351995,11762.591797
48,0.965341,0.364007,12012.260742
49,0.013448,0.375575,12261.829102
50,0.051264,0.376515,12511.440430
51,0.083628,0.406310,12760.853516
52,0.100441,0.485896,13010.502930
53,0.109255,0.563255,13259.935547
54,0.123847,0.620963,13509.593750
55,0.149939,0.660968,13759.270508
56,0.196172,0.674261,14008.733398
57,0.236117,0.656611,14258.330078
58,0.252921,0.582483,14507.826172
59,0.267732,0.467146,14757.468750
60,0.268683,0.377527,15006.962891
61,0.237899,0.307953,15256.577148
62,0.206848,0.263927,15506.024414
63,0.197240,0.240905,15755.679688
64,0.177571,0.240897,16005.139648
65,0.138517,0.263348,16254.791992
66,0.102139,0.316601,16504.414062
67,0.095278,0.388524,16753.931641
68,0.121775,0.462600,17003.609375
69,0.157541,0.484490,17252.992188
70,0.190106,0.495195,17502.529297
71,0.211438,0.498939,17752.152344
72,0.228657,0.502042,18001.730469
73,0.267302,0.499396,18251.228516
74,0.314055,0.503867,18500.957031
75,0.325633,0.511269,18750.398438
76,0.295898,0.510770,19016.626953
77,0.185170,0.497986,19266.205078
78,0.082759,0.493904,19532.320312
79,0.030715,0.501953,19781.980469
80,0.980871,0.506256,20014.832031
81,0.931948,0.507083,20264.484375
82,0.892692,0.497820,20513.964844
83,0.853384,0.490972,20763.591797
84,0.813821,0.475899,21029.708984
85,0.784914,0.470188,21262.693359
86,0.750084,0.458977,21512.154297
87,0.725081,0.445244,21761.841797
88,0.722664,0.429427,22011.390625
89,0.726296,0.420221,22260.951172
90,0.732739,0.416887,22510.542969
91,0.768085,0.416929,22760.015625
92,0.826051,0.416598,23009.669922
93,0.845859,0.429385,23259.181641
94,0.853562,0.445514,23508.771484
95,0.863003,0.447619,23758.259766
96,0.857712,0.437389,24007.876953
97,0.849845,0.401122,24257.361328
98,0.838109,0.356717,24507.023438
99,0.832617,0.332071,24839.767578
0,0.747118,0.515573,0.023891
1,0.745309,0.516772,266.204681
2,0.744129,0.520021,515.762207
3,0.741116,0.532414,765.399231
4,0.741792,0.539138,1014.905457
5,0.743326,0.596159,1264.482422
6,0.746785,0.634587,1514.026367
7,0.749813,0.670982,1763.625366
8,0.756339,0.685293,2013.189087
9,0.772928,0.668264,2262.692627
10,0.788299,0.627335,2512.315918
11,0.796561,0.578883,2761.879883
12,0.808820,0.546084,3011.425781
13,0.841152,0.526128,3260.995605
14,0.887311,0.509060,3510.582520
15,0.919419,0.503494,3760.093750
16,0.929609,0.505658,4009.651367
17,0.927401,0.506144,4259.222168
18,0.912200,0.505745,4508.813965
19,0.870105,0.488705,4758.351562
20,0.814419,0.483256,5008.003418
21,0.779317,0.476006,5257.544922
22,0.758110,0.475281,5507.160156
23,0.747291,0.476889,5756.646484
24,0.739735,0.477378,6006.248047
25,0.730870,0.476182,6255.763672
26,0.711066,0.475766,6505.275879
27,0.692844,0.478880,6754.956055
28,0.675589,0.480751,7004.517578
29,0.655652,0.481281,7254.000488
30,0.630625,0.482694,7503.556641
31,0.597291,0.487450,7753.162109
32,0.560683,0.490003,8002.728027
33,0.518925,0.491528,8252.278320
34,0.491405,0.498439,8501.898438
35,0.471429,0.523580,8751.419922
36,0.456809,0.552456,9000.938477
37,0.448902,0.585860,9250.472656
38,0.443420,0.601621,9500.169922
39,0.448055,0.574734,9766.316406
40,0.460877,0.542286,10015.833008
41,0.463549,0.521617,10265.406250
42,0.469542,0.506991,10514.939453
43,0.495870,0.505687,10764.516602
44,0.528007,0.508092,11014.114258
45,0.553939,0.510285,11263.648438
46,0.576194,0.514191,11513.208984
47,0.584358,0.507113,11762.784180
48,0.584696,0.508152,12012.372070
49,0.578462,0.520785,12261.908203
50,0.567905,0.518864,12511.468750
51,0.560966,0.499624,12761.044922
52,0.544525,0.483349,13010.637695
53,0.513625,0.481944,13260.145508
54,0.483196,0.469815,13509.714844
55,0.435885,0.449795,13759.305664
56,0.374912,0.460026,14008.847656
57,0.324111,0.471023,14258.431641
58,0.287156,0.486948,14507.995117
59,0.266108,0.488791,14757.534180
60,0.250289,0.518699,15007.099609
61,0.242770,0.560529,15256.669922
62,0.245014,0.567436,15506.221680
63,0.250568,0.539811,15755.792969
64,0.261007,0.513456,16005.367188
65,0.274608,0.494039,16254.918945
66,0.293378,0.473576,16504.484375
67,0.303317,0.448337,16754.078125
68,0.309512,0.415809,17003.626953
69,0.310173,0.396604,17253.191406
70,0.307217,0.386304,17502.738281
71,0.299221,0.383641,17752.298828
72,0.290134,0.388399,18001.853516
73,0.286659,0.395263,18251.423828
74,0.282686,0.408890,18500.992188
75,0.274707,0.421041,18750.564453
76,0.250124,0.440920,19000.160156
77,0.223587,0.464894,19266.330078
78,0.210157,0.486109,19515.890625
79,0.196395,0.492935,19765.460938
80,0.182843,0.495645,20015.027344
81,0.174250,0.495313,20264.603516
82,0.171139,0.496125,20514.150391
83,0.174426,0.504683,20763.740234
84,0.186254,0.507833,21013.273438
85,0.203827,0.504312,21262.849609
86,0.225015,0.501992,21512.388672
87,0.248999,0.505488,21761.957031
88,0.267035,0.515188,22011.558594
89,0.290641,0.526442,22261.083984
90,0.319302,0.526751,22510.658203
91,0.340787,0.523569,22760.220703
92,0.358871,0.518924,23009.785156
93,0.377333,0.512999,23259.335938
94,0.400047,0.500336,23508.908203
95,0.422325,0.487225,23758.464844
96,0.446200,0.470823,24008.041016
97,0.472403,0.467596,24257.585938
98,0.492431,0.462084,24507.171875
99,0.512557,0.459719,24756.732422
0,0.750018,0.513309,0.040868
1,0.750499,0.512363,266.246582
2,0.750606,0.512049,515.825500
3,0.750578,0.512427,765.405090
4,0.751096,0.512166,1014.952942
5,0.751322,0.511937,1264.520996
6,0.751415,0.511597,1514.025757
7,0.751400,0.511884,1763.657227
8,0.751406,0.512177,2013.292480
9,0.751204,0.512855,2262.726807
10,0.751086,0.516686,2512.291748
11,0.761304,0.564979,2761.865967
12,0.779544,0.654098,3011.505371
13,0.794333,0.704555,3261.080566
14,0.804340,0.717934,3510.583496
15,0.817041,0.684923,3760.200684
16,0.817885,0.608917,4009.690186
17,0.802136,0.516777,4259.243164
18,0.780138,0.461396,4508.859863
19,0.779924,0.434338,4758.366211
20,0.822474,0.432609,5007.976562
21,0.861996,0.437214,5257.544922
22,0.871077,0.434783,5507.124023
23,0.871727,0.440578,5756.658203
24,0.887639,0.452647,6006.193848
25,0.921571,0.464146,6255.803223
26,0.962052,0.481037,6505.350098
27,0.008742,0.487876,6754.932129
28,0.039505,0.484554,7004.435059
29,0.058354,0.480255,7254.034668
30,0.071503,0.482389,7503.613770
31,0.084961,0.483820,7753.170410
32,0.102817,0.490887,8002.712891
33,0.114515,0.500978,8252.272461
34,0.132906,0.507077,8501.848633
35,0.155677,0.506654,8751.392578
36,0.183393,0.499591,9000.959961
37,0.198435,0.485655,9250.530273
38,0.205090,0.457692,9500.107422
39,0.212982,0.439909,9766.321289
40,0.231885,0.440186,10015.858398
41,0.246073,0.443464,10265.437500
42,0.255486,0.435854,10514.992188
43,0.247762,0.398315,10764.559570
44,0.254259,0.388228,11014.122070
45,0.268235,0.388700,11263.685547
46,0.291339,0.408929,11513.278320
47,0.315709,0.441518,11762.806641
48,0.325684,0.464364,12012.380859
49,0.334700,0.489070,12261.942383
50,0.335686,0.522812,12511.495117
51,0.332901,0.569084,12761.096680
52,0.331723,0.602254,13010.619141
53,0.337656,0.621540,13260.198242
54,0.349310,0.626632,13509.750977
55,0.362049,0.616610,13759.323242
56,0.368258,0.598288,14008.913086
57,0.365209,0.574326,14258.463867
58,0.369340,0.544016,14508.011719
59,0.381170,0.496535,14757.554688
60,0.391003,0.464186,15007.136719
61,0.409186,0.458896,15256.703125
62,0.419199,0.467362,15506.278320
63,0.430951,0.489071,15755.826172
64,0.434175,0.507659,16005.390625
65,0.434856,0.512771,16254.943359
66,0.444546,0.519284,16504.554688
67,0.474153,0.529309,16754.117188
68,0.508452,0.534468,17003.673828
69,0.531652,0.532723,17253.222656
70,0.554347,0.527197,17502.771484
71,0.571866,0.523020,17752.380859
72,0.582702,0.518559,18001.906250
73,0.588555,0.515757,18251.492188
74,0.589699,0.511733,18501.052734
75,0.587256,0.512715,18750.617188
76,0.592632,0.516346,19000.162109
77,0.628508,0.509153,19266.371094
78,0.638266,0.511490,19515.914062
79,0.632355,0.510284,19765.503906
80,0.620211,0.483858,20015.070312
81,0.610027,0.456153,20264.599609
82,0.596774,0.421024,20514.232422
83,0.575720,0.371195,20763.777344
84,0.553938,0.323687,21013.326172
85,0.531138,0.272658,21262.873047
86,0.518375,0.271969,21512.435547
87,0.508231,0.299066,21762.003906
88,0.485533,0.339865,22011.552734
89,0.467208,0.403604,22261.117188
90,0.430700,0.468948,22510.691406
91,0.384390,0.518224,22760.269531
92,0.353246,0.523105,23009.837891
93,0.326699,0.530752,23259.390625
94,0.315246,0.533295,23508.941406
95,0.301260,0.521716,23758.503906
96,0.257842,0.473011,24008.068359
97,0.233578,0.456789,24257.636719
98,0.236469,0.478207,24507.205078
99,0.243959,0.491654,24756.763672
0,0.750070,0.584781,-0.082135
1,0.750660,0.585493,266.166962
2,0.749932,0.587508,515.696045
3,0.747889,0.586228,765.253052
4,0.719310,0.509564,1014.800049
5,0.712371,0.456638,1264.412109
6,0.678240,0.469092,1513.928589
7,0.645806,0.495470,1763.501953
8,0.643636,0.534182,2013.089478
9,0.641205,0.586867,2262.664062
10,0.643828,0.581795,2512.185547
11,0.645067,0.494090,2761.782959
12,0.653654,0.397196,3011.386719
13,0.662956,0.337476,3260.878662
14,0.703770,0.321312,3510.424805
15,0.790178,0.346866,3760.036377
16,0.846750,0.396932,4009.583008
17,0.854673,0.440463,4259.128906
18,0.823575,0.485750,4508.757812
19,0.784965,0.545596,4758.312012
20,0.768874,0.585472,5007.845703
21,0.776606,0.631292,5257.392090
22,0.803472,0.714444,5506.985840
23,0.809206,0.810554,5756.556641
24,0.802424,0.886412,6006.077637
25,0.753866,0.935838,6255.721191
26,0.781638,0.917829,6505.269043
27,0.846024,0.796343,6754.823242
28,0.895703,0.620844,7004.364746
29,0.927177,0.526826,7253.938477
30,0.971776,0.533998,7503.502441
31,0.034619,0.563535,7753.026367
32,0.094277,0.564465,8002.627441
33,0.124027,0.543776,8252.149414
34,0.131195,0.505363,8501.808594
35,0.119599,0.425174,8751.294922
36,0.136730,0.366721,9000.901367
37,0.202864,0.323632,9250.395508
38,0.255794,0.356060,9516.642578
39,0.305148,0.437497,9766.171875
40,0.342068,0.475139,10015.760742
41,0.361380,0.473668,10265.351562
42,0.381704,0.483177,10514.912109
43,0.407194,0.521383,10764.463867
44,0.388789,0.557066,11014.048828
45,0.310070,0.565658,11263.557617
46,0.248948,0.544813,11513.162109
47,0.220335,0.549925,11762.785156
48,0.276025,0.572331,12012.283203
49,0.394651,0.589173,12261.904297
50,0.449451,0.612698,12511.369141
51,0.463836,0.651712,12761.041992
52,0.466416,0.676783,13010.576172
53,0.473925,0.645624,13260.106445
54,0.509305,0.582127,13509.675781
55,0.532966,0.540548,13759.208984
56,0.523191,0.493258,14008.822266
57,0.482142,0.431843,14258.318359
58,0.439267,0.385069,14507.912109
59,0.426651,0.375613,14757.467773
60,0.395601,0.344943,15007.012695
61,0.310119,0.295208,15256.582031
62,0.193394,0.287320,15506.169922
63,0.111438,0.338832,15755.724609
64,0.071367,0.385047,16005.272461
65,0.046274,0.412729,16254.839844
66,0.058863,0.394623,16504.464844
67,0.111062,0.336868,16753.953125
68,0.196797,0.308431,17003.513672
69,0.268373,0.304371,17253.158203
70,0.338656,0.344304,17502.689453
71,0.391512,0.414035,17752.214844
72,0.429189,0.453917,18001.824219
73,0.450034,0.466026,18251.451172
74,0.444759,0.481238,18500.996094
75,0.416069,0.504441,18750.517578
76,0.374063,0.512580,19000.115234
77,0.319213,0.539450,19266.324219
78,0.278404,0.584490,19515.822266
79,0.244726,0.649079,19765.351562
80,0.211443,0.694090,20014.968750
81,0.179245,0.763127,20264.582031
82,0.150020,0.831249,20514.099609
83,0.136031,0.878082,20763.623047
84,0.122683,0.887553,21013.294922
85,0.128301,0.851098,21262.740234
86,0.138216,0.747749,21512.333984
87,0.144943,0.650805,21761.855469
88,0.148183,0.581237,22011.460938
89,0.151654,0.550344,22261.083984
90,0.167634,0.542022,22510.589844
91,0.181963,0.541691,22760.216797
92,0.173745,0.539039,23009.695312
93,0.134697,0.526237,23259.283203
94,0.079520,0.528383,23508.890625
95,0.026919,0.549629,23758.460938
96,0.978137,0.556090,24007.943359
97,0.944404,0.556800,24257.539062
98,0.971149,0.580419,24507.066406
99,0.012290,0.599296,24756.695312
0,0.754116,0.567638,-0.044147
1,0.756033,0.605776,266.182678
2,0.752327,0.590832,515.807678
3,0.740488,0.349521,765.276672
4,0.735602,0.280385,1014.846497
5,0.736017,0.270113,1264.399902
6,0.739447,0.282976,1513.982422
7,0.744751,0.402886,1763.587769
8,0.748843,0.585060,2013.114258
9,0.744438,0.588124,2262.696045
10,0.735221,0.577174,2512.263672
11,0.727973,0.528727,2761.805176
12,0.724557,0.492935,3011.374023
13,0.724291,0.455336,3260.932861
14,0.730879,0.425361,3510.474609
15,0.724546,0.378926,3760.040039
16,0.716662,0.289378,4009.610596
17,0.716480,0.224118,4259.179199
18,0.720982,0.173092,4508.742676
19,0.729139,0.137596,4758.294434
20,0.740673,0.141572,5007.876465
21,0.759454,0.182152,5257.437988
22,0.773084,0.251028,5506.998047
23,0.772271,0.339913,5756.549805
24,0.744500,0.410207,6006.106934
25,0.663932,0.493101,6255.692871
26,0.592647,0.522478,6505.250000
27,0.536807,0.527710,6754.844727
28,0.490962,0.528723,7004.373535
29,0.439043,0.540956,7253.951660
30,0.395027,0.551588,7503.505371
31,0.402803,0.556044,7753.087891
32,0.453392,0.555814,8002.647949
33,0.516499,0.554124,8252.197266
34,0.586725,0.554546,8501.767578
35,0.699424,0.565730,8751.335938
36,0.807988,0.555245,9000.895508
37,0.882526,0.554933,9250.446289
38,0.971140,0.570163,9500.019531
39,0.021779,0.585630,9766.231445
40,0.049702,0.611392,10015.784180
41,0.067165,0.628863,10265.336914
42,0.103495,0.622247,10514.901367
43,0.153714,0.579677,10764.484375
44,0.200723,0.535339,11014.034180
45,0.215719,0.543521,11263.609375
46,0.174946,0.530148,11513.178711
47,0.104461,0.469803,11762.756836
48,0.019205,0.449521,12012.286133
49,0.942239,0.460205,12261.852539
50,0.891621,0.518048,12511.443359
51,0.859979,0.609546,12760.980469
52,0.802394,0.700157,13010.549805
53,0.710953,0.733845,13260.119141
54,0.651709,0.727033,13509.665039
55,0.644823,0.714267,13759.242188
56,0.653037,0.688574,14008.798828
57,0.668116,0.641343,14258.388672
58,0.686761,0.601900,14507.929688
59,0.701445,0.570369,14757.489258
60,0.706280,0.541240,15007.046875
61,0.708209,0.521872,15256.608398
62,0.711808,0.516058,15506.170898
63,0.717116,0.513906,15755.782227
64,0.717430,0.513648,16005.332031
65,0.716352,0.526761,16254.883789
66,0.716677,0.520283,16504.447266
67,0.712330,0.479959,16754.015625
68,0.704415,0.422956,17003.574219
69,0.694874,0.379430,17253.150391
70,0.694922,0.337498,17502.675781
71,0.710885,0.324448,17752.248047
72,0.758797,0.326555,18001.816406
73,0.798073,0.336159,18251.386719
74,0.810477,0.339898,18500.958984
75,0.803317,0.364810,18750.517578
76,0.790038,0.394827,19000.082031
77,0.761481,0.425500,19266.265625
78,0.732527,0.447168,19515.859375
79,0.717872,0.424265,19765.408203
80,0.715744,0.432793,20014.962891
81,0.723399,0.451689,20264.535156
82,0.731692,0.447975,20514.132812
83,0.723493,0.470583,20763.646484
84,0.718660,0.498884,21013.222656
85,0.715706,0.499385,21262.791016
86,0.715014,0.497761,21512.337891
87,0.715719,0.499526,21761.933594
88,0.714567,0.499611,22011.476562
89,0.715856,0.497368,22261.058594
90,0.718021,0.498710,22510.601562
91,0.718908,0.499568,22760.179688
92,0.718593,0.502956,23009.765625
93,0.718955,0.502992,23259.310547
94,0.719238,0.500442,23508.876953
95,0.719808,0.499574,23758.433594
96,0.720470,0.495654,24007.988281
97,0.720340,0.493438,24257.554688
98,0.720959,0.494532,24507.113281
99,0.721331,0.492633,24756.695312
0,0.750039,0.533542,0.024201
1,0.750055,0.534235,266.181213
2,0.749660,0.534902,515.761963
3,0.746995,0.537367,765.306885
4,0.741286,0.540439,1014.923950
5,0.730299,0.547125,1264.526367
6,0.711146,0.555116,1514.026978
7,0.688258,0.560289,1763.574585
8,0.667098,0.563976,2013.150024
9,0.650255,0.577232,2262.710938
10,0.636384,0.595856,2512.241943
11,0.626909,0.607217,2761.894043
12,0.608642,0.597006,3011.485107
13,0.584374,0.580840,3261.006104
14,0.568827,0.565739,3510.541992
15,0.579179,0.546120,3760.173340
16,0.622443,0.513991,4009.663574
17,0.677840,0.493583,4259.187988
18,0.713005,0.479076,4508.764648
19,0.733602,0.480028,4758.343750
20,0.754852,0.492379,5007.878906
21,0.781799,0.503109,5257.489258
22,0.820723,0.508757,5507.073242
23,0.870014,0.508362,5756.617188
24,0.921712,0.508854,6006.139648
25,0.967078,0.509658,6255.751465
26,0.015755,0.537676,6505.268555
27,0.067240,0.572839,6754.858887
28,0.108278,0.595388,7004.415039
29,0.155396,0.581973,7253.987305
30,0.177422,0.565584,7503.576172
31,0.165967,0.556721,7753.087402
32,0.132944,0.554225,8002.697754
33,0.080114,0.547606,8252.219727
34,0.027818,0.570436,8501.796875
35,0.987298,0.609084,8751.351562
36,0.963135,0.629909,9000.922852
37,0.923172,0.611728,9250.482422
38,0.862334,0.550428,9500.038086
39,0.810241,0.481786,9766.253906
40,0.772911,0.429115,10015.833984
41,0.725649,0.375952,10265.423828
42,0.667223,0.327492,10514.961914
43,0.603697,0.318919,10764.514648
44,0.540982,0.361716,11014.067383
45,0.481800,0.436835,11263.668945
46,0.465995,0.482015,11513.198242
47,0.465503,0.515183,11762.757812
48,0.466017,0.536570,12012.338867
49,0.474991,0.559390,12261.913086
50,0.491403,0.589044,12511.451172
51,0.508247,0.614569,12761.037109
52,0.544840,0.605201,13010.582031
53,0.614705,0.565707,13260.140625
54,0.667455,0.539955,13509.716797
55,0.715010,0.526079,13759.262695
56,0.745207,0.519886,14008.835938
57,0.750554,0.511369,14258.392578
58,0.749329,0.507339,14507.976562
59,0.740840,0.506307,14757.538086
60,0.728090,0.493691,15007.083984
61,0.716572,0.481609,15256.652344
62,0.692252,0.485694,15506.235352
63,0.663733,0.502541,15755.813477
64,0.624491,0.518604,16005.363281
65,0.579602,0.516667,16254.924805
66,0.519854,0.513665,16504.455078
67,0.453550,0.510495,16754.048828
68,0.398279,0.511826,17003.601562
69,0.359220,0.521626,17253.181641
70,0.325488,0.528125,17502.746094
71,0.291578,0.528666,17752.339844
72,0.261008,0.526744,18001.859375
73,0.228632,0.527687,18251.410156
74,0.203362,0.532356,18501.007812
75,0.175664,0.533254,18750.564453
76,0.148798,0.532862,19000.091797
77,0.127572,0.532029,19266.314453
78,0.110701,0.535203,19515.896484
79,0.093305,0.547068,19765.443359
80,0.102156,0.568568,20015.001953
81,0.158694,0.592944,20264.568359
82,0.204402,0.589262,20514.132812
83,0.230343,0.572954,20763.687500
84,0.271541,0.556489,21013.275391
85,0.321474,0.548590,21262.824219
86,0.376075,0.543599,21512.382812
87,0.444459,0.542002,21761.960938
88,0.512812,0.546916,22011.531250
89,0.575562,0.544860,22261.072266
90,0.640928,0.544749,22510.630859
91,0.687640,0.544645,22760.218750
92,0.698293,0.546616,23009.785156
93,0.692615,0.543406,23259.343750
94,0.691662,0.516893,23508.927734
95,0.678041,0.425738,23758.507812
96,0.647055,0.350808,24008.025391
97,0.585388,0.326032,24257.585938
98,0.525357,0.341996,24507.187500
99,0.488921,0.365737,24773.375000
0,0.749485,0.512231,0.002986
1,0.749166,0.510306,266.213684
2,0.749642,0.501919,515.843628
3,0.783560,0.516075,765.321472
4,0.814574,0.511242,1014.915649
5,0.801524,0.460475,1264.533936
6,0.779227,0.377640,1514.014648
7,0.759039,0.321358,1763.668091
8,0.748692,0.325548,2013.188354
9,0.739750,0.364044,2262.761963
10,0.731569,0.408061,2512.278809
11,0.720095,0.450741,2761.887207
12,0.699416,0.525448,3011.438965
13,0.688326,0.559595,3260.960938
14,0.695450,0.545680,3510.558105
15,0.699336,0.541826,3760.100098
16,0.696724,0.536793,4009.687500
17,0.688089,0.539428,4259.232422
18,0.658537,0.532380,4508.816895
19,0.604150,0.538788,4758.342285
20,0.548558,0.540731,5007.926270
21,0.484610,0.540188,5257.504883
22,0.428043,0.534562,5507.114746
23,0.388982,0.533896,5756.668457
24,0.352387,0.561240,6006.156738
25,0.317525,0.578267,6255.766113
26,0.304531,0.533890,6505.312988
27,0.297802,0.509222,6754.877441
28,0.277261,0.482343,7004.410156
29,0.217082,0.436004,7254.054199
30,0.172210,0.418600,7503.622070
31,0.145376,0.458455,7753.106934
32,0.138252,0.521981,8002.676270
33,0.147294,0.579287,8252.253906
34,0.167482,0.621620,8501.791016
35,0.174573,0.678108,8751.443359
36,0.159997,0.702754,9000.950195
37,0.135466,0.701722,9250.544922
38,0.150327,0.697089,9500.043945
39,0.213460,0.663548,9766.247070
40,0.271138,0.636319,10015.919922
41,0.308901,0.614916,10265.422852
42,0.344476,0.602811,10514.947266
43,0.384470,0.602910,10764.579102
44,0.413150,0.600597,11014.112305
45,0.430452,0.609526,11263.640625
46,0.458273,0.634364,11513.187500
47,0.495656,0.630946,11762.768555
48,0.518130,0.603207,12012.363281
49,0.526848,0.598628,12261.897461
50,0.544138,0.579278,12511.534180
51,0.575903,0.571405,12761.118164
52,0.625541,0.550247,13010.681641
53,0.674019,0.543989,13260.151367
54,0.701790,0.545467,13509.766602
55,0.713888,0.540857,13759.329102
56,0.719696,0.536739,14008.828125
57,0.733146,0.537705,14258.515625
58,0.782413,0.524061,14508.030273
59,0.870688,0.491769,14757.630859
60,0.940223,0.435489,15007.089844
61,0.972265,0.378045,15256.708984
62,0.993046,0.371064,15506.253906
63,0.005859,0.370746,15755.787109
64,0.999095,0.334441,16005.388672
65,0.980521,0.297812,16254.979492
66,0.944651,0.266142,16504.519531
67,0.849367,0.255074,16754.041016
68,0.766438,0.286186,17003.656250
69,0.730754,0.346129,17253.246094
70,0.703092,0.406702,17502.822266
71,0.691827,0.434752,17752.328125
72,0.685727,0.449161,18001.898438
73,0.684048,0.470272,18251.462891
74,0.687294,0.502652,18500.972656
75,0.711226,0.522676,18750.619141
76,0.724204,0.529852,19000.117188
77,0.730112,0.531611,19266.353516
78,0.743769,0.541965,19515.939453
79,0.763911,0.539080,19765.500000
80,0.778972,0.545964,20015.021484
81,0.776277,0.539442,20264.615234
82,0.770601,0.540603,20514.154297
83,0.764424,0.564335,20763.767578
84,0.766854,0.565484,21013.349609
85,0.766188,0.566793,21262.919922
86,0.763312,0.569374,21512.421875
87,0.761792,0.570868,21761.996094
88,0.761670,0.571180,22011.568359
89,0.759413,0.570074,22261.091797
90,0.751461,0.572136,22510.699219
91,0.725304,0.583478,22760.238281
92,0.698057,0.587148,23009.855469
93,0.678467,0.577651,23259.332031
94,0.673774,0.558578,23509.015625
95,0.684408,0.533117,23758.484375
96,0.691893,0.514337,24008.054688
97,0.695582,0.510582,24257.677734
98,0.691016,0.505630,24507.230469
99,0.685842,0.503221,24756.757812
0,0.749957,0.329807,0.000262
1,0.750096,0.329866,266.239685
2,0.750097,0.329519,515.769104
3,0.750358,0.327706,765.316956
4,0.751086,0.306708,1014.874207
5,0.753778,0.323820,1264.414795
6,0.754526,0.414825,1514.004028
7,0.745314,0.517639,1763.619629
8,0.740908,0.597074,2013.193848
9,0.734566,0.612720,2262.718506
10,0.727905,0.606369,2512.255371
11,0.713872,0.604628,2761.815430
12,0.724006,0.593973,3011.371582
13,0.789986,0.551916,3260.941406
14,0.839563,0.519348,3510.514893
15,0.856169,0.525909,3760.077393
16,0.879856,0.537929,4009.672119
17,0.912389,0.553159,4259.199707
18,0.948795,0.558716,4508.771484
19,0.973268,0.556208,4758.329590
20,0.992371,0.559185,5007.896484
21,0.018569,0.547874,5257.446289
22,0.055213,0.534767,5507.006348
23,0.079722,0.537148,5756.567383
24,0.107400,0.529962,6006.156738
25,0.139939,0.523427,6255.713867
26,0.156665,0.530624,6505.285156
27,0.167685,0.538362,6754.845215
28,0.190566,0.540819,7004.387207
29,0.206585,0.545485,7253.973145
30,0.217153,0.548615,7503.522461
31,0.232156,0.551658,7753.108887
32,0.249398,0.547888,8002.645996
33,0.276671,0.549049,8252.240234
34,0.308469,0.549136,8501.789062
35,0.330961,0.550829,8751.338867
36,0.341674,0.553927,9000.920898
37,0.338741,0.556020,9250.477539
38,0.328423,0.562652,9500.038086
39,0.312894,0.565786,9766.240234
40,0.288398,0.566622,10015.803711
41,0.262515,0.567456,10265.371094
42,0.237743,0.562323,10514.943359
43,0.218320,0.548331,10764.498047
44,0.173877,0.511488,11014.065430
45,0.145507,0.494955,11263.629883
46,0.133191,0.495162,11513.191406
47,0.121131,0.496996,11762.760742
48,0.112019,0.498777,12012.321289
49,0.098737,0.498222,12261.879883
50,0.085641,0.511571,12511.484375
51,0.075919,0.549949,12761.023438
52,0.067810,0.580553,13010.585938
53,0.059548,0.589217,13260.130859
54,0.045380,0.588985,13509.699219
55,0.027367,0.593610,13759.247070
56,0.020256,0.595145,14008.832031
57,0.012248,0.595430,14258.386719
58,0.003616,0.596596,14507.954102
59,0.992623,0.598393,14757.527344
60,0.983656,0.600691,15007.076172
61,0.974396,0.598543,15256.634766
62,0.962195,0.597842,15506.239258
63,0.952066,0.597869,15755.789062
64,0.944303,0.596027,16005.369141
65,0.944952,0.596687,16254.903320
66,0.950927,0.597257,16504.494141
67,0.964272,0.599400,16754.035156
68,0.991341,0.600770,17003.582031
69,0.020972,0.602450,17253.154297
70,0.050012,0.606411,17502.734375
71,0.076775,0.604900,17752.296875
72,0.099501,0.607106,18001.869141
73,0.122484,0.606560,18251.425781
74,0.152403,0.603180,18500.982422
75,0.187999,0.599424,18750.574219
76,0.225851,0.592134,19000.107422
77,0.262910,0.590523,19266.310547
78,0.303855,0.581524,19515.894531
79,0.356296,0.557301,19765.433594
80,0.421233,0.516547,20015.007812
81,0.470187,0.479857,20264.562500
82,0.483048,0.472903,20514.123047
83,0.475022,0.476905,20763.675781
84,0.456685,0.469985,21013.240234
85,0.430917,0.456381,21262.832031
86,0.396244,0.440355,21512.380859
87,0.370477,0.416208,21761.972656
88,0.348810,0.377759,22011.511719
89,0.295734,0.334939,22261.089844
90,0.242329,0.334498,22510.640625
91,0.221748,0.317350,22760.199219
92,0.218599,0.327552,23009.783203
93,0.212104,0.360963,23259.326172
94,0.197257,0.484378,23508.925781
95,0.174560,0.689621,23758.494141
96,0.150635,0.799041,24008.021484
97,0.130105,0.853124,24257.593750
98,0.117235,0.876496,24507.138672
99,0.116227,0.883276,24756.712891
0,0.750227,0.505392,0.000618
1,0.750162,0.505228,266.238281
2,0.749199,0.506942,515.847717
3,0.751131,0.509793,765.440491
4,0.774016,0.515187,1014.922363
5,0.821033,0.532735,1264.498657
6,0.852343,0.548428,1514.030762
7,0.873797,0.559505,1763.669800
8,0.895679,0.557567,2013.155762
9,0.909556,0.547352,2262.790527
10,0.909281,0.522072,2512.335449
11,0.893772,0.503906,2761.896484
12,0.881340,0.479078,3011.499268
13,0.867759,0.455101,3261.017334
14,0.856358,0.448170,3510.610840
15,0.851535,0.435646,3760.153564
16,0.849960,0.428205,4009.733154
17,0.817757,0.419788,4259.303711
18,0.744379,0.442272,4508.793457
19,0.696196,0.448756,4758.426758
20,0.652599,0.470837,5007.946289
21,0.632184,0.483704,5257.526855
22,0.614521,0.495422,5507.115723
23,0.590947,0.505829,5756.625977
24,0.582467,0.509573,6006.180664
25,0.588107,0.522335,6255.770996
26,0.609669,0.544240,6505.351074
27,0.631899,0.571003,6754.921875
28,0.658596,0.569299,7004.431152
29,0.681797,0.559369,7254.070801
30,0.695122,0.545331,7503.676758
31,0.701400,0.538347,7753.174316
32,0.702502,0.531004,8002.693359
33,0.724069,0.534577,8252.240234
34,0.759789,0.528491,8501.841797
35,0.774397,0.486873,8751.375977
36,0.784640,0.430553,9000.951172
37,0.804554,0.396423,9250.549805
38,0.819007,0.375189,9500.109375
39,0.821571,0.335667,9766.325195
40,0.807456,0.269082,10015.849609
41,0.796188,0.241452,10265.395508
42,0.796559,0.246597,10514.998047
43,0.835119,0.288241,10764.516602
44,0.904028,0.347377,11014.156250
45,0.974990,0.426917,11263.682617
46,0.038481,0.487235,11513.277344
47,0.058452,0.516055,11762.818359
48,0.064446,0.544329,12012.433594
49,0.056495,0.591210,12261.948242
50,0.046071,0.627168,12511.463867
51,0.045469,0.642455,12761.104492
52,0.057522,0.646144,13010.632812
53,0.074570,0.644984,13260.149414
54,0.098639,0.626634,13509.742188
55,0.110565,0.601655,13759.391602
56,0.121319,0.578029,14008.895508
57,0.129798,0.558547,14258.422852
58,0.146757,0.548442,14508.011719
59,0.186288,0.560816,14757.637695
60,0.209709,0.568119,15007.153320
61,0.236551,0.579035,15256.688477
62,0.256276,0.593557,15506.280273
63,0.283185,0.620063,15755.802734
64,0.315142,0.661306,16005.403320
65,0.335190,0.691201,16254.981445
66,0.352460,0.701184,16504.531250
67,0.376522,0.705030,16754.074219
68,0.385864,0.687466,17003.617188
69,0.393629,0.656643,17253.177734
70,0.389951,0.615172,17502.773438
71,0.394685,0.567609,17752.367188
72,0.403719,0.516292,18001.863281
73,0.412375,0.490162,18251.457031
74,0.442496,0.513769,18501.003906
75,0.464209,0.567956,18750.611328
76,0.476126,0.600099,19000.144531
77,0.466595,0.587859,19266.376953
78,0.442902,0.528632,19516.000000
79,0.426708,0.484411,19765.578125
80,0.395501,0.456745,20015.023438
81,0.351156,0.424148,20264.595703
82,0.314469,0.399132,20514.197266
83,0.292974,0.389596,20763.757812
84,0.277124,0.378620,21013.343750
85,0.263108,0.361842,21262.847656
86,0.248440,0.337603,21512.480469
87,0.214614,0.310179,21761.968750
88,0.175371,0.297228,22011.619141
89,0.143173,0.305279,22261.117188
90,0.103664,0.323025,22510.656250
91,0.080597,0.357529,22760.253906
92,0.068234,0.405999,23009.878906
93,0.043678,0.461486,23259.384766
94,0.984147,0.522085,23508.953125
95,0.953072,0.554132,23758.568359
96,0.967499,0.582173,24008.089844
97,0.961351,0.606123,24257.617188
98,0.930529,0.620569,24507.179688
99,0.900842,0.622613,24756.808594
0,0.749668,0.626713,-0.001119
1,0.749207,0.627094,266.158539
2,0.750580,0.629556,515.805237
3,0.753747,0.644885,765.345459
4,0.755838,0.663050,1014.908630
5,0.756422,0.677210,1264.479370
6,0.755736,0.689676,1513.993164
7,0.755948,0.694505,1763.602905
8,0.756156,0.696502,2013.131226
9,0.761703,0.716812,2262.713623
10,0.769418,0.732686,2512.274902
11,0.769362,0.733941,2761.887695
12,0.768927,0.742677,3011.441895
13,0.769142,0.751040,3260.961182
14,0.768031,0.752065,3510.552246
15,0.764836,0.759280,3760.093506
16,0.762954,0.763599,4009.616699
17,0.761999,0.764824,4259.240234
18,0.760180,0.771788,4508.789551
19,0.759537,0.773249,4758.395996
20,0.758768,0.776075,5007.864258
21,0.757306,0.782955,5257.479004
22,0.757341,0.782855,5507.108887
23,0.756906,0.784624,5756.570801
24,0.757770,0.789583,6006.173340
25,0.758501,0.790299,6255.699219
26,0.759137,0.787728,6505.284668
27,0.761504,0.773689,6754.871582
28,0.763352,0.756919,7004.425781
29,0.765355,0.740005,7253.988281
30,0.767370,0.718158,7503.527344
31,0.768290,0.696532,7753.133301
32,0.770565,0.670910,8002.685547
33,0.770663,0.636172,8252.243164
34,0.771249,0.596064,8501.772461
35,0.772265,0.552877,8751.436523
36,0.775497,0.507091,9000.951172
37,0.780347,0.465329,9250.558594
38,0.781878,0.433355,9500.061523
39,0.784715,0.414996,9766.255859
40,0.788655,0.403694,10015.785156
41,0.792888,0.398876,10265.403320
42,0.799016,0.397235,10514.931641
43,0.802475,0.398378,10764.523438
44,0.812815,0.394998,11014.152344
45,0.826024,0.393023,11263.708984
46,0.836040,0.398000,11513.203125
47,0.845808,0.398168,11762.745117
48,0.856162,0.396004,12012.298828
49,0.868017,0.399402,12261.873047
50,0.881226,0.393609,12511.441406
51,0.883069,0.417413,12761.001953
52,0.893730,0.462321,13010.591797
53,0.910623,0.480742,13260.131836
54,0.917181,0.504684,13509.725586
55,0.932813,0.552431,13759.271484
56,0.946558,0.548122,14008.819336
57,0.949966,0.574068,14258.400391
58,0.949306,0.590140,14507.953125
59,0.952060,0.586421,14757.551758
60,0.950921,0.581256,15007.081055
61,0.937684,0.584062,15256.663086
62,0.938880,0.582642,15506.197266
63,0.946384,0.568365,15755.766602
64,0.947692,0.578600,16005.321289
65,0.949336,0.580034,16254.902344
66,0.955525,0.566029,16504.470703
67,0.962898,0.564652,16754.013672
68,0.974308,0.550778,17003.607422
69,0.993130,0.533344,17253.146484
70,0.012886,0.517034,17502.716797
71,0.037697,0.502321,17752.292969
72,0.056835,0.496758,18001.843750
73,0.070078,0.517790,18251.423828
74,0.083579,0.519582,18501.052734
75,0.091479,0.526915,18750.544922
76,0.095414,0.528023,19000.099609
77,0.100037,0.528930,19266.304688
78,0.104197,0.530919,19515.876953
79,0.106632,0.533472,19765.433594
80,0.110068,0.535227,20015.007812
81,0.112223,0.536772,20264.574219
82,0.112104,0.539126,20514.117188
83,0.117272,0.542292,20763.681641
84,0.127896,0.537518,21013.244141
85,0.136343,0.535818,21262.806641
86,0.145958,0.539406,21512.380859
87,0.151306,0.538725,21761.949219
88,0.162644,0.537428,22011.509766
89,0.182385,0.535992,22261.058594
90,0.200229,0.535195,22510.625000
91,0.212951,0.534649,22760.199219
92,0.223161,0.534195,23009.763672
93,0.231693,0.534762,23259.318359
94,0.240960,0.534782,23508.921875
95,0.251259,0.535662,23758.507812
96,0.266327,0.537160,24008.001953
97,0.281316,0.537287,24257.589844
98,0.298530,0.536459,24507.158203
99,0.311689,0.537480,24756.726562
0,0.750019,0.563439,0.029743
1,0.749765,0.563986,266.226349
2,0.749787,0.564159,515.814697
3,0.749823,0.563984,765.375488
4,0.749878,0.564133,1014.945618
5,0.750140,0.562466,1264.482666
6,0.758393,0.520148,1514.052246
7,0.777073,0.439856,1763.612671
8,0.782873,0.352300,2013.160522
9,0.781551,0.306854,2262.767334
10,0.778439,0.279749,2512.364746
11,0.779117,0.272922,2761.880615
12,0.806156,0.247112,3011.413818
13,0.842776,0.203520,3261.051514
14,0.848674,0.185904,3510.589844
15,0.860874,0.193359,3760.092529
16,0.881574,0.234053,4009.636719
17,0.906888,0.366114,4259.322754
18,0.934231,0.483011,4508.797852
19,0.963952,0.532736,4758.395508
20,0.964864,0.546707,5007.956055
21,0.963602,0.553098,5257.519043
22,0.999856,0.522347,5507.024902
23,0.058770,0.483523,5756.667480
24,0.068237,0.476713,6006.284180
25,0.069168,0.490312,6255.731934
26,0.066840,0.508968,6505.346191
27,0.068085,0.528594,6754.883789
28,0.080893,0.537161,7004.416992
29,0.101795,0.537017,7253.995117
30,0.126274,0.534554,7503.597656
31,0.150710,0.530668,7753.109375
32,0.165987,0.536000,8002.747070
33,0.175196,0.534761,8252.225586
34,0.188612,0.529901,8501.789062
35,0.201584,0.522449,8751.394531
36,0.217532,0.511180,9000.920898
37,0.236589,0.508001,9250.530273
38,0.246481,0.513557,9500.069336
39,0.251734,0.516396,9766.320312
40,0.253496,0.516131,10015.864258
41,0.274377,0.478686,10265.417969
42,0.283542,0.440457,10514.951172
43,0.287857,0.428332,10764.554688
44,0.276128,0.469624,11014.075195
45,0.256692,0.515632,11263.713867
46,0.255194,0.524809,11513.248047
47,0.228692,0.544652,11762.789062
48,0.170171,0.561599,12012.338867
49,0.140102,0.559842,12261.906250
50,0.109883,0.558092,12511.492188
51,0.068403,0.558603,12761.024414
52,0.016885,0.565631,13010.603516
53,0.962833,0.567926,13260.154297
54,0.917521,0.561861,13509.829102
55,0.864300,0.558765,13759.299805
56,0.809381,0.553770,14008.859375
57,0.760892,0.550874,14258.411133
58,0.726524,0.548818,14508.011719
59,0.683922,0.546175,14757.602539
60,0.641290,0.539124,15007.096680
61,0.601514,0.540835,15256.681641
62,0.566588,0.545366,15506.210938
63,0.512380,0.614554,15755.827148
64,0.448479,0.721325,16005.364258
65,0.394925,0.782731,16254.957031
66,0.374070,0.797327,16504.525391
67,0.386852,0.777189,16754.093750
68,0.409744,0.722717,17003.642578
69,0.434869,0.678955,17253.203125
70,0.451698,0.643209,17502.755859
71,0.460226,0.592021,17752.345703
72,0.471375,0.565076,18001.878906
73,0.479996,0.563369,18251.441406
74,0.502642,0.546213,18501.044922
75,0.519860,0.495050,18750.595703
76,0.526138,0.480442,19000.130859
77,0.540672,0.477081,19266.332031
78,0.547956,0.480914,19515.943359
79,0.554534,0.473668,19765.488281
80,0.561609,0.479212,20015.021484
81,0.569414,0.500929,20264.582031
82,0.574023,0.513560,20514.164062
83,0.579114,0.518091,20763.736328
84,0.585709,0.525599,21013.292969
85,0.590994,0.534122,21262.841797
86,0.594944,0.548051,21512.412109
87,0.592280,0.569406,21761.966797
88,0.583611,0.596280,22011.537109
89,0.576462,0.623801,22261.109375
90,0.575861,0.637837,22510.654297
91,0.581820,0.641829,22760.230469
92,0.592571,0.640377,23009.777344
93,0.601871,0.641131,23259.363281
94,0.606847,0.643745,23508.931641
95,0.604232,0.647954,23758.476562
96,0.592607,0.651005,24008.042969
97,0.579281,0.657414,24257.603516
98,0.550863,0.672472,24507.167969
99,0.524782,0.682189,24756.718750
0,0.752988,0.511029,-0.000424
1,0.743327,0.518627,266.235779
2,0.701047,0.521206,515.740234
3,0.681116,0.519094,765.394287
4,0.686925,0.507667,1014.866760
5,0.704414,0.473047,1264.495850
6,0.721221,0.443718,1514.070190
7,0.717114,0.392305,1763.566650
8,0.701851,0.359386,2013.154785
9,0.628197,0.377342,2262.707275
10,0.549712,0.447713,2512.262695
11,0.516296,0.508516,2761.862061
12,0.510363,0.528958,3011.483398
13,0.495591,0.568275,3261.044189
14,0.488126,0.589186,3510.517334
15,0.486789,0.616171,3760.123291
16,0.487674,0.625849,4009.688721
17,0.488134,0.625145,4259.201660
18,0.489407,0.624360,4508.851074
19,0.489904,0.625627,4758.379883
20,0.489640,0.626659,5007.912109
21,0.489565,0.628474,5257.466797
22,0.496194,0.626022,5507.079102
23,0.524606,0.617714,5756.620117
24,0.568073,0.610735,6006.169434
25,0.596334,0.599240,6255.805664
26,0.596255,0.591297,6505.312500
27,0.590534,0.585076,6754.879395
28,0.593293,0.579690,7004.395996
29,0.622484,0.563743,7254.009277
30,0.695018,0.531798,7503.577637
31,0.725730,0.512012,7753.103516
32,0.722179,0.504021,8002.714844
33,0.731102,0.498992,8252.308594
34,0.789032,0.482807,8501.822266
35,0.841651,0.479467,8751.374023
36,0.853864,0.481617,9000.940430
37,0.862189,0.482825,9250.583008
38,0.851040,0.526094,9500.110352
39,0.835560,0.570666,9766.242188
40,0.844797,0.582081,10015.863281
41,0.848049,0.588418,10265.410156
42,0.856362,0.589389,10514.961914
43,0.890030,0.587270,10764.490234
44,0.922955,0.588646,11014.143555
45,0.956097,0.588235,11263.684570
46,0.988877,0.594339,11513.196289
47,0.017223,0.606771,11762.806641
48,0.041708,0.609425,12012.361328
49,0.061052,0.611410,12278.566406
50,0.087629,0.595095,12511.479492
51,0.115641,0.571378,12761.033203
52,0.098805,0.587640,13010.625000
53,0.063987,0.582151,13260.138672
54,0.052274,0.575531,13509.747070
55,0.048281,0.574607,13759.286133
56,0.062207,0.571226,14008.867188
57,0.085753,0.563077,14258.396484
58,0.137748,0.545194,14508.072266
59,0.176547,0.542899,14757.579102
60,0.192271,0.536284,15007.119141
61,0.199805,0.535839,15256.688477
62,0.208807,0.530601,15506.273438
63,0.215351,0.521474,15755.809570
64,0.219942,0.526292,16005.342773
65,0.220925,0.533957,16255.015625
66,0.214377,0.511129,16504.511719
67,0.190861,0.455516,16754.083984
68,0.177897,0.431267,17003.644531
69,0.151114,0.403159,17253.205078
70,0.132521,0.383156,17502.736328
71,0.129826,0.381149,17752.292969
72,0.121637,0.418066,18001.972656
73,0.131432,0.509412,18251.500000
74,0.146826,0.525557,18501.054688
75,0.152437,0.535695,18750.541016
76,0.151614,0.583981,19000.222656
77,0.124672,0.666298,19266.414062
78,0.088739,0.676280,19515.908203
79,0.040469,0.662725,19765.433594
80,0.002726,0.640362,20015.125000
81,0.950931,0.616157,20264.609375
82,0.919154,0.607058,20514.152344
83,0.896823,0.608097,20763.703125
84,0.873738,0.609200,21013.302734
85,0.850380,0.611865,21262.820312
86,0.818944,0.605072,21512.392578
87,0.788068,0.593253,21762.062500
88,0.778066,0.577234,22011.603516
89,0.767595,0.573193,22261.115234
90,0.773257,0.571702,22510.707031
91,0.788373,0.569490,22760.269531
92,0.783725,0.565880,23009.779297
93,0.775239,0.562070,23259.328125
94,0.717271,0.558265,23508.923828
95,0.639126,0.563643,23758.546875
96,0.601392,0.566143,24008.105469
97,0.570371,0.582188,24257.609375
98,0.518857,0.593561,24507.197266
99,0.490708,0.590887,24756.812500
0,0.748958,0.493765,0.016895
1,0.745634,0.492268,266.271271
2,0.746870,0.489716,515.721497
3,0.748130,0.484400,765.310120
4,0.745708,0.478844,1014.867065
5,0.738010,0.484358,1264.468018
6,0.714943,0.487315,1513.987793
7,0.708457,0.470014,1763.662354
8,0.710587,0.457198,2013.222168
9,0.706289,0.451068,2262.678955
10,0.698843,0.446425,2512.266846
11,0.693150,0.439600,2761.853760
12,0.693469,0.432911,3011.424805
13,0.705172,0.428072,3260.930420
14,0.718102,0.426162,3510.580322
15,0.736852,0.424754,3760.140625
16,0.762815,0.422998,4009.620361
17,0.793309,0.421515,4259.220703
18,0.822737,0.422389,4508.856445
19,0.852607,0.429879,4758.315430
20,0.888390,0.445102,5007.889648
21,0.918989,0.449638,5257.543945
22,0.941658,0.446848,5507.086914
23,0.965411,0.449736,5756.648926
24,0.991797,0.455319,6006.183594
25,0.016391,0.457032,6255.823242
26,0.039486,0.461857,6505.263672
27,0.065626,0.462579,6754.854492
28,0.094952,0.466507,7004.475586
29,0.112415,0.470508,7254.001953
30,0.127082,0.461781,7503.595703
31,0.132702,0.409119,7753.071777
32,0.134105,0.341865,8002.763672
33,0.140352,0.315443,8252.203125
34,0.155706,0.317048,8501.788086
35,0.173904,0.334124,8751.424805
36,0.202487,0.337890,9001.002930
37,0.222106,0.341278,9250.505859
38,0.229673,0.337397,9500.078125
39,0.240158,0.330429,9766.218750
40,0.221394,0.319535,10015.877930
41,0.222218,0.310989,10265.393555
42,0.235433,0.324737,10514.971680
43,0.258287,0.370335,10764.564453
44,0.265848,0.440964,11014.090820
45,0.286741,0.475304,11280.280273
46,0.310092,0.531727,11513.166016
47,0.337300,0.580160,11762.828125
48,0.371806,0.585855,12012.324219
49,0.405866,0.558910,12261.896484
50,0.418364,0.526471,12511.459961
51,0.424630,0.513903,12761.049805
52,0.438326,0.494560,13010.620117
53,0.450235,0.468119,13260.119141
54,0.455022,0.446155,13509.778320
55,0.459046,0.421183,13759.253906
56,0.464639,0.409840,14008.845703
57,0.472213,0.412812,14258.417969
58,0.486715,0.434907,14508.011719
59,0.501059,0.462251,14757.517578
60,0.521184,0.472842,15007.085938
61,0.540142,0.469888,15256.681641
62,0.558161,0.469484,15506.265625
63,0.571917,0.467937,15755.797852
64,0.581077,0.473474,16005.344727
65,0.600441,0.484924,16254.938477
66,0.623234,0.495956,16504.437500
67,0.647022,0.495777,16754.035156
68,0.666194,0.488104,17003.632812
69,0.670418,0.471606,17253.185547
70,0.658763,0.459517,17502.757812
71,0.637890,0.451096,17752.322266
72,0.606505,0.447091,18001.904297
73,0.567005,0.446671,18251.427734
74,0.517566,0.445168,18500.958984
75,0.471397,0.447137,18750.558594
76,0.429559,0.442450,19000.130859
77,0.391123,0.421555,19266.365234
78,0.356278,0.399450,19515.919922
79,0.317879,0.377744,19765.441406
80,0.298576,0.366707,20015.031250
81,0.281905,0.353146,20264.554688
82,0.276332,0.342985,20514.150391
83,0.268983,0.339974,20763.728516
84,0.250559,0.339498,21013.242188
85,0.228439,0.345872,21262.841797
86,0.208222,0.359477,21512.388672
87,0.193596,0.377808,21762.041016
88,0.186188,0.398864,22011.552734
89,0.181544,0.411050,22261.078125
90,0.162272,0.420351,22510.650391
91,0.136208,0.427498,22760.298828
92,0.120892,0.431561,23009.845703
93,0.096970,0.423869,23259.347656
94,0.066138,0.419653,23508.939453
95,0.055965,0.424745,23758.464844
96,0.044764,0.424998,24008.015625
97,0.018020,0.426074,24257.607422
98,0.977255,0.424568,24507.224609
99,0.943792,0.432394,24756.779297
0,0.752947,0.582728,0.027393
1,0.754746,0.584587,266.225189
2,0.730924,0.603630,515.820557
3,0.691803,0.623794,765.418884
4,0.631504,0.636175,1014.954712
5,0.589143,0.656282,1264.567627
6,0.553135,0.678717,1514.081787
7,0.526156,0.680324,1763.656738
8,0.505850,0.672827,2013.210693
9,0.493481,0.664642,2262.735596
10,0.508091,0.616612,2512.365967
11,0.533878,0.567608,2761.884766
12,0.567291,0.522838,3011.491455
13,0.627898,0.484984,3261.042725
14,0.685798,0.405298,3510.677490
15,0.717514,0.320034,3760.195557
16,0.722859,0.300110,4009.686035
17,0.731164,0.321814,4259.253418
18,0.730760,0.383144,4508.843750
19,0.723271,0.434382,4758.375488
20,0.732093,0.442804,5008.033691
21,0.739546,0.452757,5257.549805
22,0.736629,0.483022,5507.114258
23,0.752905,0.511156,5756.633301
24,0.807409,0.546638,6006.206543
25,0.826210,0.574081,6255.818359
26,0.814694,0.586589,6505.318359
27,0.856081,0.593839,6754.927734
28,0.927581,0.581328,7004.440918
29,0.977000,0.566649,7254.052734
30,0.001035,0.599149,7503.570801
31,0.005857,0.622682,7753.194824
32,0.014827,0.632915,8002.798828
33,0.039766,0.625561,8252.343750
34,0.089316,0.609888,8501.887695
35,0.146432,0.594954,8751.457031
36,0.170064,0.582167,9000.998047
37,0.198979,0.579005,9250.522461
38,0.224925,0.568627,9500.118164
39,0.238614,0.565581,9766.328125
40,0.244589,0.567244,10015.893555
41,0.271684,0.557935,10265.518555
42,0.213115,0.512642,10515.030273
43,0.113700,0.513711,10764.602539
44,0.066483,0.504358,11014.147461
45,0.073298,0.454556,11263.692383
46,0.135366,0.405159,11513.297852
47,0.202867,0.371592,11762.847656
48,0.251326,0.461593,12012.395508
49,0.264257,0.603708,12261.994141
50,0.245599,0.698590,12511.523438
51,0.197613,0.745726,12761.093750
52,0.196292,0.737169,13010.623047
53,0.228463,0.654464,13260.223633
54,0.241575,0.603677,13509.793945
55,0.257702,0.568007,13759.375977
56,0.269342,0.551871,14008.868164
57,0.333782,0.512378,14258.462891
58,0.386836,0.516892,14508.072266
59,0.451805,0.586194,14757.603516
60,0.489269,0.624483,15007.218750
61,0.501171,0.632719,15256.778320
62,0.491829,0.631969,15506.309570
63,0.477037,0.634785,15755.833008
64,0.456983,0.634720,16005.399414
65,0.438786,0.625647,16254.955078
66,0.433916,0.600761,16504.519531
67,0.426573,0.570092,16754.093750
68,0.417207,0.546696,17003.683594
69,0.426642,0.534294,17253.222656
70,0.450454,0.553913,17502.792969
71,0.456020,0.597398,17752.361328
72,0.446685,0.640641,18001.898438
73,0.446626,0.666887,18251.484375
74,0.449720,0.686411,18501.052734
75,0.461106,0.753412,18750.640625
76,0.496264,0.846039,19000.179688
77,0.517063,0.870665,19266.371094
78,0.568232,0.926070,19515.923828
79,0.617251,0.935970,19765.501953
80,0.566644,0.878925,20015.052734
81,0.584301,0.773341,20264.617188
82,0.613304,0.700710,20514.171875
83,0.622659,0.630510,20763.765625
84,0.611876,0.557094,21013.357422
85,0.600854,0.498624,21262.888672
86,0.619521,0.460249,21512.455078
87,0.614503,0.410391,21762.017578
88,0.613498,0.377558,22011.599609
89,0.627179,0.357407,22261.123047
90,0.651991,0.349939,22510.724609
91,0.690770,0.412767,22760.259766
92,0.717939,0.459511,23009.837891
93,0.731175,0.473241,23259.382812
94,0.737352,0.481984,23508.953125
95,0.740224,0.492657,23758.517578
96,0.732731,0.500669,24008.091797
97,0.746242,0.489781,24257.640625
98,0.759915,0.486068,24507.214844
99,0.764857,0.483392,24756.802734
0,0.753740,0.484047,0.023319
1,0.769187,0.486610,266.238983
2,0.785912,0.489288,515.802124
3,0.803497,0.492907,765.373718
4,0.822231,0.498411,1014.958252
5,0.837924,0.499595,1264.464844
6,0.860647,0.493368,1514.036743
7,0.875363,0.489681,1763.604248
8,0.866266,0.507808,2013.174927
9,0.808943,0.564980,2262.755859
10,0.761386,0.631799,2512.267090
11,0.739649,0.671093,2761.880371
12,0.734507,0.680455,3011.423828
13,0.733508,0.674363,3261.036133
14,0.724067,0.637065,3510.628418
15,0.715258,0.593319,3760.100586
16,0.702979,0.582584,4009.702148
17,0.663921,0.571987,4259.253906
18,0.622527,0.558668,4508.845215
19,0.590690,0.552160,4758.352051
20,0.554739,0.545141,5007.945312
21,0.528234,0.543012,5257.471680
22,0.523139,0.541815,5507.069336
23,0.533550,0.546370,5756.633301
24,0.554946,0.545986,6006.254395
25,0.586303,0.531344,6255.768555
26,0.625798,0.516209,6505.299805
27,0.673228,0.509115,6754.965820
28,0.719244,0.504676,7004.487793
29,0.769095,0.509780,7254.043945
30,0.843020,0.504594,7503.542969
31,0.926292,0.490368,7753.184082
32,0.989060,0.488238,8002.723633
33,0.017017,0.510615,8252.259766
34,0.012345,0.525284,8501.846680
35,0.006773,0.528741,8751.459961
36,0.036966,0.528928,9001.047852
37,0.075803,0.536141,9250.522461
38,0.110937,0.543884,9500.136719
39,0.145317,0.542590,9766.362305
40,0.176942,0.537059,10015.830078
41,0.211123,0.526046,10265.390625
42,0.243915,0.515983,10514.951172
43,0.255765,0.521067,10764.602539
44,0.257477,0.520444,11014.141602
45,0.272883,0.516409,11263.656250
46,0.281195,0.517353,11513.312500
47,0.279557,0.518420,11762.771484
48,0.277727,0.521267,12012.373047
49,0.276972,0.522801,12261.900391
50,0.275755,0.526475,12511.551758
51,0.274813,0.529927,12777.715820
52,0.272215,0.533917,13010.607422
53,0.270339,0.535773,13260.221680
54,0.268753,0.538781,13509.753906
55,0.268688,0.540852,13759.291016
56,0.268505,0.542936,14008.922852
57,0.268446,0.544651,14258.436523
58,0.268233,0.546813,14507.978516
59,0.268073,0.548265,14757.564453
60,0.267612,0.549489,15007.160156
61,0.267259,0.551126,15256.708984
62,0.266806,0.552861,15506.288086
63,0.266792,0.553398,15755.846680
64,0.266645,0.554288,16005.458984
65,0.266583,0.555551,16254.954102
66,0.266260,0.556337,16504.533203
67,0.266022,0.557166,16754.099609
68,0.266013,0.557855,17003.654297
69,0.265961,0.558467,17253.226562
70,0.265601,0.559124,17502.861328
71,0.265031,0.559741,17752.371094
72,0.262528,0.560948,18001.917969
73,0.253335,0.561380,18251.447266
74,0.234487,0.561542,18501.000000
75,0.209492,0.559724,18750.574219
76,0.177855,0.556916,19000.130859
77,0.145871,0.553990,19266.353516
78,0.113577,0.548228,19515.904297
79,0.065374,0.540496,19765.478516
80,0.009969,0.535063,20015.041016
81,0.977826,0.530880,20264.593750
82,0.952270,0.516784,20514.166016
83,0.924170,0.467183,20763.730469
84,0.891327,0.366458,21013.291016
85,0.869224,0.309920,21262.851562
86,0.853064,0.289087,21512.402344
87,0.832093,0.274343,21761.972656
88,0.805277,0.267199,22011.542969
89,0.780721,0.263942,22261.097656
90,0.781151,0.273668,22510.654297
91,0.786924,0.283319,22760.255859
92,0.785461,0.288825,23009.816406
93,0.781916,0.290442,23259.371094
94,0.779670,0.292642,23508.919922
95,0.779445,0.294721,23758.494141
96,0.778596,0.296029,24008.062500
97,0.778541,0.297194,24257.615234
98,0.778544,0.298856,24507.183594
99,0.778879,0.300751,24756.785156
0,0.749926,0.563664,-0.030867
1,0.750069,0.563755,266.205627
2,0.750654,0.564237,515.734436
3,0.767369,0.573788,765.326599
4,0.797002,0.634324,1014.843689
5,0.820584,0.696062,1264.469238
6,0.840364,0.730857,1514.000366
7,0.855658,0.740702,1763.583496
8,0.885181,0.748394,2013.081543
9,0.910895,0.744827,2262.644287
10,0.934349,0.724579,2512.323975
11,0.961238,0.713968,2761.891602
12,0.978312,0.710360,3011.388916
13,0.976414,0.684783,3260.957275
14,0.961975,0.620181,3510.470947
15,0.966072,0.547808,3760.060059
16,0.969719,0.502848,4009.599121
17,0.991776,0.471362,4259.244141
18,0.025352,0.433167,4508.776855
19,0.072144,0.433326,4758.351562
20,0.099902,0.494295,5007.889648
21,0.118899,0.528590,5257.481445
22,0.136977,0.566954,5507.026855
23,0.160868,0.583219,5756.537109
24,0.177867,0.573218,6006.157227
25,0.177463,0.561108,6255.737305
26,0.143694,0.545445,6505.313965
27,0.050012,0.536815,6754.797852
28,0.959136,0.522366,7004.474121
29,0.909911,0.508765,7253.978516
30,0.880170,0.441482,7503.493652
31,0.871588,0.381367,7753.122070
32,0.862671,0.355504,8002.626953
33,0.830538,0.306044,8252.253906
34,0.787310,0.265878,8501.741211
35,0.753406,0.239719,8751.376953
36,0.720112,0.234026,9000.885742
37,0.674876,0.239553,9250.439453
38,0.613857,0.293465,9500.064453
39,0.568858,0.353208,9766.269531
40,0.552824,0.431647,10015.786133
41,0.561293,0.478465,10265.427734
42,0.565342,0.493434,10514.887695
43,0.564778,0.504506,10764.559570
44,0.566345,0.508163,11014.063477
45,0.571081,0.510181,11263.591797
46,0.572789,0.513329,11513.275391
47,0.579017,0.515695,11762.739258
48,0.608679,0.514284,12012.349609
49,0.655544,0.514873,12261.841797
50,0.682266,0.516707,12511.516602
51,0.691007,0.510656,12760.974609
52,0.696767,0.506667,13010.541992
53,0.699294,0.503268,13260.166016
54,0.697637,0.490948,13509.699219
55,0.688953,0.446232,13759.252930
56,0.703144,0.410113,14008.828125
57,0.731419,0.400528,14258.417969
58,0.760351,0.404190,14507.969727
59,0.790330,0.415540,14757.525391
60,0.806594,0.422684,15007.096680
61,0.814101,0.444977,15256.676758
62,0.815093,0.475536,15506.171875
63,0.802088,0.499162,15755.774414
64,0.818834,0.533751,16005.445312
65,0.823623,0.546637,16254.902344
66,0.812928,0.552514,16504.492188
67,0.799240,0.558906,16753.980469
68,0.791155,0.561478,17003.626953
69,0.788545,0.563533,17253.150391
70,0.787102,0.559645,17502.677734
71,0.789980,0.545804,17752.298828
72,0.790596,0.542332,18001.898438
73,0.787999,0.550570,18251.480469
74,0.781747,0.588231,18500.996094
75,0.769153,0.616831,18750.568359
76,0.762979,0.622022,19000.078125
77,0.742027,0.615294,19266.324219
78,0.694996,0.606784,19515.822266
79,0.654353,0.600480,19765.425781
80,0.632637,0.598584,20014.970703
81,0.608641,0.594894,20264.587891
82,0.571044,0.582193,20514.136719
83,0.522308,0.551541,20763.691406
84,0.487642,0.542894,21013.214844
85,0.465235,0.546334,21262.785156
86,0.449391,0.551942,21512.398438
87,0.437582,0.567938,21761.988281
88,0.428400,0.569386,22011.529297
89,0.431714,0.568219,22261.091797
90,0.439211,0.562259,22510.710938
91,0.445438,0.534342,22760.212891
92,0.430438,0.506609,23009.728516
93,0.421518,0.500482,23259.302734
94,0.420124,0.507212,23508.960938
95,0.423778,0.507111,23758.429688
96,0.435695,0.500602,24007.994141
97,0.441335,0.494903,24257.609375
98,0.444075,0.492242,24507.162109
99,0.445414,0.492111,24756.679688
0,0.749867,0.529400,0.016498
1,0.749405,0.530436,266.201385
2,0.751282,0.531964,515.784180
3,0.765473,0.537841,765.348755
4,0.785169,0.544683,1014.930359
5,0.796975,0.514022,1264.469116
6,0.793078,0.459676,1514.083252
7,0.790872,0.436827,1763.631958
8,0.780764,0.441051,2013.167603
9,0.794987,0.424911,2262.816406
10,0.847228,0.400589,2512.316650
11,0.893489,0.406708,2761.847168
12,0.932437,0.435688,3011.432617
13,0.958689,0.464272,3261.019531
14,0.985087,0.497845,3510.573486
15,0.004937,0.530233,3760.098145
16,0.014120,0.553842,4009.708252
17,0.022519,0.567913,4259.260742
18,0.028763,0.572076,4508.775391
19,0.039451,0.569752,4758.383789
20,0.052738,0.562485,5008.001953
21,0.056843,0.544271,5257.536133
22,0.052547,0.549600,5507.057617
23,0.034976,0.599323,5756.614746
24,0.022023,0.625489,6006.189941
25,0.000385,0.643528,6255.735840
26,0.970073,0.656349,6505.327637
27,0.958001,0.655744,6754.901367
28,0.939745,0.641284,7004.440918
29,0.911942,0.613554,7253.980957
30,0.894544,0.566700,7503.600098
31,0.866078,0.534517,7753.121582
32,0.807615,0.529202,8002.718262
33,0.758294,0.525200,8252.280273
34,0.732767,0.513848,8501.869141
35,0.705775,0.513136,8751.408203
36,0.645394,0.579040,9000.926758
37,0.606561,0.642433,9250.572266
38,0.582539,0.719869,9500.169922
39,0.586045,0.768663,9766.277344
40,0.622899,0.792676,10015.834961
41,0.676602,0.772559,10265.442383
42,0.749547,0.675423,10514.990234
43,0.808821,0.584047,10764.567383
44,0.848466,0.472933,11014.087891
45,0.851350,0.382003,11263.691406
46,0.853158,0.328416,11513.270508
47,0.825953,0.311409,11762.772461
48,0.758604,0.304254,12012.372070
49,0.689211,0.317977,12261.955078
50,0.641554,0.318522,12511.500000
51,0.574846,0.358999,12761.022461
52,0.517512,0.446083,13010.643555
53,0.493257,0.508948,13260.167969
54,0.485466,0.558310,13509.758789
55,0.462579,0.584690,13759.342773
56,0.445226,0.598416,14008.918945
57,0.419504,0.592024,14258.461914
58,0.392141,0.585048,14507.987305
59,0.340508,0.582653,14757.595703
60,0.314406,0.576802,15007.137695
61,0.324123,0.541206,15256.756836
62,0.383537,0.475358,15506.238281
63,0.451785,0.426012,15755.906250
64,0.520756,0.423408,16005.403320
65,0.568276,0.436413,16254.925781
66,0.609442,0.456018,16504.542969
67,0.628918,0.461463,16754.119141
68,0.633433,0.466952,17003.664062
69,0.628022,0.483610,17253.185547
70,0.599539,0.509881,17502.779297
71,0.562155,0.561933,17752.310547
72,0.508274,0.603907,18001.878906
73,0.418559,0.662069,18251.476562
74,0.327380,0.693734,18501.050781
75,0.269080,0.706258,18750.666016
76,0.225479,0.713959,19000.115234
77,0.181486,0.703370,19266.330078
78,0.151042,0.673600,19515.964844
79,0.128586,0.631708,19765.447266
80,0.088349,0.613765,20015.017578
81,0.054348,0.619649,20264.609375
82,0.045513,0.614811,20514.242188
83,0.049047,0.585235,20763.761719
84,0.070761,0.552878,21013.279297
85,0.097240,0.532876,21262.900391
86,0.131434,0.515926,21512.396484
87,0.161856,0.491848,21762.011719
88,0.191419,0.406769,22011.570312
89,0.209147,0.378863,22261.138672
90,0.224498,0.364832,22510.740234
91,0.249076,0.364651,22760.250000
92,0.299378,0.379673,23009.873047
93,0.353914,0.423251,23259.357422
94,0.387777,0.450679,23508.949219
95,0.409196,0.462158,23758.517578
96,0.423576,0.466322,24008.132812
97,0.431445,0.466494,24257.669922
98,0.461920,0.464228,24507.203125
99,0.503967,0.469106,24756.835938
0,0.749692,0.485923,0.004934
1,0.748842,0.487248,266.217102
2,0.733721,0.490917,515.746460
3,0.661730,0.497695,765.291748
4,0.595249,0.502068,1014.902344
5,0.575136,0.507142,1264.450806
6,0.568577,0.504350,1514.042603
7,0.564044,0.492931,1763.592285
8,0.554281,0.467582,2013.203857
9,0.543219,0.434157,2262.801270
10,0.536568,0.415699,2512.241699
11,0.537250,0.406828,2761.869141
12,0.545433,0.397924,3011.363281
13,0.591131,0.332286,3260.931396
14,0.665899,0.275662,3510.568848
15,0.721578,0.278813,3760.107178
16,0.741360,0.294369,4009.694580
17,0.739862,0.341918,4259.239746
18,0.726596,0.416898,4508.851562
19,0.719125,0.447277,4758.395996
20,0.709858,0.461240,5007.914551
21,0.684133,0.491516,5257.477539
22,0.692459,0.529728,5507.077637
23,0.822267,0.534157,5756.565918
24,0.922983,0.507068,6006.137207
25,0.964567,0.503567,6255.715332
26,0.001590,0.529516,6505.287109
27,0.040092,0.503664,6754.918457
28,0.058001,0.482127,7004.404785
29,0.074948,0.491940,7254.000488
30,0.110047,0.522445,7503.529297
31,0.145568,0.524084,7753.117676
32,0.192878,0.531573,8002.662109
33,0.219755,0.539699,8252.246094
34,0.237153,0.487100,8501.835938
35,0.232537,0.398751,8751.386719
36,0.226766,0.319761,9000.907227
37,0.237010,0.252568,9250.498047
38,0.267220,0.201341,9500.027344
39,0.284912,0.180862,9766.250000
40,0.278523,0.184633,10015.805664
41,0.277383,0.201748,10265.377930
42,0.271174,0.211577,10514.990234
43,0.274812,0.215731,10764.521484
44,0.309496,0.264469,11014.093750
45,0.339285,0.406300,11263.637695
46,0.354270,0.504741,11513.206055
47,0.358606,0.545471,11762.768555
48,0.372922,0.607012,12012.361328
49,0.384617,0.637485,12261.880859
50,0.396060,0.636546,12511.447266
51,0.403292,0.632194,12761.041992
52,0.406713,0.637695,13010.619141
53,0.428429,0.630658,13260.126953
54,0.464861,0.602919,13509.700195
55,0.464786,0.579840,13759.331055
56,0.437567,0.588071,14008.830078
57,0.397104,0.626143,14258.394531
58,0.396426,0.631806,14507.954102
59,0.399678,0.634333,14757.582031
60,0.398163,0.625838,15007.077148
61,0.373162,0.591520,15256.681641
62,0.349460,0.559729,15506.212891
63,0.307838,0.542109,15755.834961
64,0.270135,0.529864,16005.336914
65,0.260846,0.533299,16254.904297
66,0.274794,0.592301,16504.472656
67,0.299837,0.681567,16754.023438
68,0.329663,0.783757,17003.636719
69,0.342253,0.836535,17253.183594
70,0.327461,0.862035,17502.726562
71,0.232677,0.790096,17752.294922
72,0.194767,0.672268,18001.853516
73,0.200071,0.591851,18251.421875
74,0.206721,0.536821,18500.978516
75,0.211424,0.512151,18750.564453
76,0.192816,0.513777,19000.152344
77,0.152941,0.508057,19266.343750
78,0.128375,0.500449,19515.890625
79,0.104205,0.492447,19765.427734
80,0.076167,0.484436,20015.027344
81,0.046289,0.485641,20264.583984
82,0.016885,0.512637,20514.142578
83,0.997675,0.541394,20763.718750
84,0.997123,0.565971,21013.257812
85,0.996223,0.574382,21262.822266
86,0.995452,0.581391,21512.388672
87,0.989478,0.587750,21762.003906
88,0.965667,0.575421,22011.542969
89,0.943864,0.558942,22261.078125
90,0.921732,0.539752,22510.632812
91,0.881525,0.514436,22760.191406
92,0.843446,0.487723,23009.816406
93,0.824105,0.463501,23259.341797
94,0.787409,0.458962,23508.896484
95,0.732314,0.454038,23758.498047
96,0.691494,0.451005,24008.070312
97,0.664721,0.454012,24257.593750
98,0.649000,0.457208,24507.158203
99,0.634182,0.459739,24756.728516
0,0.749781,0.498826,0.000501
1,0.749812,0.498990,266.210297
2,0.748813,0.498545,515.765808
3,0.743895,0.492111,765.331543
4,0.737420,0.481889,1015.016968
5,0.732837,0.463328,1264.458740
6,0.730894,0.433200,1514.044434
7,0.729725,0.397172,1763.620728
8,0.729068,0.346839,2013.151245
9,0.731037,0.309163,2262.720215
10,0.734946,0.287521,2512.300781
11,0.737677,0.275170,2761.838623
12,0.739178,0.273249,3011.417480
13,0.739704,0.275866,3260.961182
14,0.740275,0.279008,3510.552979
15,0.740479,0.281665,3760.130371
16,0.739857,0.286935,4009.706787
17,0.738424,0.293426,4259.235352
18,0.737483,0.303194,4508.797852
19,0.734358,0.318471,4758.368652
20,0.726588,0.343182,5007.919922
21,0.707412,0.370808,5257.478516
22,0.682695,0.391139,5507.046875
23,0.661024,0.408502,5756.635254
24,0.639140,0.428193,6006.205078
25,0.616535,0.444323,6255.774414
26,0.594385,0.460671,6505.345215
27,0.574600,0.474446,6754.890137
28,0.557497,0.484684,7004.440918
29,0.544208,0.500130,7253.995117
30,0.531799,0.514572,7503.545410
31,0.525979,0.527614,7753.109375
32,0.520478,0.540903,8002.716797
33,0.518345,0.549573,8252.312500
34,0.520370,0.547243,8501.872070
35,0.525181,0.536213,8751.397461
36,0.535812,0.526778,9000.958008
37,0.562062,0.517281,9250.507812
38,0.585319,0.506742,9500.075195
39,0.601822,0.498722,9766.275391
40,0.622460,0.490084,10015.878906
41,0.645932,0.481434,10265.419922
42,0.672174,0.472707,10515.003906
43,0.696994,0.464560,10764.517578
44,0.720596,0.460119,11014.083008
45,0.743781,0.456710,11263.666992
46,0.766224,0.452758,11513.237305
47,0.788749,0.448408,11762.810547
48,0.811580,0.446817,12012.345703
49,0.830140,0.450722,12261.930664
50,0.847374,0.455485,12511.511719
51,0.863641,0.454725,12761.035156
52,0.876244,0.451895,13010.622070
53,0.888654,0.455029,13260.188477
54,0.906587,0.465262,13509.759766
55,0.918580,0.480525,13759.296875
56,0.929100,0.503371,14008.891602
57,0.938957,0.524525,14258.439453
58,0.950408,0.538769,14507.994141
59,0.964879,0.550690,14757.555664
60,0.972630,0.557296,15007.131836
61,0.974558,0.559637,15256.700195
62,0.975296,0.560985,15506.250000
63,0.980306,0.561550,15755.802734
64,0.986255,0.558846,16005.380859
65,0.995337,0.552418,16254.973633
66,0.007156,0.533276,16504.496094
67,0.022408,0.523862,16754.101562
68,0.042857,0.534852,17003.619141
69,0.055770,0.549003,17253.193359
70,0.054471,0.552731,17502.771484
71,0.046264,0.548883,17752.308594
72,0.032918,0.542918,18001.892578
73,0.015912,0.532832,18251.439453
74,0.997068,0.520107,18500.998047
75,0.976625,0.500407,18750.580078
76,0.951595,0.479259,19000.142578
77,0.922322,0.458713,19266.349609
78,0.896529,0.437657,19515.910156
79,0.877658,0.412101,19765.480469
80,0.861282,0.370305,20015.033203
81,0.845042,0.322155,20264.587891
82,0.829067,0.282558,20514.185547
83,0.815628,0.266910,20763.718750
84,0.806630,0.265599,21013.289062
85,0.795862,0.265149,21262.851562
86,0.779826,0.259812,21512.412109
87,0.765762,0.260079,21761.980469
88,0.744917,0.263937,22011.544922
89,0.732035,0.268155,22261.105469
90,0.724858,0.271242,22510.650391
91,0.708736,0.276122,22760.234375
92,0.688234,0.281811,23009.830078
93,0.671397,0.287378,23259.369141
94,0.657237,0.293044,23508.912109
95,0.646969,0.298836,23758.513672
96,0.633929,0.304238,24008.066406
97,0.625091,0.306685,24257.621094
98,0.619528,0.308438,24507.175781
99,0.615227,0.310322,24756.757812
0,0.751495,0.519914,0.024618
1,0.757352,0.498820,266.210968
2,0.808683,0.548139,515.759399
3,0.892335,0.569722,765.335449
4,0.938878,0.581100,1014.896790
5,0.962785,0.598490,1264.453735
6,0.991862,0.602939,1514.055054
7,0.028482,0.602143,1763.563843
8,0.071046,0.598542,2013.172729
9,0.111541,0.585002,2262.685547
10,0.158118,0.538382,2512.277588
11,0.172686,0.507963,2761.882080
12,0.148203,0.464359,3011.408203
13,0.119915,0.412805,3260.965088
14,0.103705,0.397926,3510.529297
15,0.077810,0.394148,3760.124756
16,0.031717,0.389498,4009.635498
17,0.974272,0.385496,4259.204102
18,0.910490,0.390664,4508.768066
19,0.836549,0.413941,4758.366699
20,0.745955,0.432121,5007.897949
21,0.674279,0.442163,5257.453613
22,0.620834,0.454103,5507.042969
23,0.557132,0.470108,5756.607910
24,0.503320,0.510057,6006.154297
25,0.470805,0.569062,6255.720703
26,0.446545,0.598925,6505.291504
27,0.399537,0.604792,6754.843262
28,0.330096,0.593549,7004.439453
29,0.288305,0.585709,7253.984863
30,0.270779,0.552650,7503.565918
31,0.274057,0.516670,7753.120605
32,0.305544,0.491148,8002.682617
33,0.332816,0.456803,8252.254883
34,0.376995,0.445335,8501.798828
35,0.437894,0.449053,8751.360352
36,0.467465,0.460693,9000.914062
37,0.491840,0.489346,9250.502930
38,0.506694,0.548463,9500.041016
39,0.576673,0.587457,9766.260742
40,0.607957,0.607525,10015.818359
41,0.627608,0.621635,10265.417969
42,0.652823,0.613062,10514.952148
43,0.665594,0.607735,10764.511719
44,0.676407,0.605547,11014.070312
45,0.678906,0.606642,11263.657227
46,0.674819,0.604495,11513.191406
47,0.671456,0.605135,11762.756836
48,0.668524,0.607183,12012.318359
49,0.666962,0.609340,12261.878906
50,0.666836,0.611788,12511.444336
51,0.666241,0.612690,12761.027344
52,0.665396,0.613379,13010.623047
53,0.664243,0.609946,13260.182617
54,0.661211,0.525030,13509.748047
55,0.670086,0.440070,13759.256836
56,0.653190,0.407290,14008.825195
57,0.648975,0.343384,14258.393555
58,0.674416,0.285803,14507.989258
59,0.701473,0.239661,14757.581055
60,0.742304,0.213524,15007.108398
61,0.783386,0.207015,15256.668945
62,0.826554,0.204905,15506.220703
63,0.872073,0.210866,15755.781250
64,0.907132,0.225885,16005.347656
65,0.960364,0.287491,16254.924805
66,0.035247,0.393948,16504.486328
67,0.074746,0.501788,16754.046875
68,0.088042,0.581521,17003.632812
69,0.055026,0.667621,17253.160156
70,0.020769,0.699437,17502.732422
71,0.003526,0.707033,17752.308594
72,0.984385,0.705029,18001.865234
73,0.955000,0.682347,18251.414062
74,0.942275,0.652428,18501.003906
75,0.927309,0.572668,18750.578125
76,0.920448,0.482733,19000.130859
77,0.905524,0.439637,19266.322266
78,0.893486,0.421782,19515.894531
79,0.894334,0.415787,19765.443359
80,0.898065,0.414588,20015.017578
81,0.908772,0.420672,20264.583984
82,0.925787,0.427064,20514.132812
83,0.956394,0.437227,20763.708984
84,0.990809,0.439767,21013.267578
85,0.980828,0.437326,21262.833984
86,0.965826,0.437676,21512.392578
87,0.951892,0.440501,21761.955078
88,0.943241,0.443079,22011.541016
89,0.939180,0.443671,22261.083984
90,0.937648,0.444864,22510.664062
91,0.937268,0.444409,22760.212891
92,0.936530,0.442955,23009.792969
93,0.936527,0.444095,23259.341797
94,0.936526,0.445219,23508.908203
95,0.936589,0.445494,23758.476562
96,0.936651,0.446519,24008.021484
97,0.934081,0.458515,24257.591797
98,0.918644,0.489699,24507.171875
99,0.888444,0.527940,24756.728516
0,0.742921,0.498730,0.017523
1,0.751888,0.508144,266.244049
2,0.754435,0.508270,515.766724
3,0.754484,0.555108,765.358826
4,0.747344,0.634144,1014.906738
5,0.674870,0.689634,1264.453979
6,0.585545,0.675932,1514.036743
7,0.590325,0.665914,1763.635376
8,0.643394,0.622457,2013.160034
9,0.771015,0.510167,2262.733154
10,0.885885,0.449583,2512.377441
11,0.934829,0.447407,2761.917725
12,0.964452,0.438246,3011.460938
13,0.999809,0.436783,3260.976807
14,0.037888,0.442107,3510.617432
15,0.071284,0.447258,3760.138184
16,0.100279,0.454867,4009.671875
17,0.150317,0.451923,4259.271973
18,0.199851,0.454781,4508.786133
19,0.223114,0.455456,4758.448242
20,0.234095,0.494308,5007.946777
21,0.253978,0.529093,5257.555664
22,0.313966,0.491133,5507.083984
23,0.350745,0.449339,5756.622559
24,0.397964,0.455306,6006.223633
25,0.438208,0.472183,6255.734375
26,0.457408,0.470083,6505.347168
27,0.482460,0.467753,6754.854980
28,0.492745,0.451856,7004.479004
29,0.468507,0.424192,7254.105469
30,0.428882,0.371395,7503.553223
31,0.389132,0.362269,7753.168457
32,0.339951,0.341196,8002.744629
33,0.283406,0.322212,8252.292969
34,0.252563,0.315982,8501.817383
35,0.217799,0.326278,8751.431641
36,0.189709,0.328623,9000.939453
37,0.175151,0.335010,9250.594727
38,0.139040,0.335209,9500.153320
39,0.069448,0.339421,9766.366211
40,0.000640,0.348252,10015.827148
41,0.974214,0.355293,10265.433594
42,0.955556,0.336932,10514.960938
43,0.923687,0.313972,10764.563477
44,0.890320,0.306584,11014.124023
45,0.855688,0.302821,11263.702148
46,0.820235,0.302503,11513.258789
47,0.788293,0.303730,11762.860352
48,0.755064,0.303599,12012.388672
49,0.723031,0.302373,12261.906250
50,0.685784,0.301963,12511.484375
51,0.636268,0.297960,12761.084961
52,0.582546,0.305796,13010.662109
53,0.545931,0.312505,13260.185547
54,0.529802,0.318535,13509.781250
55,0.503004,0.323144,13759.343750
56,0.471530,0.332241,14008.855469
57,0.446631,0.342087,14258.491211
58,0.423626,0.349401,14508.009766
59,0.401749,0.347475,14757.634766
60,0.380288,0.361701,15007.100586
61,0.352772,0.359315,15256.759766
62,0.319989,0.372683,15506.252930
63,0.279286,0.380869,15755.846680
64,0.248208,0.380729,16005.430664
65,0.221797,0.375033,16254.982422
66,0.179787,0.373210,16504.539062
67,0.119656,0.374664,16754.044922
68,0.071197,0.382652,17003.703125
69,0.047298,0.373493,17253.179688
70,0.028736,0.386578,17502.794922
71,0.995560,0.374812,17752.349609
72,0.925589,0.371262,18001.904297
73,0.841084,0.367640,18251.474609
74,0.741710,0.398684,18501.005859
75,0.647013,0.457292,18750.558594
76,0.590317,0.494097,19000.218750
77,0.565606,0.502622,19266.347656
78,0.562459,0.499627,19515.937500
79,0.574720,0.495836,19765.513672
80,0.605805,0.493605,20015.082031
81,0.652263,0.490866,20264.630859
82,0.730008,0.473329,20514.156250
83,0.826727,0.433582,20763.832031
84,0.921097,0.408227,21013.324219
85,0.020334,0.390922,21262.892578
86,0.148806,0.409367,21512.404297
87,0.274638,0.446009,21762.013672
88,0.384314,0.462819,22011.607422
89,0.478757,0.468509,22261.095703
90,0.540201,0.462228,22510.757812
91,0.588976,0.456089,22760.285156
92,0.626013,0.456114,23009.843750
93,0.667099,0.456908,23259.365234
94,0.711178,0.463435,23508.976562
95,0.751179,0.470217,23758.480469
96,0.793191,0.471711,24008.046875
97,0.833113,0.468767,24257.628906
98,0.869650,0.466312,24507.226562
99,0.895621,0.465122,24756.785156
0,0.751951,0.556463,-0.003934
1,0.754035,0.556393,266.199127
2,0.750605,0.555640,515.806213
3,0.740094,0.501599,765.316589
4,0.745218,0.423113,1014.893494
5,0.777652,0.376926,1264.441040
6,0.821770,0.360222,1514.052002
7,0.839160,0.370382,1763.673706
8,0.851061,0.407641,2013.116577
9,0.887200,0.491608,2262.788818
10,0.890118,0.560227,2512.248047
11,0.893094,0.612484,2761.839600
12,0.897848,0.646223,3011.440674
13,0.933218,0.670094,3261.044922
14,0.941772,0.679312,3510.568848
15,0.925896,0.688350,3760.067627
16,0.854642,0.710989,4009.684326
17,0.780491,0.724180,4259.265137
18,0.714185,0.725346,4508.777344
19,0.661842,0.699207,4758.408203
20,0.639630,0.608294,5007.991211
21,0.636270,0.508859,5257.470703
22,0.632209,0.415740,5507.015137
23,0.603332,0.379472,5756.621582
24,0.561934,0.378501,6006.207031
25,0.518135,0.398551,6255.766602
26,0.484848,0.419816,6505.387207
27,0.466577,0.425522,6754.899902
28,0.467109,0.402883,7004.438965
29,0.473387,0.382268,7253.997559
30,0.472473,0.399372,7503.540039
31,0.471693,0.446138,7753.142090
32,0.463497,0.521175,8002.672363
33,0.453806,0.563612,8252.227539
34,0.447329,0.566863,8501.835938
35,0.440819,0.556597,8751.458984
36,0.440246,0.550479,9000.925781
37,0.441436,0.543328,9250.493164
38,0.436834,0.534681,9500.121094
39,0.408336,0.526335,9766.238281
40,0.379770,0.528679,10015.900391
41,0.355352,0.536746,10265.416016
42,0.338457,0.540788,10514.988281
43,0.318209,0.544649,10764.594727
44,0.295409,0.543448,11014.069336
45,0.274978,0.545636,11263.645508
46,0.257893,0.544534,11513.184570
47,0.240317,0.534949,11762.774414
48,0.221493,0.523679,12012.379883
49,0.214407,0.481480,12261.925781
50,0.216616,0.420457,12511.496094
51,0.213025,0.381157,12761.046875
52,0.189008,0.357021,13010.701172
53,0.150519,0.352464,13260.155273
54,0.123625,0.395957,13509.770508
55,0.117827,0.501528,13759.289062
56,0.104035,0.576627,14008.892578
57,0.065951,0.623341,14258.422852
58,0.027546,0.638684,14507.965820
59,0.986200,0.627184,14757.620117
60,0.953690,0.610100,15007.124023
61,0.927978,0.591200,15256.697266
62,0.901907,0.567931,15506.208008
63,0.863968,0.554913,15755.829102
64,0.820192,0.541785,16005.404297
65,0.781693,0.513772,16254.925781
66,0.756797,0.464867,16504.544922
67,0.743380,0.454045,16754.050781
68,0.738112,0.432291,17003.656250
69,0.730750,0.413198,17253.167969
70,0.708026,0.411880,17502.759766
71,0.682998,0.430592,17752.320312
72,0.667003,0.446591,18001.847656
73,0.668110,0.456122,18251.484375
74,0.669577,0.464158,18500.984375
75,0.639010,0.517780,18750.589844
76,0.588759,0.561614,19000.113281
77,0.579308,0.560090,19266.332031
78,0.603282,0.555746,19515.960938
79,0.692404,0.569066,19765.482422
80,0.798645,0.570914,20015.003906
81,0.872126,0.558631,20264.628906
82,0.936134,0.543839,20514.132812
83,0.997654,0.527665,20763.771484
84,0.049556,0.520119,21013.287109
85,0.091478,0.524045,21262.871094
86,0.132720,0.521915,21512.431641
87,0.171569,0.519096,21761.998047
88,0.200470,0.515241,22011.558594
89,0.226072,0.518668,22261.162109
90,0.251336,0.522674,22510.669922
91,0.278226,0.524796,22760.212891
92,0.292369,0.527476,23009.816406
93,0.317545,0.525989,23259.333984
94,0.341006,0.522431,23508.931641
95,0.355748,0.530881,23758.521484
96,0.365617,0.550911,24008.156250
97,0.374248,0.560656,24257.701172
98,0.357845,0.566940,24507.169922
99,0.309876,0.577854,24756.751953
0,0.743948,0.469793,0.010054
1,0.739154,0.471258,266.115845
2,0.734181,0.490281,515.737549
3,0.727709,0.558118,765.271301
4,0.722087,0.643860,1014.858643
5,0.720035,0.675137,1264.403564
6,0.718866,0.590089,1514.007812
7,0.718114,0.475569,1763.527344
8,0.719096,0.402222,2013.083862
9,0.716638,0.355068,2262.701660
10,0.717928,0.335284,2512.275635
11,0.720644,0.354056,2761.825928
12,0.732546,0.350753,3011.355957
13,0.763911,0.292034,3260.981201
14,0.784617,0.275215,3510.501709
15,0.809787,0.299897,3760.117920
16,0.826412,0.366829,4009.558105
17,0.833007,0.425637,4259.211426
18,0.817695,0.494690,4508.726562
19,0.787050,0.522936,4758.339355
20,0.736974,0.534788,5007.798828
21,0.673110,0.552461,5257.445312
22,0.639252,0.556150,5507.061035
23,0.629743,0.563631,5756.554688
24,0.628670,0.602421,6006.200195
25,0.640628,0.597534,6255.670410
26,0.670628,0.573172,6505.296875
27,0.725459,0.531344,6754.797363
28,0.766669,0.496651,7004.403320
29,0.802613,0.486272,7253.866211
30,0.859400,0.486401,7503.495605
31,0.905901,0.492192,7752.984375
32,0.939025,0.506078,8002.601562
33,0.981909,0.535986,8252.100586
34,0.015879,0.584408,8501.773438
35,0.033618,0.631658,8751.418945
36,0.048966,0.634669,9000.888672
37,0.063567,0.615026,9250.453125
38,0.077944,0.577016,9516.631836
39,0.096904,0.545928,9766.230469
40,0.127741,0.538726,10015.731445
41,0.145122,0.537486,10265.314453
42,0.160064,0.536383,10514.866211
43,0.173368,0.533632,10764.464844
44,0.172604,0.518252,11014.046875
45,0.161975,0.441802,11263.583008
46,0.154790,0.386230,11513.164062
47,0.152041,0.370544,11762.691406
48,0.141844,0.328110,12012.354492
49,0.129835,0.300331,12261.791016
50,0.111354,0.305605,12511.444336
51,0.084369,0.349720,12760.955078
52,0.068463,0.379331,13010.535156
53,0.036773,0.354508,13260.073242
54,0.997266,0.335807,13509.655273
55,0.956998,0.275758,13759.124023
56,0.921110,0.256236,14008.770508
57,0.878512,0.259014,14258.431641
58,0.826859,0.276474,14507.881836
59,0.768766,0.300567,14757.484375
60,0.712402,0.322052,15007.016602
61,0.667764,0.334766,15256.630859
62,0.642600,0.348334,15506.093750
63,0.621060,0.357452,15755.762695
64,0.593976,0.379695,16005.225586
65,0.569532,0.399457,16254.878906
66,0.548896,0.426725,16504.320312
67,0.530632,0.474932,16753.947266
68,0.513101,0.507546,17003.582031
69,0.492361,0.545979,17253.099609
70,0.462854,0.595008,17502.718750
71,0.433599,0.625565,17752.226562
72,0.400746,0.640816,18001.814453
73,0.377535,0.633329,18251.294922
74,0.360872,0.593787,18500.937500
75,0.354191,0.530954,18750.410156
76,0.362525,0.443866,19000.097656
77,0.374821,0.367473,19266.173828
78,0.381707,0.323878,19515.791016
79,0.393603,0.292703,19765.406250
80,0.413678,0.269563,20014.941406
81,0.436891,0.270587,20264.505859
82,0.452917,0.298442,20514.068359
83,0.466563,0.347163,20763.648438
84,0.488271,0.393738,21013.117188
85,0.510568,0.457806,21262.800781
86,0.521582,0.524684,21512.298828
87,0.510844,0.569343,21761.923828
88,0.494990,0.586941,22011.359375
89,0.501986,0.589766,22261.011719
90,0.493759,0.601393,22510.593750
91,0.486489,0.619140,22760.103516
92,0.522086,0.621968,23009.757812
93,0.562677,0.628320,23259.255859
94,0.580508,0.628194,23508.861328
95,0.592404,0.635999,23758.339844
96,0.592553,0.595669,24008.007812
97,0.581631,0.523486,24257.460938
98,0.580062,0.479524,24507.091797
99,0.581091,0.434782,24756.548828
