Idx, longitude, latitude, start timestamp
0,0.750147,0.452238,-0.000282
1,0.751055,0.452939,266.227325
2,0.767918,0.456514,515.746399
3,0.799536,0.470535,765.379211
4,0.833934,0.511663,1014.852356
5,0.866032,0.550229,1264.360229
6,0.898624,0.571148,1513.922119
7,0.929392,0.575047,1763.541626
8,0.959505,0.572194,2013.096802
9,0.983944,0.567046,2262.681885
10,0.999013,0.565426,2512.285645
11,0.007713,0.568547,2761.859131
12,0.021391,0.593582,3011.310547
13,0.036597,0.618223,3260.932617
14,0.049926,0.634085,3510.523926
15,0.064753,0.641232,3760.131348
16,0.075726,0.640660,4009.619141
17,0.083856,0.635262,4259.158203
18,0.087735,0.625384,4508.830078
19,0.087490,0.611403,4758.341309
20,0.081104,0.599396,5007.878906
21,0.066883,0.587781,5257.378906
22,0.050926,0.576020,5506.971191
23,0.035715,0.560556,5756.601074
24,0.023284,0.555131,6006.103516
25,0.011109,0.556385,6255.713379
26,0.002939,0.554828,6505.240234
27,0.993819,0.553456,6754.823730
28,0.981508,0.555033,7004.401855
29,0.970960,0.553916,7253.961914
30,0.954811,0.550478,7503.432129
31,0.911893,0.549627,7753.070312
32,0.836580,0.539529,8002.618652
33,0.764903,0.532921,8252.227539
34,0.708105,0.517422,8501.803711
35,0.647588,0.505405,8751.317383
36,0.599218,0.507309,9000.933594
37,0.563515,0.505029,9250.459961
38,0.530251,0.509603,9500.025391
39,0.505707,0.514912,9766.155273
40,0.488239,0.524018,10015.860352
41,0.472716,0.532666,10265.296875
42,0.461977,0.532675,10514.886719
43,0.452173,0.537221,10764.410156
44,0.422238,0.561690,11014.063477
45,0.401771,0.579561,11263.630859
46,0.385307,0.589619,11513.122070
47,0.371723,0.598538,11762.783203
48,0.374727,0.628182,12012.264648
49,0.401602,0.692203,12261.850586
50,0.430802,0.731722,12511.401367
51,0.455781,0.759336,12760.965820
52,0.478664,0.777138,13010.497070
53,0.496426,0.792734,13260.122070
54,0.510382,0.804044,13509.673828
55,0.519593,0.808535,13759.270508
56,0.537206,0.813357,14008.736328
57,0.559891,0.814926,14258.373047
58,0.584191,0.811351,14507.945312
59,0.616488,0.805262,14757.532227
60,0.651899,0.802976,15007.056641
61,0.691610,0.803852,15256.568359
62,0.725947,0.806127,15506.197266
63,0.758981,0.805888,15755.676758
64,0.784652,0.803477,16005.347656
65,0.798718,0.801894,16254.797852
66,0.809508,0.818273,16504.476562
67,0.826072,0.844283,16787.314453
68,0.845644,0.861528,17020.132812
69,0.864333,0.871542,17269.771484
70,0.883418,0.876706,17519.246094
71,0.902379,0.879250,17768.919922
72,0.932388,0.861783,18001.787109
73,0.962816,0.830515,18251.423828
74,0.985922,0.800929,18500.923828
75,0.018203,0.715818,18750.537109
76,0.047358,0.640966,19050.033203
77,0.058799,0.597337,19282.886719
78,0.054800,0.574958,19515.742188
79,0.036869,0.559970,19765.339844
80,0.019871,0.539974,20014.978516
81,0.010709,0.543546,20297.753906
82,0.007240,0.552807,20530.732422
83,0.004222,0.560109,20763.632812
84,0.989500,0.571130,21013.193359
85,0.968395,0.586978,21262.718750
86,0.948284,0.593487,21512.306641
87,0.941405,0.598251,21778.429688
88,0.945093,0.609102,22011.419922
89,0.949642,0.617891,22260.957031
90,0.957002,0.619605,22510.582031
91,0.968227,0.618370,22760.171875
92,0.979177,0.615836,23009.689453
93,0.989178,0.603149,23259.279297
94,0.997610,0.592989,23508.802734
95,0.002013,0.584049,23824.955078
96,0.005338,0.544381,24074.509766
97,0.007350,0.490574,24324.023438
98,0.012678,0.430124,24573.662109
99,0.018400,0.391012,24823.162109
0,0.748794,0.413858,-0.001570
1,0.747382,0.417621,266.249695
2,0.744035,0.453697,515.703613
3,0.737235,0.589730,765.299438
4,0.726171,0.713227,1014.846558
5,0.720665,0.765735,1264.417358
6,0.712252,0.824954,1513.965942
7,0.706788,0.863412,1763.579590
8,0.690904,0.908094,2013.070068
9,0.673638,0.913230,2262.728271
10,0.691199,0.913396,2512.229004
11,0.700523,0.915594,2761.799805
12,0.725748,0.952382,3011.263184
13,0.738733,0.971983,3260.939209
14,0.731614,0.968024,3510.503418
15,0.732886,0.961414,3760.050537
16,0.744029,0.960783,4009.622314
17,0.739309,0.951599,4259.202637
18,0.788303,0.856441,4508.723633
19,0.891120,0.672339,4758.310059
20,0.944150,0.584766,5007.903809
21,0.959953,0.552306,5257.363770
22,0.966781,0.524920,5507.040039
23,0.960494,0.477394,5756.465820
24,0.951045,0.384471,6022.747559
25,0.950039,0.352012,6272.362305
26,0.944826,0.341254,6521.877441
27,0.918988,0.320219,6771.467773
28,0.798605,0.241489,7021.002930
29,0.693304,0.220768,7270.562988
30,0.661695,0.224087,7520.093750
31,0.654276,0.228155,7769.710938
32,0.650519,0.230702,8019.208008
33,0.645658,0.226774,8268.847656
34,0.620801,0.216045,8518.308594
35,0.603306,0.204166,8767.949219
36,0.626950,0.230190,9000.818359
37,0.643811,0.254365,9250.470703
38,0.657914,0.275623,9500.084961
39,0.666073,0.259924,9766.181641
40,0.661844,0.232038,10015.806641
41,0.661246,0.223320,10281.926758
42,0.691695,0.218359,10514.917969
43,0.765000,0.217265,10781.031250
44,0.793459,0.223607,11014.046875
45,0.796114,0.225593,11263.525391
46,0.797565,0.229310,11513.171875
47,0.796644,0.229961,11779.401367
48,0.780680,0.228947,12012.272461
49,0.763538,0.241047,12261.881836
50,0.702784,0.250898,12511.409180
51,0.584603,0.290918,12760.998047
52,0.566615,0.299266,13010.488281
53,0.557149,0.310336,13276.715820
54,0.525043,0.406220,13526.238281
55,0.494562,0.510440,13759.202148
56,0.494103,0.575748,14008.691406
57,0.514505,0.676717,14258.409180
58,0.511209,0.699087,14507.800781
59,0.457987,0.637665,14757.483398
60,0.467773,0.586622,15007.076172
61,0.512905,0.523582,15256.584961
62,0.520695,0.479096,15506.217773
63,0.541856,0.395975,15772.315430
64,0.564297,0.328318,16005.352539
65,0.597914,0.268545,16254.769531
66,0.623666,0.226485,16504.394531
67,0.640600,0.209715,16753.890625
68,0.726819,0.189438,17020.197266
69,0.829162,0.220863,17269.625000
70,0.848561,0.237234,17502.658203
71,0.852920,0.242576,17752.166016
72,0.853235,0.244274,18001.765625
73,0.854955,0.245641,18251.416016
74,0.855720,0.247989,18500.882812
75,0.856085,0.248881,18767.101562
76,0.855856,0.250784,19033.294922
77,0.856809,0.253484,19266.281250
78,0.858636,0.254216,19515.716797
79,0.861147,0.257798,19765.347656
80,0.866971,0.273530,20014.878906
81,0.880731,0.294494,20264.464844
82,0.940659,0.406283,20514.074219
83,0.018464,0.521147,20763.601562
84,0.054569,0.537901,21013.191406
85,0.086866,0.520069,21279.363281
86,0.114629,0.558578,21528.972656
87,0.121055,0.680209,21778.417969
88,0.119630,0.699748,22011.451172
89,0.125221,0.706161,22277.550781
90,0.126722,0.706260,22527.154297
91,0.126595,0.702395,22776.712891
92,0.125592,0.697339,23009.642578
93,0.058240,0.765772,23259.144531
94,0.011289,0.804426,23542.046875
95,0.991740,0.816796,23775.033203
96,0.951702,0.779888,24024.523438
97,0.928437,0.688733,24274.150391
98,0.945046,0.603881,24507.058594
99,0.968093,0.543236,24773.269531
0,0.750203,0.509698,-0.004376
1,0.750288,0.510136,266.198395
2,0.748650,0.508342,515.744080
3,0.708452,0.535458,765.337158
4,0.635694,0.532526,1014.821289
5,0.601406,0.518618,1264.442871
6,0.576270,0.519063,1514.062622
7,0.549169,0.519586,1763.486084
8,0.527833,0.548860,2013.169312
9,0.502456,0.624553,2262.618652
10,0.477682,0.685388,2512.305908
11,0.453794,0.721080,2761.743896
12,0.432002,0.717665,3011.362061
13,0.398854,0.648796,3260.852783
14,0.377023,0.609105,3510.475830
15,0.357641,0.590342,3760.045654
16,0.347225,0.547450,4009.540527
17,0.345668,0.493379,4259.073730
18,0.356612,0.426868,4508.656250
19,0.386382,0.393740,4758.215332
20,0.418884,0.391592,5007.761719
21,0.438814,0.391074,5257.443359
22,0.440790,0.396694,5506.933105
23,0.435806,0.423872,5756.546875
24,0.441444,0.479036,6006.072266
25,0.464580,0.497104,6255.601562
26,0.483811,0.500676,6505.128418
27,0.494431,0.504763,6754.722656
28,0.498376,0.504917,7004.254395
29,0.505655,0.502586,7253.934570
30,0.521242,0.498001,7503.351562
31,0.535776,0.480687,7752.963867
32,0.546506,0.433051,8002.623535
33,0.551225,0.374218,8252.102539
34,0.556978,0.329966,8518.335938
35,0.566041,0.297481,8751.186523
36,0.579830,0.267983,9000.781250
37,0.596271,0.242743,9250.333984
38,0.634806,0.260848,9516.621094
39,0.685313,0.299869,9766.058594
40,0.728822,0.330975,10015.656250
41,0.775391,0.285650,10265.137695
42,0.808586,0.258202,10514.717773
43,0.847169,0.276159,10764.375000
44,0.902746,0.301481,11013.826172
45,0.939549,0.297228,11263.507812
46,0.964741,0.307583,11512.973633
47,0.989649,0.335792,11762.631836
48,0.008183,0.394629,12012.079102
49,0.018193,0.469762,12261.704102
50,0.016349,0.507752,12511.157227
51,0.008070,0.515164,12760.814453
52,0.000271,0.515062,13010.382812
53,0.012466,0.517996,13259.880859
54,0.016872,0.495876,13509.543945
55,0.026587,0.489024,13759.068359
56,0.044983,0.522769,14008.731445
57,0.052205,0.559807,14258.101562
58,0.060051,0.594923,14507.725586
59,0.068128,0.634308,14757.288086
60,0.086284,0.679211,15006.832031
61,0.097196,0.682370,15256.374023
62,0.091012,0.715051,15505.935547
63,0.080491,0.743624,15755.490234
64,0.049611,0.783466,16005.109375
65,0.007915,0.802435,16304.581055
66,0.977123,0.801680,16537.437500
67,0.945108,0.799719,16770.453125
68,0.895660,0.790358,17003.285156
69,0.843248,0.753695,17286.193359
70,0.788549,0.724333,17502.457031
71,0.750652,0.722173,17768.687500
72,0.714017,0.727869,18001.521484
73,0.677424,0.742865,18251.136719
74,0.641378,0.763241,18500.654297
75,0.630819,0.795574,18833.386719
76,0.645044,0.826549,19066.384766
77,0.681595,0.852153,19299.242188
78,0.698553,0.872973,19515.638672
79,0.737961,0.879445,19765.054688
80,0.800205,0.860903,20047.925781
81,0.818872,0.877070,20280.808594
82,0.851931,0.898999,20513.802734
83,0.837957,0.902378,20779.906250
84,0.807512,0.898173,21012.916016
85,0.784423,0.875149,21262.437500
86,0.771187,0.841332,21512.001953
87,0.770483,0.831348,21761.542969
88,0.775607,0.833066,22077.671875
89,0.775789,0.835864,22310.615234
90,0.772893,0.839624,22526.878906
91,0.770231,0.844566,22759.873047
92,0.765697,0.846419,23009.361328
93,0.747276,0.854609,23292.212891
94,0.740534,0.863924,23525.062500
95,0.743493,0.864593,23758.062500
96,0.741817,0.863026,24024.166016
97,0.746140,0.854215,24257.167969
98,0.749641,0.846348,24506.720703
99,0.754971,0.838953,24756.330078
0,0.744608,0.450308,0.017437
1,0.736607,0.450228,266.155029
2,0.729764,0.440220,515.723999
3,0.704418,0.458473,765.329956
4,0.676745,0.504190,1014.843567
5,0.652981,0.541195,1264.359863
6,0.630802,0.571328,1513.966675
7,0.617665,0.602462,1763.463745
8,0.612223,0.638287,2013.109863
9,0.613493,0.673723,2262.720215
10,0.613174,0.704442,2512.236084
11,0.615041,0.730813,2761.785889
12,0.627231,0.757316,3011.355713
13,0.637583,0.782386,3260.893066
14,0.643566,0.801237,3510.465088
15,0.641932,0.819132,3760.051758
16,0.640417,0.832851,4009.556152
17,0.643611,0.842214,4259.204590
18,0.674806,0.852568,4508.602539
19,0.734971,0.847287,4758.280273
20,0.757003,0.839134,5007.752930
21,0.753363,0.836797,5257.335449
22,0.751610,0.834158,5506.953613
23,0.735741,0.830822,5773.145996
24,0.712156,0.825737,6022.723145
25,0.685403,0.822141,6255.583496
26,0.673262,0.821160,6505.236328
27,0.666906,0.821801,6754.662598
28,0.663173,0.821229,7087.435547
29,0.668675,0.821799,7303.827637
30,0.686158,0.816371,7536.669434
31,0.718351,0.805305,7769.575684
32,0.771120,0.782682,8002.557617
33,0.807932,0.760726,8285.409180
34,0.837122,0.735273,8518.250000
35,0.865326,0.703325,8784.493164
36,0.899816,0.666836,9017.392578
37,0.937081,0.618119,9266.961914
38,0.960715,0.577505,9599.726562
39,0.974873,0.551400,9815.936523
40,0.979984,0.542138,10048.959961
41,0.986672,0.538467,10281.847656
42,0.997523,0.515723,10514.732422
43,0.001377,0.457992,10764.314453
44,0.999799,0.410067,11030.593750
45,0.997990,0.375573,11263.440430
46,0.998386,0.367716,11529.680664
47,0.004150,0.387627,11762.544922
48,0.015139,0.413943,12012.125977
49,0.016006,0.442535,12261.612305
50,0.014363,0.456270,12594.421875
51,0.013133,0.461157,12810.729492
52,0.011654,0.462327,13043.643555
53,0.007551,0.462017,13276.560547
54,0.002912,0.466095,13509.485352
55,0.004176,0.468666,13775.708008
56,0.018105,0.481182,14008.611328
57,0.044244,0.496852,14274.813477
58,0.071353,0.511698,14507.721680
59,0.094289,0.528912,14757.309570
60,0.117108,0.546454,15090.083008
61,0.129979,0.559009,15306.300781
62,0.139306,0.573077,15539.131836
63,0.144775,0.575117,15772.146484
64,0.138680,0.568329,16005.019531
65,0.117764,0.559573,16254.631836
66,0.090671,0.549075,16520.812500
67,0.060807,0.540821,16753.726562
68,0.033100,0.535516,17003.222656
69,0.005715,0.526209,17269.505859
70,0.975785,0.511813,17519.128906
71,0.949943,0.486255,17768.625000
72,0.925995,0.465411,18001.607422
73,0.893237,0.460327,18251.087891
74,0.852777,0.457540,18567.167969
75,0.817388,0.459712,18816.816406
76,0.786227,0.458358,19033.072266
77,0.752648,0.456324,19265.912109
78,0.712248,0.454938,19548.804688
79,0.680479,0.454666,19765.179688
80,0.644688,0.453415,20047.910156
81,0.611480,0.456184,20280.808594
82,0.576950,0.461200,20513.767578
83,0.546491,0.472191,20763.351562
84,0.525210,0.475910,21012.876953
85,0.505116,0.477134,21345.615234
86,0.487229,0.474777,21578.648438
87,0.471157,0.474170,21811.458984
88,0.455958,0.471131,22044.466797
89,0.443529,0.466633,22277.296875
90,0.432755,0.458945,22510.207031
91,0.416679,0.454167,22793.080078
92,0.399810,0.457946,23026.031250
93,0.392774,0.460696,23258.943359
94,0.387584,0.461963,23525.187500
95,0.396863,0.457680,23758.062500
96,0.429252,0.450281,24007.710938
97,0.453862,0.450707,24257.177734
98,0.478994,0.467993,24506.783203
99,0.484992,0.493262,24822.880859
0,0.749302,0.706783,-0.018616
1,0.747152,0.692013,266.087036
2,0.755074,0.717256,515.750427
3,0.752287,0.803912,765.159058
4,0.723159,0.859423,1014.778259
5,0.683736,0.902319,1264.340820
6,0.601631,0.923993,1513.894897
7,0.525641,0.921805,1763.450317
8,0.498661,0.918441,2029.680908
9,0.508765,0.910510,2262.721436
10,0.539296,0.882271,2512.213379
11,0.555217,0.825539,2761.766602
12,0.547600,0.742631,3011.330566
13,0.534474,0.673077,3260.913086
14,0.520328,0.644050,3510.427979
15,0.513222,0.633350,3759.988281
16,0.514322,0.601303,4009.580811
17,0.518940,0.570466,4259.153320
18,0.518289,0.525749,4508.623047
19,0.512588,0.462438,4758.328613
20,0.506067,0.420501,5007.895508
21,0.502872,0.406821,5257.356934
22,0.505845,0.411689,5507.012207
23,0.509355,0.424722,5756.514648
24,0.509556,0.437011,6006.179688
25,0.506940,0.456045,6255.635742
26,0.498883,0.471494,6505.274902
27,0.498152,0.468987,6754.730957
28,0.499095,0.450418,7004.409668
29,0.504712,0.441458,7253.871094
30,0.509458,0.450842,7503.457520
31,0.516194,0.467802,7753.072754
32,0.522169,0.479806,8002.577148
33,0.528778,0.498931,8252.199219
34,0.553682,0.511440,8501.738281
35,0.592157,0.509866,8751.319336
36,0.621258,0.579667,9000.872070
37,0.639195,0.648339,9250.345703
38,0.652651,0.678732,9516.582031
39,0.673377,0.712474,9766.206055
40,0.697861,0.746088,10015.723633
41,0.730262,0.785951,10265.347656
42,0.763437,0.814295,10514.928711
43,0.801596,0.842731,10764.410156
44,0.833708,0.861727,11014.052734
45,0.880248,0.871381,11263.650391
46,0.910976,0.865845,11513.215820
47,0.934335,0.853749,11762.672852
48,0.949979,0.842312,12012.259766
49,0.975085,0.842884,12261.797852
50,0.962242,0.887482,12511.375000
51,0.917947,0.915534,12760.868164
52,0.908280,0.927450,13010.576172
53,0.902414,0.930112,13260.045898
54,0.907065,0.928534,13509.639648
55,0.905169,0.925089,13759.346680
56,0.902827,0.918160,14008.820312
57,0.899335,0.898426,14258.343750
58,0.916831,0.823806,14507.851562
59,0.935182,0.717961,14757.502930
60,0.943900,0.642544,15007.054688
61,0.950613,0.606068,15256.579102
62,0.955314,0.573188,15506.218750
63,0.959790,0.558686,15755.707031
64,0.965103,0.562105,16005.253906
65,0.988044,0.547773,16254.820312
66,0.011681,0.513170,16504.447266
67,0.024935,0.487693,16753.968750
68,0.022420,0.436842,17003.566406
69,0.018344,0.390713,17253.125000
70,0.027718,0.356992,17502.679688
71,0.056530,0.371505,17752.248047
72,0.077541,0.401347,18001.796875
73,0.077071,0.451464,18251.294922
74,0.078535,0.510822,18500.984375
75,0.088378,0.540662,18750.408203
76,0.099415,0.564465,19000.082031
77,0.101929,0.578027,19266.214844
78,0.100009,0.588131,19515.777344
79,0.098092,0.594725,19765.457031
80,0.091846,0.605394,20014.890625
81,0.063786,0.671914,20264.605469
82,0.006017,0.765608,20514.058594
83,0.990821,0.814045,20763.634766
84,0.995092,0.839619,21013.183594
85,0.986383,0.845666,21262.769531
86,0.970351,0.867132,21512.302734
87,0.929859,0.923260,21761.925781
88,0.840812,0.968114,22011.414062
89,0.621761,0.984186,22261.078125
90,0.417980,0.967734,22510.609375
91,0.378433,0.946804,22760.138672
92,0.376566,0.899420,23009.751953
93,0.416841,0.852069,23259.263672
94,0.445525,0.826881,23508.865234
95,0.465700,0.800297,23758.400391
96,0.444511,0.719974,24007.966797
97,0.419659,0.663639,24257.462891
98,0.421246,0.662916,24507.136719
99,0.431758,0.667222,24756.642578
0,0.750709,0.505457,-0.024509
1,0.751455,0.508268,266.192230
2,0.751743,0.512496,515.652161
3,0.752095,0.523258,765.339233
4,0.753969,0.541550,1014.777283
5,0.762124,0.565258,1264.424683
6,0.778392,0.593449,1513.929565
7,0.780491,0.622771,1763.607788
8,0.772719,0.647574,2013.191772
9,0.765065,0.661136,2262.640869
10,0.760775,0.671752,2512.300293
11,0.760975,0.684909,2761.825928
12,0.770680,0.702789,3011.405273
13,0.793067,0.718631,3260.868896
14,0.806538,0.735861,3510.554199
15,0.811283,0.747340,3760.017578
16,0.815615,0.754970,4009.655029
17,0.826699,0.760379,4259.197754
18,0.845028,0.755875,4508.743652
19,0.854869,0.754646,4758.480957
20,0.853918,0.759007,5007.845215
21,0.843646,0.771685,5257.599121
22,0.830623,0.781924,5506.963867
23,0.820564,0.775283,5756.636230
24,0.811364,0.770498,6006.125488
25,0.803116,0.768800,6255.797363
26,0.789958,0.766115,6505.236816
27,0.760522,0.759710,6754.845215
28,0.718626,0.746625,7004.348145
29,0.679585,0.732334,7253.936035
30,0.664799,0.729835,7503.473145
31,0.666235,0.731428,7753.059082
32,0.665654,0.729367,8002.786621
33,0.651683,0.722453,8252.298828
34,0.628812,0.713654,8501.845703
35,0.598368,0.701467,8751.348633
36,0.560944,0.680713,9000.944336
37,0.530635,0.660011,9250.465820
38,0.507443,0.645282,9500.034180
39,0.483895,0.648499,9766.156250
40,0.467055,0.668524,10015.921875
41,0.446695,0.674973,10265.308594
42,0.433557,0.695121,10514.895508
43,0.430945,0.707520,10764.521484
44,0.430916,0.710828,11014.018555
45,0.429957,0.705105,11263.690430
46,0.417084,0.673831,11513.129883
47,0.406233,0.651250,11762.803711
48,0.399918,0.639763,12012.254883
49,0.403829,0.615293,12261.891602
50,0.412991,0.594322,12511.470703
51,0.416227,0.587551,12761.047852
52,0.414944,0.581217,13010.486328
53,0.417027,0.576246,13260.113281
54,0.422951,0.565105,13509.781250
55,0.432175,0.557761,13759.282227
56,0.433116,0.554714,14008.888672
57,0.432437,0.555841,14258.438477
58,0.432205,0.556644,14508.008789
59,0.432584,0.557281,14757.515625
60,0.435730,0.537458,15007.149414
61,0.437222,0.510615,15256.623047
62,0.438290,0.506343,15506.223633
63,0.439198,0.509660,15755.700195
64,0.439778,0.512983,16005.359375
65,0.439881,0.514117,16254.878906
66,0.439820,0.514774,16504.439453
67,0.439392,0.515554,16754.062500
68,0.429110,0.520393,17003.658203
69,0.411289,0.531653,17253.195312
70,0.402285,0.540156,17502.751953
71,0.401663,0.542825,17835.419922
72,0.414667,0.541007,18085.083984
73,0.419694,0.538294,18334.539062
74,0.421798,0.537285,18584.191406
75,0.423274,0.537562,18750.541016
76,0.447028,0.538496,19000.119141
77,0.488023,0.536197,19349.521484
78,0.541714,0.531573,19599.091797
79,0.619736,0.513585,19832.037109
80,0.708601,0.495192,20098.191406
81,0.774770,0.483358,20347.796875
82,0.829292,0.482670,20597.333984
83,0.870488,0.490711,20763.638672
84,0.913266,0.509952,21013.263672
85,0.942600,0.523726,21262.791016
86,0.966143,0.536473,21512.400391
87,0.983963,0.548277,21761.894531
88,0.998122,0.576519,22011.498047
89,0.010690,0.607430,22261.062500
90,0.028529,0.626820,22610.488281
91,0.040856,0.637982,22760.244141
92,0.053297,0.640512,23009.736328
93,0.062471,0.638246,23259.351562
94,0.070457,0.636652,23508.898438
95,0.075546,0.633535,23758.488281
96,0.073279,0.631272,24008.044922
97,0.069963,0.631031,24257.593750
98,0.066853,0.630994,24523.705078
99,0.064903,0.630980,24756.716797
0,0.749226,0.453857,0.007187
1,0.749514,0.462290,266.313782
2,0.747438,0.486172,515.736023
3,0.755687,0.604323,765.401428
4,0.846939,0.673002,1014.922729
5,0.891746,0.723446,1264.516724
6,0.840429,0.803578,1514.096069
7,0.822039,0.839301,1763.653442
8,0.871433,0.824307,2013.233643
9,0.951098,0.764163,2262.714355
10,0.994031,0.655204,2512.478760
11,0.002228,0.589787,2761.875977
12,0.996730,0.555103,3011.482178
13,0.985835,0.527201,3261.049316
14,0.972118,0.506593,3510.508545
15,0.931603,0.419243,3760.161621
16,0.908960,0.306930,4009.676270
17,0.911516,0.258220,4259.171875
18,0.868923,0.226309,4508.845703
19,0.770755,0.207108,4758.430176
20,0.746357,0.198513,5008.025391
21,0.757605,0.192286,5257.616699
22,0.843884,0.223496,5507.062500
23,0.867468,0.240044,5756.714844
24,0.846514,0.215592,6006.187988
25,0.801767,0.192424,6255.796875
26,0.775980,0.194061,6505.261230
27,0.759734,0.200724,6754.896484
28,0.742360,0.220156,7004.396973
29,0.757036,0.238624,7254.111328
30,0.769527,0.238607,7503.486328
31,0.703950,0.236570,7753.181152
32,0.581142,0.300506,8002.762695
33,0.536413,0.349152,8252.274414
34,0.505029,0.370511,8501.897461
35,0.488893,0.381628,8751.358398
36,0.481744,0.396481,9001.017578
37,0.492030,0.423218,9250.475586
38,0.491234,0.475778,9500.173828
39,0.478093,0.509176,9766.300781
40,0.443535,0.522300,10015.854492
41,0.389192,0.556122,10265.436523
42,0.366490,0.574018,10514.957031
43,0.363349,0.585060,10764.564453
44,0.389715,0.625243,11014.111328
45,0.428340,0.699904,11263.713867
46,0.453087,0.731147,11513.226562
47,0.495722,0.750070,11762.845703
48,0.493386,0.762626,12012.279297
49,0.484686,0.768018,12261.941406
50,0.486392,0.771077,12511.442383
51,0.489725,0.765651,12761.059570
52,0.509824,0.754875,13010.536133
53,0.531433,0.721268,13260.237305
54,0.528310,0.666234,13509.790039
55,0.491323,0.573627,13759.308594
56,0.472534,0.518155,14008.872070
57,0.465921,0.486379,14258.432617
58,0.407317,0.458598,14508.063477
59,0.327766,0.455846,14757.516602
60,0.268233,0.459170,15007.156250
61,0.231294,0.467275,15256.597656
62,0.207591,0.484002,15506.271484
63,0.179723,0.520910,15755.718750
64,0.155895,0.458716,16005.311523
65,0.142300,0.381464,16255.000000
66,0.110038,0.374997,16504.525391
67,0.076222,0.442138,16754.142578
68,0.064890,0.453374,17003.652344
69,0.073012,0.425461,17253.265625
70,0.074275,0.425101,17502.685547
71,0.064014,0.461830,17752.263672
72,0.048642,0.503083,18001.796875
73,0.034217,0.535710,18251.468750
74,0.021265,0.568377,18500.966797
75,0.017261,0.584560,18750.595703
76,0.019599,0.583380,19000.121094
77,0.025943,0.595996,19266.345703
78,0.033943,0.660699,19515.888672
79,0.033260,0.713679,19765.439453
80,0.019543,0.720284,20015.111328
81,0.002404,0.703225,20264.521484
82,0.023492,0.687694,20514.197266
83,0.057385,0.673509,20763.681641
84,0.062901,0.662292,21013.326172
85,0.074506,0.626939,21262.736328
86,0.090984,0.607441,21512.373047
87,0.112999,0.601774,21761.853516
88,0.115369,0.600203,22011.509766
89,0.128334,0.570498,22261.103516
90,0.148631,0.494278,22510.662109
91,0.160315,0.440202,22760.230469
92,0.183771,0.414244,23009.763672
93,0.213403,0.398539,23259.386719
94,0.247106,0.391894,23508.857422
95,0.290128,0.409301,23758.455078
96,0.327485,0.438828,24007.953125
97,0.355414,0.445819,24257.615234
98,0.386475,0.438946,24507.058594
99,0.411275,0.439875,24756.744141
0,0.750129,0.540424,-0.052943
1,0.748731,0.534542,266.192963
2,0.742928,0.511508,515.719177
3,0.739062,0.442314,765.294006
4,0.741927,0.407287,1014.817078
5,0.797610,0.419852,1264.394531
6,0.834739,0.468448,1514.059570
7,0.853085,0.557131,1763.584473
8,0.868247,0.617907,2013.140991
9,0.879517,0.659906,2262.716309
10,0.891059,0.690946,2512.322754
11,0.913300,0.707187,2761.761963
12,0.908838,0.775015,3011.388428
13,0.887920,0.802726,3260.919678
14,0.942442,0.699283,3510.527100
15,0.976171,0.613431,3759.979248
16,0.991350,0.578425,4009.639648
17,0.999054,0.563169,4259.255371
18,0.004400,0.559101,4508.726562
19,0.001291,0.565320,4758.409668
20,0.989760,0.577194,5007.905762
21,0.038007,0.580290,5257.463379
22,0.087067,0.564115,5506.970215
23,0.065028,0.556697,5756.570312
24,0.000729,0.566375,6006.116211
25,0.938754,0.568131,6255.681641
26,0.858389,0.565208,6505.206543
27,0.769819,0.554563,6754.847168
28,0.673927,0.548276,7004.425781
29,0.595455,0.535910,7253.957520
30,0.536480,0.523066,7503.622559
31,0.501152,0.522043,7753.062988
32,0.479657,0.509691,8002.655762
33,0.459655,0.484867,8252.161133
34,0.444486,0.486138,8501.819336
35,0.436096,0.486481,8751.368164
36,0.414128,0.513157,9000.947266
37,0.372683,0.556739,9250.504883
38,0.365845,0.559678,9500.050781
39,0.365301,0.540979,9766.280273
40,0.365496,0.511630,10015.733398
41,0.369506,0.514904,10265.401367
42,0.371095,0.506919,10514.972656
43,0.368223,0.505631,10764.547852
44,0.364241,0.515204,11014.017578
45,0.377843,0.520055,11263.648438
46,0.415859,0.532915,11513.145508
47,0.459093,0.572527,11762.700195
48,0.486846,0.604845,12012.234375
49,0.500830,0.626542,12261.884766
50,0.515793,0.599021,12511.365234
51,0.533824,0.503853,12760.982422
52,0.549106,0.396662,13010.651367
53,0.564420,0.330879,13260.157227
54,0.588760,0.282307,13509.679688
55,0.619965,0.236041,13759.220703
56,0.625510,0.228030,14008.833984
57,0.619125,0.256508,14258.357422
58,0.634865,0.378797,14507.919922
59,0.689625,0.493103,14757.519531
60,0.748236,0.507077,15007.023438
61,0.782553,0.519504,15256.533203
62,0.814325,0.594317,15506.148438
63,0.832699,0.666030,15755.764648
64,0.845604,0.709319,16005.326172
65,0.847972,0.755923,16254.886719
66,0.856780,0.784077,16504.427734
67,0.886166,0.704690,16753.990234
68,0.905638,0.614222,17003.519531
69,0.929826,0.587353,17253.117188
70,0.951518,0.566580,17502.632812
71,0.951166,0.559239,17752.283203
72,0.949597,0.556249,18001.736328
73,0.949839,0.556204,18251.441406
74,0.941505,0.558311,18500.923828
75,0.898159,0.561140,18750.505859
76,0.858196,0.558742,19000.095703
77,0.815646,0.555552,19266.205078
78,0.779493,0.545638,19515.855469
79,0.760096,0.530507,19765.382812
80,0.744703,0.523120,20014.933594
81,0.722502,0.524106,20264.451172
82,0.695207,0.524996,20514.064453
83,0.661212,0.523053,20763.595703
84,0.618249,0.515952,21013.171875
85,0.580724,0.514076,21262.751953
86,0.545290,0.510844,21512.318359
87,0.519022,0.507695,21761.943359
88,0.504384,0.505109,22011.402344
89,0.496881,0.508995,22261.048828
90,0.496512,0.517558,22510.564453
91,0.497892,0.534547,22760.134766
92,0.497373,0.535958,23009.736328
93,0.497795,0.533877,23259.250000
94,0.499316,0.526622,23508.742188
95,0.499435,0.521209,23758.380859
96,0.499330,0.519068,24007.921875
97,0.499275,0.518427,24257.556641
98,0.499612,0.516926,24507.126953
99,0.500093,0.516070,24756.648438
0,0.749204,0.483155,-0.041925
1,0.745939,0.482394,266.225403
2,0.728695,0.473840,515.827881
3,0.705437,0.407867,765.364807
4,0.721330,0.367152,1014.965088
5,0.779898,0.405715,1264.391357
6,0.854844,0.480696,1514.058105
7,0.890308,0.582595,1763.522705
8,0.905805,0.679437,2013.156860
9,0.911599,0.734816,2262.617920
10,0.874082,0.788561,2512.275391
11,0.839484,0.819181,2778.548096
12,0.786788,0.851096,3011.404053
13,0.720856,0.873497,3260.950684
14,0.675686,0.890472,3510.525635
15,0.658638,0.902614,3760.112793
16,0.643267,0.904791,4009.623535
17,0.605646,0.895429,4259.326172
18,0.577578,0.885277,4508.798828
19,0.545254,0.873333,4758.375000
20,0.506027,0.841837,5007.813477
21,0.479012,0.821871,5257.434082
22,0.469996,0.809809,5506.988770
23,0.451417,0.776907,5756.620605
24,0.416319,0.702923,6006.079590
25,0.385796,0.622440,6255.682617
26,0.358467,0.585089,6505.309570
27,0.346962,0.589551,6754.803223
28,0.340691,0.595347,7037.697754
29,0.335478,0.604860,7303.772949
30,0.346682,0.588530,7553.409668
31,0.350163,0.606686,7803.078125
32,0.354598,0.611800,8052.570312
33,0.353856,0.605196,8302.170898
34,0.359814,0.602626,8535.027344
35,0.379899,0.573653,8784.663086
36,0.400860,0.530571,9017.504883
37,0.440449,0.497168,9267.173828
38,0.473848,0.455781,9516.647461
39,0.509083,0.428781,9766.235352
40,0.517673,0.441895,10015.775391
41,0.499967,0.480039,10265.363281
42,0.496077,0.514260,10514.889648
43,0.508304,0.563720,10764.490234
44,0.523475,0.601022,11013.957031
45,0.524024,0.650865,11263.638672
46,0.516879,0.673651,11513.076172
47,0.502544,0.652422,11762.714844
48,0.453897,0.564616,12012.246094
49,0.417450,0.432875,12261.865234
50,0.421360,0.331678,12544.733398
51,0.417447,0.269883,12777.619141
52,0.403429,0.255175,13010.603516
53,0.402325,0.276205,13260.051758
54,0.383740,0.336581,13542.975586
55,0.297197,0.471247,13759.176758
56,0.222950,0.530363,14025.458008
57,0.196486,0.562337,14274.951172
58,0.195148,0.596379,14507.931641
59,0.198202,0.666678,14757.449219
60,0.204169,0.721976,15007.036133
61,0.243205,0.776763,15256.624023
62,0.291366,0.820898,15522.810547
63,0.331774,0.834258,15755.809570
64,0.362926,0.838044,16005.265625
65,0.384416,0.843508,16254.912109
66,0.419677,0.843520,16504.400391
67,0.434403,0.838577,16837.121094
68,0.446526,0.837815,17086.785156
69,0.447302,0.824441,17319.630859
70,0.452855,0.814566,17569.230469
71,0.454224,0.822174,17818.746094
72,0.449556,0.824379,18068.324219
73,0.456021,0.805739,18317.867188
74,0.462428,0.776838,18550.853516
75,0.474212,0.744156,18800.314453
76,0.500404,0.695552,19049.972656
77,0.526343,0.608696,19282.847656
78,0.544590,0.553493,19532.455078
79,0.555783,0.490985,19781.988281
80,0.571672,0.408483,20014.937500
81,0.603654,0.347421,20264.437500
82,0.633197,0.315075,20514.070312
83,0.693624,0.292677,20763.724609
84,0.767216,0.243902,21013.220703
85,0.801656,0.212537,21296.093750
86,0.825989,0.183260,21528.957031
87,0.859364,0.190552,21778.531250
88,0.888485,0.190843,22028.027344
89,0.909960,0.202446,22277.683594
90,0.931275,0.208647,22527.166016
91,0.941271,0.210999,22793.369141
92,0.933308,0.218970,23026.371094
93,0.910803,0.238485,23259.298828
94,0.880738,0.276082,23508.787109
95,0.818146,0.318243,23758.353516
96,0.750515,0.364103,24007.976562
97,0.688856,0.410398,24274.142578
98,0.633894,0.449835,24523.765625
99,0.578736,0.458814,24756.583984
0,0.767311,0.598464,-0.012939
1,0.788835,0.644898,266.129456
2,0.800973,0.764029,515.744446
3,0.796924,0.874790,765.197449
4,0.788053,0.924361,1014.817383
5,0.777880,0.937452,1264.284180
6,0.725629,0.938256,1513.972412
7,0.584886,0.883736,1763.616333
8,0.529928,0.855420,2013.067627
9,0.520864,0.874354,2262.682617
10,0.520177,0.879589,2512.214600
11,0.529506,0.862880,2761.801514
12,0.533675,0.829860,3011.318359
13,0.522440,0.830443,3260.899902
14,0.516988,0.836298,3510.366699
15,0.521082,0.838286,3760.023193
16,0.540978,0.830786,4009.485107
17,0.557719,0.831449,4259.144531
18,0.660174,0.893148,4508.705078
19,0.751093,0.925034,4758.266113
20,0.783780,0.936000,5007.890625
21,0.826149,0.922331,5257.341797
22,0.882219,0.856470,5506.998535
23,0.917690,0.766607,5756.454102
24,0.933911,0.693769,6006.070801
25,0.951777,0.627628,6255.653320
26,0.976737,0.567943,6505.252930
27,0.993426,0.533425,6754.751953
28,0.003033,0.528902,7004.306641
29,0.007257,0.526212,7253.869141
30,0.021033,0.521423,7503.494141
31,0.058688,0.511797,7753.045410
32,0.089338,0.495044,8002.538574
33,0.083436,0.415502,8252.179688
34,0.070134,0.339610,8501.699219
35,0.053265,0.302886,8751.347656
36,0.054564,0.298901,9000.832031
37,0.055581,0.299907,9250.458984
38,0.056674,0.300875,9516.513672
39,0.057894,0.307052,9766.143555
40,0.062285,0.317254,10015.631836
41,0.101069,0.401605,10265.312500
42,0.147610,0.549521,10514.920898
43,0.175281,0.637898,10764.384766
44,0.190514,0.678145,11030.608398
45,0.225587,0.700994,11263.519531
46,0.255207,0.718377,11529.726562
47,0.280816,0.705898,11779.260742
48,0.299072,0.677528,12012.257812
49,0.301386,0.664042,12278.378906
50,0.300333,0.667793,12528.014648
51,0.298576,0.717249,12777.619141
52,0.303322,0.793767,13010.510742
53,0.301702,0.825128,13260.124023
54,0.280529,0.812105,13509.641602
55,0.216597,0.763366,13759.194336
56,0.083183,0.695061,14008.707031
57,0.946563,0.624750,14258.343750
58,0.837523,0.609550,14591.079102
59,0.762558,0.658852,14757.459961
60,0.719152,0.711200,15090.219727
61,0.725743,0.721685,15339.680664
62,0.754808,0.740824,15589.315430
63,0.921949,0.799743,15822.189453
64,0.081296,0.775232,16071.801758
65,0.202295,0.747009,16321.308594
66,0.275080,0.763261,16570.880859
67,0.298174,0.824205,16820.402344
68,0.314429,0.821558,17053.414062
69,0.338943,0.751581,17302.865234
70,0.375200,0.624035,17535.865234
71,0.394396,0.565436,17768.775391
72,0.400616,0.556047,18018.396484
73,0.408779,0.550554,18267.865234
74,0.414546,0.543105,18517.531250
75,0.413973,0.537573,18767.089844
76,0.409266,0.534062,19016.599609
77,0.406297,0.536815,19266.226562
78,0.392721,0.525807,19515.707031
79,0.370438,0.474767,19798.634766
80,0.362226,0.442364,20031.505859
81,0.361782,0.429285,20281.070312
82,0.355623,0.401851,20530.591797
83,0.334623,0.366232,20780.222656
84,0.303999,0.391005,21029.697266
85,0.262090,0.434486,21262.740234
86,0.228187,0.441149,21512.167969
87,0.226161,0.427925,21761.810547
88,0.236613,0.419216,22011.447266
89,0.199131,0.437138,22260.943359
90,0.138989,0.462909,22510.582031
91,0.090358,0.493234,22760.029297
92,0.038613,0.531676,23026.275391
93,0.996645,0.553201,23292.419922
94,0.962156,0.555908,23542.046875
95,0.934462,0.557944,23774.900391
96,0.930164,0.556956,24024.541016
97,0.904192,0.574591,24274.158203
98,0.860468,0.584826,24523.625000
99,0.838392,0.589776,24773.234375
0,0.749964,0.418310,0.005856
1,0.750115,0.419610,266.278992
2,0.754705,0.432222,515.839111
3,0.788498,0.481734,765.390747
4,0.838295,0.555631,1014.967773
5,0.883287,0.654782,1264.574341
6,0.931133,0.690203,1514.077271
7,0.966174,0.690435,1763.629883
8,0.986467,0.738018,2013.255127
9,0.984371,0.816469,2262.813965
10,0.006607,0.845422,2512.403320
11,0.069092,0.862929,2761.957764
12,0.127299,0.832914,3011.473633
13,0.088657,0.731410,3261.095459
14,0.011118,0.601042,3510.596680
15,0.997999,0.547694,3760.221436
16,0.013203,0.512691,4009.668945
17,0.028828,0.492823,4259.381836
18,0.024966,0.491177,4508.776855
19,0.016643,0.450669,4758.420898
20,0.011479,0.392984,5007.882812
21,0.015158,0.346100,5257.556152
22,0.022002,0.314738,5507.043457
23,0.026202,0.299398,5756.615234
24,0.029163,0.300081,6006.292480
25,0.032113,0.303891,6255.790527
26,0.031234,0.309075,6505.406250
27,0.992567,0.317331,6754.852051
28,0.856617,0.431788,7004.528809
29,0.700054,0.496815,7254.014160
30,0.616208,0.522160,7503.612305
31,0.555829,0.539265,7753.175781
32,0.512713,0.540597,8002.771973
33,0.489111,0.557662,8252.256836
34,0.501678,0.652843,8501.830078
35,0.502319,0.698307,8751.476562
36,0.468292,0.706861,9001.000000
37,0.439247,0.726391,9250.581055
38,0.421569,0.739361,9500.092773
39,0.414580,0.747936,9766.415039
40,0.406570,0.741339,10015.829102
41,0.397244,0.731941,10265.426758
42,0.366188,0.672375,10514.917969
43,0.351254,0.618080,10764.539062
44,0.352745,0.578344,11014.041992
45,0.392110,0.533424,11263.651367
46,0.431671,0.499690,11513.351562
47,0.432798,0.481936,11762.819336
48,0.433048,0.472266,12012.427734
49,0.430489,0.453732,12261.884766
50,0.428267,0.443070,12511.525391
51,0.433799,0.429689,12761.041016
52,0.440548,0.429824,13010.614258
53,0.440382,0.422084,13260.115234
54,0.433023,0.427985,13509.748047
55,0.429446,0.436872,13759.226562
56,0.430936,0.441895,14008.850586
57,0.383311,0.459386,14258.424805
58,0.276559,0.497590,14508.014648
59,0.258492,0.514326,14757.597656
60,0.259894,0.519132,15007.119141
61,0.262787,0.520079,15256.802734
62,0.268340,0.521324,15506.249023
63,0.279493,0.525542,15755.875000
64,0.303302,0.522434,16005.305664
65,0.358414,0.522960,16254.964844
66,0.496557,0.499728,16504.435547
67,0.649484,0.483727,16754.099609
68,0.689372,0.511240,17003.646484
69,0.696348,0.519687,17253.210938
70,0.686997,0.524356,17502.822266
71,0.671586,0.528907,17752.318359
72,0.753018,0.602714,18001.958984
73,0.775278,0.621229,18251.394531
74,0.765038,0.610138,18501.052734
75,0.653851,0.564125,18750.548828
76,0.576833,0.524134,19000.189453
77,0.506844,0.510499,19266.292969
78,0.478657,0.510660,19515.914062
79,0.462941,0.508803,19765.429688
80,0.462981,0.504116,20015.017578
81,0.517550,0.482568,20264.601562
82,0.626741,0.444591,20514.148438
83,0.738595,0.459161,20763.775391
84,0.816461,0.478186,21013.281250
85,0.876694,0.485902,21262.908203
86,0.932937,0.501961,21512.408203
87,0.961218,0.517706,21761.994141
88,0.989111,0.529507,22011.455078
89,0.019019,0.523335,22261.140625
90,0.045437,0.509898,22510.607422
91,0.055855,0.494749,22760.224609
92,0.050986,0.495185,23009.865234
93,0.020555,0.477675,23259.322266
94,0.006095,0.465020,23508.980469
95,0.004641,0.452989,23758.425781
96,0.015224,0.449725,24008.044922
97,0.010145,0.475582,24257.544922
98,0.008526,0.490169,24507.056641
99,0.008242,0.500937,24756.652344
0,0.749867,0.432277,-0.001668
1,0.748990,0.457242,266.318329
2,0.733150,0.507163,515.689697
3,0.692900,0.563107,765.368896
4,0.652473,0.581787,1014.834900
5,0.616945,0.594537,1264.457031
6,0.584835,0.650249,1513.963135
7,0.558314,0.698713,1763.547363
8,0.536985,0.720207,2013.076172
9,0.527599,0.734383,2262.658203
10,0.545500,0.784460,2512.395020
11,0.620690,0.817582,2761.799805
12,0.661614,0.818940,3011.431885
13,0.670172,0.818979,3260.890625
14,0.607263,0.810048,3510.555908
15,0.509748,0.802041,3760.061768
16,0.487212,0.753343,4009.625732
17,0.478094,0.667169,4259.125488
18,0.439171,0.622003,4508.760742
19,0.405053,0.602474,4758.235840
20,0.386837,0.591003,5007.863281
21,0.374802,0.588905,5257.409180
22,0.379890,0.580423,5507.050293
23,0.421515,0.541023,5756.600586
24,0.447116,0.507376,6006.164062
25,0.456437,0.491955,6255.710938
26,0.462024,0.488852,6505.248535
27,0.470118,0.481239,6754.826660
28,0.479537,0.439297,7004.377441
29,0.486944,0.390399,7253.985352
30,0.484420,0.373322,7503.459473
31,0.531016,0.371296,7753.058594
32,0.596836,0.419919,8002.611816
33,0.685116,0.466287,8252.280273
34,0.766833,0.494703,8501.792969
35,0.832472,0.503851,8751.354492
36,0.886949,0.513856,9000.792969
37,0.933395,0.532615,9250.465820
38,0.961383,0.539411,9500.066406
39,0.986631,0.545300,9766.208008
40,0.013609,0.565902,10015.812500
41,0.032321,0.583691,10265.331055
42,0.026332,0.566954,10514.884766
43,0.013948,0.555339,10764.449219
44,0.999510,0.560202,11014.003906
45,0.002283,0.554103,11263.650391
46,0.011984,0.555209,11513.116211
47,0.044207,0.572673,11762.808594
48,0.126401,0.595645,12012.275391
49,0.179201,0.607764,12261.876953
50,0.212569,0.610527,12511.371094
51,0.228079,0.616262,12760.966797
52,0.242792,0.621905,13010.463867
53,0.210810,0.607394,13260.085938
54,0.146766,0.554861,13509.622070
55,0.107044,0.533973,13759.266602
56,0.086662,0.608091,14008.770508
57,0.074020,0.694680,14258.357422
58,0.044413,0.728349,14507.962891
59,0.000333,0.721627,14757.482422
60,0.988074,0.682171,15007.057617
61,0.972125,0.648964,15256.625977
62,0.971469,0.579682,15506.225586
63,0.976835,0.524398,15755.716797
64,0.982458,0.492555,16005.327148
65,0.981815,0.477211,16254.784180
66,0.983994,0.416261,16504.476562
67,0.985650,0.344678,16753.943359
68,0.991342,0.297091,17003.593750
69,0.999730,0.293884,17253.138672
70,0.016771,0.327527,17502.712891
71,0.030543,0.359723,17752.253906
72,0.032623,0.379230,18001.783203
73,0.016288,0.406055,18251.449219
74,0.010898,0.447235,18500.916016
75,0.002212,0.455100,18750.572266
76,0.996265,0.435454,19000.101562
77,0.002341,0.365985,19266.224609
78,0.998933,0.309834,19515.785156
79,0.995075,0.294413,19765.347656
80,0.989119,0.297977,20015.003906
81,0.986515,0.299618,20264.542969
82,0.966189,0.304856,20514.076172
83,0.932760,0.334035,20763.650391
84,0.912588,0.342375,21013.275391
85,0.874914,0.307387,21262.701172
86,0.836891,0.282214,21512.310547
87,0.795024,0.258771,21761.871094
88,0.764690,0.243505,22011.427734
89,0.736929,0.235046,22260.919922
90,0.705359,0.235879,22510.609375
91,0.677051,0.244864,22760.228516
92,0.660857,0.258305,23009.677734
93,0.643707,0.281138,23259.314453
94,0.627284,0.314447,23508.814453
95,0.641940,0.327495,23758.439453
96,0.680387,0.349939,24007.890625
97,0.735282,0.376600,24257.529297
98,0.803994,0.387494,24507.029297
99,0.841241,0.370307,24756.640625
0,0.747876,0.495468,0.009567
1,0.746300,0.495426,266.192688
2,0.746129,0.488662,515.773132
3,0.745943,0.470431,765.313354
4,0.745394,0.437247,1014.897888
5,0.745170,0.411697,1264.436646
6,0.747961,0.402277,1514.021240
7,0.750557,0.437381,1763.586426
8,0.748445,0.515638,2013.137451
9,0.744279,0.594794,2262.707520
10,0.740283,0.681018,2512.257080
11,0.741105,0.696652,2761.842773
12,0.742602,0.689236,3011.395752
13,0.741620,0.697200,3260.998047
14,0.736655,0.746165,3510.532959
15,0.733665,0.803709,3760.103027
16,0.730187,0.848481,4009.667236
17,0.713905,0.886131,4259.212891
18,0.707620,0.908721,4508.828125
19,0.749455,0.909190,4758.381836
20,0.781406,0.889512,5007.904785
21,0.768009,0.881845,5257.467773
22,0.748774,0.878584,5507.064453
23,0.714751,0.884218,5756.628418
24,0.677656,0.886684,6006.163574
25,0.661745,0.909130,6255.738281
26,0.655124,0.912761,6505.272949
27,0.667949,0.916408,6754.871582
28,0.686938,0.914603,7004.428223
29,0.696824,0.912421,7253.993164
30,0.694806,0.913746,7503.568359
31,0.681374,0.915055,7753.101074
32,0.643040,0.913042,8002.699707
33,0.611047,0.907481,8252.276367
34,0.591141,0.904023,8501.821289
35,0.572597,0.901851,8751.351562
36,0.558035,0.901486,9000.942383
37,0.508817,0.890217,9250.472656
38,0.488544,0.878561,9500.054688
39,0.472385,0.862990,9766.240234
40,0.460515,0.836564,10015.840820
41,0.452376,0.809588,10265.407227
42,0.450979,0.775580,10514.972656
43,0.450733,0.725000,10764.514648
44,0.446916,0.664009,11014.101562
45,0.441210,0.599945,11263.636719
46,0.445209,0.555074,11513.199219
47,0.452088,0.534297,11762.775391
48,0.456429,0.518084,12012.329102
49,0.459193,0.512395,12261.894531
50,0.453907,0.502446,12511.451172
51,0.442747,0.492757,12761.054688
52,0.429684,0.490881,13010.585938
53,0.415571,0.481255,13260.173828
54,0.396285,0.478609,13509.705078
55,0.370271,0.497680,13759.304688
56,0.347819,0.543829,14008.844727
57,0.316449,0.564450,14258.387695
58,0.274503,0.557344,14508.003906
59,0.275843,0.560472,14757.550781
60,0.275587,0.561054,15007.134766
61,0.256079,0.579941,15256.653320
62,0.231974,0.647072,15506.236328
63,0.218258,0.662109,15755.783203
64,0.223112,0.665355,16005.356445
65,0.251061,0.674723,16254.914062
66,0.288208,0.678919,16504.486328
67,0.333744,0.676288,16754.041016
68,0.371283,0.667700,17003.619141
69,0.411364,0.643445,17253.181641
70,0.444040,0.618923,17502.744141
71,0.465686,0.597288,17752.318359
72,0.480947,0.576306,18001.867188
73,0.485844,0.562989,18251.419922
74,0.487167,0.558901,18500.994141
75,0.488468,0.560125,18750.595703
76,0.489155,0.561320,19000.111328
77,0.486971,0.580344,19266.318359
78,0.497561,0.647625,19515.880859
79,0.519644,0.719672,19765.501953
80,0.524172,0.741053,20015.001953
81,0.526751,0.748623,20264.583984
82,0.530929,0.751298,20514.148438
83,0.534872,0.750323,20763.705078
84,0.538010,0.748945,21013.263672
85,0.547204,0.732031,21262.835938
86,0.567301,0.685089,21512.398438
87,0.580352,0.634896,21761.958984
88,0.605107,0.580524,22011.517578
89,0.630149,0.540074,22261.080078
90,0.658063,0.526022,22510.658203
91,0.685225,0.511065,22760.214844
92,0.710035,0.491672,23009.783203
93,0.724992,0.478334,23259.345703
94,0.737597,0.470602,23508.902344
95,0.761678,0.467324,23758.474609
96,0.779236,0.470949,24008.027344
97,0.810595,0.460051,24257.603516
98,0.877152,0.435081,24507.205078
99,0.929278,0.434480,24756.730469
0,0.738779,0.556312,-0.006669
1,0.735836,0.556003,266.166199
2,0.750082,0.541271,515.782104
3,0.768831,0.532173,765.281860
4,0.803225,0.528626,1014.846191
5,0.842134,0.534994,1264.451538
6,0.871661,0.547576,1514.025513
7,0.892009,0.559003,1763.540771
8,0.911842,0.563526,2013.120972
9,0.942865,0.559575,2262.793945
10,0.968383,0.564853,2512.271729
11,0.980811,0.578818,2761.846924
12,0.970226,0.621676,3011.366943
13,0.945908,0.669718,3261.042480
14,0.917915,0.707139,3510.495850
15,0.893529,0.737659,3760.052246
16,0.854863,0.772771,4009.649170
17,0.813759,0.793554,4259.208008
18,0.772274,0.806120,4508.742676
19,0.740114,0.790724,4758.413574
20,0.724992,0.778004,5007.924805
21,0.682857,0.803709,5257.480957
22,0.640447,0.830208,5507.003906
23,0.621098,0.837914,5756.601074
24,0.611165,0.836167,6006.186035
25,0.592986,0.831517,6255.687500
26,0.546268,0.814334,6505.293945
27,0.537923,0.819579,6754.893555
28,0.539968,0.826478,7004.540039
29,0.556103,0.843711,7253.972168
30,0.577410,0.862405,7503.608887
31,0.583964,0.859672,7753.105957
32,0.604523,0.843714,8002.643555
33,0.627458,0.815745,8252.213867
34,0.637618,0.777205,8501.760742
35,0.643712,0.724310,8751.361328
36,0.638285,0.647543,9000.903320
37,0.612095,0.559746,9250.505859
38,0.583413,0.499373,9500.124023
39,0.550594,0.491149,9766.278320
40,0.506000,0.501900,10015.787109
41,0.479113,0.503659,10265.455078
42,0.469097,0.505207,10514.954102
43,0.449252,0.515603,10764.548828
44,0.395995,0.536773,11014.049805
45,0.369132,0.545170,11263.644531
46,0.351936,0.557433,11513.262695
47,0.330920,0.572901,11762.758789
48,0.312416,0.621716,12012.329102
49,0.328974,0.660108,12261.875977
50,0.354498,0.697193,12511.471680
51,0.371294,0.707260,12761.001953
52,0.388922,0.719923,13010.622070
53,0.411621,0.729971,13260.201172
54,0.428445,0.736640,13509.723633
55,0.443206,0.738656,13759.285156
56,0.452181,0.738657,14008.879883
57,0.449226,0.733158,14258.418945
58,0.418192,0.674539,14507.930664
59,0.384193,0.602812,14757.531250
60,0.391627,0.579312,15007.076172
61,0.446674,0.510552,15256.666016
62,0.486108,0.415172,15506.212891
63,0.491457,0.345048,15755.816406
64,0.508431,0.323578,16005.353516
65,0.551136,0.352984,16254.896484
66,0.645542,0.415667,16504.525391
67,0.752277,0.469552,16754.027344
68,0.828604,0.494856,17003.664062
69,0.905807,0.516299,17253.175781
70,0.955688,0.525356,17502.781250
71,0.992804,0.527872,17752.263672
72,0.019299,0.531701,18001.835938
73,0.021639,0.534523,18251.429688
74,0.024362,0.542539,18501.048828
75,0.078142,0.544054,18750.642578
76,0.141896,0.543027,19000.109375
77,0.174608,0.551465,19266.302734
78,0.182431,0.569220,19515.955078
79,0.166684,0.569102,19765.462891
80,0.116953,0.558659,20015.029297
81,0.056060,0.551949,20264.591797
82,0.007818,0.548130,20514.207031
83,0.978267,0.540641,20763.740234
84,0.960367,0.540663,21013.244141
85,0.937788,0.545323,21262.914062
86,0.912720,0.559538,21512.361328
87,0.883142,0.554267,21761.968750
88,0.852745,0.539829,22011.546875
89,0.790041,0.517920,22261.115234
90,0.726057,0.503051,22510.720703
91,0.692443,0.499198,22760.193359
92,0.657165,0.503427,23009.822266
93,0.636870,0.509050,23259.361328
94,0.627179,0.532990,23508.925781
95,0.628897,0.579776,23758.472656
96,0.660957,0.627843,24008.095703
97,0.699828,0.675075,24257.582031
98,0.691031,0.701839,24507.130859
99,0.664886,0.717627,24756.781250
0,0.748934,0.493803,0.061769
1,0.747063,0.497283,266.266602
2,0.747514,0.487812,515.871033
3,0.744931,0.462616,765.393982
4,0.724883,0.409032,1014.933105
5,0.662030,0.403430,1264.523804
6,0.597134,0.460162,1514.044678
7,0.554216,0.551396,1763.657593
8,0.513047,0.589530,2013.216919
9,0.488634,0.615247,2262.824219
10,0.479819,0.663437,2512.352051
11,0.489527,0.705717,2761.884033
12,0.509421,0.748791,3011.521973
13,0.526504,0.772691,3261.025146
14,0.532635,0.793053,3510.589111
15,0.530324,0.809477,3760.162109
16,0.526145,0.816822,4009.782959
17,0.518762,0.828328,4259.262207
18,0.496396,0.845316,4508.820801
19,0.450142,0.815351,4758.400391
20,0.398708,0.719861,5008.022949
21,0.376521,0.611998,5257.522949
22,0.362802,0.567926,5507.069336
23,0.361734,0.531771,5756.680176
24,0.376132,0.486201,6006.190430
25,0.400507,0.461559,6255.765625
26,0.435320,0.456766,6505.376465
27,0.462153,0.421752,6754.951172
28,0.473988,0.376248,7004.492188
29,0.478582,0.356929,7254.024902
30,0.477893,0.339162,7503.673828
31,0.493867,0.322844,7753.173828
32,0.540106,0.304992,8002.727539
33,0.598616,0.281670,8252.360352
34,0.638029,0.268939,8501.940430
35,0.659397,0.257167,8751.436523
36,0.658795,0.254304,9000.979492
37,0.654996,0.257745,9250.598633
38,0.650607,0.251066,9500.107422
39,0.644006,0.241771,9766.304688
40,0.669989,0.226947,10015.866211
41,0.733460,0.222232,10265.425781
42,0.782217,0.245115,10515.024414
43,0.799627,0.249439,10764.576172
44,0.812153,0.242773,11014.113281
45,0.832014,0.244238,11263.761719
46,0.864414,0.266024,11513.252930
47,0.908742,0.294197,11762.817383
48,0.934696,0.302090,12012.443359
49,0.955913,0.365769,12261.975586
50,0.974714,0.457955,12511.496094
51,0.994891,0.497976,12761.060547
52,0.016859,0.502857,13010.672852
53,0.039892,0.497086,13260.221680
54,0.062232,0.489517,13509.801758
55,0.079748,0.501571,13759.428711
56,0.092275,0.519648,14008.923828
57,0.107172,0.522122,14258.537109
58,0.131292,0.526015,14508.009766
59,0.149188,0.530526,14757.571289
60,0.145994,0.525024,15007.157227
61,0.132284,0.524830,15256.714844
62,0.105796,0.518560,15506.346680
63,0.073543,0.508521,15755.933594
64,0.043449,0.506221,16005.476562
65,0.016726,0.499497,16254.963867
66,0.993279,0.484840,16504.611328
67,0.984147,0.478489,16754.125000
68,0.981305,0.472534,17003.701172
69,0.983402,0.470266,17253.253906
70,0.986010,0.461237,17502.785156
71,0.986289,0.458306,17752.343750
72,0.986184,0.458188,18001.914062
73,0.987909,0.457828,18251.488281
74,0.988002,0.455712,18501.070312
75,0.987916,0.455053,18750.638672
76,0.988808,0.452977,19000.197266
77,0.989255,0.454503,19266.378906
78,0.990014,0.459712,19515.921875
79,0.990771,0.463374,19765.531250
80,0.990655,0.464528,20015.056641
81,0.990719,0.465008,20264.640625
82,0.990540,0.464437,20514.185547
83,0.990496,0.464572,20763.783203
84,0.990506,0.464567,21013.304688
85,0.990296,0.465704,21262.886719
86,0.990422,0.465201,21512.472656
87,0.990181,0.465113,21762.003906
88,0.989989,0.465153,22011.570312
89,0.989845,0.466074,22261.136719
90,0.989927,0.466070,22510.718750
91,0.989966,0.467061,22760.261719
92,0.990333,0.468403,23009.863281
93,0.989922,0.469904,23259.398438
94,0.989855,0.470236,23508.958984
95,0.989469,0.470214,23758.544922
96,0.989487,0.470071,24008.091797
97,0.989062,0.469488,24257.683594
98,0.988930,0.468698,24507.195312
99,0.988688,0.468363,24756.804688
0,0.750319,0.575390,0.016248
1,0.749145,0.572731,266.210236
2,0.749192,0.573401,515.850464
3,0.747990,0.577226,765.391602
4,0.742388,0.591159,1014.935669
5,0.731050,0.616873,1264.585327
6,0.743366,0.646106,1514.046631
7,0.806158,0.695457,1763.666016
8,0.845490,0.741814,2013.177246
9,0.847196,0.781635,2262.735107
10,0.838915,0.803102,2512.290283
11,0.827133,0.857205,2761.864502
12,0.805195,0.902895,3011.490234
13,0.648763,0.896197,3261.018066
14,0.584202,0.858998,3510.590820
15,0.541682,0.836299,3760.161377
16,0.531020,0.831524,4009.682861
17,0.514821,0.837543,4259.240723
18,0.493279,0.813231,4508.825195
19,0.450918,0.744503,4758.379883
20,0.422435,0.704617,5007.952148
21,0.391720,0.693342,5257.504395
22,0.366731,0.681727,5507.079590
23,0.365975,0.655986,5756.672852
24,0.416640,0.633448,6006.205566
25,0.456199,0.613708,6255.788086
26,0.460447,0.590723,6505.318848
27,0.398049,0.553724,6754.889160
28,0.382840,0.498996,7004.440918
29,0.379834,0.470128,7254.021973
30,0.414418,0.469617,7503.572266
31,0.523657,0.520996,7753.136230
32,0.629030,0.564003,8002.740723
33,0.698917,0.582313,8252.298828
34,0.763264,0.569710,8501.829102
35,0.828304,0.540771,8751.416992
36,0.896407,0.577985,9000.985352
37,0.955054,0.605797,9250.543945
38,0.988393,0.610579,9500.102539
39,0.014828,0.611397,9766.297852
40,0.047302,0.608661,10015.903320
41,0.075517,0.609367,10265.473633
42,0.104374,0.625208,10515.010742
43,0.121977,0.628537,10764.545898
44,0.130610,0.630021,11014.140625
45,0.134516,0.629250,11263.697266
46,0.126896,0.596131,11513.247070
47,0.106816,0.552652,11762.793945
48,0.048793,0.562115,12012.422852
49,0.008412,0.580655,12261.938477
50,0.986578,0.590537,12511.506836
51,0.980992,0.592111,12761.069336
52,0.979562,0.590009,13010.644531
53,0.985758,0.589287,13260.204102
54,0.993542,0.586683,13509.735352
55,0.993440,0.582737,13759.358398
56,0.992762,0.583045,14008.867188
57,0.996430,0.587166,14258.528320
58,0.985086,0.585832,14508.048828
59,0.940121,0.614680,14757.637695
60,0.891279,0.620400,15007.137695
61,0.850963,0.615478,15256.708984
62,0.831916,0.627478,15506.309570
63,0.773823,0.610478,15755.823242
64,0.665859,0.569763,16005.380859
65,0.546808,0.538152,16254.946289
66,0.476652,0.539459,16504.570312
67,0.464570,0.533080,16754.080078
68,0.461410,0.538835,17003.691406
69,0.463512,0.555260,17253.240234
70,0.454129,0.560781,17502.816406
71,0.425980,0.567327,17752.328125
72,0.398975,0.573855,18001.894531
73,0.390228,0.571117,18251.490234
74,0.403062,0.571175,18501.009766
75,0.427927,0.566724,18750.714844
76,0.462690,0.564599,19000.152344
77,0.499832,0.559638,19266.357422
78,0.521832,0.549211,19515.935547
79,0.520500,0.514541,19765.529297
80,0.520985,0.466907,20015.113281
81,0.535710,0.433266,20264.646484
82,0.544711,0.394483,20514.171875
83,0.519110,0.360935,20763.861328
84,0.499093,0.338708,21013.306641
85,0.502083,0.329503,21262.900391
86,0.518460,0.335808,21512.490234
87,0.531688,0.334316,21762.068359
88,0.552514,0.325238,22011.654297
89,0.583994,0.322706,22261.136719
90,0.612691,0.305575,22510.748047
91,0.637255,0.307261,22760.238281
92,0.672069,0.302990,23009.855469
93,0.701567,0.296645,23259.386719
94,0.715462,0.299948,23509.041016
95,0.737424,0.309635,23758.539062
96,0.756998,0.296268,24008.064453
97,0.775046,0.293825,24257.669922
98,0.783187,0.318652,24507.191406
99,0.793957,0.343654,24756.824219
0,0.747577,0.609081,0.000346
1,0.747614,0.603955,266.260315
2,0.747253,0.601133,515.836609
3,0.747474,0.607153,765.317627
4,0.744944,0.634829,1014.927368
5,0.736567,0.684657,1264.463257
6,0.719908,0.747135,1514.060303
7,0.690105,0.804799,1763.584229
8,0.643073,0.844266,2013.219116
9,0.595238,0.860586,2262.741455
10,0.548864,0.856152,2512.308838
11,0.510637,0.843416,2761.890625
12,0.490017,0.829960,3011.453125
13,0.459787,0.803912,3261.012695
14,0.448375,0.787197,3510.554443
15,0.438645,0.788195,3760.189453
16,0.448519,0.790497,4009.712891
17,0.536987,0.797366,4259.232910
18,0.592010,0.790114,4508.843262
19,0.611375,0.784909,4758.361328
20,0.614445,0.773184,5007.916016
21,0.576603,0.709068,5257.571289
22,0.511581,0.577632,5507.113281
23,0.485339,0.515229,5756.647949
24,0.473136,0.482396,6006.181152
25,0.457882,0.459549,6255.729004
26,0.435474,0.428245,6505.361816
27,0.426282,0.405047,6754.854980
28,0.428515,0.397102,7004.443359
29,0.429698,0.397079,7253.971680
30,0.429567,0.399699,7503.583984
31,0.428913,0.401077,7753.121582
32,0.427900,0.401979,8002.754395
33,0.425115,0.404040,8252.287109
34,0.419962,0.404760,8501.807617
35,0.418457,0.401543,8751.396484
36,0.408166,0.401089,9000.975586
37,0.380557,0.405441,9250.546875
38,0.350086,0.403262,9500.079102
39,0.315717,0.402129,9766.258789
40,0.303718,0.408733,10015.832031
41,0.325104,0.429222,10265.467773
42,0.350315,0.448383,10514.983398
43,0.392582,0.455799,10764.566406
44,0.449908,0.446578,11014.114258
45,0.504120,0.432669,11263.685547
46,0.524547,0.426611,11513.227539
47,0.533812,0.423635,11762.773438
48,0.541265,0.421289,12012.416016
49,0.546994,0.418970,12261.953125
50,0.557100,0.411701,12511.502930
51,0.565962,0.404710,12761.035156
52,0.567705,0.389726,13010.633789
53,0.595852,0.343274,13260.154297
54,0.621766,0.293418,13509.841797
55,0.650893,0.266983,13759.377930
56,0.669916,0.251545,14008.921875
57,0.676427,0.249095,14258.418945
58,0.681275,0.243178,14508.040039
59,0.694315,0.239402,14757.570312
60,0.715244,0.236221,15007.113281
61,0.768268,0.235785,15256.744141
62,0.848654,0.267279,15506.236328
63,0.911441,0.338317,15755.812500
64,0.956836,0.450012,16005.361328
65,0.978171,0.523140,16254.997070
66,0.976540,0.544755,16504.498047
67,0.965990,0.545635,16754.044922
68,0.936828,0.569903,17003.658203
69,0.898376,0.607894,17253.257812
70,0.853718,0.657923,17502.794922
71,0.812713,0.702703,17752.312500
72,0.795822,0.733934,18001.970703
73,0.766424,0.751269,18251.429688
74,0.753489,0.746483,18501.037109
75,0.771569,0.711621,18750.603516
76,0.808008,0.664681,19000.255859
77,0.834027,0.601175,19266.390625
78,0.858732,0.510504,19515.968750
79,0.908714,0.441901,19765.451172
80,0.952662,0.408360,20015.080078
81,0.973725,0.414348,20264.587891
82,0.996405,0.425898,20514.181641
83,0.006102,0.437752,20763.742188
84,0.006647,0.438463,21013.341797
85,0.008328,0.408416,21262.882812
86,0.000081,0.343256,21512.419922
87,0.993789,0.307076,21762.009766
88,0.993268,0.294305,22011.527344
89,0.994241,0.296253,22261.111328
90,0.994368,0.295801,22510.701172
91,0.993014,0.294692,22760.230469
92,0.992521,0.295269,23009.794922
93,0.993141,0.295545,23259.357422
94,0.993064,0.295738,23508.925781
95,0.992895,0.297622,23758.480469
96,0.993260,0.300335,24008.066406
97,0.993312,0.301731,24257.628906
98,0.993178,0.300864,24507.197266
99,0.993271,0.300839,24756.730469
0,0.750043,0.497476,-0.059493
1,0.750151,0.497964,266.258240
2,0.751280,0.500774,515.684387
3,0.761685,0.536450,765.270081
4,0.784449,0.615031,1014.871033
5,0.810798,0.677538,1264.389282
6,0.830703,0.720523,1514.055908
7,0.841358,0.754911,1763.529053
8,0.861103,0.766345,2013.077148
9,0.906940,0.728437,2262.638672
10,0.938667,0.673082,2512.214355
11,0.961752,0.629253,2761.809570
12,0.992284,0.589125,3011.341797
13,0.998453,0.568492,3261.003906
14,0.999698,0.561151,3510.503662
15,0.005424,0.564517,3760.023682
16,0.021258,0.553515,4009.614746
17,0.027050,0.543806,4259.157227
18,0.024266,0.541975,4508.739746
19,0.018880,0.542438,4758.279785
20,0.012718,0.534227,5007.885742
21,0.004705,0.475120,5257.457520
22,0.986497,0.405295,5507.005371
23,0.974312,0.359259,5756.611328
24,0.971666,0.335975,6006.106934
25,0.977508,0.322175,6255.717285
26,0.980485,0.313049,6505.273926
27,0.981476,0.307936,6754.789551
28,0.986286,0.303411,7004.405273
29,0.995479,0.301804,7253.924316
30,0.005990,0.314484,7503.511719
31,0.003913,0.312137,7753.056152
32,0.985819,0.295492,8002.723633
33,0.926500,0.255953,8252.171875
34,0.857784,0.232834,8501.742188
35,0.851581,0.234565,8751.327148
36,0.829103,0.232341,9000.881836
37,0.794860,0.224701,9250.466797
38,0.756789,0.220920,9516.673828
39,0.711147,0.221532,9766.206055
40,0.667806,0.225074,10015.846680
41,0.629425,0.240431,10265.354492
42,0.604257,0.260670,10514.931641
43,0.599922,0.266907,10764.485352
44,0.579618,0.314365,11014.016602
45,0.539630,0.412688,11263.634766
46,0.514003,0.481354,11513.169922
47,0.507750,0.516548,11762.752930
48,0.518034,0.508617,12012.299805
49,0.505707,0.512136,12261.905273
50,0.446786,0.486861,12511.448242
51,0.450220,0.457333,12760.971680
52,0.444226,0.445577,13010.575195
53,0.438669,0.460343,13260.154297
54,0.393103,0.550593,13509.684570
55,0.374540,0.579147,13759.217773
56,0.374663,0.592847,14008.802734
57,0.379222,0.608385,14258.444336
58,0.384105,0.622241,14507.942383
59,0.386665,0.649894,14757.484375
60,0.396224,0.694386,15007.084961
61,0.414669,0.736342,15256.642578
62,0.433904,0.772735,15506.165039
63,0.459674,0.800342,15755.731445
64,0.465059,0.803871,16005.282227
65,0.465968,0.798016,16254.900391
66,0.468431,0.780717,16504.470703
67,0.470590,0.741808,16754.005859
68,0.475337,0.660282,17003.595703
69,0.484138,0.584510,17253.136719
70,0.496688,0.532271,17502.769531
71,0.506247,0.493951,17752.265625
72,0.509496,0.464001,18001.902344
73,0.511582,0.448432,18251.357422
74,0.505311,0.432697,18501.035156
75,0.496902,0.415554,18750.505859
76,0.501646,0.399991,19000.062500
77,0.510651,0.401838,19266.277344
78,0.542002,0.405083,19515.849609
79,0.665554,0.384291,19782.064453
80,0.821021,0.399398,20014.955078
81,0.905346,0.436816,20264.515625
82,0.951469,0.457937,20514.156250
83,0.974319,0.468589,20763.679688
84,0.993532,0.429528,21013.226562
85,0.017493,0.353496,21262.822266
86,0.049250,0.273834,21512.412109
87,0.076645,0.237830,21761.933594
88,0.061155,0.252270,22011.468750
89,0.047462,0.273474,22261.146484
90,0.024205,0.326002,22510.583984
91,0.859379,0.296444,22760.177734
92,0.648984,0.275529,23009.703125
93,0.568197,0.229541,23259.357422
94,0.501196,0.243599,23508.869141
95,0.478285,0.255711,23758.433594
96,0.478361,0.258962,24008.037109
97,0.479173,0.195429,24257.550781
98,0.483335,0.150689,24507.130859
99,0.523095,0.144293,24756.675781
0,0.750214,0.551394,-0.002578
1,0.748267,0.550438,266.215729
2,0.741510,0.595913,515.733398
3,0.740036,0.710610,765.333191
4,0.739867,0.754879,1014.904480
5,0.746304,0.766072,1264.444214
6,0.774303,0.776377,1514.033691
7,0.839886,0.796027,1763.602661
8,0.906767,0.779982,2013.173462
9,0.951495,0.721892,2262.728516
10,0.984993,0.671199,2512.323486
11,0.992273,0.618382,2761.873291
12,0.989398,0.586886,3011.389160
13,0.962911,0.582269,3260.976807
14,0.888121,0.590295,3510.509521
15,0.741203,0.593130,3760.098145
16,0.596562,0.573310,4009.698975
17,0.507393,0.558513,4259.256348
18,0.488693,0.542632,4508.778320
19,0.476936,0.512473,4758.360352
20,0.474666,0.519862,5007.940430
21,0.480808,0.550816,5257.466797
22,0.459262,0.538088,5507.035156
23,0.431882,0.497885,5756.693848
24,0.426290,0.500151,6006.156738
25,0.405042,0.521208,6255.746582
26,0.340611,0.587149,6505.294434
27,0.310695,0.590386,6754.854980
28,0.301424,0.565776,7004.410645
29,0.299129,0.538658,7254.012207
30,0.295703,0.520600,7503.543457
31,0.298957,0.505444,7753.152832
32,0.262561,0.483764,8002.706543
33,0.138725,0.512536,8252.256836
34,0.024459,0.540170,8501.841797
35,0.999509,0.542132,8751.386719
36,0.990764,0.547051,9000.907227
37,0.984810,0.556305,9250.541016
38,0.973266,0.580886,9500.042969
39,0.980027,0.611870,9766.250000
40,0.993073,0.614795,10015.848633
41,0.998360,0.673496,10265.388672
42,0.986668,0.759087,10514.979492
43,0.951683,0.803943,10764.522461
44,0.905650,0.862105,11014.115234
45,0.894475,0.879065,11263.696289
46,0.883266,0.886639,11513.192383
47,0.873773,0.896389,11762.763672
48,0.849046,0.879567,12012.331055
49,0.782671,0.829067,12261.961914
50,0.755870,0.768284,12511.509766
51,0.758376,0.701762,12761.050781
52,0.781597,0.653983,13010.623047
53,0.795400,0.616655,13260.161133
54,0.789086,0.601426,13509.737305
55,0.782188,0.584874,13759.285156
56,0.754395,0.580959,14008.874023
57,0.710211,0.585887,14258.450195
58,0.741403,0.616251,14507.979492
59,0.770332,0.642050,14757.572266
60,0.657822,0.609950,15007.091797
61,0.521456,0.551265,15256.683594
62,0.461716,0.524870,15506.219727
63,0.459300,0.515486,15755.798828
64,0.462197,0.517027,16005.374023
65,0.469794,0.525065,16254.960938
66,0.471186,0.527670,16504.472656
67,0.478140,0.522013,16754.027344
68,0.495709,0.507105,17003.644531
69,0.521457,0.483085,17253.169922
70,0.548268,0.453272,17502.818359
71,0.563830,0.439676,17752.306641
72,0.548957,0.449780,18001.966797
73,0.507902,0.495106,18251.406250
74,0.489539,0.513378,18500.986328
75,0.463052,0.529384,18750.552734
76,0.412376,0.559516,19000.115234
77,0.357609,0.576735,19266.308594
78,0.332735,0.558857,19515.876953
79,0.358931,0.493112,19765.457031
80,0.389528,0.461664,20015.060547
81,0.391015,0.462142,20264.578125
82,0.381900,0.478075,20514.177734
83,0.307651,0.530609,20763.732422
84,0.217455,0.542797,21013.253906
85,0.142161,0.534586,21262.908203
86,0.072180,0.523093,21512.486328
87,0.032219,0.532412,21761.939453
88,0.005635,0.544322,22011.501953
89,0.979183,0.553431,22261.187500
90,0.952121,0.555463,22510.666016
91,0.962509,0.554422,22760.207031
92,0.990570,0.555059,23009.857422
93,0.024042,0.549332,23259.367188
94,0.072385,0.552289,23508.929688
95,0.147158,0.555998,23758.466797
96,0.191879,0.562580,24008.037109
97,0.243671,0.566988,24257.638672
98,0.319917,0.561166,24507.191406
99,0.387151,0.548809,24756.787109
0,0.750066,0.538828,-0.003794
1,0.748989,0.538706,266.241486
2,0.720978,0.537240,515.754761
3,0.652790,0.513856,765.353088
4,0.621912,0.492838,1014.903870
5,0.610163,0.484432,1264.484009
6,0.600838,0.474700,1514.004028
7,0.571930,0.469194,1763.601685
8,0.536237,0.515207,2013.126465
9,0.518162,0.543937,2262.730957
10,0.518220,0.642554,2512.255859
11,0.540843,0.734667,2761.875000
12,0.550432,0.781289,3011.486572
13,0.528322,0.824439,3261.023926
14,0.499727,0.835510,3510.625488
15,0.489812,0.848679,3760.079834
16,0.498732,0.871126,4009.680176
17,0.509944,0.881905,4259.261230
18,0.472765,0.870280,4508.857422
19,0.456677,0.852783,4758.337402
20,0.492437,0.823226,5007.915039
21,0.534771,0.773164,5257.497070
22,0.512432,0.737526,5507.065918
23,0.403737,0.677607,5756.618652
24,0.355431,0.619567,6006.178223
25,0.350526,0.609491,6255.745117
26,0.356376,0.586015,6505.290039
27,0.370910,0.545096,6754.856934
28,0.377558,0.520634,7004.514160
29,0.385595,0.515527,7253.972656
30,0.392961,0.493858,7503.543457
31,0.373958,0.455378,7753.192383
32,0.408577,0.438035,8002.756348
33,0.436496,0.421850,8252.266602
34,0.438892,0.417768,8501.789062
35,0.451548,0.448793,8751.386719
36,0.470949,0.471812,9000.978516
37,0.484919,0.486196,9250.529297
38,0.506749,0.488457,9500.067383
39,0.521937,0.489028,9766.350586
40,0.514240,0.504337,10015.920898
41,0.497933,0.522502,10265.383789
42,0.486498,0.531117,10514.999023
43,0.480483,0.534205,10764.511719
44,0.480739,0.532138,11014.158203
45,0.496199,0.531312,11263.642578
46,0.593490,0.534383,11513.295898
47,0.719494,0.517461,11762.826172
48,0.826325,0.497200,12012.426758
49,0.903843,0.525245,12261.916992
50,0.949250,0.581628,12511.528320
51,0.972126,0.598984,12761.028320
52,0.992355,0.591929,13010.583984
53,0.997039,0.579581,13260.212891
54,0.001363,0.578707,13509.713867
55,0.009808,0.606773,13759.315430
56,0.024650,0.629778,14008.889648
57,0.061900,0.643488,14258.490234
58,0.070807,0.682129,14508.007812
59,0.063460,0.696418,14757.593750
60,0.050048,0.693001,15007.140625
61,0.042441,0.746060,15256.708984
62,0.036032,0.783064,15506.261719
63,0.009687,0.816092,15755.813477
64,0.001208,0.832441,16005.471680
65,0.985778,0.831623,16254.959961
66,0.975840,0.780931,16504.539062
67,0.961501,0.663531,16754.083984
68,0.965948,0.586960,17003.683594
69,0.978652,0.537050,17253.212891
70,0.979708,0.512312,17502.744141
71,0.983292,0.504505,17752.357422
72,0.995420,0.514114,18001.865234
73,0.002236,0.525375,18251.445312
74,0.002895,0.531567,18500.998047
75,0.004943,0.534457,18750.640625
76,0.004965,0.536430,19000.166016
77,0.015081,0.533766,19266.343750
78,0.030912,0.517717,19515.875000
79,0.014543,0.515433,19765.482422
80,0.942047,0.547029,20015.025391
81,0.863985,0.550003,20264.591797
82,0.843792,0.551029,20514.177734
83,0.831700,0.549248,20763.773438
84,0.774123,0.528781,21013.310547
85,0.735432,0.500516,21262.851562
86,0.716882,0.519117,21512.410156
87,0.687416,0.544134,21761.972656
88,0.657234,0.545906,22011.578125
89,0.625799,0.545574,22261.099609
90,0.572478,0.528330,22510.707031
91,0.536941,0.509895,22760.283203
92,0.512265,0.508705,23009.787109
93,0.501425,0.508892,23259.378906
94,0.497855,0.512769,23508.931641
95,0.486798,0.516031,23758.591797
96,0.477986,0.516909,24008.056641
97,0.469315,0.517568,24257.650391
98,0.464028,0.512661,24507.160156
99,0.462059,0.505928,24756.726562
0,0.747533,0.544588,0.012613
1,0.742865,0.545942,266.234436
2,0.734047,0.535529,515.804626
3,0.732577,0.521534,765.394409
4,0.718297,0.547783,1014.917664
5,0.690789,0.572483,1264.531738
6,0.668181,0.590047,1514.058838
7,0.640940,0.609960,1763.643066
8,0.611968,0.625482,2013.173706
9,0.585149,0.649269,2262.753418
10,0.558468,0.661561,2512.330322
11,0.533903,0.670687,2761.870361
12,0.511876,0.680585,3011.440186
13,0.498945,0.694878,3260.985840
14,0.488070,0.708194,3510.555908
15,0.474991,0.717406,3760.161621
16,0.467311,0.721843,4009.749756
17,0.468021,0.725424,4259.285156
18,0.470781,0.730076,4508.783691
19,0.468545,0.733626,4758.411133
20,0.463362,0.734079,5007.986328
21,0.467805,0.718388,5257.495117
22,0.468478,0.674923,5507.104980
23,0.481629,0.639020,5756.672852
24,0.492100,0.613952,6006.178223
25,0.499456,0.596861,6255.741699
26,0.499428,0.562585,6505.411621
27,0.498952,0.530205,6754.897461
28,0.495388,0.508689,7004.456055
29,0.472837,0.488439,7253.992676
30,0.447168,0.513850,7503.662109
31,0.395744,0.573056,7753.206543
32,0.366443,0.592004,8002.714844
33,0.362125,0.594880,8252.249023
34,0.368513,0.606825,8501.836914
35,0.371566,0.621398,8751.401367
36,0.378890,0.627863,9000.983398
37,0.405020,0.610892,9250.515625
38,0.441924,0.595245,9500.134766
39,0.462633,0.590739,9766.333008
40,0.478125,0.579576,10015.866211
41,0.491568,0.574474,10265.387695
42,0.510952,0.574505,10515.000000
43,0.536659,0.581732,10764.520508
44,0.593151,0.572758,11014.169922
45,0.655468,0.558677,11263.728516
46,0.690214,0.556865,11513.272461
47,0.710407,0.582130,11762.786133
48,0.726463,0.630498,12012.405273
49,0.739915,0.659270,12261.938477
50,0.746180,0.673772,12511.475586
51,0.755066,0.680042,12761.145508
52,0.763483,0.697559,13010.683594
53,0.772214,0.716347,13260.272461
54,0.779029,0.733826,13509.750977
55,0.780177,0.747064,13759.426758
56,0.776629,0.756661,14008.934570
57,0.773648,0.762975,14258.468750
58,0.778474,0.776145,14508.003906
59,0.782468,0.787025,14757.541992
60,0.785874,0.793345,15007.146484
61,0.791978,0.805388,15256.681641
62,0.803364,0.820491,15506.303711
63,0.816515,0.823954,15755.871094
64,0.826182,0.813726,16005.466797
65,0.828042,0.796162,16254.969727
66,0.825729,0.754312,16504.570312
67,0.834066,0.691316,16754.113281
68,0.850374,0.624805,17003.634766
69,0.876658,0.582916,17253.267578
70,0.900052,0.572068,17502.816406
71,0.913629,0.571737,17752.333984
72,0.923601,0.572035,18001.933594
73,0.927840,0.570748,18251.498047
74,0.929137,0.562720,18501.050781
75,0.925387,0.565369,18750.578125
76,0.912037,0.568348,19000.169922
77,0.893357,0.564858,19266.429688
78,0.865989,0.554547,19515.890625
79,0.814213,0.549661,19765.505859
80,0.759948,0.530167,20015.060547
81,0.718068,0.522549,20264.656250
82,0.656843,0.532444,20514.205078
83,0.593772,0.530479,20763.722656
84,0.561696,0.533542,21013.300781
85,0.530812,0.537000,21262.900391
86,0.512053,0.541551,21512.458984
87,0.503243,0.540623,21761.978516
88,0.496203,0.539429,22011.589844
89,0.492493,0.539678,22261.111328
90,0.493101,0.541961,22510.673828
91,0.491275,0.544301,22760.267578
92,0.488647,0.545884,23009.865234
93,0.486611,0.547453,23259.431641
94,0.484114,0.546129,23508.923828
95,0.477921,0.543380,23758.533203
96,0.471214,0.543421,24008.041016
97,0.463545,0.540792,24257.609375
98,0.440271,0.532943,24507.218750
99,0.415700,0.525807,24756.863281
0,0.751851,0.513269,-0.010611
1,0.750901,0.518722,266.242004
2,0.749091,0.524262,515.841797
3,0.750495,0.533926,765.365906
4,0.770295,0.549201,1014.886780
5,0.825634,0.560920,1264.503540
6,0.881242,0.568449,1514.058472
7,0.916006,0.576641,1763.652710
8,0.937185,0.581343,2013.156860
9,0.940544,0.581378,2262.764160
10,0.946183,0.580521,2512.306641
11,0.961463,0.583671,2761.827881
12,0.972811,0.581412,3011.523682
13,0.986837,0.581663,3260.957764
14,0.000470,0.569628,3510.581543
15,0.000892,0.562111,3760.096924
16,0.989010,0.548326,4009.714844
17,0.973026,0.516234,4259.236328
18,0.959043,0.462538,4508.833008
19,0.954963,0.422995,4758.373535
20,0.980440,0.400226,5007.993652
21,0.013288,0.368738,5257.545410
22,0.997165,0.329121,5507.069824
23,0.940347,0.289369,5756.717285
24,0.925085,0.272634,6006.208496
25,0.927914,0.288117,6255.747070
26,0.941137,0.337169,6505.311035
27,0.969730,0.445993,6754.975098
28,0.985397,0.538508,7004.473633
29,0.988661,0.555049,7253.977051
30,0.984381,0.549553,7503.596680
31,0.983844,0.550420,7753.136719
32,0.987427,0.555415,8002.720215
33,0.988247,0.571413,8252.246094
34,0.980544,0.653027,8501.930664
35,0.972728,0.689036,8751.430664
36,0.950779,0.746668,9000.951172
37,0.942325,0.814696,9250.559570
38,0.947413,0.848737,9500.102539
39,0.946766,0.859582,9766.264648
40,0.933883,0.870938,10015.828125
41,0.908160,0.892376,10265.442383
42,0.911677,0.888158,10515.002930
43,0.914077,0.894156,10764.546875
44,0.914757,0.916785,11014.085938
45,0.934917,0.917607,11263.757812
46,0.958786,0.933549,11513.296875
47,0.962076,0.919866,11762.818359
48,0.963316,0.904335,12012.398438
49,0.943104,0.890597,12261.951172
50,0.915951,0.871117,12511.534180
51,0.893844,0.862975,12761.024414
52,0.898675,0.866698,13010.663086
53,0.912942,0.868195,13276.881836
54,0.927822,0.866338,13509.779297
55,0.946372,0.862600,13759.322266
56,0.964973,0.862478,14008.903320
57,0.979707,0.852605,14258.444336
58,0.985274,0.842322,14507.968750
59,0.987360,0.833940,14757.531250
60,0.985476,0.831736,15007.140625
61,0.967834,0.813707,15256.730469
62,0.952781,0.806858,15506.286133
63,0.953062,0.818572,15755.827148
64,0.955796,0.825015,16005.393555
65,0.960003,0.822831,16254.910156
66,0.961257,0.785077,16504.542969
67,0.975167,0.683859,16754.095703
68,0.981458,0.637532,17003.603516
69,0.953149,0.608788,17253.177734
70,0.895463,0.549049,17502.800781
71,0.866574,0.498282,17752.357422
72,0.819823,0.526781,18001.863281
73,0.723429,0.524104,18251.527344
74,0.639606,0.521738,18501.044922
75,0.600667,0.520161,18750.595703
76,0.585288,0.519789,19000.154297
77,0.550641,0.530708,19266.347656
78,0.527847,0.570878,19515.996094
79,0.524541,0.597698,19765.457031
80,0.525334,0.661425,20015.041016
81,0.521492,0.711768,20264.697266
82,0.511903,0.736759,20514.179688
83,0.494015,0.757611,20763.765625
84,0.483436,0.764617,21013.296875
85,0.478765,0.774755,21262.878906
86,0.473962,0.776276,21512.408203
87,0.464842,0.788453,21761.974609
88,0.458291,0.777318,22011.560547
89,0.452193,0.727029,22261.144531
90,0.449743,0.663018,22510.701172
91,0.420033,0.626454,22760.265625
92,0.398541,0.612717,23009.839844
93,0.409284,0.584105,23259.410156
94,0.458269,0.545025,23508.919922
95,0.479254,0.529127,23758.578125
96,0.485127,0.519983,24008.050781
97,0.486208,0.516944,24257.726562
98,0.481456,0.511847,24507.169922
99,0.480476,0.504817,24756.785156
0,0.750285,0.636004,0.038073
1,0.751311,0.635535,266.217682
2,0.749497,0.648420,515.822754
3,0.742788,0.713834,765.345093
4,0.743741,0.800225,1015.012024
5,0.735491,0.864254,1264.471069
6,0.729477,0.895088,1514.035645
7,0.736983,0.917377,1763.668579
8,0.733798,0.924460,2013.207886
9,0.720724,0.919985,2262.781250
10,0.711021,0.913106,2512.296387
11,0.692445,0.916492,2761.911621
12,0.692160,0.919795,3011.462158
13,0.694766,0.921028,3261.003174
14,0.696619,0.920099,3510.609619
15,0.696901,0.920072,3760.141846
16,0.695019,0.909847,4009.718262
17,0.639744,0.823825,4259.287109
18,0.581898,0.742768,4508.864746
19,0.566519,0.716702,4758.396973
20,0.550252,0.632644,5007.929199
21,0.528226,0.551831,5257.551270
22,0.526957,0.544267,5507.065918
23,0.529823,0.517243,5756.650879
24,0.548808,0.568542,6006.229004
25,0.578890,0.672560,6255.823242
26,0.605503,0.726977,6505.350586
27,0.629065,0.757062,6754.900879
28,0.643515,0.769070,7004.487793
29,0.662735,0.802638,7254.084473
30,0.709064,0.864639,7503.603027
31,0.783540,0.878390,7753.144531
32,0.836019,0.799530,8002.751953
33,0.901515,0.718484,8252.296875
34,0.933829,0.652753,8501.853516
35,0.959680,0.598476,8751.442383
36,0.977323,0.559471,9001.025391
37,0.985193,0.548556,9250.583984
38,0.991725,0.548484,9500.075195
39,0.979390,0.546290,9766.326172
40,0.938351,0.534129,10015.884766
41,0.878062,0.534017,10265.442383
42,0.867809,0.532833,10514.974609
43,0.949097,0.537033,10764.583984
44,0.054336,0.530232,11014.143555
45,0.125873,0.523518,11263.742188
46,0.197598,0.514988,11513.262695
47,0.244547,0.492699,11762.833008
48,0.249966,0.454926,12012.367188
49,0.223515,0.424726,12261.936523
50,0.161963,0.396222,12511.485352
51,0.100622,0.366125,12761.046875
52,0.062767,0.333863,13010.670898
53,0.035288,0.324601,13260.193359
54,0.019032,0.323929,13509.746094
55,0.008114,0.371890,13759.333984
56,0.998339,0.433688,14008.884766
57,0.994094,0.443055,14258.445312
58,0.011435,0.440627,14507.997070
59,0.990445,0.420048,14757.592773
60,0.906021,0.354447,15007.172852
61,0.813157,0.300408,15256.699219
62,0.736540,0.259005,15506.280273
63,0.694666,0.231024,15755.836914
64,0.670650,0.206829,16005.395508
65,0.664846,0.184513,16254.950195
66,0.684575,0.175709,16504.529297
67,0.705269,0.166467,16754.089844
68,0.715802,0.164429,17003.669922
69,0.711823,0.168116,17253.199219
70,0.711641,0.170109,17502.824219
71,0.706764,0.169553,17752.361328
72,0.677900,0.167559,18001.902344
73,0.632831,0.183394,18251.472656
74,0.599967,0.208777,18501.037109
75,0.578086,0.238188,18750.583984
76,0.559738,0.276926,19000.146484
77,0.522731,0.330729,19266.396484
78,0.498104,0.358393,19515.927734
79,0.493780,0.372542,19765.482422
80,0.489972,0.380805,20015.080078
81,0.492059,0.387568,20264.650391
82,0.492828,0.406866,20514.171875
83,0.493441,0.434365,20763.724609
84,0.494361,0.482037,21013.291016
85,0.495998,0.499317,21262.884766
86,0.501729,0.506163,21512.437500
87,0.503915,0.529565,21761.988281
88,0.508091,0.556401,22011.587891
89,0.512593,0.562475,22261.128906
90,0.564049,0.549014,22510.673828
91,0.646914,0.531474,22760.242188
92,0.688884,0.537279,23009.841797
93,0.726224,0.556982,23259.388672
94,0.773535,0.612143,23508.970703
95,0.809581,0.708969,23758.509766
96,0.864722,0.744383,24008.078125
97,0.912170,0.753740,24257.636719
98,0.955820,0.709567,24507.232422
99,0.994173,0.656337,24756.779297
0,0.750298,0.528669,-0.015213
1,0.750280,0.528915,266.250031
2,0.749380,0.526289,515.790283
3,0.763088,0.524451,765.350769
4,0.823029,0.529263,1014.886292
5,0.893797,0.531410,1264.570801
6,0.947043,0.529371,1514.009033
7,0.983466,0.517240,1763.590088
8,0.985683,0.506428,2013.220581
9,0.988343,0.505633,2262.776611
10,0.003938,0.527659,2512.256348
11,0.994214,0.552552,2761.873291
12,0.979853,0.552302,3011.518555
13,0.981114,0.544002,3261.003906
14,0.977614,0.534208,3510.526367
15,0.964089,0.523083,3760.205322
16,0.940621,0.516748,4009.701172
17,0.930236,0.515951,4259.283203
18,0.940122,0.513435,4508.845215
19,0.955051,0.513285,4758.476562
20,0.963728,0.515989,5008.007324
21,0.964712,0.518518,5257.478516
22,0.962624,0.519486,5507.046875
23,0.961455,0.520175,5756.640625
24,0.959819,0.521140,6006.202637
25,0.959450,0.522184,6255.762207
26,0.959311,0.523687,6505.372070
27,0.959429,0.525346,6754.893555
28,0.959983,0.526013,7004.448242
29,0.962645,0.528428,7254.019043
30,0.970237,0.533337,7503.610840
31,0.970386,0.533363,7753.138184
32,0.973956,0.528591,8002.678223
33,0.982578,0.522821,8252.291016
34,0.983246,0.523966,8501.820312
35,0.983611,0.526418,8751.375977
36,0.984575,0.529815,9001.034180
37,0.988670,0.528247,9250.556641
38,0.003574,0.528674,9500.071289
39,0.031594,0.512965,9766.250000
40,0.048310,0.472763,10015.853516
41,0.045351,0.436164,10265.461914
42,0.047799,0.443478,10515.008789
43,0.056510,0.500311,10764.509766
44,0.053510,0.570685,11014.175781
45,0.032435,0.625493,11263.678711
46,0.011261,0.686523,11513.214844
47,0.997963,0.745400,11762.874023
48,0.980641,0.754572,12012.338867
49,0.955725,0.770808,12261.936523
50,0.943828,0.799925,12511.459961
51,0.931576,0.842293,12761.109375
52,0.920866,0.872340,13010.622070
53,0.927418,0.880383,13260.161133
54,0.938901,0.873558,13509.744141
55,0.923639,0.871823,13759.299805
56,0.876884,0.870131,14008.881836
57,0.838411,0.863920,14258.425781
58,0.820049,0.862103,14508.032227
59,0.782288,0.851945,14757.579102
60,0.748655,0.845994,15007.204102
61,0.714343,0.848812,15256.662109
62,0.681812,0.851530,15506.274414
63,0.641255,0.850166,15755.884766
64,0.582832,0.854691,16005.387695
65,0.538234,0.850515,16254.959961
66,0.508091,0.840376,16504.554688
67,0.471349,0.824935,16754.126953
68,0.436297,0.818009,17003.615234
69,0.409687,0.815702,17253.271484
70,0.384244,0.812089,17502.746094
71,0.361406,0.811335,17752.349609
72,0.344977,0.803270,18001.939453
73,0.341050,0.767098,18251.492188
74,0.337017,0.702243,18501.039062
75,0.346178,0.631817,18750.568359
76,0.364753,0.589070,19000.138672
77,0.387429,0.566951,19266.357422
78,0.411794,0.540631,19515.902344
79,0.432726,0.516675,19765.447266
80,0.447392,0.505702,20015.021484
81,0.445620,0.495087,20264.605469
82,0.445802,0.484322,20514.148438
83,0.454428,0.487598,20763.738281
84,0.457919,0.485501,21013.273438
85,0.455820,0.497358,21262.822266
86,0.451013,0.507249,21512.417969
87,0.446731,0.506728,21761.957031
88,0.440482,0.502135,22011.562500
89,0.441331,0.505559,22261.123047
90,0.443896,0.513265,22510.667969
91,0.445736,0.514937,22760.240234
92,0.446695,0.510462,23009.802734
93,0.446568,0.508393,23259.369141
94,0.446092,0.510292,23508.921875
95,0.446428,0.513323,23758.498047
96,0.445976,0.517505,24008.033203
97,0.444925,0.520246,24257.611328
98,0.444287,0.521958,24507.193359
99,0.444188,0.521832,24756.728516
0,0.752927,0.549257,-0.001505
1,0.753412,0.553039,266.161987
2,0.775380,0.582466,515.740906
3,0.810275,0.635499,765.322510
4,0.821405,0.698422,1014.856628
5,0.837800,0.747009,1264.471069
6,0.851287,0.777703,1514.070557
7,0.867353,0.830978,1763.616699
8,0.861197,0.874073,2013.149292
9,0.884576,0.925155,2262.713379
10,0.902110,0.941972,2512.267090
11,0.946189,0.933399,2761.799561
12,0.986512,0.844191,3011.360107
13,0.028580,0.678941,3260.933594
14,0.024419,0.562311,3510.521729
15,0.004763,0.512598,3760.074219
16,0.014062,0.458462,4009.647461
17,0.035629,0.379601,4259.208496
18,0.058124,0.337837,4508.746094
19,0.090885,0.333577,4758.374512
20,0.125040,0.369889,5007.904785
21,0.146731,0.428241,5257.509277
22,0.162013,0.501225,5507.009277
23,0.181914,0.563554,5756.641113
24,0.199867,0.599386,6006.135254
25,0.232403,0.617530,6255.789062
26,0.284073,0.611241,6505.286621
27,0.303916,0.608218,6754.814453
28,0.322231,0.607737,7004.429688
29,0.351469,0.591090,7253.949219
30,0.393653,0.586778,7503.562988
31,0.432392,0.587917,7753.093262
32,0.468287,0.590149,8002.778320
33,0.494069,0.600493,8252.202148
34,0.510131,0.617854,8501.872070
35,0.519241,0.660686,8751.364258
36,0.526547,0.718308,9000.902344
37,0.529491,0.781429,9250.483398
38,0.520632,0.824845,9500.018555
39,0.493230,0.866852,9766.224609
40,0.436230,0.895077,10015.814453
41,0.351406,0.909039,10265.361328
42,0.269810,0.898880,10514.969727
43,0.220484,0.891646,10764.500977
44,0.191273,0.891994,11014.058594
45,0.153030,0.898798,11263.615234
46,0.100574,0.897257,11513.194336
47,0.051575,0.891923,11762.750000
48,0.019379,0.887370,12012.320312
49,0.991566,0.879554,12261.899414
50,0.964296,0.856201,12511.496094
51,0.939420,0.823203,12760.994141
52,0.944287,0.761179,13010.581055
53,0.966471,0.664417,13260.117188
54,0.999161,0.582939,13509.716797
55,0.005054,0.526183,13759.309570
56,0.963431,0.513436,14008.833008
57,0.893093,0.521248,14258.380859
58,0.860606,0.585696,14507.955078
59,0.868048,0.597521,14757.599609
60,0.847107,0.592658,15007.146484
61,0.806259,0.574789,15256.668945
62,0.760656,0.544754,15506.212891
63,0.721172,0.522530,15755.839844
64,0.697710,0.503985,16005.331055
65,0.666740,0.502894,16254.916016
66,0.632484,0.510195,16504.482422
67,0.605588,0.515769,16754.093750
68,0.576875,0.508815,17003.615234
69,0.549611,0.511172,17253.148438
70,0.524320,0.515525,17502.781250
71,0.499374,0.518393,17752.294922
72,0.473628,0.519094,18001.863281
73,0.446933,0.523321,18251.388672
74,0.419250,0.528867,18500.998047
75,0.394612,0.531758,18750.521484
76,0.371667,0.532411,19000.082031
77,0.352740,0.522680,19266.300781
78,0.336394,0.504803,19515.933594
79,0.319555,0.522121,19765.419922
80,0.304549,0.538887,20014.986328
81,0.285793,0.545286,20264.550781
82,0.268618,0.544071,20514.150391
83,0.250454,0.541612,20763.660156
84,0.226983,0.529259,21013.234375
85,0.180202,0.525967,21262.876953
86,0.106017,0.526952,21512.349609
87,0.037862,0.548604,21761.962891
88,0.009663,0.564457,22011.548828
89,0.015356,0.563316,22261.101562
90,0.033220,0.554972,22510.607422
91,0.073263,0.543694,22760.193359
92,0.156983,0.518946,23009.724609
93,0.287926,0.507556,23259.384766
94,0.407742,0.519319,23508.861328
95,0.449663,0.523867,23758.488281
96,0.466105,0.526883,24008.058594
97,0.478786,0.528554,24257.609375
98,0.488166,0.521112,24507.130859
99,0.490920,0.509434,24756.677734
0,0.749363,0.437499,-0.012508
1,0.746925,0.430989,266.212250
2,0.735315,0.443387,515.733154
3,0.726707,0.464848,765.405640
4,0.734843,0.470697,1014.877869
5,0.754336,0.474917,1264.476196
6,0.792246,0.487649,1514.004639
7,0.837293,0.550032,1763.624390
8,0.861386,0.643275,2013.160522
9,0.849957,0.693974,2262.681152
10,0.809703,0.734157,2512.316162
11,0.758245,0.765779,2761.883057
12,0.715480,0.788460,3011.426270
13,0.686177,0.811433,3260.946045
14,0.672706,0.839627,3510.594971
15,0.643156,0.864282,3760.088623
16,0.620758,0.881230,4009.670166
17,0.612331,0.887953,4259.236816
18,0.607443,0.887656,4508.789551
19,0.609222,0.888001,4758.351074
20,0.609709,0.880812,5007.883789
21,0.622966,0.873169,5257.547852
22,0.651794,0.856995,5507.024414
23,0.689199,0.826263,5756.658691
24,0.745212,0.778378,6006.190918
25,0.807391,0.705490,6255.769531
26,0.851612,0.588330,6505.317383
27,0.893222,0.509855,6754.830566
28,0.927983,0.480059,7004.516602
29,0.962921,0.475572,7253.951172
30,0.983608,0.475400,7503.619629
31,0.990752,0.473860,7753.161621
32,0.991175,0.465137,8002.648926
33,0.983582,0.440340,8252.265625
34,0.983725,0.390601,8501.781250
35,0.987492,0.336124,8751.399414
36,0.998834,0.278974,9000.904297
37,0.029127,0.255089,9250.482422
38,0.036684,0.260243,9500.033203
39,0.036411,0.268693,9766.273438
40,0.031267,0.273044,10015.815430
41,0.028477,0.279740,10265.391602
42,0.025331,0.285281,10514.929688
43,0.016904,0.287889,10764.557617
44,0.011175,0.287743,11014.046875
45,0.001236,0.287539,11263.619141
46,0.957732,0.293440,11513.260742
47,0.909754,0.327572,11762.803711
48,0.890961,0.390226,12012.325195
49,0.905844,0.457211,12261.881836
50,0.937446,0.503262,12511.508789
51,0.971907,0.525884,12761.095703
52,0.001058,0.519018,13010.668945
53,0.024520,0.521461,13260.156250
54,0.045220,0.530138,13509.734375
55,0.060470,0.540144,13759.268555
56,0.080554,0.547381,14008.840820
57,0.105316,0.560347,14258.433594
58,0.135696,0.572796,14508.003906
59,0.163845,0.581486,14757.612305
60,0.189800,0.591188,15007.093750
61,0.214370,0.612956,15256.683594
62,0.248056,0.616706,15506.227539
63,0.277830,0.602301,15755.776367
64,0.293998,0.574989,16005.387695
65,0.307931,0.554397,16254.915039
66,0.328053,0.517127,16504.560547
67,0.354774,0.497025,16754.029297
68,0.386455,0.501246,17003.652344
69,0.406260,0.499600,17253.164062
70,0.429960,0.493874,17502.751953
71,0.441294,0.486212,17752.351562
72,0.459115,0.477854,18001.921875
73,0.474349,0.472956,18251.414062
74,0.476462,0.454226,18500.970703
75,0.472309,0.444073,18750.535156
76,0.456463,0.439281,19000.117188
77,0.434757,0.436253,19266.361328
78,0.414870,0.436882,19515.906250
79,0.391134,0.447110,19765.480469
80,0.354211,0.444604,20015.048828
81,0.316614,0.437077,20264.558594
82,0.283781,0.430094,20514.123047
83,0.257872,0.435239,20763.710938
84,0.228610,0.444412,21013.343750
85,0.206029,0.450143,21262.853516
86,0.185055,0.461874,21512.384766
87,0.151014,0.468515,21761.986328
88,0.115956,0.476646,22011.531250
89,0.085652,0.479984,22261.066406
90,0.059284,0.486099,22510.628906
91,0.036676,0.499455,22760.265625
92,0.021131,0.514993,23009.751953
93,0.012533,0.524522,23259.359375
94,0.005992,0.523545,23508.927734
95,0.998969,0.519699,23758.496094
96,0.991082,0.518901,24008.015625
97,0.980832,0.521129,24257.640625
98,0.960220,0.516688,24507.167969
99,0.939882,0.495088,24756.697266
0,0.750375,0.417176,-0.042852
1,0.757084,0.423431,266.192780
2,0.775707,0.415188,515.761780
3,0.797154,0.374299,765.271179
4,0.814822,0.324866,1014.934021
5,0.830048,0.286534,1264.387451
6,0.837946,0.248847,1514.035400
7,0.840386,0.250502,1763.581787
8,0.868278,0.317037,2013.094971
9,0.916921,0.437705,2262.702637
10,0.956537,0.493849,2512.222900
11,0.943692,0.490174,2761.870850
12,0.922799,0.481740,3011.339844
13,0.890830,0.435805,3260.907715
14,0.849302,0.391627,3510.452637
15,0.816834,0.341601,3760.102783
16,0.783795,0.271124,4009.640137
17,0.693318,0.224655,4259.178711
18,0.632626,0.234860,4508.828613
19,0.596033,0.250895,4758.336426
20,0.556916,0.278263,5007.849609
21,0.522434,0.348041,5257.447754
22,0.491846,0.430349,5507.039551
23,0.460384,0.479083,5756.582520
24,0.444145,0.520474,6006.121582
25,0.410763,0.561707,6255.661133
26,0.392812,0.569389,6505.287109
27,0.381739,0.568884,6754.855469
28,0.367550,0.563838,7004.416016
29,0.350580,0.560733,7253.965820
30,0.336876,0.534268,7503.479980
31,0.340724,0.486718,7753.103516
32,0.356316,0.450890,8002.663574
33,0.387277,0.417089,8252.264648
34,0.415812,0.401956,8501.769531
35,0.436957,0.400109,8751.331055
36,0.458520,0.407028,9000.923828
37,0.473067,0.413579,9250.481445
38,0.484938,0.425933,9500.017578
39,0.483073,0.436802,9766.243164
40,0.482261,0.443199,10015.817383
41,0.479502,0.452236,10265.351562
42,0.480206,0.457799,10514.880859
43,0.481730,0.458355,10764.506836
44,0.486085,0.455749,11014.111328
45,0.494874,0.453023,11263.614258
46,0.510366,0.456188,11513.167969
47,0.529214,0.458748,11762.713867
48,0.549823,0.455184,12012.371094
49,0.571298,0.454434,12261.946289
50,0.620239,0.491290,12511.429688
51,0.701697,0.527379,12760.953125
52,0.766617,0.544692,13010.560547
53,0.815668,0.561195,13260.102539
54,0.860909,0.574482,13509.769531
55,0.925326,0.553603,13759.344727
56,0.978684,0.548159,14008.796875
57,0.006454,0.560125,14258.380859
58,0.040394,0.588415,14507.973633
59,0.067580,0.664169,14757.506836
60,0.061457,0.745728,15007.088867
61,0.051451,0.825048,15256.625977
62,0.063847,0.879159,15506.260742
63,0.073313,0.904655,15755.811523
64,0.120385,0.908175,16005.337891
65,0.216732,0.901454,16254.922852
66,0.264176,0.895672,16504.441406
67,0.286481,0.893214,16753.984375
68,0.279717,0.896513,17003.580078
69,0.302709,0.891159,17253.162109
70,0.313751,0.888807,17502.740234
71,0.329095,0.891927,17752.292969
72,0.338639,0.893890,18001.884766
73,0.338156,0.900976,18251.380859
74,0.342543,0.906704,18500.976562
75,0.313564,0.917298,18750.544922
76,0.251469,0.892416,19000.058594
77,0.195224,0.841488,19266.302734
78,0.163817,0.782034,19515.851562
79,0.126179,0.703500,19765.398438
80,0.102194,0.673325,20014.957031
81,0.086577,0.670445,20264.533203
82,0.074013,0.652866,20514.095703
83,0.048770,0.615843,20763.689453
84,0.027793,0.589241,21013.203125
85,0.013884,0.586440,21262.820312
86,0.000948,0.597969,21512.351562
87,0.994416,0.621205,21761.914062
88,0.998470,0.666821,22011.480469
89,0.018550,0.780018,22261.042969
90,0.075720,0.888846,22510.601562
91,0.134497,0.924091,22760.148438
92,0.162454,0.942367,23009.751953
93,0.106092,0.969254,23259.298828
94,0.060993,0.971786,23508.855469
95,0.017725,0.966078,23758.414062
96,0.036808,0.953404,24007.996094
97,0.999092,0.926456,24257.546875
98,0.988273,0.912897,24507.123047
99,0.989492,0.915337,24756.703125
0,0.747081,0.525629,-0.027631
1,0.745257,0.531102,266.214142
2,0.748993,0.550204,515.711548
3,0.798205,0.576829,765.269409
4,0.833647,0.642755,1014.847778
5,0.845674,0.692414,1264.391235
6,0.854210,0.703935,1514.049683
7,0.871070,0.698211,1763.583130
8,0.898800,0.687882,2013.154541
9,0.924620,0.656086,2262.677490
10,0.945662,0.629910,2512.267334
11,0.968631,0.595791,2761.809082
12,0.981295,0.558331,3011.340088
13,0.990106,0.526513,3260.937500
14,0.999135,0.502098,3510.489746
15,0.005400,0.448320,3760.076416
16,0.004008,0.409802,4009.619385
17,0.020819,0.412553,4259.267578
18,0.033644,0.413061,4508.819336
19,0.033010,0.466325,4758.399414
20,0.038872,0.567211,5007.897461
21,0.042086,0.604006,5257.462891
22,0.029956,0.607673,5507.005859
23,0.016189,0.604198,5756.536621
24,0.005491,0.599899,6006.193848
25,0.994862,0.595994,6255.678711
26,0.978780,0.590766,6505.313965
27,0.950728,0.598714,6754.848145
28,0.897988,0.632895,7004.423340
29,0.829960,0.645963,7253.933594
30,0.736762,0.613724,7503.487793
31,0.635716,0.571909,7753.088867
32,0.556666,0.534798,8002.632324
33,0.508427,0.511783,8252.289062
34,0.485808,0.496031,8501.751953
35,0.470213,0.482909,8751.364258
36,0.465219,0.489518,9000.882812
37,0.465948,0.504187,9250.439453
38,0.461267,0.507279,9500.062500
39,0.458230,0.511180,9766.267578
40,0.460939,0.518577,10015.803711
41,0.465433,0.527772,10265.370117
42,0.470276,0.534045,10514.889648
43,0.472246,0.528859,10764.542969
44,0.473075,0.516161,11014.054688
45,0.469388,0.491959,11263.601562
46,0.460002,0.478872,11513.177734
47,0.451712,0.472446,11762.796875
48,0.427751,0.494607,12012.379883
49,0.400913,0.565645,12261.838867
50,0.388405,0.616672,12511.445312
51,0.398847,0.659914,12760.982422
52,0.426768,0.717818,13010.569336
53,0.458025,0.752312,13260.108398
54,0.472295,0.765330,13509.759766
55,0.494830,0.780223,13759.320312
56,0.523009,0.788328,14008.787109
57,0.557817,0.788466,14258.452148
58,0.589944,0.793236,14507.919922
59,0.622376,0.798256,14757.481445
60,0.645119,0.814296,15007.084961
61,0.657973,0.834779,15256.666016
62,0.669339,0.850928,15506.230469
63,0.674644,0.865867,15755.730469
64,0.678592,0.870930,16005.401367
65,0.678644,0.868656,16254.911133
66,0.670805,0.859034,16504.435547
67,0.659046,0.848550,16754.060547
68,0.651085,0.833704,17003.662109
69,0.640997,0.793457,17253.115234
70,0.634677,0.736278,17502.699219
71,0.632661,0.672208,17752.253906
72,0.623183,0.609186,18001.908203
73,0.601790,0.545339,18251.416016
74,0.547333,0.522283,18500.978516
75,0.517135,0.514785,18750.597656
76,0.521529,0.510436,19000.068359
77,0.521296,0.511002,19266.333984
78,0.516383,0.516241,19515.861328
79,0.513866,0.518475,19765.439453
80,0.517494,0.513196,20014.982422
81,0.531084,0.501182,20264.625000
82,0.549032,0.478910,20514.152344
83,0.575306,0.459615,20763.720703
84,0.609374,0.457664,21013.228516
85,0.643719,0.458451,21262.798828
86,0.690216,0.519602,21512.376953
87,0.729145,0.570000,21762.011719
88,0.762316,0.565044,22011.480469
89,0.837518,0.552445,22261.134766
90,0.952079,0.536300,22510.625000
91,0.040811,0.542332,22760.195312
92,0.077058,0.557536,23009.750000
93,0.088284,0.551415,23259.316406
94,0.080751,0.509394,23508.925781
95,0.057092,0.461483,23758.429688
96,0.035808,0.429405,24008.029297
97,0.023949,0.408400,24257.556641
98,0.008144,0.398796,24507.150391
99,0.993247,0.401536,24756.675781
0,0.748679,0.438244,0.077412
1,0.748860,0.437197,266.332367
2,0.750933,0.437334,515.857666
3,0.757226,0.447528,765.414368
4,0.764381,0.495867,1015.059570
5,0.769691,0.560493,1264.563110
6,0.771062,0.647237,1514.127441
7,0.765347,0.698073,1763.723145
8,0.759754,0.773604,2013.238159
9,0.746005,0.818346,2262.795898
10,0.691574,0.823600,2512.352295
11,0.626023,0.815533,2761.971680
12,0.607642,0.820625,3011.518311
13,0.610202,0.821264,3261.039307
14,0.627800,0.826051,3510.635254
15,0.645154,0.823503,3760.211914
16,0.654368,0.820959,4009.773438
17,0.656327,0.818985,4259.301758
18,0.647111,0.823706,4508.903320
19,0.627852,0.826227,4758.468750
20,0.603675,0.819411,5007.981445
21,0.573028,0.787519,5257.581055
22,0.539947,0.695847,5507.153320
23,0.519877,0.597838,5756.762207
24,0.502247,0.537285,6006.317871
25,0.492089,0.526319,6255.865723
26,0.480922,0.523035,6505.419434
27,0.466951,0.522986,6754.938477
28,0.456757,0.545516,7004.601562
29,0.452960,0.577933,7254.097168
30,0.431392,0.588393,7503.714355
31,0.391204,0.580469,7753.235840
32,0.369777,0.581074,8002.781738
33,0.352897,0.579653,8252.325195
34,0.348393,0.587100,8501.912109
35,0.342222,0.583803,8751.529297
36,0.334476,0.588765,9001.042969
37,0.305698,0.591369,9250.670898
38,0.266255,0.602660,9500.130859
39,0.250376,0.619038,9766.355469
40,0.255058,0.620939,10015.920898
41,0.258704,0.624217,10265.503906
42,0.261143,0.625858,10515.055664
43,0.263587,0.622998,10764.626953
44,0.275515,0.572210,11014.190430
45,0.290075,0.497254,11263.750000
46,0.296765,0.448085,11513.280273
47,0.294847,0.437503,11762.898438
48,0.296362,0.444774,12012.437500
49,0.312791,0.481803,12262.020508
50,0.321072,0.499829,12511.611328
51,0.329733,0.516930,12761.161133
52,0.338794,0.522573,13010.708008
53,0.371642,0.525285,13260.226562
54,0.414191,0.526430,13509.946289
55,0.430054,0.536594,13759.367188
56,0.435888,0.540377,14008.962891
57,0.445085,0.525154,14258.492188
58,0.465331,0.496877,14508.116211
59,0.462985,0.475411,14757.694336
60,0.456698,0.470201,15007.186523
61,0.453572,0.468507,15256.797852
62,0.452903,0.465339,15506.346680
63,0.432362,0.455260,15755.861328
64,0.391324,0.449056,16005.458984
65,0.375948,0.446871,16255.075195
66,0.372336,0.408898,16504.658203
67,0.368854,0.343117,16754.119141
68,0.392490,0.309089,17003.792969
69,0.468906,0.297035,17253.285156
70,0.494896,0.295316,17502.884766
71,0.505189,0.295927,17752.447266
72,0.522899,0.291714,18001.978516
73,0.531642,0.292922,18251.515625
74,0.536630,0.293029,18501.078125
75,0.552044,0.285404,18750.638672
76,0.578330,0.299629,19000.302734
77,0.605493,0.308665,19266.484375
78,0.633553,0.412440,19516.001953
79,0.683105,0.605597,19765.574219
80,0.714046,0.723951,20015.150391
81,0.717286,0.751743,20264.683594
82,0.701136,0.766628,20514.208984
83,0.683390,0.784393,20763.814453
84,0.658514,0.796755,21013.429688
85,0.585121,0.808480,21262.968750
86,0.518249,0.823311,21512.519531
87,0.498143,0.837623,21762.140625
88,0.472101,0.846511,22011.619141
89,0.435102,0.848202,22261.164062
90,0.412847,0.851719,22510.753906
91,0.384506,0.850937,22760.347656
92,0.362821,0.845129,23009.853516
93,0.349527,0.844598,23259.435547
94,0.334283,0.844214,23508.998047
95,0.322711,0.844833,23758.582031
96,0.306225,0.843137,24008.156250
97,0.291770,0.841337,24257.687500
98,0.280494,0.840487,24507.246094
99,0.272255,0.840403,24756.828125
0,0.751184,0.519253,-0.007208
1,0.752328,0.517168,266.187073
2,0.763259,0.511462,515.814087
3,0.805991,0.532181,765.308594
4,0.851121,0.608739,1014.903992
5,0.877734,0.668995,1264.514893
6,0.900310,0.703658,1514.020508
7,0.907435,0.780212,1763.570190
8,0.864233,0.838370,2013.112427
9,0.846748,0.891616,2262.790771
10,0.827484,0.914194,2512.290283
11,0.813563,0.922902,2761.903809
12,0.784243,0.915978,3011.369141
13,0.714968,0.891781,3261.000244
14,0.643534,0.850340,3510.503418
15,0.589633,0.846339,3760.087646
16,0.535643,0.867701,4009.659668
17,0.499155,0.868406,4259.232910
18,0.493418,0.868345,4508.780273
19,0.521000,0.882455,4758.326660
20,0.606527,0.904780,5007.947266
21,0.683652,0.912661,5257.457031
22,0.762998,0.883985,5507.057617
23,0.815694,0.826671,5756.591309
24,0.874127,0.734429,6006.244629
25,0.937195,0.629344,6255.756348
26,0.967984,0.600484,6505.275391
27,0.991130,0.571915,6754.937988
28,0.012740,0.518975,7004.425293
29,0.019502,0.481442,7253.959961
30,0.026790,0.467503,7503.597168
31,0.047535,0.437322,7753.207031
32,0.062640,0.353932,8002.648926
33,0.049915,0.277067,8252.201172
34,0.031745,0.241567,8501.805664
35,0.985088,0.248659,8751.402344
36,0.928921,0.271772,9000.949219
37,0.902482,0.269626,9250.519531
38,0.877912,0.266243,9500.105469
39,0.858807,0.256490,9766.335938
40,0.807347,0.241166,10015.799805
41,0.787078,0.222615,10265.352539
42,0.755836,0.221795,10514.989258
43,0.690455,0.231486,10764.504883
44,0.656455,0.249639,11014.058594
45,0.646262,0.273104,11263.656250
46,0.648228,0.279037,11513.240234
47,0.737373,0.265520,11762.791992
48,0.877343,0.378207,12012.323242
49,0.965967,0.525374,12261.878906
50,0.002001,0.568416,12511.503906
51,0.015093,0.580269,12760.999023
52,0.043465,0.588799,13010.599609
53,0.080196,0.594945,13260.178711
54,0.117041,0.602680,13509.722656
55,0.154401,0.609834,13759.275391
56,0.192447,0.606167,14008.840820
57,0.235515,0.590765,14258.410156
58,0.268796,0.585748,14507.973633
59,0.300691,0.583076,14757.519531
60,0.328001,0.583991,15007.095703
61,0.351184,0.553335,15256.643555
62,0.374386,0.535980,15506.229492
63,0.424335,0.543999,15755.856445
64,0.455975,0.561568,16005.376953
65,0.453245,0.601850,16254.999023
66,0.472393,0.604482,16504.496094
67,0.511993,0.599703,16754.095703
68,0.529301,0.707173,17003.626953
69,0.525606,0.772260,17253.156250
70,0.511357,0.753558,17502.839844
71,0.499898,0.611850,17752.332031
72,0.505383,0.428915,18001.929688
73,0.510729,0.333757,18251.429688
74,0.479174,0.284130,18500.994141
75,0.456855,0.287357,18750.562500
76,0.437482,0.321821,19000.099609
77,0.393072,0.355593,19266.296875
78,0.370318,0.378451,19515.921875
79,0.353982,0.397292,19765.486328
80,0.327581,0.406458,20015.072266
81,0.311551,0.424971,20264.552734
82,0.360098,0.470188,20514.179688
83,0.403321,0.503719,20763.712891
84,0.420616,0.515014,21013.242188
85,0.442096,0.512919,21262.914062
86,0.465825,0.504524,21512.439453
87,0.475774,0.496545,21762.046875
88,0.517646,0.481010,22011.550781
89,0.530606,0.479254,22261.119141
90,0.527925,0.475050,22510.671875
91,0.513216,0.482163,22760.191406
92,0.504015,0.493512,23009.833984
93,0.508425,0.516862,23259.421875
94,0.512985,0.517381,23508.970703
95,0.507213,0.526545,23758.460938
96,0.461827,0.525031,24008.082031
97,0.421153,0.506292,24257.583984
98,0.391493,0.499922,24507.166016
99,0.382380,0.493798,24756.718750
0,0.749395,0.444041,0.052771
1,0.748637,0.446215,266.239716
2,0.748383,0.446268,515.857056
3,0.750144,0.460562,765.358032
4,0.754691,0.515859,1014.942871
5,0.760789,0.597093,1264.491577
6,0.762642,0.683559,1514.060303
7,0.760059,0.729728,1763.645996
8,0.766387,0.722018,2013.177490
9,0.812318,0.656934,2262.790039
10,0.873112,0.574593,2512.312500
11,0.916843,0.523780,2761.965088
12,0.940993,0.496012,3011.440674
13,0.952157,0.504375,3261.007324
14,0.965582,0.504747,3510.598145
15,0.979180,0.503358,3760.142334
16,0.993020,0.497305,4009.726562
17,0.007900,0.493959,4259.270020
18,0.024772,0.490774,4508.832520
19,0.041390,0.483023,4758.473633
20,0.057557,0.482183,5007.988770
21,0.074978,0.495424,5257.546875
22,0.090192,0.524193,5507.119629
23,0.098281,0.539328,5756.710938
24,0.088321,0.541735,6006.204590
25,0.067209,0.542950,6255.815430
26,0.040013,0.544184,6505.410156
27,0.011139,0.542970,6754.929688
28,0.973921,0.537335,7004.551758
29,0.924866,0.529324,7254.084961
30,0.871965,0.524602,7503.593750
31,0.821433,0.515072,7753.154785
32,0.756641,0.512585,8002.750488
33,0.702674,0.516435,8252.367188
34,0.645060,0.512008,8501.871094
35,0.584013,0.503643,8751.416016
36,0.539969,0.506002,9001.058594
37,0.508224,0.507718,9250.588867
38,0.486492,0.498107,9500.109375
39,0.478113,0.467144,9766.310547
40,0.459984,0.466866,10015.895508
41,0.420545,0.491784,10265.514648
42,0.374281,0.533388,10515.071289
43,0.351052,0.548430,10764.598633
44,0.338928,0.559522,11014.206055
45,0.332382,0.554235,11263.716797
46,0.330352,0.528018,11513.247070
47,0.337103,0.492534,11762.833984
48,0.340251,0.484879,12012.436523
49,0.328292,0.499372,12261.975586
50,0.327321,0.533927,12511.509766
51,0.332830,0.552289,12761.116211
52,0.338412,0.578579,13010.649414
53,0.339768,0.590535,13260.233398
54,0.347030,0.587882,13509.800781
55,0.357700,0.577044,13759.409180
56,0.377868,0.581610,14008.912109
57,0.392143,0.603684,14258.527344
58,0.405207,0.625183,14508.046875
59,0.412009,0.635160,14757.633789
60,0.408871,0.632767,15007.184570
61,0.420688,0.680669,15256.741211
62,0.449060,0.746467,15506.312500
63,0.455339,0.751344,15755.891602
64,0.433463,0.750178,16005.403320
65,0.378360,0.736612,16254.957031
66,0.352526,0.622893,16504.574219
67,0.333344,0.503778,16754.099609
68,0.322493,0.485366,17003.701172
69,0.318734,0.486682,17253.291016
70,0.314181,0.492105,17502.888672
71,0.313492,0.491421,17752.353516
72,0.326599,0.490792,18001.994141
73,0.345531,0.491287,18251.466797
74,0.374086,0.489097,18501.050781
75,0.424675,0.479575,18750.699219
76,0.465613,0.466468,19000.203125
77,0.484410,0.460762,19266.359375
78,0.494966,0.450492,19515.955078
79,0.499143,0.433864,19765.488281
80,0.514969,0.425939,20015.160156
81,0.521205,0.403200,20264.664062
82,0.516703,0.389482,20514.193359
83,0.504439,0.388142,20763.857422
84,0.494448,0.391641,21013.343750
85,0.470972,0.387059,21262.912109
86,0.456979,0.389960,21512.439453
87,0.459382,0.393079,21762.074219
88,0.462378,0.395449,22011.601562
89,0.469507,0.398382,22261.160156
90,0.478656,0.403758,22510.730469
91,0.481044,0.403092,22760.333984
92,0.482370,0.404104,23009.818359
93,0.483533,0.406837,23259.392578
94,0.486768,0.409562,23508.988281
95,0.487668,0.410369,23758.505859
96,0.488086,0.412686,24008.111328
97,0.489301,0.414664,24257.685547
98,0.489397,0.417425,24507.306641
99,0.490269,0.425875,24756.808594
0,0.750041,0.567513,0.000154
1,0.750170,0.568005,266.188843
2,0.750736,0.568310,515.845520
3,0.754599,0.574994,765.314209
4,0.764757,0.596003,1014.920410
5,0.773555,0.629090,1264.524292
6,0.774715,0.655242,1514.018188
7,0.769306,0.691396,1763.619507
8,0.760410,0.752014,2013.132446
9,0.751356,0.793572,2262.736816
10,0.748240,0.824469,2512.253418
11,0.744693,0.854683,2761.855469
12,0.735349,0.878607,3011.424561
13,0.724683,0.902257,3260.941650
14,0.714281,0.928851,3510.619873
15,0.712917,0.938319,3760.072510
16,0.715994,0.935871,4009.653809
17,0.720005,0.931649,4259.207520
18,0.720293,0.926883,4508.863770
19,0.717340,0.915339,4758.343750
20,0.704010,0.902594,5007.893066
21,0.685500,0.889505,5257.457520
22,0.659912,0.877093,5507.055664
23,0.625027,0.861692,5756.651855
24,0.589615,0.843257,6006.208008
25,0.560716,0.824940,6255.824219
26,0.534398,0.805722,6505.350586
27,0.517111,0.787649,6754.850586
28,0.505659,0.764655,7004.440918
29,0.483175,0.732342,7253.976562
30,0.463626,0.691671,7503.587891
31,0.458592,0.638246,7753.127441
32,0.463240,0.586990,8002.711426
33,0.465034,0.549833,8252.287109
34,0.459378,0.513273,8501.818359
35,0.455907,0.462828,8751.410156
36,0.466104,0.417265,9000.920898
37,0.481195,0.396384,9250.483398
38,0.485878,0.400396,9500.104492
39,0.484489,0.414237,9766.296875
40,0.468959,0.447813,10015.865234
41,0.461617,0.463040,10265.468750
42,0.463072,0.475612,10514.943359
43,0.464147,0.479786,10764.519531
44,0.442896,0.494526,11014.139648
45,0.393507,0.513707,11263.641602
46,0.358926,0.522743,11513.228516
47,0.345972,0.525457,11762.803711
48,0.342705,0.525586,12012.364258
49,0.345280,0.525660,12261.889648
50,0.344410,0.524136,12511.493164
51,0.334914,0.524860,12761.130859
52,0.306550,0.537212,13010.600586
53,0.264521,0.559309,13260.186523
54,0.231492,0.570497,13509.758789
55,0.219645,0.572835,13759.317383
56,0.216913,0.576274,14008.843750
57,0.204004,0.578595,14258.488281
58,0.181945,0.579705,14507.961914
59,0.158560,0.577819,14757.568359
60,0.141118,0.577879,15007.124023
61,0.124389,0.575538,15256.690430
62,0.099919,0.568379,15506.253906
63,0.082691,0.564436,15755.794922
64,0.074362,0.566101,16005.410156
65,0.067654,0.568318,16254.947266
66,0.064771,0.565738,16504.490234
67,0.065302,0.564537,16754.041016
68,0.067633,0.565222,17003.695312
69,0.070486,0.557916,17253.203125
70,0.072376,0.519455,17502.767578
71,0.077925,0.470398,17752.404297
72,0.086418,0.424014,18001.863281
73,0.090716,0.407536,18251.443359
74,0.092033,0.404976,18501.013672
75,0.092552,0.406569,18750.697266
76,0.093728,0.407659,19000.148438
77,0.099232,0.405530,19266.335938
78,0.119190,0.387151,19515.923828
79,0.151890,0.347024,19765.533203
80,0.185214,0.320711,20015.042969
81,0.224306,0.306893,20264.607422
82,0.273364,0.306032,20514.166016
83,0.309827,0.297527,20763.730469
84,0.334227,0.292886,21013.296875
85,0.357013,0.289552,21262.863281
86,0.370592,0.288768,21512.402344
87,0.376600,0.288358,21761.982422
88,0.378324,0.297509,22011.576172
89,0.383902,0.320089,22261.113281
90,0.391288,0.349794,22510.662109
91,0.394847,0.375424,22760.222656
92,0.397999,0.417494,23009.777344
93,0.397861,0.454862,23259.357422
94,0.395820,0.486698,23508.929688
95,0.394788,0.513707,23758.539062
96,0.410042,0.536739,24008.078125
97,0.440322,0.539828,24257.632812
98,0.473259,0.530888,24507.177734
99,0.500605,0.522494,24756.753906
0,0.750067,0.563245,-0.044476
1,0.750011,0.563301,266.146271
2,0.753418,0.565546,515.737854
3,0.775397,0.581508,765.342041
4,0.797108,0.624960,1014.808350
5,0.816266,0.684357,1264.468018
6,0.830341,0.742559,1513.960938
7,0.840584,0.771201,1763.508301
8,0.847822,0.775245,2013.094238
9,0.857895,0.769804,2262.621582
10,0.890362,0.817959,2512.193848
11,0.938111,0.844677,2761.727051
12,0.990343,0.859605,3011.452148
13,0.027356,0.867715,3260.931641
14,0.057308,0.874255,3527.113037
15,0.093408,0.881303,3760.041504
16,0.114903,0.879579,4009.591553
17,0.127097,0.874818,4259.149902
18,0.134358,0.862077,4508.682129
19,0.143855,0.837778,4758.315918
20,0.153237,0.826417,5007.833496
21,0.155181,0.811545,5257.400879
22,0.153418,0.793150,5506.975098
23,0.113118,0.731478,5756.605469
24,0.057416,0.661819,6006.083008
25,0.026643,0.596191,6255.632324
26,0.018899,0.559141,6505.265137
27,0.020020,0.534107,6754.744141
28,0.024170,0.494931,7004.366211
29,0.021188,0.433111,7253.911133
30,0.026893,0.374676,7503.555176
31,0.029724,0.379521,7753.074707
32,0.024634,0.395614,8002.588867
33,0.020783,0.417121,8252.203125
34,0.998555,0.408142,8501.773438
35,0.967688,0.379877,8751.347656
36,0.960294,0.356020,9000.829102
37,0.969750,0.345158,9250.503906
38,0.001809,0.336009,9516.627930
39,0.035837,0.319389,9766.210938
40,0.058133,0.307268,10015.743164
41,0.062813,0.297526,10265.330078
42,0.058643,0.292992,10514.897461
43,0.077775,0.319863,10764.527344
44,0.111846,0.342761,11013.990234
45,0.158539,0.353835,11263.594727
46,0.217003,0.353141,11513.114258
47,0.277272,0.352073,11762.675781
48,0.328710,0.372790,12012.298828
49,0.377104,0.395694,12261.912109
50,0.408105,0.427096,12511.397461
51,0.429600,0.447963,12760.919922
52,0.443611,0.464934,13010.549805
53,0.452371,0.478802,13260.041992
54,0.453872,0.496003,13509.625977
55,0.448002,0.505305,13759.179688
56,0.415668,0.514013,14008.830078
57,0.385925,0.524744,14258.356445
58,0.363690,0.537160,14507.871094
59,0.323034,0.529073,14757.537109
60,0.302721,0.518848,15007.040039
61,0.302605,0.519966,15256.595703
62,0.336317,0.509112,15506.172852
63,0.415650,0.477399,15755.779297
64,0.507700,0.460088,16005.249023
65,0.558618,0.468361,16254.818359
66,0.582693,0.472510,16504.482422
67,0.630730,0.551097,16753.978516
68,0.649518,0.630815,17003.550781
69,0.651642,0.700748,17253.126953
70,0.648343,0.716622,17502.710938
71,0.644977,0.635956,17752.201172
72,0.653364,0.539860,18001.794922
73,0.670492,0.492702,18251.390625
74,0.631061,0.469911,18500.914062
75,0.556947,0.471788,18750.511719
76,0.510374,0.466882,19000.117188
77,0.495435,0.471474,19266.269531
78,0.498487,0.443643,19515.875000
79,0.515856,0.376569,19765.349609
80,0.541124,0.307615,20014.953125
81,0.554423,0.274316,20264.533203
82,0.583756,0.258553,20514.134766
83,0.593748,0.251258,20763.669922
84,0.600034,0.240693,21013.244141
85,0.638950,0.211829,21262.777344
86,0.658706,0.192078,21512.324219
87,0.658761,0.183150,21761.863281
88,0.660557,0.185474,22011.425781
89,0.644948,0.198956,22260.992188
90,0.601143,0.219347,22510.554688
91,0.566428,0.248496,22760.142578
92,0.524461,0.279929,23009.689453
93,0.492185,0.320226,23259.285156
94,0.469413,0.341929,23508.820312
95,0.454654,0.359921,23758.404297
96,0.445339,0.369706,24007.945312
97,0.444408,0.368896,24257.527344
98,0.445200,0.367908,24507.064453
99,0.447404,0.369062,24756.636719
0,0.749744,0.413309,-0.002523
1,0.749415,0.414487,266.213745
2,0.731147,0.468790,515.785339
3,0.656351,0.565119,765.338806
4,0.587416,0.599304,1014.879639
5,0.571150,0.658759,1264.553589
6,0.515626,0.627822,1514.025879
7,0.488668,0.586221,1763.598022
8,0.458852,0.571845,2013.159668
9,0.403645,0.564698,2262.707764
10,0.366770,0.559064,2512.284668
11,0.395701,0.512203,2761.808838
12,0.394633,0.466665,3011.460205
13,0.401822,0.430697,3261.008057
14,0.407643,0.435836,3510.622559
15,0.405203,0.449040,3760.070068
16,0.418921,0.483075,4009.725586
17,0.427207,0.494327,4259.231934
18,0.435769,0.505404,4508.760254
19,0.443843,0.509389,4758.397461
20,0.444306,0.506445,5007.899414
21,0.441135,0.505304,5257.486328
22,0.436500,0.505066,5507.038574
23,0.435019,0.507087,5756.615723
24,0.434435,0.507822,6006.185547
25,0.432399,0.506370,6255.726074
26,0.425186,0.504329,6505.366699
27,0.416087,0.504570,6754.863770
28,0.415557,0.505292,7004.434570
29,0.419684,0.508677,7254.019043
30,0.422633,0.512206,7503.604004
31,0.424194,0.514535,7753.098633
32,0.454732,0.558877,8002.661133
33,0.515919,0.629429,8252.265625
34,0.556152,0.688996,8501.831055
35,0.597440,0.737645,8751.411133
36,0.635584,0.797020,9000.954102
37,0.644582,0.847637,9250.550781
38,0.764156,0.866184,9500.053711
39,0.844956,0.849980,9766.268555
40,0.851557,0.866649,10015.823242
41,0.838318,0.881067,10265.397461
42,0.886267,0.907134,10514.974609
43,0.978671,0.934179,10764.585938
44,0.008011,0.947574,11014.058594
45,0.032839,0.952936,11263.716797
46,0.979470,0.943989,11513.184570
47,0.959751,0.931876,11762.767578
48,0.889572,0.902556,12012.314453
49,0.862524,0.874654,12261.955078
50,0.004125,0.903792,12511.527344
51,0.050314,0.887964,12761.002930
52,0.058380,0.877988,13010.629883
53,0.047087,0.871508,13260.145508
54,0.037921,0.875490,13509.702148
55,0.039190,0.832810,13759.265625
56,0.015426,0.683248,14008.908203
57,0.005318,0.603166,14258.391602
58,0.976255,0.554100,14507.949219
59,0.933671,0.540216,14757.560547
60,0.921669,0.541927,15007.083984
61,0.919230,0.539018,15256.699219
62,0.916262,0.535116,15506.272461
63,0.924365,0.531860,15755.819336
64,0.025066,0.517614,16005.333008
65,0.136775,0.501236,16254.928711
66,0.172665,0.514620,16504.503906
67,0.206771,0.527800,16754.033203
68,0.227641,0.529659,17003.648438
69,0.243344,0.521577,17253.189453
70,0.235606,0.481332,17502.771484
71,0.221841,0.437160,17752.337891
72,0.153368,0.453967,18001.880859
73,0.080570,0.443713,18251.447266
74,0.046041,0.402838,18500.970703
75,0.005447,0.418563,18750.574219
76,0.922170,0.482365,19000.125000
77,0.871149,0.516543,19266.408203
78,0.856684,0.554475,19515.927734
79,0.875111,0.566575,19765.486328
80,0.926574,0.552013,20014.994141
81,0.941323,0.542232,20264.550781
82,0.947409,0.540217,20514.167969
83,0.960946,0.543402,20763.697266
84,0.986168,0.549265,21013.343750
85,0.021142,0.551782,21262.865234
86,0.053874,0.555531,21512.412109
87,0.082981,0.563937,21761.953125
88,0.099780,0.590380,22011.585938
89,0.102150,0.596653,22261.119141
90,0.086122,0.587828,22510.625000
91,0.032111,0.559511,22760.234375
92,0.972938,0.531001,23009.878906
93,0.924115,0.487179,23259.367188
94,0.914644,0.480734,23508.902344
95,0.858868,0.456920,23758.480469
96,0.617911,0.403240,24008.093750
97,0.461036,0.427308,24257.619141
98,0.435619,0.419320,24507.201172
99,0.430832,0.399551,24756.726562
0,0.751849,0.464820,0.006269
1,0.755015,0.461590,266.196442
2,0.754784,0.460800,515.777466
3,0.753003,0.462100,765.312134
4,0.750948,0.464030,1014.918640
5,0.751185,0.468148,1264.486694
6,0.753261,0.482069,1514.053101
7,0.754890,0.500304,1763.610962
8,0.755844,0.520197,2013.146729
9,0.758465,0.547567,2262.764648
10,0.761466,0.565241,2512.259766
11,0.764120,0.584483,2761.853760
12,0.764241,0.606577,3011.388184
13,0.761248,0.629622,3260.997070
14,0.758376,0.638850,3510.565918
15,0.755601,0.646346,3760.121582
16,0.753031,0.660908,4009.670898
17,0.750760,0.681218,4259.232422
18,0.748524,0.697697,4508.816895
19,0.745515,0.707107,4758.334473
20,0.745053,0.715880,5007.937500
21,0.743993,0.725831,5257.459961
22,0.741970,0.741521,5507.063965
23,0.739868,0.750569,5756.647949
24,0.738164,0.759376,6006.199219
25,0.738057,0.768588,6255.753418
26,0.736923,0.770363,6505.279297
27,0.735560,0.769769,6754.870117
28,0.733569,0.768222,7004.454590
29,0.731420,0.765175,7254.024902
30,0.728837,0.759503,7503.559082
31,0.726693,0.755505,7753.151855
32,0.725281,0.753805,8002.672363
33,0.724391,0.752077,8252.243164
34,0.724620,0.749349,8501.826172
35,0.724369,0.748326,8751.403320
36,0.723086,0.748015,9000.961914
37,0.720920,0.747392,9250.491211
38,0.716115,0.747487,9500.058594
39,0.708441,0.746104,9766.291016
40,0.693067,0.740757,10015.855469
41,0.672970,0.732591,10265.385742
42,0.653716,0.722137,10514.970703
43,0.638360,0.712435,10764.513672
44,0.627242,0.704489,11014.118164
45,0.620415,0.700995,11263.642578
46,0.614164,0.701456,11513.246094
47,0.607000,0.698664,11779.426758
48,0.599955,0.693960,12012.334961
49,0.594176,0.688780,12261.909180
50,0.589472,0.683474,12511.459961
51,0.589164,0.681696,12761.051758
52,0.590061,0.679921,13010.592773
53,0.591679,0.678127,13260.206055
54,0.593844,0.675152,13509.725586
55,0.595855,0.668055,13759.282227
56,0.592237,0.658247,14008.839844
57,0.584638,0.639624,14258.427734
58,0.578606,0.617995,14507.964844
59,0.571500,0.592514,14757.556641
60,0.568797,0.580938,15007.107422
61,0.568016,0.574453,15256.649414
62,0.568793,0.567244,15506.229492
63,0.570033,0.564440,15755.819336
64,0.574716,0.564384,16005.372070
65,0.580500,0.564876,16254.924805
66,0.585602,0.567104,16504.478516
67,0.587744,0.573598,16754.046875
68,0.594179,0.580316,17003.652344
69,0.604481,0.584743,17253.214844
70,0.618524,0.587855,17502.773438
71,0.638653,0.591110,17752.361328
72,0.656455,0.593652,18001.898438
73,0.670333,0.597022,18251.423828
74,0.684569,0.610372,18501.027344
75,0.699118,0.634542,18750.583984
76,0.707604,0.655034,19000.115234
77,0.716136,0.677477,19266.363281
78,0.724482,0.694211,19515.931641
79,0.731178,0.704338,19765.486328
80,0.736616,0.712384,20015.011719
81,0.741971,0.717612,20264.582031
82,0.751857,0.726969,20514.148438
83,0.762113,0.733270,20763.757812
84,0.770553,0.735343,21013.271484
85,0.779013,0.736561,21262.855469
86,0.789989,0.737803,21512.451172
87,0.806582,0.729978,21761.998047
88,0.829684,0.717273,22011.529297
89,0.850717,0.703415,22261.099609
90,0.868369,0.686777,22510.697266
91,0.886551,0.662384,22760.242188
92,0.902815,0.634552,23009.773438
93,0.918769,0.606585,23259.349609
94,0.930567,0.588673,23508.937500
95,0.940646,0.579795,23758.472656
96,0.952636,0.578307,24008.083984
97,0.963921,0.575410,24257.621094
98,0.970410,0.572982,24507.212891
99,0.972741,0.570989,24756.753906
0,0.748164,0.411457,-0.043957
1,0.747683,0.417128,266.210419
2,0.748798,0.439210,515.715759
3,0.762166,0.488202,765.347839
4,0.821804,0.528889,1014.900391
5,0.872232,0.566901,1264.405762
6,0.903850,0.591330,1514.048584
7,0.931927,0.595597,1763.542236
8,0.955085,0.589902,2013.211548
9,0.968139,0.578431,2262.712646
10,0.970369,0.574635,2512.333984
11,0.973486,0.572023,2761.824219
12,0.976525,0.572040,3011.351562
13,0.978203,0.574237,3260.993164
14,0.972016,0.583541,3510.493408
15,0.937887,0.662442,3760.177734
16,0.893714,0.740064,4009.607422
17,0.832448,0.786883,4259.243164
18,0.782937,0.802698,4508.736328
19,0.763629,0.825649,4758.302734
20,0.753064,0.838041,5007.931152
21,0.751110,0.850342,5257.470703
22,0.771850,0.862525,5507.031738
23,0.781963,0.885524,5756.607422
24,0.774317,0.936748,6006.190918
25,0.694616,0.983869,6255.696289
26,0.457147,0.981604,6505.253906
27,0.484250,0.972651,6754.908691
28,0.515752,0.960809,7004.444824
29,0.546919,0.964252,7254.022949
30,0.556945,0.961177,7503.543457
31,0.553252,0.956761,7753.111816
32,0.544895,0.950437,8002.685547
33,0.534015,0.948241,8252.204102
34,0.522922,0.948121,8501.804688
35,0.513889,0.948211,8751.338867
36,0.505603,0.948032,9000.891602
37,0.486461,0.946726,9250.490234
38,0.487488,0.946875,9500.140625
39,0.502529,0.948655,9766.275391
40,0.522454,0.950459,10015.788086
41,0.537015,0.952951,10265.337891
42,0.558669,0.950022,10514.990234
43,0.586495,0.931357,10764.569336
44,0.611716,0.913562,11014.085938
45,0.612850,0.901010,11263.612305
46,0.607753,0.896580,11513.278320
47,0.595397,0.895979,11762.786133
48,0.577775,0.898590,12012.312500
49,0.531105,0.900500,12261.889648
50,0.478304,0.892162,12511.459961
51,0.426868,0.855584,12761.033203
52,0.399793,0.811630,13010.562500
53,0.391200,0.748313,13260.141602
54,0.394271,0.701152,13509.721680
55,0.393162,0.658404,13759.305664
56,0.403793,0.641302,14008.916992
57,0.435847,0.626442,14258.448242
58,0.459024,0.601441,14508.034180
59,0.469284,0.577793,14757.492188
60,0.479150,0.561337,15007.115234
61,0.484692,0.547615,15256.710938
62,0.484886,0.580600,15506.241211
63,0.503201,0.707191,15755.816406
64,0.517591,0.748224,16005.390625
65,0.528750,0.760867,16254.949219
66,0.552712,0.759109,16504.443359
67,0.588554,0.769797,16754.119141
68,0.666249,0.758698,17003.599609
69,0.718398,0.737961,17253.136719
70,0.707188,0.745414,17502.736328
71,0.705034,0.735884,17752.271484
72,0.790610,0.719359,18001.886719
73,0.888113,0.688002,18251.386719
74,0.961310,0.657125,18501.046875
75,0.996804,0.624536,18750.607422
76,0.003259,0.614586,19000.207031
77,0.991954,0.601640,19266.302734
78,0.981896,0.597300,19515.886719
79,0.969290,0.594802,19765.406250
80,0.957396,0.586522,20015.037109
81,0.941772,0.573505,20264.564453
82,0.924952,0.561144,20514.183594
83,0.908897,0.557657,20763.730469
84,0.905161,0.554846,21013.242188
85,0.911814,0.554015,21262.845703
86,0.931428,0.560399,21512.357422
87,0.959986,0.547196,21761.970703
88,0.005761,0.517161,22011.513672
89,0.045007,0.497698,22261.113281
90,0.064780,0.476768,22510.726562
91,0.062701,0.441387,22760.259766
92,0.044448,0.381746,23009.841797
93,0.029500,0.350026,23259.382812
94,0.020846,0.341006,23508.923828
95,0.013097,0.359167,23758.427734
96,0.020897,0.396986,24008.056641
97,0.033264,0.443100,24257.558594
98,0.042458,0.483831,24507.218750
99,0.063119,0.513914,24756.734375
0,0.750041,0.449198,0.009429
1,0.751261,0.449943,266.233612
2,0.801014,0.500371,515.788208
3,0.883050,0.623224,765.394775
4,0.920491,0.694479,1014.981323
5,0.890546,0.767333,1264.515991
6,0.831345,0.825277,1514.045044
7,0.740596,0.834569,1763.668091
8,0.595960,0.753657,2013.163696
9,0.512869,0.710670,2262.726074
10,0.473833,0.732129,2512.325684
11,0.446887,0.725022,2761.899170
12,0.401298,0.649093,3011.435059
13,0.380026,0.600160,3260.991699
14,0.375908,0.557051,3510.602783
15,0.395286,0.518302,3760.121094
16,0.433409,0.503405,4009.668457
17,0.453362,0.477086,4259.274414
18,0.456543,0.428180,4508.809082
19,0.454724,0.393644,4758.437988
20,0.473766,0.386611,5007.929199
21,0.519646,0.399654,5257.543457
22,0.579458,0.430940,5507.065430
23,0.638844,0.460663,5756.625488
24,0.691517,0.477226,6006.241211
25,0.727818,0.478795,6255.736816
26,0.765466,0.466961,6505.343750
27,0.836382,0.465081,6754.876953
28,0.902631,0.469271,7004.493164
29,0.956471,0.473221,7253.997070
30,0.994907,0.474900,7503.575684
31,0.022582,0.475275,7753.154297
32,0.046317,0.475322,8002.710938
33,0.052772,0.460965,8252.288086
34,0.048669,0.431221,8501.818359
35,0.028981,0.437029,8751.417969
36,0.004424,0.470046,9000.998047
37,0.985566,0.487006,9250.572266
38,0.980043,0.496805,9500.086914
39,0.985898,0.505440,9766.270508
40,0.996880,0.504152,10015.860352
41,0.012901,0.502562,10265.465820
42,0.038591,0.501558,10514.997070
43,0.098658,0.504569,10764.604492
44,0.120764,0.531476,11014.121094
45,0.135064,0.552848,11263.730469
46,0.144311,0.573205,11513.222656
47,0.126009,0.579370,11762.866211
48,0.094298,0.616424,12012.373047
49,0.056400,0.650813,12261.931641
50,0.994228,0.656263,12511.527344
51,0.916942,0.634796,12761.165039
52,0.845571,0.614936,13010.619141
53,0.806471,0.596392,13260.190430
54,0.775515,0.561069,13509.733398
55,0.731000,0.483522,13759.291992
56,0.717710,0.442575,14008.855469
57,0.680683,0.412962,14258.413086
58,0.635457,0.388737,14508.078125
59,0.588964,0.380846,14757.605469
60,0.531616,0.375825,15007.160156
61,0.503908,0.375016,15256.719727
62,0.486809,0.375846,15506.292969
63,0.448419,0.373776,15755.849609
64,0.434864,0.373449,16005.391602
65,0.432192,0.370184,16255.009766
66,0.448286,0.359175,16504.580078
67,0.457178,0.345823,16754.066406
68,0.453430,0.351112,17003.630859
69,0.449827,0.357000,17253.216797
70,0.466081,0.346159,17502.757812
71,0.485067,0.332567,17752.394531
72,0.542980,0.305129,18001.921875
73,0.576500,0.283955,18251.505859
74,0.571921,0.274148,18501.019531
75,0.557599,0.261172,18750.585938
76,0.566794,0.243565,19000.183594
77,0.595231,0.214209,19266.373047
78,0.623581,0.188580,19515.898438
79,0.640485,0.180825,19765.568359
80,0.647197,0.177503,20015.080078
81,0.632197,0.180467,20264.660156
82,0.605982,0.196295,20514.154297
83,0.585479,0.215457,20763.734375
84,0.577852,0.221871,21013.310547
85,0.560264,0.242396,21262.880859
86,0.550005,0.259909,21512.541016
87,0.565373,0.255942,21762.029297
88,0.574101,0.253100,22011.605469
89,0.575286,0.254594,22261.123047
90,0.595821,0.238233,22510.681641
91,0.617249,0.213900,22760.269531
92,0.627963,0.195699,23009.789062
93,0.682889,0.182751,23259.402344
94,0.771704,0.187978,23509.003906
95,0.794116,0.202016,23758.509766
96,0.811665,0.211164,24008.097656
97,0.836470,0.227017,24257.667969
98,0.877503,0.251022,24507.236328
99,0.898937,0.254543,24756.753906
