Idx, longitude, latitude, start timestamp
0,0.763845,0.459066,-0.020599
1,0.777708,0.469960,266.203888
2,0.784726,0.486439,515.755981
3,0.788281,0.507651,765.401733
4,0.800730,0.516167,1014.997559
5,0.819725,0.514602,1264.464355
6,0.846122,0.519182,1514.086060
7,0.859474,0.522622,1763.576172
8,0.868420,0.523256,2013.177368
9,0.884486,0.519098,2262.719482
10,0.904712,0.530279,2512.299316
11,0.926149,0.546578,2761.784424
12,0.939255,0.542468,3011.442627
13,0.946984,0.540074,3261.073242
14,0.945213,0.540633,3510.576904
15,0.923852,0.541903,3760.177002
16,0.902936,0.539862,4009.680176
17,0.881208,0.537083,4259.261719
18,0.869553,0.536400,4575.398438
19,0.866476,0.537256,4824.895996
20,0.865356,0.537066,5074.496582
21,0.857182,0.533373,5324.031250
22,0.846712,0.529313,5557.049316
23,0.840914,0.528719,5806.483887
24,0.833748,0.526513,6056.146973
25,0.818287,0.521540,6305.691895
26,0.795725,0.519790,6538.666992
27,0.760481,0.513232,6788.109375
28,0.730224,0.509473,7037.729004
29,0.701287,0.509807,7270.624023
30,0.678729,0.510215,7520.241699
31,0.662865,0.507568,7753.125977
32,0.640324,0.504321,8002.724609
33,0.610686,0.500930,8252.221680
34,0.575486,0.503280,8501.830078
35,0.545217,0.509476,8751.322266
36,0.517944,0.517283,9034.191406
37,0.490252,0.524554,9267.197266
38,0.461794,0.531400,9516.690430
39,0.437333,0.540259,9782.929688
40,0.428625,0.545532,10032.473633
41,0.427151,0.548685,10265.458984
42,0.434211,0.552921,10531.526367
43,0.446209,0.561669,10764.536133
44,0.461696,0.572743,11030.639648
45,0.468620,0.567395,11280.292969
46,0.470048,0.565313,11529.937500
47,0.469641,0.565437,11762.807617
48,0.468990,0.567236,12029.020508
49,0.468537,0.568736,12261.920898
50,0.468384,0.569290,12528.158203
51,0.468085,0.570318,12761.040039
52,0.467768,0.571464,13010.606445
53,0.467557,0.571915,13260.098633
54,0.467442,0.572284,13509.726562
55,0.467395,0.573106,13759.285156
56,0.467528,0.573485,14008.878906
57,0.468151,0.573696,14258.358398
58,0.468124,0.574071,14507.977539
59,0.472341,0.571884,14757.488281
60,0.481545,0.569240,15090.332031
61,0.489825,0.569416,15323.231445
62,0.515066,0.568543,15556.114258
63,0.539380,0.567297,15805.698242
64,0.566974,0.562997,16055.340820
65,0.595734,0.557558,16304.787109
66,0.624476,0.552081,16537.687500
67,0.657728,0.547282,16787.369141
68,0.687804,0.545406,17036.898438
69,0.720383,0.545358,17269.777344
70,0.748841,0.544619,17502.716797
71,0.774970,0.543966,17752.326172
72,0.799215,0.540029,18001.888672
73,0.821010,0.538338,18251.441406
74,0.840969,0.536975,18501.060547
75,0.859087,0.535792,18750.544922
76,0.872334,0.533639,19033.447266
77,0.881237,0.534640,19266.253906
78,0.890171,0.535384,19515.869141
79,0.898949,0.538975,19765.390625
80,0.910263,0.564711,20014.980469
81,0.913290,0.562111,20264.615234
82,0.911738,0.561521,20514.101562
83,0.911088,0.561900,20763.730469
84,0.911141,0.562335,21013.265625
85,0.912035,0.562514,21262.865234
86,0.921334,0.556028,21512.390625
87,0.936996,0.540352,21761.949219
88,0.955958,0.538042,22011.464844
89,0.991212,0.541334,22261.066406
90,0.010220,0.544794,22510.587891
91,0.010849,0.546074,22793.439453
92,0.003993,0.534405,23026.310547
93,0.996134,0.517018,23292.556641
94,0.969481,0.491706,23542.162109
95,0.935080,0.489105,23775.033203
96,0.902511,0.489715,24008.033203
97,0.865331,0.490816,24274.152344
98,0.825108,0.491241,24523.800781
99,0.790744,0.489771,24756.683594
0,0.751076,0.536945,-0.000100
1,0.751041,0.534877,266.123383
2,0.754565,0.529644,515.733704
3,0.738797,0.536329,765.174438
4,0.676196,0.557708,1014.909668
5,0.606511,0.576174,1264.276367
6,0.544690,0.573859,1514.029053
7,0.507196,0.564485,1763.529053
8,0.492513,0.548483,2013.057739
9,0.495682,0.523231,2262.689941
10,0.490094,0.499807,2512.147461
11,0.499810,0.497466,2761.686523
12,0.560358,0.521783,3011.275391
13,0.564132,0.525515,3260.951172
14,0.533331,0.511451,3510.363525
15,0.567102,0.508838,3760.001953
16,0.690799,0.522851,4092.771973
17,0.781436,0.522139,4342.265625
18,0.829389,0.512063,4508.624512
19,0.853351,0.499852,4758.279785
20,0.862623,0.494778,5074.405762
21,0.867287,0.494179,5340.646973
22,0.857555,0.486960,5590.128418
23,0.834181,0.479187,5839.774902
24,0.820209,0.470449,6072.597168
25,0.820287,0.462634,6322.234863
26,0.853662,0.476778,6571.720215
27,0.808654,0.479729,6821.332520
28,0.731469,0.470555,7054.225098
29,0.703039,0.450465,7303.865234
30,0.680430,0.443626,7553.343262
31,0.651423,0.434486,7802.994141
32,0.619822,0.431586,8052.466309
33,0.593002,0.448491,8302.099609
34,0.569855,0.456259,8534.992188
35,0.531216,0.475131,8784.561523
36,0.494223,0.474415,9034.055664
37,0.474494,0.479205,9283.663086
38,0.474987,0.486357,9533.220703
39,0.543953,0.498059,9766.170898
40,0.638871,0.489860,10015.655273
41,0.699229,0.465910,10265.291016
42,0.776616,0.455550,10514.912109
43,0.861879,0.463844,10764.458984
44,0.915611,0.466821,11014.054688
45,0.945795,0.471094,11296.763672
46,0.973265,0.476010,11529.761719
47,0.997827,0.485770,11779.269531
48,0.040897,0.483908,12028.907227
49,0.077403,0.475172,12261.781250
50,0.091283,0.473080,12511.419922
51,0.062686,0.488901,12777.532227
52,0.984976,0.523544,13027.165039
53,0.933895,0.548347,13276.765625
54,0.903993,0.556996,13509.669922
55,0.917224,0.573874,13775.853516
56,0.005493,0.596869,14008.722656
57,0.065894,0.612808,14258.399414
58,0.114078,0.626269,14507.840820
59,0.164591,0.622808,14757.468750
60,0.210710,0.600670,15006.972656
61,0.262492,0.562224,15256.653320
62,0.312462,0.509794,15506.114258
63,0.349215,0.478076,15822.233398
64,0.363935,0.474106,16071.853516
65,0.383470,0.449453,16321.336914
66,0.417755,0.456592,16570.845703
67,0.448368,0.462146,16803.843750
68,0.469084,0.464106,17036.853516
69,0.468487,0.474914,17286.371094
70,0.420743,0.485389,17519.351562
71,0.311840,0.492501,17768.865234
72,0.237872,0.484101,18018.478516
73,0.174404,0.479749,18251.306641
74,0.055036,0.486622,18500.947266
75,0.943922,0.494777,18750.416016
76,0.919307,0.498070,19016.722656
77,0.964593,0.491266,19282.837891
78,0.032786,0.483222,19515.828125
79,0.057843,0.483415,19765.466797
80,0.067392,0.488489,20048.140625
81,0.061243,0.499496,20264.548828
82,0.094149,0.508982,20530.687500
83,0.170865,0.507235,20763.691406
84,0.271103,0.490386,21013.138672
85,0.343625,0.481818,21262.800781
86,0.385859,0.479253,21512.242188
87,0.400637,0.480153,21761.927734
88,0.419629,0.496965,22028.134766
89,0.447619,0.510903,22261.001953
90,0.474212,0.510996,22510.669922
91,0.491637,0.507356,22760.146484
92,0.507868,0.495395,23009.792969
93,0.512349,0.493952,23259.240234
94,0.514795,0.496901,23508.867188
95,0.543262,0.472545,23758.339844
96,0.569268,0.452477,24007.980469
97,0.591109,0.433680,24257.513672
98,0.616664,0.438567,24507.076172
99,0.633187,0.447226,24756.582031
0,0.750033,0.554809,-0.007624
1,0.750113,0.554038,266.070343
2,0.756912,0.548660,515.716370
3,0.779699,0.531372,765.257507
4,0.812246,0.514612,1014.860657
5,0.836926,0.505885,1264.446411
6,0.853531,0.501592,1513.978638
7,0.869011,0.499338,1763.615234
8,0.881416,0.496033,2013.100586
9,0.899324,0.494156,2262.680908
10,0.914000,0.493518,2512.166748
11,0.919564,0.493014,2761.841309
12,0.927770,0.491986,3011.266113
13,0.940683,0.490015,3260.927246
14,0.947066,0.488888,3510.404541
15,0.956279,0.490047,3760.085449
16,0.983459,0.483842,4009.566650
17,0.019333,0.476511,4259.211914
18,0.032277,0.485371,4508.826172
19,0.034676,0.486797,4758.247070
20,0.034024,0.486422,5007.918945
21,0.032588,0.484246,5257.361328
22,0.031592,0.484055,5507.042480
23,0.030608,0.482978,5756.494141
24,0.022325,0.481095,6006.158203
25,0.995735,0.481335,6255.631348
26,0.951626,0.484356,6505.219727
27,0.913998,0.485356,6754.746582
28,0.892000,0.482984,7004.385254
29,0.875780,0.479721,7253.886719
30,0.864019,0.478899,7503.472656
31,0.868431,0.481523,7753.139648
32,0.867791,0.481411,8002.586914
33,0.862625,0.482873,8252.226562
34,0.855967,0.482979,8501.722656
35,0.844569,0.483608,8751.353516
36,0.823869,0.481363,9084.098633
37,0.797122,0.479166,9333.554688
38,0.773451,0.481826,9583.214844
39,0.749817,0.479795,9832.692383
40,0.731458,0.484293,10082.312500
41,0.707628,0.477023,10331.955078
42,0.677002,0.485424,10564.861328
43,0.642122,0.492017,10814.324219
44,0.614665,0.499273,11063.916016
45,0.597142,0.502459,11313.579102
46,0.581109,0.502955,11563.045898
47,0.565837,0.498886,11812.647461
48,0.550461,0.500461,12062.177734
49,0.533429,0.504968,12295.174805
50,0.520476,0.500582,12544.656250
51,0.503720,0.495568,12794.321289
52,0.486572,0.486624,13027.192383
53,0.474239,0.481181,13276.769531
54,0.468626,0.480455,13542.869141
55,0.468432,0.480904,13775.916992
56,0.466943,0.484424,14025.420898
57,0.463053,0.484114,14258.408203
58,0.463336,0.484495,14507.861328
59,0.465070,0.487354,14757.537109
60,0.464677,0.497759,15007.028320
61,0.467789,0.506804,15256.635742
62,0.473400,0.512769,15506.126953
63,0.478293,0.509902,15755.711914
64,0.470437,0.508457,16005.396484
65,0.440639,0.500486,16254.850586
66,0.415420,0.499170,16504.513672
67,0.391536,0.507179,16787.224609
68,0.377841,0.519250,17003.582031
69,0.377901,0.519814,17253.101562
70,0.386552,0.517739,17535.941406
71,0.405792,0.514374,17768.857422
72,0.431303,0.510744,18018.486328
73,0.455929,0.506392,18267.939453
74,0.476067,0.505657,18517.597656
75,0.489935,0.508209,18767.255859
76,0.498558,0.512109,19033.359375
77,0.515480,0.512024,19266.333984
78,0.561636,0.517997,19532.466797
79,0.637948,0.507314,19765.410156
80,0.703280,0.490086,20048.208984
81,0.766054,0.487737,20281.148438
82,0.818336,0.487930,20530.714844
83,0.861963,0.481948,20763.683594
84,0.904032,0.481577,21029.921875
85,0.941441,0.477722,21279.423828
86,0.981067,0.480759,21529.035156
87,0.016147,0.487616,21761.921875
88,0.049735,0.490636,22028.132812
89,0.078642,0.493334,22277.683594
90,0.106707,0.495370,22527.250000
91,0.134635,0.496908,22776.767578
92,0.155124,0.499120,23026.408203
93,0.168277,0.494234,23275.910156
94,0.175533,0.491524,23542.103516
95,0.185185,0.490710,23775.019531
96,0.188521,0.491174,24041.242188
97,0.190667,0.498779,24290.902344
98,0.203371,0.500638,24523.777344
99,0.219519,0.505461,24773.345703
0,0.751898,0.471273,0.008641
1,0.755050,0.471655,266.237732
2,0.760930,0.473692,515.792358
3,0.768186,0.485136,765.313110
4,0.797229,0.490894,1014.897644
5,0.826782,0.485421,1264.389893
6,0.850292,0.480730,1514.033691
7,0.870428,0.482360,1763.533081
8,0.893916,0.482858,2013.207764
9,0.915365,0.484438,2262.655273
10,0.936574,0.490008,2512.296143
11,0.955358,0.498247,2761.757568
12,0.968527,0.507313,3011.337158
13,0.977637,0.521660,3261.006836
14,0.989923,0.520435,3510.449463
15,0.005396,0.514725,3760.162109
16,0.021108,0.509543,4009.558838
17,0.035987,0.505193,4259.230957
18,0.050919,0.503856,4508.726562
19,0.063139,0.506835,4758.247559
20,0.061153,0.501795,5007.828125
21,0.051720,0.502104,5257.415039
22,0.042798,0.500448,5507.005371
23,0.033571,0.498219,5756.501465
24,0.021897,0.496479,6006.064941
25,0.006278,0.495695,6255.618164
26,0.992651,0.495822,6505.172363
27,0.979057,0.495257,6754.732910
28,0.962457,0.489724,7004.435059
29,0.940721,0.486932,7253.870605
30,0.920660,0.486759,7503.448730
31,0.901208,0.488166,7753.066406
32,0.882685,0.487556,8002.558594
33,0.864661,0.489635,8252.094727
34,0.846034,0.490597,8501.667969
35,0.819685,0.490828,8751.191406
36,0.786162,0.485104,9000.818359
37,0.752969,0.481878,9250.264648
38,0.720588,0.477862,9516.506836
39,0.682073,0.472340,9766.131836
40,0.641600,0.468521,10015.622070
41,0.594353,0.464240,10265.292969
42,0.548932,0.460886,10514.729492
43,0.504403,0.461652,10764.464844
44,0.465529,0.464802,11013.951172
45,0.431540,0.467599,11263.534180
46,0.401952,0.474773,11513.065430
47,0.376252,0.485054,11762.570312
48,0.355840,0.482301,12012.240234
49,0.330862,0.481755,12261.717773
50,0.301963,0.488159,12511.333984
51,0.293081,0.490531,12760.827148
52,0.304055,0.487858,13010.400391
53,0.322223,0.490753,13259.935547
54,0.346472,0.492264,13509.586914
55,0.367846,0.493254,13825.644531
56,0.388320,0.494020,14058.554688
57,0.408591,0.496047,14291.531250
58,0.427433,0.497010,14524.399414
59,0.450356,0.497484,14757.303711
60,0.471896,0.499204,15006.896484
61,0.514092,0.486453,15273.143555
62,0.561908,0.474564,15539.257812
63,0.599348,0.474050,15772.205078
64,0.640210,0.468880,16005.102539
65,0.695472,0.464441,16254.673828
66,0.736088,0.464060,16504.195312
67,0.767616,0.463508,16836.949219
68,0.777393,0.463709,17053.314453
69,0.783737,0.461152,17286.205078
70,0.800474,0.460263,17519.054688
71,0.831333,0.458084,17785.273438
72,0.857241,0.456160,18018.355469
73,0.891416,0.454074,18267.742188
74,0.928621,0.452292,18517.425781
75,0.952996,0.468247,18750.259766
76,0.962925,0.481898,19016.539062
77,0.955142,0.488241,19332.660156
78,0.946422,0.495176,19565.470703
79,0.932962,0.502647,19781.740234
80,0.919565,0.503214,20014.740234
81,0.911556,0.502675,20264.210938
82,0.913003,0.489056,20513.796875
83,0.923134,0.490183,20780.083984
84,0.934149,0.490911,21012.908203
85,0.934254,0.491252,21279.240234
86,0.932497,0.492796,21512.007812
87,0.922489,0.492801,21761.701172
88,0.904141,0.493569,22011.175781
89,0.885458,0.493831,22327.279297
90,0.865164,0.489501,22560.298828
91,0.852885,0.493317,22776.515625
92,0.838596,0.491772,23009.380859
93,0.826888,0.492295,23292.261719
94,0.822625,0.493569,23508.519531
95,0.821531,0.494811,23774.708984
96,0.817331,0.494986,24007.605469
97,0.811201,0.492453,24257.224609
98,0.808986,0.495237,24506.869141
99,0.809862,0.496427,24822.951172
0,0.736890,0.599860,0.017331
1,0.740498,0.600483,266.263977
2,0.739393,0.595339,515.675720
3,0.745814,0.588755,765.366760
4,0.741632,0.586727,1014.792358
5,0.752170,0.584051,1264.445068
6,0.765616,0.579113,1513.921875
7,0.796247,0.566847,1763.593384
8,0.844955,0.547641,2013.290283
9,0.873700,0.541260,2262.651123
10,0.890052,0.546130,2512.360107
11,0.912157,0.556371,2761.835205
12,0.923361,0.568827,3011.332520
13,0.926768,0.578610,3260.942871
14,0.924265,0.589719,3510.567383
15,0.917395,0.593708,3760.092041
16,0.896245,0.589402,4009.668457
17,0.866470,0.588373,4259.191895
18,0.831551,0.590129,4508.746582
19,0.797766,0.588101,4758.279785
20,0.767667,0.579685,5007.861328
21,0.758499,0.573118,5257.566895
22,0.762929,0.571962,5507.063477
23,0.767395,0.574533,5756.615723
24,0.762307,0.576679,6006.220703
25,0.764132,0.577188,6255.778320
26,0.756686,0.579069,6505.219238
27,0.745752,0.579671,6754.847656
28,0.733679,0.581410,7004.380859
29,0.718154,0.582063,7254.017578
30,0.693031,0.581808,7503.485352
31,0.668603,0.583877,7753.153320
32,0.643568,0.587309,8002.755371
33,0.619694,0.597062,8252.220703
34,0.594046,0.619061,8518.506836
35,0.566522,0.665356,8751.363281
36,0.542567,0.723152,9000.940430
37,0.524802,0.782613,9267.054688
38,0.522018,0.838673,9500.129883
39,0.533367,0.869001,9766.289062
40,0.568645,0.877539,10015.846680
41,0.610668,0.864895,10265.295898
42,0.667330,0.848833,10531.555664
43,0.691231,0.849547,10764.596680
44,0.664465,0.836698,11014.070312
45,0.624205,0.765231,11280.275391
46,0.604870,0.668580,11546.443359
47,0.570140,0.598632,11762.782227
48,0.533023,0.558185,12045.575195
49,0.496947,0.535945,12278.550781
50,0.449065,0.522307,12528.049805
51,0.399100,0.524874,12761.046875
52,0.354794,0.539029,13010.562500
53,0.317204,0.554055,13260.118164
54,0.319630,0.563718,13509.797852
55,0.343060,0.558439,13759.241211
56,0.369419,0.544051,14008.916016
57,0.401988,0.531262,14258.363281
58,0.453616,0.519543,14508.025391
59,0.511878,0.515665,14757.527344
60,0.560720,0.514271,15090.219727
61,0.603636,0.517435,15339.882812
62,0.655032,0.519655,15506.247070
63,0.704596,0.529241,15839.003906
64,0.743995,0.538911,16088.497070
65,0.782420,0.542076,16321.492188
66,0.819388,0.543855,16570.996094
67,0.855644,0.550756,16803.988281
68,0.877379,0.556388,17036.861328
69,0.892905,0.562985,17286.451172
70,0.909548,0.564648,17519.310547
71,0.926007,0.568471,17752.310547
72,0.937768,0.574878,18001.839844
73,0.945712,0.583820,18251.425781
74,0.953515,0.595556,18500.984375
75,0.959840,0.601577,18750.564453
76,0.961996,0.603162,19033.433594
77,0.956839,0.601327,19266.333984
78,0.926198,0.597536,19515.957031
79,0.892912,0.588572,19765.412109
80,0.856593,0.578238,20015.068359
81,0.823589,0.573365,20297.800781
82,0.794416,0.571725,20547.404297
83,0.768639,0.572169,20796.945312
84,0.736332,0.569551,21046.517578
85,0.706923,0.565897,21279.417969
86,0.676746,0.560980,21529.017578
87,0.649375,0.555123,21778.632812
88,0.617094,0.547995,22011.511719
89,0.591296,0.536860,22261.082031
90,0.562774,0.525326,22510.623047
91,0.537129,0.520365,22793.501953
92,0.513537,0.516838,23009.781250
93,0.493767,0.510235,23259.416016
94,0.478373,0.506326,23525.498047
95,0.465052,0.508981,23775.164062
96,0.446075,0.520333,24008.039062
97,0.420790,0.537271,24257.599609
98,0.412612,0.543914,24507.148438
99,0.420354,0.551749,24773.392578
0,0.750009,0.532843,-0.011824
1,0.749995,0.534201,266.351288
2,0.749765,0.535136,515.709900
3,0.749754,0.535848,765.345642
4,0.750165,0.536378,1014.883667
5,0.750770,0.536941,1264.526123
6,0.751121,0.537392,1514.075684
7,0.750764,0.537607,1763.586060
8,0.740785,0.532818,2013.218750
9,0.688429,0.511889,2262.750977
10,0.633156,0.497352,2512.321045
11,0.583526,0.493571,2761.854980
12,0.550176,0.496471,3011.478760
13,0.527007,0.502183,3260.956055
14,0.511545,0.509292,3510.575195
15,0.496147,0.515989,3760.043213
16,0.481427,0.521020,4009.719971
17,0.469796,0.525327,4259.298828
18,0.464257,0.528288,4508.804688
19,0.457461,0.536017,4758.477539
20,0.450955,0.542660,5007.918457
21,0.447529,0.541377,5290.808594
22,0.446905,0.540794,5507.096680
23,0.449265,0.545142,5756.657715
24,0.450543,0.555126,6022.821289
25,0.451100,0.558472,6289.060059
26,0.451979,0.561999,6521.934570
27,0.452155,0.568250,6771.542969
28,0.459682,0.571339,7021.169434
29,0.462869,0.567798,7270.659180
30,0.467115,0.542940,7520.187012
31,0.460721,0.510720,7753.132324
32,0.425002,0.507126,8019.365723
33,0.394303,0.510820,8268.915039
34,0.374448,0.510200,8501.876953
35,0.350111,0.515725,8768.015625
36,0.327967,0.526484,9001.009766
37,0.307492,0.545613,9250.490234
38,0.295578,0.556885,9516.777344
39,0.292413,0.559478,9766.248047
40,0.293237,0.560980,10015.841797
41,0.294860,0.562223,10282.145508
42,0.297515,0.563012,10531.635742
43,0.301637,0.562866,10781.138672
44,0.306932,0.562305,11014.105469
45,0.314375,0.560823,11263.709961
46,0.325743,0.560101,11529.870117
47,0.335999,0.559163,11762.836914
48,0.351452,0.557337,12012.341797
49,0.368086,0.554682,12261.990234
50,0.381629,0.552966,12511.441406
51,0.394979,0.551237,12761.098633
52,0.411023,0.548757,13010.683594
53,0.429017,0.545125,13260.176758
54,0.450870,0.539197,13509.830078
55,0.483449,0.529293,13759.328125
56,0.523059,0.514082,14025.541016
57,0.564018,0.494769,14275.073242
58,0.606836,0.482601,14508.050781
59,0.659946,0.477772,14757.510742
60,0.725933,0.489020,15007.137695
61,0.782963,0.493159,15256.625977
62,0.826949,0.493289,15506.290039
63,0.858544,0.490936,15772.529297
64,0.888297,0.488643,16005.427734
65,0.913018,0.492810,16255.061523
66,0.914774,0.494089,16504.539062
67,0.897391,0.495814,16770.728516
68,0.892712,0.500203,17003.623047
69,0.893031,0.503135,17269.884766
70,0.893390,0.503099,17502.736328
71,0.893867,0.505930,17769.003906
72,0.894315,0.506998,18018.523438
73,0.894531,0.508896,18268.105469
74,0.895140,0.511812,18517.708984
75,0.896068,0.513911,18767.246094
76,0.896516,0.516013,19033.500000
77,0.896946,0.517660,19266.386719
78,0.897529,0.518441,19516.042969
79,0.898132,0.519319,19765.484375
80,0.903877,0.518992,20015.095703
81,0.916401,0.518526,20281.203125
82,0.924032,0.517889,20514.257812
83,0.933020,0.518919,20763.707031
84,0.945975,0.518477,21013.330078
85,0.956625,0.518175,21262.804688
86,0.967145,0.515489,21512.439453
87,0.975669,0.513051,21762.109375
88,0.982602,0.517341,22011.562500
89,0.991005,0.521325,22261.177734
90,0.998176,0.525311,22510.662109
91,0.008596,0.526540,22760.339844
92,0.023271,0.519868,23009.781250
93,0.031858,0.507940,23259.439453
94,0.035700,0.494137,23508.908203
95,0.032478,0.484941,23758.572266
96,0.028250,0.482194,24008.025391
97,0.026617,0.485032,24257.710938
98,0.025483,0.488640,24607.017578
99,0.025307,0.490278,24839.888672
0,0.749909,0.539131,0.003399
1,0.749670,0.540111,266.137756
2,0.754529,0.540212,515.713013
3,0.774378,0.543003,765.339661
4,0.799984,0.541691,1014.782837
5,0.831534,0.544635,1264.391968
6,0.863085,0.549059,1513.908813
7,0.891587,0.550440,1763.472534
8,0.912679,0.549662,2013.027222
9,0.930696,0.549786,2262.611816
10,0.946011,0.551345,2512.273438
11,0.950044,0.549465,2761.726318
12,0.946760,0.547508,3011.388184
13,0.941380,0.544633,3260.880371
14,0.913398,0.547582,3510.441162
15,0.883416,0.549389,3759.998047
16,0.860379,0.564640,4009.571045
17,0.839180,0.596634,4259.143066
18,0.817642,0.656528,4508.685059
19,0.807353,0.714689,4758.237793
20,0.768374,0.679895,5007.835449
21,0.714872,0.584329,5257.307129
22,0.679180,0.529401,5506.945801
23,0.620347,0.474926,5756.609863
24,0.565444,0.458395,6006.138184
25,0.530236,0.460291,6255.668457
26,0.499304,0.467547,6505.229004
27,0.454422,0.471446,6754.795410
28,0.411454,0.476946,7004.305664
29,0.379068,0.490933,7253.939941
30,0.357171,0.502306,7503.505371
31,0.354626,0.503909,7753.027832
32,0.382850,0.523773,8002.533203
33,0.418013,0.561829,8252.192383
34,0.445628,0.574195,8501.727539
35,0.467129,0.567947,8751.304688
36,0.478993,0.567642,9000.852539
37,0.479576,0.566992,9250.378906
38,0.476166,0.565438,9500.036133
39,0.448325,0.554948,9766.201172
40,0.411081,0.547862,10015.706055
41,0.385788,0.548496,10265.235352
42,0.329098,0.551052,10514.818359
43,0.282830,0.547129,10764.432617
44,0.256668,0.540114,11013.934570
45,0.253597,0.540944,11263.596680
46,0.261929,0.571254,11513.121094
47,0.287063,0.624125,11762.699219
48,0.316748,0.657108,12012.272461
49,0.392192,0.692421,12261.838867
50,0.485944,0.694407,12511.319336
51,0.517578,0.648169,12760.907227
52,0.524479,0.622063,13010.499023
53,0.582687,0.630604,13260.056641
54,0.672131,0.614775,13509.547852
55,0.699361,0.541744,13759.179688
56,0.712008,0.508085,14008.806641
57,0.765114,0.522317,14258.285156
58,0.810854,0.520265,14507.875000
59,0.797408,0.513304,14757.373047
60,0.769810,0.513139,15073.526367
61,0.763438,0.502458,15306.513672
62,0.767717,0.493501,15555.994141
63,0.813744,0.506873,15805.652344
64,0.883025,0.517054,16055.093750
65,0.957325,0.520121,16288.087891
66,0.011161,0.521337,16554.302734
67,0.049745,0.528585,16787.230469
68,0.072171,0.536146,17020.113281
69,0.072800,0.536844,17269.722656
70,0.068286,0.542601,17519.199219
71,0.058870,0.541850,17752.181641
72,0.048672,0.545964,18001.722656
73,0.042561,0.545187,18251.353516
74,0.035290,0.545755,18500.800781
75,0.002998,0.542098,18783.742188
76,0.981237,0.545903,19033.310547
77,0.975231,0.546982,19266.164062
78,0.975471,0.552904,19549.060547
79,0.958530,0.554139,19781.943359
80,0.931420,0.554518,20031.574219
81,0.919235,0.554958,20281.064453
82,0.921625,0.555680,20514.039062
83,0.920834,0.553763,20780.130859
84,0.907236,0.550102,21029.794922
85,0.887886,0.549187,21262.662109
86,0.878723,0.549182,21512.240234
87,0.873601,0.547890,21761.802734
88,0.874497,0.534239,22011.357422
89,0.870686,0.442086,22260.898438
90,0.867636,0.382795,22510.519531
91,0.853923,0.364359,22760.140625
92,0.789648,0.399537,23009.675781
93,0.728439,0.448619,23342.335938
94,0.694013,0.483545,23591.990234
95,0.664156,0.486956,23841.453125
96,0.616444,0.472257,24091.125000
97,0.562198,0.458040,24324.009766
98,0.537293,0.451759,24573.617188
99,0.531609,0.446835,24806.433594
0,0.750254,0.542990,-0.003777
1,0.750098,0.543854,266.272919
2,0.749976,0.543902,515.889709
3,0.750221,0.543315,765.360596
4,0.750545,0.543312,1014.997864
5,0.754627,0.543013,1264.474121
6,0.772234,0.538969,1514.195801
7,0.814841,0.530306,1763.700073
8,0.872864,0.520561,2013.239624
9,0.911242,0.515397,2262.765869
10,0.935713,0.511284,2512.384033
11,0.961264,0.509379,2761.867676
12,0.992133,0.511183,3011.502441
13,0.011570,0.514075,3261.121094
14,0.017621,0.512864,3510.580566
15,0.019611,0.513494,3760.208984
16,0.018572,0.512554,4009.728516
17,0.015701,0.537298,4259.356445
18,0.013311,0.536140,4508.837402
19,0.011657,0.534634,4758.435059
20,0.008313,0.532768,5007.988770
21,0.987516,0.527491,5257.624023
22,0.950013,0.518942,5507.082520
23,0.914404,0.510433,5756.677734
24,0.883455,0.506362,6006.185547
25,0.862880,0.506861,6255.749512
26,0.854313,0.508887,6505.371094
27,0.841778,0.508978,6754.894531
28,0.833487,0.521666,7004.529297
29,0.812254,0.556278,7253.978516
30,0.775180,0.595479,7503.647461
31,0.708600,0.627361,7753.158203
32,0.627816,0.644333,8002.729492
33,0.555137,0.608651,8252.219727
34,0.512986,0.576307,8501.898438
35,0.489102,0.557301,8751.383789
36,0.466857,0.548086,9001.024414
37,0.456415,0.544903,9250.544922
38,0.457441,0.526244,9500.105469
39,0.460803,0.500419,9766.369141
40,0.449077,0.497999,10015.800781
41,0.427403,0.495978,10265.428711
42,0.415876,0.493169,10514.965820
43,0.416807,0.498265,10764.578125
44,0.410841,0.494578,11014.065430
45,0.381407,0.487762,11263.728516
46,0.342737,0.494629,11513.248047
47,0.312204,0.507655,11762.789062
48,0.288870,0.496985,12012.393555
49,0.267437,0.490556,12261.916992
50,0.250066,0.499951,12511.581055
51,0.239588,0.520852,12761.006836
52,0.258562,0.523521,13010.647461
53,0.311198,0.512721,13260.208984
54,0.352766,0.500176,13509.803711
55,0.375008,0.498630,13759.275391
56,0.384018,0.498041,14008.940430
57,0.392530,0.495216,14258.418945
58,0.402530,0.490571,14507.975586
59,0.412441,0.487796,14757.508789
60,0.429767,0.484300,15007.158203
61,0.452292,0.479574,15256.839844
62,0.480403,0.474720,15506.253906
63,0.515577,0.471257,15755.853516
64,0.544201,0.469019,16005.404297
65,0.563163,0.464037,16254.990234
66,0.592466,0.453019,16504.480469
67,0.618974,0.446154,16754.060547
68,0.645608,0.439233,17003.609375
69,0.682745,0.433281,17253.175781
70,0.726337,0.432003,17502.707031
71,0.764167,0.438792,17752.310547
72,0.798164,0.450679,18001.931641
73,0.833962,0.453298,18251.445312
74,0.865284,0.453188,18501.074219
75,0.891677,0.454057,18783.816406
76,0.913468,0.453887,19033.453125
77,0.921649,0.445030,19282.972656
78,0.917202,0.440970,19532.460938
79,0.933709,0.437400,19782.152344
80,0.964967,0.439635,20015.031250
81,0.976636,0.432498,20264.560547
82,0.972549,0.429607,20514.146484
83,0.920437,0.436326,20780.402344
84,0.862232,0.440434,21029.888672
85,0.824715,0.438366,21279.525391
86,0.819614,0.439007,21512.349609
87,0.825656,0.442750,21778.628906
88,0.831113,0.442376,22011.560547
89,0.836226,0.442074,22277.750000
90,0.839233,0.441824,22510.591797
91,0.840315,0.440226,22760.216797
92,0.840107,0.440620,23009.742188
93,0.838798,0.442235,23259.326172
94,0.837664,0.442201,23508.958984
95,0.835412,0.441824,23841.703125
96,0.829386,0.442158,24091.199219
97,0.818334,0.443423,24324.218750
98,0.801270,0.446258,24573.736328
99,0.781470,0.450097,24806.716797
0,0.749954,0.591976,-0.002822
1,0.749734,0.592422,266.213135
2,0.749574,0.593019,515.734619
3,0.750911,0.593301,765.317078
4,0.737481,0.594952,1014.872620
5,0.703002,0.593935,1264.514893
6,0.675082,0.590270,1514.041382
7,0.652575,0.589805,1763.631470
8,0.628686,0.606931,2013.154053
9,0.593588,0.666014,2262.705811
10,0.564483,0.720361,2512.339355
11,0.555093,0.748302,2761.842529
12,0.556043,0.769420,3011.450195
13,0.553243,0.725785,3260.972900
14,0.547203,0.643690,3510.557373
15,0.533271,0.587377,3760.103760
16,0.506466,0.572918,4009.643555
17,0.496799,0.573040,4259.204590
18,0.491071,0.572277,4508.779297
19,0.485830,0.568886,4758.314941
20,0.477567,0.565411,5007.885254
21,0.470513,0.560819,5257.482422
22,0.469132,0.556534,5507.056641
23,0.471686,0.553061,5756.570801
24,0.473561,0.552932,6006.155762
25,0.479260,0.552749,6255.734863
26,0.492696,0.548770,6505.260254
27,0.517014,0.540022,6754.833008
28,0.546271,0.531742,7004.417969
29,0.568991,0.529484,7253.988770
30,0.583872,0.530631,7503.552246
31,0.594164,0.531905,7753.098145
32,0.597373,0.532627,8002.684082
33,0.599218,0.531575,8252.208984
34,0.601371,0.531128,8501.802734
35,0.602038,0.531536,8751.358398
36,0.604235,0.531901,9000.896484
37,0.613696,0.530792,9250.477539
38,0.633465,0.529532,9500.065430
39,0.658437,0.528751,9766.234375
40,0.686953,0.529729,10015.802734
41,0.722695,0.537712,10265.381836
42,0.762776,0.542737,10514.977539
43,0.786392,0.553527,10764.508789
44,0.811917,0.549784,11014.060547
45,0.832147,0.554067,11263.630859
46,0.849268,0.556851,11513.188477
47,0.860790,0.558752,11762.751953
48,0.872107,0.558336,12012.325195
49,0.879994,0.559432,12261.902344
50,0.883200,0.563499,12511.448242
51,0.882845,0.564282,12761.019531
52,0.881526,0.563515,13010.571289
53,0.880945,0.564121,13260.165039
54,0.880579,0.564375,13509.704102
55,0.879094,0.565750,13759.274414
56,0.878356,0.566625,14008.821289
57,0.879407,0.566736,14258.391602
58,0.880402,0.565822,14507.976562
59,0.890891,0.555390,14757.557617
60,0.917196,0.487135,15007.096680
61,0.944548,0.394302,15256.651367
62,0.966039,0.342125,15506.211914
63,0.981355,0.323633,15755.793945
64,0.007121,0.305647,16005.340820
65,0.041032,0.268879,16254.909180
66,0.077034,0.227790,16504.478516
67,0.108133,0.201075,16754.021484
68,0.124772,0.194739,17003.597656
69,0.124876,0.210486,17253.201172
70,0.115398,0.274374,17502.755859
71,0.103120,0.381786,17752.285156
72,0.093412,0.479791,18001.857422
73,0.079568,0.530698,18251.404297
74,0.064619,0.550212,18500.988281
75,0.044289,0.563630,18750.568359
76,0.016546,0.579107,19000.134766
77,0.996395,0.584742,19266.302734
78,0.982471,0.584357,19515.925781
79,0.974419,0.586957,19765.523438
80,0.971779,0.601999,20014.992188
81,0.970993,0.614171,20264.580078
82,0.970963,0.612970,20514.132812
83,0.974748,0.607351,20763.691406
84,0.977721,0.605270,21013.296875
85,0.980078,0.604557,21262.853516
86,0.982493,0.603605,21512.521484
87,0.984105,0.602865,21761.984375
88,0.985418,0.602491,22011.556641
89,0.986819,0.602131,22261.091797
90,0.988732,0.601800,22510.638672
91,0.990360,0.601371,22760.228516
92,0.993075,0.601490,23009.759766
93,0.996813,0.601364,23259.361328
94,0.002388,0.600312,23508.888672
95,0.009642,0.599966,23758.513672
96,0.017690,0.599874,24008.050781
97,0.026240,0.599640,24257.626953
98,0.035098,0.598873,24507.181641
99,0.045867,0.597159,24756.732422
0,0.749698,0.451981,-0.037814
1,0.747675,0.453866,266.165253
2,0.748083,0.463276,515.723145
3,0.766365,0.512258,765.351990
4,0.796657,0.562400,1014.901794
5,0.821899,0.597036,1264.474365
6,0.823722,0.642575,1514.051514
7,0.812901,0.680436,1763.579468
8,0.810941,0.707664,2013.028442
9,0.814740,0.734071,2262.689453
10,0.821345,0.744532,2512.247314
11,0.838532,0.735154,2761.783203
12,0.858791,0.646344,3011.423340
13,0.865358,0.542125,3260.908936
14,0.868098,0.478691,3510.602539
15,0.868045,0.466299,3759.976074
16,0.867498,0.464919,4009.651611
17,0.875220,0.465901,4259.230469
18,0.885689,0.467151,4508.723145
19,0.891504,0.470137,4758.368652
20,0.896762,0.472160,5007.897949
21,0.905773,0.472840,5257.471191
22,0.909316,0.474422,5506.942383
23,0.910343,0.477856,5756.619141
24,0.904774,0.482668,6006.099121
25,0.877426,0.486518,6255.708008
26,0.843414,0.489903,6505.245117
27,0.820972,0.490896,6754.855957
28,0.800203,0.488814,7004.468750
29,0.776909,0.486619,7253.942871
30,0.744252,0.474486,7503.597168
31,0.716282,0.463642,7753.063477
32,0.689046,0.449881,8002.648438
33,0.658321,0.445075,8252.183594
34,0.632486,0.447802,8501.823242
35,0.601932,0.451315,8751.322266
36,0.563954,0.454156,9000.917969
37,0.526249,0.464891,9250.396484
38,0.489744,0.480281,9500.032227
39,0.461720,0.482096,9766.307617
40,0.437101,0.489261,10015.767578
41,0.422520,0.496858,10265.382812
42,0.418584,0.495583,10514.904297
43,0.419168,0.493235,10764.564453
44,0.420132,0.486332,11014.004883
45,0.421769,0.488942,11263.650391
46,0.424357,0.484001,11513.118164
47,0.426492,0.480000,11762.707031
48,0.427099,0.483186,12012.263672
49,0.432590,0.481923,12261.822266
50,0.460617,0.470007,12511.536133
51,0.508982,0.461021,12760.965820
52,0.570377,0.461057,13010.575195
53,0.633834,0.464606,13260.138672
54,0.682840,0.468294,13509.686523
55,0.727482,0.473289,13759.261719
56,0.773908,0.479955,14008.868164
57,0.813644,0.483911,14258.347656
58,0.847707,0.486577,14507.917969
59,0.877618,0.487822,14757.441406
60,0.904421,0.484760,15007.064453
61,0.930978,0.480107,15256.590820
62,0.959392,0.479272,15506.146484
63,0.984154,0.487832,15755.759766
64,0.001410,0.493479,16005.371094
65,0.005356,0.499646,16254.913086
66,0.004249,0.504851,16504.412109
67,0.002598,0.508419,16754.025391
68,0.002515,0.525093,17003.541016
69,0.000615,0.542305,17253.111328
70,0.997767,0.533935,17502.693359
71,0.997467,0.528528,17752.281250
72,0.994563,0.521787,18001.722656
73,0.977517,0.513444,18251.394531
74,0.954026,0.504020,18501.015625
75,0.925615,0.495943,18750.505859
76,0.892567,0.487543,19000.117188
77,0.862571,0.473340,19266.203125
78,0.836824,0.462533,19515.880859
79,0.822351,0.461410,19765.347656
80,0.817304,0.461909,20014.933594
81,0.815014,0.460937,20264.486328
82,0.808619,0.460373,20514.109375
83,0.805241,0.459736,20763.599609
84,0.804674,0.459447,21013.189453
85,0.805194,0.460007,21262.808594
86,0.805130,0.461011,21512.343750
87,0.804875,0.461497,21761.906250
88,0.805762,0.461130,22011.443359
89,0.806933,0.461929,22261.029297
90,0.807771,0.462370,22510.562500
91,0.808293,0.461646,22760.197266
92,0.808708,0.461364,23009.683594
93,0.808257,0.462201,23259.279297
94,0.808082,0.462847,23508.753906
95,0.808134,0.463180,23758.431641
96,0.807772,0.463285,24007.980469
97,0.807811,0.462289,24257.554688
98,0.807933,0.462954,24507.125000
99,0.807956,0.463688,24756.714844
0,0.754769,0.730278,0.028261
1,0.766349,0.726941,266.149231
2,0.783848,0.715140,515.754395
3,0.809232,0.715877,765.284180
4,0.835706,0.725365,1014.920166
5,0.866137,0.777882,1264.386597
6,0.885151,0.806197,1530.620361
7,0.893218,0.814862,1763.662964
8,0.895729,0.816883,2013.121338
9,0.893868,0.817566,2262.722412
10,0.893894,0.816634,2512.282227
11,0.892188,0.815579,2761.843018
12,0.889377,0.788819,3011.387695
13,0.886985,0.706415,3260.970459
14,0.884553,0.632829,3510.508301
15,0.883655,0.605049,3760.092529
16,0.883822,0.598563,4009.610107
17,0.879362,0.597746,4259.241211
18,0.865254,0.587676,4508.752441
19,0.862899,0.581203,4758.303223
20,0.857763,0.582415,5007.935547
21,0.833074,0.591333,5257.539551
22,0.775548,0.589034,5507.075195
23,0.701693,0.577481,5756.530762
24,0.648427,0.566377,6006.195312
25,0.605682,0.556917,6255.646973
26,0.557098,0.558083,6505.325195
27,0.527165,0.565769,6754.775879
28,0.515216,0.567578,7004.453125
29,0.505392,0.561406,7253.899414
30,0.498783,0.553944,7503.519043
31,0.492634,0.569666,7752.994629
32,0.490899,0.580806,8002.670898
33,0.485651,0.576659,8252.291016
34,0.489025,0.573586,8501.730469
35,0.492294,0.568077,8751.385742
36,0.487108,0.564328,9000.899414
37,0.463090,0.563531,9250.511719
38,0.439844,0.560160,9500.056641
39,0.423682,0.555246,9766.227539
40,0.408369,0.553223,10015.750000
41,0.404427,0.543467,10265.380859
42,0.415038,0.532917,10514.951172
43,0.437903,0.524125,10764.528320
44,0.467471,0.516099,11014.062500
45,0.498303,0.517269,11263.591797
46,0.535692,0.515743,11513.194336
47,0.573714,0.510925,11762.709961
48,0.608612,0.508015,12012.341797
49,0.639098,0.504232,12261.793945
50,0.663623,0.502528,12511.438477
51,0.700912,0.505447,12760.920898
52,0.751582,0.519883,13010.567383
53,0.776088,0.524036,13260.018555
54,0.817039,0.544211,13509.659180
55,0.877569,0.554441,13759.261719
56,0.937025,0.560779,14008.800781
57,0.977582,0.562893,14258.433594
58,0.008753,0.570296,14507.894531
59,0.023932,0.594882,14790.750977
60,0.040159,0.655616,15040.244141
61,0.083675,0.686570,15289.922852
62,0.113804,0.697928,15539.500977
63,0.111832,0.702488,15788.996094
64,0.104164,0.706290,16038.658203
65,0.087117,0.703367,16254.880859
66,0.024426,0.680214,16504.335938
67,0.977064,0.666771,16753.972656
68,0.980744,0.666194,17003.599609
69,0.961466,0.622261,17253.115234
70,0.941481,0.586525,17535.955078
71,0.940695,0.584477,17785.507812
72,0.955150,0.585219,18035.132812
73,0.015332,0.578495,18284.558594
74,0.054606,0.568429,18534.214844
75,0.073128,0.557369,18783.728516
76,0.065642,0.559706,19016.677734
77,0.053473,0.554477,19266.294922
78,0.047544,0.556057,19515.802734
79,0.036967,0.564068,19765.404297
80,0.028453,0.570655,20048.183594
81,0.022354,0.563219,20281.199219
82,0.032650,0.551848,20547.296875
83,0.054388,0.539497,20780.316406
84,0.083869,0.552704,21013.166016
85,0.119851,0.574805,21279.423828
86,0.156965,0.582327,21512.292969
87,0.178106,0.587991,21778.505859
88,0.198848,0.584425,22011.404297
89,0.205805,0.569626,22261.017578
90,0.199054,0.560426,22510.617188
91,0.175472,0.554472,22760.142578
92,0.072424,0.556268,23009.722656
93,0.951606,0.553967,23259.238281
94,0.889972,0.545384,23508.875000
95,0.862369,0.536761,23758.351562
96,0.822383,0.530496,24007.996094
97,0.760762,0.516738,24340.693359
98,0.717681,0.504550,24590.246094
99,0.685449,0.501132,24823.199219
0,0.748287,0.454385,-0.041582
1,0.743343,0.475279,266.227966
2,0.735953,0.471773,515.720276
3,0.724996,0.470048,765.340637
4,0.709638,0.467835,1014.846252
5,0.706842,0.462297,1264.416626
6,0.713110,0.466414,1513.958496
7,0.713899,0.470321,1763.527954
8,0.694909,0.475774,2013.060791
9,0.576454,0.497747,2262.716064
10,0.536992,0.517935,2512.174316
11,0.540104,0.519787,2761.865723
12,0.561540,0.522965,3011.326172
13,0.717294,0.503791,3260.934570
14,0.821699,0.497233,3510.517822
15,0.815589,0.513586,3760.071289
16,0.811852,0.515271,4009.629639
17,0.875317,0.500659,4259.134766
18,0.963088,0.478126,4508.771484
19,0.012454,0.502342,4758.285156
20,0.053327,0.522348,5007.877930
21,0.103242,0.539432,5257.370117
22,0.158535,0.573047,5507.030762
23,0.224836,0.608690,5756.559570
24,0.271229,0.595945,6006.113281
25,0.298683,0.556938,6255.770508
26,0.317232,0.550316,6505.208008
27,0.305905,0.536583,6754.872070
28,0.216851,0.531215,7004.315918
29,0.140898,0.521298,7253.988281
30,0.071703,0.505075,7503.498535
31,0.010811,0.493561,7753.078613
32,0.952482,0.465983,8002.590820
33,0.920376,0.451990,8252.223633
34,0.882437,0.453620,8501.700195
35,0.826558,0.443962,8751.281250
36,0.808402,0.423675,9000.827148
37,0.833409,0.428664,9250.427734
38,0.856390,0.447434,9500.054688
39,0.875194,0.448814,9766.189453
40,0.888695,0.448889,10015.766602
41,0.891677,0.448227,10265.307617
42,0.890309,0.450793,10514.866211
43,0.895718,0.454363,10764.423828
44,0.912019,0.457616,11014.032227
45,0.938345,0.463970,11263.605469
46,0.942804,0.466731,11513.099609
47,0.941621,0.467721,11829.275391
48,0.921927,0.464974,12078.725586
49,0.890393,0.465021,12328.357422
50,0.867134,0.468466,12561.250000
51,0.845123,0.470923,12810.829102
52,0.809274,0.473958,13060.491211
53,0.774535,0.481164,13309.946289
54,0.759730,0.489118,13559.606445
55,0.757254,0.492011,13809.111328
56,0.757557,0.494112,14042.111328
57,0.758304,0.496119,14291.648438
58,0.760284,0.503390,14541.229492
59,0.765774,0.503094,14790.708984
60,0.779472,0.494987,15023.734375
61,0.792684,0.472152,15273.202148
62,0.801659,0.458265,15522.827148
63,0.809474,0.439700,15772.319336
64,0.806529,0.441292,16005.291992
65,0.796929,0.461690,16254.817383
66,0.790214,0.480996,16504.417969
67,0.788681,0.501122,16753.888672
68,0.787247,0.508660,17003.556641
69,0.777056,0.511450,17252.998047
70,0.769324,0.502820,17502.634766
71,0.762130,0.506200,17752.117188
72,0.751008,0.509507,18001.759766
73,0.738085,0.501059,18251.367188
74,0.735307,0.496263,18534.103516
75,0.735935,0.489034,18783.769531
76,0.733843,0.480174,19033.251953
77,0.740782,0.464501,19266.226562
78,0.758390,0.472506,19532.351562
79,0.794665,0.541162,19765.386719
80,0.817961,0.568985,20031.609375
81,0.830807,0.528522,20264.507812
82,0.889050,0.498936,20530.628906
83,0.937689,0.487796,20780.191406
84,0.947131,0.467948,21029.851562
85,0.954648,0.473238,21262.708984
86,0.969629,0.464334,21512.310547
87,0.987791,0.459788,21761.845703
88,0.992567,0.454359,22011.488281
89,0.988436,0.452833,22260.972656
90,0.979195,0.449362,22510.529297
91,0.970931,0.459620,22793.460938
92,0.928613,0.468226,23042.927734
93,0.879689,0.474565,23292.564453
94,0.864182,0.476301,23525.388672
95,0.872022,0.470516,23758.382812
96,0.877571,0.471056,24024.539062
97,0.875988,0.473115,24274.171875
98,0.877355,0.474248,24523.609375
99,0.876697,0.474323,24756.658203
0,0.733062,0.517060,-0.005602
1,0.716133,0.498385,266.161316
2,0.709885,0.503141,515.658508
3,0.688213,0.543730,765.347595
4,0.658899,0.628340,1014.945190
5,0.630814,0.687135,1264.395508
6,0.608479,0.711359,1514.101562
7,0.583064,0.696445,1763.582642
8,0.555015,0.644608,2013.145508
9,0.530806,0.609987,2262.667969
10,0.514034,0.584252,2512.306396
11,0.514143,0.549581,2761.760254
12,0.513556,0.537965,3011.396973
13,0.515363,0.528904,3260.859375
14,0.518227,0.520690,3510.524902
15,0.527685,0.509937,3760.085938
16,0.531569,0.504858,4009.598145
17,0.536741,0.495315,4259.277344
18,0.542460,0.486440,4508.779297
19,0.554044,0.472696,4758.329102
20,0.565592,0.468713,5007.822266
21,0.573582,0.470998,5257.476562
22,0.581134,0.472255,5506.960449
23,0.591703,0.474491,5756.583008
24,0.601414,0.479616,6006.107910
25,0.619489,0.477794,6255.766602
26,0.643114,0.472172,6505.210938
27,0.662818,0.468305,6754.846680
28,0.677993,0.466274,7004.450195
29,0.692658,0.468032,7253.912598
30,0.710932,0.471093,7503.553711
31,0.744445,0.479185,7753.030762
32,0.777092,0.485950,8002.713867
33,0.799822,0.487195,8252.142578
34,0.810499,0.482241,8501.833984
35,0.816032,0.461591,8751.256836
36,0.822967,0.435392,9000.879883
37,0.832913,0.383233,9250.377930
38,0.844860,0.314110,9500.087891
39,0.857311,0.280172,9766.266602
40,0.877759,0.291338,10015.743164
41,0.901967,0.369450,10265.417969
42,0.913346,0.436627,10514.919922
43,0.909247,0.479909,10764.543945
44,0.898576,0.512968,11014.001953
45,0.883463,0.541577,11330.087891
46,0.879198,0.544868,11513.123047
47,0.889351,0.542309,11762.826172
48,0.947151,0.532071,12012.305664
49,0.001744,0.523644,12261.833008
50,0.023689,0.515073,12511.373047
51,0.037218,0.514384,12760.988281
52,0.050568,0.515473,13010.598633
53,0.077780,0.523690,13260.061523
54,0.109424,0.532638,13509.710938
55,0.133349,0.536933,13759.168945
56,0.157585,0.540451,14008.841797
57,0.182171,0.535256,14258.288086
58,0.202175,0.532968,14507.996094
59,0.220846,0.533864,14757.408203
60,0.236715,0.531502,15007.138672
61,0.250867,0.533948,15256.575195
62,0.266483,0.536483,15506.166992
63,0.280065,0.532047,15755.757812
64,0.287500,0.516146,16005.249023
65,0.295677,0.518651,16254.915039
66,0.299102,0.525859,16504.369141
67,0.288264,0.531808,16753.904297
68,0.264951,0.562236,17003.558594
69,0.242887,0.595957,17253.105469
70,0.224420,0.563872,17502.714844
71,0.212495,0.546883,17752.257812
72,0.209851,0.579913,18001.812500
73,0.195914,0.594129,18251.333984
74,0.166014,0.624870,18500.900391
75,0.126632,0.638522,18750.453125
76,0.086186,0.636153,19000.126953
77,0.053903,0.626447,19266.195312
78,0.027255,0.605323,19515.871094
79,0.022802,0.576133,19765.345703
80,0.024813,0.549181,20014.880859
81,0.013104,0.534231,20264.433594
82,0.018838,0.529522,20514.119141
83,0.020510,0.524149,20763.539062
84,0.017458,0.519128,21013.158203
85,0.007901,0.518032,21262.841797
86,0.997779,0.519447,21512.343750
87,0.992564,0.519361,21761.935547
88,0.992769,0.518844,22011.394531
89,0.988608,0.516402,22261.136719
90,0.971824,0.512881,22510.511719
91,0.948451,0.508655,22760.126953
92,0.919140,0.507166,23009.658203
93,0.893271,0.501709,23259.320312
94,0.880547,0.499503,23508.812500
95,0.870087,0.503808,23758.361328
96,0.857971,0.507859,24007.916016
97,0.844064,0.510427,24257.494141
98,0.825271,0.511248,24507.136719
99,0.804083,0.510307,24756.615234
0,0.749533,0.514123,0.003175
1,0.750115,0.513835,266.238190
2,0.751567,0.513741,515.789917
3,0.777176,0.515476,765.309631
4,0.848794,0.525627,1014.912903
5,0.926045,0.532324,1264.473999
6,0.988181,0.521421,1514.086060
7,0.026368,0.508417,1763.607788
8,0.063314,0.518023,2013.119019
9,0.085185,0.523790,2262.773438
10,0.082438,0.531554,2512.293457
11,0.077183,0.530412,2761.919189
12,0.084065,0.512012,3011.459473
13,0.082040,0.502065,3261.026123
14,0.072197,0.498928,3510.541260
15,0.045305,0.495542,3760.086426
16,0.989762,0.493355,4009.739746
17,0.929429,0.491489,4259.211914
18,0.885880,0.487334,4508.805176
19,0.862536,0.483015,4758.365723
20,0.853193,0.478359,5007.987305
21,0.838966,0.474163,5257.515137
22,0.811926,0.475503,5507.032715
23,0.779901,0.473378,5756.572754
24,0.754008,0.474320,6006.261230
25,0.735787,0.477577,6255.716309
26,0.709610,0.477479,6505.391602
27,0.683191,0.472884,6754.863281
28,0.660981,0.470830,7004.431152
29,0.645377,0.466084,7253.962891
30,0.634643,0.464110,7503.607910
31,0.623918,0.468590,7753.160645
32,0.604636,0.474488,8002.690918
33,0.586158,0.474511,8252.238281
34,0.570331,0.476626,8501.793945
35,0.549338,0.478457,8751.411133
36,0.531299,0.478680,9000.916992
37,0.521539,0.478073,9250.532227
38,0.518729,0.476954,9500.115234
39,0.520804,0.479746,9766.360352
40,0.528445,0.478630,10015.910156
41,0.545005,0.473633,10265.392578
42,0.566605,0.471366,10514.993164
43,0.590309,0.470166,10764.519531
44,0.617892,0.468444,11014.054688
45,0.646170,0.467796,11263.719727
46,0.669522,0.467631,11513.213867
47,0.691610,0.466186,11762.819336
48,0.713931,0.466449,12012.326172
49,0.735376,0.468813,12261.880859
50,0.757006,0.472587,12511.507812
51,0.778118,0.481710,12761.002930
52,0.794649,0.508034,13010.680664
53,0.813796,0.530782,13260.211914
54,0.836996,0.524429,13509.814453
55,0.855857,0.517106,13759.283203
56,0.875286,0.511937,14008.868164
57,0.889063,0.511989,14258.436523
58,0.897405,0.520011,14507.951172
59,0.906043,0.525805,14757.580078
60,0.919544,0.525540,15007.122070
61,0.937671,0.520902,15256.760742
62,0.964452,0.511796,15506.235352
63,0.008048,0.513426,15755.795898
64,0.048188,0.515258,16005.330078
65,0.074712,0.509398,16254.959961
66,0.090255,0.510443,16504.507812
67,0.099613,0.514953,16754.039062
68,0.125103,0.515165,17003.699219
69,0.174218,0.515636,17253.154297
70,0.216271,0.519822,17502.798828
71,0.240357,0.524420,17752.279297
72,0.258136,0.526028,18001.847656
73,0.277649,0.521958,18251.478516
74,0.293625,0.505444,18501.093750
75,0.298963,0.511933,18750.599609
76,0.298422,0.517629,19000.103516
77,0.296585,0.520277,19266.296875
78,0.295678,0.521469,19515.947266
79,0.293576,0.521372,19765.468750
80,0.283060,0.519646,20015.037109
81,0.240444,0.512697,20264.603516
82,0.170077,0.507874,20514.210938
83,0.105344,0.513580,20763.693359
84,0.053858,0.515146,21013.244141
85,0.997177,0.514387,21262.839844
86,0.951949,0.513884,21512.402344
87,0.917161,0.508662,21762.007812
88,0.888711,0.507801,22011.566406
89,0.872115,0.507194,22261.125000
90,0.869380,0.514586,22510.675781
91,0.857122,0.519168,22760.191406
92,0.827634,0.519101,23009.830078
93,0.806257,0.502558,23259.324219
94,0.780360,0.484062,23508.974609
95,0.727385,0.469354,23758.470703
96,0.682192,0.461865,24008.052734
97,0.678191,0.469485,24257.648438
98,0.688815,0.478299,24507.142578
99,0.691506,0.481236,24756.761719
0,0.747670,0.469047,0.008211
1,0.745790,0.468746,266.246765
2,0.746345,0.470923,515.795532
3,0.744975,0.473097,765.410828
4,0.745344,0.473268,1014.879211
5,0.741506,0.470363,1264.434692
6,0.730330,0.471450,1514.035034
7,0.718222,0.487847,1763.575073
8,0.693285,0.523446,2013.211182
9,0.657199,0.558520,2262.784912
10,0.617431,0.562703,2512.302002
11,0.577304,0.553737,2761.829346
12,0.550985,0.543208,3011.431885
13,0.536837,0.532827,3260.981689
14,0.528749,0.527702,3510.519043
15,0.524326,0.522610,3760.112061
16,0.514594,0.513480,4009.635742
17,0.494522,0.493818,4259.242676
18,0.474062,0.485275,4508.813965
19,0.464731,0.489816,4758.422852
20,0.459094,0.503195,5007.901855
21,0.449895,0.517343,5257.495605
22,0.446899,0.522660,5507.063965
23,0.444124,0.520378,5756.712402
24,0.442800,0.502698,6006.212402
25,0.445658,0.483054,6255.741699
26,0.451145,0.471770,6505.400391
27,0.461321,0.472518,6754.834961
28,0.475350,0.461989,7004.414551
29,0.488888,0.448959,7254.026367
30,0.499231,0.443887,7503.636719
31,0.504242,0.439632,7753.135254
32,0.486935,0.437300,8002.685547
33,0.457567,0.435322,8252.309570
34,0.424352,0.444089,8501.795898
35,0.393454,0.460507,8751.396484
36,0.375579,0.474504,9000.962891
37,0.367112,0.487517,9250.527344
38,0.359218,0.493411,9500.085938
39,0.341130,0.501373,9766.294922
40,0.321546,0.521317,10015.833984
41,0.317254,0.545289,10265.469727
42,0.325740,0.553959,10514.952148
43,0.328425,0.553776,10764.538086
44,0.317644,0.544538,11014.163086
45,0.299202,0.524777,11263.662109
46,0.278704,0.503026,11513.227539
47,0.254026,0.496019,11762.785156
48,0.235633,0.496539,12012.377930
49,0.219083,0.504406,12261.912109
50,0.206292,0.507335,12511.497070
51,0.197197,0.500245,12761.023438
52,0.190292,0.493334,13010.658203
53,0.185190,0.488545,13260.136719
54,0.180228,0.488728,13509.730469
55,0.167187,0.497661,13759.264648
56,0.155193,0.512730,14008.826172
57,0.147815,0.519841,14258.497070
58,0.158636,0.510804,14508.013672
59,0.192291,0.485551,14757.666016
60,0.233068,0.468934,15007.107422
61,0.271824,0.471704,15256.668945
62,0.314454,0.477451,15506.250000
63,0.362048,0.480668,15755.779297
64,0.411226,0.474399,16005.339844
65,0.484736,0.472762,16254.963867
66,0.556854,0.486439,16504.492188
67,0.606588,0.538022,16754.054688
68,0.647423,0.542928,17003.611328
69,0.685887,0.527049,17253.173828
70,0.731721,0.538306,17502.720703
71,0.786999,0.618356,17752.300781
72,0.829943,0.692569,18001.894531
73,0.867736,0.717359,18251.439453
74,0.909502,0.731265,18500.982422
75,0.944301,0.734568,18750.601562
76,0.957448,0.736914,19000.150391
77,0.987297,0.684561,19266.326172
78,0.002099,0.628670,19515.894531
79,0.015120,0.585897,19765.439453
80,0.018806,0.558689,20015.019531
81,0.020516,0.541811,20264.593750
82,0.016076,0.523897,20514.150391
83,0.002699,0.512187,20763.726562
84,0.981452,0.503190,21013.285156
85,0.961244,0.501332,21262.839844
86,0.940350,0.497880,21512.414062
87,0.916935,0.488942,21761.949219
88,0.902165,0.488983,22011.529297
89,0.894351,0.493555,22261.134766
90,0.889290,0.488892,22510.666016
91,0.883016,0.478073,22760.216797
92,0.885715,0.466004,23009.839844
93,0.896220,0.455524,23259.359375
94,0.909935,0.445364,23508.908203
95,0.919573,0.439377,23758.480469
96,0.928092,0.442283,24008.062500
97,0.936271,0.442707,24257.605469
98,0.950271,0.443709,24507.162109
99,0.961094,0.442335,24756.732422
0,0.714273,0.541064,-0.008474
1,0.691535,0.549899,266.236511
2,0.702816,0.542413,515.848633
3,0.735111,0.521056,765.318176
4,0.799150,0.513510,1014.923523
5,0.847443,0.544521,1264.466431
6,0.828055,0.610621,1513.988525
7,0.766036,0.691335,1763.605225
8,0.699571,0.734182,2013.124146
9,0.741439,0.769325,2262.709229
10,0.776721,0.801798,2512.259033
11,0.762091,0.826218,2761.814697
12,0.736733,0.835372,3011.375977
13,0.635876,0.831411,3260.946289
14,0.489024,0.710790,3510.539307
15,0.442109,0.603139,3760.094482
16,0.435396,0.527292,4009.658447
17,0.426788,0.477580,4259.204590
18,0.422523,0.458481,4508.761719
19,0.437243,0.469244,4758.316406
20,0.457563,0.472482,5007.935547
21,0.469756,0.475806,5257.453125
22,0.468204,0.476017,5507.050781
23,0.470684,0.492232,5756.605469
24,0.473958,0.523162,6006.157715
25,0.500875,0.558674,6255.714844
26,0.555152,0.572228,6505.291016
27,0.591918,0.573335,6754.837402
28,0.603258,0.580116,7004.396973
29,0.606745,0.582160,7254.001465
30,0.626937,0.575907,7503.541016
31,0.657208,0.559192,7753.123047
32,0.690946,0.547568,8002.668457
33,0.752805,0.530963,8252.236328
34,0.813539,0.526813,8501.816406
35,0.879919,0.506068,8751.384766
36,0.957973,0.487520,9000.952148
37,0.015892,0.487269,9250.466797
38,0.040626,0.498215,9500.047852
39,0.040468,0.508756,9766.242188
40,0.036127,0.515664,10015.805664
41,0.033089,0.522817,10265.382812
42,0.030720,0.531137,10514.952148
43,0.030842,0.541956,10764.494141
44,0.028646,0.566594,11014.095703
45,0.026790,0.586119,11263.631836
46,0.024344,0.585707,11513.206055
47,0.021533,0.583069,11762.750000
48,0.017582,0.580205,12012.313477
49,0.012292,0.580214,12261.874023
50,0.004670,0.581261,12511.451172
51,0.980482,0.579098,12761.000977
52,0.897032,0.575417,13010.589844
53,0.751546,0.553043,13260.140625
54,0.604599,0.520455,13509.703125
55,0.522420,0.499948,13759.284180
56,0.482348,0.495881,14008.822266
57,0.434616,0.500006,14258.400391
58,0.382208,0.508283,14507.967773
59,0.350642,0.512818,14757.511719
60,0.340970,0.512560,15007.084961
61,0.342644,0.510505,15256.672852
62,0.345940,0.512365,15506.209961
63,0.347104,0.516913,15755.791992
64,0.350118,0.514837,16005.354492
65,0.362762,0.504936,16254.905273
66,0.396114,0.481828,16504.474609
67,0.463392,0.454679,16754.042969
68,0.505759,0.447403,17003.591797
69,0.531609,0.445594,17253.171875
70,0.554909,0.446337,17502.775391
71,0.587265,0.449590,17752.316406
72,0.657431,0.460712,18001.845703
73,0.753524,0.467440,18251.437500
74,0.879781,0.476608,18500.968750
75,0.005912,0.496359,18750.554688
76,0.054164,0.511646,19000.152344
77,0.054060,0.523961,19266.320312
78,0.050781,0.535733,19515.878906
79,0.049808,0.549393,19765.441406
80,0.043977,0.553442,20015.000000
81,0.053508,0.568824,20264.566406
82,0.065769,0.572647,20514.117188
83,0.086330,0.567634,20763.679688
84,0.106420,0.557550,21013.242188
85,0.128072,0.547844,21262.851562
86,0.157785,0.533243,21512.384766
87,0.181664,0.520167,21761.960938
88,0.180779,0.495010,22011.529297
89,0.177873,0.466222,22261.066406
90,0.183259,0.466215,22510.632812
91,0.202120,0.487194,22760.193359
92,0.231620,0.532360,23009.814453
93,0.250962,0.554398,23259.339844
94,0.250403,0.557263,23508.892578
95,0.226280,0.547865,23758.458984
96,0.195599,0.524732,24024.669922
97,0.169869,0.490764,24257.642578
98,0.133701,0.439391,24507.142578
99,0.086898,0.371397,24756.738281
0,0.750007,0.557961,-0.058588
1,0.749699,0.557496,266.106934
2,0.749607,0.557534,515.728149
3,0.750845,0.558440,765.230835
4,0.752195,0.559691,1014.807739
5,0.760560,0.558161,1264.406616
6,0.805665,0.542967,1513.965332
7,0.866191,0.530000,1763.502319
8,0.895589,0.537951,2013.087769
9,0.910447,0.545302,2262.730957
10,0.927969,0.547713,2512.221436
11,0.951061,0.551629,2761.772949
12,0.965113,0.550111,3011.346436
13,0.973731,0.545203,3260.911377
14,0.975001,0.540583,3510.444336
15,0.972017,0.537393,3760.053955
16,0.966112,0.537053,4009.639893
17,0.962131,0.536573,4259.171387
18,0.957870,0.537582,4508.719727
19,0.947416,0.536178,4758.317871
20,0.927343,0.539041,5007.919922
21,0.889000,0.557749,5257.402832
22,0.835239,0.578871,5506.994141
23,0.786026,0.599817,5756.515137
24,0.743070,0.614830,6006.092285
25,0.703710,0.617489,6255.691895
26,0.664587,0.606234,6505.206055
27,0.628228,0.596741,6754.792480
28,0.575842,0.591120,7004.353027
29,0.528761,0.579069,7253.913574
30,0.513787,0.578262,7503.485352
31,0.494875,0.564392,7753.045410
32,0.471471,0.521235,8002.605957
33,0.456625,0.492933,8252.166992
34,0.440181,0.482720,8501.753906
35,0.409613,0.475782,8751.312500
36,0.371316,0.463658,9000.848633
37,0.345450,0.463829,9250.453125
38,0.338586,0.468996,9500.005859
39,0.343000,0.465843,9766.179688
40,0.346615,0.476014,10015.747070
41,0.340293,0.488295,10265.325195
42,0.316780,0.529570,10514.892578
43,0.316586,0.546415,10764.447266
44,0.342063,0.512663,11014.014648
45,0.397366,0.392502,11263.595703
46,0.482737,0.270864,11513.169922
47,0.505754,0.253488,11762.697266
48,0.501862,0.332329,12012.275391
49,0.483439,0.541053,12261.809570
50,0.447122,0.645585,12511.390625
51,0.452224,0.662624,12760.990234
52,0.494149,0.717779,13010.564453
53,0.542904,0.838900,13260.115234
54,0.565872,0.873560,13509.639648
55,0.588923,0.840212,13759.209961
56,0.619478,0.792534,14008.765625
57,0.646530,0.767206,14258.342773
58,0.718929,0.768749,14507.886719
59,0.782125,0.754381,14757.461914
60,0.776019,0.731146,15007.007812
61,0.739775,0.678751,15256.622070
62,0.715620,0.614034,15506.158203
63,0.717795,0.568597,15755.739258
64,0.721226,0.547914,16005.288086
65,0.695137,0.536276,16254.860352
66,0.722256,0.530907,16504.423828
67,0.796785,0.539198,16753.968750
68,0.832859,0.550279,17003.544922
69,0.864915,0.555394,17253.085938
70,0.900864,0.547805,17502.681641
71,0.937586,0.523538,17752.253906
72,0.955794,0.521399,18001.796875
73,0.949133,0.517511,18251.337891
74,0.930498,0.520182,18500.923828
75,0.927952,0.523703,18750.519531
76,0.920252,0.531223,19000.046875
77,0.905762,0.532185,19266.242188
78,0.904646,0.524846,19515.806641
79,0.901433,0.525645,19765.384766
80,0.900480,0.530886,20014.935547
81,0.897815,0.534607,20264.494141
82,0.895427,0.534471,20514.052734
83,0.894491,0.535084,20763.646484
84,0.895822,0.534811,21013.193359
85,0.896208,0.536360,21262.755859
86,0.896572,0.536652,21512.320312
87,0.897517,0.538298,21761.890625
88,0.897520,0.538070,22011.490234
89,0.896994,0.536282,22261.023438
90,0.896741,0.536172,22510.564453
91,0.896441,0.535900,22760.181641
92,0.896187,0.535985,23009.703125
93,0.896267,0.536044,23259.273438
94,0.896718,0.536450,23508.832031
95,0.896703,0.537248,23758.408203
96,0.896691,0.536599,24007.982422
97,0.896882,0.536256,24257.550781
98,0.896878,0.536671,24507.113281
99,0.896939,0.536789,24756.687500
0,0.714208,0.607025,-0.013991
1,0.644480,0.598647,266.157410
2,0.573687,0.591457,515.730225
3,0.512510,0.594755,765.267822
4,0.464996,0.596866,1014.827393
5,0.416272,0.599947,1264.383545
6,0.353723,0.610920,1513.978271
7,0.260680,0.619608,1763.479248
8,0.238538,0.610023,2013.072021
9,0.306166,0.583778,2262.621338
10,0.432616,0.591313,2512.172363
11,0.500715,0.588776,2761.782715
12,0.536124,0.588222,3011.411133
13,0.605170,0.579597,3260.928711
14,0.698638,0.563433,3510.468262
15,0.773772,0.578579,3760.110352
16,0.834753,0.583882,4009.564697
17,0.884795,0.576249,4259.121094
18,0.927688,0.568773,4508.753906
19,0.964551,0.565508,4758.382324
20,0.998359,0.566398,5007.922363
21,0.018883,0.560061,5257.409180
22,0.033497,0.560755,5507.002441
23,0.038345,0.559793,5756.557129
24,0.030465,0.562291,6006.096191
25,0.005060,0.561403,6255.657227
26,0.963885,0.559547,6505.209961
27,0.928758,0.565719,6754.752930
28,0.902338,0.586348,7004.357910
29,0.877398,0.589451,7253.951660
30,0.850768,0.594787,7503.499023
31,0.818636,0.596901,7753.015625
32,0.771923,0.582555,8002.640137
33,0.717458,0.558552,8252.199219
34,0.652969,0.548510,8501.741211
35,0.595539,0.548979,8751.287109
36,0.567250,0.559526,9000.933594
37,0.558732,0.576266,9250.462891
38,0.583523,0.585098,9516.654297
39,0.639727,0.591228,9766.168945
40,0.760905,0.569728,10015.798828
41,0.790325,0.548396,10265.408203
42,0.767869,0.552528,10514.881836
43,0.717831,0.565583,10764.459961
44,0.648728,0.589752,11013.983398
45,0.581550,0.595811,11263.598633
46,0.531055,0.610103,11513.125977
47,0.484893,0.607892,11762.782227
48,0.453592,0.615958,12012.341797
49,0.443908,0.626023,12261.883789
50,0.439646,0.675845,12511.385742
51,0.454865,0.729756,12760.999023
52,0.473390,0.727153,13010.537109
53,0.477869,0.736687,13260.068359
54,0.476546,0.735505,13509.713867
55,0.478088,0.721492,13759.287109
56,0.480622,0.737011,14008.815430
57,0.482452,0.694022,14258.306641
58,0.466109,0.608493,14507.997070
59,0.454116,0.552477,14757.500977
60,0.462483,0.524252,15007.020508
61,0.481432,0.453508,15256.634766
62,0.505743,0.489770,15506.197266
63,0.534375,0.518941,15755.750977
64,0.561441,0.544753,16005.253906
65,0.592653,0.556819,16254.913086
66,0.618985,0.556136,16504.394531
67,0.619828,0.557760,16753.968750
68,0.595912,0.565089,17003.644531
69,0.563021,0.573538,17253.134766
70,0.520686,0.564772,17502.693359
71,0.446529,0.537604,17752.210938
72,0.368861,0.540027,18001.884766
73,0.304185,0.544257,18251.349609
74,0.264204,0.551723,18501.019531
75,0.278324,0.555836,18750.453125
76,0.314981,0.554789,19000.136719
77,0.358233,0.550427,19266.283203
78,0.389573,0.557145,19515.845703
79,0.418104,0.564678,19765.378906
80,0.448262,0.562875,20015.003906
81,0.477494,0.559597,20264.535156
82,0.499523,0.556397,20514.111328
83,0.498334,0.568376,20763.650391
84,0.475113,0.592387,21013.193359
85,0.433006,0.603016,21262.779297
86,0.366159,0.597424,21512.347656
87,0.293163,0.592806,21761.945312
88,0.227956,0.585025,22011.427734
89,0.216400,0.555958,22261.064453
90,0.253803,0.538863,22510.601562
91,0.327115,0.553442,22760.183594
92,0.401513,0.590119,23009.734375
93,0.433488,0.601572,23259.257812
94,0.455398,0.600392,23508.855469
95,0.478954,0.602051,23758.468750
96,0.506460,0.609098,24008.015625
97,0.540876,0.610545,24257.494141
98,0.565640,0.611252,24507.154297
99,0.580700,0.612200,24756.638672
0,0.757288,0.604147,0.011385
1,0.753419,0.609504,266.256378
2,0.752548,0.602331,515.748230
3,0.790764,0.597173,765.372375
4,0.840385,0.576762,1014.894409
5,0.873286,0.552233,1264.452026
6,0.887121,0.536583,1514.069336
7,0.907378,0.522815,1763.615112
8,0.938365,0.522956,2013.222534
9,0.960844,0.536484,2262.741455
10,0.975930,0.547202,2512.359375
11,0.987053,0.555573,2761.913330
12,0.983539,0.589607,3011.435547
13,0.959457,0.604317,3260.956299
14,0.906570,0.618264,3510.582031
15,0.835523,0.637066,3760.070068
16,0.766558,0.665334,4009.641846
17,0.694877,0.682683,4259.227539
18,0.615402,0.688191,4508.859863
19,0.543446,0.668671,4758.358398
20,0.494582,0.640310,5008.002930
21,0.470411,0.601790,5257.503418
22,0.473116,0.558992,5507.027832
23,0.474727,0.540340,5756.630859
24,0.478784,0.541810,6006.212402
25,0.481599,0.545119,6255.759766
26,0.480349,0.540796,6505.285156
27,0.482689,0.530959,6754.975586
28,0.480260,0.519267,7004.401367
29,0.449293,0.500822,7254.102539
30,0.403986,0.514880,7503.562988
31,0.394376,0.536558,7753.136230
32,0.394556,0.551466,8002.700684
33,0.388997,0.548890,8252.225586
34,0.377893,0.521950,8501.816406
35,0.351291,0.508095,8751.374023
36,0.332340,0.539390,9000.987305
37,0.383520,0.520753,9250.525391
38,0.472353,0.494069,9500.091797
39,0.540472,0.495250,9766.295898
40,0.583274,0.507862,10015.873047
41,0.617197,0.507549,10265.365234
42,0.652592,0.507499,10514.953125
43,0.686482,0.509790,10764.545898
44,0.720356,0.511015,11014.121094
45,0.775337,0.512919,11263.675781
46,0.858948,0.510889,11513.232422
47,0.961368,0.495173,11762.796875
48,0.051921,0.498452,12012.341797
49,0.105799,0.515928,12261.983398
50,0.126571,0.535695,12511.463867
51,0.118971,0.545747,12761.062500
52,0.105326,0.552981,13010.605469
53,0.076897,0.563729,13260.201172
54,0.033686,0.590314,13509.741211
55,0.973906,0.582024,13759.273438
56,0.890899,0.557018,14008.859375
57,0.791976,0.533548,14258.402344
58,0.677085,0.530322,14508.008789
59,0.549080,0.545346,14757.536133
60,0.457961,0.559531,15007.140625
61,0.414271,0.559504,15256.659180
62,0.374383,0.548395,15506.223633
63,0.328881,0.558704,15755.824219
64,0.297919,0.553332,16005.341797
65,0.276971,0.527427,16255.015625
66,0.257113,0.506591,16504.468750
67,0.251109,0.512329,16754.132812
68,0.249270,0.532428,17003.607422
69,0.277255,0.539882,17253.160156
70,0.328821,0.521300,17502.736328
71,0.390082,0.516112,17752.373047
72,0.450885,0.512374,18001.886719
73,0.512784,0.534415,18251.419922
74,0.567931,0.577909,18501.011719
75,0.607587,0.608572,18750.626953
76,0.608185,0.620535,19000.140625
77,0.598627,0.621715,19266.306641
78,0.594021,0.608286,19515.876953
79,0.590454,0.601155,19765.439453
80,0.591833,0.592345,20015.080078
81,0.595750,0.572700,20264.572266
82,0.594901,0.548256,20514.191406
83,0.595708,0.543227,20763.734375
84,0.600598,0.542093,21013.281250
85,0.603105,0.546652,21262.820312
86,0.602729,0.548487,21529.083984
87,0.602996,0.549069,21761.994141
88,0.604322,0.548915,22011.541016
89,0.606379,0.548855,22261.152344
90,0.606544,0.551096,22510.660156
91,0.606803,0.553851,22776.847656
92,0.606908,0.556401,23009.853516
93,0.606913,0.558685,23259.386719
94,0.606418,0.560551,23508.898438
95,0.605701,0.560672,23758.453125
96,0.604689,0.561767,24008.091797
97,0.600933,0.570471,24257.621094
98,0.560103,0.628136,24507.240234
99,0.493735,0.664173,24756.757812
0,0.750168,0.605975,0.001013
1,0.751380,0.602600,266.288239
2,0.763103,0.631573,515.797119
3,0.792649,0.711577,765.355835
4,0.834746,0.721942,1014.936279
5,0.874664,0.722134,1264.458008
6,0.919341,0.717165,1514.048462
7,0.973146,0.671061,1763.569580
8,0.995300,0.634149,2013.219238
9,0.981847,0.609544,2262.734863
10,0.937865,0.605355,2512.298584
11,0.874471,0.596015,2761.942627
12,0.822712,0.576666,3011.450684
13,0.772389,0.568669,3260.997070
14,0.680971,0.548096,3510.536621
15,0.605747,0.535716,3760.169189
16,0.541861,0.524967,4009.656494
17,0.482886,0.523450,4259.226074
18,0.454516,0.526806,4508.780273
19,0.433921,0.529821,4758.363770
20,0.406958,0.531043,5008.015137
21,0.383602,0.527216,5257.472168
22,0.369545,0.510766,5507.047363
23,0.352011,0.507415,5756.621582
24,0.336766,0.508506,6006.210449
25,0.326167,0.508386,6255.757812
26,0.303356,0.516747,6505.325684
27,0.274226,0.515299,6754.872559
28,0.240748,0.517387,7004.431152
29,0.211704,0.520881,7254.083008
30,0.176643,0.522462,7503.558105
31,0.141902,0.524550,7753.117676
32,0.109008,0.528023,8002.769531
33,0.081287,0.534713,8252.282227
34,0.057360,0.534188,8501.803711
35,0.043439,0.515562,8751.368164
36,0.058610,0.437601,9000.990234
37,0.077564,0.416364,9250.558594
38,0.102621,0.549550,9500.092773
39,0.135595,0.734937,9766.276367
40,0.168357,0.819449,10015.868164
41,0.167955,0.825548,10265.435547
42,0.112028,0.806158,10514.976562
43,0.053143,0.845877,10764.526367
44,0.001304,0.863510,11014.120117
45,0.960690,0.882743,11263.701172
46,0.915077,0.882493,11513.201172
47,0.866600,0.882559,11762.765625
48,0.873368,0.851740,12012.383789
49,0.888868,0.810768,12261.978516
50,0.909956,0.803125,12511.462891
51,0.946255,0.787419,12761.031250
52,0.996362,0.768752,13010.679688
53,0.039987,0.735587,13260.158203
54,0.093329,0.690339,13509.752930
55,0.142510,0.659183,13759.311523
56,0.184220,0.639407,14008.898438
57,0.222345,0.621310,14258.418945
58,0.259465,0.605295,14508.064453
59,0.301135,0.586455,14757.587891
60,0.338365,0.573073,15007.120117
61,0.369719,0.568673,15256.699219
62,0.403320,0.569918,15506.290039
63,0.430739,0.565929,15755.822266
64,0.453886,0.565378,16005.431641
65,0.478648,0.565178,16254.994141
66,0.497574,0.562392,16504.560547
67,0.522038,0.564466,16754.085938
68,0.553201,0.565619,17003.619141
69,0.577913,0.562927,17253.236328
70,0.607200,0.557057,17502.802734
71,0.642242,0.550642,17752.326172
72,0.674284,0.547023,18001.933594
73,0.702222,0.545087,18251.441406
74,0.730391,0.544124,18501.064453
75,0.752988,0.541535,18750.574219
76,0.768225,0.510939,19000.208984
77,0.787096,0.466488,19266.376953
78,0.808827,0.435926,19515.923828
79,0.816768,0.401519,19765.468750
80,0.815934,0.412931,20015.044922
81,0.819379,0.461964,20264.652344
82,0.820689,0.510972,20514.199219
83,0.811922,0.538371,20763.705078
84,0.814531,0.554176,21013.316406
85,0.833588,0.567591,21262.869141
86,0.871933,0.569372,21512.406250
87,0.920950,0.567885,21762.003906
88,0.957096,0.567555,22011.541016
89,0.981688,0.564364,22261.115234
90,0.997568,0.561876,22510.654297
91,0.003813,0.564523,22760.238281
92,0.986621,0.567181,23009.816406
93,0.947274,0.540219,23259.408203
94,0.894922,0.536612,23508.941406
95,0.793939,0.601630,23758.490234
96,0.663657,0.602663,24008.070312
97,0.572565,0.580486,24257.611328
98,0.524527,0.569697,24507.199219
99,0.507394,0.565632,24756.736328
0,0.749955,0.477947,-0.017379
1,0.749460,0.478111,266.249023
2,0.749003,0.479237,515.747620
3,0.741179,0.478355,765.388184
4,0.709033,0.471687,1014.887085
5,0.694846,0.473900,1264.474854
6,0.688826,0.471801,1513.993408
7,0.679375,0.466059,1763.674316
8,0.667636,0.470925,2013.150146
9,0.654174,0.473317,2262.718750
10,0.635953,0.474145,2512.299805
11,0.620459,0.476259,2761.881104
12,0.605440,0.474997,3011.426025
13,0.591030,0.476757,3260.954346
14,0.575260,0.478960,3510.527832
15,0.562485,0.471168,3760.084717
16,0.544651,0.470027,4009.652344
17,0.530021,0.476226,4259.222168
18,0.518455,0.477865,4508.836426
19,0.508813,0.480104,4758.347168
20,0.507174,0.482976,5007.922852
21,0.516118,0.489894,5257.500977
22,0.521307,0.493247,5507.034180
23,0.518616,0.493203,5756.643066
24,0.507088,0.492591,6006.183105
25,0.491956,0.493080,6255.748047
26,0.480612,0.495313,6505.292969
27,0.469317,0.495843,6754.867188
28,0.449297,0.495662,7004.419434
29,0.401070,0.494061,7253.980957
30,0.384754,0.494693,7503.544434
31,0.383456,0.482635,7753.155762
32,0.380634,0.456840,8002.700684
33,0.381189,0.444301,8252.261719
34,0.386213,0.434726,8501.817383
35,0.412922,0.422954,8751.405273
36,0.442075,0.414669,9000.950195
37,0.428263,0.417890,9250.492188
38,0.336915,0.457092,9500.102539
39,0.271888,0.476404,9766.372070
40,0.251440,0.487014,10015.855469
41,0.245975,0.489053,10265.411133
42,0.264826,0.484645,10514.953125
43,0.290181,0.488419,10764.517578
44,0.310319,0.486723,11014.132812
45,0.303171,0.486573,11263.634766
46,0.259222,0.493157,11513.210938
47,0.197177,0.491601,11762.768555
48,0.163873,0.496430,12012.374023
49,0.151239,0.501791,12261.912109
50,0.152978,0.497839,12511.479492
51,0.121751,0.504616,12761.072266
52,0.062666,0.506744,13010.577148
53,0.052004,0.497785,13260.153320
54,0.060708,0.482916,13509.810547
55,0.077439,0.464300,13759.310547
56,0.082164,0.460258,14008.838867
57,0.064780,0.476384,14258.425781
58,0.030829,0.484284,14507.991211
59,0.001454,0.495229,14757.578125
60,0.977950,0.501016,15007.116211
61,0.954128,0.502024,15256.672852
62,0.933379,0.502367,15506.217773
63,0.914227,0.505246,15755.776367
64,0.889349,0.509369,16005.384766
65,0.867803,0.516339,16254.947266
66,0.853613,0.517221,16504.484375
67,0.825879,0.519168,16754.068359
68,0.808538,0.522481,17003.726562
69,0.800405,0.519904,17253.179688
70,0.798567,0.517674,17502.738281
71,0.810403,0.512549,17752.392578
72,0.820715,0.508120,18001.861328
73,0.825935,0.513874,18251.445312
74,0.829148,0.584105,18500.996094
75,0.834865,0.699375,18750.601562
76,0.848016,0.761126,19000.138672
77,0.853937,0.767987,19266.330078
78,0.888218,0.796843,19515.896484
79,0.989946,0.842079,19765.529297
80,0.056906,0.875065,20015.005859
81,0.081171,0.897332,20264.595703
82,0.083979,0.909992,20514.148438
83,0.050638,0.895434,20763.750000
84,0.972190,0.824313,21013.314453
85,0.942925,0.733994,21262.863281
86,0.931285,0.726104,21512.390625
87,0.923508,0.691057,21761.955078
88,0.887720,0.570072,22011.572266
89,0.883468,0.503940,22261.093750
90,0.890168,0.488032,22510.648438
91,0.891135,0.489918,22760.248047
92,0.892616,0.492259,23009.767578
93,0.901346,0.490642,23259.335938
94,0.918767,0.488680,23508.917969
95,0.930290,0.491637,23758.494141
96,0.945592,0.492629,24008.041016
97,0.958243,0.491420,24257.650391
98,0.966192,0.497992,24507.160156
99,0.970384,0.499255,24756.718750
0,0.749389,0.500506,0.018978
1,0.749321,0.500486,266.340515
2,0.749650,0.501102,515.818604
3,0.749508,0.503417,765.396973
4,0.745461,0.504551,1014.947205
5,0.745053,0.504372,1264.532593
6,0.745486,0.503299,1514.157593
7,0.758196,0.505462,1763.591431
8,0.773935,0.511026,2013.221680
9,0.782298,0.521541,2262.757812
10,0.785852,0.531558,2512.296875
11,0.784028,0.536491,2761.869873
12,0.785241,0.537465,3011.530029
13,0.788098,0.537040,3261.027100
14,0.815580,0.530638,3510.570557
15,0.838141,0.528427,3760.202148
16,0.847826,0.530068,4009.691406
17,0.850081,0.533404,4259.275391
18,0.852332,0.533127,4508.802734
19,0.855908,0.527953,4758.419922
20,0.861571,0.523081,5007.950195
21,0.868586,0.520985,5257.515625
22,0.876069,0.520388,5507.154785
23,0.881655,0.519009,5756.645508
24,0.886392,0.519218,6006.205566
25,0.890298,0.521675,6255.765137
26,0.893575,0.520593,6505.353516
27,0.895838,0.516246,6754.894531
28,0.892844,0.502403,7004.455078
29,0.891472,0.495938,7254.011230
30,0.892056,0.500243,7503.604980
31,0.896381,0.504596,7753.160645
32,0.900291,0.510297,8002.714844
33,0.903302,0.506354,8252.281250
34,0.905855,0.509583,8501.835938
35,0.910151,0.511925,8751.401367
36,0.914840,0.514328,9000.963867
37,0.920072,0.514876,9250.547852
38,0.925534,0.515893,9500.090820
39,0.931073,0.516265,9766.322266
40,0.936687,0.515385,10015.858398
41,0.942864,0.514703,10265.438477
42,0.950963,0.513093,10514.971680
43,0.963241,0.512555,10764.541016
44,0.972421,0.512714,11014.130859
45,0.981305,0.512843,11263.674805
46,0.990874,0.513448,11513.250000
47,0.998625,0.512325,11762.814453
48,0.006418,0.511784,12012.371094
49,0.012745,0.512692,12261.930664
50,0.021094,0.513019,12511.501953
51,0.023234,0.508131,12761.065430
52,0.028225,0.504928,13010.629883
53,0.044294,0.505016,13260.176758
54,0.056070,0.502422,13509.761719
55,0.065395,0.495954,13759.316406
56,0.076010,0.494674,14008.916016
57,0.083975,0.495095,14258.447266
58,0.101364,0.490639,14507.990234
59,0.127024,0.493689,14757.563477
60,0.140372,0.504680,15007.137695
61,0.150621,0.510779,15256.708984
62,0.157023,0.512577,15506.267578
63,0.163586,0.517908,15755.850586
64,0.170067,0.519739,16005.392578
65,0.178783,0.519434,16254.953125
66,0.189882,0.519032,16504.574219
67,0.196952,0.519166,16754.097656
68,0.207260,0.518507,17003.646484
69,0.235546,0.513561,17253.218750
70,0.259213,0.514296,17502.771484
71,0.279108,0.512753,17752.339844
72,0.299721,0.510544,18001.908203
73,0.319771,0.510253,18251.460938
74,0.336793,0.515149,18501.060547
75,0.346824,0.519699,18750.615234
76,0.353209,0.525719,19000.160156
77,0.356699,0.518396,19266.355469
78,0.353205,0.504848,19515.919922
79,0.355486,0.511895,19765.492188
80,0.367144,0.516521,20015.044922
81,0.383136,0.517231,20264.609375
82,0.397949,0.516177,20514.214844
83,0.409493,0.515832,20763.751953
84,0.416709,0.516926,21013.326172
85,0.423814,0.516316,21262.857422
86,0.431450,0.517365,21512.445312
87,0.436482,0.509549,21761.998047
88,0.437613,0.504943,22011.542969
89,0.433242,0.493446,22261.130859
90,0.422737,0.478157,22510.679688
91,0.419583,0.478954,22760.279297
92,0.420347,0.482584,23009.835938
93,0.422319,0.496110,23259.425781
94,0.423769,0.506749,23508.978516
95,0.427826,0.519642,23758.509766
96,0.430624,0.527015,24024.703125
97,0.431419,0.528922,24257.646484
98,0.431236,0.528665,24507.207031
99,0.430992,0.528361,24756.746094
0,0.747384,0.567240,-0.030631
1,0.744982,0.565770,266.230499
2,0.744653,0.558210,515.733765
3,0.741526,0.536785,765.303955
4,0.710280,0.505305,1014.841858
5,0.673653,0.504791,1264.456299
6,0.668717,0.510763,1513.962524
7,0.682003,0.512791,1763.539673
8,0.753658,0.506859,2013.121338
9,0.811795,0.499126,2262.677979
10,0.832434,0.513659,2512.224609
11,0.855612,0.521748,2761.859375
12,0.866332,0.522927,3011.416260
13,0.866799,0.526933,3260.949463
14,0.868302,0.528491,3510.534424
15,0.867597,0.526021,3760.138428
16,0.865148,0.524271,4009.646729
17,0.863340,0.522852,4259.207520
18,0.867156,0.521201,4508.800781
19,0.880348,0.521586,4758.389648
20,0.899211,0.527167,5007.957520
21,0.918642,0.526627,5257.474121
22,0.941810,0.516469,5507.042969
23,0.956581,0.501194,5756.587402
24,0.959541,0.489724,6006.107910
25,0.965606,0.489222,6255.803223
26,0.980860,0.499365,6505.245605
27,0.999919,0.520328,6754.879883
28,0.011058,0.533836,7004.370117
29,0.025786,0.520808,7254.059082
30,0.044018,0.493769,7503.573242
31,0.049239,0.493906,7753.058594
32,0.050393,0.498673,8002.667480
33,0.050956,0.498427,8252.221680
34,0.051502,0.501513,8501.876953
35,0.051279,0.505089,8751.327148
36,0.048974,0.503795,9000.983398
37,0.041299,0.505254,9250.520508
38,0.029584,0.509580,9500.016602
39,0.014643,0.513670,9766.200195
40,0.973390,0.508079,10015.853516
41,0.937621,0.501620,10265.385742
42,0.920626,0.503992,10514.907227
43,0.909763,0.503838,10764.465820
44,0.901931,0.508775,11014.073242
45,0.891878,0.511081,11263.663086
46,0.881522,0.510410,11513.210938
47,0.874438,0.511929,11762.786133
48,0.868754,0.515031,12012.350586
49,0.863169,0.515873,12261.987305
50,0.860858,0.517928,12511.411133
51,0.856871,0.519043,12761.051758
52,0.850670,0.518158,13010.627930
53,0.837499,0.519698,13260.098633
54,0.802436,0.513257,13509.729492
55,0.761015,0.505723,13759.234375
56,0.721450,0.501386,14008.819336
57,0.658956,0.484867,14258.365234
58,0.565962,0.457416,14507.988281
59,0.512839,0.443290,14757.497070
60,0.490761,0.450849,15007.099609
61,0.477515,0.461584,15256.679688
62,0.468340,0.463153,15506.282227
63,0.464878,0.467207,15755.770508
64,0.464040,0.471272,16005.299805
65,0.463361,0.495604,16254.911133
66,0.462860,0.509090,16504.478516
67,0.463115,0.509591,16754.105469
68,0.463261,0.510224,17003.562500
69,0.463125,0.511309,17253.134766
70,0.463230,0.511681,17502.687500
71,0.463533,0.511769,17752.263672
72,0.464154,0.512126,18001.853516
73,0.464523,0.511936,18251.470703
74,0.464908,0.510998,18501.048828
75,0.465610,0.510158,18750.562500
76,0.466140,0.509376,19000.083984
77,0.466359,0.508793,19266.328125
78,0.465554,0.509875,19515.851562
79,0.465672,0.510786,19765.417969
80,0.465028,0.512586,20014.988281
81,0.465146,0.513310,20264.601562
82,0.465128,0.513940,20514.113281
83,0.463347,0.515074,20763.681641
84,0.449532,0.515725,21013.255859
85,0.436628,0.508641,21262.783203
86,0.432419,0.510471,21512.359375
87,0.413925,0.516911,21761.921875
88,0.398791,0.520099,22011.509766
89,0.390916,0.525578,22261.076172
90,0.391894,0.524005,22510.628906
91,0.415904,0.493358,22760.201172
92,0.491800,0.445690,23009.779297
93,0.565855,0.449331,23259.324219
94,0.600574,0.465067,23508.888672
95,0.616175,0.481064,23758.460938
96,0.636472,0.493461,24007.982422
97,0.656748,0.498128,24257.558594
98,0.672228,0.507567,24507.179688
99,0.683266,0.520185,24756.695312
0,0.749710,0.518890,-0.007144
1,0.749434,0.519153,266.198547
2,0.749402,0.520760,515.792480
3,0.765629,0.526613,765.301331
4,0.799263,0.530221,1014.902588
5,0.815680,0.530417,1264.525513
6,0.819768,0.534757,1514.030884
7,0.821508,0.541213,1763.663452
8,0.826445,0.546740,2013.161865
9,0.816910,0.561969,2262.747559
10,0.795604,0.582238,2512.264404
11,0.772686,0.602550,2761.905029
12,0.784183,0.639784,3011.395508
13,0.801165,0.650201,3260.939697
14,0.773219,0.647079,3510.531982
15,0.704387,0.621246,3760.104004
16,0.646879,0.608447,4009.676270
17,0.598352,0.592103,4259.229980
18,0.551564,0.566852,4508.872559
19,0.528381,0.543186,4758.385742
20,0.519701,0.516377,5007.893066
21,0.511125,0.506498,5257.505371
22,0.499608,0.506384,5507.116699
23,0.488693,0.502898,5756.567383
24,0.477718,0.502228,6006.187988
25,0.472029,0.501632,6255.767578
26,0.489668,0.496717,6505.303223
27,0.538580,0.493902,6754.849609
28,0.572659,0.496451,7004.486328
29,0.599590,0.503249,7254.015137
30,0.619734,0.509823,7503.526367
31,0.636603,0.514257,7753.112305
32,0.655849,0.512930,8002.722168
33,0.681063,0.507043,8252.226562
34,0.712084,0.500646,8501.778320
35,0.741488,0.500537,8751.457031
36,0.771617,0.501240,9001.017578
37,0.798906,0.501714,9250.508789
38,0.829946,0.503488,9500.068359
39,0.863042,0.502121,9766.268555
40,0.893485,0.501176,10015.914062
41,0.908360,0.506692,10265.390625
42,0.913274,0.511831,10514.940430
43,0.880888,0.511396,10764.599609
44,0.844768,0.511563,11014.113281
45,0.849456,0.513251,11263.697266
46,0.908273,0.512717,11513.213867
47,0.984985,0.511856,11762.844727
48,0.016389,0.508448,12012.325195
49,0.038722,0.508436,12261.903320
50,0.068431,0.506459,12511.448242
51,0.093752,0.531710,12761.016602
52,0.125256,0.545030,13010.601562
53,0.161286,0.535696,13260.144531
54,0.185411,0.520358,13509.720703
55,0.207683,0.512972,13759.277344
56,0.232092,0.509438,14008.858398
57,0.250984,0.504425,14258.414062
58,0.264245,0.490388,14507.966797
59,0.272766,0.488993,14757.534180
60,0.278194,0.491426,15007.091797
61,0.279103,0.494836,15256.700195
62,0.277056,0.499559,15506.215820
63,0.276000,0.511748,15755.777344
64,0.271484,0.523381,16005.336914
65,0.262680,0.526421,16254.912109
66,0.245760,0.520571,16504.482422
67,0.227061,0.522320,16754.080078
68,0.200774,0.551449,17003.613281
69,0.165443,0.564612,17253.152344
70,0.089565,0.553243,17502.738281
71,0.021750,0.538337,17752.285156
72,0.971115,0.524082,18001.861328
73,0.937013,0.518441,18251.447266
74,0.887866,0.513013,18500.984375
75,0.831940,0.505614,18750.550781
76,0.793833,0.503891,19000.105469
77,0.760518,0.495176,19266.357422
78,0.712230,0.480460,19532.519531
79,0.681952,0.480009,19765.460938
80,0.650224,0.480424,20015.017578
81,0.622225,0.478028,20264.599609
82,0.604402,0.477428,20514.126953
83,0.567038,0.474728,20763.701172
84,0.549606,0.485657,21013.273438
85,0.549090,0.524365,21262.841797
86,0.555694,0.553116,21512.394531
87,0.569341,0.562398,21761.966797
88,0.602236,0.571752,22011.542969
89,0.652655,0.583747,22261.095703
90,0.712431,0.594777,22510.642578
91,0.760062,0.602297,22760.207031
92,0.795061,0.598451,23009.792969
93,0.819767,0.620255,23259.328125
94,0.842309,0.613010,23508.912109
95,0.867962,0.594335,23758.498047
96,0.888302,0.567034,24008.074219
97,0.895424,0.542561,24257.582031
98,0.885384,0.523452,24507.189453
99,0.873570,0.518153,24756.775391
0,0.749438,0.450521,-0.045960
1,0.742216,0.456805,266.184082
2,0.707577,0.493086,515.676208
3,0.660353,0.526764,765.285095
4,0.604630,0.549571,1014.847961
5,0.549371,0.570449,1264.409302
6,0.520837,0.583948,1513.996704
7,0.511104,0.578845,1763.534668
8,0.523658,0.563970,2013.185181
9,0.569981,0.533541,2262.627930
10,0.652474,0.501744,2512.234619
11,0.771512,0.490223,2761.750000
12,0.846025,0.499203,3011.373779
13,0.882380,0.510673,3260.884033
14,0.891350,0.521257,3510.456299
15,0.891045,0.525249,3760.103027
16,0.890281,0.524833,4009.633789
17,0.889175,0.525085,4259.170410
18,0.887232,0.524334,4508.765137
19,0.883454,0.523960,4758.311523
20,0.882440,0.523241,5007.832031
21,0.880821,0.525452,5257.400391
22,0.881015,0.527979,5506.991211
23,0.880885,0.529250,5756.613281
24,0.881291,0.531707,6006.151855
25,0.881277,0.532150,6255.702637
26,0.880954,0.532980,6505.271973
27,0.880717,0.534423,6754.816895
28,0.879933,0.535996,7004.336426
29,0.879489,0.536658,7253.943848
30,0.879210,0.536820,7503.480957
31,0.881893,0.536190,7753.159668
32,0.888890,0.536629,8002.645996
33,0.902606,0.546718,8252.249023
34,0.924168,0.576034,8501.778320
35,0.948085,0.607964,8751.311523
36,0.971269,0.628870,9000.954102
37,0.002112,0.641666,9250.468750
38,0.036567,0.649283,9516.739258
39,0.067436,0.666533,9766.221680
40,0.093154,0.686891,10015.793945
41,0.110900,0.689823,10265.368164
42,0.118259,0.675821,10514.917969
43,0.107486,0.633298,10764.432617
44,0.091114,0.584577,11014.043945
45,0.081938,0.556246,11263.680664
46,0.076880,0.540967,11513.121094
47,0.070634,0.530289,11762.707031
48,0.059222,0.527310,12012.253906
49,0.017199,0.530374,12261.869141
50,0.942849,0.541776,12511.436523
51,0.881730,0.550040,12760.974609
52,0.853250,0.559359,13010.625977
53,0.814536,0.558810,13260.141602
54,0.769456,0.563875,13509.646484
55,0.735137,0.575993,13759.222656
56,0.699876,0.589406,14008.778320
57,0.644109,0.578126,14258.349609
58,0.600475,0.577727,14507.999023
59,0.552192,0.574242,14757.515625
60,0.507501,0.584339,15007.053711
61,0.493164,0.596322,15256.598633
62,0.497475,0.604639,15506.260742
63,0.499609,0.606293,15755.742188
64,0.504457,0.603903,16005.289062
65,0.502975,0.598132,16254.888672
66,0.504773,0.595540,16504.455078
67,0.507586,0.595500,16754.031250
68,0.508748,0.596485,17003.535156
69,0.510171,0.597404,17253.146484
70,0.511324,0.598713,17502.771484
71,0.511938,0.599514,17752.285156
72,0.512051,0.600737,18001.912109
73,0.499957,0.597067,18251.423828
74,0.470096,0.568465,18500.978516
75,0.459337,0.546091,18750.472656
76,0.455646,0.521973,19000.103516
77,0.447504,0.512030,19266.306641
78,0.420274,0.515849,19515.873047
79,0.395061,0.521608,19765.386719
80,0.364300,0.526907,20014.980469
81,0.328569,0.530438,20264.535156
82,0.292542,0.530338,20514.101562
83,0.261718,0.525128,20763.652344
84,0.241245,0.520091,21013.248047
85,0.237098,0.519689,21262.806641
86,0.256678,0.512918,21512.355469
87,0.303619,0.498120,21761.921875
88,0.377416,0.475075,22011.539062
89,0.456768,0.482366,22261.066406
90,0.532556,0.501716,22510.583984
91,0.597399,0.504698,22760.175781
92,0.648114,0.497096,23009.781250
93,0.687024,0.492415,23259.326172
94,0.721039,0.499089,23508.837891
95,0.772727,0.503641,23758.521484
96,0.811946,0.501874,24008.003906
97,0.846784,0.500048,24257.525391
98,0.859790,0.509766,24507.169922
99,0.856144,0.507496,24756.710938
0,0.749822,0.582786,0.020612
1,0.749869,0.583686,266.202576
2,0.749745,0.584360,515.860107
3,0.747027,0.582956,765.337280
4,0.736539,0.581222,1014.916565
5,0.717624,0.579443,1264.489624
6,0.682624,0.579330,1514.083862
7,0.639843,0.593662,1763.605591
8,0.606131,0.615490,2013.148560
9,0.578608,0.637648,2262.823975
10,0.544925,0.643975,2512.298828
11,0.512736,0.643790,2761.878662
12,0.489936,0.640078,3011.418213
13,0.487369,0.629562,3261.078369
14,0.469858,0.608341,3510.575928
15,0.436102,0.571815,3760.115967
16,0.411061,0.529912,4009.734619
17,0.392378,0.503486,4259.268066
18,0.361813,0.501636,4508.811523
19,0.338614,0.517374,4758.383789
20,0.331020,0.527067,5007.967285
21,0.316102,0.522200,5257.541016
22,0.290488,0.516824,5507.079590
23,0.260125,0.506539,5756.627930
24,0.226563,0.505949,6006.204102
25,0.189636,0.520272,6255.777344
26,0.165964,0.533024,6505.337891
27,0.156773,0.543491,6754.871094
28,0.181026,0.527066,7004.416504
29,0.237086,0.508166,7254.061523
30,0.295496,0.493058,7503.575195
31,0.365091,0.486256,7753.187012
32,0.454089,0.500242,8002.713379
33,0.530521,0.519880,8252.277344
34,0.586255,0.513591,8501.810547
35,0.639995,0.525426,8751.378906
36,0.689629,0.594804,9001.016602
37,0.734131,0.729051,9250.505859
38,0.780957,0.786128,9500.079102
39,0.829835,0.790528,9766.276367
40,0.869698,0.779397,10015.866211
41,0.915730,0.761627,10265.394531
42,0.948392,0.741699,10515.004883
43,0.968281,0.709182,10764.541992
44,0.993476,0.689076,11014.210938
45,0.023757,0.682156,11263.727539
46,0.072035,0.704576,11513.229492
47,0.124718,0.729338,11762.819336
48,0.154718,0.734753,12012.355469
49,0.192612,0.748973,12261.955078
50,0.209164,0.775441,12511.503906
51,0.176018,0.798627,12761.040039
52,0.140194,0.866246,13010.606445
53,0.164392,0.927042,13260.227539
54,0.234661,0.948166,13509.735352
55,0.282669,0.954433,13759.305664
56,0.292767,0.949163,14008.881836
57,0.351992,0.948430,14258.489258
58,0.363953,0.939388,14508.000977
59,0.379595,0.909416,14757.576172
60,0.423177,0.846433,15007.140625
61,0.437753,0.753160,15256.690430
62,0.446699,0.671604,15506.251953
63,0.462363,0.618915,15755.810547
64,0.470753,0.571229,16005.405273
65,0.479024,0.530225,16254.962891
66,0.507850,0.497015,16504.533203
67,0.549964,0.479826,16754.115234
68,0.604837,0.479550,17003.646484
69,0.641049,0.462225,17253.203125
70,0.666239,0.453423,17502.765625
71,0.688812,0.458160,17752.320312
72,0.719521,0.474015,18001.884766
73,0.757781,0.493002,18251.437500
74,0.791065,0.495750,18501.009766
75,0.824877,0.497928,18750.583984
76,0.858982,0.505353,19000.167969
77,0.893668,0.507031,19266.324219
78,0.925723,0.508193,19515.898438
79,0.956268,0.509222,19765.501953
80,0.984906,0.512663,20015.039062
81,0.006499,0.515501,20264.634766
82,0.012274,0.517532,20514.208984
83,0.998075,0.520275,20763.732422
84,0.969679,0.522099,21013.326172
85,0.927117,0.518377,21262.933594
86,0.883083,0.506185,21512.505859
87,0.850816,0.497095,21761.976562
88,0.816525,0.496217,22011.537109
89,0.782632,0.495451,22261.144531
90,0.747828,0.495992,22510.730469
91,0.714831,0.495477,22760.251953
92,0.683025,0.495977,23009.804688
93,0.654417,0.497036,23259.437500
94,0.625671,0.501016,23508.970703
95,0.597035,0.504414,23758.513672
96,0.568655,0.508077,24008.066406
97,0.543018,0.509546,24257.648438
98,0.519445,0.509449,24507.185547
99,0.501217,0.508868,24756.755859
0,0.752837,0.598164,-0.008072
1,0.751670,0.602345,266.221680
2,0.747435,0.602474,515.745239
3,0.740206,0.604115,765.362305
4,0.733049,0.605405,1014.923950
5,0.729592,0.599603,1264.460327
6,0.738896,0.563757,1514.048706
7,0.765148,0.555126,1763.654297
8,0.787934,0.562681,2013.177612
9,0.807335,0.559005,2262.700195
10,0.810553,0.553930,2512.301758
11,0.788822,0.565834,2761.824951
12,0.753903,0.646501,3011.436523
13,0.743201,0.696443,3261.010986
14,0.732010,0.712003,3510.543945
15,0.719826,0.708626,3760.131104
16,0.706305,0.706015,4009.676514
17,0.706907,0.702627,4259.293457
18,0.700563,0.667531,4508.797852
19,0.672940,0.622562,4758.385742
20,0.617963,0.588831,5007.896973
21,0.582034,0.579996,5257.478027
22,0.536154,0.577469,5507.017578
23,0.492442,0.569005,5756.586914
24,0.455066,0.545044,6006.219727
25,0.426858,0.522385,6255.769043
26,0.397441,0.504275,6505.340332
27,0.369243,0.495884,6754.868164
28,0.350484,0.485449,7004.522949
29,0.349612,0.480571,7253.970703
30,0.351026,0.479120,7503.581055
31,0.352281,0.482772,7753.201660
32,0.352446,0.499742,8002.734863
33,0.352749,0.513865,8252.294922
34,0.357044,0.517281,8501.796875
35,0.364995,0.519072,8751.412109
36,0.389628,0.515437,9000.934570
37,0.414454,0.516167,9250.529297
38,0.436336,0.512657,9500.041992
39,0.458862,0.507883,9766.254883
40,0.484881,0.503329,10015.842773
41,0.495470,0.501651,10265.397461
42,0.506761,0.500125,10514.959961
43,0.517491,0.501830,10764.534180
44,0.538500,0.501269,11014.087891
45,0.562452,0.497767,11263.632812
46,0.579820,0.495023,11513.190430
47,0.595345,0.492277,11762.768555
48,0.613408,0.489231,12012.327148
49,0.634634,0.488088,12261.894531
50,0.659507,0.490752,12511.490234
51,0.705778,0.495523,12761.017578
52,0.755918,0.496254,13010.606445
53,0.792721,0.497098,13260.166016
54,0.833258,0.491389,13509.717773
55,0.894715,0.487680,13759.270508
56,0.968246,0.495047,14008.859375
57,0.001923,0.511950,14258.407227
58,0.048538,0.534302,14507.967773
59,0.074326,0.587448,14757.540039
60,0.083988,0.611727,15007.111328
61,0.073538,0.606560,15256.705078
62,0.977661,0.551640,15506.233398
63,0.883117,0.498528,15755.812500
64,0.860261,0.483749,16005.354492
65,0.862033,0.486553,16254.924805
66,0.873513,0.493623,16504.478516
67,0.870905,0.496877,16754.058594
68,0.849751,0.498676,17003.593750
69,0.842489,0.500230,17253.181641
70,0.834559,0.503630,17502.730469
71,0.817957,0.509427,17752.308594
72,0.798329,0.514406,18001.894531
73,0.744317,0.573519,18251.439453
74,0.700904,0.590348,18501.015625
75,0.670838,0.585372,18750.546875
76,0.640825,0.577725,19000.152344
77,0.609774,0.576945,19266.359375
78,0.593171,0.581244,19515.914062
79,0.585390,0.586152,19765.476562
80,0.582028,0.588670,20015.041016
81,0.579790,0.591192,20264.568359
82,0.579458,0.592743,20514.156250
83,0.583023,0.598344,20763.699219
84,0.587136,0.603907,21013.287109
85,0.590861,0.605221,21262.847656
86,0.593352,0.606199,21512.392578
87,0.594268,0.606288,21762.000000
88,0.594862,0.607336,22011.541016
89,0.595087,0.608204,22261.097656
90,0.595046,0.609188,22510.640625
91,0.594821,0.610436,22760.240234
92,0.594818,0.611231,23009.777344
93,0.595491,0.612776,23259.333984
94,0.608153,0.609760,23508.931641
95,0.649032,0.597272,23758.480469
96,0.676028,0.594221,24008.035156
97,0.679930,0.594116,24257.597656
98,0.677929,0.594013,24507.173828
99,0.678186,0.594175,24756.718750
0,0.750712,0.406573,0.021126
1,0.745620,0.421725,266.306580
2,0.727620,0.463223,515.757690
3,0.719687,0.530104,765.409058
4,0.721103,0.548568,1014.889526
5,0.755803,0.577507,1264.522949
6,0.802690,0.609137,1514.036255
7,0.808109,0.635430,1763.644531
8,0.809751,0.642883,2013.193604
9,0.809423,0.648322,2262.707275
10,0.810440,0.654809,2512.325684
11,0.811840,0.654271,2761.864258
12,0.831477,0.615775,3011.511230
13,0.838082,0.582603,3260.993896
14,0.838447,0.529952,3510.592773
15,0.842388,0.478500,3760.144775
16,0.859424,0.429781,4009.684570
17,0.886913,0.418958,4259.259766
18,0.917741,0.445488,4508.780273
19,0.930877,0.469172,4758.413574
20,0.933954,0.476033,5007.936035
21,0.930093,0.474818,5257.538086
22,0.919757,0.469781,5507.059570
23,0.899252,0.451061,5756.605957
24,0.872207,0.416030,6006.286133
25,0.847166,0.415625,6255.793457
26,0.823465,0.416135,6505.405273
27,0.780656,0.399263,6754.917969
28,0.731366,0.409314,7004.469727
29,0.716022,0.429824,7253.994141
30,0.708083,0.440389,7503.572754
31,0.688756,0.442457,7753.144043
32,0.662305,0.443971,8002.714844
33,0.645907,0.441269,8252.356445
34,0.631604,0.444540,8501.795898
35,0.618167,0.449639,8751.478516
36,0.616908,0.446933,9000.959961
37,0.607744,0.452838,9250.516602
38,0.595154,0.462777,9500.049805
39,0.583264,0.467376,9766.376953
40,0.571060,0.465194,10015.965820
41,0.550773,0.460940,10265.475586
42,0.517520,0.463300,10514.966797
43,0.492171,0.462373,10764.540039
44,0.473327,0.463165,11014.072266
45,0.464801,0.479752,11263.634766
46,0.465419,0.505577,11513.253906
47,0.473774,0.533741,11762.832031
48,0.486175,0.539932,12012.417969
49,0.472336,0.516489,12261.902344
50,0.449649,0.446086,12511.537109
51,0.438589,0.422795,12761.105469
52,0.425234,0.418335,13010.597656
53,0.407443,0.426506,13260.230469
54,0.392534,0.445566,13509.794922
55,0.381817,0.460281,13759.366211
56,0.367013,0.461882,14008.861328
57,0.360184,0.459910,14258.526367
58,0.365702,0.456134,14508.034180
59,0.373005,0.450563,14757.555664
60,0.376585,0.453313,15007.154297
61,0.354617,0.462239,15256.757812
62,0.314288,0.484139,15506.301758
63,0.289222,0.483669,15755.813477
64,0.277216,0.470710,16005.389648
65,0.279969,0.461080,16254.954102
66,0.290343,0.456535,16504.523438
67,0.301620,0.459279,16754.091797
68,0.322539,0.459936,17003.662109
69,0.352327,0.458527,17253.208984
70,0.380488,0.464418,17502.748047
71,0.406689,0.506038,17752.355469
72,0.453971,0.560631,18001.953125
73,0.508680,0.581094,18251.441406
74,0.558439,0.595936,18501.033203
75,0.579291,0.583200,18750.558594
76,0.590665,0.559537,19000.167969
77,0.605924,0.536536,19266.367188
78,0.624722,0.517321,19515.910156
79,0.644652,0.498761,19765.474609
80,0.665906,0.487483,20015.064453
81,0.683089,0.484015,20264.583984
82,0.687676,0.484423,20514.156250
83,0.692766,0.486624,20763.716797
84,0.701873,0.474759,21013.310547
85,0.711619,0.475105,21262.849609
86,0.725809,0.477687,21512.408203
87,0.743616,0.479458,21762.000000
88,0.783823,0.475385,22011.537109
89,0.821191,0.466132,22261.113281
90,0.857671,0.447412,22510.646484
91,0.889270,0.436573,22760.251953
92,0.916116,0.445532,23009.796875
93,0.944593,0.450588,23259.359375
94,0.976718,0.452975,23508.908203
95,0.007391,0.443848,23758.529297
96,0.028613,0.442266,24008.060547
97,0.047457,0.456184,24257.611328
98,0.063774,0.467698,24507.210938
99,0.081870,0.476706,24756.734375
0,0.746052,0.513213,0.031152
1,0.746025,0.509708,266.278503
2,0.746354,0.509214,515.953613
3,0.750076,0.512863,765.380981
4,0.771215,0.504717,1014.922668
5,0.797922,0.497305,1264.548828
6,0.827160,0.487111,1514.057983
7,0.847657,0.471212,1763.712646
8,0.857522,0.464068,2013.335327
9,0.860559,0.455395,2262.820068
10,0.854625,0.459165,2512.302246
11,0.840819,0.456797,2761.906738
12,0.828071,0.459402,3011.491211
13,0.820229,0.465568,3261.019775
14,0.827415,0.469544,3510.687500
15,0.845513,0.467081,3760.135986
16,0.865048,0.470399,4009.805420
17,0.886516,0.473349,4259.269531
18,0.910882,0.474473,4508.875977
19,0.935814,0.474155,4758.412598
20,0.953427,0.467979,5007.955078
21,0.968249,0.472603,5257.651367
22,0.979777,0.475887,5507.161133
23,0.987516,0.483168,5756.680176
24,0.004028,0.484011,6006.212891
25,0.024709,0.482044,6255.881348
26,0.044528,0.477963,6505.365234
27,0.063185,0.474856,6754.915527
28,0.071453,0.469271,7004.479004
29,0.074661,0.467526,7254.116699
30,0.083573,0.461668,7503.642090
31,0.099389,0.452051,7753.197754
32,0.129369,0.444577,8002.770996
33,0.163069,0.439600,8252.279297
34,0.176320,0.441250,8501.882812
35,0.180389,0.445639,8751.400391
36,0.182596,0.455132,9000.994141
37,0.193174,0.453459,9250.531250
38,0.205882,0.450296,9500.120117
39,0.220225,0.453160,9766.302734
40,0.244750,0.453287,10015.940430
41,0.285196,0.450786,10265.422852
42,0.328302,0.454275,10515.047852
43,0.362229,0.471612,10764.558594
44,0.371191,0.484506,11014.188477
45,0.365976,0.483598,11263.707031
46,0.360988,0.478993,11513.270508
47,0.350254,0.478659,11762.885742
48,0.305060,0.480677,12012.432617
49,0.232037,0.484957,12261.931641
50,0.152473,0.498525,12511.509766
51,0.054338,0.495822,12761.118164
52,0.943952,0.493278,13010.746094
53,0.846640,0.503213,13260.200195
54,0.785991,0.520156,13509.822266
55,0.756175,0.552250,13759.430664
56,0.741722,0.595563,14008.924805
57,0.717310,0.652583,14258.506836
58,0.688926,0.684779,14508.050781
59,0.651116,0.704459,14757.572266
60,0.611832,0.704158,15007.145508
61,0.577316,0.697859,15256.740234
62,0.554785,0.694927,15506.326172
63,0.538526,0.682130,15755.864258
64,0.527172,0.660442,16005.453125
65,0.517279,0.625396,16255.092773
66,0.510086,0.587470,16504.554688
67,0.503597,0.554755,16754.152344
68,0.493907,0.517525,17003.695312
69,0.492874,0.500007,17253.292969
70,0.489870,0.493253,17502.818359
71,0.492882,0.493006,17752.351562
72,0.496802,0.491313,18002.003906
73,0.501234,0.491531,18251.517578
74,0.511100,0.491388,18501.052734
75,0.526461,0.488280,18750.708984
76,0.538484,0.491295,19000.214844
77,0.553792,0.500809,19266.447266
78,0.569175,0.505336,19515.998047
79,0.585168,0.504328,19765.490234
80,0.603877,0.506264,20015.160156
81,0.630290,0.514573,20264.654297
82,0.664515,0.521595,20514.197266
83,0.700027,0.526630,20763.761719
84,0.734224,0.521785,21013.378906
85,0.767332,0.505839,21262.906250
86,0.795344,0.502572,21512.435547
87,0.806541,0.508004,21762.003906
88,0.808387,0.511798,22011.599609
89,0.806497,0.513880,22261.187500
90,0.802559,0.517796,22510.703125
91,0.799870,0.521950,22760.306641
92,0.798594,0.526799,23009.847656
93,0.798715,0.533941,23259.396484
94,0.798553,0.538085,23508.962891
95,0.797127,0.539443,23758.550781
96,0.795446,0.540296,24008.082031
97,0.793986,0.541295,24257.658203
98,0.792501,0.542298,24507.222656
99,0.791567,0.543079,24756.779297
0,0.748395,0.631696,-0.001974
1,0.753221,0.631326,266.263550
2,0.764812,0.608696,515.811157
3,0.748227,0.580766,765.386292
4,0.768260,0.553104,1014.942932
5,0.867336,0.531418,1264.509277
6,0.923373,0.522164,1514.036621
7,0.953803,0.512910,1763.648682
8,0.966974,0.515385,2013.154663
9,0.982407,0.512719,2262.769287
10,0.999034,0.501457,2512.312500
11,0.995827,0.511348,2761.944092
12,0.990586,0.514120,3011.502197
13,0.984952,0.513848,3261.011963
14,0.940144,0.509761,3510.649902
15,0.902812,0.506540,3760.140869
16,0.889968,0.510980,4009.709717
17,0.879347,0.512596,4259.288574
18,0.872161,0.514777,4508.911621
19,0.863270,0.514782,4758.404785
20,0.855680,0.513529,5007.916992
21,0.848566,0.513104,5257.593750
22,0.835424,0.516918,5507.140137
23,0.811623,0.510271,5756.637695
24,0.778758,0.504912,6006.216797
25,0.755785,0.501038,6255.802246
26,0.738625,0.490869,6505.358887
27,0.729840,0.480819,6754.890137
28,0.718556,0.480602,7004.486328
29,0.686686,0.479634,7254.008301
30,0.641705,0.481258,7503.621094
31,0.594473,0.484407,7753.130371
32,0.545693,0.487080,8002.726074
33,0.502031,0.504485,8252.328125
34,0.490827,0.527709,8501.841797
35,0.483070,0.542837,8751.416016
36,0.480277,0.547399,9001.051758
37,0.458514,0.546291,9250.542969
38,0.444047,0.532889,9500.148438
39,0.427110,0.531193,9766.336914
40,0.410137,0.530819,10015.916992
41,0.389766,0.532630,10265.398438
42,0.368441,0.524850,10514.957031
43,0.364367,0.524230,10764.639648
44,0.383496,0.525616,11014.134766
45,0.401057,0.526351,11280.291992
46,0.416361,0.528073,11513.236328
47,0.434035,0.529886,11762.857422
48,0.447970,0.538208,12012.388672
49,0.467226,0.543009,12261.917969
50,0.487815,0.549003,12511.519531
51,0.506236,0.551129,12761.059570
52,0.528873,0.552816,13010.658203
53,0.555712,0.552647,13260.225586
54,0.587236,0.547565,13509.795898
55,0.614330,0.548944,13759.343750
56,0.639261,0.551100,14008.858398
57,0.662446,0.551732,14258.500000
58,0.688927,0.552616,14508.056641
59,0.713962,0.550861,14757.597656
60,0.754751,0.549309,15007.166016
61,0.791491,0.568447,15256.683594
62,0.819846,0.582165,15506.267578
63,0.848789,0.588280,15755.828125
64,0.881737,0.567576,16005.405273
65,0.919611,0.547777,16255.042969
66,0.957157,0.533150,16504.531250
67,0.010779,0.517773,16754.103516
68,0.095489,0.488679,17003.720703
69,0.139146,0.515261,17253.181641
70,0.152352,0.554998,17502.748047
71,0.156036,0.544377,17752.408203
72,0.162717,0.531819,18001.912109
73,0.181497,0.532995,18251.517578
74,0.206834,0.550018,18501.007812
75,0.232867,0.547055,18750.650391
76,0.243722,0.525389,19000.150391
77,0.222530,0.496452,19266.392578
78,0.188861,0.485932,19515.898438
79,0.133932,0.486525,19765.585938
80,0.052733,0.493586,20015.037109
81,0.981315,0.513403,20264.648438
82,0.936285,0.530314,20514.173828
83,0.904698,0.542908,20763.812500
84,0.900555,0.543591,21013.328125
85,0.903114,0.544072,21262.871094
86,0.912285,0.547895,21512.513672
87,0.921342,0.551651,21761.986328
88,0.925689,0.556388,22011.591797
89,0.932172,0.564100,22261.095703
90,0.933688,0.569188,22510.750000
91,0.933624,0.570670,22760.238281
92,0.933112,0.570354,23009.851562
93,0.933272,0.570401,23259.400391
94,0.934961,0.568913,23508.992188
95,0.969511,0.554402,23758.570312
96,0.014352,0.545389,24008.060547
97,0.014825,0.544343,24257.730469
98,0.002918,0.543915,24507.193359
99,0.988299,0.544380,24756.792969
0,0.749593,0.519510,-0.001054
1,0.749295,0.521046,266.269745
2,0.753907,0.537711,515.804443
3,0.761308,0.556464,765.380737
4,0.774793,0.568961,1014.920715
5,0.803579,0.565454,1264.481201
6,0.838170,0.560383,1514.025513
7,0.876195,0.554227,1763.680420
8,0.904058,0.550031,2013.163452
9,0.905705,0.552637,2262.734619
10,0.902959,0.563757,2512.316162
11,0.902369,0.573052,2761.834717
12,0.902582,0.576266,3011.518311
13,0.902055,0.575474,3260.973877
14,0.901878,0.575284,3510.635254
15,0.902540,0.576180,3760.093994
16,0.903248,0.577149,4009.752686
17,0.905790,0.578809,4259.258789
18,0.922388,0.580773,4508.813965
19,0.957038,0.578951,4758.367676
20,0.994367,0.574443,5008.015137
21,0.023894,0.570952,5257.532227
22,0.053283,0.568194,5507.057617
23,0.085404,0.569605,5756.709473
24,0.103077,0.567049,6006.176270
25,0.100993,0.541456,6255.731445
26,0.081540,0.480432,6505.328613
27,0.058741,0.417337,6754.884277
28,0.027949,0.373378,7004.461914
29,0.987613,0.353952,7254.016113
30,0.927937,0.360347,7503.615234
31,0.861543,0.374698,7753.151367
32,0.789646,0.404649,8002.729492
33,0.717838,0.427409,8252.255859
34,0.629893,0.449523,8501.864258
35,0.585898,0.463108,8751.375000
36,0.576255,0.478226,9000.966797
37,0.574807,0.501628,9250.533203
38,0.577862,0.518465,9500.106445
39,0.578126,0.524195,9766.274414
40,0.580705,0.528516,10015.839844
41,0.587165,0.532452,10265.393555
42,0.588275,0.538947,10515.034180
43,0.589188,0.572672,10764.560547
44,0.591245,0.594161,11014.109375
45,0.593702,0.600174,11263.662109
46,0.594247,0.601910,11513.255859
47,0.594223,0.602525,11762.788086
48,0.594404,0.603028,12012.340820
49,0.594537,0.602927,12261.936523
50,0.594197,0.602290,12511.483398
51,0.588870,0.600069,12761.061523
52,0.562241,0.592928,13010.642578
53,0.523422,0.578649,13260.197266
54,0.490843,0.568308,13509.815430
55,0.470338,0.560607,13759.318359
56,0.460948,0.556834,14008.859375
57,0.457759,0.556519,14258.426758
58,0.458839,0.557338,14507.993164
59,0.456761,0.555914,14757.644531
60,0.456148,0.556294,15007.158203
61,0.456138,0.558970,15256.689453
62,0.456490,0.563447,15506.234375
63,0.467393,0.582673,15755.810547
64,0.477782,0.592888,16005.412109
65,0.493371,0.596505,16254.935547
66,0.470406,0.573346,16504.597656
67,0.422710,0.561898,16754.087891
68,0.383192,0.565634,17003.640625
69,0.354253,0.565605,17253.205078
70,0.331448,0.563141,17502.748047
71,0.314180,0.564801,17752.333984
72,0.312528,0.568510,18001.880859
73,0.300816,0.601212,18251.447266
74,0.292023,0.653238,18501.056641
75,0.340777,0.686418,18750.623047
76,0.425734,0.705537,19000.154297
77,0.498581,0.699534,19266.367188
78,0.552055,0.677006,19515.927734
79,0.593182,0.664597,19765.494141
80,0.623023,0.652740,20015.048828
81,0.651826,0.643040,20264.601562
82,0.672897,0.623289,20514.238281
83,0.692829,0.610096,20763.765625
84,0.719693,0.603341,21013.300781
85,0.727888,0.582266,21262.843750
86,0.744461,0.554952,21512.410156
87,0.760141,0.537887,21761.976562
88,0.751629,0.598858,22011.554688
89,0.730131,0.664464,22261.095703
90,0.713795,0.697465,22510.673828
91,0.707800,0.726012,22760.234375
92,0.699668,0.739224,23009.833984
93,0.691222,0.739303,23259.359375
94,0.687056,0.737256,23508.937500
95,0.683716,0.712907,23758.580078
96,0.674473,0.668028,24008.046875
97,0.670603,0.618539,24257.648438
98,0.679282,0.578675,24507.210938
99,0.700408,0.545686,24756.859375
0,0.750088,0.511597,-0.002885
1,0.750978,0.512974,266.276428
2,0.742811,0.540323,515.777649
3,0.714960,0.626912,765.348694
4,0.678150,0.650058,1014.878113
5,0.638505,0.640066,1264.442383
6,0.605559,0.619459,1513.992920
7,0.579542,0.590043,1763.594116
8,0.568063,0.582292,2013.230835
9,0.557540,0.575052,2262.745605
10,0.547247,0.572618,2512.298828
11,0.533320,0.567912,2761.833252
12,0.522859,0.556293,3011.372314
13,0.515827,0.544204,3260.957520
14,0.506142,0.540217,3510.515381
15,0.489616,0.537319,3760.118652
16,0.472632,0.534090,4009.715576
17,0.458695,0.531956,4259.260742
18,0.450235,0.532844,4508.791016
19,0.442991,0.537946,4758.342285
20,0.446465,0.541241,5007.948242
21,0.465838,0.548246,5257.500488
22,0.491917,0.547017,5507.055664
23,0.519731,0.544753,5756.652832
24,0.547187,0.547002,6006.185547
25,0.582024,0.586680,6255.712891
26,0.622349,0.636026,6505.324707
27,0.651800,0.637904,6754.837402
28,0.672915,0.623820,7004.471191
29,0.686356,0.604422,7254.017578
30,0.693788,0.584323,7503.579590
31,0.706272,0.560796,7753.123047
32,0.714785,0.554355,8002.662109
33,0.723834,0.553112,8252.275391
34,0.738329,0.556719,8501.857422
35,0.764181,0.565790,8751.376953
36,0.794171,0.573461,9000.959961
37,0.821182,0.570289,9250.564453
38,0.834333,0.564876,9500.078125
39,0.846741,0.561266,9766.293945
40,0.860737,0.559543,10015.804688
41,0.870905,0.557130,10265.407227
42,0.878040,0.554447,10514.998047
43,0.884569,0.560933,10764.541992
44,0.893749,0.572294,11014.097656
45,0.906362,0.574798,11263.664062
46,0.922775,0.572313,11513.233398
47,0.934264,0.567464,11762.768555
48,0.939654,0.557722,12012.339844
49,0.947968,0.549538,12261.877930
50,0.948312,0.545126,12511.479492
51,0.954648,0.543189,12761.035156
52,0.965948,0.533979,13010.633789
53,0.974047,0.515732,13260.196289
54,0.980211,0.464114,13509.724609
55,0.986984,0.420034,13759.273438
56,0.997485,0.401259,14008.888672
57,0.009202,0.399467,14258.432617
58,0.019563,0.403834,14507.956055
59,0.028100,0.434629,14757.539062
60,0.037917,0.463326,15007.105469
61,0.043167,0.481969,15256.649414
62,0.044828,0.497696,15506.311523
63,0.043445,0.509511,15755.833984
64,0.033558,0.520376,16005.397461
65,0.031072,0.528218,16254.919922
66,0.042233,0.541639,16504.574219
67,0.057983,0.543227,16754.054688
68,0.065799,0.542233,17003.607422
69,0.072928,0.542874,17253.228516
70,0.082369,0.538565,17502.826172
71,0.089160,0.537838,17752.298828
72,0.094706,0.534915,18001.855469
73,0.100471,0.532714,18251.470703
74,0.114057,0.530963,18501.082031
75,0.130281,0.524789,18750.568359
76,0.141671,0.523967,19000.177734
77,0.154103,0.518490,19266.308594
78,0.162319,0.516352,19515.939453
79,0.164328,0.521321,19765.511719
80,0.168398,0.519255,20015.046875
81,0.170721,0.515615,20264.691406
82,0.172089,0.516034,20514.214844
83,0.171354,0.513019,20763.765625
84,0.172801,0.522745,21013.285156
85,0.183703,0.569268,21262.882812
86,0.189678,0.609221,21512.398438
87,0.193223,0.636938,21762.011719
88,0.200428,0.684711,22011.513672
89,0.215924,0.746788,22261.134766
90,0.236307,0.799050,22510.664062
91,0.256924,0.829084,22760.224609
92,0.270060,0.831970,23009.781250
93,0.282861,0.830730,23259.357422
94,0.295112,0.825749,23508.921875
95,0.302290,0.818711,23758.488281
96,0.305005,0.814312,24008.029297
97,0.309163,0.817061,24257.605469
98,0.309582,0.811922,24507.197266
99,0.311929,0.807800,24756.730469
0,0.752894,0.598283,0.026756
1,0.746736,0.585467,266.310181
2,0.701546,0.563021,515.767700
3,0.643082,0.538698,765.379211
4,0.606568,0.530934,1014.927979
5,0.589719,0.538517,1264.441284
6,0.575429,0.548485,1514.135498
7,0.578515,0.554919,1763.659302
8,0.629629,0.595697,2013.228271
9,0.727998,0.678645,2262.746582
10,0.793755,0.713987,2512.351807
11,0.803235,0.715144,2761.871094
12,0.810543,0.717439,3011.388916
13,0.817465,0.726624,3260.991943
14,0.822524,0.697856,3510.532715
15,0.829682,0.615437,3760.077393
16,0.826572,0.555137,4009.682373
17,0.824116,0.536108,4259.264160
18,0.826649,0.533905,4508.822754
19,0.829247,0.537345,4758.336914
20,0.831545,0.537327,5007.958984
21,0.831400,0.540029,5257.526367
22,0.831305,0.543318,5507.084473
23,0.830717,0.546832,5756.627930
24,0.822181,0.547951,6006.211914
25,0.801645,0.544304,6255.715820
26,0.782433,0.541430,6505.300293
27,0.763276,0.535297,6754.895508
28,0.726603,0.525856,7004.510254
29,0.701869,0.511677,7254.070312
30,0.701304,0.510621,7503.626465
31,0.704643,0.512092,7753.200195
32,0.711974,0.512788,8002.671387
33,0.722367,0.516354,8252.227539
34,0.731497,0.521835,8501.805664
35,0.745539,0.526339,8751.399414
36,0.818640,0.545858,9000.970703
37,0.894052,0.548652,9250.520508
38,0.923697,0.544975,9500.149414
39,0.951554,0.540287,9766.334961
40,0.964510,0.539381,10032.510742
41,0.957598,0.543877,10265.390625
42,0.927617,0.541619,10514.992188
43,0.918334,0.533011,10764.573242
44,0.937403,0.530763,11014.094727
45,0.979402,0.533325,11263.662109
46,0.037423,0.539586,11513.251953
47,0.060889,0.540647,11762.805664
48,0.072467,0.539974,12012.361328
49,0.086727,0.539481,12261.917969
50,0.110442,0.546330,12511.546875
51,0.143438,0.550891,12761.052734
52,0.174519,0.560366,13010.619141
53,0.185714,0.575769,13260.144531
54,0.197506,0.599124,13509.750977
55,0.218367,0.606120,13759.297852
56,0.260402,0.579279,14008.927734
57,0.295203,0.554481,14258.448242
58,0.322183,0.541957,14508.046875
59,0.351192,0.530146,14757.563477
60,0.383164,0.532533,15007.134766
61,0.410365,0.538221,15256.708008
62,0.425338,0.542889,15506.217773
63,0.431616,0.542239,15755.826172
64,0.434094,0.541012,16005.441406
65,0.434939,0.543028,16254.966797
66,0.434769,0.544967,16504.482422
67,0.434508,0.546933,16754.076172
68,0.433999,0.548445,17003.626953
69,0.433526,0.549066,17253.166016
70,0.433136,0.550102,17502.818359
71,0.432746,0.552327,17752.330078
72,0.432321,0.553449,18001.906250
73,0.431732,0.554120,18251.476562
74,0.431654,0.554951,18501.027344
75,0.431626,0.555007,18750.599609
76,0.431541,0.555049,19000.125000
77,0.431456,0.555562,19266.326172
78,0.431419,0.556399,19515.917969
79,0.431042,0.556534,19765.500000
80,0.430527,0.556176,20015.011719
81,0.429944,0.555614,20264.587891
82,0.429478,0.555638,20514.226562
83,0.428958,0.554811,20763.773438
84,0.427034,0.551918,21013.289062
85,0.415031,0.554043,21262.853516
86,0.383785,0.552452,21512.443359
87,0.363751,0.544069,21761.994141
88,0.348684,0.540592,22011.535156
89,0.337353,0.540204,22261.082031
90,0.286307,0.541197,22510.666016
91,0.216823,0.539778,22760.287109
92,0.189948,0.542270,23009.830078
93,0.180435,0.550407,23259.419922
94,0.179038,0.569482,23508.949219
95,0.178568,0.586999,23758.474609
96,0.175363,0.594437,24008.136719
97,0.172565,0.597882,24257.677734
98,0.168385,0.598829,24507.212891
99,0.163689,0.597411,24756.761719
0,0.750448,0.535849,0.010087
1,0.751036,0.536723,266.194672
2,0.753998,0.535338,515.741089
3,0.764675,0.519965,765.390137
4,0.768777,0.492836,1014.888428
5,0.764577,0.466165,1264.530151
6,0.764787,0.457400,1514.024658
7,0.759070,0.460468,1763.587769
8,0.752875,0.467721,2013.179932
9,0.749178,0.469923,2262.736084
10,0.743819,0.468911,2512.326172
11,0.731706,0.466883,2761.805908
12,0.713078,0.464337,3011.493652
13,0.692557,0.459618,3260.966797
14,0.673324,0.452308,3510.529785
15,0.655488,0.439570,3760.119141
16,0.645221,0.435724,4009.697998
17,0.637062,0.435266,4259.241211
18,0.629668,0.438797,4508.756348
19,0.616558,0.451706,4758.357422
20,0.603510,0.466974,5007.880859
21,0.588706,0.481169,5257.477539
22,0.557209,0.486649,5507.155762
23,0.527587,0.486811,5756.691406
24,0.506453,0.484196,6006.186035
25,0.488957,0.482347,6255.750977
26,0.476373,0.477620,6505.332031
27,0.462081,0.476251,6754.898438
28,0.447267,0.474736,7004.424805
29,0.435516,0.472741,7253.964355
30,0.422666,0.472919,7503.590332
31,0.409920,0.473465,7753.079102
32,0.396315,0.474840,8002.691406
33,0.389995,0.478643,8252.286133
34,0.376161,0.479635,8501.917969
35,0.355210,0.478597,8751.380859
36,0.340206,0.476870,9001.000977
37,0.328813,0.476949,9250.609375
38,0.317683,0.477345,9500.028320
39,0.307205,0.478822,9766.249023
40,0.302920,0.480656,10015.816406
41,0.288825,0.481106,10265.425781
42,0.266535,0.485271,10514.958008
43,0.246311,0.490143,10764.507812
44,0.229006,0.492434,11014.092773
45,0.212556,0.492564,11263.749023
46,0.196626,0.498305,11513.191406
47,0.179265,0.531619,11762.744141
48,0.223983,0.579796,12012.341797
49,0.302036,0.667098,12261.923828
50,0.358224,0.742474,12511.527344
51,0.420343,0.773720,12761.045898
52,0.467816,0.758995,13010.626953
53,0.487032,0.730664,13260.154297
54,0.496736,0.682905,13509.684570
55,0.512029,0.632868,13759.282227
56,0.528104,0.594400,14008.827148
57,0.537111,0.560422,14258.420898
58,0.537678,0.527545,14507.987305
59,0.545882,0.507197,14757.583008
60,0.565314,0.506977,15007.084961
61,0.587485,0.513426,15256.632812
62,0.606145,0.517909,15506.288086
63,0.625804,0.531269,15755.838867
64,0.644442,0.556710,16005.354492
65,0.674052,0.581340,16254.937500
66,0.705724,0.578687,16504.460938
67,0.736622,0.560019,16754.062500
68,0.763494,0.545612,17003.583984
69,0.787326,0.538166,17253.197266
70,0.803099,0.529761,17502.734375
71,0.805955,0.502327,17752.390625
72,0.813803,0.486064,18001.845703
73,0.813063,0.482567,18251.427734
74,0.797645,0.496710,18501.001953
75,0.739487,0.522268,18750.535156
76,0.631673,0.504458,19000.195312
77,0.553271,0.512638,19266.406250
78,0.508057,0.521316,19515.925781
79,0.500882,0.524235,19765.515625
80,0.500558,0.532628,20015.007812
81,0.501374,0.538958,20264.550781
82,0.505144,0.538860,20514.181641
83,0.510023,0.537671,20763.689453
84,0.544942,0.523595,21013.316406
85,0.577801,0.523404,21262.937500
86,0.585799,0.539548,21512.468750
87,0.592805,0.519644,21761.941406
88,0.591136,0.511380,22011.597656
89,0.588736,0.507146,22261.125000
90,0.586988,0.498813,22510.628906
91,0.578862,0.501831,22760.285156
92,0.575129,0.511135,23009.796875
93,0.581891,0.518543,23259.376953
94,0.589225,0.525591,23508.916016
95,0.584629,0.527075,23758.562500
96,0.553486,0.519992,24008.064453
97,0.538585,0.523014,24257.615234
98,0.537194,0.527168,24507.191406
99,0.528125,0.534401,24756.759766
0,0.753271,0.545042,-0.005009
1,0.756558,0.543213,266.220337
2,0.762218,0.547858,515.783447
3,0.789414,0.564977,765.392944
4,0.816280,0.567820,1014.896790
5,0.834261,0.565617,1264.482788
6,0.848894,0.563754,1514.006592
7,0.856838,0.560644,1763.638916
8,0.858761,0.563945,2013.139282
9,0.862535,0.549788,2262.708252
10,0.863598,0.544575,2512.309814
11,0.848010,0.546552,2761.873535
12,0.815836,0.555378,3011.396973
13,0.762251,0.590673,3261.043213
14,0.695753,0.631371,3510.633057
15,0.638723,0.641832,3760.124023
16,0.572745,0.627688,4009.680908
17,0.517288,0.610646,4259.204102
18,0.513345,0.597272,4508.821289
19,0.515012,0.584432,4774.988281
20,0.502407,0.534948,5007.947266
21,0.480812,0.500079,5257.601074
22,0.475621,0.483222,5507.074707
23,0.503913,0.480913,5756.620605
24,0.545909,0.487773,6006.225586
25,0.577325,0.488139,6255.777832
26,0.606087,0.488839,6505.284180
27,0.638698,0.486953,6754.865723
28,0.675133,0.481446,7004.437988
29,0.710851,0.474205,7254.003418
30,0.756077,0.471613,7503.546875
31,0.805534,0.464524,7753.117676
32,0.852552,0.460857,8002.678223
33,0.892065,0.461965,8252.296875
34,0.930340,0.488381,8501.851562
35,0.960850,0.503433,8751.375000
36,0.990776,0.503509,9000.934570
37,0.018934,0.508458,9250.523438
38,0.052507,0.511771,9500.104492
39,0.099714,0.522957,9766.252930
40,0.138919,0.523121,10015.906250
41,0.176311,0.526944,10265.370117
42,0.211052,0.531875,10514.966797
43,0.240503,0.542135,10764.519531
44,0.276951,0.547396,11014.094727
45,0.321817,0.550726,11263.630859
46,0.361048,0.553625,11513.293945
47,0.391923,0.561618,11762.812500
48,0.412497,0.568289,12012.375000
49,0.422888,0.553150,12261.931641
50,0.425251,0.478315,12511.490234
51,0.423996,0.416337,12761.072266
52,0.424604,0.389363,13010.601562
53,0.411497,0.376267,13260.195312
54,0.383700,0.364678,13509.719727
55,0.349148,0.357124,13775.965820
56,0.325473,0.368166,14008.839844
57,0.297064,0.379643,14258.457031
58,0.268549,0.380461,14508.041016
59,0.241849,0.383373,14757.531250
60,0.213843,0.389190,15007.124023
61,0.186653,0.397251,15256.723633
62,0.160203,0.407729,15506.292969
63,0.135366,0.412728,15755.791016
64,0.108815,0.415835,16005.341797
65,0.067632,0.418019,16255.002930
66,0.012266,0.414274,16504.470703
67,0.961552,0.417556,16754.080078
68,0.923817,0.439060,17003.617188
69,0.899016,0.472340,17253.189453
70,0.873542,0.492913,17502.732422
71,0.857424,0.528269,17752.384766
72,0.846026,0.554490,18001.855469
73,0.832055,0.579333,18251.433594
74,0.823024,0.588514,18501.083984
75,0.835289,0.634826,18750.609375
76,0.860811,0.699810,19000.134766
77,0.876326,0.798167,19266.406250
78,0.877065,0.867803,19515.876953
79,0.861049,0.891763,19765.505859
80,0.852464,0.887185,20015.005859
81,0.850207,0.864932,20264.580078
82,0.847271,0.841258,20514.123047
83,0.850875,0.833780,20763.796875
84,0.837033,0.818293,21013.283203
85,0.831087,0.812393,21262.824219
86,0.870210,0.835576,21512.453125
87,0.877692,0.836101,21761.976562
88,0.881553,0.836020,22011.513672
89,0.881334,0.835705,22261.072266
90,0.881253,0.835126,22510.720703
91,0.880663,0.835838,22760.228516
92,0.880001,0.835362,23009.781250
93,0.880604,0.831467,23259.380859
94,0.884163,0.817646,23509.009766
95,0.890721,0.804642,23758.468750
96,0.893708,0.765346,24008.023438
97,0.897019,0.735035,24257.644531
98,0.899394,0.738494,24507.164062
99,0.899740,0.753262,24756.761719
0,0.750213,0.528643,-0.028052
1,0.750592,0.529381,266.143921
2,0.751135,0.530044,515.788879
3,0.751457,0.530658,765.299194
4,0.751694,0.531283,1014.908081
5,0.751590,0.531812,1264.437744
6,0.751655,0.532317,1514.013184
7,0.752882,0.532021,1763.634644
8,0.759184,0.530431,2013.115967
9,0.767628,0.526784,2262.736816
10,0.775095,0.527153,2512.221191
11,0.784310,0.527083,2761.900146
12,0.794858,0.527001,3011.362305
13,0.806420,0.526497,3260.979980
14,0.818446,0.526397,3510.597412
15,0.830471,0.526242,3760.137207
16,0.842776,0.525804,4009.668213
17,0.854671,0.525393,4259.172852
18,0.864512,0.524968,4508.861816
19,0.872662,0.524305,4758.297852
20,0.879758,0.524242,5007.856934
21,0.886531,0.524179,5257.520996
22,0.892875,0.524079,5507.042969
23,0.899606,0.524061,5756.672852
24,0.905909,0.523960,6006.140137
25,0.912457,0.523801,6255.743164
26,0.920205,0.523584,6505.269531
27,0.927704,0.523618,6754.860352
28,0.935209,0.523556,7004.402344
29,0.942504,0.523425,7254.054199
30,0.948087,0.523608,7503.589355
31,0.951819,0.524126,7753.094727
32,0.953042,0.524885,8002.696289
33,0.953640,0.524904,8252.288086
34,0.954073,0.524631,8501.821289
35,0.954318,0.525142,8751.389648
36,0.954688,0.525739,9000.958008
37,0.954263,0.526543,9250.449219
38,0.952479,0.527647,9500.018555
39,0.950761,0.528174,9766.248047
40,0.952044,0.528710,10015.845703
41,0.960500,0.529840,10265.389648
42,0.969396,0.530078,10515.026367
43,0.972014,0.533031,10764.466797
44,0.968896,0.535910,11014.064453
45,0.975516,0.532895,11263.637695
46,0.991067,0.528694,11513.186523
47,0.010626,0.526967,11762.734375
48,0.021977,0.529140,12012.304688
49,0.026887,0.532801,12261.858398
50,0.031909,0.535440,12511.438477
51,0.032174,0.538670,12760.998047
52,0.020521,0.538771,13010.563477
53,0.995128,0.540219,13260.120117
54,0.957332,0.541628,13509.692383
55,0.916913,0.541528,13759.267578
56,0.883271,0.537428,14008.810547
57,0.834969,0.523337,14258.372070
58,0.769276,0.502582,14507.961914
59,0.699529,0.481988,14757.514648
60,0.643457,0.469471,15007.076172
61,0.603891,0.464584,15256.633789
62,0.558822,0.468680,15506.209961
63,0.507812,0.472885,15772.413086
64,0.467894,0.484445,16005.346680
65,0.448550,0.490878,16254.880859
66,0.468493,0.510635,16504.460938
67,0.512108,0.547320,16754.041016
68,0.562774,0.571424,17003.603516
69,0.597602,0.587127,17253.166016
70,0.611273,0.599685,17502.734375
71,0.630290,0.602997,17752.275391
72,0.661763,0.597133,18001.837891
73,0.697922,0.589500,18251.410156
74,0.736880,0.580838,18500.974609
75,0.772831,0.570201,18750.580078
76,0.802806,0.560611,19000.085938
77,0.814956,0.552180,19266.337891
78,0.816345,0.548409,19515.857422
79,0.815922,0.546204,19765.417969
80,0.815294,0.546111,20014.972656
81,0.812252,0.549643,20264.587891
82,0.808942,0.551437,20514.128906
83,0.807886,0.553985,20763.675781
84,0.807715,0.554891,21013.269531
85,0.808106,0.556032,21262.812500
86,0.808210,0.556725,21512.375000
87,0.808161,0.557315,21761.951172
88,0.808322,0.559154,22011.517578
89,0.808780,0.559982,22261.056641
90,0.808970,0.560534,22510.621094
91,0.809374,0.561261,22760.185547
92,0.809736,0.561964,23009.773438
93,0.809942,0.562836,23259.314453
94,0.810302,0.563662,23508.888672
95,0.810721,0.564307,23758.431641
96,0.810920,0.565436,24024.658203
97,0.811508,0.566870,24257.597656
98,0.811807,0.567470,24507.136719
99,0.811711,0.567982,24756.732422
0,0.749757,0.465766,0.024701
1,0.749725,0.465516,266.231567
2,0.749549,0.466134,515.890015
3,0.751140,0.468162,765.374268
4,0.770962,0.467712,1014.942627
5,0.801551,0.466401,1264.489014
6,0.829303,0.463286,1514.066284
7,0.855935,0.463463,1763.669556
8,0.873961,0.460292,2013.188965
9,0.887622,0.456848,2262.790771
10,0.901838,0.454607,2512.327881
11,0.918055,0.454553,2761.867676
12,0.936472,0.452074,3011.523438
13,0.957346,0.448821,3261.021484
14,0.970321,0.449955,3510.558350
15,0.975464,0.451503,3760.142578
16,0.975305,0.452511,4009.718262
17,0.977711,0.452430,4259.259277
18,0.989826,0.449597,4508.878418
19,0.020307,0.442891,4758.396973
20,0.055334,0.453379,5008.006348
21,0.087242,0.472466,5257.578125
22,0.113829,0.484540,5507.077148
23,0.140540,0.487794,5756.678711
24,0.162992,0.489721,6006.228027
25,0.178777,0.494302,6255.798828
26,0.168850,0.517520,6505.350098
27,0.125878,0.546064,6754.938477
28,0.058804,0.580739,7004.484863
29,0.960834,0.608509,7254.026855
30,0.886186,0.609317,7503.626953
31,0.854130,0.637565,7753.232910
32,0.828506,0.711312,8002.726074
33,0.819506,0.740995,8252.309570
34,0.831816,0.754240,8501.828125
35,0.843579,0.760931,8751.453125
36,0.816928,0.751532,9000.968750
37,0.754649,0.723536,9250.575195
38,0.700372,0.690849,9500.139648
39,0.662791,0.660303,9766.379883
40,0.624690,0.638159,10015.886719
41,0.580525,0.602884,10265.468750
42,0.543523,0.579121,10515.006836
43,0.520523,0.552800,10764.588867
44,0.507908,0.523693,11014.112305
45,0.495379,0.511155,11263.745117
46,0.471659,0.506295,11513.329102
47,0.456099,0.504284,11762.874023
48,0.445865,0.501746,12012.394531
49,0.450764,0.490408,12261.936523
50,0.479264,0.464460,12511.518555
51,0.520347,0.437324,12761.061523
52,0.556899,0.413170,13010.715820
53,0.573168,0.405806,13260.274414
54,0.588563,0.402223,13509.751953
55,0.602980,0.399007,13759.323242
56,0.617359,0.402763,14008.974609
57,0.608160,0.417004,14258.463867
58,0.601103,0.434166,14508.008789
59,0.625495,0.437578,14757.666992
60,0.656244,0.436923,15007.139648
61,0.682957,0.434139,15256.725586
62,0.708009,0.425860,15506.265625
63,0.741467,0.421260,15755.907227
64,0.774525,0.421327,16005.415039
65,0.791301,0.416952,16254.947266
66,0.789587,0.416133,16504.636719
67,0.787668,0.417915,16754.101562
68,0.787029,0.416623,17003.685547
69,0.787397,0.421444,17253.210938
70,0.802530,0.437875,17502.880859
71,0.835901,0.453816,17752.333984
72,0.854793,0.446985,18001.935547
73,0.854808,0.447856,18251.517578
74,0.854871,0.447095,18501.111328
75,0.853257,0.447483,18750.617188
76,0.852063,0.450072,19000.177734
77,0.850397,0.450850,19266.359375
78,0.851579,0.450511,19516.001953
79,0.852473,0.450593,19765.482422
80,0.852099,0.451469,20015.082031
81,0.851855,0.452706,20264.636719
82,0.851876,0.452229,20514.203125
83,0.852457,0.451055,20763.730469
84,0.852269,0.451309,21013.296875
85,0.851986,0.452334,21262.914062
86,0.851804,0.452889,21512.464844
87,0.851872,0.453232,21762.019531
88,0.852082,0.453646,22011.595703
89,0.852059,0.454495,22261.167969
90,0.852187,0.454865,22510.681641
91,0.852102,0.455632,22760.255859
92,0.852248,0.456452,23009.851562
93,0.852701,0.456519,23259.386719
94,0.852642,0.457125,23509.029297
95,0.853016,0.456839,23758.533203
96,0.853225,0.456820,24008.164062
97,0.853417,0.456894,24257.679688
98,0.853683,0.457045,24507.210938
99,0.853582,0.457469,24756.802734
0,0.755714,0.571112,-0.006325
1,0.767545,0.569832,266.195282
2,0.812034,0.561289,515.749023
3,0.885157,0.557992,765.404785
4,0.911746,0.561326,1014.861755
5,0.922200,0.562054,1264.507812
6,0.929761,0.568234,1514.029297
7,0.928963,0.577856,1763.539673
8,0.925584,0.598655,2013.215454
9,0.930661,0.606498,2262.690674
10,0.941669,0.604232,2512.316162
11,0.937280,0.600228,2761.787354
12,0.924458,0.588413,3011.461670
13,0.913173,0.573436,3260.958984
14,0.905262,0.574233,3510.486572
15,0.900292,0.572540,3760.143066
16,0.885839,0.571940,4009.683838
17,0.871979,0.568959,4259.193848
18,0.867200,0.564682,4508.739746
19,0.832940,0.560374,4758.427246
20,0.762983,0.560362,5007.881348
21,0.654909,0.554274,5257.467773
22,0.573139,0.560086,5507.091797
23,0.530387,0.566788,5756.622559
24,0.498172,0.569478,6006.168457
25,0.471918,0.571524,6255.722168
26,0.487165,0.591978,6505.292480
27,0.578467,0.673520,6754.808105
28,0.701419,0.715709,7004.480469
29,0.757678,0.780585,7253.935547
30,0.781694,0.817703,7503.616211
31,0.827681,0.876595,7753.099121
32,0.861259,0.903777,8002.652344
33,0.869008,0.906415,8252.280273
34,0.862360,0.915769,8501.833008
35,0.779938,0.932987,8751.375977
36,0.592194,0.881760,9000.920898
37,0.503061,0.750539,9250.505859
38,0.449794,0.691379,9500.053711
39,0.406662,0.635421,9766.242188
40,0.394100,0.596050,10015.775391
41,0.385785,0.574136,10265.434570
42,0.379891,0.550838,10514.958008
43,0.378269,0.539098,10764.493164
44,0.359774,0.546313,11014.083984
45,0.345169,0.538211,11263.633789
46,0.325684,0.510447,11513.208984
47,0.305031,0.519800,11762.736328
48,0.273065,0.544130,12012.371094
49,0.248291,0.558732,12261.909180
50,0.240591,0.558639,12511.500000
51,0.240089,0.554780,12761.022461
52,0.287630,0.560497,13010.609375
53,0.350832,0.561836,13260.126953
54,0.387734,0.554452,13509.709961
55,0.440098,0.571222,13759.238281
56,0.465814,0.577378,14008.872070
57,0.489202,0.576290,14258.398438
58,0.500885,0.581644,14507.961914
59,0.507738,0.583587,14757.571289
60,0.516885,0.580500,15007.097656
61,0.525428,0.569466,15256.639648
62,0.579686,0.546531,15506.256836
63,0.649546,0.527936,15755.750977
64,0.703420,0.504147,16005.375977
65,0.696784,0.510491,16254.877930
66,0.693515,0.516220,16504.537109
67,0.687059,0.519253,16754.044922
68,0.653729,0.513851,17003.589844
69,0.594497,0.504748,17253.214844
70,0.540274,0.511506,17502.732422
71,0.525437,0.524741,17752.287109
72,0.522664,0.528041,18001.857422
73,0.535163,0.526495,18251.398438
74,0.551222,0.521183,18500.974609
75,0.548140,0.505793,18750.550781
76,0.552893,0.494916,19000.097656
77,0.554926,0.492117,19266.324219
78,0.556619,0.490667,19515.863281
79,0.559015,0.489029,19765.435547
80,0.561962,0.484060,20014.972656
81,0.566361,0.478420,20264.539062
82,0.572755,0.469614,20514.132812
83,0.583554,0.457442,20763.673828
84,0.599661,0.442028,21013.251953
85,0.621336,0.431833,21262.804688
86,0.657592,0.423094,21512.417969
87,0.696108,0.421031,21761.949219
88,0.762667,0.467025,22011.515625
89,0.824132,0.553338,22261.064453
90,0.842009,0.592012,22510.636719
91,0.841854,0.590302,22760.201172
92,0.852409,0.594568,23009.757812
93,0.873119,0.596423,23259.314453
94,0.906213,0.636532,23508.880859
95,0.935100,0.621903,23758.455078
96,0.943153,0.601852,24008.015625
97,0.873930,0.595364,24257.564453
98,0.776758,0.573246,24507.134766
99,0.750568,0.592805,24756.699219
0,0.749869,0.601168,-0.097681
1,0.749607,0.601286,266.151123
2,0.756386,0.592406,515.742981
3,0.788765,0.561274,765.287903
4,0.824560,0.534220,1014.793579
5,0.855619,0.527028,1264.384277
6,0.862721,0.521783,1513.974121
7,0.877030,0.532199,1763.520142
8,0.904014,0.526374,2013.062500
9,0.930281,0.516311,2262.677002
10,0.950167,0.516345,2512.178955
11,0.965725,0.506295,2761.730713
12,0.987037,0.494008,3011.366943
13,0.003200,0.492995,3260.901611
14,0.013012,0.504695,3510.415771
15,0.011847,0.509884,3760.089355
16,0.008169,0.513927,4009.635742
17,0.001850,0.510160,4259.187988
18,0.996645,0.505400,4508.681152
19,0.979050,0.510190,4758.321777
20,0.958889,0.515091,5007.855469
21,0.935639,0.515042,5257.363770
22,0.913201,0.509322,5506.979004
23,0.908970,0.510440,5756.551270
24,0.903035,0.510182,6006.121094
25,0.880525,0.512822,6255.626953
26,0.864469,0.514532,6505.230957
27,0.846379,0.518107,6754.785645
28,0.832992,0.517024,7004.317383
29,0.824923,0.514876,7253.937500
30,0.818523,0.514485,7503.464355
31,0.807929,0.508621,7753.056641
32,0.782919,0.503230,8002.584473
33,0.756639,0.494443,8252.259766
34,0.740940,0.489838,8501.794922
35,0.721754,0.494047,8751.324219
36,0.705961,0.487590,9000.942383
37,0.685966,0.492521,9250.395508
38,0.662437,0.491182,9500.021484
39,0.647796,0.498107,9766.217773
40,0.634758,0.498685,10015.724609
41,0.618027,0.499791,10265.410156
42,0.595199,0.499105,10514.899414
43,0.575980,0.500415,10764.436523
44,0.563126,0.502773,11014.022461
45,0.550517,0.503105,11263.632812
46,0.533472,0.503147,11513.222656
47,0.510895,0.500744,11762.679688
48,0.492253,0.501655,12012.285156
49,0.475713,0.505674,12261.871094
50,0.461321,0.510116,12511.360352
51,0.446166,0.517406,12760.990234
52,0.428876,0.514932,13010.562500
53,0.405679,0.511810,13260.093750
54,0.381344,0.504464,13509.617188
55,0.354755,0.507543,13759.264648
56,0.331598,0.512933,14008.782227
57,0.296156,0.507346,14258.387695
58,0.270364,0.508661,14507.916992
59,0.243736,0.506873,14757.503906
60,0.223714,0.508525,15007.054688
61,0.206671,0.512134,15256.599609
62,0.190099,0.513112,15506.176758
63,0.169549,0.516395,15755.695312
64,0.150610,0.516567,16005.383789
65,0.131069,0.514644,16254.824219
66,0.114549,0.514057,16504.429688
67,0.098455,0.512175,16753.951172
68,0.090114,0.518548,17003.505859
69,0.076474,0.546570,17253.087891
70,0.056367,0.592953,17502.648438
71,0.050626,0.617779,17752.255859
72,0.046333,0.634591,18001.775391
73,0.008418,0.683663,18251.347656
74,0.964804,0.724050,18500.888672
75,0.917767,0.726427,18750.470703
76,0.872441,0.674398,19000.029297
77,0.852760,0.627659,19266.251953
78,0.845620,0.615493,19515.816406
79,0.836812,0.597800,19765.384766
80,0.832951,0.576453,20014.925781
81,0.837574,0.547619,20264.492188
82,0.848864,0.532029,20514.048828
83,0.861304,0.524321,20763.654297
84,0.870151,0.528848,21013.185547
85,0.869053,0.532928,21262.777344
86,0.869979,0.533913,21512.324219
87,0.872430,0.534022,21761.882812
88,0.882704,0.533252,22011.429688
89,0.899973,0.527603,22260.992188
90,0.920613,0.525435,22510.560547
91,0.946029,0.527577,22760.119141
92,0.962374,0.533047,23009.714844
93,0.971622,0.537864,23259.302734
94,0.964220,0.535776,23508.824219
95,0.955065,0.529929,23758.386719
96,0.952799,0.526746,24007.962891
97,0.953247,0.526558,24257.507812
98,0.953610,0.527299,24507.062500
99,0.953398,0.526752,24756.628906
0,0.750102,0.567385,0.006872
1,0.749356,0.568013,266.215210
2,0.738484,0.563341,515.787720
3,0.732248,0.559862,765.370178
4,0.745152,0.581873,1014.925110
5,0.779638,0.642633,1264.460693
6,0.795167,0.686776,1514.011475
7,0.808378,0.689310,1763.612427
8,0.862026,0.594245,2013.164917
9,0.900060,0.526810,2262.743164
10,0.916443,0.506259,2512.273926
11,0.929275,0.500571,2761.851074
12,0.924708,0.502899,3011.423340
13,0.912948,0.502350,3261.001221
14,0.909825,0.500529,3510.555908
15,0.909134,0.501040,3760.114258
16,0.909104,0.502385,4009.670898
17,0.910832,0.503362,4259.227051
18,0.899160,0.503557,4508.799805
19,0.771278,0.485145,4758.391113
20,0.634847,0.438433,5007.937012
21,0.581483,0.442344,5257.508301
22,0.545956,0.447959,5507.072754
23,0.516819,0.449001,5756.603516
24,0.492646,0.453755,6006.175293
25,0.458115,0.462793,6255.763184
26,0.420399,0.469996,6505.317383
27,0.398922,0.463618,6754.877930
28,0.380769,0.462675,7004.430176
29,0.371801,0.463716,7254.000488
30,0.375625,0.472722,7503.562500
31,0.383969,0.481468,7753.116211
32,0.393195,0.487845,8002.714355
33,0.402404,0.492743,8252.244141
34,0.423753,0.499992,8501.821289
35,0.486943,0.504021,8751.383789
36,0.523218,0.495892,9000.960938
37,0.536357,0.493418,9250.498047
38,0.554652,0.501517,9500.072266
39,0.547157,0.568762,9766.262695
40,0.490968,0.647489,10015.851562
41,0.435606,0.743258,10265.404297
42,0.380448,0.810661,10514.961914
43,0.260500,0.739151,10764.520508
44,0.204559,0.636584,11014.107422
45,0.180862,0.562663,11263.639648
46,0.162993,0.538521,11513.245117
47,0.137632,0.526468,11762.798828
48,0.117534,0.530298,12012.349609
49,0.100142,0.531254,12261.921875
50,0.086718,0.530718,12511.503906
51,0.058350,0.532314,12761.045898
52,0.042012,0.535595,13010.590820
53,0.053423,0.516823,13260.165039
54,0.098999,0.489133,13509.758789
55,0.168907,0.487658,13759.301758
56,0.225466,0.493056,14008.881836
57,0.265136,0.497066,14258.418945
58,0.292141,0.496671,14508.015625
59,0.321655,0.495184,14757.560547
60,0.357825,0.495594,15007.140625
61,0.378461,0.499885,15256.673828
62,0.390613,0.495268,15506.227539
63,0.437170,0.485249,15755.790039
64,0.498636,0.452099,16005.379883
65,0.555551,0.444943,16254.943359
66,0.590886,0.436120,16504.541016
67,0.630771,0.437474,16754.103516
68,0.675092,0.437080,17003.656250
69,0.714899,0.437427,17253.169922
70,0.748936,0.443545,17502.742188
71,0.788498,0.461450,17752.443359
72,0.833631,0.469228,18001.894531
73,0.900339,0.460933,18251.486328
74,0.936881,0.473413,18501.037109
75,0.954427,0.507021,18750.593750
76,0.984841,0.541395,19000.150391
77,0.008968,0.527758,19266.335938
78,0.030689,0.521699,19515.904297
79,0.059018,0.521518,19765.513672
80,0.088918,0.532745,20015.050781
81,0.112783,0.554725,20264.619141
82,0.131828,0.555565,20514.148438
83,0.133398,0.508047,20763.746094
84,0.096923,0.493081,21013.289062
85,0.002140,0.495934,21262.888672
86,0.940547,0.506687,21512.416016
87,0.898271,0.521558,21761.966797
88,0.874448,0.537618,22011.564453
89,0.855235,0.548312,22261.083984
90,0.835934,0.559993,22510.660156
91,0.820987,0.567203,22760.226562
92,0.814160,0.575730,23009.845703
93,0.836039,0.574595,23259.365234
94,0.860706,0.571122,23508.937500
95,0.884353,0.573135,23758.492188
96,0.911676,0.573584,24008.095703
97,0.953402,0.569002,24257.640625
98,0.012377,0.564306,24507.220703
99,0.060194,0.557583,24756.728516
0,0.749833,0.480959,0.098072
1,0.749659,0.481390,266.293518
2,0.748695,0.481551,515.868652
3,0.748253,0.481836,765.419189
4,0.751305,0.480633,1015.020996
5,0.756174,0.481706,1264.531616
6,0.764525,0.485747,1514.115234
7,0.777611,0.484482,1763.667847
8,0.790761,0.478191,2013.226318
9,0.799697,0.479122,2262.783447
10,0.808717,0.481596,2512.363525
11,0.820412,0.477331,2761.951172
12,0.828149,0.475092,3011.481201
13,0.833744,0.478101,3261.064453
14,0.840970,0.479136,3510.663086
15,0.847845,0.474559,3760.199951
16,0.851965,0.474645,4009.744141
17,0.856710,0.479750,4259.337402
18,0.863131,0.479786,4508.874023
19,0.869375,0.477788,4758.431641
20,0.873551,0.480352,5008.010742
21,0.880213,0.482725,5257.555664
22,0.886840,0.483596,5507.145508
23,0.896471,0.486674,5756.673828
24,0.912591,0.493035,6006.259766
25,0.935392,0.494650,6255.835449
26,0.951628,0.495889,6505.366211
27,0.963513,0.499498,6754.956543
28,0.971211,0.502367,7004.491699
29,0.974823,0.494468,7270.769531
30,0.974166,0.481421,7503.649902
31,0.968806,0.486188,7753.242676
32,0.963228,0.489833,8002.763184
33,0.956161,0.487238,8252.315430
34,0.945973,0.485351,8501.942383
35,0.938339,0.483668,8751.474609
36,0.932569,0.481143,9001.041992
37,0.926003,0.478892,9250.582031
38,0.916586,0.480227,9500.173828
39,0.906887,0.476467,9766.361328
40,0.897073,0.465117,10015.935547
41,0.887721,0.451157,10265.488281
42,0.872683,0.433253,10515.063477
43,0.853541,0.424946,10764.634766
44,0.835331,0.429911,11014.194336
45,0.818009,0.437484,11263.725586
46,0.804776,0.444379,11513.329102
47,0.787179,0.448389,11762.868164
48,0.766321,0.449091,12012.434570
49,0.748679,0.450698,12262.032227
50,0.728560,0.449822,12511.594727
51,0.703334,0.446766,12761.111328
52,0.680502,0.444487,13010.668945
53,0.662370,0.444509,13260.263672
54,0.645065,0.447634,13509.792969
55,0.621873,0.452879,13759.397461
56,0.597144,0.459579,14008.932617
57,0.575791,0.462616,14258.517578
58,0.558014,0.466037,14508.103516
59,0.543168,0.472922,14757.624023
60,0.534113,0.478983,15007.222656
61,0.524785,0.486756,15256.774414
62,0.514608,0.493722,15506.345703
63,0.500192,0.521765,15755.888672
64,0.485744,0.520235,16005.450195
65,0.476316,0.511617,16255.026367
66,0.468666,0.496511,16504.580078
67,0.458267,0.488758,16754.144531
68,0.441332,0.488071,17003.703125
69,0.423820,0.488272,17253.269531
70,0.404456,0.492356,17502.830078
71,0.383361,0.494670,17752.394531
72,0.363745,0.491563,18001.945312
73,0.343690,0.481443,18251.525391
74,0.320151,0.478145,18501.091797
75,0.299560,0.482613,18750.656250
76,0.301181,0.471488,19000.210938
77,0.312756,0.463275,19266.421875
78,0.331367,0.463932,19515.994141
79,0.354359,0.459649,19765.541016
80,0.373628,0.476817,20015.115234
81,0.388482,0.501050,20264.673828
82,0.410094,0.509353,20514.230469
83,0.438293,0.521748,20763.800781
84,0.472388,0.529560,21013.357422
85,0.522278,0.537187,21262.916016
86,0.565156,0.539518,21512.533203
87,0.594546,0.538613,21762.056641
88,0.631430,0.531170,22011.623047
89,0.668304,0.523523,22261.183594
90,0.704443,0.522963,22510.750000
91,0.736792,0.523945,22760.304688
92,0.762810,0.522094,23009.867188
93,0.784279,0.514950,23259.429688
94,0.796510,0.509683,23509.009766
95,0.801700,0.506768,23758.587891
96,0.804766,0.511509,24008.132812
97,0.811538,0.529407,24257.691406
98,0.824998,0.564752,24507.259766
99,0.832210,0.566352,24756.861328
0,0.747592,0.597493,0.011982
1,0.747787,0.600731,266.238495
2,0.749374,0.590777,515.758789
3,0.780043,0.572010,765.354492
4,0.825678,0.555686,1014.963379
5,0.848695,0.546558,1264.448486
6,0.867654,0.536565,1514.041504
7,0.888152,0.531646,1763.572388
8,0.919183,0.527611,2013.180298
9,0.954769,0.526333,2262.743652
10,0.989627,0.527893,2512.360596
11,0.015060,0.527020,2761.892090
12,0.038789,0.523412,3011.390869
13,0.051157,0.522359,3261.010010
14,0.050843,0.525177,3510.512451
15,0.048816,0.528007,3760.104248
16,0.045460,0.530078,4009.646973
17,0.041169,0.532194,4259.311035
18,0.031450,0.535504,4508.802246
19,0.993426,0.546355,4758.327637
20,0.908780,0.560359,5007.977051
21,0.844964,0.559307,5257.534180
22,0.758859,0.554812,5507.065918
23,0.690944,0.538390,5756.605957
24,0.647736,0.539474,6006.246582
25,0.615102,0.548011,6255.751465
26,0.581843,0.568569,6505.276855
27,0.548811,0.589478,6754.959473
28,0.523927,0.590103,7004.416504
29,0.501248,0.584599,7253.970215
30,0.480129,0.578801,7503.638672
31,0.455274,0.579229,7753.149902
32,0.433204,0.576591,8002.692871
33,0.416243,0.567782,8252.241211
34,0.409967,0.555822,8501.855469
35,0.410959,0.511011,8751.443359
36,0.413757,0.504038,9000.908203
37,0.415767,0.507182,9250.515625
38,0.419632,0.512105,9500.149414
39,0.422296,0.513721,9766.340820
40,0.467510,0.513778,10015.815430
41,0.510340,0.505109,10265.386719
42,0.545408,0.496767,10515.027344
43,0.572276,0.491742,10764.524414
44,0.596685,0.496211,11014.100586
45,0.626755,0.499723,11263.673828
46,0.659527,0.506381,11513.235352
47,0.688273,0.511155,11762.767578
48,0.711881,0.510407,12012.310547
49,0.735825,0.517175,12261.913086
50,0.789593,0.522021,12511.550781
51,0.835412,0.522044,12761.043945
52,0.849175,0.528808,13010.597656
53,0.864480,0.529976,13260.197266
54,0.876774,0.529727,13509.749023
55,0.885368,0.529732,13759.266602
56,0.898643,0.530987,14008.830078
57,0.926807,0.535423,14258.425781
58,0.962303,0.544634,14507.972656
59,0.996513,0.546256,14757.526367
60,0.023571,0.546834,15007.093750
61,0.044521,0.546799,15256.670898
62,0.058439,0.541625,15506.228516
63,0.067819,0.545163,15755.800781
64,0.080983,0.551624,16005.355469
65,0.102947,0.559147,16254.918945
66,0.126062,0.562661,16504.470703
67,0.151316,0.568047,16754.060547
68,0.187199,0.573135,17003.591797
69,0.214537,0.568044,17253.175781
70,0.241648,0.548073,17502.728516
71,0.268787,0.530318,17752.292969
72,0.289358,0.530544,18001.867188
73,0.307078,0.537699,18251.421875
74,0.311617,0.547166,18501.019531
75,0.319038,0.551519,18750.541016
76,0.339473,0.551912,19000.177734
77,0.357293,0.551049,19266.310547
78,0.370011,0.543330,19515.884766
79,0.376817,0.536226,19765.445312
80,0.376967,0.536066,20015.015625
81,0.374850,0.541592,20264.562500
82,0.372290,0.545124,20514.138672
83,0.370512,0.545933,20763.712891
84,0.370443,0.553072,21013.275391
85,0.372343,0.608562,21262.822266
86,0.355303,0.683531,21512.386719
87,0.314451,0.740643,21761.939453
88,0.231705,0.770021,22011.507812
89,0.144549,0.798006,22261.093750
90,0.088967,0.838804,22510.644531
91,0.030428,0.861229,22760.201172
92,0.947136,0.827805,23009.769531
93,0.899750,0.797008,23259.375000
94,0.879076,0.764990,23508.908203
95,0.851953,0.713911,23758.457031
96,0.799007,0.695399,24008.017578
97,0.763843,0.698586,24257.619141
98,0.728481,0.702743,24507.166016
99,0.697781,0.693304,24756.705078
0,0.774108,0.540282,0.025778
1,0.813003,0.537017,266.248779
2,0.848200,0.535992,515.875244
3,0.890253,0.533860,765.320190
4,0.932084,0.533440,1014.910278
5,0.963671,0.530320,1264.498657
6,0.004665,0.526618,1514.008911
7,0.044989,0.520161,1763.632202
8,0.080932,0.516283,2013.223755
9,0.102614,0.516305,2262.778564
10,0.118696,0.514677,2512.291016
11,0.159306,0.512931,2761.914551
12,0.195880,0.513354,3011.451660
13,0.211208,0.510813,3260.981689
14,0.200766,0.507449,3510.621338
15,0.152273,0.506720,3760.125732
16,0.094833,0.505378,4009.764160
17,0.038594,0.510596,4259.229492
18,0.972081,0.522243,4508.821289
19,0.903880,0.523259,4758.358398
20,0.820984,0.510133,5008.011230
21,0.746763,0.522505,5257.558594
22,0.697303,0.532995,5507.092285
23,0.660027,0.546494,5756.656250
24,0.633362,0.542660,6006.164062
25,0.590027,0.552549,6255.793945
26,0.543995,0.554506,6505.303223
27,0.513582,0.549675,6754.945312
28,0.488325,0.548236,7004.418945
29,0.462200,0.540867,7254.043945
30,0.445248,0.538049,7503.586426
31,0.431298,0.531067,7753.127441
32,0.419865,0.541674,8002.768066
33,0.406724,0.528651,8252.337891
34,0.392566,0.536858,8501.859375
35,0.385666,0.536563,8751.379883
36,0.373647,0.530487,9000.939453
37,0.371064,0.541609,9250.535156
38,0.370527,0.537883,9500.059570
39,0.370025,0.543610,9766.274414
40,0.372984,0.544326,10015.891602
41,0.380342,0.552023,10265.424805
42,0.419910,0.554975,10514.958008
43,0.492823,0.549762,10764.545898
44,0.522658,0.531308,11014.149414
45,0.523684,0.523874,11263.682617
46,0.521514,0.524553,11513.226562
47,0.512097,0.524571,11762.834961
48,0.427290,0.543729,12012.400391
49,0.275524,0.547590,12261.926758
50,0.173020,0.537988,12511.506836
51,0.160721,0.522526,12761.032227
52,0.137166,0.512484,13010.592773
53,0.092741,0.516423,13260.172852
54,0.079584,0.512556,13509.821289
55,0.106652,0.493371,13759.300781
56,0.201416,0.491402,14008.859375
57,0.281830,0.493986,14258.451172
58,0.321075,0.505290,14508.037109
59,0.346020,0.509520,14757.589844
60,0.374934,0.533305,15007.129883
61,0.374523,0.537430,15256.664062
62,0.327470,0.535943,15506.353516
63,0.265719,0.534815,15755.805664
64,0.235635,0.530467,16005.374023
65,0.244299,0.557691,16254.951172
66,0.265188,0.577697,16504.498047
67,0.287743,0.572533,16754.060547
68,0.308353,0.563825,17003.636719
69,0.326870,0.561686,17253.289062
70,0.341440,0.564221,17502.835938
71,0.340712,0.563241,17752.359375
72,0.332412,0.559910,18001.880859
73,0.330527,0.537806,18251.468750
74,0.336696,0.420120,18500.996094
75,0.345344,0.349091,18750.611328
76,0.361299,0.344454,19000.177734
77,0.400244,0.388297,19266.396484
78,0.471167,0.469550,19515.900391
79,0.493631,0.504766,19765.501953
80,0.492021,0.505782,20015.031250
81,0.481506,0.504397,20264.625000
82,0.420133,0.494710,20514.179688
83,0.276477,0.479965,20763.761719
84,0.115932,0.465087,21013.310547
85,0.025663,0.492869,21262.849609
86,0.004543,0.494730,21512.410156
87,0.988729,0.505919,21762.000000
88,0.951747,0.513435,22011.542969
89,0.939030,0.509844,22261.099609
90,0.952921,0.518204,22510.742188
91,0.956906,0.507881,22760.300781
92,0.945643,0.496072,23009.791016
93,0.940822,0.491837,23259.394531
94,0.935665,0.492108,23508.984375
95,0.957510,0.502788,23758.511719
96,0.987588,0.515158,24008.054688
97,0.004262,0.515567,24257.642578
98,0.013311,0.516773,24507.208984
99,0.013372,0.517103,24756.773438
0,0.749976,0.545796,0.001167
1,0.748155,0.546710,266.209503
2,0.721180,0.557851,515.758240
3,0.654783,0.580121,765.255432
4,0.606436,0.571921,1014.862488
5,0.574482,0.546737,1264.421265
6,0.553636,0.542876,1513.981079
7,0.543107,0.548448,1763.551636
8,0.542640,0.557209,2013.078369
9,0.546237,0.564676,2262.655273
10,0.558829,0.546613,2512.201172
11,0.581095,0.512998,2761.833984
12,0.637889,0.496484,3011.411133
13,0.720754,0.496335,3260.977783
14,0.801911,0.500778,3510.478760
15,0.857180,0.508799,3760.083008
16,0.887082,0.515163,4009.602539
17,0.905713,0.515745,4259.169922
18,0.928103,0.517044,4508.724609
19,0.951566,0.518068,4758.324707
20,0.974489,0.519553,5007.852539
21,0.000614,0.521349,5257.424805
22,0.026266,0.523633,5506.988281
23,0.052164,0.524196,5756.558105
24,0.075402,0.524732,6006.113281
25,0.110127,0.520133,6255.682617
26,0.137120,0.515308,6505.255371
27,0.131071,0.518356,6754.814941
28,0.107986,0.520301,7004.366699
29,0.089916,0.526305,7253.963379
30,0.080343,0.533861,7503.520996
31,0.070802,0.538758,7753.075684
32,0.055762,0.536271,8002.624023
33,0.021297,0.532613,8252.208984
34,0.972606,0.523191,8501.747070
35,0.926379,0.520879,8751.316406
36,0.892479,0.521778,9000.886719
37,0.864466,0.526883,9250.435547
38,0.840341,0.529711,9500.014648
39,0.817010,0.528976,9766.212891
40,0.790175,0.527315,10015.763672
41,0.759926,0.525818,10265.362305
42,0.733042,0.525474,10514.898438
43,0.698742,0.524467,10764.503906
44,0.635242,0.522986,11014.030273
45,0.583205,0.523594,11263.630859
46,0.564982,0.524960,11513.179688
47,0.571664,0.525993,11762.725586
48,0.583763,0.508897,12012.305664
49,0.592205,0.482175,12261.840820
50,0.606188,0.456867,12511.405273
51,0.647840,0.439967,12760.974609
52,0.688275,0.431257,13010.569336
53,0.715914,0.424588,13260.111328
54,0.741823,0.421261,13509.673828
55,0.766355,0.419956,13759.236328
56,0.786002,0.423415,14008.832031
57,0.797661,0.427723,14258.353516
58,0.809684,0.430629,14507.915039
59,0.825571,0.430302,14757.521484
60,0.845041,0.429407,15007.061523
61,0.866758,0.428570,15256.638672
62,0.891886,0.427072,15506.183594
63,0.924357,0.424326,15755.795898
64,0.962437,0.413261,16005.304688
65,0.008707,0.404264,16254.865234
66,0.045422,0.415490,16504.478516
67,0.083751,0.411049,16753.992188
68,0.119744,0.419706,17003.572266
69,0.151359,0.427340,17253.134766
70,0.180883,0.431290,17502.710938
71,0.208903,0.435896,17752.257812
72,0.238904,0.438427,18001.810547
73,0.281495,0.451596,18251.412109
74,0.320870,0.457358,18500.957031
75,0.347665,0.462142,18750.535156
76,0.352799,0.474364,19000.119141
77,0.347145,0.480100,19266.273438
78,0.339676,0.484177,19515.832031
79,0.338015,0.487461,19765.406250
80,0.338398,0.488856,20014.970703
81,0.341152,0.488632,20264.550781
82,0.354769,0.489833,20514.136719
83,0.362165,0.496506,20763.671875
84,0.357992,0.501325,21013.226562
85,0.337405,0.509807,21262.783203
86,0.309386,0.515869,21512.353516
87,0.274263,0.520208,21761.923828
88,0.227714,0.517283,22011.474609
89,0.189861,0.514046,22261.074219
90,0.161722,0.511542,22510.597656
91,0.138821,0.510587,22760.197266
92,0.116800,0.511902,23009.750000
93,0.096078,0.514024,23259.302734
94,0.068445,0.510757,23508.853516
95,0.033200,0.502001,23758.427734
96,0.991217,0.496446,24008.009766
97,0.955120,0.488450,24257.544922
98,0.930694,0.479965,24507.105469
99,0.908491,0.473317,24756.734375
0,0.748933,0.389378,0.015491
1,0.750987,0.398284,266.302429
2,0.762943,0.433758,515.804871
3,0.796090,0.475300,765.391724
4,0.846332,0.490491,1014.888245
5,0.888372,0.493527,1264.472534
6,0.912392,0.495951,1514.074585
7,0.946696,0.495571,1763.598511
8,0.011573,0.483775,2013.169434
9,0.060829,0.477914,2262.724121
10,0.066080,0.476403,2512.326904
11,0.073051,0.475541,2761.882568
12,0.075115,0.476639,3011.407715
13,0.060594,0.478107,3260.972168
14,0.035541,0.480899,3510.643799
15,0.992503,0.488108,3760.124268
16,0.940950,0.494446,4009.706055
17,0.888828,0.498756,4259.284668
18,0.826763,0.507172,4508.840820
19,0.739792,0.519517,4758.380859
20,0.650727,0.523268,5008.049316
21,0.567235,0.534731,5257.597168
22,0.484263,0.547791,5507.064941
23,0.445792,0.539671,5756.653320
24,0.426437,0.535644,6006.180664
25,0.448115,0.543599,6255.747070
26,0.455426,0.549158,6505.351562
27,0.458630,0.536104,6754.909668
28,0.474769,0.532261,7004.524414
29,0.436880,0.518895,7254.050781
30,0.437993,0.573197,7503.585938
31,0.497852,0.746650,7753.140625
32,0.545677,0.828103,8002.696289
33,0.555695,0.859018,8252.255859
34,0.570786,0.888758,8501.857422
35,0.624802,0.932780,8751.497070
36,0.736151,0.972314,9000.981445
37,0.080950,0.950256,9250.506836
38,0.158764,0.891108,9500.129883
39,0.197892,0.845045,9766.281250
40,0.214946,0.810600,10015.863281
41,0.214204,0.799149,10265.404297
42,0.206344,0.767006,10514.985352
43,0.194977,0.703422,10764.586914
44,0.182439,0.668473,11014.094727
45,0.176297,0.672978,11263.668945
46,0.165146,0.710467,11513.262695
47,0.109839,0.734868,11762.795898
48,0.100859,0.709203,12012.361328
49,0.120912,0.717359,12261.911133
50,0.137010,0.786253,12511.466797
51,0.982611,0.952429,12761.032227
52,0.697757,0.869398,13010.603516
53,0.675044,0.808888,13260.163086
54,0.614408,0.770489,13509.729492
55,0.525535,0.701500,13759.291992
56,0.445094,0.642287,14008.887695
57,0.401408,0.621604,14258.436523
58,0.367246,0.624068,14508.000977
59,0.327346,0.629413,14757.565430
60,0.293392,0.630602,15007.132812
61,0.275596,0.624697,15256.676758
62,0.281871,0.625324,15506.246094
63,0.341330,0.613917,15755.816406
64,0.394047,0.594140,16005.396484
65,0.452404,0.590500,16254.983398
66,0.601244,0.562504,16504.513672
67,0.683531,0.529378,16754.082031
68,0.708828,0.519189,17003.621094
69,0.758045,0.512783,17253.205078
70,0.801693,0.514475,17502.787109
71,0.807539,0.518419,17752.330078
72,0.822188,0.521340,18001.951172
73,0.854793,0.530561,18251.453125
74,0.874758,0.536872,18501.037109
75,0.884750,0.533649,18750.582031
76,0.884179,0.531696,19000.142578
77,0.879769,0.538500,19266.388672
78,0.884237,0.550064,19515.917969
79,0.883853,0.545256,19765.472656
80,0.904057,0.537986,20015.052734
81,0.946673,0.540222,20264.605469
82,0.994608,0.538666,20514.183594
83,0.040049,0.534149,20763.722656
84,0.071775,0.525413,21013.318359
85,0.085620,0.516060,21262.863281
86,0.112702,0.509227,21512.435547
87,0.148073,0.510544,21761.986328
88,0.182330,0.514394,22011.572266
89,0.209723,0.514985,22261.121094
90,0.236209,0.513633,22510.712891
91,0.269229,0.513832,22760.244141
92,0.297948,0.513238,23009.808594
93,0.325893,0.513333,23259.394531
94,0.354632,0.513589,23508.937500
95,0.386296,0.515949,23758.505859
96,0.417081,0.519353,24008.052734
97,0.444437,0.519556,24257.642578
98,0.464723,0.517534,24507.177734
99,0.477445,0.514268,24756.746094
0,0.750050,0.400846,0.054485
1,0.750100,0.402570,266.272217
2,0.750877,0.418148,515.816589
3,0.778768,0.475600,765.399353
4,0.821887,0.526232,1014.936340
5,0.836650,0.533644,1264.522583
6,0.862426,0.521511,1514.056396
7,0.892165,0.510315,1763.689331
8,0.922317,0.502570,2013.233398
9,0.942839,0.498540,2262.756592
10,0.962111,0.494712,2512.415039
11,0.986779,0.495204,2761.889160
12,0.010043,0.492371,3011.424561
13,0.031653,0.492355,3261.048340
14,0.051035,0.494691,3510.617432
15,0.069765,0.497743,3760.140625
16,0.085567,0.495741,4009.697021
17,0.099430,0.491737,4259.375000
18,0.114108,0.488369,4508.853027
19,0.114378,0.487519,4758.413086
20,0.090087,0.500496,5008.031250
21,0.034962,0.558722,5257.627930
22,0.967280,0.619999,5507.074219
23,0.877644,0.641236,5756.639648
24,0.809804,0.613609,6006.246094
25,0.775631,0.554023,6255.802734
26,0.790377,0.526710,6505.349609
27,0.820362,0.497035,6754.995117
28,0.836057,0.485571,7004.532715
29,0.853780,0.480220,7254.116211
30,0.874193,0.474905,7503.601074
31,0.878949,0.471641,7753.208984
32,0.851417,0.467567,8002.724121
33,0.777623,0.453989,8252.297852
34,0.712671,0.447777,8501.933594
35,0.685358,0.444147,8751.508789
36,0.665366,0.443585,9001.049805
37,0.636823,0.447076,9250.539062
38,0.606788,0.456071,9500.200195
39,0.577527,0.465377,9766.302734
40,0.554586,0.473057,10015.866211
41,0.528349,0.477673,10265.417969
42,0.493015,0.477456,10515.033203
43,0.466617,0.484673,10764.597656
44,0.445017,0.494190,11014.174805
45,0.439819,0.492071,11263.677734
46,0.456534,0.482259,11513.348633
47,0.485143,0.470224,11762.833008
48,0.524675,0.457128,12012.374023
49,0.542622,0.435593,12261.937500
50,0.497144,0.432837,12511.511719
51,0.431251,0.439732,12761.121094
52,0.388313,0.460416,13010.650391
53,0.347417,0.475726,13260.199219
54,0.335218,0.478788,13509.752930
55,0.381007,0.467013,13759.326172
56,0.446012,0.455203,14008.884766
57,0.545801,0.452278,14258.466797
58,0.682440,0.446350,14508.011719
59,0.790245,0.449807,14757.609375
60,0.848368,0.456991,15007.166016
61,0.880652,0.451572,15256.709961
62,0.914561,0.446973,15506.279297
63,0.942777,0.444070,15755.852539
64,0.967802,0.441876,16005.406250
65,0.992155,0.442723,16254.987305
66,0.009055,0.446195,16504.572266
67,0.009660,0.446847,16754.099609
68,0.998410,0.445450,17003.644531
69,0.979587,0.444062,17253.224609
70,0.952103,0.441344,17502.789062
71,0.922687,0.435031,17752.351562
72,0.904269,0.430527,18001.951172
73,0.889310,0.427883,18251.474609
74,0.880160,0.425516,18501.033203
75,0.863411,0.418822,18750.597656
76,0.852268,0.413608,19000.212891
77,0.847087,0.414408,19266.402344
78,0.859284,0.424616,19515.923828
79,0.889384,0.432056,19765.523438
80,0.919062,0.430863,20015.103516
81,0.937752,0.427794,20264.619141
82,0.951687,0.427577,20514.187500
83,0.942683,0.436845,20763.761719
84,0.912755,0.446612,21013.333984
85,0.872089,0.454330,21262.884766
86,0.835329,0.459139,21512.458984
87,0.809172,0.459169,21762.017578
88,0.784437,0.451129,22011.568359
89,0.761128,0.446870,22261.138672
90,0.756964,0.451427,22510.714844
91,0.797548,0.468376,22760.269531
92,0.833465,0.461501,23009.828125
93,0.874371,0.445303,23259.402344
94,0.894776,0.430454,23508.945312
95,0.905783,0.426525,23758.519531
96,0.919409,0.425339,24008.095703
97,0.929270,0.424293,24257.648438
98,0.937718,0.424515,24507.230469
99,0.942701,0.425539,24756.779297
0,0.762454,0.511519,0.023688
1,0.780342,0.518298,266.232910
2,0.778337,0.539761,515.821838
3,0.797054,0.541264,765.444214
4,0.849588,0.528485,1014.975647
5,0.881292,0.518629,1264.485352
6,0.920382,0.507208,1514.047607
7,0.947085,0.509298,1763.650391
8,0.974600,0.506993,2013.160400
9,0.993079,0.504033,2262.821045
10,0.012241,0.514498,2512.431152
11,0.029698,0.520799,2761.970459
12,0.037364,0.522587,3011.430420
13,0.046156,0.516921,3261.029053
14,0.049745,0.494851,3510.582031
15,0.055290,0.492545,3760.127930
16,0.056099,0.511183,4009.778809
17,0.054205,0.532712,4259.300293
18,0.058160,0.549112,4508.886230
19,0.078268,0.548719,4758.362305
20,0.111549,0.544395,5007.978027
21,0.141785,0.530382,5257.504883
22,0.170524,0.505735,5507.067871
23,0.197185,0.495119,5756.664551
24,0.228290,0.489973,6006.252930
25,0.239254,0.490566,6255.807129
26,0.220446,0.492443,6505.306641
27,0.127931,0.507563,6754.927734
28,0.051357,0.511267,7004.435547
29,0.010671,0.509344,7254.044434
30,0.960733,0.500253,7503.645020
31,0.918962,0.490992,7753.234375
32,0.898062,0.491555,8002.749512
33,0.863790,0.494726,8252.265625
34,0.829350,0.500912,8501.941406
35,0.791530,0.508785,8751.426758
36,0.721870,0.500613,9000.978516
37,0.639459,0.481479,9250.575195
38,0.527855,0.475552,9500.166016
39,0.467583,0.481822,9766.428711
40,0.431872,0.494017,10015.873047
41,0.426565,0.503032,10265.442383
42,0.439629,0.513411,10515.036133
43,0.458078,0.517880,10764.552734
44,0.471009,0.519223,11014.176758
45,0.481789,0.519946,11263.672852
46,0.487787,0.510000,11513.286133
47,0.487737,0.502411,11762.796875
48,0.499196,0.499506,12012.389648
49,0.535267,0.505580,12262.018555
50,0.610237,0.508926,12511.548828
51,0.684110,0.517467,12761.157227
52,0.744275,0.528987,13010.620117
53,0.804417,0.525347,13260.250977
54,0.848932,0.524792,13509.745117
55,0.879627,0.520615,13759.373047
56,0.904083,0.512604,14008.954102
57,0.938363,0.506493,14258.439453
58,0.978386,0.502124,14508.063477
59,0.009142,0.504097,14757.597656
60,0.993594,0.517599,15007.158203
61,0.947608,0.534696,15256.708008
62,0.911853,0.545747,15506.257812
63,0.889095,0.548195,15755.937500
64,0.868186,0.542188,16005.416992
65,0.849000,0.531713,16254.955078
66,0.836659,0.538083,16504.507812
67,0.832189,0.546481,16754.173828
68,0.845887,0.604352,17003.683594
69,0.853732,0.677761,17253.210938
70,0.862658,0.739880,17502.777344
71,0.874829,0.796401,17752.378906
72,0.875338,0.797577,18001.916016
73,0.881581,0.757861,18251.455078
74,0.903717,0.678853,18501.027344
75,0.940739,0.592424,18750.666016
76,0.979970,0.563727,19000.187500
77,0.998473,0.571748,19266.400391
78,0.948484,0.688029,19515.921875
79,0.877982,0.797220,19765.527344
80,0.869299,0.811495,20015.070312
81,0.863036,0.814757,20264.677734
82,0.861469,0.820486,20514.203125
83,0.861394,0.817038,20763.771484
84,0.862775,0.818255,21013.347656
85,0.867626,0.817666,21262.917969
86,0.871052,0.816862,21512.419922
87,0.875377,0.814335,21761.994141
88,0.875807,0.814681,22011.558594
89,0.877077,0.811730,22261.179688
90,0.881720,0.792574,22510.679688
91,0.894683,0.641239,22760.281250
92,0.912653,0.508076,23009.871094
93,0.934328,0.477372,23259.402344
94,0.942641,0.484047,23508.976562
95,0.964814,0.487121,23758.527344
96,0.973266,0.491218,24008.101562
97,0.979121,0.492830,24257.658203
98,0.968195,0.493725,24507.207031
99,0.949358,0.489429,24756.808594
