Idx, longitude, latitude, start timestamp
0,0.748868,0.515694,0.060056
1,0.746289,0.513417,266.338104
2,0.743678,0.509557,515.824585
3,0.742525,0.505895,765.438232
4,0.746301,0.505861,1015.050537
5,0.752961,0.505600,1264.525024
6,0.759711,0.486421,1514.156982
7,0.759478,0.459086,1763.618896
8,0.750538,0.425533,2013.344482
9,0.737144,0.408360,2262.759277
10,0.725365,0.400732,2512.424561
11,0.717069,0.380829,2761.914307
12,0.711614,0.363674,3011.534912
13,0.710870,0.358568,3327.608887
14,0.708745,0.352581,3577.142822
15,0.705372,0.348704,3760.124268
16,0.701113,0.345592,4009.738281
17,0.694750,0.342292,4259.324707
18,0.685976,0.338782,4508.886230
19,0.679547,0.342645,4758.499512
20,0.705552,0.352073,5007.941406
21,0.723401,0.355656,5257.624512
22,0.699722,0.348560,5523.678711
23,0.662977,0.351689,5773.347168
24,0.641921,0.353674,6006.243164
25,0.646021,0.349124,6255.791504
26,0.665049,0.342434,6505.328125
27,0.681076,0.336377,6754.904297
28,0.691436,0.339998,7004.563477
29,0.696985,0.358135,7254.105957
30,0.695240,0.371918,7503.732422
31,0.683314,0.393937,7753.160156
32,0.665441,0.440214,8002.784668
33,0.638324,0.503874,8252.301758
34,0.614888,0.539115,8501.873047
35,0.594355,0.557177,8834.677734
36,0.585443,0.559083,9000.991211
37,0.570556,0.561600,9250.559570
38,0.560946,0.564574,9500.103516
39,0.545231,0.569180,9782.979492
40,0.533690,0.575630,10032.481445
41,0.527792,0.585888,10265.486328
42,0.520777,0.608949,10514.998047
43,0.515619,0.623501,10764.629883
44,0.508758,0.634428,11014.114258
45,0.503617,0.633567,11263.746094
46,0.499008,0.624795,11513.278320
47,0.496660,0.606295,11762.879883
48,0.498297,0.561956,12012.363281
49,0.503953,0.515402,12261.945312
50,0.511177,0.480689,12511.590820
51,0.517259,0.460852,12761.086914
52,0.524374,0.448524,13010.700195
53,0.532793,0.440613,13260.173828
54,0.541021,0.438895,13509.840820
55,0.550030,0.429823,13759.336914
56,0.559598,0.420227,14075.458008
57,0.563571,0.416031,14308.454102
58,0.566159,0.416112,14508.014648
59,0.572675,0.414603,14757.570312
60,0.579017,0.414945,15007.129883
61,0.587716,0.416169,15256.662109
62,0.589490,0.416276,15506.238281
63,0.586414,0.415691,15755.911133
64,0.582168,0.415239,16005.430664
65,0.572492,0.413131,16255.036133
66,0.562404,0.411346,16537.763672
67,0.553228,0.409760,16754.226562
68,0.542400,0.409608,17003.591797
69,0.531657,0.410133,17253.117188
70,0.517604,0.411064,17502.779297
71,0.501406,0.412177,17752.324219
72,0.485930,0.414884,18001.863281
73,0.470962,0.422139,18334.630859
74,0.457072,0.431085,18584.189453
75,0.449268,0.437771,18750.642578
76,0.437867,0.454150,19000.156250
77,0.429718,0.471332,19266.296875
78,0.422496,0.499159,19532.589844
79,0.419069,0.519679,19765.455078
80,0.417201,0.536473,20015.085938
81,0.417084,0.546119,20264.605469
82,0.422031,0.548857,20530.783203
83,0.429705,0.545727,20780.435547
84,0.436391,0.542477,21013.314453
85,0.441202,0.542509,21262.951172
86,0.445458,0.543314,21512.388672
87,0.459760,0.542697,21762.046875
88,0.486431,0.542319,22011.583984
89,0.516407,0.540387,22261.052734
90,0.553139,0.540098,22510.677734
91,0.599827,0.540672,22760.261719
92,0.649880,0.542702,23009.777344
93,0.689030,0.552591,23259.349609
94,0.722264,0.553150,23508.863281
95,0.746800,0.546135,23758.541016
96,0.769785,0.545438,24058.003906
97,0.773447,0.527998,24307.460938
98,0.782689,0.504167,24507.255859
99,0.796508,0.480120,24756.820312
0,0.750684,0.448741,0.000051
1,0.750549,0.456332,266.126373
2,0.750013,0.482045,515.734680
3,0.751848,0.512496,765.251038
4,0.749962,0.500571,1014.836609
5,0.749231,0.482159,1264.379272
6,0.743066,0.466663,1513.929199
7,0.731367,0.454338,1763.547241
8,0.698028,0.434778,2013.110107
9,0.656443,0.412029,2262.775146
10,0.637492,0.400415,2512.172363
11,0.611385,0.391951,2761.781982
12,0.598384,0.383847,3011.291992
13,0.588565,0.374076,3260.919434
14,0.572729,0.366105,3510.451416
15,0.579432,0.356814,3760.013916
16,0.590828,0.341400,4009.572754
17,0.609981,0.305340,4259.160645
18,0.691757,0.261222,4508.652832
19,0.770927,0.252774,4758.305176
20,0.813694,0.263216,5007.799316
21,0.854147,0.260251,5257.381348
22,0.898210,0.267987,5506.911621
23,0.933319,0.331960,5756.526855
24,0.965016,0.488264,6022.750000
25,0.975496,0.606369,6272.227539
26,0.975010,0.642986,6521.879883
27,0.974463,0.650976,6787.954102
28,0.962000,0.693786,7021.000488
29,0.965467,0.764662,7270.489746
30,0.913062,0.797944,7520.072754
31,0.783406,0.830457,7769.700195
32,0.702999,0.832649,8035.803711
33,0.680098,0.784968,8268.848633
34,0.655645,0.664459,8501.741211
35,0.629286,0.588714,8751.329102
36,0.612299,0.533708,9000.828125
37,0.580032,0.526711,9250.479492
38,0.563473,0.534461,9533.169922
39,0.543180,0.525283,9782.847656
40,0.514213,0.509325,10032.274414
41,0.488763,0.504615,10281.900391
42,0.472131,0.511458,10548.130859
43,0.503731,0.500235,10781.019531
44,0.666622,0.457874,11030.667969
45,0.711087,0.450266,11263.542969
46,0.767610,0.438939,11546.372070
47,0.868590,0.424663,11795.867188
48,0.966572,0.455038,12045.494141
49,0.008911,0.500884,12295.001953
50,0.032886,0.544706,12544.607422
51,0.079337,0.535293,12760.922852
52,0.103698,0.528627,13027.193359
53,0.132227,0.513325,13293.334961
54,0.155917,0.477732,13542.863281
55,0.166945,0.394096,13792.458984
56,0.174481,0.331493,14041.960938
57,0.177892,0.277559,14291.593750
58,0.178773,0.241992,14507.860352
59,0.176174,0.237963,14757.439453
60,0.176661,0.238082,15006.950195
61,0.178600,0.241922,15256.556641
62,0.183140,0.247825,15522.726562
63,0.211732,0.311921,15772.290039
64,0.239322,0.422680,16021.801758
65,0.241118,0.457620,16288.062500
66,0.247682,0.481938,16537.722656
67,0.248676,0.521585,16787.193359
68,0.247031,0.535200,17036.787109
69,0.236538,0.582679,17286.304688
70,0.219522,0.668005,17535.937500
71,0.219339,0.698680,17802.074219
72,0.219896,0.705371,18051.667969
73,0.221070,0.706637,18301.292969
74,0.221305,0.706694,18550.781250
75,0.221196,0.706275,18800.398438
76,0.220987,0.695898,19033.281250
77,0.212881,0.586469,19282.902344
78,0.211272,0.504736,19549.009766
79,0.205658,0.444962,19781.996094
80,0.189205,0.387289,20031.517578
81,0.173926,0.339022,20281.136719
82,0.163090,0.300365,20530.582031
83,0.134033,0.261159,20763.580078
84,0.080272,0.230203,21013.107422
85,0.015155,0.216478,21262.707031
86,0.962802,0.213396,21512.250000
87,0.872627,0.219402,21761.867188
88,0.782536,0.241059,22011.328125
89,0.726410,0.270114,22260.990234
90,0.693420,0.300972,22510.490234
91,0.678654,0.319672,22760.083984
92,0.674447,0.341069,23042.966797
93,0.669341,0.350710,23259.177734
94,0.674117,0.360188,23508.783203
95,0.678833,0.348853,23758.277344
96,0.688001,0.350248,24041.205078
97,0.681632,0.363162,24274.021484
98,0.680301,0.430015,24523.640625
99,0.680352,0.479576,24789.900391
0,0.750522,0.526782,-0.008014
1,0.745029,0.526115,266.289948
2,0.713568,0.539092,515.775330
3,0.715160,0.577804,765.281189
4,0.734882,0.616131,1014.962036
5,0.742006,0.666083,1264.515625
6,0.693872,0.694327,1514.002808
7,0.656065,0.702061,1763.526978
8,0.608696,0.695489,2013.168091
9,0.559837,0.701276,2262.634766
10,0.536586,0.702921,2512.318604
11,0.523600,0.635331,2761.856201
12,0.521352,0.565148,3011.378662
13,0.520778,0.503330,3277.614990
14,0.519207,0.467906,3510.508057
15,0.525496,0.429883,3760.221191
16,0.531944,0.394354,4009.658691
17,0.539164,0.349866,4259.237793
18,0.549290,0.309029,4508.780273
19,0.554839,0.277037,4758.398438
20,0.565549,0.238263,5007.890625
21,0.622159,0.212642,5290.805176
22,0.686499,0.254929,5506.946289
23,0.742435,0.304490,5756.624023
24,0.810489,0.342012,6006.282715
25,0.876166,0.364050,6255.756348
26,0.922489,0.411917,6505.384766
27,0.948159,0.467787,6754.854980
28,0.960249,0.492613,7004.494629
29,0.982269,0.497518,7253.977539
30,0.001466,0.505287,7503.554688
31,0.013570,0.524998,7753.042969
32,0.022552,0.539059,8002.695312
33,0.024662,0.540942,8252.237305
34,0.010850,0.535040,8501.809570
35,0.993976,0.517098,8751.337891
36,0.973183,0.521150,9001.000000
37,0.960318,0.527779,9250.566406
38,0.958872,0.528620,9500.067383
39,0.967971,0.507459,9832.821289
40,0.969920,0.489948,10015.802734
41,0.969254,0.477190,10265.407227
42,0.965678,0.473742,10515.000977
43,0.958546,0.487092,10764.519531
44,0.952154,0.505123,11014.107422
45,0.954791,0.523004,11263.667969
46,0.988429,0.452731,11513.239258
47,0.995364,0.347276,11762.782227
48,0.998879,0.321661,12012.276367
49,0.000537,0.319547,12261.916992
50,0.010123,0.336298,12511.484375
51,0.044180,0.358509,12761.017578
52,0.066412,0.386043,13027.228516
53,0.090253,0.370090,13260.154297
54,0.051542,0.428656,13509.763672
55,0.997656,0.521260,13759.324219
56,0.955670,0.583465,14008.888672
57,0.902439,0.657691,14258.375977
58,0.887649,0.730443,14507.988281
59,0.877792,0.782958,14757.660156
60,0.859916,0.821042,15007.118164
61,0.773975,0.875764,15289.965820
62,0.719212,0.892100,15506.279297
63,0.633161,0.873861,15755.840820
64,0.554202,0.795610,16005.299805
65,0.505387,0.724773,16254.936523
66,0.459084,0.671947,16504.453125
67,0.415981,0.639469,16754.123047
68,0.396603,0.618077,17003.550781
69,0.382370,0.603373,17253.296875
70,0.359555,0.611958,17502.824219
71,0.376812,0.627271,17752.222656
72,0.441828,0.631629,18001.937500
73,0.494055,0.602997,18251.445312
74,0.492674,0.568284,18501.074219
75,0.474014,0.531573,18750.535156
76,0.438177,0.501790,19000.189453
77,0.406778,0.477307,19266.292969
78,0.386791,0.455198,19515.935547
79,0.372243,0.422103,19782.156250
80,0.369042,0.393615,20015.041016
81,0.367925,0.363022,20264.669922
82,0.376699,0.340494,20514.255859
83,0.405209,0.310315,20813.623047
84,0.421180,0.304375,21013.343750
85,0.420746,0.337974,21262.953125
86,0.412263,0.417349,21512.359375
87,0.407312,0.519033,21761.990234
88,0.393884,0.598799,22011.550781
89,0.382192,0.626081,22261.154297
90,0.369760,0.638939,22510.601562
91,0.353175,0.644728,22760.220703
92,0.318546,0.652754,23009.705078
93,0.313030,0.653951,23259.326172
94,0.327686,0.646492,23509.003906
95,0.352560,0.636452,23758.529297
96,0.372686,0.621220,24008.130859
97,0.385555,0.613784,24257.609375
98,0.411186,0.604826,24507.115234
99,0.406166,0.597250,24756.703125
0,0.750812,0.508150,0.004722
1,0.754114,0.509694,266.239777
2,0.756512,0.531695,515.792969
3,0.761570,0.599600,765.384094
4,0.771307,0.677521,1014.875671
5,0.781653,0.725821,1264.429321
6,0.787256,0.729889,1514.090454
7,0.790592,0.724291,1763.569580
8,0.796179,0.712914,2013.225464
9,0.823967,0.660353,2262.741211
10,0.877946,0.592279,2512.353760
11,0.934146,0.544031,2761.868896
12,0.958090,0.532512,3011.434082
13,0.962423,0.535106,3260.935059
14,0.962308,0.538561,3510.565918
15,0.961631,0.540894,3760.063477
16,0.959604,0.542113,4009.648193
17,0.947867,0.555494,4259.193848
18,0.905716,0.584554,4508.837402
19,0.848113,0.584373,4758.452148
20,0.810934,0.560521,5007.908691
21,0.790375,0.517411,5257.559082
22,0.777561,0.455477,5507.054199
23,0.769355,0.428233,5756.625488
24,0.717621,0.452443,6006.146973
25,0.655720,0.484286,6255.757812
26,0.619055,0.500471,6505.273438
27,0.579735,0.514053,6754.859863
28,0.547503,0.526098,7004.487793
29,0.533598,0.532514,7254.007324
30,0.526061,0.517634,7503.612793
31,0.525532,0.510561,7753.122070
32,0.526269,0.514041,8002.731934
33,0.527582,0.520674,8252.246094
34,0.527291,0.529435,8518.503906
35,0.528177,0.531720,8751.394531
36,0.546422,0.518840,9001.008789
37,0.565876,0.494457,9250.452148
38,0.567927,0.477681,9500.104492
39,0.561835,0.450821,9766.232422
40,0.568389,0.443409,10015.816406
41,0.579916,0.435542,10265.512695
42,0.592652,0.359981,10531.583984
43,0.590381,0.266552,10781.214844
44,0.604331,0.211179,11030.746094
45,0.609854,0.203121,11280.333008
46,0.614549,0.212656,11513.193359
47,0.635127,0.245044,11762.798828
48,0.680738,0.312597,12012.307617
49,0.754853,0.394517,12261.910156
50,0.836230,0.457236,12511.472656
51,0.902044,0.494368,12761.041016
52,0.956314,0.508421,13010.676758
53,0.991000,0.515215,13293.472656
54,0.041383,0.510437,13526.448242
55,0.110574,0.489383,13775.904297
56,0.162360,0.483450,14025.536133
57,0.177367,0.487397,14275.001953
58,0.181583,0.497278,14508.012695
59,0.171111,0.529217,14757.542969
60,0.198948,0.579222,15023.808594
61,0.242625,0.600371,15256.659180
62,0.296149,0.606551,15522.896484
63,0.332199,0.611759,15755.737305
64,0.352038,0.615379,16005.415039
65,0.374593,0.607918,16255.018555
66,0.394302,0.582945,16504.548828
67,0.412290,0.554847,16754.091797
68,0.424625,0.537262,17003.636719
69,0.427764,0.532658,17253.216797
70,0.417611,0.512962,17502.769531
71,0.410414,0.489250,17752.337891
72,0.405166,0.486441,18001.832031
73,0.392490,0.482688,18251.500000
74,0.374702,0.477483,18500.990234
75,0.344055,0.478646,18750.597656
76,0.303262,0.494239,19000.068359
77,0.266544,0.539621,19349.613281
78,0.261576,0.578663,19599.138672
79,0.279930,0.596145,19832.080078
80,0.320424,0.590490,20081.603516
81,0.358060,0.575663,20331.191406
82,0.380837,0.567986,20580.685547
83,0.397272,0.559885,20830.308594
84,0.420955,0.555277,21079.828125
85,0.440924,0.565277,21312.798828
86,0.460124,0.567019,21562.302734
87,0.474699,0.566539,21811.931641
88,0.483958,0.561004,22044.789062
89,0.483367,0.544459,22294.410156
90,0.469875,0.522119,22543.949219
91,0.460493,0.498061,22793.507812
92,0.451769,0.486985,23026.386719
93,0.446426,0.488206,23276.068359
94,0.438028,0.495198,23508.910156
95,0.427833,0.497340,23758.507812
96,0.414907,0.498090,24008.044922
97,0.399980,0.503426,24257.658203
98,0.381287,0.503235,24507.177734
99,0.358656,0.503249,24756.763672
0,0.750198,0.564011,0.005750
1,0.750374,0.564558,282.896332
2,0.750403,0.566927,515.762695
3,0.752548,0.593126,765.352173
4,0.766618,0.661095,1014.863525
5,0.768764,0.734037,1264.503418
6,0.727465,0.764284,1513.954590
7,0.680734,0.778041,1763.619385
8,0.628137,0.781211,2013.210693
9,0.587645,0.785667,2262.674316
10,0.553215,0.784253,2512.340576
11,0.535384,0.763170,2761.820557
12,0.521827,0.720810,3011.442627
13,0.491645,0.667614,3260.897461
14,0.465272,0.611347,3510.563965
15,0.453410,0.540837,3760.041504
16,0.459241,0.467098,4009.682617
17,0.473128,0.389880,4259.156250
18,0.494666,0.315542,4508.780273
19,0.515434,0.257219,4758.250977
20,0.535498,0.208429,5007.847656
21,0.561381,0.184748,5257.502441
22,0.602530,0.196937,5507.011719
23,0.669422,0.244238,5756.602539
24,0.696609,0.317260,6006.116211
25,0.704438,0.421091,6255.730469
26,0.701676,0.498642,6505.218750
27,0.662258,0.520525,6754.782227
28,0.621321,0.518512,7004.275391
29,0.580528,0.513070,7253.956543
30,0.536421,0.510886,7520.066895
31,0.513086,0.512551,7753.076660
32,0.492039,0.521615,8002.509277
33,0.471485,0.522879,8318.648438
34,0.442168,0.518980,8551.640625
35,0.420601,0.521944,8784.497070
36,0.402669,0.508675,9017.514648
37,0.394337,0.492596,9250.331055
38,0.396856,0.507327,9533.205078
39,0.403991,0.531754,9782.700195
40,0.408954,0.559095,10032.324219
41,0.419668,0.576207,10265.204102
42,0.431611,0.598700,10514.826172
43,0.441915,0.609885,10764.288086
44,0.450355,0.609223,11080.392578
45,0.463044,0.601382,11313.392578
46,0.478275,0.595846,11562.949219
47,0.508120,0.587715,11795.943359
48,0.545662,0.582273,12012.112305
49,0.571214,0.591005,12295.030273
50,0.592629,0.603370,12527.918945
51,0.621075,0.607091,12794.143555
52,0.695180,0.605288,13026.998047
53,0.752826,0.595749,13276.666992
54,0.807702,0.576330,13509.465820
55,0.876101,0.545272,13759.085938
56,0.936065,0.510283,14075.239258
57,0.989566,0.457942,14308.070312
58,0.026633,0.424274,14541.104492
59,0.046239,0.394686,14773.946289
60,0.067623,0.362880,15006.964844
61,0.084432,0.346988,15256.398438
62,0.092246,0.334380,15522.703125
63,0.082269,0.303832,15755.508789
64,0.063946,0.253448,16021.799805
65,0.040588,0.215452,16254.654297
66,0.993782,0.190546,16504.259766
67,0.926311,0.186315,16753.791016
68,0.861818,0.204699,17003.400391
69,0.794537,0.238642,17252.884766
70,0.742772,0.267361,17568.988281
71,0.687302,0.292262,17785.388672
72,0.636086,0.308544,18018.244141
73,0.588212,0.343798,18251.189453
74,0.556267,0.383702,18533.978516
75,0.522768,0.428874,18766.939453
76,0.496611,0.459794,19016.466797
77,0.464617,0.490437,19266.054688
78,0.439559,0.525948,19515.515625
79,0.445321,0.552225,19765.183594
80,0.469193,0.587518,20081.287109
81,0.484244,0.598746,20314.173828
82,0.519117,0.593598,20530.505859
83,0.561073,0.583279,20763.357422
84,0.599036,0.562872,21012.984375
85,0.635967,0.536368,21279.146484
86,0.660297,0.504252,21512.115234
87,0.687120,0.496963,21794.958984
88,0.718905,0.505146,22011.250000
89,0.750696,0.502097,22277.304688
90,0.780682,0.487211,22510.324219
91,0.815218,0.485468,22759.824219
92,0.851294,0.508450,23075.912109
93,0.876508,0.552332,23308.945312
94,0.889195,0.658155,23541.759766
95,0.905492,0.718842,23774.751953
96,0.963628,0.758458,24007.625000
97,0.011707,0.768219,24273.912109
98,0.022907,0.796086,24506.732422
99,0.025329,0.822749,24756.369141
0,0.748813,0.541081,-0.012583
1,0.745721,0.537855,266.233612
2,0.725144,0.505019,515.740845
3,0.713989,0.442685,765.398926
4,0.720073,0.343066,1014.889587
5,0.724471,0.265669,1264.441895
6,0.721786,0.229868,1513.976807
7,0.719951,0.226474,1763.616089
8,0.719586,0.263244,2013.072876
9,0.717707,0.331625,2262.686768
10,0.709197,0.362562,2512.248779
11,0.699809,0.392724,2761.872070
12,0.692226,0.483919,3011.436523
13,0.681729,0.596375,3260.979736
14,0.661478,0.658580,3510.561523
15,0.638700,0.664677,3760.040771
16,0.614829,0.646087,4009.684814
17,0.581232,0.604860,4259.154297
18,0.567250,0.564530,4508.826660
19,0.565016,0.553878,4774.956055
20,0.532065,0.558100,5008.029297
21,0.493349,0.560290,5257.448242
22,0.480434,0.572239,5507.037109
23,0.475865,0.588062,5756.585938
24,0.474794,0.599449,6006.221191
25,0.470711,0.616262,6255.795898
26,0.468039,0.631618,6505.245117
27,0.467951,0.630248,6754.952637
28,0.470076,0.619345,7004.380371
29,0.471146,0.595164,7254.038086
30,0.475085,0.544598,7503.478027
31,0.479312,0.511331,7753.071289
32,0.489084,0.503764,8002.718750
33,0.550966,0.507563,8252.263672
34,0.674589,0.531259,8501.773438
35,0.813403,0.519976,8751.341797
36,0.879333,0.499339,9000.861328
37,0.928689,0.488164,9250.458008
38,0.986710,0.483442,9500.089844
39,0.050159,0.498151,9832.834961
40,0.084936,0.498522,10082.362305
41,0.115503,0.505077,10315.354492
42,0.161759,0.459567,10564.846680
43,0.189090,0.384615,10814.435547
44,0.221672,0.359094,11047.341797
45,0.231629,0.365433,11296.995117
46,0.230475,0.381787,11546.420898
47,0.229414,0.423703,11796.086914
48,0.229423,0.449021,12045.571289
49,0.225677,0.460295,12278.540039
50,0.215212,0.469747,12528.049805
51,0.194245,0.474384,12777.655273
52,0.141368,0.482230,13027.187500
53,0.030564,0.496416,13276.870117
54,0.927767,0.520760,13509.648438
55,0.878491,0.532822,13759.300781
56,0.859447,0.542039,14042.162109
57,0.837501,0.547541,14275.026367
58,0.808734,0.554168,14524.657227
59,0.780514,0.563870,14757.509766
60,0.746643,0.577975,15007.132812
61,0.706467,0.591110,15289.935547
62,0.648587,0.602766,15506.316406
63,0.582088,0.605047,15772.396484
64,0.562198,0.605056,16022.005859
65,0.601421,0.609457,16271.510742
66,0.642480,0.609874,16504.535156
67,0.614392,0.610713,16754.011719
68,0.552633,0.601092,17003.607422
69,0.497500,0.585975,17269.892578
70,0.456594,0.579975,17502.738281
71,0.439692,0.588671,17752.246094
72,0.428612,0.613786,18001.835938
73,0.413099,0.639544,18251.496094
74,0.404798,0.662785,18500.953125
75,0.390064,0.697616,18833.744141
76,0.368754,0.725187,19083.318359
77,0.358320,0.740068,19316.234375
78,0.359887,0.767292,19549.232422
79,0.368203,0.782242,19798.710938
80,0.374554,0.772869,20048.369141
81,0.376444,0.722601,20281.189453
82,0.379077,0.633801,20514.240234
83,0.385558,0.544525,20763.691406
84,0.380225,0.486449,21013.353516
85,0.370028,0.441093,21262.802734
86,0.374519,0.398734,21512.455078
87,0.385338,0.379328,21778.601562
88,0.424256,0.389577,22028.222656
89,0.475189,0.447949,22261.031250
90,0.520112,0.497681,22527.300781
91,0.570317,0.545344,22760.197266
92,0.596155,0.569097,23009.800781
93,0.582301,0.571419,23276.015625
94,0.571606,0.567427,23525.507812
95,0.594063,0.565076,23758.578125
96,0.623280,0.558764,24008.003906
97,0.670889,0.545405,24257.679688
98,0.711002,0.535505,24507.123047
99,0.730450,0.527782,24756.812500
0,0.750293,0.498886,0.025259
1,0.750484,0.500610,266.335724
2,0.750520,0.502297,515.883545
3,0.750352,0.503502,765.377808
4,0.750766,0.504766,1014.947510
5,0.751134,0.505361,1264.574829
6,0.751318,0.522492,1513.991455
7,0.752114,0.575523,1763.667358
8,0.753948,0.649153,2013.137085
9,0.752578,0.693026,2262.766113
10,0.751909,0.698108,2512.384033
11,0.752622,0.644323,2761.899170
12,0.748701,0.589925,3011.376953
13,0.745180,0.534275,3260.968506
14,0.742555,0.479837,3510.641357
15,0.739734,0.416398,3760.145020
16,0.739041,0.365042,4009.770996
17,0.740035,0.340842,4259.203613
18,0.740245,0.305615,4508.888672
19,0.740760,0.273360,4758.322754
20,0.754066,0.259900,5008.004883
21,0.809419,0.270287,5257.546387
22,0.831334,0.277504,5507.136230
23,0.847184,0.290760,5756.743164
24,0.873977,0.301802,6006.182129
25,0.922560,0.329343,6255.888672
26,0.965540,0.353057,6505.309570
27,0.004147,0.379065,6754.976562
28,0.044966,0.412109,7004.420898
29,0.073739,0.432222,7254.114258
30,0.092957,0.439615,7503.613770
31,0.116482,0.439626,7836.299805
32,0.123578,0.433095,8085.953125
33,0.119145,0.433102,8335.406250
34,0.111850,0.433722,8585.052734
35,0.105306,0.429303,8851.291016
36,0.094943,0.423745,9001.055664
37,0.086194,0.426952,9333.810547
38,0.065955,0.422158,9583.332031
39,0.033022,0.417901,9832.895508
40,0.994782,0.414757,10082.370117
41,0.944170,0.402227,10332.028320
42,0.886568,0.394384,10598.176758
43,0.811038,0.390806,10847.803711
44,0.736597,0.383275,11097.275391
45,0.674236,0.385800,11346.896484
46,0.627924,0.390569,11596.479492
47,0.595066,0.395265,11846.009766
48,0.559355,0.396141,12095.596680
49,0.527044,0.417263,12345.165039
50,0.500297,0.429528,12594.774414
51,0.471289,0.443885,12844.247070
52,0.456931,0.448053,13010.588867
53,0.441902,0.434782,13343.369141
54,0.431505,0.421575,13593.009766
55,0.426282,0.402197,13759.360352
56,0.426113,0.390289,14092.132812
57,0.428257,0.385663,14341.725586
58,0.427231,0.410870,14591.256836
59,0.422563,0.468520,14840.853516
60,0.418342,0.514267,15090.368164
61,0.416187,0.548404,15256.681641
62,0.414848,0.573440,15506.265625
63,0.415168,0.584898,15755.796875
64,0.417080,0.587375,16005.462891
65,0.418965,0.585911,16254.969727
66,0.419533,0.586879,16504.597656
67,0.419351,0.588217,16754.070312
68,0.419402,0.589382,17003.667969
69,0.419920,0.589872,17253.191406
70,0.420259,0.590359,17502.777344
71,0.420567,0.591203,17752.429688
72,0.420980,0.591522,18001.898438
73,0.421600,0.591693,18251.533203
74,0.422320,0.592595,18501.095703
75,0.423056,0.593695,18750.689453
76,0.423853,0.594760,19000.148438
77,0.423550,0.597540,19266.414062
78,0.409802,0.602008,19515.878906
79,0.400380,0.612829,19765.566406
80,0.400398,0.621372,20098.269531
81,0.409959,0.629240,20264.634766
82,0.430214,0.629935,20597.431641
83,0.454016,0.620783,20846.976562
84,0.481248,0.611902,21096.498047
85,0.510096,0.597905,21262.845703
86,0.533631,0.587220,21595.632812
87,0.549590,0.583094,21761.996094
88,0.560587,0.580650,22011.626953
89,0.566951,0.579657,22344.357422
90,0.569136,0.578006,22577.267578
91,0.568405,0.578145,22826.863281
92,0.566259,0.578807,23093.072266
93,0.565468,0.574528,23342.630859
94,0.565290,0.571077,23575.617188
95,0.565873,0.568262,23841.746094
96,0.565636,0.562940,24074.724609
97,0.567956,0.561895,24324.218750
98,0.572863,0.563303,24573.833984
99,0.577187,0.563068,24823.355469
0,0.749986,0.567761,0.012830
1,0.750082,0.568071,266.278381
2,0.750358,0.568284,515.794739
3,0.751515,0.576434,765.364258
4,0.757224,0.611670,1014.887756
5,0.763742,0.661529,1264.541626
6,0.779157,0.710952,1513.982056
7,0.821486,0.754449,1763.680054
8,0.897385,0.722287,2013.125122
9,0.927615,0.597999,2262.759277
10,0.945483,0.523685,2512.251953
11,0.972263,0.546101,2761.902344
12,0.977396,0.557442,3011.374512
13,0.924184,0.471714,3260.957275
14,0.828353,0.332115,3510.631104
15,0.773391,0.270322,3760.066895
16,0.749194,0.274639,4009.746582
17,0.750661,0.325330,4259.190918
18,0.747292,0.393236,4508.810547
19,0.747014,0.453505,4758.368164
20,0.744305,0.498930,5007.927246
21,0.735817,0.529644,5257.453125
22,0.690487,0.540190,5507.022949
23,0.643766,0.563198,5756.562012
24,0.613704,0.596621,6006.145020
25,0.614859,0.600620,6255.706055
26,0.637132,0.583906,6505.293945
27,0.644144,0.564728,6754.899902
28,0.613838,0.536858,7004.435059
29,0.539836,0.514799,7253.950684
30,0.510652,0.527643,7503.610840
31,0.502749,0.552567,7753.118652
32,0.497180,0.554412,8002.658203
33,0.507994,0.576318,8252.245117
34,0.518055,0.547595,8501.763672
35,0.531561,0.447567,8751.429688
36,0.541917,0.336919,9000.882812
37,0.552705,0.267298,9250.580078
38,0.578264,0.251455,9500.077148
39,0.646803,0.288833,9766.205078
40,0.660994,0.320623,10015.912109
41,0.654187,0.338795,10265.336914
42,0.627084,0.376996,10514.958984
43,0.583260,0.434450,10764.494141
44,0.569970,0.467763,11014.174805
45,0.555250,0.492399,11263.666016
46,0.521266,0.526207,11513.179688
47,0.485832,0.566066,11762.750977
48,0.450465,0.601543,12012.284180
49,0.417235,0.625159,12261.824219
50,0.397944,0.637459,12511.500977
51,0.378791,0.672465,12761.098633
52,0.369683,0.710330,13010.585938
53,0.372190,0.730182,13260.159180
54,0.378719,0.730386,13509.689453
55,0.380013,0.680373,13759.266602
56,0.375969,0.594091,14008.799805
57,0.375700,0.543649,14258.384766
58,0.399687,0.536845,14507.897461
59,0.411304,0.536969,14757.603516
60,0.406075,0.526967,15007.126953
61,0.374715,0.537166,15256.712891
62,0.332606,0.554386,15506.284180
63,0.292188,0.573281,15755.719727
64,0.263164,0.594595,16005.345703
65,0.249905,0.624898,16254.907227
66,0.244783,0.689895,16504.507812
67,0.246862,0.733511,16753.988281
68,0.253267,0.753708,17003.570312
69,0.256550,0.758892,17253.115234
70,0.258657,0.760450,17502.710938
71,0.260866,0.762470,17752.226562
72,0.312119,0.778452,18001.853516
73,0.396544,0.801530,18251.521484
74,0.436442,0.820240,18500.912109
75,0.467778,0.813236,18750.541016
76,0.521517,0.789801,19000.074219
77,0.536191,0.773620,19266.328125
78,0.524392,0.712937,19515.787109
79,0.508876,0.655672,19765.437500
80,0.506822,0.598006,20014.943359
81,0.511360,0.552431,20264.556641
82,0.525301,0.493599,20514.185547
83,0.544742,0.450285,20763.730469
84,0.575277,0.441161,21013.298828
85,0.588473,0.454796,21262.736328
86,0.572799,0.476389,21512.367188
87,0.592844,0.500656,21761.949219
88,0.630376,0.509511,22011.611328
89,0.627044,0.528624,22260.980469
90,0.603219,0.541482,22510.656250
91,0.571659,0.546126,22760.134766
92,0.556870,0.558012,23009.712891
93,0.542309,0.556393,23259.210938
94,0.540044,0.538399,23508.822266
95,0.549072,0.520288,23758.517578
96,0.595924,0.513521,24007.998047
97,0.669554,0.502676,24257.605469
98,0.712552,0.498832,24507.125000
99,0.728666,0.501713,24756.599609
0,0.750688,0.511838,0.024444
1,0.750291,0.506064,266.184235
2,0.745366,0.481699,515.769775
3,0.738254,0.404643,765.323669
4,0.734039,0.331641,1014.899841
5,0.737766,0.287916,1264.599121
6,0.740763,0.257171,1514.005737
7,0.738309,0.209125,1763.671143
8,0.727128,0.167134,2013.123291
9,0.699536,0.153512,2262.780273
10,0.659131,0.158390,2512.276611
11,0.593838,0.188315,2761.853271
12,0.550041,0.237951,3011.374512
13,0.533107,0.301347,3261.043945
14,0.521059,0.352107,3510.541016
15,0.521655,0.384550,3760.080322
16,0.536708,0.421544,4009.654053
17,0.553450,0.451109,4259.241699
18,0.564481,0.461581,4508.885742
19,0.566895,0.469325,4758.411133
20,0.568607,0.491931,5007.996094
21,0.573236,0.517791,5257.439941
22,0.581298,0.535354,5507.106934
23,0.601926,0.550081,5756.573730
24,0.649852,0.563945,6006.167969
25,0.699740,0.583734,6255.689453
26,0.733828,0.610580,6505.326660
27,0.769879,0.661268,6754.876953
28,0.799437,0.706327,7004.457031
29,0.825253,0.731316,7253.933105
30,0.859046,0.704983,7503.548340
31,0.895135,0.632292,7753.198730
32,0.922613,0.583670,8002.636230
33,0.959352,0.550699,8252.252930
34,0.983494,0.485641,8501.806641
35,0.998288,0.423295,8751.365234
36,0.017034,0.390699,9000.931641
37,0.055632,0.408920,9250.530273
38,0.094655,0.458718,9500.039062
39,0.129031,0.525691,9766.257812
40,0.155700,0.596847,10015.899414
41,0.172367,0.658809,10265.344727
42,0.180619,0.696554,10515.057617
43,0.182076,0.706179,10764.456055
44,0.158987,0.687630,11014.122070
45,0.058497,0.648090,11263.635742
46,0.958469,0.630121,11513.207031
47,0.868339,0.621248,11762.727539
48,0.772171,0.608884,12012.345703
49,0.686313,0.586287,12261.846680
50,0.614917,0.574179,12511.424805
51,0.558934,0.563453,12760.979492
52,0.519665,0.546483,13010.657227
53,0.489673,0.522892,13260.263672
54,0.457433,0.510988,13509.724609
55,0.429613,0.509862,13759.330078
56,0.398506,0.517114,14042.086914
57,0.376152,0.584071,14291.649414
58,0.355154,0.623874,14524.536133
59,0.343005,0.645912,14774.153320
60,0.343869,0.655909,15023.685547
61,0.347193,0.663532,15273.272461
62,0.341622,0.715324,15522.919922
63,0.307687,0.737723,15755.746094
64,0.294181,0.707075,16005.404297
65,0.299058,0.585094,16254.866211
66,0.305271,0.552653,16504.484375
67,0.309840,0.498487,16754.064453
68,0.316807,0.444339,17003.611328
69,0.321400,0.404806,17269.716797
70,0.330438,0.387717,17519.396484
71,0.350789,0.358628,17768.890625
72,0.390599,0.327015,18001.853516
73,0.425500,0.312477,18251.361328
74,0.456447,0.316131,18501.023438
75,0.480898,0.316591,18750.492188
76,0.501605,0.323723,19000.101562
77,0.521949,0.321636,19266.341797
78,0.547020,0.325192,19515.798828
79,0.573583,0.325625,19765.458984
80,0.589607,0.333250,20014.947266
81,0.602873,0.305527,20264.591797
82,0.622433,0.269411,20514.029297
83,0.631720,0.271880,20763.666016
84,0.676114,0.278505,21013.144531
85,0.740472,0.298912,21345.888672
86,0.779590,0.312762,21578.888672
87,0.774213,0.308125,21828.445312
88,0.730263,0.343165,22078.044922
89,0.637082,0.438969,22310.873047
90,0.625385,0.498905,22543.888672
91,0.645433,0.495853,22793.386719
92,0.646862,0.495767,23043.017578
93,0.607390,0.497925,23275.857422
94,0.591604,0.504234,23508.865234
95,0.589257,0.531899,23758.388672
96,0.584348,0.527590,24041.261719
97,0.567173,0.473040,24290.832031
98,0.566673,0.462130,24540.375000
99,0.562879,0.479214,24773.365234
0,0.749901,0.512366,-0.036374
1,0.749491,0.512098,266.237671
2,0.747293,0.510853,515.751526
3,0.710455,0.505852,765.349243
4,0.661585,0.496460,1014.868958
5,0.630701,0.492689,1264.516479
6,0.578016,0.495315,1513.989624
7,0.559605,0.528082,1763.594727
8,0.562434,0.578806,2013.162842
9,0.566712,0.594782,2262.768066
10,0.563419,0.617590,2512.315674
11,0.552654,0.606289,2761.848389
12,0.541374,0.567687,3011.466797
13,0.541792,0.552078,3261.011230
14,0.533935,0.545077,3510.538086
15,0.524540,0.537260,3760.108398
16,0.522514,0.523359,4009.701660
17,0.521690,0.493234,4259.234863
18,0.517393,0.444454,4508.803711
19,0.527181,0.401163,4758.363770
20,0.534883,0.345987,5007.941406
21,0.536172,0.296607,5257.488281
22,0.540890,0.264751,5507.049805
23,0.550774,0.215029,5756.624512
24,0.562983,0.193445,6006.172852
25,0.563252,0.177015,6255.747070
26,0.571743,0.166937,6505.316895
27,0.598240,0.164009,6754.880371
28,0.620595,0.162179,7004.403320
29,0.645876,0.154744,7254.012695
30,0.671443,0.158433,7503.531250
31,0.692486,0.182195,7753.119629
32,0.715792,0.195132,8002.682617
33,0.737112,0.210878,8252.238281
34,0.750163,0.241324,8501.815430
35,0.761754,0.286973,8751.355469
36,0.773196,0.340341,9000.958008
37,0.774278,0.363059,9250.470703
38,0.771621,0.373249,9500.108398
39,0.766439,0.438982,9766.261719
40,0.776648,0.512059,10015.844727
41,0.783857,0.542920,10265.396484
42,0.785030,0.577469,10514.966797
43,0.798388,0.641943,10764.489258
44,0.841754,0.671550,11014.094727
45,0.905023,0.686336,11263.733398
46,0.948011,0.713786,11513.269531
47,0.955647,0.686278,11762.798828
48,0.951278,0.608282,12012.364258
49,0.943406,0.586071,12261.902344
50,0.941268,0.571729,12511.444336
51,0.941250,0.529097,12761.063477
52,0.930522,0.513991,13010.645508
53,0.916480,0.449849,13260.162109
54,0.908154,0.397110,13509.690430
55,0.911169,0.377669,13759.339844
56,0.933289,0.445698,14008.879883
57,0.951462,0.517066,14258.385742
58,0.951970,0.539432,14508.029297
59,0.947825,0.553890,14757.574219
60,0.948811,0.558817,15007.136719
61,0.951470,0.564517,15256.641602
62,0.952812,0.570481,15506.252930
63,0.971826,0.556514,15755.773438
64,0.013821,0.559159,16005.336914
65,0.040565,0.567082,16254.970703
66,0.065322,0.548396,16504.505859
67,0.085299,0.520078,16754.134766
68,0.096230,0.503443,17003.589844
69,0.096815,0.495059,17253.203125
70,0.091979,0.488468,17502.716797
71,0.084535,0.484995,17752.281250
72,0.073556,0.483128,18001.894531
73,0.057981,0.479762,18251.533203
74,0.033460,0.468049,18501.007812
75,0.964786,0.433919,18750.560547
76,0.834089,0.412225,19000.121094
77,0.752607,0.373114,19266.322266
78,0.701140,0.325927,19515.871094
79,0.649031,0.294010,19765.474609
80,0.556159,0.290751,20014.996094
81,0.457780,0.330814,20264.671875
82,0.410189,0.362345,20514.201172
83,0.380614,0.376313,20763.681641
84,0.349445,0.379925,21013.269531
85,0.322291,0.377256,21262.810547
86,0.297739,0.371926,21512.431641
87,0.273532,0.352885,21761.947266
88,0.253599,0.330023,22011.562500
89,0.242353,0.323236,22261.111328
90,0.245493,0.325864,22510.625000
91,0.240418,0.332501,22760.277344
92,0.204244,0.365186,23009.775391
93,0.186004,0.391840,23259.369141
94,0.185961,0.456711,23508.921875
95,0.206962,0.576608,23758.490234
96,0.221517,0.640202,24008.019531
97,0.238676,0.692435,24257.599609
98,0.250965,0.731478,24507.173828
99,0.265723,0.745409,24756.759766
0,0.749431,0.458905,0.009023
1,0.747140,0.452730,266.259399
2,0.746698,0.447810,515.832031
3,0.745206,0.434053,765.428284
4,0.740871,0.376091,1015.043701
5,0.739871,0.317770,1264.473511
6,0.752505,0.254771,1514.157227
7,0.768106,0.166394,1763.603149
8,0.753748,0.092054,2013.149414
9,0.747194,0.079654,2262.770996
10,0.752686,0.082980,2512.363770
11,0.752516,0.089202,2761.885498
12,0.742705,0.112652,3011.483643
13,0.733404,0.173986,3261.036377
14,0.733643,0.263224,3510.602295
15,0.732913,0.366255,3760.073730
16,0.732544,0.448218,4009.674316
17,0.734155,0.523031,4259.328613
18,0.710541,0.598323,4508.806641
19,0.657653,0.616402,4758.411133
20,0.605271,0.615191,5007.978027
21,0.571743,0.606382,5257.571777
22,0.547567,0.602387,5507.019043
23,0.509668,0.595077,5756.647461
24,0.468378,0.586760,6006.183105
25,0.431975,0.567025,6255.764160
26,0.399430,0.523312,6505.256348
27,0.375182,0.493580,6754.875977
28,0.360981,0.460610,7004.555664
29,0.336761,0.423867,7253.997070
30,0.297190,0.411526,7503.671387
31,0.256038,0.331027,7753.165039
32,0.231876,0.268839,8002.727539
33,0.229452,0.252596,8252.228516
34,0.242325,0.271238,8501.843750
35,0.245219,0.333655,8751.378906
36,0.229019,0.474276,9000.994141
37,0.211008,0.625659,9250.507812
38,0.228045,0.728701,9500.184570
39,0.238573,0.776045,9766.373047
40,0.251217,0.811011,10015.818359
41,0.265916,0.812771,10265.441406
42,0.291169,0.802202,10515.051758
43,0.317212,0.783250,10764.625977
44,0.337712,0.756999,11014.045898
45,0.372533,0.707810,11263.690430
46,0.412489,0.639006,11513.221680
47,0.448746,0.606264,11762.863281
48,0.477728,0.592945,12012.292969
49,0.491800,0.580867,12261.948242
50,0.499592,0.564521,12511.568359
51,0.501405,0.548863,12761.017578
52,0.503125,0.540432,13010.691406
53,0.502881,0.518777,13260.191406
54,0.504385,0.473649,13509.807617
55,0.505428,0.452881,13759.254883
56,0.503966,0.445966,14008.907227
57,0.503457,0.423877,14258.443359
58,0.501345,0.417574,14507.980469
59,0.487873,0.464744,14757.531250
60,0.488028,0.540418,15007.216797
61,0.515799,0.576076,15256.599609
62,0.560154,0.591638,15506.253906
63,0.574518,0.665802,15755.960938
64,0.553955,0.730837,16005.398438
65,0.548169,0.751055,16254.840820
66,0.563867,0.733676,16504.494141
67,0.603259,0.688093,16754.087891
68,0.634336,0.628379,17003.625000
69,0.652514,0.575320,17253.187500
70,0.660113,0.552670,17502.798828
71,0.667068,0.531094,17752.361328
72,0.672482,0.501538,18001.833984
73,0.673799,0.471624,18251.453125
74,0.693415,0.479531,18501.058594
75,0.686780,0.507702,18750.648438
76,0.639839,0.602357,19000.152344
77,0.590570,0.623023,19266.277344
78,0.533941,0.593830,19515.859375
79,0.506373,0.555144,19765.437500
80,0.498831,0.514878,20015.019531
81,0.496958,0.501336,20264.546875
82,0.495481,0.515352,20514.232422
83,0.495167,0.532986,20763.695312
84,0.498623,0.547171,21013.263672
85,0.502559,0.553588,21262.835938
86,0.505072,0.555724,21512.355469
87,0.503983,0.557351,21762.039062
88,0.498176,0.550415,22011.494141
89,0.489702,0.537235,22261.183594
90,0.475305,0.511721,22510.660156
91,0.454563,0.478445,22760.238281
92,0.428036,0.454524,23043.132812
93,0.391361,0.411672,23292.636719
94,0.364804,0.324954,23508.822266
95,0.374774,0.277773,23758.441406
96,0.351723,0.285229,24008.083984
97,0.335592,0.303518,24257.587891
98,0.337506,0.305101,24507.242188
99,0.354348,0.326549,24756.712891
0,0.744587,0.605679,-0.026733
1,0.730577,0.608838,266.130890
2,0.712591,0.617139,515.695740
3,0.685789,0.619359,765.297302
4,0.651413,0.601890,1014.836670
5,0.622121,0.583112,1264.479248
6,0.606432,0.559623,1513.989014
7,0.593557,0.545783,1763.548340
8,0.570811,0.543571,2013.058350
9,0.555344,0.545018,2262.630859
10,0.543289,0.526269,2512.225098
11,0.525484,0.464238,2761.752930
12,0.518887,0.417236,3011.358643
13,0.514818,0.360670,3260.950684
14,0.504377,0.347896,3510.491943
15,0.483835,0.411588,3760.020508
16,0.475404,0.520434,4009.672363
17,0.459487,0.596596,4259.179199
18,0.435330,0.637113,4508.744141
19,0.413642,0.659026,4758.293457
20,0.401744,0.686383,5007.865234
21,0.399815,0.690637,5257.458496
22,0.404967,0.685703,5506.984863
23,0.418524,0.676233,5756.528809
24,0.447277,0.678934,6006.118652
25,0.479380,0.692525,6255.677734
26,0.514536,0.729157,6505.242188
27,0.547695,0.733175,6754.810547
28,0.603667,0.707965,7004.375488
29,0.649024,0.650041,7253.929688
30,0.690144,0.603492,7503.474121
31,0.715899,0.557877,7753.051270
32,0.736543,0.527519,8002.648438
33,0.761634,0.523975,8252.190430
34,0.799879,0.529728,8501.736328
35,0.844122,0.543467,8751.331055
36,0.889289,0.546355,9000.871094
37,0.926170,0.549559,9250.438477
38,0.949033,0.548982,9516.649414
39,0.963706,0.534565,9766.186523
40,0.963763,0.478688,10015.777344
41,0.956948,0.403137,10265.317383
42,0.967037,0.401688,10514.910156
43,0.987659,0.463686,10764.476562
44,0.027135,0.493862,11014.019531
45,0.065938,0.513379,11263.599609
46,0.086918,0.554591,11513.145508
47,0.107632,0.593299,11762.708984
48,0.112590,0.623296,12012.259766
49,0.112125,0.663490,12261.846680
50,0.107568,0.718728,12511.411133
51,0.104317,0.755604,12760.992188
52,0.100900,0.763679,13010.534180
53,0.090895,0.753101,13260.130859
54,0.073530,0.733652,13509.671875
55,0.037261,0.676529,13759.240234
56,0.003963,0.642810,14008.776367
57,0.972167,0.615583,14258.338867
58,0.962597,0.586963,14507.906250
59,0.939026,0.550604,14757.482422
60,0.870829,0.505817,15007.056641
61,0.804687,0.489511,15256.640625
62,0.742680,0.478950,15506.170898
63,0.690859,0.490373,15755.733398
64,0.644579,0.507699,16005.287109
65,0.606680,0.516466,16254.865234
66,0.581158,0.539337,16504.406250
67,0.558017,0.560439,16753.980469
68,0.540113,0.569137,17003.550781
69,0.528841,0.570474,17253.123047
70,0.518185,0.569158,17502.681641
71,0.516202,0.569824,17752.273438
72,0.520916,0.549618,18001.826172
73,0.521475,0.527085,18251.378906
74,0.522354,0.486052,18500.939453
75,0.532321,0.414547,18750.509766
76,0.543022,0.389556,19000.070312
77,0.541962,0.369057,19266.259766
78,0.543349,0.347035,19515.837891
79,0.550477,0.350994,19765.394531
80,0.567305,0.372054,20014.951172
81,0.585855,0.403326,20264.525391
82,0.611678,0.435836,20514.078125
83,0.650780,0.455646,20763.652344
84,0.688372,0.473003,21013.208984
85,0.712942,0.474136,21262.773438
86,0.735613,0.478102,21512.322266
87,0.746530,0.464442,21761.896484
88,0.735714,0.426460,22011.470703
89,0.731431,0.415203,22261.029297
90,0.753118,0.419406,22510.605469
91,0.808002,0.432110,22760.154297
92,0.849857,0.445478,23009.724609
93,0.870627,0.453281,23259.273438
94,0.886033,0.447196,23508.851562
95,0.888714,0.416048,23758.419922
96,0.893500,0.376735,24007.962891
97,0.904436,0.362240,24257.527344
98,0.923619,0.364626,24507.138672
99,0.944751,0.362900,24756.669922
0,0.750199,0.518497,0.015320
1,0.751946,0.519161,266.287018
2,0.751259,0.522422,515.795898
3,0.751562,0.525661,765.319092
4,0.752699,0.522158,1014.941162
5,0.754716,0.507630,1264.499268
6,0.756165,0.496838,1514.117310
7,0.752881,0.490285,1763.588867
8,0.750047,0.475909,2013.169556
9,0.744887,0.428250,2262.730957
10,0.744169,0.390756,2512.320068
11,0.727329,0.359838,2761.858887
12,0.701996,0.341001,3011.400146
13,0.678168,0.337089,3260.983154
14,0.646452,0.344032,3510.574219
15,0.620295,0.355104,3760.104736
16,0.599817,0.373213,4009.674561
17,0.588156,0.380508,4259.257812
18,0.579209,0.406202,4508.808594
19,0.566604,0.460936,4758.386719
20,0.551429,0.518181,5007.951172
21,0.537447,0.554994,5257.478516
22,0.520964,0.578633,5507.081055
23,0.491929,0.567969,5756.619141
24,0.462411,0.546354,6006.204590
25,0.442556,0.534431,6255.739258
26,0.448561,0.515896,6505.304199
27,0.456832,0.495607,6754.913574
28,0.460840,0.467098,7004.428711
29,0.464624,0.430387,7254.047363
30,0.473649,0.378954,7503.555176
31,0.480955,0.336572,7753.155273
32,0.482618,0.307126,8002.696777
33,0.487151,0.278451,8252.257812
34,0.498312,0.250043,8501.811523
35,0.510464,0.227085,8751.385742
36,0.518335,0.208603,9000.961914
37,0.532651,0.185694,9250.499023
38,0.569550,0.166775,9500.071289
39,0.642145,0.157211,9766.282227
40,0.703377,0.150944,10015.832031
41,0.739862,0.143301,10265.407227
42,0.806001,0.160859,10514.988281
43,0.865548,0.222351,10764.541016
44,0.883504,0.291540,11014.126953
45,0.888548,0.344613,11263.665039
46,0.896957,0.415295,11513.246094
47,0.903847,0.461341,11762.796875
48,0.919952,0.482740,12012.369141
49,0.950464,0.495114,12261.899414
50,0.972573,0.522414,12511.475586
51,0.988547,0.557945,12761.041992
52,0.004289,0.577164,13010.627930
53,0.002105,0.595637,13260.165039
54,0.956930,0.634569,13509.743164
55,0.893489,0.694752,13759.315430
56,0.861054,0.752774,14008.892578
57,0.841801,0.786090,14258.421875
58,0.788390,0.792240,14507.984375
59,0.731369,0.770929,14757.586914
60,0.690684,0.751944,15007.126953
61,0.664012,0.737032,15256.667969
62,0.650399,0.714532,15506.260742
63,0.651758,0.685030,15755.831055
64,0.670177,0.644035,16005.386719
65,0.687011,0.596081,16254.933594
66,0.691290,0.551260,16504.521484
67,0.701357,0.505345,16754.060547
68,0.725207,0.479170,17003.613281
69,0.750969,0.453895,17253.191406
70,0.778523,0.398480,17502.777344
71,0.805379,0.366484,17752.333984
72,0.833647,0.352210,18001.882812
73,0.867916,0.363379,18251.445312
74,0.883100,0.373088,18501.003906
75,0.884466,0.369587,18750.572266
76,0.857185,0.374025,19000.154297
77,0.845523,0.402833,19266.345703
78,0.843193,0.443181,19515.941406
79,0.871425,0.451852,19765.476562
80,0.956729,0.457325,20015.054688
81,0.054219,0.478476,20264.603516
82,0.120650,0.527821,20514.187500
83,0.161365,0.602677,20763.759766
84,0.179906,0.681004,21013.279297
85,0.195968,0.718281,21262.849609
86,0.219786,0.720697,21512.408203
87,0.251264,0.698088,21761.994141
88,0.289315,0.667919,22011.533203
89,0.324102,0.645028,22261.099609
90,0.359507,0.626026,22510.708984
91,0.389216,0.601798,22760.220703
92,0.408681,0.575150,23009.820312
93,0.428180,0.556878,23259.369141
94,0.442291,0.535969,23508.927734
95,0.441083,0.514620,23758.484375
96,0.435836,0.499481,24008.066406
97,0.433245,0.478005,24257.609375
98,0.419710,0.435790,24507.177734
99,0.405115,0.407249,24756.796875
0,0.749851,0.562168,0.012746
1,0.749360,0.565208,266.183258
2,0.747640,0.562978,515.807678
3,0.739285,0.552756,765.288696
4,0.715902,0.541693,1014.918396
5,0.693181,0.529661,1264.467163
6,0.674535,0.527551,1513.989136
7,0.651637,0.529581,1763.609497
8,0.621898,0.535680,2013.165894
9,0.583212,0.551804,2262.679932
10,0.556419,0.563470,2512.233154
11,0.543280,0.560719,2761.889160
12,0.528677,0.560582,3011.404785
13,0.506774,0.565878,3260.996826
14,0.490151,0.568452,3510.530518
15,0.480264,0.580465,3760.109375
16,0.471356,0.600451,4009.661133
17,0.458663,0.616740,4259.209473
18,0.452886,0.628608,4508.770996
19,0.451006,0.636676,4758.360352
20,0.449236,0.639792,5007.904785
21,0.449624,0.642416,5257.468262
22,0.460074,0.636063,5507.111816
23,0.479106,0.630710,5756.687012
24,0.494233,0.624532,6006.144043
25,0.498058,0.619825,6255.732422
26,0.499043,0.617384,6505.292480
27,0.506956,0.610753,6754.825195
28,0.511412,0.609161,7004.430176
29,0.512122,0.608863,7253.939941
30,0.512651,0.609576,7503.582031
31,0.515304,0.598770,7753.091309
32,0.553571,0.570261,8002.719727
33,0.588046,0.579555,8252.244141
34,0.608644,0.583495,8501.778320
35,0.623941,0.585223,8751.374023
36,0.627621,0.587634,9000.969727
37,0.623699,0.591512,9250.518555
38,0.628770,0.592092,9500.041992
39,0.630692,0.590698,9766.256836
40,0.632306,0.588969,10015.862305
41,0.630941,0.588918,10265.452148
42,0.623577,0.587856,10514.950195
43,0.622500,0.587226,10764.534180
44,0.638437,0.588861,11014.101562
45,0.702904,0.590543,11263.657227
46,0.770970,0.586433,11513.176758
47,0.843233,0.581160,11762.800781
48,0.899405,0.582551,12012.335938
49,0.931674,0.605387,12261.979492
50,0.960304,0.622411,12511.469727
51,0.976644,0.658242,12761.111328
52,0.982856,0.674020,13010.609375
53,0.981993,0.642865,13260.126953
54,0.980975,0.597295,13509.716797
55,0.975608,0.568370,13759.264648
56,0.970971,0.530032,14008.874023
57,0.969429,0.504022,14258.394531
58,0.969526,0.501591,14508.058594
59,0.968356,0.514340,14757.593750
60,0.968873,0.533900,15007.082031
61,0.971189,0.560810,15256.641602
62,0.971277,0.571962,15506.250000
63,0.976106,0.585097,15755.810547
64,0.982042,0.596991,16005.326172
65,0.981806,0.604889,16254.926758
66,0.978716,0.611068,16504.455078
67,0.966638,0.623298,16754.013672
68,0.959493,0.635383,17003.619141
69,0.962767,0.646312,17253.220703
70,0.964912,0.651502,17502.794922
71,0.963714,0.655435,17752.316406
72,0.976311,0.653161,18001.888672
73,0.013527,0.644200,18251.400391
74,0.064966,0.632879,18501.019531
75,0.109386,0.627347,18750.519531
76,0.151446,0.623663,19000.195312
77,0.190286,0.631836,19266.347656
78,0.222477,0.678256,19516.001953
79,0.244310,0.739516,19765.437500
80,0.249071,0.782437,20015.099609
81,0.243216,0.816507,20264.542969
82,0.227928,0.837075,20514.144531
83,0.206880,0.839557,20763.732422
84,0.197719,0.838087,21013.375000
85,0.195376,0.840883,21262.873047
86,0.194239,0.839293,21512.378906
87,0.203325,0.835220,21762.052734
88,0.233418,0.817686,22011.527344
89,0.275472,0.787588,22261.058594
90,0.307561,0.777584,22510.660156
91,0.333912,0.773572,22760.255859
92,0.355005,0.775805,23009.755859
93,0.372915,0.777171,23259.314453
94,0.396233,0.763080,23508.945312
95,0.409205,0.746127,23758.490234
96,0.413093,0.738719,24008.050781
97,0.428068,0.714376,24257.625000
98,0.453227,0.686378,24507.199219
99,0.466948,0.679011,24756.722656
0,0.717771,0.545798,0.051351
1,0.715810,0.567172,266.350006
2,0.730391,0.607071,515.793213
3,0.779486,0.635488,765.460449
4,0.823963,0.618470,1014.984253
5,0.865668,0.598083,1264.485229
6,0.908904,0.583828,1514.123047
7,0.949279,0.576151,1763.701172
8,0.992928,0.549091,2013.220337
9,0.045373,0.525373,2262.741455
10,0.094178,0.513854,2512.292236
11,0.147039,0.506231,2761.922852
12,0.202868,0.501646,3011.462402
13,0.257238,0.487939,3261.041748
14,0.312231,0.495029,3510.613281
15,0.360225,0.520563,3760.208740
16,0.397209,0.533892,4009.713135
17,0.431160,0.539397,4259.250488
18,0.463410,0.545059,4508.846680
19,0.493878,0.548328,4758.383789
20,0.522759,0.546100,5008.054688
21,0.551115,0.543246,5257.558105
22,0.566341,0.539805,5523.722656
23,0.559748,0.533194,5756.663086
24,0.537566,0.524406,6006.267578
25,0.517808,0.551291,6255.762695
26,0.540020,0.562503,6505.338867
27,0.517514,0.562794,6754.927246
28,0.446789,0.555312,7004.461914
29,0.378946,0.555362,7254.098145
30,0.284369,0.551596,7503.586426
31,0.184991,0.534174,7753.227539
32,0.108637,0.531809,8002.702148
33,0.056640,0.548366,8252.382812
34,0.024345,0.568843,8501.856445
35,0.005063,0.578549,8751.460938
36,0.991079,0.580063,9001.072266
37,0.075547,0.574048,9250.530273
38,0.178281,0.592722,9500.151367
39,0.237184,0.607221,9766.358398
40,0.293729,0.605814,10015.894531
41,0.359111,0.616325,10265.460938
42,0.394691,0.619447,10515.101562
43,0.411420,0.619966,10764.559570
44,0.422391,0.617740,11014.217773
45,0.415858,0.628077,11263.665039
46,0.384832,0.654486,11513.285156
47,0.365312,0.653208,11762.796875
48,0.284906,0.633876,12012.400391
49,0.131213,0.601245,12262.011719
50,0.049106,0.596230,12511.558594
51,0.953125,0.589408,12761.138672
52,0.881641,0.584892,13010.617188
53,0.823361,0.573027,13260.255859
54,0.776629,0.556583,13509.796875
55,0.745063,0.546884,13759.311523
56,0.703970,0.500794,14008.942383
57,0.677238,0.453489,14258.526367
58,0.686739,0.421985,14508.117188
59,0.744124,0.386576,14757.577148
60,0.822972,0.410123,15007.207031
61,0.924996,0.527854,15256.723633
62,0.980974,0.577916,15506.313477
63,0.002290,0.577944,15755.874023
64,0.028925,0.574060,16005.497070
65,0.058582,0.569679,16254.961914
66,0.039318,0.566459,16504.554688
67,0.997095,0.544837,16754.128906
68,0.953688,0.542932,17003.712891
69,0.905175,0.546335,17253.265625
70,0.848366,0.544711,17502.853516
71,0.797964,0.552734,17752.453125
72,0.772566,0.555261,18001.892578
73,0.729878,0.602736,18251.472656
74,0.734586,0.633129,18501.025391
75,0.812883,0.628335,18750.648438
76,0.863393,0.618420,19000.265625
77,0.918676,0.598116,19266.357422
78,0.972654,0.579907,19515.929688
79,0.997515,0.575889,19765.597656
80,0.979184,0.572130,20015.109375
81,0.988050,0.539542,20264.636719
82,0.017918,0.514102,20514.175781
83,0.051963,0.496778,20763.767578
84,0.091311,0.492215,21013.355469
85,0.123282,0.491876,21262.912109
86,0.148143,0.486210,21512.523438
87,0.168252,0.490979,21762.029297
88,0.183441,0.493383,22011.544922
89,0.192082,0.493655,22261.126953
90,0.191440,0.473040,22510.728516
91,0.185725,0.367823,22760.259766
92,0.165692,0.288170,23009.845703
93,0.141549,0.234007,23259.431641
94,0.109591,0.211906,23508.958984
95,0.064953,0.202312,23758.517578
96,0.002545,0.237647,24008.121094
97,0.942092,0.228886,24257.683594
98,0.876193,0.224280,24507.201172
99,0.827370,0.268889,24756.761719
0,0.753583,0.255148,0.017874
1,0.757140,0.256656,266.210388
2,0.755563,0.260151,515.877014
3,0.732235,0.287602,765.346313
4,0.680279,0.359341,1014.940796
5,0.635006,0.432969,1264.495972
6,0.601217,0.493417,1514.109619
7,0.601298,0.543546,1763.581421
8,0.611724,0.621036,2013.170654
9,0.613922,0.684239,2262.723145
10,0.589131,0.689960,2512.327393
11,0.533423,0.632437,2761.841797
12,0.499219,0.578220,3011.459717
13,0.477897,0.550019,3261.024658
14,0.458773,0.545761,3510.579346
15,0.465345,0.548518,3760.136475
16,0.472824,0.544103,4009.667480
17,0.478320,0.535968,4259.218750
18,0.474593,0.517839,4508.807617
19,0.470219,0.488312,4758.384277
20,0.458287,0.459901,5007.955566
21,0.447338,0.460775,5257.482910
22,0.447074,0.468615,5507.083984
23,0.450773,0.472881,5756.606445
24,0.460139,0.471859,6006.187500
25,0.486031,0.471566,6255.766113
26,0.521145,0.466322,6505.334961
27,0.555378,0.457770,6754.887207
28,0.584225,0.455061,7004.452637
29,0.603917,0.459870,7254.006836
30,0.623264,0.462077,7503.576660
31,0.654463,0.444817,7753.121094
32,0.691347,0.431479,8002.708984
33,0.736468,0.425413,8252.275391
34,0.775526,0.411477,8501.825195
35,0.816330,0.388646,8751.389648
36,0.876075,0.376100,9000.963867
37,0.945764,0.407771,9250.509766
38,0.996500,0.470483,9500.080078
39,0.027850,0.555423,9766.303711
40,0.031571,0.612145,10015.854492
41,0.024634,0.605762,10265.419922
42,0.024172,0.596808,10514.979492
43,0.022109,0.600093,10764.554688
44,0.018421,0.639763,11014.106445
45,0.012270,0.718048,11263.666016
46,0.998969,0.766198,11513.212891
47,0.986501,0.796400,11762.802734
48,0.929687,0.828389,12012.356445
49,0.825371,0.856204,12261.919922
50,0.724667,0.856907,12511.498047
51,0.657949,0.839327,12761.047852
52,0.596924,0.765428,13010.606445
53,0.559178,0.666913,13260.159180
54,0.534249,0.593408,13509.738281
55,0.522697,0.535426,13759.320312
56,0.520991,0.507392,14008.868164
57,0.524555,0.502918,14258.443359
58,0.530771,0.506494,14508.022461
59,0.543646,0.515454,14757.586914
60,0.566613,0.508015,15007.140625
61,0.597448,0.497278,15256.704102
62,0.639415,0.481052,15506.241211
63,0.693017,0.467516,15755.807617
64,0.730626,0.459616,16005.362305
65,0.759527,0.493368,16254.980469
66,0.786037,0.569728,16504.503906
67,0.795768,0.630252,16754.070312
68,0.773619,0.662447,17003.640625
69,0.732462,0.670591,17253.214844
70,0.697731,0.660381,17502.748047
71,0.656257,0.653725,17752.312500
72,0.615232,0.630412,18001.882812
73,0.570280,0.589021,18251.462891
74,0.527347,0.547832,18501.029297
75,0.483042,0.530569,18750.585938
76,0.438627,0.515427,19000.152344
77,0.395372,0.510879,19266.333984
78,0.364553,0.544686,19515.939453
79,0.337951,0.565131,19765.494141
80,0.300879,0.578220,20015.072266
81,0.270338,0.611484,20264.603516
82,0.237200,0.641097,20514.173828
83,0.214596,0.659832,20763.728516
84,0.201764,0.645838,21013.318359
85,0.211375,0.543757,21262.841797
86,0.223681,0.438153,21512.447266
87,0.244511,0.371279,21761.996094
88,0.284256,0.336978,22011.544922
89,0.312274,0.316057,22261.109375
90,0.327294,0.288016,22510.666016
91,0.345499,0.253249,22760.236328
92,0.348929,0.222269,23009.796875
93,0.281305,0.239255,23259.371094
94,0.214760,0.284430,23508.937500
95,0.161540,0.338712,23758.500000
96,0.130378,0.391755,24008.060547
97,0.116046,0.458636,24257.619141
98,0.111349,0.516997,24507.193359
99,0.111467,0.536143,24756.750000
0,0.751102,0.564136,-0.002456
1,0.752048,0.563298,266.171295
2,0.750554,0.559095,515.734680
3,0.746297,0.545842,765.322449
4,0.749519,0.514817,1014.869751
5,0.756892,0.507717,1264.411987
6,0.763680,0.519124,1514.055542
7,0.746316,0.528973,1763.671143
8,0.762692,0.531586,2013.119873
9,0.770392,0.566420,2262.732178
10,0.755754,0.591126,2512.299805
11,0.743422,0.596087,2761.815186
12,0.745638,0.594481,3011.381348
13,0.747133,0.592029,3260.949951
14,0.740687,0.587710,3510.535156
15,0.692616,0.585066,3760.056396
16,0.641558,0.593312,4009.699219
17,0.611812,0.619153,4259.302246
18,0.604338,0.656285,4508.830078
19,0.609590,0.670229,4758.365723
20,0.612377,0.673125,5007.915039
21,0.619591,0.664920,5257.489746
22,0.633588,0.633454,5507.007324
23,0.644076,0.592564,5756.625488
24,0.646657,0.557490,6006.157715
25,0.645919,0.535509,6255.771973
26,0.639304,0.471049,6505.303223
27,0.634970,0.380391,6754.885254
28,0.646114,0.323727,7004.444336
29,0.656745,0.264462,7253.955078
30,0.671734,0.224728,7503.623047
31,0.704742,0.193836,7753.084473
32,0.754665,0.184701,8002.692383
33,0.800898,0.186267,8252.222656
34,0.806478,0.169112,8501.891602
35,0.802532,0.167127,8751.342773
36,0.800951,0.170185,9000.915039
37,0.802003,0.170528,9250.584961
38,0.801340,0.169045,9500.034180
39,0.801405,0.169262,9766.250977
40,0.803595,0.169976,10015.921875
41,0.805929,0.171145,10265.378906
42,0.807160,0.175856,10514.999023
43,0.829229,0.213317,10764.514648
44,0.882291,0.321121,11014.075195
45,0.910227,0.409028,11263.713867
46,0.922712,0.461429,11513.211914
47,0.945687,0.521684,11762.802734
48,0.968557,0.553798,12012.311523
49,0.976705,0.566883,12261.920898
50,0.975378,0.576500,12511.431641
51,0.970402,0.585372,12761.043945
52,0.964564,0.590323,13010.672852
53,0.963803,0.583151,13260.252930
54,0.961077,0.578598,13509.806641
55,0.957910,0.584969,13759.292969
56,0.955417,0.578520,14008.904297
57,0.953340,0.578857,14258.419922
58,0.950762,0.578281,14508.054688
59,0.947912,0.572438,14757.531250
60,0.937803,0.576097,15007.131836
61,0.886269,0.589308,15256.704102
62,0.772926,0.624199,15506.214844
63,0.663085,0.647986,15755.902344
64,0.627515,0.700095,16005.370117
65,0.736010,0.782586,16254.900391
66,0.815817,0.825656,16504.466797
67,0.817080,0.856491,16754.035156
68,0.810168,0.877826,17003.638672
69,0.823588,0.883817,17253.187500
70,0.837396,0.882172,17502.802734
71,0.839837,0.877547,17752.419922
72,0.834769,0.873909,18001.847656
73,0.829415,0.871511,18251.460938
74,0.826639,0.870767,18501.003906
75,0.826366,0.871064,18750.552734
76,0.798084,0.860707,19000.099609
77,0.669469,0.795832,19266.332031
78,0.570987,0.737212,19515.904297
79,0.518579,0.691046,19765.480469
80,0.508384,0.672376,20015.041016
81,0.537055,0.673907,20264.638672
82,0.607158,0.673809,20514.197266
83,0.608024,0.660185,20763.746094
84,0.595210,0.638299,21013.263672
85,0.584849,0.618971,21262.855469
86,0.578265,0.600792,21512.386719
87,0.567605,0.576393,21761.972656
88,0.532056,0.523697,22011.560547
89,0.480796,0.433882,22261.132812
90,0.453394,0.408436,22510.660156
91,0.413731,0.464225,22760.220703
92,0.381694,0.555190,23009.769531
93,0.360409,0.616835,23259.378906
94,0.348833,0.639333,23508.902344
95,0.344649,0.660737,23758.474609
96,0.340967,0.676857,24008.048828
97,0.335372,0.689604,24257.652344
98,0.323155,0.705134,24507.167969
99,0.309094,0.719854,24756.769531
0,0.750286,0.489011,0.018631
1,0.750282,0.489311,266.292664
2,0.748807,0.496619,515.965210
3,0.745879,0.574182,765.344177
4,0.751417,0.668904,1014.980103
5,0.753459,0.755034,1264.508545
6,0.733625,0.814478,1514.078979
7,0.687711,0.823548,1763.633179
8,0.614048,0.805345,2013.231323
9,0.544142,0.763312,2262.748535
10,0.505477,0.746687,2512.313965
11,0.473638,0.728516,2761.916992
12,0.446083,0.687433,3011.423096
13,0.447399,0.651508,3261.069824
14,0.460091,0.598440,3510.602295
15,0.481390,0.543963,3760.214111
16,0.499369,0.506006,4009.718750
17,0.512731,0.463135,4259.343750
18,0.515974,0.417333,4508.823242
19,0.523352,0.359076,4758.431641
20,0.536346,0.299361,5007.929199
21,0.548049,0.262949,5257.508301
22,0.590801,0.206908,5507.038086
23,0.785368,0.166548,5756.696777
24,0.935949,0.235960,6006.188965
25,0.987757,0.297516,6255.803711
26,0.992384,0.373705,6505.465820
27,0.989637,0.466642,6754.894531
28,0.998122,0.503138,7004.514160
29,0.010440,0.532018,7254.058105
30,0.018052,0.555751,7503.593262
31,0.019678,0.613481,7753.217285
32,0.010773,0.685583,8002.785156
33,0.987167,0.740686,8252.250977
34,0.971359,0.769721,8501.852539
35,0.954703,0.769706,8751.437500
36,0.881371,0.724770,9000.993164
37,0.815212,0.662107,9250.499023
38,0.767752,0.604470,9500.060547
39,0.752081,0.528073,9766.332031
40,0.751879,0.437074,10015.802734
41,0.753012,0.381655,10265.490234
42,0.756338,0.329264,10514.913086
43,0.763635,0.284469,10764.625000
44,0.767437,0.273098,11014.073242
45,0.767182,0.300808,11263.682617
46,0.761321,0.383634,11513.170898
47,0.758717,0.427273,11762.763672
48,0.758495,0.461677,12012.446289
49,0.758767,0.487327,12261.893555
50,0.758159,0.488563,12511.580078
51,0.757308,0.481156,12761.014648
52,0.755855,0.476832,13010.702148
53,0.753305,0.474407,13260.119141
54,0.752261,0.472448,13509.807617
55,0.776267,0.474152,13759.284180
56,0.795963,0.474894,14008.852539
57,0.802669,0.474702,14258.420898
58,0.802837,0.493530,14508.006836
59,0.784189,0.529780,14757.560547
60,0.734363,0.548922,15007.086914
61,0.674290,0.543300,15256.623047
62,0.654035,0.539028,15506.252930
63,0.651010,0.546339,15755.825195
64,0.643218,0.548549,16005.412109
65,0.630927,0.529789,16254.930664
66,0.628367,0.513810,16504.482422
67,0.626985,0.542959,16754.048828
68,0.624447,0.578152,17003.634766
69,0.616091,0.589019,17253.242188
70,0.607994,0.600121,17502.666016
71,0.605195,0.591157,17752.341797
72,0.604584,0.559423,18001.931641
73,0.601910,0.537693,18251.523438
74,0.585995,0.528204,18501.025391
75,0.535819,0.466868,18750.632812
76,0.491022,0.488027,19000.154297
77,0.455333,0.523018,19266.335938
78,0.427175,0.550507,19515.898438
79,0.409691,0.573486,19765.492188
80,0.396873,0.585299,20015.111328
81,0.395316,0.591791,20264.525391
82,0.397400,0.592866,20514.128906
83,0.400311,0.553037,20763.804688
84,0.417183,0.466037,21013.220703
85,0.436467,0.421002,21262.849609
86,0.463541,0.382377,21512.398438
87,0.530148,0.326671,21762.052734
88,0.626507,0.287795,22011.576172
89,0.700596,0.275748,22261.091797
90,0.745520,0.271652,22510.658203
91,0.761942,0.264488,22760.191406
92,0.774648,0.257301,23009.742188
93,0.779532,0.250689,23259.347656
94,0.779682,0.249964,23508.996094
95,0.775818,0.249007,23758.451172
96,0.772782,0.256880,24008.050781
97,0.772448,0.260820,24257.597656
98,0.772212,0.262756,24507.195312
99,0.771950,0.262046,24756.738281
0,0.747680,0.508406,0.001115
1,0.743791,0.507895,266.224701
2,0.740513,0.505863,515.738281
3,0.734081,0.505802,765.357422
4,0.720241,0.505518,1014.889709
5,0.699957,0.507003,1264.552856
6,0.680538,0.509008,1514.096558
7,0.656122,0.516866,1763.565918
8,0.634901,0.517797,2013.230713
9,0.613131,0.522269,2262.690186
10,0.581311,0.539817,2512.280273
11,0.552571,0.560789,2761.833740
12,0.534867,0.570006,3011.490479
13,0.518474,0.571926,3260.947266
14,0.502103,0.571280,3510.531494
15,0.487552,0.570359,3760.191895
16,0.475815,0.570086,4009.699463
17,0.466503,0.569458,4259.249512
18,0.457420,0.569009,4508.794434
19,0.428226,0.571729,4758.384277
20,0.407760,0.571175,5007.911621
21,0.400585,0.572959,5257.465332
22,0.394609,0.567610,5507.072754
23,0.394605,0.548612,5756.639648
24,0.404085,0.518837,6006.192383
25,0.415846,0.487515,6255.745117
26,0.435867,0.454043,6505.309570
27,0.444068,0.428341,6754.901855
28,0.458357,0.391932,7004.423828
29,0.473385,0.352068,7253.977051
30,0.487191,0.341218,7503.558594
31,0.493658,0.364157,7753.141113
32,0.497185,0.429342,8002.690918
33,0.500366,0.470312,8252.273438
34,0.500426,0.490490,8501.828125
35,0.498619,0.504736,8751.346680
36,0.497751,0.521271,9000.958984
37,0.500379,0.536639,9250.489258
38,0.513790,0.547773,9500.053711
39,0.541429,0.562420,9766.241211
40,0.573019,0.573224,10015.854492
41,0.595017,0.571670,10265.447266
42,0.604090,0.549203,10515.024414
43,0.605982,0.509130,10764.497070
44,0.635586,0.498780,11014.118164
45,0.666574,0.498338,11263.680664
46,0.700399,0.494498,11513.227539
47,0.727556,0.491010,11762.784180
48,0.756850,0.479403,12012.375000
49,0.797600,0.468999,12261.918945
50,0.846624,0.481747,12511.472656
51,0.888454,0.495787,12761.124023
52,0.915117,0.506851,13010.631836
53,0.928756,0.515838,13260.212891
54,0.935066,0.520903,13509.723633
55,0.937646,0.521739,13759.312500
56,0.940142,0.539826,14008.858398
57,0.933896,0.582259,14258.388672
58,0.927041,0.607400,14508.029297
59,0.928627,0.623833,14757.540039
60,0.934978,0.672905,15007.139648
61,0.946737,0.710830,15256.658203
62,0.960930,0.728351,15506.257812
63,0.970430,0.731474,15755.822266
64,0.963315,0.764793,16005.342773
65,0.955085,0.805545,16254.961914
66,0.951694,0.821090,16504.460938
67,0.955717,0.810459,16754.140625
68,0.975400,0.780351,17003.646484
69,0.999428,0.740310,17253.232422
70,0.030614,0.713043,17502.742188
71,0.079049,0.718802,17752.314453
72,0.119486,0.731862,18001.939453
73,0.135953,0.744775,18251.470703
74,0.138698,0.752181,18501.046875
75,0.141856,0.716115,18750.564453
76,0.152738,0.663697,19000.152344
77,0.162754,0.631643,19266.328125
78,0.181425,0.623246,19515.906250
79,0.197173,0.598883,19765.441406
80,0.193404,0.561283,20015.103516
81,0.181576,0.511070,20264.570312
82,0.169083,0.461491,20514.248047
83,0.151893,0.451612,20763.689453
84,0.099224,0.484053,21013.318359
85,0.041417,0.527401,21262.810547
86,0.009345,0.547545,21512.390625
87,0.986123,0.561013,21762.046875
88,0.970072,0.580598,22011.578125
89,0.955860,0.596852,22261.164062
90,0.941712,0.603430,22510.628906
91,0.930395,0.607719,22760.265625
92,0.924380,0.611155,23009.810547
93,0.919972,0.618678,23259.339844
94,0.911806,0.621111,23508.892578
95,0.901320,0.622629,23758.523438
96,0.890069,0.623539,24008.064453
97,0.875998,0.622838,24257.582031
98,0.843206,0.611542,24507.269531
99,0.809982,0.588202,24756.763672
0,0.749705,0.522210,0.054023
1,0.749393,0.521718,266.286987
2,0.748690,0.523535,515.770081
3,0.748881,0.539987,765.442261
4,0.756101,0.560612,1031.579346
5,0.760516,0.569157,1264.456787
6,0.763133,0.573139,1514.094360
7,0.762920,0.571659,1763.616211
8,0.758669,0.561687,2013.214722
9,0.749420,0.547295,2262.785156
10,0.741310,0.534339,2512.392578
11,0.740693,0.520994,2761.903809
12,0.752247,0.491065,3011.452393
13,0.763048,0.468423,3260.993164
14,0.762565,0.450627,3510.542725
15,0.756179,0.441660,3760.159424
16,0.747192,0.437017,4009.697266
17,0.736691,0.435383,4259.334961
18,0.725598,0.427757,4508.922852
19,0.718401,0.424861,4758.357422
20,0.712108,0.416849,5007.984375
21,0.708304,0.413855,5257.478027
22,0.703191,0.413157,5507.052734
23,0.693874,0.412523,5756.654785
24,0.687469,0.412913,6006.205566
25,0.684389,0.413442,6255.779785
26,0.680700,0.411127,6505.328125
27,0.677840,0.410410,6754.972168
28,0.675527,0.409814,7004.436035
29,0.673949,0.408677,7253.992676
30,0.672279,0.407345,7503.616211
31,0.672042,0.407552,7753.120117
32,0.671341,0.409877,8002.746582
33,0.670527,0.412188,8252.252930
34,0.673840,0.418106,8501.870117
35,0.676925,0.420142,8751.429688
36,0.676142,0.418887,9001.021484
37,0.670298,0.421541,9250.574219
38,0.661500,0.422379,9500.091797
39,0.653361,0.426927,9766.333984
40,0.648158,0.434489,10015.880859
41,0.647355,0.441442,10265.394531
42,0.649198,0.451774,10515.069336
43,0.650679,0.458066,10764.535156
44,0.646179,0.468819,11014.197266
45,0.634976,0.480307,11263.711914
46,0.626811,0.491828,11513.230469
47,0.620197,0.501530,11762.793945
48,0.614235,0.511580,12012.346680
49,0.609121,0.514180,12261.998047
50,0.604077,0.517635,12511.611328
51,0.600176,0.518032,12761.141602
52,0.598508,0.517901,13010.641602
53,0.597404,0.515232,13260.220703
54,0.590873,0.512224,13509.783203
55,0.572601,0.514286,13759.332031
56,0.563212,0.519410,14008.901367
57,0.559099,0.522063,14258.421875
58,0.554774,0.520929,14508.032227
59,0.553192,0.515569,14757.542969
60,0.551682,0.511321,15007.166992
61,0.549512,0.519531,15256.741211
62,0.541548,0.532935,15506.260742
63,0.537688,0.537319,15755.859375
64,0.536005,0.539561,16005.437500
65,0.528141,0.539247,16255.040039
66,0.518382,0.536104,16504.498047
67,0.516479,0.526484,16754.142578
68,0.516427,0.521228,17003.609375
69,0.513162,0.518274,17253.220703
70,0.509065,0.513121,17502.794922
71,0.504992,0.509856,17752.375000
72,0.501102,0.509463,18001.925781
73,0.496207,0.512756,18251.460938
74,0.493819,0.516457,18501.066406
75,0.494713,0.521976,18750.609375
76,0.490791,0.529531,19000.164062
77,0.490242,0.543264,19266.351562
78,0.490962,0.554935,19515.984375
79,0.484493,0.564045,19765.480469
80,0.476215,0.570210,20015.078125
81,0.470037,0.574124,20264.607422
82,0.464753,0.574719,20514.214844
83,0.457683,0.578765,20763.726562
84,0.447956,0.581372,21013.330078
85,0.439844,0.583958,21262.855469
86,0.432775,0.584737,21512.457031
87,0.426884,0.585313,21761.986328
88,0.413287,0.588077,22011.576172
89,0.394607,0.593624,22261.169922
90,0.385424,0.601436,22510.767578
91,0.386646,0.611255,22760.291016
92,0.389970,0.614967,23009.812500
93,0.392609,0.615907,23259.474609
94,0.394977,0.612221,23508.929688
95,0.395785,0.608417,23758.509766
96,0.397516,0.604218,24008.058594
97,0.398859,0.599250,24257.646484
98,0.400373,0.588383,24507.207031
99,0.401393,0.582296,24756.742188
0,0.749688,0.529319,0.003023
1,0.749101,0.528970,266.236877
2,0.748307,0.528011,515.751892
3,0.746293,0.515644,765.356934
4,0.737655,0.467596,1014.889282
5,0.709930,0.429240,1264.439453
6,0.682944,0.409973,1514.070679
7,0.668305,0.421184,1763.534424
8,0.661373,0.459075,2013.152344
9,0.645165,0.503512,2262.674805
10,0.623362,0.521800,2512.271484
11,0.606166,0.528316,2761.825439
12,0.596152,0.535881,3011.451904
13,0.589997,0.539383,3260.932617
14,0.580090,0.536360,3510.534912
15,0.576289,0.535083,3760.105957
16,0.578380,0.534967,4009.603516
17,0.579084,0.535032,4259.197754
18,0.577525,0.534253,4508.756836
19,0.573140,0.531842,4758.306641
20,0.567832,0.528490,5007.912598
21,0.558193,0.527146,5257.512207
22,0.546205,0.526076,5507.028320
23,0.535008,0.525458,5756.574219
24,0.523042,0.523997,6006.218750
25,0.511664,0.520854,6255.694336
26,0.504430,0.513308,6505.279297
27,0.495654,0.511200,6754.810547
28,0.486539,0.510204,7004.512695
29,0.480182,0.512240,7253.982422
30,0.482025,0.516223,7503.539062
31,0.482382,0.519783,7753.078613
32,0.476647,0.520722,8002.706055
33,0.471819,0.522103,8252.282227
34,0.462317,0.527424,8501.778320
35,0.454752,0.534686,8751.381836
36,0.448506,0.537023,9000.880859
37,0.443925,0.535827,9250.452148
38,0.440683,0.537435,9500.060547
39,0.431426,0.542947,9766.260742
40,0.408723,0.563903,10015.845703
41,0.392184,0.580455,10265.414062
42,0.380125,0.601948,10514.920898
43,0.370463,0.623757,10764.518555
44,0.367895,0.639673,11014.035156
45,0.369930,0.644284,11263.618164
46,0.369670,0.647091,11513.208984
47,0.368860,0.645345,11762.838867
48,0.355307,0.638131,12012.375000
49,0.333936,0.599156,12261.907227
50,0.340187,0.536694,12511.452148
51,0.354136,0.493724,12760.988281
52,0.367957,0.457510,13010.542969
53,0.377352,0.437957,13260.151367
54,0.383557,0.437492,13509.747070
55,0.385416,0.427960,13759.387695
56,0.391518,0.386955,14008.821289
57,0.392607,0.368180,14258.416016
58,0.385250,0.354815,14507.992188
59,0.382973,0.351478,14757.506836
60,0.381583,0.349896,15007.080078
61,0.380546,0.347634,15256.672852
62,0.382523,0.345415,15506.202148
63,0.385542,0.346856,15755.791016
64,0.391538,0.350455,16005.380859
65,0.411555,0.361105,16254.934570
66,0.438928,0.379906,16504.496094
67,0.466413,0.413349,16754.054688
68,0.471459,0.443304,17003.634766
69,0.466331,0.453848,17253.175781
70,0.465231,0.459523,17502.722656
71,0.477836,0.464536,17752.279297
72,0.523308,0.481241,18001.880859
73,0.555608,0.490254,18251.439453
74,0.569214,0.495181,18500.990234
75,0.572759,0.499092,18750.601562
76,0.578118,0.498241,19000.218750
77,0.579422,0.495472,19266.294922
78,0.562473,0.502795,19515.853516
79,0.545033,0.515565,19765.410156
80,0.537911,0.517364,20014.984375
81,0.547129,0.511090,20264.546875
82,0.554607,0.510155,20514.140625
83,0.576821,0.516053,20763.673828
84,0.618955,0.535780,21013.279297
85,0.654058,0.550755,21262.826172
86,0.695175,0.552073,21512.394531
87,0.740593,0.544320,21761.951172
88,0.795215,0.531142,22011.494141
89,0.846747,0.514788,22261.144531
90,0.876619,0.531014,22510.642578
91,0.884479,0.569569,22760.232422
92,0.882313,0.582998,23009.771484
93,0.878632,0.587961,23259.419922
94,0.862156,0.618370,23508.884766
95,0.817033,0.685721,23758.470703
96,0.782214,0.720941,24008.031250
97,0.763819,0.729538,24257.554688
98,0.730563,0.717308,24507.160156
99,0.715065,0.706703,24756.732422
0,0.752141,0.571523,0.009588
1,0.747980,0.568248,266.230255
2,0.746957,0.579345,515.748779
3,0.759361,0.607209,765.332764
4,0.768309,0.631828,1014.859497
5,0.784793,0.643091,1264.418823
6,0.832256,0.665230,1514.015381
7,0.860393,0.678124,1763.556763
8,0.883507,0.666121,2013.141846
9,0.901377,0.656372,2262.652832
10,0.919953,0.643266,2512.342529
11,0.938596,0.631520,2761.854492
12,0.931720,0.631963,3011.398438
13,0.881275,0.684869,3260.953857
14,0.779706,0.764570,3510.540527
15,0.678701,0.795622,3760.084717
16,0.594018,0.781613,4009.605713
17,0.551367,0.779084,4259.267090
18,0.513760,0.770630,4508.814453
19,0.481161,0.758131,4758.355957
20,0.460484,0.740160,5007.906250
21,0.461607,0.731454,5257.495605
22,0.466318,0.702449,5507.034668
23,0.465604,0.645094,5756.558105
24,0.476213,0.616393,6006.182129
25,0.484648,0.604792,6255.712402
26,0.541930,0.600506,6505.329590
27,0.574051,0.588037,6754.813965
28,0.580928,0.585997,7004.501465
29,0.594598,0.584423,7253.983887
30,0.630268,0.573679,7503.522949
31,0.652794,0.565522,7753.167480
32,0.672557,0.579377,8002.671875
33,0.684796,0.593137,8252.273438
34,0.675713,0.602906,8501.785156
35,0.653901,0.628228,8751.360352
36,0.665189,0.627908,9000.909180
37,0.678819,0.578983,9250.472656
38,0.676832,0.508008,9500.041016
39,0.665300,0.462724,9766.257812
40,0.613989,0.421100,10015.796875
41,0.573994,0.419675,10265.357422
42,0.554049,0.417086,10514.921875
43,0.542318,0.428691,10764.481445
44,0.535408,0.444773,11014.048828
45,0.521999,0.500618,11263.611328
46,0.489005,0.530578,11513.197266
47,0.453667,0.555126,11762.747070
48,0.432529,0.578552,12012.307617
49,0.429490,0.590795,12261.882812
50,0.409746,0.608261,12511.439453
51,0.390680,0.645083,12761.000000
52,0.381020,0.678416,13010.554688
53,0.379616,0.691045,13260.125000
54,0.362800,0.689681,13509.693359
55,0.340716,0.683478,13759.239258
56,0.324460,0.685141,14008.837891
57,0.310963,0.707622,14258.409180
58,0.300782,0.719943,14507.971680
59,0.287600,0.735245,14757.521484
60,0.273710,0.717147,15007.073242
61,0.275267,0.642622,15256.680664
62,0.276985,0.587110,15506.191406
63,0.291521,0.530805,15755.754883
64,0.303474,0.491363,16005.331055
65,0.309750,0.443496,16254.878906
66,0.295665,0.394960,16504.449219
67,0.286070,0.371457,16754.046875
68,0.294321,0.365412,17003.589844
69,0.294376,0.366546,17253.136719
70,0.303935,0.375810,17502.718750
71,0.344437,0.414797,17752.263672
72,0.388803,0.440760,18001.843750
73,0.430760,0.456751,18251.392578
74,0.465412,0.463351,18500.964844
75,0.479681,0.457465,18750.550781
76,0.473980,0.453310,19000.123047
77,0.444165,0.461090,19266.294922
78,0.413721,0.473497,19515.863281
79,0.406563,0.469282,19765.416016
80,0.410964,0.454177,20015.000000
81,0.415748,0.438214,20264.558594
82,0.422522,0.429396,20514.126953
83,0.424931,0.438050,20763.693359
84,0.426217,0.433494,21013.255859
85,0.422450,0.416893,21262.802734
86,0.422698,0.388796,21512.355469
87,0.420448,0.397845,21761.966797
88,0.414527,0.420634,22011.505859
89,0.435671,0.454830,22261.074219
90,0.470089,0.484429,22510.615234
91,0.485315,0.500833,22760.171875
92,0.496484,0.512196,23009.753906
93,0.504801,0.515345,23259.318359
94,0.506616,0.523143,23508.896484
95,0.513496,0.528666,23758.437500
96,0.546682,0.536486,24008.019531
97,0.544199,0.549137,24257.583984
98,0.534996,0.558418,24507.142578
99,0.550167,0.555693,24756.703125
0,0.750204,0.357171,0.006534
1,0.750417,0.358925,266.152405
2,0.749295,0.371340,515.744873
3,0.745016,0.464525,765.316467
4,0.741927,0.553327,1014.867310
5,0.742425,0.567056,1264.484619
6,0.742905,0.584354,1514.023193
7,0.726868,0.593593,1763.554932
8,0.701321,0.585041,2013.128906
9,0.666063,0.534689,2262.701416
10,0.620443,0.493884,2512.237305
11,0.571499,0.462009,2761.789795
12,0.528708,0.441293,3011.343750
13,0.500957,0.445729,3260.955811
14,0.480771,0.517697,3510.500488
15,0.467600,0.607100,3760.023682
16,0.474905,0.678787,4009.717285
17,0.478037,0.730162,4259.193359
18,0.475954,0.787107,4508.838867
19,0.456632,0.851692,4758.326172
20,0.462394,0.849875,5007.895996
21,0.510650,0.812496,5257.418945
22,0.573465,0.737279,5506.983398
23,0.606326,0.646594,5756.555176
24,0.645691,0.588471,6006.207520
25,0.668632,0.562907,6255.726562
26,0.671545,0.534470,6505.333984
27,0.679980,0.513092,6754.847168
28,0.714347,0.523296,7004.367676
29,0.753148,0.559490,7253.999023
30,0.790598,0.529006,7503.527344
31,0.853163,0.489032,7753.105469
32,0.924489,0.460760,8002.637695
33,0.972544,0.443630,8252.266602
34,0.983593,0.464068,8501.782227
35,0.983434,0.484404,8751.328125
36,0.972616,0.478378,9000.891602
37,0.947672,0.422625,9250.493164
38,0.905850,0.362917,9500.112305
39,0.845421,0.312564,9766.341797
40,0.784420,0.292643,10015.773438
41,0.739145,0.276243,10265.462891
42,0.704317,0.264017,10514.918945
43,0.675998,0.264354,10764.458008
44,0.648273,0.262791,11014.110352
45,0.618253,0.259632,11263.608398
46,0.583087,0.273531,11513.239258
47,0.527097,0.322164,11762.726562
48,0.473375,0.390539,12012.381836
49,0.436772,0.433339,12261.891602
50,0.403035,0.458650,12511.438477
51,0.356227,0.481181,12760.968750
52,0.330052,0.500441,13010.656250
53,0.333166,0.518881,13260.131836
54,0.331536,0.530842,13509.682617
55,0.329519,0.541001,13759.289062
56,0.321948,0.551759,14008.798828
57,0.327182,0.582274,14258.444336
58,0.375347,0.619389,14507.993164
59,0.445134,0.624730,14757.556641
60,0.505967,0.606169,15007.093750
61,0.524259,0.589556,15256.632812
62,0.522243,0.565888,15506.279297
63,0.520415,0.534801,15755.811523
64,0.530452,0.522081,16005.368164
65,0.549201,0.501830,16254.930664
66,0.564555,0.471587,16504.554688
67,0.576549,0.446687,16754.000000
68,0.604072,0.453567,17003.576172
69,0.637059,0.467847,17253.201172
70,0.658643,0.474618,17502.728516
71,0.685627,0.485356,17752.273438
72,0.706622,0.520273,18001.867188
73,0.693198,0.580556,18251.447266
74,0.666761,0.614636,18500.947266
75,0.620934,0.650839,18750.533203
76,0.566812,0.663808,19000.113281
77,0.517813,0.655433,19266.328125
78,0.495550,0.640003,19515.919922
79,0.476282,0.621175,19765.408203
80,0.458909,0.611603,20014.982422
81,0.486169,0.613718,20264.587891
82,0.501196,0.596118,20514.154297
83,0.498280,0.566068,20763.685547
84,0.491572,0.534806,21013.308594
85,0.484912,0.526159,21262.857422
86,0.483656,0.518861,21512.410156
87,0.489900,0.517579,21761.923828
88,0.489532,0.509193,22011.589844
89,0.475970,0.471585,22261.072266
90,0.448871,0.432369,22510.597656
91,0.396497,0.420822,22760.169922
92,0.357428,0.426737,23009.810547
93,0.324741,0.459731,23259.361328
94,0.300089,0.497325,23508.919922
95,0.282301,0.546082,23758.449219
96,0.279175,0.586053,24008.029297
97,0.289414,0.623153,24257.544922
98,0.337707,0.659409,24507.169922
99,0.389034,0.673322,24756.720703
0,0.732984,0.450353,-0.023853
1,0.707866,0.450926,266.145203
2,0.672326,0.481229,515.723572
3,0.621876,0.529710,765.296631
4,0.589075,0.574277,1014.841309
5,0.591950,0.627641,1264.392700
6,0.597514,0.673050,1513.968994
7,0.591868,0.699677,1763.520996
8,0.571112,0.726925,2013.087036
9,0.555126,0.800324,2262.635010
10,0.566091,0.872274,2512.241455
11,0.565389,0.918603,2761.783447
12,0.516332,0.902527,3011.333740
13,0.458693,0.839161,3260.912598
14,0.430673,0.738963,3510.464355
15,0.445900,0.663120,3760.020020
16,0.472716,0.599184,4009.584961
17,0.490622,0.563559,4259.206543
18,0.505464,0.530629,4508.734863
19,0.511257,0.505049,4758.318359
20,0.484366,0.492926,5007.862793
21,0.461549,0.461964,5257.443359
22,0.428761,0.425117,5506.974609
23,0.376474,0.471818,5756.556641
24,0.333668,0.521554,6006.148926
25,0.303337,0.554207,6255.676270
26,0.309173,0.602183,6505.257812
27,0.324928,0.645093,6754.806152
28,0.339658,0.680983,7004.375977
29,0.363503,0.688613,7253.935547
30,0.400063,0.675383,7503.505371
31,0.435541,0.656017,7753.064453
32,0.466701,0.632314,8002.639648
33,0.513089,0.615742,8252.191406
34,0.553291,0.600557,8501.726562
35,0.584725,0.602205,8751.354492
36,0.615515,0.604415,9000.879883
37,0.649228,0.605950,9250.431641
38,0.683180,0.613295,9516.642578
39,0.718636,0.611899,9766.208008
40,0.752500,0.587744,10015.782227
41,0.778795,0.531445,10265.349609
42,0.807669,0.467790,10514.896484
43,0.851580,0.436108,10764.470703
44,0.892088,0.431668,11014.018555
45,0.921010,0.471177,11263.576172
46,0.939488,0.513372,11513.159180
47,0.955838,0.561300,11762.725586
48,0.969893,0.614832,12012.281250
49,0.993723,0.619782,12261.843750
50,0.021560,0.617005,12511.433594
51,0.059300,0.616724,12760.966797
52,0.093179,0.606761,13010.529297
53,0.111898,0.613769,13260.084961
54,0.139895,0.606137,13509.672852
55,0.177982,0.604126,13759.230469
56,0.216518,0.586777,14008.802734
57,0.251213,0.535358,14258.391602
58,0.272324,0.476356,14507.919922
59,0.290495,0.442356,14757.520508
60,0.318373,0.432287,15007.054688
61,0.347348,0.426493,15256.637695
62,0.373076,0.428012,15506.157227
63,0.397153,0.430241,15755.756836
64,0.421408,0.435094,16005.364258
65,0.445261,0.440770,16254.883789
66,0.468366,0.444620,16504.435547
67,0.489909,0.447398,16754.000000
68,0.510703,0.450910,17003.552734
69,0.531054,0.454288,17253.128906
70,0.552427,0.455948,17502.705078
71,0.569319,0.456318,17752.236328
72,0.575581,0.459032,18001.833984
73,0.570699,0.461720,18251.378906
74,0.553466,0.464470,18500.939453
75,0.529286,0.468426,18750.511719
76,0.502073,0.470896,19000.070312
77,0.473455,0.506103,19266.283203
78,0.453342,0.573167,19515.849609
79,0.430225,0.592086,19765.406250
80,0.407815,0.605061,20014.958984
81,0.375593,0.605050,20264.521484
82,0.338107,0.608018,20514.101562
83,0.307660,0.614408,20763.650391
84,0.281740,0.615706,21013.216797
85,0.253280,0.609405,21262.806641
86,0.218444,0.593524,21512.328125
87,0.172796,0.599292,21761.919922
88,0.127600,0.600744,22011.470703
89,0.091108,0.586734,22261.062500
90,0.068066,0.569914,22510.589844
91,0.046336,0.567414,22760.167969
92,0.020542,0.572703,23009.712891
93,0.991683,0.567425,23259.308594
94,0.974075,0.572075,23508.843750
95,0.958786,0.567554,23758.421875
96,0.929803,0.562382,24007.994141
97,0.896951,0.563540,24257.537109
98,0.868365,0.560956,24507.113281
99,0.845892,0.562816,24756.660156
0,0.750333,0.454497,-0.003408
1,0.750633,0.455011,266.148346
2,0.751079,0.456041,515.746643
3,0.751688,0.459018,765.334717
4,0.754758,0.482336,1014.865845
5,0.758377,0.542345,1264.505493
6,0.762327,0.588486,1513.985107
7,0.762959,0.608143,1763.578125
8,0.760595,0.615635,2013.096069
9,0.755909,0.617807,2262.740479
10,0.740452,0.622521,2512.273682
11,0.720141,0.628509,2761.784912
12,0.697549,0.624916,3011.411621
13,0.666645,0.604299,3260.925049
14,0.629977,0.558139,3510.516602
15,0.619186,0.530515,3760.086914
16,0.618015,0.533843,4009.687256
17,0.614539,0.543664,4259.235352
18,0.617397,0.536750,4508.770508
19,0.623677,0.523181,4758.326660
20,0.627827,0.512197,5007.891113
21,0.628393,0.501011,5257.420898
22,0.635674,0.484832,5507.029785
23,0.705876,0.448115,5756.666504
24,0.772312,0.425825,6006.204590
25,0.819400,0.435367,6255.702637
26,0.852705,0.448313,6505.300781
27,0.870258,0.473917,6754.864746
28,0.881039,0.522033,7004.384766
29,0.887981,0.607353,7254.042969
30,0.900247,0.664782,7503.615234
31,0.916399,0.719617,7753.117188
32,0.926210,0.734497,8002.630371
33,0.930894,0.730014,8252.250000
34,0.935313,0.727814,8501.766602
35,0.942309,0.727332,8751.337891
36,0.953297,0.722891,9000.942383
37,0.968988,0.721869,9250.454102
38,0.988443,0.721101,9500.079102
39,0.008407,0.722589,9766.325195
40,0.028056,0.722556,10015.775391
41,0.046542,0.722956,10265.387695
42,0.062643,0.722549,10514.938477
43,0.073616,0.719520,10764.541016
44,0.072926,0.704241,11014.056641
45,0.070644,0.686721,11263.666016
46,0.072806,0.655501,11513.208984
47,0.074516,0.591325,11762.721680
48,0.075563,0.515556,12012.346680
49,0.076471,0.433581,12261.841797
50,0.090206,0.408458,12511.450195
51,0.126282,0.384649,12761.004883
52,0.166190,0.369462,13010.619141
53,0.205272,0.353921,13260.154297
54,0.240513,0.336542,13509.671875
55,0.270282,0.320575,13759.281250
56,0.290098,0.357175,14008.920898
57,0.301232,0.456424,14258.461914
58,0.309904,0.562501,14507.923828
59,0.321689,0.620051,14757.563477
60,0.342644,0.633299,15007.099609
61,0.369145,0.638321,15256.659180
62,0.398496,0.633350,15506.214844
63,0.423281,0.617521,15755.787109
64,0.452608,0.602763,16005.356445
65,0.475822,0.594887,16254.887695
66,0.476377,0.586432,16504.517578
67,0.466928,0.583779,16754.021484
68,0.460011,0.586510,17003.560547
69,0.452830,0.591461,17253.187500
70,0.437324,0.592721,17502.718750
71,0.425196,0.594918,17752.298828
72,0.433250,0.590594,18001.822266
73,0.447658,0.590479,18251.484375
74,0.495070,0.574446,18500.947266
75,0.528300,0.549895,18750.572266
76,0.529518,0.549680,19000.158203
77,0.527359,0.543624,19266.365234
78,0.518986,0.538824,19515.914062
79,0.512110,0.534689,19765.441406
80,0.506748,0.536692,20014.962891
81,0.500828,0.538899,20264.560547
82,0.494402,0.542067,20514.109375
83,0.487617,0.543867,20763.716797
84,0.482552,0.545338,21013.300781
85,0.476495,0.548666,21262.839844
86,0.466399,0.553023,21512.408203
87,0.453700,0.560348,21761.931641
88,0.441340,0.565737,22011.533203
89,0.434094,0.568050,22261.056641
90,0.425298,0.569979,22510.599609
91,0.420075,0.564402,22760.189453
92,0.420245,0.551423,23009.810547
93,0.427358,0.536377,23259.343750
94,0.439730,0.516462,23508.876953
95,0.449198,0.486722,23758.470703
96,0.452859,0.459429,24007.996094
97,0.457504,0.435516,24257.583984
98,0.470418,0.409650,24507.146484
99,0.479767,0.393900,24756.701172
0,0.760012,0.528678,-0.000404
1,0.777221,0.572604,266.210266
2,0.777175,0.645464,515.669067
3,0.766337,0.760431,765.308167
4,0.748417,0.827052,1031.608521
5,0.716216,0.860670,1264.400757
6,0.662524,0.874281,1514.062988
7,0.604386,0.876584,1763.562866
8,0.545280,0.847972,2013.165405
9,0.495510,0.779629,2262.644775
10,0.466244,0.735825,2512.377197
11,0.456735,0.704476,2761.752930
12,0.438564,0.678925,3011.380371
13,0.420035,0.673428,3260.935059
14,0.410554,0.674349,3510.527344
15,0.402694,0.674567,3760.019775
16,0.396380,0.673769,4009.678467
17,0.396639,0.688506,4259.204590
18,0.399475,0.688859,4508.780273
19,0.401890,0.679060,4758.341309
20,0.405755,0.671053,5007.831543
21,0.408662,0.662749,5257.459961
22,0.411752,0.655477,5506.953125
23,0.409819,0.653837,5756.609375
24,0.387478,0.657076,6006.160156
25,0.374570,0.647825,6255.747070
26,0.380779,0.626861,6505.244629
27,0.402114,0.568398,6754.845215
28,0.416204,0.514978,7004.363770
29,0.421353,0.494807,7253.920898
30,0.421316,0.492420,7503.467285
31,0.420564,0.491895,7753.037109
32,0.420210,0.491868,8002.780762
33,0.420024,0.491455,8252.237305
34,0.420133,0.493125,8501.846680
35,0.421854,0.494768,8751.322266
36,0.422348,0.496927,9000.914062
37,0.422820,0.499978,9250.436523
38,0.423453,0.501886,9500.069336
39,0.424188,0.504405,9766.168945
40,0.424717,0.507178,10015.785156
41,0.444531,0.523483,10265.421875
42,0.497585,0.579168,10514.935547
43,0.522108,0.616759,10764.508789
44,0.523557,0.633753,11013.978516
45,0.523446,0.635339,11263.614258
46,0.533050,0.610121,11513.136719
47,0.552722,0.570471,11762.776367
48,0.570616,0.533386,12012.214844
49,0.571661,0.499450,12261.893555
50,0.556280,0.468944,12511.363281
51,0.554215,0.463440,12761.017578
52,0.557475,0.472305,13010.480469
53,0.559725,0.475492,13260.136719
54,0.558722,0.475760,13509.782227
55,0.551422,0.467456,13759.182617
56,0.526022,0.438991,14008.851562
57,0.502186,0.414469,14258.361328
58,0.492714,0.414273,14507.968750
59,0.485444,0.419267,14757.416016
60,0.482962,0.428452,15007.100586
61,0.489194,0.432878,15256.564453
62,0.535402,0.441617,15506.190430
63,0.604342,0.443186,15755.697266
64,0.671841,0.471931,16005.263672
65,0.699071,0.490174,16254.928711
66,0.706622,0.491691,16504.375000
67,0.716130,0.492012,16754.050781
68,0.726977,0.491198,17003.558594
69,0.744573,0.540712,17269.755859
70,0.764629,0.635087,17502.636719
71,0.788918,0.698040,17752.339844
72,0.818626,0.730168,18001.781250
73,0.867929,0.755457,18251.341797
74,0.921804,0.742507,18500.880859
75,0.944608,0.713910,18750.462891
76,0.958999,0.682790,19016.744141
77,0.970549,0.631424,19266.242188
78,0.979089,0.600267,19515.882812
79,0.992323,0.596888,19765.324219
80,0.005046,0.603294,20014.994141
81,0.011997,0.607134,20264.437500
82,0.024027,0.607475,20514.126953
83,0.037247,0.609776,20763.654297
84,0.047847,0.610187,21013.171875
85,0.056505,0.617062,21262.753906
86,0.059230,0.671539,21512.398438
87,0.055568,0.751422,21761.937500
88,0.051745,0.770395,22011.398438
89,0.053472,0.780196,22261.117188
90,0.051207,0.781593,22510.537109
91,0.047894,0.758260,22760.138672
92,0.057587,0.594699,23009.691406
93,0.065118,0.452714,23259.333984
94,0.064724,0.387732,23508.794922
95,0.043329,0.350824,23758.378906
96,0.005146,0.326811,24007.906250
97,0.967771,0.324048,24257.515625
98,0.935310,0.343670,24507.025391
99,0.917818,0.353500,24756.605469
0,0.746393,0.476947,0.025668
1,0.741505,0.483269,266.251007
2,0.716821,0.477878,515.800659
3,0.668166,0.464881,765.366089
4,0.625886,0.460074,1014.926880
5,0.598113,0.461299,1264.482056
6,0.580124,0.474330,1514.009155
7,0.565035,0.485784,1763.668213
8,0.558227,0.472919,2013.140625
9,0.553106,0.464858,2262.700928
10,0.548279,0.452643,2512.367188
11,0.555575,0.436605,2761.867188
12,0.554007,0.415247,3011.443115
13,0.534432,0.390829,3261.007812
14,0.516253,0.393002,3510.570068
15,0.496336,0.406558,3760.097412
16,0.489478,0.443099,4009.646484
17,0.491697,0.486787,4259.278320
18,0.498503,0.540956,4508.826172
19,0.496990,0.570338,4758.446289
20,0.467536,0.576866,5007.905273
21,0.432550,0.570552,5257.474609
22,0.422402,0.571348,5507.038086
23,0.404846,0.581136,5756.591797
24,0.393864,0.577556,6006.204102
25,0.389992,0.570926,6255.721680
26,0.384982,0.551778,6505.408691
27,0.389283,0.514268,6754.840332
28,0.404677,0.435099,7004.436035
29,0.411110,0.343842,7254.004395
30,0.418607,0.268550,7503.564941
31,0.416172,0.216627,7753.147461
32,0.388179,0.199134,8002.668945
33,0.337267,0.243551,8252.261719
34,0.276261,0.298807,8501.794922
35,0.247766,0.367983,8751.424805
36,0.217873,0.444771,9000.939453
37,0.193316,0.504752,9250.503906
38,0.174236,0.521293,9500.102539
39,0.162672,0.535423,9766.298828
40,0.146613,0.559440,10015.937500
41,0.131097,0.593471,10265.392578
42,0.111542,0.603839,10514.954102
43,0.099406,0.593378,10764.625000
44,0.089584,0.574788,11014.091797
45,0.083742,0.536128,11263.644531
46,0.096194,0.486752,11513.229492
47,0.133554,0.445664,11762.832031
48,0.201187,0.437018,12012.383789
49,0.278838,0.455951,12261.925781
50,0.346523,0.478289,12511.517578
51,0.398540,0.477188,12761.045898
52,0.441129,0.477789,13010.645508
53,0.471707,0.487542,13260.170898
54,0.503250,0.505577,13509.833984
55,0.539593,0.508447,13759.313477
56,0.574648,0.504168,14008.865234
57,0.603355,0.494208,14258.450195
58,0.628839,0.479865,14507.974609
59,0.652468,0.462136,14757.537109
60,0.671407,0.450488,15007.099609
61,0.695281,0.439015,15256.716797
62,0.735744,0.389608,15506.252930
63,0.771795,0.370849,15755.790039
64,0.795492,0.354537,16005.416992
65,0.805918,0.341276,16254.931641
66,0.817593,0.334488,16504.496094
67,0.836414,0.335230,16754.046875
68,0.851752,0.339908,17003.667969
69,0.878791,0.343340,17253.169922
70,0.902357,0.339795,17502.732422
71,0.922843,0.330250,17752.376953
72,0.943373,0.313627,18001.978516
73,0.950746,0.291583,18251.462891
74,0.944185,0.245662,18500.982422
75,0.939014,0.178165,18750.675781
76,0.946050,0.147123,19000.126953
77,0.971096,0.185816,19266.341797
78,0.031868,0.293356,19515.886719
79,0.056996,0.396932,19765.488281
80,0.058979,0.449063,20015.044922
81,0.036569,0.468527,20264.619141
82,0.026214,0.481463,20514.162109
83,0.021599,0.497213,20763.777344
84,0.015149,0.520082,21013.269531
85,0.988535,0.532188,21262.830078
86,0.966804,0.539447,21512.398438
87,0.955626,0.554893,21761.955078
88,0.950443,0.560763,22011.515625
89,0.951020,0.559524,22261.078125
90,0.978152,0.546044,22510.707031
91,0.028882,0.526743,22760.246094
92,0.046110,0.522641,23009.775391
93,0.047008,0.530416,23259.347656
94,0.065693,0.536552,23508.949219
95,0.059157,0.538414,23758.494141
96,0.050349,0.534871,24008.025391
97,0.044971,0.526244,24257.683594
98,0.042430,0.485497,24507.181641
99,0.057386,0.475946,24756.769531
0,0.749918,0.537355,0.006378
1,0.749829,0.537292,266.229675
2,0.749608,0.537404,515.811829
3,0.748601,0.538033,765.333313
4,0.746237,0.547771,1014.926941
5,0.748666,0.601516,1264.541992
6,0.745238,0.641721,1514.027710
7,0.691383,0.651303,1763.692871
8,0.619728,0.619315,2013.148926
9,0.584716,0.598778,2262.716064
10,0.568564,0.591845,2512.291992
11,0.559275,0.590484,2761.918701
12,0.554395,0.587459,3011.458496
13,0.564144,0.583546,3260.981934
14,0.601770,0.574019,3510.610107
15,0.668729,0.556623,3760.105469
16,0.755754,0.546942,4009.665283
17,0.846474,0.556755,4259.264648
18,0.905282,0.568500,4508.822754
19,0.929498,0.586300,4758.381836
20,0.942451,0.587621,5007.960938
21,0.954950,0.595565,5257.592285
22,0.958792,0.632054,5507.054199
23,0.950026,0.655184,5756.658691
24,0.900028,0.675268,6006.239746
25,0.836723,0.693611,6255.823730
26,0.781418,0.715374,6505.301270
27,0.707789,0.717711,6754.867676
28,0.635069,0.687225,7004.436035
29,0.541575,0.625616,7254.056152
30,0.464981,0.588124,7503.595215
31,0.424490,0.601330,7753.223145
32,0.400639,0.608712,8002.701172
33,0.385053,0.601727,8252.271484
34,0.377742,0.580287,8501.802734
35,0.383529,0.544136,8751.412109
36,0.388370,0.504528,9000.946289
37,0.365281,0.516199,9250.552734
38,0.310577,0.595338,9500.128906
39,0.295174,0.677546,9766.328125
40,0.307008,0.732947,10015.860352
41,0.335231,0.760328,10265.388672
42,0.391507,0.774619,10514.976562
43,0.451862,0.758215,10764.602539
44,0.491107,0.742746,11014.189453
45,0.514660,0.727367,11263.652344
46,0.519471,0.711235,11513.236328
47,0.523695,0.692820,11762.812500
48,0.525362,0.665900,12012.364258
49,0.541846,0.631431,12261.928711
50,0.559851,0.634229,12511.467773
51,0.597250,0.748978,12761.034180
52,0.641318,0.777898,13010.613281
53,0.661548,0.731844,13260.190430
54,0.670313,0.657102,13509.739258
55,0.675105,0.580897,13759.313477
56,0.688015,0.524488,14008.868164
57,0.695789,0.499351,14258.430664
58,0.698658,0.489429,14507.975586
59,0.700340,0.488904,14757.582031
60,0.698644,0.499343,15007.140625
61,0.694333,0.525813,15256.689453
62,0.691972,0.541369,15506.247070
63,0.692496,0.564056,15755.815430
64,0.696083,0.586059,16005.364258
65,0.680328,0.585388,16254.952148
66,0.611013,0.581979,16504.511719
67,0.577804,0.574445,16754.072266
68,0.592470,0.566556,17003.613281
69,0.608305,0.556630,17253.199219
70,0.610209,0.555469,17502.759766
71,0.610055,0.556215,17752.324219
72,0.612283,0.557711,18001.876953
73,0.613703,0.559255,18251.470703
74,0.615104,0.559797,18501.044922
75,0.616274,0.560586,18750.583984
76,0.615693,0.560968,19000.156250
77,0.611729,0.563024,19266.349609
78,0.610768,0.564255,19515.904297
79,0.611797,0.563487,19765.466797
80,0.612682,0.562219,20015.027344
81,0.612737,0.562275,20264.595703
82,0.612348,0.562341,20514.187500
83,0.614667,0.558952,20763.728516
84,0.625728,0.551941,21013.300781
85,0.641935,0.544807,21262.855469
86,0.657594,0.540053,21512.433594
87,0.673697,0.536967,21761.968750
88,0.689052,0.534903,22011.554688
89,0.704215,0.532717,22261.123047
90,0.724433,0.531284,22510.677734
91,0.760771,0.531777,22760.257812
92,0.809617,0.529128,23009.802734
93,0.854195,0.529687,23259.365234
94,0.888351,0.526917,23508.960938
95,0.907407,0.503036,23775.136719
96,0.919850,0.458901,24008.056641
97,0.929794,0.432257,24257.609375
98,0.938679,0.426308,24507.169922
99,0.945527,0.425696,24756.783203
0,0.749929,0.504434,0.019772
1,0.749789,0.505265,266.312866
2,0.749383,0.506195,515.827576
3,0.748675,0.506573,765.389526
4,0.747634,0.507172,1014.914246
5,0.744907,0.509535,1264.457397
6,0.733533,0.535256,1514.053711
7,0.721824,0.592875,1763.665771
8,0.703557,0.648288,2013.276123
9,0.666472,0.667513,2262.714111
10,0.634568,0.673125,2512.396240
11,0.613796,0.671413,2761.834717
12,0.601225,0.664719,3011.402832
13,0.588169,0.637507,3261.042969
14,0.579717,0.605101,3510.658936
15,0.572572,0.566674,3760.148682
16,0.575884,0.533761,4009.684326
17,0.576324,0.529105,4259.349121
18,0.564380,0.535169,4508.805176
19,0.534183,0.545701,4758.356934
20,0.510595,0.546507,5008.017090
21,0.498260,0.542798,5257.551270
22,0.490435,0.532926,5507.125000
23,0.484100,0.528627,5756.620117
24,0.485891,0.522599,6006.275391
25,0.486560,0.520307,6255.786621
26,0.499015,0.523844,6505.307129
27,0.504346,0.528870,6754.864746
28,0.486583,0.538285,7004.497070
29,0.453489,0.548403,7254.027832
30,0.426798,0.564581,7503.572754
31,0.406528,0.579229,7753.190430
32,0.392217,0.585061,8002.715820
33,0.380011,0.582981,8252.243164
34,0.381429,0.565294,8501.844727
35,0.385389,0.543702,8751.485352
36,0.395630,0.529423,9001.012695
37,0.405879,0.510114,9250.506836
38,0.410627,0.467186,9500.074219
39,0.413125,0.459481,9766.343750
40,0.439746,0.470234,10015.878906
41,0.475192,0.476026,10265.424805
42,0.497802,0.483725,10515.012695
43,0.536584,0.495613,10764.544922
44,0.555419,0.500628,11014.100586
45,0.572538,0.500619,11263.676758
46,0.605340,0.500070,11513.256836
47,0.634573,0.503535,11762.808594
48,0.667365,0.562037,12012.375977
49,0.693774,0.642345,12262.019531
50,0.719185,0.666560,12511.528320
51,0.744392,0.684011,12761.095703
52,0.774061,0.692407,13010.592773
53,0.815339,0.689118,13260.166016
54,0.859635,0.683074,13509.754883
55,0.900720,0.664111,13759.311523
56,0.934933,0.636318,14008.980469
57,0.968103,0.622277,14258.526367
58,0.000145,0.620356,14507.994141
59,0.015312,0.611718,14757.587891
60,0.034816,0.619714,15007.144531
61,0.060650,0.644952,15256.676758
62,0.081516,0.684303,15506.251953
63,0.109349,0.722462,15755.828125
64,0.127924,0.735916,16005.413086
65,0.139458,0.739089,16254.972656
66,0.143413,0.735149,16504.494141
67,0.141996,0.730320,16754.091797
68,0.134628,0.726406,17003.693359
69,0.116072,0.729937,17253.232422
70,0.102529,0.745749,17502.781250
71,0.085549,0.798453,17752.365234
72,0.063204,0.841349,18001.923828
73,0.033182,0.870484,18251.482422
74,0.951936,0.888382,18501.072266
75,0.836094,0.914682,18750.585938
76,0.733442,0.931854,19000.222656
77,0.632502,0.898557,19266.388672
78,0.574346,0.857379,19515.951172
79,0.548398,0.798490,19765.474609
80,0.546297,0.754438,20015.066406
81,0.552617,0.743821,20264.589844
82,0.555143,0.746348,20514.167969
83,0.566491,0.749411,20763.730469
84,0.602718,0.745124,21013.296875
85,0.656021,0.705451,21262.871094
86,0.704964,0.653725,21512.462891
87,0.753719,0.589575,21762.003906
88,0.780284,0.554193,22011.544922
89,0.781827,0.465199,22261.201172
90,0.788230,0.427751,22510.726562
91,0.782985,0.433395,22760.287109
92,0.773525,0.435369,23009.804688
93,0.776534,0.427226,23259.492188
94,0.770694,0.413608,23508.953125
95,0.766400,0.411828,23758.498047
96,0.767341,0.411576,24008.087891
97,0.767102,0.406815,24257.666016
98,0.765979,0.398076,24507.296875
99,0.765051,0.394502,24756.730469
0,0.749950,0.296744,-0.038919
1,0.749832,0.297050,266.122498
2,0.743953,0.304219,515.736633
3,0.736664,0.351844,765.285095
4,0.732992,0.431068,1014.837952
5,0.730235,0.518470,1264.379150
6,0.721888,0.606596,1514.043091
7,0.715216,0.687991,1763.561035
8,0.694053,0.721519,2013.105713
9,0.646690,0.703800,2262.662354
10,0.627382,0.648478,2512.298584
11,0.630010,0.533791,2761.796875
12,0.629184,0.448940,3011.371094
13,0.614030,0.407408,3260.977295
14,0.585825,0.385635,3510.531982
15,0.538440,0.409486,3760.135254
16,0.509482,0.456788,4009.619141
17,0.495478,0.493386,4259.201172
18,0.488771,0.555820,4508.734375
19,0.501728,0.615707,4758.315918
20,0.543351,0.703729,5007.918457
21,0.554058,0.747756,5257.442871
22,0.528846,0.740073,5507.046387
23,0.488102,0.736145,5756.529785
24,0.448208,0.733762,6006.141113
25,0.414224,0.725345,6255.661621
26,0.396263,0.722023,6505.228027
27,0.381334,0.709206,6754.809570
28,0.365103,0.679424,7004.366211
29,0.333158,0.616434,7253.955078
30,0.313832,0.522335,7503.581543
31,0.300764,0.454152,7753.147949
32,0.269333,0.393612,8002.629395
33,0.230897,0.339377,8252.198242
34,0.189759,0.292862,8501.758789
35,0.127265,0.278149,8751.382812
36,0.073057,0.301860,9000.850586
37,0.033693,0.356354,9250.435547
38,0.997982,0.432782,9516.663086
39,0.999028,0.514337,9766.289062
40,0.021444,0.587235,10015.745117
41,0.055265,0.649930,10265.307617
42,0.091471,0.703883,10514.886719
43,0.120465,0.725880,10764.532227
44,0.157124,0.736857,11014.034180
45,0.190275,0.743812,11263.616211
46,0.210477,0.744386,11513.172852
47,0.214788,0.744059,11762.740234
48,0.203900,0.745598,12012.291992
49,0.185203,0.747792,12261.888672
50,0.138288,0.740752,12511.423828
51,0.084907,0.727456,12761.009766
52,0.073615,0.729525,13010.551758
53,0.083640,0.738122,13260.208984
54,0.135519,0.739297,13509.687500
55,0.167419,0.722497,13759.210938
56,0.172259,0.729910,14008.857422
57,0.180795,0.738585,14258.406250
58,0.208148,0.717969,14507.969727
59,0.242347,0.693279,14757.509766
60,0.281028,0.672004,15007.037109
61,0.302499,0.652252,15256.673828
62,0.318847,0.641720,15506.159180
63,0.345106,0.616335,15755.719727
64,0.383248,0.548334,16005.334961
65,0.430002,0.551817,16254.852539
66,0.459496,0.576439,16504.435547
67,0.498475,0.607553,16754.060547
68,0.520694,0.627485,17003.628906
69,0.491135,0.687087,17253.107422
70,0.482883,0.685114,17502.750000
71,0.488931,0.712268,17752.238281
72,0.485763,0.731787,18001.835938
73,0.482253,0.735110,18251.386719
74,0.483101,0.767201,18500.955078
75,0.492688,0.786652,18750.509766
76,0.501237,0.843569,19000.101562
77,0.519525,0.901955,19266.250000
78,0.523498,0.911239,19515.886719
79,0.515887,0.914168,19765.478516
80,0.567654,0.958436,20014.955078
81,0.886466,0.980987,20264.550781
82,0.922391,0.965847,20514.189453
83,0.823434,0.971049,20763.748047
84,0.691323,0.942018,21013.218750
85,0.683342,0.893188,21262.835938
86,0.791080,0.830549,21512.328125
87,0.859534,0.774447,21761.916016
88,0.846077,0.804551,22011.445312
89,0.741941,0.854777,22261.152344
90,0.619772,0.862912,22510.666016
91,0.566093,0.814179,22760.181641
92,0.537647,0.744378,23009.755859
93,0.517140,0.687508,23259.353516
94,0.506577,0.637901,23508.873047
95,0.503938,0.586706,23758.402344
96,0.507189,0.538778,24008.015625
97,0.508860,0.498779,24257.554688
98,0.505439,0.401576,24507.167969
99,0.489737,0.321229,24756.738281
0,0.749770,0.439271,-0.031187
1,0.749586,0.439956,266.220856
2,0.749218,0.440792,515.830872
3,0.746162,0.456471,765.294617
4,0.737762,0.513045,1014.888794
5,0.731866,0.576243,1264.427856
6,0.735123,0.647566,1514.098022
7,0.739220,0.689889,1763.605103
8,0.731033,0.703123,2013.125732
9,0.709219,0.705748,2262.732666
10,0.680590,0.701019,2512.235352
11,0.648557,0.680498,2761.873047
12,0.618208,0.644542,3011.392578
13,0.601261,0.581652,3260.971924
14,0.584396,0.489367,3510.562012
15,0.579693,0.422111,3760.141602
16,0.591410,0.361632,4009.646729
17,0.617767,0.357873,4259.173828
18,0.633407,0.370859,4508.799316
19,0.622527,0.383963,4758.305176
20,0.587009,0.400275,5007.914062
21,0.559050,0.417060,5257.439453
22,0.530347,0.427402,5507.083984
23,0.506640,0.432036,5756.594727
24,0.490551,0.444764,6006.154297
25,0.475495,0.474097,6255.789551
26,0.454729,0.501567,6505.310059
27,0.416804,0.527854,6754.862793
28,0.365067,0.552507,7004.386230
29,0.318335,0.587309,7254.057617
30,0.278907,0.606553,7503.545410
31,0.228711,0.635250,7753.076172
32,0.194693,0.642556,8002.711426
33,0.190877,0.610816,8252.291016
34,0.224548,0.497069,8501.803711
35,0.262916,0.387911,8751.379883
36,0.289379,0.309466,9000.983398
37,0.322830,0.279391,9250.461914
38,0.348420,0.304701,9500.050781
39,0.355839,0.366714,9766.237305
40,0.365964,0.408958,10015.890625
41,0.373836,0.447685,10265.429688
42,0.380171,0.532323,10514.953125
43,0.376787,0.588864,10764.501953
44,0.382721,0.608971,11014.127930
45,0.385972,0.624765,11263.603516
46,0.383585,0.648382,11513.169922
47,0.384031,0.683638,11762.825195
48,0.384985,0.702372,12012.395508
49,0.391494,0.707582,12261.926758
50,0.392231,0.711425,12511.459961
51,0.394299,0.716586,12761.026367
52,0.394999,0.721164,13010.600586
53,0.396873,0.721683,13260.121094
54,0.400646,0.715713,13509.677734
55,0.428931,0.657330,13759.266602
56,0.478173,0.572206,14008.840820
57,0.504828,0.514528,14258.379883
58,0.519305,0.459890,14508.041016
59,0.526891,0.435205,14757.545898
60,0.528848,0.430264,15007.064453
61,0.524687,0.423292,15256.679688
62,0.530017,0.429062,15506.242188
63,0.545394,0.437040,15755.814453
64,0.549430,0.422798,16005.338867
65,0.537431,0.404536,16254.985352
66,0.527721,0.411301,16504.462891
67,0.521232,0.429977,16754.021484
68,0.517810,0.427518,17003.642578
69,0.516771,0.421165,17253.208984
70,0.516812,0.420575,17502.746094
71,0.516050,0.419232,17752.330078
72,0.515179,0.420465,18001.849609
73,0.515300,0.416527,18251.429688
74,0.516018,0.414469,18500.986328
75,0.514761,0.415112,18750.613281
76,0.513985,0.415795,19000.130859
77,0.513073,0.415924,19266.376953
78,0.512676,0.416249,19515.880859
79,0.512422,0.418012,19765.464844
80,0.511498,0.420902,20015.033203
81,0.511960,0.422932,20264.630859
82,0.511859,0.425413,20514.103516
83,0.510770,0.427821,20763.707031
84,0.510247,0.429698,21013.339844
85,0.512316,0.429006,21262.900391
86,0.511999,0.432556,21512.392578
87,0.511118,0.432752,21762.021484
88,0.511849,0.431848,22011.498047
89,0.512631,0.430295,22261.062500
90,0.511493,0.430931,22510.650391
91,0.511790,0.432695,22760.183594
92,0.511326,0.432644,23009.794922
93,0.512042,0.432648,23259.326172
94,0.512225,0.432259,23508.986328
95,0.511878,0.434272,23758.480469
96,0.512136,0.433257,24008.009766
97,0.510754,0.434191,24257.636719
98,0.509732,0.437711,24507.162109
99,0.511022,0.443074,24756.724609
0,0.750000,0.571250,-0.015041
1,0.749890,0.569570,266.222931
2,0.748831,0.565865,515.772522
3,0.740771,0.550280,765.301392
4,0.715061,0.534616,1014.868286
5,0.680936,0.522333,1264.412354
6,0.641024,0.515126,1513.990723
7,0.606422,0.515028,1763.552612
8,0.579882,0.522952,2013.209595
9,0.567304,0.580830,2262.701416
10,0.562478,0.651539,2512.257812
11,0.559195,0.702977,2761.869629
12,0.575747,0.783958,3011.405273
13,0.655622,0.828458,3260.928223
14,0.721377,0.845075,3510.478760
15,0.752692,0.862274,3760.105469
16,0.762639,0.863946,4009.720215
17,0.755566,0.858475,4259.207520
18,0.762891,0.847267,4508.784180
19,0.765124,0.830902,4758.334961
20,0.748608,0.797904,5007.875977
21,0.710773,0.643947,5257.500488
22,0.690450,0.417409,5507.063965
23,0.653874,0.254588,5756.605469
24,0.594839,0.178093,6006.123047
25,0.543145,0.176977,6255.738770
26,0.519168,0.182565,6505.287109
27,0.501819,0.179960,6754.801758
28,0.491264,0.179349,7004.422363
29,0.448525,0.221477,7254.023438
30,0.383883,0.323986,7503.528320
31,0.367371,0.464074,7753.066895
32,0.372457,0.609626,8002.665039
33,0.370357,0.688608,8252.230469
34,0.377155,0.698438,8501.750977
35,0.415235,0.663929,8751.359375
36,0.447415,0.619857,9000.950195
37,0.462514,0.595648,9250.535156
38,0.464668,0.571384,9500.017578
39,0.469402,0.560184,9766.208008
40,0.468601,0.559250,10015.836914
41,0.469610,0.575004,10265.388672
42,0.480100,0.615424,10514.916016
43,0.489845,0.622863,10764.531250
44,0.489005,0.614475,11014.069336
45,0.487238,0.608605,11263.722656
46,0.484789,0.605718,11513.156250
47,0.503168,0.592295,11762.746094
48,0.536858,0.578969,12012.337891
49,0.544177,0.577030,12261.859375
50,0.547560,0.574760,12511.445312
51,0.539589,0.569907,12761.025391
52,0.524708,0.559912,13010.656250
53,0.516829,0.544734,13260.113281
54,0.507068,0.527084,13509.749023
55,0.490533,0.524700,13759.305664
56,0.441755,0.530433,14008.791016
57,0.391153,0.532229,14258.466797
58,0.324328,0.521939,14507.971680
59,0.305374,0.513062,14757.544922
60,0.301170,0.522974,15007.057617
61,0.294476,0.533136,15256.687500
62,0.288389,0.554253,15506.220703
63,0.281278,0.567808,15755.792969
64,0.279515,0.606898,16005.415039
65,0.283641,0.716483,16254.948242
66,0.266247,0.805678,16504.470703
67,0.227014,0.861455,16754.017578
68,0.165138,0.875045,17003.609375
69,0.099501,0.836318,17253.140625
70,0.072484,0.686368,17502.740234
71,0.053956,0.614623,17752.312500
72,0.032762,0.589322,18001.919922
73,0.004622,0.567491,18251.417969
74,0.991007,0.530039,18500.966797
75,0.987750,0.476763,18750.564453
76,0.988604,0.451478,19000.093750
77,0.990057,0.482949,19266.273438
78,0.996319,0.568439,19515.990234
79,0.995865,0.592349,19765.400391
80,0.985060,0.607459,20015.072266
81,0.981150,0.613190,20264.587891
82,0.991913,0.596792,20514.107422
83,0.006626,0.586727,20763.683594
84,0.998038,0.592326,21013.251953
85,0.993937,0.603340,21279.425781
86,0.002159,0.614149,21512.345703
87,0.009202,0.618751,21761.978516
88,0.017768,0.596619,22011.494141
89,0.020330,0.542969,22261.072266
90,0.020816,0.542748,22510.667969
91,0.028577,0.553932,22760.244141
92,0.019529,0.559102,23009.847656
93,0.010059,0.562469,23259.367188
94,0.999250,0.566646,23508.957031
95,0.981201,0.567893,23758.421875
96,0.941863,0.559731,24007.982422
97,0.918052,0.559562,24257.566406
98,0.920015,0.562908,24507.224609
99,0.922170,0.566474,24756.742188
0,0.749053,0.655511,0.052180
1,0.746253,0.658801,266.257294
2,0.712999,0.688537,515.916321
3,0.677062,0.709738,765.399658
4,0.641493,0.698614,1014.997375
5,0.594324,0.658386,1264.552856
6,0.552351,0.620444,1514.089600
7,0.517332,0.602161,1763.726685
8,0.487884,0.598072,2013.268921
9,0.459877,0.607658,2262.877686
10,0.440947,0.636279,2512.321533
11,0.434140,0.667028,2761.967773
12,0.430776,0.684186,3011.547852
13,0.431104,0.693704,3261.031982
14,0.433953,0.695333,3510.606934
15,0.434654,0.696686,3760.219971
16,0.447377,0.686531,4009.821289
17,0.560616,0.612172,4259.277344
18,0.677729,0.499894,4508.883789
19,0.726635,0.462429,4758.400879
20,0.789147,0.440799,5007.996094
21,0.850518,0.428336,5257.572266
22,0.892715,0.423568,5507.134766
23,0.942968,0.442635,5756.715820
24,0.001896,0.503097,6006.229492
25,0.053966,0.559278,6255.820312
26,0.096199,0.581299,6505.344727
27,0.131170,0.610008,6754.941406
28,0.143912,0.684946,7004.480469
29,0.065669,0.744421,7254.162109
30,0.025292,0.793080,7503.682617
31,0.012870,0.845054,7753.184570
32,0.022659,0.866996,8002.770996
33,0.045149,0.869786,8252.316406
34,0.189314,0.792740,8501.857422
35,0.251274,0.731573,8751.480469
36,0.284462,0.708987,9001.024414
37,0.290541,0.694047,9250.585938
38,0.292999,0.665881,9500.147461
39,0.296712,0.640063,9766.316406
40,0.298047,0.578337,10015.937500
41,0.288518,0.520912,10265.448242
42,0.286059,0.469507,10515.026367
43,0.283679,0.433518,10764.580078
44,0.287113,0.396558,11014.248047
45,0.299031,0.390651,11280.411133
46,0.318521,0.413003,11513.289062
47,0.349764,0.501094,11762.926758
48,0.358108,0.644262,12012.388672
49,0.360544,0.740707,12261.986328
50,0.361197,0.773653,12511.600586
51,0.345636,0.792335,12761.133789
52,0.338151,0.788657,13010.678711
53,0.331193,0.794005,13260.255859
54,0.333200,0.801596,13509.783203
55,0.341615,0.790814,13759.333984
56,0.341034,0.793640,14008.908203
57,0.341355,0.803157,14258.531250
58,0.342376,0.811983,14508.116211
59,0.344401,0.831174,14757.643555
60,0.322977,0.890254,15007.166016
61,0.179130,0.918586,15256.752930
62,0.020950,0.876616,15506.291992
63,0.957737,0.847495,15755.896484
64,0.881961,0.905451,16005.450195
65,0.792727,0.917661,16254.976562
66,0.768587,0.943170,16504.580078
67,0.938547,0.951206,16754.101562
68,0.972998,0.767591,17003.771484
69,0.955690,0.528823,17253.236328
70,0.961637,0.322266,17502.855469
71,0.955406,0.233714,17752.402344
72,0.943343,0.152779,18001.957031
73,0.930567,0.104179,18251.529297
74,0.935277,0.090528,18501.082031
75,0.941816,0.090807,18750.701172
76,0.927444,0.100818,19000.207031
77,0.888543,0.188443,19266.449219
78,0.861105,0.365230,19515.947266
79,0.831018,0.539555,19765.537109
80,0.796506,0.558116,20015.115234
81,0.802768,0.525689,20264.691406
82,0.835619,0.523933,20514.207031
83,0.899343,0.578291,20763.835938
84,0.952525,0.649283,21013.423828
85,0.001336,0.665046,21262.953125
86,0.001795,0.650180,21512.472656
87,0.002151,0.649454,21762.099609
88,0.002506,0.658772,22011.611328
89,0.002361,0.679616,22261.144531
90,0.998736,0.687732,22510.765625
91,0.007583,0.675862,22760.324219
92,0.009470,0.664046,23009.894531
93,0.992720,0.672861,23259.439453
94,0.988639,0.683147,23509.003906
95,0.988063,0.693973,23758.529297
96,0.979119,0.707533,24008.091797
97,0.980051,0.704566,24257.683594
98,0.989444,0.695819,24507.234375
99,0.988723,0.695916,24756.828125
0,0.754662,0.628081,-0.041639
1,0.754411,0.624135,266.247650
2,0.751457,0.626271,515.728333
3,0.748578,0.635363,765.374756
4,0.740219,0.643348,1014.896851
5,0.725115,0.670391,1264.549438
6,0.695026,0.726567,1514.023682
7,0.674688,0.757254,1763.607544
8,0.652347,0.765093,2013.171021
9,0.621816,0.762538,2262.661133
10,0.596073,0.753480,2512.285156
11,0.564690,0.739404,2761.782715
12,0.534457,0.726547,3011.365234
13,0.515193,0.719974,3260.974854
14,0.512119,0.712664,3510.581055
15,0.502268,0.689259,3760.071533
16,0.502781,0.642161,4009.625732
17,0.490630,0.619678,4259.227051
18,0.463209,0.611076,4508.731934
19,0.442178,0.608418,4758.337891
20,0.411498,0.616044,5007.930176
21,0.392465,0.630454,5257.481445
22,0.396585,0.634143,5507.106445
23,0.405149,0.612027,5756.595703
24,0.405329,0.572851,6006.243164
25,0.396760,0.561376,6255.755371
26,0.381859,0.539232,6505.280762
27,0.374929,0.479573,6754.808105
28,0.390793,0.416073,7004.477051
29,0.421195,0.408044,7253.944824
30,0.444714,0.452128,7503.545898
31,0.470714,0.483062,7753.157227
32,0.510002,0.506753,8002.684082
33,0.546203,0.510645,8252.265625
34,0.555776,0.500278,8501.789062
35,0.548566,0.500544,8751.384766
36,0.536868,0.493094,9000.886719
37,0.535923,0.495499,9250.446289
38,0.548993,0.494077,9500.010742
39,0.565200,0.493215,9766.279297
40,0.570633,0.504083,10015.801758
41,0.569790,0.525852,10265.450195
42,0.572553,0.535000,10514.944336
43,0.584632,0.567273,10764.576172
44,0.610103,0.630217,11014.064453
45,0.639195,0.652227,11263.605469
46,0.657206,0.623081,11513.174805
47,0.665294,0.553742,11762.766602
48,0.658974,0.505614,12012.339844
49,0.658853,0.482392,12261.892578
50,0.671900,0.469012,12511.466797
51,0.696194,0.425585,12760.996094
52,0.718881,0.365525,13010.575195
53,0.736708,0.332421,13260.123047
54,0.734811,0.308540,13509.701172
55,0.714245,0.285035,13759.275391
56,0.705000,0.264321,14008.811523
57,0.704153,0.246933,14258.381836
58,0.699275,0.234618,14507.952148
59,0.681258,0.226531,14757.504883
60,0.656434,0.210085,15007.125000
61,0.628966,0.188702,15256.706055
62,0.612024,0.172603,15506.192383
63,0.591199,0.157660,15755.760742
64,0.571316,0.154620,16005.323242
65,0.541699,0.154156,16254.924805
66,0.517042,0.164470,16504.478516
67,0.501958,0.170390,16754.029297
68,0.477172,0.173886,17003.652344
69,0.469152,0.188929,17253.193359
70,0.459129,0.219255,17502.705078
71,0.457507,0.251170,17752.296875
72,0.459817,0.274576,18001.853516
73,0.449207,0.286855,18251.392578
74,0.421083,0.280727,18500.984375
75,0.379932,0.272768,18750.513672
76,0.336155,0.262585,19000.111328
77,0.314764,0.262567,19266.341797
78,0.305993,0.263536,19515.876953
79,0.292025,0.277665,19765.435547
80,0.271745,0.273400,20014.992188
81,0.239741,0.273339,20264.529297
82,0.226837,0.277874,20514.232422
83,0.231042,0.306504,20763.673828
84,0.243613,0.348728,21013.306641
85,0.245041,0.384560,21262.841797
86,0.235936,0.463867,21512.488281
87,0.241275,0.507743,21761.937500
88,0.242266,0.541016,22011.490234
89,0.241775,0.571333,22261.162109
90,0.241737,0.594366,22510.683594
91,0.247627,0.628094,22760.191406
92,0.251607,0.666305,23009.742188
93,0.250786,0.672885,23259.369141
94,0.246448,0.669023,23508.916016
95,0.230345,0.644796,23758.439453
96,0.210917,0.627572,24008.044922
97,0.186032,0.612663,24257.628906
98,0.164359,0.590233,24507.154297
99,0.148296,0.576102,24756.691406
0,0.749836,0.494494,-0.021280
1,0.749342,0.493024,266.202301
2,0.743300,0.462943,515.737854
3,0.733985,0.417024,765.334717
4,0.729752,0.361144,1014.858521
5,0.731535,0.325551,1264.454834
6,0.740384,0.361090,1514.017090
7,0.750386,0.502831,1763.584595
8,0.752633,0.650248,2013.153198
9,0.746145,0.719586,2262.691406
10,0.734781,0.757499,2512.244629
11,0.695770,0.738031,2761.818359
12,0.647345,0.679227,3011.407471
13,0.602930,0.605744,3260.942627
14,0.561827,0.547156,3510.541016
15,0.530663,0.498547,3760.066406
16,0.500513,0.477822,4009.623047
17,0.473170,0.480145,4259.201660
18,0.451103,0.484964,4508.797363
19,0.442355,0.487269,4758.345703
20,0.411518,0.500203,5007.877441
21,0.358993,0.517156,5257.441406
22,0.326070,0.534192,5507.023926
23,0.311313,0.627370,5756.565430
24,0.305992,0.773201,6006.146973
25,0.289249,0.827401,6255.749512
26,0.246526,0.750624,6505.268555
27,0.239885,0.574492,6754.851074
28,0.229690,0.410157,7004.386719
29,0.234354,0.272392,7253.960449
30,0.246190,0.187858,7503.550293
31,0.270020,0.132977,7753.078613
32,0.386137,0.096493,8002.662109
33,0.480516,0.150629,8252.221680
34,0.506208,0.274025,8501.791016
35,0.503461,0.379527,8751.337891
36,0.497828,0.402633,9000.914062
37,0.493207,0.389510,9250.470703
38,0.492625,0.395181,9500.092773
39,0.488762,0.403004,9766.262695
40,0.485518,0.396568,10015.799805
41,0.482176,0.395473,10265.378906
42,0.480673,0.400414,10514.924805
43,0.480438,0.402592,10764.500000
44,0.479418,0.399588,11014.045898
45,0.482319,0.396083,11263.633789
46,0.507853,0.389415,11513.235352
47,0.517296,0.389985,11762.766602
48,0.527170,0.394449,12012.331055
49,0.557829,0.401587,12261.865234
50,0.576507,0.407535,12511.434570
51,0.583150,0.426748,12761.023438
52,0.606760,0.452905,13010.567383
53,0.658659,0.469105,13260.171875
54,0.687129,0.482681,13509.728516
55,0.705297,0.484642,13759.298828
56,0.703072,0.516262,14008.824219
57,0.676827,0.572659,14258.424805
58,0.642894,0.606188,14507.969727
59,0.590330,0.578575,14757.508789
60,0.501080,0.511158,15007.082031
61,0.477182,0.489452,15256.625977
62,0.502912,0.491239,15506.207031
63,0.527977,0.495902,15755.768555
64,0.540398,0.498558,16005.372070
65,0.551300,0.494610,16254.928711
66,0.562606,0.492073,16504.494141
67,0.573923,0.489982,16754.042969
68,0.582930,0.489209,17003.595703
69,0.589555,0.489414,17253.187500
70,0.598712,0.488542,17502.730469
71,0.610850,0.481035,17752.322266
72,0.630936,0.456924,18001.849609
73,0.769638,0.389656,18251.423828
74,0.903608,0.376547,18501.015625
75,0.938128,0.431350,18750.560547
76,0.964661,0.473859,19000.140625
77,0.976739,0.500729,19266.349609
78,0.977660,0.515830,19515.859375
79,0.972971,0.524406,19765.460938
80,0.972160,0.540410,20014.996094
81,0.974435,0.575852,20264.583984
82,0.974276,0.598030,20514.146484
83,0.965659,0.613211,20763.716797
84,0.951563,0.622656,21013.292969
85,0.944080,0.606368,21262.826172
86,0.941631,0.589642,21512.412109
87,0.935074,0.585370,21761.943359
88,0.937309,0.587388,22011.544922
89,0.943684,0.593987,22261.068359
90,0.924118,0.579975,22510.648438
91,0.864283,0.572601,22760.218750
92,0.807270,0.558277,23009.750000
93,0.773475,0.398315,23259.349609
94,0.725195,0.241939,23508.894531
95,0.662663,0.126761,23758.447266
96,0.645561,0.089453,24008.009766
97,0.660346,0.127974,24257.611328
98,0.652371,0.321690,24507.130859
99,0.647676,0.554021,24756.707031
0,0.749865,0.617765,0.007506
1,0.749720,0.618622,266.172729
2,0.749422,0.619565,515.734131
3,0.743545,0.620260,765.338867
4,0.713452,0.619081,1014.884705
5,0.647778,0.607010,1264.471313
6,0.594562,0.588797,1514.000122
7,0.560711,0.577799,1763.574097
8,0.549102,0.565288,2013.139526
9,0.559308,0.539704,2262.685059
10,0.565518,0.541906,2512.305420
11,0.549489,0.539720,2761.831787
12,0.509929,0.511141,3011.400146
13,0.481950,0.476695,3260.950195
14,0.478686,0.482856,3510.541016
15,0.490920,0.529989,3760.104004
16,0.495156,0.566495,4009.657715
17,0.492226,0.574809,4259.234375
18,0.491049,0.579055,4508.758301
19,0.491710,0.577471,4758.367188
20,0.489346,0.580467,5007.906738
21,0.491391,0.592250,5257.500488
22,0.491122,0.598887,5507.030762
23,0.477057,0.602442,5756.643066
24,0.428405,0.600443,6006.154785
25,0.340105,0.587637,6255.703125
26,0.301176,0.599016,6505.327148
27,0.319935,0.663850,6754.851562
28,0.336673,0.715773,7004.447754
29,0.354543,0.728867,7253.974609
30,0.429147,0.735238,7503.553711
31,0.537223,0.748124,7753.096680
32,0.629910,0.753581,8002.672363
33,0.708649,0.729955,8252.260742
34,0.778037,0.688715,8501.775391
35,0.837145,0.646772,8751.357422
36,0.874403,0.647237,9000.919922
37,0.901485,0.647808,9250.521484
38,0.929247,0.645516,9500.039062
39,0.952422,0.636324,9766.270508
40,0.957308,0.652283,10015.830078
41,0.951043,0.704470,10265.401367
42,0.964136,0.730637,10514.934570
43,0.979744,0.737805,10764.510742
44,0.021405,0.724725,11014.064453
45,0.048357,0.649345,11263.627930
46,0.038519,0.574462,11513.194336
47,0.001419,0.489990,11762.753906
48,0.972310,0.397548,12012.330078
49,0.960257,0.334525,12261.920898
50,0.921591,0.306713,12511.471680
51,0.874319,0.284774,12761.012695
52,0.828058,0.285608,13010.573242
53,0.767883,0.326278,13260.149414
54,0.719839,0.365406,13509.724609
55,0.666849,0.380697,13759.274414
56,0.603118,0.408633,14008.853516
57,0.564590,0.431330,14258.409180
58,0.536932,0.466601,14507.985352
59,0.506857,0.495835,14757.541016
60,0.493574,0.508990,15007.091797
61,0.493288,0.513378,15256.666992
62,0.497620,0.517175,15506.231445
63,0.501039,0.528104,15755.815430
64,0.474491,0.530260,16005.330078
65,0.401077,0.514736,16254.913086
66,0.320319,0.507866,16504.470703
67,0.302111,0.526278,16754.058594
68,0.298775,0.560378,17003.607422
69,0.301396,0.606115,17253.167969
70,0.310575,0.630309,17502.734375
71,0.335222,0.639528,17752.292969
72,0.367221,0.671980,18001.859375
73,0.471396,0.704133,18251.416016
74,0.469389,0.707693,18501.027344
75,0.376764,0.662650,18750.562500
76,0.390798,0.649780,19000.119141
77,0.393448,0.643982,19266.308594
78,0.379571,0.636287,19515.878906
79,0.361209,0.612487,19765.453125
80,0.348699,0.595821,20015.009766
81,0.355090,0.594514,20264.570312
82,0.430659,0.599425,20514.138672
83,0.532858,0.557971,20763.691406
84,0.554067,0.547879,21013.253906
85,0.558263,0.550168,21262.824219
86,0.560538,0.553240,21512.388672
87,0.558379,0.562333,21761.962891
88,0.557119,0.566607,22011.529297
89,0.553753,0.571671,22261.126953
90,0.551772,0.574733,22510.648438
91,0.549263,0.577242,22760.205078
92,0.547682,0.583318,23009.775391
93,0.546140,0.590441,23259.341797
94,0.546513,0.596983,23508.894531
95,0.547017,0.603310,23758.472656
96,0.546214,0.605880,24008.025391
97,0.553374,0.607240,24257.605469
98,0.590463,0.601612,24507.146484
99,0.601897,0.600326,24756.720703
0,0.782539,0.527818,0.022595
1,0.808973,0.527907,266.198975
2,0.837292,0.528989,515.717529
3,0.870194,0.520442,765.341064
4,0.888681,0.412622,1014.937622
5,0.882667,0.280216,1264.417480
6,0.863360,0.213376,1514.034546
7,0.833784,0.203709,1763.572388
8,0.638792,0.251097,2013.110596
9,0.536031,0.328873,2262.707275
10,0.526953,0.389167,2512.275635
11,0.534373,0.516576,2761.850342
12,0.529679,0.534451,3011.370605
13,0.508411,0.540301,3261.040527
14,0.482105,0.546812,3510.542480
15,0.465160,0.605710,3760.097656
16,0.445720,0.653669,4009.634033
17,0.403060,0.667417,4259.281738
18,0.374948,0.675527,4508.785156
19,0.340207,0.673017,4758.315918
20,0.299391,0.674686,5007.985840
21,0.261490,0.678869,5257.458008
22,0.223645,0.680164,5507.012207
23,0.186402,0.670617,5756.579102
24,0.160622,0.661560,6006.148926
25,0.136156,0.655327,6255.713379
26,0.095512,0.659325,6505.273926
27,0.057384,0.653696,6754.819336
28,0.032338,0.662012,7004.410645
29,0.001202,0.671140,7253.963867
30,0.972818,0.675547,7503.527344
31,0.945033,0.677478,7753.095703
32,0.927362,0.686325,8002.647949
33,0.919261,0.649009,8252.216797
34,0.949233,0.446694,8501.771484
35,0.950482,0.343808,8751.349609
36,0.939506,0.297660,9000.923828
37,0.922839,0.239778,9250.474609
38,0.897267,0.228287,9500.020508
39,0.848911,0.229510,9766.246094
40,0.797412,0.230386,10015.789062
41,0.776102,0.239046,10265.382812
42,0.787084,0.236205,10514.937500
43,0.772107,0.248769,10764.531250
44,0.717659,0.259227,11014.051758
45,0.663849,0.260697,11263.633789
46,0.624996,0.264647,11513.178711
47,0.601170,0.260870,11762.745117
48,0.577618,0.267648,12012.310547
49,0.550791,0.299341,12261.888672
50,0.512581,0.438853,12511.479492
51,0.483395,0.570830,12761.020508
52,0.472016,0.588347,13010.583008
53,0.471111,0.632367,13260.134766
54,0.483195,0.654180,13509.692383
55,0.497766,0.667081,13759.254883
56,0.511551,0.689352,14008.829102
57,0.521135,0.699738,14258.375000
58,0.494758,0.619144,14507.941406
59,0.430033,0.546279,14757.520508
60,0.371820,0.517326,15007.079102
61,0.338978,0.515976,15256.643555
62,0.309531,0.517947,15506.207031
63,0.295077,0.553812,15755.804688
64,0.288755,0.608512,16005.347656
65,0.272884,0.648558,16254.892578
66,0.248515,0.637923,16504.472656
67,0.240915,0.637455,16754.031250
68,0.235933,0.630959,17003.615234
69,0.245455,0.627041,17253.152344
70,0.261840,0.603773,17502.718750
71,0.291950,0.561294,17752.289062
72,0.331558,0.497685,18001.837891
73,0.365636,0.400804,18251.406250
74,0.395388,0.369940,18500.962891
75,0.454676,0.321010,18750.523438
76,0.497463,0.300488,19000.095703
77,0.512881,0.303931,19266.316406
78,0.524782,0.298806,19515.876953
79,0.556416,0.301826,19765.437500
80,0.600439,0.291016,20015.027344
81,0.636819,0.314780,20264.572266
82,0.703593,0.382091,20514.115234
83,0.778648,0.472430,20763.687500
84,0.802119,0.502994,21013.240234
85,0.810866,0.512060,21262.804688
86,0.796826,0.533334,21512.378906
87,0.766188,0.533573,21761.925781
88,0.785380,0.511518,22011.501953
89,0.800432,0.533798,22261.054688
90,0.830790,0.560539,22510.632812
91,0.875448,0.604830,22760.214844
92,0.930930,0.591574,23009.755859
93,0.981305,0.564671,23259.320312
94,0.998106,0.562309,23508.876953
95,0.018225,0.568638,23758.441406
96,0.041265,0.576796,24007.998047
97,0.082509,0.571495,24257.585938
98,0.128109,0.556297,24507.169922
99,0.142986,0.550081,24756.708984
0,0.749944,0.453303,0.006279
1,0.749618,0.453573,266.215790
2,0.746225,0.457059,515.734924
3,0.713112,0.500847,765.380188
4,0.638738,0.564635,1014.884338
5,0.557409,0.575750,1264.433350
6,0.515963,0.578904,1514.106201
7,0.485965,0.579488,1763.557861
8,0.460907,0.573977,2013.135010
9,0.442478,0.571900,2262.756348
10,0.419417,0.596552,2512.292725
11,0.391878,0.631541,2761.863037
12,0.375907,0.709093,3011.392578
13,0.376788,0.747331,3260.952393
14,0.393549,0.750841,3510.512939
15,0.401090,0.730062,3760.104492
16,0.391626,0.693578,4009.631836
17,0.389261,0.631316,4259.275391
18,0.385278,0.540696,4508.805176
19,0.384941,0.470273,4758.330078
20,0.398172,0.421675,5007.955078
21,0.422443,0.398477,5257.516113
22,0.466110,0.407667,5507.088379
23,0.508934,0.444380,5756.628906
24,0.529286,0.476034,6006.230469
25,0.535013,0.493692,6255.698730
26,0.577277,0.493898,6505.265625
27,0.641918,0.467026,6754.833984
28,0.678211,0.439545,7004.479492
29,0.706421,0.423352,7254.041016
30,0.715314,0.383948,7503.526855
31,0.714062,0.353539,7753.105957
32,0.722888,0.314444,8002.678711
33,0.728102,0.292815,8252.257812
34,0.725133,0.279708,8501.775391
35,0.702273,0.252289,8751.394531
36,0.659619,0.234479,9000.937500
37,0.611061,0.237772,9250.525391
38,0.589101,0.250864,9500.101562
39,0.504491,0.311037,9766.256836
40,0.412683,0.379152,10015.806641
41,0.387906,0.370436,10265.354492
42,0.358470,0.371457,10514.987305
43,0.315862,0.390085,10764.567383
44,0.255860,0.440143,11014.059570
45,0.203793,0.487173,11263.659180
46,0.171459,0.499425,11513.204102
47,0.140629,0.506733,11762.752930
48,0.115414,0.534144,12012.328125
49,0.100918,0.554428,12261.953125
50,0.082182,0.574257,12511.559570
51,0.075667,0.630293,12761.022461
52,0.075416,0.692270,13010.600586
53,0.081719,0.760992,13260.171875
54,0.134467,0.823844,13509.729492
55,0.179187,0.842009,13759.268555
56,0.220433,0.824441,14008.863281
57,0.281922,0.802584,14258.526367
58,0.315581,0.806672,14508.012695
59,0.340787,0.817836,14757.554688
60,0.362554,0.845542,15007.097656
61,0.396070,0.888992,15256.683594
62,0.444536,0.916725,15506.211914
63,0.482926,0.910765,15755.776367
64,0.507733,0.893611,16005.356445
65,0.520866,0.857339,16255.010742
66,0.527951,0.834574,16504.501953
67,0.527410,0.810347,16754.074219
68,0.528910,0.798004,17003.607422
69,0.526888,0.789842,17253.154297
70,0.518437,0.754462,17502.763672
71,0.509097,0.725190,17752.292969
72,0.508913,0.689737,18001.861328
73,0.515132,0.648425,18251.435547
74,0.515534,0.612403,18501.105469
75,0.506134,0.608389,18750.537109
76,0.499426,0.594326,19000.117188
77,0.496375,0.579414,19266.341797
78,0.501433,0.575628,19515.908203
79,0.512614,0.580039,19765.445312
80,0.528102,0.587392,20015.013672
81,0.535457,0.597118,20264.587891
82,0.534326,0.599434,20514.222656
83,0.497250,0.611509,20763.759766
84,0.451015,0.625568,21013.267578
85,0.422651,0.623641,21262.853516
86,0.424799,0.595740,21512.433594
87,0.437886,0.566781,21761.978516
88,0.444662,0.543404,22011.527344
89,0.470946,0.519159,22261.158203
90,0.489753,0.493897,22510.699219
91,0.489292,0.499617,22760.257812
92,0.486052,0.499167,23009.761719
93,0.494270,0.483181,23259.390625
94,0.517958,0.451009,23508.923828
95,0.550912,0.422397,23758.443359
96,0.599844,0.395613,24008.041016
97,0.656407,0.378442,24257.583984
98,0.712425,0.355829,24507.240234
99,0.743490,0.342545,24756.705078
