Idx, longitude, latitude, start timestamp
0,0.750743,0.514553,0.017557
1,0.751638,0.514550,266.230896
2,0.755396,0.516937,515.880676
3,0.773020,0.513594,765.311829
4,0.798661,0.502588,1015.001343
5,0.824253,0.489464,1264.441406
6,0.845432,0.484824,1514.109131
7,0.869556,0.479561,1763.573242
8,0.893103,0.466249,2013.082520
9,0.911631,0.451827,2262.708252
10,0.924648,0.440627,2512.293701
11,0.933042,0.432756,2761.781006
12,0.937319,0.433381,3011.459961
13,0.937580,0.438535,3310.907471
14,0.926175,0.445593,3560.408691
15,0.902493,0.458349,3810.044678
16,0.880160,0.474882,4059.566895
17,0.862920,0.478591,4325.752930
18,0.851221,0.478729,4558.766602
19,0.843254,0.481087,4808.244629
20,0.837395,0.481636,5057.869141
21,0.819860,0.482320,5307.392090
22,0.793512,0.488474,5557.016113
23,0.774332,0.490813,5789.870117
24,0.753774,0.489771,6022.850098
25,0.733861,0.489069,6272.352051
26,0.716144,0.490338,6521.964844
27,0.701047,0.488976,6754.837891
28,0.686254,0.490582,7004.482422
29,0.668489,0.495700,7253.956055
30,0.641330,0.495767,7503.614746
31,0.622399,0.497326,7786.363281
32,0.599687,0.499112,8019.348145
33,0.575856,0.497966,8268.838867
34,0.554561,0.496826,8518.420898
35,0.533334,0.496970,8767.924805
36,0.515683,0.493880,9000.921875
37,0.499964,0.494923,9250.459961
38,0.489071,0.496046,9533.327148
39,0.477193,0.499404,9782.919922
40,0.464386,0.505588,10032.438477
41,0.439658,0.501719,10281.918945
42,0.408382,0.500805,10514.929688
43,0.386638,0.502665,10764.564453
44,0.370887,0.503432,11014.018555
45,0.352960,0.509428,11263.641602
46,0.339311,0.515632,11513.116211
47,0.329374,0.519596,11762.776367
48,0.326698,0.519467,12028.936523
49,0.325348,0.517929,12261.856445
50,0.327165,0.515104,12511.482422
51,0.332239,0.514480,12761.009766
52,0.339343,0.510707,13010.653320
53,0.347215,0.494658,13260.095703
54,0.354283,0.456524,13509.767578
55,0.361650,0.414616,13759.213867
56,0.370881,0.387601,14008.834961
57,0.386635,0.356153,14258.372070
58,0.396849,0.328889,14507.965820
59,0.400617,0.320282,14757.463867
60,0.401473,0.314308,15007.075195
61,0.402663,0.302840,15339.857422
62,0.403210,0.295506,15589.493164
63,0.403014,0.294116,15838.929688
64,0.403416,0.295264,16088.554688
65,0.406148,0.319191,16321.460938
66,0.407164,0.376346,16571.111328
67,0.408077,0.445006,16820.554688
68,0.415695,0.479700,17070.175781
69,0.438365,0.487458,17319.683594
70,0.470898,0.485079,17552.669922
71,0.500692,0.483303,17802.185547
72,0.529670,0.493570,18051.804688
73,0.549963,0.508572,18301.255859
74,0.557243,0.521865,18550.910156
75,0.557730,0.524063,18800.382812
76,0.555774,0.515415,19050.025391
77,0.553190,0.504452,19299.605469
78,0.552971,0.485733,19532.503906
79,0.551845,0.473315,19782.027344
80,0.551228,0.472140,20048.271484
81,0.550947,0.475193,20297.746094
82,0.549928,0.479305,20547.332031
83,0.548397,0.483906,20796.994141
84,0.547717,0.489061,21046.472656
85,0.547288,0.493426,21279.445312
86,0.547930,0.497101,21512.353516
87,0.550822,0.498298,21761.953125
88,0.561042,0.499508,22011.431641
89,0.576410,0.501466,22261.089844
90,0.593031,0.505921,22510.554688
91,0.608634,0.513209,22760.177734
92,0.627970,0.526746,23009.685547
93,0.646965,0.539920,23292.537109
94,0.666504,0.545680,23542.201172
95,0.684067,0.545486,23791.652344
96,0.700686,0.545857,24041.316406
97,0.718357,0.544560,24290.798828
98,0.735399,0.543838,24540.433594
99,0.746777,0.542041,24773.316406
0,0.750419,0.510235,0.027645
1,0.750949,0.510888,266.237854
2,0.751261,0.511424,515.771667
3,0.739951,0.516884,765.337524
4,0.698822,0.528399,1014.834290
5,0.680848,0.528690,1264.486328
6,0.617440,0.525232,1514.089233
7,0.596691,0.528014,1763.592285
8,0.598316,0.528358,2013.246582
9,0.600911,0.530518,2262.727295
10,0.609532,0.536451,2512.319824
11,0.616883,0.539249,2761.799805
12,0.618801,0.539558,3011.482422
13,0.628676,0.527445,3261.026123
14,0.676222,0.465179,3510.561768
15,0.732954,0.434787,3760.113770
16,0.824767,0.451039,4009.727051
17,0.866795,0.481226,4259.179688
18,0.872338,0.566905,4508.769531
19,0.873185,0.676778,4758.424316
20,0.844157,0.749827,5008.002441
21,0.830509,0.750857,5257.499023
22,0.856071,0.722747,5507.017578
23,0.928801,0.639709,5756.642090
24,0.943709,0.588721,6006.170898
25,0.937921,0.552977,6255.789551
26,0.934934,0.544097,6505.291992
27,0.932275,0.537007,6754.929199
28,0.917842,0.473821,7004.343750
29,0.907620,0.443141,7254.021973
30,0.889655,0.442559,7503.632324
31,0.853001,0.455938,7753.143066
32,0.841891,0.461925,8002.705078
33,0.839504,0.464083,8252.315430
34,0.837641,0.464296,8501.845703
35,0.836779,0.464526,8751.328125
36,0.835703,0.465701,9000.992188
37,0.834673,0.467179,9250.532227
38,0.834006,0.467835,9500.170898
39,0.833678,0.469415,9766.244141
40,0.833776,0.470671,10015.795898
41,0.833552,0.471076,10265.458984
42,0.833064,0.472135,10514.953125
43,0.832588,0.472645,10764.573242
44,0.832560,0.472874,11014.059570
45,0.832471,0.473113,11263.740234
46,0.832418,0.473332,11513.214844
47,0.832010,0.473560,11762.760742
48,0.830833,0.473064,12012.292969
49,0.830909,0.473447,12261.900391
50,0.830351,0.474540,12511.413086
51,0.815675,0.479201,12761.044922
52,0.795283,0.484527,13010.526367
53,0.783959,0.487856,13260.134766
54,0.744177,0.489510,13526.435547
55,0.731082,0.489360,13759.274414
56,0.728732,0.489337,14008.847656
57,0.726249,0.489125,14258.361328
58,0.722529,0.489507,14507.984375
59,0.720405,0.490692,14757.580078
60,0.720189,0.491177,15007.175781
61,0.719824,0.491769,15256.592773
62,0.720204,0.492799,15506.241211
63,0.720751,0.494160,15755.739258
64,0.721475,0.494999,16005.369141
65,0.721778,0.494624,16254.929688
66,0.723628,0.497264,16504.478516
67,0.725098,0.491709,16754.169922
68,0.726819,0.499031,17003.542969
69,0.727381,0.493615,17253.251953
70,0.755238,0.484254,17502.689453
71,0.802417,0.488199,17752.320312
72,0.915488,0.498883,18001.841797
73,0.985641,0.522454,18251.494141
74,0.014311,0.524028,18500.921875
75,0.035599,0.525208,18750.509766
76,0.051153,0.524654,19000.033203
77,0.065355,0.525999,19266.357422
78,0.081044,0.520544,19515.957031
79,0.092815,0.510491,19765.421875
80,0.102973,0.507351,20014.990234
81,0.110546,0.500989,20264.562500
82,0.113391,0.496440,20514.152344
83,0.112382,0.494217,20763.683594
84,0.106571,0.472656,21013.226562
85,0.095006,0.412751,21262.732422
86,0.093109,0.385093,21512.376953
87,0.092615,0.383875,21761.968750
88,0.090985,0.404256,22011.498047
89,0.091656,0.430253,22261.062500
90,0.097301,0.466017,22510.589844
91,0.097697,0.481106,22760.181641
92,0.097740,0.483899,23009.726562
93,0.096428,0.484587,23259.337891
94,0.094441,0.484723,23508.800781
95,0.092392,0.485175,23758.531250
96,0.091029,0.486699,24008.021484
97,0.090072,0.487985,24257.552734
98,0.089366,0.488733,24507.078125
99,0.089289,0.488744,24756.705078
0,0.749912,0.515224,0.039053
1,0.748826,0.516218,266.208954
2,0.740321,0.516819,515.744263
3,0.721911,0.522950,765.255066
4,0.712523,0.526800,1014.924316
5,0.716386,0.518986,1264.421753
6,0.735782,0.507768,1514.048096
7,0.759180,0.502529,1763.543213
8,0.769860,0.501425,2013.154907
9,0.790753,0.491216,2262.721436
10,0.819801,0.485292,2512.333984
11,0.838893,0.495537,2761.908691
12,0.837831,0.531071,3011.359619
13,0.828241,0.617029,3261.027832
14,0.841241,0.664827,3510.527588
15,0.851529,0.654970,3760.127686
16,0.860542,0.617359,4009.587158
17,0.894236,0.564994,4259.252441
18,0.932876,0.535342,4508.703125
19,0.947563,0.517465,4758.356934
20,0.942869,0.505082,5007.953613
21,0.938209,0.503490,5257.520996
22,0.937074,0.503755,5507.107422
23,0.937694,0.503827,5756.566406
24,0.933640,0.504143,6006.225098
25,0.925877,0.500392,6255.757324
26,0.928006,0.500774,6505.342773
27,0.928687,0.506251,6754.786133
28,0.928374,0.505868,7004.477539
29,0.929721,0.502743,7253.911133
30,0.930153,0.505267,7503.522461
31,0.928563,0.504121,7753.059570
32,0.928137,0.504550,8002.673340
33,0.928731,0.506985,8252.299805
34,0.927488,0.513238,8501.811523
35,0.924824,0.511649,8751.434570
36,0.923037,0.508953,9000.924805
37,0.920358,0.509397,9250.552734
38,0.918321,0.509419,9516.665039
39,0.917697,0.506900,9766.292969
40,0.909377,0.502121,10015.814453
41,0.891848,0.499643,10265.455078
42,0.884195,0.497808,10514.889648
43,0.880215,0.497535,10764.540039
44,0.876799,0.499635,11014.104492
45,0.889692,0.493279,11263.608398
46,0.908175,0.486618,11513.266602
47,0.910033,0.476640,11762.749023
48,0.912290,0.448175,12012.419922
49,0.908762,0.432561,12261.840820
50,0.892141,0.431797,12511.480469
51,0.862510,0.458350,12760.996094
52,0.831517,0.483344,13010.625977
53,0.811511,0.494455,13260.087891
54,0.799212,0.497342,13509.784180
55,0.782887,0.499407,13759.372070
56,0.769943,0.498186,14008.876953
57,0.752178,0.492837,14258.474609
58,0.733325,0.492092,14507.987305
59,0.721968,0.493286,14757.581055
60,0.710362,0.501455,15007.053711
61,0.700373,0.505305,15256.727539
62,0.689686,0.504573,15506.167969
63,0.674244,0.508736,15755.852539
64,0.664242,0.504209,16005.380859
65,0.662211,0.498043,16254.931641
66,0.663655,0.510685,16504.468750
67,0.668380,0.508243,16754.029297
68,0.663277,0.504039,17003.720703
69,0.658092,0.509466,17253.205078
70,0.653890,0.508651,17502.804688
71,0.651035,0.507545,17752.275391
72,0.647886,0.507886,18001.808594
73,0.640616,0.500329,18251.382812
74,0.630662,0.496370,18501.039062
75,0.625213,0.476054,18750.492188
76,0.600687,0.461381,19000.251953
77,0.569022,0.464904,19266.292969
78,0.533962,0.477086,19515.906250
79,0.501049,0.476343,19765.609375
80,0.491901,0.481266,20015.050781
81,0.484146,0.488144,20264.634766
82,0.466150,0.487673,20514.091797
83,0.452266,0.490780,20763.847656
84,0.440386,0.487096,21013.345703
85,0.424803,0.489047,21262.880859
86,0.425570,0.486295,21512.371094
87,0.427144,0.486540,21761.996094
88,0.421300,0.484136,22011.476562
89,0.419394,0.475586,22261.146484
90,0.421177,0.478828,22510.759766
91,0.410150,0.487897,22760.255859
92,0.399477,0.492096,23009.707031
93,0.393826,0.492915,23259.425781
94,0.392398,0.491756,23509.046875
95,0.387872,0.493236,23758.498047
96,0.378598,0.500990,24008.044922
97,0.366690,0.507725,24257.548828
98,0.349636,0.509934,24507.205078
99,0.342964,0.510735,24756.664062
0,0.748210,0.532685,0.001023
1,0.744052,0.538260,266.158722
2,0.756613,0.558114,515.756653
3,0.770133,0.573532,765.207764
4,0.747085,0.572218,1014.828003
5,0.717335,0.560131,1264.373779
6,0.694825,0.546890,1513.993530
7,0.676881,0.533109,1763.501343
8,0.649323,0.524543,2013.099731
9,0.639823,0.528186,2262.731201
10,0.665637,0.528380,2512.211182
11,0.678049,0.525066,2761.814453
12,0.701028,0.517756,3011.320557
13,0.717822,0.515009,3260.876953
14,0.739585,0.516422,3510.413330
15,0.778465,0.516116,3760.055420
16,0.808660,0.509871,4009.541504
17,0.832075,0.490229,4259.182617
18,0.843759,0.435691,4508.708984
19,0.849350,0.392800,4758.250000
20,0.867958,0.381233,5007.758789
21,0.899908,0.381545,5257.426758
22,0.937118,0.387791,5507.021973
23,0.973169,0.358593,5756.442871
24,0.974930,0.329235,6006.046387
25,0.979061,0.320669,6255.659668
26,0.966015,0.305372,6505.222656
27,0.958441,0.297860,6754.677734
28,0.962206,0.307022,7004.388672
29,0.966458,0.320602,7253.769043
30,0.969302,0.336960,7503.386230
31,0.982587,0.374778,7752.905273
32,0.014408,0.444461,8002.517090
33,0.047800,0.497896,8251.979492
34,0.069456,0.546335,8501.663086
35,0.089835,0.578325,8751.335938
36,0.094688,0.576124,9000.759766
37,0.095736,0.587225,9250.273438
38,0.088091,0.626958,9516.438477
39,0.066538,0.635798,9766.135742
40,0.018114,0.636727,10015.627930
41,0.993209,0.623706,10265.234375
42,0.983999,0.610836,10514.736328
43,0.979508,0.604393,10764.295898
44,0.972872,0.595075,11013.930664
45,0.958268,0.589079,11263.436523
46,0.935208,0.574855,11513.026367
47,0.913514,0.556885,11762.531250
48,0.887540,0.539739,12012.139648
49,0.886003,0.523067,12261.647461
50,0.907956,0.517694,12511.275391
51,0.918715,0.511423,12760.782227
52,0.872615,0.503852,13010.375000
53,0.841951,0.502883,13259.823242
54,0.819013,0.502682,13509.483398
55,0.800076,0.499577,13759.018555
56,0.775828,0.492035,14008.575195
57,0.747992,0.487160,14258.052734
58,0.715996,0.482054,14507.743164
59,0.685561,0.478433,14757.299805
60,0.652607,0.492439,15023.461914
61,0.623430,0.491639,15273.041992
62,0.594789,0.486482,15505.920898
63,0.569893,0.480171,15755.535156
64,0.535126,0.459551,16005.072266
65,0.508186,0.440098,16254.628906
66,0.468035,0.458444,16587.355469
67,0.441979,0.489649,16803.609375
68,0.412068,0.516257,17036.638672
69,0.388318,0.515499,17252.878906
70,0.361330,0.520684,17535.744141
71,0.339969,0.525387,17768.617188
72,0.316380,0.534791,18001.591797
73,0.296436,0.536440,18267.708984
74,0.289492,0.539501,18500.695312
75,0.291173,0.551311,18750.158203
76,0.301515,0.569920,19082.935547
77,0.320314,0.569364,19332.566406
78,0.338754,0.562268,19548.792969
79,0.348547,0.552231,19781.822266
80,0.360570,0.546625,20014.677734
81,0.375897,0.550012,20297.511719
82,0.400110,0.539433,20513.775391
83,0.418203,0.519795,20779.880859
84,0.431006,0.508862,21029.482422
85,0.442838,0.522936,21279.134766
86,0.469064,0.537195,21511.980469
87,0.496339,0.533795,21761.609375
88,0.508310,0.509259,22011.066406
89,0.517043,0.447519,22327.226562
90,0.524025,0.382999,22560.179688
91,0.528673,0.331089,22776.396484
92,0.523983,0.305344,23009.396484
93,0.462993,0.277317,23258.902344
94,0.449060,0.244815,23525.187500
95,0.426517,0.238041,23774.664062
96,0.387010,0.277555,24007.673828
97,0.370327,0.298351,24273.771484
98,0.337064,0.347721,24523.343750
99,0.314753,0.381064,24756.285156
0,0.751136,0.508072,0.018224
1,0.751415,0.508079,266.341187
2,0.751998,0.509953,515.745300
3,0.753647,0.513221,765.431030
4,0.757086,0.514238,1014.932007
5,0.757492,0.513872,1264.487915
6,0.757260,0.514236,1514.036621
7,0.756391,0.515311,1763.613037
8,0.756164,0.516288,2013.138916
9,0.756715,0.516051,2262.784180
10,0.763242,0.511938,2512.228271
11,0.782923,0.498150,2761.921143
12,0.805746,0.481720,3011.490967
13,0.821953,0.458474,3260.961914
14,0.831815,0.420833,3510.594971
15,0.841221,0.394789,3760.110352
16,0.850384,0.395414,4009.739502
17,0.865425,0.413401,4259.256836
18,0.873571,0.430209,4508.848633
19,0.874879,0.446795,4758.320312
20,0.883202,0.466936,5007.956543
21,0.896572,0.496880,5257.439941
22,0.903111,0.531946,5507.072754
23,0.904062,0.567768,5756.604492
24,0.899270,0.587606,6006.243652
25,0.873784,0.590129,6255.836426
26,0.830087,0.589225,6505.298828
27,0.784641,0.584265,6754.836914
28,0.746116,0.578803,7004.448242
29,0.711070,0.573499,7254.050781
30,0.679926,0.564025,7503.519043
31,0.654377,0.551935,7753.199707
32,0.647608,0.549156,8002.711426
33,0.650797,0.549663,8252.291016
34,0.655086,0.548474,8501.855469
35,0.658972,0.544810,8751.395508
36,0.658367,0.540887,9001.028320
37,0.656283,0.542693,9250.500000
38,0.647124,0.571706,9500.172852
39,0.633109,0.619104,9766.289062
40,0.620767,0.630482,10015.865234
41,0.602942,0.618726,10265.417969
42,0.584869,0.606364,10515.028320
43,0.571819,0.601835,10764.489258
44,0.559368,0.597855,11014.142578
45,0.551529,0.594172,11263.587891
46,0.547316,0.593581,11513.210938
47,0.547133,0.593744,11762.743164
48,0.549021,0.593054,12012.353516
49,0.550129,0.592607,12261.989258
50,0.548749,0.591629,12511.486328
51,0.542464,0.582488,12761.112305
52,0.518736,0.557481,13010.567383
53,0.498651,0.521695,13260.246094
54,0.491556,0.480459,13509.685547
55,0.494830,0.437206,13759.377930
56,0.506963,0.408967,14092.088867
57,0.540946,0.395151,14341.570312
58,0.557265,0.382055,14591.215820
59,0.554339,0.371667,14840.788086
60,0.555403,0.365551,15090.334961
61,0.592085,0.365328,15323.357422
62,0.625637,0.369242,15572.793945
63,0.659295,0.375934,15822.454102
64,0.662025,0.383352,16055.307617
65,0.645209,0.387999,16304.892578
66,0.603648,0.386803,16554.449219
67,0.550727,0.389304,16804.068359
68,0.493007,0.389456,17053.574219
69,0.451502,0.403652,17303.193359
70,0.427485,0.421168,17552.689453
71,0.409700,0.429566,17802.259766
72,0.390048,0.426721,18051.751953
73,0.375894,0.422382,18284.697266
74,0.361704,0.413790,18534.296875
75,0.341723,0.408498,18783.855469
76,0.323879,0.402889,19033.390625
77,0.307942,0.390509,19282.976562
78,0.292638,0.385872,19532.650391
79,0.280077,0.371357,19782.164062
80,0.272001,0.358571,20014.966797
81,0.268420,0.343083,20264.650391
82,0.262602,0.336765,20514.238281
83,0.251458,0.334249,20763.738281
84,0.242679,0.335461,21029.962891
85,0.230708,0.336516,21262.855469
86,0.218789,0.342754,21512.558594
87,0.213226,0.365297,21778.617188
88,0.207175,0.395464,22028.234375
89,0.197056,0.421546,22277.740234
90,0.187619,0.450627,22527.339844
91,0.182714,0.473113,22776.929688
92,0.182611,0.477258,23026.494141
93,0.184145,0.473430,23276.048828
94,0.186464,0.454462,23542.167969
95,0.188405,0.441814,23775.183594
96,0.191404,0.440625,24041.304688
97,0.190647,0.446642,24290.972656
98,0.193011,0.453405,24540.458984
99,0.203911,0.458547,24790.052734
0,0.749965,0.527236,-0.048359
1,0.753535,0.528705,266.217621
2,0.804612,0.528310,515.645203
3,0.872242,0.517606,765.279846
4,0.916783,0.532543,1014.759155
5,0.930827,0.567478,1264.412109
6,0.904634,0.631939,1513.945435
7,0.865858,0.700767,1763.535400
8,0.844116,0.730393,2013.092407
9,0.843307,0.715370,2262.645020
10,0.840406,0.663359,2512.310791
11,0.836901,0.590019,2761.812988
12,0.830549,0.506719,3011.251709
13,0.802447,0.406890,3260.838135
14,0.754828,0.352437,3510.473633
15,0.701450,0.371853,3760.072021
16,0.677643,0.396712,4009.668701
17,0.664855,0.437696,4259.087891
18,0.652829,0.477527,4508.753906
19,0.613504,0.498723,4758.246094
20,0.592899,0.517768,5007.806641
21,0.558704,0.552466,5257.463379
22,0.531621,0.563954,5506.952637
23,0.507783,0.566465,5756.603516
24,0.485230,0.559595,6006.065430
25,0.481167,0.537742,6255.718262
26,0.508198,0.532580,6505.190918
27,0.605389,0.558159,6754.834961
28,0.706616,0.570541,7004.323730
29,0.733667,0.572769,7253.956055
30,0.732489,0.565302,7503.446289
31,0.689028,0.544201,7753.013184
32,0.589726,0.532734,8002.576660
33,0.471715,0.536217,8252.135742
34,0.375422,0.550880,8501.774414
35,0.346720,0.556397,8751.277344
36,0.335778,0.561894,9000.917969
37,0.329494,0.559883,9250.390625
38,0.330571,0.557963,9516.664062
39,0.339737,0.553291,9766.122070
40,0.347092,0.554014,10015.834961
41,0.340542,0.561714,10265.206055
42,0.337470,0.562139,10514.871094
43,0.347558,0.513169,10764.465820
44,0.354710,0.410529,11014.026367
45,0.369492,0.333021,11263.623047
46,0.390618,0.312978,11513.064453
47,0.404315,0.331846,11762.760742
48,0.411873,0.384775,12012.228516
49,0.402570,0.433356,12261.911133
50,0.360930,0.481415,12511.374023
51,0.297455,0.502693,12760.928711
52,0.256832,0.517860,13010.475586
53,0.219910,0.552765,13260.042969
54,0.197763,0.566809,13509.599609
55,0.188466,0.557814,13759.152344
56,0.187864,0.538729,14008.767578
57,0.188033,0.530274,14258.353516
58,0.189831,0.486803,14508.001953
59,0.201209,0.437741,14757.425781
60,0.225367,0.368948,15007.006836
61,0.238862,0.327153,15256.590820
62,0.250807,0.324460,15506.212891
63,0.267593,0.365323,15755.669922
64,0.288509,0.412908,16005.226562
65,0.348350,0.454049,16254.750000
66,0.416659,0.478212,16504.363281
67,0.475217,0.491212,16753.927734
68,0.520285,0.516175,17003.535156
69,0.545313,0.529630,17253.142578
70,0.577721,0.536776,17502.656250
71,0.610193,0.539461,17768.886719
72,0.624028,0.541931,18001.753906
73,0.626535,0.525956,18251.398438
74,0.624949,0.485953,18500.867188
75,0.656961,0.452257,18750.455078
76,0.700431,0.452342,19016.648438
77,0.723883,0.483986,19266.244141
78,0.720342,0.514497,19515.908203
79,0.695166,0.552125,19765.308594
80,0.705100,0.583987,20014.951172
81,0.746899,0.625701,20264.439453
82,0.785221,0.674435,20513.968750
83,0.795566,0.712156,20763.539062
84,0.810059,0.711053,21013.261719
85,0.846285,0.690631,21262.728516
86,0.878767,0.662444,21512.300781
87,0.888847,0.604149,21761.810547
88,0.882684,0.581781,22011.435547
89,0.883987,0.631394,22260.906250
90,0.902932,0.677289,22510.488281
91,0.946008,0.688585,22760.115234
92,0.979184,0.662948,23009.609375
93,0.994868,0.615084,23259.281250
94,0.970374,0.582365,23508.753906
95,0.940037,0.595959,23758.343750
96,0.953162,0.591250,24007.896484
97,0.978163,0.564855,24257.482422
98,0.985430,0.549873,24590.240234
99,0.975414,0.555049,24756.617188
0,0.742835,0.358020,0.122359
1,0.741564,0.368348,266.397278
2,0.751019,0.398803,515.866821
3,0.788322,0.459687,765.524170
4,0.830762,0.524073,1014.959351
5,0.847247,0.530706,1264.677490
6,0.862986,0.527783,1514.134399
7,0.898602,0.545613,1763.755249
8,0.934825,0.562204,2013.293091
9,0.961492,0.558377,2262.849121
10,0.958396,0.494484,2512.415527
11,0.940159,0.393936,2761.959473
12,0.921916,0.343488,3011.437012
13,0.904732,0.345798,3261.105713
14,0.881942,0.353688,3510.648438
15,0.856039,0.375860,3760.250000
16,0.830556,0.397161,4009.821777
17,0.799215,0.420332,4259.315918
18,0.742117,0.446570,4508.949219
19,0.682959,0.476635,4758.477051
20,0.659468,0.522808,5008.111816
21,0.656401,0.544318,5257.535645
22,0.664630,0.527560,5507.244141
23,0.666291,0.522495,5756.737305
24,0.664339,0.524170,6006.265625
25,0.664782,0.525568,6255.902832
26,0.664689,0.528311,6505.416504
27,0.661798,0.530499,6755.026855
28,0.642440,0.534359,7004.513184
29,0.598426,0.523777,7254.137695
30,0.535717,0.508496,7503.626465
31,0.483121,0.500153,7753.196777
32,0.441391,0.488753,8002.684570
33,0.408558,0.479156,8252.370117
34,0.383740,0.465421,8502.047852
35,0.363313,0.422010,8751.447266
36,0.355529,0.377611,9001.108398
37,0.348935,0.366082,9250.652344
38,0.330472,0.355208,9500.216797
39,0.308169,0.320682,9766.301758
40,0.286277,0.301144,10015.944336
41,0.275339,0.303165,10265.509766
42,0.278130,0.319687,10515.141602
43,0.282653,0.356526,10764.584961
44,0.277786,0.395342,11014.250977
45,0.242471,0.404409,11263.776367
46,0.210237,0.374850,11513.301758
47,0.198043,0.325817,11762.875000
48,0.186662,0.282521,12012.416992
49,0.185103,0.262626,12262.088867
50,0.194052,0.261420,12511.508789
51,0.199351,0.272649,12761.192383
52,0.191517,0.334488,13010.666992
53,0.169308,0.390389,13276.847656
54,0.166114,0.433113,13509.803711
55,0.170232,0.447758,13759.341797
56,0.173127,0.446617,14009.044922
57,0.177821,0.448230,14258.500977
58,0.191815,0.450645,14508.171875
59,0.212699,0.450362,14757.642578
60,0.236474,0.449187,15007.221680
61,0.262329,0.445317,15256.728516
62,0.286245,0.440029,15506.375977
63,0.303698,0.447848,15755.891602
64,0.320595,0.465641,16005.427734
65,0.336515,0.475250,16255.015625
66,0.352010,0.476808,16504.646484
67,0.368164,0.478361,16754.070312
68,0.384707,0.474152,17003.660156
69,0.404198,0.469289,17253.333984
70,0.429499,0.462134,17502.822266
71,0.460034,0.446825,17752.386719
72,0.479589,0.448584,18002.001953
73,0.484428,0.473351,18251.623047
74,0.497701,0.492101,18501.003906
75,0.493047,0.483700,18750.623047
76,0.470365,0.455110,19000.152344
77,0.440804,0.450906,19266.468750
78,0.424596,0.433529,19515.910156
79,0.433184,0.381963,19765.517578
80,0.452384,0.368124,20015.203125
81,0.475367,0.360815,20264.660156
82,0.504389,0.346184,20514.144531
83,0.532660,0.337992,20763.708984
84,0.553812,0.340804,21013.324219
85,0.581451,0.337629,21262.896484
86,0.609066,0.336452,21512.513672
87,0.633063,0.340440,21762.027344
88,0.650427,0.343749,22011.632812
89,0.668148,0.344895,22261.130859
90,0.691757,0.346344,22510.710938
91,0.717284,0.348405,22760.310547
92,0.747701,0.351782,23009.867188
93,0.789209,0.351367,23259.437500
94,0.844757,0.344564,23509.027344
95,0.884743,0.347765,23758.593750
96,0.911324,0.331409,24008.103516
97,0.934934,0.302229,24257.652344
98,0.955329,0.271633,24507.173828
99,0.969887,0.261988,24756.855469
0,0.749071,0.466070,-0.021546
1,0.749279,0.466166,266.113251
2,0.752765,0.470739,515.722473
3,0.774460,0.479352,765.165649
4,0.840846,0.485019,1031.443726
5,0.855841,0.492333,1264.323364
6,0.854663,0.497597,1513.984741
7,0.831682,0.499956,1763.580566
8,0.769665,0.495870,2013.065674
9,0.711017,0.482081,2262.675781
10,0.658842,0.475200,2512.167725
11,0.636113,0.478442,2761.937500
12,0.625569,0.475863,3011.285645
13,0.610228,0.477270,3277.570312
14,0.580412,0.479510,3510.376709
15,0.549889,0.480103,3760.116211
16,0.533384,0.477912,4009.531738
17,0.523942,0.465474,4259.112305
18,0.527533,0.440479,4508.637207
19,0.561103,0.394594,4758.252930
20,0.623922,0.343966,5007.884277
21,0.708118,0.314851,5257.361328
22,0.790459,0.314225,5507.055176
23,0.834517,0.338968,5756.460449
24,0.870893,0.358551,6006.120605
25,0.896572,0.378245,6255.639160
26,0.924020,0.395222,6505.239258
27,0.975195,0.425909,6754.687988
28,0.011954,0.485406,7004.354980
29,0.014006,0.521736,7253.880859
30,0.952303,0.527578,7503.477539
31,0.871846,0.520356,7753.085449
32,0.824353,0.512438,8002.602051
33,0.796657,0.493116,8252.211914
34,0.783832,0.448724,8501.655273
35,0.779033,0.356986,8751.331055
36,0.771358,0.340921,9000.853516
37,0.709360,0.401444,9250.467773
38,0.651325,0.447929,9516.508789
39,0.666652,0.485567,9766.128906
40,0.698507,0.500709,10015.643555
41,0.730384,0.500577,10265.280273
42,0.861974,0.482542,10514.877930
43,0.993532,0.447242,10764.411133
44,0.056007,0.416805,11014.051758
45,0.087242,0.403780,11263.558594
46,0.104754,0.373855,11513.158203
47,0.115480,0.350348,11762.659180
48,0.132540,0.300059,12012.250977
49,0.166598,0.254152,12261.730469
50,0.225877,0.281739,12511.401367
51,0.268423,0.391958,12760.870117
52,0.301347,0.468419,13010.582031
53,0.320067,0.491800,13260.082031
54,0.326467,0.502369,13509.634766
55,0.309968,0.493512,13759.252930
56,0.301236,0.490981,14008.686523
57,0.302073,0.494433,14258.303711
58,0.303760,0.500447,14507.790039
59,0.304860,0.506726,14757.488281
60,0.308069,0.511228,15006.947266
61,0.309902,0.512782,15256.597656
62,0.309651,0.513654,15506.032227
63,0.308333,0.512598,15755.716797
64,0.308271,0.513458,16005.148438
65,0.308614,0.514463,16254.788086
66,0.308633,0.513959,16504.441406
67,0.308699,0.513577,16753.886719
68,0.308936,0.513210,17003.621094
69,0.308948,0.513780,17253.042969
70,0.309063,0.514629,17502.683594
71,0.309058,0.515712,17752.119141
72,0.309071,0.516001,18001.775391
73,0.309240,0.516282,18251.283203
74,0.309372,0.516142,18500.851562
75,0.309115,0.514980,18750.398438
76,0.300275,0.513191,19016.652344
77,0.272416,0.514211,19266.269531
78,0.231355,0.512615,19515.757812
79,0.157488,0.507056,19765.330078
80,0.048435,0.496457,20014.835938
81,0.944588,0.473280,20264.480469
82,0.881853,0.456860,20513.943359
83,0.846688,0.457294,20763.636719
84,0.817852,0.470269,21013.064453
85,0.806540,0.463987,21262.765625
86,0.813983,0.432861,21512.167969
87,0.818490,0.395981,21761.847656
88,0.821741,0.365840,22011.464844
89,0.824602,0.340586,22260.917969
90,0.827404,0.346381,22510.583984
91,0.830334,0.335623,22760.027344
92,0.834790,0.313808,23009.763672
93,0.839660,0.293498,23275.826172
94,0.842384,0.262446,23508.734375
95,0.840867,0.229317,23758.289062
96,0.839487,0.221092,24007.912109
97,0.836354,0.225828,24257.423828
98,0.832274,0.237549,24507.042969
99,0.830881,0.243587,24756.544922
0,0.735835,0.573445,0.035868
1,0.707849,0.577523,266.247437
2,0.685100,0.580846,515.822571
3,0.670586,0.582835,765.388611
4,0.657657,0.548769,1014.938538
5,0.655297,0.482088,1264.549438
6,0.674922,0.456969,1514.067139
7,0.718563,0.462413,1763.629639
8,0.760227,0.480703,2013.222168
9,0.787440,0.495530,2262.759033
10,0.811783,0.514749,2512.315918
11,0.835811,0.534981,2761.874268
12,0.860083,0.563789,3011.465576
13,0.885160,0.592542,3260.997070
14,0.910357,0.601358,3510.553711
15,0.929397,0.599150,3760.219482
16,0.938631,0.585505,4009.738281
17,0.938643,0.555611,4259.310547
18,0.937964,0.488708,4508.846191
19,0.928180,0.425081,4758.395508
20,0.914661,0.394662,5007.948242
21,0.900170,0.387463,5257.475098
22,0.875935,0.421498,5507.104980
23,0.846645,0.458532,5756.653809
24,0.820361,0.499502,6006.198730
25,0.796595,0.519668,6255.740234
26,0.777721,0.536945,6505.312988
27,0.758983,0.543345,6754.907227
28,0.736693,0.548596,7004.432129
29,0.703736,0.553256,7254.045898
30,0.671712,0.552616,7503.589844
31,0.636522,0.554249,7753.176758
32,0.603502,0.558573,8002.715820
33,0.571819,0.558802,8252.325195
34,0.547317,0.556725,8501.842773
35,0.526037,0.550003,8751.406250
36,0.497607,0.548078,9000.985352
37,0.462111,0.550608,9250.539062
38,0.425992,0.555108,9500.194336
39,0.385371,0.561696,9766.295898
40,0.351499,0.561368,10015.833984
41,0.326669,0.560112,10265.430664
42,0.304069,0.538886,10515.018555
43,0.291243,0.495257,10764.554688
44,0.283374,0.444067,11014.129883
45,0.281753,0.413303,11263.658203
46,0.268243,0.409440,11513.243164
47,0.259897,0.422850,11762.783203
48,0.248860,0.466457,12012.443359
49,0.238050,0.499976,12261.913086
50,0.228143,0.533112,12511.498047
51,0.223466,0.547896,12761.111328
52,0.243571,0.547468,13010.712891
53,0.293835,0.547738,13260.237305
54,0.373718,0.549324,13509.728516
55,0.467697,0.547058,13759.335938
56,0.543104,0.535343,14008.863281
57,0.602553,0.526770,14258.514648
58,0.644749,0.510977,14508.059570
59,0.672611,0.471660,14757.583008
60,0.704541,0.466555,15007.112305
61,0.744272,0.478975,15256.695312
62,0.805185,0.490010,15506.331055
63,0.868668,0.490271,15755.872070
64,0.926520,0.495214,16005.379883
65,0.978679,0.507089,16254.971680
66,0.029277,0.506862,16504.529297
67,0.072622,0.517728,16754.052734
68,0.108914,0.521117,17003.626953
69,0.131192,0.523707,17253.207031
70,0.143623,0.500212,17502.777344
71,0.148235,0.459371,17752.326172
72,0.142802,0.457128,18001.904297
73,0.133645,0.468130,18251.445312
74,0.131618,0.474104,18501.009766
75,0.132341,0.476761,18750.580078
76,0.130430,0.481653,19000.162109
77,0.123699,0.484711,19266.337891
78,0.117209,0.486741,19515.902344
79,0.109653,0.488783,19765.492188
80,0.104344,0.489784,20015.025391
81,0.097338,0.486050,20264.593750
82,0.092457,0.481519,20514.156250
83,0.089604,0.455670,20763.716797
84,0.084333,0.400494,21013.289062
85,0.079313,0.356032,21262.855469
86,0.073633,0.307964,21512.425781
87,0.053573,0.286311,21762.007812
88,0.006485,0.307439,22011.548828
89,0.947905,0.353801,22261.107422
90,0.909946,0.385826,22510.671875
91,0.884174,0.407628,22760.250000
92,0.861578,0.453230,23009.802734
93,0.841392,0.489272,23259.378906
94,0.825217,0.517293,23508.935547
95,0.815165,0.539620,23758.490234
96,0.811568,0.556361,24008.056641
97,0.801155,0.574825,24257.615234
98,0.796699,0.603846,24507.189453
99,0.785608,0.613770,24756.773438
0,0.749903,0.581622,-0.003318
1,0.749843,0.582885,266.202393
2,0.749867,0.582611,515.778992
3,0.749486,0.567840,765.362366
4,0.751078,0.532732,1014.900574
5,0.751455,0.499203,1264.460693
6,0.752687,0.484267,1514.010010
7,0.759664,0.482108,1763.647949
8,0.769674,0.477713,2013.149170
9,0.773698,0.475142,2262.751953
10,0.781736,0.471960,2512.310547
11,0.789991,0.479823,2761.859863
12,0.800438,0.499728,3011.404297
13,0.811635,0.512443,3260.976562
14,0.820896,0.513464,3510.582520
15,0.832827,0.509492,3760.076904
16,0.849568,0.507871,4009.699707
17,0.863453,0.510485,4259.221191
18,0.876507,0.514296,4508.792969
19,0.892596,0.517725,4758.392090
20,0.903451,0.517158,5007.908691
21,0.914274,0.518347,5257.487305
22,0.924381,0.536997,5507.042969
23,0.931017,0.566252,5756.624023
24,0.924392,0.591901,6006.188477
25,0.911974,0.617660,6255.735352
26,0.900936,0.652787,6505.284668
27,0.889575,0.669628,6754.856934
28,0.877707,0.673897,7004.422852
29,0.864677,0.680160,7253.988281
30,0.847268,0.687371,7503.583496
31,0.835035,0.695291,7753.139160
32,0.827792,0.699362,8002.683594
33,0.818335,0.700265,8252.280273
34,0.800692,0.702225,8501.822266
35,0.777031,0.703077,8751.381836
36,0.755713,0.702876,9000.923828
37,0.744040,0.700958,9250.486328
38,0.734719,0.700718,9500.085938
39,0.721123,0.698214,9766.284180
40,0.703165,0.693625,10015.824219
41,0.678418,0.681639,10265.387695
42,0.659509,0.663017,10514.978516
43,0.652216,0.627413,10764.511719
44,0.653138,0.572974,11014.105469
45,0.655134,0.530337,11263.654297
46,0.659037,0.500952,11513.194336
47,0.660697,0.494193,11762.778320
48,0.658565,0.502781,12012.379883
49,0.658836,0.524367,12261.914062
50,0.660257,0.557394,12511.466797
51,0.659858,0.568315,12761.078125
52,0.657926,0.558845,13010.594727
53,0.653501,0.536406,13260.176758
54,0.639649,0.506871,13509.761719
55,0.618539,0.485625,13759.313477
56,0.592879,0.478497,14008.870117
57,0.560874,0.473122,14258.453125
58,0.530358,0.466833,14507.974609
59,0.501350,0.466317,14757.542969
60,0.471610,0.469418,15007.116211
61,0.440625,0.469500,15256.664062
62,0.418524,0.476460,15506.255859
63,0.405034,0.484334,15755.800781
64,0.403101,0.486218,16005.381836
65,0.395358,0.490848,16254.929688
66,0.382672,0.487670,16504.515625
67,0.364934,0.483281,16754.050781
68,0.344420,0.477746,17003.611328
69,0.321866,0.472881,17253.189453
70,0.304674,0.468954,17502.734375
71,0.290372,0.469423,17752.330078
72,0.278616,0.470844,18001.873047
73,0.268077,0.470223,18251.455078
74,0.263253,0.440425,18501.035156
75,0.269459,0.355719,18750.593750
76,0.276242,0.290819,19000.109375
77,0.271965,0.265809,19266.359375
78,0.268068,0.252978,19515.900391
79,0.270194,0.247370,19765.488281
80,0.276456,0.245498,20015.015625
81,0.286201,0.247489,20264.599609
82,0.294292,0.251067,20514.132812
83,0.304934,0.257103,20763.738281
84,0.317642,0.266624,21013.277344
85,0.327270,0.285835,21262.843750
86,0.335683,0.317557,21512.433594
87,0.347495,0.363111,21761.966797
88,0.359632,0.411344,22011.525391
89,0.370547,0.440856,22261.085938
90,0.382199,0.457115,22510.687500
91,0.397866,0.468599,22760.224609
92,0.421942,0.466319,23009.789062
93,0.444467,0.464541,23259.361328
94,0.469170,0.459413,23508.949219
95,0.491016,0.449073,23758.521484
96,0.510923,0.441663,24008.033203
97,0.533403,0.440939,24257.634766
98,0.556930,0.433931,24507.162109
99,0.573876,0.434291,24756.757812
0,0.750091,0.580965,-0.020887
1,0.750063,0.582275,266.225586
2,0.751569,0.584584,515.781677
3,0.770280,0.597040,765.296692
4,0.795932,0.614328,1014.895264
5,0.812362,0.619827,1264.479248
6,0.825077,0.619988,1513.995728
7,0.837752,0.618624,1763.636597
8,0.850626,0.617008,2013.172119
9,0.863440,0.614236,2262.793945
10,0.879209,0.611572,2512.271973
11,0.893955,0.608393,2761.823730
12,0.905513,0.602260,3011.392822
13,0.918327,0.592426,3260.943359
14,0.921633,0.592697,3510.513672
15,0.920560,0.595206,3760.117432
16,0.918701,0.594091,4009.672607
17,0.908664,0.585993,4259.231445
18,0.877504,0.569829,4508.819824
19,0.853522,0.564620,4758.444824
20,0.826123,0.562800,5007.919434
21,0.795114,0.564202,5257.440918
22,0.759189,0.566757,5507.118164
23,0.714877,0.569488,5756.618652
24,0.674522,0.566249,6006.179199
25,0.625337,0.566198,6255.703613
26,0.586486,0.566542,6505.334473
27,0.552204,0.564712,6754.839355
28,0.499446,0.563300,7004.422852
29,0.449896,0.563268,7253.988281
30,0.414507,0.565187,7503.607422
31,0.377738,0.567600,7753.131348
32,0.351776,0.566320,8002.654297
33,0.328536,0.564773,8252.291016
34,0.305599,0.566764,8501.789062
35,0.289154,0.562112,8751.375977
36,0.276125,0.573393,9001.008789
37,0.265931,0.609866,9250.534180
38,0.260699,0.620731,9500.093750
39,0.264217,0.618206,9766.356445
40,0.278147,0.585436,10015.789062
41,0.298699,0.549156,10265.423828
42,0.306617,0.543068,10514.918945
43,0.317928,0.552074,10764.525391
44,0.331739,0.564044,11014.039062
45,0.349731,0.577482,11263.682617
46,0.372051,0.581650,11513.209961
47,0.384750,0.584145,11762.749023
48,0.390876,0.575374,12012.397461
49,0.404684,0.502533,12261.865234
50,0.433936,0.445070,12511.487305
51,0.474374,0.445973,12761.004883
52,0.525594,0.474588,13010.605469
53,0.583439,0.508138,13260.160156
54,0.633537,0.543112,13509.706055
55,0.676740,0.550913,13759.313477
56,0.710459,0.563354,14008.848633
57,0.742094,0.565824,14258.383789
58,0.769724,0.569910,14508.041992
59,0.793215,0.572495,14757.590820
60,0.815781,0.573779,15007.067383
61,0.834560,0.574701,15256.680664
62,0.844825,0.575915,15506.245117
63,0.850842,0.578132,15755.825195
64,0.857475,0.582265,16005.332031
65,0.874262,0.583160,16254.923828
66,0.897724,0.580660,16504.511719
67,0.922133,0.575890,16754.080078
68,0.948748,0.578162,17003.587891
69,0.971208,0.579984,17253.164062
70,0.993132,0.580732,17502.810547
71,0.025546,0.584630,17752.267578
72,0.053511,0.585692,18001.859375
73,0.073923,0.590106,18251.501953
74,0.088129,0.592160,18501.005859
75,0.095837,0.592779,18750.550781
76,0.104121,0.594931,19000.136719
77,0.113858,0.590489,19266.333984
78,0.118700,0.577583,19515.933594
79,0.118828,0.577718,19765.470703
80,0.147680,0.583337,20015.037109
81,0.194704,0.580683,20264.621094
82,0.222530,0.580994,20514.152344
83,0.239212,0.592253,20763.673828
84,0.260069,0.602272,21013.234375
85,0.276603,0.602802,21262.812500
86,0.294880,0.598941,21512.449219
87,0.306276,0.582793,21761.966797
88,0.322731,0.581956,22011.533203
89,0.332900,0.587962,22261.095703
90,0.331843,0.597193,22510.642578
91,0.329262,0.607175,22760.287109
92,0.327281,0.612275,23009.810547
93,0.325604,0.613586,23259.343750
94,0.322310,0.614739,23508.892578
95,0.311365,0.635264,23758.455078
96,0.263465,0.687915,24008.060547
97,0.208866,0.719505,24257.593750
98,0.173343,0.727294,24507.138672
99,0.134693,0.722652,24756.705078
0,0.714208,0.561224,-0.011664
1,0.675113,0.559963,266.208405
2,0.651530,0.565995,515.795898
3,0.647546,0.572205,765.338196
4,0.663926,0.564684,1014.858459
5,0.704844,0.544681,1264.464111
6,0.765351,0.531843,1514.109985
7,0.842857,0.536211,1763.653931
8,0.913806,0.534993,2013.130005
9,0.985960,0.537051,2262.749756
10,0.052730,0.536757,2512.286377
11,0.117379,0.523493,2761.886719
12,0.166042,0.536257,3011.414795
13,0.217290,0.548775,3260.950195
14,0.247970,0.557652,3510.544922
15,0.232049,0.561809,3760.087402
16,0.193387,0.568170,4009.751953
17,0.128070,0.579910,4259.220703
18,0.043274,0.580288,4508.866211
19,0.955554,0.580769,4758.357910
20,0.883070,0.581061,5007.905762
21,0.830579,0.573806,5257.455078
22,0.784252,0.573600,5507.017090
23,0.721327,0.581388,5756.670898
24,0.706186,0.588024,6006.188965
25,0.720857,0.592422,6255.786621
26,0.748437,0.605506,6505.311523
27,0.784282,0.635817,6754.907715
28,0.826936,0.657412,7004.444824
29,0.832428,0.660458,7253.976562
30,0.803496,0.664723,7503.563965
31,0.787988,0.678553,7753.095703
32,0.764388,0.664905,8019.382812
33,0.718455,0.645050,8252.222656
34,0.664106,0.629756,8501.855469
35,0.615807,0.613262,8751.349609
36,0.592588,0.607299,9000.912109
37,0.602733,0.601768,9250.596680
38,0.637729,0.595917,9500.152344
39,0.692193,0.588226,9766.299805
40,0.763906,0.569769,10015.871094
41,0.825997,0.552272,10265.360352
42,0.867274,0.550232,10515.039062
43,0.897463,0.555486,10764.492188
44,0.932057,0.554515,11014.052734
45,0.962348,0.553017,11263.691406
46,0.971846,0.559847,11513.260742
47,0.965201,0.574093,11762.802734
48,0.937407,0.609640,12012.314453
49,0.903851,0.643074,12261.961914
50,0.870177,0.675858,12511.445312
51,0.817362,0.688004,12761.002930
52,0.757653,0.671094,13010.583984
53,0.687215,0.624186,13260.265625
54,0.618162,0.600912,13509.773438
55,0.559740,0.583144,13759.294922
56,0.560558,0.550711,14008.925781
57,0.631321,0.556939,14258.474609
58,0.697153,0.563265,14507.997070
59,0.750169,0.550519,14757.527344
60,0.797873,0.552293,15007.147461
61,0.854502,0.553873,15256.688477
62,0.910453,0.535725,15506.227539
63,0.950591,0.512812,15755.862305
64,0.993579,0.496209,16005.355469
65,0.063210,0.504108,16254.956055
66,0.116089,0.522958,16504.507812
67,0.101529,0.517265,16754.138672
68,0.015471,0.498691,17003.607422
69,0.944568,0.520028,17253.156250
70,0.893230,0.541434,17502.791016
71,0.853028,0.564754,17752.291016
72,0.803641,0.589271,18001.880859
73,0.748753,0.582449,18251.472656
74,0.701609,0.566042,18501.031250
75,0.669939,0.536424,18750.658203
76,0.649586,0.538437,19000.119141
77,0.643371,0.540353,19266.320312
78,0.670026,0.495134,19515.859375
79,0.720550,0.446319,19765.519531
80,0.809295,0.429717,20015.011719
81,0.891539,0.437646,20264.607422
82,0.938845,0.452240,20514.179688
83,0.996127,0.486408,20763.712891
84,0.053881,0.550013,21013.277344
85,0.105004,0.587720,21262.822266
86,0.136230,0.602904,21512.437500
87,0.140787,0.599220,21761.949219
88,0.133405,0.595397,22011.562500
89,0.118496,0.593743,22261.162109
90,0.028164,0.575723,22527.345703
91,0.946427,0.585853,22760.193359
92,0.887185,0.593687,23009.847656
93,0.831876,0.588156,23259.416016
94,0.779759,0.603708,23508.904297
95,0.726359,0.605551,23758.501953
96,0.680676,0.612119,24008.033203
97,0.626088,0.604409,24257.636719
98,0.554801,0.594600,24507.136719
99,0.527812,0.589872,24756.765625
0,0.750188,0.581412,0.048765
1,0.750254,0.581710,266.176453
2,0.750199,0.582604,515.780029
3,0.750292,0.582843,765.348755
4,0.750452,0.582883,1014.889893
5,0.750202,0.583012,1264.569946
6,0.750495,0.582589,1514.001709
7,0.773851,0.580067,1763.622925
8,0.806296,0.549140,2013.229492
9,0.804796,0.496866,2262.746338
10,0.805642,0.473718,2512.285889
11,0.818706,0.477181,2761.833252
12,0.837052,0.496592,3011.422363
13,0.864755,0.511146,3260.977051
14,0.907482,0.528717,3510.582764
15,0.937806,0.551106,3760.107666
16,0.953154,0.568093,4009.724121
17,0.979223,0.577385,4259.263184
18,0.992103,0.580406,4508.773926
19,0.975999,0.585009,4758.375000
20,0.937078,0.604744,5007.940918
21,0.857737,0.632870,5257.551270
22,0.796690,0.678153,5507.028809
23,0.753169,0.672309,5756.642090
24,0.689957,0.617448,6006.194336
25,0.665482,0.602053,6255.712402
26,0.654328,0.599827,6505.306641
27,0.633811,0.603739,6754.921875
28,0.606125,0.601450,7004.477051
29,0.588961,0.597650,7254.001953
30,0.589367,0.598063,7503.649414
31,0.577511,0.595082,7753.105469
32,0.570502,0.600558,8002.660156
33,0.567765,0.604353,8252.216797
34,0.559204,0.612831,8501.900391
35,0.542817,0.611736,8751.403320
36,0.520589,0.600441,9000.952148
37,0.509565,0.597949,9250.517578
38,0.500527,0.591602,9500.100586
39,0.492787,0.586607,9766.242188
40,0.503717,0.539524,10015.817383
41,0.564284,0.448294,10265.454102
42,0.579843,0.378654,10514.984375
43,0.555399,0.352045,10764.557617
44,0.477287,0.381254,11014.116211
45,0.386169,0.440219,11263.748047
46,0.348481,0.484534,11513.228516
47,0.338565,0.510091,11762.793945
48,0.334764,0.527401,12012.361328
49,0.324257,0.555619,12262.003906
50,0.305167,0.575993,12511.482422
51,0.297014,0.586096,12761.048828
52,0.290233,0.595746,13010.681641
53,0.281350,0.593469,13260.136719
54,0.278129,0.592715,13509.715820
55,0.274342,0.591985,13759.312500
56,0.269586,0.593197,14008.885742
57,0.260061,0.592137,14258.422852
58,0.234093,0.591905,14507.957031
59,0.188912,0.605384,14757.629883
60,0.185323,0.608782,15007.103516
61,0.217978,0.585227,15256.667969
62,0.242068,0.556594,15506.209961
63,0.250905,0.513957,15755.810547
64,0.257556,0.468540,16005.482422
65,0.257420,0.447712,16254.913086
66,0.254919,0.451348,16504.537109
67,0.232373,0.476110,16754.056641
68,0.177581,0.517215,17003.619141
69,0.127910,0.535658,17253.273438
70,0.115861,0.544526,17502.804688
71,0.128128,0.548633,17752.406250
72,0.213189,0.538899,18001.876953
73,0.267891,0.533112,18251.529297
74,0.280105,0.520901,18501.062500
75,0.306185,0.406413,18750.589844
76,0.314079,0.314253,19000.128906
77,0.306054,0.242312,19266.437500
78,0.295693,0.212509,19515.867188
79,0.286064,0.213667,19765.542969
80,0.224289,0.252277,20015.052734
81,0.154552,0.317432,20264.609375
82,0.129806,0.387755,20514.156250
83,0.116648,0.472542,20763.705078
84,0.113640,0.532635,21013.269531
85,0.118152,0.557988,21262.859375
86,0.137180,0.553591,21512.423828
87,0.190284,0.550848,21761.955078
88,0.256821,0.559929,22011.572266
89,0.284701,0.573998,22261.150391
90,0.304759,0.584849,22510.728516
91,0.324817,0.582105,22760.220703
92,0.344021,0.567512,23009.787109
93,0.360985,0.556881,23259.365234
94,0.363285,0.554272,23508.908203
95,0.362000,0.555575,23758.529297
96,0.361606,0.556415,24008.087891
97,0.362126,0.556478,24257.628906
98,0.363014,0.558136,24507.154297
99,0.365937,0.557283,24756.777344
0,0.749902,0.516713,0.008573
1,0.749841,0.517256,266.249176
2,0.743783,0.518715,515.824585
3,0.724558,0.520561,765.321777
4,0.728630,0.520110,1014.946716
5,0.746601,0.489802,1264.453857
6,0.761451,0.411021,1514.072144
7,0.773716,0.343437,1763.617310
8,0.785135,0.314114,2013.197144
9,0.791308,0.315748,2262.731445
10,0.796848,0.330619,2512.315674
11,0.797846,0.402230,2761.849854
12,0.798793,0.477587,3011.485840
13,0.801482,0.501914,3261.030029
14,0.812046,0.526059,3510.549805
15,0.838621,0.573915,3760.160156
16,0.865081,0.611584,4009.708984
17,0.872927,0.638274,4259.274902
18,0.860569,0.654458,4508.806152
19,0.859401,0.648635,4758.439453
20,0.892207,0.613187,5007.922852
21,0.913901,0.571531,5257.488281
22,0.910926,0.548469,5507.093262
23,0.899498,0.540238,5756.658691
24,0.871337,0.525823,6006.189453
25,0.865485,0.496991,6255.782715
26,0.886670,0.456604,6505.378906
27,0.904237,0.441306,6754.910645
28,0.927379,0.390484,7004.441895
29,0.945135,0.338739,7254.028320
30,0.959342,0.317532,7503.613281
31,0.982468,0.304815,7753.138184
32,0.993448,0.304569,8002.771973
33,0.012988,0.313458,8252.280273
34,0.042306,0.277935,8501.858398
35,0.081534,0.241180,8751.369141
36,0.102781,0.224557,9000.967773
37,0.117775,0.240956,9250.557617
38,0.146489,0.342020,9500.078125
39,0.150989,0.456421,9766.296875
40,0.147742,0.490003,10015.891602
41,0.151363,0.457056,10265.422852
42,0.149775,0.432535,10515.060547
43,0.153487,0.426331,10764.543945
44,0.168666,0.432113,11014.086914
45,0.175814,0.436805,11263.680664
46,0.175938,0.436803,11513.218750
47,0.172589,0.438926,11762.840820
48,0.161301,0.447006,12012.336914
49,0.131396,0.462542,12262.020508
50,0.036652,0.470526,12511.475586
51,0.927013,0.439367,12761.131836
52,0.865641,0.398352,13010.618164
53,0.841722,0.377406,13260.174805
54,0.816105,0.374207,13509.762695
55,0.757202,0.375720,13759.302734
56,0.702215,0.381877,14008.900391
57,0.663184,0.383950,14258.456055
58,0.633584,0.406356,14508.041992
59,0.600735,0.416455,14757.593750
60,0.569372,0.418443,15007.117188
61,0.538407,0.416801,15256.763672
62,0.503254,0.413667,15506.330078
63,0.470509,0.413849,15755.838867
64,0.433792,0.427722,16005.361328
65,0.387228,0.460998,16255.008789
66,0.348779,0.483305,16504.517578
67,0.321815,0.498255,16754.125000
68,0.305698,0.502506,17003.662109
69,0.305232,0.508178,17253.208984
70,0.319992,0.522112,17502.830078
71,0.333249,0.537308,17752.318359
72,0.315770,0.514563,18001.968750
73,0.296095,0.479935,18251.498047
74,0.295012,0.438252,18501.060547
75,0.310243,0.356769,18750.580078
76,0.336563,0.307527,19000.187500
77,0.345357,0.295540,19266.380859
78,0.350288,0.297274,19515.937500
79,0.358457,0.315324,19765.462891
80,0.366151,0.390337,20015.130859
81,0.365902,0.442607,20264.589844
82,0.366119,0.470579,20514.212891
83,0.364943,0.478756,20763.718750
84,0.364541,0.483128,21013.404297
85,0.376128,0.493930,21262.882812
86,0.410514,0.521677,21512.443359
87,0.422305,0.526211,21762.039062
88,0.429240,0.510848,22011.562500
89,0.436150,0.493854,22261.105469
90,0.446831,0.486456,22510.667969
91,0.470296,0.500678,22760.279297
92,0.496773,0.512399,23009.880859
93,0.517148,0.509530,23259.367188
94,0.524557,0.510380,23508.968750
95,0.512758,0.525337,23758.529297
96,0.494533,0.505842,24008.103516
97,0.493532,0.395265,24257.652344
98,0.509749,0.348175,24507.298828
99,0.520934,0.339656,24756.738281
0,0.769351,0.494154,0.038226
1,0.792806,0.497900,266.268860
2,0.807948,0.496523,515.847839
3,0.820862,0.502558,765.342285
4,0.828273,0.511152,1014.916260
5,0.828736,0.529105,1264.455688
6,0.824402,0.557904,1514.071289
7,0.821456,0.587858,1763.578125
8,0.819643,0.606497,2013.246216
9,0.832713,0.606677,2262.796875
10,0.858798,0.601323,2512.400391
11,0.871625,0.590602,2761.864746
12,0.883422,0.565099,3011.496582
13,0.891726,0.545356,3261.012207
14,0.890491,0.520126,3510.531982
15,0.871199,0.505653,3760.123779
16,0.840848,0.498546,4009.683105
17,0.824452,0.498386,4259.253418
18,0.814409,0.499483,4508.804688
19,0.811001,0.499328,4758.388184
20,0.812439,0.498568,5007.958008
21,0.812748,0.489244,5257.497070
22,0.811045,0.464823,5507.078125
23,0.802200,0.453576,5756.644043
24,0.775041,0.474938,6006.181152
25,0.753810,0.481379,6255.736328
26,0.736978,0.485692,6505.386230
27,0.713204,0.487027,6754.868164
28,0.691680,0.493935,7004.472656
29,0.676469,0.499512,7253.989258
30,0.663189,0.496274,7503.612793
31,0.663004,0.479394,7753.164551
32,0.667917,0.472239,8002.710449
33,0.674120,0.470011,8252.347656
34,0.672460,0.462873,8501.818359
35,0.651821,0.459271,8751.398438
36,0.639173,0.451982,9000.972656
37,0.627990,0.450635,9250.543945
38,0.610902,0.448306,9500.111328
39,0.596484,0.445784,9766.314453
40,0.585501,0.448082,10015.852539
41,0.575005,0.447991,10265.453125
42,0.565373,0.453184,10514.962891
43,0.555568,0.456330,10764.568359
44,0.546973,0.462254,11014.125000
45,0.534762,0.466645,11263.751953
46,0.522324,0.471224,11513.261719
47,0.505460,0.473139,11762.766602
48,0.487122,0.469749,12012.452148
49,0.469549,0.468253,12261.971680
50,0.457472,0.463715,12511.497070
51,0.458536,0.459714,12761.028320
52,0.464813,0.452026,13010.659180
53,0.460470,0.434067,13260.203125
54,0.451788,0.410902,13509.718750
55,0.443721,0.381612,13759.353516
56,0.437851,0.377594,14008.930664
57,0.435686,0.378284,14258.470703
58,0.428135,0.379411,14508.013672
59,0.419393,0.383448,14757.583984
60,0.412936,0.392302,15007.121094
61,0.406976,0.395918,15256.678711
62,0.401389,0.398969,15506.287109
63,0.389256,0.408214,15755.829102
64,0.370720,0.421785,16005.404297
65,0.342939,0.433271,16254.988281
66,0.307098,0.440420,16504.539062
67,0.300439,0.454204,16754.109375
68,0.309551,0.472382,17003.626953
69,0.317064,0.494543,17253.246094
70,0.329116,0.517058,17502.876953
71,0.338497,0.530124,17752.361328
72,0.343826,0.526800,18001.908203
73,0.345581,0.494584,18251.564453
74,0.326875,0.454712,18501.042969
75,0.276449,0.447672,18750.578125
76,0.243260,0.446865,19000.183594
77,0.218773,0.449751,19266.324219
78,0.197176,0.452442,19515.927734
79,0.177547,0.455582,19765.492188
80,0.160676,0.456645,20015.041016
81,0.144611,0.448040,20264.636719
82,0.126588,0.445400,20514.199219
83,0.107389,0.454695,20763.736328
84,0.102741,0.468664,21013.285156
85,0.113490,0.474839,21262.892578
86,0.126443,0.483488,21512.410156
87,0.134658,0.481968,21762.007812
88,0.138672,0.483078,22011.539062
89,0.144347,0.483006,22261.142578
90,0.148387,0.484642,22510.664062
91,0.143935,0.493523,22760.337891
92,0.117686,0.494097,23009.837891
93,0.083565,0.493714,23259.427734
94,0.048374,0.506799,23508.994141
95,0.025218,0.513270,23758.507812
96,0.022029,0.498360,24008.091797
97,0.036357,0.463605,24257.611328
98,0.059210,0.427108,24507.207031
99,0.078895,0.401065,24756.794922
0,0.749929,0.510308,-0.023771
1,0.750294,0.511706,266.232971
2,0.750464,0.512924,515.737732
3,0.750506,0.514998,765.367432
4,0.754450,0.515049,1014.863098
5,0.760553,0.514018,1264.468140
6,0.765161,0.513581,1513.979614
7,0.768406,0.516260,1763.513794
8,0.769614,0.518784,2013.134277
9,0.771013,0.518116,2262.648438
10,0.775431,0.514042,2512.276123
11,0.777726,0.511058,2761.810303
12,0.777810,0.508348,3011.448730
13,0.775820,0.504668,3260.952637
14,0.774042,0.502756,3510.476318
15,0.773072,0.502312,3760.139893
16,0.773661,0.502250,4009.649170
17,0.778910,0.503121,4259.177246
18,0.788924,0.503947,4508.759766
19,0.799438,0.504885,4758.287109
20,0.805840,0.508936,5007.907715
21,0.810328,0.516505,5257.406738
22,0.822575,0.520239,5507.018066
23,0.834206,0.523491,5756.529297
24,0.838446,0.525168,6006.145996
25,0.835339,0.523767,6255.699219
26,0.829808,0.519101,6505.342773
27,0.828279,0.518141,6754.842285
28,0.824052,0.521164,7004.357910
29,0.811022,0.526504,7254.007812
30,0.796809,0.527755,7503.597656
31,0.787022,0.527658,7753.104980
32,0.781667,0.527122,8002.652832
33,0.775986,0.526823,8252.208984
34,0.762210,0.525719,8501.774414
35,0.740658,0.526112,8751.311523
36,0.729456,0.526563,9000.938477
37,0.721283,0.525058,9250.502930
38,0.714419,0.522326,9500.031250
39,0.708026,0.520482,9766.236328
40,0.698624,0.520212,10015.791992
41,0.688954,0.521895,10265.434570
42,0.678806,0.523865,10514.927734
43,0.668795,0.521141,10764.460938
44,0.660940,0.513856,11014.050781
45,0.654947,0.508167,11263.701172
46,0.647666,0.504931,11513.146484
47,0.641450,0.502177,11762.731445
48,0.640942,0.503936,12012.327148
49,0.635886,0.504370,12261.889648
50,0.626412,0.504798,12511.421875
51,0.617913,0.507507,12761.009766
52,0.612697,0.515087,13010.604492
53,0.607778,0.520363,13260.115234
54,0.598558,0.530514,13509.695312
55,0.585652,0.535010,13759.293945
56,0.576057,0.538340,14008.830078
57,0.569461,0.540830,14258.361328
58,0.564784,0.533680,14507.967773
59,0.563644,0.526290,14757.541016
60,0.564128,0.522491,15007.062500
61,0.565079,0.517752,15256.598633
62,0.564481,0.512140,15506.163086
63,0.562440,0.507876,15755.761719
64,0.559017,0.505304,16005.293945
65,0.549288,0.503250,16254.980469
66,0.533028,0.504966,16504.521484
67,0.520058,0.506796,16754.126953
68,0.508610,0.511597,17003.542969
69,0.497933,0.513804,17253.212891
70,0.485953,0.517861,17502.703125
71,0.469007,0.520052,17752.259766
72,0.454457,0.524377,18001.828125
73,0.444876,0.525068,18251.392578
74,0.435537,0.525345,18500.957031
75,0.427327,0.525430,18750.500000
76,0.419939,0.523941,19000.189453
77,0.416108,0.522803,19266.355469
78,0.412460,0.520761,19515.875000
79,0.408131,0.521180,19765.394531
80,0.403883,0.521893,20014.970703
81,0.400141,0.522511,20264.574219
82,0.396526,0.524574,20514.171875
83,0.393310,0.525128,20763.681641
84,0.390545,0.526003,21013.285156
85,0.377563,0.529846,21262.810547
86,0.364245,0.537272,21512.359375
87,0.354252,0.548358,21761.955078
88,0.350033,0.555835,22011.468750
89,0.346679,0.558333,22261.144531
90,0.346292,0.558498,22510.595703
91,0.347134,0.558493,22760.207031
92,0.347909,0.558161,23009.718750
93,0.348729,0.558304,23259.376953
94,0.350523,0.558892,23508.871094
95,0.352127,0.558833,23758.517578
96,0.352868,0.557797,24008.037109
97,0.353060,0.557972,24257.544922
98,0.353253,0.558396,24507.154297
99,0.353545,0.557789,24756.667969
0,0.749782,0.563745,0.010266
1,0.749487,0.563684,266.165527
2,0.757443,0.561380,515.730103
3,0.777932,0.548887,765.340454
4,0.813601,0.524595,1014.913269
5,0.836340,0.506602,1264.495483
6,0.853771,0.497749,1514.061523
7,0.876421,0.492155,1763.587036
8,0.896847,0.488125,2013.136353
9,0.913245,0.471450,2262.687256
10,0.931364,0.445805,2512.261475
11,0.951274,0.421062,2761.810547
12,0.958396,0.406989,3011.396729
13,0.954213,0.406013,3260.966553
14,0.943494,0.406358,3510.517822
15,0.928058,0.408145,3760.080322
16,0.913080,0.418446,4009.668457
17,0.903302,0.433415,4259.231934
18,0.897572,0.449960,4508.772949
19,0.894692,0.469645,4758.328613
20,0.884913,0.478339,5007.896973
21,0.874333,0.482339,5257.464355
22,0.861727,0.495118,5507.021973
23,0.845712,0.517960,5756.589844
24,0.821275,0.565673,6006.151855
25,0.808033,0.594417,6255.720215
26,0.795864,0.607671,6505.297363
27,0.794018,0.620241,6754.854004
28,0.792526,0.626522,7004.418945
29,0.778600,0.631904,7253.958984
30,0.738961,0.620699,7503.572754
31,0.724772,0.603678,7753.097656
32,0.722367,0.581342,8002.658203
33,0.722106,0.567062,8252.220703
34,0.710548,0.554365,8501.805664
35,0.658242,0.533922,8751.349609
36,0.618806,0.497458,9000.914062
37,0.612973,0.486841,9250.490234
38,0.613971,0.492311,9500.029297
39,0.615069,0.497191,9766.243164
40,0.615086,0.499604,10015.813477
41,0.613134,0.503269,10265.389648
42,0.612580,0.507534,10514.946289
43,0.615894,0.513684,10764.546875
44,0.614922,0.518812,11014.070312
45,0.619763,0.524914,11263.640625
46,0.616750,0.548389,11513.195312
47,0.565245,0.569320,11762.764648
48,0.506452,0.572317,12012.324219
49,0.458826,0.568387,12261.878906
50,0.435412,0.560246,12511.477539
51,0.416485,0.557847,12761.013672
52,0.415706,0.555712,13010.596680
53,0.410513,0.554725,13260.144531
54,0.404237,0.553774,13509.738281
55,0.402963,0.550638,13759.275391
56,0.403008,0.553887,14008.837891
57,0.429666,0.578977,14258.406250
58,0.500917,0.618585,14507.955078
59,0.531383,0.621501,14757.538086
60,0.534442,0.616944,15007.091797
61,0.538723,0.620676,15256.661133
62,0.536429,0.624969,15506.222656
63,0.535938,0.618054,15755.816406
64,0.533085,0.615917,16005.340820
65,0.511409,0.604961,16254.897461
66,0.429894,0.571754,16504.464844
67,0.379028,0.556424,16754.066406
68,0.358346,0.556277,17003.607422
69,0.342702,0.548888,17253.166016
70,0.324333,0.544287,17502.708984
71,0.308322,0.528094,17752.291016
72,0.284191,0.511855,18001.884766
73,0.255382,0.522278,18251.423828
74,0.234740,0.538848,18500.976562
75,0.216763,0.554327,18750.535156
76,0.198589,0.551049,19000.107422
77,0.183294,0.543029,19266.335938
78,0.174495,0.546225,19515.886719
79,0.163887,0.538116,19765.458984
80,0.158973,0.529414,20015.000000
81,0.167948,0.517035,20264.552734
82,0.172545,0.505213,20514.119141
83,0.177423,0.505607,20763.687500
84,0.181730,0.511926,21013.277344
85,0.185476,0.516814,21262.832031
86,0.183963,0.514946,21512.404297
87,0.176274,0.499931,21761.947266
88,0.169539,0.455858,22011.523438
89,0.169941,0.412239,22261.101562
90,0.173378,0.387977,22510.656250
91,0.180934,0.375010,22760.201172
92,0.177192,0.380162,23009.773438
93,0.163334,0.389343,23259.375000
94,0.151709,0.413510,23508.894531
95,0.127985,0.473509,23758.451172
96,0.131407,0.489639,24008.015625
97,0.152950,0.493847,24257.634766
98,0.240392,0.524168,24507.160156
99,0.303984,0.545062,24756.710938
0,0.750367,0.463819,-0.000396
1,0.754573,0.488284,266.282715
2,0.761047,0.510975,515.755798
3,0.763709,0.539507,765.365295
4,0.782974,0.559834,1014.876465
5,0.821189,0.615593,1264.515503
6,0.839959,0.648425,1514.024414
7,0.860649,0.658296,1763.620728
8,0.900264,0.648582,2013.165039
9,0.944110,0.614371,2262.705811
10,0.970916,0.575777,2512.336914
11,0.993875,0.560242,2761.815186
12,0.020078,0.560199,3011.461914
13,0.058732,0.554989,3260.961670
14,0.095799,0.543382,3510.559326
15,0.131511,0.527419,3760.084229
16,0.158554,0.513692,4009.653809
17,0.169383,0.500047,4259.287598
18,0.183590,0.488011,4508.771484
19,0.213510,0.482687,4758.362793
20,0.254267,0.481539,5007.894531
21,0.289784,0.488149,5257.541504
22,0.312957,0.497969,5507.018555
23,0.343946,0.504494,5756.594238
24,0.376001,0.491014,6006.187500
25,0.391444,0.447899,6255.822754
26,0.389344,0.389956,6505.349609
27,0.376242,0.348748,6754.843262
28,0.341325,0.322659,7004.462402
29,0.300009,0.312444,7253.967773
30,0.259489,0.313821,7503.591309
31,0.218194,0.323913,7753.091309
32,0.169604,0.321331,8002.697754
33,0.136872,0.332595,8252.283203
34,0.104611,0.336234,8501.818359
35,0.069092,0.352397,8751.394531
36,0.033390,0.369111,9000.946289
37,0.987727,0.405830,9250.486328
38,0.932239,0.434927,9500.074219
39,0.889128,0.440459,9766.340820
40,0.856784,0.439445,10015.829102
41,0.822518,0.449823,10265.385742
42,0.795078,0.460580,10514.946289
43,0.770507,0.461934,10764.541992
44,0.747717,0.468808,11014.075195
45,0.725650,0.474257,11263.661133
46,0.700297,0.457884,11513.223633
47,0.670357,0.442888,11762.858398
48,0.617031,0.455945,12012.332031
49,0.586414,0.462164,12261.884766
50,0.566530,0.471462,12511.500977
51,0.546156,0.496861,12761.064453
52,0.525495,0.519812,13010.589844
53,0.508513,0.531267,13260.175781
54,0.501111,0.528692,13509.794922
55,0.505664,0.519725,13759.272461
56,0.533935,0.503894,14008.865234
57,0.580063,0.483327,14258.402344
58,0.638128,0.444083,14508.018555
59,0.693674,0.422482,14757.578125
60,0.743888,0.426230,15007.121094
61,0.791720,0.444983,15256.716797
62,0.825028,0.443973,15506.324219
63,0.853701,0.445736,15755.791016
64,0.882730,0.456726,16005.356445
65,0.909957,0.467493,16254.981445
66,0.933876,0.474245,16504.509766
67,0.957923,0.477142,16754.097656
68,0.981859,0.477244,17003.667969
69,0.004054,0.477372,17253.214844
70,0.025574,0.477468,17502.740234
71,0.049211,0.476777,17752.382812
72,0.072487,0.475476,18001.902344
73,0.091901,0.475277,18251.472656
74,0.108613,0.476151,18501.019531
75,0.123381,0.477869,18750.597656
76,0.137567,0.478413,19000.158203
77,0.153702,0.478669,19266.380859
78,0.183904,0.480505,19515.904297
79,0.235177,0.490587,19765.490234
80,0.287212,0.504805,20015.062500
81,0.336600,0.505425,20264.570312
82,0.357845,0.503832,20514.236328
83,0.363905,0.499587,20763.718750
84,0.366229,0.490997,21013.298828
85,0.362960,0.467694,21262.869141
86,0.354956,0.450261,21512.441406
87,0.343331,0.443989,21761.974609
88,0.324898,0.448555,22011.582031
89,0.301442,0.460746,22261.119141
90,0.275547,0.479487,22510.630859
91,0.246730,0.495181,22760.240234
92,0.209434,0.511716,23009.763672
93,0.169925,0.516460,23259.445312
94,0.146576,0.515336,23508.986328
95,0.136165,0.508916,23758.595703
96,0.133325,0.505530,24008.072266
97,0.135416,0.502852,24257.675781
98,0.140493,0.504902,24507.187500
99,0.143960,0.506869,24756.712891
0,0.749866,0.490339,0.007966
1,0.749739,0.491219,266.317474
2,0.752409,0.493012,515.760986
3,0.796704,0.512428,765.361633
4,0.839766,0.548596,1014.949341
5,0.868248,0.578295,1264.484009
6,0.915383,0.601522,1514.095825
7,0.936490,0.593353,1763.581787
8,0.943431,0.565494,2013.234741
9,0.934650,0.517568,2262.765625
10,0.916939,0.467278,2512.395996
11,0.900630,0.440842,2761.875000
12,0.886106,0.426652,3011.517090
13,0.878933,0.434812,3261.016846
14,0.848095,0.454741,3510.537109
15,0.808293,0.470094,3760.164551
16,0.779438,0.484250,4009.664551
17,0.734601,0.493194,4259.275879
18,0.700958,0.500751,4508.863281
19,0.680998,0.504609,4758.499512
20,0.664110,0.512572,5007.948242
21,0.653923,0.505737,5257.518066
22,0.650928,0.482930,5507.101562
23,0.654862,0.475571,5756.662598
24,0.638037,0.485316,6006.287598
25,0.630146,0.485799,6255.731934
26,0.643153,0.469833,6505.410645
27,0.655453,0.456966,6754.878418
28,0.661566,0.446686,7004.451172
29,0.663376,0.445995,7254.062012
30,0.676949,0.450807,7503.635742
31,0.686242,0.456092,7753.137207
32,0.666855,0.457543,8002.685059
33,0.621888,0.464345,8252.336914
34,0.582634,0.480359,8501.806641
35,0.561298,0.487551,8751.396484
36,0.541366,0.492109,9001.016602
37,0.531882,0.496896,9250.526367
38,0.520777,0.510530,9500.127930
39,0.492487,0.512451,9766.315430
40,0.438010,0.510081,10015.827148
41,0.405848,0.521947,10265.436523
42,0.376134,0.544552,10514.947266
43,0.362659,0.561112,10764.509766
44,0.357551,0.564256,11014.149414
45,0.359684,0.566426,11263.718750
46,0.358898,0.569282,11513.242188
47,0.352967,0.574870,11762.862305
48,0.346926,0.584746,12012.403320
49,0.340926,0.563226,12261.903320
50,0.322644,0.556721,12511.462891
51,0.303759,0.558900,12761.114258
52,0.290526,0.558477,13010.698242
53,0.283598,0.554008,13260.284180
54,0.263729,0.531000,13509.756836
55,0.238545,0.482637,13759.354492
56,0.238131,0.456659,14008.888672
57,0.218302,0.450554,14258.430664
58,0.198810,0.467953,14507.999023
59,0.187395,0.481614,14757.598633
60,0.174509,0.484314,15007.140625
61,0.171283,0.482327,15256.712891
62,0.165312,0.484741,15506.311523
63,0.164452,0.503201,15755.907227
64,0.169047,0.520731,16005.429688
65,0.175236,0.530545,16255.030273
66,0.181782,0.539348,16504.603516
67,0.182262,0.550759,16754.115234
68,0.175166,0.534844,17003.605469
69,0.169274,0.499513,17253.232422
70,0.168923,0.479510,17502.761719
71,0.170478,0.470580,17752.345703
72,0.171997,0.460955,18001.925781
73,0.179937,0.428180,18251.503906
74,0.190193,0.391077,18501.029297
75,0.207080,0.361359,18750.560547
76,0.218262,0.356500,19000.236328
77,0.222115,0.358578,19266.326172
78,0.220344,0.374815,19515.947266
79,0.190951,0.435574,19765.482422
80,0.158339,0.481909,20015.109375
81,0.131871,0.500534,20264.644531
82,0.097121,0.511969,20514.197266
83,0.067813,0.532733,20763.728516
84,0.057572,0.534110,21013.304688
85,0.062311,0.531179,21262.962891
86,0.075124,0.531170,21512.402344
87,0.087295,0.526223,21762.000000
88,0.106728,0.519047,22011.539062
89,0.126797,0.518295,22261.132812
90,0.144899,0.519871,22510.650391
91,0.169062,0.519423,22760.333984
92,0.193215,0.519215,23009.832031
93,0.217048,0.516706,23259.431641
94,0.239759,0.515337,23508.955078
95,0.256622,0.519855,23758.515625
96,0.272420,0.520503,24008.085938
97,0.283124,0.520685,24257.601562
98,0.303050,0.523694,24507.246094
99,0.358049,0.522739,24756.771484
0,0.749196,0.545095,-0.009620
1,0.748773,0.546595,266.239471
2,0.754796,0.548444,515.783813
3,0.770381,0.551288,765.315552
4,0.807287,0.552004,1014.928284
5,0.854018,0.544984,1264.439819
6,0.875319,0.538727,1513.997925
7,0.895514,0.535497,1763.641357
8,0.917242,0.527205,2013.127075
9,0.937671,0.523045,2262.809326
10,0.958267,0.520924,2512.263916
11,0.980253,0.523297,2761.919678
12,0.011539,0.517611,3011.397705
13,0.044623,0.505891,3260.953125
14,0.037157,0.475329,3510.508057
15,0.001334,0.427413,3760.148193
16,0.973184,0.399482,4009.687256
17,0.952010,0.385581,4259.208984
18,0.929098,0.393363,4508.837402
19,0.895387,0.427313,4758.361328
20,0.865126,0.474986,5007.899414
21,0.850346,0.494471,5257.518555
22,0.845547,0.500208,5507.129883
23,0.830524,0.510698,5756.585938
24,0.798852,0.524518,6006.181641
25,0.753169,0.527840,6255.777344
26,0.742761,0.526224,6505.351074
27,0.743423,0.503334,6754.865723
28,0.758096,0.482771,7004.475098
29,0.787054,0.484064,7253.979492
30,0.812290,0.489742,7503.594238
31,0.817938,0.495588,7753.089844
32,0.819490,0.503242,8002.714844
33,0.813320,0.514629,8252.278320
34,0.804038,0.523426,8501.863281
35,0.788277,0.532558,8751.412109
36,0.754969,0.541632,9000.917969
37,0.723786,0.547987,9250.605469
38,0.700543,0.548657,9500.064453
39,0.686100,0.551895,9766.249023
40,0.665839,0.547116,10015.942383
41,0.639294,0.542728,10265.413086
42,0.618312,0.532894,10514.990234
43,0.601529,0.524358,10764.557617
44,0.591505,0.516765,11014.145508
45,0.594024,0.508498,11263.709961
46,0.594062,0.503306,11513.233398
47,0.593590,0.491042,11762.779297
48,0.624399,0.509042,12012.367188
49,0.657560,0.525499,12261.886719
50,0.679114,0.534076,12511.544922
51,0.681740,0.529110,12761.050781
52,0.658364,0.527000,13010.629883
53,0.620073,0.527699,13260.159180
54,0.573857,0.526399,13509.753906
55,0.516265,0.519326,13759.340820
56,0.457167,0.511392,14008.872070
57,0.412547,0.515765,14258.440430
58,0.371700,0.517618,14507.966797
59,0.346962,0.526047,14757.571289
60,0.337301,0.513027,15007.099609
61,0.356839,0.478386,15256.747070
62,0.390365,0.461571,15506.319336
63,0.416344,0.457144,15755.835938
64,0.439060,0.464003,16005.394531
65,0.447369,0.481333,16254.939453
66,0.450045,0.498963,16504.525391
67,0.464720,0.517331,16754.039062
68,0.502555,0.536090,17003.642578
69,0.523521,0.544938,17253.199219
70,0.538024,0.545842,17502.742188
71,0.546773,0.543334,17752.333984
72,0.553748,0.540027,18001.849609
73,0.560525,0.534639,18251.451172
74,0.565459,0.529636,18500.986328
75,0.570701,0.528964,18750.634766
76,0.571918,0.530795,19000.152344
77,0.552810,0.532835,19266.388672
78,0.521034,0.542156,19515.943359
79,0.468660,0.543578,19765.494141
80,0.416483,0.539919,20015.113281
81,0.381460,0.532260,20264.607422
82,0.366038,0.528364,20514.134766
83,0.360307,0.522390,20763.744141
84,0.352478,0.533320,21013.306641
85,0.337303,0.540856,21262.857422
86,0.333888,0.548206,21512.455078
87,0.323179,0.548320,21762.056641
88,0.312666,0.545318,22011.552734
89,0.311803,0.533136,22261.080078
90,0.315390,0.502713,22510.718750
91,0.323326,0.479813,22760.275391
92,0.340584,0.452796,23009.777344
93,0.344841,0.448195,23259.326172
94,0.345680,0.464143,23509.005859
95,0.327792,0.479941,23758.474609
96,0.260744,0.464872,24008.066406
97,0.186096,0.453290,24257.644531
98,0.158279,0.476792,24507.212891
99,0.150130,0.495816,24756.718750
0,0.759193,0.517286,0.001273
1,0.758238,0.518305,266.185852
2,0.719814,0.518418,515.804138
3,0.680510,0.523246,765.314758
4,0.662059,0.532575,1014.845581
5,0.661104,0.539484,1264.497314
6,0.668728,0.522736,1514.016968
7,0.683155,0.503534,1763.546143
8,0.701882,0.512539,2013.153809
9,0.732414,0.527158,2262.705811
10,0.734023,0.537553,2512.332275
11,0.735328,0.542229,2761.834473
12,0.737239,0.543217,3011.406006
13,0.737490,0.545319,3260.957275
14,0.737022,0.547631,3510.495361
15,0.736189,0.549429,3760.154541
16,0.734856,0.550821,4009.655029
17,0.734698,0.552048,4259.267578
18,0.733270,0.554012,4508.786133
19,0.733936,0.553952,4758.373047
20,0.740503,0.551107,5007.914062
21,0.782831,0.543437,5257.448730
22,0.824758,0.534429,5507.078125
23,0.839510,0.537698,5756.610840
24,0.840088,0.549700,6006.220703
25,0.834100,0.569988,6255.683594
26,0.827981,0.615495,6505.281250
27,0.826240,0.626603,6754.874023
28,0.824566,0.610260,7004.374023
29,0.840415,0.588064,7254.039062
30,0.888906,0.567462,7503.558105
31,0.920321,0.558606,7753.122070
32,0.941012,0.561816,8002.650391
33,0.958247,0.560910,8252.243164
34,0.972693,0.562216,8501.775391
35,0.990116,0.561396,8751.355469
36,0.009443,0.557744,9000.919922
37,0.030546,0.552759,9250.547852
38,0.054620,0.542617,9500.083008
39,0.081392,0.541740,9766.344727
40,0.111111,0.542171,10015.804688
41,0.126611,0.535469,10265.387695
42,0.135394,0.532889,10514.922852
43,0.146161,0.535274,10764.486328
44,0.160171,0.539949,11014.093750
45,0.175048,0.543963,11263.666016
46,0.198664,0.548006,11513.194336
47,0.224227,0.547205,11762.785156
48,0.244275,0.553755,12012.400391
49,0.266681,0.550203,12261.881836
50,0.281750,0.541205,12511.434570
51,0.291364,0.540682,12760.979492
52,0.299075,0.543805,13010.654297
53,0.301755,0.543303,13260.199219
54,0.304071,0.544492,13509.710938
55,0.303717,0.548216,13759.278320
56,0.300654,0.551182,14008.890625
57,0.298150,0.552988,14258.413086
58,0.296937,0.554118,14507.935547
59,0.295908,0.554426,14757.492188
60,0.294470,0.554271,15007.094727
61,0.292922,0.554649,15256.659180
62,0.293245,0.555949,15506.220703
63,0.306184,0.558092,15755.802734
64,0.326057,0.561462,16005.343750
65,0.338955,0.559680,16254.908203
66,0.345281,0.556058,16504.482422
67,0.339193,0.547178,16754.037109
68,0.316541,0.526147,17003.583984
69,0.290170,0.510161,17253.189453
70,0.298678,0.511725,17502.714844
71,0.330540,0.519321,17752.343750
72,0.342715,0.518222,18001.835938
73,0.344713,0.516313,18251.447266
74,0.339875,0.510173,18500.990234
75,0.330388,0.507330,18750.515625
76,0.316104,0.504625,19000.144531
77,0.296075,0.503161,19266.318359
78,0.271863,0.507822,19515.933594
79,0.240979,0.511228,19765.414062
80,0.200646,0.512683,20015.035156
81,0.166043,0.515135,20264.582031
82,0.145576,0.512893,20514.152344
83,0.134876,0.508775,20763.683594
84,0.126646,0.504519,21013.240234
85,0.122640,0.503903,21262.849609
86,0.121696,0.484087,21512.365234
87,0.116474,0.417581,21761.970703
88,0.108360,0.359947,22011.562500
89,0.093025,0.321276,22261.074219
90,0.078260,0.295733,22510.628906
91,0.068260,0.290183,22760.308594
92,0.014734,0.309821,23009.816406
93,0.951076,0.345456,23259.333984
94,0.907165,0.361956,23508.894531
95,0.882601,0.387895,23758.429688
96,0.869574,0.412259,24008.033203
97,0.859279,0.430236,24257.568359
98,0.846233,0.444523,24507.251953
99,0.829021,0.450777,24756.750000
0,0.747976,0.484060,-0.004867
1,0.748078,0.485200,266.247162
2,0.758556,0.487533,515.785950
3,0.769367,0.489347,765.298340
4,0.783738,0.500994,1014.901611
5,0.785969,0.507142,1264.442505
6,0.794205,0.481414,1514.117065
7,0.779087,0.459405,1763.561401
8,0.764013,0.457089,2013.188110
9,0.747699,0.455125,2262.757080
10,0.730057,0.457652,2512.265137
11,0.710765,0.453419,2761.929932
12,0.693808,0.440811,3011.395996
13,0.675831,0.425814,3261.010742
14,0.657454,0.419356,3510.517090
15,0.638139,0.404456,3760.174316
16,0.626151,0.388134,4009.647949
17,0.624436,0.367659,4259.220703
18,0.632024,0.356965,4508.836914
19,0.636469,0.353081,4758.385254
20,0.637290,0.352017,5007.929199
21,0.624482,0.353368,5257.461914
22,0.584165,0.361651,5507.152344
23,0.547881,0.372956,5756.619629
24,0.534124,0.383837,6006.205566
25,0.508540,0.406830,6255.708496
26,0.491006,0.416782,6505.368652
27,0.468083,0.411892,6754.851074
28,0.452310,0.395472,7004.452637
29,0.443777,0.397867,7253.966797
30,0.424787,0.409145,7503.576660
31,0.407716,0.418440,7753.138184
32,0.395115,0.425730,8002.671875
33,0.382327,0.429599,8252.247070
34,0.366730,0.435278,8501.826172
35,0.352336,0.440419,8751.385742
36,0.341109,0.442023,9001.025391
37,0.334327,0.440914,9250.509766
38,0.329558,0.441760,9500.045898
39,0.327153,0.436853,9766.274414
40,0.326831,0.436960,10015.862305
41,0.319797,0.533470,10265.382812
42,0.315981,0.639563,10514.927734
43,0.304794,0.693345,10764.608398
44,0.294220,0.754239,11014.090820
45,0.294051,0.793401,11263.678711
46,0.306515,0.813583,11513.220703
47,0.317533,0.819346,11762.795898
48,0.324168,0.779813,12012.360352
49,0.330091,0.708097,12261.882812
50,0.334847,0.646019,12511.481445
51,0.335037,0.587467,12761.011719
52,0.324675,0.524966,13010.621094
53,0.332159,0.484778,13260.166992
54,0.362794,0.450710,13509.800781
55,0.387830,0.454379,13759.291992
56,0.429641,0.472684,14008.880859
57,0.464743,0.478562,14258.397461
58,0.520028,0.489053,14507.969727
59,0.548549,0.492813,14757.578125
60,0.574440,0.495974,15007.100586
61,0.612393,0.498842,15256.662109
62,0.650830,0.493302,15506.317383
63,0.671118,0.489824,15755.805664
64,0.691373,0.482912,16005.373047
65,0.708402,0.458267,16254.926758
66,0.732470,0.432220,16504.492188
67,0.757826,0.435770,16754.027344
68,0.784020,0.444445,17003.693359
69,0.818708,0.443232,17253.175781
70,0.848588,0.446378,17502.798828
71,0.873491,0.460162,17752.292969
72,0.899012,0.479304,18001.929688
73,0.919053,0.487357,18251.437500
74,0.938869,0.482629,18501.009766
75,0.966350,0.477026,18750.605469
76,0.997159,0.460287,19000.158203
77,0.017759,0.443481,19266.314453
78,0.027379,0.415648,19515.908203
79,0.031133,0.398584,19765.460938
80,0.033722,0.397871,20015.085938
81,0.037916,0.403337,20264.634766
82,0.036974,0.402436,20514.146484
83,0.030191,0.405354,20763.775391
84,0.019649,0.396507,21013.257812
85,0.996696,0.397744,21262.849609
86,0.963021,0.403490,21512.378906
87,0.921655,0.403168,21761.982422
88,0.885542,0.421745,22011.519531
89,0.844983,0.414359,22261.083984
90,0.795866,0.398270,22510.640625
91,0.759385,0.391531,22760.255859
92,0.735964,0.390902,23009.808594
93,0.719307,0.397388,23259.333984
94,0.703825,0.403307,23508.916016
95,0.682390,0.404757,23758.453125
96,0.662113,0.402878,24008.060547
97,0.641173,0.402493,24257.621094
98,0.622309,0.401555,24507.205078
99,0.614363,0.400975,24756.724609
0,0.750047,0.545922,0.004202
1,0.750190,0.546001,266.248016
2,0.752846,0.547610,515.835754
3,0.756093,0.552044,765.381592
4,0.764301,0.568132,1014.906311
5,0.779622,0.584833,1264.497559
6,0.799030,0.594456,1514.026733
7,0.821045,0.586558,1763.717407
8,0.839523,0.568569,2013.183472
9,0.856139,0.552263,2262.722168
10,0.894260,0.544803,2512.336670
11,0.932244,0.540583,2761.982178
12,0.952998,0.535028,3011.458496
13,0.954551,0.530391,3260.984131
14,0.939818,0.521247,3510.674805
15,0.920050,0.515779,3760.098877
16,0.901168,0.517459,4009.724365
17,0.882673,0.520360,4259.295410
18,0.858608,0.517713,4508.913086
19,0.834318,0.515567,4758.359863
20,0.801418,0.516159,5007.920898
21,0.769572,0.513916,5257.598633
22,0.750267,0.517744,5507.081055
23,0.730744,0.520927,5756.664062
24,0.711566,0.524729,6006.184082
25,0.693610,0.536533,6255.823242
26,0.664189,0.541636,6505.350586
27,0.634562,0.541787,6754.895508
28,0.610081,0.535029,7004.511230
29,0.588786,0.513753,7254.100586
30,0.576588,0.469890,7503.591309
31,0.571308,0.419781,7753.196289
32,0.560515,0.350147,8002.769043
33,0.540326,0.310380,8252.291016
34,0.492417,0.290064,8501.833008
35,0.428383,0.302522,8751.440430
36,0.412448,0.347719,9000.988281
37,0.408597,0.420675,9250.541992
38,0.405617,0.498588,9500.072266
39,0.402415,0.543895,9766.289062
40,0.383956,0.545447,10015.955078
41,0.367263,0.533888,10265.414062
42,0.392068,0.629431,10514.968750
43,0.439393,0.740316,10764.616211
44,0.464564,0.761703,11014.210938
45,0.506490,0.760699,11263.705078
46,0.572963,0.763402,11513.272461
47,0.641004,0.755156,11762.891602
48,0.712479,0.747070,12012.381836
49,0.764099,0.750637,12261.927734
50,0.803240,0.750216,12511.487305
51,0.840268,0.737450,12761.120117
52,0.894842,0.707504,13010.629883
53,0.933543,0.676371,13260.228516
54,0.958463,0.643234,13509.753906
55,0.993362,0.611378,13759.338867
56,0.027394,0.565297,14008.868164
57,0.060798,0.528297,14258.515625
58,0.090798,0.507967,14508.022461
59,0.110869,0.481651,14757.623047
60,0.127833,0.466160,15007.152344
61,0.136689,0.470855,15256.760742
62,0.133152,0.465227,15506.257812
63,0.124142,0.400104,15755.814453
64,0.116938,0.308471,16005.461914
65,0.113415,0.253220,16254.980469
66,0.106396,0.209102,16504.560547
67,0.090934,0.176382,16754.066406
68,0.069398,0.151129,17003.695312
69,0.051626,0.130953,17253.259766
70,0.029657,0.118295,17502.779297
71,0.003556,0.121033,17752.386719
72,0.975616,0.132367,18001.925781
73,0.940962,0.150883,18251.500000
74,0.904359,0.167523,18501.021484
75,0.880407,0.179271,18750.673828
76,0.864375,0.216044,19000.201172
77,0.844239,0.250333,19266.371094
78,0.813798,0.250642,19515.906250
79,0.796585,0.258578,19765.480469
80,0.774370,0.266882,20015.072266
81,0.753023,0.297904,20264.705078
82,0.732518,0.317147,20514.183594
83,0.700353,0.334923,20763.787109
84,0.665561,0.339464,21013.304688
85,0.627055,0.347841,21262.861328
86,0.597659,0.368417,21512.419922
87,0.575444,0.394307,21762.033203
88,0.540561,0.406915,22011.634766
89,0.491404,0.421463,22261.136719
90,0.457627,0.439643,22510.675781
91,0.436165,0.458930,22760.339844
92,0.408602,0.477078,23009.843750
93,0.384300,0.499756,23259.453125
94,0.361503,0.516966,23508.937500
95,0.334910,0.535170,23758.531250
96,0.322980,0.568051,24008.052734
97,0.326612,0.602297,24257.720703
98,0.342739,0.630343,24507.214844
99,0.361731,0.680162,24756.746094
0,0.750051,0.537005,-0.034284
1,0.750034,0.537971,266.171722
2,0.750217,0.538794,515.829285
3,0.751385,0.539743,765.326111
4,0.755293,0.535300,1014.908020
5,0.778633,0.495011,1264.435913
6,0.802898,0.428476,1514.000244
7,0.812200,0.371559,1763.601807
8,0.831630,0.329935,2013.100952
9,0.855601,0.306123,2262.762939
10,0.879028,0.313173,2512.242188
11,0.898295,0.349458,2761.790283
12,0.901754,0.393135,3011.462891
13,0.900185,0.422257,3260.988770
14,0.901097,0.451689,3510.531250
15,0.918194,0.490970,3760.065186
16,0.940961,0.520866,4009.710938
17,0.959155,0.537887,4259.201660
18,0.963759,0.538469,4508.830566
19,0.963258,0.535267,4758.296875
20,0.953869,0.534927,5007.920898
21,0.913687,0.538880,5257.478027
22,0.872447,0.554592,5507.026855
23,0.843288,0.558730,5756.601562
24,0.841070,0.504820,6006.135254
25,0.835816,0.462562,6255.736816
26,0.799176,0.441834,6505.246582
27,0.734831,0.419462,6754.920898
28,0.679946,0.395706,7004.428711
29,0.642713,0.393842,7253.962891
30,0.612778,0.407544,7503.548340
31,0.586556,0.424815,7753.122070
32,0.556899,0.442532,8002.704590
33,0.508099,0.455537,8252.250977
34,0.451922,0.464419,8501.795898
35,0.400717,0.463332,8751.323242
36,0.363675,0.465552,9000.898438
37,0.332695,0.473673,9250.470703
38,0.311478,0.487205,9500.049805
39,0.313865,0.499256,9766.253906
40,0.307881,0.499540,10015.803711
41,0.292563,0.496666,10265.354492
42,0.269422,0.489959,10514.925781
43,0.224288,0.481506,10764.490234
44,0.156703,0.477459,11014.049805
45,0.143673,0.448256,11263.609375
46,0.143981,0.425610,11513.216797
47,0.147297,0.401435,11762.785156
48,0.159240,0.345476,12012.315430
49,0.168338,0.290585,12261.890625
50,0.176316,0.261332,12511.464844
51,0.201275,0.227947,12761.010742
52,0.238943,0.212124,13010.574219
53,0.244759,0.220530,13260.125000
54,0.259955,0.247080,13509.707031
55,0.306187,0.295497,13759.255859
56,0.350059,0.341104,14008.814453
57,0.361568,0.397543,14258.391602
58,0.366791,0.441550,14507.989258
59,0.372971,0.449774,14757.518555
60,0.377525,0.441906,15007.089844
61,0.383217,0.438325,15256.631836
62,0.383864,0.440451,15506.200195
63,0.383056,0.438606,15755.766602
64,0.381152,0.435080,16005.351562
65,0.380739,0.432208,16254.916016
66,0.379935,0.432843,16504.447266
67,0.383050,0.435632,16754.035156
68,0.387531,0.438628,17003.603516
69,0.393145,0.451462,17253.152344
70,0.399449,0.460435,17502.708984
71,0.402972,0.464326,17752.291016
72,0.405033,0.465074,18001.837891
73,0.406323,0.465682,18251.400391
74,0.411224,0.473829,18501.009766
75,0.417942,0.485406,18750.541016
76,0.431214,0.494843,19000.126953
77,0.445638,0.502550,19266.335938
78,0.462638,0.505642,19515.851562
79,0.487236,0.502527,19765.414062
80,0.505232,0.505203,20015.001953
81,0.508256,0.504624,20264.591797
82,0.514113,0.507844,20514.105469
83,0.494021,0.505897,20763.689453
84,0.468021,0.502115,21013.255859
85,0.441183,0.493838,21262.818359
86,0.424394,0.481750,21512.371094
87,0.423180,0.479417,21761.947266
88,0.433101,0.475733,22011.509766
89,0.456492,0.465332,22261.070312
90,0.471607,0.453617,22510.634766
91,0.475686,0.455452,22760.199219
92,0.476037,0.458044,23009.755859
93,0.476296,0.461595,23259.318359
94,0.480176,0.468489,23508.919922
95,0.496128,0.485142,23758.492188
96,0.507241,0.493765,24008.023438
97,0.510719,0.494828,24257.609375
98,0.512870,0.494603,24507.146484
99,0.513007,0.495861,24756.707031
0,0.749850,0.588868,-0.002282
1,0.750776,0.589297,266.250336
2,0.750949,0.590008,515.763306
3,0.752996,0.589472,765.402405
4,0.764989,0.587775,1014.884888
5,0.792722,0.583014,1264.518677
6,0.826216,0.572092,1514.059814
7,0.849734,0.525802,1763.571533
8,0.851408,0.471398,2013.203003
9,0.843792,0.451222,2262.706055
10,0.839474,0.450381,2512.375000
11,0.835862,0.451498,2761.840576
12,0.828476,0.451048,3011.453857
13,0.809361,0.451567,3261.002686
14,0.778378,0.462423,3510.515137
15,0.740802,0.473605,3760.093018
16,0.702890,0.471477,4009.658203
17,0.661517,0.461225,4259.275879
18,0.628149,0.463704,4508.810547
19,0.605809,0.490652,4758.463867
20,0.596446,0.518544,5007.944824
21,0.593788,0.526635,5257.470215
22,0.593348,0.517592,5507.030273
23,0.595498,0.505282,5756.656738
24,0.598067,0.495253,6006.224121
25,0.600980,0.507749,6255.732910
26,0.601105,0.525267,6505.325195
27,0.629205,0.538063,6754.883789
28,0.653723,0.546685,7004.409180
29,0.653103,0.553572,7254.063965
30,0.636617,0.563506,7503.645996
31,0.613536,0.577863,7753.152832
32,0.595689,0.592017,8002.697266
33,0.571071,0.604790,8252.232422
34,0.533578,0.613956,8501.820312
35,0.506718,0.613442,8751.411133
36,0.482711,0.607635,9000.971680
37,0.448645,0.589503,9250.610352
38,0.429918,0.581157,9500.168945
39,0.413067,0.583063,9766.284180
40,0.403597,0.582203,10015.842773
41,0.397848,0.587007,10265.487305
42,0.389151,0.587305,10514.985352
43,0.377701,0.583668,10764.563477
44,0.358967,0.578874,11014.176758
45,0.344524,0.578445,11263.703125
46,0.344810,0.578185,11513.260742
47,0.350571,0.580781,11762.762695
48,0.358537,0.579890,12012.383789
49,0.367940,0.573074,12261.951172
50,0.370589,0.569409,12511.467773
51,0.372770,0.570021,12761.086914
52,0.370394,0.571672,13010.684570
53,0.362542,0.568956,13260.262695
54,0.354192,0.566132,13509.707031
55,0.349806,0.569397,13759.345703
56,0.351780,0.573411,14008.890625
57,0.362819,0.578603,14258.412109
58,0.386394,0.579165,14508.016602
59,0.410842,0.575684,14757.536133
60,0.437431,0.574139,15007.129883
61,0.493852,0.566301,15256.656250
62,0.554425,0.554286,15506.317383
63,0.583323,0.541374,15755.915039
64,0.603156,0.510428,16005.458008
65,0.633856,0.492284,16254.971680
66,0.689906,0.483079,16504.505859
67,0.739737,0.512255,16754.093750
68,0.779989,0.523508,17003.607422
69,0.820512,0.525072,17253.175781
70,0.848765,0.534056,17502.734375
71,0.865994,0.544810,17752.316406
72,0.881570,0.553119,18001.884766
73,0.903821,0.549379,18251.478516
74,0.923458,0.547266,18501.001953
75,0.947485,0.545416,18750.566406
76,0.965552,0.537765,19000.146484
77,0.969563,0.464104,19266.320312
78,0.964581,0.390065,19515.917969
79,0.956090,0.324951,19765.462891
80,0.944917,0.272729,20015.046875
81,0.912575,0.186567,20264.615234
82,0.881380,0.117053,20514.177734
83,0.870907,0.081223,20763.710938
84,0.866441,0.071430,21013.285156
85,0.862351,0.070910,21262.835938
86,0.847919,0.101636,21512.482422
87,0.820848,0.166337,21761.955078
88,0.773596,0.219593,22011.568359
89,0.732023,0.219595,22261.132812
90,0.689214,0.211044,22510.679688
91,0.628987,0.213636,22760.253906
92,0.564431,0.248370,23009.785156
93,0.493333,0.314090,23259.392578
94,0.439576,0.426101,23508.955078
95,0.416607,0.580316,23758.488281
96,0.464382,0.718525,24008.046875
97,0.558534,0.818347,24257.613281
98,0.665206,0.872938,24507.195312
99,0.768162,0.868383,24756.753906
0,0.750295,0.555998,-0.014433
1,0.751481,0.554447,266.146118
2,0.753166,0.555351,515.747620
3,0.752279,0.553592,765.279419
4,0.751451,0.554136,1014.868042
5,0.751635,0.553625,1264.439697
6,0.760115,0.556859,1514.068481
7,0.784832,0.570763,1763.518433
8,0.804855,0.574725,2013.183594
9,0.828094,0.573199,2262.674316
10,0.849081,0.566543,2512.229248
11,0.858507,0.561953,2761.838379
12,0.858725,0.560882,3011.377686
13,0.856523,0.559607,3260.922607
14,0.854031,0.557197,3510.487549
15,0.853208,0.556452,3760.044189
16,0.852823,0.554366,4009.605225
17,0.851981,0.552859,4259.188477
18,0.852106,0.552842,4508.729492
19,0.852187,0.553231,4758.345215
20,0.850592,0.553680,5007.886230
21,0.842036,0.553504,5257.458008
22,0.838667,0.552079,5507.010254
23,0.828829,0.540980,5756.581543
24,0.809701,0.524089,6006.117676
25,0.775827,0.517270,6255.679199
26,0.729163,0.515855,6505.276855
27,0.686182,0.531800,6754.828613
28,0.653135,0.562651,7004.386230
29,0.619750,0.586970,7253.939453
30,0.581613,0.609464,7503.508789
31,0.548961,0.610025,7753.081543
32,0.517058,0.598560,8002.629395
33,0.487620,0.586726,8252.194336
34,0.457222,0.568463,8501.778320
35,0.427403,0.558035,8751.333984
36,0.399004,0.550268,9000.880859
37,0.384687,0.546697,9250.445312
38,0.367797,0.548822,9500.027344
39,0.346415,0.550620,9766.234375
40,0.337460,0.550387,10015.803711
41,0.326877,0.544553,10265.350586
42,0.318651,0.543160,10514.912109
43,0.312506,0.551414,10764.478516
44,0.304122,0.569484,11014.020508
45,0.299090,0.562223,11263.619141
46,0.303355,0.553239,11513.163086
47,0.319377,0.547867,11762.754883
48,0.325150,0.546917,12012.296875
49,0.327535,0.546031,12261.883789
50,0.327189,0.543238,12511.451172
51,0.324867,0.538047,12760.980469
52,0.317487,0.528570,13010.552734
53,0.317080,0.526302,13260.137695
54,0.322191,0.525310,13509.701172
55,0.335107,0.519914,13759.234375
56,0.347187,0.516730,14008.814453
57,0.333538,0.526589,14258.379883
58,0.288040,0.554559,14507.939453
59,0.258482,0.571646,14757.500000
60,0.229400,0.580275,15007.059570
61,0.202833,0.586598,15256.627930
62,0.171207,0.582148,15506.186523
63,0.146780,0.577407,15755.758789
64,0.133251,0.570060,16005.328125
65,0.133880,0.565232,16254.887695
66,0.138995,0.562114,16504.453125
67,0.143008,0.560564,16754.019531
68,0.151031,0.552121,17003.578125
69,0.160524,0.539573,17253.138672
70,0.161216,0.536403,17502.726562
71,0.161346,0.532602,17752.287109
72,0.151850,0.518012,18001.833984
73,0.151042,0.510350,18251.386719
74,0.152117,0.504127,18500.980469
75,0.150003,0.505674,18750.527344
76,0.156803,0.485233,19000.103516
77,0.162420,0.448745,19266.291016
78,0.164833,0.422201,19515.875000
79,0.168486,0.418456,19765.425781
80,0.175926,0.412477,20015.005859
81,0.188398,0.409714,20264.562500
82,0.207135,0.401293,20514.101562
83,0.234909,0.399685,20763.669922
84,0.269333,0.398366,21013.220703
85,0.314750,0.397261,21262.808594
86,0.373921,0.384799,21512.359375
87,0.435282,0.371046,21761.927734
88,0.477919,0.355222,22011.490234
89,0.514766,0.355763,22261.066406
90,0.554963,0.358828,22510.625000
91,0.596035,0.357936,22760.179688
92,0.635879,0.362566,23009.751953
93,0.680056,0.366214,23259.332031
94,0.722475,0.377641,23508.876953
95,0.768574,0.386884,23758.455078
96,0.814111,0.392684,24008.033203
97,0.853063,0.394072,24257.568359
98,0.893129,0.386716,24507.115234
99,0.931954,0.372629,24756.689453
0,0.751331,0.506749,0.000276
1,0.749836,0.496159,266.283997
2,0.753881,0.500710,515.731873
3,0.753035,0.509210,765.345703
4,0.751178,0.514675,1014.888611
5,0.750782,0.518758,1264.449341
6,0.752421,0.522796,1514.067017
7,0.748923,0.523173,1763.581177
8,0.749265,0.522027,2013.157227
9,0.748520,0.521659,2262.683350
10,0.747095,0.520010,2512.357666
11,0.747445,0.518634,2761.835938
12,0.747217,0.517992,3011.398926
13,0.747201,0.517646,3260.934326
14,0.747275,0.518127,3510.544189
15,0.757618,0.510497,3760.100098
16,0.794468,0.498960,4009.660889
17,0.832809,0.495770,4259.208496
18,0.861551,0.496840,4508.792480
19,0.883387,0.499412,4758.314453
20,0.893824,0.498404,5007.937988
21,0.889973,0.496107,5257.455078
22,0.879856,0.498317,5507.019043
23,0.864800,0.499992,5756.652832
24,0.834858,0.500186,6006.201660
25,0.793791,0.500035,6255.710449
26,0.757483,0.501484,6505.257812
27,0.726491,0.502927,6754.890625
28,0.695830,0.500136,7004.422363
29,0.673260,0.500125,7253.981934
30,0.652698,0.498078,7503.573242
31,0.634191,0.492565,7753.160645
32,0.616205,0.491311,8002.719727
33,0.602412,0.489739,8252.227539
34,0.599398,0.490330,8501.802734
35,0.605460,0.489640,8751.388672
36,0.610615,0.491884,9000.918945
37,0.606036,0.494309,9250.488281
38,0.567412,0.495190,9500.070312
39,0.538002,0.495926,9766.338867
40,0.514394,0.493237,10015.892578
41,0.494363,0.490149,10265.387695
42,0.470908,0.486185,10514.976562
43,0.461572,0.488042,10764.544922
44,0.459632,0.487802,11014.057617
45,0.462777,0.487529,11263.647461
46,0.469159,0.483658,11513.195312
47,0.480985,0.476708,11762.808594
48,0.501915,0.440998,12012.329102
49,0.533513,0.402979,12261.917969
50,0.568931,0.403415,12511.437500
51,0.602431,0.396603,12761.041992
52,0.624837,0.397480,13010.688477
53,0.644449,0.393991,13260.147461
54,0.670154,0.385512,13509.710938
55,0.700283,0.386209,13759.254883
56,0.724327,0.391905,14008.929688
57,0.740926,0.385426,14258.388672
58,0.766626,0.354626,14508.021484
59,0.794767,0.330375,14757.571289
60,0.831912,0.309075,15007.121094
61,0.861767,0.304980,15256.695312
62,0.877663,0.309947,15506.235352
63,0.898208,0.310330,15755.795898
64,0.920802,0.315018,16005.354492
65,0.937633,0.312799,16254.969727
66,0.958303,0.307891,16504.474609
67,0.980972,0.310250,16754.039062
68,0.009436,0.308527,17003.640625
69,0.035717,0.305721,17253.173828
70,0.063602,0.305482,17502.750000
71,0.092112,0.308212,17752.320312
72,0.122871,0.309758,18001.914062
73,0.144774,0.318154,18251.406250
74,0.168625,0.323667,18501.005859
75,0.194764,0.327311,18750.527344
76,0.212629,0.337215,19000.111328
77,0.218149,0.392575,19266.330078
78,0.227259,0.464959,19515.884766
79,0.231544,0.511199,19765.494141
80,0.243540,0.529439,20015.015625
81,0.250395,0.534772,20264.656250
82,0.257361,0.526185,20514.167969
83,0.253985,0.524934,20763.734375
84,0.239799,0.527241,21013.246094
85,0.234844,0.530992,21262.923828
86,0.196688,0.531074,21512.386719
87,0.156156,0.527773,21762.044922
88,0.145980,0.524026,22011.513672
89,0.146755,0.522339,22261.107422
90,0.154362,0.520033,22510.652344
91,0.163040,0.526588,22760.214844
92,0.160871,0.530622,23009.806641
93,0.150980,0.534860,23259.427734
94,0.139301,0.548774,23508.960938
95,0.118637,0.571133,23758.447266
96,0.106572,0.573265,24008.101562
97,0.110891,0.560234,24257.623047
98,0.116400,0.548277,24507.171875
99,0.110180,0.540155,24756.746094
0,0.750037,0.479139,-0.041174
1,0.752104,0.481421,266.152496
2,0.783773,0.505766,515.717102
3,0.852789,0.567245,765.296021
4,0.912645,0.628014,1014.849487
5,0.947319,0.610361,1264.412354
6,0.973349,0.569416,1513.995117
7,0.984944,0.554705,1763.543213
8,0.987243,0.542131,2013.114014
9,0.902798,0.512561,2262.673584
10,0.845421,0.483501,2512.230957
11,0.810964,0.475552,2761.769287
12,0.752866,0.486236,3011.384766
13,0.699281,0.549204,3260.906494
14,0.653629,0.593138,3510.477539
15,0.593573,0.594799,3760.026855
16,0.542593,0.588524,4009.592041
17,0.515284,0.580156,4259.177734
18,0.475007,0.559277,4508.746582
19,0.428335,0.538779,4758.312012
20,0.385969,0.535761,5007.855469
21,0.344895,0.535821,5257.432129
22,0.305428,0.533522,5506.982910
23,0.296984,0.531892,5756.544434
24,0.329110,0.511818,6006.118164
25,0.365507,0.467827,6255.718750
26,0.422615,0.473533,6505.254395
27,0.460996,0.486633,6754.806641
28,0.503841,0.491618,7004.406738
29,0.532206,0.491499,7253.938965
30,0.544312,0.492224,7503.493652
31,0.558114,0.489141,7753.042480
32,0.578094,0.495539,8002.646484
33,0.587514,0.511607,8252.214844
34,0.586180,0.519918,8501.765625
35,0.580257,0.522086,8751.327148
36,0.576945,0.525733,9000.881836
37,0.575058,0.528981,9250.469727
38,0.573762,0.529643,9500.018555
39,0.572594,0.529938,9766.220703
40,0.572295,0.529736,10015.791016
41,0.572324,0.531008,10265.338867
42,0.572364,0.531366,10514.909180
43,0.572037,0.531832,10764.468750
44,0.571124,0.533891,11014.027344
45,0.570177,0.534865,11263.584961
46,0.569277,0.536350,11513.197266
47,0.568324,0.536824,11762.729492
48,0.567700,0.535167,12012.299805
49,0.567414,0.534702,12261.849609
50,0.566353,0.510683,12511.417969
51,0.562320,0.396589,12760.975586
52,0.571185,0.309094,13010.542969
53,0.572850,0.248080,13260.119141
54,0.577471,0.231161,13509.662109
55,0.592871,0.241155,13759.225586
56,0.625255,0.289075,14008.802734
57,0.672806,0.365181,14258.383789
58,0.728694,0.427186,14507.917969
59,0.792504,0.475429,14757.492188
60,0.863408,0.524462,15007.066406
61,0.918513,0.566990,15256.613281
62,0.872428,0.577907,15506.180664
63,0.807230,0.574522,15755.764648
64,0.807667,0.607944,16005.343750
65,0.809530,0.644443,16254.881836
66,0.794109,0.641305,16504.433594
67,0.787138,0.613685,16754.052734
68,0.795457,0.592606,17003.556641
69,0.808916,0.585268,17253.140625
70,0.823431,0.578782,17502.708984
71,0.854226,0.556687,17752.271484
72,0.910226,0.533347,18001.808594
73,0.946034,0.536553,18251.394531
74,0.971405,0.548774,18500.964844
75,0.009870,0.554039,18750.539062
76,0.052750,0.550496,19000.078125
77,0.066790,0.551635,19266.287109
78,0.051004,0.540717,19515.855469
79,0.982963,0.515266,19765.417969
80,0.873408,0.495777,20014.970703
81,0.792720,0.506556,20264.552734
82,0.765346,0.506427,20514.089844
83,0.753279,0.501027,20763.650391
84,0.755335,0.498490,21013.248047
85,0.762344,0.505866,21262.773438
86,0.773351,0.511363,21512.347656
87,0.774981,0.511239,21761.937500
88,0.775588,0.512473,22011.503906
89,0.776169,0.513882,22261.060547
90,0.776740,0.515790,22510.615234
91,0.777602,0.517233,22760.171875
92,0.777535,0.518758,23009.724609
93,0.777946,0.521433,23259.279297
94,0.776020,0.520917,23508.867188
95,0.781159,0.526391,23758.443359
96,0.783820,0.527731,24007.982422
97,0.790597,0.531680,24257.570312
98,0.786598,0.531974,24507.125000
99,0.796344,0.540016,24756.689453
0,0.767818,0.430345,0.015068
1,0.792975,0.441600,266.160370
2,0.792855,0.500611,515.836975
3,0.756619,0.555680,765.302734
4,0.721707,0.566853,1014.878784
5,0.699968,0.562715,1264.409912
6,0.685225,0.556692,1514.043457
7,0.657847,0.556146,1763.600098
8,0.622461,0.552111,2013.132935
9,0.589281,0.546119,2262.729492
10,0.553662,0.544184,2512.264160
11,0.517676,0.576304,2761.804688
12,0.496836,0.603796,3011.372559
13,0.482988,0.594737,3261.083984
14,0.448820,0.565528,3510.514648
15,0.443329,0.569792,3760.088623
16,0.439368,0.575123,4009.635254
17,0.432276,0.581244,4259.208496
18,0.470836,0.594068,4508.757812
19,0.514872,0.594272,4758.318359
20,0.530307,0.589677,5007.896973
21,0.533260,0.585427,5257.450684
22,0.539145,0.577705,5507.008789
23,0.567957,0.558296,5756.583008
24,0.613450,0.538088,6006.175781
25,0.647253,0.529420,6255.694824
26,0.666770,0.521904,6505.290039
27,0.678153,0.516332,6754.845703
28,0.689930,0.505915,7004.394531
29,0.705155,0.510627,7253.950684
30,0.736596,0.514851,7503.559082
31,0.744810,0.526172,7753.093750
32,0.742100,0.534626,8002.668457
33,0.728413,0.543048,8252.243164
34,0.727727,0.567193,8501.871094
35,0.749804,0.594057,8751.363281
36,0.769096,0.586802,9000.911133
37,0.795512,0.576789,9250.571289
38,0.828448,0.562835,9500.088867
39,0.855555,0.547677,9766.262695
40,0.888338,0.539563,10015.801758
41,0.926748,0.527742,10265.390625
42,0.958493,0.523165,10514.968750
43,0.980816,0.526087,10764.519531
44,0.002503,0.503011,11014.067383
45,0.032677,0.469795,11263.667969
46,0.044904,0.443133,11513.270508
47,0.040389,0.428006,11762.756836
48,0.022133,0.402044,12012.316406
49,0.996582,0.361698,12261.866211
50,0.959243,0.313107,12511.485352
51,0.917558,0.274121,12761.002930
52,0.881072,0.279646,13010.558594
53,0.844963,0.282389,13260.211914
54,0.832606,0.285673,13509.777344
55,0.822290,0.284417,13759.279297
56,0.814160,0.278698,14008.822266
57,0.808364,0.268745,14258.395508
58,0.803282,0.269311,14507.935547
59,0.796438,0.273926,14757.547852
60,0.795303,0.278721,15007.071289
61,0.800167,0.283346,15256.678711
62,0.796771,0.291243,15506.258789
63,0.768463,0.310993,15755.819336
64,0.755395,0.337777,16005.365234
65,0.766156,0.363355,16254.886719
66,0.770488,0.384810,16504.572266
67,0.767102,0.402880,16754.027344
68,0.749378,0.413633,17003.607422
69,0.724052,0.422762,17253.150391
70,0.694447,0.437383,17502.808594
71,0.663798,0.446203,17752.312500
72,0.626244,0.453962,18001.849609
73,0.596030,0.461017,18251.414062
74,0.569430,0.468577,18501.058594
75,0.526638,0.465957,18750.562500
76,0.446567,0.470857,19000.093750
77,0.373629,0.471749,19266.310547
78,0.324271,0.480758,19515.935547
79,0.310305,0.496981,19765.462891
80,0.300022,0.497441,20015.000000
81,0.274364,0.494582,20264.550781
82,0.237973,0.514598,20514.167969
83,0.226945,0.533416,20763.751953
84,0.223283,0.532669,21013.259766
85,0.203395,0.532192,21262.830078
86,0.173273,0.534300,21512.406250
87,0.148952,0.529845,21761.980469
88,0.134196,0.516091,22011.513672
89,0.146598,0.494414,22261.078125
90,0.168712,0.485540,22510.675781
91,0.183512,0.476087,22760.205078
92,0.211438,0.466456,23009.812500
93,0.249188,0.462844,23259.326172
94,0.290596,0.461042,23508.912109
95,0.330558,0.471879,23758.451172
96,0.361097,0.486377,24008.064453
97,0.376938,0.492196,24257.628906
98,0.392318,0.491937,24507.154297
99,0.398927,0.492067,24756.722656
0,0.748721,0.535434,0.020591
1,0.748018,0.533864,266.224548
2,0.746537,0.534153,515.714355
3,0.734992,0.538770,765.287170
4,0.727466,0.505238,1014.856445
5,0.731049,0.468205,1264.399292
6,0.734227,0.470748,1514.023071
7,0.717670,0.509430,1763.543701
8,0.688351,0.550438,2013.145264
9,0.638219,0.560840,2262.747070
10,0.619781,0.565860,2512.258545
11,0.637041,0.574225,2761.871582
12,0.650814,0.578485,3011.400146
13,0.653151,0.576995,3261.006836
14,0.658209,0.577573,3510.471436
15,0.672405,0.583147,3760.110596
16,0.693286,0.575628,4009.614258
17,0.750709,0.567269,4259.261230
18,0.831784,0.545448,4508.738770
19,0.869841,0.534708,4758.299316
20,0.896928,0.521153,5007.975586
21,0.900693,0.517487,5257.514648
22,0.899588,0.495348,5507.016113
23,0.891969,0.427417,5756.564941
24,0.882644,0.385779,6006.265625
25,0.848238,0.372577,6255.738281
26,0.806545,0.381742,6505.270996
27,0.796187,0.422856,6754.886719
28,0.792161,0.456236,7004.437012
29,0.799248,0.470432,7253.954590
30,0.803579,0.485038,7503.601074
31,0.781185,0.497982,7753.192383
32,0.729585,0.516418,8002.675781
33,0.691692,0.517954,8252.200195
34,0.641337,0.529119,8501.799805
35,0.612849,0.527231,8751.447266
36,0.595210,0.533429,9000.886719
37,0.577263,0.530612,9250.480469
38,0.539544,0.526212,9500.006836
39,0.488019,0.523801,9766.315430
40,0.445163,0.520093,10015.846680
41,0.407670,0.524057,10265.356445
42,0.373951,0.533154,10514.913086
43,0.345462,0.532474,10764.556641
44,0.323874,0.533441,11014.031250
45,0.312265,0.535697,11263.625977
46,0.300611,0.538578,11513.208008
47,0.301323,0.544574,11762.765625
48,0.314646,0.551006,12012.291992
49,0.323478,0.548960,12261.918945
50,0.341332,0.532133,12511.454102
51,0.343229,0.504741,12761.031250
52,0.334341,0.482562,13010.567383
53,0.329347,0.487977,13260.153320
54,0.332516,0.498778,13509.727539
55,0.335138,0.506012,13759.249023
56,0.341797,0.507508,14008.912109
57,0.350732,0.510926,14258.467773
58,0.363311,0.514257,14508.001953
59,0.370197,0.519792,14757.520508
60,0.361977,0.526867,15007.082031
61,0.328372,0.534090,15256.654297
62,0.286736,0.538918,15506.186523
63,0.214236,0.535819,15755.855469
64,0.179319,0.542761,16005.361328
65,0.162382,0.546401,16254.990234
66,0.151271,0.539757,16504.466797
67,0.141531,0.523325,16754.074219
68,0.131892,0.504094,17003.601562
69,0.120371,0.469422,17253.146484
70,0.105926,0.373659,17502.734375
71,0.094368,0.327627,17752.277344
72,0.083759,0.305598,18001.908203
73,0.078287,0.307197,18251.392578
74,0.066391,0.314100,18501.058594
75,0.060594,0.326610,18750.541016
76,0.066610,0.327974,19000.091797
77,0.093744,0.315626,19266.292969
78,0.117689,0.308111,19515.873047
79,0.109670,0.296657,19765.451172
80,0.044390,0.295000,20015.074219
81,0.963594,0.329055,20264.582031
82,0.938357,0.345184,20514.158203
83,0.951310,0.343546,20763.673828
84,0.949801,0.353413,21013.253906
85,0.877378,0.420236,21262.871094
86,0.877123,0.432577,21512.359375
87,0.959996,0.381754,21762.041016
88,0.157376,0.339773,22011.478516
89,0.245009,0.355866,22261.117188
90,0.273846,0.363275,22510.605469
91,0.297295,0.398585,22760.185547
92,0.326322,0.441105,23009.730469
93,0.353534,0.422284,23259.419922
94,0.370188,0.389708,23508.953125
95,0.388028,0.386242,23758.429688
96,0.423374,0.403340,24008.050781
97,0.472233,0.397327,24257.578125
98,0.517449,0.384859,24507.156250
99,0.548423,0.370599,24756.738281
