Idx, longitude, latitude, start timestamp
0,0.749935,0.495372,-0.032594
1,0.749632,0.495331,266.161102
2,0.744640,0.494629,515.714539
3,0.730046,0.483810,765.333557
4,0.710475,0.457009,1014.789673
5,0.688901,0.403361,1281.049805
6,0.676099,0.382753,1530.505493
7,0.676263,0.384228,1780.157104
8,0.674693,0.390583,2029.695435
9,0.672637,0.392815,2295.866211
10,0.671928,0.397903,2545.529053
11,0.641814,0.424899,2761.742676
12,0.563295,0.452783,3011.365234
13,0.554747,0.475101,3260.922607
14,0.536970,0.517411,3510.479980
15,0.547602,0.539494,3760.007568
16,0.596873,0.543403,4042.851318
17,0.626576,0.546132,4292.495117
18,0.662073,0.566894,4508.761230
19,0.680721,0.705004,4758.241211
20,0.697654,0.790249,5007.817871
21,0.718223,0.802279,5257.322754
22,0.686298,0.824416,5507.023926
23,0.633642,0.872315,5756.644043
24,0.622192,0.926098,6022.705566
25,0.742744,0.974432,6272.323242
26,0.881879,0.954864,6538.420410
27,0.852455,0.952504,6788.061035
28,0.837461,0.946178,7020.950684
29,0.829229,0.946258,7270.553223
30,0.846706,0.953592,7520.029785
31,0.913051,0.969103,7769.663086
32,0.090717,0.973878,8019.291016
33,0.114745,0.970268,8285.386719
34,0.104102,0.961094,8518.415039
35,0.092500,0.958658,8751.260742
36,0.089835,0.962077,9034.123047
37,0.099289,0.968334,9267.042969
38,0.055166,0.979748,9516.615234
39,0.522046,0.963305,9766.169922
40,0.547028,0.964997,10032.386719
41,0.682595,0.967132,10265.229492
42,0.830495,0.914855,10514.883789
43,0.880845,0.874427,10764.338867
44,0.941644,0.835363,11030.591797
45,0.957548,0.805790,11263.501953
46,0.936198,0.679891,11529.701172
47,0.942348,0.546690,11779.359375
48,0.957245,0.494636,12012.259766
49,0.990756,0.480486,12278.451172
50,0.001114,0.461202,12527.979492
51,0.016094,0.454470,12777.578125
52,0.048069,0.451228,13010.500977
53,0.044022,0.450670,13276.666992
54,0.019099,0.446271,13509.564453
55,0.947878,0.442630,13759.157227
56,0.904164,0.435846,14025.464844
57,0.887612,0.436392,14258.332031
58,0.871413,0.433243,14507.930664
59,0.842242,0.415746,14774.039062
60,0.813571,0.405385,15007.035156
61,0.779431,0.408672,15273.193359
62,0.778459,0.414648,15522.752930
63,0.806484,0.435823,15755.671875
64,0.812119,0.444009,16005.273438
65,0.812579,0.445592,16271.388672
66,0.811340,0.443210,16520.990234
67,0.795486,0.441090,16753.857422
68,0.659419,0.455045,17003.496094
69,0.516383,0.489095,17269.746094
70,0.493572,0.505916,17502.673828
71,0.511281,0.475809,17768.843750
72,0.539501,0.423989,18018.376953
73,0.574152,0.408497,18267.960938
74,0.609730,0.408605,18517.468750
75,0.641749,0.409736,18767.119141
76,0.663231,0.402597,19016.605469
77,0.671392,0.377975,19266.253906
78,0.674483,0.370697,19515.705078
79,0.673587,0.374587,19765.347656
80,0.679018,0.400380,20014.943359
81,0.703134,0.480616,20281.048828
82,0.725702,0.495501,20530.705078
83,0.772958,0.492026,20763.537109
84,0.803459,0.472082,21013.181641
85,0.858432,0.460649,21279.332031
86,0.877928,0.483757,21528.904297
87,0.876082,0.483420,21778.412109
88,0.875002,0.483406,22044.656250
89,0.873136,0.483277,22277.679688
90,0.870346,0.484247,22510.515625
91,0.865609,0.492343,22760.156250
92,0.857368,0.515649,23009.640625
93,0.845567,0.517365,23259.271484
94,0.845176,0.518727,23508.773438
95,0.842466,0.516935,23774.982422
96,0.842423,0.516073,24007.904297
97,0.841886,0.515297,24257.492188
98,0.842125,0.515267,24506.984375
99,0.842603,0.514339,24756.666016
0,0.747735,0.503644,0.034618
1,0.746028,0.504705,266.105011
2,0.742457,0.506050,515.760803
3,0.753591,0.503319,765.283691
4,0.779125,0.496464,1014.911377
5,0.807785,0.491792,1264.344971
6,0.831181,0.493630,1514.102051
7,0.840608,0.494851,1763.650757
8,0.868452,0.483273,2013.098633
9,0.896118,0.459984,2262.579590
10,0.908399,0.454880,2512.239014
11,0.913389,0.455606,2761.854980
12,0.921489,0.459452,3011.325195
13,0.949517,0.472583,3260.998047
14,0.990595,0.493881,3510.459717
15,0.015424,0.510769,3760.076660
16,0.026858,0.518009,4009.556641
17,0.045126,0.518308,4259.215820
18,0.072579,0.518500,4508.729980
19,0.097142,0.513987,4758.328125
20,0.123896,0.507313,5008.044434
21,0.140537,0.496820,5257.506348
22,0.147946,0.488144,5507.069336
23,0.152904,0.487485,5756.642090
24,0.160076,0.491713,6006.180176
25,0.169084,0.505394,6255.650879
26,0.182284,0.518927,6505.290527
27,0.195398,0.516621,6771.457520
28,0.206612,0.515575,7004.461426
29,0.217908,0.515877,7253.892090
30,0.227450,0.515968,7503.537109
31,0.234307,0.515066,7753.184082
32,0.238538,0.514234,8002.624512
33,0.239394,0.514523,8252.286133
34,0.239259,0.510628,8501.737305
35,0.236950,0.499099,8751.406250
36,0.226473,0.496539,9000.872070
37,0.195654,0.493728,9250.524414
38,0.160899,0.483068,9500.000000
39,0.156216,0.470114,9832.740234
40,0.158358,0.462314,10082.409180
41,0.151271,0.464138,10331.838867
42,0.142313,0.470688,10564.856445
43,0.134193,0.480811,10814.393555
44,0.126789,0.485769,11063.958984
45,0.134923,0.479829,11296.844727
46,0.147424,0.472382,11546.476562
47,0.141767,0.471432,11779.359375
48,0.126353,0.479381,12045.593750
49,0.093475,0.483912,12278.497070
50,0.059801,0.480719,12544.701172
51,0.004994,0.491344,12794.374023
52,0.944642,0.500069,13043.818359
53,0.886137,0.505613,13276.860352
54,0.846589,0.508870,13526.294922
55,0.816000,0.492776,13775.921875
56,0.773503,0.480257,14025.454102
57,0.736635,0.461726,14275.041016
58,0.711161,0.437621,14507.939453
59,0.691119,0.426709,14774.230469
60,0.682380,0.418387,15007.048828
61,0.678899,0.424256,15256.705078
62,0.679461,0.430710,15506.146484
63,0.682515,0.432367,15755.781250
64,0.684602,0.433933,16005.345703
65,0.690328,0.438680,16254.908203
66,0.701660,0.438217,16504.445312
67,0.714567,0.456869,16754.007812
68,0.716442,0.467754,17003.681641
69,0.706006,0.480194,17253.130859
70,0.683637,0.482555,17519.429688
71,0.669748,0.485798,17768.925781
72,0.657454,0.487928,18018.494141
73,0.647438,0.488623,18268.023438
74,0.637226,0.486325,18517.609375
75,0.625502,0.477509,18767.103516
76,0.615694,0.465091,19000.130859
77,0.612000,0.457516,19299.664062
78,0.609564,0.458429,19532.507812
79,0.609871,0.461570,19782.125000
80,0.613635,0.465112,20031.619141
81,0.621361,0.466890,20281.212891
82,0.631460,0.468243,20514.115234
83,0.644131,0.468597,20763.742188
84,0.659867,0.470535,21029.861328
85,0.675709,0.473221,21262.847656
86,0.684424,0.475352,21529.121094
87,0.685670,0.477221,21761.978516
88,0.681128,0.476553,22011.578125
89,0.670244,0.476133,22261.121094
90,0.653396,0.476097,22510.740234
91,0.634302,0.476884,22760.169922
92,0.611115,0.479138,23009.833984
93,0.588377,0.477271,23259.298828
94,0.568059,0.472364,23508.957031
95,0.543762,0.470967,23841.697266
96,0.538678,0.470839,24008.087891
97,0.524810,0.475772,24340.814453
98,0.520430,0.479930,24590.289062
99,0.523129,0.481275,24823.330078
0,0.750944,0.510267,0.005403
1,0.753015,0.513539,266.209930
2,0.772560,0.526500,515.726196
3,0.810694,0.533246,765.321899
4,0.837613,0.501773,1014.872131
5,0.857623,0.470239,1264.425903
6,0.872612,0.448382,1513.919800
7,0.890592,0.441915,1763.621338
8,0.899668,0.445306,2013.042114
9,0.905105,0.451328,2262.662354
10,0.910256,0.456161,2512.162109
11,0.910847,0.459429,2761.752441
12,0.920560,0.469011,3011.413330
13,0.936546,0.488716,3260.909424
14,0.953283,0.501943,3510.521729
15,0.973445,0.502474,3759.972412
16,0.986854,0.504062,4009.650635
17,0.996579,0.499120,4259.088867
18,0.010778,0.490720,4508.754395
19,0.023475,0.491186,4758.193359
20,0.032141,0.495592,5007.831055
21,0.037298,0.495003,5257.305176
22,0.043548,0.494698,5506.921875
23,0.051784,0.496106,5756.478516
24,0.062744,0.498642,6006.096680
25,0.076868,0.503449,6255.699219
26,0.094886,0.509890,6505.167480
27,0.112783,0.529797,6754.776855
28,0.120981,0.534565,7004.250488
29,0.123463,0.536172,7253.863770
30,0.122364,0.537976,7503.359375
31,0.121289,0.536742,7752.991211
32,0.119392,0.533981,8002.475586
33,0.116303,0.530798,8252.119141
34,0.101886,0.503053,8501.577148
35,0.088037,0.463163,8751.242188
36,0.048671,0.421348,9000.680664
37,0.012708,0.379697,9250.303711
38,0.972219,0.334994,9516.585938
39,0.916079,0.304045,9766.097656
40,0.859747,0.293388,10015.706055
41,0.817677,0.266835,10265.151367
42,0.789602,0.245426,10514.762695
43,0.722712,0.231836,10764.299805
44,0.659540,0.248654,11013.908203
45,0.615015,0.270246,11263.369141
46,0.568237,0.305101,11512.996094
47,0.527124,0.342700,11762.618164
48,0.502542,0.358036,12012.126953
49,0.476617,0.402618,12261.656250
50,0.460806,0.449628,12594.455078
51,0.454527,0.493296,12827.357422
52,0.449569,0.512057,13060.315430
53,0.447173,0.522280,13293.195312
54,0.444691,0.521905,13526.072266
55,0.461508,0.510016,13759.060547
56,0.485071,0.481960,14041.903320
57,0.509700,0.435302,14274.771484
58,0.528671,0.388074,14541.016602
59,0.554926,0.379978,14757.323242
60,0.586824,0.413172,15006.878906
61,0.617791,0.441699,15256.367188
62,0.651940,0.456206,15506.026367
63,0.670928,0.458161,15755.479492
64,0.686650,0.451171,16071.599609
65,0.706664,0.443372,16287.872070
66,0.722295,0.443219,16537.494141
67,0.736566,0.450000,16770.408203
68,0.752705,0.463019,17003.369141
69,0.761977,0.475939,17269.441406
70,0.794359,0.504511,17502.425781
71,0.816233,0.513323,17768.662109
72,0.828299,0.519031,18001.523438
73,0.832678,0.536270,18251.193359
74,0.836002,0.546626,18500.640625
75,0.842165,0.543435,18816.783203
76,0.857358,0.533510,19049.626953
77,0.879363,0.525855,19282.615234
78,0.907600,0.524169,19515.515625
79,0.939300,0.524428,19781.724609
80,0.956698,0.530622,20014.585938
81,0.972924,0.531960,20264.226562
82,0.990576,0.532497,20530.396484
83,0.013489,0.552378,20763.384766
84,0.029121,0.620872,21096.101562
85,0.030755,0.667713,21328.937500
86,0.013788,0.710596,21561.958984
87,0.968860,0.738344,21794.808594
88,0.923888,0.754824,22027.781250
89,0.864756,0.752502,22260.646484
90,0.787687,0.729635,22526.941406
91,0.724903,0.692310,22759.757812
92,0.681561,0.651676,23026.052734
93,0.649277,0.586375,23258.943359
94,0.620555,0.515277,23525.162109
95,0.587706,0.486088,23758.037109
96,0.563992,0.464816,24007.597656
97,0.554340,0.430832,24323.701172
98,0.555059,0.376098,24556.621094
99,0.557216,0.345037,24789.623047
0,0.749872,0.470316,0.011156
1,0.749837,0.470715,266.203644
2,0.749990,0.468769,515.785950
3,0.762679,0.463171,765.330811
4,0.788686,0.462839,1014.895691
5,0.809338,0.467069,1264.422241
6,0.827047,0.468447,1514.058960
7,0.834858,0.465387,1763.544067
8,0.829693,0.464765,2013.163818
9,0.821853,0.465196,2262.662354
10,0.806758,0.464442,2512.263916
11,0.780174,0.462957,2761.732666
12,0.750682,0.462845,3011.360596
13,0.720869,0.459020,3260.851562
14,0.692041,0.452299,3510.497070
15,0.665329,0.445490,3760.113281
16,0.644527,0.441208,4009.617188
17,0.625623,0.437743,4259.204590
18,0.595007,0.439722,4508.694336
19,0.571930,0.443959,4758.343262
20,0.547282,0.451298,5007.791992
21,0.530436,0.454303,5257.451172
22,0.519646,0.452409,5506.884277
23,0.511442,0.451120,5823.040527
24,0.496152,0.452379,6056.002930
25,0.476782,0.453917,6272.286621
26,0.452824,0.453581,6505.262695
27,0.436021,0.454671,6787.979492
28,0.420125,0.461743,7004.357910
29,0.408666,0.466809,7270.504883
30,0.396806,0.470284,7503.481934
31,0.384498,0.468878,7769.556641
32,0.369639,0.466030,8002.600098
33,0.353092,0.462792,8252.050781
34,0.338288,0.459942,8568.207031
35,0.324411,0.456846,8801.183594
36,0.311197,0.451537,9017.429688
37,0.297578,0.450900,9250.335938
38,0.282028,0.447710,9533.153320
39,0.265946,0.443109,9799.413086
40,0.250624,0.437036,10015.685547
41,0.240103,0.431324,10281.776367
42,0.230125,0.429983,10514.748047
43,0.217863,0.429295,10764.380859
44,0.204296,0.433735,11080.518555
45,0.188759,0.432802,11296.738281
46,0.172229,0.434304,11529.708008
47,0.154764,0.434240,11762.597656
48,0.138333,0.433571,12028.828125
49,0.128949,0.431611,12261.730469
50,0.131334,0.430046,12527.929688
51,0.130090,0.430234,12760.794922
52,0.120600,0.431768,13010.451172
53,0.106491,0.431005,13259.899414
54,0.090268,0.433538,13576.003906
55,0.073370,0.434229,13808.989258
56,0.053057,0.434146,14025.284180
57,0.036730,0.432935,14274.759766
58,0.015412,0.438882,14507.742188
59,0.999585,0.440769,14757.271484
60,0.985538,0.437903,15023.492188
61,0.972415,0.424729,15256.374023
62,0.964585,0.420517,15522.613281
63,0.963322,0.424710,15755.616211
64,0.969810,0.430844,16005.081055
65,0.979596,0.435077,16254.726562
66,0.996491,0.438453,16587.480469
67,0.009268,0.440852,16820.283203
68,0.021607,0.442180,17053.292969
69,0.035981,0.441931,17286.144531
70,0.051167,0.440805,17502.457031
71,0.072277,0.440329,17752.042969
72,0.094250,0.440324,18018.287109
73,0.118132,0.442036,18251.150391
74,0.137006,0.444338,18533.994141
75,0.154639,0.446486,18766.884766
76,0.171395,0.441913,19016.529297
77,0.188639,0.440714,19265.996094
78,0.205089,0.443411,19582.128906
79,0.223084,0.447243,19815.078125
80,0.240076,0.453843,20047.970703
81,0.249089,0.460778,20297.449219
82,0.259956,0.464991,20530.492188
83,0.272063,0.466279,20763.302734
84,0.285311,0.466944,21029.521484
85,0.300020,0.465472,21262.541016
86,0.312947,0.466693,21528.675781
87,0.321975,0.468103,21761.658203
88,0.329520,0.471377,22011.189453
89,0.335865,0.474565,22260.792969
90,0.341389,0.476139,22510.230469
91,0.347524,0.476996,22826.380859
92,0.352825,0.477368,23059.335938
93,0.358603,0.479949,23292.234375
94,0.368792,0.480148,23508.441406
95,0.381790,0.481092,23791.314453
96,0.394280,0.481086,24024.339844
97,0.407998,0.479598,24290.419922
98,0.420769,0.481756,24506.808594
99,0.430197,0.481882,24772.951172
0,0.739836,0.588706,-0.000798
1,0.732167,0.594551,266.244507
2,0.736446,0.583669,515.795044
3,0.738814,0.552754,765.281738
4,0.736464,0.501603,1014.943359
5,0.729057,0.470331,1264.402832
6,0.717317,0.465201,1513.970337
7,0.698363,0.466050,1763.652466
8,0.673172,0.467980,2013.086060
9,0.646863,0.475825,2262.785156
10,0.624614,0.484069,2512.294189
11,0.613350,0.489768,2761.878174
12,0.607019,0.490989,3011.348389
13,0.602561,0.492553,3261.038086
14,0.592314,0.512279,3510.565674
15,0.558225,0.571029,3760.062256
16,0.523563,0.638069,4009.602051
17,0.523795,0.680515,4259.182129
18,0.518868,0.728720,4508.732910
19,0.508030,0.768817,4758.300781
20,0.503643,0.795018,5024.662109
21,0.504165,0.796106,5257.529785
22,0.508561,0.790814,5507.146484
23,0.512622,0.788792,5756.537109
24,0.517377,0.787751,6006.164062
25,0.522746,0.787293,6255.748047
26,0.526871,0.787570,6505.279297
27,0.550975,0.783351,6754.830566
28,0.600837,0.768113,7004.449707
29,0.673545,0.749143,7253.921387
30,0.710657,0.737301,7503.564453
31,0.737363,0.727737,7753.006348
32,0.761669,0.721278,8002.750488
33,0.793841,0.718579,8302.180664
34,0.810822,0.707331,8501.773438
35,0.820462,0.669852,8751.465820
36,0.819928,0.622326,9000.921875
37,0.821990,0.554235,9250.502930
38,0.828005,0.495249,9516.630859
39,0.822872,0.454241,9766.234375
40,0.816939,0.403879,10015.808594
41,0.820917,0.385135,10265.353516
42,0.836486,0.383387,10531.637695
43,0.841744,0.365798,10764.489258
44,0.844692,0.361749,11014.211914
45,0.850304,0.381665,11263.606445
46,0.860068,0.412976,11513.233398
47,0.875159,0.445986,11762.796875
48,0.887115,0.476540,12012.364258
49,0.894443,0.477125,12261.853516
50,0.901754,0.473840,12594.624023
51,0.912985,0.469611,12760.956055
52,0.927448,0.460734,13010.648438
53,0.960562,0.472735,13260.079102
54,0.020342,0.495358,13542.963867
55,0.064398,0.514928,13792.551758
56,0.077638,0.522285,14008.801758
57,0.091874,0.536329,14258.468750
58,0.104034,0.552168,14507.981445
59,0.114343,0.564833,14774.208008
60,0.141033,0.584245,15007.088867
61,0.138457,0.577524,15256.707031
62,0.130792,0.567975,15506.201172
63,0.122405,0.554985,15755.779297
64,0.105212,0.514138,16005.311523
65,0.092003,0.487742,16271.621094
66,0.084739,0.477567,16504.537109
67,0.081648,0.473863,16754.064453
68,0.081187,0.475548,17003.636719
69,0.081240,0.480109,17253.193359
70,0.080135,0.486464,17502.628906
71,0.077618,0.488911,17752.265625
72,0.071238,0.491451,18051.740234
73,0.058879,0.488888,18284.648438
74,0.992802,0.496769,18501.007812
75,0.819374,0.495593,18750.519531
76,0.711203,0.494242,19000.234375
77,0.669458,0.509064,19299.625000
78,0.649805,0.507679,19532.542969
79,0.631483,0.506298,19765.501953
80,0.603208,0.515940,20015.068359
81,0.591006,0.528582,20264.638672
82,0.590144,0.547071,20514.148438
83,0.596572,0.567366,20763.708984
84,0.611436,0.602463,21013.259766
85,0.598882,0.615484,21262.824219
86,0.571175,0.590714,21512.320312
87,0.544949,0.560514,21761.949219
88,0.519703,0.547664,22011.511719
89,0.499604,0.544357,22261.080078
90,0.484846,0.546803,22577.232422
91,0.481173,0.548609,22760.216797
92,0.482822,0.551482,23009.841797
93,0.488778,0.550718,23259.339844
94,0.503847,0.549544,23508.912109
95,0.539127,0.548777,23758.474609
96,0.575157,0.552245,24008.037109
97,0.615307,0.551983,24257.593750
98,0.636263,0.547463,24507.179688
99,0.641472,0.544637,24790.025391
0,0.750025,0.536577,-0.004326
1,0.750157,0.538502,266.280853
2,0.746308,0.510677,515.825317
3,0.733996,0.458249,765.454163
4,0.721079,0.453051,1014.990173
5,0.704946,0.457575,1264.578003
6,0.689630,0.456643,1514.097900
7,0.674266,0.455229,1763.634399
8,0.662200,0.462540,2013.212769
9,0.655586,0.470349,2262.818848
10,0.648374,0.471726,2512.391357
11,0.627276,0.471849,2761.828857
12,0.603222,0.471717,3011.551270
13,0.582134,0.470661,3261.073975
14,0.566144,0.465630,3510.567139
15,0.554453,0.464639,3760.249023
16,0.544609,0.469136,4009.776611
17,0.531431,0.477532,4259.334473
18,0.513847,0.488001,4508.790527
19,0.527473,0.487358,4758.510742
20,0.571666,0.483268,5007.946777
21,0.602546,0.481969,5257.536133
22,0.637908,0.483140,5523.798340
23,0.662660,0.481340,5756.708008
24,0.669873,0.480646,6006.178223
25,0.675729,0.480101,6255.756348
26,0.689617,0.500827,6505.441406
27,0.707005,0.521101,6754.917480
28,0.729816,0.531205,7004.504883
29,0.763071,0.533735,7254.095215
30,0.801636,0.535238,7503.686523
31,0.837886,0.529343,7753.223145
32,0.872370,0.515513,8002.753906
33,0.912934,0.506912,8252.316406
34,0.939567,0.499035,8501.873047
35,0.969576,0.509551,8751.351562
36,0.009890,0.523452,9001.023438
37,0.027299,0.535660,9250.619141
38,0.032815,0.540232,9500.151367
39,0.027578,0.537907,9766.337891
40,0.016870,0.541930,10015.824219
41,0.028818,0.550209,10265.447266
42,0.061413,0.553256,10531.572266
43,0.111722,0.537795,10797.861328
44,0.152196,0.530021,11047.434570
45,0.193077,0.541842,11263.727539
46,0.216267,0.548453,11529.920898
47,0.208090,0.484021,11779.416992
48,0.184276,0.467584,12029.075195
49,0.162613,0.471496,12295.198242
50,0.160808,0.474893,12544.823242
51,0.158391,0.488436,12810.917969
52,0.154584,0.502906,13060.544922
53,0.136821,0.506364,13310.188477
54,0.098413,0.499511,13559.630859
55,0.051933,0.486193,13792.501953
56,0.011880,0.462574,14042.183594
57,0.985333,0.429732,14291.780273
58,0.961898,0.367625,14524.613281
59,0.935824,0.317612,14774.289062
60,0.907543,0.299738,15023.741211
61,0.839270,0.348669,15256.732422
62,0.778958,0.399709,15506.251953
63,0.751958,0.439920,15789.123047
64,0.738967,0.456573,16038.598633
65,0.732229,0.462012,16271.593750
66,0.724997,0.466305,16521.130859
67,0.719204,0.470465,16770.708984
68,0.707859,0.474637,17003.595703
69,0.690486,0.479106,17253.261719
70,0.675913,0.480553,17502.685547
71,0.659170,0.479600,17818.798828
72,0.637707,0.477753,18035.236328
73,0.618322,0.471835,18251.478516
74,0.598368,0.465664,18501.101562
75,0.581366,0.467822,18750.550781
76,0.573852,0.469407,19016.779297
77,0.575423,0.468155,19266.326172
78,0.584518,0.469963,19515.890625
79,0.601021,0.480431,19765.431641
80,0.624041,0.494273,20015.082031
81,0.646383,0.503178,20264.517578
82,0.667676,0.508531,20514.142578
83,0.692892,0.504378,20763.755859
84,0.712078,0.499252,21096.398438
85,0.726384,0.498970,21262.890625
86,0.744848,0.504567,21512.417969
87,0.793164,0.507578,21762.015625
88,0.816819,0.509678,22094.759766
89,0.822731,0.514020,22344.240234
90,0.844939,0.509233,22577.261719
91,0.863255,0.509572,22826.767578
92,0.869619,0.508803,23076.371094
93,0.887452,0.512108,23325.851562
94,0.898660,0.517890,23575.490234
95,0.900260,0.519755,23824.943359
96,0.900186,0.521173,24057.939453
97,0.890545,0.524196,24290.884766
98,0.882312,0.527148,24540.478516
99,0.881204,0.527786,24789.931641
0,0.750715,0.507161,0.000301
1,0.751067,0.510437,266.104767
2,0.750409,0.509483,515.728699
3,0.749810,0.507865,765.396301
4,0.749486,0.506290,1014.832825
5,0.748348,0.490335,1281.128296
6,0.744893,0.425725,1513.953003
7,0.739650,0.340395,1763.692505
8,0.733282,0.291247,2013.054077
9,0.726204,0.272707,2279.369629
10,0.666232,0.389481,2512.233643
11,0.610639,0.468663,2761.799561
12,0.563858,0.477379,3011.314941
13,0.531748,0.477733,3260.913086
14,0.496914,0.492671,3527.202637
15,0.448623,0.510119,3760.119385
16,0.407995,0.516245,4009.655029
17,0.395149,0.507948,4259.191895
18,0.402169,0.443704,4508.807129
19,0.413040,0.362578,4841.545410
20,0.418516,0.319113,5007.806152
21,0.424407,0.288135,5257.368652
22,0.443454,0.272681,5507.101562
23,0.510446,0.239643,5806.508301
24,0.571262,0.223176,6006.123535
25,0.625486,0.190521,6255.633301
26,0.669122,0.169626,6505.333496
27,0.726405,0.138491,6754.895020
28,0.812140,0.137740,7004.362793
29,0.869220,0.197964,7253.967285
30,0.887919,0.290893,7503.473145
31,0.897205,0.361025,7753.084473
32,0.912556,0.423912,8035.856445
33,0.946197,0.461866,8252.311523
34,0.972094,0.478454,8501.754883
35,0.991806,0.490332,8751.350586
36,0.007311,0.491496,9000.863281
37,0.018622,0.491386,9250.487305
38,0.032017,0.488849,9516.788086
39,0.081140,0.488943,9766.173828
40,0.140051,0.480263,10082.319336
41,0.158065,0.478148,10331.980469
42,0.164307,0.475282,10514.901367
43,0.170667,0.469839,10764.435547
44,0.171802,0.462031,11014.052734
45,0.169647,0.445569,11280.138672
46,0.167889,0.436672,11513.135742
47,0.167058,0.432935,11762.736328
48,0.165870,0.431754,12012.311523
49,0.163750,0.432753,12278.583984
50,0.161191,0.432315,12528.044922
51,0.159937,0.432305,12761.082031
52,0.156588,0.432949,13010.553711
53,0.146829,0.432611,13260.107422
54,0.127949,0.434889,13509.657227
55,0.095982,0.432866,13775.856445
56,0.048961,0.426702,14008.797852
57,0.928781,0.403555,14258.335938
58,0.775172,0.381034,14507.866211
59,0.688962,0.384924,14757.481445
60,0.642412,0.390500,15007.014648
61,0.631970,0.389739,15256.634766
62,0.636373,0.409096,15506.235352
63,0.655488,0.462621,15822.218750
64,0.663067,0.498920,16071.814453
65,0.668401,0.535061,16254.870117
66,0.670252,0.629303,16521.166016
67,0.668331,0.700751,16753.947266
68,0.670071,0.782298,17036.830078
69,0.653106,0.835824,17269.675781
70,0.628916,0.864451,17502.667969
71,0.605135,0.900381,17752.201172
72,0.623982,0.921933,18001.824219
73,0.625093,0.934156,18251.273438
74,0.614165,0.930760,18517.500000
75,0.578174,0.925535,18750.503906
76,0.507359,0.890459,19000.080078
77,0.452639,0.837219,19266.312500
78,0.427269,0.797902,19515.753906
79,0.454371,0.820628,19765.416016
80,0.542457,0.868111,20014.974609
81,0.605933,0.881413,20347.601562
82,0.618513,0.886871,20580.589844
83,0.627518,0.882082,20763.597656
84,0.640627,0.859037,21013.330078
85,0.643551,0.834875,21262.703125
86,0.635994,0.796525,21529.033203
87,0.628605,0.778949,21761.908203
88,0.622964,0.722250,22011.482422
89,0.628888,0.607462,22260.949219
90,0.640822,0.470279,22527.205078
91,0.645342,0.413919,22760.087891
92,0.652558,0.427156,23009.673828
93,0.665065,0.416854,23259.205078
94,0.665754,0.382918,23508.869141
95,0.662298,0.340459,23758.298828
96,0.660969,0.365914,24007.939453
97,0.657513,0.372876,24257.550781
98,0.577918,0.378471,24507.093750
99,0.516583,0.419891,24756.646484
0,0.748597,0.564191,0.007044
1,0.743823,0.553924,266.094086
2,0.740312,0.546904,515.721558
3,0.725636,0.529900,765.366455
4,0.700216,0.500689,1014.842712
5,0.675199,0.462108,1264.491577
6,0.661699,0.439305,1513.956177
7,0.656578,0.435557,1763.683716
8,0.653848,0.434599,2013.179077
9,0.650658,0.437492,2262.734375
10,0.638517,0.450803,2512.184570
11,0.637049,0.454082,2761.874023
12,0.637448,0.456577,3011.292236
13,0.640880,0.458330,3260.980469
14,0.656403,0.463405,3510.462891
15,0.670033,0.467226,3760.045410
16,0.673784,0.466823,4009.686768
17,0.676724,0.465623,4259.184082
18,0.693602,0.456876,4508.824707
19,0.726745,0.449531,4758.324219
20,0.757068,0.449915,5007.888184
21,0.770485,0.451158,5257.463379
22,0.771347,0.452030,5507.051758
23,0.771433,0.452137,5756.494141
24,0.779076,0.453910,6006.133301
25,0.803406,0.460774,6255.660156
26,0.821149,0.467481,6505.330078
27,0.825959,0.472834,6754.860352
28,0.828719,0.478239,7004.389648
29,0.829244,0.478911,7253.890137
30,0.830020,0.480132,7503.486816
31,0.829427,0.480306,7753.128906
32,0.828538,0.479433,8002.602539
33,0.828237,0.479254,8252.270508
34,0.832233,0.482544,8501.690430
35,0.867727,0.507156,8751.409180
36,0.909534,0.535128,9000.865234
37,0.921032,0.553215,9250.438477
38,0.934376,0.538900,9516.675781
39,0.973815,0.507517,9766.191406
40,0.990442,0.497544,10015.875000
41,0.996331,0.493137,10265.353516
42,0.994249,0.494273,10514.913086
43,0.934001,0.495656,10764.533203
44,0.850748,0.488759,11014.056641
45,0.808456,0.482012,11280.179688
46,0.804611,0.482657,11529.761719
47,0.800308,0.483915,11779.419922
48,0.799589,0.484816,12028.894531
49,0.799199,0.484230,12261.750000
50,0.786756,0.485377,12511.403320
51,0.698957,0.492348,12761.017578
52,0.589476,0.497825,13027.152344
53,0.542240,0.496175,13260.149414
54,0.533432,0.490646,13509.637695
55,0.526667,0.491488,13759.289062
56,0.525923,0.499222,14008.737305
57,0.528365,0.500758,14258.365234
58,0.531718,0.499611,14507.843750
59,0.534962,0.519974,14757.511719
60,0.536889,0.523652,15090.260742
61,0.539311,0.525557,15339.707031
62,0.556215,0.525152,15572.693359
63,0.640765,0.524438,15822.185547
64,0.764334,0.503155,16071.799805
65,0.808410,0.488573,16321.445312
66,0.809230,0.490995,16554.339844
67,0.852921,0.492485,16803.935547
68,0.944010,0.498012,17070.080078
69,0.042694,0.509545,17303.056641
70,0.100300,0.517681,17552.574219
71,0.110398,0.518386,17785.539062
72,0.136559,0.513339,18035.015625
73,0.144143,0.500270,18284.707031
74,0.139867,0.503495,18534.173828
75,0.131985,0.506819,18767.214844
76,0.103241,0.513435,19016.671875
77,0.117235,0.528656,19266.267578
78,0.133256,0.548146,19515.761719
79,0.011969,0.574261,19765.396484
80,0.767237,0.579435,20014.902344
81,0.685231,0.568428,20264.521484
82,0.634463,0.558535,20513.976562
83,0.564537,0.556471,20796.871094
84,0.501753,0.543452,21029.904297
85,0.453357,0.523587,21279.339844
86,0.428375,0.503580,21545.617188
87,0.415731,0.475899,21778.458984
88,0.409199,0.477732,22028.076172
89,0.406471,0.481053,22277.648438
90,0.408372,0.485716,22527.226562
91,0.411320,0.492154,22776.699219
92,0.417576,0.492084,23009.687500
93,0.457667,0.490954,23259.189453
94,0.509424,0.477074,23508.833984
95,0.548242,0.462513,23791.679688
96,0.577462,0.460625,24041.162109
97,0.604951,0.464444,24274.195312
98,0.637447,0.462678,24523.689453
99,0.664113,0.459812,24773.273438
0,0.750079,0.444192,-0.029507
1,0.749381,0.448258,266.066010
2,0.746874,0.461442,515.721619
3,0.752407,0.485748,765.213928
4,0.778499,0.503748,1014.847229
5,0.796550,0.522002,1264.275635
6,0.801369,0.539292,1513.900024
7,0.805302,0.549850,1763.394043
8,0.811511,0.551307,2013.072876
9,0.832598,0.541812,2262.629883
10,0.846703,0.533626,2512.211914
11,0.854319,0.525067,2761.805420
12,0.876792,0.514562,3011.243652
13,0.893321,0.508097,3260.936035
14,0.905109,0.480861,3510.367920
15,0.912618,0.463197,3759.975830
16,0.921333,0.453893,4009.477051
17,0.929773,0.450441,4259.205566
18,0.934922,0.447330,4508.664062
19,0.963853,0.458498,4758.208496
20,0.000737,0.474881,5007.765625
21,0.021223,0.480507,5257.366211
22,0.042511,0.470520,5506.898438
23,0.057703,0.463779,5756.443359
24,0.070035,0.467829,6006.090332
25,0.092003,0.476660,6255.653809
26,0.115735,0.474437,6505.225098
27,0.128515,0.464265,6754.716309
28,0.137605,0.449280,7004.373535
29,0.145264,0.444709,7253.866211
30,0.153463,0.459788,7520.044922
31,0.156542,0.469392,7769.664062
32,0.167700,0.476054,8019.212891
33,0.188345,0.485801,8268.852539
34,0.199865,0.490117,8518.330078
35,0.217447,0.487590,8767.943359
36,0.238268,0.483468,9017.441406
37,0.257626,0.479946,9267.049805
38,0.266446,0.496284,9516.500977
39,0.251621,0.509483,9766.196289
40,0.235967,0.519221,10015.613281
41,0.228533,0.518096,10265.269531
42,0.231951,0.524843,10548.158203
43,0.224460,0.542097,10797.603516
44,0.242602,0.550464,11047.230469
45,0.289919,0.571090,11280.145508
46,0.320057,0.569017,11529.714844
47,0.336820,0.555686,11779.250000
48,0.353066,0.534082,12012.251953
49,0.361934,0.517396,12261.729492
50,0.369720,0.515493,12544.613281
51,0.380864,0.510278,12777.474609
52,0.394409,0.510314,13027.122070
53,0.415138,0.512286,13276.708984
54,0.439049,0.508590,13526.250977
55,0.460681,0.513064,13759.209961
56,0.472843,0.512772,14008.731445
57,0.479112,0.512459,14274.931641
58,0.485279,0.507048,14524.457031
59,0.497421,0.500598,14757.469727
60,0.499465,0.488636,15006.903320
61,0.491812,0.490307,15256.536133
62,0.478855,0.486627,15506.076172
63,0.466520,0.447344,15755.656250
64,0.457584,0.441215,16005.135742
65,0.436889,0.457742,16254.754883
66,0.422555,0.482285,16504.318359
67,0.449696,0.499656,16837.160156
68,0.469351,0.514628,17069.984375
69,0.470114,0.528482,17319.671875
70,0.434925,0.535738,17569.121094
71,0.400542,0.532529,17801.970703
72,0.375763,0.523134,18051.593750
73,0.352656,0.520923,18301.279297
74,0.331468,0.520885,18534.113281
75,0.314730,0.519953,18783.791016
76,0.294960,0.516353,19033.238281
77,0.269115,0.517729,19282.839844
78,0.247212,0.516789,19532.363281
79,0.229367,0.511032,19765.357422
80,0.214111,0.509603,20014.867188
81,0.200326,0.511120,20264.492188
82,0.186564,0.512358,20513.976562
83,0.171974,0.516137,20763.601562
84,0.157262,0.519259,21029.718750
85,0.140965,0.520096,21279.335938
86,0.128283,0.517634,21528.777344
87,0.112792,0.512685,21778.416016
88,0.093748,0.507711,22028.027344
89,0.076138,0.494733,22277.576172
90,0.070061,0.493256,22543.783203
91,0.064201,0.497514,22776.675781
92,0.053757,0.502553,23026.330078
93,0.047577,0.507373,23259.126953
94,0.042496,0.508713,23508.767578
95,0.041020,0.508013,23758.240234
96,0.043670,0.506127,24007.882812
97,0.038154,0.508256,24257.416016
98,0.029788,0.509318,24506.988281
99,0.027002,0.510665,24756.490234
0,0.749284,0.468800,0.007721
1,0.748187,0.470420,266.205811
2,0.747368,0.474502,515.795288
3,0.746524,0.490639,765.390381
4,0.748657,0.511058,1014.929443
5,0.765446,0.528792,1264.444824
6,0.785012,0.528736,1514.041870
7,0.809418,0.522065,1763.590942
8,0.835479,0.516683,2013.165283
9,0.856222,0.513725,2262.696777
10,0.873885,0.508189,2512.268799
11,0.890384,0.500131,2761.859619
12,0.911117,0.496615,3011.395020
13,0.927844,0.493128,3260.969727
14,0.933714,0.498759,3510.556641
15,0.941637,0.502703,3760.091309
16,0.961349,0.507337,4009.670166
17,0.970979,0.510133,4259.228516
18,0.976069,0.511449,4508.799316
19,0.989972,0.512098,4758.363770
20,0.007169,0.507254,5007.915039
21,0.022071,0.505225,5257.486816
22,0.037759,0.503488,5507.037109
23,0.061648,0.504620,5756.606934
24,0.079404,0.501125,6006.160156
25,0.095019,0.497786,6255.729004
26,0.114021,0.495425,6505.296387
27,0.133222,0.484875,6754.860352
28,0.150924,0.469012,7004.432617
29,0.163897,0.472401,7253.998535
30,0.175792,0.485347,7503.552734
31,0.182174,0.489630,7753.137695
32,0.180628,0.490550,8002.695801
33,0.172146,0.491973,8252.232422
34,0.146174,0.486117,8501.807617
35,0.111100,0.482606,8751.374023
36,0.067014,0.474727,9000.933594
37,0.018528,0.462166,9250.497070
38,0.970175,0.451512,9500.072266
39,0.921549,0.442403,9766.265625
40,0.873844,0.437582,10015.836914
41,0.831118,0.447533,10265.396484
42,0.785751,0.457629,10514.950195
43,0.743692,0.468121,10764.515625
44,0.708557,0.469665,11014.112305
45,0.676167,0.467121,11263.651367
46,0.651676,0.465919,11513.252930
47,0.627191,0.464015,11779.450195
48,0.600337,0.458063,12012.352539
49,0.577423,0.455010,12261.895508
50,0.559193,0.454533,12511.461914
51,0.537422,0.456815,12761.063477
52,0.520799,0.460496,13010.590820
53,0.506208,0.480530,13260.143555
54,0.489163,0.496760,13509.722656
55,0.437759,0.506288,13759.305664
56,0.400078,0.512871,14008.842773
57,0.371394,0.512293,14258.414062
58,0.345181,0.507297,14507.977539
59,0.322188,0.506264,14757.563477
60,0.303504,0.508422,15007.152344
61,0.290570,0.514283,15256.699219
62,0.294626,0.518557,15506.212891
63,0.307395,0.516921,15755.821289
64,0.315129,0.520879,16005.365234
65,0.317958,0.530777,16254.937500
66,0.321208,0.549067,16504.492188
67,0.332587,0.601897,16754.048828
68,0.350879,0.659684,17003.642578
69,0.372519,0.711202,17253.173828
70,0.395085,0.730458,17502.757812
71,0.417252,0.738614,17752.341797
72,0.433485,0.740682,18001.888672
73,0.450917,0.736287,18251.437500
74,0.479084,0.729081,18500.994141
75,0.512267,0.723413,18750.578125
76,0.545439,0.722966,19000.113281
77,0.579163,0.721119,19266.363281
78,0.612497,0.719263,19515.929688
79,0.649591,0.715243,19765.453125
80,0.690322,0.710003,20015.013672
81,0.748768,0.694095,20264.609375
82,0.787936,0.689032,20514.136719
83,0.833247,0.680451,20763.734375
84,0.859775,0.681032,21013.283203
85,0.883205,0.683867,21262.849609
86,0.914484,0.689297,21512.414062
87,0.950007,0.697625,21761.984375
88,0.987104,0.702363,22011.539062
89,0.012002,0.700492,22261.097656
90,0.032012,0.706960,22510.669922
91,0.052625,0.713408,22760.236328
92,0.067258,0.720596,23009.789062
93,0.067309,0.736871,23259.361328
94,0.052513,0.740571,23508.945312
95,0.017718,0.724221,23758.494141
96,0.983463,0.722247,24008.056641
97,0.935700,0.762081,24257.619141
98,0.868782,0.785762,24507.167969
99,0.793743,0.768207,24756.753906
0,0.742087,0.530769,0.025492
1,0.751536,0.553323,266.229431
2,0.722000,0.551394,515.752991
3,0.668955,0.530648,765.416382
4,0.625241,0.491460,1014.896790
5,0.569773,0.495116,1264.455811
6,0.501732,0.530091,1514.045898
7,0.540481,0.526568,1763.600586
8,0.684945,0.518318,2013.216675
9,0.824935,0.507970,2262.696289
10,0.880652,0.492803,2512.308350
11,0.914475,0.475919,2761.886230
12,0.947429,0.464876,3011.389160
13,0.974161,0.469066,3261.041016
14,0.997688,0.482892,3510.561035
15,0.032964,0.511980,3760.148193
16,0.062540,0.536769,4009.644043
17,0.094989,0.549447,4259.304688
18,0.140980,0.534449,4508.824707
19,0.168331,0.490229,4758.353516
20,0.176629,0.479221,5007.984863
21,0.172814,0.483536,5257.539062
22,0.169975,0.490210,5507.093750
23,0.174181,0.495691,5756.607910
24,0.172427,0.497103,6006.273926
25,0.161093,0.509795,6255.791016
26,0.142435,0.532869,6505.317871
27,0.119805,0.530465,6754.895508
28,0.100712,0.527647,7004.460449
29,0.087485,0.524418,7254.092285
30,0.070571,0.522315,7503.553711
31,0.042799,0.518326,7753.229004
32,0.004946,0.511177,8002.689453
33,0.958401,0.500592,8252.235352
34,0.910923,0.486591,8501.854492
35,0.863427,0.475824,8751.448242
36,0.825457,0.472232,9001.021484
37,0.801754,0.472301,9250.500977
38,0.781417,0.467911,9500.116211
39,0.762269,0.457863,9766.343750
40,0.734848,0.447896,10015.868164
41,0.704398,0.442460,10265.427734
42,0.675161,0.441419,10515.008789
43,0.647872,0.447703,10764.541992
44,0.609244,0.454195,11014.134766
45,0.566345,0.458119,11263.643555
46,0.525762,0.465252,11513.302734
47,0.474811,0.474754,11762.763672
48,0.431321,0.479045,12012.362305
49,0.401357,0.490626,12261.884766
50,0.351271,0.518687,12511.477539
51,0.309869,0.533627,12761.060547
52,0.289121,0.549184,13010.616211
53,0.285135,0.552945,13260.263672
54,0.291165,0.572054,13509.750977
55,0.323431,0.619344,13759.344727
56,0.393680,0.687254,14008.839844
57,0.438921,0.754067,14258.447266
58,0.413853,0.792445,14508.031250
59,0.339654,0.800536,14757.562500
60,0.336625,0.802508,15007.137695
61,0.384925,0.791522,15256.676758
62,0.440706,0.776747,15522.894531
63,0.493032,0.765319,15755.806641
64,0.554407,0.756363,16005.430664
65,0.639996,0.757939,16254.918945
66,0.703312,0.758922,16504.492188
67,0.765253,0.756829,16754.060547
68,0.812698,0.754951,17003.667969
69,0.844760,0.753833,17253.203125
70,0.874851,0.755233,17502.882812
71,0.902943,0.753908,17752.359375
72,0.922449,0.752600,18001.929688
73,0.934083,0.750264,18251.535156
74,0.892152,0.714554,18501.025391
75,0.843933,0.656440,18750.673828
76,0.817052,0.623024,19000.136719
77,0.794412,0.558718,19266.369141
78,0.770641,0.487997,19515.972656
79,0.739185,0.445360,19765.503906
80,0.726824,0.417343,20015.033203
81,0.723063,0.394080,20264.605469
82,0.701429,0.411668,20514.207031
83,0.668475,0.452375,20763.806641
84,0.640363,0.481836,21013.322266
85,0.627771,0.508124,21262.878906
86,0.643380,0.506808,21512.441406
87,0.667544,0.492790,21762.003906
88,0.659275,0.486106,22011.537109
89,0.637950,0.483846,22261.103516
90,0.611604,0.471231,22510.699219
91,0.560402,0.454834,22760.238281
92,0.536022,0.429898,23009.783203
93,0.539703,0.380079,23259.345703
94,0.544000,0.327348,23508.955078
95,0.540941,0.304693,23758.466797
96,0.560879,0.336045,24008.083984
97,0.600939,0.412843,24257.630859
98,0.632504,0.472937,24507.212891
99,0.656739,0.494148,24756.767578
0,0.754707,0.496113,-0.000962
1,0.757326,0.494256,266.199463
2,0.757410,0.492127,515.861694
3,0.754722,0.486746,765.349731
4,0.745550,0.477309,1014.929321
5,0.722275,0.494781,1264.492065
6,0.696289,0.492712,1514.077515
7,0.675339,0.417358,1763.680176
8,0.664831,0.368943,2013.146240
9,0.655763,0.348986,2262.769043
10,0.649810,0.345599,2512.279785
11,0.669978,0.341364,2761.835693
12,0.684894,0.297470,3011.439941
13,0.695787,0.253955,3260.999023
14,0.732218,0.241437,3510.656006
15,0.787616,0.276765,3760.111328
16,0.834209,0.332752,4009.686523
17,0.863316,0.373711,4259.210938
18,0.896289,0.397228,4508.811035
19,0.927647,0.404339,4758.356445
20,0.960917,0.424368,5007.920898
21,0.000876,0.440191,5257.478516
22,0.028535,0.452174,5507.062012
23,0.044513,0.442381,5756.593750
24,0.058080,0.424080,6006.175781
25,0.068261,0.418005,6255.759766
26,0.073487,0.414136,6505.306152
27,0.084072,0.420956,6754.863770
28,0.097440,0.428258,7004.433105
29,0.103573,0.437612,7253.999512
30,0.103502,0.461377,7503.548828
31,0.100985,0.485033,7753.130371
32,0.099345,0.499851,8002.686523
33,0.097883,0.507121,8252.269531
34,0.093353,0.505286,8501.836914
35,0.078861,0.510031,8751.382812
36,0.058119,0.513193,9000.949219
37,0.024656,0.515607,9250.506836
38,0.958492,0.508584,9500.100586
39,0.918764,0.499830,9766.251953
40,0.864694,0.506635,10015.884766
41,0.810021,0.499613,10265.438477
42,0.773202,0.497049,10514.993164
43,0.731335,0.494142,10764.517578
44,0.695977,0.502539,11014.085938
45,0.664388,0.514180,11263.637695
46,0.633733,0.513229,11513.251953
47,0.597909,0.535344,11762.770508
48,0.568602,0.656093,12012.383789
49,0.537302,0.751599,12261.928711
50,0.475642,0.824804,12511.505859
51,0.398501,0.842934,12761.037109
52,0.352538,0.842429,13010.607422
53,0.342920,0.847712,13260.175781
54,0.366628,0.852430,13509.715820
55,0.399674,0.858038,13759.307617
56,0.436487,0.865438,14008.861328
57,0.484375,0.866933,14258.470703
58,0.547457,0.869896,14508.002930
59,0.621637,0.873605,14757.583008
60,0.704596,0.875204,15007.102539
61,0.778954,0.868051,15256.690430
62,0.852677,0.860623,15506.231445
63,0.907241,0.855366,15755.806641
64,0.944218,0.846004,16005.357422
65,0.945843,0.843870,16254.938477
66,0.929591,0.847684,16504.503906
67,0.900534,0.845708,16754.072266
68,0.858387,0.832650,17003.613281
69,0.818487,0.798956,17253.181641
70,0.781992,0.720673,17502.740234
71,0.747178,0.587230,17752.320312
72,0.708014,0.504924,18001.884766
73,0.682513,0.463145,18251.462891
74,0.663807,0.446681,18501.009766
75,0.654538,0.427966,18750.568359
76,0.642710,0.409470,19000.130859
77,0.622607,0.411776,19266.322266
78,0.601257,0.429726,19515.917969
79,0.593396,0.431148,19765.470703
80,0.594788,0.435202,20015.025391
81,0.591533,0.438288,20264.585938
82,0.587174,0.430595,20514.150391
83,0.584845,0.433734,20763.707031
84,0.561072,0.430433,21013.273438
85,0.535292,0.436499,21262.849609
86,0.509350,0.437467,21512.433594
87,0.490124,0.439082,21761.978516
88,0.475044,0.445316,22011.535156
89,0.463483,0.453593,22261.099609
90,0.452196,0.464748,22510.695312
91,0.433993,0.470950,22760.224609
92,0.422673,0.473849,23009.810547
93,0.421488,0.478655,23259.376953
94,0.425055,0.483460,23508.935547
95,0.437310,0.483233,23758.488281
96,0.462306,0.484132,24008.070312
97,0.520410,0.477007,24257.628906
98,0.624530,0.467950,24507.185547
99,0.721060,0.462705,24756.734375
0,0.750013,0.585096,-0.001600
1,0.749897,0.585230,266.235199
2,0.750002,0.585325,515.813293
3,0.749676,0.584851,765.342957
4,0.751419,0.582125,1014.953308
5,0.766197,0.574130,1264.468262
6,0.769946,0.566173,1514.101196
7,0.767995,0.547732,1763.631836
8,0.763831,0.536428,2013.210205
9,0.738007,0.544046,2262.802490
10,0.710746,0.547318,2512.339844
11,0.690944,0.551674,2761.919678
12,0.675244,0.556879,3011.408936
13,0.655883,0.565593,3261.028076
14,0.627991,0.568721,3510.571533
15,0.592555,0.565102,3760.108398
16,0.557504,0.560603,4009.748535
17,0.536717,0.556331,4259.334961
18,0.519927,0.556383,4508.880371
19,0.494513,0.549218,4758.368652
20,0.488465,0.545332,5007.967285
21,0.498470,0.533993,5257.484863
22,0.503281,0.520455,5507.067871
23,0.499273,0.511717,5756.610840
24,0.510366,0.512836,6006.225586
25,0.538594,0.517811,6255.729004
26,0.579316,0.526527,6505.391113
27,0.611211,0.533349,6754.939453
28,0.636764,0.533326,7004.452148
29,0.656762,0.525005,7254.051270
30,0.675349,0.527730,7503.580566
31,0.695860,0.533307,7753.228027
32,0.717939,0.536467,8002.706055
33,0.743605,0.546053,8252.273438
34,0.767142,0.548923,8501.832031
35,0.788967,0.549304,8751.444336
36,0.814250,0.552299,9000.968750
37,0.841579,0.555066,9250.556641
38,0.875762,0.553799,9500.178711
39,0.905973,0.554919,9766.389648
40,0.933477,0.556483,10015.833008
41,0.961464,0.557498,10265.403320
42,0.984656,0.560863,10515.034180
43,0.007908,0.561685,10764.513672
44,0.029655,0.559149,11014.157227
45,0.044235,0.558979,11263.736328
46,0.049071,0.560481,11513.324219
47,0.049447,0.555034,11762.836914
48,0.044668,0.547272,12012.356445
49,0.027961,0.528392,12261.910156
50,0.986803,0.484016,12511.521484
51,0.932437,0.420125,12761.038086
52,0.894635,0.375988,13010.625000
53,0.875491,0.347120,13260.238281
54,0.859017,0.334930,13509.869141
55,0.816482,0.312699,13759.294922
56,0.789549,0.305681,14008.906250
57,0.759347,0.352503,14258.497070
58,0.741680,0.416848,14507.982422
59,0.742525,0.444700,14757.586914
60,0.766961,0.460937,15007.109375
61,0.795938,0.489814,15256.695312
62,0.816224,0.527870,15506.237305
63,0.806852,0.537973,15755.858398
64,0.787561,0.539560,16005.377930
65,0.766031,0.538836,16254.968750
66,0.738744,0.537490,16504.509766
67,0.709029,0.535984,16754.101562
68,0.670135,0.534150,17003.667969
69,0.619266,0.536266,17253.191406
70,0.585523,0.525341,17502.880859
71,0.549703,0.523635,17752.390625
72,0.531774,0.536214,18001.916016
73,0.529705,0.545363,18251.470703
74,0.535886,0.544884,18501.121094
75,0.542901,0.547583,18750.583984
76,0.551896,0.549904,19000.148438
77,0.569217,0.549275,19266.349609
78,0.597566,0.547710,19515.955078
79,0.631988,0.548422,19765.544922
80,0.670052,0.550991,20015.105469
81,0.705944,0.549808,20264.601562
82,0.735738,0.547744,20514.230469
83,0.775212,0.549981,20763.755859
84,0.816948,0.551184,21013.294922
85,0.840004,0.548632,21262.847656
86,0.853967,0.546278,21512.447266
87,0.865941,0.545455,21761.982422
88,0.878426,0.546934,22011.566406
89,0.894246,0.547440,22261.125000
90,0.908693,0.549343,22510.716797
91,0.922896,0.548602,22760.220703
92,0.937045,0.548366,23009.832031
93,0.939385,0.551834,23259.353516
94,0.934475,0.552746,23508.941406
95,0.926433,0.555377,23758.476562
96,0.915123,0.556676,24008.138672
97,0.903619,0.558659,24257.650391
98,0.892127,0.561001,24507.177734
99,0.881977,0.561147,24756.804688
0,0.749970,0.505976,-0.011871
1,0.748082,0.529805,266.169800
2,0.745782,0.527243,515.803284
3,0.747492,0.517207,765.254395
4,0.773881,0.490295,1014.857361
5,0.828323,0.460081,1264.404663
6,0.873178,0.447536,1514.046631
7,0.903811,0.444060,1763.542358
8,0.919553,0.432674,2013.138916
9,0.916926,0.424754,2262.676025
10,0.910912,0.419071,2512.211426
11,0.836249,0.415211,2761.852051
12,0.716415,0.404365,3011.328125
13,0.646648,0.404602,3260.889404
14,0.602637,0.406897,3510.476562
15,0.589043,0.417613,3760.156494
16,0.576794,0.429113,4009.642090
17,0.540722,0.446301,4259.151855
18,0.517183,0.460153,4508.717773
19,0.494727,0.473800,4758.293457
20,0.465629,0.481419,5007.857910
21,0.439248,0.482686,5257.409668
22,0.425880,0.486168,5506.961914
23,0.414829,0.490374,5756.534668
24,0.405860,0.487350,6006.113281
25,0.383686,0.473779,6255.653809
26,0.351590,0.467197,6505.229492
27,0.319804,0.464838,6754.812500
28,0.291290,0.466025,7004.395508
29,0.264215,0.464594,7253.918457
30,0.238861,0.464214,7503.484863
31,0.221861,0.465660,7753.039551
32,0.209615,0.452021,8002.625488
33,0.200691,0.432937,8252.199219
34,0.184633,0.432157,8501.747070
35,0.160229,0.435782,8751.324219
36,0.147049,0.435866,9000.862305
37,0.144486,0.431335,9250.430664
38,0.143813,0.428771,9500.009766
39,0.146078,0.431443,9766.248047
40,0.149263,0.437707,10015.763672
41,0.151334,0.443156,10265.331055
42,0.151782,0.448179,10514.910156
43,0.150382,0.451214,10764.459961
44,0.150382,0.452552,11014.002930
45,0.151206,0.456380,11263.581055
46,0.156072,0.461488,11513.137695
47,0.171340,0.465810,11762.714844
48,0.193473,0.469147,12012.280273
49,0.217950,0.470011,12261.838867
50,0.249707,0.466045,12511.415039
51,0.279833,0.462310,12760.973633
52,0.301980,0.462744,13010.521484
53,0.327394,0.455707,13260.090820
54,0.361607,0.446078,13509.662109
55,0.378694,0.438560,13759.221680
56,0.372940,0.440129,14008.779297
57,0.366144,0.445359,14258.353516
58,0.364832,0.447739,14507.913086
59,0.366681,0.448523,14757.477539
60,0.379407,0.449363,15007.041016
61,0.397463,0.452635,15256.593750
62,0.420163,0.453532,15506.155273
63,0.444515,0.449489,15755.761719
64,0.471867,0.441315,16005.326172
65,0.494214,0.441094,16254.864258
66,0.511866,0.445837,16504.449219
67,0.521135,0.446699,16753.996094
68,0.536033,0.447455,17003.542969
69,0.571419,0.453437,17253.128906
70,0.603840,0.447193,17502.669922
71,0.629843,0.438383,17752.279297
72,0.648265,0.417275,18001.826172
73,0.666448,0.399425,18251.392578
74,0.689919,0.383324,18500.960938
75,0.703940,0.378272,18750.501953
76,0.696981,0.383016,19000.058594
77,0.652534,0.388275,19266.273438
78,0.495653,0.419386,19515.833984
79,0.338482,0.473013,19765.417969
80,0.283781,0.486513,20014.962891
81,0.256997,0.482515,20264.511719
82,0.244492,0.477199,20514.078125
83,0.240336,0.476444,20763.638672
84,0.243035,0.482069,21013.214844
85,0.270407,0.481634,21262.781250
86,0.373729,0.483954,21512.359375
87,0.482076,0.479918,21761.923828
88,0.577763,0.465219,22011.503906
89,0.629897,0.445030,22261.029297
90,0.651769,0.427387,22510.587891
91,0.670116,0.415652,22760.138672
92,0.685702,0.409081,23009.710938
93,0.700786,0.408681,23259.322266
94,0.710604,0.400341,23508.857422
95,0.710189,0.391964,23758.488281
96,0.712568,0.393247,24007.992188
97,0.743327,0.398103,24257.541016
98,0.786296,0.409545,24507.093750
99,0.799675,0.420809,24756.689453
0,0.749864,0.580843,-0.027605
1,0.750698,0.581149,266.211243
2,0.762808,0.576690,515.818665
3,0.770264,0.568251,765.351257
4,0.764783,0.569192,1014.873047
5,0.774888,0.554166,1264.418823
6,0.812108,0.523893,1513.980835
7,0.840912,0.517045,1763.567383
8,0.865220,0.508785,2013.171021
9,0.899309,0.505293,2262.767578
10,0.941854,0.508811,2512.258789
11,0.982113,0.513373,2761.913574
12,0.012449,0.517932,3011.376221
13,0.036581,0.517201,3260.942627
14,0.056721,0.520376,3510.560791
15,0.080576,0.527723,3760.057617
16,0.096933,0.534538,4009.665283
17,0.109974,0.534570,4259.250000
18,0.126938,0.530176,4508.862793
19,0.148568,0.527396,4758.320312
20,0.181364,0.530385,5007.892578
21,0.207041,0.532850,5257.461426
22,0.205646,0.547947,5507.064453
23,0.230519,0.551174,5756.631348
24,0.276613,0.534814,6006.157715
25,0.305212,0.522801,6255.721191
26,0.326208,0.519527,6505.271484
27,0.357494,0.521153,6754.939941
28,0.390606,0.524548,7004.435059
29,0.422786,0.526189,7253.984863
30,0.447359,0.525030,7503.531250
31,0.473789,0.525496,7753.103516
32,0.501078,0.530671,8002.685547
33,0.515788,0.516784,8252.238281
34,0.525176,0.498530,8501.829102
35,0.548419,0.508061,8751.375977
36,0.566616,0.513709,9017.584961
37,0.582548,0.513640,9250.489258
38,0.599077,0.513666,9500.141602
39,0.613708,0.517006,9766.293945
40,0.624538,0.538374,10015.836914
41,0.641794,0.571625,10265.379883
42,0.635235,0.703983,10515.013672
43,0.579210,0.805820,10764.491211
44,0.526880,0.853020,11014.057617
45,0.495990,0.874511,11263.635742
46,0.461092,0.854842,11513.303711
47,0.420340,0.837120,11762.795898
48,0.358530,0.827461,12012.324219
49,0.289167,0.812111,12261.914062
50,0.301717,0.820441,12511.486328
51,0.369266,0.824795,12761.071289
52,0.455802,0.820148,13010.562500
53,0.539659,0.813562,13260.151367
54,0.622932,0.804670,13509.742188
55,0.687877,0.803442,13759.282227
56,0.745897,0.812326,14008.827148
57,0.785930,0.807978,14258.411133
58,0.817430,0.808073,14508.014648
59,0.835135,0.812034,14757.516602
60,0.813625,0.800377,15007.115234
61,0.767150,0.738911,15256.668945
62,0.729869,0.617682,15506.229492
63,0.721174,0.539281,15755.852539
64,0.713500,0.514699,16005.373047
65,0.718750,0.516474,16254.926758
66,0.732622,0.521404,16504.451172
67,0.752989,0.527104,16754.085938
68,0.769303,0.536663,17003.597656
69,0.751702,0.536411,17253.152344
70,0.717634,0.518284,17502.765625
71,0.695193,0.498018,17752.326172
72,0.677027,0.498325,18001.857422
73,0.658252,0.497294,18251.419922
74,0.635026,0.508511,18501.085938
75,0.602718,0.513740,18750.574219
76,0.553494,0.511570,19000.107422
77,0.504781,0.510774,19266.316406
78,0.479616,0.498337,19515.884766
79,0.471087,0.508487,19765.558594
80,0.473140,0.520660,20015.037109
81,0.474239,0.532611,20264.570312
82,0.465904,0.533032,20514.162109
83,0.442510,0.535993,20763.710938
84,0.410250,0.541306,21013.265625
85,0.387175,0.528751,21262.824219
86,0.374069,0.527509,21512.439453
87,0.354318,0.537185,21761.937500
88,0.330293,0.539313,22011.513672
89,0.306200,0.541083,22261.083984
90,0.289279,0.542042,22510.625000
91,0.269771,0.543024,22760.218750
92,0.247062,0.538817,23009.812500
93,0.226489,0.539070,23259.369141
94,0.212039,0.540187,23508.910156
95,0.205883,0.538468,23758.457031
96,0.211840,0.535737,24008.015625
97,0.229081,0.539702,24257.582031
98,0.259073,0.544722,24507.146484
99,0.291197,0.546753,24756.720703
0,0.750069,0.465991,-0.078191
1,0.750190,0.466913,266.141296
2,0.750506,0.466909,515.666321
3,0.751481,0.467824,781.905457
4,0.775390,0.470283,1014.826538
5,0.792519,0.469650,1264.413086
6,0.810550,0.471272,1514.021362
7,0.839552,0.468639,1763.475464
8,0.864321,0.479330,2013.079956
9,0.887103,0.476612,2262.598389
10,0.904651,0.478015,2512.189453
11,0.923688,0.475516,2761.770508
12,0.938908,0.473638,3011.293945
13,0.959115,0.474317,3260.973145
14,0.979476,0.479216,3510.451660
15,0.984982,0.477919,3760.082764
16,0.951000,0.472808,4009.559570
17,0.919608,0.462109,4259.137207
18,0.902902,0.455058,4508.684082
19,0.887637,0.450678,4758.267090
20,0.873514,0.448035,5007.871094
21,0.852487,0.443006,5257.355957
22,0.826158,0.437158,5507.036133
23,0.789451,0.431064,5756.542969
24,0.753831,0.429621,6006.083496
25,0.722766,0.423208,6255.677734
26,0.702680,0.420863,6505.262207
27,0.687352,0.416867,6754.808105
28,0.676493,0.416282,7004.303223
29,0.665475,0.414415,7253.966309
30,0.655640,0.414513,7503.525391
31,0.646491,0.415773,7753.019531
32,0.639542,0.416127,8002.642090
33,0.636430,0.419345,8252.211914
34,0.641454,0.424806,8501.735352
35,0.642627,0.434810,8751.276367
36,0.647108,0.434900,9000.817383
37,0.647587,0.437539,9250.446289
38,0.631385,0.436693,9516.642578
39,0.598362,0.441972,9766.149414
40,0.560152,0.448958,10015.754883
41,0.528554,0.450594,10265.380859
42,0.503382,0.454919,10514.871094
43,0.484292,0.459076,10764.428711
44,0.466225,0.464555,11014.018555
45,0.425608,0.465328,11263.617188
46,0.383152,0.468125,11513.156250
47,0.342614,0.463420,11762.713867
48,0.304483,0.459288,12012.235352
49,0.271176,0.464869,12261.879883
50,0.242940,0.464642,12511.352539
51,0.215798,0.463133,12760.959961
52,0.191925,0.463138,13010.529297
53,0.189300,0.454333,13260.053711
54,0.198336,0.449316,13509.652344
55,0.207256,0.449139,13759.182617
56,0.213702,0.452809,14008.781250
57,0.217615,0.455253,14258.328125
58,0.227506,0.455854,14507.926758
59,0.264873,0.444330,14757.505859
60,0.307768,0.446340,15007.083008
61,0.339803,0.450938,15256.601562
62,0.361731,0.451633,15506.178711
63,0.368927,0.452591,15755.739258
64,0.379731,0.452527,16005.257812
65,0.397038,0.453542,16254.849609
66,0.404572,0.459785,16504.380859
67,0.419482,0.463440,16753.962891
68,0.434304,0.463313,17003.507812
69,0.439885,0.471019,17253.099609
70,0.449488,0.470156,17502.671875
71,0.461855,0.476076,17752.218750
72,0.474515,0.472353,18001.767578
73,0.484852,0.475199,18251.328125
74,0.495776,0.472235,18500.906250
75,0.513847,0.471649,18750.451172
76,0.533446,0.463950,19000.046875
77,0.544751,0.459544,19266.222656
78,0.557304,0.454039,19515.787109
79,0.568037,0.451308,19765.365234
80,0.576887,0.448961,20014.904297
81,0.587210,0.450825,20264.472656
82,0.595879,0.451865,20514.062500
83,0.601559,0.451660,20763.628906
84,0.621023,0.451093,21013.181641
85,0.639306,0.447440,21262.769531
86,0.648471,0.445552,21512.304688
87,0.653545,0.439452,21761.859375
88,0.652312,0.437455,22011.423828
89,0.643690,0.437519,22261.005859
90,0.631390,0.436904,22510.566406
91,0.619165,0.436020,22760.144531
92,0.620580,0.433043,23009.677734
93,0.638159,0.433826,23259.275391
94,0.657631,0.435791,23508.832031
95,0.667592,0.436360,23758.400391
96,0.667024,0.438222,24007.945312
97,0.661735,0.439708,24257.498047
98,0.648390,0.441399,24507.050781
99,0.639708,0.437679,24756.634766
0,0.749935,0.584872,0.051863
1,0.749065,0.582088,266.204773
2,0.745067,0.565542,515.907166
3,0.745561,0.541858,765.333679
4,0.749453,0.492936,1014.958679
5,0.756239,0.451749,1264.497192
6,0.762212,0.438968,1514.042725
7,0.783960,0.440816,1763.601685
8,0.799688,0.444282,2013.207886
9,0.812797,0.449767,2262.797607
10,0.825066,0.451631,2512.277588
11,0.835146,0.452717,2761.953369
12,0.844432,0.458484,3011.416992
13,0.855914,0.466514,3261.017822
14,0.871029,0.476004,3510.623779
15,0.901328,0.477315,3760.214600
16,0.943631,0.480540,4009.681396
17,0.967699,0.483646,4259.245117
18,0.986889,0.489979,4508.862793
19,0.999452,0.496765,4758.383789
20,0.007713,0.504712,5007.933594
21,0.024171,0.508255,5257.520996
22,0.051778,0.501851,5507.106934
23,0.072935,0.484499,5756.619629
24,0.084200,0.469511,6006.196289
25,0.088959,0.465753,6255.795410
26,0.091203,0.470386,6505.361816
27,0.097480,0.477473,6754.861328
28,0.102144,0.479958,7004.508789
29,0.108083,0.482248,7254.071777
30,0.127583,0.482481,7503.615234
31,0.144334,0.489424,7753.130859
32,0.148782,0.496498,8002.763672
33,0.146479,0.493013,8252.310547
34,0.143293,0.489298,8501.824219
35,0.140042,0.488406,8751.477539
36,0.136604,0.491793,9001.001953
37,0.134798,0.491021,9250.555664
38,0.135195,0.493398,9500.081055
39,0.136189,0.496519,9766.297852
40,0.149759,0.502287,10015.832031
41,0.177323,0.508198,10265.461914
42,0.188317,0.509476,10515.003906
43,0.185817,0.510008,10764.585938
44,0.180391,0.511405,11014.205078
45,0.173125,0.514565,11263.706055
46,0.161498,0.515591,11513.219727
47,0.147561,0.512741,11762.810547
48,0.137649,0.516423,12012.413086
49,0.128918,0.517851,12261.920898
50,0.121051,0.517760,12511.565430
51,0.116717,0.515395,12761.132812
52,0.109139,0.513126,13010.655273
53,0.073696,0.506911,13260.190430
54,0.039127,0.495049,13509.751953
55,0.014876,0.496232,13759.296875
56,0.973512,0.494238,14008.862305
57,0.917153,0.478697,14258.468750
58,0.882257,0.469347,14508.079102
59,0.867270,0.466831,14757.586914
60,0.861400,0.469608,15007.120117
61,0.838001,0.481901,15256.771484
62,0.799728,0.486647,15506.308594
63,0.738025,0.484521,15755.894531
64,0.707612,0.486257,16005.366211
65,0.708819,0.495711,16254.993164
66,0.701245,0.497846,16504.556641
67,0.701323,0.495161,16754.068359
68,0.697835,0.488737,17003.675781
69,0.687830,0.484415,17253.230469
70,0.677457,0.484981,17502.787109
71,0.673945,0.486988,17752.312500
72,0.673356,0.487509,18002.000000
73,0.668875,0.482278,18251.455078
74,0.672013,0.479502,18501.007812
75,0.671635,0.489996,18750.607422
76,0.667168,0.491988,19000.148438
77,0.658993,0.489887,19266.423828
78,0.654816,0.491603,19515.917969
79,0.655152,0.493239,19765.474609
80,0.651457,0.492039,20015.111328
81,0.649850,0.493385,20264.615234
82,0.644186,0.492328,20514.166016
83,0.631323,0.489095,20763.830078
84,0.627825,0.490110,21013.281250
85,0.630394,0.493607,21262.962891
86,0.630570,0.495352,21512.435547
87,0.630808,0.496928,21762.097656
88,0.631870,0.498443,22011.605469
89,0.633912,0.499981,22261.158203
90,0.639164,0.502960,22510.751953
91,0.648154,0.507333,22760.246094
92,0.658608,0.512327,23009.867188
93,0.668615,0.517304,23259.349609
94,0.675414,0.518724,23509.017578
95,0.678704,0.519316,23758.494141
96,0.678846,0.519386,24008.099609
97,0.679268,0.520592,24257.701172
98,0.676578,0.520398,24507.230469
99,0.672285,0.519687,24756.757812
0,0.750173,0.564667,-0.002032
1,0.750840,0.566608,266.180206
2,0.750285,0.565667,515.799927
3,0.749656,0.560223,765.320557
4,0.749836,0.558041,1014.883972
5,0.743884,0.557888,1264.461670
6,0.740157,0.558923,1514.097900
7,0.739602,0.559529,1763.588257
8,0.725205,0.559884,2013.107056
9,0.702572,0.553848,2262.722656
10,0.694874,0.551716,2512.268555
11,0.689740,0.550349,2761.812500
12,0.685747,0.550082,3011.424561
13,0.679415,0.551180,3260.971191
14,0.680413,0.552124,3510.559814
15,0.682821,0.551304,3760.068115
16,0.684746,0.551122,4009.656738
17,0.691272,0.553049,4259.237793
18,0.692096,0.553484,4508.812988
19,0.673029,0.550763,4758.357910
20,0.654258,0.548610,5007.914062
21,0.636390,0.549506,5257.494141
22,0.617968,0.549825,5507.024414
23,0.600167,0.548300,5756.612305
24,0.588974,0.547518,6006.192871
25,0.585643,0.547018,6255.696777
26,0.606606,0.554054,6505.338379
27,0.653421,0.563366,6754.900879
28,0.709707,0.571429,7004.445312
29,0.761588,0.573933,7253.969727
30,0.783900,0.570698,7503.584961
31,0.784382,0.570762,7753.188965
32,0.776559,0.581201,8002.750977
33,0.741647,0.628391,8252.206055
34,0.710007,0.622816,8501.880859
35,0.689197,0.599130,8751.387695
36,0.679563,0.583236,9000.910156
37,0.674903,0.564260,9250.517578
38,0.672644,0.556858,9500.111328
39,0.670827,0.546359,9766.246094
40,0.666178,0.544326,10015.879883
41,0.650515,0.544455,10265.414062
42,0.624919,0.551010,10515.041016
43,0.607732,0.560892,10764.491211
44,0.593942,0.567358,11014.068359
45,0.582042,0.574291,11263.700195
46,0.565986,0.582645,11513.189453
47,0.528042,0.581724,11762.830078
48,0.496097,0.570651,12012.298828
49,0.493349,0.560165,12261.992188
50,0.503253,0.551614,12511.482422
51,0.508609,0.547635,12761.011719
52,0.470079,0.556939,13010.621094
53,0.422166,0.560648,13260.124023
54,0.402133,0.557681,13509.744141
55,0.396548,0.554178,13759.284180
56,0.397455,0.548861,14008.884766
57,0.397108,0.543468,14258.387695
58,0.395110,0.543340,14507.966797
59,0.392232,0.545259,14757.531250
60,0.381817,0.546328,15007.085938
61,0.354834,0.547501,15256.666016
62,0.318261,0.543798,15506.230469
63,0.301530,0.543670,15755.772461
64,0.299564,0.546895,16005.330078
65,0.286365,0.548001,16254.929688
66,0.259116,0.551744,16504.474609
67,0.244834,0.556283,16754.035156
68,0.240765,0.558216,17003.597656
69,0.240089,0.559136,17253.167969
70,0.237735,0.560409,17502.751953
71,0.230901,0.557239,17752.291016
72,0.219576,0.538242,18001.865234
73,0.219211,0.536703,18251.441406
74,0.218637,0.537750,18500.988281
75,0.218568,0.538393,18750.546875
76,0.215578,0.545900,19000.150391
77,0.200244,0.606362,19266.324219
78,0.201638,0.705514,19515.892578
79,0.204699,0.749995,19765.484375
80,0.212418,0.785909,20015.011719
81,0.221030,0.799458,20264.576172
82,0.262505,0.806833,20514.148438
83,0.317808,0.820248,20763.718750
84,0.367950,0.826989,21013.281250
85,0.413150,0.825901,21262.816406
86,0.456648,0.820054,21512.414062
87,0.482271,0.816687,21761.960938
88,0.469897,0.823277,22011.529297
89,0.465752,0.829158,22261.109375
90,0.471925,0.836208,22510.630859
91,0.489864,0.843885,22760.208984
92,0.532451,0.851039,23009.777344
93,0.603204,0.836744,23259.341797
94,0.657830,0.822870,23508.892578
95,0.711971,0.812024,23758.476562
96,0.778616,0.800461,24008.062500
97,0.834762,0.794759,24257.613281
98,0.878904,0.795390,24507.154297
99,0.911298,0.792712,24756.732422
0,0.750040,0.564846,0.041569
1,0.749906,0.565297,266.305634
2,0.749466,0.565660,515.930603
3,0.747410,0.594667,765.494324
4,0.729035,0.703206,1015.032227
5,0.711071,0.803614,1264.581299
6,0.690823,0.861334,1514.078735
7,0.626425,0.884186,1763.762939
8,0.561697,0.888474,2013.199951
9,0.553784,0.901175,2262.797119
10,0.562803,0.908586,2512.416260
11,0.583437,0.913161,2761.958740
12,0.588578,0.924061,3011.533936
13,0.579389,0.932027,3261.054199
14,0.572304,0.936804,3510.697510
15,0.568506,0.943289,3760.160889
16,0.605754,0.952750,4009.768066
17,0.654215,0.952975,4259.375000
18,0.647135,0.952111,4508.956543
19,0.649983,0.938153,4758.421387
20,0.660035,0.921998,5007.973145
21,0.658902,0.910025,5257.632324
22,0.629582,0.905457,5507.137695
23,0.520846,0.896106,5756.727539
24,0.483349,0.884056,6006.314941
25,0.483790,0.914528,6255.850586
26,0.582552,0.909966,6505.351562
27,0.639001,0.762017,6754.919434
28,0.627179,0.587488,7004.541992
29,0.591177,0.519737,7254.074707
30,0.547819,0.487566,7503.628418
31,0.532591,0.461291,7753.294922
32,0.523558,0.454873,8002.826172
33,0.508998,0.472332,8252.337891
34,0.522732,0.481676,8501.882812
35,0.560419,0.479752,8751.458008
36,0.594736,0.473318,9001.069336
37,0.626342,0.465761,9250.564453
38,0.649926,0.454127,9500.196289
39,0.667987,0.442008,9766.442383
40,0.678739,0.434802,10015.940430
41,0.691656,0.436638,10265.440430
42,0.700390,0.442248,10515.025391
43,0.714702,0.438501,10764.657227
44,0.718297,0.439827,11014.250977
45,0.730790,0.444237,11263.690430
46,0.765177,0.445438,11513.325195
47,0.802988,0.445266,11762.869141
48,0.829674,0.442972,12012.445312
49,0.837551,0.447388,12261.971680
50,0.840345,0.448218,12511.561523
51,0.851359,0.445303,12761.135742
52,0.885320,0.446078,13010.656250
53,0.925285,0.451930,13260.273438
54,0.949914,0.449286,13509.799805
55,0.964791,0.449446,13759.361328
56,0.996346,0.478087,14008.902344
57,0.025036,0.493499,14258.488281
58,0.049949,0.493729,14508.088867
59,0.079174,0.502526,14757.655273
60,0.125282,0.510483,15007.192383
61,0.161603,0.516066,15256.736328
62,0.179971,0.514567,15506.351562
63,0.187772,0.497097,15755.856445
64,0.180665,0.480015,16005.470703
65,0.178536,0.473227,16255.042969
66,0.182370,0.469535,16504.656250
67,0.208267,0.476598,16754.158203
68,0.258020,0.488933,17003.744141
69,0.299018,0.485501,17253.269531
70,0.331094,0.471074,17502.794922
71,0.358466,0.450238,17752.371094
72,0.363756,0.446493,18001.976562
73,0.339301,0.457263,18251.599609
74,0.276243,0.497849,18501.054688
75,0.247395,0.544618,18750.699219
76,0.227023,0.562607,19000.199219
77,0.202643,0.621409,19266.433594
78,0.182676,0.714858,19515.947266
79,0.154491,0.784333,19765.611328
80,0.098849,0.825537,20015.113281
81,0.048889,0.842205,20264.705078
82,0.047542,0.846497,20514.207031
83,0.080990,0.855764,20763.824219
84,0.099619,0.842726,21013.371094
85,0.109358,0.798473,21262.898438
86,0.102641,0.657928,21512.546875
87,0.103896,0.532649,21762.025391
88,0.085263,0.500395,22011.613281
89,0.051989,0.495267,22261.148438
90,0.013541,0.491351,22510.816406
91,0.977133,0.492729,22760.308594
92,0.939592,0.489879,23009.880859
93,0.904215,0.484960,23259.501953
94,0.866255,0.480078,23509.078125
95,0.819973,0.478128,23758.597656
96,0.760668,0.477947,24008.099609
97,0.725796,0.478654,24257.687500
98,0.708602,0.475151,24507.261719
99,0.708524,0.483085,24756.830078
0,0.749811,0.540667,-0.000763
1,0.751341,0.540310,266.298187
2,0.750465,0.541123,515.759583
3,0.747365,0.539612,765.364929
4,0.730945,0.537580,1014.879333
5,0.703516,0.532511,1264.498535
6,0.683141,0.527799,1514.057251
7,0.676294,0.525471,1763.660767
8,0.675890,0.519177,2013.213013
9,0.667919,0.517626,2262.706299
10,0.646546,0.516079,2512.315430
11,0.622034,0.505759,2761.854248
12,0.593057,0.474572,3011.435059
13,0.560386,0.426342,3261.051270
14,0.534079,0.390195,3510.547119
15,0.511135,0.375881,3760.129395
16,0.492166,0.373225,4009.673096
17,0.482716,0.360470,4259.223145
18,0.480474,0.321391,4508.784180
19,0.484415,0.289380,4758.419922
20,0.493902,0.267686,5007.990723
21,0.520597,0.268145,5257.514648
22,0.562973,0.278266,5507.130859
23,0.617846,0.285383,5756.600586
24,0.675134,0.297968,6006.209961
25,0.716685,0.324431,6255.753906
26,0.752087,0.364085,6505.286621
27,0.790944,0.416315,6754.957031
28,0.828432,0.457988,7004.497559
29,0.844914,0.499657,7254.033203
30,0.838693,0.527083,7503.574707
31,0.829719,0.536716,7753.194824
32,0.829000,0.538884,8002.687500
33,0.829584,0.538948,8252.241211
34,0.843268,0.538315,8501.841797
35,0.887679,0.538539,8751.373047
36,0.934051,0.535770,9000.955078
37,0.983638,0.535057,9250.532227
38,0.032956,0.537211,9500.169922
39,0.072134,0.537742,9766.318359
40,0.098924,0.537785,10015.949219
41,0.129767,0.535763,10265.397461
42,0.165176,0.533345,10515.041992
43,0.182889,0.522066,10764.593750
44,0.193220,0.500522,11014.120117
45,0.203132,0.469202,11263.651367
46,0.213504,0.440418,11513.261719
47,0.221264,0.405637,11762.848633
48,0.232772,0.468825,12012.369141
49,0.255380,0.551243,12261.971680
50,0.275402,0.561142,12511.501953
51,0.324212,0.567585,12761.080078
52,0.338879,0.572494,13010.602539
53,0.329078,0.574581,13260.252930
54,0.258536,0.557340,13509.736328
55,0.132772,0.523467,13759.361328
56,0.030901,0.499674,14008.910156
57,0.969804,0.485842,14258.501953
58,0.929981,0.469378,14508.032227
59,0.891707,0.459481,14757.546875
60,0.875782,0.451207,15007.165039
61,0.881719,0.452728,15256.680664
62,0.879918,0.454470,15506.343750
63,0.887745,0.448883,15755.790039
64,0.909886,0.443888,16005.416016
65,0.920375,0.427521,16254.971680
66,0.920485,0.369602,16504.500000
67,0.918735,0.301069,16754.050781
68,0.917811,0.251649,17003.630859
69,0.915504,0.214877,17253.216797
70,0.910540,0.182672,17502.750000
71,0.909132,0.154514,17752.341797
72,0.914728,0.126298,18001.869141
73,0.923664,0.099736,18251.474609
74,0.930960,0.082144,18501.074219
75,0.931367,0.089628,18750.675781
76,0.923744,0.134126,19000.250000
77,0.915893,0.174504,19266.412109
78,0.909894,0.180692,19515.900391
79,0.893741,0.196250,19765.535156
80,0.836574,0.256357,20015.091797
81,0.795421,0.340978,20264.623047
82,0.776293,0.416100,20514.263672
83,0.757754,0.470714,20763.792969
84,0.743084,0.502580,21013.375000
85,0.738873,0.512431,21262.835938
86,0.741939,0.508734,21512.443359
87,0.748516,0.500001,21761.962891
88,0.756317,0.487334,22011.542969
89,0.756072,0.485458,22261.103516
90,0.740408,0.501314,22510.720703
91,0.717682,0.533056,22760.244141
92,0.711478,0.555593,23009.787109
93,0.709721,0.562150,23259.404297
94,0.707902,0.562450,23508.929688
95,0.708251,0.561398,23758.488281
96,0.710053,0.560432,24008.111328
97,0.711559,0.559825,24257.730469
98,0.712576,0.560648,24507.214844
99,0.713300,0.559702,24756.767578
0,0.749707,0.511222,-0.030338
1,0.746372,0.520082,266.228455
2,0.739955,0.519436,515.739685
3,0.718051,0.506424,765.350891
4,0.675810,0.485872,1014.868530
5,0.661680,0.476580,1264.495239
6,0.672100,0.475656,1514.033203
7,0.677747,0.487805,1763.664062
8,0.661730,0.501404,2013.160278
9,0.641377,0.510855,2262.709961
10,0.613615,0.520018,2512.324707
11,0.594344,0.522289,2761.817627
12,0.564097,0.519818,3011.411865
13,0.512928,0.533750,3260.975586
14,0.499312,0.540476,3510.609619
15,0.509019,0.537160,3760.074951
16,0.520129,0.535581,4009.656494
17,0.532969,0.539968,4259.275391
18,0.539324,0.541159,4508.816895
19,0.545920,0.553634,4758.370117
20,0.566791,0.546690,5007.908203
21,0.584022,0.536772,5257.551758
22,0.602107,0.525226,5507.080566
23,0.621934,0.521680,5756.571289
24,0.644239,0.519629,6006.234863
25,0.669804,0.518356,6255.803223
26,0.686236,0.531051,6505.331055
27,0.684456,0.612854,6754.869629
28,0.670986,0.721900,7004.508789
29,0.658489,0.793322,7253.976562
30,0.639349,0.825694,7503.545898
31,0.628438,0.832993,7753.082031
32,0.660484,0.836649,8002.712891
33,0.769001,0.821221,8252.225586
34,0.895256,0.799908,8501.828125
35,0.986421,0.786137,8751.421875
36,0.041104,0.801403,9000.945312
37,0.066305,0.801873,9250.467773
38,0.085437,0.808672,9500.072266
39,0.132958,0.825638,9766.278320
40,0.187187,0.831721,10015.888672
41,0.179214,0.829991,10265.444336
42,0.158889,0.809191,10514.953125
43,0.150590,0.690821,10764.541992
44,0.140736,0.584825,11014.100586
45,0.154612,0.522576,11263.653320
46,0.162495,0.507890,11513.198242
47,0.165581,0.513721,11762.861328
48,0.165570,0.528388,12012.313477
49,0.162878,0.533992,12261.882812
50,0.155714,0.533672,12511.527344
51,0.150024,0.532508,12761.054688
52,0.145634,0.532581,13010.594727
53,0.141069,0.533053,13260.215820
54,0.136406,0.533476,13509.763672
55,0.121297,0.526306,13759.297852
56,0.093781,0.511342,14008.868164
57,0.054448,0.498444,14258.382812
58,0.010971,0.484859,14507.995117
59,0.966109,0.482412,14757.528320
60,0.902855,0.482049,15007.068359
61,0.839038,0.480821,15256.707031
62,0.805959,0.482284,15506.349609
63,0.796282,0.496659,15755.779297
64,0.770706,0.498248,16005.427734
65,0.745763,0.489987,16254.981445
66,0.732549,0.494639,16504.466797
67,0.718440,0.505228,16754.021484
68,0.700824,0.505993,17003.609375
69,0.685271,0.504965,17253.210938
70,0.668365,0.513513,17502.744141
71,0.656561,0.522213,17752.357422
72,0.646793,0.531299,18001.933594
73,0.638879,0.545194,18251.447266
74,0.623385,0.549896,18501.017578
75,0.598933,0.556978,18750.589844
76,0.588159,0.554569,19000.134766
77,0.555942,0.551315,19266.412109
78,0.501850,0.553425,19515.890625
79,0.469150,0.558817,19765.529297
80,0.472494,0.555436,20015.046875
81,0.515461,0.543572,20264.585938
82,0.598442,0.499920,20514.121094
83,0.701518,0.491656,20763.718750
84,0.790728,0.501844,21013.298828
85,0.837712,0.501825,21262.828125
86,0.849456,0.496575,21512.416016
87,0.880767,0.490707,21761.966797
88,0.950415,0.481517,22011.613281
89,0.990357,0.495866,22261.080078
90,0.008749,0.502320,22510.687500
91,0.018324,0.500835,22760.210938
92,0.024045,0.501258,23009.777344
93,0.034512,0.503081,23259.455078
94,0.037674,0.505478,23508.914062
95,0.035978,0.496340,23758.490234
96,0.029601,0.493746,24008.048828
97,0.015280,0.492567,24257.632812
98,0.973975,0.493620,24507.183594
99,0.913982,0.493337,24756.710938
0,0.750600,0.409002,-0.008731
1,0.747255,0.408784,266.225433
2,0.751138,0.407072,515.796448
3,0.748412,0.406016,765.317322
4,0.749011,0.402209,1014.887817
5,0.752411,0.409723,1264.483521
6,0.766344,0.417573,1514.005493
7,0.771961,0.428932,1763.625244
8,0.801496,0.457416,2013.245239
9,0.824594,0.457692,2262.784424
10,0.831162,0.439969,2512.298096
11,0.819389,0.419083,2761.903320
12,0.801214,0.407300,3011.497803
13,0.754166,0.402089,3260.981201
14,0.705813,0.413986,3510.562500
15,0.681152,0.418305,3760.066650
16,0.663220,0.417872,4009.751709
17,0.651952,0.416417,4259.206055
18,0.640558,0.415649,4508.884277
19,0.625930,0.425852,4758.356934
20,0.612050,0.430695,5007.949707
21,0.615206,0.434854,5257.477539
22,0.621552,0.435210,5507.042969
23,0.628120,0.431341,5756.634277
24,0.631939,0.428745,6006.150391
25,0.632949,0.428875,6255.789551
26,0.633742,0.430777,6505.271973
27,0.635908,0.430682,6754.888184
28,0.636644,0.431311,7004.438965
29,0.636922,0.431838,7254.072754
30,0.636984,0.431965,7503.577148
31,0.637509,0.431730,7753.107422
32,0.642800,0.432607,8002.728027
33,0.656145,0.429163,8252.260742
34,0.678207,0.424019,8501.840820
35,0.696251,0.422842,8751.340820
36,0.709737,0.421904,9000.990234
37,0.721247,0.419881,9250.487305
38,0.730656,0.419344,9500.049805
39,0.738450,0.422573,9766.256836
40,0.748727,0.423026,10015.908203
41,0.758773,0.422298,10265.363281
42,0.771207,0.427580,10515.000977
43,0.788464,0.431072,10764.503906
44,0.799359,0.430882,11014.177734
45,0.812438,0.439579,11263.682617
46,0.827298,0.434578,11513.205078
47,0.840542,0.440280,11762.855469
48,0.852638,0.442252,12012.386719
49,0.865498,0.440443,12261.890625
50,0.879607,0.442698,12511.452148
51,0.898830,0.435739,12761.077148
52,0.916959,0.429191,13010.573242
53,0.929026,0.420561,13260.138672
54,0.935004,0.413193,13509.806641
55,0.938643,0.412511,13759.342773
56,0.948712,0.419920,14008.883789
57,0.954147,0.418456,14258.424805
58,0.954954,0.421331,14508.022461
59,0.955077,0.425580,14757.521484
60,0.953312,0.426787,15007.105469
61,0.953610,0.424583,15256.713867
62,0.968906,0.408563,15506.353516
63,0.001783,0.379716,15755.802734
64,0.023377,0.399810,16005.359375
65,0.048910,0.439184,16254.982422
66,0.068839,0.494788,16504.509766
67,0.081199,0.515951,16754.046875
68,0.088391,0.520874,17003.650391
69,0.100539,0.511598,17253.207031
70,0.103706,0.491369,17502.722656
71,0.101997,0.475821,17752.292969
72,0.100185,0.459441,18001.880859
73,0.081627,0.439867,18251.484375
74,0.083210,0.456060,18501.013672
75,0.108901,0.469546,18750.583984
76,0.141803,0.476721,19000.162109
77,0.176273,0.487563,19266.357422
78,0.194189,0.491970,19515.865234
79,0.195206,0.492150,19765.437500
80,0.184850,0.492851,20015.082031
81,0.173382,0.492160,20264.607422
82,0.158716,0.487190,20514.158203
83,0.142453,0.469572,20763.746094
84,0.130166,0.459662,21013.318359
85,0.109380,0.456610,21262.818359
86,0.083179,0.450580,21512.378906
87,0.058437,0.450595,21761.968750
88,0.034771,0.456710,22011.554688
89,0.009913,0.451122,22261.146484
90,0.977984,0.437111,22510.662109
91,0.925459,0.416790,22760.316406
92,0.870468,0.409105,23009.824219
93,0.829746,0.412388,23259.345703
94,0.798310,0.412014,23508.957031
95,0.773305,0.407141,23758.484375
96,0.749953,0.392879,24008.015625
97,0.736795,0.378512,24257.626953
98,0.715133,0.376865,24507.160156
99,0.687430,0.379435,24756.761719
0,0.759563,0.619081,-0.027606
1,0.771681,0.620990,266.193634
2,0.787586,0.611659,515.750610
3,0.824144,0.580260,765.265930
4,0.853889,0.541601,1014.890015
5,0.904215,0.510427,1264.429688
6,0.975256,0.487336,1514.017456
7,0.015903,0.475885,1763.510742
8,0.018431,0.465356,2013.198242
9,0.009053,0.452728,2262.675781
10,0.000250,0.442636,2512.213623
11,0.980336,0.453686,2761.827881
12,0.908841,0.574277,3011.420410
13,0.829191,0.712224,3260.923584
14,0.788251,0.740165,3510.455322
15,0.745051,0.763886,3760.105469
16,0.708818,0.808083,4009.598145
17,0.667151,0.828602,4259.173340
18,0.619601,0.837096,4508.783203
19,0.541290,0.831888,4758.378906
20,0.457228,0.794109,5007.897949
21,0.445675,0.786023,5257.435547
22,0.472933,0.758729,5507.072754
23,0.515691,0.704050,5756.530273
24,0.510552,0.625676,6006.187988
25,0.494410,0.572210,6255.668457
26,0.501437,0.544605,6505.324219
27,0.522213,0.525717,6754.810059
28,0.532373,0.517110,7004.360352
29,0.544716,0.515728,7254.014648
30,0.557976,0.520091,7503.498535
31,0.559291,0.521996,7753.125977
32,0.546234,0.526196,8002.606445
33,0.543274,0.530924,8252.291992
34,0.543385,0.532497,8501.770508
35,0.538628,0.535505,8751.327148
36,0.530729,0.537770,9000.934570
37,0.521177,0.542808,9250.483398
38,0.511637,0.545749,9500.031250
39,0.505368,0.547295,9766.217773
40,0.506226,0.548676,10015.768555
41,0.512000,0.547679,10265.363281
42,0.533061,0.552929,10514.902344
43,0.572572,0.544057,10764.474609
44,0.596823,0.545224,11014.038086
45,0.621588,0.542500,11263.593750
46,0.644350,0.545841,11513.179688
47,0.663587,0.541425,11762.727539
48,0.681426,0.537274,12012.311523
49,0.702087,0.531338,12261.853516
50,0.730005,0.532552,12511.405273
51,0.756746,0.538038,12760.967773
52,0.787167,0.539327,13010.557617
53,0.818981,0.536411,13260.137695
54,0.842083,0.540447,13509.672852
55,0.860542,0.541445,13759.251953
56,0.897279,0.536426,14008.798828
57,0.964640,0.525919,14258.373047
58,0.998847,0.517642,14507.923828
59,0.024781,0.510274,14757.532227
60,0.053247,0.508888,15007.047852
61,0.070944,0.509443,15256.606445
62,0.085714,0.514228,15506.231445
63,0.104498,0.520751,15755.798828
64,0.136340,0.525191,16005.335938
65,0.179343,0.522754,16254.882812
66,0.214368,0.513267,16504.443359
67,0.216858,0.513691,16753.990234
68,0.202392,0.519387,17003.562500
69,0.197434,0.522286,17253.119141
70,0.194362,0.523119,17502.716797
71,0.192352,0.523898,17752.279297
72,0.189138,0.521079,18001.816406
73,0.186520,0.518687,18251.398438
74,0.183640,0.516616,18500.953125
75,0.178881,0.513364,18750.523438
76,0.177362,0.508460,19000.070312
77,0.182095,0.500620,19266.277344
78,0.186242,0.491025,19515.857422
79,0.190895,0.457313,19765.416016
80,0.227662,0.425537,20014.976562
81,0.257742,0.449889,20264.544922
82,0.266395,0.467907,20514.089844
83,0.262840,0.476833,20763.683594
84,0.253413,0.478491,21013.224609
85,0.232299,0.470179,21262.839844
86,0.185338,0.474124,21512.355469
87,0.128011,0.481267,21761.943359
88,0.080942,0.484269,22011.478516
89,0.049573,0.476492,22261.056641
90,0.033191,0.470061,22510.621094
91,0.009803,0.466989,22760.156250
92,0.991435,0.468289,23009.724609
93,0.986283,0.461687,23259.304688
94,0.033518,0.463825,23508.859375
95,0.053495,0.454253,23758.429688
96,0.048116,0.445796,24008.017578
97,0.038597,0.446774,24257.548828
98,0.013171,0.455380,24507.158203
99,0.978862,0.458297,24756.693359
0,0.750091,0.522910,0.021959
1,0.750219,0.522852,266.232635
2,0.750576,0.522585,515.819519
3,0.750520,0.522399,765.362732
4,0.750416,0.522920,1014.924377
5,0.748667,0.523262,1264.435303
6,0.736854,0.518341,1514.081055
7,0.717331,0.522464,1763.557373
8,0.697925,0.534548,2013.156616
9,0.684995,0.550152,2262.730225
10,0.676349,0.579893,2512.294678
11,0.673915,0.655748,2761.861572
12,0.664794,0.705609,3011.385254
13,0.660273,0.751025,3260.993408
14,0.656323,0.766269,3510.540527
15,0.649316,0.744317,3760.100586
16,0.626697,0.689170,4009.638672
17,0.604346,0.615909,4259.196777
18,0.594159,0.553155,4508.769531
19,0.598243,0.507388,4758.336914
20,0.625152,0.475433,5007.961426
21,0.660964,0.450709,5257.469238
22,0.691837,0.439261,5507.143555
23,0.719125,0.432888,5756.640137
24,0.754968,0.430182,6006.171387
25,0.801777,0.434581,6255.785645
26,0.843415,0.450661,6505.301758
27,0.875173,0.476171,6754.923828
28,0.901991,0.491106,7004.437988
29,0.939870,0.495956,7253.969238
30,0.971817,0.516777,7503.558594
31,0.998520,0.525095,7753.142090
32,0.043267,0.514258,8002.702637
33,0.096713,0.506352,8252.228516
34,0.130591,0.509775,8501.846680
35,0.149661,0.497552,8751.435547
36,0.157331,0.480345,9000.919922
37,0.167648,0.467924,9250.506836
38,0.196707,0.462939,9500.123047
39,0.217521,0.469861,9766.272461
40,0.229449,0.493154,10015.864258
41,0.234339,0.513687,10265.369141
42,0.230722,0.524145,10514.999023
43,0.209447,0.522809,10764.570312
44,0.178634,0.525918,11014.101562
45,0.152800,0.521023,11263.652344
46,0.130553,0.506597,11513.246094
47,0.108611,0.496212,11762.782227
48,0.086680,0.488800,12012.306641
49,0.064564,0.478743,12261.928711
50,0.047811,0.470644,12511.500977
51,0.023041,0.471905,12761.058594
52,0.996967,0.479677,13010.602539
53,0.970744,0.484466,13260.186523
54,0.945591,0.489804,13509.739258
55,0.923082,0.484614,13759.280273
56,0.909647,0.485045,14008.928711
57,0.896083,0.483829,14258.462891
58,0.885490,0.486384,14507.994141
59,0.878217,0.489623,14757.528320
60,0.862506,0.485732,15007.118164
61,0.834783,0.479103,15256.680664
62,0.795264,0.464504,15506.208984
63,0.758606,0.454279,15755.837891
64,0.735666,0.457717,16005.411133
65,0.722371,0.468341,16254.989258
66,0.715050,0.484690,16504.464844
67,0.707349,0.497484,16754.109375
68,0.702034,0.498323,17003.611328
69,0.707443,0.495064,17253.201172
70,0.722113,0.499450,17502.763672
71,0.738234,0.504045,17752.322266
72,0.752621,0.505839,18001.939453
73,0.763838,0.506769,18251.421875
74,0.770650,0.510005,18501.011719
75,0.772184,0.510991,18750.544922
76,0.772444,0.511197,19000.117188
77,0.773315,0.511862,19266.308594
78,0.772940,0.511807,19515.886719
79,0.772133,0.511328,19765.445312
80,0.771033,0.511077,20015.035156
81,0.770498,0.511194,20264.564453
82,0.770002,0.511796,20514.138672
83,0.770694,0.515907,20763.708984
84,0.770229,0.518154,21013.271484
85,0.763617,0.517140,21262.830078
86,0.747423,0.511759,21512.410156
87,0.728109,0.508147,21761.968750
88,0.704482,0.504695,22011.537109
89,0.675659,0.501617,22261.115234
90,0.647901,0.498778,22510.630859
91,0.627287,0.497068,22760.222656
92,0.606090,0.494310,23009.765625
93,0.576681,0.489915,23259.339844
94,0.537855,0.485348,23508.927734
95,0.502703,0.474945,23758.455078
96,0.471122,0.465288,24008.033203
97,0.436235,0.465889,24257.589844
98,0.402949,0.473238,24507.160156
99,0.376095,0.481852,24756.714844
0,0.750000,0.532736,-0.029995
1,0.749872,0.533196,266.210327
2,0.757835,0.537419,515.768738
3,0.781531,0.539449,765.336548
4,0.798050,0.534790,1014.863281
5,0.812419,0.529844,1264.474854
6,0.822376,0.527283,1513.972290
7,0.836422,0.524660,1763.574951
8,0.857728,0.519638,2013.153564
9,0.876907,0.517134,2262.723877
10,0.901774,0.516684,2512.286377
11,0.932621,0.518307,2761.798340
12,0.959737,0.523091,3011.370605
13,0.982200,0.524804,3260.942627
14,0.001685,0.525122,3510.535645
15,0.022916,0.526220,3760.124023
16,0.045207,0.529439,4009.672607
17,0.048334,0.530018,4259.193848
18,0.033388,0.527033,4508.748535
19,0.024245,0.528559,4758.335449
20,0.016223,0.531039,5007.885254
21,0.012603,0.532851,5257.473145
22,0.007142,0.534379,5507.082520
23,0.997127,0.534804,5756.618164
24,0.984908,0.535959,6006.186035
25,0.969123,0.538038,6255.688477
26,0.950784,0.539334,6505.267578
27,0.930665,0.541272,6754.844727
28,0.910835,0.538940,7004.374512
29,0.891566,0.536475,7253.948242
30,0.869393,0.537169,7503.580566
31,0.842701,0.536979,7753.110352
32,0.813302,0.533133,8002.648438
33,0.791439,0.525295,8252.294922
34,0.767388,0.509907,8501.816406
35,0.735591,0.486813,8751.351562
36,0.710368,0.458459,9000.927734
37,0.690445,0.430585,9250.562500
38,0.669236,0.404722,9500.069336
39,0.646055,0.390463,9766.296875
40,0.625050,0.392659,10015.791016
41,0.598375,0.402436,10265.432617
42,0.571443,0.411919,10514.903320
43,0.547792,0.427262,10764.530273
44,0.526255,0.451291,11014.138672
45,0.509406,0.468059,11263.600586
46,0.492983,0.481229,11513.187500
47,0.479652,0.492592,11762.732422
48,0.470557,0.501685,12012.394531
49,0.468141,0.507401,12261.867188
50,0.468955,0.511076,12511.511719
51,0.473383,0.512397,12761.037109
52,0.479426,0.513851,13010.568359
53,0.486320,0.514464,13260.161133
54,0.493422,0.513356,13509.681641
55,0.501250,0.508152,13759.277344
56,0.510445,0.504170,14008.856445
57,0.517270,0.504400,14258.468750
58,0.526190,0.504164,14507.944336
59,0.535082,0.503631,14757.520508
60,0.542970,0.504804,15007.086914
61,0.553154,0.503645,15256.635742
62,0.566012,0.502171,15506.294922
63,0.581281,0.501942,15755.856445
64,0.599274,0.503097,16005.370117
65,0.618597,0.500896,16254.875000
66,0.636020,0.498468,16504.523438
67,0.650708,0.496160,16754.044922
68,0.664795,0.495000,17003.593750
69,0.681431,0.490129,17253.244141
70,0.697644,0.483995,17502.767578
71,0.710516,0.483296,17752.320312
72,0.731225,0.479833,18001.828125
73,0.763845,0.472820,18251.484375
74,0.792043,0.466021,18500.955078
75,0.815834,0.462060,18750.572266
76,0.846342,0.456044,19000.181641
77,0.872148,0.453739,19266.347656
78,0.898188,0.452537,19515.917969
79,0.923660,0.454543,19765.453125
80,0.963464,0.453918,20014.994141
81,0.977273,0.456433,20264.597656
82,0.974937,0.454274,20514.130859
83,0.981152,0.447752,20763.701172
84,0.986402,0.433913,21013.281250
85,0.983630,0.419127,21262.894531
86,0.978575,0.412749,21512.453125
87,0.974686,0.406042,21761.929688
88,0.969962,0.393938,22011.531250
89,0.970145,0.383645,22261.087891
90,0.970953,0.378379,22510.638672
91,0.966785,0.372703,22760.271484
92,0.960596,0.351745,23009.804688
93,0.952853,0.347222,23259.378906
94,0.948485,0.337008,23508.925781
95,0.948350,0.331612,23758.498047
96,0.950138,0.327508,24008.013672
97,0.952628,0.333754,24257.593750
98,0.959161,0.385007,24507.134766
99,0.963474,0.409788,24756.812500
0,0.750104,0.530667,-0.008404
1,0.750193,0.531131,266.180573
2,0.750095,0.531311,515.763672
3,0.751631,0.512248,765.365173
4,0.749386,0.453955,1014.968506
5,0.743302,0.395514,1264.481445
6,0.742950,0.328767,1514.021362
7,0.742819,0.285113,1763.671631
8,0.746553,0.265640,2013.152588
9,0.780555,0.267940,2262.695801
10,0.775169,0.299674,2512.304443
11,0.732898,0.398134,2761.842773
12,0.696252,0.485098,3011.412109
13,0.689210,0.498796,3260.968750
14,0.683972,0.506238,3510.571045
15,0.680300,0.519067,3760.130615
16,0.691802,0.540107,4009.673828
17,0.759602,0.545631,4259.299805
18,0.802478,0.544406,4508.837891
19,0.810788,0.542896,4758.436035
20,0.809421,0.543523,5007.905273
21,0.806850,0.545583,5257.583008
22,0.806339,0.545712,5507.072266
23,0.804965,0.545098,5756.671387
24,0.805566,0.542884,6006.196777
25,0.806160,0.541297,6255.761719
26,0.806330,0.540083,6505.339355
27,0.806063,0.539144,6754.866699
28,0.805963,0.538863,7004.413086
29,0.805477,0.539055,7254.058105
30,0.804110,0.532904,7503.604004
31,0.801952,0.493812,7753.151367
32,0.823949,0.480577,8002.750488
33,0.846266,0.479391,8252.263672
34,0.869541,0.482381,8501.791992
35,0.899141,0.483265,8751.368164
36,0.931591,0.484635,9000.951172
37,0.958926,0.490917,9250.494141
38,0.986625,0.499718,9500.060547
39,0.006006,0.505473,9766.264648
40,0.006971,0.513013,10015.890625
41,0.010290,0.517906,10265.402344
42,0.017631,0.516389,10514.956055
43,0.026730,0.508032,10764.571289
44,0.040696,0.508749,11014.138672
45,0.055478,0.508389,11263.628906
46,0.071763,0.507963,11513.222656
47,0.091438,0.507200,11762.875000
48,0.110954,0.506813,12012.340820
49,0.124391,0.510257,12261.902344
50,0.135899,0.506840,12511.565430
51,0.146033,0.504825,12761.064453
52,0.154222,0.498249,13010.590820
53,0.159194,0.487971,13260.142578
54,0.160712,0.475058,13509.716797
55,0.158097,0.464718,13759.308594
56,0.153208,0.464652,14008.844727
57,0.149836,0.476527,14258.383789
58,0.155126,0.496185,14508.022461
59,0.164753,0.516656,14757.604492
60,0.176941,0.527826,15007.093750
61,0.175572,0.531233,15256.651367
62,0.171414,0.532433,15506.268555
63,0.162248,0.527600,15755.799805
64,0.163712,0.527086,16005.433594
65,0.172167,0.525000,16254.907227
66,0.185698,0.524335,16504.578125
67,0.201685,0.523425,16754.044922
68,0.219523,0.521990,17003.712891
69,0.239005,0.520498,17253.169922
70,0.261457,0.518021,17502.730469
71,0.285065,0.516376,17752.400391
72,0.307345,0.514867,18001.890625
73,0.327359,0.512603,18251.439453
74,0.339800,0.513662,18501.007812
75,0.351911,0.512456,18750.662109
76,0.366021,0.510071,19000.117188
77,0.382756,0.508336,19266.330078
78,0.396591,0.507655,19515.908203
79,0.406445,0.508444,19765.492188
80,0.402507,0.513099,20015.085938
81,0.375530,0.521237,20264.605469
82,0.335006,0.527478,20514.134766
83,0.310409,0.526493,20763.822266
84,0.289100,0.509352,21013.300781
85,0.268883,0.494830,21262.851562
86,0.246099,0.486035,21512.421875
87,0.215414,0.482168,21761.984375
88,0.186922,0.482776,22011.511719
89,0.162586,0.486802,22261.107422
90,0.135707,0.489538,22510.666016
91,0.094781,0.495256,22760.259766
92,0.056568,0.497268,23009.833984
93,0.023677,0.503366,23259.339844
94,0.003391,0.503101,23509.009766
95,0.995019,0.484133,23758.490234
96,0.996335,0.469329,24008.076172
97,0.003933,0.473224,24257.617188
98,0.009033,0.474196,24507.242188
99,0.013022,0.480623,24756.830078
0,0.750094,0.532963,-0.039288
1,0.749876,0.533372,266.149414
2,0.749280,0.532745,515.692871
3,0.723167,0.527545,765.278015
4,0.667943,0.508631,1014.834961
5,0.649050,0.495293,1264.423828
6,0.651282,0.498322,1514.010742
7,0.652352,0.497662,1763.495605
8,0.652969,0.495631,2013.053467
9,0.653442,0.495068,2262.657959
10,0.653257,0.496203,2512.224854
11,0.652340,0.498937,2761.753906
12,0.647992,0.501926,3011.313477
13,0.621329,0.511156,3260.966064
14,0.590652,0.520700,3510.470459
15,0.581515,0.527592,3759.999268
16,0.579585,0.525891,4009.622314
17,0.582398,0.520875,4259.182129
18,0.584040,0.519906,4508.707520
19,0.585219,0.521031,4758.291992
20,0.586357,0.521227,5007.830566
21,0.588050,0.522361,5257.426270
22,0.589847,0.524286,5506.951660
23,0.592303,0.524651,5756.548828
24,0.594266,0.523824,6006.116211
25,0.595672,0.523730,6255.668457
26,0.596721,0.523515,6505.309570
27,0.597462,0.523424,6754.818848
28,0.598558,0.523809,7004.382324
29,0.601011,0.525247,7253.900879
30,0.622302,0.527041,7503.513672
31,0.678532,0.520050,7753.021973
32,0.755342,0.509622,8002.618652
33,0.814274,0.499315,8252.235352
34,0.851386,0.483889,8501.796875
35,0.886080,0.478393,8751.327148
36,0.917015,0.485703,9000.849609
37,0.954772,0.493170,9250.468750
38,0.003821,0.502211,9500.004883
39,0.044359,0.509477,9766.209961
40,0.056263,0.529497,10015.780273
41,0.051857,0.548438,10265.339844
42,0.061696,0.542608,10514.942383
43,0.106220,0.532797,10764.474609
44,0.159830,0.522279,11013.987305
45,0.211086,0.519650,11263.627930
46,0.218292,0.509193,11513.185547
47,0.203311,0.489141,11762.734375
48,0.216477,0.465975,12012.296875
49,0.237990,0.465246,12261.851562
50,0.292075,0.462432,12511.425781
51,0.366255,0.490386,12760.970703
52,0.414978,0.510458,13010.548828
53,0.454257,0.515846,13260.099609
54,0.478130,0.496863,13509.697266
55,0.504141,0.477558,13759.230469
56,0.541356,0.496988,14008.859375
57,0.568091,0.504656,14258.309570
58,0.575765,0.497538,14507.884766
59,0.573404,0.488382,14757.504883
60,0.543488,0.467663,15007.070312
61,0.494001,0.432401,15256.587891
62,0.456562,0.406387,15506.153320
63,0.434444,0.417832,15755.784180
64,0.420012,0.436522,16005.259766
65,0.416057,0.448902,16254.853516
66,0.412943,0.470761,16504.400391
67,0.395074,0.509466,16754.013672
68,0.386753,0.531503,17003.562500
69,0.387771,0.541475,17253.109375
70,0.388335,0.544945,17502.667969
71,0.388820,0.545290,17752.210938
72,0.389752,0.545386,18001.773438
73,0.389632,0.545881,18251.357422
74,0.387111,0.544333,18500.929688
75,0.346238,0.541039,18750.560547
76,0.288116,0.544956,19000.039062
77,0.273952,0.549985,19266.242188
78,0.269109,0.549303,19515.861328
79,0.266629,0.544269,19765.371094
80,0.253277,0.536452,20014.974609
81,0.232399,0.528661,20264.521484
82,0.223370,0.530406,20514.103516
83,0.221089,0.531696,20763.611328
84,0.220736,0.532499,21013.177734
85,0.221281,0.531482,21262.832031
86,0.228835,0.534801,21512.312500
87,0.236655,0.538573,21761.886719
88,0.237573,0.538635,22011.470703
89,0.239008,0.538086,22261.115234
90,0.240341,0.538258,22510.583984
91,0.241798,0.537893,22760.128906
92,0.243360,0.537915,23009.730469
93,0.244347,0.537537,23259.291016
94,0.245648,0.537173,23508.841797
95,0.246499,0.536841,23758.458984
96,0.246991,0.536642,24008.062500
97,0.247161,0.537002,24257.554688
98,0.247489,0.536850,24507.085938
99,0.247807,0.536186,24756.644531
0,0.750099,0.496165,-0.003227
1,0.750110,0.497077,266.164368
2,0.751225,0.491735,515.820129
3,0.756140,0.474985,765.333679
4,0.756857,0.464410,1014.849609
5,0.731345,0.462495,1264.488647
6,0.702919,0.459063,1514.086670
7,0.683540,0.459289,1763.617554
8,0.672094,0.456173,2013.121460
9,0.670603,0.452895,2262.801758
10,0.671429,0.442129,2512.276611
11,0.675654,0.428819,2761.809082
12,0.672834,0.423961,3011.387695
13,0.667514,0.421251,3261.013672
14,0.666864,0.422429,3510.537109
15,0.658465,0.421504,3760.116455
16,0.656471,0.421774,4009.740723
17,0.653417,0.423043,4259.229492
18,0.643202,0.424270,4508.763672
19,0.626096,0.425736,4758.362793
20,0.606273,0.424534,5007.894531
21,0.586581,0.422737,5257.457031
22,0.566867,0.423446,5507.052734
23,0.543263,0.432907,5756.578125
24,0.508851,0.446247,6006.158691
25,0.482793,0.452020,6255.724609
26,0.465074,0.451049,6505.289062
27,0.441211,0.447852,6754.846680
28,0.426114,0.446436,7004.424805
29,0.410925,0.444200,7253.978516
30,0.402668,0.416132,7503.531250
31,0.407352,0.326701,7753.108887
32,0.403790,0.265276,8002.660156
33,0.369229,0.291352,8252.223633
34,0.305524,0.399869,8501.823242
35,0.274706,0.489150,8751.349609
36,0.268329,0.511256,9000.906250
37,0.265580,0.523360,9250.466797
38,0.270407,0.533986,9500.043945
39,0.319674,0.590828,9766.267578
40,0.431398,0.700820,10015.799805
41,0.505769,0.801745,10265.387695
42,0.515191,0.833288,10514.969727
43,0.492083,0.858980,10764.492188
44,0.452978,0.860656,11014.072266
45,0.445399,0.867914,11263.627930
46,0.458077,0.869686,11513.191406
47,0.463233,0.869823,11762.755859
48,0.464642,0.867777,12012.363281
49,0.466472,0.868003,12261.877930
50,0.489265,0.871214,12511.446289
51,0.544494,0.876110,12761.050781
52,0.591964,0.880556,13010.588867
53,0.656422,0.875723,13260.172852
54,0.695528,0.886423,13509.698242
55,0.750086,0.899526,13759.257812
56,0.756285,0.923759,14008.813477
57,0.748144,0.927499,14258.385742
58,0.763085,0.874554,14507.955078
59,0.781114,0.701144,14757.534180
60,0.792476,0.575043,15007.107422
61,0.809985,0.504523,15256.660156
62,0.805947,0.465546,15506.209961
63,0.801804,0.478058,15755.790039
64,0.788793,0.471895,16005.329102
65,0.757378,0.459068,16254.899414
66,0.718539,0.441521,16504.460938
67,0.689439,0.426824,16754.013672
68,0.685438,0.432131,17003.599609
69,0.673193,0.437073,17253.167969
70,0.660177,0.435075,17502.728516
71,0.645020,0.427725,17752.283203
72,0.635623,0.423521,18001.849609
73,0.633191,0.423952,18251.400391
74,0.638845,0.426423,18500.974609
75,0.643746,0.422239,18750.535156
76,0.649053,0.417999,19000.093750
77,0.647743,0.419557,19266.306641
78,0.615013,0.423774,19515.910156
79,0.560221,0.436964,19765.417969
80,0.541938,0.452459,20014.994141
81,0.557141,0.447760,20264.560547
82,0.562172,0.447120,20514.130859
83,0.557147,0.448180,20763.679688
84,0.544224,0.446943,21013.285156
85,0.529809,0.448248,21262.849609
86,0.521262,0.449411,21512.369141
87,0.514984,0.449819,21761.957031
88,0.508006,0.452098,22011.501953
89,0.500568,0.453287,22261.109375
90,0.491511,0.454195,22510.664062
91,0.481760,0.455254,22760.193359
92,0.470989,0.456193,23009.763672
93,0.461495,0.456980,23259.332031
94,0.454628,0.456940,23508.892578
95,0.451272,0.456380,23758.449219
96,0.451335,0.456870,24008.033203
97,0.449877,0.458896,24257.585938
98,0.444750,0.462700,24507.138672
99,0.442275,0.466934,24756.732422
0,0.750167,0.491451,-0.004113
1,0.750115,0.491225,266.188110
2,0.750024,0.491322,515.775574
3,0.749679,0.492921,765.330444
4,0.749732,0.492470,1014.931702
5,0.755171,0.479985,1264.486084
6,0.782727,0.461964,1514.062378
7,0.818530,0.463897,1763.603516
8,0.833431,0.459316,2013.176025
9,0.840842,0.452718,2262.810059
10,0.869859,0.437300,2512.271240
11,0.896903,0.425153,2761.898193
12,0.917303,0.417570,3011.390869
13,0.948844,0.419379,3261.044922
14,0.974695,0.440386,3510.553467
15,0.984255,0.451299,3760.135010
16,0.987796,0.455418,4009.686523
17,0.981062,0.456446,4259.223633
18,0.930864,0.463856,4508.816406
19,0.839985,0.472690,4758.345703
20,0.762211,0.467500,5007.911621
21,0.708038,0.473275,5257.507324
22,0.685767,0.468827,5507.117676
23,0.669861,0.458809,5756.629883
24,0.664994,0.453314,6006.157227
25,0.664698,0.444394,6255.846680
26,0.660033,0.437267,6505.306152
27,0.659512,0.435460,6754.945312
28,0.661886,0.427471,7004.457520
29,0.665642,0.399706,7254.073242
30,0.668512,0.393276,7503.628418
31,0.676495,0.384134,7753.125488
32,0.677314,0.379336,8002.746582
33,0.676951,0.379900,8252.300781
34,0.676319,0.378354,8501.846680
35,0.676950,0.378337,8751.413086
36,0.675684,0.378897,9000.963867
37,0.674650,0.381751,9250.507812
38,0.673774,0.383629,9500.090820
39,0.669592,0.384879,9766.255859
40,0.664416,0.386455,10015.872070
41,0.653416,0.387846,10265.419922
42,0.624768,0.402346,10514.992188
43,0.578887,0.437889,10764.515625
44,0.542853,0.445609,11014.112305
45,0.516836,0.450601,11263.638672
46,0.498775,0.457375,11513.212891
47,0.479461,0.459724,11762.780273
48,0.449464,0.474115,12012.374023
49,0.409513,0.479917,12261.938477
50,0.389122,0.470723,12511.499023
51,0.381736,0.466955,12761.060547
52,0.381668,0.466894,13010.589844
53,0.377642,0.460487,13260.150391
54,0.363544,0.442015,13509.736328
55,0.341611,0.426705,13759.304688
56,0.312668,0.440028,14008.926758
57,0.272048,0.457780,14258.413086
58,0.233853,0.459011,14508.070312
59,0.222731,0.450946,14757.573242
60,0.224447,0.450140,15007.116211
61,0.266721,0.444246,15256.756836
62,0.345723,0.432954,15506.272461
63,0.392184,0.422230,15755.805664
64,0.429150,0.447668,16005.358398
65,0.465319,0.473231,16254.969727
66,0.507461,0.475889,16504.535156
67,0.550034,0.475106,16754.083984
68,0.587147,0.476939,17003.708984
69,0.621538,0.469642,17253.259766
70,0.649537,0.465032,17502.810547
71,0.662244,0.467156,17752.357422
72,0.668126,0.463929,18001.939453
73,0.672352,0.477968,18251.527344
74,0.676823,0.480202,18501.009766
75,0.677022,0.472006,18750.603516
76,0.679425,0.453472,19000.162109
77,0.682974,0.443391,19266.412109
78,0.680037,0.439784,19515.964844
79,0.680526,0.429699,19765.474609
80,0.682347,0.424264,20015.015625
81,0.681480,0.424919,20264.591797
82,0.680146,0.426232,20514.146484
83,0.680454,0.425972,20763.785156
84,0.678571,0.427068,21013.351562
85,0.676966,0.429534,21262.884766
86,0.676132,0.431026,21512.414062
87,0.674683,0.431501,21762.062500
88,0.675578,0.431424,22011.568359
89,0.676537,0.431235,22277.761719
90,0.676592,0.432058,22510.699219
91,0.677126,0.432549,22760.220703
92,0.678428,0.432193,23009.875000
93,0.676172,0.434737,23259.339844
94,0.674671,0.437958,23508.960938
95,0.673404,0.443581,23758.560547
96,0.671606,0.452146,24008.119141
97,0.671324,0.454835,24257.632812
98,0.671143,0.455933,24507.201172
99,0.670601,0.457886,24756.757812
0,0.745515,0.508341,0.021348
1,0.737212,0.506406,266.217377
2,0.730376,0.518217,515.777283
3,0.719067,0.525050,765.396973
4,0.704278,0.527206,1014.864197
5,0.684801,0.520112,1264.485107
6,0.665903,0.513122,1514.031494
7,0.646472,0.508570,1763.670288
8,0.624153,0.516254,2013.197021
9,0.608256,0.523631,2262.721191
10,0.593728,0.523767,2512.352783
11,0.576530,0.527619,2761.811523
12,0.560704,0.553133,3011.477051
13,0.538008,0.626758,3260.950439
14,0.523603,0.669129,3510.614746
15,0.517130,0.671863,3760.127930
16,0.513189,0.665869,4009.698242
17,0.511316,0.667296,4259.246094
18,0.508784,0.657044,4508.758301
19,0.493197,0.605414,4758.345215
20,0.480473,0.563970,5007.898926
21,0.482323,0.540460,5257.463867
22,0.479526,0.527116,5507.099121
23,0.465712,0.514903,5756.634766
24,0.450452,0.514070,6006.209961
25,0.438182,0.519135,6255.705078
26,0.425966,0.522824,6505.324219
27,0.402812,0.535576,6754.918945
28,0.381039,0.545902,7004.425293
29,0.393407,0.553071,7253.975098
30,0.445684,0.557686,7503.633301
31,0.535328,0.560535,7753.099121
32,0.593704,0.557772,8002.684570
33,0.634692,0.557681,8252.302734
34,0.667827,0.552891,8501.855469
35,0.704464,0.551181,8751.423828
36,0.750545,0.547758,9000.938477
37,0.787920,0.547812,9250.557617
38,0.814743,0.545511,9500.063477
39,0.844588,0.538826,9766.274414
40,0.863540,0.528760,10015.826172
41,0.870689,0.528211,10265.427734
42,0.881252,0.526106,10515.060547
43,0.903701,0.528517,10764.591797
44,0.939024,0.545162,11014.083984
45,0.955856,0.547864,11263.671875
46,0.964742,0.542840,11513.184570
47,0.971193,0.550089,11762.741211
48,0.963547,0.547012,12012.339844
49,0.928861,0.538634,12261.936523
50,0.816095,0.561150,12511.501953
51,0.633394,0.625897,12761.020508
52,0.475201,0.643101,13010.635742
53,0.393131,0.635944,13260.154297
54,0.338682,0.621166,13509.706055
55,0.275332,0.591344,13759.295898
56,0.221188,0.570022,14008.884766
57,0.194475,0.552047,14258.421875
58,0.188311,0.520618,14508.055664
59,0.196676,0.524096,14757.644531
60,0.204092,0.530425,15007.122070
61,0.210742,0.541192,15256.662109
62,0.215764,0.553504,15506.244141
63,0.235105,0.561765,15755.858398
64,0.259235,0.564790,16005.408203
65,0.319683,0.569278,16254.899414
66,0.439725,0.562143,16504.457031
67,0.574969,0.531995,16754.083984
68,0.614729,0.529821,17003.585938
69,0.634455,0.529743,17253.185547
70,0.646454,0.532177,17502.800781
71,0.654583,0.533468,17768.951172
72,0.661720,0.538342,18001.837891
73,0.666007,0.540131,18251.486328
74,0.661391,0.539525,18501.105469
75,0.638808,0.541280,18750.529297
76,0.549929,0.567802,19000.183594
77,0.463367,0.579413,19266.363281
78,0.427997,0.584559,19515.904297
79,0.403078,0.582238,19765.449219
80,0.384501,0.582863,20015.005859
81,0.372247,0.580973,20264.556641
82,0.360095,0.587632,20514.125000
83,0.352415,0.586099,20763.705078
84,0.335498,0.589116,21013.251953
85,0.302448,0.590780,21262.820312
86,0.260138,0.593671,21512.421875
87,0.249984,0.599809,21761.945312
88,0.222754,0.605509,22011.513672
89,0.198101,0.607244,22261.091797
90,0.196819,0.602394,22510.650391
91,0.195518,0.591848,22760.212891
92,0.191065,0.590838,23009.763672
93,0.188775,0.585297,23259.371094
94,0.194686,0.569896,23508.888672
95,0.199004,0.540540,23758.490234
96,0.198125,0.538042,24008.044922
97,0.190251,0.536297,24257.609375
98,0.181493,0.529082,24507.160156
99,0.176048,0.523753,24756.742188
0,0.757380,0.474439,-0.085571
1,0.763249,0.468208,266.134491
2,0.767678,0.469674,515.772095
3,0.778144,0.477969,765.254028
4,0.787026,0.502036,1014.818604
5,0.736474,0.556575,1264.360840
6,0.662767,0.582911,1513.973267
7,0.708642,0.517333,1763.494141
8,0.729393,0.491712,2013.088989
9,0.705883,0.472019,2262.656250
10,0.671010,0.481224,2512.218018
11,0.667469,0.479651,2761.767822
12,0.664892,0.480372,3011.349365
13,0.666205,0.478335,3260.935303
14,0.669372,0.476928,3510.434814
15,0.672531,0.476784,3760.036133
16,0.678764,0.482943,4009.565674
17,0.687763,0.530465,4259.165039
18,0.696281,0.639848,4508.682129
19,0.680731,0.854927,4758.318359
20,0.687270,0.851451,5007.808105
21,0.809420,0.645682,5257.465820
22,0.839310,0.584186,5506.986328
23,0.857467,0.555051,5756.556152
24,0.928308,0.558887,6006.113770
25,0.953981,0.572589,6255.632812
26,0.986709,0.581131,6505.211914
27,0.048099,0.587535,6754.779297
28,0.102122,0.588008,7004.361816
29,0.117907,0.585470,7253.905273
30,0.127670,0.575014,7503.484863
31,0.137288,0.582772,7753.054199
32,0.152019,0.588199,8002.607910
33,0.164675,0.581818,8252.178711
34,0.172250,0.579577,8501.708984
35,0.180076,0.572542,8751.304688
36,0.189414,0.562157,9000.841797
37,0.199466,0.551038,9250.435547
38,0.197327,0.544250,9516.625977
39,0.199457,0.537644,9766.188477
40,0.196381,0.527691,10015.733398
41,0.180577,0.523601,10265.292969
42,0.142027,0.514957,10514.867188
43,0.102958,0.501437,10764.442383
44,0.078564,0.497634,11014.025391
45,0.060540,0.499082,11263.587891
46,0.042093,0.493576,11513.128906
47,0.031971,0.478541,11762.697266
48,0.020413,0.462628,12012.256836
49,0.997466,0.450245,12261.834961
50,0.958229,0.437939,12511.403320
51,0.895394,0.465990,12760.951172
52,0.870796,0.488967,13010.501953
53,0.883432,0.502662,13260.090820
54,0.924808,0.534352,13509.642578
55,0.913078,0.542246,13759.211914
56,0.881100,0.535138,14008.755859
57,0.836674,0.528938,14258.333008
58,0.774838,0.517549,14507.881836
59,0.723757,0.503364,14757.458008
60,0.768063,0.504771,15007.003906
61,0.785823,0.520829,15256.585938
62,0.800252,0.522137,15506.141602
63,0.799649,0.521252,15755.730469
64,0.692560,0.519671,16005.264648
65,0.514031,0.529168,16254.832031
66,0.452359,0.543163,16504.416016
67,0.421372,0.544466,16753.955078
68,0.398487,0.540438,17003.515625
69,0.391185,0.551759,17253.093750
70,0.390401,0.569008,17502.675781
71,0.393187,0.585421,17752.220703
72,0.390546,0.602311,18001.779297
73,0.383887,0.606714,18251.335938
74,0.390585,0.606127,18500.916016
75,0.402369,0.614823,18750.468750
76,0.404495,0.622812,19000.042969
77,0.404929,0.646067,19266.230469
78,0.410757,0.651622,19515.808594
79,0.420054,0.652473,19765.408203
80,0.451889,0.633149,20014.925781
81,0.474896,0.621083,20264.486328
82,0.493082,0.621542,20514.058594
83,0.490717,0.618221,20763.630859
84,0.397946,0.612553,21013.183594
85,0.340550,0.603663,21262.763672
86,0.337589,0.609116,21512.300781
87,0.336645,0.614988,21761.875000
88,0.335118,0.618219,22011.431641
89,0.335665,0.619100,22261.025391
90,0.335313,0.620210,22510.595703
91,0.335604,0.623460,22760.142578
92,0.336563,0.625414,23009.693359
93,0.337784,0.625562,23259.265625
94,0.338808,0.625234,23508.833984
95,0.339457,0.627351,23758.384766
96,0.340293,0.649202,24007.951172
97,0.350028,0.683452,24257.515625
98,0.377295,0.755934,24507.097656
99,0.416674,0.822937,24756.648438
0,0.751066,0.615253,0.025819
1,0.750879,0.616346,266.195160
2,0.751153,0.617901,515.794373
3,0.752087,0.617558,765.363342
4,0.752852,0.616874,1014.903870
5,0.752796,0.617418,1264.500977
6,0.750076,0.622465,1514.036621
7,0.747928,0.629871,1763.596802
8,0.749991,0.630911,2013.123535
9,0.749637,0.620526,2262.746338
10,0.747191,0.599577,2512.284424
11,0.743842,0.568075,2761.833008
12,0.731894,0.519285,3011.377686
13,0.720269,0.490103,3261.028320
14,0.715697,0.479433,3510.600586
15,0.713952,0.478201,3760.116699
16,0.714464,0.480716,4009.713623
17,0.719720,0.492241,4259.219238
18,0.722986,0.507318,4508.756836
19,0.723946,0.514318,4758.364258
20,0.730752,0.520798,5007.888184
21,0.731752,0.523454,5257.450195
22,0.735089,0.522852,5507.049316
23,0.737787,0.522984,5756.690430
24,0.738782,0.522908,6006.175293
25,0.741922,0.529686,6255.751465
26,0.744553,0.536737,6505.324219
27,0.744503,0.539962,6754.889648
28,0.743576,0.544035,7004.447266
29,0.740167,0.546081,7253.966797
30,0.742009,0.549502,7503.562988
31,0.742431,0.550137,7753.114746
32,0.742622,0.552205,8002.683594
33,0.744306,0.557126,8252.252930
34,0.741631,0.557167,8501.867188
35,0.740100,0.551606,8751.339844
36,0.744907,0.540865,9000.909180
37,0.751942,0.526532,9250.524414
38,0.760998,0.528163,9500.052734
39,0.768598,0.532954,9766.282227
40,0.770170,0.538942,10015.839844
41,0.775151,0.543699,10265.358398
42,0.780796,0.543337,10515.016602
43,0.788567,0.529553,10764.611328
44,0.799369,0.520707,11014.051758
45,0.808843,0.522220,11263.711914
46,0.809401,0.517381,11513.231445
47,0.782274,0.487092,11762.793945
48,0.760238,0.449983,12012.345703
49,0.739447,0.411665,12261.967773
50,0.709801,0.388095,12511.500977
51,0.678992,0.376410,12761.014648
52,0.648550,0.376497,13010.693359
53,0.634310,0.380699,13260.140625
54,0.638487,0.396414,13509.707031
55,0.649243,0.428115,13759.273438
56,0.655337,0.468183,14008.872070
57,0.659248,0.479860,14258.416016
58,0.657297,0.494554,14507.949219
59,0.658531,0.501059,14757.549805
60,0.662086,0.505641,15007.139648
61,0.663597,0.507073,15256.693359
62,0.664348,0.508190,15506.277344
63,0.659820,0.511043,15755.785156
64,0.632878,0.517610,16005.338867
65,0.582766,0.527262,16254.929688
66,0.545580,0.533525,16504.492188
67,0.531515,0.531619,16754.058594
68,0.518973,0.529957,17003.656250
69,0.502792,0.526327,17253.203125
70,0.478897,0.526013,17502.779297
71,0.446121,0.524221,17752.318359
72,0.414258,0.522155,18001.861328
73,0.379159,0.534191,18251.412109
74,0.333115,0.556395,18501.015625
75,0.303718,0.567369,18750.531250
76,0.296575,0.585574,19000.142578
77,0.297188,0.599274,19266.296875
78,0.316008,0.616364,19515.902344
79,0.374737,0.632907,19765.435547
80,0.455563,0.617225,20014.996094
81,0.523571,0.580963,20264.550781
82,0.568232,0.548422,20514.156250
83,0.608572,0.520558,20763.748047
84,0.657204,0.494054,21013.296875
85,0.707744,0.468757,21262.851562
86,0.751284,0.446124,21512.380859
87,0.804270,0.446080,21761.949219
88,0.860400,0.448601,22011.566406
89,0.924269,0.443081,22261.103516
90,0.986756,0.449407,22510.710938
91,0.023621,0.457185,22760.189453
92,0.050789,0.485111,23009.849609
93,0.065742,0.507885,23259.330078
94,0.110043,0.541396,23508.902344
95,0.139227,0.563403,23758.498047
96,0.145773,0.568993,24008.144531
97,0.145453,0.572070,24257.660156
98,0.143763,0.570806,24507.160156
99,0.138398,0.571482,24756.755859
0,0.749926,0.546392,0.020685
1,0.749746,0.547583,266.272430
2,0.748544,0.549363,515.837585
3,0.738438,0.593500,765.376648
4,0.737227,0.672146,1014.937134
5,0.741891,0.738065,1264.500244
6,0.731867,0.783024,1514.061035
7,0.694985,0.810433,1763.643188
8,0.646825,0.815427,2013.240112
9,0.600986,0.820849,2262.796631
10,0.550513,0.820034,2512.338379
11,0.522337,0.819891,2761.968262
12,0.511945,0.812482,3011.489502
13,0.510280,0.812939,3261.067383
14,0.540848,0.820995,3510.554199
15,0.622069,0.812624,3760.161133
16,0.698032,0.797103,4009.733398
17,0.763415,0.778441,4259.263184
18,0.817828,0.764871,4508.885742
19,0.868430,0.761486,4758.477539
20,0.914909,0.760171,5007.999512
21,0.944420,0.772012,5257.525879
22,0.965669,0.778880,5507.122559
23,0.987092,0.784246,5756.650391
24,0.995223,0.784831,6006.231445
25,0.975441,0.792499,6255.804688
26,0.915348,0.808859,6505.330078
27,0.839394,0.817045,6754.932129
28,0.769811,0.814779,7004.450684
29,0.715852,0.824147,7254.112793
30,0.677672,0.825077,7503.605469
31,0.670453,0.818823,7753.176758
32,0.672346,0.814726,8002.764648
33,0.676781,0.814512,8252.378906
34,0.681714,0.812648,8501.895508
35,0.694077,0.808993,8751.404297
36,0.717099,0.787044,9001.054688
37,0.727484,0.687026,9250.559570
38,0.714406,0.572121,9500.191406
39,0.707892,0.526519,9766.369141
40,0.713490,0.517739,10015.906250
41,0.704298,0.501619,10265.442383
42,0.681302,0.483288,10515.030273
43,0.685108,0.466847,10764.550781
44,0.694924,0.391341,11014.144531
45,0.688012,0.313633,11263.767578
46,0.679969,0.276716,11513.364258
47,0.635561,0.308881,11762.863281
48,0.580542,0.399623,12012.427734
49,0.570134,0.475783,12261.982422
50,0.549025,0.489657,12511.504883
51,0.521056,0.503487,12761.108398
52,0.500180,0.506846,13010.694336
53,0.474136,0.511130,13260.255859
54,0.434370,0.503557,13509.744141
55,0.389933,0.498559,13759.390625
56,0.346148,0.500825,14008.887695
57,0.300538,0.504748,14258.458008
58,0.269455,0.503609,14508.093750
59,0.254826,0.497711,14757.584961
60,0.257508,0.493184,15007.239258
61,0.284151,0.499146,15256.698242
62,0.304813,0.500688,15506.318359
63,0.335971,0.494424,15755.840820
64,0.361756,0.492121,16005.403320
65,0.380465,0.491136,16255.000977
66,0.405695,0.486035,16504.621094
67,0.450119,0.483258,16754.130859
68,0.502072,0.493254,17003.642578
69,0.573993,0.524698,17253.259766
70,0.641995,0.524734,17502.783203
71,0.688100,0.519051,17752.335938
72,0.710685,0.507757,18001.937500
73,0.740107,0.496264,18251.556641
74,0.798794,0.507032,18501.109375
75,0.843400,0.516795,18750.607422
76,0.869675,0.510280,19000.236328
77,0.905986,0.501689,19266.482422
78,0.942337,0.509894,19515.931641
79,0.979399,0.522577,19765.494141
80,0.016325,0.536696,20015.052734
81,0.042422,0.541821,20264.708984
82,0.067127,0.539513,20514.238281
83,0.097617,0.542145,20763.734375
84,0.117248,0.544507,21013.384766
85,0.127271,0.538510,21262.902344
86,0.128652,0.531672,21512.482422
87,0.122966,0.526621,21762.031250
88,0.117398,0.525059,22011.654297
89,0.113304,0.523305,22261.158203
90,0.107187,0.513262,22510.724609
91,0.094979,0.504998,22760.251953
92,0.084323,0.503203,23009.851562
93,0.072708,0.502462,23259.437500
94,0.058040,0.505400,23509.013672
95,0.037634,0.509476,23758.554688
96,0.019497,0.509148,24008.119141
97,0.008557,0.508666,24257.632812
98,0.998133,0.508340,24507.234375
99,0.988796,0.507764,24756.837891
0,0.749939,0.489458,-0.085377
1,0.749861,0.489538,266.148193
2,0.748936,0.489138,515.725403
3,0.725900,0.474941,765.315491
4,0.661196,0.436358,1014.812622
5,0.624168,0.423245,1264.404785
6,0.609819,0.434269,1513.968750
7,0.618296,0.520980,1763.501709
8,0.657128,0.747561,2013.104126
9,0.673843,0.847332,2262.645996
10,0.672620,0.853076,2512.185791
11,0.650660,0.830387,2761.773438
12,0.659870,0.838401,3011.321289
13,0.749350,0.875280,3260.909424
14,0.846224,0.886949,3510.472900
15,0.849069,0.901813,3760.071533
16,0.840684,0.898135,4009.597412
17,0.838608,0.897666,4259.111816
18,0.777601,0.912256,4508.757812
19,0.650630,0.901772,4758.282715
20,0.645029,0.904031,5007.824219
21,0.657474,0.908670,5257.417480
22,0.623010,0.884728,5507.013184
23,0.592505,0.846015,5756.568848
24,0.579376,0.809811,6006.079590
25,0.564174,0.777622,6255.664551
26,0.561525,0.763425,6505.260742
27,0.568329,0.739286,6754.779785
28,0.526502,0.658421,7004.364258
29,0.482598,0.566273,7253.922363
30,0.463844,0.513725,7503.503418
31,0.434334,0.468831,7753.014160
32,0.371363,0.432488,8002.592773
33,0.359318,0.447107,8252.243164
34,0.358538,0.457285,8501.703125
35,0.353082,0.459137,8751.315430
36,0.307993,0.482843,9000.850586
37,0.281775,0.505122,9250.429688
38,0.282194,0.514533,9516.688477
39,0.399912,0.496447,9766.178711
40,0.479816,0.490840,10015.764648
41,0.530795,0.477622,10265.326172
42,0.583857,0.434908,10514.874023
43,0.641221,0.366362,10764.470703
44,0.675906,0.347704,11013.995117
45,0.685692,0.342128,11263.547852
46,0.702975,0.359832,11513.116211
47,0.720867,0.384234,11762.696289
48,0.719736,0.402847,12012.248047
49,0.723284,0.410283,12261.833984
50,0.736147,0.418097,12511.431641
51,0.748205,0.418568,12761.001953
52,0.776108,0.419886,13010.526367
53,0.801404,0.434654,13260.089844
54,0.806024,0.445303,13509.621094
55,0.747201,0.444534,13759.187500
56,0.727264,0.446929,14008.768555
57,0.730743,0.451590,14258.316406
58,0.746708,0.451510,14507.992188
59,0.827821,0.445857,14757.498047
60,0.006362,0.441985,15007.025391
61,0.102772,0.457543,15256.579102
62,0.115475,0.463585,15506.221680
63,0.107247,0.445139,15755.750977
64,0.063597,0.443649,16005.255859
65,0.028185,0.451336,16254.858398
66,0.009006,0.458000,16504.408203
67,0.982502,0.457195,16754.011719
68,0.948022,0.451897,17003.566406
69,0.924296,0.448571,17253.109375
70,0.905703,0.439010,17502.708984
71,0.895242,0.432486,17752.232422
72,0.889907,0.434909,18001.810547
73,0.878821,0.443310,18251.367188
74,0.865090,0.462239,18500.955078
75,0.876982,0.604187,18750.480469
76,0.892342,0.810737,19000.103516
77,0.935267,0.880807,19266.251953
78,0.037520,0.812813,19515.904297
79,0.104086,0.635782,19765.371094
80,0.128062,0.557863,20014.972656
81,0.154524,0.522987,20264.503906
82,0.178876,0.520033,20514.093750
83,0.185118,0.521456,20763.619141
84,0.179016,0.519052,21013.267578
85,0.172884,0.516208,21262.767578
86,0.168792,0.517475,21512.328125
87,0.167263,0.505060,21761.951172
88,0.164039,0.495990,22011.484375
89,0.156617,0.487941,22261.050781
90,0.139398,0.474196,22510.564453
91,0.099845,0.461079,22760.142578
92,0.032556,0.422648,23009.693359
93,0.965316,0.363324,23259.273438
94,0.886473,0.311464,23508.828125
95,0.787187,0.280756,23758.408203
96,0.706586,0.245780,24007.951172
97,0.620857,0.202014,24257.546875
98,0.584534,0.170328,24507.140625
99,0.573165,0.161619,24756.697266
0,0.746850,0.487075,0.004680
1,0.749204,0.491240,266.204529
2,0.737910,0.512572,515.750366
3,0.764151,0.537295,765.372986
4,0.810664,0.531473,1014.917053
5,0.826835,0.539408,1264.460571
6,0.828515,0.541504,1514.011963
7,0.832458,0.535716,1763.670288
8,0.907529,0.521346,2013.171021
9,0.007528,0.532303,2262.712402
10,0.074205,0.544638,2512.297607
11,0.113480,0.537853,2761.922607
12,0.147399,0.535698,3011.391602
13,0.170243,0.536148,3260.999023
14,0.189121,0.535894,3510.542969
15,0.192268,0.535104,3760.122314
16,0.171289,0.536052,4009.649658
17,0.115194,0.536027,4259.279297
18,0.055437,0.532553,4508.875977
19,0.010275,0.532796,4758.385742
20,0.986676,0.538435,5007.947754
21,0.977460,0.537890,5257.451172
22,0.976539,0.538782,5507.065918
23,0.976994,0.546642,5756.585938
24,0.946305,0.528317,6006.203125
25,0.847284,0.501602,6255.829590
26,0.764040,0.498748,6505.351074
27,0.717141,0.501178,6754.865723
28,0.675082,0.502145,7004.489746
29,0.635198,0.502045,7254.023438
30,0.610595,0.509257,7503.527832
31,0.602439,0.507139,7753.224609
32,0.596129,0.508030,8002.721680
33,0.543385,0.515205,8252.315430
34,0.499895,0.524968,8501.786133
35,0.496521,0.526435,8751.415039
36,0.494095,0.530821,9000.928711
37,0.488487,0.548075,9250.504883
38,0.483325,0.566693,9500.068359
39,0.485795,0.561622,9766.259766
40,0.483286,0.551961,10015.821289
41,0.460495,0.541268,10265.393555
42,0.444493,0.545254,10514.933594
43,0.470705,0.556972,10764.496094
44,0.502571,0.538775,11014.076172
45,0.516996,0.513344,11263.644531
46,0.522205,0.491416,11513.223633
47,0.537025,0.458900,11762.761719
48,0.528361,0.440244,12012.343750
49,0.474648,0.470952,12261.898438
50,0.419372,0.492215,12511.466797
51,0.361594,0.508283,12761.055664
52,0.325621,0.515903,13010.590820
53,0.300866,0.519539,13260.166992
54,0.274441,0.525360,13509.738281
55,0.252812,0.526912,13759.291992
56,0.227115,0.535146,14008.876953
57,0.206598,0.529481,14258.416992
58,0.193437,0.521228,14507.969727
59,0.183235,0.519859,14757.544922
60,0.172587,0.519268,15007.084961
61,0.145068,0.519088,15256.661133
62,0.119469,0.511710,15506.230469
63,0.110140,0.506607,15755.795898
64,0.120533,0.512340,16005.356445
65,0.153090,0.512369,16254.933594
66,0.197955,0.513769,16504.492188
67,0.232448,0.517593,16754.033203
68,0.261713,0.520627,17003.617188
69,0.290709,0.516460,17253.162109
70,0.314397,0.520651,17502.748047
71,0.326916,0.529942,17752.306641
72,0.328169,0.533755,18001.871094
73,0.319144,0.530205,18251.435547
74,0.278926,0.526978,18500.994141
75,0.246379,0.524387,18750.548828
76,0.229188,0.514096,19000.121094
77,0.221040,0.507628,19266.339844
78,0.224613,0.502693,19515.886719
79,0.240641,0.493261,19765.441406
80,0.265433,0.482016,20014.998047
81,0.298772,0.451767,20264.574219
82,0.335769,0.447066,20514.148438
83,0.360314,0.451158,20763.687500
84,0.372243,0.462050,21013.255859
85,0.384493,0.471770,21262.841797
86,0.394265,0.471754,21512.394531
87,0.393303,0.473476,21761.947266
88,0.391995,0.471903,22011.525391
89,0.390795,0.470732,22261.087891
90,0.378655,0.479568,22510.650391
91,0.352830,0.488490,22760.236328
92,0.318133,0.497161,23009.783203
93,0.274202,0.512401,23259.326172
94,0.224068,0.526450,23508.904297
95,0.171695,0.530013,23758.474609
96,0.139245,0.525291,24008.035156
97,0.109746,0.526471,24257.595703
98,0.102661,0.518566,24507.156250
99,0.117882,0.513663,24756.753906
0,0.749961,0.532782,-0.002515
1,0.749375,0.531323,266.163300
2,0.750057,0.530545,515.732910
3,0.755351,0.529366,765.296021
4,0.759590,0.526879,1014.857971
5,0.764002,0.518629,1264.417603
6,0.759035,0.505437,1513.995605
7,0.752512,0.501099,1763.557251
8,0.746362,0.500158,2013.132080
9,0.746068,0.501149,2262.707275
10,0.750227,0.503853,2512.240479
11,0.750886,0.509864,2761.817871
12,0.750207,0.507202,3011.367676
13,0.750196,0.507463,3260.953857
14,0.750143,0.505869,3510.520508
15,0.747620,0.507257,3760.098877
16,0.746773,0.507793,4009.657959
17,0.744766,0.505780,4259.231445
18,0.743008,0.497071,4508.799316
19,0.748059,0.483981,4758.320801
20,0.752277,0.484748,5007.899414
21,0.750241,0.494658,5257.443359
22,0.746180,0.498359,5507.053223
23,0.747276,0.495813,5756.595703
24,0.745369,0.492176,6006.174316
25,0.745055,0.489985,6255.729492
26,0.740236,0.492532,6505.266113
27,0.733609,0.492798,6754.870605
28,0.732685,0.493502,7004.396973
29,0.727560,0.496195,7253.982910
30,0.729388,0.492304,7503.532715
31,0.734016,0.496035,7753.108887
32,0.740232,0.495404,8002.659180
33,0.741202,0.493340,8252.210938
34,0.740367,0.489587,8501.829102
35,0.740714,0.488591,8751.369141
36,0.742408,0.490142,9000.902344
37,0.738080,0.492834,9250.481445
38,0.763829,0.490187,9500.061523
39,0.801796,0.474160,9766.246094
40,0.831788,0.470512,10015.819336
41,0.851358,0.466975,10265.352539
42,0.870406,0.452767,10514.931641
43,0.900961,0.439775,10764.516602
44,0.937125,0.456326,11014.057617
45,0.974214,0.479351,11263.641602
46,0.001618,0.497683,11513.180664
47,0.024167,0.511770,11762.752930
48,0.042049,0.520099,12012.307617
49,0.053499,0.521072,12261.872070
50,0.067919,0.518828,12511.434570
51,0.087739,0.513754,12761.013672
52,0.108013,0.509707,13010.557617
53,0.128650,0.505000,13260.155273
54,0.150849,0.501019,13509.696289
55,0.170314,0.495995,13759.278320
56,0.177327,0.483949,14008.819336
57,0.175307,0.444511,14258.410156
58,0.172884,0.424781,14507.943359
59,0.172506,0.422982,14757.540039
60,0.166590,0.413033,15007.131836
61,0.157994,0.389788,15256.683594
62,0.147607,0.362486,15506.231445
63,0.133655,0.327546,15755.797852
64,0.127990,0.327745,16005.366211
65,0.113220,0.333543,16254.900391
66,0.081927,0.346803,16504.455078
67,0.045694,0.350262,16754.011719
68,0.004743,0.357886,17003.589844
69,0.950903,0.376055,17253.173828
70,0.907283,0.382015,17502.730469
71,0.866128,0.393723,17752.328125
72,0.814572,0.413978,18001.871094
73,0.770323,0.428713,18251.416016
74,0.743529,0.431962,18500.970703
75,0.710901,0.437492,18750.535156
76,0.680573,0.442948,19000.091797
77,0.650333,0.449337,19266.314453
78,0.608970,0.463839,19515.873047
79,0.573770,0.475501,19765.455078
80,0.536549,0.488970,20014.996094
81,0.504164,0.499822,20264.542969
82,0.474351,0.512067,20514.107422
83,0.450937,0.522714,20763.705078
84,0.443472,0.530759,21013.248047
85,0.438159,0.535589,21262.826172
86,0.437552,0.536031,21512.398438
87,0.438436,0.533984,21761.931641
88,0.438014,0.513259,22011.496094
89,0.441024,0.484891,22261.056641
90,0.447638,0.474987,22510.660156
91,0.453350,0.467553,22760.203125
92,0.449992,0.478879,23009.777344
93,0.434047,0.538142,23259.312500
94,0.416980,0.610300,23508.958984
95,0.409019,0.660503,23758.449219
96,0.397416,0.687207,24008.009766
97,0.383905,0.685978,24257.613281
98,0.370475,0.664602,24507.162109
99,0.368853,0.649631,24756.718750
0,0.749968,0.547605,0.007087
1,0.749891,0.547757,266.330078
2,0.748851,0.543555,515.797607
3,0.746665,0.504292,765.348389
4,0.749585,0.465140,1014.934692
5,0.780486,0.429411,1264.447388
6,0.836886,0.425809,1514.006348
7,0.849012,0.431068,1763.574829
8,0.857978,0.436838,2013.152588
9,0.876569,0.446271,2262.739258
10,0.906700,0.484346,2512.285156
11,0.937964,0.510187,2761.876221
12,0.957672,0.524253,3011.395752
13,0.964968,0.534044,3260.966309
14,0.920708,0.551797,3510.522705
15,0.848506,0.558284,3760.103271
16,0.806068,0.556785,4009.646973
17,0.700681,0.547697,4259.235840
18,0.623479,0.520213,4508.791016
19,0.587475,0.500648,4758.350586
20,0.590734,0.491696,5007.909668
21,0.613992,0.488809,5257.478516
22,0.633211,0.481508,5507.039062
23,0.642952,0.476459,5756.596680
24,0.649295,0.469983,6006.159668
25,0.656973,0.460960,6255.716309
26,0.658698,0.460133,6505.295898
27,0.651311,0.440037,6754.875977
28,0.617813,0.378364,7004.441406
29,0.592175,0.347139,7253.984375
30,0.553560,0.412167,7503.559082
31,0.518258,0.479273,7753.109375
32,0.493546,0.516791,8002.678223
33,0.474349,0.569458,8252.237305
34,0.464111,0.674677,8501.804688
35,0.458478,0.721943,8751.396484
36,0.473638,0.801467,9000.933594
37,0.547529,0.877371,9250.494141
38,0.601988,0.917393,9500.109375
39,0.616151,0.938754,9766.246094
40,0.646125,0.936281,10015.833984
41,0.671387,0.912034,10265.394531
42,0.600323,0.895897,10514.954102
43,0.550906,0.898681,10764.515625
44,0.519286,0.910724,11014.071289
45,0.483682,0.904901,11263.650391
46,0.441751,0.903294,11513.240234
47,0.425813,0.906482,11762.777344
48,0.430300,0.883054,12012.325195
49,0.424440,0.834379,12261.895508
50,0.392620,0.854566,12511.479492
51,0.349353,0.875318,12761.037109
52,0.317919,0.895077,13010.581055
53,0.316274,0.909496,13260.154297
54,0.372876,0.917779,13509.752930
55,0.414328,0.903882,13759.293945
56,0.392865,0.880714,14008.840820
57,0.374296,0.865421,14258.445312
58,0.388276,0.882070,14507.994141
59,0.408325,0.895524,14757.534180
60,0.411595,0.903161,15007.095703
61,0.412061,0.908326,15256.689453
62,0.317809,0.916218,15506.225586
63,0.307017,0.913051,15755.816406
64,0.323340,0.857017,16005.391602
65,0.334283,0.780093,16254.932617
66,0.371135,0.813020,16504.503906
67,0.427327,0.857673,16754.048828
68,0.335754,0.910190,17003.642578
69,0.219232,0.907709,17253.166016
70,0.248706,0.940886,17502.771484
71,0.299193,0.955205,17752.304688
72,0.303195,0.946036,18001.888672
73,0.327485,0.794564,18251.447266
74,0.333514,0.637220,18501.001953
75,0.328890,0.574758,18750.578125
76,0.290680,0.537017,19000.123047
77,0.249782,0.507400,19266.337891
78,0.259167,0.497215,19515.894531
79,0.277110,0.484303,19765.445312
80,0.280831,0.447255,20015.021484
81,0.226332,0.447698,20264.574219
82,0.191806,0.464810,20514.160156
83,0.189086,0.471483,20763.722656
84,0.185461,0.477124,21013.296875
85,0.179875,0.476037,21262.841797
86,0.156871,0.466335,21512.406250
87,0.140698,0.458995,21761.976562
88,0.134348,0.461307,22011.542969
89,0.145377,0.466278,22261.082031
90,0.156986,0.475460,22510.669922
91,0.180392,0.487597,22760.224609
92,0.215285,0.496230,23009.773438
93,0.287224,0.521688,23259.339844
94,0.379955,0.560375,23508.957031
95,0.453691,0.555996,23758.480469
96,0.491139,0.540959,24008.093750
97,0.540123,0.515986,24257.603516
98,0.612208,0.494397,24507.167969
99,0.645346,0.494081,24756.720703
