Idx, longitude, latitude, start timestamp
0,0.749909,0.493061,0.004717
1,0.750297,0.494786,266.229218
2,0.753677,0.505096,515.714355
3,0.758062,0.530688,765.390930
4,0.755349,0.560790,1014.857788
5,0.725437,0.574858,1264.512085
6,0.693369,0.578626,1513.997192
7,0.668556,0.578930,1763.570190
8,0.648257,0.577842,2013.233032
9,0.629551,0.579183,2262.681641
10,0.588154,0.579406,2528.981934
11,0.536482,0.576661,2778.442139
12,0.494547,0.570909,3011.443115
13,0.455903,0.564456,3277.594482
14,0.415771,0.553790,3527.187012
15,0.393403,0.550106,3776.658447
16,0.361639,0.552212,4026.317627
17,0.297378,0.552780,4275.967773
18,0.257990,0.570303,4542.064941
19,0.240936,0.579853,4758.411133
20,0.225771,0.581662,5007.885742
21,0.223716,0.567991,5257.520508
22,0.238800,0.528175,5507.054199
23,0.250301,0.492683,5773.168945
24,0.267784,0.476334,6022.756836
25,0.317765,0.469496,6272.376953
26,0.392207,0.482053,6521.854980
27,0.450034,0.498584,6771.492188
28,0.497487,0.512596,7004.360840
29,0.541145,0.504762,7253.966309
30,0.593813,0.511811,7503.518555
31,0.657716,0.561071,7769.770020
32,0.730623,0.592345,8019.343750
33,0.801256,0.597671,8268.824219
34,0.864361,0.592784,8501.814453
35,0.927395,0.587496,8751.308594
36,0.973410,0.637737,9000.943359
37,0.010512,0.685298,9250.435547
38,0.034745,0.696898,9500.069336
39,0.023592,0.666103,9832.849609
40,0.012681,0.643692,10082.327148
41,0.015759,0.643767,10331.920898
42,0.033052,0.643976,10564.799805
43,0.063104,0.651052,10814.405273
44,0.108206,0.658628,11047.284180
45,0.146185,0.658390,11296.919922
46,0.173010,0.649052,11529.801758
47,0.188515,0.651843,11779.445312
48,0.194819,0.666629,12028.916016
49,0.180833,0.715505,12261.932617
50,0.149172,0.763701,12511.410156
51,0.098403,0.803267,12761.012695
52,0.060252,0.832739,13043.919922
53,0.030262,0.854190,13293.389648
54,0.007898,0.866132,13526.399414
55,0.994873,0.867630,13775.888672
56,0.985258,0.870000,14025.508789
57,0.976751,0.876258,14258.363281
58,0.963449,0.881136,14508.032227
59,0.954102,0.884039,14774.088867
60,0.944242,0.884640,15023.738281
61,0.930363,0.884423,15273.195312
62,0.917525,0.884730,15522.854492
63,0.908078,0.885935,15755.730469
64,0.901956,0.883133,16005.303711
65,0.896157,0.866317,16271.609375
66,0.892103,0.846820,16504.494141
67,0.886991,0.823648,16754.095703
68,0.878316,0.802529,17003.546875
69,0.853622,0.784442,17253.166016
70,0.797199,0.773850,17502.693359
71,0.742807,0.768585,17752.269531
72,0.699428,0.767702,18001.816406
73,0.661070,0.765253,18251.396484
74,0.631984,0.763375,18500.888672
75,0.610248,0.765411,18750.576172
76,0.597077,0.768874,19000.044922
77,0.552409,0.767484,19332.769531
78,0.524821,0.757776,19582.367188
79,0.511233,0.742296,19832.025391
80,0.504171,0.726758,20081.550781
81,0.505839,0.717977,20331.136719
82,0.515956,0.698070,20580.625000
83,0.528329,0.674731,20830.224609
84,0.542640,0.659469,21079.761719
85,0.554120,0.666979,21329.335938
86,0.556916,0.700097,21578.876953
87,0.563245,0.707100,21811.869141
88,0.586435,0.643331,22061.343750
89,0.609431,0.576897,22310.984375
90,0.633257,0.495443,22543.882812
91,0.651351,0.453163,22793.451172
92,0.659279,0.420644,23042.945312
93,0.674429,0.344241,23275.962891
94,0.692870,0.288978,23542.082031
95,0.730146,0.265898,23775.101562
96,0.773859,0.266503,24024.537109
97,0.824191,0.279030,24274.167969
98,0.866512,0.292910,24507.068359
99,0.901260,0.304064,24756.648438
0,0.740935,0.504321,0.018966
1,0.728516,0.511699,266.125946
2,0.700246,0.541316,515.734009
3,0.671976,0.557553,765.309937
4,0.663933,0.581465,1014.828369
5,0.662454,0.590189,1264.414062
6,0.709049,0.602162,1513.961914
7,0.754617,0.589630,1763.619507
8,0.769266,0.581564,2013.085205
9,0.770929,0.587722,2262.693848
10,0.759469,0.628454,2512.150146
11,0.746249,0.675718,2761.812988
12,0.736463,0.704823,3011.312256
13,0.731620,0.725577,3260.928955
14,0.728773,0.727193,3510.399902
15,0.728869,0.734981,3760.020996
16,0.716070,0.745560,4009.668213
17,0.686878,0.748592,4259.201172
18,0.657434,0.740277,4508.788086
19,0.662307,0.783379,4758.312988
20,0.660755,0.837841,5008.001465
21,0.578154,0.798802,5257.415039
22,0.547472,0.770874,5507.057129
23,0.537089,0.745856,5756.535156
24,0.521842,0.654290,6006.111328
25,0.515008,0.582913,6255.613281
26,0.518745,0.568885,6505.259277
27,0.581202,0.591269,6754.730469
28,0.726758,0.629661,7004.349609
29,0.807034,0.613184,7254.028320
30,0.869936,0.593395,7503.473633
31,0.926055,0.576570,7753.127930
32,0.940281,0.569378,8002.575195
33,0.933909,0.572238,8252.276367
34,0.921865,0.572938,8501.691406
35,0.913327,0.575947,8751.362305
36,0.866002,0.567661,9000.867188
37,0.823882,0.569435,9250.478516
38,0.796059,0.568451,9516.682617
39,0.760292,0.564931,9766.251953
40,0.705790,0.558634,10015.792969
41,0.668385,0.553882,10265.366211
42,0.638617,0.551692,10514.962891
43,0.593792,0.550626,10764.493164
44,0.536901,0.545900,11014.093750
45,0.503089,0.548154,11263.579102
46,0.481538,0.546510,11513.183594
47,0.460117,0.550949,11762.663086
48,0.426974,0.546518,12012.345703
49,0.398185,0.542438,12261.951172
50,0.377175,0.541674,12511.447266
51,0.352474,0.538234,12761.053711
52,0.311785,0.535033,13010.556641
53,0.269621,0.535306,13260.159180
54,0.244958,0.531848,13509.696289
55,0.229006,0.528791,13759.305664
56,0.216000,0.530747,14008.753906
57,0.190459,0.533187,14258.396484
58,0.149309,0.535446,14507.905273
59,0.119474,0.538811,14757.518555
60,0.092009,0.538980,15006.971680
61,0.072575,0.539664,15273.252930
62,0.052198,0.537906,15506.312500
63,0.026151,0.541009,15755.835938
64,0.010170,0.552090,16005.337891
65,0.007400,0.567727,16254.946289
66,0.023863,0.573807,16504.486328
67,0.070737,0.559337,16753.957031
68,0.119005,0.525657,17003.578125
69,0.179062,0.454714,17253.093750
70,0.238296,0.444532,17502.796875
71,0.278671,0.446605,17752.210938
72,0.310479,0.454669,18001.894531
73,0.367549,0.471670,18251.376953
74,0.436418,0.491749,18500.990234
75,0.471683,0.492019,18750.583984
76,0.491300,0.479420,19000.042969
77,0.515784,0.467358,19266.341797
78,0.535982,0.462715,19515.863281
79,0.558795,0.486798,19765.466797
80,0.563343,0.522717,20014.962891
81,0.590065,0.543571,20264.568359
82,0.628718,0.545141,20514.109375
83,0.655359,0.546827,20763.654297
84,0.687683,0.545593,21013.271484
85,0.742227,0.550821,21262.814453
86,0.784799,0.555509,21512.451172
87,0.810756,0.563499,21761.943359
88,0.852573,0.560925,22011.560547
89,0.907202,0.556017,22261.097656
90,0.937745,0.546005,22510.699219
91,0.957660,0.543568,22760.226562
92,0.985411,0.536065,23009.785156
93,0.005931,0.530112,23259.244141
94,0.018286,0.525236,23508.917969
95,0.026527,0.523948,23841.660156
96,0.024642,0.493810,24091.136719
97,0.024215,0.460631,24324.142578
98,0.015015,0.454669,24557.019531
99,0.002237,0.451061,24806.652344
0,0.750061,0.565905,0.002856
1,0.750600,0.567596,266.119934
2,0.755843,0.578822,515.746887
3,0.778941,0.599486,765.248901
4,0.798466,0.627655,1014.802185
5,0.790930,0.665041,1264.410400
6,0.784541,0.678673,1513.914673
7,0.770639,0.654576,1763.563843
8,0.718926,0.623567,2013.022095
9,0.678686,0.598185,2262.683105
10,0.653887,0.584356,2512.175293
11,0.643149,0.580261,2761.822998
12,0.630063,0.575591,3011.296631
13,0.628036,0.575918,3260.859619
14,0.627100,0.576298,3510.427734
15,0.628287,0.579867,3759.982910
16,0.625737,0.585917,4009.496338
17,0.626516,0.587325,4259.113770
18,0.626994,0.586773,4508.652832
19,0.627923,0.586188,4758.229980
20,0.629222,0.585579,5007.751953
21,0.629676,0.584919,5273.914062
22,0.626788,0.575705,5506.922852
23,0.616318,0.539881,5756.444336
24,0.589683,0.488013,6006.021484
25,0.541359,0.484507,6255.579102
26,0.503792,0.514529,6571.697754
27,0.487567,0.524865,6787.995605
28,0.454663,0.538942,7020.879395
29,0.418214,0.554082,7287.103516
30,0.387565,0.563140,7519.980469
31,0.375663,0.575248,7752.857910
32,0.380851,0.576725,8019.095215
33,0.386404,0.571176,8252.083008
34,0.392045,0.570633,8518.218750
35,0.387440,0.584628,8767.827148
36,0.365556,0.611448,9000.741211
37,0.331721,0.638555,9250.351562
38,0.300266,0.664130,9516.499023
39,0.266298,0.637994,9832.569336
40,0.252060,0.607051,10065.565430
41,0.241116,0.603587,10298.430664
42,0.242467,0.639526,10531.407227
43,0.286496,0.723000,10764.323242
44,0.302320,0.733867,11063.767578
45,0.289852,0.706304,11280.038086
46,0.257593,0.588570,11513.012695
47,0.247788,0.543008,11795.750977
48,0.241068,0.529733,12012.100586
49,0.235841,0.527387,12261.607422
50,0.235097,0.511974,12511.194336
51,0.239979,0.485530,12760.685547
52,0.241500,0.465555,13076.846680
53,0.212096,0.507898,13309.842773
54,0.205227,0.524291,13542.704102
55,0.226180,0.482955,13775.715820
56,0.297753,0.459886,14008.558594
57,0.345899,0.461754,14258.141602
58,0.394558,0.445403,14524.314453
59,0.451212,0.435048,14757.252930
60,0.478741,0.423870,15023.416992
61,0.499563,0.454422,15256.361328
62,0.522128,0.471674,15505.873047
63,0.549860,0.470091,15755.503906
64,0.599115,0.478770,16071.615234
65,0.620759,0.488786,16304.477539
66,0.630466,0.485282,16537.470703
67,0.644485,0.483795,16770.320312
68,0.676222,0.476170,17003.294922
69,0.720479,0.470467,17269.464844
70,0.755773,0.478017,17535.685547
71,0.783883,0.505380,17751.992188
72,0.807020,0.530522,18001.560547
73,0.820913,0.544477,18251.066406
74,0.827973,0.552961,18500.673828
75,0.825941,0.553306,18816.792969
76,0.838608,0.556817,19033.025391
77,0.894984,0.551601,19266.021484
78,0.934828,0.557023,19515.527344
79,0.960520,0.561632,19781.761719
80,0.970814,0.577082,20014.595703
81,0.988327,0.581306,20264.195312
82,0.010519,0.574681,20513.740234
83,0.031393,0.580388,20763.310547
84,0.057474,0.607204,21012.867188
85,0.082400,0.622166,21345.562500
86,0.104827,0.624687,21578.589844
87,0.132784,0.611383,21811.398438
88,0.143409,0.585732,22027.833984
89,0.125751,0.579098,22260.705078
90,0.083646,0.583413,22526.925781
91,0.057782,0.576082,22759.812500
92,0.032106,0.573024,23026.035156
93,0.019745,0.569853,23275.484375
94,0.994787,0.572754,23508.478516
95,0.973929,0.582409,23757.972656
96,0.959891,0.589715,24057.458984
97,0.949706,0.590358,24290.445312
98,0.939706,0.542492,24523.349609
99,0.928070,0.454848,24756.218750
0,0.751477,0.475216,-0.017937
1,0.753249,0.481611,266.164001
2,0.755504,0.487784,515.772095
3,0.758630,0.494858,765.201660
4,0.763352,0.503078,1014.892761
5,0.772778,0.510745,1264.322266
6,0.782786,0.516095,1514.018311
7,0.787742,0.520534,1763.617432
8,0.789906,0.532462,2013.115356
9,0.802113,0.566765,2262.790283
10,0.821695,0.595590,2512.197510
11,0.854548,0.604018,2761.863281
12,0.889862,0.598329,3011.339600
13,0.908768,0.587293,3260.972656
14,0.926159,0.548029,3510.411133
15,0.948999,0.520343,3760.040771
16,0.961171,0.524363,4009.586426
17,0.984975,0.541956,4259.234863
18,0.010222,0.580323,4508.781738
19,0.018230,0.608912,4758.313965
20,0.029398,0.649509,5007.950195
21,0.051678,0.680515,5257.447266
22,0.081583,0.683273,5506.966797
23,0.116668,0.670505,5756.518555
24,0.132797,0.638371,6006.151367
25,0.137940,0.622609,6255.684570
26,0.156624,0.620043,6505.259277
27,0.169765,0.610353,6754.803223
28,0.183990,0.606154,7004.376953
29,0.204170,0.611076,7253.915527
30,0.216517,0.612271,7503.540527
31,0.229537,0.609301,7753.036133
32,0.250494,0.604034,8002.655762
33,0.274361,0.602806,8252.262695
34,0.296693,0.604287,8501.727539
35,0.309880,0.600517,8751.464844
36,0.327733,0.607428,9000.863281
37,0.349896,0.612686,9250.538086
38,0.381681,0.602079,9516.632812
39,0.386132,0.602150,9766.231445
40,0.346870,0.614901,10015.799805
41,0.281080,0.642790,10265.375977
42,0.242364,0.663138,10514.823242
43,0.221189,0.675430,10764.467773
44,0.174407,0.681708,11014.117188
45,0.120036,0.682112,11263.627930
46,0.057225,0.684052,11513.241211
47,0.994551,0.678607,11762.723633
48,0.937413,0.667994,12012.296875
49,0.878350,0.664616,12261.795898
50,0.832321,0.668949,12511.418945
51,0.805939,0.676965,12760.913086
52,0.785185,0.685876,13010.614258
53,0.763348,0.692502,13260.050781
54,0.720748,0.692180,13576.226562
55,0.692270,0.690763,13792.581055
56,0.665971,0.701056,14008.831055
57,0.651785,0.741809,14275.017578
58,0.642457,0.795104,14507.889648
59,0.632526,0.827930,14774.177734
60,0.621217,0.855229,15023.687500
61,0.623361,0.860215,15273.289062
62,0.625290,0.848657,15506.121094
63,0.606278,0.812850,15755.814453
64,0.581270,0.735617,16005.300781
65,0.550280,0.652943,16254.875977
66,0.533098,0.592046,16521.117188
67,0.532315,0.572808,16753.984375
68,0.574372,0.569569,17086.753906
69,0.616916,0.568943,17336.404297
70,0.622813,0.575789,17585.880859
71,0.619504,0.578265,17835.507812
72,0.592508,0.575895,18068.400391
73,0.517851,0.555219,18301.394531
74,0.501321,0.544985,18550.873047
75,0.474549,0.539903,18783.761719
76,0.437020,0.537709,19016.751953
77,0.425526,0.558621,19266.345703
78,0.419291,0.585350,19515.859375
79,0.413327,0.610410,19765.501953
80,0.408931,0.632284,20014.953125
81,0.408235,0.661411,20281.195312
82,0.406692,0.706700,20530.724609
83,0.403196,0.743949,20796.941406
84,0.402642,0.761206,21046.568359
85,0.402040,0.767077,21279.441406
86,0.414474,0.746301,21512.302734
87,0.444258,0.640610,21795.169922
88,0.472820,0.559877,22011.464844
89,0.500313,0.524039,22277.722656
90,0.505874,0.519150,22510.710938
91,0.508879,0.523709,22760.179688
92,0.535825,0.528916,23009.804688
93,0.585072,0.523597,23275.898438
94,0.642485,0.530466,23508.917969
95,0.715419,0.548295,23758.386719
96,0.762648,0.558054,24008.005859
97,0.793071,0.564183,24257.558594
98,0.820077,0.574512,24507.189453
99,0.837138,0.584649,24756.666016
0,0.749995,0.410439,0.033100
1,0.750008,0.415220,266.211029
2,0.750665,0.446623,515.702209
3,0.748132,0.492756,765.321411
4,0.734902,0.532941,1014.881287
5,0.712871,0.553435,1264.484497
6,0.694817,0.563009,1513.944824
7,0.686239,0.566041,1763.635010
8,0.685751,0.566873,2013.117188
9,0.686549,0.567473,2262.750732
10,0.688128,0.569271,2512.222656
11,0.689157,0.570410,2761.840088
12,0.689854,0.571539,3011.417480
13,0.690517,0.572549,3260.965820
14,0.692003,0.573973,3510.600586
15,0.693867,0.575308,3760.199707
16,0.695447,0.575835,4009.690918
17,0.696941,0.576158,4259.183594
18,0.699273,0.576170,4508.854980
19,0.700104,0.576471,4758.335449
20,0.702630,0.577429,5007.890625
21,0.708768,0.577044,5257.394531
22,0.723376,0.576620,5507.100586
23,0.741125,0.576664,5756.519531
24,0.758933,0.577161,6006.260254
25,0.778536,0.577698,6255.790527
26,0.807683,0.578429,6505.299316
27,0.841930,0.579180,6754.869629
28,0.869500,0.576180,7004.415527
29,0.881337,0.575812,7254.162598
30,0.893824,0.573945,7503.484863
31,0.910233,0.572716,7753.162109
32,0.931176,0.570515,8002.601562
33,0.956078,0.566926,8252.270508
34,0.982331,0.562352,8501.760742
35,0.002914,0.552754,8751.471680
36,0.016008,0.544793,9000.990234
37,0.041016,0.539834,9250.476562
38,0.076986,0.535707,9500.200195
39,0.103204,0.544208,9766.335938
40,0.121125,0.547375,10015.867188
41,0.134387,0.540911,10265.380859
42,0.143683,0.535457,10515.002930
43,0.154361,0.521399,10764.583008
44,0.162310,0.496157,11014.118164
45,0.152943,0.485382,11263.573242
46,0.098227,0.475183,11513.192383
47,0.032854,0.473733,11762.798828
48,0.000665,0.474239,12012.427734
49,0.991956,0.483131,12261.917969
50,0.987890,0.491304,12511.465820
51,0.990538,0.496674,12761.089844
52,0.989348,0.500260,13010.534180
53,0.983368,0.504117,13260.199219
54,0.981081,0.502693,13509.728516
55,0.981438,0.500020,13759.408203
56,0.983054,0.500439,14008.763672
57,0.983456,0.501824,14258.453125
58,0.983886,0.501939,14507.987305
59,0.984085,0.502737,14757.536133
60,0.984534,0.503401,15007.172852
61,0.984843,0.503678,15256.680664
62,0.984821,0.504483,15506.384766
63,0.983046,0.506013,15755.765625
64,0.981059,0.506863,16005.422852
65,0.980602,0.507415,16254.866211
66,0.979924,0.506784,16504.498047
67,0.977359,0.506272,16753.976562
68,0.968915,0.503600,17003.681641
69,0.934948,0.484507,17253.197266
70,0.879084,0.464638,17502.738281
71,0.830270,0.474949,17752.402344
72,0.792294,0.495858,18001.898438
73,0.745569,0.490859,18251.507812
74,0.693774,0.491071,18501.025391
75,0.655781,0.482929,18750.638672
76,0.625019,0.460590,19000.072266
77,0.594419,0.451652,19266.390625
78,0.562068,0.465866,19515.851562
79,0.532221,0.485071,19765.488281
80,0.512973,0.497032,20014.970703
81,0.505110,0.504943,20264.556641
82,0.497013,0.496287,20514.179688
83,0.479928,0.469987,20763.802734
84,0.458126,0.447000,21013.328125
85,0.425939,0.448978,21262.867188
86,0.395173,0.461746,21512.531250
87,0.375074,0.477219,21761.937500
88,0.361082,0.487440,22011.564453
89,0.349882,0.490820,22261.066406
90,0.334196,0.494729,22510.800781
91,0.313985,0.496653,22760.167969
92,0.292459,0.502106,23009.828125
93,0.271431,0.505431,23259.339844
94,0.252476,0.504102,23508.947266
95,0.236040,0.506585,23758.564453
96,0.228938,0.550858,24008.021484
97,0.254278,0.619662,24257.675781
98,0.283321,0.653407,24507.240234
99,0.298399,0.664835,24756.771484
0,0.750004,0.523738,0.008403
1,0.750269,0.524592,266.276642
2,0.758177,0.532484,515.777405
3,0.776357,0.544812,765.376770
4,0.778137,0.551383,1014.994446
5,0.759847,0.548587,1264.511719
6,0.708784,0.546203,1514.075806
7,0.665901,0.547586,1763.620728
8,0.639900,0.527522,2013.215210
9,0.578492,0.475744,2262.761475
10,0.520109,0.491855,2512.349365
11,0.497887,0.503751,2761.837891
12,0.492552,0.512631,3011.486572
13,0.496340,0.514608,3260.932861
14,0.466782,0.519434,3510.544678
15,0.425649,0.531747,3760.224365
16,0.405501,0.548974,4009.709961
17,0.358190,0.601906,4259.313965
18,0.336823,0.686959,4508.802246
19,0.388155,0.735134,4758.451172
20,0.457353,0.760519,5007.934082
21,0.459370,0.805108,5257.509277
22,0.450512,0.853172,5507.003418
23,0.448475,0.865887,5756.656250
24,0.396060,0.841854,6006.126465
25,0.332119,0.802724,6255.735352
26,0.282772,0.767314,6505.421875
27,0.257708,0.712301,6754.900391
28,0.242490,0.642018,7004.524902
29,0.217935,0.571356,7253.981934
30,0.203226,0.535515,7503.604980
31,0.197069,0.504564,7753.108398
32,0.198416,0.436531,8002.608887
33,0.200524,0.361522,8252.204102
34,0.194900,0.270078,8501.867188
35,0.156293,0.288915,8751.355469
36,0.080019,0.421467,9001.062500
37,0.057671,0.488073,9250.447266
38,0.025845,0.543029,9500.095703
39,0.001829,0.579284,9766.303711
40,0.985405,0.588545,10015.832031
41,0.966460,0.594266,10348.607422
42,0.955079,0.596150,10514.942383
43,0.941986,0.596686,10764.603516
44,0.925518,0.593525,11097.277344
45,0.912166,0.595907,11330.175781
46,0.914540,0.592994,11596.397461
47,0.940806,0.537631,11845.900391
48,0.961395,0.477919,12095.550781
49,0.976323,0.435278,12328.401367
50,0.987137,0.416628,12578.018555
51,0.026587,0.342672,12827.623047
52,0.036786,0.318030,13077.157227
53,0.045902,0.347534,13310.164062
54,0.056546,0.399942,13559.647461
55,0.058111,0.439720,13792.543945
56,0.063106,0.450643,14042.159180
57,0.106717,0.454451,14291.750000
58,0.155454,0.460778,14524.662109
59,0.162257,0.460149,14774.246094
60,0.139039,0.479322,15057.008789
61,0.136709,0.482262,15306.579102
62,0.170374,0.489960,15556.092773
63,0.242249,0.481448,15789.122070
64,0.262454,0.477677,16038.562500
65,0.278778,0.475942,16288.224609
66,0.317485,0.496510,16521.058594
67,0.351581,0.500648,16770.697266
68,0.397437,0.508715,17003.558594
69,0.424349,0.519685,17253.189453
70,0.424678,0.527032,17502.705078
71,0.441049,0.527163,17752.285156
72,0.455562,0.533072,18001.812500
73,0.478776,0.528477,18251.414062
74,0.502125,0.515760,18534.304688
75,0.505821,0.523867,18767.195312
76,0.515474,0.520532,19016.798828
77,0.531803,0.530953,19282.941406
78,0.546433,0.544273,19532.515625
79,0.556153,0.567071,19765.431641
80,0.566260,0.584235,20015.037109
81,0.591585,0.589642,20264.523438
82,0.624996,0.589397,20514.152344
83,0.635663,0.587865,20763.789062
84,0.645109,0.581168,21013.261719
85,0.690566,0.567789,21262.882812
86,0.727370,0.550417,21512.394531
87,0.742592,0.552258,21761.990234
88,0.768284,0.584233,22011.451172
89,0.785856,0.610671,22261.119141
90,0.791311,0.628307,22510.593750
91,0.827032,0.645640,22760.234375
92,0.864584,0.662908,23076.339844
93,0.874013,0.662684,23325.804688
94,0.887392,0.685237,23575.466797
95,0.910878,0.797271,23824.990234
96,0.906839,0.869405,24074.574219
97,0.916708,0.867290,24307.455078
98,0.924843,0.853685,24557.076172
99,0.951895,0.757509,24806.570312
0,0.749961,0.554821,0.054911
1,0.750837,0.556292,266.351257
2,0.760434,0.574589,515.923828
3,0.770677,0.591752,765.453186
4,0.772286,0.598797,1015.043152
5,0.775384,0.610883,1264.606445
6,0.783939,0.628865,1514.150024
7,0.804739,0.643360,1763.692749
8,0.828682,0.673577,2013.284546
9,0.855228,0.684442,2262.798096
10,0.903238,0.644773,2512.387207
11,0.930124,0.609547,2762.048340
12,0.937274,0.604461,3011.591553
13,0.961551,0.590286,3277.765625
14,0.006221,0.554448,3510.642822
15,0.020558,0.547643,3760.237793
16,0.022637,0.548142,4009.768555
17,0.999029,0.544395,4259.397461
18,0.964638,0.476543,4508.895996
19,0.951249,0.459308,4758.500488
20,0.931014,0.458061,5007.967773
21,0.859966,0.468818,5257.609375
22,0.792044,0.478425,5507.103516
23,0.747990,0.499003,5756.714844
24,0.704174,0.517496,6006.348633
25,0.669255,0.532711,6255.885254
26,0.650989,0.541110,6505.522949
27,0.634701,0.543359,6754.932617
28,0.618351,0.545716,7004.557129
29,0.593736,0.554279,7254.067871
30,0.553571,0.553491,7503.704590
31,0.520655,0.551016,7753.169922
32,0.499257,0.552774,8002.844727
33,0.481537,0.554198,8252.324219
34,0.459447,0.558348,8501.903320
35,0.417623,0.564526,8751.441406
36,0.393521,0.570627,9001.063477
37,0.379933,0.577118,9250.656250
38,0.363669,0.583115,9500.144531
39,0.319759,0.584122,9766.378906
40,0.285840,0.583792,10015.976562
41,0.259908,0.577814,10265.477539
42,0.245526,0.567082,10515.014648
43,0.241319,0.572665,10764.641602
44,0.223934,0.601064,11014.115234
45,0.195907,0.636252,11263.768555
46,0.178224,0.665321,11513.345703
47,0.166654,0.681165,11762.923828
48,0.162655,0.690423,12012.438477
49,0.194951,0.709463,12261.958984
50,0.272105,0.742188,12511.667969
51,0.324142,0.757395,12761.128906
52,0.330432,0.771944,13010.698242
53,0.335037,0.777219,13260.225586
54,0.340742,0.779070,13509.842773
55,0.354547,0.774755,13759.358398
56,0.376862,0.756003,14009.001953
57,0.396021,0.749637,14258.557617
58,0.414453,0.738189,14508.077148
59,0.441725,0.716070,14840.812500
60,0.481920,0.667268,15090.340820
61,0.503013,0.614465,15323.342773
62,0.507962,0.575361,15572.939453
63,0.507607,0.527196,15822.423828
64,0.516580,0.505747,16055.428711
65,0.516113,0.505320,16304.942383
66,0.496862,0.522514,16537.910156
67,0.465536,0.542296,16787.388672
68,0.453727,0.552469,17037.015625
69,0.454093,0.552716,17269.908203
70,0.475774,0.555146,17519.492188
71,0.492298,0.556898,17752.400391
72,0.537092,0.561754,18035.273438
73,0.596436,0.558590,18268.158203
74,0.628151,0.560863,18501.121094
75,0.646753,0.568649,18750.597656
76,0.676132,0.640994,19000.230469
77,0.705893,0.686591,19283.142578
78,0.734702,0.690346,19532.615234
79,0.774844,0.654655,19765.628906
80,0.806868,0.630661,20015.064453
81,0.824108,0.624590,20281.375000
82,0.850685,0.617456,20530.806641
83,0.898006,0.603495,20763.802734
84,0.924938,0.597834,21013.343750
85,0.951250,0.588908,21262.914062
86,0.985801,0.571192,21512.431641
87,0.992918,0.572197,21762.042969
88,0.978278,0.609834,22011.566406
89,0.952772,0.663960,22261.181641
90,0.935123,0.689320,22510.707031
91,0.934274,0.699030,22760.267578
92,0.954667,0.699936,23009.896484
93,0.976783,0.697376,23259.421875
94,0.981636,0.703643,23592.173828
95,0.982536,0.708581,23841.808594
96,0.980295,0.717337,24091.285156
97,0.968118,0.733300,24324.271484
98,0.955785,0.754495,24557.154297
99,0.950801,0.782835,24806.767578
0,0.756278,0.540320,0.008396
1,0.765004,0.542010,266.221741
2,0.770737,0.556823,515.796265
3,0.773431,0.596433,765.346802
4,0.777251,0.618817,1014.922241
5,0.778200,0.615416,1264.446655
6,0.776046,0.617844,1514.034668
7,0.775326,0.619197,1763.574951
8,0.774855,0.617827,2013.146240
9,0.774507,0.619115,2262.730469
10,0.773536,0.618275,2512.278076
11,0.772712,0.619412,2761.866943
12,0.771592,0.620497,3011.440186
13,0.769755,0.620916,3260.959229
14,0.763985,0.621976,3510.523438
15,0.753949,0.622264,3760.095459
16,0.741151,0.623090,4009.654541
17,0.725689,0.624016,4259.220215
18,0.707122,0.623826,4508.839844
19,0.685624,0.623536,4758.352539
20,0.658768,0.621488,5007.915039
21,0.630881,0.618701,5257.477539
22,0.602026,0.614158,5507.076660
23,0.573700,0.608977,5756.590820
24,0.547091,0.603549,6006.167969
25,0.521102,0.596795,6255.732422
26,0.484652,0.588052,6505.279785
27,0.446243,0.570941,6754.877930
28,0.423884,0.556065,7004.437500
29,0.432748,0.556161,7253.997070
30,0.448613,0.556850,7503.552734
31,0.459144,0.568523,7753.126953
32,0.470260,0.606467,8002.676270
33,0.470224,0.635326,8252.248047
34,0.446312,0.647782,8501.811523
35,0.413033,0.643601,8751.413086
36,0.374922,0.622827,9000.943359
37,0.348998,0.605152,9250.495117
38,0.318276,0.598397,9500.074219
39,0.294842,0.579952,9766.260742
40,0.275567,0.559310,10015.843750
41,0.267161,0.545009,10265.398438
42,0.266533,0.543140,10514.962891
43,0.271314,0.541050,10764.606445
44,0.276956,0.536823,11014.086914
45,0.279273,0.539062,11263.639648
46,0.271493,0.537443,11513.219727
47,0.262337,0.536603,11762.772461
48,0.253421,0.525411,12012.331055
49,0.244943,0.529471,12261.894531
50,0.237338,0.526331,12511.480469
51,0.233258,0.525281,12761.034180
52,0.222101,0.523535,13010.587891
53,0.204217,0.527860,13260.158203
54,0.181295,0.529298,13509.746094
55,0.152063,0.527372,13759.281250
56,0.117928,0.523601,14008.843750
57,0.094188,0.523542,14275.057617
58,0.074453,0.518520,14507.985352
59,0.063912,0.508558,14757.554688
60,0.056087,0.508087,15007.109375
61,0.051647,0.515948,15256.675781
62,0.059371,0.521760,15506.232422
63,0.065258,0.522403,15755.800781
64,0.067402,0.523092,16005.379883
65,0.064741,0.521112,16254.965820
66,0.067229,0.515352,16504.480469
67,0.068558,0.515409,16754.060547
68,0.071105,0.513821,17003.621094
69,0.076004,0.510275,17253.167969
70,0.080860,0.508583,17502.738281
71,0.088750,0.508614,17752.371094
72,0.105315,0.509276,18001.859375
73,0.125331,0.509546,18251.421875
74,0.144961,0.509741,18500.992188
75,0.161323,0.512901,18750.572266
76,0.182114,0.518483,19000.150391
77,0.196398,0.521183,19266.326172
78,0.213556,0.522951,19515.904297
79,0.239693,0.516197,19765.453125
80,0.272358,0.511843,20015.009766
81,0.306777,0.511763,20264.593750
82,0.341849,0.507341,20514.158203
83,0.389071,0.500500,20763.740234
84,0.432527,0.510700,21013.271484
85,0.471514,0.520651,21262.835938
86,0.508253,0.523179,21512.398438
87,0.538516,0.539960,21761.980469
88,0.573167,0.542599,22011.544922
89,0.605165,0.538068,22261.126953
90,0.638959,0.529025,22510.664062
91,0.665347,0.533978,22760.226562
92,0.680103,0.528863,23009.796875
93,0.698511,0.523415,23259.373047
94,0.716630,0.523778,23508.910156
95,0.734745,0.528409,23758.476562
96,0.737320,0.536478,24008.039062
97,0.722917,0.567405,24257.646484
98,0.696823,0.621018,24507.175781
99,0.677882,0.639465,24756.740234
0,0.749965,0.529565,-0.007554
1,0.749528,0.535268,266.278198
2,0.768395,0.574181,515.772705
3,0.789469,0.591320,765.334045
4,0.791625,0.606229,1014.906860
5,0.723700,0.600495,1264.414307
6,0.670684,0.586290,1514.032837
7,0.662180,0.594732,1763.571533
8,0.615602,0.591083,2013.155884
9,0.537466,0.579419,2262.701660
10,0.513387,0.579120,2512.331543
11,0.507136,0.627156,2761.821045
12,0.509123,0.724907,3011.372559
13,0.521400,0.777282,3260.959961
14,0.555876,0.835948,3510.522217
15,0.575290,0.874556,3760.155762
16,0.575096,0.882105,4009.661377
17,0.533261,0.829858,4259.275391
18,0.476112,0.676466,4508.805664
19,0.460873,0.583124,4758.318359
20,0.455188,0.557722,5007.931152
21,0.463473,0.547933,5257.453125
22,0.423359,0.543681,5507.036133
23,0.383535,0.535510,5756.588379
24,0.367339,0.539694,6006.242676
25,0.342072,0.518777,6255.705566
26,0.305760,0.487822,6505.267578
27,0.273052,0.497700,6754.880371
28,0.251078,0.510139,7004.488281
29,0.239492,0.508488,7253.965332
30,0.245175,0.484673,7503.524902
31,0.245376,0.459434,7753.182617
32,0.196136,0.501183,8002.677734
33,0.125314,0.561931,8252.245117
34,0.096011,0.566051,8501.781250
35,0.092684,0.546504,8751.430664
36,0.096956,0.486044,9000.952148
37,0.166042,0.447462,9250.458008
38,0.321187,0.439329,9500.077148
39,0.513848,0.460859,9766.292969
40,0.596244,0.501431,10015.797852
41,0.562194,0.530362,10265.373047
42,0.502526,0.532724,10514.930664
43,0.494877,0.533811,10764.565430
44,0.495925,0.534625,11014.136719
45,0.505851,0.532729,11263.619141
46,0.547146,0.516153,11513.209961
47,0.672691,0.533091,11762.758789
48,0.794478,0.551836,12012.303711
49,0.812184,0.564458,12261.938477
50,0.838680,0.570376,12511.464844
51,0.932865,0.573648,12761.004883
52,0.973795,0.571413,13010.551758
53,0.990174,0.569368,13260.157227
54,0.000181,0.566973,13509.691406
55,0.017591,0.560146,13759.255859
56,0.034797,0.544256,14008.936523
57,0.047114,0.502399,14258.406250
58,0.056687,0.479910,14507.984375
59,0.056403,0.461002,14757.539062
60,0.045961,0.442411,15007.065430
61,0.039109,0.440410,15256.640625
62,0.034196,0.441561,15506.215820
63,0.032271,0.455113,15755.837891
64,0.034904,0.471503,16005.423828
65,0.050132,0.500822,16254.991211
66,0.080729,0.536412,16504.476562
67,0.096484,0.558320,16754.091797
68,0.098148,0.555264,17003.582031
69,0.087976,0.545657,17253.136719
70,0.066978,0.535628,17502.742188
71,0.048458,0.533633,17752.298828
72,0.015356,0.534698,18001.873047
73,0.988013,0.539239,18251.406250
74,0.973428,0.542694,18500.982422
75,0.959829,0.542859,18750.623047
76,0.951904,0.543266,19000.191406
77,0.943664,0.546793,19266.281250
78,0.936513,0.548858,19515.916016
79,0.923792,0.548606,19765.511719
80,0.884676,0.554474,20015.029297
81,0.839092,0.561212,20264.566406
82,0.820845,0.566405,20514.144531
83,0.810550,0.566568,20763.765625
84,0.802173,0.565773,21013.244141
85,0.795994,0.566391,21262.839844
86,0.794496,0.567649,21512.435547
87,0.792463,0.571283,21761.976562
88,0.775058,0.579454,22011.498047
89,0.717746,0.576234,22261.115234
90,0.678333,0.572729,22510.677734
91,0.672185,0.569275,22760.230469
92,0.660716,0.561665,23009.812500
93,0.649612,0.555859,23259.390625
94,0.643063,0.556248,23508.927734
95,0.634260,0.561014,23758.457031
96,0.583544,0.557717,24008.048828
97,0.517419,0.545079,24257.597656
98,0.500059,0.542356,24507.183594
99,0.502782,0.541158,24756.734375
0,0.751716,0.605304,0.026790
1,0.753253,0.606778,266.176788
2,0.757018,0.607865,515.783325
3,0.767391,0.608430,765.371033
4,0.767441,0.610461,1014.889038
5,0.731189,0.607580,1264.434814
6,0.687406,0.601390,1514.042847
7,0.668188,0.601911,1763.600098
8,0.663410,0.603905,2013.150024
9,0.673539,0.623867,2262.720215
10,0.692122,0.651437,2512.304932
11,0.718552,0.678428,2761.846191
12,0.738944,0.705489,3011.405762
13,0.781052,0.732386,3260.990479
14,0.819892,0.731923,3510.560791
15,0.869429,0.712013,3760.075684
16,0.908817,0.687632,4009.683105
17,0.931685,0.657261,4259.242188
18,0.959576,0.630417,4508.831543
19,0.974321,0.614000,4758.321777
20,0.005012,0.578622,5007.919922
21,0.031119,0.568310,5257.488281
22,0.058620,0.570523,5507.033203
23,0.091246,0.573831,5756.673828
24,0.124405,0.575025,6006.196777
25,0.152190,0.574702,6255.729980
26,0.172839,0.579146,6505.281738
27,0.188157,0.583176,6754.871094
28,0.206632,0.583073,7004.417969
29,0.239792,0.551401,7253.989746
30,0.267979,0.542354,7503.539062
31,0.279028,0.553861,7753.111328
32,0.277265,0.568211,8002.679199
33,0.272119,0.611003,8252.232422
34,0.263811,0.666425,8501.829102
35,0.248830,0.711472,8751.365234
36,0.241314,0.725559,9000.935547
37,0.239585,0.728992,9250.513672
38,0.242937,0.728994,9500.057617
39,0.241793,0.730538,9766.248047
40,0.236927,0.732402,10015.834961
41,0.227105,0.733345,10265.435547
42,0.215350,0.735536,10514.958984
43,0.198897,0.738245,10764.538086
44,0.158956,0.730931,11014.079102
45,0.091066,0.703656,11263.660156
46,0.040780,0.682333,11513.203125
47,0.009177,0.673143,11762.779297
48,0.981104,0.675067,12012.326172
49,0.968802,0.678366,12261.890625
50,0.970845,0.684122,12511.464844
51,0.965596,0.673443,12761.044922
52,0.946624,0.645272,13010.595703
53,0.935713,0.602584,13260.184570
54,0.932800,0.541368,13509.737305
55,0.936850,0.508375,13759.274414
56,0.944777,0.486465,14008.881836
57,0.943628,0.481210,14258.397461
58,0.908723,0.492802,14507.983398
59,0.842432,0.515423,14757.558594
60,0.783123,0.529359,15007.110352
61,0.716946,0.540474,15256.659180
62,0.661475,0.550032,15506.225586
63,0.622132,0.557581,15755.785156
64,0.581273,0.564553,16005.353516
65,0.535322,0.566979,16254.914062
66,0.500614,0.570275,16504.474609
67,0.477798,0.572696,16754.048828
68,0.465597,0.578767,17003.619141
69,0.458295,0.584248,17253.169922
70,0.448102,0.587322,17502.736328
71,0.448201,0.578425,17752.298828
72,0.468825,0.565966,18001.871094
73,0.484299,0.570037,18251.427734
74,0.487625,0.598268,18501.023438
75,0.489384,0.622099,18750.562500
76,0.490217,0.635041,19000.109375
77,0.501257,0.643327,19266.322266
78,0.513259,0.644530,19515.886719
79,0.539989,0.637717,19765.468750
80,0.566472,0.630231,20015.037109
81,0.535979,0.622656,20264.591797
82,0.452635,0.593318,20514.160156
83,0.404011,0.580110,20763.705078
84,0.380900,0.584343,21013.273438
85,0.377352,0.597771,21262.828125
86,0.368477,0.630382,21512.400391
87,0.359274,0.646658,21761.992188
88,0.340290,0.624667,22011.517578
89,0.309008,0.587476,22261.076172
90,0.293756,0.593440,22510.646484
91,0.310182,0.639855,22760.222656
92,0.325007,0.681738,23009.779297
93,0.337931,0.701328,23259.363281
94,0.340560,0.709602,23508.906250
95,0.346462,0.709882,23758.458984
96,0.356490,0.708393,24008.021484
97,0.349177,0.715508,24257.605469
98,0.344602,0.719167,24507.187500
99,0.345339,0.719751,24756.720703
0,0.750282,0.490294,0.033179
1,0.749340,0.492471,266.270844
2,0.750843,0.500440,515.815186
3,0.758831,0.534749,765.338745
4,0.766693,0.594272,1014.926514
5,0.763433,0.632360,1264.462280
6,0.744420,0.663926,1514.077393
7,0.706815,0.700425,1763.611206
8,0.663367,0.709614,2013.176636
9,0.631610,0.681904,2262.744141
10,0.617705,0.621330,2512.322510
11,0.604228,0.601080,2761.947510
12,0.572048,0.655570,3011.409668
13,0.537145,0.773839,3261.014404
14,0.519579,0.830432,3510.584473
15,0.510900,0.852191,3760.126465
16,0.476475,0.823559,4009.692383
17,0.448195,0.784505,4259.250488
18,0.433136,0.751481,4508.833496
19,0.442349,0.721478,4758.363770
20,0.434652,0.710231,5007.977539
21,0.426079,0.691108,5257.508789
22,0.431921,0.656875,5507.075195
23,0.438093,0.592817,5756.657715
24,0.446180,0.539193,6006.202637
25,0.451718,0.512111,6255.748535
26,0.454134,0.485027,6505.350098
27,0.470242,0.458626,6754.910645
28,0.462214,0.464035,7004.473145
29,0.423628,0.484657,7254.017578
30,0.397159,0.516312,7503.592773
31,0.372844,0.541420,7753.162109
32,0.344418,0.558457,8002.688965
33,0.313972,0.573741,8252.290039
34,0.283909,0.530945,8501.833008
35,0.263921,0.516140,8751.385742
36,0.243520,0.521152,9000.956055
37,0.224779,0.541114,9250.539062
38,0.207288,0.579361,9500.110352
39,0.195023,0.643394,9766.289062
40,0.202002,0.689008,10015.850586
41,0.232213,0.702057,10265.427734
42,0.227711,0.705679,10514.971680
43,0.182480,0.683328,10764.568359
44,0.112334,0.619705,11014.114258
45,0.075212,0.573734,11263.711914
46,0.050474,0.548481,11513.253906
47,0.036361,0.532642,11762.798828
48,0.032875,0.519879,12012.379883
49,0.029312,0.512075,12261.933594
50,0.031005,0.497339,12511.529297
51,0.037441,0.474641,12761.041016
52,0.041490,0.454626,13010.625000
53,0.041020,0.461447,13260.190430
54,0.024643,0.491695,13509.759766
55,0.010937,0.515509,13759.346680
56,0.995702,0.552663,14008.896484
57,0.971730,0.581230,14258.458984
58,0.935535,0.626490,14507.987305
59,0.886135,0.637454,14757.592773
60,0.851102,0.611867,15007.142578
61,0.840032,0.610997,15256.711914
62,0.835178,0.615740,15506.274414
63,0.837577,0.623772,15755.839844
64,0.844663,0.624570,16005.387695
65,0.867065,0.635336,16254.946289
66,0.893926,0.658135,16504.533203
67,0.919423,0.680263,16754.070312
68,0.943334,0.703104,17003.644531
69,0.973892,0.734286,17253.195312
70,0.002004,0.740832,17502.783203
71,0.022960,0.737466,17752.339844
72,0.035203,0.737684,18001.906250
73,0.047837,0.731965,18251.488281
74,0.065901,0.721605,18501.054688
75,0.092331,0.666641,18750.589844
76,0.106958,0.595615,19000.142578
77,0.113212,0.536929,19266.355469
78,0.107075,0.493291,19515.945312
79,0.117208,0.458176,19765.478516
80,0.134507,0.425917,20015.056641
81,0.157787,0.403650,20264.609375
82,0.194375,0.397318,20514.181641
83,0.227229,0.404608,20763.742188
84,0.253737,0.416280,21013.300781
85,0.277372,0.428957,21262.863281
86,0.298012,0.436667,21512.433594
87,0.318886,0.442693,21762.015625
88,0.347046,0.456177,22011.546875
89,0.367430,0.461934,22261.142578
90,0.377266,0.464247,22510.701172
91,0.393457,0.473579,22760.250000
92,0.409439,0.465632,23009.824219
93,0.423226,0.469360,23259.369141
94,0.434806,0.470250,23508.937500
95,0.447012,0.471832,23758.490234
96,0.461310,0.467557,24008.099609
97,0.473244,0.462640,24257.632812
98,0.483312,0.460485,24507.181641
99,0.486186,0.460594,24756.759766
0,0.750299,0.580257,-0.012710
1,0.750392,0.581164,266.143738
2,0.752105,0.579523,515.790161
3,0.762290,0.561493,765.290527
4,0.781545,0.550797,1014.894958
5,0.796219,0.555650,1264.462769
6,0.791989,0.566866,1513.965454
7,0.767183,0.570502,1763.612793
8,0.735286,0.574099,2013.200562
9,0.702782,0.575726,2262.788818
10,0.658296,0.583460,2512.253174
11,0.614101,0.593358,2761.855469
12,0.565690,0.604304,3011.373779
13,0.528906,0.611856,3260.953857
14,0.509227,0.614962,3510.545166
15,0.507172,0.619745,3760.092285
16,0.517312,0.616022,4009.697266
17,0.527729,0.617646,4259.169922
18,0.532259,0.619751,4508.793945
19,0.532007,0.622728,4758.328613
20,0.531167,0.624434,5007.879395
21,0.531655,0.624698,5257.492188
22,0.532816,0.624899,5507.061035
23,0.533985,0.625961,5756.629883
24,0.536328,0.626586,6006.122070
25,0.540342,0.628314,6255.743652
26,0.547926,0.629566,6505.276367
27,0.559449,0.633521,6754.874512
28,0.573547,0.645840,7004.412109
29,0.586126,0.661592,7253.980957
30,0.602914,0.669692,7503.558594
31,0.661447,0.665450,7753.073242
32,0.715712,0.658427,8002.633789
33,0.754326,0.659047,8268.892578
34,0.788785,0.654908,8501.808594
35,0.834149,0.643529,8751.490234
36,0.878557,0.635509,9000.973633
37,0.906886,0.629654,9250.481445
38,0.933837,0.623861,9500.040039
39,0.959782,0.622403,9766.235352
40,0.980922,0.623809,10015.908203
41,0.996624,0.624241,10265.381836
42,0.001194,0.623632,10514.969727
43,0.995953,0.625568,10764.580078
44,0.987278,0.628338,11014.106445
45,0.977113,0.640274,11263.634766
46,0.956501,0.632614,11513.203125
47,0.946187,0.631630,11762.735352
48,0.948936,0.638500,12012.371094
49,0.956433,0.633938,12261.864258
50,0.966118,0.628221,12511.535156
51,0.976090,0.628916,12761.073242
52,0.986662,0.629364,13027.302734
53,0.996588,0.629674,13260.127930
54,0.004611,0.629229,13509.729492
55,0.010222,0.629488,13759.334961
56,0.011751,0.629647,14008.862305
57,0.008682,0.629982,14258.423828
58,0.003274,0.632483,14507.949219
59,0.996354,0.632619,14757.553711
60,0.984041,0.631577,15007.097656
61,0.969652,0.630401,15256.681641
62,0.950314,0.622682,15506.257812
63,0.890710,0.575381,15755.861328
64,0.834562,0.551412,16005.343750
65,0.817084,0.555819,16255.014648
66,0.805373,0.559520,16504.494141
67,0.788644,0.565309,16754.017578
68,0.796420,0.570653,17003.644531
69,0.805541,0.579159,17253.175781
70,0.808830,0.586229,17502.751953
71,0.818616,0.572382,17752.269531
72,0.853278,0.531311,18001.880859
73,0.895580,0.534157,18251.427734
74,0.923854,0.561582,18500.962891
75,0.914759,0.575469,18750.591797
76,0.913910,0.600127,19000.148438
77,0.917346,0.606041,19266.330078
78,0.926032,0.609550,19515.988281
79,0.939663,0.611595,19765.458984
80,0.945008,0.613361,20015.115234
81,0.940796,0.616265,20264.587891
82,0.930773,0.622793,20514.109375
83,0.917562,0.628200,20763.757812
84,0.901634,0.629375,21013.322266
85,0.880626,0.630597,21262.837891
86,0.860652,0.632538,21512.384766
87,0.850359,0.632032,21761.968750
88,0.855091,0.633387,22011.535156
89,0.868857,0.635120,22261.070312
90,0.890393,0.634068,22510.738281
91,0.909956,0.632214,22760.208984
92,0.919852,0.632112,23009.873047
93,0.922009,0.630111,23259.337891
94,0.915976,0.627808,23508.876953
95,0.900791,0.616829,23758.462891
96,0.879813,0.603104,24008.001953
97,0.859980,0.592655,24257.652344
98,0.848789,0.588394,24507.201172
99,0.842961,0.587830,24756.783203
0,0.750302,0.503298,0.002406
1,0.751041,0.514165,266.196686
2,0.733461,0.550972,515.818726
3,0.674384,0.582327,765.338745
4,0.639463,0.598341,1014.900085
5,0.627897,0.604903,1264.498169
6,0.621791,0.611503,1514.073242
7,0.659268,0.644102,1763.630859
8,0.769754,0.658731,2013.149414
9,0.862274,0.644653,2262.813965
10,0.922351,0.626892,2512.316895
11,0.958160,0.613061,2761.887451
12,0.996659,0.596242,3011.509521
13,0.023579,0.611645,3260.993896
14,0.056501,0.643455,3510.634033
15,0.081092,0.657824,3760.097412
16,0.120514,0.656786,4009.754150
17,0.164950,0.627365,4259.215820
18,0.194382,0.593565,4508.843262
19,0.212701,0.573492,4758.388672
20,0.243257,0.570101,5007.947266
21,0.280597,0.568042,5257.504883
22,0.312654,0.567344,5507.067871
23,0.355588,0.566317,5756.710938
24,0.406814,0.568692,6006.176758
25,0.436153,0.555214,6255.745117
26,0.403775,0.464778,6505.382812
27,0.332980,0.373303,6754.966309
28,0.243197,0.383966,7004.465332
29,0.154262,0.453522,7254.001953
30,0.087365,0.507336,7503.598145
31,0.046008,0.549710,7753.152832
32,0.012307,0.573425,8002.784668
33,0.011889,0.598151,8252.247070
34,0.025779,0.631647,8501.870117
35,0.976379,0.656285,8751.422852
36,0.899058,0.639410,9000.924805
37,0.834255,0.610353,9250.516602
38,0.799818,0.605292,9500.118164
39,0.771067,0.613825,9766.318359
40,0.735572,0.614882,10015.930664
41,0.691841,0.611354,10265.393555
42,0.659627,0.589151,10515.064453
43,0.628399,0.565014,10764.564453
44,0.593032,0.566668,11014.109375
45,0.557459,0.574135,11263.656250
46,0.524892,0.576259,11513.295898
47,0.497315,0.577468,11762.836914
48,0.471223,0.578175,12012.430664
49,0.446476,0.579505,12261.920898
50,0.422809,0.576237,12511.497070
51,0.398661,0.576452,12761.040039
52,0.374256,0.580578,13010.686523
53,0.346072,0.583881,13260.164062
54,0.328004,0.583181,13509.755859
55,0.312115,0.579511,13759.342773
56,0.291342,0.578184,14008.905273
57,0.263478,0.577432,14258.448242
58,0.236684,0.577353,14507.976562
59,0.208918,0.581157,14757.606445
60,0.183200,0.585467,15007.223633
61,0.164645,0.585933,15256.685547
62,0.156445,0.577120,15506.269531
63,0.188525,0.579785,15755.823242
64,0.232037,0.575275,16005.402344
65,0.306666,0.560344,16254.942383
66,0.370088,0.555912,16504.560547
67,0.406433,0.551819,16754.136719
68,0.442033,0.535265,17003.638672
69,0.487088,0.527041,17253.210938
70,0.536503,0.531837,17502.750000
71,0.579022,0.535553,17752.322266
72,0.623786,0.535952,18001.912109
73,0.674449,0.536123,18251.435547
74,0.720740,0.533773,18501.062500
75,0.764349,0.528474,18750.640625
76,0.816180,0.527138,19000.136719
77,0.863978,0.523969,19266.339844
78,0.892992,0.518079,19515.937500
79,0.919423,0.518543,19765.486328
80,0.946387,0.517682,20015.019531
81,0.975005,0.507034,20264.617188
82,0.005547,0.506344,20514.195312
83,0.042865,0.506318,20763.808594
84,0.070581,0.463675,21013.271484
85,0.073631,0.423790,21262.875000
86,0.078919,0.455011,21512.431641
87,0.070885,0.497481,21761.960938
88,0.045815,0.551890,22011.556641
89,0.005906,0.581754,22261.175781
90,0.946514,0.643382,22510.687500
91,0.872903,0.768363,22760.224609
92,0.827258,0.829202,23009.818359
93,0.797253,0.841233,23259.376953
94,0.772447,0.839396,23508.925781
95,0.734329,0.786461,23758.542969
96,0.676569,0.745826,24008.091797
97,0.629278,0.735063,24257.689453
98,0.613561,0.740610,24507.189453
99,0.609865,0.746864,24756.806641
0,0.750046,0.387327,0.010272
1,0.749455,0.395675,266.029053
2,0.748868,0.485059,515.664124
3,0.763691,0.590294,765.150635
4,0.777067,0.608445,1014.751770
5,0.781872,0.606141,1264.232910
6,0.784365,0.603088,1513.955933
7,0.784500,0.604797,1763.549438
8,0.784565,0.603299,2012.976562
9,0.780676,0.599457,2262.716553
10,0.725620,0.588405,2512.085205
11,0.676213,0.575050,2761.704102
12,0.674031,0.572259,3011.196045
13,0.675188,0.572908,3260.909180
14,0.678896,0.575217,3510.362793
15,0.722786,0.615351,3759.990967
16,0.758216,0.685668,4009.470947
17,0.732267,0.748903,4259.102539
18,0.725360,0.793576,4508.729004
19,0.746880,0.844114,4758.286621
20,0.755306,0.870412,5007.850098
21,0.734104,0.872927,5257.291504
22,0.674772,0.861291,5506.932129
23,0.610726,0.838846,5756.513672
24,0.559623,0.800613,6005.950684
25,0.515467,0.726571,6255.556641
26,0.492391,0.644282,6505.149902
27,0.474833,0.580564,6754.712891
28,0.448324,0.543982,7004.302246
29,0.410575,0.529805,7253.784668
30,0.395887,0.521029,7503.434570
31,0.418606,0.464784,7752.968750
32,0.473259,0.320623,8002.498047
33,0.514732,0.209905,8252.200195
34,0.537906,0.141174,8501.682617
35,0.551598,0.102137,8751.306641
36,0.565163,0.087099,9000.733398
37,0.615102,0.079232,9250.437500
38,0.765662,0.085883,9516.477539
39,0.866349,0.122153,9766.108398
40,0.945833,0.206337,10049.017578
41,0.958684,0.170865,10265.247070
42,0.966635,0.105172,10531.440430
43,0.967580,0.068254,10780.970703
44,0.977265,0.036281,11030.562500
45,0.244188,0.012801,11280.051758
46,0.397407,0.031846,11529.731445
47,0.345280,0.029324,11779.213867
48,0.144856,0.045979,12028.809570
49,0.107279,0.120917,12261.665039
50,0.115144,0.268271,12527.930664
51,0.123638,0.388061,12760.783203
52,0.110460,0.482753,13010.453125
53,0.079897,0.533364,13260.034180
54,0.053577,0.548731,13509.553711
55,0.998681,0.542084,13759.172852
56,0.982103,0.539880,14008.632812
57,0.977191,0.538994,14258.270508
58,0.976395,0.537601,14541.023438
59,0.980131,0.542855,14774.010742
60,0.997319,0.562327,15023.520508
61,0.026570,0.575535,15273.187500
62,0.046372,0.600168,15522.743164
63,0.096151,0.595491,15772.273438
64,0.168578,0.538383,16005.134766
65,0.191457,0.512899,16271.394531
66,0.194024,0.511720,16520.998047
67,0.192492,0.513075,16770.515625
68,0.191656,0.511392,17003.460938
69,0.191012,0.512904,17252.958984
70,0.199773,0.519893,17502.601562
71,0.240043,0.528991,17768.724609
72,0.273796,0.522963,18001.689453
73,0.287512,0.524316,18251.216797
74,0.265721,0.528893,18500.816406
75,0.143984,0.521336,18750.335938
76,0.059655,0.516411,19016.587891
77,0.015865,0.522409,19332.693359
78,0.980536,0.521994,19582.371094
79,0.956952,0.522065,19831.771484
80,0.940441,0.525222,20081.445312
81,0.878361,0.518865,20314.314453
82,0.837195,0.516883,20563.878906
83,0.814581,0.524968,20796.783203
84,0.801983,0.546003,21046.402344
85,0.797605,0.564545,21295.869141
86,0.797023,0.585652,21545.552734
87,0.798305,0.666417,21794.986328
88,0.793195,0.748716,22027.988281
89,0.773270,0.805862,22277.546875
90,0.766020,0.843192,22510.507812
91,0.748708,0.868348,22759.996094
92,0.674987,0.872428,23042.882812
93,0.634487,0.894231,23259.087891
94,0.609050,0.907434,23541.957031
95,0.599720,0.907029,23774.851562
96,0.577901,0.878501,24041.070312
97,0.535255,0.805384,24274.087891
98,0.541991,0.793693,24523.625000
99,0.544633,0.780811,24773.255859
0,0.752642,0.489314,0.051166
1,0.755747,0.487080,266.256866
2,0.758455,0.503704,515.818237
3,0.776488,0.537480,765.487244
4,0.786482,0.566352,1014.967957
5,0.784315,0.575989,1264.530151
6,0.782632,0.575925,1514.122070
7,0.781935,0.575292,1763.704834
8,0.782488,0.576355,2013.243042
9,0.782509,0.577697,2262.763672
10,0.782236,0.579124,2512.321045
11,0.782532,0.582947,2761.993408
12,0.786132,0.599147,3011.487305
13,0.801750,0.631880,3261.037598
14,0.816675,0.651587,3510.635498
15,0.824143,0.650356,3760.136963
16,0.839156,0.640867,4009.731445
17,0.835498,0.634732,4259.268066
18,0.835297,0.625103,4508.927734
19,0.860449,0.602926,4758.498535
20,0.885855,0.585332,5007.995605
21,0.895753,0.582842,5257.598145
22,0.903500,0.579713,5507.111816
23,0.911383,0.577075,5756.669434
24,0.919420,0.575344,6006.337891
25,0.928203,0.572257,6255.841309
26,0.936113,0.566795,6505.368652
27,0.942060,0.561453,6754.912109
28,0.948310,0.558681,7004.520508
29,0.955732,0.558573,7254.062988
30,0.963160,0.558524,7503.604980
31,0.971000,0.559161,7753.213867
32,0.976454,0.559678,8002.771484
33,0.979185,0.558963,8252.416016
34,0.981488,0.556553,8501.859375
35,0.980924,0.556395,8751.469727
36,0.980254,0.557180,9001.006836
37,0.981779,0.556102,9250.544922
38,0.986078,0.561721,9500.184570
39,0.993023,0.573429,9766.397461
40,0.000471,0.572769,10015.899414
41,0.005912,0.572192,10265.510742
42,0.008248,0.577598,10515.009766
43,0.997557,0.607031,10764.592773
44,0.996868,0.629546,11014.201172
45,0.004329,0.641879,11263.702148
46,0.011288,0.642267,11513.320312
47,0.020415,0.641432,11762.905273
48,0.030911,0.640755,12012.444336
49,0.040880,0.639122,12261.939453
50,0.057700,0.637651,12511.545898
51,0.079347,0.635654,12761.120117
52,0.102216,0.626519,13010.674805
53,0.125409,0.610773,13260.305664
54,0.143567,0.596895,13509.772461
55,0.156100,0.584274,13759.430664
56,0.164902,0.574167,14008.908203
57,0.171942,0.567720,14258.568359
58,0.181060,0.567524,14508.044922
59,0.185754,0.561653,14757.631836
60,0.188101,0.556970,15007.194336
61,0.194650,0.557544,15256.822266
62,0.194790,0.557167,15506.331055
63,0.191709,0.555077,15755.854492
64,0.189127,0.557083,16005.456055
65,0.186801,0.551383,16254.976562
66,0.187225,0.547491,16504.544922
67,0.192431,0.552206,16754.105469
68,0.201825,0.556657,17003.708984
69,0.215407,0.556191,17253.277344
70,0.229283,0.556986,17502.835938
71,0.230136,0.551131,17752.396484
72,0.227443,0.544468,18001.927734
73,0.230958,0.538940,18251.500000
74,0.233928,0.531262,18501.044922
75,0.239121,0.528362,18750.738281
76,0.254300,0.532333,19000.167969
77,0.276585,0.537315,19266.396484
78,0.286907,0.538567,19516.023438
79,0.291539,0.546662,19765.521484
80,0.296680,0.554823,20015.085938
81,0.300773,0.572296,20264.765625
82,0.309221,0.597425,20514.189453
83,0.318667,0.606900,20763.849609
84,0.325636,0.602359,21013.361328
85,0.331615,0.594774,21262.916016
86,0.336353,0.587005,21512.476562
87,0.341488,0.579654,21762.089844
88,0.347559,0.574875,22011.625000
89,0.358336,0.572021,22261.142578
90,0.368147,0.572856,22510.789062
91,0.380753,0.573714,22760.277344
92,0.394756,0.572935,23009.830078
93,0.408329,0.569710,23259.503906
94,0.417289,0.566545,23509.039062
95,0.426407,0.563450,23758.603516
96,0.434173,0.562843,24008.115234
97,0.439348,0.561254,24257.689453
98,0.446426,0.557603,24507.214844
99,0.454992,0.543135,24756.839844
0,0.756467,0.587270,0.008695
1,0.766067,0.576702,266.191528
2,0.775134,0.585507,515.740845
3,0.777443,0.590052,765.326294
4,0.778353,0.592344,1014.864441
5,0.779512,0.593324,1264.452271
6,0.780380,0.594819,1513.990356
7,0.779949,0.595691,1763.682251
8,0.780287,0.596141,2013.119629
9,0.780470,0.598168,2262.740723
10,0.780191,0.600602,2512.322021
11,0.778605,0.603979,2761.833252
12,0.773620,0.607420,3011.400879
13,0.750618,0.612468,3260.949951
14,0.709765,0.616898,3510.544678
15,0.686867,0.615502,3760.073242
16,0.681853,0.615021,4009.639160
17,0.681643,0.614864,4259.208496
18,0.658262,0.615906,4508.780273
19,0.603809,0.615723,4758.351562
20,0.555729,0.611424,5008.025391
21,0.522287,0.607297,5257.503906
22,0.512534,0.613462,5507.022461
23,0.527721,0.658694,5756.625488
24,0.588569,0.734482,6006.203125
25,0.607860,0.762307,6255.697754
26,0.570088,0.734409,6505.267090
27,0.507774,0.643877,6754.885254
28,0.487551,0.605851,7004.450195
29,0.478416,0.596838,7253.953613
30,0.471498,0.593360,7503.565918
31,0.465648,0.590128,7753.159180
32,0.455051,0.589270,8002.669922
33,0.443789,0.590039,8252.208984
34,0.425470,0.589313,8501.834961
35,0.388537,0.582460,8751.330078
36,0.375164,0.581387,9000.899414
37,0.350648,0.584130,9250.497070
38,0.291239,0.585511,9500.157227
39,0.263587,0.581465,9766.289062
40,0.251552,0.578037,10015.851562
41,0.237665,0.572633,10265.400391
42,0.228516,0.565467,10515.042969
43,0.208531,0.571920,10764.500000
44,0.175833,0.577948,11014.060547
45,0.131382,0.592211,11263.684570
46,0.121453,0.586230,11513.296875
47,0.117214,0.561511,11762.864258
48,0.132987,0.530019,12012.342773
49,0.197045,0.534228,12261.961914
50,0.254296,0.525665,12511.434570
51,0.276166,0.529027,12761.037109
52,0.289519,0.529927,13010.588867
53,0.331439,0.535377,13260.240234
54,0.403109,0.535510,13509.783203
55,0.446227,0.565326,13759.302734
56,0.445745,0.636854,14008.892578
57,0.451435,0.680193,14258.421875
58,0.473838,0.765450,14508.025391
59,0.497406,0.806660,14757.579102
60,0.518180,0.858725,15007.126953
61,0.551522,0.874063,15256.719727
62,0.577952,0.864346,15506.216797
63,0.579185,0.844169,15755.822266
64,0.583656,0.816052,16005.360352
65,0.606914,0.753642,16254.910156
66,0.633599,0.686363,16504.529297
67,0.659614,0.665905,16754.138672
68,0.696326,0.658858,17003.626953
69,0.732619,0.646800,17253.175781
70,0.759761,0.636184,17502.757812
71,0.780007,0.624522,17752.300781
72,0.793916,0.614521,18001.898438
73,0.801230,0.603301,18251.503906
74,0.808768,0.599327,18501.027344
75,0.817564,0.596385,18750.640625
76,0.822617,0.593154,19000.109375
77,0.842034,0.591538,19266.310547
78,0.887807,0.587714,19515.888672
79,0.902307,0.586597,19765.462891
80,0.906232,0.580216,20015.037109
81,0.915999,0.571219,20264.583984
82,0.948634,0.548976,20514.142578
83,0.958321,0.548775,20763.728516
84,0.906151,0.569222,21013.285156
85,0.853469,0.577475,21262.812500
86,0.835792,0.580530,21512.378906
87,0.826254,0.581350,21761.945312
88,0.821634,0.579020,22011.501953
89,0.818307,0.582623,22261.070312
90,0.816994,0.585076,22510.656250
91,0.817686,0.585890,22760.207031
92,0.816779,0.587563,23009.771484
93,0.816245,0.587952,23259.359375
94,0.813142,0.591972,23508.900391
95,0.809841,0.597454,23758.462891
96,0.810331,0.601757,24008.021484
97,0.811290,0.603484,24257.619141
98,0.810514,0.602324,24507.195312
99,0.812747,0.601473,24756.738281
0,0.749961,0.506687,0.009567
1,0.749869,0.507759,266.197083
2,0.752912,0.529722,515.744080
3,0.781876,0.607926,765.292847
4,0.794670,0.646016,1014.893494
5,0.785412,0.644200,1264.462158
6,0.738908,0.627584,1513.986938
7,0.650516,0.607530,1763.647095
8,0.629254,0.602616,2013.235718
9,0.633872,0.608886,2262.752686
10,0.675689,0.681461,2512.260986
11,0.783502,0.730229,2761.809570
12,0.866953,0.711781,3011.375488
13,0.914242,0.657214,3260.947998
14,0.956175,0.594421,3510.616943
15,0.963859,0.573418,3760.130127
16,0.966401,0.575197,4009.683594
17,0.973738,0.576605,4259.180664
18,0.978529,0.556307,4508.787109
19,0.997019,0.524253,4758.365723
20,0.025750,0.504005,5007.897461
21,0.046147,0.491223,5257.485352
22,0.068161,0.503241,5507.128906
23,0.106519,0.542027,5756.622559
24,0.155529,0.553905,6006.128906
25,0.180056,0.542711,6255.728027
26,0.182967,0.531960,6505.272949
27,0.179670,0.545665,6754.817383
28,0.188223,0.545738,7004.469238
29,0.206916,0.542109,7253.983398
30,0.233156,0.546093,7503.523926
31,0.237974,0.546839,7753.116699
32,0.268940,0.536091,8002.638184
33,0.287476,0.529710,8252.237305
34,0.319861,0.538796,8501.791992
35,0.356098,0.553953,8751.401367
36,0.391180,0.559879,9000.957031
37,0.422020,0.557089,9250.512695
38,0.442743,0.549046,9500.048828
39,0.455350,0.541108,9766.269531
40,0.462600,0.541080,10015.818359
41,0.445579,0.570483,10265.394531
42,0.420533,0.579386,10514.965820
43,0.386992,0.567414,10764.499023
44,0.380633,0.548065,11014.091797
45,0.442818,0.519376,11263.647461
46,0.499331,0.498216,11513.188477
47,0.519494,0.466208,11762.789062
48,0.520515,0.467336,12012.352539
49,0.489316,0.467363,12261.880859
50,0.456112,0.457336,12511.475586
51,0.437618,0.467906,12761.031250
52,0.409974,0.498499,13010.641602
53,0.398485,0.516855,13260.145508
54,0.400092,0.523804,13509.791016
55,0.406642,0.556552,13759.286133
56,0.417300,0.580442,14008.809570
57,0.416929,0.589614,14258.445312
58,0.414712,0.591078,14508.009766
59,0.391948,0.583309,14757.561523
60,0.329411,0.548194,15007.077148
61,0.262984,0.495740,15256.692383
62,0.228284,0.464622,15506.304688
63,0.224543,0.448889,15755.760742
64,0.233591,0.445408,16005.369141
65,0.246864,0.450852,16254.953125
66,0.263672,0.458974,16504.507812
67,0.233408,0.479404,16754.019531
68,0.168437,0.497452,17003.634766
69,0.115927,0.514304,17253.187500
70,0.074233,0.511183,17502.718750
71,0.048005,0.497250,17752.333984
72,0.018460,0.515528,18001.945312
73,0.997643,0.526942,18251.458984
74,0.968926,0.535545,18500.974609
75,0.916366,0.545628,18750.638672
76,0.864724,0.540960,19000.183594
77,0.827122,0.540468,19266.306641
78,0.800076,0.552502,19516.003906
79,0.771815,0.551833,19765.470703
80,0.735819,0.549822,20015.005859
81,0.700843,0.552597,20264.568359
82,0.686566,0.545635,20514.125000
83,0.676083,0.540193,20763.726562
84,0.666057,0.543427,21013.242188
85,0.666928,0.532425,21262.894531
86,0.680101,0.541490,21512.357422
87,0.697931,0.533990,21761.996094
88,0.702962,0.523003,22011.537109
89,0.701509,0.518467,22261.101562
90,0.705322,0.512964,22510.662109
91,0.716946,0.507671,22760.234375
92,0.723945,0.529324,23009.888672
93,0.730563,0.571185,23259.320312
94,0.734692,0.560771,23508.947266
95,0.729615,0.445363,23758.455078
96,0.725079,0.425696,24008.015625
97,0.731741,0.454475,24257.580078
98,0.756160,0.474351,24507.195312
99,0.795433,0.505331,24756.771484
0,0.765567,0.539659,-0.109157
1,0.787079,0.543378,266.057831
2,0.807987,0.565706,515.732117
3,0.826721,0.591082,765.185547
4,0.851094,0.633495,1014.774475
5,0.876987,0.690475,1264.406250
6,0.883320,0.725445,1513.923584
7,0.913889,0.723804,1763.463257
8,0.928317,0.739989,2013.039307
9,0.953322,0.794482,2262.623291
10,0.969025,0.841476,2512.221436
11,0.991435,0.864607,2761.691162
12,0.001665,0.872136,3011.260010
13,0.022297,0.872425,3260.890625
14,0.072085,0.872729,3510.385498
15,0.106491,0.869046,3760.037354
16,0.115333,0.878178,4009.570068
17,0.144010,0.867775,4259.148926
18,0.189034,0.857347,4508.679199
19,0.224847,0.857867,4758.239258
20,0.255095,0.860302,5007.793457
21,0.278922,0.861084,5257.346191
22,0.292823,0.859846,5506.903809
23,0.305156,0.859601,5756.464844
24,0.311914,0.855671,6006.058105
25,0.331418,0.813601,6255.606934
26,0.357583,0.747986,6505.190918
27,0.373890,0.693126,6754.750977
28,0.384763,0.663133,7004.301758
29,0.403320,0.656943,7253.899902
30,0.415797,0.656237,7503.412598
31,0.414677,0.658107,7753.013672
32,0.405139,0.661412,8002.592773
33,0.375239,0.661254,8252.115234
34,0.308247,0.647552,8501.712891
35,0.238648,0.626544,8751.245117
36,0.192969,0.600888,9000.818359
37,0.162493,0.566376,9250.389648
38,0.114154,0.548663,9516.581055
39,0.069360,0.550474,9766.149414
40,0.026203,0.552588,10015.696289
41,0.981741,0.550275,10265.275391
42,0.948937,0.549354,10514.821289
43,0.916045,0.560727,10764.388672
44,0.873007,0.603977,11013.978516
45,0.823722,0.619449,11263.542969
46,0.778680,0.626463,11513.117188
47,0.715085,0.622537,11762.648438
48,0.652839,0.608145,12012.200195
49,0.604365,0.596844,12261.767578
50,0.561847,0.589122,12511.339844
51,0.513496,0.583559,12760.890625
52,0.486559,0.577505,13010.501953
53,0.468479,0.566612,13260.035156
54,0.431751,0.568597,13509.588867
55,0.413963,0.586037,13759.183594
56,0.423642,0.591442,14008.715820
57,0.498089,0.537028,14258.309570
58,0.568256,0.471778,14507.844727
59,0.662829,0.416297,14757.428711
60,0.784570,0.387472,15006.995117
61,0.876642,0.397388,15256.552734
62,0.918345,0.419415,15506.093750
63,0.949008,0.464749,15755.722656
64,0.975369,0.526224,16005.243164
65,0.992320,0.569548,16254.795898
66,0.006960,0.590849,16504.361328
67,0.032318,0.601357,16753.914062
68,0.059372,0.608446,17003.490234
69,0.100915,0.620569,17253.050781
70,0.144871,0.628505,17502.611328
71,0.183424,0.635812,17752.183594
72,0.226825,0.638923,18001.730469
73,0.271026,0.642307,18251.326172
74,0.303419,0.649302,18500.863281
75,0.321526,0.659125,18750.431641
76,0.330885,0.672595,19016.625000
77,0.332419,0.679549,19266.183594
78,0.332249,0.682528,19515.775391
79,0.330762,0.696191,19765.333984
80,0.328790,0.722007,20014.884766
81,0.328638,0.737282,20264.445312
82,0.318335,0.746845,20514.025391
83,0.297259,0.749622,20763.574219
84,0.263444,0.739664,21013.138672
85,0.216056,0.699173,21262.726562
86,0.162489,0.657954,21512.285156
87,0.119344,0.618453,21761.863281
88,0.083249,0.583856,22011.412109
89,0.041424,0.551471,22260.964844
90,0.000731,0.535124,22510.519531
91,0.969705,0.529278,22760.082031
92,0.950052,0.511623,23009.701172
93,0.942217,0.500180,23259.224609
94,0.953430,0.505531,23508.792969
95,0.976944,0.518002,23758.375000
96,0.006780,0.526112,24007.957031
97,0.040540,0.520791,24257.494141
98,0.082416,0.489278,24507.035156
99,0.122586,0.448809,24756.630859
0,0.751536,0.421866,-0.013048
1,0.752441,0.422274,266.201447
2,0.753317,0.425888,515.762207
3,0.754517,0.433660,765.424438
4,0.756202,0.447493,1014.926270
5,0.759107,0.476408,1264.571777
6,0.761058,0.501348,1514.010864
7,0.761267,0.506196,1763.569580
8,0.749804,0.505176,2013.201050
9,0.694305,0.502269,2262.726562
10,0.671136,0.499151,2512.298096
11,0.669755,0.498749,2761.836426
12,0.671097,0.500716,3011.472656
13,0.662474,0.498979,3261.054688
14,0.647640,0.500328,3510.549805
15,0.629419,0.500919,3760.117920
16,0.608948,0.501321,4009.701416
17,0.588628,0.500655,4259.218262
18,0.563007,0.497725,4508.799316
19,0.532169,0.498589,4758.333984
20,0.500976,0.498635,5007.973145
21,0.480230,0.495038,5257.474121
22,0.468107,0.496521,5507.129395
23,0.447235,0.506731,5756.602539
24,0.425205,0.511425,6006.185547
25,0.401103,0.513091,6255.714355
26,0.382855,0.508805,6505.337891
27,0.379477,0.506001,6754.890625
28,0.379906,0.539580,7004.407227
29,0.374882,0.610664,7254.069336
30,0.382483,0.734459,7503.644043
31,0.393073,0.789385,7753.183594
32,0.399186,0.788040,8002.706055
33,0.401594,0.785086,8252.271484
34,0.402686,0.804793,8501.840820
35,0.392197,0.828824,8751.354492
36,0.390813,0.838538,9000.958008
37,0.374629,0.844513,9250.512695
38,0.366147,0.845223,9500.150391
39,0.367984,0.847666,9766.348633
40,0.373917,0.845841,10015.873047
41,0.380681,0.840811,10265.444336
42,0.389650,0.822311,10514.980469
43,0.367815,0.748550,10764.525391
44,0.319512,0.652279,11014.125977
45,0.290383,0.589197,11263.640625
46,0.278933,0.559815,11513.245117
47,0.280831,0.554302,11762.780273
48,0.281729,0.553359,12012.368164
49,0.288715,0.552396,12261.924805
50,0.305034,0.546567,12511.474609
51,0.316136,0.542024,12761.057617
52,0.308020,0.543268,13010.599609
53,0.300070,0.546470,13260.168945
54,0.305256,0.547953,13509.725586
55,0.311779,0.548107,13759.294922
56,0.311435,0.548581,14008.875000
57,0.305739,0.550241,14258.412109
58,0.298559,0.549017,14507.988281
59,0.298041,0.546187,14757.533203
60,0.303749,0.540235,15007.113281
61,0.350001,0.530098,15256.671875
62,0.450001,0.487066,15506.251953
63,0.480563,0.485970,15755.800781
64,0.481651,0.487522,16005.394531
65,0.480106,0.480305,16254.913086
66,0.476875,0.446787,16504.480469
67,0.477253,0.427326,16754.074219
68,0.478018,0.425740,17003.607422
69,0.476918,0.428274,17253.197266
70,0.474371,0.429110,17502.748047
71,0.472136,0.431253,17752.324219
72,0.469671,0.435201,18001.863281
73,0.467299,0.440418,18251.449219
74,0.464484,0.441108,18501.019531
75,0.457912,0.446425,18750.574219
76,0.445452,0.450089,19000.166016
77,0.428812,0.462245,19266.330078
78,0.407544,0.468184,19515.884766
79,0.390159,0.473392,19765.468750
80,0.387317,0.476491,20015.025391
81,0.394812,0.477350,20264.578125
82,0.402242,0.476496,20514.160156
83,0.407757,0.475048,20763.710938
84,0.394309,0.477296,21013.292969
85,0.352797,0.480504,21262.837891
86,0.255401,0.492649,21512.427734
87,0.144714,0.505447,21761.953125
88,0.090247,0.519022,22011.527344
89,0.075395,0.514089,22261.111328
90,0.064145,0.520278,22510.664062
91,0.066399,0.538019,22760.273438
92,0.091889,0.545467,23009.785156
93,0.169979,0.528328,23259.355469
94,0.194540,0.523419,23508.912109
95,0.179856,0.526378,23758.466797
96,0.090875,0.533677,24008.041016
97,0.011290,0.552931,24257.613281
98,0.003218,0.557934,24507.179688
99,0.019411,0.561870,24756.777344
0,0.750004,0.498892,0.057604
1,0.749250,0.502227,266.266541
2,0.747755,0.506655,515.896545
3,0.746068,0.509628,765.378723
4,0.740294,0.515672,1014.928650
5,0.722784,0.525191,1264.526978
6,0.701077,0.534016,1514.045166
7,0.681703,0.536242,1763.672485
8,0.641508,0.526479,2013.212158
9,0.588450,0.513581,2262.757324
10,0.558841,0.511080,2512.320801
11,0.529769,0.519617,2761.926758
12,0.504128,0.527423,3011.477539
13,0.481134,0.529654,3261.020508
14,0.449958,0.528672,3510.612061
15,0.416279,0.527693,3760.120605
16,0.414910,0.537676,4009.727295
17,0.422991,0.583609,4259.282715
18,0.438097,0.637875,4508.809570
19,0.462840,0.656856,4758.400391
20,0.481379,0.668824,5007.948730
21,0.514183,0.667263,5257.594727
22,0.570206,0.667499,5507.073242
23,0.640048,0.687354,5756.746582
24,0.714592,0.708707,6006.191406
25,0.775142,0.739806,6255.868164
26,0.807935,0.776277,6505.318359
27,0.824449,0.812013,6754.913086
28,0.853367,0.824561,7004.532715
29,0.906660,0.806955,7254.098633
30,0.949696,0.769082,7503.585449
31,0.975140,0.728837,7753.155273
32,0.980177,0.671556,8002.804199
33,0.979057,0.657942,8252.256836
34,0.992083,0.652311,8501.875000
35,0.013531,0.645359,8751.421875
36,0.028722,0.639837,9001.052734
37,0.038499,0.618736,9250.588867
38,0.052938,0.613440,9500.115234
39,0.067128,0.606814,9766.286133
40,0.094648,0.602277,10015.898438
41,0.121985,0.594976,10265.412109
42,0.152157,0.586760,10514.994141
43,0.168426,0.572943,10764.558594
44,0.176859,0.537838,11014.138672
45,0.182752,0.509958,11263.756836
46,0.196330,0.525395,11513.251953
47,0.236936,0.550580,11762.821289
48,0.268181,0.560753,12012.381836
49,0.275977,0.558855,12261.970703
50,0.266027,0.569191,12511.478516
51,0.245928,0.590791,12761.062500
52,0.214239,0.641100,13010.702148
53,0.168582,0.696152,13260.188477
54,0.209601,0.701445,13509.808594
55,0.244845,0.709638,13759.382812
56,0.245491,0.729471,14008.929688
57,0.243468,0.725642,14258.505859
58,0.238778,0.722684,14508.058594
59,0.237877,0.722775,14757.583008
60,0.239965,0.723980,15007.159180
61,0.241225,0.725399,15256.731445
62,0.244129,0.726280,15506.293945
63,0.248058,0.730347,15755.823242
64,0.239875,0.736088,16005.424805
65,0.181698,0.756203,16254.993164
66,0.089347,0.764992,16504.572266
67,0.029721,0.784077,16754.097656
68,0.007449,0.814672,17003.705078
69,0.997726,0.818830,17253.281250
70,0.983357,0.822866,17502.771484
71,0.989122,0.799931,17752.343750
72,0.996682,0.770510,18001.966797
73,0.992745,0.725458,18251.494141
74,0.995569,0.659936,18501.037109
75,0.995301,0.655147,18750.585938
76,0.979836,0.666038,19000.279297
77,0.978347,0.673748,19266.437500
78,0.980277,0.677326,19515.910156
79,0.983781,0.639218,19765.492188
80,0.969363,0.618746,20015.128906
81,0.937033,0.575131,20264.630859
82,0.918950,0.502471,20514.181641
83,0.868668,0.459804,20763.740234
84,0.738291,0.430719,21013.369141
85,0.611540,0.414485,21262.865234
86,0.518596,0.441590,21512.474609
87,0.492160,0.461416,21762.000000
88,0.487139,0.471517,22011.585938
89,0.487957,0.487459,22261.138672
90,0.503711,0.486856,22510.710938
91,0.539245,0.484882,22760.292969
92,0.606443,0.499754,23009.845703
93,0.672600,0.511640,23259.408203
94,0.728858,0.523123,23508.951172
95,0.752599,0.545637,23758.566406
96,0.750669,0.607660,24008.074219
97,0.729676,0.668625,24257.751953
98,0.721938,0.672576,24507.199219
99,0.731102,0.651812,24756.773438
0,0.763140,0.490493,-0.010582
1,0.774028,0.499227,266.210083
2,0.770334,0.546977,515.761169
3,0.736091,0.557720,765.303467
4,0.681780,0.554910,1014.908813
5,0.655759,0.544001,1264.511475
6,0.643454,0.539285,1513.987793
7,0.640365,0.533769,1763.602295
8,0.668188,0.582132,2013.144897
9,0.726850,0.679718,2262.768799
10,0.757092,0.720449,2512.321777
11,0.772910,0.751579,2761.863037
12,0.797675,0.799009,3011.421143
13,0.776242,0.835828,3260.928467
14,0.765977,0.867149,3510.548828
15,0.756476,0.893111,3760.112793
16,0.750171,0.901332,4009.621582
17,0.751456,0.901841,4259.253906
18,0.754327,0.890663,4508.803223
19,0.751093,0.841988,4758.403320
20,0.741406,0.805427,5007.898926
21,0.763653,0.793142,5257.510254
22,0.815905,0.775009,5507.058594
23,0.852067,0.736722,5756.567871
24,0.898636,0.666273,6006.225098
25,0.911732,0.596751,6255.745605
26,0.911256,0.573856,6505.293457
27,0.911409,0.570883,6754.832031
28,0.911577,0.579435,7004.461914
29,0.907016,0.604793,7254.055664
30,0.885372,0.637397,7503.571289
31,0.876497,0.651056,7753.204102
32,0.913995,0.624198,8002.709473
33,0.991214,0.557743,8252.263672
34,0.002649,0.505892,8501.769531
35,0.986273,0.492942,8751.417969
36,0.971319,0.489988,9000.978516
37,0.958829,0.455823,9250.503906
38,0.950062,0.431415,9500.098633
39,0.953792,0.436070,9766.316406
40,0.962190,0.456335,10015.844727
41,0.969637,0.502002,10265.386719
42,0.942625,0.514211,10514.928711
43,0.842791,0.505265,10764.550781
44,0.751176,0.501302,11014.114258
45,0.688696,0.529488,11263.681641
46,0.638279,0.509727,11513.213867
47,0.597392,0.479699,11762.830078
48,0.560663,0.464969,12012.333008
49,0.525460,0.460347,12261.877930
50,0.504807,0.478174,12511.500000
51,0.484512,0.477415,12761.069336
52,0.462180,0.475351,13010.626953
53,0.432368,0.477102,13260.143555
54,0.399037,0.486585,13509.750000
55,0.379301,0.478847,13759.295898
56,0.350020,0.501694,14008.842773
57,0.332576,0.587089,14258.490234
58,0.321360,0.606359,14507.952148
59,0.300618,0.631059,14757.559570
60,0.266365,0.673611,15007.071289
61,0.229265,0.691211,15256.690430
62,0.207604,0.702477,15506.220703
63,0.216730,0.670692,15755.770508
64,0.263411,0.718211,16005.344727
65,0.303458,0.800150,16254.919922
66,0.327502,0.837309,16504.474609
67,0.331793,0.813708,16754.037109
68,0.348364,0.711159,17003.632812
69,0.359576,0.601028,17253.152344
70,0.361642,0.531964,17502.716797
71,0.369392,0.396630,17752.277344
72,0.390666,0.253440,18001.869141
73,0.396504,0.183650,18251.443359
74,0.387307,0.138783,18500.994141
75,0.373551,0.095429,18750.572266
76,0.369627,0.109821,19000.126953
77,0.384373,0.209626,19266.304688
78,0.363461,0.359999,19515.878906
79,0.348468,0.431309,19765.457031
80,0.381753,0.484703,20015.037109
81,0.432350,0.526311,20264.558594
82,0.453938,0.538767,20514.115234
83,0.452389,0.553950,20763.699219
84,0.446532,0.617588,21013.246094
85,0.445440,0.657422,21262.830078
86,0.435303,0.665743,21512.380859
87,0.366018,0.660973,21761.992188
88,0.281839,0.608563,22011.509766
89,0.240362,0.539500,22261.101562
90,0.233034,0.489170,22510.630859
91,0.225726,0.467137,22760.230469
92,0.193665,0.467778,23009.765625
93,0.156163,0.472811,23259.316406
94,0.152427,0.503130,23508.892578
95,0.214668,0.580701,23758.468750
96,0.320912,0.675829,24008.025391
97,0.369077,0.707364,24257.578125
98,0.385210,0.717874,24507.144531
99,0.389267,0.728741,24756.744141
0,0.756434,0.553749,-0.032961
1,0.764763,0.552662,266.163361
2,0.769342,0.552325,515.692749
3,0.758042,0.564331,765.348267
4,0.696825,0.601707,1014.816040
5,0.664960,0.617374,1264.399170
6,0.635742,0.627712,1514.029419
7,0.596361,0.631537,1763.514282
8,0.562939,0.627569,2013.084717
9,0.536194,0.623338,2262.687988
10,0.511273,0.623012,2512.277832
11,0.487749,0.624681,2761.791016
12,0.467660,0.625929,3011.333252
13,0.443525,0.628766,3260.980713
14,0.422526,0.629045,3510.485596
15,0.402563,0.631609,3760.057861
16,0.392570,0.635675,4009.634766
17,0.400563,0.630047,4259.248535
18,0.418308,0.617536,4508.754395
19,0.446590,0.602372,4758.310547
20,0.483698,0.587729,5007.869629
21,0.506058,0.589650,5257.406250
22,0.530376,0.588418,5506.998535
23,0.563437,0.587794,5756.562988
24,0.603738,0.587202,6006.198730
25,0.652507,0.576127,6255.687500
26,0.733044,0.559602,6505.225586
27,0.791773,0.562018,6754.810547
28,0.830464,0.561415,7004.439941
29,0.890949,0.558991,7253.927734
30,0.945618,0.566083,7503.525391
31,0.974563,0.567346,7753.069336
32,0.993876,0.562061,8002.651367
33,0.012665,0.562383,8252.174805
34,0.043325,0.580257,8501.740234
35,0.063700,0.637125,8751.330078
36,0.087813,0.654505,9000.906250
37,0.120868,0.623295,9250.441406
38,0.137193,0.585649,9500.066406
39,0.131500,0.550524,9766.290039
40,0.096813,0.512179,10015.860352
41,0.063996,0.495233,10265.317383
42,0.038169,0.496648,10514.939453
43,0.015689,0.530603,10764.498047
44,0.984751,0.653955,11014.053711
45,0.937556,0.758735,11263.613281
46,0.904850,0.807945,11513.144531
47,0.889296,0.821778,11762.735352
48,0.866711,0.829280,12012.261719
49,0.848266,0.831114,12261.916992
50,0.830279,0.832215,12511.484375
51,0.811748,0.838806,12761.034180
52,0.787530,0.853318,13010.577148
53,0.755807,0.863741,13260.090820
54,0.727225,0.865734,13509.689453
55,0.707509,0.869245,13759.208984
56,0.692509,0.869913,14008.831055
57,0.673543,0.861466,14258.352539
58,0.673339,0.855897,14507.951172
59,0.740911,0.834476,14757.465820
60,0.782491,0.809807,15007.132812
61,0.777754,0.814556,15256.625000
62,0.765468,0.819326,15506.157227
63,0.745537,0.819567,15755.764648
64,0.761063,0.819801,16005.323242
65,0.793025,0.824521,16254.866211
66,0.820238,0.824577,16504.494141
67,0.826353,0.828643,16754.021484
68,0.817596,0.822603,17003.576172
69,0.794893,0.811443,17253.158203
70,0.780093,0.780621,17502.777344
71,0.774112,0.722040,17752.306641
72,0.779530,0.656203,18001.833984
73,0.797432,0.611249,18251.363281
74,0.837573,0.615382,18500.953125
75,0.885495,0.606356,18750.486328
76,0.905187,0.589342,19000.050781
77,0.911270,0.572657,19266.279297
78,0.913045,0.557293,19515.843750
79,0.910344,0.543695,19765.386719
80,0.902686,0.534016,20014.945312
81,0.902769,0.521408,20264.515625
82,0.905186,0.510675,20514.085938
83,0.905379,0.504469,20763.650391
84,0.903072,0.499850,21013.242188
85,0.898701,0.497963,21262.765625
86,0.875466,0.503847,21512.322266
87,0.813082,0.528266,21761.919922
88,0.770624,0.557393,22011.458984
89,0.747270,0.591079,22261.011719
90,0.716023,0.599976,22510.589844
91,0.681362,0.582701,22760.208984
92,0.657746,0.574878,23009.724609
93,0.652511,0.589482,23259.287109
94,0.646771,0.588194,23508.845703
95,0.624994,0.570917,23758.408203
96,0.612742,0.558980,24007.994141
97,0.608178,0.555109,24257.537109
98,0.605979,0.551514,24507.097656
99,0.607393,0.546047,24756.667969
0,0.750064,0.441796,-0.024694
1,0.751102,0.448605,266.117096
2,0.757764,0.481659,515.722717
3,0.764129,0.513632,765.371155
4,0.767905,0.540692,1014.857788
5,0.772074,0.574508,1264.395630
6,0.772120,0.590227,1513.982300
7,0.770666,0.591948,1763.569092
8,0.768846,0.592088,2013.124023
9,0.764484,0.592191,2262.729492
10,0.754857,0.591744,2512.290039
11,0.739972,0.590926,2761.752930
12,0.722920,0.588774,3011.369385
13,0.703325,0.587244,3260.978516
14,0.688290,0.584454,3510.540771
15,0.673065,0.582506,3760.051025
16,0.649905,0.580259,4009.624512
17,0.624833,0.575122,4259.184570
18,0.600668,0.574441,4508.724609
19,0.575009,0.572016,4758.304199
20,0.550399,0.569263,5007.925781
21,0.531341,0.566626,5257.410156
22,0.517159,0.566203,5506.992676
23,0.505828,0.565399,5756.544922
24,0.496862,0.562574,6006.136230
25,0.480797,0.561860,6255.654297
26,0.448337,0.556777,6505.279297
27,0.420149,0.555050,6754.867676
28,0.405127,0.552972,7004.375488
29,0.388018,0.559672,7253.912109
30,0.366688,0.570808,7503.471680
31,0.352906,0.585531,7753.087402
32,0.327230,0.596838,8002.610352
33,0.294377,0.591110,8252.261719
34,0.272170,0.579328,8501.756836
35,0.249062,0.583306,8751.305664
36,0.237486,0.586165,9000.858398
37,0.229559,0.580151,9250.492188
38,0.223901,0.583767,9500.010742
39,0.213468,0.580093,9766.217773
40,0.205706,0.572019,10015.779297
41,0.174860,0.570470,10265.384766
42,0.128785,0.575190,10514.922852
43,0.102551,0.567661,10764.485352
44,0.076265,0.565232,11014.015625
45,0.046768,0.582572,11263.662109
46,0.037981,0.591977,11513.167969
47,0.046528,0.586095,11762.690430
48,0.059317,0.583100,12012.284180
49,0.072160,0.579194,12261.827148
50,0.112016,0.569410,12511.468750
51,0.153290,0.558741,12761.025391
52,0.172706,0.556029,13010.616211
53,0.183457,0.556437,13260.103516
54,0.190446,0.560890,13509.679688
55,0.193036,0.564367,13759.269531
56,0.195312,0.569563,14008.769531
57,0.203982,0.571752,14258.399414
58,0.227149,0.562888,14507.890625
59,0.265148,0.550191,14757.529297
60,0.303754,0.548586,15007.038086
61,0.326941,0.555616,15256.645508
62,0.340489,0.555571,15506.201172
63,0.357416,0.555614,15755.772461
64,0.382540,0.558362,16005.297852
65,0.402903,0.557324,16254.840820
66,0.401440,0.555701,16504.404297
67,0.385937,0.557522,16754.033203
68,0.371627,0.559143,17003.658203
69,0.354668,0.558636,17253.146484
70,0.330157,0.551409,17502.710938
71,0.302864,0.522948,17752.281250
72,0.285572,0.470621,18001.810547
73,0.275877,0.415175,18251.402344
74,0.271484,0.376759,18500.982422
75,0.276627,0.359571,18750.593750
76,0.300289,0.352439,19000.037109
77,0.352132,0.357439,19266.328125
78,0.376642,0.357529,19515.908203
79,0.385154,0.357467,19765.419922
80,0.388297,0.360017,20014.966797
81,0.396400,0.365193,20264.572266
82,0.401264,0.367804,20514.066406
83,0.402878,0.383429,20763.638672
84,0.401338,0.398770,21013.246094
85,0.395258,0.404600,21262.781250
86,0.377020,0.408996,21512.365234
87,0.350655,0.414917,21761.904297
88,0.312995,0.421772,22011.480469
89,0.278314,0.434156,22261.117188
90,0.258490,0.447385,22510.648438
91,0.241434,0.458618,22760.154297
92,0.222939,0.467130,23009.810547
93,0.204078,0.479396,23259.273438
94,0.163446,0.490729,23508.843750
95,0.129887,0.504578,23758.460938
96,0.106403,0.523303,24008.107422
97,0.075598,0.561879,24257.607422
98,0.055877,0.595849,24507.113281
99,0.054364,0.601118,24756.767578
0,0.749977,0.534700,0.008397
1,0.749979,0.535218,266.334045
2,0.749937,0.535892,515.833496
3,0.731135,0.554088,765.362610
4,0.687151,0.597778,1014.926941
5,0.667614,0.625150,1264.566284
6,0.641947,0.653072,1514.125854
7,0.581711,0.690885,1763.588379
8,0.536115,0.717718,2013.263916
9,0.500253,0.753544,2262.727295
10,0.472415,0.769450,2512.314209
11,0.458661,0.799999,2761.942871
12,0.488125,0.872758,3011.468506
13,0.584575,0.924741,3260.989258
14,0.677248,0.940702,3510.537598
15,0.691992,0.950732,3760.200684
16,0.702309,0.953533,4009.676514
17,0.726622,0.948237,4259.255859
18,0.705480,0.931599,4508.854980
19,0.705159,0.923808,4758.476074
20,0.713762,0.915840,5007.925781
21,0.764211,0.900959,5257.510254
22,0.801859,0.887093,5507.172363
23,0.829234,0.848624,5756.618652
24,0.840118,0.716540,6006.196777
25,0.890190,0.619178,6255.758301
26,0.938532,0.583336,6505.424316
27,0.939769,0.533393,6754.931641
28,0.933033,0.445293,7004.465820
29,0.945810,0.445371,7254.008301
30,0.984324,0.479796,7503.597168
31,0.015182,0.527326,7753.163086
32,0.016763,0.560464,8002.823242
33,0.989967,0.642485,8252.317383
34,0.972727,0.694634,8501.916016
35,0.987224,0.709276,8751.396484
36,0.016968,0.715114,9001.019531
37,0.062015,0.699890,9250.531250
38,0.096977,0.681651,9500.072266
39,0.120544,0.660379,9766.263672
40,0.151805,0.620054,10015.941406
41,0.179680,0.590816,10265.421875
42,0.193603,0.563931,10515.024414
43,0.203277,0.529969,10764.521484
44,0.214164,0.514091,11014.142578
45,0.226257,0.510855,11263.657227
46,0.237933,0.500166,11513.236328
47,0.252131,0.497202,11762.890625
48,0.282653,0.502076,12012.437500
49,0.301252,0.514253,12261.974609
50,0.325081,0.544414,12511.492188
51,0.361240,0.556598,12761.058594
52,0.377923,0.546754,13010.615234
53,0.389653,0.521694,13260.171875
54,0.396302,0.535949,13509.727539
55,0.403082,0.556354,13759.381836
56,0.403907,0.573582,14008.915039
57,0.403613,0.579428,14258.437500
58,0.403492,0.583201,14508.013672
59,0.401148,0.587193,14757.607422
60,0.383282,0.585416,15007.224609
61,0.365307,0.584537,15256.696289
62,0.348055,0.591821,15506.295898
63,0.326541,0.604625,15755.862305
64,0.301740,0.622816,16005.392578
65,0.276032,0.630877,16254.975586
66,0.234650,0.616685,16504.539062
67,0.183326,0.597589,16754.134766
68,0.089693,0.570331,17003.654297
69,0.049049,0.548918,17253.230469
70,0.006418,0.546113,17502.779297
71,0.968310,0.544498,17752.320312
72,0.946256,0.545741,18002.017578
73,0.915924,0.554453,18251.460938
74,0.865251,0.555299,18501.039062
75,0.829485,0.561888,18750.578125
76,0.803597,0.562455,19000.234375
77,0.773039,0.560012,19266.367188
78,0.736720,0.561184,19515.935547
79,0.696646,0.559706,19765.468750
80,0.661549,0.563206,20015.115234
81,0.631230,0.562479,20264.601562
82,0.603976,0.563685,20514.197266
83,0.580236,0.561628,20763.730469
84,0.556641,0.558664,21013.392578
85,0.535621,0.559615,21262.904297
86,0.517055,0.561962,21512.443359
87,0.500008,0.563395,21762.070312
88,0.485149,0.563810,22011.550781
89,0.472152,0.565448,22261.166016
90,0.460823,0.567036,22510.693359
91,0.451834,0.568331,22760.341797
92,0.445235,0.569975,23009.791016
93,0.441526,0.571254,23259.388672
94,0.438524,0.572405,23508.949219
95,0.435107,0.573287,23758.544922
96,0.430637,0.572304,24008.140625
97,0.421324,0.577016,24257.619141
98,0.409395,0.577622,24507.218750
99,0.400356,0.577253,24756.753906
0,0.750543,0.498373,0.006401
1,0.750591,0.504278,266.232941
2,0.753787,0.517324,515.807495
3,0.759647,0.524621,765.325134
4,0.761008,0.527930,1014.931396
5,0.755412,0.528799,1264.483032
6,0.742931,0.528134,1514.063232
7,0.724861,0.528234,1763.650391
8,0.704414,0.526555,2013.183838
9,0.685818,0.525322,2262.745605
10,0.671957,0.524405,2512.276611
11,0.660864,0.525046,2761.951416
12,0.655190,0.538279,3011.393311
13,0.656135,0.613935,3261.025146
14,0.666457,0.663889,3510.525391
15,0.698333,0.683377,3760.191895
16,0.741616,0.680691,4009.705566
17,0.787131,0.671257,4259.225586
18,0.820166,0.665247,4508.892578
19,0.843236,0.664203,4758.414062
20,0.869652,0.653158,5007.946777
21,0.898880,0.629910,5257.479980
22,0.915336,0.605621,5507.089355
23,0.922818,0.592869,5756.603516
24,0.935533,0.577193,6006.180176
25,0.943648,0.537558,6255.774414
26,0.953807,0.504873,6505.328613
27,0.978272,0.498310,6754.876953
28,0.003176,0.504261,7004.448242
29,0.017090,0.513100,7253.981934
30,0.025040,0.532462,7503.555176
31,0.024164,0.529445,7753.126465
32,0.022977,0.515794,8002.694824
33,0.017188,0.507237,8252.237305
34,0.009067,0.503300,8501.809570
35,0.010387,0.503151,8751.402344
36,0.018758,0.505714,9000.966797
37,0.035592,0.495803,9250.532227
38,0.065371,0.486553,9500.071289
39,0.095352,0.501951,9766.285156
40,0.142684,0.534506,10015.852539
41,0.176626,0.529191,10265.427734
42,0.203220,0.510290,10514.958984
43,0.234633,0.503041,10764.526367
44,0.273759,0.507248,11014.092773
45,0.293653,0.508922,11263.670898
46,0.297381,0.508776,11513.210938
47,0.291918,0.514502,11762.773438
48,0.304196,0.516165,12012.351562
49,0.331170,0.519567,12261.905273
50,0.356244,0.519288,12511.486328
51,0.381397,0.514559,12761.074219
52,0.409098,0.511520,13010.593750
53,0.422923,0.504348,13260.161133
54,0.420717,0.492723,13509.728516
55,0.404073,0.460760,13759.313477
56,0.372570,0.387936,14008.872070
57,0.319632,0.335369,14258.438477
58,0.253542,0.326135,14507.986328
59,0.217084,0.349837,14757.551758
60,0.218346,0.368299,15007.112305
61,0.230768,0.380177,15256.679688
62,0.208596,0.386489,15506.250000
63,0.156583,0.404784,15755.822266
64,0.119123,0.428269,16005.370117
65,0.096012,0.433057,16254.933594
66,0.056901,0.402373,16504.503906
67,0.986053,0.392607,16754.058594
68,0.961202,0.382091,17003.621094
69,0.970916,0.294622,17253.207031
70,0.996613,0.218963,17502.765625
71,0.072470,0.171256,17752.324219
72,0.157611,0.160290,18001.902344
73,0.255478,0.165731,18251.451172
74,0.314610,0.185330,18501.025391
75,0.374448,0.231388,18750.583984
76,0.419415,0.282468,19000.134766
77,0.454751,0.341620,19266.333984
78,0.476898,0.401658,19515.904297
79,0.488280,0.463981,19765.484375
80,0.493007,0.496803,20015.021484
81,0.482411,0.516456,20264.615234
82,0.479327,0.530991,20514.183594
83,0.481357,0.583275,20763.710938
84,0.473793,0.648886,21013.273438
85,0.454007,0.716752,21262.863281
86,0.403085,0.802557,21512.423828
87,0.357418,0.858814,21761.986328
88,0.337100,0.879252,22011.541016
89,0.311714,0.888803,22261.136719
90,0.259946,0.897591,22510.662109
91,0.231820,0.900059,22760.230469
92,0.230030,0.895018,23009.833984
93,0.264738,0.847972,23259.371094
94,0.296732,0.791152,23508.935547
95,0.326788,0.735061,23758.492188
96,0.353999,0.649327,24008.062500
97,0.386334,0.547710,24257.609375
98,0.412306,0.482680,24507.205078
99,0.417749,0.465055,24756.738281
0,0.750252,0.512255,0.005818
1,0.750088,0.512593,266.260498
2,0.750337,0.516496,515.784302
3,0.750340,0.537426,765.431030
4,0.749027,0.571870,1014.876526
5,0.738235,0.593971,1264.455811
6,0.702350,0.597700,1514.001587
7,0.680960,0.602591,1763.551514
8,0.669260,0.601583,2013.199951
9,0.633477,0.580221,2262.694580
10,0.584451,0.564048,2512.329346
11,0.552890,0.556932,2761.812744
12,0.542844,0.557535,3011.401123
13,0.531652,0.559693,3260.948730
14,0.508598,0.561806,3510.578125
15,0.486097,0.559901,3760.134766
16,0.459191,0.557554,4009.626953
17,0.429887,0.557417,4259.307129
18,0.406230,0.558331,4508.801270
19,0.382346,0.556341,4758.426758
20,0.344481,0.557189,5007.904297
21,0.308655,0.555011,5257.508789
22,0.283566,0.549562,5507.058594
23,0.263266,0.550802,5756.571777
24,0.247473,0.551887,6006.250488
25,0.231606,0.555671,6255.749512
26,0.200843,0.564311,6505.385254
27,0.171082,0.570922,6754.870117
28,0.148948,0.568636,7004.495117
29,0.134059,0.565985,7253.991699
30,0.124232,0.555373,7503.538086
31,0.115673,0.545912,7753.135742
32,0.103006,0.547469,8002.699707
33,0.088490,0.545507,8252.247070
34,0.064789,0.553243,8501.828125
35,0.051979,0.558806,8751.414062
36,0.036199,0.560776,9000.917969
37,0.008592,0.561340,9250.510742
38,0.984454,0.561968,9500.063477
39,0.977299,0.556951,9766.307617
40,0.985349,0.546477,10015.864258
41,0.000465,0.532329,10265.422852
42,0.015946,0.525497,10514.967773
43,0.041297,0.522505,10764.556641
44,0.073821,0.525442,11014.098633
45,0.095156,0.554208,11263.622070
46,0.099978,0.595555,11513.241211
47,0.118798,0.631743,11762.837891
48,0.149143,0.649976,12012.438477
49,0.189527,0.650244,12261.915039
50,0.220996,0.620090,12511.507812
51,0.234639,0.600201,12761.007812
52,0.247103,0.584208,13010.581055
53,0.269944,0.575809,13260.145508
54,0.305184,0.564773,13509.763672
55,0.347167,0.560858,13759.309570
56,0.389301,0.559692,14008.832031
57,0.426247,0.559822,14258.446289
58,0.451490,0.555717,14508.006836
59,0.469660,0.554213,14757.512695
60,0.488118,0.547476,15007.109375
61,0.504310,0.541805,15256.705078
62,0.515249,0.542851,15506.207031
63,0.515194,0.549870,15755.816406
64,0.482606,0.547869,16005.455078
65,0.456756,0.542236,16254.970703
66,0.470326,0.540900,16504.513672
67,0.519995,0.556256,16754.044922
68,0.572128,0.576714,17003.703125
69,0.611719,0.583433,17253.240234
70,0.640777,0.619335,17502.710938
71,0.663389,0.637318,17752.285156
72,0.678559,0.656125,18001.876953
73,0.695044,0.667657,18251.423828
74,0.712392,0.665282,18501.097656
75,0.737965,0.648026,18750.619141
76,0.757041,0.631760,19000.205078
77,0.773341,0.615008,19266.322266
78,0.781145,0.599527,19515.873047
79,0.762704,0.586540,19765.445312
80,0.717686,0.586084,20031.679688
81,0.684970,0.585824,20264.568359
82,0.669724,0.585310,20514.181641
83,0.658196,0.585307,20763.755859
84,0.647198,0.584677,21013.287109
85,0.639064,0.584268,21262.820312
86,0.628028,0.575994,21512.460938
87,0.608729,0.554545,21762.017578
88,0.595539,0.535479,22011.511719
89,0.588344,0.527117,22261.207031
90,0.581925,0.519219,22510.757812
91,0.575931,0.515491,22760.261719
92,0.568817,0.517060,23009.769531
93,0.560434,0.522316,23259.464844
94,0.548032,0.528705,23508.939453
95,0.536976,0.530511,23758.531250
96,0.531231,0.531549,24008.058594
97,0.528101,0.532895,24257.597656
98,0.523971,0.535299,24507.201172
99,0.513995,0.536274,24756.720703
0,0.749986,0.617498,0.003682
1,0.754715,0.619564,266.295013
2,0.763152,0.624814,515.763123
3,0.770518,0.627538,765.364929
4,0.776828,0.607556,1014.882019
5,0.762424,0.602651,1264.542236
6,0.717115,0.611510,1513.998535
7,0.674853,0.613277,1763.698364
8,0.658340,0.611094,2013.171143
9,0.597722,0.602686,2262.720703
10,0.520720,0.583438,2512.318115
11,0.503981,0.579383,2761.855469
12,0.491216,0.583866,3011.437256
13,0.449539,0.584362,3260.949707
14,0.423509,0.587487,3510.610840
15,0.416802,0.579337,3776.828613
16,0.405100,0.567000,4009.704590
17,0.391286,0.559822,4259.279297
18,0.384450,0.565527,4508.833008
19,0.385996,0.577109,4758.384766
20,0.409278,0.582893,5007.939453
21,0.451747,0.585805,5257.521973
22,0.509271,0.587429,5507.026855
23,0.557400,0.590883,5756.582031
24,0.604781,0.593891,6006.173828
25,0.643855,0.598251,6255.827148
26,0.675040,0.607773,6505.292480
27,0.727492,0.607083,6754.899414
28,0.779089,0.601010,7004.472168
29,0.816765,0.600173,7254.044922
30,0.845738,0.606588,7503.540527
31,0.894400,0.604861,7753.115234
32,0.949378,0.593596,8002.765137
33,0.991007,0.582017,8252.243164
34,0.051719,0.550393,8501.866211
35,0.076718,0.548227,8751.401367
36,0.098179,0.558619,9000.986328
37,0.167231,0.550542,9250.506836
38,0.203084,0.541125,9500.133789
39,0.206828,0.556195,9766.298828
40,0.196956,0.561690,10015.872070
41,0.191160,0.616778,10265.385742
42,0.181602,0.729883,10514.975586
43,0.174999,0.794251,10764.518555
44,0.164149,0.824477,11014.129883
45,0.141811,0.857236,11263.634766
46,0.107592,0.894299,11513.258789
47,0.998004,0.889210,11762.854492
48,0.911449,0.837267,12012.336914
49,0.908703,0.844535,12261.938477
50,0.953391,0.855215,12511.570312
51,0.987104,0.869438,12761.051758
52,0.957035,0.881699,13010.612305
53,0.917467,0.886727,13260.258789
54,0.866827,0.873673,13509.852539
55,0.856480,0.875823,13759.328125
56,0.863256,0.885915,14008.980469
57,0.950531,0.890597,14258.506836
58,0.069984,0.859091,14508.015625
59,0.152781,0.823724,14757.536133
60,0.213997,0.799534,15007.196289
61,0.265918,0.771593,15256.696289
62,0.327987,0.731485,15506.279297
63,0.357743,0.686970,15755.798828
64,0.355061,0.651316,16005.458008
65,0.351680,0.625365,16254.979492
66,0.346410,0.615467,16504.480469
67,0.340318,0.582107,16754.128906
68,0.311303,0.430641,17003.603516
69,0.275781,0.242982,17253.244141
70,0.275850,0.164503,17502.753906
71,0.335964,0.189168,17752.365234
72,0.392466,0.278143,18001.894531
73,0.414634,0.349677,18251.457031
74,0.437869,0.435332,18501.078125
75,0.452091,0.472718,18750.609375
76,0.456165,0.502290,19000.244141
77,0.453268,0.525425,19266.380859
78,0.446072,0.532038,19515.886719
79,0.435068,0.537617,19765.558594
80,0.411035,0.545044,20015.078125
81,0.394238,0.558791,20264.595703
82,0.379257,0.561307,20514.228516
83,0.359310,0.559409,20763.746094
84,0.310559,0.562419,21013.396484
85,0.258592,0.562216,21262.833984
86,0.219082,0.554210,21512.457031
87,0.188183,0.548987,21761.960938
88,0.165965,0.550858,22011.527344
89,0.133395,0.555675,22261.203125
90,0.101506,0.554281,22510.763672
91,0.074045,0.550919,22760.279297
92,0.043929,0.548735,23009.791016
93,0.015266,0.549700,23259.404297
94,0.989953,0.550983,23508.916016
95,0.964816,0.551183,23758.474609
96,0.941923,0.551066,24008.099609
97,0.917792,0.554413,24257.691406
98,0.870524,0.564312,24507.263672
99,0.829125,0.570465,24756.744141
0,0.751808,0.517389,0.002518
1,0.756994,0.530704,266.206757
2,0.765645,0.580376,515.736145
3,0.777985,0.665963,765.329163
4,0.782799,0.757388,1014.890259
5,0.786670,0.823881,1264.489502
6,0.784730,0.887720,1514.019775
7,0.782326,0.915856,1763.701660
8,0.787242,0.932403,2013.159180
9,0.782283,0.935576,2262.716064
10,0.773632,0.937494,2512.344971
11,0.757270,0.927615,2761.815918
12,0.704262,0.874661,3011.422119
13,0.669611,0.809113,3260.941895
14,0.651413,0.749434,3510.551025
15,0.641556,0.717594,3760.167969
16,0.631343,0.701249,4009.707275
17,0.591003,0.664892,4259.211914
18,0.544402,0.628583,4508.836914
19,0.509279,0.602090,4758.380371
20,0.483166,0.587887,5007.903320
21,0.462783,0.575927,5257.537598
22,0.423850,0.563379,5507.025879
23,0.419017,0.576573,5756.692871
24,0.429766,0.574497,6006.168945
25,0.462544,0.563383,6255.802734
26,0.479401,0.550333,6505.300781
27,0.505067,0.530248,6754.834961
28,0.561616,0.519537,7004.487305
29,0.629719,0.530836,7254.008301
30,0.693894,0.536394,7503.670410
31,0.762837,0.530674,7753.092285
32,0.830708,0.532713,8002.754883
33,0.891822,0.533824,8252.279297
34,0.940804,0.537974,8501.786133
35,0.969692,0.543088,8751.381836
36,0.997167,0.545278,9001.001953
37,0.028231,0.540055,9250.528320
38,0.037077,0.539653,9500.051758
39,0.028121,0.537586,9766.236328
40,0.038427,0.534377,10015.886719
41,0.050575,0.536736,10265.416016
42,0.069796,0.536773,10514.955078
43,0.125028,0.534172,10764.667969
44,0.176344,0.531457,11014.158203
45,0.198605,0.531986,11263.686523
46,0.210128,0.535470,11513.188477
47,0.216371,0.547183,11762.807617
48,0.218996,0.618587,12012.339844
49,0.219085,0.729087,12261.892578
50,0.228036,0.761890,12511.493164
51,0.244014,0.770074,12761.070312
52,0.261435,0.788740,13010.666992
53,0.271835,0.837196,13260.162109
54,0.276657,0.883212,13509.729492
55,0.271180,0.905921,13759.265625
56,0.264025,0.919650,14008.841797
57,0.256040,0.919778,14258.423828
58,0.267398,0.916361,14508.016602
59,0.271504,0.880595,14757.532227
60,0.275357,0.816034,15007.107422
61,0.285479,0.757435,15256.688477
62,0.301370,0.659008,15506.229492
63,0.317367,0.580636,15755.769531
64,0.322775,0.562007,16005.369141
65,0.319712,0.547398,16255.026367
66,0.296696,0.534333,16504.501953
67,0.251659,0.524317,16754.068359
68,0.230334,0.519052,17003.634766
69,0.222555,0.509630,17253.203125
70,0.219387,0.508345,17502.767578
71,0.211352,0.514189,17752.314453
72,0.169238,0.535545,18001.892578
73,0.121827,0.537811,18251.447266
74,0.088270,0.540934,18500.998047
75,0.060982,0.542641,18750.535156
76,0.041749,0.553521,19000.158203
77,0.019412,0.549468,19266.363281
78,0.997746,0.546500,19516.001953
79,0.982969,0.549291,19765.564453
80,0.969216,0.553603,20015.121094
81,0.960032,0.559061,20264.595703
82,0.951818,0.559794,20514.134766
83,0.935774,0.564642,20763.753906
84,0.898358,0.566446,21013.333984
85,0.846145,0.553254,21262.820312
86,0.841707,0.552041,21512.427734
87,0.936163,0.555062,21761.988281
88,0.007353,0.556467,22011.552734
89,0.006123,0.552660,22261.082031
90,0.980515,0.536049,22510.701172
91,0.939350,0.523474,22760.242188
92,0.854531,0.519010,23009.769531
93,0.766785,0.525454,23259.398438
94,0.748978,0.543858,23508.943359
95,0.751758,0.559326,23758.527344
96,0.747449,0.567522,24008.029297
97,0.726042,0.567841,24257.611328
98,0.685490,0.561995,24507.253906
99,0.663998,0.556910,24756.818359
0,0.770600,0.539605,-0.050672
1,0.777509,0.575746,266.199310
2,0.779843,0.621755,515.834595
3,0.777089,0.645425,765.350464
4,0.770224,0.668159,1014.875793
5,0.752522,0.675989,1264.453857
6,0.719987,0.665701,1513.963623
7,0.686375,0.646065,1763.526123
8,0.668503,0.633374,2013.101562
9,0.651842,0.656674,2262.702637
10,0.637027,0.726405,2512.270020
11,0.647222,0.769236,2761.807617
12,0.678207,0.800051,3011.454590
13,0.692977,0.813133,3260.941406
14,0.665744,0.815249,3510.477295
15,0.627129,0.799236,3760.134033
16,0.572558,0.747632,4009.699951
17,0.545733,0.683259,4259.165039
18,0.534453,0.626466,4508.787598
19,0.534835,0.598890,4758.376953
20,0.544202,0.582171,5007.905762
21,0.563273,0.571325,5257.464844
22,0.598482,0.573732,5507.067871
23,0.654046,0.605639,5756.640625
24,0.712913,0.650153,6006.169922
25,0.741571,0.640199,6255.739258
26,0.766986,0.622815,6505.291992
27,0.780208,0.613252,6754.841797
28,0.789983,0.609301,7004.429199
29,0.817413,0.610586,7253.989746
30,0.862499,0.593274,7503.548828
31,0.899128,0.567079,7753.117188
32,0.919592,0.556888,8002.624023
33,0.936951,0.544613,8252.208008
34,0.965641,0.528935,8501.788086
35,0.975662,0.520665,8751.333008
36,0.973647,0.512393,9000.960938
37,0.980166,0.505207,9250.500977
38,0.995718,0.508969,9500.036133
39,0.018035,0.522731,9766.302734
40,0.027226,0.521286,10015.772461
41,0.013126,0.523725,10265.349609
42,0.005844,0.536102,10514.926758
43,0.013229,0.542013,10764.474609
44,0.023687,0.547977,11014.127930
45,0.069137,0.552548,11263.626953
46,0.119007,0.552460,11513.181641
47,0.155260,0.543093,11762.746094
48,0.172787,0.543902,12012.320312
49,0.189598,0.546409,12261.877930
50,0.204702,0.551429,12511.426758
51,0.222136,0.557720,12760.988281
52,0.242934,0.556707,13010.545898
53,0.274280,0.554190,13260.128906
54,0.293693,0.553730,13509.688477
55,0.304464,0.543857,13759.270508
56,0.296303,0.517586,14008.792969
57,0.280848,0.500104,14258.371094
58,0.274902,0.510731,14507.981445
59,0.273620,0.535655,14757.500977
60,0.265696,0.543459,15007.087891
61,0.250321,0.547926,15256.652344
62,0.210692,0.556382,15506.197266
63,0.164854,0.563797,15755.743164
64,0.130947,0.563101,16005.355469
65,0.106155,0.554313,16254.902344
66,0.073379,0.549313,16504.453125
67,0.058206,0.566090,16754.027344
68,0.052053,0.571975,17003.578125
69,0.042142,0.571186,17253.126953
70,0.031247,0.566136,17502.695312
71,0.021863,0.557364,17752.294922
72,0.011379,0.553414,18001.837891
73,0.000542,0.557054,18251.382812
74,0.987514,0.561668,18500.974609
75,0.972127,0.574399,18750.535156
76,0.951525,0.582243,19000.097656
77,0.935628,0.601259,19266.296875
78,0.948634,0.620690,19515.857422
79,0.959018,0.634531,19765.447266
80,0.943713,0.641093,20014.974609
81,0.928555,0.639107,20264.550781
82,0.923382,0.631177,20514.097656
83,0.920607,0.626678,20763.667969
84,0.897160,0.624744,21013.238281
85,0.858320,0.611161,21262.810547
86,0.827618,0.601548,21512.365234
87,0.805639,0.595572,21761.910156
88,0.785277,0.593110,22011.490234
89,0.768617,0.589140,22261.056641
90,0.748300,0.587296,22510.625000
91,0.704965,0.585861,22760.179688
92,0.667472,0.577076,23009.759766
93,0.640009,0.574075,23259.300781
94,0.609528,0.570069,23508.892578
95,0.553784,0.556837,23758.443359
96,0.512729,0.551243,24008.003906
97,0.497239,0.548875,24257.570312
98,0.476688,0.547550,24507.125000
99,0.458025,0.544048,24756.708984
0,0.749724,0.549923,-0.011462
1,0.749576,0.550287,266.174011
2,0.713754,0.556729,515.749146
3,0.661240,0.559272,765.266235
4,0.609013,0.570449,1014.849304
5,0.514268,0.555067,1264.475220
6,0.486416,0.548408,1514.008911
7,0.449231,0.546471,1763.531372
8,0.431661,0.549415,2013.116455
9,0.465200,0.557580,2262.654297
10,0.649778,0.547177,2512.218994
11,0.775248,0.504194,2761.817627
12,0.865386,0.511359,3011.444336
13,0.914555,0.539515,3260.935791
14,0.948207,0.535608,3510.543213
15,0.975018,0.526980,3760.077881
16,0.984502,0.518401,4009.614746
17,0.976792,0.606740,4259.233398
18,0.954965,0.725970,4508.763672
19,0.926915,0.805752,4758.393066
20,0.925570,0.860097,5007.848633
21,0.955049,0.876444,5257.471191
22,0.074560,0.853563,5507.002930
23,0.127005,0.818036,5756.550293
24,0.127520,0.849227,6006.222168
25,0.108283,0.874779,6255.751465
26,0.047047,0.877635,6505.270020
27,0.016824,0.736959,6754.802734
28,0.003090,0.637564,7004.412109
29,0.009515,0.592122,7253.986328
30,0.021805,0.546575,7503.534180
31,0.037950,0.527493,7753.108887
32,0.057786,0.519656,8002.654297
33,0.088993,0.526307,8252.205078
34,0.158477,0.522397,8501.746094
35,0.184702,0.521435,8751.361328
36,0.191583,0.519586,9000.942383
37,0.216663,0.514963,9250.474609
38,0.290439,0.508120,9500.014648
39,0.320393,0.515215,9766.239258
40,0.312197,0.504797,10015.821289
41,0.244486,0.460367,10265.343750
42,0.218867,0.441237,10514.907227
43,0.205396,0.443635,10764.579102
44,0.103852,0.440804,11014.044922
45,0.023295,0.423238,11263.660156
46,0.971296,0.412474,11513.152344
47,0.926518,0.405103,11762.789062
48,0.881121,0.405828,12012.322266
49,0.820590,0.426541,12261.843750
50,0.753787,0.428756,12511.477539
51,0.708402,0.428551,12760.972656
52,0.660291,0.465565,13010.539062
53,0.607230,0.502885,13260.102539
54,0.564892,0.503989,13509.730469
55,0.529571,0.507527,13759.224609
56,0.493496,0.519227,14008.836914
57,0.460204,0.525517,14258.391602
58,0.443493,0.542505,14508.015625
59,0.444822,0.586789,14757.511719
60,0.435170,0.587323,15007.068359
61,0.444505,0.576274,15256.669922
62,0.459955,0.554365,15506.199219
63,0.471991,0.554608,15755.743164
64,0.483911,0.563448,16005.373047
65,0.496179,0.571923,16254.956055
66,0.502540,0.580354,16504.480469
67,0.504255,0.584621,16754.019531
68,0.500233,0.596000,17003.630859
69,0.495471,0.603635,17253.126953
70,0.493093,0.605290,17502.722656
71,0.492078,0.599993,17752.332031
72,0.492297,0.599698,18001.849609
73,0.478267,0.590291,18251.472656
74,0.427325,0.567001,18500.939453
75,0.394869,0.571723,18750.523438
76,0.372790,0.577644,19000.068359
77,0.354102,0.583740,19266.279297
78,0.337402,0.603504,19515.876953
79,0.320772,0.595814,19765.394531
80,0.307718,0.594341,20015.029297
81,0.300392,0.598179,20264.539062
82,0.300509,0.600663,20514.103516
83,0.300148,0.601023,20763.712891
84,0.301227,0.601899,21013.259766
85,0.309059,0.652273,21262.806641
86,0.309283,0.703420,21512.400391
87,0.306696,0.729375,21761.941406
88,0.317053,0.734177,22011.492188
89,0.346014,0.724296,22261.103516
90,0.390907,0.713928,22510.611328
91,0.453591,0.705857,22760.177734
92,0.508399,0.706096,23009.757812
93,0.573525,0.717508,23259.345703
94,0.631512,0.715882,23508.960938
95,0.663482,0.715505,23758.509766
96,0.696919,0.712169,24008.003906
97,0.728181,0.708928,24257.550781
98,0.754173,0.707990,24507.175781
99,0.771086,0.717808,24756.691406
0,0.750209,0.597093,0.067814
1,0.753263,0.605239,266.279083
2,0.767010,0.629832,515.806152
3,0.795105,0.670102,765.367798
4,0.836741,0.718270,1014.940857
5,0.904680,0.687116,1264.487549
6,0.939953,0.655423,1514.099731
7,0.956876,0.643240,1763.620850
8,0.975781,0.629274,2013.200439
9,0.994185,0.636622,2262.752686
10,0.013815,0.638519,2512.354004
11,0.032092,0.631105,2761.873047
12,0.059444,0.613949,3011.471924
13,0.089272,0.602697,3261.027832
14,0.116551,0.594348,3510.573486
15,0.134809,0.596051,3760.181641
16,0.155507,0.599734,4009.711426
17,0.175152,0.600422,4259.295898
18,0.179038,0.604253,4508.856445
19,0.184829,0.630382,4758.408691
20,0.216171,0.624088,5007.951172
21,0.250836,0.586659,5257.519531
22,0.244742,0.558522,5507.077148
23,0.155685,0.552698,5756.662109
24,0.057537,0.557479,6006.227051
25,0.992080,0.547244,6255.782715
26,0.955777,0.552264,6505.357910
27,0.927215,0.556883,6754.910645
28,0.867732,0.558093,7004.465332
29,0.810484,0.563274,7254.036621
30,0.754884,0.576376,7503.594238
31,0.706108,0.582463,7753.171387
32,0.682103,0.583305,8002.732910
33,0.656969,0.584289,8252.297852
34,0.615190,0.586192,8501.855469
35,0.588641,0.585141,8751.424805
36,0.554607,0.581220,9000.981445
37,0.529654,0.582854,9250.567383
38,0.510074,0.605261,9500.102539
39,0.503711,0.672036,9766.316406
40,0.506820,0.717376,10015.878906
41,0.497000,0.744925,10265.443359
42,0.546959,0.819595,10515.106445
43,0.616268,0.868261,10764.613281
44,0.621842,0.879458,11014.132812
45,0.621337,0.872438,11263.700195
46,0.615503,0.844445,11513.248047
47,0.600267,0.814082,11762.825195
48,0.548095,0.762937,12012.391602
49,0.524958,0.693843,12261.960938
50,0.504945,0.612245,12511.512695
51,0.483603,0.574856,12761.072266
52,0.444115,0.571245,13010.637695
53,0.408373,0.572642,13260.193359
54,0.382904,0.575252,13509.776367
55,0.364053,0.587269,13759.345703
56,0.352630,0.612490,14008.907227
57,0.341461,0.632425,14258.485352
58,0.330204,0.628567,14508.024414
59,0.328144,0.621546,14757.624023
60,0.347735,0.553540,15007.142578
61,0.388744,0.495879,15256.708984
62,0.444789,0.482187,15506.295898
63,0.478112,0.486758,15755.852539
64,0.516192,0.497808,16005.419922
65,0.568259,0.507776,16254.974609
66,0.622285,0.511102,16504.525391
67,0.659918,0.519760,16754.095703
68,0.722372,0.537820,17003.654297
69,0.783478,0.557010,17253.246094
70,0.838478,0.572718,17502.789062
71,0.924836,0.587832,17752.363281
72,0.999999,0.591833,18001.931641
73,0.114256,0.567315,18251.492188
74,0.197328,0.549078,18501.046875
75,0.200826,0.552224,18750.605469
76,0.192819,0.557434,19000.173828
77,0.189622,0.559682,19266.363281
78,0.183235,0.615162,19515.947266
79,0.174766,0.658184,19765.494141
80,0.185757,0.655549,20015.052734
81,0.201139,0.641134,20264.632812
82,0.230753,0.606446,20514.187500
83,0.256717,0.617106,20763.746094
84,0.270073,0.663037,21013.314453
85,0.268932,0.677661,21262.890625
86,0.258639,0.677001,21512.457031
87,0.247857,0.677285,21762.011719
88,0.212629,0.663423,22011.585938
89,0.121346,0.616563,22261.130859
90,0.043930,0.567974,22510.693359
91,0.001841,0.550138,22760.273438
92,0.960342,0.557826,23009.843750
93,0.942318,0.574625,23259.384766
94,0.930697,0.524518,23508.960938
95,0.889981,0.404437,23758.529297
96,0.850280,0.389403,24008.160156
97,0.809229,0.436331,24257.644531
98,0.790079,0.539066,24507.214844
99,0.785540,0.579047,24756.773438
0,0.723376,0.605210,0.016304
1,0.735706,0.598160,266.316437
2,0.733831,0.602710,515.812134
3,0.709788,0.606928,765.367310
4,0.681661,0.612128,1014.938904
5,0.672990,0.607849,1264.495605
6,0.672471,0.594364,1514.099487
7,0.660573,0.610734,1763.577881
8,0.657882,0.620587,2013.210205
9,0.660433,0.624343,2262.768799
10,0.652288,0.628578,2512.256836
11,0.650014,0.634363,2761.890625
12,0.648594,0.629060,3011.417480
13,0.625048,0.600294,3261.010010
14,0.625581,0.591767,3510.599854
15,0.631851,0.588211,3760.175537
16,0.675126,0.577518,4009.681641
17,0.743723,0.568237,4259.253418
18,0.762267,0.579557,4508.789551
19,0.783983,0.594651,4758.418945
20,0.790230,0.593953,5007.895020
21,0.792159,0.601101,5257.479492
22,0.858457,0.590168,5507.136230
23,0.937044,0.570000,5756.648438
24,0.962945,0.562027,6006.155762
25,0.015720,0.553730,6255.746094
26,0.042155,0.541121,6505.277344
27,0.055835,0.531508,6754.855957
28,0.112911,0.530656,7004.456543
29,0.164895,0.547062,7253.993652
30,0.172133,0.547526,7503.579590
31,0.185271,0.523529,7753.110840
32,0.202472,0.482003,8002.774902
33,0.221940,0.461100,8252.277344
34,0.290892,0.472528,8501.875000
35,0.342174,0.499158,8751.420898
36,0.375085,0.508042,9000.962891
37,0.430923,0.517244,9250.529297
38,0.471024,0.520264,9500.052734
39,0.515170,0.526485,9766.264648
40,0.578181,0.540258,10015.805664
41,0.601819,0.544077,10265.406250
42,0.620429,0.546306,10514.953125
43,0.623597,0.548935,10764.549805
44,0.577099,0.516246,11014.071289
45,0.515456,0.486911,11263.673828
46,0.446742,0.504538,11513.195312
47,0.350864,0.544891,11762.835938
48,0.313876,0.585033,12012.388672
49,0.290166,0.607125,12261.958984
50,0.281981,0.608228,12511.557617
51,0.276954,0.618294,12761.100586
52,0.278705,0.608103,13010.626953
53,0.250723,0.587690,13260.163086
54,0.221767,0.586369,13509.712891
55,0.211123,0.574771,13759.281250
56,0.205183,0.577712,14008.863281
57,0.202281,0.570033,14258.434570
58,0.193985,0.558574,14507.996094
59,0.179751,0.557566,14757.545898
60,0.177182,0.575003,15007.121094
61,0.169016,0.641521,15256.748047
62,0.173387,0.653026,15506.245117
63,0.175831,0.638265,15755.894531
64,0.169325,0.641382,16005.342773
65,0.175980,0.632029,16254.968750
66,0.187294,0.611799,16504.494141
67,0.206528,0.557791,16754.058594
68,0.222415,0.518175,17003.673828
69,0.245094,0.426294,17253.287109
70,0.245694,0.423200,17502.734375
71,0.256197,0.447291,17752.296875
72,0.323727,0.494337,18001.921875
73,0.332373,0.509386,18251.439453
74,0.326219,0.512894,18500.992188
75,0.322589,0.511383,18750.607422
76,0.314431,0.458624,19000.175781
77,0.311685,0.457599,19266.392578
78,0.323503,0.460239,19515.925781
79,0.351949,0.465423,19765.466797
80,0.456625,0.487419,20015.089844
81,0.465197,0.511326,20264.576172
82,0.457478,0.518846,20514.162109
83,0.460208,0.529936,20763.808594
84,0.363857,0.570967,21013.359375
85,0.083024,0.604263,21262.935547
86,0.016315,0.637948,21512.392578
87,0.011095,0.615548,21762.072266
88,0.009527,0.527395,22011.578125
89,0.008092,0.478956,22261.132812
90,0.018634,0.469623,22510.654297
91,0.016746,0.445556,22760.265625
92,0.003411,0.429368,23009.822266
93,0.007233,0.432095,23259.349609
94,0.009079,0.430073,23508.925781
95,0.019339,0.428424,23758.546875
96,0.022782,0.436349,24008.099609
97,0.022844,0.444242,24257.669922
98,0.023053,0.446849,24507.207031
99,0.021008,0.449348,24756.726562
0,0.749845,0.553815,0.002380
1,0.749957,0.554582,266.204285
2,0.756155,0.579597,515.862976
3,0.793386,0.619719,765.372437
4,0.809221,0.632853,1014.930298
5,0.797046,0.634749,1264.459961
6,0.730989,0.632528,1514.065918
7,0.680788,0.624818,1763.614136
8,0.668569,0.621232,2013.156982
9,0.652036,0.614867,2262.789795
10,0.654780,0.616199,2512.346436
11,0.717373,0.622625,2761.842041
12,0.792816,0.624581,3011.438721
13,0.821108,0.642407,3261.018555
14,0.816881,0.664099,3510.532471
15,0.828939,0.671975,3760.202881
16,0.878557,0.642337,4009.758301
17,0.896854,0.635655,4259.253906
18,0.891336,0.645396,4508.825195
19,0.860182,0.592331,4758.444824
20,0.852508,0.571512,5007.976562
21,0.863345,0.794230,5257.479492
22,0.091031,0.935094,5507.093750
23,0.206770,0.860552,5756.658691
24,0.218767,0.780874,6006.204590
25,0.216400,0.761701,6255.743652
26,0.215161,0.763679,6505.358887
27,0.215556,0.765656,6754.908203
28,0.215386,0.768036,7004.453125
29,0.215588,0.770550,7254.048340
30,0.215776,0.772862,7503.588379
31,0.215963,0.775227,7753.170410
32,0.215998,0.777021,8002.704590
33,0.215934,0.778905,8252.380859
34,0.215896,0.780150,8501.875000
35,0.215833,0.781452,8751.420898
36,0.215781,0.782711,9001.000977
37,0.215786,0.784118,9250.568359
38,0.215747,0.785335,9500.118164
39,0.215708,0.786603,9766.330078
40,0.215533,0.787500,10015.841797
41,0.215350,0.788523,10265.460938
42,0.215199,0.789286,10515.000000
43,0.215089,0.789690,10764.549805
44,0.215054,0.790344,11014.125977
45,0.214968,0.791044,11263.685547
46,0.214880,0.791868,11513.316406
47,0.214795,0.792305,11762.803711
48,0.214693,0.792783,12012.476562
49,0.214633,0.793200,12261.914062
50,0.214500,0.793427,12511.519531
51,0.214340,0.793529,12761.076172
52,0.214187,0.793682,13010.676758
53,0.213997,0.793929,13260.268555
54,0.213774,0.794305,13509.718750
55,0.213630,0.794769,13759.426758
56,0.213462,0.795325,14008.939453
57,0.213303,0.795745,14258.420898
58,0.213121,0.796066,14507.983398
59,0.212942,0.796113,14757.608398
60,0.212757,0.796228,15007.106445
61,0.212567,0.796463,15256.706055
62,0.212361,0.796690,15506.293945
63,0.212250,0.796715,15755.842773
64,0.212117,0.796584,16005.409180
65,0.211948,0.796555,16254.926758
66,0.211743,0.796522,16504.613281
67,0.211544,0.796367,16754.070312
68,0.211395,0.796235,17003.630859
69,0.211244,0.796143,17253.251953
70,0.211078,0.796110,17502.855469
71,0.210930,0.796041,17752.419922
72,0.210781,0.795943,18001.929688
73,0.210627,0.795677,18251.562500
74,0.210453,0.795453,18501.041016
75,0.210246,0.794885,18750.597656
76,0.210003,0.794552,19000.166016
77,0.209816,0.794382,19266.423828
78,0.209575,0.794375,19515.917969
79,0.209373,0.794334,19765.492188
80,0.209226,0.794117,20015.035156
81,0.209109,0.793892,20264.697266
82,0.208983,0.793928,20514.207031
83,0.208811,0.793972,20763.708984
84,0.208666,0.793801,21013.341797
85,0.208473,0.793715,21262.953125
86,0.208318,0.793637,21512.501953
87,0.208174,0.793629,21762.005859
88,0.208051,0.793315,22011.625000
89,0.207915,0.793126,22261.132812
90,0.207792,0.792976,22510.677734
91,0.207676,0.792597,22760.265625
92,0.207543,0.792109,23009.896484
93,0.207400,0.791709,23259.345703
94,0.207274,0.791372,23508.974609
95,0.207128,0.790948,23758.531250
96,0.206941,0.790617,24008.052734
97,0.206774,0.790323,24257.611328
98,0.206601,0.790201,24507.238281
99,0.206503,0.790107,24756.781250
0,0.766783,0.486923,-0.104904
1,0.780629,0.531044,266.177338
2,0.772164,0.597003,515.789734
3,0.755787,0.696551,765.247253
4,0.738104,0.740996,1014.823608
5,0.682529,0.693238,1264.364746
6,0.667942,0.711648,1513.961548
7,0.692023,0.814111,1763.553101
8,0.691278,0.867982,2013.065552
9,0.680086,0.882066,2262.719482
10,0.665307,0.838542,2512.178955
11,0.652129,0.684843,2761.807617
12,0.649352,0.655447,3011.364014
13,0.638916,0.657290,3260.869629
14,0.628605,0.696524,3510.510498
15,0.687420,0.710333,3760.078613
16,0.768084,0.681890,4009.604248
17,0.792508,0.716810,4259.128418
18,0.829018,0.768640,4508.787109
19,0.875202,0.741038,4758.300781
20,0.914974,0.650084,5007.850098
21,0.917839,0.639662,5257.444336
22,0.917674,0.577102,5506.991211
23,0.930451,0.493362,5756.509277
24,0.930265,0.470698,6006.102051
25,0.949121,0.507067,6255.676270
26,0.947155,0.548907,6505.189941
27,0.872299,0.661398,6754.769043
28,0.744013,0.793683,7004.388184
29,0.664553,0.859990,7253.992188
30,0.595164,0.880766,7503.499512
31,0.533463,0.869293,7753.034668
32,0.476577,0.847728,8002.660645
33,0.433803,0.841274,8252.147461
34,0.425537,0.875969,8501.723633
35,0.412757,0.897196,8751.307617
36,0.400864,0.903349,9000.926758
37,0.397153,0.904944,9250.442383
38,0.387786,0.908186,9500.008789
39,0.389798,0.911931,9766.264648
40,0.390446,0.913117,10015.810547
41,0.383108,0.914456,10265.312500
42,0.365679,0.914644,10514.899414
43,0.361775,0.912618,10764.428711
44,0.367386,0.915562,11014.041992
45,0.354652,0.917281,11263.546875
46,0.334772,0.918340,11513.150391
47,0.318564,0.918746,11762.752930
48,0.300371,0.899021,12012.266602
49,0.320600,0.747674,12261.809570
50,0.327629,0.620997,12511.414062
51,0.323991,0.595323,12761.051758
52,0.270947,0.578196,13010.501953
53,0.226248,0.529427,13260.076172
54,0.228453,0.492575,13509.627930
55,0.228163,0.475461,13759.243164
56,0.188425,0.490555,14008.807617
57,0.148908,0.542154,14258.325195
58,0.137084,0.571002,14508.001953
59,0.136927,0.576466,14757.509766
60,0.164627,0.578232,15007.029297
61,0.294283,0.577567,15256.594727
62,0.411460,0.563322,15506.211914
63,0.452831,0.565172,15755.704102
64,0.481179,0.568525,16005.325195
65,0.504714,0.558639,16254.836914
66,0.521546,0.540235,16504.443359
67,0.574005,0.508473,16753.970703
68,0.620248,0.508334,17003.591797
69,0.647217,0.524446,17253.091797
70,0.692372,0.541670,17502.646484
71,0.750448,0.559079,17752.279297
72,0.791822,0.573291,18001.806641
73,0.827548,0.573622,18251.384766
74,0.889577,0.567378,18500.904297
75,0.933213,0.559542,18750.537109
76,0.956226,0.540714,19000.074219
77,0.982775,0.514443,19266.244141
78,0.997381,0.502235,19515.804688
79,0.990441,0.499234,19765.429688
80,0.980681,0.488825,20014.960938
81,0.968710,0.477301,20264.583984
82,0.950804,0.510412,20514.056641
83,0.941279,0.564228,20763.705078
84,0.937229,0.621342,21013.240234
85,0.922711,0.716789,21262.740234
86,0.917180,0.764315,21512.398438
87,0.922276,0.797606,21761.951172
88,0.978042,0.806940,22011.482422
89,0.978350,0.823071,22260.996094
90,0.934978,0.839979,22510.625000
91,0.926902,0.833296,22760.203125
92,0.927585,0.821485,23009.722656
93,0.920628,0.808523,23259.261719
94,0.924232,0.787464,23508.841797
95,0.934858,0.784753,23758.425781
96,0.943210,0.781090,24007.943359
97,0.947284,0.779124,24257.564453
98,0.944495,0.774824,24507.123047
99,0.937703,0.771915,24756.734375
0,0.749794,0.445029,0.000589
1,0.740264,0.472500,266.186707
2,0.707490,0.536957,515.666931
3,0.678297,0.583395,765.301147
4,0.657916,0.599364,1014.863037
5,0.627463,0.601645,1264.411987
6,0.603644,0.604387,1513.981445
7,0.576811,0.598875,1763.544189
8,0.558091,0.590954,2013.149414
9,0.546151,0.581882,2262.637695
10,0.543792,0.562275,2512.273682
11,0.556331,0.535503,2761.827148
12,0.584657,0.538566,3011.368896
13,0.617236,0.568004,3260.965576
14,0.639181,0.624681,3510.498047
15,0.657590,0.699435,3760.139404
16,0.689670,0.724786,4009.597168
17,0.727795,0.705279,4259.224121
18,0.760830,0.660011,4508.713867
19,0.778710,0.633974,4758.331543
20,0.791912,0.623549,5007.802246
21,0.805596,0.615998,5257.473145
22,0.822115,0.608388,5507.036621
23,0.846484,0.588306,5756.544922
24,0.879578,0.554628,6006.190918
25,0.911260,0.556055,6255.660156
26,0.930427,0.561626,6505.323242
27,0.942431,0.566912,6754.803223
28,0.952433,0.566118,7004.450684
29,0.964897,0.564221,7253.874023
30,0.979917,0.560943,7503.514160
31,0.998151,0.556358,7753.029297
32,0.016487,0.552425,8002.666992
33,0.028120,0.547986,8252.142578
34,0.037573,0.545618,8518.420898
35,0.048834,0.541648,8751.425781
36,0.066305,0.538683,9000.919922
37,0.091282,0.543950,9250.509766
38,0.126315,0.564507,9500.027344
39,0.153436,0.568790,9766.207031
40,0.167063,0.567189,10015.734375
41,0.178793,0.561203,10265.321289
42,0.189469,0.561454,10514.860352
43,0.196904,0.590292,10764.472656
44,0.207374,0.653700,11014.104492
45,0.221121,0.701714,11263.554688
46,0.239673,0.709980,11513.171875
47,0.249607,0.704306,11762.706055
48,0.249671,0.687912,12012.378906
49,0.243661,0.635705,12261.821289
50,0.241415,0.569066,12511.489258
51,0.241747,0.506827,12760.959961
52,0.250744,0.475710,13010.555664
53,0.263604,0.424805,13260.075195
54,0.288483,0.422346,13509.664062
55,0.321722,0.494380,13759.158203
56,0.340586,0.531323,14008.772461
57,0.351391,0.549802,14258.418945
58,0.380463,0.567565,14507.929688
59,0.398197,0.563561,14757.369141
60,0.412785,0.569553,15006.986328
61,0.425353,0.579143,15256.653320
62,0.435745,0.558062,15506.142578
63,0.444321,0.505760,15755.765625
64,0.440209,0.444165,16005.299805
65,0.410403,0.363542,16254.882812
66,0.388959,0.333004,16504.394531
67,0.356380,0.374045,16754.019531
68,0.292497,0.436686,17003.609375
69,0.242522,0.475422,17253.109375
70,0.215707,0.500739,17502.742188
71,0.186458,0.511403,17752.218750
72,0.141029,0.521912,18001.847656
73,0.092581,0.523690,18251.332031
74,0.064559,0.520505,18500.992188
75,0.031114,0.524297,18750.425781
76,0.004725,0.533676,19000.101562
77,0.985563,0.536028,19266.228516
78,0.968728,0.535299,19515.779297
79,0.954576,0.527697,19765.335938
80,0.936332,0.521227,20015.011719
81,0.914258,0.524431,20264.509766
82,0.879192,0.546045,20514.068359
83,0.863413,0.558020,20763.644531
84,0.857302,0.557371,21013.179688
85,0.852863,0.557902,21262.746094
86,0.855394,0.554444,21512.275391
87,0.895369,0.503375,21761.892578
88,0.939454,0.438079,22011.421875
89,0.979946,0.424431,22260.976562
90,0.025910,0.439060,22510.617188
91,0.076967,0.439395,22760.121094
92,0.111685,0.445199,23009.718750
93,0.145050,0.504800,23259.281250
94,0.161736,0.556326,23508.830078
95,0.171397,0.595884,23758.474609
96,0.170541,0.682837,24008.017578
97,0.172956,0.745455,24257.457031
98,0.179312,0.771486,24507.134766
99,0.185866,0.785794,24756.558594
