Idx, longitude, latitude, start timestamp
0,0.750003,0.491983,-0.058888
1,0.748840,0.478125,266.219604
2,0.746034,0.488617,515.709656
3,0.709370,0.547179,765.287598
4,0.661989,0.628242,1014.932495
5,0.660927,0.710824,1264.443115
6,0.675732,0.758682,1514.150024
7,0.683365,0.783980,1763.525391
8,0.688699,0.784836,2013.227417
9,0.691021,0.779094,2262.707275
10,0.753674,0.743709,2512.323486
11,0.802141,0.699093,2761.749756
12,0.819919,0.670980,3011.470947
13,0.840922,0.641580,3261.048096
14,0.862854,0.611460,3510.494385
15,0.878469,0.588599,3760.166504
16,0.880531,0.575674,4009.684570
17,0.881418,0.571608,4259.281738
18,0.878901,0.557401,4508.721680
19,0.882770,0.504548,4758.387695
20,0.883415,0.478156,5007.867676
21,0.879464,0.474009,5257.463379
22,0.865756,0.475312,5507.010254
23,0.842082,0.479089,5756.638184
24,0.822217,0.482819,6006.316895
25,0.805868,0.486085,6255.694336
26,0.781800,0.490417,6505.351562
27,0.721386,0.491986,6754.831543
28,0.663431,0.487655,7004.512207
29,0.602078,0.500638,7253.999512
30,0.543284,0.518819,7503.563965
31,0.509076,0.528040,7753.099121
32,0.486895,0.541963,8002.662109
33,0.476826,0.576257,8252.233398
34,0.473447,0.594174,8501.796875
35,0.484079,0.609043,8751.305664
36,0.587407,0.597615,9000.893555
37,0.713307,0.567094,9250.567383
38,0.739380,0.564809,9500.069336
39,0.755441,0.553205,9766.346680
40,0.779951,0.545531,10015.766602
41,0.793144,0.538580,10265.410156
42,0.767989,0.524570,10514.905273
43,0.723427,0.500667,10764.541992
44,0.720307,0.493975,11013.992188
45,0.726309,0.495245,11263.658203
46,0.730808,0.497236,11513.288086
47,0.734180,0.496442,11762.712891
48,0.771313,0.491050,12012.345703
49,0.806405,0.489298,12261.878906
50,0.852252,0.483859,12511.517578
51,0.927264,0.482319,12760.954102
52,0.004617,0.478018,13010.690430
53,0.050364,0.486853,13260.116211
54,0.083881,0.510462,13509.682617
55,0.091275,0.531347,13759.235352
56,0.090530,0.544752,14008.815430
57,0.114264,0.533492,14258.346680
58,0.118933,0.530300,14507.916992
59,0.096096,0.523504,14757.613281
60,0.982973,0.497523,15007.125000
61,0.875761,0.485363,15256.659180
62,0.812884,0.495818,15506.219727
63,0.772403,0.505275,15755.842773
64,0.753350,0.511283,16005.318359
65,0.745897,0.516687,16254.885742
66,0.743372,0.512036,16504.541016
67,0.743202,0.507380,16754.058594
68,0.744412,0.507421,17003.511719
69,0.741657,0.506985,17253.117188
70,0.734192,0.474618,17502.667969
71,0.714172,0.373764,17752.341797
72,0.711366,0.330209,18001.851562
73,0.708087,0.308711,18251.414062
74,0.707545,0.299913,18500.988281
75,0.707685,0.298158,18750.501953
76,0.708900,0.308284,19000.199219
77,0.718815,0.380365,19266.279297
78,0.732907,0.459581,19515.937500
79,0.737578,0.484034,19765.394531
80,0.734105,0.493343,20014.947266
81,0.732864,0.496747,20264.615234
82,0.733327,0.497809,20514.083984
83,0.734521,0.498363,20763.683594
84,0.737419,0.498432,21013.238281
85,0.737670,0.498675,21262.837891
86,0.736906,0.497436,21512.390625
87,0.737277,0.497122,21761.933594
88,0.736368,0.498403,22011.437500
89,0.735490,0.499120,22261.072266
90,0.735143,0.499063,22510.576172
91,0.734995,0.499744,22760.146484
92,0.735083,0.500518,23009.734375
93,0.735157,0.500009,23259.300781
94,0.735194,0.500235,23525.542969
95,0.734906,0.501668,23758.458984
96,0.733275,0.501017,24008.048828
97,0.701103,0.495575,24257.496094
98,0.681436,0.501261,24507.175781
99,0.680796,0.510789,24756.626953
0,0.749855,0.496477,0.000398
1,0.749598,0.496423,266.095764
2,0.749523,0.496115,515.764099
3,0.749441,0.496288,765.228027
4,0.749398,0.496334,1014.886108
5,0.749260,0.499433,1264.505371
6,0.751325,0.531779,1513.933960
7,0.754701,0.568207,1763.601807
8,0.758858,0.602787,2013.075195
9,0.769369,0.598764,2262.736328
10,0.795332,0.565269,2512.169434
11,0.802038,0.551479,2761.835205
12,0.802992,0.545112,3011.340576
13,0.802482,0.533764,3260.950439
14,0.795986,0.523927,3510.524658
15,0.789939,0.515157,3760.041260
16,0.776431,0.505113,4009.514160
17,0.762890,0.498906,4259.135254
18,0.749294,0.492631,4508.884277
19,0.735438,0.480277,4758.388672
20,0.728522,0.469797,5007.894531
21,0.722689,0.468110,5257.454590
22,0.714339,0.474164,5507.025391
23,0.692535,0.488043,5756.560547
24,0.667189,0.498030,6006.118164
25,0.641335,0.494515,6255.643555
26,0.615592,0.472795,6505.302734
27,0.604286,0.453314,6754.775879
28,0.604412,0.444888,7004.401367
29,0.593987,0.440558,7254.043945
30,0.562874,0.438404,7503.551758
31,0.539233,0.441826,7753.134277
32,0.524049,0.439243,8002.722656
33,0.506313,0.441265,8252.282227
34,0.490852,0.442748,8501.704102
35,0.468800,0.448823,8751.456055
36,0.457616,0.462473,9000.894531
37,0.453072,0.468861,9250.539062
38,0.449834,0.474293,9516.618164
39,0.447685,0.492199,9766.228516
40,0.444502,0.526587,10015.935547
41,0.449475,0.560497,10265.346680
42,0.459197,0.598022,10514.938477
43,0.469955,0.622169,10764.432617
44,0.503318,0.642720,11014.084961
45,0.576512,0.617514,11263.594727
46,0.646943,0.565659,11513.186523
47,0.693330,0.527708,11762.691406
48,0.724091,0.495039,12012.323242
49,0.747674,0.470370,12261.775391
50,0.769363,0.460530,12511.451172
51,0.779703,0.458607,12761.025391
52,0.776128,0.447211,13010.579102
53,0.805802,0.428971,13260.180664
54,0.857147,0.410760,13509.763672
55,0.874780,0.411034,13759.300781
56,0.875625,0.417692,14008.804688
57,0.874989,0.422792,14258.428711
58,0.870950,0.433140,14507.899414
59,0.869106,0.440885,14757.601562
60,0.873409,0.454048,15006.986328
61,0.879745,0.474606,15256.728516
62,0.883891,0.497785,15506.164062
63,0.895846,0.524389,15755.781250
64,0.921274,0.546473,16005.402344
65,0.954549,0.556910,16254.873047
66,0.973062,0.566000,16504.525391
67,0.003819,0.561166,16770.707031
68,0.021851,0.561789,17003.636719
69,0.031738,0.566057,17253.128906
70,0.047240,0.568748,17502.634766
71,0.066691,0.570956,17752.207031
72,0.089784,0.578535,18001.896484
73,0.106936,0.584807,18251.373047
74,0.116914,0.583351,18500.968750
75,0.127103,0.554357,18750.470703
76,0.137038,0.535077,19000.089844
77,0.137911,0.529721,19266.330078
78,0.136515,0.527979,19515.818359
79,0.135995,0.529816,19765.427734
80,0.135428,0.532326,20014.980469
81,0.135770,0.534491,20264.601562
82,0.133173,0.538738,20514.082031
83,0.125795,0.546100,20763.693359
84,0.122477,0.547600,21013.158203
85,0.119368,0.546450,21262.775391
86,0.115972,0.540079,21512.404297
87,0.119083,0.529851,21761.966797
88,0.121680,0.516946,22011.615234
89,0.121253,0.506290,22261.015625
90,0.121431,0.503477,22510.589844
91,0.122901,0.503421,22760.189453
92,0.123439,0.504735,23009.824219
93,0.124149,0.515916,23259.259766
94,0.133011,0.550183,23509.000000
95,0.155559,0.571411,23758.369141
96,0.181634,0.563150,24008.052734
97,0.201632,0.554770,24257.611328
98,0.209753,0.549929,24507.107422
99,0.208313,0.549444,24756.865234
0,0.744259,0.529214,-0.000093
1,0.736592,0.532327,266.271393
2,0.730652,0.522222,515.873352
3,0.734832,0.489330,765.390503
4,0.742839,0.427054,1015.019653
5,0.745015,0.369943,1264.522583
6,0.744979,0.341542,1514.114258
7,0.734446,0.356517,1763.655518
8,0.721151,0.407971,2013.255737
9,0.713843,0.461336,2262.760254
10,0.702512,0.503218,2512.318604
11,0.682852,0.541142,2761.842041
12,0.653233,0.571541,3011.412354
13,0.616105,0.582908,3260.891602
14,0.595418,0.586325,3510.557373
15,0.605040,0.574173,3760.250732
16,0.633197,0.569073,4009.653564
17,0.683572,0.569977,4259.290527
18,0.719733,0.553266,4592.015625
19,0.738583,0.544221,4808.255859
20,0.751328,0.558245,5041.137695
21,0.783836,0.579362,5274.126953
22,0.831083,0.582505,5506.996582
23,0.849498,0.561108,5789.837402
24,0.871512,0.547519,6022.847168
25,0.925311,0.522695,6288.981934
26,0.990166,0.520173,6505.211426
27,0.054125,0.528615,6771.412109
28,0.102734,0.522893,7004.449707
29,0.149403,0.519992,7253.896973
30,0.187397,0.513988,7570.057129
31,0.219438,0.513516,7803.061035
32,0.241545,0.523345,8035.920410
33,0.257601,0.562524,8252.179688
34,0.245935,0.624696,8501.788086
35,0.225707,0.691688,8767.903320
36,0.221159,0.736798,9000.848633
37,0.205493,0.776420,9267.128906
38,0.187893,0.805785,9516.605469
39,0.159447,0.815938,9766.232422
40,0.115902,0.813984,10082.312500
41,0.090549,0.808022,10315.213867
42,0.103649,0.795586,10531.468750
43,0.139395,0.768534,10764.429688
44,0.173312,0.720846,11047.308594
45,0.200942,0.685576,11280.163086
46,0.225675,0.627146,11513.071289
47,0.237638,0.571802,11779.302734
48,0.246859,0.516461,12028.913086
49,0.237524,0.486668,12261.742188
50,0.219948,0.475979,12511.408203
51,0.214500,0.475071,12827.540039
52,0.215492,0.474136,13060.412109
53,0.208197,0.460850,13276.583984
54,0.197803,0.396887,13509.592773
55,0.172847,0.314743,13792.399414
56,0.128072,0.252202,14008.705078
57,0.066145,0.235274,14274.807617
58,0.053937,0.303852,14507.789062
59,0.053284,0.407240,14757.334961
60,0.019304,0.461231,15006.939453
61,0.957528,0.442754,15339.642578
62,0.904211,0.414158,15555.938477
63,0.880669,0.410665,15788.893555
64,0.889929,0.418175,16021.744141
65,0.865370,0.415797,16254.750000
66,0.794182,0.407406,16520.898438
67,0.751919,0.412751,16787.148438
68,0.726236,0.422419,17020.013672
69,0.720571,0.438690,17253.037109
70,0.727398,0.463255,17502.517578
71,0.732819,0.505072,17752.074219
72,0.733753,0.576253,18068.220703
73,0.729236,0.617427,18301.099609
74,0.722672,0.634733,18534.085938
75,0.711790,0.663407,18766.914062
76,0.694758,0.716898,19016.544922
77,0.685809,0.770192,19282.673828
78,0.683992,0.800786,19515.677734
79,0.685771,0.808137,19781.779297
80,0.696797,0.814619,20014.748047
81,0.709048,0.813349,20264.308594
82,0.719473,0.801209,20513.869141
83,0.724147,0.787230,20829.976562
84,0.731523,0.742368,21079.478516
85,0.740163,0.687523,21312.519531
86,0.740800,0.641776,21545.324219
87,0.741588,0.605864,21778.343750
88,0.751978,0.580502,22011.255859
89,0.764100,0.558864,22260.804688
90,0.760751,0.538451,22526.927734
91,0.753275,0.526695,22776.603516
92,0.746684,0.514280,23009.437500
93,0.735915,0.502545,23259.050781
94,0.714085,0.491345,23525.216797
95,0.691040,0.480724,23758.185547
96,0.666749,0.476259,24090.875000
97,0.644331,0.478771,24323.757812
98,0.623568,0.473695,24556.794922
99,0.611566,0.472874,24789.634766
0,0.749680,0.477936,-0.011994
1,0.749913,0.478837,266.244934
2,0.750558,0.480325,515.676270
3,0.751249,0.482267,765.411987
4,0.752269,0.483542,1014.895996
5,0.752621,0.484999,1281.096191
6,0.752711,0.485720,1513.963135
7,0.752798,0.486600,1763.663574
8,0.752956,0.487935,2013.072998
9,0.753176,0.488849,2262.668701
10,0.753461,0.490341,2512.356689
11,0.753740,0.492854,2761.776855
12,0.756317,0.518133,3011.447754
13,0.761047,0.565193,3260.916992
14,0.778825,0.608062,3510.456787
15,0.805602,0.632826,3760.066650
16,0.829517,0.650446,4009.678467
17,0.850028,0.658231,4259.174316
18,0.869224,0.661929,4508.745117
19,0.878344,0.661985,4758.280273
20,0.880407,0.660922,5007.869629
21,0.880400,0.660653,5274.149902
22,0.873692,0.657237,5506.986816
23,0.866362,0.655021,5773.318848
24,0.854098,0.650918,6006.144531
25,0.819684,0.653264,6255.791992
26,0.755020,0.657780,6505.291992
27,0.691641,0.644613,6771.414062
28,0.630697,0.637291,7020.967773
29,0.576865,0.625711,7270.631348
30,0.521863,0.603912,7520.149902
31,0.479865,0.581872,7753.127441
32,0.453635,0.571720,8002.632812
33,0.424898,0.564321,8268.862305
34,0.390850,0.561010,8518.389648
35,0.354987,0.559384,8767.960938
36,0.323523,0.559119,9017.625000
37,0.295249,0.556040,9267.062500
38,0.278149,0.548681,9516.726562
39,0.276883,0.546884,9766.202148
40,0.281039,0.545957,10015.844727
41,0.281927,0.542508,10281.943359
42,0.281387,0.533019,10514.933594
43,0.282215,0.531775,10764.430664
44,0.282588,0.533824,11030.702148
45,0.282279,0.536947,11263.713867
46,0.282680,0.538404,11529.819336
47,0.283200,0.540007,11762.819336
48,0.283606,0.542081,12012.344727
49,0.283921,0.543376,12278.541992
50,0.284171,0.545061,12511.438477
51,0.284212,0.546476,12777.649414
52,0.284214,0.547747,13027.130859
53,0.284421,0.548926,13260.132812
54,0.285535,0.550112,13509.653320
55,0.288438,0.551406,13759.250000
56,0.293901,0.552374,14008.784180
57,0.304080,0.553369,14258.394531
58,0.315830,0.553696,14508.024414
59,0.327080,0.554481,14757.529297
60,0.337285,0.555818,15007.145508
61,0.345854,0.557137,15256.648438
62,0.353306,0.559178,15506.223633
63,0.359815,0.561143,15755.753906
64,0.367414,0.562200,16005.352539
65,0.375216,0.562638,16254.902344
66,0.387934,0.567763,16504.503906
67,0.429884,0.586240,16753.958984
68,0.474609,0.603875,17003.650391
69,0.517629,0.613743,17253.253906
70,0.554887,0.612983,17502.720703
71,0.595565,0.609177,17752.244141
72,0.628377,0.601980,18001.861328
73,0.656989,0.594392,18251.457031
74,0.678169,0.587796,18500.960938
75,0.695326,0.584000,18750.556641
76,0.713544,0.582407,19000.119141
77,0.722221,0.579879,19266.320312
78,0.720979,0.582223,19515.849609
79,0.717870,0.588166,19848.687500
80,0.714282,0.591182,20114.810547
81,0.711886,0.593501,20347.820312
82,0.709217,0.595614,20597.291016
83,0.709232,0.596543,20846.947266
84,0.715112,0.598290,21096.414062
85,0.722176,0.598130,21329.416016
86,0.728671,0.596967,21578.947266
87,0.734823,0.595333,21845.220703
88,0.741061,0.594253,22078.089844
89,0.749868,0.594807,22327.632812
90,0.756447,0.596802,22577.183594
91,0.762925,0.599818,22826.792969
92,0.766995,0.601837,23076.281250
93,0.767971,0.603356,23325.923828
94,0.767466,0.604478,23575.486328
95,0.767483,0.605633,23825.039062
96,0.767832,0.607338,24074.601562
97,0.768264,0.609086,24307.533203
98,0.768311,0.610905,24557.179688
99,0.768117,0.611372,24823.255859
0,0.757230,0.522638,0.001032
1,0.733962,0.532288,266.253082
2,0.728016,0.532095,515.852844
3,0.727638,0.536522,765.377869
4,0.757355,0.539248,1014.916626
5,0.791870,0.540997,1264.507935
6,0.793438,0.542530,1514.024658
7,0.785673,0.547254,1763.706299
8,0.776387,0.550706,2013.166992
9,0.755924,0.545464,2262.830078
10,0.693915,0.566568,2512.339600
11,0.585598,0.593154,2761.859375
12,0.488488,0.594059,3011.445068
13,0.414463,0.590767,3261.049316
14,0.369712,0.583638,3510.589844
15,0.356984,0.580432,3760.118652
16,0.416509,0.584526,4009.754395
17,0.534170,0.586531,4259.241699
18,0.609962,0.580763,4508.805176
19,0.646088,0.572016,4758.436523
20,0.702294,0.557166,5008.012695
21,0.742839,0.536473,5257.521973
22,0.761127,0.530677,5507.069824
23,0.779488,0.524994,5756.672363
24,0.796239,0.542062,6006.186523
25,0.834223,0.547336,6255.787109
26,0.852626,0.545142,6505.314453
27,0.895293,0.541947,6754.925293
28,0.901020,0.544284,7004.456543
29,0.881934,0.545512,7253.998535
30,0.905022,0.550896,7503.618652
31,0.956226,0.559003,7753.156250
32,0.957392,0.559641,8002.759277
33,0.896213,0.557604,8252.270508
34,0.841333,0.558004,8501.951172
35,0.779897,0.562974,8751.427734
36,0.774390,0.566650,9000.963867
37,0.908513,0.567141,9250.632812
38,0.013002,0.545212,9500.195312
39,0.036343,0.545650,9766.319336
40,0.029038,0.546361,10015.841797
41,0.985998,0.557174,10265.394531
42,0.875307,0.558065,10514.984375
43,0.769636,0.539162,10764.535156
44,0.700421,0.539278,11014.120117
45,0.620717,0.524166,11263.663086
46,0.553322,0.470879,11513.272461
47,0.563712,0.354438,11762.816406
48,0.607599,0.244621,12012.405273
49,0.622019,0.216402,12262.028320
50,0.632141,0.256177,12511.509766
51,0.648702,0.427077,12761.087891
52,0.691051,0.572439,13010.638672
53,0.730210,0.583306,13260.275391
54,0.755983,0.570333,13509.794922
55,0.746661,0.566802,13759.294922
56,0.704632,0.554655,14008.903320
57,0.614434,0.546588,14258.470703
58,0.485051,0.546143,14508.017578
59,0.377275,0.533045,14757.569336
60,0.311400,0.528426,15007.187500
61,0.286273,0.533094,15256.677734
62,0.281561,0.530732,15506.291016
63,0.323286,0.537802,15755.835938
64,0.480035,0.551178,16005.427734
65,0.680309,0.553666,16254.977539
66,0.739490,0.552641,16504.552734
67,0.755108,0.562941,16754.083984
68,0.760984,0.561721,17003.666016
69,0.755792,0.555571,17253.222656
70,0.749523,0.558142,17502.757812
71,0.749241,0.563817,17752.353516
72,0.753346,0.555884,18001.875000
73,0.751640,0.559758,18251.533203
74,0.751641,0.562593,18501.095703
75,0.752857,0.564402,18750.664062
76,0.756309,0.563052,19000.164062
77,0.756880,0.567142,19266.369141
78,0.755795,0.574737,19515.912109
79,0.752609,0.576587,19765.515625
80,0.750169,0.568004,20015.039062
81,0.747917,0.558589,20264.660156
82,0.747405,0.574523,20514.224609
83,0.745595,0.559254,20763.845703
84,0.745296,0.551965,21013.294922
85,0.746888,0.549599,21262.880859
86,0.754667,0.549253,21512.464844
87,0.750820,0.558669,21761.980469
88,0.747318,0.565460,22011.597656
89,0.745374,0.560835,22261.169922
90,0.747579,0.567105,22510.738281
91,0.745986,0.574274,22760.267578
92,0.744127,0.561525,23009.832031
93,0.741598,0.551949,23259.349609
94,0.745044,0.544595,23508.955078
95,0.756337,0.536154,23758.580078
96,0.753358,0.555988,24008.066406
97,0.754814,0.561608,24257.732422
98,0.763517,0.573194,24507.173828
99,0.765216,0.578364,24756.794922
0,0.750224,0.532262,0.002775
1,0.751137,0.532179,266.200562
2,0.751254,0.530074,515.837891
3,0.751936,0.528854,765.374878
4,0.759762,0.525736,1014.908691
5,0.781565,0.519686,1264.519897
6,0.810878,0.520639,1514.084229
7,0.845592,0.523977,1763.648438
8,0.866807,0.537296,2013.218384
9,0.864479,0.552557,2262.778564
10,0.844464,0.585597,2512.275146
11,0.805875,0.606472,2761.834961
12,0.754668,0.593072,3011.477051
13,0.718756,0.558109,3260.997070
14,0.703271,0.506808,3510.543701
15,0.681712,0.446360,3760.167725
16,0.672307,0.380762,4009.719727
17,0.671531,0.344353,4259.333008
18,0.687037,0.318936,4508.785156
19,0.698001,0.291270,4758.388672
20,0.705332,0.281608,5007.958008
21,0.704634,0.277114,5257.487793
22,0.703876,0.272322,5507.162598
23,0.700531,0.271597,5756.713379
24,0.685758,0.274800,6006.243652
25,0.629119,0.293067,6255.779785
26,0.545036,0.337015,6505.386230
27,0.462046,0.373970,6754.905273
28,0.409785,0.410261,7004.427734
29,0.373777,0.435701,7254.041992
30,0.343214,0.453441,7503.611816
31,0.321743,0.459464,7753.194336
32,0.300798,0.463203,8002.682617
33,0.282529,0.467285,8252.305664
34,0.270562,0.472252,8501.913086
35,0.259295,0.478096,8751.377930
36,0.247748,0.480589,9001.006836
37,0.236811,0.480137,9250.529297
38,0.226675,0.477216,9500.122070
39,0.225285,0.470453,9766.332031
40,0.234515,0.472555,10015.823242
41,0.247993,0.479760,10265.466797
42,0.258140,0.484130,10514.981445
43,0.267773,0.487517,10764.579102
44,0.274871,0.495073,11014.164062
45,0.274384,0.517028,11263.689453
46,0.270997,0.568352,11513.261719
47,0.271746,0.620660,11762.787109
48,0.280552,0.657473,12012.416016
49,0.293149,0.672467,12261.946289
50,0.312990,0.673562,12511.566406
51,0.340349,0.664524,12761.066406
52,0.357766,0.652711,13010.710938
53,0.368153,0.639721,13260.225586
54,0.375527,0.630236,13509.738281
55,0.381469,0.623873,13759.406250
56,0.386369,0.618250,14008.893555
57,0.389908,0.609208,14258.541016
58,0.392335,0.594731,14508.025391
59,0.383498,0.576665,14757.668945
60,0.360737,0.557725,15007.176758
61,0.342185,0.541985,15256.704102
62,0.324247,0.534030,15506.295898
63,0.304333,0.527136,15755.857422
64,0.288648,0.512273,16005.439453
65,0.286061,0.489482,16254.929688
66,0.292310,0.466286,16504.570312
67,0.306248,0.452392,16754.074219
68,0.327852,0.446167,17003.646484
69,0.368340,0.443568,17253.259766
70,0.416580,0.447464,17502.812500
71,0.467367,0.456035,17752.353516
72,0.520033,0.462577,18001.906250
73,0.573735,0.466020,18251.542969
74,0.626983,0.466577,18501.001953
75,0.670500,0.470844,18750.595703
76,0.700036,0.471260,19000.164062
77,0.717937,0.478934,19266.390625
78,0.727682,0.487163,19515.957031
79,0.742279,0.492111,19765.587891
80,0.768945,0.494833,20015.027344
81,0.785405,0.491718,20264.630859
82,0.799948,0.492101,20514.166016
83,0.817243,0.489553,20763.759766
84,0.831790,0.488669,21013.289062
85,0.843639,0.489665,21262.882812
86,0.853454,0.491451,21512.441406
87,0.862399,0.493648,21762.007812
88,0.873019,0.499171,22011.601562
89,0.885727,0.507708,22261.142578
90,0.900266,0.516983,22510.707031
91,0.913949,0.523651,22760.281250
92,0.926641,0.530311,23009.855469
93,0.939649,0.525730,23259.365234
94,0.950676,0.519802,23508.939453
95,0.962543,0.519105,23758.478516
96,0.983035,0.519895,24008.097656
97,0.001074,0.523022,24257.671875
98,0.013016,0.526051,24507.232422
99,0.021190,0.527694,24756.822266
0,0.749900,0.533181,-0.000901
1,0.749717,0.533863,266.294983
2,0.749485,0.533924,515.844849
3,0.749459,0.534380,765.409851
4,0.749425,0.534960,1014.912842
5,0.747213,0.538691,1264.487183
6,0.721366,0.547626,1530.762207
7,0.698397,0.539888,1763.627563
8,0.678823,0.515198,2013.192139
9,0.674059,0.504984,2262.729492
10,0.667443,0.493362,2529.015869
11,0.673701,0.493105,2761.876465
12,0.719283,0.570008,3011.529297
13,0.759086,0.627434,3260.916260
14,0.780025,0.678785,3510.577637
15,0.787026,0.720742,3760.165527
16,0.788670,0.763215,4009.709473
17,0.788924,0.793082,4259.279297
18,0.784338,0.820386,4508.891602
19,0.791523,0.841263,4824.927734
20,0.867736,0.818549,5007.924805
21,0.928403,0.647761,5257.588867
22,0.939531,0.506920,5507.066406
23,0.942131,0.442539,5789.889160
24,0.934516,0.424140,6039.528809
25,0.900438,0.435638,6255.819336
26,0.817788,0.466553,6505.296875
27,0.760198,0.467275,6754.896484
28,0.731165,0.459087,7004.477539
29,0.707589,0.462986,7254.025391
30,0.723901,0.471765,7503.710938
31,0.810263,0.478096,7753.133301
32,0.932313,0.476864,8002.763672
33,0.066508,0.468596,8268.862305
34,0.107420,0.469674,8518.447266
35,0.111225,0.483880,8751.331055
36,0.112372,0.495554,9000.998047
37,0.113545,0.510230,9250.435547
38,0.118468,0.509396,9500.096680
39,0.155921,0.499701,9766.321289
40,0.218457,0.492672,10015.859375
41,0.230051,0.481187,10315.343750
42,0.221950,0.478496,10564.921875
43,0.226235,0.475580,10764.534180
44,0.242512,0.476747,11014.082031
45,0.261993,0.476491,11263.746094
46,0.308600,0.462477,11513.208008
47,0.335689,0.435770,11762.758789
48,0.340543,0.431445,12012.300781
49,0.344455,0.458105,12261.936523
50,0.348263,0.481445,12511.507812
51,0.301962,0.423991,12761.041992
52,0.255165,0.341973,13043.918945
53,0.238222,0.314359,13260.125977
54,0.231679,0.306782,13509.701172
55,0.229774,0.305896,13759.285156
56,0.228028,0.300915,14008.896484
57,0.223322,0.294958,14258.353516
58,0.220953,0.292704,14508.005859
59,0.221761,0.295034,14840.704102
60,0.224025,0.297730,15007.102539
61,0.224999,0.300714,15256.572266
62,0.225660,0.303724,15506.233398
63,0.225916,0.306377,15755.853516
64,0.225511,0.306505,16038.610352
65,0.225411,0.305462,16288.250000
66,0.203423,0.289090,16504.544922
67,0.133975,0.280407,16754.091797
68,0.058882,0.308246,17003.587891
69,0.966854,0.334358,17269.814453
70,0.902475,0.260048,17502.726562
71,0.834413,0.228362,17752.291016
72,0.791112,0.240816,18001.812500
73,0.767283,0.324875,18251.437500
74,0.749170,0.416024,18501.105469
75,0.739246,0.459259,18750.568359
76,0.738113,0.480830,19000.193359
77,0.737133,0.493390,19266.281250
78,0.725231,0.497693,19515.884766
79,0.681860,0.516676,19765.376953
80,0.621004,0.535561,20015.050781
81,0.559227,0.546851,20314.537109
82,0.510042,0.538264,20563.978516
83,0.475461,0.519901,20763.789062
84,0.435464,0.493735,21013.291016
85,0.407192,0.484732,21262.837891
86,0.382008,0.484561,21512.373047
87,0.375242,0.491088,21761.958984
88,0.366723,0.490503,22011.562500
89,0.358762,0.473690,22261.150391
90,0.333283,0.445207,22510.617188
91,0.324011,0.449759,22793.498047
92,0.321221,0.457136,23009.740234
93,0.319832,0.460535,23259.375000
94,0.320120,0.462870,23508.871094
95,0.320903,0.462774,23758.503906
96,0.320409,0.471840,24008.058594
97,0.318515,0.502148,24257.583984
98,0.325043,0.571431,24507.275391
99,0.353296,0.630811,24756.716797
0,0.750221,0.501816,0.001131
1,0.750592,0.502056,266.301849
2,0.750657,0.502300,515.781372
3,0.750620,0.505929,765.342163
4,0.752684,0.515856,1014.939575
5,0.753405,0.524895,1264.489258
6,0.753010,0.534316,1514.071167
7,0.755227,0.545562,1763.670288
8,0.767381,0.558221,2013.215820
9,0.770521,0.556455,2262.760254
10,0.772190,0.560719,2512.350098
11,0.774199,0.561489,2761.899902
12,0.776273,0.569289,3011.444824
13,0.772126,0.581950,3260.984619
14,0.748925,0.596709,3510.624756
15,0.735271,0.600822,3760.156982
16,0.722887,0.605916,4009.777588
17,0.699300,0.604940,4259.293457
18,0.676845,0.605415,4508.861816
19,0.660552,0.601198,4758.396484
20,0.652314,0.599150,5007.929199
21,0.645401,0.596249,5257.550781
22,0.638541,0.593161,5507.065430
23,0.634399,0.580856,5756.695312
24,0.632722,0.553518,6006.183105
25,0.627895,0.522073,6255.791016
26,0.629358,0.514141,6505.341797
27,0.627556,0.515442,6754.863281
28,0.610169,0.514649,7004.527344
29,0.591666,0.510676,7254.019531
30,0.584387,0.508055,7503.601074
31,0.583660,0.505738,7753.131348
32,0.584094,0.506290,8002.740723
33,0.597268,0.507383,8252.251953
34,0.629118,0.516653,8501.817383
35,0.661010,0.529535,8751.487305
36,0.688733,0.535020,9001.022461
37,0.711940,0.538709,9250.630859
38,0.722020,0.546821,9500.104492
39,0.729195,0.551445,9766.275391
40,0.731463,0.551254,10015.949219
41,0.730426,0.551056,10265.462891
42,0.730157,0.550805,10514.979492
43,0.734827,0.550763,10764.605469
44,0.759261,0.547709,11014.218750
45,0.792481,0.545283,11263.728516
46,0.819177,0.544962,11513.226562
47,0.833359,0.548810,11762.790039
48,0.828897,0.563116,12012.341797
49,0.808441,0.563028,12261.960938
50,0.809205,0.561864,12511.514648
51,0.833016,0.556107,12761.146484
52,0.886405,0.541651,13010.725586
53,0.915942,0.544919,13260.173828
54,0.935299,0.548858,13509.802734
55,0.966377,0.559793,13759.329102
56,0.020663,0.568619,14008.858398
57,0.049402,0.568391,14258.442383
58,0.069177,0.567027,14508.074219
59,0.102382,0.561170,14757.600586
60,0.133539,0.556866,15007.118164
61,0.156423,0.551853,15256.748047
62,0.170570,0.547576,15506.328125
63,0.188989,0.539901,15755.807617
64,0.212626,0.532168,16005.409180
65,0.230819,0.528213,16255.047852
66,0.241914,0.525318,16521.181641
67,0.249944,0.525783,16754.080078
68,0.262729,0.527264,17003.703125
69,0.276765,0.528352,17253.314453
70,0.290385,0.527716,17502.777344
71,0.301187,0.528449,17752.404297
72,0.314364,0.529402,18001.945312
73,0.318358,0.531741,18251.501953
74,0.316449,0.532918,18501.029297
75,0.311526,0.537111,18750.623047
76,0.290905,0.536272,19000.267578
77,0.239605,0.532945,19266.404297
78,0.221154,0.526825,19515.992188
79,0.215742,0.525940,19765.523438
80,0.213513,0.525137,20015.103516
81,0.212812,0.522947,20264.679688
82,0.214503,0.524940,20514.171875
83,0.214048,0.527824,20763.716797
84,0.209733,0.530337,21013.376953
85,0.195749,0.537976,21262.884766
86,0.175544,0.549335,21512.458984
87,0.160806,0.555250,21762.062500
88,0.154872,0.555507,22011.589844
89,0.151828,0.556536,22261.123047
90,0.156060,0.558171,22510.685547
91,0.169542,0.554832,22760.292969
92,0.189913,0.548368,23009.796875
93,0.210667,0.542950,23259.396484
94,0.228428,0.535401,23508.937500
95,0.245476,0.519314,23758.535156
96,0.259409,0.493327,24008.072266
97,0.275882,0.472911,24257.656250
98,0.293635,0.485093,24507.261719
99,0.300226,0.504121,24756.816406
0,0.749681,0.584368,-0.003024
1,0.749728,0.585079,266.198578
2,0.749913,0.585761,515.815369
3,0.751073,0.586030,765.329529
4,0.750695,0.586668,1014.956848
5,0.750726,0.587695,1264.586548
6,0.750666,0.588055,1514.059082
7,0.749875,0.590107,1763.661743
8,0.730691,0.623610,2013.174438
9,0.675294,0.644189,2262.767090
10,0.636841,0.635922,2512.404297
11,0.616673,0.643542,2761.921875
12,0.605819,0.660022,3028.062500
13,0.601271,0.672325,3260.978271
14,0.582083,0.679580,3510.581299
15,0.560442,0.678564,3760.137207
16,0.532039,0.675272,4009.717773
17,0.505488,0.668103,4259.263184
18,0.468745,0.658998,4508.933105
19,0.451209,0.654804,4758.406738
20,0.447024,0.653358,5007.950195
21,0.445877,0.653594,5257.546387
22,0.442294,0.654682,5507.145020
23,0.427318,0.649588,5756.618164
24,0.400037,0.639705,6006.180176
25,0.366345,0.622165,6255.796875
26,0.327208,0.603965,6505.391602
27,0.289280,0.580242,6754.896484
28,0.252524,0.565253,7004.514648
29,0.235997,0.558213,7254.053223
30,0.229956,0.545069,7503.583496
31,0.231188,0.533535,7753.172363
32,0.236126,0.518905,8002.801270
33,0.240866,0.493798,8252.294922
34,0.241596,0.452331,8501.813477
35,0.233775,0.427222,8751.495117
36,0.217698,0.422240,9001.006836
37,0.188783,0.415417,9250.526367
38,0.145046,0.416781,9500.115234
39,0.093818,0.426424,9766.382812
40,0.042566,0.474767,10015.836914
41,0.034036,0.473383,10265.494141
42,0.141336,0.413208,10514.973633
43,0.203641,0.370906,10764.620117
44,0.217652,0.352247,11014.092773
45,0.226329,0.345360,11263.710938
46,0.237922,0.352609,11513.267578
47,0.251066,0.321866,11762.869141
48,0.258294,0.282223,12012.378906
49,0.253274,0.281953,12261.931641
50,0.242063,0.400748,12511.553711
51,0.236487,0.506760,12761.150391
52,0.235123,0.532212,13010.663086
53,0.234185,0.510621,13260.208008
54,0.233453,0.465113,13509.842773
55,0.232538,0.422529,13759.331055
56,0.232224,0.400529,14008.861328
57,0.233216,0.391364,14258.462891
58,0.236266,0.394698,14508.006836
59,0.238229,0.390624,14757.612305
60,0.238307,0.389580,15007.126953
61,0.238168,0.388667,15256.803711
62,0.238013,0.388664,15506.295898
63,0.238581,0.389245,15755.805664
64,0.238633,0.388768,16005.469727
65,0.238277,0.388915,16254.972656
66,0.238188,0.388012,16504.630859
67,0.238024,0.386621,16754.083984
68,0.237810,0.384835,17003.736328
69,0.237905,0.383671,17253.220703
70,0.237999,0.383344,17502.763672
71,0.238579,0.385735,17752.402344
72,0.238748,0.388081,18001.974609
73,0.239806,0.390203,18251.500000
74,0.261739,0.424031,18501.011719
75,0.290393,0.485662,18750.613281
76,0.314025,0.530172,19000.148438
77,0.337058,0.549483,19266.339844
78,0.338446,0.552219,19515.939453
79,0.290329,0.539354,19765.564453
80,0.268908,0.530258,20015.128906
81,0.251635,0.531061,20264.654297
82,0.228699,0.556520,20514.203125
83,0.194772,0.554646,20763.832031
84,0.187906,0.551999,21013.306641
85,0.177385,0.569122,21262.853516
86,0.149898,0.589617,21512.472656
87,0.131354,0.595006,21761.988281
88,0.122655,0.597578,22011.669922
89,0.135924,0.598751,22261.146484
90,0.154294,0.613696,22510.730469
91,0.175882,0.628826,22760.253906
92,0.204159,0.647200,23009.818359
93,0.220365,0.671376,23259.361328
94,0.219427,0.709223,23509.021484
95,0.198114,0.760444,23758.589844
96,0.161857,0.804405,24008.044922
97,0.110102,0.841958,24257.710938
98,0.083591,0.863699,24507.220703
99,0.095007,0.875541,24756.736328
0,0.750706,0.518893,0.038969
1,0.754196,0.530615,266.219177
2,0.764586,0.576445,515.814270
3,0.772167,0.627095,765.354492
4,0.780515,0.663130,1014.921692
5,0.786205,0.690127,1264.528198
6,0.793080,0.701594,1514.099243
7,0.804612,0.705369,1763.730957
8,0.811860,0.725198,2013.156860
9,0.812678,0.760972,2262.816406
10,0.819589,0.778384,2512.351074
11,0.836942,0.750774,2761.852295
12,0.852772,0.696516,3011.468018
13,0.855534,0.650491,3261.026855
14,0.849214,0.621497,3510.605713
15,0.847795,0.602008,3760.132080
16,0.856436,0.578179,4009.704102
17,0.869668,0.553906,4259.283203
18,0.912314,0.548590,4508.833496
19,0.961927,0.556918,4758.416504
20,0.030625,0.581374,5007.939453
21,0.053563,0.591491,5257.543945
22,0.057224,0.594289,5507.058594
23,0.101192,0.572670,5756.665039
24,0.152097,0.558379,6006.236816
25,0.181299,0.548866,6255.831055
26,0.204742,0.542103,6505.331543
27,0.216760,0.508140,6754.956055
28,0.205208,0.399051,7004.479492
29,0.175748,0.268136,7254.012207
30,0.070598,0.192114,7503.658691
31,0.042334,0.160364,7753.125000
32,0.938165,0.161163,8002.807617
33,0.826328,0.206947,8252.265625
34,0.849993,0.181497,8501.919922
35,0.041376,0.172567,8751.468750
36,0.075915,0.176987,9000.988281
37,0.070430,0.171817,9250.557617
38,0.054405,0.167969,9500.179688
39,0.004621,0.157083,9766.306641
40,0.881733,0.172939,10015.916016
41,0.799146,0.219497,10265.502930
42,0.769362,0.224694,10515.084961
43,0.751948,0.220114,10764.575195
44,0.736299,0.227430,11014.124023
45,0.728587,0.245539,11263.744141
46,0.726964,0.290092,11513.299805
47,0.726114,0.373991,11762.816406
48,0.724610,0.426311,12012.369141
49,0.742548,0.444940,12262.061523
50,0.766924,0.444937,12511.485352
51,0.774601,0.441042,12761.045898
52,0.768867,0.447746,13010.687500
53,0.732033,0.480382,13260.295898
54,0.705281,0.510314,13509.729492
55,0.682125,0.534708,13759.323242
56,0.646434,0.562696,14008.937500
57,0.628590,0.600936,14258.438477
58,0.634337,0.620347,14508.041992
59,0.657646,0.629774,14757.613281
60,0.701031,0.646701,15007.210938
61,0.737514,0.705941,15256.768555
62,0.757626,0.752420,15506.241211
63,0.755631,0.777504,15755.928711
64,0.751942,0.815427,16005.429688
65,0.738728,0.801401,16254.946289
66,0.724637,0.759148,16504.585938
67,0.730519,0.720656,16754.199219
68,0.735168,0.697598,17003.632812
69,0.733305,0.684254,17253.205078
70,0.711139,0.675178,17502.814453
71,0.686501,0.674714,17752.343750
72,0.678483,0.680963,18001.906250
73,0.680075,0.673517,18251.466797
74,0.678775,0.661672,18501.046875
75,0.671996,0.658958,18750.597656
76,0.674857,0.654877,19000.156250
77,0.690867,0.637875,19266.388672
78,0.715945,0.606534,19515.970703
79,0.733602,0.574567,19765.494141
80,0.744214,0.546359,20015.042969
81,0.770552,0.519864,20264.605469
82,0.795796,0.520130,20514.212891
83,0.815857,0.548811,20763.744141
84,0.828964,0.577289,21013.310547
85,0.826990,0.578258,21262.861328
86,0.816299,0.580165,21512.441406
87,0.815753,0.591928,21762.041016
88,0.810025,0.617750,22011.552734
89,0.805131,0.625611,22261.154297
90,0.792341,0.639753,22510.671875
91,0.773187,0.638067,22760.261719
92,0.764277,0.607674,23009.814453
93,0.772264,0.548028,23259.390625
94,0.763541,0.509851,23508.955078
95,0.749814,0.546879,23758.525391
96,0.744992,0.579944,24008.126953
97,0.762576,0.605659,24257.650391
98,0.787163,0.597771,24507.208984
99,0.782488,0.597675,24756.771484
0,0.735843,0.574660,0.036998
1,0.718120,0.574336,266.306915
2,0.702043,0.577889,515.797913
3,0.688183,0.586424,765.338745
4,0.645321,0.610495,1014.885742
5,0.585993,0.625731,1264.516357
6,0.569357,0.637629,1514.028076
7,0.571477,0.644605,1763.628784
8,0.576374,0.643214,2013.253418
9,0.583304,0.644404,2262.711670
10,0.601583,0.647180,2512.274414
11,0.651680,0.639517,2761.904297
12,0.692939,0.641692,3011.424072
13,0.704578,0.656187,3261.000488
14,0.741549,0.659652,3510.636230
15,0.796935,0.657957,3760.130371
16,0.821096,0.658267,4009.680664
17,0.851159,0.649213,4259.235840
18,0.874991,0.634786,4508.788574
19,0.902258,0.616142,4758.359863
20,0.905947,0.615116,5007.947754
21,0.848150,0.632615,5257.478516
22,0.753156,0.632870,5507.056152
23,0.732446,0.605783,5756.636719
24,0.732144,0.576640,6006.202148
25,0.738967,0.559153,6255.744141
26,0.768491,0.545525,6505.306641
27,0.787359,0.543267,6754.868652
28,0.785626,0.544323,7004.429199
29,0.787211,0.547141,7253.986328
30,0.801986,0.542672,7503.568359
31,0.837489,0.527236,7753.124023
32,0.867502,0.511748,8002.680176
33,0.887453,0.508235,8252.249023
34,0.891949,0.504707,8501.811523
35,0.891791,0.500151,8751.390625
36,0.925555,0.484432,9000.936523
37,0.997625,0.475153,9250.550781
38,0.060105,0.488095,9500.060547
39,0.117663,0.500001,9766.274414
40,0.153484,0.509893,10015.827148
41,0.177630,0.519741,10265.410156
42,0.189314,0.529701,10514.972656
43,0.184194,0.539902,10764.538086
44,0.157151,0.555845,11014.082031
45,0.101696,0.581700,11263.688477
46,0.076326,0.600681,11513.233398
47,0.068131,0.613872,11762.779297
48,0.066386,0.619141,12012.362305
49,0.048489,0.618578,12261.930664
50,0.927020,0.594653,12511.484375
51,0.818900,0.573254,12761.034180
52,0.802685,0.575704,13010.651367
53,0.795973,0.573780,13260.179688
54,0.786135,0.575592,13509.732422
55,0.779288,0.578989,13759.291016
56,0.777416,0.581355,14008.879883
57,0.777026,0.585252,14258.446289
58,0.776909,0.589069,14507.981445
59,0.776419,0.603288,14757.568359
60,0.775769,0.645616,15007.129883
61,0.762406,0.677020,15256.687500
62,0.726402,0.666479,15506.245117
63,0.683322,0.624842,15755.840820
64,0.661351,0.600270,16005.394531
65,0.654979,0.589812,16254.943359
66,0.654412,0.592620,16504.521484
67,0.657960,0.597708,16754.058594
68,0.662495,0.599458,17003.650391
69,0.669855,0.600792,17253.208984
70,0.687908,0.594321,17502.763672
71,0.721670,0.569226,17752.322266
72,0.765834,0.541554,18001.876953
73,0.802515,0.514821,18251.449219
74,0.829162,0.506072,18501.017578
75,0.863964,0.502712,18750.564453
76,0.902159,0.496705,19000.134766
77,0.946100,0.491110,19266.361328
78,0.037173,0.473752,19515.947266
79,0.186388,0.485378,19765.472656
80,0.268381,0.514432,20015.037109
81,0.292309,0.531473,20264.585938
82,0.289110,0.548686,20514.187500
83,0.281855,0.599684,20763.718750
84,0.268669,0.684377,21013.289062
85,0.276933,0.725175,21262.884766
86,0.296493,0.660699,21512.427734
87,0.293088,0.497765,21762.003906
88,0.294227,0.357447,22011.539062
89,0.301115,0.246482,22261.101562
90,0.307342,0.192641,22510.675781
91,0.319922,0.158989,22760.238281
92,0.366672,0.098158,23009.785156
93,0.579669,0.058482,23259.363281
94,0.682522,0.133909,23508.919922
95,0.701377,0.214165,23758.486328
96,0.708101,0.261968,24008.048828
97,0.712019,0.269850,24257.603516
98,0.717622,0.274587,24507.175781
99,0.722618,0.278262,24756.763672
0,0.750000,0.500000,-0.059725
1,0.750000,0.500000,266.062103
2,0.750000,0.500000,515.689148
3,0.750000,0.500000,765.284546
4,0.750000,0.500000,1014.824463
5,0.750000,0.500000,1264.386475
6,0.750000,0.500000,1513.906128
7,0.750000,0.500000,1763.517334
8,0.750000,0.500000,2013.051514
9,0.750000,0.500000,2279.257812
10,0.750000,0.500000,2528.844238
11,0.750000,0.500000,2761.739990
12,0.750000,0.500000,3011.332031
13,0.750000,0.500000,3260.875244
14,0.750000,0.500000,3510.464111
15,0.750000,0.500000,3760.021240
16,0.750000,0.500000,4009.639648
17,0.750000,0.500000,4259.156738
18,0.750000,0.500000,4508.758789
19,0.750000,0.500000,4758.215332
20,0.750000,0.500000,5007.819336
21,0.750000,0.500000,5257.355957
22,0.750000,0.500000,5507.033203
23,0.750000,0.500000,5756.495605
24,0.750000,0.500000,6006.109863
25,0.750000,0.500000,6255.683594
26,0.750000,0.500000,6505.277344
27,0.750000,0.500000,6754.830078
28,0.750000,0.500000,7004.308105
29,0.750000,0.500000,7253.950195
30,0.750000,0.500000,7503.459473
31,0.750000,0.500000,7753.020020
32,0.750000,0.500000,8002.576660
33,0.750000,0.500000,8252.144531
34,0.750000,0.500000,8501.730469
35,0.750000,0.500000,8751.317383
36,0.750000,0.500000,9000.824219
37,0.750000,0.500000,9250.415039
38,0.750000,0.500000,9516.682617
39,0.750000,0.500000,9766.188477
40,0.750000,0.500000,10015.736328
41,0.750000,0.500000,10265.282227
42,0.750000,0.500000,10514.950195
43,0.750000,0.500000,10764.486328
44,0.750000,0.500000,11014.020508
45,0.750000,0.500000,11263.514648
46,0.750000,0.500000,11513.083984
47,0.750000,0.500000,11762.693359
48,0.750000,0.500000,12012.283203
49,0.750000,0.500000,12261.785156
50,0.750000,0.500000,12511.381836
51,0.750000,0.500000,12760.923828
52,0.750000,0.500000,13010.581055
53,0.750000,0.500000,13260.129883
54,0.750000,0.500000,13509.663086
55,0.750000,0.500000,13759.155273
56,0.750000,0.500000,14008.777344
57,0.750000,0.500000,14258.316406
58,0.750000,0.500000,14507.871094
59,0.750000,0.500000,14757.471680
60,0.750000,0.500000,15007.015625
61,0.750000,0.500000,15256.660156
62,0.750000,0.500000,15506.156250
63,0.750000,0.500000,15755.703125
64,0.750000,0.500000,16005.249023
65,0.750000,0.500000,16254.791992
66,0.750000,0.500000,16504.351562
67,0.750000,0.500000,16753.931641
68,0.750000,0.500000,17003.511719
69,0.750000,0.500000,17253.126953
70,0.750000,0.500000,17502.703125
71,0.750000,0.500000,17752.208984
72,0.750000,0.500000,18001.835938
73,0.750000,0.500000,18251.318359
74,0.750000,0.500000,18500.871094
75,0.750000,0.500000,18750.566406
76,0.750000,0.500000,19000.015625
77,0.750000,0.500000,19266.251953
78,0.750000,0.500000,19515.789062
79,0.750000,0.500000,19765.402344
80,0.750000,0.500000,20014.931641
81,0.750000,0.500000,20264.574219
82,0.750000,0.500000,20514.029297
83,0.750000,0.500000,20763.623047
84,0.750000,0.500000,21013.148438
85,0.750000,0.500000,21262.716797
86,0.750000,0.500000,21512.316406
87,0.750000,0.500000,21761.869141
88,0.750000,0.500000,22011.472656
89,0.750000,0.500000,22261.015625
90,0.750000,0.500000,22510.593750
91,0.750000,0.500000,22760.107422
92,0.750000,0.500000,23009.742188
93,0.750000,0.500000,23259.285156
94,0.750000,0.500000,23508.908203
95,0.750000,0.500000,23758.357422
96,0.750000,0.500000,24007.994141
97,0.750000,0.500000,24257.482422
98,0.750000,0.500000,24507.080078
99,0.750000,0.500000,24756.656250
0,0.750169,0.465871,0.001713
1,0.750458,0.467832,266.253876
2,0.749166,0.490590,515.691284
3,0.743836,0.550218,765.386597
4,0.729857,0.593430,1014.815491
5,0.710261,0.625146,1264.529175
6,0.702012,0.665573,1513.922729
7,0.700633,0.736235,1763.615845
8,0.701019,0.789882,2013.202271
9,0.689331,0.812862,2262.667725
10,0.667590,0.818812,2512.325684
11,0.642115,0.815060,2761.850830
12,0.598653,0.778053,3011.524902
13,0.526757,0.689707,3260.901611
14,0.482148,0.625784,3510.600830
15,0.466692,0.600359,3760.010742
16,0.473077,0.586897,4009.644775
17,0.490341,0.555837,4259.173340
18,0.517588,0.494978,4508.827637
19,0.547791,0.457402,4758.354980
20,0.577481,0.441871,5007.915039
21,0.593424,0.438885,5257.605469
22,0.613645,0.439475,5506.997559
23,0.647826,0.445666,5756.621582
24,0.673817,0.450038,6006.121582
25,0.687909,0.451108,6255.821289
26,0.697870,0.452701,6505.308105
27,0.712713,0.451742,6754.849121
28,0.737998,0.451491,7004.444336
29,0.760025,0.450919,7253.989258
30,0.777648,0.448654,7503.459961
31,0.795064,0.446924,7753.077637
32,0.810279,0.444566,8002.792480
33,0.819053,0.447036,8252.246094
34,0.826671,0.444576,8501.816406
35,0.845156,0.440423,8751.388672
36,0.856269,0.439086,9001.025391
37,0.854705,0.439416,9250.450195
38,0.834631,0.441172,9500.039062
39,0.808536,0.442683,9766.158203
40,0.796509,0.442975,10015.890625
41,0.794649,0.444093,10265.268555
42,0.793848,0.445698,10514.920898
43,0.789429,0.447871,10764.586914
44,0.773472,0.452262,11014.044922
45,0.762182,0.455627,11263.679688
46,0.760269,0.456765,11513.174805
47,0.763338,0.457487,11762.857422
48,0.774034,0.457216,12012.238281
49,0.784332,0.453327,12261.894531
50,0.782917,0.455236,12511.351562
51,0.781040,0.456086,12761.022461
52,0.833583,0.447670,13010.507812
53,0.943210,0.419864,13260.111328
54,0.013200,0.410320,13509.818359
55,0.091734,0.418970,13759.242188
56,0.143115,0.428460,14008.829102
57,0.174937,0.438459,14258.317383
58,0.189206,0.451184,14507.975586
59,0.193917,0.461765,14757.469727
60,0.163656,0.495443,15007.059570
61,0.113666,0.533425,15256.580078
62,0.104161,0.535675,15506.178711
63,0.097991,0.528537,15838.958984
64,0.092300,0.518112,16088.411133
65,0.084779,0.519438,16338.095703
66,0.073420,0.525298,16570.964844
67,0.054675,0.528680,16803.935547
68,0.006994,0.528377,17053.398438
69,0.933753,0.527150,17303.070312
70,0.879744,0.523158,17535.941406
71,0.847290,0.512132,17785.513672
72,0.819048,0.507310,18035.044922
73,0.773050,0.506261,18284.628906
74,0.747041,0.511916,18534.203125
75,0.752669,0.540566,18783.777344
76,0.780185,0.652286,19016.785156
77,0.814419,0.712146,19266.296875
78,0.891485,0.746984,19515.896484
79,0.004840,0.733285,19765.363281
80,0.064969,0.701065,20015.027344
81,0.115056,0.671226,20264.503906
82,0.176873,0.604368,20514.140625
83,0.227823,0.534277,20797.031250
84,0.250389,0.506230,21013.203125
85,0.249788,0.499759,21296.113281
86,0.230224,0.489404,21528.980469
87,0.195088,0.463375,21778.566406
88,0.156916,0.413859,22028.066406
89,0.103606,0.323959,22277.677734
90,0.040416,0.248042,22527.189453
91,0.898481,0.221865,22760.177734
92,0.785996,0.266820,23026.308594
93,0.743177,0.306076,23275.914062
94,0.726125,0.337363,23525.414062
95,0.723235,0.366287,23775.046875
96,0.722552,0.411019,24024.515625
97,0.725831,0.443576,24274.140625
98,0.729446,0.477885,24523.759766
99,0.730813,0.488336,24756.658203
0,0.750200,0.414435,0.008338
1,0.750580,0.416030,266.205841
2,0.750728,0.417506,515.854858
3,0.751891,0.431614,765.368713
4,0.755305,0.450652,1014.872314
5,0.759861,0.464976,1264.522827
6,0.764397,0.480276,1513.973022
7,0.773000,0.498689,1763.642578
8,0.797230,0.512983,2013.213989
9,0.812627,0.518194,2262.686523
10,0.819390,0.521508,2512.266113
11,0.831499,0.530339,2761.811279
12,0.856608,0.553522,3011.468506
13,0.882147,0.581655,3260.940430
14,0.911170,0.607580,3510.592041
15,0.931401,0.636422,3760.104248
16,0.932043,0.640022,4009.709717
17,0.912597,0.641034,4259.211914
18,0.868226,0.647390,4508.741211
19,0.818642,0.645267,4758.366211
20,0.776226,0.641404,5007.886230
21,0.727253,0.634542,5257.561035
22,0.663048,0.622407,5507.089844
23,0.617286,0.611411,5756.622559
24,0.586882,0.597653,6006.216797
25,0.569557,0.587155,6255.712402
26,0.577467,0.562303,6505.373535
27,0.591761,0.535441,6754.854980
28,0.608002,0.520935,7004.378418
29,0.630300,0.511986,7253.952148
30,0.657834,0.506492,7503.626953
31,0.677277,0.505709,7753.108887
32,0.686026,0.507906,8002.643555
33,0.690984,0.507025,8252.261719
34,0.697715,0.506228,8501.791992
35,0.707774,0.506940,8751.371094
36,0.721438,0.508240,9000.960938
37,0.739782,0.508594,9250.532227
38,0.756350,0.510490,9500.030273
39,0.769661,0.514744,9766.327148
40,0.782577,0.517532,10015.784180
41,0.790813,0.513692,10265.460938
42,0.794705,0.517856,10514.921875
43,0.820879,0.510343,10764.601562
44,0.841413,0.516270,11014.049805
45,0.881751,0.509478,11263.667969
46,0.981441,0.492154,11513.217773
47,0.039621,0.485068,11762.736328
48,0.054404,0.500485,12012.360352
49,0.064571,0.512669,12261.930664
50,0.070197,0.523421,12511.554688
51,0.074171,0.542287,12761.034180
52,0.082816,0.549696,13010.637695
53,0.102995,0.545206,13260.124023
54,0.142584,0.532196,13509.681641
55,0.168371,0.522421,13759.251953
56,0.184292,0.518587,14008.877930
57,0.212052,0.517898,14258.387695
58,0.231684,0.522921,14507.939453
59,0.237001,0.539204,14757.568359
60,0.237254,0.573414,15007.119141
61,0.230615,0.610926,15256.657227
62,0.219196,0.651764,15506.262695
63,0.214629,0.677011,15755.825195
64,0.205536,0.674407,16005.325195
65,0.188272,0.648185,16254.906250
66,0.159693,0.605418,16504.457031
67,0.130545,0.581738,16754.060547
68,0.143286,0.584434,17003.628906
69,0.149582,0.590299,17253.214844
70,0.146801,0.589068,17502.728516
71,0.131602,0.581600,17752.373047
72,0.120976,0.572697,18001.841797
73,0.117407,0.573745,18251.462891
74,0.119023,0.579243,18501.058594
75,0.112692,0.579774,18750.519531
76,0.099244,0.574607,19000.189453
77,0.086489,0.571343,19266.341797
78,0.063568,0.570464,19515.867188
79,0.039821,0.568304,19765.460938
80,0.038025,0.569201,20015.035156
81,0.040652,0.571440,20264.658203
82,0.040493,0.566422,20514.132812
83,0.028935,0.555538,20763.675781
84,0.005678,0.551954,21013.345703
85,0.980060,0.548722,21262.906250
86,0.962877,0.565555,21512.488281
87,0.957352,0.608283,21761.945312
88,0.959773,0.623718,22011.591797
89,0.961330,0.622791,22261.115234
90,0.951783,0.620700,22510.660156
91,0.934155,0.617989,22760.289062
92,0.912793,0.608446,23009.865234
93,0.891926,0.586070,23259.425781
94,0.872355,0.566741,23508.888672
95,0.851359,0.544522,23758.507812
96,0.832407,0.532687,24008.033203
97,0.814252,0.528012,24257.585938
98,0.796101,0.531080,24507.187500
99,0.782277,0.530850,24756.707031
0,0.740537,0.552358,0.003476
1,0.740335,0.553395,266.281891
2,0.741667,0.553131,515.819824
3,0.742417,0.554163,765.360046
4,0.745563,0.551523,1014.891785
5,0.763727,0.545767,1264.474609
6,0.768933,0.546129,1514.062622
7,0.773624,0.545448,1763.601440
8,0.781203,0.545333,2013.166016
9,0.784157,0.546854,2262.759521
10,0.787175,0.546734,2512.267090
11,0.795244,0.547389,2761.923584
12,0.804137,0.549039,3011.411621
13,0.809983,0.549463,3261.019775
14,0.827071,0.563250,3510.562500
15,0.857277,0.604579,3760.160400
16,0.869246,0.628471,4009.676025
17,0.871655,0.630920,4259.205078
18,0.857512,0.602901,4508.844238
19,0.838591,0.571215,4758.386230
20,0.829214,0.553638,5007.904785
21,0.823241,0.540474,5257.521484
22,0.821643,0.534019,5507.101562
23,0.819895,0.528858,5756.635254
24,0.809666,0.520049,6006.163086
25,0.791445,0.509666,6255.757324
26,0.775895,0.502695,6505.309082
27,0.747901,0.496071,6754.903809
28,0.735559,0.497469,7004.456055
29,0.724398,0.506864,7254.129883
30,0.722134,0.514623,7503.584473
31,0.700279,0.520556,7753.132324
32,0.669535,0.519756,8002.804199
33,0.655912,0.518779,8252.309570
34,0.619237,0.520119,8501.905273
35,0.566669,0.515297,8751.382812
36,0.516935,0.504277,9000.969727
37,0.474862,0.493084,9250.537109
38,0.443190,0.483208,9500.070312
39,0.405507,0.478875,9766.252930
40,0.379979,0.477745,10015.922852
41,0.359117,0.477735,10265.391602
42,0.346741,0.481573,10515.049805
43,0.345908,0.484934,10764.519531
44,0.345896,0.487197,11014.156250
45,0.348143,0.499254,11263.664062
46,0.353152,0.507202,11513.212891
47,0.381675,0.501204,11762.786133
48,0.498821,0.483074,12012.357422
49,0.619169,0.472753,12261.965820
50,0.684400,0.481766,12511.455078
51,0.726918,0.481131,12761.030273
52,0.751033,0.478079,13010.587891
53,0.762461,0.480661,13260.197266
54,0.769150,0.481588,13509.747070
55,0.776812,0.486353,13759.335938
56,0.780506,0.493261,14008.877930
57,0.784272,0.498484,14258.421875
58,0.785579,0.500612,14508.013672
59,0.779693,0.514001,14757.527344
60,0.778319,0.524155,15007.127930
61,0.775496,0.517478,15256.661133
62,0.772758,0.513085,15506.284180
63,0.769593,0.508435,15755.780273
64,0.768514,0.504089,16005.358398
65,0.764776,0.496479,16255.045898
66,0.752180,0.489601,16504.503906
67,0.745361,0.484315,16754.095703
68,0.747266,0.483030,17003.617188
69,0.749289,0.483594,17253.210938
70,0.752594,0.487438,17502.791016
71,0.759538,0.492687,17752.324219
72,0.766092,0.495660,18001.884766
73,0.770047,0.494352,18251.505859
74,0.784242,0.496650,18501.003906
75,0.791547,0.500689,18750.595703
76,0.796525,0.504648,19000.166016
77,0.823687,0.511143,19266.464844
78,0.861455,0.514616,19515.953125
79,0.898578,0.513330,19765.480469
80,0.955689,0.516571,20015.031250
81,0.014636,0.515144,20264.638672
82,0.050993,0.516509,20514.205078
83,0.066559,0.526775,20763.750000
84,0.075572,0.541356,21013.289062
85,0.082104,0.546511,21262.921875
86,0.082114,0.549134,21512.388672
87,0.094426,0.547339,21762.017578
88,0.126958,0.534314,22011.548828
89,0.144607,0.523449,22261.156250
90,0.152215,0.518281,22510.687500
91,0.155059,0.515530,22760.300781
92,0.166259,0.507573,23009.779297
93,0.163064,0.511944,23259.378906
94,0.119271,0.519194,23508.894531
95,0.097751,0.519374,23758.476562
96,0.084089,0.521565,24008.050781
97,0.071193,0.526206,24257.603516
98,0.061837,0.529756,24507.265625
99,0.055979,0.530823,24756.759766
0,0.749244,0.513175,0.004326
1,0.747911,0.511969,266.264862
2,0.746742,0.511833,515.872559
3,0.745716,0.515026,765.390503
4,0.738005,0.544999,1014.904968
5,0.728457,0.587216,1264.575439
6,0.724191,0.614700,1514.045044
7,0.699653,0.637036,1763.662598
8,0.662187,0.649592,2013.167358
9,0.653929,0.666951,2262.785645
10,0.668725,0.693553,2512.396484
11,0.714579,0.732316,2761.968018
12,0.740484,0.746904,3011.455078
13,0.770827,0.756461,3261.007568
14,0.818229,0.751787,3510.610352
15,0.853773,0.742136,3760.127930
16,0.863583,0.734827,4009.678467
17,0.818312,0.761126,4259.268555
18,0.749810,0.766772,4508.820312
19,0.705141,0.713196,4758.418457
20,0.612554,0.647949,5007.956543
21,0.577568,0.617799,5257.556152
22,0.569572,0.628096,5507.083496
23,0.568518,0.640710,5756.630371
24,0.577675,0.663391,6006.233398
25,0.611685,0.696888,6255.805664
26,0.659216,0.733362,6505.315918
27,0.740220,0.755053,6754.886230
28,0.821198,0.744495,7004.498535
29,0.873579,0.704655,7254.019531
30,0.904698,0.652149,7503.599121
31,0.924084,0.612272,7753.170898
32,0.927717,0.589536,8002.751953
33,0.923085,0.580440,8252.303711
34,0.875209,0.556252,8501.845703
35,0.838029,0.531009,8751.425781
36,0.828357,0.511342,9000.987305
37,0.850727,0.492986,9250.625000
38,0.812677,0.489099,9500.201172
39,0.757802,0.487692,9766.351562
40,0.746479,0.491433,10015.907227
41,0.744496,0.499338,10265.481445
42,0.744886,0.511906,10514.993164
43,0.744350,0.511012,10764.621094
44,0.743330,0.499221,11014.147461
45,0.745910,0.496705,11263.702148
46,0.746515,0.500929,11513.241211
47,0.744480,0.487518,11762.828125
48,0.741021,0.473103,12012.432617
49,0.733703,0.412232,12261.951172
50,0.732101,0.343713,12511.494141
51,0.729354,0.301808,12761.110352
52,0.729825,0.303403,13010.611328
53,0.723381,0.357345,13260.227539
54,0.730505,0.400240,13509.796875
55,0.785705,0.415064,13759.347656
56,0.883413,0.414250,14008.876953
57,0.005420,0.417756,14258.463867
58,0.106334,0.434179,14508.030273
59,0.166603,0.449114,14757.570312
60,0.201881,0.453034,15007.162109
61,0.205322,0.460829,15256.745117
62,0.167349,0.474076,15506.309570
63,0.134410,0.484809,15755.836914
64,0.134160,0.490622,16005.494141
65,0.142971,0.492175,16255.053711
66,0.180813,0.477989,16504.509766
67,0.230411,0.475739,16754.080078
68,0.254891,0.484987,17003.660156
69,0.247798,0.483050,17253.238281
70,0.241067,0.480859,17502.779297
71,0.233983,0.461784,17752.359375
72,0.221938,0.438685,18001.968750
73,0.198302,0.451174,18251.482422
74,0.140171,0.488965,18501.035156
75,0.078107,0.519874,18750.644531
76,0.015656,0.526594,19000.158203
77,0.913129,0.514653,19266.406250
78,0.825775,0.496941,19515.914062
79,0.777923,0.486349,19765.482422
80,0.745985,0.487218,20015.082031
81,0.727216,0.493665,20264.673828
82,0.726460,0.506611,20514.234375
83,0.705033,0.505400,20763.771484
84,0.662407,0.494113,21013.355469
85,0.639015,0.476032,21262.869141
86,0.601304,0.470043,21512.478516
87,0.564849,0.471268,21762.003906
88,0.547762,0.494393,22011.617188
89,0.537205,0.519104,22261.117188
90,0.502965,0.517060,22510.757812
91,0.467122,0.531268,22760.302734
92,0.452247,0.534907,23009.869141
93,0.455782,0.544524,23259.386719
94,0.471492,0.562195,23509.000000
95,0.492008,0.569731,23758.554688
96,0.515094,0.568835,24008.064453
97,0.542045,0.546916,24257.662109
98,0.593539,0.521946,24507.195312
99,0.642306,0.508302,24756.798828
0,0.748899,0.516769,-0.025528
1,0.748546,0.517688,266.213013
2,0.745715,0.527825,515.742126
3,0.734171,0.550947,765.379700
4,0.711430,0.578075,1014.868347
5,0.671836,0.600910,1264.421509
6,0.624834,0.616739,1513.993164
7,0.583482,0.636312,1763.630737
8,0.550101,0.664311,2013.156006
9,0.526046,0.699947,2262.689941
10,0.498556,0.716530,2512.262695
11,0.468084,0.702987,2761.861572
12,0.446420,0.672874,3011.464600
13,0.439442,0.643612,3260.982178
14,0.461490,0.609951,3510.594238
15,0.544456,0.574203,3760.055176
16,0.632109,0.567803,4009.667969
17,0.688625,0.565164,4259.296387
18,0.729946,0.554661,4508.833008
19,0.763974,0.546030,4758.384766
20,0.816680,0.549840,5007.878906
21,0.856288,0.557778,5257.520508
22,0.905772,0.553309,5507.032227
23,0.957832,0.534290,5773.201660
24,0.965587,0.523077,6006.145020
25,0.940657,0.524238,6255.800293
26,0.905620,0.535373,6505.272461
27,0.868558,0.556878,6754.843750
28,0.829672,0.577899,7004.504883
29,0.794913,0.616920,7254.009277
30,0.765516,0.690767,7503.571777
31,0.744673,0.757600,7753.095703
32,0.732834,0.812027,8002.743164
33,0.741964,0.848678,8252.223633
34,0.803828,0.857664,8501.790039
35,0.891174,0.814244,8751.391602
36,0.972087,0.705094,9000.995117
37,0.039649,0.611621,9250.482422
38,0.075127,0.570408,9500.062500
39,0.085201,0.560654,9766.306641
40,0.099546,0.554697,10015.866211
41,0.171551,0.534653,10265.413086
42,0.208478,0.526054,10514.940430
43,0.233006,0.524442,10764.539062
44,0.263376,0.523260,11014.090820
45,0.293267,0.524653,11263.657227
46,0.320876,0.528305,11513.233398
47,0.344980,0.532456,11762.838867
48,0.361784,0.535611,12012.366211
49,0.368450,0.536774,12261.901367
50,0.365117,0.535992,12511.454102
51,0.349861,0.533065,12761.017578
52,0.319139,0.528194,13010.583008
53,0.273879,0.522080,13260.167969
54,0.225236,0.521262,13509.724609
55,0.175459,0.517465,13759.266602
56,0.119214,0.517574,14008.848633
57,0.062448,0.524133,14258.397461
58,0.018642,0.545802,14507.973633
59,0.978782,0.563916,14757.526367
60,0.939832,0.578654,15007.074219
61,0.905710,0.591116,15256.666992
62,0.874898,0.591294,15506.207031
63,0.853920,0.575988,15755.769531
64,0.849221,0.561642,16005.386719
65,0.893591,0.545972,16254.936523
66,0.956018,0.518948,16504.486328
67,0.039873,0.520548,16754.025391
68,0.109253,0.541609,17003.597656
69,0.133788,0.543149,17253.169922
70,0.111379,0.541794,17502.716797
71,0.081997,0.544610,17752.279297
72,0.041827,0.546368,18001.851562
73,0.002902,0.550713,18251.416016
74,0.970581,0.555426,18500.990234
75,0.942513,0.563541,18750.556641
76,0.923293,0.596915,19000.130859
77,0.921497,0.658071,19266.292969
78,0.923396,0.702541,19515.904297
79,0.928423,0.718814,19765.439453
80,0.952362,0.720147,20015.031250
81,0.989743,0.722892,20264.580078
82,0.033661,0.697383,20514.126953
83,0.078839,0.671482,20763.687500
84,0.123642,0.655233,21013.294922
85,0.164722,0.647844,21262.828125
86,0.197408,0.658338,21512.384766
87,0.221036,0.677737,21761.933594
88,0.233347,0.687095,22011.556641
89,0.232318,0.657738,22261.109375
90,0.227227,0.630006,22510.666016
91,0.203937,0.615500,22760.224609
92,0.174826,0.609639,23009.767578
93,0.139866,0.607058,23259.333984
94,0.088571,0.598585,23508.904297
95,0.038990,0.590507,23758.468750
96,0.989560,0.588037,24008.037109
97,0.941214,0.581119,24257.623047
98,0.887331,0.572729,24507.146484
99,0.845294,0.568385,24756.748047
0,0.756701,0.506702,0.006526
1,0.763139,0.509860,266.174408
2,0.770410,0.518626,515.855103
3,0.777537,0.534354,765.309143
4,0.779326,0.624565,1014.904541
5,0.776479,0.779654,1264.522217
6,0.771010,0.826053,1514.053101
7,0.770601,0.832401,1763.583618
8,0.769358,0.837028,2013.176636
9,0.765796,0.837667,2262.747803
10,0.757489,0.838303,2512.271484
11,0.684783,0.830012,2761.823242
12,0.640331,0.850913,3011.404541
13,0.606043,0.898148,3261.010254
14,0.589049,0.910380,3510.536865
15,0.594122,0.906195,3760.104980
16,0.643718,0.871245,4009.680908
17,0.687315,0.787833,4259.256348
18,0.703679,0.710262,4508.774902
19,0.717779,0.670005,4758.405762
20,0.723033,0.629635,5007.909180
21,0.733569,0.592956,5257.461914
22,0.752487,0.556231,5507.113281
23,0.786658,0.533385,5756.613281
24,0.807585,0.524717,6006.232910
25,0.826639,0.519357,6255.730469
26,0.853879,0.514710,6505.356934
27,0.901080,0.516270,6754.868652
28,0.947499,0.524324,7004.479492
29,0.972293,0.528458,7254.015137
30,0.980980,0.528593,7503.596191
31,0.021381,0.536102,7753.140625
32,0.052744,0.551708,8002.657227
33,0.087288,0.558858,8252.334961
34,0.133480,0.533249,8501.806641
35,0.213556,0.509666,8751.413086
36,0.243172,0.516765,9000.959961
37,0.257561,0.497855,9250.511719
38,0.266118,0.488027,9500.075195
39,0.263522,0.484586,9766.279297
40,0.259525,0.488356,10015.848633
41,0.238980,0.493443,10265.430664
42,0.214537,0.492812,10514.994141
43,0.169770,0.485532,10764.514648
44,0.073618,0.469175,11014.119141
45,0.917068,0.479203,11263.691406
46,0.795397,0.507620,11513.245117
47,0.739879,0.526202,11762.761719
48,0.666386,0.543498,12012.367188
49,0.559374,0.550054,12261.930664
50,0.490300,0.554290,12511.478516
51,0.443750,0.561815,12761.054688
52,0.408604,0.563205,13010.684570
53,0.380986,0.564330,13260.189453
54,0.378283,0.552601,13509.705078
55,0.386094,0.540825,13759.291016
56,0.411144,0.526968,14008.863281
57,0.437251,0.526980,14258.466797
58,0.467570,0.535965,14507.960938
59,0.506716,0.572677,14757.530273
60,0.539296,0.589699,15007.108398
61,0.590539,0.589796,15256.698242
62,0.647669,0.566651,15506.312500
63,0.703496,0.537007,15755.793945
64,0.764205,0.513376,16005.372070
65,0.797827,0.512634,16254.913086
66,0.781235,0.522683,16504.542969
67,0.770030,0.526649,16754.041016
68,0.758241,0.530420,17003.625000
69,0.758337,0.540032,17253.203125
70,0.756283,0.578172,17502.798828
71,0.751810,0.630417,17752.304688
72,0.749232,0.643731,18001.896484
73,0.750206,0.633861,18251.476562
74,0.750694,0.619382,18500.998047
75,0.752995,0.604026,18750.560547
76,0.754505,0.583184,19000.109375
77,0.755658,0.562982,19266.347656
78,0.758150,0.547249,19515.996094
79,0.767305,0.536311,19765.492188
80,0.790355,0.532532,20015.027344
81,0.797981,0.535205,20264.615234
82,0.799744,0.541533,20514.146484
83,0.797420,0.545979,20763.699219
84,0.791146,0.544572,21013.273438
85,0.776929,0.536305,21262.880859
86,0.757189,0.513434,21512.416016
87,0.748585,0.451597,21761.970703
88,0.746052,0.343836,22011.521484
89,0.745784,0.297510,22261.150391
90,0.746463,0.275377,22510.660156
91,0.748404,0.268097,22760.210938
92,0.752381,0.267719,23009.787109
93,0.754886,0.272725,23259.396484
94,0.756071,0.272751,23508.943359
95,0.769770,0.278677,23758.470703
96,0.829873,0.331609,24008.037109
97,0.860153,0.394458,24257.632812
98,0.867956,0.454175,24507.177734
99,0.867943,0.487029,24756.738281
0,0.750228,0.562208,0.000567
1,0.750969,0.564657,266.225342
2,0.750199,0.568511,515.760864
3,0.739603,0.593429,765.366821
4,0.691411,0.617607,1014.912659
5,0.641368,0.629486,1264.482788
6,0.600237,0.626355,1514.045654
7,0.571195,0.617057,1763.651611
8,0.561992,0.625854,2013.247559
9,0.575297,0.663031,2262.692139
10,0.615935,0.695150,2512.337158
11,0.688201,0.694155,2761.831299
12,0.758394,0.682325,3011.444580
13,0.800466,0.674133,3261.002197
14,0.803979,0.671204,3510.585693
15,0.804632,0.665724,3760.089600
16,0.810985,0.654468,4009.666748
17,0.811312,0.642884,4259.291504
18,0.797462,0.627780,4508.780273
19,0.785166,0.614291,4758.374023
20,0.780721,0.594559,5007.901855
21,0.779620,0.572069,5257.520508
22,0.766358,0.560283,5507.053223
23,0.768218,0.546234,5756.610840
24,0.782779,0.530430,6006.271973
25,0.802325,0.525137,6255.766113
26,0.826666,0.523437,6505.313477
27,0.850611,0.519677,6754.898926
28,0.867904,0.529700,7004.528320
29,0.878761,0.536606,7254.006348
30,0.894503,0.545714,7503.543945
31,0.907031,0.559918,7753.134277
32,0.918965,0.575535,8002.723633
33,0.935374,0.584562,8252.264648
34,0.965504,0.598604,8501.841797
35,0.990670,0.611180,8751.437500
36,0.009680,0.640641,9000.949219
37,0.013333,0.668169,9250.496094
38,0.001807,0.674454,9500.046875
39,0.999549,0.676080,9766.345703
40,0.013539,0.670962,10015.881836
41,0.032095,0.669985,10265.439453
42,0.045302,0.669679,10514.967773
43,0.058588,0.665762,10764.541992
44,0.076765,0.656240,11014.095703
45,0.096123,0.650469,11263.645508
46,0.111711,0.657266,11513.215820
47,0.131675,0.704450,11762.849609
48,0.173232,0.701578,12012.367188
49,0.220266,0.677448,12261.925781
50,0.251667,0.670133,12511.505859
51,0.283368,0.672634,12761.007812
52,0.310225,0.672411,13010.573242
53,0.320239,0.666215,13260.189453
54,0.307941,0.640815,13509.777344
55,0.282104,0.612782,13759.312500
56,0.251164,0.589223,14008.859375
57,0.231499,0.577106,14258.421875
58,0.226222,0.566705,14507.988281
59,0.228723,0.561596,14757.533203
60,0.235231,0.555854,15007.196289
61,0.251088,0.545930,15256.666992
62,0.277236,0.538227,15506.312500
63,0.325297,0.539505,15755.777344
64,0.390413,0.537148,16005.344727
65,0.452261,0.545521,16254.942383
66,0.480530,0.541912,16504.511719
67,0.465855,0.536287,16754.138672
68,0.425440,0.528726,17003.646484
69,0.369647,0.520212,17253.250000
70,0.317187,0.521799,17502.742188
71,0.290993,0.526564,17752.359375
72,0.280277,0.528178,18001.886719
73,0.263349,0.505697,18251.453125
74,0.225491,0.415295,18501.033203
75,0.192883,0.365747,18750.556641
76,0.150853,0.367836,19000.240234
77,0.055581,0.394918,19266.380859
78,0.966609,0.422054,19515.884766
79,0.911618,0.441804,19765.494141
80,0.894222,0.448967,20015.097656
81,0.879474,0.459223,20264.591797
82,0.845103,0.478273,20514.169922
83,0.766795,0.514708,20763.738281
84,0.721137,0.554050,21013.373047
85,0.721005,0.563803,21262.837891
86,0.726365,0.583047,21512.501953
87,0.702662,0.638396,21761.980469
88,0.666522,0.676938,22011.597656
89,0.608739,0.653048,22261.126953
90,0.544180,0.614391,22510.705078
91,0.509431,0.600545,22760.251953
92,0.505430,0.594936,23009.775391
93,0.510700,0.590159,23259.443359
94,0.522347,0.579671,23508.894531
95,0.546414,0.569587,23758.574219
96,0.604077,0.561310,24008.070312
97,0.680395,0.558056,24257.650391
98,0.756569,0.563718,24507.205078
99,0.799405,0.567962,24756.726562
0,0.758102,0.615299,-0.057940
1,0.779974,0.602740,266.101135
2,0.785900,0.606302,515.691528
3,0.806393,0.619857,765.223572
4,0.845630,0.619277,1014.833008
5,0.861848,0.601748,1264.355347
6,0.853347,0.580231,1513.967773
7,0.848220,0.561771,1763.482178
8,0.849162,0.559366,2013.097778
9,0.848486,0.562848,2262.659424
10,0.844345,0.559203,2512.175293
11,0.849933,0.560113,2761.800049
12,0.852616,0.562789,3011.292725
13,0.851160,0.565517,3260.901367
14,0.844127,0.571126,3510.443359
15,0.826600,0.564158,3760.047607
16,0.794558,0.561082,4009.605957
17,0.772321,0.561807,4259.150879
18,0.749051,0.557009,4508.774902
19,0.727447,0.552469,4758.294434
20,0.701499,0.551885,5007.924316
21,0.666800,0.555570,5257.368652
22,0.610055,0.560352,5507.043945
23,0.593349,0.565932,5756.496582
24,0.602941,0.564492,6006.090332
25,0.635232,0.551554,6255.713867
26,0.650724,0.552314,6505.231934
27,0.669908,0.556689,6754.777344
28,0.691122,0.540122,7004.345703
29,0.688255,0.547904,7253.992676
30,0.669692,0.578903,7503.444336
31,0.647009,0.602824,7753.129395
32,0.649605,0.594949,8002.606445
33,0.660674,0.597732,8252.199219
34,0.679803,0.599194,8501.735352
35,0.714772,0.604484,8751.291992
36,0.742366,0.606611,9000.870117
37,0.767176,0.607147,9250.422852
38,0.778490,0.602028,9516.592773
39,0.779460,0.600360,9766.299805
40,0.779632,0.597574,10015.755859
41,0.776098,0.584355,10265.305664
42,0.770096,0.571037,10514.904297
43,0.764399,0.562209,10764.426758
44,0.761381,0.559740,11014.035156
45,0.760547,0.559222,11263.556641
46,0.759457,0.550586,11513.111328
47,0.754975,0.525304,11762.651367
48,0.751854,0.477951,12012.306641
49,0.743968,0.416128,12261.799805
50,0.743693,0.390057,12511.357422
51,0.741337,0.381219,12760.950195
52,0.744538,0.395684,13010.543945
53,0.745097,0.410590,13260.107422
54,0.736757,0.431078,13509.613281
55,0.719496,0.452597,13759.252930
56,0.709493,0.452272,14008.762695
57,0.699164,0.444692,14258.315430
58,0.693349,0.443500,14507.879883
59,0.698905,0.446267,14757.480469
60,0.703666,0.450884,15007.000977
61,0.717496,0.450868,15256.609375
62,0.748814,0.451669,15506.129883
63,0.770381,0.445891,15755.740234
64,0.785491,0.464669,16005.245117
65,0.815311,0.489739,16254.859375
66,0.868618,0.519337,16504.406250
67,0.901832,0.523381,16754.039062
68,0.925547,0.536727,17003.537109
69,0.963128,0.560136,17253.103516
70,0.991163,0.601418,17502.673828
71,0.985306,0.662575,17752.214844
72,0.956691,0.702145,18001.808594
73,0.954843,0.717762,18251.414062
74,0.967162,0.704240,18500.966797
75,0.003494,0.668885,18750.460938
76,0.047645,0.624829,19000.091797
77,0.065253,0.595086,19266.244141
78,0.081829,0.567519,19515.818359
79,0.102194,0.536230,19765.359375
80,0.132121,0.504575,20014.996094
81,0.170418,0.484501,20264.542969
82,0.195005,0.473369,20514.091797
83,0.206709,0.476115,20763.603516
84,0.208242,0.471734,21013.212891
85,0.208086,0.471433,21262.763672
86,0.204263,0.474811,21512.291016
87,0.201245,0.478276,21761.976562
88,0.201085,0.481968,22011.513672
89,0.205764,0.490832,22261.003906
90,0.206625,0.492732,22510.552734
91,0.207415,0.495114,22760.185547
92,0.207154,0.494823,23009.710938
93,0.206579,0.496516,23259.246094
94,0.207029,0.501183,23508.851562
95,0.206998,0.502605,23758.404297
96,0.204814,0.499306,24007.968750
97,0.198656,0.494358,24257.515625
98,0.196522,0.494079,24507.148438
99,0.196590,0.495149,24756.662109
0,0.748939,0.516646,0.013378
1,0.749528,0.523495,266.255432
2,0.754236,0.565943,515.788635
3,0.761795,0.619669,765.428589
4,0.758041,0.648596,1014.913452
5,0.746046,0.660320,1264.491455
6,0.741277,0.668984,1514.105591
7,0.735685,0.710646,1763.630981
8,0.735352,0.741776,2029.856567
9,0.736892,0.712889,2262.759033
10,0.742972,0.631309,2512.336670
11,0.759919,0.577227,2761.951172
12,0.801355,0.565755,3011.450928
13,0.830684,0.565749,3261.059814
14,0.870515,0.559569,3510.604980
15,0.902325,0.558976,3760.112061
16,0.920262,0.556397,4009.763428
17,0.927040,0.557379,4259.287109
18,0.921580,0.589621,4508.842773
19,0.911894,0.609041,4758.364746
20,0.897165,0.611127,5007.970215
21,0.872801,0.608228,5257.562500
22,0.828720,0.595899,5507.160645
23,0.761498,0.573530,5756.664551
24,0.694207,0.554133,6006.193359
25,0.645237,0.544615,6255.783691
26,0.592534,0.536340,6505.311035
27,0.543958,0.543375,6754.924805
28,0.504061,0.539519,7004.469238
29,0.467943,0.538383,7254.014160
30,0.425553,0.550421,7503.592285
31,0.377958,0.567527,7753.241211
32,0.345837,0.578427,8002.732910
33,0.353757,0.592985,8252.259766
34,0.412921,0.644875,8501.905273
35,0.480009,0.680710,8751.384766
36,0.539926,0.689733,9000.992188
37,0.583782,0.696241,9250.501953
38,0.630766,0.706580,9500.178711
39,0.673037,0.714760,9766.348633
40,0.704563,0.722999,10015.878906
41,0.722503,0.711248,10265.405273
42,0.735292,0.662559,10515.046875
43,0.747606,0.601988,10764.525391
44,0.756622,0.556975,11014.174805
45,0.766813,0.512602,11263.668945
46,0.779201,0.485418,11513.299805
47,0.770273,0.488499,11762.824219
48,0.752802,0.495603,12012.372070
49,0.750946,0.493671,12261.951172
50,0.749658,0.460082,12511.539062
51,0.747591,0.409832,12761.072266
52,0.748956,0.375078,13010.603516
53,0.750247,0.361252,13260.219727
54,0.752913,0.369464,13509.791016
55,0.756933,0.405967,13759.342773
56,0.760175,0.444612,14008.935547
57,0.758218,0.507932,14258.458984
58,0.756004,0.528328,14508.037109
59,0.754004,0.526186,14757.587891
60,0.752539,0.521844,15007.195312
61,0.752009,0.520481,15256.721680
62,0.751651,0.519479,15506.298828
63,0.751500,0.518993,15755.817383
64,0.751614,0.519536,16005.423828
65,0.751555,0.520440,16254.975586
66,0.751208,0.520025,16504.490234
67,0.751263,0.519962,16754.171875
68,0.751208,0.520733,17003.646484
69,0.750936,0.521451,17253.218750
70,0.751138,0.522649,17502.771484
71,0.751099,0.522849,17752.378906
72,0.750906,0.522866,18001.986328
73,0.750831,0.523135,18251.451172
74,0.750852,0.523243,18501.025391
75,0.750781,0.523244,18750.640625
76,0.750830,0.523563,19000.148438
77,0.750956,0.523774,19266.382812
78,0.750934,0.524181,19515.910156
79,0.751045,0.525282,19765.566406
80,0.751194,0.525216,20015.060547
81,0.751065,0.524934,20264.623047
82,0.750905,0.524748,20514.199219
83,0.750812,0.524945,20763.751953
84,0.751051,0.525923,21013.300781
85,0.751029,0.526153,21262.869141
86,0.751202,0.526283,21512.476562
87,0.751327,0.526383,21762.005859
88,0.751168,0.526174,22011.556641
89,0.751204,0.526048,22261.132812
90,0.751184,0.525450,22510.701172
91,0.751148,0.525023,22760.263672
92,0.751136,0.525288,23009.810547
93,0.751116,0.526085,23259.398438
94,0.751095,0.527061,23508.970703
95,0.750995,0.527383,23758.509766
96,0.751267,0.527651,24008.064453
97,0.753958,0.528391,24257.630859
98,0.755741,0.527792,24507.189453
99,0.756900,0.528612,24756.781250
0,0.749719,0.534468,-0.049796
1,0.749761,0.535153,266.179077
2,0.749825,0.535705,515.724609
3,0.751179,0.540162,765.275696
4,0.773595,0.581993,1014.899536
5,0.796678,0.606415,1264.508911
6,0.806916,0.606007,1513.961548
7,0.807353,0.605414,1763.610840
8,0.804700,0.609882,2013.112061
9,0.805677,0.612063,2262.680908
10,0.815888,0.612912,2512.259277
11,0.828691,0.619863,2761.816406
12,0.844918,0.626157,3011.406738
13,0.846778,0.627308,3260.936035
14,0.847330,0.627909,3510.555664
15,0.847172,0.630615,3760.019287
16,0.847540,0.633179,4009.684570
17,0.837974,0.633211,4259.185547
18,0.820315,0.634628,4508.812012
19,0.817731,0.631149,4758.321289
20,0.817073,0.629095,5007.864258
21,0.796946,0.621469,5257.461914
22,0.771675,0.616533,5506.981934
23,0.755374,0.634979,5756.544922
24,0.715765,0.649705,6006.106934
25,0.685144,0.656921,6255.711914
26,0.663794,0.662585,6505.260254
27,0.642491,0.667927,6754.792480
28,0.612431,0.668862,7004.424805
29,0.590150,0.664894,7253.980957
30,0.577102,0.656326,7503.587891
31,0.559239,0.657411,7753.047852
32,0.535969,0.661778,8002.661133
33,0.475799,0.663736,8252.167969
34,0.421759,0.618966,8501.742188
35,0.398234,0.623672,8751.365234
36,0.351581,0.623898,9000.970703
37,0.316772,0.607732,9250.507812
38,0.282789,0.596442,9516.657227
39,0.258554,0.576246,9766.193359
40,0.230540,0.558360,10015.828125
41,0.216479,0.544421,10265.338867
42,0.208609,0.545332,10514.882812
43,0.203364,0.564860,10764.507812
44,0.201329,0.601469,11014.051758
45,0.205229,0.632268,11263.693359
46,0.160481,0.635177,11513.189453
47,0.136170,0.630938,11762.802734
48,0.122050,0.632599,12012.274414
49,0.113183,0.633780,12261.830078
50,0.117988,0.629684,12511.440430
51,0.125932,0.628901,12760.974609
52,0.135685,0.632126,13010.560547
53,0.152845,0.634062,13260.141602
54,0.179053,0.628726,13509.766602
55,0.214504,0.625682,13759.265625
56,0.259936,0.634619,14008.825195
57,0.292393,0.635263,14258.371094
58,0.347397,0.638562,14508.015625
59,0.418600,0.621313,14757.562500
60,0.470752,0.608549,15007.086914
61,0.522291,0.595289,15256.662109
62,0.564733,0.572953,15506.212891
63,0.624622,0.583245,15755.740234
64,0.682554,0.580662,16005.353516
65,0.713392,0.570278,16254.937500
66,0.729297,0.561777,16504.451172
67,0.738437,0.547658,16754.021484
68,0.751438,0.520552,17003.562500
69,0.763778,0.528099,17253.177734
70,0.774823,0.525387,17502.683594
71,0.781627,0.513751,17752.310547
72,0.775080,0.532492,18001.888672
73,0.765477,0.529741,18251.406250
74,0.757869,0.529470,18500.943359
75,0.752152,0.533833,18750.544922
76,0.751854,0.536841,19000.160156
77,0.752475,0.537464,19266.275391
78,0.752527,0.538838,19515.828125
79,0.753201,0.541002,19765.501953
80,0.754867,0.542309,20015.078125
81,0.754812,0.543500,20264.531250
82,0.754643,0.545185,20514.123047
83,0.754854,0.546071,20763.714844
84,0.755300,0.547377,21013.255859
85,0.755419,0.548461,21262.777344
86,0.755440,0.549250,21512.390625
87,0.755481,0.549921,21761.904297
88,0.755409,0.550483,22011.539062
89,0.755403,0.550957,22261.031250
90,0.755337,0.551321,22510.734375
91,0.755383,0.551452,22760.214844
92,0.755504,0.551483,23009.748047
93,0.755544,0.551784,23259.292969
94,0.756154,0.550454,23508.849609
95,0.757548,0.548858,23758.482422
96,0.756806,0.550233,24007.970703
97,0.756613,0.550983,24257.566406
98,0.755378,0.549699,24507.171875
99,0.748312,0.552731,24756.773438
0,0.749988,0.482541,0.003407
1,0.750301,0.483095,266.186523
2,0.749090,0.490405,515.734131
3,0.752277,0.504398,765.370544
4,0.772180,0.502226,1014.882080
5,0.788147,0.472647,1264.432617
6,0.794290,0.467055,1513.985962
7,0.794634,0.472141,1763.571411
8,0.786576,0.474015,2013.145630
9,0.772744,0.477009,2262.658936
10,0.759758,0.478209,2512.289551
11,0.750624,0.478389,2761.863525
12,0.743053,0.477305,3011.454102
13,0.735180,0.475270,3260.953857
14,0.727190,0.474533,3510.530762
15,0.720382,0.472600,3760.051758
16,0.711365,0.473680,4009.590576
17,0.704326,0.476442,4259.255859
18,0.695787,0.485385,4508.745605
19,0.681715,0.509266,4758.328125
20,0.675437,0.526295,5007.947266
21,0.665133,0.543631,5257.525391
22,0.645646,0.574261,5507.016602
23,0.630291,0.613402,5756.534668
24,0.623192,0.629945,6006.175293
25,0.611876,0.654897,6255.727051
26,0.617952,0.703185,6505.303711
27,0.631188,0.745111,6754.851562
28,0.664168,0.781882,7004.417969
29,0.703054,0.798850,7253.968262
30,0.718741,0.809450,7503.503418
31,0.723645,0.814062,7753.163086
32,0.731863,0.807417,8002.645020
33,0.746202,0.790160,8252.218750
34,0.796334,0.774111,8501.750000
35,0.831500,0.775964,8751.437500
36,0.868078,0.762931,9000.902344
37,0.891229,0.747635,9250.452148
38,0.917526,0.718038,9500.083984
39,0.946501,0.680703,9766.241211
40,0.993655,0.633222,10015.790039
41,0.026076,0.581699,10265.407227
42,0.053879,0.544084,10514.897461
43,0.072748,0.526464,10764.570312
44,0.097518,0.506847,11014.021484
45,0.127710,0.495556,11263.602539
46,0.150704,0.499175,11513.271484
47,0.168936,0.499487,11762.806641
48,0.189189,0.499959,12012.311523
49,0.211433,0.503303,12261.875977
50,0.227681,0.503501,12511.471680
51,0.240932,0.490870,12760.969727
52,0.249083,0.488397,13010.551758
53,0.261734,0.495726,13260.087891
54,0.283140,0.506031,13509.711914
55,0.298184,0.510255,13759.284180
56,0.316191,0.519004,14008.822266
57,0.332436,0.528108,14258.382812
58,0.349705,0.533310,14507.991211
59,0.367595,0.536346,14757.506836
60,0.383985,0.539548,15007.041992
61,0.395898,0.544008,15256.617188
62,0.404573,0.545527,15506.210938
63,0.408358,0.545600,15755.739258
64,0.409096,0.546496,16005.307617
65,0.408203,0.547829,16254.909180
66,0.398385,0.547114,16504.464844
67,0.377120,0.540737,16754.085938
68,0.345381,0.531110,17003.585938
69,0.298215,0.514071,17253.138672
70,0.253157,0.483463,17502.734375
71,0.211643,0.435231,17752.275391
72,0.187001,0.393918,18001.869141
73,0.174599,0.386902,18251.380859
74,0.140014,0.417782,18500.941406
75,0.085292,0.419304,18750.578125
76,0.054631,0.422341,19000.103516
77,0.039047,0.427481,19266.267578
78,0.034573,0.449486,19515.873047
79,0.031272,0.479835,19765.400391
80,0.003078,0.492175,20015.044922
81,0.960220,0.488390,20264.539062
82,0.892017,0.488384,20514.183594
83,0.837121,0.477842,20763.736328
84,0.817064,0.473854,21013.246094
85,0.791560,0.470089,21262.781250
86,0.767871,0.471059,21512.367188
87,0.748156,0.474387,21761.949219
88,0.737548,0.476152,22011.472656
89,0.730608,0.474951,22261.062500
90,0.727491,0.466894,22510.656250
91,0.729118,0.468477,22760.173828
92,0.731854,0.471556,23009.734375
93,0.731992,0.474128,23259.287109
94,0.729534,0.475041,23508.863281
95,0.728627,0.476827,23758.416016
96,0.729996,0.478200,24008.001953
97,0.735999,0.478317,24257.564453
98,0.741926,0.472926,24507.148438
99,0.743383,0.471424,24756.673828
0,0.777291,0.621312,-0.038100
1,0.809748,0.618172,266.156464
2,0.823200,0.630762,515.788208
3,0.819253,0.648519,765.230225
4,0.802351,0.656230,1014.839661
5,0.745090,0.649384,1264.412476
6,0.728863,0.661031,1513.939209
7,0.717962,0.666118,1763.609375
8,0.709166,0.681804,2013.075439
9,0.699765,0.688566,2262.690918
10,0.692210,0.685756,2512.292236
11,0.666698,0.644251,2761.801514
12,0.637065,0.604030,3011.321045
13,0.643684,0.580337,3260.866455
14,0.666202,0.552889,3510.448242
15,0.693940,0.540402,3760.057373
16,0.734483,0.535562,4009.618164
17,0.761240,0.533698,4259.189941
18,0.781096,0.531858,4508.760742
19,0.797704,0.528683,4758.305176
20,0.822294,0.521277,5007.835449
21,0.859699,0.516884,5257.389648
22,0.887683,0.509087,5507.091797
23,0.910281,0.467556,5756.507324
24,0.936336,0.456991,6006.166504
25,0.956506,0.456763,6255.758789
26,0.971892,0.455834,6505.257324
27,0.960724,0.428211,6754.764160
28,0.928690,0.384292,7004.435547
29,0.885499,0.367206,7253.964355
30,0.838019,0.366881,7503.453613
31,0.808699,0.346220,7753.035156
32,0.782533,0.314440,8002.662598
33,0.746322,0.290723,8252.157227
34,0.719576,0.286272,8501.732422
35,0.676249,0.292510,8751.416016
36,0.651079,0.320274,9000.905273
37,0.665133,0.384463,9250.454102
38,0.703600,0.458092,9500.014648
39,0.747111,0.502808,9766.222656
40,0.792820,0.514605,10015.776367
41,0.851270,0.509579,10265.352539
42,0.908375,0.502145,10514.894531
43,0.958844,0.488866,10764.504883
44,0.007891,0.484965,11014.062500
45,0.062695,0.501329,11263.648438
46,0.109134,0.522997,11513.175781
47,0.135745,0.535767,11762.729492
48,0.132393,0.549176,12012.291992
49,0.119918,0.551960,12261.822266
50,0.131368,0.553039,12511.438477
51,0.168796,0.552790,12761.019531
52,0.198526,0.537847,13010.540039
53,0.215057,0.528089,13260.145508
54,0.250080,0.523610,13509.660156
55,0.272167,0.517056,13759.211914
56,0.276375,0.499257,14008.767578
57,0.268185,0.470447,14258.457031
58,0.250324,0.431133,14507.887695
59,0.232132,0.435841,14757.500977
60,0.189548,0.571612,15007.005859
61,0.132216,0.731613,15256.632812
62,0.077912,0.830726,15506.185547
63,0.056298,0.863276,15755.716797
64,0.064270,0.876496,16005.332031
65,0.093436,0.880179,16254.934570
66,0.142758,0.882285,16504.455078
67,0.261314,0.844774,16753.958984
68,0.262918,0.850722,17003.583984
69,0.087384,0.862951,17253.101562
70,0.014110,0.809921,17502.705078
71,0.984802,0.795570,17752.314453
72,0.948114,0.776147,18001.876953
73,0.920967,0.774503,18251.394531
74,0.885727,0.757580,18500.943359
75,0.850535,0.741601,18750.505859
76,0.846221,0.712695,19000.048828
77,0.860160,0.683769,19266.326172
78,0.928525,0.615147,19515.802734
79,0.984635,0.548964,19765.410156
80,0.034762,0.504413,20014.980469
81,0.094480,0.496722,20264.582031
82,0.138469,0.507479,20514.060547
83,0.166727,0.510374,20763.652344
84,0.204200,0.509631,21013.216797
85,0.235948,0.507360,21262.773438
86,0.267085,0.513113,21512.373047
87,0.301776,0.516834,21761.896484
88,0.322438,0.522261,22011.445312
89,0.339110,0.532904,22261.005859
90,0.335804,0.537262,22510.658203
91,0.314633,0.527512,22760.214844
92,0.270188,0.503260,23009.738281
93,0.218874,0.492328,23259.275391
94,0.165250,0.492594,23508.863281
95,0.113002,0.487888,23758.388672
96,0.076751,0.488268,24007.974609
97,0.041993,0.494373,24257.562500
98,0.007507,0.497133,24507.167969
99,0.984246,0.497137,24756.720703
0,0.749880,0.500991,0.048896
1,0.749698,0.501610,266.360413
2,0.749968,0.504730,515.950867
3,0.752081,0.523828,765.383789
4,0.754411,0.572375,1015.017517
5,0.752681,0.623801,1264.503540
6,0.748152,0.665230,1514.123413
7,0.746362,0.677851,1763.633545
8,0.735621,0.689783,2013.244141
9,0.664031,0.707401,2262.743896
10,0.585557,0.704749,2512.427246
11,0.554993,0.677962,2761.906250
12,0.553618,0.663040,3011.525635
13,0.556686,0.651888,3261.022705
14,0.562049,0.643205,3510.624023
15,0.568829,0.617954,3760.210449
16,0.575438,0.576544,4009.750488
17,0.589894,0.542234,4259.332520
18,0.601975,0.523216,4508.874023
19,0.603160,0.522967,4758.511230
20,0.607029,0.523575,5007.976562
21,0.612311,0.523132,5257.612793
22,0.629066,0.519751,5507.098145
23,0.646443,0.510267,5756.681641
24,0.672180,0.500732,6006.180664
25,0.691920,0.496382,6255.832031
26,0.713062,0.490122,6505.287109
27,0.731868,0.488726,6754.900391
28,0.742419,0.489807,7087.668945
29,0.750335,0.492208,7254.049805
30,0.758807,0.491718,7586.826172
31,0.769203,0.488486,7836.390625
32,0.780255,0.488192,8069.283203
33,0.792372,0.487587,8335.539062
34,0.803883,0.486815,8568.384766
35,0.826010,0.478394,8834.678711
36,0.840486,0.484806,9067.491211
37,0.866594,0.479145,9300.478516
38,0.926383,0.504782,9549.995117
39,0.945928,0.551897,9799.630859
40,0.848661,0.571320,10049.156250
41,0.767127,0.552770,10282.146484
42,0.681247,0.537038,10514.960938
43,0.505920,0.547983,10764.615234
44,0.387788,0.626119,11014.122070
45,0.306597,0.607764,11263.740234
46,0.247138,0.581068,11513.224609
47,0.194720,0.583071,11796.082031
48,0.179071,0.594801,12029.073242
49,0.201552,0.691680,12295.222656
50,0.199261,0.753411,12528.245117
51,0.163138,0.661434,12777.725586
52,0.149109,0.635962,13010.715820
53,0.138381,0.629571,13260.184570
54,0.131921,0.629717,13509.868164
55,0.139500,0.640304,13775.942383
56,0.146764,0.643807,14025.517578
57,0.158899,0.640450,14275.081055
58,0.167064,0.622734,14524.639648
59,0.175200,0.604775,14774.191406
60,0.183984,0.595952,15007.200195
61,0.195741,0.582006,15273.416016
62,0.204689,0.574976,15506.279297
63,0.242902,0.561205,15755.912109
64,0.286592,0.565472,16005.406250
65,0.358879,0.572858,16271.609375
66,0.393154,0.574501,16504.533203
67,0.435995,0.567959,16770.722656
68,0.473684,0.560742,17020.271484
69,0.492543,0.562484,17253.216797
70,0.512218,0.562252,17502.708984
71,0.546430,0.549577,17768.978516
72,0.577614,0.548849,18018.634766
73,0.602503,0.590426,18251.482422
74,0.632481,0.629112,18501.103516
75,0.690133,0.624143,18750.609375
76,0.757054,0.625045,19016.808594
77,0.800502,0.644574,19266.337891
78,0.813891,0.652269,19515.947266
79,0.812952,0.655766,19765.429688
80,0.806416,0.638670,20015.113281
81,0.797567,0.617526,20264.595703
82,0.785038,0.610830,20514.189453
83,0.769093,0.595315,20763.777344
84,0.765529,0.583665,21013.314453
85,0.768041,0.575622,21262.894531
86,0.743610,0.559502,21512.435547
87,0.736448,0.539581,21762.048828
88,0.744359,0.504842,22011.505859
89,0.742997,0.472277,22261.181641
90,0.743857,0.445089,22593.871094
91,0.740068,0.443204,22843.425781
92,0.736385,0.440692,23092.982422
93,0.731053,0.441061,23325.845703
94,0.732394,0.449924,23508.863281
95,0.731848,0.448382,23824.988281
96,0.733606,0.453874,24057.984375
97,0.733541,0.459582,24324.226562
98,0.735042,0.461897,24557.082031
99,0.734493,0.464015,24806.642578
0,0.749850,0.496466,0.000418
1,0.750008,0.496557,266.239258
2,0.750120,0.496329,515.784180
3,0.749947,0.496257,765.323303
4,0.749977,0.497815,1014.928345
5,0.749755,0.508844,1264.530396
6,0.748976,0.545639,1514.011719
7,0.744508,0.589079,1763.626831
8,0.736630,0.611704,2013.237427
9,0.715642,0.603821,2262.703857
10,0.684982,0.594370,2512.297607
11,0.655364,0.579230,2761.850342
12,0.628776,0.564799,3011.482178
13,0.629748,0.552821,3261.046631
14,0.655144,0.542331,3510.563721
15,0.699306,0.533170,3760.132812
16,0.730338,0.525656,4009.676270
17,0.746820,0.520433,4259.231445
18,0.759008,0.521412,4508.822266
19,0.774956,0.523161,4758.338379
20,0.799979,0.518962,5007.980469
21,0.829247,0.517738,5257.471191
22,0.846485,0.518698,5507.079102
23,0.860733,0.517306,5756.604980
24,0.883622,0.516463,6006.159180
25,0.910152,0.516060,6255.761719
26,0.914316,0.516537,6505.389648
27,0.893197,0.522925,6754.856934
28,0.888076,0.529554,7004.426270
29,0.909217,0.522610,7254.056641
30,0.973529,0.514673,7503.583008
31,0.025772,0.509106,7753.112793
32,0.063861,0.511385,8002.791992
33,0.084351,0.512512,8252.284180
34,0.109154,0.508992,8501.831055
35,0.136474,0.505498,8751.387695
36,0.159545,0.501759,9000.915039
37,0.175167,0.502876,9250.534180
38,0.197288,0.505930,9500.058594
39,0.214934,0.509399,9766.270508
40,0.226162,0.513429,10015.842773
41,0.233235,0.516363,10265.443359
42,0.232137,0.511755,10514.994141
43,0.221921,0.507659,10764.522461
44,0.212730,0.502623,11014.079102
45,0.200326,0.502399,11263.672852
46,0.179950,0.503472,11513.204102
47,0.155438,0.509158,11762.778320
48,0.130979,0.514555,12012.362305
49,0.113545,0.517825,12262.004883
50,0.097485,0.518557,12511.458984
51,0.080110,0.521447,12761.095703
52,0.063888,0.524244,13010.628906
53,0.031348,0.541064,13260.148438
54,0.997094,0.563622,13509.782227
55,0.984192,0.558496,13759.272461
56,0.980146,0.539793,14008.916992
57,0.982853,0.519351,14258.411133
58,0.992277,0.528127,14508.076172
59,0.001048,0.526947,14757.532227
60,0.009910,0.533325,15007.136719
61,0.029795,0.532018,15256.701172
62,0.076386,0.522067,15506.293945
63,0.129803,0.510973,15772.447266
64,0.177022,0.512242,16005.381836
65,0.229163,0.510838,16255.014648
66,0.267913,0.511009,16504.484375
67,0.277468,0.528244,16754.152344
68,0.265341,0.578347,17003.699219
69,0.238462,0.617361,17253.257812
70,0.190960,0.655811,17502.750000
71,0.126667,0.680819,17752.294922
72,0.047965,0.708870,18001.912109
73,0.982068,0.739274,18251.441406
74,0.942216,0.758277,18501.015625
75,0.894722,0.751922,18750.558594
76,0.841827,0.729665,19000.185547
77,0.790984,0.691824,19266.398438
78,0.766088,0.638079,19515.869141
79,0.749746,0.583373,19765.441406
80,0.738720,0.550566,20015.113281
81,0.734121,0.537699,20264.601562
82,0.720689,0.536604,20514.142578
83,0.681381,0.535902,20763.726562
84,0.618673,0.534802,21013.373047
85,0.575441,0.531966,21262.835938
86,0.547745,0.526365,21512.404297
87,0.538548,0.526297,21762.007812
88,0.548050,0.548348,22011.582031
89,0.577476,0.564644,22261.201172
90,0.632324,0.562710,22510.646484
91,0.688170,0.557153,22760.310547
92,0.715519,0.554215,23009.773438
93,0.736158,0.532259,23259.341797
94,0.747472,0.455443,23508.949219
95,0.750255,0.379278,23758.513672
96,0.759029,0.332326,24008.097656
97,0.765344,0.311307,24257.630859
98,0.779261,0.300973,24507.259766
99,0.803472,0.314842,24756.722656
0,0.749865,0.430317,0.056785
1,0.749889,0.430538,266.298279
2,0.748315,0.436098,515.861084
3,0.723132,0.493851,765.467041
4,0.700251,0.551143,1015.001709
5,0.683434,0.581346,1264.517334
6,0.683250,0.595448,1514.109741
7,0.706970,0.601262,1763.683716
8,0.763319,0.586190,2013.196167
9,0.803736,0.546817,2262.814941
10,0.811447,0.533603,2512.365234
11,0.813103,0.532830,2761.927490
12,0.816589,0.529375,3011.465576
13,0.807638,0.504901,3261.100342
14,0.795704,0.483932,3510.629639
15,0.738358,0.451658,3760.174805
16,0.711027,0.444598,4009.805420
17,0.705450,0.447980,4259.280762
18,0.699542,0.453206,4508.961914
19,0.697291,0.457141,4758.425781
20,0.696474,0.459752,5008.012207
21,0.697714,0.463285,5257.576172
22,0.708651,0.478912,5507.108398
23,0.742016,0.503564,5756.668945
24,0.779174,0.531352,6006.232910
25,0.812443,0.566559,6255.838867
26,0.842577,0.599767,6505.361816
27,0.908826,0.621452,6754.931641
28,0.971868,0.623127,7004.495117
29,0.012315,0.602441,7254.095703
30,0.049361,0.569979,7503.610352
31,0.071885,0.550160,7753.179688
32,0.096865,0.545384,8002.760742
33,0.129206,0.543358,8252.307617
34,0.167593,0.538671,8501.868164
35,0.191077,0.532539,8751.443359
36,0.204660,0.519130,9001.014648
37,0.211443,0.508608,9250.595703
38,0.228514,0.492691,9500.134766
39,0.245924,0.490373,9766.323242
40,0.262201,0.493285,10015.890625
41,0.272007,0.496662,10265.466797
42,0.280674,0.500783,10515.030273
43,0.297135,0.508367,10764.583008
44,0.330567,0.519566,11014.188477
45,0.345632,0.490802,11263.719727
46,0.323480,0.423364,11513.301758
47,0.260133,0.360818,11762.882812
48,0.196995,0.336874,12012.426758
49,0.145889,0.380313,12261.989258
50,0.113385,0.402500,12511.541992
51,0.101163,0.415271,12761.102539
52,0.056636,0.444328,13010.652344
53,0.939767,0.448057,13260.213867
54,0.797033,0.454909,13509.791016
55,0.764423,0.465419,13759.362305
56,0.741057,0.479909,14008.903320
57,0.727327,0.479954,14258.511719
58,0.711815,0.487532,14508.047852
59,0.699562,0.494067,14757.640625
60,0.679883,0.512401,15007.191406
61,0.662645,0.534212,15256.738281
62,0.647890,0.537092,15506.290039
63,0.627047,0.538823,15755.853516
64,0.602632,0.530058,16005.440430
65,0.577253,0.543981,16255.001953
66,0.570138,0.554396,16504.546875
67,0.615976,0.551666,16754.119141
68,0.694763,0.516242,17003.703125
69,0.720062,0.499101,17253.251953
70,0.739842,0.493148,17502.800781
71,0.781085,0.479401,17752.367188
72,0.805607,0.482838,18001.933594
73,0.816054,0.485695,18251.513672
74,0.821960,0.500866,18501.054688
75,0.815185,0.535181,18750.634766
76,0.803065,0.580894,19000.218750
77,0.799403,0.627722,19266.406250
78,0.810189,0.663642,19515.945312
79,0.833171,0.697054,19765.525391
80,0.850090,0.699591,20015.089844
81,0.879363,0.667498,20264.650391
82,0.902308,0.616171,20514.238281
83,0.902389,0.581389,20763.771484
84,0.881272,0.528045,21013.347656
85,0.865456,0.510403,21262.890625
86,0.841152,0.505900,21512.478516
87,0.799110,0.510600,21762.052734
88,0.736041,0.499756,22011.599609
89,0.692430,0.490124,22261.164062
90,0.658794,0.486968,22510.736328
91,0.552807,0.506149,22760.291016
92,0.493452,0.553805,23009.857422
93,0.461920,0.549542,23259.416016
94,0.436135,0.488599,23508.990234
95,0.395644,0.476085,23758.550781
96,0.374077,0.379854,24008.113281
97,0.337996,0.296419,24257.679688
98,0.309334,0.334679,24507.250000
99,0.301823,0.416625,24756.810547
0,0.749992,0.595017,0.114338
1,0.751184,0.597515,266.283386
2,0.760057,0.613355,515.883728
3,0.770391,0.624786,765.406372
4,0.773995,0.633852,1014.991821
5,0.774035,0.640973,1264.561646
6,0.799282,0.641122,1514.126221
7,0.830161,0.638204,1763.663818
8,0.839452,0.637538,2013.280396
9,0.838962,0.637535,2262.814453
10,0.793802,0.633716,2512.358887
11,0.693270,0.604846,2761.935791
12,0.607529,0.619519,3011.469727
13,0.588543,0.653141,3261.076904
14,0.588856,0.690994,3510.613037
15,0.609568,0.758124,3760.181641
16,0.647048,0.809252,4009.725586
17,0.695994,0.827773,4259.351562
18,0.776656,0.818328,4508.865723
19,0.836672,0.800312,4758.428711
20,0.864587,0.778308,5008.002930
21,0.884229,0.721850,5257.563477
22,0.904034,0.634230,5507.120117
23,0.933815,0.598231,5756.680664
24,0.981880,0.584761,6006.277344
25,0.002676,0.589545,6255.826660
26,0.025204,0.595314,6505.393555
27,0.052294,0.594524,6754.947266
28,0.089985,0.592098,7004.535156
29,0.128415,0.591579,7254.079102
30,0.164962,0.588070,7503.628906
31,0.196150,0.586493,7753.207031
32,0.219729,0.584654,8002.757812
33,0.236952,0.587134,8252.344727
34,0.248032,0.604091,8501.915039
35,0.248099,0.640136,8751.476562
36,0.250536,0.672936,9001.025391
37,0.249798,0.676508,9250.583008
38,0.249119,0.670974,9500.152344
39,0.260396,0.634306,9766.360352
40,0.289098,0.580771,10015.920898
41,0.302965,0.581540,10265.484375
42,0.307853,0.594002,10515.035156
43,0.307085,0.597755,10764.625977
44,0.296013,0.587788,11014.170898
45,0.270928,0.560898,11263.725586
46,0.246929,0.539131,11513.295898
47,0.189265,0.519288,11762.895508
48,0.135725,0.520020,12012.436523
49,0.104058,0.544933,12261.999023
50,0.065591,0.593640,12511.560547
51,0.004192,0.607658,12761.125977
52,0.933032,0.595084,13010.675781
53,0.879758,0.566606,13260.282227
54,0.854375,0.543657,13509.809570
55,0.800138,0.516847,13759.384766
56,0.737110,0.531385,14008.945312
57,0.721416,0.547710,14258.511719
58,0.729886,0.600076,14508.074219
59,0.727925,0.639499,14757.618164
60,0.719626,0.685058,15007.190430
61,0.714996,0.729271,15256.791992
62,0.711490,0.760797,15506.340820
63,0.672322,0.720753,15755.892578
64,0.620505,0.648012,16005.489258
65,0.584750,0.608795,16255.009766
66,0.584170,0.617838,16504.582031
67,0.583008,0.628067,16754.142578
68,0.579875,0.631679,17003.707031
69,0.576766,0.630088,17253.259766
70,0.561983,0.603976,17502.820312
71,0.563426,0.590979,17752.421875
72,0.565188,0.594100,18001.980469
73,0.565847,0.599692,18251.531250
74,0.566582,0.610015,18501.082031
75,0.565394,0.621337,18750.660156
76,0.600710,0.661913,19000.218750
77,0.727975,0.724860,19266.423828
78,0.818296,0.749295,19515.982422
79,0.858786,0.759551,19765.544922
80,0.888501,0.742265,20015.107422
81,0.893783,0.722606,20264.667969
82,0.840768,0.667320,20514.232422
83,0.771587,0.595648,20763.800781
84,0.748425,0.551875,21013.380859
85,0.744607,0.532618,21262.935547
86,0.745311,0.527358,21512.500000
87,0.746338,0.527876,21762.056641
88,0.746037,0.531864,22011.619141
89,0.744966,0.535486,22261.205078
90,0.744346,0.540578,22510.751953
91,0.743202,0.544300,22760.316406
92,0.741623,0.546692,23009.857422
93,0.747433,0.555804,23259.431641
94,0.759184,0.576113,23509.023438
95,0.765113,0.587110,23758.582031
96,0.766057,0.586125,24008.136719
97,0.766183,0.584842,24257.693359
98,0.768657,0.584810,24507.263672
99,0.796503,0.568662,24756.814453
0,0.756962,0.478373,-0.003099
1,0.756593,0.493353,266.164490
2,0.750152,0.533767,515.756042
3,0.742504,0.537451,765.281921
4,0.765438,0.536645,1014.846191
5,0.808266,0.536988,1264.423950
6,0.828595,0.540499,1513.958984
7,0.830366,0.549007,1763.630005
8,0.829551,0.554899,2013.076172
9,0.823414,0.562844,2262.690918
10,0.823214,0.581260,2512.230469
11,0.835416,0.595676,2761.759521
12,0.864454,0.598819,3011.360352
13,0.894663,0.592079,3261.011719
14,0.921137,0.572954,3510.509766
15,0.937271,0.552545,3760.041504
16,0.950061,0.539855,4009.614990
17,0.983267,0.536894,4259.187988
18,0.028937,0.541835,4508.812988
19,0.064106,0.550692,4758.342773
20,0.096373,0.553417,5007.851562
21,0.135953,0.577738,5257.458008
22,0.149043,0.714345,5506.973145
23,0.113134,0.856674,5756.591309
24,0.023522,0.897659,6006.173340
25,0.006693,0.897680,6255.761230
26,0.063677,0.846217,6505.269043
27,0.137116,0.677874,6754.849121
28,0.177245,0.597533,7004.399414
29,0.192551,0.567278,7253.951660
30,0.196658,0.525994,7503.585938
31,0.209786,0.517856,7753.054199
32,0.213702,0.523198,8002.707520
33,0.181060,0.544677,8252.171875
34,0.090929,0.601629,8501.860352
35,0.068456,0.610667,8751.333984
36,0.076810,0.608091,9000.887695
37,0.082577,0.607298,9250.435547
38,0.086180,0.609730,9500.086914
39,0.087823,0.612962,9766.256836
40,0.080817,0.609627,10015.825195
41,0.037629,0.601203,10265.345703
42,0.972968,0.587797,10515.002930
43,0.889739,0.558554,10764.493164
44,0.830126,0.537956,11014.008789
45,0.779656,0.524482,11263.618164
46,0.746265,0.527918,11513.207031
47,0.722945,0.530552,11762.733398
48,0.700149,0.528175,12012.273438
49,0.670445,0.525062,12261.958008
50,0.625770,0.527159,12511.400391
51,0.588068,0.530408,12761.019531
52,0.557849,0.534845,13010.528320
53,0.515806,0.540247,13260.138672
54,0.449033,0.560665,13509.676758
55,0.379960,0.565632,13759.262695
56,0.346952,0.567216,14008.799805
57,0.341947,0.568636,14258.363281
58,0.389075,0.551832,14507.928711
59,0.502341,0.445153,14757.484375
60,0.606393,0.372372,15007.068359
61,0.685214,0.357976,15256.649414
62,0.758031,0.344063,15506.163086
63,0.863316,0.380324,15755.749023
64,0.873595,0.410467,16005.297852
65,0.817709,0.495482,16254.859375
66,0.794522,0.514444,16504.443359
67,0.719804,0.538742,16754.025391
68,0.712181,0.541496,17003.568359
69,0.732057,0.537209,17253.142578
70,0.752238,0.531897,17502.705078
71,0.764812,0.529584,17752.236328
72,0.802851,0.525630,18001.812500
73,0.893859,0.524588,18251.394531
74,0.963346,0.522739,18500.957031
75,0.013729,0.520091,18750.496094
76,0.047822,0.528056,19000.072266
77,0.082837,0.526152,19266.263672
78,0.127632,0.518567,19515.847656
79,0.151616,0.523727,19765.414062
80,0.159116,0.525596,20014.964844
81,0.166519,0.528675,20264.533203
82,0.170629,0.531494,20514.101562
83,0.172871,0.535344,20763.660156
84,0.174044,0.537965,21013.218750
85,0.168445,0.539705,21262.785156
86,0.141111,0.539807,21512.361328
87,0.108576,0.539488,21761.916016
88,0.089650,0.537320,22011.458984
89,0.066044,0.532568,22261.019531
90,0.006676,0.523255,22510.603516
91,0.923338,0.507436,22760.164062
92,0.870966,0.495177,23009.724609
93,0.849730,0.502225,23259.291016
94,0.826613,0.503883,23508.847656
95,0.804733,0.508016,23758.412109
96,0.789290,0.505992,24008.000000
97,0.772838,0.496937,24257.558594
98,0.760387,0.492272,24507.123047
99,0.753479,0.497040,24756.673828
0,0.747990,0.573031,0.001979
1,0.745225,0.575197,266.202118
2,0.745927,0.641198,515.787537
3,0.724265,0.749078,765.335388
4,0.681784,0.822506,1014.931335
5,0.617371,0.863468,1264.471069
6,0.542854,0.825254,1514.084839
7,0.488302,0.751852,1763.588745
8,0.457317,0.684254,2013.200317
9,0.452049,0.614956,2262.785889
10,0.472189,0.539034,2512.241455
11,0.494021,0.493753,2761.949951
12,0.544030,0.467906,3011.368652
13,0.618680,0.431948,3260.944336
14,0.688010,0.392837,3510.550781
15,0.733831,0.386153,3760.161133
16,0.770799,0.356889,4009.692383
17,0.786331,0.307065,4259.246582
18,0.774304,0.273602,4508.829590
19,0.758900,0.261013,4758.309082
20,0.794346,0.280286,5007.880371
21,0.874955,0.360526,5257.441406
22,0.918929,0.479350,5507.106445
23,0.943053,0.590758,5756.651855
24,0.958853,0.650725,6006.166504
25,0.980105,0.663512,6255.710449
26,0.012453,0.645024,6505.353516
27,0.039569,0.614032,6754.839355
28,0.058227,0.579058,7004.399414
29,0.050255,0.572076,7253.958008
30,0.011309,0.570785,7503.510254
31,0.926021,0.573691,7753.120605
32,0.858177,0.564646,8002.721191
33,0.831784,0.551532,8252.239258
34,0.842892,0.533827,8501.859375
35,0.844363,0.512159,8751.452148
36,0.816623,0.559528,9000.997070
37,0.782568,0.635292,9250.499023
38,0.754199,0.675927,9500.062500
39,0.715272,0.731912,9766.228516
40,0.671765,0.727976,10015.853516
41,0.647983,0.709631,10265.424805
42,0.642799,0.671188,10514.986328
43,0.640717,0.626816,10764.569336
44,0.666377,0.586440,11014.137695
45,0.706594,0.550753,11263.651367
46,0.733484,0.524601,11513.195312
47,0.745149,0.509226,11762.785156
48,0.750562,0.507362,12012.406250
49,0.752366,0.523877,12261.860352
50,0.756421,0.528693,12511.445312
51,0.775994,0.524363,12761.050781
52,0.792910,0.510196,13010.597656
53,0.794043,0.470230,13260.154297
54,0.784824,0.419507,13509.689453
55,0.787262,0.403297,13759.300781
56,0.811504,0.403307,14008.843750
57,0.831270,0.404731,14258.430664
58,0.846627,0.407586,14507.943359
59,0.839773,0.441051,14757.553711
60,0.799929,0.521450,15007.062500
61,0.728978,0.565840,15256.701172
62,0.628727,0.582328,15506.277344
63,0.559023,0.578233,15755.765625
64,0.509865,0.576362,16005.328125
65,0.476274,0.572064,16254.953125
66,0.446121,0.569923,16504.480469
67,0.419165,0.578670,16754.013672
68,0.412760,0.590418,17003.689453
69,0.427985,0.601557,17253.242188
70,0.472395,0.620937,17502.726562
71,0.567779,0.644073,17752.275391
72,0.644836,0.628805,18001.917969
73,0.680105,0.574911,18251.445312
74,0.703495,0.510206,18500.972656
75,0.708727,0.487986,18750.570312
76,0.707724,0.538012,19000.101562
77,0.723050,0.563930,19266.386719
78,0.735641,0.553363,19515.888672
79,0.730276,0.551711,19765.416016
80,0.727707,0.545594,20014.982422
81,0.731326,0.528811,20264.583984
82,0.733258,0.515774,20514.113281
83,0.733944,0.517589,20763.746094
84,0.733788,0.519525,21013.289062
85,0.732547,0.523177,21262.839844
86,0.732750,0.524387,21512.394531
87,0.733249,0.524220,21762.001953
88,0.733595,0.524832,22011.544922
89,0.733571,0.525543,22261.087891
90,0.733349,0.526468,22510.625000
91,0.733462,0.526487,22760.173828
92,0.733443,0.526811,23009.802734
93,0.733500,0.527452,23259.304688
94,0.733643,0.528132,23508.933594
95,0.733752,0.528878,23758.507812
96,0.733943,0.529915,24008.072266
97,0.734208,0.531166,24257.619141
98,0.734343,0.531877,24507.179688
99,0.734436,0.532386,24756.728516
0,0.732395,0.472028,0.043971
1,0.729544,0.476149,266.229431
2,0.727299,0.497428,515.844482
3,0.716678,0.508635,765.436035
4,0.691080,0.526080,1014.957214
5,0.657451,0.564918,1264.517700
6,0.633201,0.615359,1514.054443
7,0.618841,0.648582,1763.654175
8,0.611481,0.657519,2013.187134
9,0.621114,0.649026,2262.855469
10,0.659121,0.623296,2512.296631
11,0.707071,0.598597,2761.942871
12,0.741011,0.574953,3011.484131
13,0.765799,0.562169,3261.069092
14,0.802125,0.550399,3510.625000
15,0.817464,0.551313,3760.125977
16,0.813692,0.564813,4009.772949
17,0.798886,0.581343,4259.245605
18,0.790289,0.594471,4508.925781
19,0.787259,0.595230,4758.368652
20,0.784309,0.588910,5008.036133
21,0.775420,0.569907,5257.562012
22,0.756968,0.547188,5507.077637
23,0.740011,0.527344,5756.725586
24,0.739976,0.511608,6006.281738
25,0.735909,0.501444,6255.790527
26,0.729221,0.496051,6505.312012
27,0.719682,0.495683,6754.898926
28,0.706716,0.502500,7004.445312
29,0.706591,0.506922,7254.029297
30,0.731077,0.510437,7503.637695
31,0.793251,0.511285,7753.264160
32,0.862144,0.510323,8002.764648
33,0.930133,0.509035,8252.271484
34,0.978492,0.502565,8501.875977
35,0.027377,0.502672,8751.395508
36,0.069296,0.509998,9000.953125
37,0.090769,0.526010,9250.560547
38,0.133701,0.517291,9500.143555
39,0.176431,0.501073,9766.345703
40,0.189933,0.498462,10015.963867
41,0.194315,0.505702,10265.454102
42,0.191643,0.511087,10515.006836
43,0.171513,0.518560,10764.562500
44,0.128518,0.524990,11014.114258
45,0.112578,0.526836,11263.749023
46,0.103841,0.529702,11513.347656
47,0.092397,0.530132,11762.869141
48,0.082322,0.533888,12012.399414
49,0.063285,0.553396,12261.984375
50,0.031419,0.609021,12511.515625
51,0.002026,0.653549,12761.100586
52,0.973699,0.668972,13010.647461
53,0.944166,0.693480,13260.264648
54,0.911818,0.703896,13509.848633
55,0.894349,0.696393,13759.319336
56,0.892443,0.690965,14008.985352
57,0.893479,0.685366,14258.448242
58,0.894862,0.684315,14507.998047
59,0.896188,0.683859,14757.591797
60,0.897952,0.683083,15007.262695
61,0.898330,0.678763,15256.752930
62,0.895913,0.668240,15506.268555
63,0.892918,0.652401,15755.833984
64,0.887600,0.644411,16005.452148
65,0.873858,0.637561,16254.984375
66,0.856941,0.627326,16504.550781
67,0.844939,0.617682,16754.082031
68,0.842951,0.611913,17003.679688
69,0.843215,0.609062,17253.218750
70,0.842611,0.607173,17502.847656
71,0.824564,0.601460,17752.359375
72,0.791899,0.565879,18001.900391
73,0.774539,0.541247,18251.525391
74,0.768968,0.538256,18501.019531
75,0.767047,0.541428,18750.652344
76,0.766501,0.542548,19000.148438
77,0.766112,0.543024,19266.357422
78,0.765888,0.543942,19515.960938
79,0.765221,0.543592,19765.568359
80,0.759566,0.544009,20015.041016
81,0.744793,0.544097,20264.656250
82,0.721978,0.543624,20514.210938
83,0.692145,0.546223,20763.798828
84,0.656761,0.547017,21013.308594
85,0.621238,0.546083,21262.988281
86,0.582423,0.547398,21512.443359
87,0.540371,0.547504,21762.001953
88,0.504656,0.541867,22011.570312
89,0.489654,0.539876,22261.140625
90,0.485470,0.537208,22510.708984
91,0.490527,0.521499,22760.265625
92,0.511711,0.493854,23009.839844
93,0.550512,0.461419,23259.404297
94,0.588157,0.441086,23508.986328
95,0.623982,0.440266,23758.527344
96,0.667254,0.440568,24008.087891
97,0.701171,0.434271,24257.660156
98,0.713349,0.431056,24507.269531
99,0.718119,0.432925,24756.791016
0,0.750079,0.536505,-0.002448
1,0.749995,0.536809,266.283173
2,0.749970,0.539319,515.701355
3,0.746910,0.556325,765.381104
4,0.732114,0.597375,1014.846130
5,0.716146,0.613010,1264.425049
6,0.683549,0.618025,1513.981567
7,0.649032,0.618834,1763.540283
8,0.628772,0.615170,2013.221313
9,0.624613,0.603653,2262.688232
10,0.646038,0.586236,2512.365234
11,0.677901,0.565441,2761.834717
12,0.706178,0.546074,3011.391357
13,0.724218,0.532651,3261.009766
14,0.735325,0.528065,3510.505615
15,0.750145,0.531215,3760.041748
16,0.782424,0.539236,4009.634766
17,0.805102,0.542804,4259.245117
18,0.823433,0.542300,4508.780762
19,0.847072,0.536734,4758.247559
20,0.867683,0.543802,5007.888184
21,0.896023,0.552034,5257.475586
22,0.935160,0.559809,5507.009766
23,0.967779,0.565272,5756.596191
24,0.988629,0.552989,6006.151855
25,0.015707,0.559253,6255.748535
26,0.041638,0.568693,6505.262207
27,0.064184,0.572802,6754.942383
28,0.082709,0.572422,7004.359375
29,0.104929,0.567897,7253.999023
30,0.143210,0.550631,7503.438477
31,0.167641,0.530325,7753.128418
32,0.182756,0.522263,8002.619629
33,0.195113,0.523014,8252.251953
34,0.210561,0.526015,8501.855469
35,0.221396,0.531323,8751.354492
36,0.221293,0.531469,9000.970703
37,0.215224,0.528147,9250.409180
38,0.214041,0.524932,9500.127930
39,0.212148,0.534740,9766.251953
40,0.208361,0.582179,10015.769531
41,0.200861,0.629160,10265.260742
42,0.176990,0.655513,10514.884766
43,0.158765,0.660602,10764.545898
44,0.139283,0.652489,11014.049805
45,0.120740,0.639735,11263.639648
46,0.101319,0.627501,11513.204102
47,0.059888,0.600785,11762.750977
48,0.008546,0.564921,12012.270508
49,0.970372,0.529304,12261.918945
50,0.944694,0.524544,12511.395508
51,0.925040,0.534173,12761.064453
52,0.908981,0.565369,13027.169922
53,0.910839,0.638082,13260.177734
54,0.922342,0.690570,13509.613281
55,0.939076,0.726366,13759.219727
56,0.975561,0.742340,14008.861328
57,0.018411,0.742266,14258.332031
58,0.039802,0.742515,14507.938477
59,0.056706,0.742049,14757.446289
60,0.077068,0.739872,15007.054688
61,0.097390,0.736741,15256.543945
62,0.117161,0.730769,15506.197266
63,0.118482,0.722799,15755.708984
64,0.088942,0.720434,16005.354492
65,0.031111,0.728674,16254.827148
66,0.968992,0.730782,16504.449219
67,0.914171,0.709560,16754.105469
68,0.865518,0.665145,17003.572266
69,0.834847,0.618737,17253.044922
70,0.814726,0.575615,17502.685547
71,0.802353,0.544116,17752.316406
72,0.788104,0.521659,18001.835938
73,0.778191,0.504041,18251.441406
74,0.772045,0.491111,18500.945312
75,0.766428,0.485116,18750.525391
76,0.759192,0.492029,19016.621094
77,0.749611,0.506128,19266.248047
78,0.743818,0.522472,19515.900391
79,0.737623,0.537329,19765.406250
80,0.734470,0.546330,20014.998047
81,0.737067,0.551540,20264.494141
82,0.746300,0.559749,20514.085938
83,0.761303,0.563171,20763.621094
84,0.776278,0.564833,21013.193359
85,0.785853,0.564341,21262.716797
86,0.790289,0.560868,21512.394531
87,0.792113,0.547406,21761.949219
88,0.791181,0.538484,22011.466797
89,0.789200,0.537748,22261.048828
90,0.787708,0.540642,22510.603516
91,0.786646,0.541461,22760.166016
92,0.786723,0.543652,23009.720703
93,0.785086,0.543387,23259.277344
94,0.782302,0.538188,23508.818359
95,0.780893,0.532329,23758.457031
96,0.779200,0.527889,24007.949219
97,0.778576,0.527970,24257.576172
98,0.777923,0.529694,24507.037109
99,0.775689,0.529864,24756.636719
