Idx, longitude, latitude, start timestamp
0,0.749670,0.483859,0.059938
1,0.749447,0.485597,349.421600
2,0.699141,0.520970,515.843628
3,0.633148,0.549873,765.263184
4,0.592502,0.579067,1014.882202
5,0.569580,0.603495,1264.444580
6,0.569911,0.605848,1514.038086
7,0.561655,0.667175,1763.495605
8,0.661182,0.749455,2013.152100
9,0.810808,0.742064,2262.651855
10,0.819486,0.796765,2512.306641
11,0.813292,0.829698,2761.846191
12,0.804324,0.867928,3011.466064
13,0.746102,0.912270,3260.967041
14,0.773287,0.930189,3510.577393
15,0.794891,0.861794,3760.136719
16,0.852383,0.731971,4009.590576
17,0.893969,0.574637,4259.238770
18,0.920209,0.518362,4508.723633
19,0.942000,0.510829,4758.387695
20,0.962840,0.495327,5007.808594
21,0.996885,0.495450,5257.433105
22,0.038910,0.501522,5507.088379
23,0.087274,0.521987,5756.618652
24,0.123967,0.549516,6006.166992
25,0.173831,0.662156,6255.701660
26,0.208532,0.742964,6505.366699
27,0.206605,0.781536,6754.825195
28,0.135009,0.857784,7004.367676
29,0.118861,0.857753,7253.937988
30,0.159310,0.715696,7503.560547
31,0.185938,0.582344,7753.007324
32,0.194132,0.550981,8002.769043
33,0.196064,0.543581,8252.165039
34,0.243528,0.553039,8501.834961
35,0.242771,0.555410,8751.284180
36,0.228258,0.566585,9000.930664
37,0.207596,0.584666,9250.560547
38,0.061284,0.561840,9516.636719
39,0.981294,0.537472,9782.903320
40,0.963465,0.526484,10015.762695
41,0.955645,0.527012,10265.402344
42,0.935501,0.521627,10514.835938
43,0.909666,0.507484,10764.514648
44,0.886420,0.499376,11013.990234
45,0.884903,0.498787,11263.638672
46,0.888792,0.501253,11513.235352
47,0.897588,0.508228,11762.767578
48,0.888147,0.504560,12012.226562
49,0.870737,0.493494,12261.862305
50,0.853908,0.475117,12511.451172
51,0.864166,0.478021,12760.961914
52,0.910808,0.499513,13010.624023
53,0.918243,0.505133,13260.079102
54,0.919598,0.507473,13509.655273
55,0.921403,0.510346,13759.152344
56,0.920381,0.509368,14025.421875
57,0.859288,0.503150,14258.471680
58,0.719582,0.504110,14507.886719
59,0.657379,0.529243,14757.548828
60,0.656752,0.535680,15007.060547
61,0.670701,0.539153,15256.699219
62,0.738115,0.537503,15506.117188
63,0.773110,0.528236,15755.795898
64,0.792649,0.519303,16055.108398
65,0.819447,0.514568,16321.365234
66,0.834083,0.509881,16504.408203
67,0.840950,0.506994,16754.025391
68,0.834511,0.510213,17003.539062
69,0.792328,0.506887,17269.720703
70,0.766997,0.504656,17519.333984
71,0.741220,0.502633,17752.261719
72,0.727144,0.503405,18001.876953
73,0.735276,0.505495,18251.316406
74,0.754724,0.504344,18517.611328
75,0.762397,0.502989,18750.437500
76,0.782708,0.502386,19000.091797
77,0.797071,0.501597,19266.195312
78,0.801824,0.502660,19515.796875
79,0.867123,0.502135,19782.119141
80,0.930380,0.507201,20014.929688
81,0.962195,0.518803,20264.587891
82,0.983634,0.538433,20514.050781
83,0.979152,0.540083,20763.673828
84,0.970431,0.535834,21013.205078
85,0.965644,0.535854,21262.820312
86,0.960654,0.536790,21512.384766
87,0.952038,0.535166,21828.392578
88,0.945045,0.532707,22078.039062
89,0.940989,0.530574,22261.117188
90,0.911599,0.530541,22510.494141
91,0.874318,0.526255,22760.113281
92,0.898003,0.527438,23026.378906
93,0.915817,0.528137,23292.482422
94,0.986633,0.542979,23508.871094
95,0.030786,0.554738,23758.443359
96,0.043890,0.547849,24008.039062
97,0.051304,0.547023,24290.714844
98,0.051341,0.546458,24540.367188
99,0.052267,0.557241,24756.658203
0,0.723469,0.508381,0.046366
1,0.696079,0.513516,266.329163
2,0.656425,0.528942,515.770813
3,0.602682,0.532133,765.420349
4,0.550572,0.557374,1014.896362
5,0.511518,0.567151,1264.616455
6,0.488286,0.567710,1514.010742
7,0.476165,0.561425,1763.746948
8,0.471560,0.552960,2013.130493
9,0.459682,0.555526,2262.784668
10,0.438960,0.574032,2512.412598
11,0.425011,0.615135,2761.909180
12,0.412954,0.678330,3028.117920
13,0.397921,0.709785,3277.597412
14,0.388501,0.726900,3527.247559
15,0.376700,0.742124,3760.104004
16,0.364467,0.754199,4043.004883
17,0.345226,0.779493,4275.892578
18,0.325031,0.799497,4525.468750
19,0.298891,0.825816,4774.961914
20,0.268794,0.855465,5024.590820
21,0.234717,0.887776,5257.456055
22,0.190568,0.911162,5507.080566
23,0.164284,0.915149,5789.975098
24,0.139839,0.922095,6006.183105
25,0.163503,0.907671,6255.827637
26,0.218694,0.761582,6505.308105
27,0.236291,0.592391,6788.184082
28,0.227036,0.552184,7037.667969
29,0.214336,0.547076,7287.306641
30,0.224884,0.548831,7520.171875
31,0.269774,0.550772,7786.438965
32,0.287568,0.546837,8019.280273
33,0.277133,0.552991,8268.964844
34,0.242258,0.564573,8518.533203
35,0.179404,0.555400,8768.058594
36,0.170255,0.563160,9017.697266
37,0.184291,0.556967,9267.154297
38,0.202847,0.554719,9516.828125
39,0.227652,0.573462,9782.906250
40,0.274027,0.641317,10032.525391
41,0.332705,0.687144,10265.375000
42,0.369552,0.713917,10548.263672
43,0.376119,0.737366,10781.290039
44,0.383446,0.754339,11014.143555
45,0.392038,0.765447,11280.265625
46,0.399069,0.758161,11513.283203
47,0.410949,0.714257,11762.891602
48,0.424296,0.652837,12012.360352
49,0.450155,0.633942,12278.615234
50,0.476977,0.609641,12511.482422
51,0.475445,0.563697,12761.109375
52,0.471624,0.539767,13010.587891
53,0.468193,0.522123,13260.250977
54,0.461554,0.510357,13509.778320
55,0.456973,0.511183,13759.352539
56,0.466319,0.512132,14008.886719
57,0.481874,0.505827,14341.720703
58,0.482407,0.511528,14591.203125
59,0.469546,0.516059,14840.860352
60,0.473627,0.528400,15073.701172
61,0.480862,0.533179,15306.561523
62,0.491690,0.532319,15556.208984
63,0.511023,0.524117,15789.119141
64,0.546415,0.520038,16038.672852
65,0.561576,0.518321,16288.320312
66,0.570592,0.518845,16537.859375
67,0.574085,0.522797,16787.439453
68,0.518075,0.520652,17036.949219
69,0.478356,0.514653,17269.941406
70,0.463420,0.510098,17519.429688
71,0.428708,0.508891,17769.089844
72,0.394445,0.522850,18018.576172
73,0.360934,0.531822,18268.177734
74,0.352380,0.536556,18517.638672
75,0.389560,0.524611,18767.291016
76,0.502197,0.495208,19000.154297
77,0.582377,0.474747,19266.384766
78,0.651265,0.470451,19549.251953
79,0.715463,0.469904,19782.150391
80,0.600731,0.488290,20031.748047
81,0.523703,0.496901,20281.296875
82,0.525840,0.489922,20514.175781
83,0.543619,0.489678,20763.798828
84,0.644141,0.469702,21013.416016
85,0.758741,0.473426,21262.859375
86,0.776204,0.476619,21512.490234
87,0.754279,0.472897,21778.671875
88,0.784354,0.475351,22028.263672
89,0.832782,0.488140,22261.150391
90,0.856435,0.480472,22527.367188
91,0.871840,0.459764,22793.630859
92,0.880143,0.421407,23026.478516
93,0.889684,0.376816,23276.117188
94,0.898952,0.391272,23525.601562
95,0.917712,0.439759,23758.585938
96,0.944083,0.491407,24008.062500
97,0.963823,0.521194,24257.693359
98,0.989384,0.526770,24507.214844
99,0.006797,0.523557,24773.488281
0,0.749995,0.527365,0.016578
1,0.750107,0.528677,266.211029
2,0.749515,0.530482,515.774048
3,0.747972,0.530646,765.328979
4,0.751108,0.528725,1014.892883
5,0.760248,0.525563,1264.531250
6,0.757184,0.526903,1513.962646
7,0.761595,0.549433,1763.631470
8,0.768739,0.587693,2013.140015
9,0.779414,0.623082,2262.719482
10,0.790562,0.634196,2512.183105
11,0.811275,0.611584,2761.795166
12,0.836556,0.562403,3011.521484
13,0.853297,0.527998,3260.979980
14,0.876162,0.518396,3510.575684
15,0.899821,0.515123,3760.080566
16,0.928126,0.515600,4009.693604
17,0.952014,0.516441,4259.198242
18,0.971031,0.519727,4508.728516
19,0.981657,0.518575,4758.391602
20,0.987058,0.519926,5007.935059
21,0.983390,0.521308,5257.398926
22,0.947524,0.523997,5573.513672
23,0.913026,0.534229,5823.161621
24,0.881306,0.528854,6072.667480
25,0.849714,0.518824,6305.622559
26,0.825348,0.507477,6571.765137
27,0.826926,0.507339,6821.413086
28,0.830442,0.509965,7054.280762
29,0.838202,0.511397,7303.896484
30,0.851202,0.508715,7553.483398
31,0.870621,0.504418,7786.435059
32,0.890702,0.500650,8036.041016
33,0.939298,0.508029,8285.500000
34,0.994286,0.509712,8518.405273
35,0.037544,0.510408,8768.006836
36,0.071469,0.516182,9017.589844
37,0.109869,0.515894,9267.125977
38,0.156856,0.518212,9500.126953
39,0.192777,0.529826,9799.454102
40,0.225462,0.540151,10049.094727
41,0.254689,0.550206,10281.984375
42,0.298874,0.558783,10531.619141
43,0.338517,0.555618,10781.135742
44,0.356007,0.569981,11030.689453
45,0.367487,0.594068,11263.566406
46,0.383727,0.618951,11513.192383
47,0.394188,0.662987,11779.463867
48,0.408235,0.688509,12028.971680
49,0.429297,0.685779,12278.611328
50,0.447786,0.685483,12511.458008
51,0.459523,0.678380,12777.636719
52,0.461550,0.652723,13010.565430
53,0.461564,0.618441,13260.220703
54,0.461703,0.596860,13526.318359
55,0.461491,0.581464,13775.912109
56,0.468468,0.576946,14008.781250
57,0.479856,0.575557,14258.462891
58,0.497505,0.569315,14507.889648
59,0.501985,0.573374,14774.184570
60,0.502126,0.576519,15007.144531
61,0.500872,0.579137,15256.666016
62,0.500460,0.582086,15506.255859
63,0.499508,0.582609,15755.790039
64,0.499100,0.583210,16005.393555
65,0.498480,0.583711,16254.885742
66,0.496762,0.584170,16504.505859
67,0.494649,0.584975,16753.984375
68,0.487702,0.589340,17003.638672
69,0.473599,0.597905,17253.123047
70,0.467162,0.601947,17502.787109
71,0.460962,0.604873,17752.277344
72,0.448686,0.602149,18001.888672
73,0.437491,0.591423,18251.482422
74,0.428220,0.585132,18500.957031
75,0.416432,0.581151,18750.593750
76,0.397214,0.578039,19000.082031
77,0.360745,0.575919,19266.371094
78,0.328312,0.570560,19515.882812
79,0.291728,0.561314,19765.501953
80,0.247583,0.553127,20014.947266
81,0.215533,0.546664,20264.576172
82,0.195127,0.548507,20514.195312
83,0.182121,0.550501,20763.718750
84,0.181387,0.545131,21096.464844
85,0.178926,0.537874,21262.826172
86,0.169233,0.535565,21512.441406
87,0.160245,0.536217,21761.953125
88,0.148011,0.535431,22011.535156
89,0.114901,0.534270,22261.070312
90,0.064303,0.525940,22510.695312
91,0.032586,0.520816,22760.152344
92,0.002770,0.524260,23009.792969
93,0.994771,0.527595,23259.265625
94,0.989524,0.528767,23508.935547
95,0.982650,0.530295,23758.513672
96,0.983198,0.531266,24008.070312
97,0.990482,0.529913,24257.681641
98,0.007123,0.521322,24507.128906
99,0.015308,0.516925,24756.802734
0,0.749909,0.523271,0.062368
1,0.749151,0.522903,266.396332
2,0.724143,0.535246,515.765808
3,0.674438,0.545955,765.389160
4,0.632803,0.560534,1014.880859
5,0.607367,0.590171,1264.618042
6,0.584192,0.603333,1513.983032
7,0.558817,0.609547,1763.710449
8,0.535857,0.612735,2013.317749
9,0.511734,0.622847,2262.751465
10,0.488185,0.653201,2512.387207
11,0.472360,0.667027,2761.819580
12,0.465687,0.678768,3011.495361
13,0.469840,0.694511,3260.923584
14,0.476476,0.703185,3510.604492
15,0.483388,0.688352,3760.058350
16,0.489084,0.647262,4009.658447
17,0.494433,0.616263,4259.186523
18,0.497670,0.605288,4508.836914
19,0.500675,0.597980,4758.363281
20,0.509745,0.591446,5007.878418
21,0.528927,0.578324,5257.539551
22,0.549634,0.570054,5507.010742
23,0.567239,0.567486,5756.617676
24,0.592879,0.565695,6006.210449
25,0.619038,0.561697,6255.727539
26,0.642206,0.556731,6505.250977
27,0.680697,0.546769,6754.877930
28,0.754884,0.516853,7004.406250
29,0.814888,0.506735,7253.931152
30,0.855806,0.508389,7503.420898
31,0.902960,0.520179,7753.041016
32,0.947717,0.530111,8002.646973
33,0.976539,0.533921,8252.152344
34,0.006452,0.536461,8501.835938
35,0.030213,0.553628,8751.325195
36,0.061182,0.560348,9000.924805
37,0.085781,0.557181,9250.396484
38,0.118054,0.562229,9500.024414
39,0.148186,0.573980,9766.097656
40,0.171739,0.581746,10015.784180
41,0.193147,0.584050,10265.251953
42,0.219681,0.587302,10514.886719
43,0.238935,0.587115,10764.430664
44,0.252969,0.585928,11013.991211
45,0.262567,0.588822,11263.594727
46,0.267757,0.590385,11513.046875
47,0.265456,0.589727,11762.705078
48,0.249646,0.581163,12012.161133
49,0.228769,0.567917,12278.455078
50,0.199304,0.564113,12511.286133
51,0.180554,0.568752,12760.958984
52,0.162480,0.566245,13010.422852
53,0.151667,0.563900,13343.112305
54,0.153892,0.562431,13559.481445
55,0.157166,0.557133,13809.016602
56,0.140950,0.556291,14025.395508
57,0.107068,0.556590,14258.208008
58,0.058312,0.559652,14541.125000
59,0.020707,0.557416,14773.966797
60,0.001472,0.554219,15006.877930
61,0.988351,0.556687,15273.088867
62,0.987175,0.573798,15506.109375
63,0.998575,0.594504,15755.587891
64,0.990134,0.599858,16005.166016
65,0.956225,0.592911,16321.285156
66,0.913926,0.584414,16554.150391
67,0.878286,0.575120,16787.132812
68,0.846393,0.564310,17020.062500
69,0.819097,0.556443,17253.037109
70,0.789242,0.547008,17502.548828
71,0.769967,0.543475,17785.357422
72,0.736504,0.540397,18001.599609
73,0.708161,0.543410,18284.507812
74,0.671219,0.554279,18500.777344
75,0.648434,0.563194,18750.322266
76,0.616171,0.584374,19016.482422
77,0.600615,0.592049,19332.615234
78,0.601072,0.592508,19582.189453
79,0.604059,0.571610,19815.099609
80,0.598904,0.562187,20031.410156
81,0.594244,0.560161,20264.275391
82,0.594375,0.555149,20547.197266
83,0.602563,0.551642,20763.388672
84,0.612218,0.546470,21029.667969
85,0.625066,0.543511,21262.556641
86,0.649911,0.538824,21528.753906
87,0.685800,0.538018,21761.683594
88,0.716359,0.539951,22011.240234
89,0.735592,0.539706,22327.341797
90,0.756063,0.539957,22560.251953
91,0.774372,0.543521,22793.246094
92,0.792558,0.548118,23026.095703
93,0.815120,0.603314,23259.119141
94,0.810702,0.670283,23541.837891
95,0.793320,0.711918,23774.804688
96,0.748287,0.772616,24007.708984
97,0.716170,0.827149,24273.962891
98,0.744606,0.884480,24523.394531
99,0.786430,0.896368,24756.404297
0,0.750096,0.521237,0.108443
1,0.750076,0.521178,266.277283
2,0.750269,0.521068,515.839539
3,0.749877,0.520889,765.388794
4,0.742117,0.519869,1014.983643
5,0.731049,0.514962,1264.488281
6,0.717159,0.504284,1514.120605
7,0.694064,0.497312,1763.794434
8,0.673444,0.493691,2013.172363
9,0.652561,0.486674,2262.843994
10,0.629295,0.487680,2512.325439
11,0.604209,0.488259,2762.012451
12,0.586413,0.490106,3011.384766
13,0.566908,0.490466,3261.048340
14,0.548893,0.494875,3510.518066
15,0.532522,0.500041,3760.109863
16,0.518460,0.511634,4009.663574
17,0.510471,0.533197,4259.247559
18,0.505832,0.561633,4508.770996
19,0.496890,0.585112,4758.333496
20,0.481933,0.595773,5008.036621
21,0.466508,0.594267,5257.476562
22,0.446829,0.584925,5507.066406
23,0.423955,0.566592,5756.611816
24,0.402159,0.548644,6006.171387
25,0.382319,0.535114,6255.777832
26,0.364340,0.517214,6505.278320
27,0.348586,0.506268,6754.826172
28,0.330922,0.500629,7004.391113
29,0.319436,0.499230,7253.928223
30,0.307988,0.499892,7503.550293
31,0.292891,0.496257,7753.115234
32,0.278430,0.490461,8002.663574
33,0.265946,0.489348,8252.122070
34,0.254742,0.484548,8501.793945
35,0.246507,0.484585,8751.331055
36,0.237261,0.484561,9000.858398
37,0.224534,0.486474,9250.463867
38,0.204629,0.487748,9500.006836
39,0.183459,0.489305,9766.232422
40,0.157405,0.488686,10015.704102
41,0.129587,0.482202,10265.305664
42,0.099536,0.479396,10515.001953
43,0.070517,0.476846,10764.390625
44,0.046033,0.477462,11014.075195
45,0.027126,0.477117,11263.557617
46,0.011918,0.477355,11513.254883
47,0.997173,0.478253,11762.652344
48,0.984033,0.479004,12012.228516
49,0.972268,0.480760,12261.788086
50,0.959365,0.483635,12511.345703
51,0.946330,0.487414,12760.887695
52,0.936219,0.489139,13010.450195
53,0.930595,0.488127,13260.040039
54,0.932803,0.487906,13509.625000
55,0.938872,0.488247,13759.174805
56,0.949732,0.487641,14008.727539
57,0.962707,0.488723,14258.332031
58,0.975972,0.487063,14507.867188
59,0.994158,0.484137,14757.399414
60,0.011701,0.484336,15006.983398
61,0.026099,0.485196,15256.605469
62,0.040822,0.485067,15506.037109
63,0.055603,0.482404,15755.685547
64,0.075037,0.479797,16005.162109
65,0.099273,0.485385,16254.789062
66,0.122060,0.489995,16504.212891
67,0.138791,0.497375,16753.900391
68,0.149889,0.500068,17003.472656
69,0.160666,0.504898,17252.968750
70,0.178352,0.508401,17502.564453
71,0.195187,0.512165,17752.066406
72,0.214557,0.515099,18001.716797
73,0.242419,0.522671,18251.167969
74,0.272495,0.539069,18500.871094
75,0.300459,0.546603,18750.382812
76,0.319343,0.540972,19016.513672
77,0.333821,0.535569,19266.136719
78,0.348559,0.532891,19515.628906
79,0.371135,0.526449,19765.353516
80,0.387715,0.519964,20014.816406
81,0.406560,0.504712,20264.351562
82,0.419744,0.496850,20513.886719
83,0.429767,0.494541,20763.585938
84,0.438230,0.496555,21012.951172
85,0.441886,0.492659,21262.607422
86,0.440146,0.486865,21512.119141
87,0.447364,0.490386,21794.982422
88,0.468960,0.491492,22027.955078
89,0.490360,0.477250,22260.865234
90,0.507800,0.456146,22543.654297
91,0.508616,0.459483,22776.535156
92,0.517435,0.475242,23009.552734
93,0.536344,0.477473,23275.650391
94,0.557933,0.472172,23508.625000
95,0.573248,0.475503,23758.167969
96,0.582854,0.479262,24007.742188
97,0.589744,0.480652,24323.949219
98,0.606039,0.480346,24556.714844
99,0.623535,0.481436,24773.148438
0,0.752685,0.620527,0.032808
1,0.751747,0.617775,266.136658
2,0.733152,0.606977,515.830383
3,0.698678,0.610628,765.414368
4,0.674393,0.620691,1014.926514
5,0.658654,0.616713,1264.515869
6,0.636756,0.608516,1514.010986
7,0.605575,0.616763,1780.243408
8,0.580514,0.621024,2029.780029
9,0.551262,0.617879,2279.428223
10,0.522772,0.615362,2528.949707
11,0.504036,0.612504,2761.899658
12,0.484880,0.610160,3011.370361
13,0.465370,0.604190,3277.636963
14,0.451608,0.603558,3527.128174
15,0.435066,0.603539,3793.326660
16,0.423967,0.604357,4026.371582
17,0.424368,0.606402,4259.201172
18,0.437157,0.609218,4508.865723
19,0.448818,0.611395,4758.343262
20,0.456105,0.612602,5024.634766
21,0.461423,0.613073,5257.448242
22,0.463737,0.614155,5507.135742
23,0.463272,0.614589,5756.626465
24,0.456785,0.614162,6006.198242
25,0.459058,0.614390,6255.736328
26,0.470851,0.613668,6588.437988
27,0.475133,0.614959,6838.089844
28,0.478144,0.615542,7070.957031
29,0.482498,0.616880,7320.589844
30,0.497887,0.617124,7570.198242
31,0.522967,0.619207,7803.105469
32,0.555919,0.618957,8052.695801
33,0.604128,0.613596,8302.211914
34,0.647529,0.601690,8535.075195
35,0.718105,0.585624,8768.058594
36,0.833391,0.560808,9017.511719
37,0.912943,0.550657,9267.156250
38,0.925305,0.566302,9500.063477
39,0.923715,0.575524,9799.507812
40,0.925090,0.581176,10032.506836
41,0.938503,0.580689,10282.015625
42,0.969843,0.582287,10531.621094
43,0.994901,0.592784,10764.496094
44,0.015875,0.596721,11014.010742
45,0.031997,0.599441,11296.998047
46,0.009950,0.591655,11513.267578
47,0.904494,0.559132,11796.046875
48,0.791155,0.543938,12029.013672
49,0.713438,0.562584,12261.923828
50,0.688356,0.577424,12511.505859
51,0.685863,0.603525,12777.737305
52,0.708781,0.661314,13010.586914
53,0.725215,0.705798,13260.247070
54,0.730270,0.743006,13509.707031
55,0.715687,0.792055,13759.327148
56,0.701326,0.843399,14008.865234
57,0.703171,0.872593,14258.520508
58,0.720873,0.863279,14507.943359
59,0.768982,0.848267,14757.581055
60,0.796051,0.841076,15007.125000
61,0.796606,0.835076,15256.698242
62,0.789897,0.831786,15506.191406
63,0.787556,0.834008,15855.672852
64,0.791210,0.834732,16005.455078
65,0.794187,0.836514,16338.179688
66,0.799326,0.841166,16571.091797
67,0.800467,0.839480,16820.681641
68,0.815314,0.792833,17053.572266
69,0.860853,0.734376,17286.421875
70,0.897646,0.662093,17536.089844
71,0.920318,0.587259,17768.898438
72,0.945319,0.547305,18001.906250
73,0.956145,0.542116,18251.421875
74,0.968522,0.573371,18501.042969
75,0.975905,0.593195,18750.671875
76,0.976289,0.590521,19033.427734
77,0.971757,0.584556,19283.021484
78,0.966875,0.576914,19515.873047
79,0.961606,0.578556,19765.537109
80,0.956053,0.578807,20031.607422
81,0.945734,0.578829,20281.277344
82,0.929299,0.583889,20530.792969
83,0.908413,0.590499,20763.781250
84,0.886356,0.591877,21029.890625
85,0.848031,0.592081,21262.859375
86,0.786624,0.599880,21512.529297
87,0.757661,0.601475,21761.962891
88,0.681769,0.597039,22011.593750
89,0.566924,0.564593,22261.083984
90,0.503129,0.551485,22510.763672
91,0.490687,0.542759,22843.498047
92,0.495573,0.537561,23076.328125
93,0.497976,0.536070,23309.378906
94,0.497889,0.538563,23558.851562
95,0.497275,0.542268,23791.878906
96,0.499980,0.548871,24041.343750
97,0.519347,0.557721,24274.332031
98,0.576947,0.587730,24523.873047
99,0.608986,0.615015,24756.859375
0,0.750024,0.576549,0.024946
1,0.750090,0.576538,266.274414
2,0.750307,0.576652,515.907288
3,0.747952,0.575210,765.346436
4,0.721156,0.560680,1014.962341
5,0.677432,0.544448,1264.455566
6,0.656042,0.552097,1514.115112
7,0.662483,0.560841,1763.548096
8,0.699262,0.548980,2013.216675
9,0.738087,0.540407,2262.705811
10,0.782854,0.548107,2512.364990
11,0.835108,0.536991,2761.864014
12,0.878319,0.530018,3011.438232
13,0.922513,0.533526,3260.974365
14,0.962066,0.538228,3510.526855
15,0.995310,0.541929,3760.254395
16,0.021489,0.546982,4009.633301
17,0.054707,0.545421,4259.363281
18,0.107652,0.524445,4508.755859
19,0.158211,0.513753,4758.451660
20,0.198021,0.518168,5007.924316
21,0.249393,0.524944,5257.519043
22,0.292198,0.555382,5507.041504
23,0.327790,0.578517,5756.618652
24,0.347539,0.596535,6006.135742
25,0.351354,0.606874,6255.725586
26,0.360262,0.616020,6505.457520
27,0.372616,0.616163,6754.950684
28,0.393751,0.612412,7004.458984
29,0.417152,0.591079,7254.000000
30,0.426876,0.569915,7503.679688
31,0.440911,0.577119,7753.138672
32,0.453883,0.600253,8002.694824
33,0.465671,0.623096,8252.261719
34,0.471500,0.627494,8501.798828
35,0.464186,0.642788,8751.352539
36,0.450797,0.649049,9000.974609
37,0.443159,0.649342,9250.427734
38,0.436242,0.640036,9500.123047
39,0.434155,0.634118,9766.283203
40,0.425620,0.609384,10032.417969
41,0.412912,0.588310,10282.081055
42,0.397487,0.582441,10514.898438
43,0.376135,0.577730,10781.173828
44,0.353429,0.580616,11030.672852
45,0.326822,0.580368,11280.291016
46,0.293365,0.577545,11529.875977
47,0.259603,0.580052,11779.385742
48,0.220894,0.584001,12029.014648
49,0.185445,0.580776,12278.503906
50,0.144771,0.568313,12528.163086
51,0.099841,0.555228,12777.636719
52,0.045299,0.549441,13010.654297
53,0.997643,0.542620,13260.181641
54,0.960412,0.536749,13509.774414
55,0.916840,0.543487,13759.267578
56,0.849107,0.540007,14008.831055
57,0.789958,0.537219,14258.434570
58,0.758798,0.534017,14507.948242
59,0.745088,0.538369,14757.497070
60,0.750875,0.536377,15023.729492
61,0.757941,0.535841,15273.350586
62,0.758161,0.543115,15522.843750
63,0.789167,0.542445,15755.856445
64,0.859814,0.526480,16021.922852
65,0.900654,0.527728,16254.923828
66,0.901586,0.537224,16504.423828
67,0.882298,0.534782,16754.033203
68,0.872267,0.526937,17003.541016
69,0.875567,0.524056,17253.171875
70,0.872319,0.520102,17502.679688
71,0.870265,0.516012,17752.316406
72,0.873399,0.513953,18001.781250
73,0.870467,0.517093,18251.404297
74,0.868414,0.515227,18501.015625
75,0.867284,0.520026,18833.785156
76,0.867800,0.533567,19066.658203
77,0.890749,0.553806,19316.111328
78,0.940675,0.560648,19565.750000
79,0.972996,0.564581,19798.744141
80,0.984639,0.567945,20048.220703
81,0.000887,0.570840,20281.093750
82,0.026271,0.563045,20530.765625
83,0.065582,0.545197,20763.769531
84,0.107725,0.530376,21013.203125
85,0.136004,0.532036,21262.865234
86,0.161440,0.578366,21512.345703
87,0.177439,0.603512,21795.193359
88,0.176868,0.586859,22028.101562
89,0.154558,0.558888,22277.718750
90,0.127519,0.564715,22510.589844
91,0.101158,0.578841,22760.171875
92,0.088404,0.555909,23009.726562
93,0.092515,0.560323,23259.289062
94,0.096845,0.571102,23508.837891
95,0.087132,0.575764,23775.087891
96,0.084932,0.560315,24024.701172
97,0.089083,0.552487,24257.593750
98,0.091125,0.538757,24540.390625
99,0.088054,0.519919,24756.683594
0,0.750870,0.465742,-0.000638
1,0.749940,0.469363,266.246155
2,0.742157,0.478164,515.806702
3,0.717359,0.503300,765.371277
4,0.684045,0.507063,1014.854187
5,0.654259,0.501826,1264.502197
6,0.617425,0.499718,1513.961060
7,0.582172,0.513199,1763.705444
8,0.564429,0.527359,2013.232056
9,0.544596,0.543795,2262.791260
10,0.522817,0.552814,2512.275635
11,0.505218,0.551008,2761.835205
12,0.482367,0.549279,3011.509521
13,0.456552,0.548352,3260.994141
14,0.435976,0.556382,3510.616455
15,0.426180,0.570802,3760.049316
16,0.430662,0.606817,4009.774902
17,0.441975,0.669062,4259.253418
18,0.457944,0.706584,4508.832031
19,0.527402,0.714449,4758.326172
20,0.641104,0.728215,5007.928711
21,0.712872,0.740728,5257.565430
22,0.762897,0.787317,5507.020508
23,0.780720,0.830749,5756.717285
24,0.786283,0.861510,6006.132812
25,0.793679,0.870822,6255.796387
26,0.796226,0.862684,6505.250488
27,0.788471,0.823829,6754.979492
28,0.784363,0.758028,7004.411621
29,0.780516,0.707192,7253.992188
30,0.786388,0.642962,7503.555664
31,0.816679,0.546929,7753.102539
32,0.836940,0.483284,8002.779785
33,0.851259,0.438426,8252.223633
34,0.858537,0.398610,8501.958008
35,0.839938,0.352995,8751.353516
36,0.854607,0.331689,9000.956055
37,0.942453,0.275748,9250.492188
38,0.961425,0.217188,9500.091797
39,0.982362,0.158205,9766.185547
40,0.024060,0.140690,10015.916992
41,0.070477,0.202241,10265.308594
42,0.101564,0.358201,10514.973633
43,0.121311,0.462869,10764.582031
44,0.140138,0.505123,11014.110352
45,0.166990,0.520280,11263.673828
46,0.179600,0.524862,11513.157227
47,0.195291,0.532894,11762.848633
48,0.202244,0.541107,12012.331055
49,0.220408,0.537925,12295.147461
50,0.243279,0.525253,12528.070312
51,0.257456,0.524980,12761.119141
52,0.262216,0.527102,13010.597656
53,0.257832,0.530174,13260.179688
54,0.235712,0.528144,13509.771484
55,0.203920,0.518088,13792.507812
56,0.177783,0.516212,14008.945312
57,0.145628,0.515598,14258.361328
58,0.119032,0.516751,14508.038086
59,0.077797,0.509966,14790.765625
60,0.051619,0.507869,15007.137695
61,0.021098,0.501729,15256.648438
62,0.986958,0.492593,15506.290039
63,0.949143,0.488714,15755.753906
64,0.916700,0.492029,16005.346680
65,0.880148,0.487546,16254.947266
66,0.811547,0.472098,16504.478516
67,0.739153,0.462659,16754.126953
68,0.703909,0.472980,17003.566406
69,0.673429,0.485047,17253.228516
70,0.637815,0.504594,17502.792969
71,0.601634,0.516905,17752.353516
72,0.573895,0.516840,18035.052734
73,0.524246,0.526340,18284.683594
74,0.510569,0.531307,18500.904297
75,0.507086,0.534073,18750.613281
76,0.506153,0.540242,19000.060547
77,0.508938,0.567010,19282.974609
78,0.504828,0.587087,19515.931641
79,0.483926,0.590407,19765.439453
80,0.469099,0.586691,20014.962891
81,0.463344,0.583652,20264.500000
82,0.461921,0.580868,20514.179688
83,0.469888,0.562287,20763.623047
84,0.481990,0.543645,21013.296875
85,0.493435,0.535444,21279.400391
86,0.501691,0.533200,21512.400391
87,0.507239,0.528603,21761.962891
88,0.514753,0.516560,22011.544922
89,0.532918,0.494022,22261.156250
90,0.553903,0.472281,22593.859375
91,0.562217,0.473227,22760.310547
92,0.569264,0.477021,23009.701172
93,0.579215,0.478020,23259.371094
94,0.612827,0.473992,23525.556641
95,0.667436,0.465796,23775.111328
96,0.695669,0.460270,24007.925781
97,0.725923,0.460092,24257.615234
98,0.746869,0.466345,24507.103516
99,0.757380,0.490186,24756.673828
0,0.749532,0.560626,-0.015216
1,0.747972,0.561668,266.231140
2,0.719689,0.568720,515.744873
3,0.655758,0.579890,765.359863
4,0.606525,0.607135,1014.977051
5,0.565315,0.623816,1264.528687
6,0.527256,0.619093,1514.066895
7,0.492288,0.605910,1763.578003
8,0.470334,0.598263,2013.219727
9,0.457324,0.602325,2262.673584
10,0.452080,0.619586,2512.349854
11,0.450042,0.659532,2761.854980
12,0.451358,0.709449,3011.507080
13,0.453238,0.739028,3260.914062
14,0.458651,0.742142,3510.599121
15,0.520272,0.793752,3760.192627
16,0.609810,0.828451,4009.661377
17,0.657889,0.847062,4259.294434
18,0.682403,0.861300,4508.815430
19,0.650331,0.841448,4758.503418
20,0.556800,0.740210,5007.872070
21,0.504480,0.635092,5257.548340
22,0.481386,0.581414,5507.049805
23,0.472105,0.554261,5756.643066
24,0.456457,0.552821,6006.104492
25,0.454072,0.553508,6255.727539
26,0.457917,0.548483,6505.284180
27,0.464237,0.554039,6754.836914
28,0.507741,0.570216,7004.506348
29,0.541106,0.595085,7253.956543
30,0.552129,0.585503,7503.624023
31,0.528717,0.593938,7753.100098
32,0.491911,0.609426,8002.760742
33,0.464917,0.621444,8252.289062
34,0.432944,0.625653,8501.816406
35,0.390480,0.622353,8751.395508
36,0.357747,0.614567,9001.004883
37,0.342685,0.602892,9250.493164
38,0.321670,0.606003,9500.051758
39,0.303274,0.620437,9766.327148
40,0.280026,0.626803,10015.835938
41,0.240949,0.612111,10265.521484
42,0.207919,0.597386,10514.907227
43,0.180638,0.587580,10764.581055
44,0.165633,0.591830,11014.013672
45,0.159196,0.596048,11263.672852
46,0.160462,0.600148,11513.132812
47,0.172494,0.595834,11762.762695
48,0.194034,0.591514,12012.375977
49,0.222531,0.582656,12261.882812
50,0.240529,0.572206,12511.527344
51,0.244328,0.569579,12760.989258
52,0.241458,0.580752,13010.623047
53,0.241449,0.584769,13260.116211
54,0.234915,0.585888,13509.734375
55,0.235077,0.585371,13759.222656
56,0.282744,0.591895,14025.565430
57,0.354506,0.591019,14258.403320
58,0.437815,0.581070,14508.032227
59,0.511372,0.566199,14757.485352
60,0.548781,0.553051,15007.067383
61,0.561135,0.540993,15256.704102
62,0.580277,0.538430,15506.207031
63,0.608070,0.539880,15755.845703
64,0.628686,0.542039,16005.400391
65,0.662095,0.545866,16255.041992
66,0.709844,0.552216,16504.523438
67,0.741865,0.553383,16754.093750
68,0.758064,0.549729,17003.589844
69,0.768699,0.545426,17253.160156
70,0.769095,0.543556,17502.667969
71,0.759058,0.540150,17752.275391
72,0.782836,0.545087,18001.878906
73,0.811542,0.542398,18251.433594
74,0.841656,0.548949,18501.041016
75,0.866333,0.547124,18750.587891
76,0.893654,0.553515,19000.189453
77,0.916844,0.562634,19266.318359
78,0.926572,0.563652,19515.863281
79,0.933261,0.559191,19765.429688
80,0.940793,0.550077,20015.011719
81,0.943285,0.545079,20264.515625
82,0.942858,0.562168,20514.103516
83,0.947911,0.571249,20763.646484
84,0.962734,0.570638,21013.257812
85,0.981019,0.566732,21262.884766
86,0.008020,0.550257,21512.400391
87,0.026903,0.539385,21761.986328
88,0.035883,0.536873,22011.474609
89,0.049126,0.536081,22261.107422
90,0.067361,0.537446,22510.623047
91,0.080649,0.545504,22760.222656
92,0.087606,0.562414,23009.716797
93,0.099068,0.560759,23259.341797
94,0.106641,0.560735,23508.908203
95,0.112699,0.565634,23758.404297
96,0.112808,0.572520,24008.083984
97,0.096813,0.572705,24257.539062
98,0.055490,0.571360,24507.187500
99,0.001275,0.571909,24756.708984
0,0.752721,0.521761,0.017712
1,0.756045,0.522357,266.190002
2,0.748900,0.526314,515.785828
3,0.693800,0.534114,765.413757
4,0.641814,0.541801,1014.895325
5,0.647981,0.544890,1264.574585
6,0.678716,0.536677,1513.978516
7,0.715024,0.562337,1763.692993
8,0.740825,0.685141,2013.084473
9,0.762926,0.736391,2262.713379
10,0.777327,0.805987,2512.280029
11,0.780308,0.878773,2761.912354
12,0.795527,0.926983,3011.359131
13,0.812062,0.964180,3260.942139
14,0.909841,0.987657,3510.522705
15,0.939192,0.975195,3760.102539
16,0.825704,0.916423,4009.702393
17,0.895042,0.747740,4259.179199
18,0.953919,0.651441,4508.816406
19,0.973441,0.623358,4758.344238
20,0.022521,0.573087,5007.962891
21,0.046416,0.548282,5257.509766
22,0.036951,0.546615,5507.101562
23,0.989267,0.530393,5756.562012
24,0.917943,0.510352,6006.151855
25,0.860000,0.495222,6255.665039
26,0.843774,0.495441,6555.125488
27,0.845197,0.510727,6788.126953
28,0.791416,0.492292,7037.710938
29,0.608649,0.483020,7287.243652
30,0.530218,0.494339,7536.792969
31,0.489693,0.534393,7786.378906
32,0.459864,0.620072,8052.513672
33,0.438467,0.648576,8285.530273
34,0.428743,0.643783,8535.142578
35,0.421494,0.629026,8784.632812
36,0.427582,0.603135,9034.211914
37,0.439451,0.568878,9283.719727
38,0.430670,0.561918,9533.347656
39,0.414783,0.581881,9782.866211
40,0.399824,0.652420,10032.477539
41,0.390657,0.678362,10282.000000
42,0.383067,0.714785,10531.583984
43,0.380859,0.776650,10781.095703
44,0.388624,0.794025,11030.690430
45,0.455802,0.837122,11280.205078
46,0.504566,0.835942,11546.417969
47,0.479871,0.818484,11779.412109
48,0.373547,0.679650,12028.948242
49,0.315200,0.589508,12261.961914
50,0.283264,0.549177,12511.400391
51,0.257122,0.545469,12761.056641
52,0.245265,0.554197,13010.534180
53,0.230083,0.558796,13260.136719
54,0.206122,0.558550,13542.925781
55,0.179334,0.553666,13792.495117
56,0.163845,0.552236,14025.387695
57,0.174212,0.544719,14275.058594
58,0.253931,0.525085,14524.500000
59,0.309530,0.518241,14757.489258
60,0.350431,0.553019,15007.019531
61,0.365629,0.597856,15289.871094
62,0.373015,0.598118,15539.388672
63,0.385630,0.607571,15789.026367
64,0.394187,0.601846,16022.016602
65,0.407617,0.591135,16271.458984
66,0.417363,0.582611,16504.349609
67,0.424554,0.575533,16753.988281
68,0.434136,0.570423,17020.255859
69,0.444078,0.581175,17253.095703
70,0.460136,0.599138,17502.677734
71,0.449973,0.639765,17752.244141
72,0.434249,0.687640,18001.832031
73,0.428593,0.711317,18251.337891
74,0.426020,0.707196,18500.960938
75,0.420115,0.703525,18750.552734
76,0.423917,0.711247,19000.037109
77,0.421998,0.709052,19266.314453
78,0.446162,0.668056,19515.826172
79,0.533180,0.581240,19765.455078
80,0.576572,0.532486,20014.896484
81,0.573383,0.518631,20264.564453
82,0.565683,0.510084,20514.070312
83,0.552376,0.505152,20763.644531
84,0.543692,0.499555,21013.312500
85,0.542902,0.504502,21346.033203
86,0.540948,0.503530,21595.498047
87,0.541693,0.508977,21828.498047
88,0.539852,0.511383,22078.000000
89,0.538875,0.513140,22327.630859
90,0.533855,0.512709,22577.140625
91,0.533552,0.512514,22826.720703
92,0.530973,0.508648,23076.259766
93,0.527519,0.508499,23325.828125
94,0.527227,0.510296,23575.339844
95,0.482441,0.515721,23808.359375
96,0.418159,0.528141,24057.814453
97,0.417608,0.535020,24307.482422
98,0.417083,0.538145,24556.931641
99,0.415767,0.539653,24823.251953
0,0.748988,0.506315,0.017364
1,0.746213,0.508239,266.266388
2,0.733381,0.516151,515.761353
3,0.703237,0.537468,765.346008
4,0.680790,0.558333,1015.018127
5,0.670677,0.564397,1264.452881
6,0.662884,0.568565,1514.125366
7,0.661799,0.576593,1763.656982
8,0.663819,0.587716,2013.197388
9,0.660832,0.597974,2262.785645
10,0.643498,0.625982,2512.300781
11,0.611776,0.668401,2761.827393
12,0.580311,0.686275,3011.412842
13,0.556328,0.674104,3277.754395
14,0.546605,0.645457,3527.187744
15,0.535653,0.613701,3760.209717
16,0.524067,0.595028,4009.694336
17,0.518422,0.590931,4259.265137
18,0.517563,0.595516,4508.821289
19,0.527579,0.578587,4758.385742
20,0.533787,0.567927,5007.871094
21,0.540188,0.557548,5257.522461
22,0.563940,0.537839,5507.008301
23,0.581682,0.526398,5789.902344
24,0.593992,0.521663,6039.478027
25,0.623920,0.505626,6272.429688
26,0.643310,0.494114,6505.257324
27,0.633910,0.502911,6754.893066
28,0.655641,0.499862,7004.494629
29,0.715495,0.481113,7254.005371
30,0.759302,0.479746,7503.608398
31,0.795447,0.475946,7753.130859
32,0.831219,0.482827,8002.689453
33,0.867275,0.491323,8302.223633
34,0.890395,0.504166,8535.063477
35,0.908502,0.524719,8784.627930
36,0.932671,0.547379,9017.561523
37,0.949713,0.562041,9283.800781
38,0.957846,0.567164,9516.669922
39,0.969146,0.565914,9766.314453
40,0.986059,0.569815,10015.787109
41,0.998942,0.577754,10265.482422
42,0.003750,0.583101,10514.949219
43,0.012721,0.578144,10781.186523
44,0.028001,0.572406,11030.679688
45,0.036849,0.571200,11280.312500
46,0.027744,0.573850,11529.752930
47,0.018826,0.575299,11779.437500
48,0.001797,0.562505,12029.035156
49,0.993326,0.555085,12261.868164
50,0.986996,0.548257,12528.149414
51,0.983797,0.535783,12777.609375
52,0.000839,0.534281,13027.286133
53,0.051777,0.538168,13260.115234
54,0.098024,0.538369,13509.730469
55,0.131194,0.536377,13775.835938
56,0.160634,0.539469,14008.838867
57,0.190870,0.553912,14258.370117
58,0.224506,0.564289,14507.955078
59,0.256707,0.570451,14757.512695
60,0.281550,0.567510,15023.733398
61,0.303452,0.548334,15256.581055
62,0.323716,0.534178,15506.234375
63,0.343231,0.530611,15755.806641
64,0.360118,0.531303,16021.928711
65,0.375314,0.540923,16254.925781
66,0.388267,0.552404,16504.476562
67,0.393094,0.576498,16754.042969
68,0.393901,0.596674,17003.568359
69,0.403972,0.585175,17253.162109
70,0.409475,0.577529,17502.664062
71,0.386248,0.570170,17752.312500
72,0.342928,0.552712,18001.794922
73,0.310502,0.532341,18251.427734
74,0.289884,0.522772,18501.025391
75,0.264416,0.519161,18750.546875
76,0.246174,0.516124,19016.802734
77,0.233072,0.516708,19266.253906
78,0.221324,0.520668,19515.914062
79,0.210987,0.527763,19765.406250
80,0.204122,0.530747,20014.990234
81,0.199492,0.526859,20264.494141
82,0.188432,0.525351,20514.093750
83,0.175716,0.522504,20763.593750
84,0.152812,0.519803,21013.210938
85,0.113455,0.516569,21279.398438
86,0.085514,0.512447,21512.347656
87,0.058708,0.515852,21762.001953
88,0.033693,0.524311,22011.441406
89,0.012489,0.529387,22261.103516
90,0.994797,0.527572,22510.570312
91,0.974208,0.524743,22760.205078
92,0.961352,0.525666,23009.710938
93,0.953528,0.526279,23259.318359
94,0.946638,0.525963,23508.851562
95,0.939813,0.523709,23758.447266
96,0.935370,0.520957,24007.910156
97,0.931168,0.518825,24257.542969
98,0.919674,0.523730,24507.197266
99,0.907515,0.530592,24756.654297
0,0.750001,0.476355,-0.068458
1,0.750977,0.472981,266.168915
2,0.749376,0.483127,515.728821
3,0.748128,0.489555,765.277283
4,0.748865,0.492340,1014.846558
5,0.744585,0.499270,1264.395264
6,0.714633,0.509806,1513.952515
7,0.683393,0.522036,1763.543823
8,0.652228,0.540467,2013.111328
9,0.634440,0.553318,2262.676758
10,0.621179,0.560061,2512.236816
11,0.600019,0.584143,2761.783203
12,0.578330,0.596153,3011.362549
13,0.558811,0.587644,3260.918457
14,0.540559,0.579356,3510.476318
15,0.527616,0.573951,3760.039062
16,0.517724,0.574245,4009.608887
17,0.508328,0.573705,4259.173340
18,0.502398,0.567665,4508.748047
19,0.501562,0.553326,4758.309570
20,0.517390,0.540358,5007.860352
21,0.558117,0.524626,5257.420410
22,0.599910,0.510026,5507.000977
23,0.624295,0.501520,5756.551758
24,0.650280,0.502956,6006.117676
25,0.681195,0.509924,6255.677734
26,0.705242,0.511439,6505.249512
27,0.726978,0.508688,6754.826660
28,0.735937,0.507333,7004.391113
29,0.747593,0.506676,7253.937012
30,0.760238,0.503822,7503.494141
31,0.772630,0.499695,7753.066406
32,0.785282,0.498227,8002.626465
33,0.799426,0.495452,8252.200195
34,0.816164,0.490878,8501.753906
35,0.830450,0.492818,8751.324219
36,0.844656,0.498564,9000.889648
37,0.857870,0.501869,9250.450195
38,0.874450,0.505571,9500.009766
39,0.894382,0.511691,9766.221680
40,0.909707,0.525721,10015.785156
41,0.918429,0.535289,10265.346680
42,0.922273,0.545627,10514.913086
43,0.917146,0.556477,10764.466797
44,0.911225,0.561970,11014.041016
45,0.896742,0.570391,11263.603516
46,0.878739,0.582940,11513.152344
47,0.856707,0.608860,11762.715820
48,0.839739,0.641232,12012.291992
49,0.834872,0.652049,12261.866211
50,0.826452,0.661862,12511.407227
51,0.812535,0.680304,12760.983398
52,0.780819,0.738949,13010.546875
53,0.762198,0.803195,13260.102539
54,0.753308,0.860209,13509.667969
55,0.743636,0.895941,13759.261719
56,0.737259,0.915207,14008.815430
57,0.740621,0.918784,14258.385742
58,0.748291,0.915934,14507.929688
59,0.761552,0.913044,14757.497070
60,0.763462,0.907105,15007.072266
61,0.755052,0.894011,15256.616211
62,0.756668,0.882974,15506.189453
63,0.758005,0.877652,15755.877930
64,0.754042,0.880051,16005.297852
65,0.729446,0.899145,16254.882812
66,0.729103,0.898475,16504.443359
67,0.732855,0.900669,16754.021484
68,0.737011,0.901936,17003.564453
69,0.738375,0.901758,17253.130859
70,0.739658,0.899679,17502.687500
71,0.742129,0.888033,17752.250000
72,0.742270,0.871282,18001.816406
73,0.741694,0.866998,18251.396484
74,0.742323,0.866183,18500.958984
75,0.745616,0.864800,18750.511719
76,0.757556,0.857705,19000.136719
77,0.772445,0.848002,19266.267578
78,0.795573,0.835100,19515.857422
79,0.822519,0.812638,19765.410156
80,0.852869,0.776059,20014.974609
81,0.896101,0.721841,20264.542969
82,0.918459,0.675896,20514.101562
83,0.937671,0.626715,20763.652344
84,0.962262,0.592721,21013.218750
85,0.992630,0.567654,21262.785156
86,0.031933,0.545545,21512.361328
87,0.079949,0.547002,21761.931641
88,0.107804,0.543230,22011.484375
89,0.130554,0.538738,22261.054688
90,0.154598,0.542752,22510.601562
91,0.172105,0.546110,22760.173828
92,0.187755,0.542544,23009.738281
93,0.201466,0.534167,23259.289062
94,0.214563,0.523999,23508.855469
95,0.207847,0.530112,23758.443359
96,0.190732,0.533864,24008.003906
97,0.153967,0.540590,24257.560547
98,0.119916,0.550356,24507.117188
99,0.096114,0.560878,24756.697266
0,0.750041,0.563493,0.088113
1,0.750320,0.563958,266.299683
2,0.750437,0.563988,515.880981
3,0.750564,0.564218,765.458191
4,0.750737,0.564967,1015.027771
5,0.750968,0.565842,1264.592041
6,0.751622,0.565428,1514.111450
7,0.752890,0.564959,1763.766968
8,0.760760,0.560998,2013.231812
9,0.779530,0.555620,2262.911865
10,0.804996,0.550488,2512.368164
11,0.840138,0.544124,2761.931152
12,0.858851,0.540454,3011.600098
13,0.870505,0.539172,3261.161133
14,0.881128,0.538285,3510.729980
15,0.892172,0.538701,3760.209717
16,0.906234,0.541997,4009.822998
17,0.922352,0.545757,4259.382324
18,0.943555,0.547530,4508.882324
19,0.970563,0.551124,4758.448242
20,0.998300,0.552777,5008.104980
21,0.019439,0.549627,5257.676270
22,0.034500,0.546875,5507.169922
23,0.043885,0.547810,5756.800781
24,0.056398,0.553601,6006.293457
25,0.068258,0.558396,6255.812012
26,0.071263,0.557368,6505.416016
27,0.066707,0.556561,6755.022461
28,0.065579,0.558523,7004.550293
29,0.063959,0.560242,7254.074219
30,0.059527,0.561397,7503.716309
31,0.053183,0.563756,7753.271973
32,0.042929,0.565050,8002.789062
33,0.029696,0.566739,8252.398438
34,0.015296,0.567740,8502.029297
35,0.001275,0.568577,8751.468750
36,0.984336,0.568222,9001.035156
37,0.964144,0.567823,9250.620117
38,0.942856,0.566530,9500.202148
39,0.920210,0.567577,9766.357422
40,0.901423,0.566654,10015.924805
41,0.884011,0.567125,10265.501953
42,0.870739,0.569470,10515.058594
43,0.861851,0.571293,10764.605469
44,0.851202,0.571251,11014.160156
45,0.841676,0.569162,11263.726562
46,0.832022,0.567594,11513.322266
47,0.819776,0.560516,11762.918945
48,0.796932,0.551627,12012.525391
49,0.763813,0.548478,12262.080078
50,0.731345,0.550048,12511.653320
51,0.692840,0.551819,12761.136719
52,0.662573,0.558577,13010.719727
53,0.648840,0.569646,13260.242188
54,0.636340,0.571049,13509.820312
55,0.612117,0.568664,13759.485352
56,0.587404,0.560962,14008.980469
57,0.572594,0.552688,14258.558594
58,0.570725,0.549060,14508.114258
59,0.542567,0.539639,14757.633789
60,0.476328,0.541706,15007.196289
61,0.456298,0.555603,15256.767578
62,0.449488,0.568349,15506.332031
63,0.449473,0.576813,15755.884766
64,0.452188,0.578080,16005.494141
65,0.453778,0.576916,16255.029297
66,0.454611,0.577538,16504.626953
67,0.455019,0.579350,16754.158203
68,0.455718,0.580394,17003.724609
69,0.456922,0.581187,17253.273438
70,0.459096,0.582197,17502.835938
71,0.464045,0.581449,17752.437500
72,0.470297,0.579863,18001.962891
73,0.470028,0.592054,18251.544922
74,0.470048,0.646307,18501.099609
75,0.477161,0.721468,18750.666016
76,0.498226,0.780172,19000.242188
77,0.516145,0.799892,19266.431641
78,0.517902,0.804993,19515.992188
79,0.517695,0.806098,19765.558594
80,0.515915,0.804484,20015.119141
81,0.523233,0.798310,20264.695312
82,0.542208,0.788745,20514.257812
83,0.588933,0.777619,20763.816406
84,0.658550,0.775238,21013.384766
85,0.690379,0.789107,21262.953125
86,0.692692,0.804264,21512.509766
87,0.695071,0.810645,21762.109375
88,0.692420,0.815493,22011.646484
89,0.685054,0.817758,22261.193359
90,0.685016,0.804545,22510.773438
91,0.686767,0.767006,22760.337891
92,0.682594,0.730844,23009.890625
93,0.674972,0.692391,23259.453125
94,0.658394,0.640196,23509.001953
95,0.619975,0.604912,23758.582031
96,0.554413,0.587029,24008.132812
97,0.497047,0.562474,24257.726562
98,0.481430,0.552648,24507.271484
99,0.470158,0.559024,24756.839844
0,0.747740,0.554329,-0.000487
1,0.743441,0.553962,266.264160
2,0.740809,0.552980,515.739868
3,0.742599,0.553696,765.389832
4,0.719047,0.566940,1014.903381
5,0.650483,0.596248,1264.414551
6,0.611406,0.604437,1514.009033
7,0.586128,0.594893,1763.532349
8,0.562398,0.593463,2013.156128
9,0.538148,0.593839,2262.715088
10,0.515145,0.592442,2512.347412
11,0.492233,0.586657,2761.872559
12,0.478941,0.578401,3011.393311
13,0.463370,0.587166,3261.011719
14,0.434977,0.596971,3510.520508
15,0.414080,0.602478,3760.047852
16,0.397151,0.604436,4009.614258
17,0.382317,0.600539,4259.234375
18,0.369710,0.596602,4508.804199
19,0.360795,0.593509,4758.324707
20,0.353528,0.594384,5007.897949
21,0.349722,0.597537,5257.454590
22,0.343030,0.599887,5507.014160
23,0.338171,0.603335,5756.625977
24,0.336269,0.604401,6006.154297
25,0.335961,0.605242,6255.776855
26,0.343626,0.602019,6505.281738
27,0.391693,0.602468,6754.842285
28,0.434024,0.589532,7004.402344
29,0.461039,0.577194,7253.968262
30,0.494310,0.557766,7503.540039
31,0.550146,0.538030,7753.138184
32,0.609149,0.541159,8002.678223
33,0.652186,0.537786,8252.240234
34,0.689604,0.536453,8501.817383
35,0.717887,0.529366,8751.428711
36,0.747526,0.540789,9000.903320
37,0.786523,0.547090,9250.497070
38,0.832095,0.564816,9500.110352
39,0.875082,0.573541,9766.364258
40,0.912553,0.578726,10015.825195
41,0.936209,0.581099,10265.363281
42,0.960927,0.588975,10514.948242
43,0.984353,0.594395,10764.539062
44,0.004649,0.596827,11014.052734
45,0.022365,0.599760,11263.646484
46,0.036985,0.603225,11513.226562
47,0.056717,0.607580,11762.775391
48,0.086697,0.609332,12012.324219
49,0.104896,0.614866,12261.941406
50,0.121964,0.627628,12511.513672
51,0.140341,0.637992,12761.021484
52,0.137054,0.637085,13010.592773
53,0.126739,0.632328,13260.123047
54,0.099766,0.630537,13509.704102
55,0.072205,0.630089,13759.246094
56,0.045342,0.623458,14008.807617
57,0.032957,0.617387,14258.395508
58,0.018997,0.613657,14508.015625
59,0.011190,0.616005,14757.536133
60,0.019533,0.621586,15007.058594
61,0.038443,0.625765,15256.630859
62,0.055214,0.621719,15506.186523
63,0.068409,0.622017,15755.837891
64,0.067112,0.618304,16005.318359
65,0.058068,0.616236,16254.898438
66,0.047346,0.618806,16504.451172
67,0.022787,0.613600,16754.066406
68,0.985004,0.598832,17003.623047
69,0.937168,0.574912,17253.166016
70,0.899405,0.578964,17502.730469
71,0.876960,0.582303,17752.263672
72,0.854819,0.580397,18001.839844
73,0.833302,0.581266,18251.386719
74,0.817033,0.576000,18501.001953
75,0.812353,0.572014,18750.537109
76,0.819348,0.574981,19000.121094
77,0.835317,0.565856,19266.304688
78,0.843471,0.552243,19515.867188
79,0.828653,0.545681,19765.433594
80,0.825435,0.533649,20015.054688
81,0.843993,0.540483,20264.548828
82,0.842704,0.543512,20514.166016
83,0.815890,0.537498,20763.718750
84,0.746587,0.529385,21013.277344
85,0.694767,0.540582,21262.841797
86,0.643866,0.549094,21512.404297
87,0.613776,0.552991,21761.990234
88,0.597946,0.548656,22011.490234
89,0.595537,0.551842,22261.113281
90,0.588510,0.561146,22510.607422
91,0.577610,0.571962,22760.173828
92,0.566623,0.565325,23009.785156
93,0.547928,0.569162,23259.304688
94,0.526361,0.576566,23508.941406
95,0.508016,0.569861,23758.447266
96,0.492135,0.569239,24008.082031
97,0.493628,0.566417,24257.574219
98,0.510656,0.560581,24507.175781
99,0.522531,0.561035,24756.785156
0,0.750082,0.458010,-0.003705
1,0.749943,0.459609,266.275299
2,0.741837,0.466103,515.779785
3,0.700332,0.482202,765.354919
4,0.666925,0.500787,1014.881958
5,0.640609,0.524647,1264.486694
6,0.595574,0.545480,1514.020264
7,0.565698,0.544748,1763.676880
8,0.530843,0.535199,2013.159912
9,0.495607,0.541039,2262.774414
10,0.463393,0.557854,2512.310791
11,0.452824,0.585983,2761.888672
12,0.469244,0.617162,3011.435547
13,0.485914,0.636750,3260.963623
14,0.503200,0.650456,3510.606934
15,0.523516,0.643678,3760.077148
16,0.594421,0.603408,4009.714600
17,0.712876,0.552985,4259.251465
18,0.781695,0.531763,4508.833496
19,0.768203,0.515723,4758.372559
20,0.762224,0.494201,5007.931152
21,0.803183,0.457646,5257.560059
22,0.846500,0.437789,5507.046387
23,0.879651,0.447013,5756.685547
24,0.885377,0.447845,6006.169922
25,0.887259,0.447787,6255.734863
26,0.887172,0.446326,6505.297363
27,0.884957,0.447620,6754.856445
28,0.883011,0.449631,7004.472168
29,0.876990,0.451035,7254.084473
30,0.873259,0.452889,7503.574219
31,0.874426,0.454173,7753.109375
32,0.875476,0.454207,8002.698730
33,0.877430,0.452978,8252.249023
34,0.879664,0.455810,8501.801758
35,0.900686,0.468200,8751.391602
36,0.932041,0.484522,9000.990234
37,0.966961,0.496752,9250.574219
38,0.995281,0.505834,9500.097656
39,0.010818,0.511877,9766.302734
40,0.016151,0.514965,10015.841797
41,0.012776,0.513077,10265.390625
42,0.009757,0.503298,10514.951172
43,0.008347,0.499114,10764.588867
44,0.024988,0.495994,11014.182617
45,0.058403,0.499908,11263.704102
46,0.097097,0.508934,11513.271484
47,0.137277,0.524863,11762.835938
48,0.166117,0.536633,12012.341797
49,0.173091,0.541544,12261.939453
50,0.178671,0.543802,12511.550781
51,0.189945,0.551092,12761.117188
52,0.209473,0.562400,13010.668945
53,0.223881,0.557778,13260.171875
54,0.232928,0.543807,13509.785156
55,0.230768,0.531448,13759.325195
56,0.198681,0.533204,14008.863281
57,0.150470,0.527105,14258.444336
58,0.118788,0.526894,14508.033203
59,0.067076,0.540773,14757.585938
60,0.975643,0.551906,15007.123047
61,0.873111,0.526076,15256.750000
62,0.805297,0.504928,15506.266602
63,0.766812,0.493679,15755.875977
64,0.756527,0.491930,16005.394531
65,0.766592,0.494305,16254.986328
66,0.746358,0.500318,16504.550781
67,0.661836,0.494935,16754.048828
68,0.596821,0.500607,17003.626953
69,0.562027,0.500631,17253.185547
70,0.560502,0.499978,17502.736328
71,0.562440,0.500816,17752.353516
72,0.559382,0.505554,18001.898438
73,0.564673,0.520430,18251.476562
74,0.575952,0.545548,18500.996094
75,0.592916,0.551419,18750.574219
76,0.616345,0.555531,19000.220703
77,0.671651,0.532681,19266.341797
78,0.720446,0.508177,19515.890625
79,0.756794,0.487700,19765.511719
80,0.815492,0.484328,20015.085938
81,0.866614,0.488782,20264.693359
82,0.904964,0.486232,20514.175781
83,0.950873,0.482370,20763.750000
84,0.013615,0.482966,21013.324219
85,0.096156,0.484292,21262.900391
86,0.192459,0.500040,21512.445312
87,0.224596,0.513652,21761.960938
88,0.223070,0.518697,22011.582031
89,0.208255,0.523558,22261.080078
90,0.179691,0.525399,22510.691406
91,0.152108,0.531398,22760.263672
92,0.137892,0.539706,23009.878906
93,0.138840,0.547836,23259.386719
94,0.144111,0.543452,23508.919922
95,0.183018,0.539476,23758.501953
96,0.235990,0.547242,24008.035156
97,0.292354,0.552772,24257.595703
98,0.335598,0.557351,24507.230469
99,0.364856,0.562373,24756.722656
0,0.750276,0.496838,0.023326
1,0.749254,0.501961,266.265991
2,0.733816,0.507443,515.784790
3,0.684010,0.510843,765.378418
4,0.619315,0.523925,1014.991394
5,0.589476,0.538489,1264.565918
6,0.579551,0.543959,1514.056030
7,0.559313,0.547176,1763.702148
8,0.521352,0.560832,2013.207275
9,0.502499,0.563300,2262.730469
10,0.491486,0.566173,2512.352295
11,0.482526,0.584131,2761.941650
12,0.469285,0.615958,3011.519287
13,0.469488,0.630392,3261.004883
14,0.473512,0.642468,3510.672852
15,0.467089,0.679388,3760.171143
16,0.464532,0.700820,4009.678223
17,0.464098,0.723683,4259.368652
18,0.458138,0.768370,4508.876465
19,0.465842,0.777018,4758.491211
20,0.474759,0.786342,5007.974609
21,0.512867,0.773724,5257.605957
22,0.597018,0.748537,5507.063477
23,0.703706,0.741147,5756.664551
24,0.771639,0.763167,6006.244141
25,0.795133,0.793817,6255.810059
26,0.826864,0.803681,6505.370605
27,0.853400,0.810770,6754.886230
28,0.893408,0.773376,7004.544434
29,0.910977,0.666013,7254.058105
30,0.927420,0.596163,7503.630859
31,0.914306,0.574789,7753.182129
32,0.870796,0.551425,8002.793457
33,0.834240,0.535721,8252.320312
34,0.858299,0.544397,8501.846680
35,0.968355,0.551115,8751.461914
36,0.011380,0.553494,9000.955078
37,0.050838,0.566100,9250.565430
38,0.115595,0.575679,9500.092773
39,0.155702,0.582651,9766.336914
40,0.183866,0.587020,10015.923828
41,0.208468,0.591572,10265.492188
42,0.213825,0.589680,10515.027344
43,0.213838,0.578510,10764.659180
44,0.218781,0.577496,11014.123047
45,0.261871,0.572448,11263.736328
46,0.296719,0.568492,11513.246094
47,0.319012,0.573171,11762.839844
48,0.358013,0.599783,12012.408203
49,0.384468,0.618501,12261.976562
50,0.395412,0.617572,12511.534180
51,0.391095,0.610254,12761.166016
52,0.382717,0.608552,13010.739258
53,0.356575,0.608499,13260.255859
54,0.347578,0.603059,13509.861328
55,0.346016,0.599744,13759.346680
56,0.344592,0.602180,14008.877930
57,0.344833,0.608413,14258.491211
58,0.342528,0.611475,14508.078125
59,0.338703,0.611004,14757.688477
60,0.329587,0.612127,15007.166992
61,0.321387,0.613565,15256.745117
62,0.316661,0.615182,15506.293945
63,0.313117,0.617397,15755.854492
64,0.310810,0.618845,16005.400391
65,0.310068,0.619000,16254.954102
66,0.310137,0.619147,16504.511719
67,0.310310,0.620145,16754.089844
68,0.312630,0.622314,17003.759766
69,0.318888,0.629293,17253.261719
70,0.335148,0.658123,17502.781250
71,0.357231,0.674294,17752.396484
72,0.385418,0.656682,18001.978516
73,0.441987,0.601661,18251.460938
74,0.455585,0.573676,18501.050781
75,0.456300,0.562751,18750.621094
76,0.443272,0.565354,19000.210938
77,0.406606,0.571838,19266.416016
78,0.359827,0.574317,19515.921875
79,0.333933,0.571601,19765.517578
80,0.324960,0.568399,20015.111328
81,0.315043,0.566549,20264.636719
82,0.294373,0.574227,20514.195312
83,0.263326,0.579907,20763.746094
84,0.241186,0.583259,21013.349609
85,0.220754,0.580730,21262.859375
86,0.184984,0.573331,21512.462891
87,0.144596,0.565361,21761.996094
88,0.081598,0.560598,22011.599609
89,0.032451,0.560429,22261.130859
90,0.002052,0.564478,22510.691406
91,0.990341,0.563642,22760.289062
92,0.981178,0.563684,23009.810547
93,0.983009,0.564533,23259.433594
94,0.983726,0.567470,23509.013672
95,0.989824,0.564728,23758.533203
96,0.995318,0.562149,24008.107422
97,0.998019,0.562828,24257.720703
98,0.001135,0.563771,24507.281250
99,0.004135,0.563261,24756.767578
0,0.728440,0.584659,0.009915
1,0.711262,0.588998,266.309753
2,0.683069,0.590470,515.777588
3,0.680438,0.596255,765.408997
4,0.671177,0.592204,1014.924622
5,0.671161,0.590279,1264.529663
6,0.651994,0.594463,1514.046143
7,0.626051,0.603325,1763.715454
8,0.605265,0.612168,2013.191772
9,0.583273,0.618846,2262.756836
10,0.555268,0.623298,2512.282715
11,0.528007,0.620443,2761.860107
12,0.504329,0.615142,3011.463623
13,0.495280,0.608110,3261.032227
14,0.495521,0.598730,3510.640625
15,0.504997,0.589587,3760.136719
16,0.506737,0.589818,4009.694336
17,0.500579,0.593381,4259.245605
18,0.491910,0.597159,4508.863281
19,0.466618,0.609076,4758.364258
20,0.450727,0.619632,5007.949219
21,0.445032,0.629725,5257.538574
22,0.451503,0.654509,5507.150391
23,0.478607,0.718263,5756.644531
24,0.543496,0.774845,6006.279785
25,0.600025,0.803838,6255.827148
26,0.646056,0.807887,6505.307617
27,0.721951,0.793399,6754.933105
28,0.778772,0.801523,7004.487305
29,0.833364,0.816271,7254.144043
30,0.894086,0.830776,7503.573730
31,0.973668,0.841783,7753.195801
32,0.012659,0.850106,8002.727051
33,0.046420,0.858041,8252.320312
34,0.073458,0.857845,8501.872070
35,0.087372,0.841312,8751.414062
36,0.105034,0.808336,9000.988281
37,0.134703,0.727399,9250.528320
38,0.153459,0.644293,9500.128906
39,0.159977,0.616446,9766.390625
40,0.166622,0.612869,10015.846680
41,0.170119,0.611023,10265.493164
42,0.164809,0.611152,10515.106445
43,0.138574,0.618634,10764.537109
44,0.091629,0.634331,11014.184570
45,0.038679,0.637429,11263.660156
46,0.005327,0.638323,11513.336914
47,0.992116,0.635946,11762.870117
48,0.981100,0.636159,12012.458984
49,0.958410,0.631166,12261.958984
50,0.921037,0.636806,12511.541992
51,0.898268,0.641514,12761.091797
52,0.888134,0.646616,13010.653320
53,0.892839,0.650971,13260.238281
54,0.910207,0.643076,13509.772461
55,0.924503,0.619453,13759.355469
56,0.927278,0.596541,14008.859375
57,0.924122,0.586390,14258.462891
58,0.941643,0.578027,14508.044922
59,0.972489,0.569415,14757.581055
60,0.999565,0.564183,15007.172852
61,0.031492,0.569553,15256.690430
62,0.033305,0.573644,15506.312500
63,0.021699,0.575442,15755.808594
64,0.971407,0.574559,16005.447266
65,0.897386,0.562850,16254.984375
66,0.845990,0.560411,16504.511719
67,0.826730,0.562344,16754.105469
68,0.832162,0.559812,17003.695312
69,0.837463,0.558096,17253.261719
70,0.842968,0.557065,17502.785156
71,0.847277,0.558951,17752.382812
72,0.852387,0.561116,18001.882812
73,0.854226,0.563447,18251.458984
74,0.854961,0.565727,18501.041016
75,0.855077,0.567682,18750.591797
76,0.855317,0.568449,19000.251953
77,0.854366,0.567051,19266.474609
78,0.840352,0.557580,19515.914062
79,0.812094,0.552050,19765.501953
80,0.804308,0.558594,20015.031250
81,0.790669,0.558184,20264.611328
82,0.761384,0.543212,20514.244141
83,0.756055,0.543407,20763.732422
84,0.759017,0.559762,21013.378906
85,0.770650,0.618845,21262.853516
86,0.786756,0.672373,21512.531250
87,0.807185,0.690737,21762.007812
88,0.836191,0.684530,22011.566406
89,0.885813,0.664933,22261.177734
90,0.010098,0.619165,22510.738281
91,0.118853,0.599299,22760.257812
92,0.169418,0.601497,23009.812500
93,0.197820,0.603866,23259.400391
94,0.211843,0.604445,23508.960938
95,0.238233,0.606461,23758.509766
96,0.261352,0.607727,24008.134766
97,0.283044,0.609061,24257.687500
98,0.306164,0.616782,24507.230469
99,0.334570,0.626982,24756.783203
0,0.749882,0.558054,-0.016230
1,0.745936,0.561725,266.150482
2,0.735162,0.606257,515.737366
3,0.747496,0.681830,765.320984
4,0.764533,0.707546,1014.870361
5,0.780243,0.709044,1264.450806
6,0.794394,0.724666,1514.022095
7,0.813779,0.798135,1763.574341
8,0.834746,0.796697,2013.111694
9,0.875713,0.707293,2262.677734
10,0.922968,0.608893,2512.290771
11,0.953991,0.570615,2761.778076
12,0.984674,0.562261,3011.399414
13,0.997722,0.566009,3260.937012
14,0.999235,0.571260,3510.512939
15,0.988088,0.567054,3760.047852
16,0.961379,0.568723,4009.689453
17,0.908727,0.571122,4259.206055
18,0.818230,0.568401,4508.732422
19,0.723538,0.560918,4758.333496
20,0.650977,0.557337,5007.914062
21,0.596877,0.561490,5257.462402
22,0.529951,0.567475,5506.999023
23,0.478323,0.573349,5756.614258
24,0.445708,0.582417,6006.218262
25,0.429827,0.598671,6255.677246
26,0.421615,0.632239,6505.242676
27,0.413384,0.643685,6754.825195
28,0.422591,0.615534,7004.409668
29,0.397348,0.585552,7253.953125
30,0.354574,0.583071,7503.604492
31,0.293068,0.590903,7753.177734
32,0.234862,0.587327,8002.714355
33,0.197692,0.586635,8252.205078
34,0.173549,0.585670,8501.798828
35,0.152799,0.585249,8751.401367
36,0.130016,0.583928,9000.886719
37,0.105681,0.581827,9250.533203
38,0.075996,0.578754,9500.030273
39,0.042210,0.569301,9766.311523
40,0.013118,0.564710,10015.825195
41,0.996490,0.563336,10265.338867
42,0.014223,0.555606,10514.993164
43,0.120981,0.529100,10764.491211
44,0.194833,0.496429,11014.024414
45,0.211024,0.492009,11263.675781
46,0.235178,0.510415,11513.165039
47,0.265591,0.546626,11762.855469
48,0.295997,0.564088,12012.285156
49,0.330768,0.572848,12261.885742
50,0.362538,0.574859,12511.446289
51,0.392272,0.572414,12760.972656
52,0.417690,0.566893,13010.634766
53,0.444620,0.561791,13260.136719
54,0.465888,0.561728,13509.721680
55,0.477431,0.562995,13759.236328
56,0.479265,0.565523,14008.910156
57,0.450072,0.576078,14258.379883
58,0.416287,0.586426,14507.968750
59,0.377679,0.617637,14757.530273
60,0.340593,0.656733,15007.162109
61,0.300944,0.713345,15256.664062
62,0.264290,0.768728,15506.187500
63,0.212835,0.825685,15755.861328
64,0.174633,0.814470,16005.322266
65,0.131662,0.755494,16254.891602
66,0.091997,0.693825,16504.433594
67,0.057877,0.649250,16754.119141
68,0.042527,0.619504,17003.605469
69,0.027982,0.608664,17253.179688
70,0.009988,0.606366,17502.728516
71,0.011024,0.599364,17752.318359
72,0.012182,0.601170,18001.888672
73,0.016910,0.608288,18251.404297
74,0.037604,0.612707,18501.050781
75,0.084415,0.601392,18750.511719
76,0.116189,0.582919,19000.074219
77,0.141025,0.568784,19266.279297
78,0.131199,0.564278,19515.898438
79,0.071174,0.571319,19765.423828
80,0.997331,0.568125,20015.000000
81,0.956115,0.566630,20264.591797
82,0.942374,0.576305,20514.177734
83,0.922629,0.586068,20763.664062
84,0.896348,0.580090,21013.230469
85,0.873521,0.574161,21262.853516
86,0.861329,0.569781,21512.462891
87,0.855692,0.574220,21761.933594
88,0.860029,0.578722,22011.503906
89,0.866888,0.581422,22261.173828
90,0.865859,0.587856,22510.613281
91,0.869475,0.596357,22760.183594
92,0.877676,0.609777,23009.785156
93,0.888263,0.608732,23259.392578
94,0.893129,0.606063,23508.962891
95,0.918653,0.597495,23758.437500
96,0.986073,0.581297,24008.062500
97,0.028719,0.578853,24257.558594
98,0.076997,0.578510,24507.158203
99,0.122380,0.577770,24756.763672
0,0.769125,0.532453,0.057229
1,0.786334,0.551561,266.294617
2,0.785971,0.557710,515.833069
3,0.783327,0.562865,765.344299
4,0.784529,0.589698,1014.946106
5,0.780952,0.634628,1264.537354
6,0.774960,0.643798,1514.086182
7,0.763169,0.611299,1763.595337
8,0.747079,0.590202,2013.207153
9,0.730528,0.586874,2262.786865
10,0.715476,0.582776,2512.309814
11,0.703903,0.577218,2761.939941
12,0.670528,0.565973,3011.420898
13,0.641646,0.568913,3261.073975
14,0.628206,0.575216,3510.542236
15,0.620092,0.571204,3760.178955
16,0.610407,0.558338,4009.740479
17,0.603628,0.550127,4259.259277
18,0.608296,0.540911,4508.866699
19,0.643323,0.561077,4758.426758
20,0.660026,0.581401,5007.965332
21,0.681467,0.588095,5257.500000
22,0.709568,0.586508,5507.164062
23,0.740594,0.577169,5756.638672
24,0.767838,0.550869,6006.203125
25,0.798257,0.542676,6255.787598
26,0.817213,0.545612,6505.433594
27,0.834835,0.548484,6754.917969
28,0.854621,0.561869,7004.462891
29,0.867939,0.585515,7254.096191
30,0.881368,0.594067,7503.576172
31,0.890248,0.608272,7753.164062
32,0.897898,0.610623,8002.745605
33,0.905211,0.599641,8252.311523
34,0.905810,0.587120,8501.837891
35,0.910067,0.579822,8751.416992
36,0.913248,0.576416,9000.963867
37,0.913405,0.577716,9250.535156
38,0.917728,0.575484,9500.104492
39,0.916735,0.575068,9766.303711
40,0.913175,0.576462,10015.852539
41,0.908727,0.579740,10265.444336
42,0.908212,0.578271,10514.973633
43,0.911840,0.575999,10764.545898
44,0.918497,0.575788,11014.122070
45,0.937172,0.570216,11263.703125
46,0.962037,0.559236,11513.283203
47,0.990967,0.554140,11762.820312
48,0.013494,0.556243,12012.388672
49,0.030723,0.559539,12261.940430
50,0.046746,0.561454,12511.515625
51,0.060520,0.561166,12761.061523
52,0.068744,0.560106,13010.660156
53,0.060369,0.562390,13260.186523
54,0.006572,0.570807,13509.791016
55,0.944567,0.582194,13759.339844
56,0.891646,0.580034,14008.891602
57,0.863354,0.579879,14258.446289
58,0.851385,0.584043,14508.009766
59,0.837009,0.587464,14757.596680
60,0.818738,0.585627,15007.129883
61,0.790895,0.574047,15256.720703
62,0.752210,0.559038,15506.287109
63,0.715303,0.555043,15755.832031
64,0.683097,0.553285,16005.427734
65,0.655043,0.555116,16254.968750
66,0.630334,0.561794,16504.521484
67,0.605468,0.563702,16754.085938
68,0.560452,0.566417,17003.640625
69,0.518904,0.562199,17253.203125
70,0.494180,0.558847,17502.775391
71,0.469034,0.559409,17752.345703
72,0.446200,0.564259,18001.910156
73,0.432802,0.561494,18251.490234
74,0.441931,0.569925,18501.041016
75,0.449612,0.604440,18750.619141
76,0.432281,0.654402,19000.162109
77,0.419143,0.693805,19266.343750
78,0.411000,0.742187,19515.939453
79,0.394264,0.788165,19765.482422
80,0.378142,0.818128,20015.039062
81,0.368704,0.844595,20264.626953
82,0.371596,0.845015,20514.191406
83,0.384459,0.835510,20763.736328
84,0.403253,0.808574,21013.324219
85,0.426506,0.768166,21262.892578
86,0.436441,0.725623,21512.447266
87,0.428506,0.687404,21761.996094
88,0.425203,0.663755,22011.585938
89,0.445614,0.655782,22261.136719
90,0.459407,0.638397,22510.705078
91,0.473640,0.596312,22760.261719
92,0.475725,0.560301,23009.839844
93,0.473249,0.551756,23259.382812
94,0.465052,0.561001,23508.958984
95,0.445031,0.570468,23758.509766
96,0.404499,0.581545,24008.109375
97,0.356095,0.588531,24257.652344
98,0.325570,0.592858,24507.208984
99,0.303101,0.591489,24756.798828
0,0.750257,0.506639,-0.021045
1,0.750807,0.506576,266.135986
2,0.751346,0.506192,515.705566
3,0.751069,0.505966,765.284241
4,0.751506,0.505754,1014.842957
5,0.752792,0.506590,1264.402832
6,0.754276,0.507923,1513.946045
7,0.757277,0.514556,1763.490601
8,0.760985,0.532900,2013.096313
9,0.764485,0.558989,2262.666748
10,0.767904,0.576846,2512.227539
11,0.773019,0.580999,2761.792725
12,0.780505,0.574825,3011.416992
13,0.783966,0.570249,3260.941895
14,0.787538,0.566935,3510.432129
15,0.793403,0.564235,3760.103027
16,0.800939,0.561731,4009.603027
17,0.809532,0.559968,4259.120117
18,0.817803,0.559106,4508.734375
19,0.826209,0.558432,4758.364746
20,0.835742,0.554704,5007.910645
21,0.844743,0.553345,5257.441406
22,0.853378,0.551502,5506.932129
23,0.861282,0.549699,5756.536133
24,0.867015,0.548176,6006.122070
25,0.874543,0.548226,6255.635742
26,0.882334,0.547558,6505.269043
27,0.887842,0.548427,6754.765137
28,0.893860,0.547050,7004.341797
29,0.902363,0.542607,7253.931641
30,0.910753,0.542284,7503.557129
31,0.923149,0.540310,7753.042480
32,0.934724,0.536442,8002.596680
33,0.940064,0.534761,8252.208984
34,0.940630,0.535472,8501.711914
35,0.941928,0.535900,8751.278320
36,0.946679,0.535553,9000.828125
37,0.949982,0.535631,9250.443359
38,0.948967,0.536438,9500.074219
39,0.949026,0.536969,9766.181641
40,0.956132,0.536379,10015.730469
41,0.962460,0.535852,10265.390625
42,0.969693,0.534029,10514.846680
43,0.978816,0.536482,10764.442383
44,0.986425,0.536229,11014.054688
45,0.993775,0.535643,11263.605469
46,0.000108,0.535820,11513.164062
47,0.005850,0.536733,11762.690430
48,0.011473,0.535866,12012.276367
49,0.018779,0.535267,12261.831055
50,0.028205,0.533077,12511.390625
51,0.037269,0.533314,12761.020508
52,0.046800,0.532077,13010.579102
53,0.054424,0.532265,13260.139648
54,0.060098,0.534278,13509.622070
55,0.068366,0.535465,13759.293945
56,0.078709,0.535508,14008.828125
57,0.085806,0.537233,14258.354492
58,0.091280,0.538734,14507.943359
59,0.096028,0.541692,14757.489258
60,0.100744,0.542393,15007.038086
61,0.114671,0.543010,15256.589844
62,0.122300,0.547375,15506.250000
63,0.123875,0.543537,15755.742188
64,0.123231,0.545540,16005.317383
65,0.125973,0.543961,16254.853516
66,0.133946,0.545227,16504.439453
67,0.144935,0.548149,16753.955078
68,0.157091,0.553265,17003.535156
69,0.161862,0.551028,17253.103516
70,0.162077,0.554655,17502.662109
71,0.161346,0.561343,17752.220703
72,0.160441,0.554509,18001.820312
73,0.159261,0.547124,18251.363281
74,0.163355,0.544510,18500.917969
75,0.168561,0.542391,18750.515625
76,0.176828,0.545180,19000.044922
77,0.187097,0.546171,19266.242188
78,0.193796,0.546377,19515.808594
79,0.198381,0.547231,19765.363281
80,0.204870,0.549592,20014.923828
81,0.209768,0.549664,20264.525391
82,0.215169,0.550403,20514.103516
83,0.217581,0.549990,20763.621094
84,0.218998,0.549455,21013.189453
85,0.221861,0.550045,21262.791016
86,0.223027,0.549789,21512.328125
87,0.221584,0.549654,21761.873047
88,0.220635,0.551132,22011.435547
89,0.221179,0.552322,22261.027344
90,0.220768,0.552893,22510.568359
91,0.220699,0.553099,22760.156250
92,0.220816,0.554029,23009.714844
93,0.220861,0.554748,23259.285156
94,0.221206,0.555080,23508.826172
95,0.221264,0.555278,23758.386719
96,0.221448,0.556158,24007.964844
97,0.221308,0.556708,24257.527344
98,0.221117,0.556541,24507.091797
99,0.220971,0.556737,24756.632812
0,0.749982,0.526277,-0.026623
1,0.743178,0.527908,266.155914
2,0.704030,0.528540,515.819641
3,0.666050,0.516557,765.354309
4,0.676737,0.500316,1014.917725
5,0.659162,0.501196,1264.474365
6,0.637467,0.503377,1513.979736
7,0.611186,0.501940,1763.563965
8,0.580938,0.494858,2013.108276
9,0.558466,0.487572,2262.682617
10,0.529178,0.484409,2512.319336
11,0.502997,0.485982,2761.935303
12,0.488297,0.488200,3011.413818
13,0.471127,0.492541,3261.027100
14,0.455596,0.495388,3510.551025
15,0.440168,0.497326,3760.070801
16,0.415213,0.500367,4009.694580
17,0.381936,0.504285,4259.189941
18,0.349455,0.512610,4508.855957
19,0.320571,0.532708,4758.305664
20,0.295586,0.550063,5007.971680
21,0.283949,0.556919,5257.460449
22,0.281879,0.559087,5507.002930
23,0.280232,0.565035,5756.633789
24,0.275901,0.570141,6006.200195
25,0.283668,0.567280,6255.756348
26,0.320543,0.551342,6505.271973
27,0.349884,0.534019,6754.858398
28,0.368179,0.524795,7004.382812
29,0.404539,0.533078,7253.959473
30,0.448364,0.538021,7503.519043
31,0.468201,0.540790,7753.125000
32,0.477603,0.538343,8002.694336
33,0.489259,0.538005,8252.213867
34,0.507191,0.539302,8501.779297
35,0.523023,0.539336,8751.333984
36,0.537634,0.539877,9000.916992
37,0.554299,0.537971,9250.465820
38,0.571005,0.535177,9500.094727
39,0.590479,0.532611,9766.265625
40,0.611028,0.531913,10015.834961
41,0.626505,0.527320,10265.354492
42,0.632245,0.515499,10514.944336
43,0.650312,0.516875,10764.482422
44,0.691254,0.522762,11014.080078
45,0.735278,0.522778,11263.625000
46,0.772111,0.520901,11513.215820
47,0.799256,0.521413,11762.780273
48,0.821405,0.515642,12012.301758
49,0.829218,0.508609,12261.883789
50,0.855272,0.512627,12511.440430
51,0.903609,0.510385,12761.010742
52,0.931070,0.506731,13010.556641
53,0.949054,0.507839,13260.168945
54,0.961221,0.513511,13509.702148
55,0.957353,0.512512,13759.287109
56,0.945992,0.509714,14008.846680
57,0.940803,0.507082,14258.418945
58,0.906781,0.506923,14507.947266
59,0.857781,0.498561,14757.500977
60,0.841461,0.491907,15007.083984
61,0.830069,0.486783,15256.649414
62,0.819472,0.484787,15506.217773
63,0.820106,0.485487,15755.769531
64,0.823835,0.484613,16005.356445
65,0.831192,0.486199,16254.900391
66,0.832509,0.488272,16504.474609
67,0.837101,0.488501,16754.082031
68,0.861458,0.476176,17003.621094
69,0.878038,0.458270,17253.181641
70,0.887881,0.472921,17502.716797
71,0.900192,0.510915,17752.314453
72,0.910616,0.540464,18001.859375
73,0.925680,0.544824,18251.417969
74,0.947824,0.534655,18500.996094
75,0.978983,0.524427,18750.533203
76,0.019152,0.521361,19000.113281
77,0.052376,0.523446,19266.328125
78,0.085508,0.522927,19515.865234
79,0.099782,0.518167,19765.423828
80,0.119858,0.521430,20014.994141
81,0.136204,0.527641,20264.548828
82,0.141841,0.529432,20514.158203
83,0.139278,0.532167,20763.738281
84,0.136770,0.535873,21013.259766
85,0.133958,0.537084,21262.837891
86,0.129605,0.533798,21512.380859
87,0.129263,0.533422,21761.951172
88,0.129739,0.536628,22011.488281
89,0.128526,0.537674,22261.056641
90,0.126987,0.539219,22510.642578
91,0.107516,0.538089,22760.216797
92,0.055209,0.528774,23009.814453
93,0.021392,0.526832,23259.335938
94,0.009715,0.530802,23508.898438
95,0.998235,0.535074,23758.437500
96,0.988212,0.536642,24008.019531
97,0.984656,0.538801,24257.615234
98,0.980184,0.531835,24507.156250
99,0.972144,0.521631,24756.697266
0,0.749651,0.555635,-0.059344
1,0.748657,0.556838,266.087433
2,0.744285,0.556186,515.740845
3,0.729253,0.553709,765.231567
4,0.703964,0.550490,1014.931885
5,0.676754,0.546547,1264.383911
6,0.656551,0.543277,1513.916504
7,0.631649,0.541504,1763.528931
8,0.596220,0.543703,2013.079102
9,0.571622,0.560759,2262.719727
10,0.557003,0.594518,2512.185791
11,0.532942,0.621664,2761.845215
12,0.522352,0.637713,3011.303467
13,0.502506,0.661184,3260.873779
14,0.488153,0.685367,3510.448486
15,0.473600,0.683742,3760.017334
16,0.469425,0.656157,4009.575928
17,0.472141,0.632339,4259.141113
18,0.472913,0.618172,4508.758301
19,0.472671,0.611110,4758.236328
20,0.461561,0.607143,5007.828125
21,0.455670,0.602175,5257.380371
22,0.454718,0.593477,5506.978027
23,0.467461,0.579301,5756.524902
24,0.477189,0.570119,6006.071289
25,0.485507,0.566447,6255.636230
26,0.488261,0.563070,6505.218262
27,0.501143,0.559655,6754.780273
28,0.536127,0.547748,7004.320312
29,0.562898,0.545611,7253.917969
30,0.563807,0.563378,7503.463867
31,0.553273,0.589272,7753.016113
32,0.535506,0.613678,8002.583984
33,0.536079,0.620690,8252.146484
34,0.549851,0.618941,8501.714844
35,0.573891,0.608934,8751.268555
36,0.595000,0.597577,9000.877930
37,0.613090,0.584773,9250.412109
38,0.631870,0.573879,9516.608398
39,0.646235,0.566327,9766.183594
40,0.684022,0.552596,10015.744141
41,0.732030,0.535120,10265.307617
42,0.784489,0.527145,10514.869141
43,0.820324,0.522766,10764.446289
44,0.841827,0.520417,11014.017578
45,0.852563,0.519893,11263.556641
46,0.856831,0.517892,11513.136719
47,0.857326,0.517076,11762.672852
48,0.857594,0.515249,12012.251953
49,0.859431,0.515589,12261.826172
50,0.863201,0.515638,12511.379883
51,0.884461,0.519882,12760.950195
52,0.909604,0.531015,13010.512695
53,0.913784,0.537984,13260.074219
54,0.914468,0.543916,13509.625977
55,0.918411,0.549730,13759.188477
56,0.935185,0.553120,14008.752930
57,0.957688,0.555241,14258.319336
58,0.977038,0.561950,14507.871094
59,0.996410,0.560913,14757.464844
60,0.005236,0.561660,15007.026367
61,0.020637,0.569734,15256.610352
62,0.041812,0.573890,15506.154297
63,0.070438,0.566763,15755.717773
64,0.091646,0.561458,16005.313477
65,0.105066,0.558610,16254.830078
66,0.111982,0.561360,16504.416016
67,0.112113,0.556261,16753.970703
68,0.112265,0.557351,17003.564453
69,0.112223,0.559650,17253.101562
70,0.142135,0.574865,17502.666016
71,0.185365,0.605242,17752.207031
72,0.213834,0.611076,18001.812500
73,0.240372,0.613906,18251.341797
74,0.245799,0.612982,18500.919922
75,0.238122,0.604912,18750.474609
76,0.222452,0.596476,19000.041016
77,0.191208,0.581446,19266.255859
78,0.165483,0.570682,19515.812500
79,0.140800,0.569399,19765.357422
80,0.113587,0.566236,20014.935547
81,0.089697,0.560985,20264.501953
82,0.071511,0.559200,20514.064453
83,0.053893,0.555198,20763.621094
84,0.035753,0.549497,21013.169922
85,0.016820,0.543974,21262.744141
86,0.001978,0.541311,21512.326172
87,0.995853,0.544261,21761.894531
88,0.994077,0.548266,22011.458984
89,0.993518,0.547503,22260.996094
90,0.993918,0.547620,22510.585938
91,0.993648,0.548407,22760.119141
92,0.990160,0.548428,23009.712891
93,0.982738,0.547682,23259.261719
94,0.974235,0.548050,23508.830078
95,0.962902,0.545323,23758.376953
96,0.957158,0.545092,24007.978516
97,0.954507,0.547274,24257.521484
98,0.939696,0.544243,24507.103516
99,0.917379,0.539904,24756.640625
0,0.746950,0.619098,0.036137
1,0.745706,0.618801,266.312805
2,0.734973,0.609601,515.809387
3,0.703037,0.582079,765.353149
4,0.688478,0.564858,1014.930298
5,0.668363,0.538909,1264.523071
6,0.634013,0.527811,1514.111084
7,0.587430,0.535592,1763.651001
8,0.550073,0.568806,2013.272583
9,0.513196,0.599820,2262.729248
10,0.505227,0.615103,2512.310547
11,0.559408,0.671093,2761.899658
12,0.634045,0.744822,3011.454102
13,0.699492,0.793211,3260.988770
14,0.749693,0.849214,3510.596191
15,0.778745,0.892932,3760.173340
16,0.808192,0.920484,4009.687988
17,0.843460,0.925775,4259.259277
18,0.837435,0.941600,4508.855957
19,0.703070,0.960123,4758.437988
20,0.613787,0.970994,5007.976074
21,0.613910,0.973476,5257.611328
22,0.715726,0.944879,5507.087402
23,0.763794,0.857147,5756.697754
24,0.776281,0.765235,6006.217285
25,0.807838,0.691159,6255.739258
26,0.837473,0.616803,6505.361328
27,0.851817,0.565361,6754.937988
28,0.850136,0.525120,7004.507324
29,0.847314,0.508878,7254.071777
30,0.860987,0.495539,7503.623047
31,0.886620,0.498447,7753.140625
32,0.924634,0.517923,8002.765625
33,0.954231,0.526044,8252.296875
34,0.975125,0.529645,8501.867188
35,0.993605,0.530710,8751.445312
36,0.013241,0.531990,9001.025391
37,0.035256,0.534628,9250.576172
38,0.051326,0.536539,9500.090820
39,0.072504,0.536225,9766.312500
40,0.106093,0.538877,10015.911133
41,0.136401,0.540313,10265.481445
42,0.170458,0.542355,10515.081055
43,0.208021,0.546677,10764.586914
44,0.247572,0.546960,11014.177734
45,0.283992,0.547100,11263.708008
46,0.322555,0.549674,11513.240234
47,0.359023,0.549499,11762.871094
48,0.389237,0.535250,12012.370117
49,0.409404,0.519710,12262.030273
50,0.411211,0.520985,12511.515625
51,0.410436,0.528926,12761.094727
52,0.414273,0.564310,13010.712891
53,0.416382,0.604313,13260.203125
54,0.418823,0.615006,13509.826172
55,0.405978,0.647389,13759.372070
56,0.387119,0.700795,14008.942383
57,0.382029,0.718359,14258.445312
58,0.387650,0.713309,14508.116211
59,0.400950,0.679877,14757.569336
60,0.403590,0.644685,15007.149414
61,0.385249,0.597016,15256.740234
62,0.346911,0.567104,15506.308594
63,0.311878,0.553226,15755.875000
64,0.280543,0.546005,16005.390625
65,0.248004,0.542850,16254.986328
66,0.218489,0.541367,16504.546875
67,0.192984,0.542067,16754.107422
68,0.166345,0.542408,17003.646484
69,0.136626,0.539004,17253.283203
70,0.107254,0.534359,17502.820312
71,0.077712,0.527138,17752.324219
72,0.046807,0.519580,18001.966797
73,0.010330,0.512091,18251.513672
74,0.946639,0.494127,18501.076172
75,0.883922,0.497903,18750.589844
76,0.846442,0.497400,19000.201172
77,0.846368,0.492213,19266.416016
78,0.847233,0.499704,19515.943359
79,0.846845,0.516469,19765.468750
80,0.847080,0.518303,20015.152344
81,0.852286,0.525792,20264.611328
82,0.855147,0.530737,20514.173828
83,0.857425,0.534200,20763.726562
84,0.857571,0.536876,21013.376953
85,0.857481,0.539327,21262.853516
86,0.856813,0.541748,21512.460938
87,0.848018,0.543474,21762.054688
88,0.819741,0.547096,22011.595703
89,0.815409,0.557824,22261.158203
90,0.828865,0.593881,22510.689453
91,0.866943,0.582785,22760.353516
92,0.918434,0.562065,23009.820312
93,0.940487,0.560272,23259.373047
94,0.950342,0.559005,23508.951172
95,0.967813,0.557860,23758.523438
96,0.999699,0.557907,24008.162109
97,0.037426,0.556577,24257.640625
98,0.073446,0.553225,24507.220703
99,0.099813,0.551450,24756.832031
0,0.750312,0.516172,0.017402
1,0.749723,0.517955,266.242462
2,0.735649,0.519130,515.783875
3,0.697122,0.521543,765.420898
4,0.651777,0.526181,1014.918335
5,0.614546,0.542338,1264.473267
6,0.565915,0.576638,1514.099731
7,0.532736,0.607755,1763.569824
8,0.519910,0.634800,2013.169922
9,0.512903,0.640436,2262.766602
10,0.516631,0.631412,2512.352295
11,0.528620,0.612711,2761.893555
12,0.546622,0.568962,3011.412354
13,0.562627,0.538945,3261.051514
14,0.585969,0.518149,3510.554443
15,0.615430,0.500557,3760.129150
16,0.660582,0.490234,4009.678223
17,0.711806,0.497346,4259.309082
18,0.763053,0.509179,4508.773926
19,0.819274,0.511223,4758.345703
20,0.873495,0.497305,5007.949707
21,0.888119,0.500016,5257.545410
22,0.886726,0.501833,5507.108887
23,0.877777,0.498370,5756.615723
24,0.876919,0.492796,6006.174805
25,0.906282,0.497108,6255.746094
26,0.951080,0.517233,6505.316406
27,0.978049,0.561656,6754.844238
28,0.998033,0.604666,7004.495605
29,0.998579,0.622029,7253.985840
30,0.999407,0.630167,7503.544922
31,0.002836,0.640095,7753.149902
32,0.988297,0.704067,8002.711914
33,0.957891,0.771686,8252.243164
34,0.881370,0.812760,8501.873047
35,0.801957,0.815135,8751.430664
36,0.750721,0.808724,9000.931641
37,0.705616,0.800593,9250.485352
38,0.682636,0.795989,9500.120117
39,0.672701,0.795573,9766.333984
40,0.639234,0.786450,10015.822266
41,0.582102,0.774144,10265.376953
42,0.504483,0.755912,10514.962891
43,0.429117,0.709576,10764.589844
44,0.389989,0.662157,11014.079102
45,0.334038,0.603998,11263.653320
46,0.286611,0.569447,11513.195312
47,0.265442,0.564083,11762.794922
48,0.262232,0.561056,12012.335938
49,0.281050,0.556076,12261.944336
50,0.305018,0.555290,12511.464844
51,0.336170,0.551021,12761.071289
52,0.373083,0.547689,13010.599609
53,0.406858,0.543763,13260.154297
54,0.441690,0.538294,13509.706055
55,0.464943,0.543022,13759.272461
56,0.477033,0.542823,14008.900391
57,0.486731,0.541877,14258.433594
58,0.494867,0.543628,14508.011719
59,0.495213,0.544549,14757.556641
60,0.490887,0.550402,15007.112305
61,0.487318,0.551405,15256.669922
62,0.483472,0.554073,15506.243164
63,0.480051,0.546495,15755.799805
64,0.476682,0.549646,16005.349609
65,0.476865,0.553152,16254.952148
66,0.479060,0.554327,16504.490234
67,0.478562,0.559888,16754.052734
68,0.482584,0.556085,17003.599609
69,0.485745,0.558358,17253.197266
70,0.487041,0.557280,17502.757812
71,0.486845,0.558070,17752.306641
72,0.480509,0.555871,18001.886719
73,0.472361,0.550818,18251.431641
74,0.463568,0.550469,18501.019531
75,0.462377,0.549364,18750.558594
76,0.491672,0.546376,19000.146484
77,0.559026,0.549474,19266.330078
78,0.615163,0.542328,19515.927734
79,0.666553,0.520648,19765.439453
80,0.716222,0.494977,20015.023438
81,0.759059,0.493006,20264.589844
82,0.778399,0.498556,20514.181641
83,0.758859,0.493888,20763.708984
84,0.723363,0.484042,21013.287109
85,0.684001,0.475824,21262.865234
86,0.648181,0.471019,21512.400391
87,0.631021,0.489457,21761.962891
88,0.632919,0.525171,22011.517578
89,0.682886,0.549470,22261.097656
90,0.763588,0.581463,22510.695312
91,0.835793,0.617025,22760.253906
92,0.878362,0.641639,23009.804688
93,0.904886,0.636302,23259.345703
94,0.921552,0.611328,23508.925781
95,0.929744,0.576724,23758.480469
96,0.932591,0.559214,24008.029297
97,0.912130,0.561659,24257.611328
98,0.818465,0.556543,24507.201172
99,0.744317,0.544047,24756.732422
0,0.749831,0.544269,0.023597
1,0.749242,0.544995,266.244537
2,0.738143,0.545622,515.799438
3,0.719950,0.550339,765.393066
4,0.689289,0.558939,1014.944153
5,0.646225,0.567586,1264.490234
6,0.618251,0.581673,1514.018799
7,0.594953,0.593994,1763.584839
8,0.572756,0.599313,2013.218994
9,0.535349,0.604392,2262.729248
10,0.504538,0.613957,2512.397705
11,0.489134,0.625508,2761.907227
12,0.474088,0.635940,3011.486328
13,0.444774,0.644352,3260.983398
14,0.417901,0.669900,3510.611816
15,0.397171,0.697413,3760.154053
16,0.379554,0.717602,4009.680908
17,0.359530,0.724907,4259.314941
18,0.342137,0.714185,4508.796875
19,0.333008,0.681180,4758.379395
20,0.323739,0.648262,5007.915039
21,0.308448,0.632232,5257.582031
22,0.310645,0.623479,5507.066895
23,0.321741,0.613888,5756.602539
24,0.336997,0.611600,6006.266602
25,0.367542,0.605217,6255.810059
26,0.397127,0.592308,6505.388184
27,0.424645,0.581836,6754.875977
28,0.447073,0.578979,7004.536621
29,0.457786,0.568512,7254.035156
30,0.463035,0.571197,7503.566406
31,0.479524,0.572192,7753.208984
32,0.498356,0.560947,8002.800781
33,0.511714,0.540878,8252.312500
34,0.529683,0.530514,8501.831055
35,0.557437,0.522752,8751.461914
36,0.581546,0.521868,9000.986328
37,0.597892,0.537715,9250.531250
38,0.613515,0.545791,9500.097656
39,0.632828,0.547985,9766.322266
40,0.649154,0.552479,10015.893555
41,0.675429,0.542230,10265.423828
42,0.707865,0.526295,10515.003906
43,0.745067,0.522009,10764.541016
44,0.791825,0.514126,11014.105469
45,0.826465,0.501826,11263.666016
46,0.853176,0.488694,11513.221680
47,0.878784,0.507612,11762.832031
48,0.915259,0.514828,12012.360352
49,0.964319,0.531731,12261.916992
50,0.047566,0.521106,12511.509766
51,0.099063,0.511652,12761.063477
52,0.114492,0.517803,13010.650391
53,0.115954,0.521796,13260.170898
54,0.103010,0.520021,13509.778320
55,0.072229,0.516085,13759.329102
56,0.037404,0.514058,14008.907227
57,0.024516,0.522206,14258.467773
58,0.023400,0.523968,14508.036133
59,0.021828,0.530618,14757.566406
60,0.020328,0.534626,15007.131836
61,0.014971,0.542020,15256.741211
62,0.000135,0.547452,15506.259766
63,0.974281,0.557319,15755.833008
64,0.966689,0.562584,16005.389648
65,0.955921,0.567826,16255.044922
66,0.934298,0.564604,16504.560547
67,0.899343,0.560951,16754.080078
68,0.870468,0.554079,17003.734375
69,0.845795,0.561520,17253.238281
70,0.827624,0.591935,17502.812500
71,0.802619,0.639672,17752.318359
72,0.774659,0.667508,18001.955078
73,0.752345,0.674444,18251.484375
74,0.733010,0.673821,18501.060547
75,0.716959,0.704285,18750.634766
76,0.693784,0.710679,19000.189453
77,0.653743,0.672196,19266.333984
78,0.620709,0.632391,19515.908203
79,0.605693,0.617461,19765.478516
80,0.580757,0.608510,20015.089844
81,0.532088,0.594673,20264.705078
82,0.480540,0.588768,20514.173828
83,0.453279,0.577571,20763.740234
84,0.443680,0.574008,21013.341797
85,0.442419,0.578007,21262.882812
86,0.440959,0.578195,21512.482422
87,0.429360,0.580435,21762.033203
88,0.404677,0.575667,22011.541016
89,0.378191,0.564352,22261.152344
90,0.352474,0.552740,22510.740234
91,0.325202,0.559235,22760.261719
92,0.319662,0.562391,23009.837891
93,0.322135,0.564406,23259.384766
94,0.318363,0.567977,23508.972656
95,0.291382,0.570620,23758.544922
96,0.267959,0.573506,24008.074219
97,0.262487,0.578121,24257.626953
98,0.271942,0.574903,24507.277344
99,0.285842,0.569208,24756.751953
0,0.749064,0.463953,-0.030756
1,0.744340,0.466129,266.176422
2,0.728603,0.474049,515.725464
3,0.692972,0.468699,765.348694
4,0.639963,0.467523,1014.851379
5,0.618619,0.489125,1264.529419
6,0.628198,0.531887,1513.972900
7,0.658976,0.614094,1763.561646
8,0.709767,0.659118,2013.144043
9,0.755318,0.678327,2262.725830
10,0.767769,0.697768,2512.247803
11,0.776500,0.724196,2761.857422
12,0.808742,0.753191,3011.465088
13,0.817562,0.757006,3260.918945
14,0.834699,0.698169,3510.547363
15,0.842118,0.631653,3760.058350
16,0.848324,0.563153,4009.626221
17,0.845636,0.512226,4259.260254
18,0.839589,0.485044,4508.813477
19,0.830195,0.479443,4758.337402
20,0.824986,0.487513,5007.886719
21,0.818362,0.488525,5257.534180
22,0.802285,0.480096,5507.032715
23,0.788642,0.467212,5756.658691
24,0.772378,0.463523,6006.181641
25,0.751182,0.454158,6255.803711
26,0.787767,0.430924,6505.264160
27,0.842853,0.419751,6754.846680
28,0.864716,0.411834,7004.421875
29,0.867749,0.419535,7253.998535
30,0.886196,0.444517,7503.561523
31,0.925294,0.494316,7753.069824
32,0.957887,0.529019,8002.651855
33,0.965177,0.530413,8252.214844
34,0.968959,0.525146,8501.815430
35,0.965009,0.509310,8751.342773
36,0.967375,0.494753,9000.940430
37,0.001728,0.501784,9250.498047
38,0.044078,0.507832,9500.022461
39,0.073850,0.510759,9766.236328
40,0.097597,0.511284,10015.789062
41,0.110942,0.511553,10265.356445
42,0.127190,0.516606,10514.936523
43,0.134394,0.525093,10764.510742
44,0.144205,0.539271,11014.074219
45,0.168038,0.556130,11263.654297
46,0.186060,0.541680,11513.186523
47,0.189879,0.540589,11762.784180
48,0.190241,0.532271,12012.306641
49,0.203474,0.537241,12261.900391
50,0.223171,0.551158,12511.429688
51,0.238231,0.565159,12761.038086
52,0.241002,0.572176,13010.576172
53,0.231370,0.574147,13260.148438
54,0.214220,0.570674,13509.682617
55,0.176364,0.535185,13759.277344
56,0.131170,0.514317,14008.823242
57,0.102767,0.513404,14258.375000
58,0.063406,0.498673,14507.971680
59,0.032302,0.495798,14757.515625
60,0.004322,0.501172,15007.081055
61,0.977399,0.514453,15256.631836
62,0.954958,0.527938,15506.214844
63,0.936206,0.529558,15755.775391
64,0.920934,0.537663,16005.351562
65,0.896654,0.539703,16254.905273
66,0.862484,0.531989,16504.464844
67,0.824968,0.514701,16754.011719
68,0.793940,0.501595,17003.578125
69,0.777482,0.506654,17253.171875
70,0.760076,0.519915,17502.701172
71,0.733655,0.530071,17752.304688
72,0.676397,0.494926,18001.875000
73,0.604592,0.486581,18251.443359
74,0.554251,0.517791,18500.998047
75,0.530206,0.549539,18750.554688
76,0.519032,0.563863,19000.107422
77,0.505053,0.572354,19266.314453
78,0.495432,0.581169,19515.865234
79,0.487722,0.589972,19765.439453
80,0.473748,0.616085,20014.986328
81,0.461204,0.652830,20264.566406
82,0.448484,0.674713,20514.144531
83,0.432629,0.689075,20763.669922
84,0.420446,0.696941,21013.269531
85,0.415651,0.701890,21262.818359
86,0.430193,0.694994,21512.396484
87,0.465929,0.686516,21761.933594
88,0.521229,0.682832,22011.533203
89,0.556517,0.680327,22261.066406
90,0.564102,0.689512,22510.630859
91,0.562713,0.694601,22760.191406
92,0.531274,0.660562,23009.794922
93,0.492752,0.607885,23259.349609
94,0.467252,0.558095,23508.906250
95,0.452919,0.529133,23758.480469
96,0.445380,0.518012,24008.003906
97,0.448294,0.511755,24257.587891
98,0.454541,0.503926,24507.144531
99,0.455187,0.497965,24756.732422
0,0.749797,0.562911,0.055762
1,0.749607,0.563072,266.272308
2,0.746234,0.561055,515.922852
3,0.717073,0.554167,765.401489
4,0.688538,0.543038,1014.925903
5,0.666459,0.532246,1264.535400
6,0.640294,0.532509,1514.065918
7,0.625316,0.536760,1763.713257
8,0.625457,0.537425,2013.229736
9,0.631201,0.535941,2262.744141
10,0.651854,0.533475,2512.405762
11,0.672762,0.532215,2761.957275
12,0.692490,0.545596,3011.538574
13,0.723104,0.604880,3261.039062
14,0.754473,0.661462,3510.625244
15,0.780038,0.689681,3760.132324
16,0.795575,0.691846,4009.696777
17,0.815283,0.681463,4259.288086
18,0.834112,0.683483,4508.846191
19,0.853976,0.673403,4758.383789
20,0.869847,0.643740,5007.981445
21,0.881571,0.609709,5257.541016
22,0.893091,0.572528,5507.113770
23,0.909917,0.543443,5756.695801
24,0.924095,0.522586,6006.210938
25,0.936325,0.512369,6255.822754
26,0.946443,0.512329,6505.386230
27,0.969089,0.513183,6754.943848
28,0.986540,0.522115,7004.498047
29,0.994744,0.537393,7254.060059
30,0.010322,0.533787,7503.629883
31,0.023124,0.529897,7753.277344
32,0.024097,0.527157,8002.834961
33,0.024247,0.532354,8252.347656
34,0.033087,0.532405,8501.845703
35,0.050024,0.534866,8751.418945
36,0.075909,0.535595,9000.986328
37,0.104643,0.538852,9250.531250
38,0.131117,0.540576,9500.125977
39,0.153104,0.545271,9766.349609
40,0.164777,0.549841,10015.915039
41,0.185336,0.551084,10265.419922
42,0.205555,0.552325,10514.987305
43,0.228184,0.552947,10764.605469
44,0.250783,0.551906,11014.140625
45,0.270467,0.555330,11263.707031
46,0.286003,0.559588,11513.350586
47,0.303924,0.564014,11762.862305
48,0.329410,0.572310,12012.431641
49,0.366395,0.584484,12261.935547
50,0.401218,0.602946,12511.511719
51,0.424668,0.636866,12761.073242
52,0.420984,0.692940,13010.623047
53,0.402887,0.741399,13260.304688
54,0.394063,0.768219,13509.742188
55,0.380904,0.785429,13759.367188
56,0.344226,0.793937,14008.897461
57,0.305456,0.792898,14258.493164
58,0.299116,0.788640,14508.093750
59,0.362868,0.744221,14757.618164
60,0.412286,0.674221,15007.227539
61,0.440850,0.611248,15256.690430
62,0.470971,0.570961,15506.347656
63,0.507623,0.562769,15755.837891
64,0.529162,0.574110,16005.452148
65,0.530895,0.587407,16255.003906
66,0.527799,0.584385,16504.611328
67,0.525367,0.564841,16754.121094
68,0.521533,0.552773,17003.701172
69,0.514445,0.548677,17253.250000
70,0.493746,0.541827,17502.783203
71,0.465477,0.536903,17752.464844
72,0.450741,0.533801,18001.921875
73,0.450103,0.533715,18251.587891
74,0.447488,0.534737,18501.076172
75,0.433522,0.536516,18750.654297
76,0.411875,0.541816,19000.193359
77,0.392581,0.547831,19266.382812
78,0.385025,0.549069,19515.931641
79,0.383615,0.550027,19765.552734
80,0.382838,0.551500,20015.070312
81,0.381183,0.553675,20264.623047
82,0.376735,0.555187,20514.212891
83,0.354756,0.554657,20763.779297
84,0.322846,0.551987,21013.357422
85,0.305120,0.548187,21262.884766
86,0.304783,0.546398,21512.466797
87,0.306267,0.548585,21762.007812
88,0.306563,0.549755,22011.568359
89,0.305462,0.550796,22261.136719
90,0.299340,0.553906,22510.693359
91,0.284535,0.557466,22760.267578
92,0.263416,0.557715,23009.843750
93,0.240446,0.554578,23259.410156
94,0.224657,0.552026,23508.964844
95,0.206667,0.553314,23758.529297
96,0.194424,0.555397,24008.082031
97,0.181109,0.556241,24257.648438
98,0.167160,0.561967,24507.203125
99,0.154368,0.562005,24756.783203
0,0.749678,0.521830,-0.011334
1,0.743141,0.521797,266.197876
2,0.707230,0.496157,515.823792
3,0.662578,0.498042,765.357544
4,0.614651,0.512772,1014.894897
5,0.575872,0.519615,1264.530396
6,0.517351,0.530263,1514.001709
7,0.465277,0.534017,1763.675171
8,0.435416,0.557235,2013.128052
9,0.420912,0.566281,2262.759766
10,0.375747,0.635831,2512.317383
11,0.346415,0.668067,2761.830078
12,0.333686,0.694555,3011.451416
13,0.318573,0.731768,3260.990723
14,0.306703,0.742321,3510.617188
15,0.306822,0.749133,3760.079590
16,0.304748,0.802183,4009.702148
17,0.309830,0.843314,4259.225586
18,0.294589,0.839569,4508.788086
19,0.261362,0.830406,4758.463867
20,0.240050,0.824883,5008.016602
21,0.232865,0.824063,5257.517090
22,0.214885,0.830080,5507.021973
23,0.208516,0.850767,5756.656738
24,0.183597,0.896495,6006.156250
25,0.129170,0.949100,6255.761230
26,0.074574,0.957656,6505.274902
27,0.031380,0.949144,6754.946777
28,0.988691,0.933879,7004.418457
29,0.954059,0.922060,7253.994629
30,0.943773,0.919539,7503.672852
31,0.957491,0.918898,7753.134766
32,0.969927,0.918819,8002.709961
33,0.987142,0.914183,8252.244141
34,0.013047,0.910949,8501.864258
35,0.055446,0.911224,8751.367188
36,0.107843,0.913371,9000.934570
37,0.148007,0.913965,9250.532227
38,0.183754,0.914898,9500.079102
39,0.217351,0.920523,9766.262695
40,0.245000,0.924694,10015.854492
41,0.315586,0.930479,10265.421875
42,0.480622,0.920744,10515.061523
43,0.561041,0.905749,10764.607422
44,0.603026,0.857834,11014.077148
45,0.631882,0.799029,11263.707031
46,0.659191,0.755167,11513.277344
47,0.635680,0.716946,11762.785156
48,0.612557,0.689354,12012.422852
49,0.647925,0.705303,12261.998047
50,0.687730,0.710134,12511.476562
51,0.706640,0.722351,12761.044922
52,0.711119,0.709107,13010.579102
53,0.704886,0.685891,13260.198242
54,0.691708,0.653023,13509.712891
55,0.651227,0.615671,13759.314453
56,0.605721,0.597691,14008.861328
57,0.550101,0.570337,14258.463867
58,0.480617,0.543757,14507.980469
59,0.441178,0.534762,14757.569336
60,0.440696,0.536399,15007.183594
61,0.458951,0.529365,15256.646484
62,0.457481,0.529605,15506.271484
63,0.447008,0.530261,15755.840820
64,0.440189,0.528136,16005.387695
65,0.453304,0.530907,16254.926758
66,0.453322,0.528791,16504.585938
67,0.440682,0.529306,16754.091797
68,0.414079,0.530105,17003.642578
69,0.391766,0.530770,17253.195312
70,0.364195,0.521928,17502.732422
71,0.337913,0.515019,17752.333984
72,0.303867,0.514693,18001.849609
73,0.272613,0.518207,18251.523438
74,0.258033,0.522589,18501.060547
75,0.236092,0.532717,18750.572266
76,0.214379,0.535681,19000.115234
77,0.208021,0.533638,19266.347656
78,0.197094,0.536536,19515.943359
79,0.184172,0.538749,19765.494141
80,0.175541,0.532830,20015.009766
81,0.180964,0.539649,20264.626953
82,0.185256,0.565217,20514.193359
83,0.208570,0.560384,20763.724609
84,0.193604,0.566824,21013.294922
85,0.137709,0.561747,21262.857422
86,0.100204,0.553207,21512.445312
87,0.069523,0.543446,21761.947266
88,0.029646,0.540612,22011.541016
89,0.014493,0.532790,22261.138672
90,0.025594,0.536934,22510.703125
91,0.034619,0.548799,22760.216797
92,0.036091,0.548980,23009.824219
93,0.032697,0.541229,23259.376953
94,0.030954,0.527512,23508.921875
95,0.034796,0.539365,23758.519531
96,0.047803,0.532316,24008.101562
97,0.040522,0.510191,24257.652344
98,0.033681,0.397805,24507.162109
99,0.030403,0.343897,24756.789062
0,0.750138,0.560422,-0.004989
1,0.750182,0.560475,266.174316
2,0.750205,0.561772,515.774658
3,0.750985,0.563531,765.325500
4,0.751704,0.563716,1014.875977
5,0.755353,0.563237,1264.448853
6,0.762080,0.561378,1514.032471
7,0.777737,0.559325,1763.598755
8,0.796678,0.555083,2013.122925
9,0.808584,0.551520,2262.730957
10,0.825540,0.553401,2512.247070
11,0.855009,0.559385,2761.828369
12,0.876193,0.562371,3011.457031
13,0.890173,0.563866,3261.030762
14,0.899313,0.566113,3510.531250
15,0.911952,0.568553,3760.067627
16,0.918676,0.568677,4009.725586
17,0.929220,0.567457,4259.182129
18,0.945687,0.565862,4508.765137
19,0.961782,0.561701,4758.327637
20,0.973212,0.551999,5007.957031
21,0.980110,0.539749,5257.488281
22,0.984375,0.532407,5507.035645
23,0.985212,0.549582,5756.662109
24,0.996230,0.565082,6006.241211
25,0.013295,0.565044,6255.724609
26,0.021669,0.561822,6505.313965
27,0.022366,0.565494,6754.905273
28,0.030948,0.558481,7004.399902
29,0.051589,0.550138,7253.952637
30,0.060020,0.549392,7503.568359
31,0.071816,0.547310,7753.177246
32,0.091082,0.547721,8002.666992
33,0.109458,0.548130,8252.257812
34,0.132209,0.550295,8501.903320
35,0.149453,0.550460,8751.377930
36,0.160680,0.538598,9000.913086
37,0.168326,0.529139,9250.503906
38,0.173006,0.532841,9500.122070
39,0.176174,0.534491,9766.295898
40,0.167411,0.542592,10015.845703
41,0.156980,0.551274,10265.400391
42,0.172337,0.557129,10515.032227
43,0.210427,0.567794,10764.506836
44,0.239329,0.571383,11014.059570
45,0.258371,0.569908,11263.644531
46,0.279116,0.568200,11513.261719
47,0.305090,0.567773,11762.769531
48,0.332300,0.566504,12012.324219
49,0.361380,0.566282,12261.876953
50,0.395048,0.556923,12511.479492
51,0.404001,0.564232,12761.000977
52,0.403227,0.571020,13010.589844
53,0.402420,0.573557,13260.120117
54,0.402966,0.574170,13509.715820
55,0.402776,0.576093,13759.255859
56,0.402704,0.577851,14008.836914
57,0.402912,0.579839,14258.424805
58,0.403055,0.583027,14507.987305
59,0.407770,0.603240,14757.602539
60,0.410307,0.620393,15007.122070
61,0.408747,0.622760,15256.685547
62,0.406502,0.622488,15506.265625
63,0.402730,0.621266,15755.775391
64,0.395237,0.619823,16005.355469
65,0.382312,0.617324,16254.907227
66,0.368803,0.613542,16504.496094
67,0.355261,0.608270,16754.062500
68,0.340796,0.602171,17003.597656
69,0.321768,0.596000,17253.175781
70,0.285184,0.586525,17502.744141
71,0.255618,0.577824,17752.281250
72,0.232344,0.569347,18001.853516
73,0.215888,0.565092,18251.439453
74,0.207664,0.565509,18500.988281
75,0.203940,0.565543,18750.537109
76,0.200740,0.565904,19000.101562
77,0.196069,0.566989,19266.330078
78,0.188704,0.566136,19515.941406
79,0.180677,0.565522,19765.533203
80,0.169628,0.565554,20015.005859
81,0.156830,0.565602,20264.570312
82,0.143749,0.565592,20514.156250
83,0.129881,0.564361,20763.730469
84,0.119935,0.562909,21013.273438
85,0.113023,0.564159,21262.861328
86,0.104872,0.563887,21512.414062
87,0.089750,0.559718,21761.968750
88,0.065018,0.552808,22011.583984
89,0.045974,0.549507,22261.091797
90,0.033035,0.549963,22510.644531
91,0.017915,0.551317,22760.199219
92,0.001778,0.552847,23009.839844
93,0.989197,0.554178,23259.322266
94,0.974572,0.554291,23508.943359
95,0.958466,0.554798,23758.492188
96,0.938176,0.554846,24008.058594
97,0.916870,0.554977,24257.591797
98,0.892617,0.554557,24507.144531
99,0.872130,0.551174,24756.746094
0,0.742121,0.501911,0.052332
1,0.729662,0.501956,266.232819
2,0.718306,0.502868,515.785400
3,0.698748,0.508973,765.370789
4,0.656032,0.535481,1015.012207
5,0.612903,0.572684,1264.472656
6,0.576794,0.584972,1514.106445
7,0.562009,0.583797,1763.688965
8,0.550285,0.582941,2013.185791
9,0.529506,0.586633,2262.748291
10,0.501157,0.601330,2512.323975
11,0.479767,0.606613,2761.894775
12,0.469787,0.596923,3011.530273
13,0.460860,0.591711,3261.060547
14,0.456030,0.590073,3510.641113
15,0.450865,0.589232,3760.140869
16,0.423953,0.588104,4009.783447
17,0.416906,0.588590,4259.307617
18,0.409857,0.609948,4508.875488
19,0.402222,0.677981,4758.409180
20,0.391134,0.759839,5008.011230
21,0.380154,0.800810,5257.538086
22,0.376630,0.826943,5507.073730
23,0.387762,0.872520,5756.669922
24,0.377258,0.897600,6006.244629
25,0.368393,0.898514,6255.827637
26,0.371047,0.896419,6505.370117
27,0.358413,0.902881,6754.953125
28,0.312813,0.916196,7004.495605
29,0.302477,0.928303,7254.004395
30,0.307756,0.926620,7503.609863
31,0.316442,0.924689,7753.166992
32,0.334059,0.920038,8002.813477
33,0.467143,0.897792,8252.304688
34,0.530208,0.841947,8501.891602
35,0.540631,0.813071,8751.446289
36,0.575714,0.782193,9000.964844
37,0.633451,0.763548,9250.578125
38,0.674649,0.753419,9500.136719
39,0.709993,0.747786,9766.310547
40,0.726774,0.749061,10015.920898
41,0.739512,0.756424,10265.460938
42,0.754341,0.737731,10515.003906
43,0.760442,0.618562,10764.583984
44,0.770217,0.532008,11014.131836
45,0.781116,0.507955,11263.775391
46,0.806050,0.471484,11513.292969
47,0.832760,0.489184,11762.859375
48,0.864348,0.501116,12012.369141
49,0.897267,0.510129,12262.003906
50,0.922065,0.518907,12511.534180
51,0.938095,0.526762,12761.056641
52,0.950543,0.534342,13010.725586
53,0.957913,0.530180,13260.234375
54,0.967581,0.533255,13509.804688
55,0.981079,0.537455,13759.330078
56,0.994606,0.542219,14008.965820
57,0.002927,0.544458,14258.442383
58,0.012077,0.544690,14508.009766
59,0.026520,0.547242,14757.590820
60,0.045136,0.552275,15007.201172
61,0.067689,0.550271,15256.757812
62,0.091726,0.549816,15506.307617
63,0.119863,0.549596,15755.891602
64,0.143530,0.553810,16005.409180
65,0.153137,0.563109,16255.055664
66,0.156067,0.559240,16504.621094
67,0.164538,0.562022,16754.140625
68,0.175985,0.559944,17003.658203
69,0.180611,0.561357,17253.203125
70,0.190385,0.565790,17502.814453
71,0.206763,0.566780,17752.386719
72,0.229470,0.563067,18001.917969
73,0.246266,0.563711,18251.466797
74,0.264952,0.563285,18501.080078
75,0.281208,0.562202,18750.679688
76,0.296602,0.560965,19000.150391
77,0.303120,0.562846,19266.406250
78,0.305114,0.563700,19516.003906
79,0.304638,0.563242,19765.515625
80,0.295727,0.566713,20015.083984
81,0.274573,0.572173,20264.626953
82,0.259397,0.572828,20514.232422
83,0.256061,0.575938,20763.785156
84,0.255742,0.583048,21013.310547
85,0.267887,0.583505,21262.900391
86,0.285845,0.583960,21512.433594
87,0.306045,0.584416,21762.109375
88,0.330581,0.588257,22011.615234
89,0.344904,0.600171,22261.136719
90,0.365054,0.594362,22510.730469
91,0.384227,0.595810,22760.292969
92,0.410601,0.600144,23009.902344
93,0.421912,0.602453,23259.400391
94,0.425867,0.602945,23508.962891
95,0.426299,0.603830,23758.556641
96,0.419406,0.608222,24008.130859
97,0.391651,0.604780,24257.693359
98,0.396528,0.608463,24507.193359
99,0.423428,0.611700,24756.785156
0,0.753369,0.421653,-0.059643
1,0.750173,0.428428,266.136383
2,0.741947,0.448748,515.748474
3,0.718502,0.467283,765.279663
4,0.676817,0.489029,1014.854797
5,0.633311,0.520548,1264.415894
6,0.594053,0.540404,1514.003296
7,0.561552,0.547620,1763.556396
8,0.523173,0.562534,2013.086426
9,0.493415,0.570095,2262.765381
10,0.473805,0.574277,2512.205811
11,0.463080,0.586943,2761.863281
12,0.462777,0.614577,3011.357178
13,0.471132,0.626994,3260.947998
14,0.486454,0.612049,3510.510498
15,0.499617,0.579466,3760.084473
16,0.516439,0.578329,4009.694580
17,0.540379,0.577347,4259.184082
18,0.582396,0.555650,4508.837402
19,0.620201,0.533251,4758.313965
20,0.654590,0.510843,5007.896973
21,0.696487,0.488013,5257.443848
22,0.755621,0.469695,5507.025879
23,0.813827,0.453636,5756.624512
24,0.853778,0.459092,6006.129883
25,0.886535,0.465410,6255.728027
26,0.898590,0.465407,6505.250000
27,0.900694,0.467947,6754.842773
28,0.914645,0.479189,7004.355957
29,0.936583,0.484031,7254.034180
30,0.953032,0.490202,7503.498047
31,0.967712,0.497924,7753.065430
32,0.986656,0.498477,8002.654297
33,0.011245,0.496937,8252.219727
34,0.028042,0.503810,8501.777344
35,0.039171,0.517024,8751.393555
36,0.065356,0.522641,9000.993164
37,0.101238,0.526518,9250.495117
38,0.124805,0.527585,9500.020508
39,0.142120,0.529113,9766.216797
40,0.168227,0.533279,10015.857422
41,0.188666,0.533759,10265.362305
42,0.204921,0.534162,10514.939453
43,0.214483,0.531482,10764.465820
44,0.211236,0.527227,11014.116211
45,0.215246,0.528042,11263.584961
46,0.232580,0.516094,11513.164062
47,0.255505,0.507929,11762.746094
48,0.276109,0.499680,12012.310547
49,0.295462,0.501289,12261.857422
50,0.319208,0.504773,12511.459961
51,0.337066,0.512318,12761.076172
52,0.358590,0.550497,13010.559570
53,0.382488,0.586592,13260.136719
54,0.390338,0.583001,13509.702148
55,0.388348,0.578032,13759.268555
56,0.373715,0.566651,14008.793945
57,0.350541,0.542739,14258.380859
58,0.334725,0.522827,14508.006836
59,0.322748,0.514395,14757.483398
60,0.318516,0.515965,15007.053711
61,0.316142,0.516876,15256.612305
62,0.312273,0.516962,15506.187500
63,0.308141,0.517813,15755.779297
64,0.305353,0.513883,16005.328125
65,0.298952,0.493055,16254.864258
66,0.282283,0.472798,16504.451172
67,0.265004,0.476043,16754.011719
68,0.249741,0.482092,17003.619141
69,0.227953,0.488684,17253.179688
70,0.191346,0.491796,17502.779297
71,0.160361,0.501180,17752.291016
72,0.135981,0.508438,18001.826172
73,0.110605,0.508786,18251.410156
74,0.077186,0.503532,18500.935547
75,0.052443,0.498786,18750.568359
76,0.028402,0.497569,19000.111328
77,0.001406,0.504819,19266.343750
78,0.983110,0.510142,19515.863281
79,0.974325,0.512341,19765.451172
80,0.965988,0.512067,20014.978516
81,0.954033,0.512382,20264.552734
82,0.939014,0.514505,20514.097656
83,0.918768,0.512019,20763.695312
84,0.898262,0.514580,21013.259766
85,0.883865,0.510674,21262.818359
86,0.872852,0.502268,21512.373047
87,0.865838,0.493618,21761.953125
88,0.858091,0.497651,22011.501953
89,0.852481,0.506065,22261.042969
90,0.846214,0.521111,22510.689453
91,0.842278,0.552120,22760.265625
92,0.843079,0.581263,23009.765625
93,0.838194,0.608887,23259.326172
94,0.821992,0.676214,23508.978516
95,0.810502,0.736189,23758.453125
96,0.822742,0.772184,24008.005859
97,0.831149,0.777677,24257.650391
98,0.831684,0.777726,24507.125000
99,0.832006,0.777306,24756.708984
0,0.749617,0.546256,-0.005697
1,0.746064,0.547422,266.179779
2,0.707773,0.581533,515.737610
3,0.670052,0.627083,765.350586
4,0.638371,0.634095,1014.880005
5,0.661735,0.619570,1264.394775
6,0.694820,0.614387,1514.006470
7,0.749332,0.659931,1763.559692
8,0.829984,0.663656,2013.175293
9,0.901950,0.640695,2262.704590
10,0.946292,0.624312,2512.244873
11,0.965859,0.615096,2761.824463
12,0.988936,0.613034,3011.359619
13,0.009620,0.614439,3260.943359
14,0.041230,0.608166,3510.480713
15,0.055930,0.619795,3760.094482
16,0.002920,0.648694,4009.641846
17,0.066762,0.655293,4259.193359
18,0.143614,0.644363,4508.762695
19,0.172501,0.633173,4758.284180
20,0.203691,0.634324,5007.886719
21,0.231622,0.633039,5257.427246
22,0.245837,0.634297,5507.090820
23,0.242744,0.637900,5756.545410
24,0.171737,0.630781,6006.224121
25,0.062237,0.597170,6255.666016
26,0.008079,0.579157,6505.238770
27,0.959060,0.554370,6754.845703
28,0.886312,0.530799,7004.456055
29,0.795516,0.512045,7253.968750
30,0.787143,0.483931,7503.497559
31,0.853587,0.482227,7753.154785
32,0.886281,0.511999,8002.625488
33,0.860297,0.533386,8252.201172
34,0.759816,0.568937,8501.750000
35,0.612399,0.590085,8751.326172
36,0.538936,0.611694,9000.972656
37,0.505519,0.642768,9250.450195
38,0.477651,0.664623,9500.107422
39,0.451781,0.666420,9766.221680
40,0.438363,0.661602,10015.791016
41,0.425444,0.668888,10265.347656
42,0.411436,0.685193,10514.976562
43,0.405388,0.722076,10764.505859
44,0.399725,0.786455,11014.109375
45,0.391008,0.832316,11263.599609
46,0.397547,0.865214,11513.156250
47,0.437750,0.891939,11762.717773
48,0.476190,0.929512,12012.337891
49,0.489063,0.933396,12261.847656
50,0.481623,0.927137,12511.502930
51,0.472236,0.919733,12760.982422
52,0.468833,0.907334,13010.548828
53,0.472296,0.900600,13260.169922
54,0.479392,0.897375,13509.750000
55,0.467394,0.930248,13759.301758
56,0.451317,0.986826,14008.838867
57,0.800295,0.980150,14258.414062
58,0.827380,0.970617,14507.968750
59,0.840267,0.943791,14757.496094
60,0.836662,0.945320,15007.085938
61,0.811864,0.954452,15256.710938
62,0.663085,0.975178,15506.170898
63,0.589584,0.971405,15755.750000
64,0.589408,0.972999,16005.432617
65,0.580625,0.956622,16254.890625
66,0.583652,0.922966,16504.445312
67,0.600504,0.897532,16754.017578
68,0.610149,0.846383,17003.656250
69,0.622430,0.799072,17253.126953
70,0.600867,0.750772,17502.718750
71,0.554141,0.694079,17752.304688
72,0.541350,0.651080,18001.857422
73,0.542442,0.621080,18251.371094
74,0.540525,0.601462,18501.000000
75,0.542469,0.588919,18750.601562
76,0.545472,0.576241,19000.119141
77,0.548476,0.563976,19266.326172
78,0.546141,0.559886,19515.865234
79,0.538021,0.561410,19765.464844
80,0.526959,0.563353,20015.001953
81,0.525513,0.553787,20264.535156
82,0.511082,0.549203,20514.160156
83,0.502918,0.545059,20763.751953
84,0.500445,0.544477,21013.228516
85,0.501145,0.541780,21262.818359
86,0.488672,0.545053,21512.378906
87,0.469981,0.554363,21761.972656
88,0.483992,0.549549,22011.500000
89,0.527079,0.546816,22261.048828
90,0.559877,0.542084,22510.654297
91,0.589991,0.535561,22760.224609
92,0.588790,0.534846,23009.751953
93,0.563407,0.540867,23259.302734
94,0.612264,0.546733,23508.876953
95,0.685272,0.547959,23758.451172
96,0.736161,0.544908,24007.990234
97,0.785163,0.536210,24257.570312
98,0.830206,0.527018,24507.146484
99,0.845358,0.527541,24756.697266
0,0.744529,0.875403,0.056812
1,0.744459,0.872571,266.238770
2,0.746596,0.881418,515.837097
3,0.750000,0.912339,765.367920
4,0.763493,0.944569,1014.988220
5,0.768283,0.966858,1264.534668
6,0.772289,0.974959,1514.058716
7,0.762735,0.970817,1763.691040
8,0.734632,0.951516,2013.224609
9,0.718590,0.915427,2262.752197
10,0.716347,0.871539,2512.337158
11,0.716397,0.823508,2761.907471
12,0.708275,0.773457,3011.466553
13,0.703910,0.701093,3260.991455
14,0.701844,0.644147,3510.596191
15,0.696107,0.607821,3760.183105
16,0.667050,0.584666,4009.743896
17,0.611433,0.570912,4259.339355
18,0.564943,0.568126,4508.866699
19,0.538090,0.568278,4758.422363
20,0.511973,0.578183,5007.980469
21,0.502450,0.581102,5257.518066
22,0.505045,0.583540,5507.092285
23,0.508509,0.580690,5756.635742
24,0.510333,0.577356,6006.230469
25,0.519819,0.568322,6255.843750
26,0.535303,0.562747,6505.360840
27,0.568274,0.554832,6754.934570
28,0.622513,0.539122,7004.465820
29,0.694360,0.513818,7254.012695
30,0.749238,0.497300,7503.585938
31,0.797398,0.493425,7753.154785
32,0.839230,0.493307,8002.736328
33,0.881306,0.495971,8252.278320
34,0.922449,0.504195,8501.839844
35,0.954370,0.515562,8751.415039
36,0.983320,0.533326,9000.983398
37,0.022455,0.557580,9250.533203
38,0.059138,0.553040,9500.102539
39,0.084055,0.547444,9766.316406
40,0.107721,0.545625,10015.881836
41,0.126975,0.542587,10265.453125
42,0.153026,0.547740,10514.994141
43,0.186964,0.554621,10764.555664
44,0.219015,0.580731,11014.145508
45,0.249096,0.606788,11263.681641
46,0.286220,0.664642,11513.259766
47,0.316535,0.714719,11762.806641
48,0.331401,0.730591,12012.377930
49,0.333708,0.743147,12261.957031
50,0.333444,0.748864,12511.511719
51,0.329762,0.727638,12761.083008
52,0.327007,0.691414,13010.641602
53,0.334616,0.659581,13260.201172
54,0.356398,0.620936,13509.770508
55,0.371429,0.603434,13759.383789
56,0.383281,0.598330,14008.882812
57,0.378370,0.587939,14258.474609
58,0.356944,0.574026,14508.020508
59,0.339833,0.570824,14757.609375
60,0.313206,0.562438,15007.151367
61,0.293440,0.560089,15256.742188
62,0.276607,0.555788,15506.293945
63,0.259017,0.553307,15755.859375
64,0.232563,0.555956,16005.397461
65,0.205811,0.556791,16254.963867
66,0.184710,0.554669,16504.539062
67,0.153134,0.550352,16754.107422
68,0.113112,0.533888,17003.656250
69,0.075740,0.515389,17253.222656
70,0.039911,0.505940,17502.777344
71,0.990938,0.497006,17752.359375
72,0.939320,0.512026,18001.919922
73,0.902193,0.514158,18251.482422
74,0.878514,0.519458,18501.052734
75,0.866632,0.523159,18750.605469
76,0.862793,0.529823,19000.173828
77,0.861944,0.535813,19266.386719
78,0.857317,0.540756,19515.939453
79,0.848171,0.543160,19765.503906
80,0.839073,0.538827,20015.056641
81,0.821844,0.532507,20264.658203
82,0.795659,0.533756,20514.203125
83,0.771878,0.537855,20763.746094
84,0.752850,0.537092,21013.308594
85,0.737562,0.535785,21262.912109
86,0.733007,0.537698,21512.453125
87,0.735890,0.539372,21762.017578
88,0.734358,0.539310,22011.580078
89,0.735636,0.541619,22261.179688
90,0.735466,0.542753,22510.695312
91,0.734727,0.543608,22760.287109
92,0.736541,0.545057,23009.824219
93,0.738867,0.547102,23259.380859
94,0.740616,0.548819,23508.966797
95,0.738765,0.548878,23758.523438
96,0.733858,0.552080,24008.097656
97,0.733695,0.540450,24257.658203
98,0.735768,0.541179,24507.220703
99,0.737676,0.543977,24756.802734
0,0.752466,0.521335,0.045173
1,0.760735,0.523787,266.259369
2,0.790383,0.533507,515.829834
3,0.840375,0.533551,765.364502
4,0.797605,0.534955,1014.954041
5,0.724923,0.537266,1264.481934
6,0.705252,0.509582,1514.085815
7,0.633881,0.469761,1763.627808
8,0.604620,0.493737,2013.227661
9,0.594207,0.525707,2262.765869
10,0.634179,0.600316,2512.330078
11,0.687676,0.653749,2761.879639
12,0.792916,0.659111,3011.467529
13,0.855625,0.661566,3261.018311
14,0.821984,0.751587,3510.564209
15,0.827578,0.795773,3760.152344
16,0.839289,0.816961,4009.709473
17,0.835344,0.843832,4259.259766
18,0.790033,0.887092,4508.851074
19,0.749506,0.895435,4758.426758
20,0.749680,0.892731,5007.965820
21,0.758849,0.890447,5257.513672
22,0.788841,0.889706,5507.119141
23,0.811131,0.885774,5756.633301
24,0.814649,0.886775,6006.248535
25,0.825294,0.888527,6255.771973
26,0.816809,0.893671,6505.339355
27,0.812815,0.895749,6754.908203
28,0.811114,0.896384,7004.474609
29,0.810433,0.895889,7254.037598
30,0.809655,0.895255,7503.599609
31,0.807251,0.896260,7753.156738
32,0.805788,0.896754,8002.714844
33,0.805262,0.896815,8252.293945
34,0.804311,0.896707,8501.856445
35,0.783472,0.893330,8751.429688
36,0.649297,0.860282,9000.974609
37,0.561508,0.815282,9250.540039
38,0.472249,0.765276,9500.105469
39,0.437978,0.785880,9766.311523
40,0.439287,0.824891,10015.962891
41,0.415087,0.817086,10265.425781
42,0.397959,0.782314,10515.003906
43,0.396510,0.750354,10764.566406
44,0.399926,0.701678,11014.117188
45,0.403969,0.629615,11263.680664
46,0.409092,0.602602,11513.272461
47,0.419917,0.577363,11762.832031
48,0.436846,0.554832,12012.390625
49,0.443008,0.549726,12261.946289
50,0.456375,0.556326,12511.523438
51,0.477948,0.607380,12761.083008
52,0.479015,0.612858,13010.634766
53,0.476259,0.615877,13260.198242
54,0.475679,0.619081,13509.779297
55,0.477874,0.617066,13759.319336
56,0.504065,0.595401,14008.886719
57,0.523363,0.563386,14258.511719
58,0.513265,0.535593,14508.030273
59,0.463289,0.520590,14757.601562
60,0.476674,0.502073,15007.146484
61,0.524322,0.487113,15256.723633
62,0.628986,0.476604,15506.267578
63,0.712081,0.462729,15755.852539
64,0.851280,0.449965,16005.416016
65,0.946639,0.485207,16254.978516
66,0.993865,0.524238,16504.523438
67,0.030476,0.551247,16754.103516
68,0.064816,0.561577,17003.650391
69,0.068908,0.561250,17253.218750
70,0.073586,0.559714,17502.785156
71,0.085855,0.559670,17752.365234
72,0.107984,0.566605,18001.925781
73,0.127608,0.569085,18251.482422
74,0.113214,0.561988,18501.046875
75,0.015805,0.531225,18750.619141
76,0.974211,0.495969,19000.164062
77,0.959200,0.495626,19266.378906
78,0.942905,0.497539,19515.947266
79,0.929755,0.500431,19765.501953
80,0.903768,0.497468,20015.066406
81,0.871008,0.493256,20264.615234
82,0.856558,0.487441,20514.187500
83,0.840342,0.480173,20763.761719
84,0.817280,0.470875,21013.314453
85,0.761108,0.462323,21262.878906
86,0.694986,0.459012,21512.453125
87,0.655670,0.476516,21762.025391
88,0.683551,0.485089,22011.570312
89,0.761206,0.466102,22261.154297
90,0.771149,0.441335,22510.710938
91,0.798807,0.454589,22760.265625
92,0.815052,0.467351,23009.824219
93,0.824466,0.530202,23259.388672
94,0.832209,0.574510,23508.994141
95,0.864854,0.585391,23758.533203
96,0.909655,0.581481,24008.080078
97,0.955325,0.569109,24257.658203
98,0.000388,0.549335,24507.205078
99,0.012732,0.546207,24756.773438
0,0.746293,0.575028,0.041710
1,0.743662,0.561041,266.209015
2,0.703696,0.543745,515.805847
3,0.649524,0.531217,765.449585
4,0.621240,0.531012,1015.007141
5,0.601611,0.538586,1264.513062
6,0.583169,0.552441,1514.149170
7,0.561195,0.568765,1763.703247
8,0.537729,0.582764,2013.162231
9,0.511387,0.595417,2262.812744
10,0.485730,0.612708,2512.288818
11,0.465697,0.633749,2761.870361
12,0.454779,0.664798,3011.500488
13,0.452869,0.710888,3261.098389
14,0.460306,0.660143,3510.655273
15,0.465655,0.602566,3760.101807
16,0.467067,0.577671,4009.725342
17,0.468984,0.578369,4259.269531
18,0.473239,0.579617,4508.815918
19,0.483779,0.576774,4758.372559
20,0.503102,0.575901,5007.986816
21,0.600187,0.636892,5257.497070
22,0.720160,0.724752,5507.102051
23,0.773091,0.774504,5756.679688
24,0.819497,0.784413,6006.233887
25,0.855081,0.793297,6255.781250
26,0.886346,0.793772,6505.399414
27,0.936759,0.795636,6754.967773
28,0.990668,0.804437,7004.453613
29,0.039969,0.807618,7254.015137
30,0.074876,0.813774,7503.615234
31,0.105164,0.806578,7753.180664
32,0.138619,0.760810,8002.738770
33,0.157255,0.691969,8252.356445
34,0.174248,0.631795,8501.926758
35,0.182399,0.580286,8751.507812
36,0.190193,0.550303,9000.978516
37,0.199067,0.544289,9250.548828
38,0.233188,0.548770,9500.100586
39,0.254902,0.554069,9766.295898
40,0.250971,0.560872,10015.913086
41,0.233850,0.568361,10265.501953
42,0.198990,0.576158,10515.038086
43,0.149419,0.580005,10764.640625
44,0.089931,0.574823,11014.100586
45,0.041493,0.572676,11263.658203
46,0.006953,0.567207,11513.226562
47,0.976182,0.562952,11762.792969
48,0.950135,0.563704,12012.436523
49,0.922410,0.554606,12261.910156
50,0.868097,0.528457,12511.530273
51,0.822041,0.517770,12761.071289
52,0.793556,0.512364,13010.687500
53,0.772440,0.514992,13260.204102
54,0.751684,0.514109,13509.805664
55,0.722268,0.514905,13759.369141
56,0.711149,0.516661,14008.907227
57,0.701026,0.514169,14258.491211
58,0.724706,0.535831,14508.005859
59,0.822938,0.571696,14757.625977
60,0.867074,0.574483,15007.225586
61,0.879764,0.590435,15256.729492
62,0.895273,0.608811,15506.282227
63,0.920685,0.605866,15755.837891
64,0.950939,0.600111,16005.408203
65,0.969570,0.602636,16254.988281
66,0.965055,0.611621,16504.554688
67,0.940117,0.652964,16754.058594
68,0.914778,0.739072,17003.736328
69,0.909648,0.762581,17253.242188
70,0.923315,0.743785,17502.814453
71,0.967899,0.678013,17752.359375
72,0.015407,0.620871,18001.904297
73,0.058020,0.569751,18251.541016
74,0.093233,0.544622,18501.068359
75,0.126067,0.533643,18750.644531
76,0.156577,0.528128,19000.187500
77,0.181689,0.541740,19266.384766
78,0.180892,0.556094,19515.941406
79,0.127521,0.563528,19765.505859
80,0.039688,0.555709,20015.052734
81,0.985463,0.548676,20264.621094
82,0.954335,0.541437,20514.164062
83,0.934025,0.535391,20763.755859
84,0.934221,0.538697,21013.300781
85,0.966849,0.568234,21262.892578
86,0.998262,0.583627,21512.445312
87,0.038001,0.590353,21762.009766
88,0.130940,0.589256,22011.560547
89,0.189183,0.583448,22261.130859
90,0.221569,0.584970,22510.718750
91,0.243261,0.582449,22760.255859
92,0.252356,0.577681,23009.810547
93,0.245046,0.578183,23259.371094
94,0.231740,0.581833,23508.964844
95,0.211527,0.582637,23758.494141
96,0.188235,0.582134,24008.093750
97,0.152191,0.583199,24257.662109
98,0.111763,0.584406,24507.218750
99,0.104024,0.582286,24756.785156
0,0.753372,0.513952,-0.121400
1,0.767010,0.527007,266.151459
2,0.790839,0.533626,515.610168
3,0.815041,0.526610,765.174500
4,0.839685,0.523090,1014.750183
5,0.879676,0.528810,1264.348755
6,0.931344,0.539014,1513.886963
7,0.969234,0.576090,1763.490356
8,0.981497,0.580934,2013.024414
9,0.001157,0.578988,2262.578613
10,0.013959,0.581307,2512.125977
11,0.036094,0.581201,2761.769775
12,0.046423,0.572800,3011.348145
13,0.044437,0.567885,3260.872559
14,0.028900,0.560963,3510.402588
15,0.963059,0.546700,3759.946045
16,0.929869,0.550945,4009.552979
17,0.912322,0.561890,4259.060059
18,0.892080,0.561686,4508.617676
19,0.871423,0.551468,4758.234375
20,0.839868,0.544213,5007.806641
21,0.781341,0.528203,5257.351074
22,0.725803,0.508109,5506.880371
23,0.679237,0.507575,5756.505371
24,0.658032,0.507005,6006.010254
25,0.658789,0.504294,6255.681152
26,0.652689,0.521267,6505.179199
27,0.644505,0.535352,6754.757812
28,0.618290,0.545824,7004.326660
29,0.582536,0.551936,7253.830078
30,0.556324,0.559234,7503.447754
31,0.556957,0.562448,7752.962891
32,0.562736,0.567723,8002.603027
33,0.561929,0.570254,8252.150391
34,0.573949,0.562167,8501.688477
35,0.623522,0.544394,8751.238281
36,0.724531,0.521381,9000.836914
37,0.841446,0.508704,9250.394531
38,0.945910,0.507989,9516.572266
39,0.029674,0.517853,9766.142578
40,0.110507,0.529658,10015.711914
41,0.187726,0.531848,10265.304688
42,0.233644,0.533585,10514.816406
43,0.269017,0.534815,10764.387695
44,0.320571,0.532774,11013.936523
45,0.347737,0.535539,11263.512695
46,0.360093,0.538927,11513.074219
47,0.372572,0.541267,11762.619141
48,0.388226,0.549420,12012.200195
49,0.415197,0.559175,12261.763672
50,0.437027,0.562852,12511.354492
51,0.440569,0.562573,12760.876953
52,0.433076,0.561801,13010.451172
53,0.428646,0.568572,13260.021484
54,0.428210,0.575361,13509.566406
55,0.424833,0.576766,13759.133789
56,0.419311,0.573677,14008.707031
57,0.415558,0.572561,14258.274414
58,0.419105,0.576855,14507.834961
59,0.427005,0.578275,14757.416016
60,0.445865,0.587744,15006.968750
61,0.471959,0.597424,15256.532227
62,0.500268,0.603451,15506.093750
63,0.521396,0.611553,15755.698242
64,0.518466,0.619247,16005.205078
65,0.488000,0.623920,16254.804688
66,0.414747,0.632773,16504.343750
67,0.338536,0.630006,16753.917969
68,0.282803,0.604630,17003.460938
69,0.242157,0.586734,17253.058594
70,0.208967,0.574501,17502.611328
71,0.182953,0.566794,17752.158203
72,0.166811,0.561171,18001.714844
73,0.177174,0.561639,18251.300781
74,0.204309,0.565185,18500.873047
75,0.229360,0.561616,18750.423828
76,0.267365,0.552067,19016.632812
77,0.268721,0.550984,19266.197266
78,0.260513,0.544828,19515.761719
79,0.212859,0.537500,19765.314453
80,0.161299,0.531951,20014.886719
81,0.127658,0.528351,20264.431641
82,0.090680,0.524897,20514.031250
83,0.046072,0.509006,20763.566406
84,0.016554,0.506810,21013.171875
85,0.998138,0.515550,21262.716797
86,0.978680,0.530050,21512.279297
87,0.958913,0.545250,21761.826172
88,0.941382,0.556824,22011.435547
89,0.924055,0.563685,22260.949219
90,0.907811,0.566183,22510.511719
91,0.887384,0.571897,22760.076172
92,0.862836,0.574144,23009.652344
93,0.838263,0.575743,23259.212891
94,0.825291,0.574327,23508.791016
95,0.843667,0.569054,23758.324219
96,0.921903,0.560755,24007.906250
97,0.040624,0.557868,24257.462891
98,0.188803,0.547244,24507.023438
99,0.298218,0.554366,24756.585938
0,0.752694,0.564284,0.069967
1,0.746783,0.550399,266.272156
2,0.725344,0.547122,515.841736
3,0.680632,0.523729,765.484924
4,0.641416,0.503099,1014.945374
5,0.586840,0.493081,1264.564209
6,0.568861,0.492008,1514.088379
7,0.656829,0.491953,1763.619751
8,0.709191,0.476657,2013.291992
9,0.755570,0.487390,2262.772461
10,0.817824,0.466021,2512.416504
11,0.856383,0.467162,2761.878418
12,0.885199,0.462290,3011.508057
13,0.917699,0.468234,3261.048584
14,0.945413,0.489583,3510.568604
15,0.977950,0.508832,3760.153809
16,0.961164,0.589168,4009.721680
17,0.863390,0.671340,4259.291992
18,0.789011,0.724543,4508.881348
19,0.728585,0.740207,4758.408691
20,0.670726,0.756552,5007.968750
21,0.611672,0.778504,5257.535645
22,0.548959,0.775682,5507.116211
23,0.491286,0.728368,5756.678223
24,0.436265,0.656031,6006.233398
25,0.414811,0.612831,6255.795898
26,0.412640,0.575932,6505.369141
27,0.424310,0.547619,6754.920410
28,0.435691,0.528581,7004.482910
29,0.447841,0.511694,7254.043457
30,0.441304,0.502946,7503.630859
31,0.420589,0.498975,7753.164062
32,0.416990,0.499781,8002.764160
33,0.417795,0.497516,8252.294922
34,0.425438,0.500564,8501.894531
35,0.441044,0.521081,8751.433594
36,0.470915,0.537586,9000.993164
37,0.514554,0.536354,9250.550781
38,0.553535,0.517130,9500.115234
39,0.570876,0.506078,9766.331055
40,0.574182,0.493628,10015.875000
41,0.542654,0.475823,10265.445312
42,0.499127,0.478145,10514.999023
43,0.488789,0.482407,10764.566406
44,0.493468,0.482756,11014.130859
45,0.518299,0.481536,11263.734375
46,0.555821,0.478094,11513.254883
47,0.588212,0.481130,11762.819336
48,0.600330,0.487002,12012.397461
49,0.612270,0.493005,12261.965820
50,0.621975,0.495146,12511.519531
51,0.630767,0.496322,12761.095703
52,0.634088,0.495301,13010.650391
53,0.617810,0.502877,13260.206055
54,0.578951,0.509300,13509.799805
55,0.556963,0.509326,13759.375977
56,0.545689,0.511121,14008.922852
57,0.546147,0.515462,14258.477539
58,0.559104,0.525071,14508.054688
59,0.582077,0.540143,14757.594727
60,0.597624,0.551992,15007.169922
61,0.604057,0.556325,15256.719727
62,0.604229,0.546450,15506.294922
63,0.591322,0.509045,15755.852539
64,0.556705,0.489941,16005.424805
65,0.525367,0.482530,16254.978516
66,0.535155,0.477971,16504.550781
67,0.546913,0.477439,16754.142578
68,0.586562,0.478235,17003.691406
69,0.629142,0.469551,17253.232422
70,0.675072,0.457927,17502.787109
71,0.756480,0.465673,17752.359375
72,0.816378,0.473295,18001.933594
73,0.864305,0.496620,18251.496094
74,0.903334,0.514395,18501.052734
75,0.949533,0.527847,18750.615234
76,0.996678,0.536540,19000.197266
77,0.057193,0.537796,19266.390625
78,0.119389,0.525786,19515.964844
79,0.176769,0.525914,19765.519531
80,0.214265,0.545169,20015.078125
81,0.239635,0.569890,20264.638672
82,0.261403,0.590577,20514.234375
83,0.282957,0.596967,20763.750000
84,0.289600,0.596611,21013.431641
85,0.282456,0.562028,21262.917969
86,0.264181,0.527855,21512.453125
87,0.260248,0.520030,21762.052734
88,0.245562,0.507491,22011.578125
89,0.243056,0.507043,22261.179688
90,0.265332,0.512108,22510.693359
91,0.312278,0.507871,22760.333984
92,0.340835,0.483793,23009.861328
93,0.362387,0.481610,23259.400391
94,0.367253,0.485222,23508.972656
95,0.364408,0.482890,23758.611328
96,0.357645,0.486003,24008.152344
97,0.345706,0.486383,24257.660156
98,0.326635,0.482674,24507.267578
99,0.310777,0.480987,24756.785156
0,0.751484,0.480812,0.032508
1,0.754178,0.509730,266.189240
2,0.741851,0.569107,515.745056
3,0.745771,0.637122,765.309326
4,0.750743,0.696178,1014.938416
5,0.749828,0.746328,1264.451416
6,0.752088,0.775126,1514.055298
7,0.756790,0.789922,1763.685303
8,0.761499,0.806486,2013.202637
9,0.757295,0.832540,2262.690186
10,0.750980,0.835075,2512.321533
11,0.748798,0.787662,2761.860352
12,0.747045,0.743813,3011.387939
13,0.752497,0.717326,3261.095703
14,0.769615,0.674432,3510.593994
15,0.798753,0.616532,3760.089600
16,0.822979,0.559487,4009.694580
17,0.848551,0.507483,4259.250977
18,0.860319,0.488414,4508.800781
19,0.902888,0.511662,4758.337891
20,0.934202,0.536145,5008.000977
21,0.968609,0.547103,5257.527832
22,0.994253,0.547423,5507.059082
23,0.025045,0.547949,5756.594238
24,0.061377,0.549141,6006.227051
25,0.094702,0.546831,6255.755371
26,0.122120,0.547850,6505.292480
27,0.127569,0.552689,6754.942383
28,0.130082,0.569741,7004.446777
29,0.138639,0.607791,7254.059570
30,0.092247,0.613351,7503.535156
31,0.026882,0.612300,7753.160645
32,0.983651,0.602092,8002.676758
33,0.955073,0.576942,8252.262695
34,0.942341,0.548411,8501.805664
35,0.894312,0.534371,8751.448242
36,0.864029,0.525277,9001.032227
37,0.848408,0.520756,9250.487305
38,0.832039,0.521553,9500.082031
39,0.808571,0.536131,9766.343750
40,0.794098,0.580375,10015.850586
41,0.795654,0.618491,10265.419922
42,0.769199,0.646064,10514.950195
43,0.732156,0.682099,10764.520508
44,0.684887,0.666968,11014.185547
45,0.639071,0.619194,11263.637695
46,0.613111,0.576687,11513.248047
47,0.597704,0.560301,11762.759766
48,0.570946,0.570813,12012.340820
49,0.557799,0.587263,12261.918945
50,0.524346,0.582208,12511.483398
51,0.498369,0.572690,12761.132812
52,0.483039,0.555403,13010.634766
53,0.483182,0.554792,13260.233398
54,0.504035,0.559829,13509.737305
55,0.506536,0.572951,13759.302734
56,0.477564,0.630599,14008.878906
57,0.441404,0.673233,14258.510742
58,0.417370,0.713702,14507.987305
59,0.396133,0.749289,14757.535156
60,0.381313,0.770539,15007.192383
61,0.375501,0.806168,15256.676758
62,0.356256,0.828499,15506.259766
63,0.380121,0.829036,15755.822266
64,0.413985,0.793356,16005.403320
65,0.427779,0.738957,16254.933594
66,0.422463,0.707510,16504.472656
67,0.421997,0.690971,16754.044922
68,0.428746,0.651369,17003.662109
69,0.433795,0.624491,17253.224609
70,0.435658,0.616988,17502.773438
71,0.426497,0.615804,17752.343750
72,0.422656,0.616264,18001.906250
73,0.424410,0.646278,18251.419922
74,0.402038,0.647931,18501.009766
75,0.322396,0.623525,18750.554688
76,0.291584,0.608001,19000.169922
77,0.257246,0.617028,19266.341797
78,0.223023,0.610630,19515.970703
79,0.202779,0.593591,19765.466797
80,0.188295,0.582507,20015.062500
81,0.161638,0.566807,20264.597656
82,0.117478,0.559060,20514.183594
83,0.089178,0.567744,20763.736328
84,0.063135,0.575070,21013.271484
85,0.033685,0.568424,21262.861328
86,0.003093,0.561664,21512.416016
87,0.993172,0.565056,21761.976562
88,0.984830,0.560109,22011.517578
89,0.988616,0.548986,22261.179688
90,0.016378,0.553948,22510.718750
91,0.051787,0.548681,22760.230469
92,0.101904,0.539992,23009.837891
93,0.153731,0.544440,23259.402344
94,0.213674,0.571668,23508.955078
95,0.253060,0.597151,23758.488281
96,0.280654,0.622981,24008.123047
97,0.316264,0.679395,24257.640625
98,0.353060,0.718034,24507.207031
99,0.369084,0.737138,24756.742188
