Idx, longitude, latitude, start timestamp
0,0.750098,0.524889,-0.052056
1,0.750188,0.524705,266.049286
2,0.728939,0.524936,515.711121
3,0.672235,0.517630,765.352478
4,0.657693,0.508305,1014.825562
5,0.685840,0.423110,1264.462402
6,0.707235,0.338229,1513.917236
7,0.726653,0.359488,1763.582642
8,0.740417,0.406872,2013.043701
9,0.805874,0.423246,2262.696533
10,0.865121,0.412240,2512.173828
11,0.867347,0.408950,2761.753418
12,0.865691,0.411503,3011.289551
13,0.864891,0.416195,3260.955322
14,0.863323,0.421402,3510.381104
15,0.859171,0.452475,3759.985352
16,0.857649,0.523863,4009.711914
17,0.876384,0.544336,4259.175781
18,0.954910,0.525626,4508.720703
19,0.002391,0.500957,4758.245117
20,0.006789,0.428770,5007.885742
21,0.013887,0.441019,5257.396484
22,0.036240,0.503165,5507.044922
23,0.040846,0.526203,5756.511230
24,0.045172,0.537434,6006.104492
25,0.054864,0.535297,6255.602539
26,0.062775,0.520806,6505.181641
27,0.064033,0.520127,6754.737793
28,0.063972,0.521318,7004.306641
29,0.064353,0.522507,7253.977539
30,0.060928,0.523435,7503.481445
31,0.004517,0.525745,7753.100586
32,0.948104,0.539166,8002.584473
33,0.868874,0.558534,8252.189453
34,0.793695,0.578474,8501.732422
35,0.750213,0.572215,8751.264648
36,0.725331,0.555971,9000.766602
37,0.671494,0.534334,9250.419922
38,0.638518,0.530128,9516.748047
39,0.562096,0.521319,9766.186523
40,0.513113,0.517133,10015.798828
41,0.495673,0.515033,10265.247070
42,0.475573,0.515935,10514.941406
43,0.458286,0.509345,10764.376953
44,0.427477,0.512709,11013.996094
45,0.406374,0.523346,11263.519531
46,0.380134,0.538896,11513.129883
47,0.361359,0.526439,11762.623047
48,0.326941,0.478130,12012.282227
49,0.298200,0.446905,12261.726562
50,0.294543,0.415413,12511.405273
51,0.294837,0.420985,12760.927734
52,0.295569,0.447359,13010.533203
53,0.297701,0.463458,13260.061523
54,0.298368,0.471514,13509.559570
55,0.303783,0.478018,13759.183594
56,0.395016,0.431684,14008.735352
57,0.467531,0.384283,14258.403320
58,0.485202,0.379530,14507.805664
59,0.488576,0.390038,14757.420898
60,0.491195,0.390828,15006.900391
61,0.492433,0.395401,15256.529297
62,0.498288,0.408058,15506.142578
63,0.496195,0.428264,15755.666016
64,0.497791,0.439479,16005.317383
65,0.495734,0.439559,16254.758789
66,0.493398,0.436734,16504.466797
67,0.493759,0.437786,16753.947266
68,0.492605,0.442850,17003.505859
69,0.480449,0.466371,17252.990234
70,0.465502,0.480782,17502.697266
71,0.455149,0.497192,17835.392578
72,0.448196,0.496802,18084.867188
73,0.439737,0.501321,18334.490234
74,0.498881,0.487625,18584.123047
75,0.574389,0.461887,18817.017578
76,0.581236,0.452790,19066.505859
77,0.606615,0.457112,19316.210938
78,0.626819,0.467809,19582.386719
79,0.630753,0.468322,19831.843750
80,0.632661,0.468765,20064.812500
81,0.633943,0.468993,20330.929688
82,0.649847,0.468163,20563.947266
83,0.674103,0.467515,20813.435547
84,0.764565,0.487472,21063.066406
85,0.788632,0.497407,21312.613281
86,0.826980,0.513643,21562.195312
87,0.836508,0.535003,21811.673828
88,0.815205,0.737810,22061.339844
89,0.763058,0.861045,22310.898438
90,0.716666,0.689063,22560.425781
91,0.700557,0.371381,22793.302734
92,0.700405,0.253242,23059.570312
93,0.700189,0.230719,23309.171875
94,0.703609,0.226981,23558.718750
95,0.703725,0.232142,23808.259766
96,0.702897,0.241522,24057.750000
97,0.715179,0.251610,24307.421875
98,0.806749,0.290373,24556.871094
99,0.855229,0.332183,24806.494141
0,0.761339,0.488231,-0.003170
1,0.767553,0.492376,266.207794
2,0.766294,0.509081,515.822998
3,0.743699,0.497835,765.307007
4,0.732800,0.462147,1014.973572
5,0.731014,0.442645,1264.503540
6,0.707005,0.456208,1514.161987
7,0.685447,0.480635,1763.601929
8,0.670787,0.496389,2013.181396
9,0.651495,0.510263,2262.739502
10,0.638605,0.518468,2512.304199
11,0.623766,0.521729,2761.841064
12,0.607645,0.521013,3011.403076
13,0.586062,0.520483,3260.964355
14,0.569844,0.514083,3510.625000
15,0.558372,0.485050,3760.195068
16,0.559897,0.443476,4009.692139
17,0.567179,0.387975,4259.306641
18,0.598286,0.310826,4508.854492
19,0.633517,0.268261,4775.123535
20,0.675006,0.258240,5008.008789
21,0.735782,0.285199,5257.485840
22,0.705326,0.286881,5506.994141
23,0.700181,0.288634,5756.706543
24,0.770787,0.330758,6006.213379
25,0.815837,0.410987,6255.808105
26,0.806355,0.441794,6505.306152
27,0.776424,0.456969,6754.916016
28,0.782371,0.450299,7004.412109
29,0.836867,0.479357,7254.023926
30,0.878730,0.505168,7503.626953
31,0.901830,0.517174,7753.142578
32,0.952370,0.505502,8002.730957
33,0.002967,0.493267,8252.224609
34,0.036993,0.491438,8501.889648
35,0.042716,0.428628,8751.375977
36,0.029912,0.351426,9001.008789
37,0.061019,0.370240,9250.509766
38,0.111527,0.443019,9500.193359
39,0.128034,0.466016,9766.370117
40,0.130352,0.482042,10015.867188
41,0.142817,0.473768,10265.450195
42,0.152195,0.481437,10514.994141
43,0.159885,0.482969,10764.597656
44,0.171443,0.502744,11014.098633
45,0.193137,0.484275,11263.668945
46,0.211341,0.475041,11513.238281
47,0.228399,0.472379,11762.892578
48,0.242896,0.468623,12012.321289
49,0.253838,0.442375,12262.004883
50,0.265150,0.393032,12511.566406
51,0.272547,0.362458,12761.053711
52,0.286382,0.374791,13010.688477
53,0.292779,0.432554,13260.194336
54,0.297761,0.464688,13509.772461
55,0.326654,0.495584,13759.296875
56,0.340069,0.504910,14008.931641
57,0.357426,0.506591,14258.437500
58,0.366323,0.506351,14508.005859
59,0.372787,0.488259,14757.520508
60,0.371773,0.469599,15007.209961
61,0.363630,0.431719,15256.743164
62,0.368720,0.415808,15506.278320
63,0.395734,0.407506,15755.987305
64,0.416276,0.455478,16005.395508
65,0.441805,0.499953,16254.995117
66,0.452441,0.500055,16504.492188
67,0.463055,0.501914,16754.169922
68,0.467392,0.500186,17003.705078
69,0.461669,0.462946,17253.246094
70,0.456094,0.436924,17502.767578
71,0.451820,0.432212,17752.345703
72,0.448770,0.428261,18001.929688
73,0.449365,0.429731,18251.484375
74,0.452008,0.434304,18501.068359
75,0.452206,0.435801,18750.615234
76,0.448870,0.452106,19000.205078
77,0.429242,0.487423,19266.343750
78,0.403831,0.481397,19515.949219
79,0.388015,0.478398,19765.441406
80,0.385464,0.479003,20015.130859
81,0.415032,0.471492,20264.583984
82,0.438801,0.457140,20514.214844
83,0.461246,0.442958,20763.695312
84,0.473211,0.446240,21013.328125
85,0.485794,0.462786,21262.960938
86,0.497842,0.483956,21512.458984
87,0.500118,0.486385,21762.076172
88,0.506899,0.497038,22011.585938
89,0.508287,0.499175,22261.150391
90,0.517261,0.519933,22510.677734
91,0.519083,0.524044,22760.265625
92,0.519307,0.519896,23009.789062
93,0.517486,0.502639,23259.376953
94,0.509174,0.483187,23508.914062
95,0.510386,0.479495,23758.496094
96,0.515215,0.488326,24008.052734
97,0.514542,0.494658,24257.654297
98,0.460561,0.488686,24507.253906
99,0.374171,0.489343,24756.767578
0,0.759157,0.477288,0.005248
1,0.787472,0.475796,266.260376
2,0.807499,0.489171,515.777405
3,0.836587,0.517419,765.324829
4,0.872862,0.527980,1014.940491
5,0.907349,0.508435,1264.416870
6,0.944411,0.489450,1514.113281
7,0.979763,0.463828,1763.538940
8,0.002339,0.464844,2013.123779
9,0.014840,0.468957,2262.596191
10,0.014056,0.449718,2512.277832
11,0.020580,0.428696,2761.911865
12,0.039050,0.423687,3011.382568
13,0.062523,0.415960,3260.995850
14,0.075723,0.418954,3510.516846
15,0.085321,0.418018,3760.100830
16,0.095530,0.414960,4009.675049
17,0.101892,0.412891,4259.199707
18,0.104383,0.404286,4508.768066
19,0.117486,0.413875,4758.357910
20,0.142501,0.437601,5007.856934
21,0.160402,0.454170,5257.479492
22,0.178470,0.464091,5507.077148
23,0.199329,0.459929,5756.567383
24,0.211832,0.444130,6006.187988
25,0.220913,0.445367,6255.699219
26,0.226901,0.456429,6505.296387
27,0.230591,0.467141,6754.844238
28,0.235955,0.483987,7004.478516
29,0.241308,0.492619,7253.920410
30,0.263652,0.498956,7503.542969
31,0.284798,0.498435,7753.081543
32,0.303786,0.500191,8002.703613
33,0.308077,0.502332,8252.151367
34,0.305921,0.500463,8501.762695
35,0.301677,0.496874,8751.446289
36,0.298287,0.493413,9000.932617
37,0.294449,0.480504,9250.580078
38,0.301355,0.465100,9500.023438
39,0.318269,0.466470,9766.249023
40,0.340168,0.476997,10015.794922
41,0.360144,0.477031,10265.387695
42,0.379769,0.476425,10514.942383
43,0.400675,0.476818,10847.662109
44,0.414621,0.482591,11097.268555
45,0.433727,0.489850,11330.147461
46,0.449678,0.498893,11579.777344
47,0.457427,0.505667,11829.353516
48,0.459772,0.509959,12078.897461
49,0.459660,0.512158,12311.905273
50,0.460260,0.514617,12561.354492
51,0.459444,0.517092,12794.280273
52,0.455576,0.517638,13043.823242
53,0.444003,0.513582,13276.772461
54,0.426650,0.503714,13526.395508
55,0.404008,0.498042,13776.001953
56,0.362530,0.494281,14025.437500
57,0.313691,0.495021,14275.093750
58,0.266521,0.493330,14524.560547
59,0.230492,0.489029,14774.250000
60,0.182958,0.486715,15023.682617
61,0.135867,0.489888,15289.971680
62,0.104292,0.499215,15539.440430
63,0.062765,0.500209,15805.670898
64,0.022486,0.500270,16071.954102
65,0.998380,0.482909,16321.425781
66,0.998028,0.448629,16587.671875
67,0.982063,0.434165,16837.158203
68,0.955344,0.452764,17003.529297
69,0.921480,0.488489,17253.179688
70,0.885810,0.516651,17502.791016
71,0.859303,0.527387,17752.287109
72,0.845014,0.530037,18001.910156
73,0.827642,0.528021,18251.402344
74,0.804335,0.517110,18501.041016
75,0.783106,0.501642,18750.537109
76,0.766505,0.488584,19000.128906
77,0.752986,0.463425,19266.281250
78,0.749403,0.440901,19532.492188
79,0.737327,0.411235,19765.425781
80,0.734112,0.402290,20015.031250
81,0.731609,0.408193,20264.671875
82,0.728045,0.414854,20530.736328
83,0.717318,0.419969,20780.292969
84,0.698034,0.427508,21029.859375
85,0.677335,0.438037,21279.480469
86,0.660520,0.456367,21512.355469
87,0.650369,0.466931,21761.957031
88,0.646541,0.473198,22011.511719
89,0.641718,0.472804,22261.123047
90,0.637739,0.475441,22527.234375
91,0.642005,0.479966,22776.830078
92,0.657323,0.487907,23009.849609
93,0.671323,0.486776,23275.949219
94,0.682438,0.483245,23508.957031
95,0.678045,0.480557,23758.460938
96,0.651039,0.482264,24008.064453
97,0.617302,0.488447,24274.236328
98,0.587673,0.488842,24523.880859
99,0.564843,0.492539,24773.337891
0,0.749971,0.449468,-0.035536
1,0.750037,0.449863,266.106537
2,0.749839,0.449468,515.685730
3,0.748880,0.451401,765.179688
4,0.747712,0.457346,1014.795471
5,0.734025,0.476541,1264.316162
6,0.705735,0.488605,1513.945801
7,0.680578,0.489784,1763.392944
8,0.656589,0.482831,2013.052856
9,0.631585,0.466946,2262.565186
10,0.614196,0.454897,2512.137207
11,0.603248,0.459643,2761.661865
12,0.590712,0.468893,3077.723877
13,0.577763,0.472783,3310.720459
14,0.565608,0.481838,3543.656494
15,0.554660,0.483092,3776.638916
16,0.542618,0.480073,4009.477295
17,0.529523,0.474796,4292.335449
18,0.518733,0.474558,4508.624023
19,0.500646,0.465479,4758.194824
20,0.484646,0.454189,5024.337891
21,0.472132,0.449341,5273.945312
22,0.456428,0.449474,5523.452148
23,0.434169,0.449759,5756.460938
24,0.412101,0.451813,6089.164551
25,0.392312,0.454931,6305.458496
26,0.366558,0.450112,6538.415039
27,0.344307,0.443777,6771.246094
28,0.324782,0.440729,7037.556641
29,0.309237,0.445207,7270.354980
30,0.293420,0.447047,7503.383301
31,0.274588,0.459203,7769.522949
32,0.262561,0.495987,8002.510254
33,0.260773,0.528990,8268.607422
34,0.244389,0.534148,8501.590820
35,0.223358,0.527115,8751.055664
36,0.203440,0.517773,9067.223633
37,0.185182,0.503077,9316.806641
38,0.167306,0.483133,9533.048828
39,0.148517,0.467432,9766.015625
40,0.126533,0.458133,10048.785156
41,0.107338,0.448544,10298.438477
42,0.088597,0.449661,10514.640625
43,0.077753,0.446940,10780.866211
44,0.078056,0.429611,11030.374023
45,0.086833,0.415986,11279.987305
46,0.106129,0.387973,11512.862305
47,0.135675,0.349675,11762.524414
48,0.160968,0.335491,12095.242188
49,0.189837,0.339705,12328.060547
50,0.215606,0.381958,12561.053711
51,0.231726,0.478923,12793.922852
52,0.252267,0.574267,13026.907227
53,0.277170,0.647787,13276.443359
54,0.313726,0.704186,13509.433594
55,0.375064,0.739766,13792.324219
56,0.448659,0.737860,14025.164062
57,0.505289,0.715672,14291.429688
58,0.544636,0.697648,14540.869141
59,0.577452,0.673438,14757.115234
60,0.609672,0.629392,15006.776367
61,0.636036,0.602521,15256.276367
62,0.654699,0.583744,15505.856445
63,0.673111,0.566665,15821.962891
64,0.689834,0.559188,16038.196289
65,0.704330,0.555036,16271.209961
66,0.724869,0.550764,16504.058594
67,0.747726,0.548326,16786.953125
68,0.768760,0.543541,17003.218750
69,0.782641,0.538704,17269.455078
70,0.794844,0.533635,17502.312500
71,0.803635,0.530465,17751.921875
72,0.805868,0.513963,18001.386719
73,0.800251,0.496840,18334.259766
74,0.792008,0.487897,18567.119141
75,0.787689,0.470591,18783.386719
76,0.781212,0.455212,19016.351562
77,0.772226,0.415003,19299.101562
78,0.766450,0.364666,19515.500000
79,0.761244,0.325921,19781.580078
80,0.755732,0.300314,20031.191406
81,0.743777,0.282552,20264.064453
82,0.725138,0.273050,20530.337891
83,0.719165,0.265153,20763.318359
84,0.719205,0.258369,21012.837891
85,0.721181,0.265350,21328.980469
86,0.723996,0.275769,21545.144531
87,0.729642,0.277513,21778.146484
88,0.738117,0.280905,22061.083984
89,0.739815,0.286225,22277.253906
90,0.739070,0.291073,22510.126953
91,0.739395,0.294105,22759.775391
92,0.741072,0.302728,23009.228516
93,0.743245,0.313682,23258.898438
94,0.745875,0.324308,23508.349609
95,0.748224,0.332285,23824.474609
96,0.753670,0.338121,24057.498047
97,0.760254,0.344036,24273.746094
98,0.768936,0.356730,24506.720703
99,0.782361,0.365403,24756.177734
0,0.748431,0.583452,0.048734
1,0.746846,0.583681,266.312775
2,0.748046,0.584885,515.715149
3,0.752091,0.588314,765.341492
4,0.761303,0.591213,1014.863464
5,0.772291,0.593204,1264.450073
6,0.779324,0.594292,1513.972046
7,0.789531,0.591927,1763.683716
8,0.802480,0.586259,2013.116821
9,0.816668,0.580559,2262.746826
10,0.832140,0.569500,2512.374512
11,0.844567,0.554016,2761.864746
12,0.852687,0.540354,3011.373779
13,0.857239,0.530352,3260.920654
14,0.859399,0.501376,3510.539551
15,0.862550,0.429879,3793.326172
16,0.864826,0.351274,4026.375488
17,0.867109,0.310852,4259.207520
18,0.866688,0.291851,4508.853516
19,0.872965,0.291863,4774.912598
20,0.889546,0.304971,5024.533691
21,0.911065,0.332336,5257.443848
22,0.927630,0.353790,5507.101074
23,0.940682,0.376410,5823.188477
24,0.940294,0.390934,6056.032715
25,0.928965,0.408007,6305.660645
26,0.911062,0.422711,6505.383301
27,0.890211,0.440557,6754.945801
28,0.856081,0.477973,7004.416016
29,0.807168,0.503129,7254.028809
30,0.758664,0.513939,7503.589355
31,0.671662,0.524385,7753.134277
32,0.603270,0.525492,8002.636230
33,0.544633,0.524415,8252.249023
34,0.506807,0.525824,8501.800781
35,0.468173,0.530567,8751.377930
36,0.435376,0.548300,9000.973633
37,0.431519,0.579760,9267.110352
38,0.429052,0.606538,9500.137695
39,0.425467,0.649079,9766.207031
40,0.426870,0.711889,10015.844727
41,0.427183,0.760682,10265.387695
42,0.425115,0.777199,10515.002930
43,0.425634,0.788171,10764.459961
44,0.439350,0.767164,11047.354492
45,0.452709,0.690292,11280.348633
46,0.462119,0.647320,11513.228516
47,0.470295,0.635138,11762.817383
48,0.472012,0.635668,12012.341797
49,0.471750,0.638161,12261.922852
50,0.471862,0.642308,12511.442383
51,0.471611,0.639794,12761.174805
52,0.466515,0.546166,13077.204102
53,0.447578,0.487486,13310.052734
54,0.422171,0.513335,13509.659180
55,0.390937,0.549804,13759.335938
56,0.334110,0.581957,14008.824219
57,0.291415,0.591474,14258.414062
58,0.261853,0.599448,14541.360352
59,0.246298,0.600529,14757.647461
60,0.247441,0.596842,15007.136719
61,0.269559,0.582721,15339.907227
62,0.318822,0.557199,15572.791992
63,0.376324,0.547389,15755.807617
64,0.458427,0.540854,16005.423828
65,0.566011,0.535799,16271.535156
66,0.621925,0.540620,16521.123047
67,0.661036,0.545039,16770.632812
68,0.691549,0.544419,17003.628906
69,0.738760,0.544529,17253.113281
70,0.791295,0.531591,17502.767578
71,0.844976,0.510229,17752.365234
72,0.880641,0.495169,18001.882812
73,0.916940,0.481218,18251.498047
74,0.972723,0.461114,18501.031250
75,0.003234,0.432851,18750.642578
76,0.017572,0.365555,19000.097656
77,0.019712,0.306910,19266.335938
78,0.021012,0.273174,19515.878906
79,0.018701,0.248148,19765.447266
80,0.007555,0.232980,20031.781250
81,0.986888,0.214301,20264.597656
82,0.957767,0.178021,20547.525391
83,0.932560,0.142037,20796.968750
84,0.909579,0.127696,21046.591797
85,0.886352,0.119215,21279.490234
86,0.870100,0.118520,21512.447266
87,0.853954,0.117713,21761.945312
88,0.842980,0.115219,22011.582031
89,0.832478,0.114266,22277.699219
90,0.805830,0.144700,22510.650391
91,0.765982,0.218054,22760.197266
92,0.725546,0.365868,23059.708984
93,0.711010,0.451932,23292.701172
94,0.707881,0.518319,23542.154297
95,0.717518,0.540858,23758.531250
96,0.730166,0.553499,24008.037109
97,0.747267,0.557172,24257.691406
98,0.765301,0.553867,24523.796875
99,0.784810,0.545257,24773.384766
0,0.750233,0.528073,-0.021588
1,0.750412,0.528377,266.227295
2,0.750583,0.528800,515.666687
3,0.749675,0.529360,765.330566
4,0.749057,0.530563,1014.835510
5,0.743952,0.535230,1264.473999
6,0.722223,0.552056,1513.920532
7,0.704444,0.568318,1763.531250
8,0.679505,0.589427,2013.026367
9,0.663626,0.604082,2262.709961
10,0.650004,0.606889,2512.197998
11,0.636449,0.597880,2795.016602
12,0.633252,0.592937,3044.654541
13,0.632809,0.588236,3294.135498
14,0.634330,0.585722,3510.544922
15,0.642794,0.582735,3760.003174
16,0.679720,0.570272,4009.641602
17,0.708091,0.514673,4259.113281
18,0.697294,0.391432,4508.767090
19,0.699104,0.316819,4758.243164
20,0.713409,0.273408,5024.513184
21,0.714954,0.252922,5290.786133
22,0.712285,0.245879,5523.629883
23,0.711702,0.242345,5756.524414
24,0.711048,0.240197,6022.759277
25,0.706238,0.238209,6272.391113
26,0.684532,0.235921,6521.847656
27,0.640174,0.240385,6771.493652
28,0.616801,0.240663,7020.986328
29,0.596411,0.236694,7270.583984
30,0.571513,0.231251,7520.098145
31,0.542732,0.226147,7769.718262
32,0.509321,0.222008,8002.595703
33,0.483611,0.237445,8252.190430
34,0.449865,0.272035,8501.702148
35,0.411525,0.323639,8767.982422
36,0.379367,0.373623,9000.867188
37,0.359831,0.419851,9250.428711
38,0.349620,0.457513,9500.083008
39,0.339847,0.483132,9782.812500
40,0.333761,0.494689,10015.810547
41,0.333117,0.493760,10265.275391
42,0.333575,0.486247,10514.962891
43,0.334612,0.498186,10781.091797
44,0.335404,0.527256,11014.053711
45,0.336591,0.534118,11263.517578
46,0.336575,0.515475,11513.215820
47,0.337034,0.476522,11762.789062
48,0.343981,0.427110,12028.915039
49,0.347291,0.400951,12261.919922
50,0.348212,0.388228,12528.031250
51,0.352274,0.383134,12761.015625
52,0.359390,0.377901,13010.495117
53,0.386798,0.360587,13276.819336
54,0.425282,0.362356,13526.297852
55,0.463526,0.376769,13775.931641
56,0.475138,0.387359,14008.786133
57,0.470134,0.398859,14291.601562
58,0.447407,0.427592,14507.875977
59,0.415976,0.472810,14757.488281
60,0.408175,0.500343,15023.744141
61,0.412193,0.505021,15273.267578
62,0.424476,0.511107,15522.889648
63,0.434347,0.514620,15755.710938
64,0.465064,0.503206,16005.373047
65,0.502919,0.493255,16271.491211
66,0.540111,0.484135,16504.496094
67,0.567618,0.478539,16753.976562
68,0.594882,0.473514,17020.242188
69,0.625673,0.472805,17269.845703
70,0.660306,0.470817,17502.720703
71,0.702665,0.469047,17768.968750
72,0.748875,0.461375,18001.800781
73,0.793128,0.447045,18251.443359
74,0.819967,0.445145,18500.933594
75,0.835694,0.448150,18750.546875
76,0.849834,0.452782,19000.048828
77,0.875967,0.458097,19266.328125
78,0.906744,0.492494,19515.777344
79,0.922117,0.495556,19848.533203
80,0.925599,0.501055,20014.910156
81,0.925094,0.501283,20264.585938
82,0.920321,0.484949,20514.173828
83,0.911376,0.463521,20763.646484
84,0.919408,0.461873,21013.302734
85,0.931680,0.461967,21262.773438
86,0.932767,0.459551,21512.414062
87,0.932790,0.473747,21845.173828
88,0.936569,0.499658,22094.638672
89,0.938607,0.515886,22344.277344
90,0.939006,0.522974,22510.687500
91,0.950630,0.542690,22843.423828
92,0.958214,0.558532,23092.851562
93,0.962422,0.570125,23342.542969
94,0.961772,0.571608,23575.404297
95,0.959441,0.571159,23824.982422
96,0.954134,0.570098,24074.660156
97,0.951982,0.569453,24324.150391
98,0.951786,0.569188,24573.726562
99,0.951530,0.569457,24823.261719
0,0.750089,0.514127,-0.021723
1,0.750656,0.516433,266.283081
2,0.750898,0.491859,515.682983
3,0.745755,0.454961,765.332825
4,0.742508,0.444254,1014.850098
5,0.743561,0.451539,1264.453491
6,0.750250,0.471551,1513.961792
7,0.762198,0.503697,1763.595947
8,0.774365,0.536361,2013.035156
9,0.787784,0.562085,2262.667969
10,0.799668,0.572641,2512.319092
11,0.806617,0.577428,2761.751709
12,0.821656,0.580946,3028.050781
13,0.840547,0.586256,3260.949463
14,0.855917,0.589356,3510.552002
15,0.871033,0.592840,3760.039307
16,0.882873,0.596444,4009.720947
17,0.895365,0.598140,4259.199707
18,0.906833,0.598883,4508.735840
19,0.927070,0.592057,4758.264648
20,0.962694,0.550001,5007.837402
21,0.989847,0.509098,5257.378418
22,0.999787,0.459112,5506.965820
23,0.999925,0.389574,5756.630859
24,0.994892,0.314469,6006.119141
25,0.994750,0.291176,6255.798828
26,0.016528,0.311788,6505.195312
27,0.052889,0.379380,6754.835449
28,0.072254,0.473358,7004.354492
29,0.076317,0.510969,7253.833496
30,0.101022,0.526852,7503.535156
31,0.109222,0.535194,7753.146973
32,0.110867,0.541805,8002.586914
33,0.114592,0.561457,8252.152344
34,0.118365,0.575289,8501.887695
35,0.117699,0.581839,8751.322266
36,0.107560,0.586792,9000.785156
37,0.086740,0.593865,9250.375000
38,0.118040,0.624115,9500.044922
39,0.155920,0.625508,9766.122070
40,0.179479,0.614455,10015.799805
41,0.182117,0.591575,10265.243164
42,0.167186,0.587798,10514.847656
43,0.101964,0.591375,10764.395508
44,0.010054,0.575945,11013.994141
45,0.942567,0.557407,11263.665039
46,0.883403,0.555636,11513.106445
47,0.813061,0.541109,11762.786133
48,0.756405,0.530057,12012.208984
49,0.711967,0.524434,12261.753906
50,0.698880,0.516147,12511.429688
51,0.700918,0.520969,12760.951172
52,0.691507,0.530016,13010.498047
53,0.670183,0.543111,13260.137695
54,0.630538,0.544447,13509.678711
55,0.611617,0.547016,13759.172852
56,0.605909,0.552596,14008.838867
57,0.582144,0.553425,14258.292969
58,0.539512,0.549584,14507.932617
59,0.511768,0.543996,14757.448242
60,0.514243,0.533158,15007.117188
61,0.510110,0.538536,15256.550781
62,0.491012,0.536836,15506.153320
63,0.457175,0.532471,15755.694336
64,0.420579,0.524159,16005.289062
65,0.394758,0.518716,16254.758789
66,0.382097,0.517906,16504.378906
67,0.386347,0.468804,16753.931641
68,0.387548,0.412992,17003.562500
69,0.377299,0.376738,17253.158203
70,0.336289,0.384277,17502.667969
71,0.307689,0.435936,17752.251953
72,0.300845,0.452574,18001.781250
73,0.300538,0.420181,18251.343750
74,0.305720,0.430628,18500.958984
75,0.330095,0.517584,18750.490234
76,0.356827,0.567872,19016.664062
77,0.374372,0.592037,19266.263672
78,0.384417,0.607596,19515.880859
79,0.395638,0.612680,19765.320312
80,0.418625,0.630254,20014.947266
81,0.448735,0.647893,20264.451172
82,0.480131,0.681717,20514.095703
83,0.537510,0.714578,20763.591797
84,0.587764,0.707297,21013.208984
85,0.611637,0.661096,21262.693359
86,0.623639,0.646157,21512.357422
87,0.633148,0.622743,21761.789062
88,0.638275,0.606444,22011.406250
89,0.603770,0.594631,22260.955078
90,0.577706,0.572714,22510.521484
91,0.567235,0.544125,22760.191406
92,0.575964,0.531896,23009.693359
93,0.600210,0.536583,23259.287109
94,0.615092,0.542503,23508.783203
95,0.616234,0.543602,23758.380859
96,0.615796,0.545321,24007.953125
97,0.623616,0.553950,24257.494141
98,0.675806,0.597366,24507.003906
99,0.717095,0.638616,24756.519531
0,0.749997,0.525378,0.054300
1,0.750126,0.526423,266.247101
2,0.750026,0.527341,515.842896
3,0.747584,0.526931,765.329407
4,0.708571,0.523673,1014.911377
5,0.676688,0.523164,1264.578613
6,0.659426,0.532954,1514.014648
7,0.646513,0.548582,1763.664917
8,0.655257,0.556588,2013.123657
9,0.733971,0.538634,2262.748535
10,0.813038,0.511751,2512.285889
11,0.839021,0.500260,2761.921387
12,0.840445,0.446868,3011.421143
13,0.829347,0.402989,3277.713135
14,0.793066,0.338140,3510.511475
15,0.768446,0.293650,3760.099854
16,0.771991,0.259083,4009.599121
17,0.777766,0.258705,4259.215820
18,0.799269,0.283691,4508.891113
19,0.784241,0.344034,4758.344727
20,0.778929,0.412443,5007.952637
21,0.837651,0.461526,5257.486328
22,0.904069,0.484242,5507.124023
23,0.951370,0.515217,5756.597656
24,0.986352,0.533031,6006.226074
25,0.020626,0.550900,6255.797363
26,0.047284,0.561454,6505.295410
27,0.066857,0.574818,6754.839355
28,0.110012,0.586598,7004.429199
29,0.139644,0.588135,7254.100586
30,0.168213,0.583240,7503.565918
31,0.202444,0.565931,7753.181152
32,0.233668,0.540700,8002.729492
33,0.270687,0.533372,8252.472656
34,0.274102,0.538091,8501.785156
35,0.247104,0.523652,8751.423828
36,0.218810,0.496681,9000.911133
37,0.184564,0.459191,9250.497070
38,0.167088,0.450925,9500.052734
39,0.166292,0.454158,9766.325195
40,0.158539,0.454972,10015.925781
41,0.151758,0.453418,10265.373047
42,0.152696,0.455838,10515.000000
43,0.202723,0.467055,10764.469727
44,0.222099,0.476016,11014.132812
45,0.221881,0.476872,11263.638672
46,0.204034,0.466957,11513.242188
47,0.149205,0.454915,11762.819336
48,0.118339,0.474979,12012.490234
49,0.101731,0.480723,12261.875977
50,0.076965,0.488691,12511.481445
51,0.075249,0.490328,12761.109375
52,0.075065,0.492885,13010.551758
53,0.078991,0.496291,13260.230469
54,0.086748,0.515345,13509.770508
55,0.104496,0.549108,13759.295898
56,0.118232,0.572247,14008.824219
57,0.105945,0.591698,14258.489258
58,0.079782,0.594652,14507.942383
59,0.054498,0.591073,14757.526367
60,0.043414,0.589326,15007.021484
61,0.048083,0.591307,15256.585938
62,0.041199,0.603571,15506.185547
63,0.009040,0.632517,15755.763672
64,0.974179,0.692535,16005.431641
65,0.953839,0.751951,16254.942383
66,0.932446,0.765465,16504.587891
67,0.936313,0.711212,16753.996094
68,0.961092,0.624014,17003.531250
69,0.971544,0.585036,17253.138672
70,0.970958,0.564405,17502.722656
71,0.921996,0.546947,17752.332031
72,0.819325,0.521211,18001.886719
73,0.766046,0.504633,18251.408203
74,0.757547,0.501867,18500.953125
75,0.754612,0.495048,18750.501953
76,0.752968,0.484280,19000.103516
77,0.745116,0.442507,19266.367188
78,0.740189,0.363001,19515.810547
79,0.734819,0.283379,19765.468750
80,0.715568,0.250640,20015.007812
81,0.660179,0.283417,20264.599609
82,0.616260,0.328373,20514.089844
83,0.593715,0.372920,20763.722656
84,0.578628,0.427932,21013.207031
85,0.557804,0.471617,21262.796875
86,0.530832,0.493753,21512.474609
87,0.522584,0.501579,21761.957031
88,0.523073,0.508645,22011.593750
89,0.523878,0.517074,22261.011719
90,0.540366,0.529686,22510.689453
91,0.600616,0.542934,22760.179688
92,0.666946,0.551242,23009.787109
93,0.702562,0.551760,23259.289062
94,0.696457,0.556160,23508.865234
95,0.639242,0.564602,23758.425781
96,0.611906,0.563705,24007.980469
97,0.553791,0.522423,24257.556641
98,0.504182,0.455392,24507.125000
99,0.472813,0.420589,24756.748047
0,0.759795,0.470705,0.000999
1,0.767071,0.479729,266.182373
2,0.778799,0.477648,515.753418
3,0.790198,0.483571,765.291626
4,0.802050,0.494283,1014.850037
5,0.814016,0.500651,1264.407227
6,0.822367,0.501470,1513.976562
7,0.826595,0.505182,1763.578735
8,0.831082,0.513085,2013.123657
9,0.834713,0.518518,2262.713379
10,0.836817,0.520353,2512.250488
11,0.837244,0.524492,2761.846924
12,0.836901,0.536279,3011.365234
13,0.834949,0.555237,3260.933838
14,0.829890,0.561940,3510.492432
15,0.815095,0.563065,3760.069336
16,0.787295,0.562141,4009.636963
17,0.755890,0.551334,4259.201172
18,0.720527,0.522275,4508.752441
19,0.695050,0.503505,4758.331055
20,0.683213,0.486331,5007.875977
21,0.674451,0.374768,5257.433105
22,0.670799,0.230422,5507.004883
23,0.681031,0.143583,5756.557617
24,0.688360,0.107555,6006.138672
25,0.706728,0.083842,6255.685059
26,0.703514,0.077223,6505.277832
27,0.688624,0.072463,6754.820312
28,0.654620,0.061773,7004.393555
29,0.601718,0.061542,7253.947266
30,0.573492,0.058601,7503.501953
31,0.549835,0.057430,7753.076172
32,0.540317,0.057581,8002.664062
33,0.539673,0.061619,8252.225586
34,0.531505,0.062850,8501.769531
35,0.522192,0.061377,8751.349609
36,0.513510,0.061088,9000.916016
37,0.512419,0.062036,9250.471680
38,0.507991,0.061797,9500.044922
39,0.507197,0.061838,9766.244141
40,0.506864,0.062812,10015.804688
41,0.491065,0.073025,10265.362305
42,0.447659,0.113914,10514.910156
43,0.428911,0.161030,10764.495117
44,0.412792,0.208504,11014.042969
45,0.414521,0.250796,11263.599609
46,0.424073,0.295657,11513.221680
47,0.431701,0.351467,11762.760742
48,0.434995,0.409030,12012.315430
49,0.443292,0.444213,12261.864258
50,0.453116,0.460860,12511.447266
51,0.457430,0.471024,12761.000000
52,0.451812,0.503087,13010.573242
53,0.438403,0.531548,13260.109375
54,0.422132,0.549265,13509.711914
55,0.403334,0.561087,13759.250977
56,0.384199,0.566861,14008.816406
57,0.354441,0.567323,14258.375000
58,0.332208,0.562090,14507.944336
59,0.326291,0.570969,14757.528320
60,0.326345,0.574823,15007.067383
61,0.327061,0.552946,15256.625000
62,0.325448,0.521449,15506.183594
63,0.323772,0.503772,15755.802734
64,0.320451,0.497444,16005.357422
65,0.322152,0.503669,16254.906250
66,0.332696,0.525477,16504.488281
67,0.359227,0.557565,16754.019531
68,0.390181,0.582180,17003.597656
69,0.431906,0.585793,17253.144531
70,0.469208,0.582804,17502.691406
71,0.500965,0.577890,17752.257812
72,0.530810,0.572169,18001.847656
73,0.557183,0.566324,18251.400391
74,0.582350,0.560587,18500.958984
75,0.606696,0.550152,18750.550781
76,0.631500,0.536794,19000.083984
77,0.658472,0.513959,19266.304688
78,0.693559,0.493097,19515.861328
79,0.719163,0.480282,19765.421875
80,0.733036,0.472622,20014.990234
81,0.753882,0.453693,20264.556641
82,0.765533,0.441359,20514.121094
83,0.774456,0.437981,20763.710938
84,0.788316,0.440445,21013.246094
85,0.805677,0.446338,21262.822266
86,0.823720,0.459049,21512.371094
87,0.840944,0.481642,21761.962891
88,0.858038,0.508170,22011.511719
89,0.860935,0.519213,22261.050781
90,0.851431,0.523127,22510.630859
91,0.839836,0.532737,22760.199219
92,0.828105,0.547192,23009.765625
93,0.820577,0.558484,23259.332031
94,0.814952,0.568520,23508.876953
95,0.815224,0.579513,23758.441406
96,0.830565,0.598750,24008.001953
97,0.858560,0.615789,24257.570312
98,0.894094,0.614637,24507.158203
99,0.923679,0.600137,24756.683594
0,0.750033,0.527146,-0.048260
1,0.750046,0.527984,266.292694
2,0.750544,0.528238,515.675659
3,0.773333,0.520670,765.329895
4,0.846428,0.484321,1014.787415
5,0.864911,0.473619,1264.440796
6,0.860088,0.471898,1513.920532
7,0.856277,0.471566,1763.560547
8,0.850501,0.478205,2013.101929
9,0.828533,0.499120,2262.667725
10,0.749728,0.521538,2512.391602
11,0.681553,0.540056,2761.755859
12,0.671017,0.631158,3011.381592
13,0.684453,0.763970,3260.955078
14,0.695187,0.791611,3510.522705
15,0.670982,0.709710,3759.986572
16,0.648275,0.602060,4009.649170
17,0.646047,0.568526,4259.214355
18,0.641224,0.535811,4508.785156
19,0.627195,0.487038,4758.224121
20,0.591166,0.449087,5007.802734
21,0.555943,0.463140,5257.481445
22,0.533587,0.474610,5506.952148
23,0.503174,0.501455,5756.605957
24,0.481123,0.519509,6006.149414
25,0.458671,0.537174,6255.795898
26,0.431926,0.540508,6505.181641
27,0.406843,0.528751,6754.753906
28,0.380268,0.525865,7004.371582
29,0.366742,0.531460,7253.917480
30,0.365540,0.533159,7503.468262
31,0.416398,0.533814,7753.039062
32,0.463220,0.507444,8002.575684
33,0.469080,0.494674,8252.229492
34,0.469018,0.479181,8501.756836
35,0.470131,0.459057,8751.351562
36,0.466356,0.434215,9000.910156
37,0.454323,0.408994,9250.392578
38,0.423111,0.381740,9500.078125
39,0.412219,0.352684,9766.250977
40,0.415500,0.297486,10015.775391
41,0.426300,0.252618,10265.250000
42,0.481327,0.253274,10514.939453
43,0.523013,0.308560,10764.533203
44,0.523615,0.399750,11014.022461
45,0.509178,0.493382,11263.641602
46,0.502779,0.532254,11513.108398
47,0.524092,0.540038,11762.686523
48,0.533233,0.543320,12012.217773
49,0.525724,0.545904,12261.910156
50,0.521075,0.547508,12511.350586
51,0.516188,0.548230,12760.980469
52,0.513807,0.549866,13010.450195
53,0.511135,0.550444,13260.241211
54,0.497760,0.552891,13576.183594
55,0.476156,0.552109,13825.739258
56,0.421527,0.559096,14091.961914
57,0.334699,0.563195,14324.960938
58,0.289807,0.565732,14574.478516
59,0.280026,0.558012,14824.092773
60,0.314458,0.551202,15073.548828
61,0.333631,0.546796,15323.191406
62,0.351161,0.555957,15589.271484
63,0.365352,0.544991,15838.953125
64,0.322443,0.551651,16088.390625
65,0.213590,0.560890,16338.068359
66,0.171126,0.562318,16587.568359
67,0.163024,0.554179,16837.195312
68,0.156227,0.560622,17070.037109
69,0.153094,0.566212,17319.640625
70,0.130554,0.570920,17569.261719
71,0.096011,0.575549,17818.753906
72,0.082718,0.584102,18051.759766
73,0.055982,0.589573,18317.884766
74,0.018408,0.588371,18550.890625
75,0.997822,0.570285,18800.335938
76,0.978494,0.564380,19050.021484
77,0.953350,0.560982,19282.886719
78,0.922448,0.536442,19532.451172
79,0.892570,0.530929,19765.375000
80,0.871824,0.535110,20014.955078
81,0.869468,0.534791,20264.437500
82,0.855308,0.521724,20514.074219
83,0.834237,0.497104,20763.550781
84,0.821680,0.545109,21013.175781
85,0.805283,0.555862,21296.087891
86,0.793885,0.552729,21528.982422
87,0.869836,0.546800,21795.226562
88,0.964539,0.518177,22028.070312
89,0.998099,0.521092,22261.031250
90,0.000596,0.518044,22510.523438
91,0.996860,0.505723,22793.458984
92,0.986840,0.476180,23042.929688
93,0.978569,0.451149,23275.927734
94,0.968094,0.416445,23525.427734
95,0.934315,0.363555,23758.447266
96,0.870851,0.326318,24007.927734
97,0.820894,0.315396,24274.152344
98,0.805331,0.301421,24523.611328
99,0.800735,0.301540,24756.599609
0,0.750232,0.457949,0.020317
1,0.750970,0.461797,266.201965
2,0.749609,0.458737,515.740784
3,0.748884,0.457639,765.284241
4,0.749171,0.458800,1014.904236
5,0.748924,0.454300,1264.431641
6,0.747664,0.438962,1513.981567
7,0.748185,0.416430,1763.605957
8,0.753717,0.393897,2013.155273
9,0.760739,0.366533,2262.679932
10,0.769637,0.345755,2512.230957
11,0.781785,0.323550,2761.871094
12,0.795165,0.294077,3011.403564
13,0.809137,0.264634,3260.959229
14,0.820113,0.256365,3510.491943
15,0.840191,0.264386,3760.087646
16,0.862129,0.302602,4009.675049
17,0.880331,0.367287,4259.204590
18,0.888573,0.433745,4508.757324
19,0.883724,0.475007,4758.361816
20,0.880144,0.496553,5007.886719
21,0.887377,0.496355,5257.444824
22,0.903922,0.489572,5507.049805
23,0.933295,0.489320,5756.590332
24,0.956151,0.482383,6006.193848
25,0.976546,0.462748,6255.720215
26,0.000927,0.469652,6505.257812
27,0.014701,0.485363,6754.833496
28,0.012416,0.491429,7004.429199
29,0.008872,0.487164,7253.951660
30,0.008151,0.476199,7503.561035
31,0.015929,0.447626,7753.101074
32,0.022837,0.420614,8002.656738
33,0.014916,0.404290,8252.218750
34,0.002065,0.394153,8501.797852
35,0.978121,0.388977,8751.365234
36,0.941617,0.388797,9000.926758
37,0.893400,0.386309,9250.492188
38,0.865871,0.386668,9500.035156
39,0.840388,0.388261,9766.244141
40,0.806839,0.394115,10015.810547
41,0.777576,0.399552,10265.377930
42,0.756617,0.408511,10514.934570
43,0.734935,0.429621,10764.500000
44,0.705539,0.467614,11014.051758
45,0.663880,0.487875,11263.644531
46,0.634682,0.499976,11513.195312
47,0.603986,0.505776,11762.780273
48,0.576935,0.502874,12012.312500
49,0.553119,0.486750,12261.893555
50,0.526984,0.460320,12511.430664
51,0.502259,0.409611,12761.024414
52,0.482249,0.370759,13010.599609
53,0.466266,0.331141,13260.123047
54,0.448417,0.286882,13509.710938
55,0.435912,0.261922,13759.266602
56,0.426631,0.248491,14008.847656
57,0.412600,0.249504,14258.381836
58,0.399778,0.254849,14507.991211
59,0.397072,0.251285,14757.538086
60,0.400822,0.228270,15007.106445
61,0.404114,0.204822,15256.657227
62,0.408602,0.187541,15506.204102
63,0.417268,0.184376,15755.816406
64,0.418929,0.198468,16005.338867
65,0.402683,0.240510,16254.934570
66,0.379628,0.312005,16504.474609
67,0.350693,0.371575,16754.023438
68,0.327326,0.422070,17003.599609
69,0.313371,0.453922,17253.162109
70,0.300935,0.466783,17502.748047
71,0.291905,0.471316,17752.281250
72,0.279468,0.474021,18001.876953
73,0.268440,0.477176,18251.414062
74,0.282769,0.478263,18500.972656
75,0.300311,0.477958,18750.537109
76,0.316330,0.477712,19000.134766
77,0.333424,0.479337,19266.312500
78,0.355496,0.479573,19515.888672
79,0.384195,0.477004,19765.445312
80,0.414998,0.473940,20014.998047
81,0.437931,0.476550,20264.552734
82,0.456998,0.477437,20514.134766
83,0.468757,0.471467,20763.671875
84,0.462461,0.511879,21013.302734
85,0.458819,0.546291,21262.824219
86,0.469964,0.559390,21512.402344
87,0.497229,0.539302,21761.935547
88,0.525251,0.518820,22011.535156
89,0.551486,0.498739,22261.058594
90,0.566340,0.505875,22510.625000
91,0.588512,0.513928,22760.205078
92,0.616910,0.495832,23009.767578
93,0.646325,0.479938,23259.339844
94,0.673924,0.473506,23508.904297
95,0.695288,0.468688,23758.468750
96,0.712735,0.464484,24008.017578
97,0.727355,0.459451,24257.589844
98,0.737725,0.457032,24507.148438
99,0.743731,0.456207,24756.718750
0,0.749874,0.497548,0.047226
1,0.749597,0.497920,266.213257
2,0.749471,0.497509,515.815735
3,0.749360,0.496015,765.331726
4,0.748735,0.496088,1014.884644
5,0.737039,0.495286,1264.567505
6,0.705230,0.492189,1514.086060
7,0.660743,0.486229,1763.612793
8,0.622138,0.475435,2013.213013
9,0.594073,0.456155,2262.719971
10,0.566681,0.439933,2512.306885
11,0.550283,0.434359,2761.812988
12,0.536831,0.413101,3011.531982
13,0.529873,0.371305,3260.950195
14,0.526269,0.364976,3510.611084
15,0.496801,0.387263,3760.077881
16,0.446099,0.421643,4026.283691
17,0.393326,0.448894,4259.243164
18,0.354876,0.455858,4508.877441
19,0.321220,0.458967,4758.361816
20,0.294154,0.459907,5007.912598
21,0.275832,0.451283,5257.497070
22,0.272038,0.423859,5507.024902
23,0.280121,0.405009,5756.649902
24,0.288282,0.404212,6006.173340
25,0.291857,0.407040,6255.851074
26,0.291948,0.410686,6505.322266
27,0.291767,0.411330,6754.915527
28,0.292248,0.411631,7004.364746
29,0.292701,0.411920,7254.000488
30,0.293706,0.410907,7586.774902
31,0.298240,0.405249,7753.115234
32,0.320407,0.367319,8085.833496
33,0.350524,0.332085,8335.439453
34,0.374346,0.310721,8568.352539
35,0.389232,0.299498,8817.950195
36,0.401978,0.297586,9067.461914
37,0.416536,0.298625,9317.102539
38,0.429022,0.337328,9549.980469
39,0.436343,0.394687,9799.564453
40,0.428893,0.454536,10032.432617
41,0.401924,0.487096,10282.093750
42,0.383469,0.496958,10548.216797
43,0.375422,0.508455,10781.208984
44,0.379102,0.510500,11030.660156
45,0.389691,0.514435,11280.289062
46,0.408781,0.517727,11529.777344
47,0.441586,0.512406,11779.434570
48,0.480854,0.497455,12028.904297
49,0.508420,0.480576,12278.519531
50,0.532939,0.470856,12511.378906
51,0.549000,0.465972,12761.001953
52,0.564638,0.456136,13010.542969
53,0.586966,0.446190,13260.137695
54,0.611932,0.454459,13509.722656
55,0.649305,0.484209,13759.247070
56,0.710738,0.509008,14008.859375
57,0.765789,0.507380,14258.364258
58,0.843995,0.492740,14541.264648
59,0.937286,0.473593,14774.099609
60,0.001129,0.442834,15023.711914
61,0.015763,0.446824,15273.195312
62,0.025668,0.463593,15522.832031
63,0.027646,0.475502,15772.493164
64,0.022502,0.472365,16021.935547
65,0.011043,0.448468,16254.948242
66,0.995960,0.414235,16504.431641
67,0.980422,0.382040,16754.103516
68,0.963480,0.382567,17036.783203
69,0.943039,0.404495,17286.445312
70,0.920332,0.435277,17519.337891
71,0.888794,0.452018,17785.582031
72,0.862051,0.458464,18018.423828
73,0.847955,0.461325,18251.449219
74,0.829717,0.460344,18517.566406
75,0.802902,0.457216,18767.228516
76,0.771300,0.449197,19016.798828
77,0.741244,0.435351,19266.302734
78,0.714099,0.436320,19515.867188
79,0.686763,0.442417,19765.421875
80,0.669928,0.449097,20014.982422
81,0.666595,0.455412,20264.535156
82,0.694367,0.454325,20514.132812
83,0.743765,0.405871,20763.638672
84,0.772500,0.369285,21013.267578
85,0.806059,0.347509,21262.761719
86,0.815451,0.331846,21512.371094
87,0.827354,0.326669,21761.976562
88,0.841051,0.313397,22011.466797
89,0.852069,0.311463,22261.068359
90,0.855895,0.312144,22510.601562
91,0.864847,0.306998,22760.210938
92,0.873814,0.297211,23009.710938
93,0.868710,0.256827,23259.373047
94,0.867553,0.240657,23508.851562
95,0.864574,0.237244,23758.410156
96,0.865192,0.241429,24091.156250
97,0.865028,0.248963,24324.023438
98,0.863896,0.255526,24573.662109
99,0.863537,0.255396,24823.154297
0,0.749828,0.604779,-0.029836
1,0.749704,0.606077,266.174103
2,0.749815,0.607036,515.776794
3,0.750150,0.608272,765.373962
4,0.754849,0.609186,1014.925659
5,0.772010,0.602468,1264.421875
6,0.797983,0.590263,1514.037231
7,0.823455,0.578324,1763.592407
8,0.851948,0.559648,2013.130859
9,0.866787,0.529963,2262.778564
10,0.878718,0.487207,2512.317871
11,0.877428,0.458204,2761.877441
12,0.872687,0.453675,3011.372314
13,0.872550,0.451584,3261.062256
14,0.868213,0.443496,3510.558838
15,0.858521,0.429706,3760.104736
16,0.844505,0.421709,4009.723145
17,0.829547,0.423519,4259.223145
18,0.815200,0.427114,4508.817383
19,0.803266,0.432727,4758.320312
20,0.792062,0.441055,5007.935059
21,0.783573,0.448593,5257.461914
22,0.780455,0.473443,5507.014160
23,0.772422,0.513730,5756.653809
24,0.766644,0.514699,6006.189941
25,0.759438,0.500702,6255.752930
26,0.730523,0.489798,6505.267578
27,0.684545,0.487523,6754.924805
28,0.662757,0.495587,7004.388672
29,0.637526,0.523052,7254.048828
30,0.600742,0.537243,7503.536133
31,0.561969,0.538209,7753.187500
32,0.526473,0.528140,8002.698730
33,0.494719,0.525220,8252.216797
34,0.458894,0.527158,8501.839844
35,0.423727,0.531397,8751.358398
36,0.391002,0.537096,9000.955078
37,0.368404,0.541832,9250.469727
38,0.348285,0.540597,9500.106445
39,0.330747,0.546323,9766.355469
40,0.309075,0.549598,10015.844727
41,0.297250,0.551158,10265.386719
42,0.304855,0.524874,10514.964844
43,0.311535,0.452920,10764.516602
44,0.325683,0.405394,11014.095703
45,0.349173,0.377065,11263.610352
46,0.366903,0.357528,11513.279297
47,0.385573,0.345357,11762.818359
48,0.416660,0.353601,12012.315430
49,0.445831,0.362739,12261.913086
50,0.478190,0.369774,12511.526367
51,0.519274,0.379091,12761.075195
52,0.564212,0.384442,13010.605469
53,0.616814,0.385455,13260.143555
54,0.672337,0.356363,13509.708008
55,0.726282,0.320189,13759.308594
56,0.762789,0.307935,14008.828125
57,0.809285,0.337917,14258.399414
58,0.846920,0.396808,14507.967773
59,0.869009,0.440192,14757.550781
60,0.883103,0.469917,15007.115234
61,0.916417,0.489767,15256.639648
62,0.963958,0.509951,15506.233398
63,0.998521,0.520594,15755.788086
64,0.022302,0.519865,16005.362305
65,0.033340,0.514446,16254.900391
66,0.028228,0.511895,16504.480469
67,0.029191,0.516551,16754.048828
68,0.050839,0.516025,17003.609375
69,0.064041,0.518201,17253.162109
70,0.063987,0.519434,17502.732422
71,0.060982,0.518209,17752.294922
72,0.059440,0.521167,18001.849609
73,0.058609,0.524075,18251.421875
74,0.057739,0.525926,18500.976562
75,0.056661,0.528235,18750.537109
76,0.052424,0.529842,19000.109375
77,0.046915,0.531948,19266.318359
78,0.048722,0.539411,19515.871094
79,0.070534,0.553165,19765.460938
80,0.078003,0.559487,20015.003906
81,0.079430,0.556466,20264.554688
82,0.067708,0.549980,20514.138672
83,0.043381,0.542259,20763.699219
84,0.004568,0.538045,21013.273438
85,0.935448,0.546016,21262.820312
86,0.880987,0.550120,21512.382812
87,0.842801,0.551530,21761.974609
88,0.813412,0.554231,22011.515625
89,0.793669,0.557630,22261.070312
90,0.775336,0.557980,22510.636719
91,0.758677,0.557913,22760.214844
92,0.747103,0.559181,23009.761719
93,0.736011,0.560776,23259.333984
94,0.721969,0.564084,23508.902344
95,0.704427,0.565820,23758.464844
96,0.686717,0.571236,24008.021484
97,0.665760,0.569726,24257.593750
98,0.642583,0.570975,24507.150391
99,0.622214,0.569427,24756.707031
0,0.749701,0.564745,-0.021042
1,0.749073,0.565399,266.165009
2,0.747668,0.566093,515.798218
3,0.722055,0.587299,765.320007
4,0.684823,0.614939,1014.882812
5,0.669647,0.621998,1264.475220
6,0.653975,0.619182,1513.978027
7,0.637831,0.616881,1763.595093
8,0.628476,0.625345,2013.104248
9,0.621876,0.630446,2262.782471
10,0.610900,0.622706,2512.306885
11,0.590456,0.567210,2761.843018
12,0.584915,0.521703,3011.481445
13,0.604843,0.494772,3260.973877
14,0.652351,0.458280,3510.524170
15,0.685801,0.435747,3760.125244
16,0.723155,0.422049,4009.671143
17,0.759106,0.406883,4259.221680
18,0.790817,0.387855,4508.792480
19,0.818812,0.360925,4758.364746
20,0.842047,0.339977,5007.914551
21,0.868988,0.339114,5257.444336
22,0.910004,0.362335,5507.098145
23,0.960593,0.400114,5756.674805
24,0.996412,0.421328,6006.188477
25,0.021546,0.451742,6255.725586
26,0.055394,0.477669,6505.312012
27,0.084113,0.461071,6754.845215
28,0.107574,0.420128,7004.388672
29,0.129250,0.379629,7254.085449
30,0.152486,0.366821,7503.516113
31,0.178071,0.371671,7753.122070
32,0.204831,0.402471,8002.637207
33,0.223722,0.442311,8252.271484
34,0.232146,0.481663,8501.804688
35,0.238820,0.509421,8751.384766
36,0.246225,0.535505,9000.949219
37,0.254851,0.558860,9250.510742
38,0.254305,0.570394,9500.065430
39,0.249972,0.579287,9766.297852
40,0.217331,0.581060,10015.808594
41,0.203023,0.584971,10265.486328
42,0.176679,0.588624,10514.923828
43,0.144554,0.590875,10781.173828
44,0.135653,0.593190,11014.083008
45,0.131578,0.595241,11263.657227
46,0.132204,0.597544,11513.168945
47,0.133648,0.599524,11762.728516
48,0.132871,0.601702,12012.410156
49,0.134644,0.603685,12261.854492
50,0.137522,0.604944,12511.454102
51,0.141191,0.602794,12761.021484
52,0.163622,0.595139,13010.596680
53,0.224859,0.591906,13260.160156
54,0.286699,0.595902,13509.680664
55,0.325164,0.602505,13759.304688
56,0.342799,0.603913,14008.852539
57,0.342613,0.603400,14258.443359
58,0.339910,0.605512,14507.985352
59,0.346675,0.609343,14757.564453
60,0.368709,0.609017,15007.096680
61,0.409650,0.605586,15256.641602
62,0.439270,0.600546,15506.250977
63,0.464493,0.591113,15755.813477
64,0.488928,0.582969,16005.379883
65,0.519358,0.559280,16254.896484
66,0.541665,0.537385,16504.501953
67,0.557839,0.550246,16754.076172
68,0.575249,0.578541,17003.576172
69,0.574402,0.586139,17253.193359
70,0.567024,0.588942,17502.750000
71,0.557302,0.586517,17752.310547
72,0.544765,0.583862,18001.849609
73,0.528551,0.582632,18251.388672
74,0.499636,0.580985,18500.976562
75,0.406113,0.565463,18750.574219
76,0.341200,0.556571,19000.091797
77,0.298693,0.546389,19266.386719
78,0.258066,0.536624,19515.882812
79,0.214866,0.532538,19765.539062
80,0.163716,0.525014,20014.980469
81,0.131170,0.528722,20264.613281
82,0.109320,0.533506,20514.103516
83,0.090559,0.536942,20763.669922
84,0.073611,0.539653,21013.310547
85,0.055375,0.544115,21262.839844
86,0.040088,0.550116,21512.414062
87,0.020957,0.552903,21761.943359
88,0.000714,0.553650,22011.558594
89,0.984868,0.551613,22261.066406
90,0.964854,0.553416,22510.656250
91,0.944839,0.555639,22760.222656
92,0.926218,0.557922,23009.878906
93,0.900444,0.561903,23259.371094
94,0.878819,0.560583,23508.873047
95,0.862707,0.559839,23758.500000
96,0.856664,0.559386,24008.044922
97,0.854907,0.559623,24257.609375
98,0.831808,0.560972,24507.132812
99,0.788104,0.575135,24756.810547
0,0.738216,0.602279,0.000683
1,0.725255,0.605524,266.169159
2,0.719292,0.607762,515.706482
3,0.723235,0.609739,765.300049
4,0.725188,0.607509,1014.907776
5,0.731463,0.597981,1264.395264
6,0.741074,0.588817,1514.000244
7,0.759883,0.575260,1763.607422
8,0.780122,0.581006,2013.103027
9,0.803186,0.588568,2262.666016
10,0.833278,0.596333,2512.282959
11,0.848213,0.598581,2761.785156
12,0.849347,0.599739,3011.409912
13,0.847111,0.598418,3260.977783
14,0.850593,0.601218,3510.595947
15,0.876782,0.603548,3760.064941
16,0.920315,0.606837,4009.683594
17,0.928225,0.616260,4259.238770
18,0.912894,0.622930,4508.738281
19,0.911543,0.622576,4758.340332
20,0.914885,0.622815,5007.912109
21,0.924906,0.623405,5257.490234
22,0.947150,0.630522,5506.990723
23,0.954779,0.634842,5756.623047
24,0.971418,0.638043,6006.217773
25,0.983603,0.642002,6255.741699
26,0.983740,0.643487,6505.291992
27,0.987331,0.640145,6754.876465
28,0.988761,0.638333,7004.413086
29,0.988562,0.638030,7253.926758
30,0.986797,0.639404,7503.559570
31,0.983412,0.641280,7753.056152
32,0.980272,0.643054,8002.633789
33,0.978345,0.643259,8252.238281
34,0.977560,0.641560,8501.809570
35,0.942722,0.646286,8751.365234
36,0.773205,0.643412,9000.880859
37,0.666002,0.620554,9250.470703
38,0.617961,0.625241,9500.046875
39,0.572066,0.620536,9766.277344
40,0.525892,0.611957,10015.818359
41,0.504716,0.608895,10265.439453
42,0.497558,0.609550,10514.988281
43,0.486557,0.604840,10764.512695
44,0.482161,0.575340,11014.030273
45,0.478408,0.512303,11263.638672
46,0.484030,0.490553,11513.148438
47,0.516034,0.463327,11762.768555
48,0.547945,0.535130,12012.336914
49,0.583679,0.592466,12261.977539
50,0.632128,0.622199,12511.473633
51,0.644422,0.624674,12760.975586
52,0.657924,0.618688,13010.564453
53,0.668871,0.585822,13260.143555
54,0.711063,0.530638,13509.720703
55,0.705829,0.492102,13759.311523
56,0.681093,0.412929,14008.866211
57,0.587976,0.413395,14258.366211
58,0.417314,0.537018,14507.979492
59,0.322876,0.614816,14757.571289
60,0.290171,0.617785,15007.166992
61,0.287197,0.621987,15256.652344
62,0.277367,0.619124,15506.219727
63,0.269689,0.609463,15755.744141
64,0.268677,0.595104,16005.302734
65,0.265586,0.569169,16254.920898
66,0.269072,0.544276,16504.460938
67,0.289700,0.543023,16754.109375
68,0.321792,0.558746,17003.660156
69,0.358456,0.560442,17253.128906
70,0.404967,0.552426,17502.763672
71,0.452310,0.564444,17752.337891
72,0.473142,0.569041,18001.875000
73,0.488157,0.575604,18251.402344
74,0.509980,0.574171,18501.070312
75,0.527564,0.570335,18750.509766
76,0.543292,0.571083,19000.064453
77,0.573657,0.570183,19266.306641
78,0.604772,0.569135,19515.896484
79,0.641311,0.542784,19765.437500
80,0.678485,0.500091,20015.015625
81,0.706028,0.463205,20264.550781
82,0.715861,0.453373,20514.150391
83,0.717206,0.445392,20763.738281
84,0.709130,0.444859,21013.228516
85,0.690951,0.441196,21262.849609
86,0.666651,0.461835,21512.406250
87,0.642314,0.497000,21761.966797
88,0.624597,0.524291,22011.537109
89,0.601665,0.529111,22261.052734
90,0.570149,0.522397,22510.601562
91,0.530320,0.517972,22760.197266
92,0.492322,0.504731,23009.785156
93,0.456414,0.492493,23259.296875
94,0.410315,0.470935,23508.857422
95,0.372595,0.441744,23758.447266
96,0.376659,0.439799,24008.042969
97,0.408214,0.443761,24257.591797
98,0.467231,0.440522,24507.121094
99,0.521512,0.432669,24756.707031
0,0.747986,0.489989,0.017137
1,0.746421,0.494007,266.249542
2,0.755762,0.504575,515.798584
3,0.804074,0.520220,765.352600
4,0.863713,0.525015,1014.941833
5,0.897764,0.521779,1264.576172
6,0.941680,0.499782,1514.029663
7,0.964715,0.466621,1763.670166
8,0.949999,0.436482,2013.193115
9,0.932580,0.418192,2262.748047
10,0.914293,0.401717,2512.398926
11,0.899032,0.404803,2761.833740
12,0.878465,0.407417,3011.457275
13,0.847661,0.399662,3261.003662
14,0.829594,0.389842,3510.621338
15,0.787692,0.384641,3760.141602
16,0.725879,0.392315,4009.708008
17,0.691235,0.417967,4259.263672
18,0.668019,0.452376,4508.849121
19,0.653786,0.484035,4758.376953
20,0.649756,0.502517,5007.940430
21,0.646980,0.515152,5257.605469
22,0.645385,0.519459,5507.049316
23,0.602551,0.515405,5756.665039
24,0.562746,0.508629,6006.223145
25,0.544024,0.495998,6255.804688
26,0.543100,0.474485,6505.332031
27,0.558054,0.458343,6754.860352
28,0.598360,0.464356,7004.488770
29,0.666045,0.479771,7253.982422
30,0.741995,0.469227,7503.559570
31,0.770713,0.446419,7753.125488
32,0.777298,0.431051,8002.724609
33,0.791216,0.410658,8252.275391
34,0.816009,0.386575,8501.835938
35,0.829518,0.368633,8751.469727
36,0.832577,0.355383,9000.942383
37,0.822783,0.342403,9250.528320
38,0.794543,0.329137,9500.075195
39,0.753847,0.327772,9766.391602
40,0.720315,0.322742,10015.900391
41,0.706235,0.299655,10265.422852
42,0.700162,0.263552,10514.948242
43,0.685373,0.243090,10764.596680
44,0.646255,0.245375,11014.090820
45,0.554577,0.268212,11263.703125
46,0.484108,0.292976,11513.208008
47,0.453267,0.297974,11762.818359
48,0.413634,0.311637,12012.349609
49,0.380244,0.358656,12261.921875
50,0.365074,0.426926,12511.508789
51,0.348889,0.470482,12761.085938
52,0.333135,0.499225,13010.719727
53,0.323578,0.509972,13260.175781
54,0.298739,0.504451,13509.811523
55,0.290451,0.505206,13759.288086
56,0.297137,0.511482,14008.850586
57,0.300044,0.512578,14258.450195
58,0.300286,0.510722,14508.030273
59,0.301982,0.506091,14757.604492
60,0.302526,0.504749,15007.123047
61,0.303647,0.504866,15256.726562
62,0.305225,0.504000,15506.250977
63,0.306057,0.505471,15755.798828
64,0.307726,0.497815,16005.364258
65,0.312290,0.473586,16255.000977
66,0.328565,0.450608,16504.513672
67,0.354563,0.443230,16754.083984
68,0.386328,0.451903,17003.642578
69,0.415645,0.484762,17253.275391
70,0.479804,0.556035,17502.767578
71,0.567360,0.644928,17752.416016
72,0.651151,0.753615,18001.908203
73,0.712533,0.831737,18251.503906
74,0.780190,0.861408,18501.001953
75,0.885474,0.792011,18750.570312
76,0.951042,0.660405,19000.146484
77,0.994538,0.572672,19266.353516
78,0.023517,0.528291,19515.921875
79,0.023418,0.513875,19765.464844
80,0.011751,0.524722,20015.062500
81,0.979409,0.571303,20264.599609
82,0.939769,0.640591,20514.175781
83,0.888415,0.688453,20763.714844
84,0.823422,0.663498,21013.314453
85,0.759210,0.599552,21262.869141
86,0.728318,0.528866,21512.423828
87,0.722190,0.498416,21762.046875
88,0.711515,0.489076,22011.552734
89,0.671974,0.491354,22261.107422
90,0.619272,0.490813,22510.673828
91,0.569487,0.489180,22760.248047
92,0.533496,0.491419,23009.814453
93,0.509199,0.486252,23259.359375
94,0.470520,0.482813,23508.947266
95,0.419921,0.463738,23758.519531
96,0.369617,0.459067,24008.054688
97,0.316309,0.437003,24257.611328
98,0.269157,0.420126,24507.187500
99,0.250831,0.409118,24756.757812
0,0.749661,0.550942,-0.001614
1,0.750914,0.560007,266.221100
2,0.709046,0.552385,515.802429
3,0.652677,0.530118,765.340881
4,0.628530,0.521056,1014.944458
5,0.594068,0.512344,1264.469238
6,0.553757,0.502057,1514.076538
7,0.531843,0.469831,1763.586060
8,0.527792,0.470310,2013.190186
9,0.527669,0.484376,2262.786377
10,0.526910,0.510213,2512.325195
11,0.531510,0.533794,2761.868896
12,0.538793,0.559984,3011.406250
13,0.542706,0.575543,3261.054199
14,0.548856,0.578315,3510.594727
15,0.580996,0.571857,3760.213867
16,0.620171,0.566448,4009.680176
17,0.709129,0.560852,4259.267578
18,0.817050,0.558929,4508.809570
19,0.859759,0.575540,4758.383789
20,0.874409,0.584868,5007.967773
21,0.902322,0.550179,5257.558594
22,0.940435,0.516932,5507.093750
23,0.976559,0.501262,5756.646484
24,0.007960,0.517581,6006.220703
25,0.023417,0.533579,6255.738770
26,0.030083,0.547553,6505.378418
27,0.038089,0.568010,6754.901855
28,0.055376,0.584311,7004.442871
29,0.087671,0.589977,7254.016602
30,0.101462,0.592646,7503.655273
31,0.108245,0.585372,7753.160645
32,0.107163,0.577051,8002.704590
33,0.105377,0.579005,8252.300781
34,0.094226,0.571895,8501.814453
35,0.091399,0.555028,8751.429688
36,0.097389,0.530646,9000.976562
37,0.104575,0.509932,9250.603516
38,0.109649,0.500634,9500.082031
39,0.113039,0.502653,9766.275391
40,0.128534,0.514745,10015.844727
41,0.139825,0.518532,10265.521484
42,0.140664,0.522017,10515.029297
43,0.139680,0.530815,10764.612305
44,0.140195,0.531247,11014.100586
45,0.137674,0.516415,11263.727539
46,0.137048,0.514880,11513.264648
47,0.136405,0.519878,11762.837891
48,0.151582,0.543401,12012.457031
49,0.184884,0.586581,12261.915039
50,0.182667,0.605409,12511.527344
51,0.161390,0.601088,12761.040039
52,0.098345,0.594335,13010.663086
53,0.026832,0.578380,13260.193359
54,0.971345,0.518289,13509.719727
55,0.873893,0.351014,13759.325195
56,0.766660,0.234698,14008.958008
57,0.707016,0.245361,14258.464844
58,0.628928,0.253211,14507.996094
59,0.550679,0.273000,14757.596680
60,0.448960,0.316832,15007.159180
61,0.372456,0.365857,15256.742188
62,0.331494,0.457237,15506.293945
63,0.318161,0.492123,15755.867188
64,0.327574,0.494570,16005.366211
65,0.323811,0.504600,16254.958008
66,0.318651,0.515870,16504.609375
67,0.323332,0.525205,16754.117188
68,0.339816,0.529957,17003.666016
69,0.350615,0.530285,17253.177734
70,0.361640,0.533127,17502.826172
71,0.368086,0.534984,17752.300781
72,0.370708,0.536835,18001.878906
73,0.380779,0.545034,18251.476562
74,0.394282,0.558532,18501.035156
75,0.408007,0.588897,18750.640625
76,0.422291,0.639695,19000.130859
77,0.433073,0.701228,19266.341797
78,0.450722,0.739486,19515.962891
79,0.463187,0.746856,19765.460938
80,0.448131,0.745872,20015.027344
81,0.377361,0.748745,20264.609375
82,0.349239,0.752083,20514.173828
83,0.350432,0.755144,20763.828125
84,0.354542,0.745183,21013.324219
85,0.357477,0.731794,21262.888672
86,0.358237,0.728974,21512.419922
87,0.362152,0.719978,21761.972656
88,0.377384,0.684174,22011.533203
89,0.411067,0.621768,22261.113281
90,0.446427,0.561276,22510.726562
91,0.470147,0.549877,22760.230469
92,0.476830,0.524954,23009.921875
93,0.478820,0.508262,23259.388672
94,0.483815,0.506591,23508.923828
95,0.489763,0.507063,23758.482422
96,0.491742,0.509180,24008.091797
97,0.494197,0.512483,24257.619141
98,0.503507,0.515806,24507.166016
99,0.511935,0.519681,24756.839844
0,0.749951,0.607269,0.011866
1,0.750121,0.606754,266.219025
2,0.752148,0.602880,515.779541
3,0.748475,0.595192,765.394226
4,0.719447,0.592610,1014.967041
5,0.672105,0.590263,1264.495850
6,0.641609,0.586377,1514.129883
7,0.627218,0.587397,1763.626831
8,0.617798,0.589746,2013.209839
9,0.631501,0.580897,2262.794922
10,0.690085,0.554066,2512.359619
11,0.724985,0.537687,2761.884766
12,0.747542,0.525773,3011.447021
13,0.768625,0.500840,3261.039307
14,0.788861,0.508042,3510.587158
15,0.788102,0.535885,3760.164062
16,0.758451,0.560389,4009.708740
17,0.719378,0.552916,4259.308594
18,0.693760,0.522403,4508.791992
19,0.666001,0.525739,4758.411133
20,0.600621,0.546293,5007.999023
21,0.535841,0.549072,5257.522949
22,0.487857,0.562803,5507.105957
23,0.467838,0.570392,5756.648926
24,0.417767,0.580325,6006.291992
25,0.367721,0.571022,6255.833984
26,0.334902,0.558875,6505.355469
27,0.308233,0.569983,6754.911133
28,0.271792,0.579536,7004.471680
29,0.237281,0.582656,7254.005859
30,0.224231,0.603697,7503.690918
31,0.213632,0.611082,7753.187500
32,0.207781,0.594255,8002.790527
33,0.200784,0.575919,8252.249023
34,0.186461,0.564650,8501.898438
35,0.182334,0.558556,8751.470703
36,0.166898,0.562894,9000.967773
37,0.129742,0.578378,9250.537109
38,0.107387,0.619859,9500.090820
39,0.090851,0.633513,9766.337891
40,0.065673,0.621859,10015.883789
41,0.029546,0.591088,10265.417969
42,0.011662,0.564741,10515.029297
43,0.993991,0.553082,10764.529297
44,0.983575,0.532853,11014.095703
45,0.982637,0.495844,11263.700195
46,0.999771,0.464578,11513.284180
47,0.049266,0.453166,11762.848633
48,0.139382,0.451443,12012.370117
49,0.196041,0.453347,12261.989258
50,0.229366,0.451234,12511.545898
51,0.248590,0.458227,12761.097656
52,0.255479,0.498767,13010.645508
53,0.273569,0.512401,13260.219727
54,0.297655,0.527580,13509.782227
55,0.332137,0.532600,13759.312500
56,0.365329,0.532849,14008.965820
57,0.405901,0.531019,14258.447266
58,0.444557,0.529855,14507.993164
59,0.473372,0.525601,14757.599609
60,0.492943,0.521894,15007.226562
61,0.507097,0.540977,15256.713867
62,0.518364,0.569511,15506.257812
63,0.541227,0.592337,15755.952148
64,0.551798,0.618788,16005.423828
65,0.556412,0.628241,16254.994141
66,0.566689,0.620261,16504.515625
67,0.580950,0.604799,16754.125000
68,0.599279,0.596122,17003.669922
69,0.623929,0.592349,17253.203125
70,0.645304,0.587587,17502.824219
71,0.662763,0.590772,17752.402344
72,0.686820,0.587476,18001.994141
73,0.710907,0.579331,18251.453125
74,0.729909,0.569773,18501.042969
75,0.748444,0.564756,18750.580078
76,0.762790,0.562170,19000.150391
77,0.770741,0.549715,19266.380859
78,0.756689,0.527097,19515.992188
79,0.720115,0.502516,19765.484375
80,0.684539,0.495290,20015.109375
81,0.643662,0.504867,20264.628906
82,0.591147,0.505152,20514.234375
83,0.555344,0.498759,20763.714844
84,0.534874,0.489200,21013.285156
85,0.514476,0.479386,21262.984375
86,0.490497,0.478804,21512.476562
87,0.466751,0.482863,21762.031250
88,0.438402,0.485361,22011.550781
89,0.407063,0.493921,22261.152344
90,0.370490,0.515953,22510.681641
91,0.323560,0.528484,22760.279297
92,0.284957,0.537891,23009.818359
93,0.255931,0.541278,23259.394531
94,0.229874,0.541864,23508.929688
95,0.209214,0.541922,23758.513672
96,0.191559,0.550250,24008.066406
97,0.167311,0.552152,24257.644531
98,0.140318,0.553582,24507.220703
99,0.121056,0.555891,24756.759766
0,0.749939,0.497615,0.047291
1,0.749743,0.497815,266.352112
2,0.748790,0.498017,515.995667
3,0.722289,0.496043,765.402710
4,0.699767,0.496273,1014.930664
5,0.733797,0.501305,1264.527344
6,0.743971,0.502410,1514.006348
7,0.750291,0.505794,1763.631592
8,0.777035,0.522416,2013.127441
9,0.784842,0.527762,2296.011719
10,0.783520,0.525714,2512.312744
11,0.778241,0.522287,2761.929199
12,0.762340,0.508708,3044.771240
13,0.751322,0.500765,3277.614990
14,0.747312,0.497382,3527.221191
15,0.742353,0.494922,3776.732666
16,0.729338,0.493437,4026.420898
17,0.703441,0.493337,4275.895020
18,0.672688,0.490825,4525.496094
19,0.658932,0.487988,4774.988281
20,0.654808,0.486868,5008.017090
21,0.652373,0.484199,5257.478027
22,0.650684,0.482940,5507.086426
23,0.648793,0.479054,5756.723633
24,0.642046,0.484509,6022.859375
25,0.631059,0.487313,6255.875488
26,0.623251,0.487264,6521.979492
27,0.611265,0.486798,6754.943359
28,0.599864,0.485422,7004.486816
29,0.596934,0.484904,7254.067383
30,0.588876,0.476696,7503.555664
31,0.576287,0.479956,7753.187988
32,0.555155,0.477468,8002.639648
33,0.522279,0.471533,8352.197266
34,0.502951,0.469245,8501.798828
35,0.481345,0.468988,8751.398438
36,0.445750,0.467032,9084.190430
37,0.402786,0.467915,9333.802734
38,0.369531,0.469687,9583.255859
39,0.329460,0.471802,9816.282227
40,0.296479,0.479745,10065.772461
41,0.285173,0.487622,10315.346680
42,0.287010,0.484602,10548.248047
43,0.296684,0.447590,10781.284180
44,0.321322,0.371643,11030.747070
45,0.354340,0.297049,11280.350586
46,0.389962,0.237018,11529.888672
47,0.424212,0.203668,11762.883789
48,0.502669,0.195643,12012.327148
49,0.609884,0.219253,12261.988281
50,0.685780,0.237300,12511.446289
51,0.745204,0.261576,12761.131836
52,0.796038,0.317555,13043.834961
53,0.829672,0.387303,13276.841797
54,0.860231,0.432266,13509.737305
55,0.870694,0.440528,13759.331055
56,0.875006,0.450037,14008.819336
57,0.896534,0.507704,14258.413086
58,0.919879,0.518881,14541.316406
59,0.964571,0.507227,14774.197266
60,0.998602,0.489600,15007.200195
61,0.028701,0.488240,15256.642578
62,0.057844,0.484925,15506.277344
63,0.082167,0.484889,15772.416992
64,0.095708,0.483474,16005.371094
65,0.102847,0.477601,16254.910156
66,0.098825,0.476219,16504.500000
67,0.093904,0.477641,16754.005859
68,0.091521,0.481226,17003.599609
69,0.090239,0.484673,17253.146484
70,0.090440,0.487534,17502.718750
71,0.090676,0.489703,17752.380859
72,0.095217,0.488993,18001.849609
73,0.112468,0.491876,18251.505859
74,0.106415,0.499234,18500.958984
75,0.096907,0.502619,18833.693359
76,0.096159,0.506430,19083.375000
77,0.093432,0.508049,19316.257812
78,0.090208,0.505756,19582.466797
79,0.089579,0.504456,19815.335938
80,0.089660,0.505318,20064.925781
81,0.089361,0.507106,20314.451172
82,0.089595,0.507697,20564.054688
83,0.090256,0.508159,20813.566406
84,0.090176,0.509059,21063.207031
85,0.090177,0.510017,21312.779297
86,0.090270,0.510517,21545.679688
87,0.090372,0.511128,21795.210938
88,0.106792,0.510363,22044.761719
89,0.128528,0.514766,22294.376953
90,0.134897,0.516231,22527.312500
91,0.167266,0.503668,22776.873047
92,0.184063,0.495047,23026.380859
93,0.187094,0.494949,23275.996094
94,0.185451,0.496783,23508.859375
95,0.178064,0.499926,23758.539062
96,0.161737,0.508979,24024.662109
97,0.126967,0.516337,24257.640625
98,0.071708,0.506215,24507.160156
99,0.026208,0.491838,24756.767578
0,0.749960,0.478782,-0.118271
1,0.750128,0.479902,266.007965
2,0.750199,0.481071,515.677856
3,0.750156,0.481570,765.121277
4,0.749638,0.483530,1014.726624
5,0.724385,0.488970,1264.284790
6,0.689096,0.494137,1513.909790
7,0.679411,0.498956,1763.416626
8,0.672910,0.494141,2012.953003
9,0.635189,0.488575,2262.570801
10,0.589325,0.493393,2512.073975
11,0.570500,0.508956,2761.682373
12,0.597609,0.578912,3011.208496
13,0.653500,0.662756,3260.810791
14,0.680787,0.701813,3510.330322
15,0.701068,0.700021,3759.892334
16,0.714742,0.709731,4009.538574
17,0.730674,0.757680,4259.068848
18,0.745906,0.778126,4508.650879
19,0.791732,0.764427,4758.170898
20,0.845721,0.735297,5007.762695
21,0.875398,0.701407,5257.309082
22,0.885232,0.637756,5506.860840
23,0.891317,0.593134,5756.421875
24,0.894980,0.560790,6006.092773
25,0.918298,0.516018,6255.586426
26,0.972005,0.509869,6505.201660
27,0.024512,0.510467,6754.689453
28,0.060331,0.508957,7004.219727
29,0.094619,0.504681,7253.830078
30,0.117932,0.499112,7503.371582
31,0.110997,0.487350,7752.961914
32,0.103744,0.482710,8002.503906
33,0.099592,0.484525,8252.051758
34,0.098100,0.484934,8501.658203
35,0.098073,0.485889,8751.167969
36,0.096180,0.484055,9000.733398
37,0.087685,0.485311,9250.306641
38,0.048614,0.484635,9516.504883
39,0.024309,0.485591,9766.115234
40,0.014392,0.477184,10015.627930
41,0.010951,0.425246,10265.201172
42,0.002526,0.354344,10514.860352
43,0.989847,0.306170,10764.346680
44,0.941902,0.276300,11013.887695
45,0.869534,0.245723,11263.431641
46,0.827644,0.248721,11513.048828
47,0.796931,0.277044,11762.621094
48,0.764433,0.294664,12012.139648
49,0.716864,0.306048,12261.813477
50,0.668381,0.315348,12511.291016
51,0.610007,0.335280,12760.866211
52,0.561316,0.359180,13010.504883
53,0.528302,0.383051,13259.987305
54,0.505613,0.396594,13509.529297
55,0.495374,0.401371,13759.088867
56,0.505362,0.418374,14008.692383
57,0.506865,0.431484,14258.210938
58,0.483172,0.445043,14507.798828
59,0.437303,0.452037,14757.382812
60,0.400296,0.458223,15006.927734
61,0.369647,0.476270,15256.566406
62,0.362228,0.488316,15506.024414
63,0.349851,0.495608,15755.666016
64,0.303895,0.497201,16005.198242
65,0.298255,0.505666,16254.725586
66,0.320635,0.519269,16504.386719
67,0.331978,0.515485,16753.884766
68,0.331257,0.506620,17003.501953
69,0.310198,0.472174,17253.031250
70,0.303598,0.444285,17502.656250
71,0.317996,0.434045,17752.091797
72,0.343704,0.426610,18001.734375
73,0.373311,0.427957,18251.251953
74,0.394893,0.431644,18500.796875
75,0.417986,0.439869,18750.410156
76,0.446493,0.447444,19016.615234
77,0.470515,0.446380,19266.138672
78,0.484355,0.444399,19515.798828
79,0.493823,0.444234,19765.361328
80,0.501569,0.444364,20014.830078
81,0.508719,0.443587,20264.478516
82,0.513652,0.442605,20513.931641
83,0.518653,0.441791,20763.556641
84,0.526927,0.441959,21013.064453
85,0.535950,0.439851,21262.703125
86,0.535357,0.439471,21512.242188
87,0.529976,0.434855,21761.851562
88,0.529775,0.433346,22011.373047
89,0.526682,0.435592,22260.947266
90,0.527499,0.439716,22510.498047
91,0.530873,0.449340,22760.019531
92,0.546070,0.462351,23009.650391
93,0.574873,0.470486,23259.175781
94,0.601231,0.473425,23508.707031
95,0.613249,0.479798,23758.316406
96,0.616093,0.486240,24007.851562
97,0.622519,0.489912,24257.439453
98,0.636033,0.492875,24507.013672
99,0.654139,0.492906,24756.550781
0,0.750289,0.494159,-0.016728
1,0.750293,0.493827,266.164062
2,0.749827,0.494722,515.796082
3,0.739810,0.494591,765.383545
4,0.704963,0.503077,1014.851929
5,0.686497,0.515315,1264.517700
6,0.680649,0.523920,1513.976685
7,0.673294,0.523282,1763.606079
8,0.672285,0.523278,2013.142578
9,0.672301,0.523838,2262.785645
10,0.671171,0.524774,2512.290283
11,0.671619,0.526699,2761.792725
12,0.672366,0.526941,3011.345703
13,0.662728,0.526376,3261.012939
14,0.637262,0.533837,3510.486572
15,0.631391,0.549454,3760.041748
16,0.630503,0.561417,4009.658936
17,0.617353,0.563440,4259.252930
18,0.602164,0.562412,4508.723633
19,0.591452,0.560159,4758.318848
20,0.583130,0.557085,5007.934082
21,0.576897,0.537168,5257.438477
22,0.565945,0.506350,5507.048828
23,0.558600,0.488114,5756.559082
24,0.556488,0.487081,6006.159668
25,0.555262,0.487876,6255.674316
26,0.553539,0.492183,6505.319336
27,0.552841,0.497836,6754.860840
28,0.553581,0.501475,7004.390137
29,0.557811,0.500484,7253.939453
30,0.571187,0.489589,7503.508301
31,0.584022,0.468216,7753.110840
32,0.605269,0.455283,8002.615723
33,0.644786,0.458288,8252.303711
34,0.679066,0.463354,8501.806641
35,0.704624,0.468219,8751.435547
36,0.727569,0.473864,9000.922852
37,0.738973,0.477033,9250.511719
38,0.746560,0.479439,9500.054688
39,0.757749,0.484551,9766.252930
40,0.772909,0.491528,10015.786133
41,0.792315,0.501387,10265.427734
42,0.810968,0.507218,10514.932617
43,0.826077,0.503924,10764.589844
44,0.835778,0.496984,11014.080078
45,0.844862,0.492778,11263.590820
46,0.854157,0.487982,11513.172852
47,0.863137,0.475350,11762.744141
48,0.873768,0.449233,12012.375000
49,0.877817,0.418083,12261.897461
50,0.884671,0.380428,12511.473633
51,0.884499,0.337476,12760.990234
52,0.882909,0.321052,13010.668945
53,0.881570,0.319974,13260.154297
54,0.883100,0.323684,13509.681641
55,0.884810,0.320452,13759.282227
56,0.886074,0.318467,14008.815430
57,0.886104,0.319170,14258.414062
58,0.887704,0.324735,14507.940430
59,0.893474,0.345555,14757.544922
60,0.903821,0.391438,15007.050781
61,0.911595,0.431887,15256.629883
62,0.921152,0.470198,15506.185547
63,0.949257,0.482697,15755.798828
64,0.971670,0.493218,16005.412109
65,0.985992,0.500578,16254.879883
66,0.989851,0.502319,16504.484375
67,0.985251,0.494695,16754.000000
68,0.983613,0.487998,17003.656250
69,0.981492,0.487049,17253.130859
70,0.974582,0.473760,17502.695312
71,0.972450,0.472339,17752.255859
72,0.982996,0.468983,18001.845703
73,0.989800,0.456575,18251.410156
74,0.999273,0.459885,18500.982422
75,0.013003,0.473830,18750.544922
76,0.017580,0.491811,19000.072266
77,0.017718,0.501873,19266.376953
78,0.012919,0.499886,19515.875000
79,0.008820,0.514710,19765.458984
80,0.009948,0.512929,20014.976562
81,0.011710,0.511515,20264.644531
82,0.009706,0.509104,20514.117188
83,0.001850,0.511228,20763.662109
84,0.996155,0.510301,21013.224609
85,0.993867,0.513711,21262.861328
86,0.997905,0.515114,21512.357422
87,0.010797,0.509246,21761.939453
88,0.043866,0.491460,22011.544922
89,0.065538,0.478011,22261.142578
90,0.083624,0.476518,22510.619141
91,0.100148,0.477576,22760.185547
92,0.111886,0.478531,23009.777344
93,0.125787,0.494448,23259.326172
94,0.136526,0.504335,23508.853516
95,0.144149,0.506733,23758.441406
96,0.154113,0.509348,24008.035156
97,0.169557,0.514160,24257.552734
98,0.183369,0.523753,24507.175781
99,0.190240,0.531362,24756.693359
0,0.751239,0.515249,-0.009360
1,0.751677,0.515336,266.282867
2,0.754118,0.514893,515.713440
3,0.757088,0.514487,765.280640
4,0.767730,0.512058,1014.839050
5,0.799800,0.509691,1264.450317
6,0.814979,0.515154,1513.963501
7,0.827840,0.519395,1763.634277
8,0.834710,0.519061,2013.189209
9,0.837023,0.522123,2262.731201
10,0.837144,0.522181,2512.226074
11,0.841728,0.521682,2761.778564
12,0.853264,0.524412,3011.361328
13,0.851358,0.528999,3260.923584
14,0.822378,0.515936,3510.525635
15,0.758403,0.486229,3760.091797
16,0.722544,0.460854,4009.757812
17,0.703402,0.425629,4259.212402
18,0.682843,0.421413,4508.753906
19,0.678419,0.455939,4758.317383
20,0.662934,0.474542,5007.879883
21,0.635777,0.474365,5257.436035
22,0.611544,0.479831,5506.983398
23,0.583543,0.481305,5756.593262
24,0.567940,0.485722,6006.133789
25,0.561546,0.490804,6255.673340
26,0.573329,0.499716,6505.271484
27,0.611757,0.512772,6754.857910
28,0.616013,0.518711,7004.384277
29,0.617943,0.525076,7253.958496
30,0.622425,0.542423,7503.533691
31,0.612911,0.546495,7753.066895
32,0.597189,0.542715,8002.666992
33,0.570613,0.534656,8252.208984
34,0.514589,0.511222,8501.775391
35,0.478083,0.502877,8751.333984
36,0.458889,0.509042,9000.916992
37,0.448498,0.517640,9250.486328
38,0.443181,0.522751,9500.026367
39,0.416218,0.528485,9766.212891
40,0.400354,0.529884,10015.792969
41,0.394939,0.530742,10265.388672
42,0.392103,0.530608,10514.939453
43,0.392483,0.532783,10764.482422
44,0.393477,0.534407,11014.041992
45,0.382719,0.521718,11263.612305
46,0.344492,0.471010,11513.168945
47,0.322904,0.452907,11762.746094
48,0.312566,0.470358,12012.290039
49,0.313922,0.473806,12261.874023
50,0.317059,0.468993,12511.426758
51,0.319796,0.468801,12760.970703
52,0.323416,0.474063,13010.561523
53,0.326854,0.477704,13260.124023
54,0.331560,0.477356,13509.683594
55,0.339721,0.479270,13759.256836
56,0.350877,0.481801,14008.821289
57,0.361513,0.486698,14258.399414
58,0.370674,0.489532,14507.969727
59,0.386279,0.493654,14757.493164
60,0.406427,0.505733,15007.056641
61,0.417875,0.519033,15256.625977
62,0.427187,0.528550,15506.231445
63,0.435110,0.533075,15755.756836
64,0.439579,0.536337,16005.328125
65,0.446575,0.533978,16254.902344
66,0.451484,0.539093,16504.445312
67,0.457986,0.539835,16754.023438
68,0.461576,0.534487,17003.564453
69,0.468756,0.530258,17253.160156
70,0.488814,0.524247,17502.720703
71,0.505042,0.516012,17752.289062
72,0.509210,0.512576,18001.833984
73,0.511745,0.507492,18251.386719
74,0.519252,0.501955,18500.988281
75,0.542725,0.497316,18750.511719
76,0.567885,0.498532,19000.126953
77,0.570108,0.502505,19266.322266
78,0.563771,0.505389,19515.863281
79,0.562285,0.505684,19765.416016
80,0.558605,0.506536,20014.996094
81,0.557360,0.508739,20264.539062
82,0.556139,0.513575,20514.119141
83,0.554166,0.520538,20763.660156
84,0.552312,0.524508,21013.269531
85,0.556198,0.521842,21262.789062
86,0.558929,0.521908,21512.353516
87,0.557847,0.524085,21761.929688
88,0.561461,0.524984,22011.509766
89,0.571083,0.525975,22261.082031
90,0.580542,0.524279,22510.626953
91,0.592990,0.498303,22760.201172
92,0.599710,0.454255,23009.736328
93,0.599665,0.433940,23259.351562
94,0.645332,0.395808,23508.873047
95,0.695387,0.345094,23758.449219
96,0.704682,0.324627,24008.017578
97,0.719668,0.342149,24257.560547
98,0.722950,0.417600,24507.164062
99,0.715385,0.444179,24756.712891
0,0.750787,0.541227,-0.059273
1,0.749856,0.535231,266.145538
2,0.750028,0.533073,515.670532
3,0.748275,0.528798,765.295227
4,0.745628,0.525727,1014.768066
5,0.745611,0.525995,1264.331177
6,0.745624,0.527884,1513.908325
7,0.745458,0.529325,1763.516602
8,0.745451,0.529135,2013.070435
9,0.745543,0.529001,2262.670166
10,0.745616,0.530673,2512.198486
11,0.745743,0.531523,2761.767578
12,0.745842,0.531816,3011.295654
13,0.745917,0.532723,3260.843750
14,0.745982,0.533527,3510.420410
15,0.745911,0.531014,3759.988281
16,0.754129,0.529610,4009.552490
17,0.787585,0.540772,4259.196289
18,0.833300,0.550705,4508.727539
19,0.866767,0.555753,4758.237793
20,0.893630,0.554252,5007.817383
21,0.911262,0.543265,5257.399902
22,0.873450,0.503679,5506.915527
23,0.777716,0.461372,5756.574219
24,0.748680,0.426500,6006.143066
25,0.790821,0.446742,6255.654785
26,0.854892,0.491833,6505.180176
27,0.886727,0.498388,6754.824707
28,0.896114,0.495533,7004.359375
29,0.913556,0.500291,7253.962402
30,0.924925,0.512691,7503.451660
31,0.925387,0.510307,7753.025879
32,0.919220,0.489922,8002.619629
33,0.906520,0.475024,8252.127930
34,0.864505,0.460571,8501.750000
35,0.799363,0.434712,8751.269531
36,0.748815,0.369974,9000.829102
37,0.727669,0.308093,9250.390625
38,0.709600,0.265594,9500.067383
39,0.683761,0.250188,9766.148438
40,0.668162,0.263546,10015.757812
41,0.641034,0.322828,10265.271484
42,0.617052,0.350192,10514.880859
43,0.605938,0.360922,10764.469727
44,0.638431,0.341559,11014.041992
45,0.702528,0.312236,11263.550781
46,0.774133,0.287987,11513.194336
47,0.848417,0.293559,11762.702148
48,0.916840,0.304998,12012.218750
49,0.974600,0.300739,12261.789062
50,0.033110,0.279675,12511.386719
51,0.087397,0.262766,12760.923828
52,0.144015,0.269526,13010.468750
53,0.198536,0.258752,13260.074219
54,0.235426,0.236183,13509.682617
55,0.235531,0.265154,13759.185547
56,0.229536,0.388443,14008.783203
57,0.232143,0.475955,14258.310547
58,0.228347,0.500531,14507.975586
59,0.212120,0.517007,14757.492188
60,0.242568,0.504264,15007.065430
61,0.291565,0.504034,15256.556641
62,0.320223,0.507542,15506.127930
63,0.326795,0.497690,15755.704102
64,0.305186,0.503609,16005.297852
65,0.267913,0.517883,16254.857422
66,0.240426,0.523285,16504.373047
67,0.216547,0.513318,16754.007812
68,0.191224,0.488365,17003.503906
69,0.140282,0.499837,17253.064453
70,0.083589,0.513909,17502.664062
71,0.058728,0.505384,17752.250000
72,0.046136,0.490002,18001.835938
73,0.009824,0.478899,18251.326172
74,0.983476,0.462938,18500.990234
75,0.956585,0.477389,18750.455078
76,0.897762,0.503276,19000.042969
77,0.845221,0.525529,19266.234375
78,0.799792,0.531361,19515.804688
79,0.763638,0.529767,19765.412109
80,0.722034,0.526685,20014.960938
81,0.664579,0.511572,20264.476562
82,0.622135,0.492108,20514.068359
83,0.580997,0.491411,20763.634766
84,0.534124,0.493870,21013.220703
85,0.493494,0.483597,21262.738281
86,0.468060,0.486867,21512.349609
87,0.435838,0.501006,21761.914062
88,0.445040,0.487845,22011.406250
89,0.482637,0.421912,22261.035156
90,0.510643,0.369454,22510.568359
91,0.528313,0.369349,22760.117188
92,0.560241,0.470923,23009.787109
93,0.599800,0.557251,23259.332031
94,0.639010,0.583605,23508.833984
95,0.671516,0.584958,23758.380859
96,0.705815,0.576405,24008.037109
97,0.732075,0.572697,24257.570312
98,0.755702,0.571482,24507.103516
99,0.772932,0.565859,24756.681641
0,0.749916,0.487007,-0.007983
1,0.748550,0.489155,266.213837
2,0.744992,0.503326,515.716248
3,0.716659,0.523324,765.325134
4,0.660255,0.521098,1014.842224
5,0.622611,0.526234,1264.407349
6,0.597799,0.526385,1513.955811
7,0.568223,0.521839,1763.559448
8,0.534758,0.517696,2013.162964
9,0.506794,0.518161,2262.676758
10,0.485187,0.516654,2512.316895
11,0.459355,0.517314,2761.844727
12,0.430737,0.516567,3011.388916
13,0.405630,0.515577,3260.970947
14,0.383134,0.516240,3510.484375
15,0.361664,0.514701,3760.068848
16,0.326436,0.514882,4009.616455
17,0.293189,0.517124,4259.268066
18,0.283189,0.515541,4508.816406
19,0.296916,0.510392,4758.332520
20,0.332227,0.498000,5007.896973
21,0.363225,0.491772,5257.526855
22,0.375967,0.495436,5506.993652
23,0.380381,0.498444,5756.577148
24,0.388835,0.506407,6006.146484
25,0.401906,0.514135,6255.725586
26,0.422889,0.517688,6505.356445
27,0.451327,0.515860,6754.931152
28,0.487676,0.516042,7004.411133
29,0.526061,0.515415,7253.979980
30,0.565575,0.511640,7503.511230
31,0.615649,0.509957,7753.070312
32,0.661471,0.501518,8002.635742
33,0.703514,0.505313,8252.196289
34,0.748768,0.489574,8501.760742
35,0.786460,0.488585,8751.334961
36,0.794114,0.489846,9000.905273
37,0.779242,0.489199,9250.459961
38,0.752433,0.494862,9500.133789
39,0.721248,0.499140,9766.232422
40,0.706828,0.496456,10015.821289
41,0.694247,0.485988,10265.367188
42,0.655768,0.468130,10514.936523
43,0.625572,0.475672,10764.505859
44,0.622633,0.486790,11014.038086
45,0.635861,0.490099,11263.601562
46,0.650217,0.478202,11513.230469
47,0.663165,0.445292,11762.737305
48,0.679337,0.390277,12012.305664
49,0.702596,0.334079,12261.877930
50,0.730969,0.311201,12511.446289
51,0.764811,0.314860,12761.023438
52,0.816270,0.362938,13010.566406
53,0.857291,0.418356,13260.096680
54,0.880882,0.464178,13509.768555
55,0.890245,0.508043,13759.294922
56,0.893856,0.565466,14008.828125
57,0.902231,0.594099,14258.398438
58,0.911373,0.602958,14507.964844
59,0.930940,0.600448,14757.503906
60,0.956523,0.587499,15007.089844
61,0.978218,0.536213,15256.619141
62,0.995228,0.489858,15506.267578
63,0.989117,0.438539,15755.776367
64,0.966447,0.376959,16005.334961
65,0.914738,0.331210,16254.885742
66,0.839354,0.328886,16504.451172
67,0.751028,0.373711,16754.048828
68,0.684927,0.414239,17003.562500
69,0.629804,0.444759,17253.154297
70,0.566063,0.469400,17502.685547
71,0.523601,0.477626,17752.302734
72,0.496965,0.486753,18001.833984
73,0.464014,0.494224,18251.396484
74,0.421097,0.501290,18501.000000
75,0.362730,0.508384,18750.597656
76,0.292310,0.522238,19000.087891
77,0.271261,0.540677,19266.300781
78,0.277319,0.547965,19515.863281
79,0.285302,0.554953,19765.496094
80,0.304280,0.552893,20015.017578
81,0.347780,0.540894,20264.556641
82,0.411557,0.519855,20514.175781
83,0.471137,0.517275,20763.664062
84,0.503806,0.514624,21013.255859
85,0.523450,0.510618,21262.781250
86,0.547351,0.504571,21512.388672
87,0.578249,0.503275,21761.925781
88,0.600845,0.500937,22011.505859
89,0.622598,0.497272,22261.054688
90,0.639173,0.492497,22510.683594
91,0.641204,0.489661,22760.250000
92,0.635491,0.494148,23009.746094
93,0.626947,0.496652,23259.291016
94,0.621218,0.498231,23508.851562
95,0.619719,0.498676,23758.552734
96,0.619059,0.498366,24008.001953
97,0.618229,0.498878,24257.550781
98,0.617747,0.498621,24507.126953
99,0.618055,0.499279,24756.675781
0,0.763251,0.582631,0.028938
1,0.781625,0.584974,266.229645
2,0.796937,0.589051,515.799500
3,0.815521,0.592856,765.362366
4,0.828394,0.590670,1014.873291
5,0.854611,0.560699,1264.507935
6,0.893825,0.511860,1514.003296
7,0.922544,0.488712,1763.537109
8,0.953260,0.495258,2013.143921
9,0.981739,0.505574,2262.771240
10,0.991036,0.522439,2512.318848
11,0.998876,0.547863,2761.791260
12,0.005111,0.573343,3011.415771
13,0.994047,0.586189,3260.988037
14,0.981045,0.582223,3510.512939
15,0.971001,0.573178,3760.083496
16,0.962801,0.558707,4009.666504
17,0.951520,0.554473,4259.240723
18,0.914744,0.564549,4508.731934
19,0.874741,0.581335,4758.369141
20,0.853131,0.583609,5007.925293
21,0.833684,0.575431,5257.485352
22,0.820751,0.571844,5507.036133
23,0.810866,0.565129,5756.599609
24,0.790002,0.561025,6006.166992
25,0.764635,0.588842,6255.708008
26,0.743055,0.692414,6505.382324
27,0.717602,0.758924,6754.843750
28,0.679973,0.801996,7004.459473
29,0.640986,0.772763,7253.946777
30,0.629567,0.706462,7503.577637
31,0.606044,0.644980,7753.077148
32,0.552485,0.598760,8002.657715
33,0.524055,0.587062,8252.270508
34,0.519906,0.650860,8501.775391
35,0.595362,0.793375,8751.343750
36,0.643413,0.887052,9000.894531
37,0.705452,0.951449,9250.549805
38,0.807393,0.966945,9500.017578
39,0.895318,0.965011,9766.248047
40,0.927754,0.946775,10015.776367
41,0.989019,0.931672,10265.392578
42,0.989843,0.886850,10514.946289
43,0.014675,0.795300,10764.557617
44,0.055756,0.716269,11014.079102
45,0.053454,0.617478,11263.657227
46,0.026029,0.543394,11513.201172
47,0.011770,0.502961,11762.724609
48,0.002693,0.451748,12012.320312
49,0.034084,0.431598,12261.962891
50,0.114150,0.401774,12511.540039
51,0.233631,0.358338,12761.017578
52,0.291942,0.358689,13010.614258
53,0.287606,0.347366,13260.108398
54,0.275612,0.350919,13509.704102
55,0.274398,0.391098,13759.280273
56,0.286545,0.397192,14008.925781
57,0.306166,0.306590,14258.404297
58,0.334459,0.282378,14507.955078
59,0.368349,0.280198,14757.613281
60,0.389922,0.281268,15007.112305
61,0.379542,0.271298,15256.621094
62,0.337043,0.262277,15506.189453
63,0.331403,0.260897,15755.851562
64,0.342974,0.263596,16005.364258
65,0.345916,0.270549,16254.884766
66,0.338248,0.289606,16504.482422
67,0.340946,0.355169,16754.060547
68,0.355802,0.439123,17003.562500
69,0.357560,0.500935,17253.181641
70,0.350822,0.494248,17502.734375
71,0.347684,0.463271,17752.287109
72,0.347658,0.489951,18001.830078
73,0.350028,0.519387,18251.414062
74,0.357123,0.524682,18500.962891
75,0.387228,0.528424,18750.509766
76,0.414620,0.482943,19000.183594
77,0.440593,0.399814,19266.326172
78,0.460063,0.362659,19515.906250
79,0.479580,0.355109,19765.406250
80,0.504250,0.355362,20014.994141
81,0.498371,0.323049,20264.578125
82,0.448920,0.263433,20514.152344
83,0.413846,0.247229,20763.722656
84,0.411834,0.242159,21013.281250
85,0.408382,0.252852,21262.851562
86,0.404165,0.258659,21512.396484
87,0.412932,0.263338,21761.943359
88,0.493551,0.307800,22011.548828
89,0.563719,0.343327,22261.111328
90,0.591182,0.349437,22510.650391
91,0.611843,0.350313,22760.212891
92,0.650905,0.359611,23009.796875
93,0.686923,0.377529,23259.380859
94,0.705900,0.371696,23508.861328
95,0.710236,0.345926,23758.533203
96,0.701930,0.320652,24008.041016
97,0.720179,0.342571,24257.597656
98,0.730302,0.373251,24507.167969
99,0.716395,0.423232,24756.767578
0,0.749727,0.584610,-0.020328
1,0.748943,0.585599,266.299225
2,0.748671,0.585134,515.767822
3,0.746960,0.584806,765.344910
4,0.722557,0.579706,1014.996948
5,0.684869,0.580587,1264.468262
6,0.660219,0.587155,1514.077393
7,0.644989,0.587581,1763.630859
8,0.621371,0.587281,2013.182983
9,0.597961,0.588288,2262.738037
10,0.580349,0.586964,2512.327637
11,0.566607,0.586514,2761.800293
12,0.555462,0.588274,3011.455078
13,0.535639,0.582329,3260.953125
14,0.516745,0.576284,3510.638672
15,0.483289,0.566930,3760.156738
16,0.455655,0.564044,4009.702148
17,0.441573,0.564150,4259.288086
18,0.435157,0.565997,4508.824707
19,0.493720,0.545290,4824.904785
20,0.531890,0.502577,5074.515137
21,0.522891,0.472676,5324.067383
22,0.528270,0.465438,5590.254883
23,0.553940,0.441313,5823.161133
24,0.588090,0.399775,6072.760254
25,0.612680,0.373243,6322.233398
26,0.629093,0.363851,6571.866699
27,0.639665,0.363780,6821.370117
28,0.652523,0.374754,7071.023438
29,0.689765,0.462368,7320.639160
30,0.742702,0.540307,7570.126953
31,0.792196,0.566278,7803.113281
32,0.855716,0.571517,8052.632324
33,0.889653,0.562865,8302.243164
34,0.915186,0.554454,8568.313477
35,0.951754,0.541083,8817.971680
36,0.982846,0.520084,9050.841797
37,0.014627,0.512600,9300.427734
38,0.038892,0.508997,9549.988281
39,0.054357,0.509071,9782.960938
40,0.089984,0.523245,10032.415039
41,0.134677,0.560310,10282.092773
42,0.143785,0.583163,10531.532227
43,0.166986,0.578728,10764.528320
44,0.192966,0.567278,11014.047852
45,0.203804,0.551934,11263.667969
46,0.205388,0.545900,11546.520508
47,0.211562,0.545977,11779.417969
48,0.221831,0.541862,12029.075195
49,0.247894,0.530830,12278.508789
50,0.273349,0.523410,12528.182617
51,0.297054,0.532475,12760.996094
52,0.309920,0.538208,13010.609375
53,0.305825,0.542044,13260.147461
54,0.293793,0.541937,13543.010742
55,0.264877,0.542934,13792.473633
56,0.233481,0.537682,14025.475586
57,0.208613,0.537035,14274.997070
58,0.185767,0.534852,14508.008789
59,0.159461,0.509922,14757.498047
60,0.138199,0.490136,15023.698242
61,0.129696,0.501041,15256.692383
62,0.122720,0.507023,15522.841797
63,0.117587,0.511360,15755.833984
64,0.106237,0.520552,16005.362305
65,0.053964,0.537158,16254.993164
66,0.987446,0.545254,16504.449219
67,0.945947,0.538655,16754.105469
68,0.908864,0.526513,17003.537109
69,0.895827,0.501766,17253.181641
70,0.885275,0.481557,17502.673828
71,0.868208,0.470027,17752.339844
72,0.853107,0.461236,18001.775391
73,0.837332,0.452541,18251.435547
74,0.810280,0.459432,18501.062500
75,0.761665,0.488838,18750.550781
76,0.738969,0.515851,19000.130859
77,0.723338,0.541034,19349.517578
78,0.707071,0.560927,19599.039062
79,0.680442,0.576836,19832.015625
80,0.650622,0.576075,20064.861328
81,0.645092,0.567793,20314.500000
82,0.647986,0.568600,20547.351562
83,0.641663,0.573781,20797.017578
84,0.628411,0.569082,21046.500000
85,0.610013,0.566300,21279.460938
86,0.586529,0.568691,21545.595703
87,0.560529,0.585414,21778.611328
88,0.554017,0.587598,22028.136719
89,0.544778,0.580472,22277.767578
90,0.548535,0.580019,22510.583984
91,0.570609,0.576039,22760.205078
92,0.595140,0.579186,23009.742188
93,0.595627,0.590276,23275.927734
94,0.624564,0.602210,23508.826172
95,0.734917,0.650541,23758.451172
96,0.822213,0.629414,24008.037109
97,0.859086,0.602458,24257.574219
98,0.868708,0.606887,24507.222656
99,0.881213,0.590931,24756.646484
0,0.750115,0.539965,0.031183
1,0.750288,0.540085,266.266205
2,0.750906,0.541397,515.831360
3,0.760320,0.554940,765.330017
4,0.798042,0.608453,1014.940613
5,0.846895,0.678649,1264.491455
6,0.875127,0.731345,1514.098267
7,0.883766,0.715473,1763.576050
8,0.882532,0.641822,2013.178467
9,0.878692,0.582208,2262.695312
10,0.870391,0.552335,2512.337402
11,0.863666,0.513741,2761.919434
12,0.857830,0.471011,3011.384277
13,0.854446,0.442085,3261.005371
14,0.856338,0.423468,3510.531006
15,0.856140,0.410732,3760.145752
16,0.856904,0.400464,4009.688965
17,0.867333,0.383664,4259.233887
18,0.878567,0.363953,4508.776855
19,0.883736,0.344023,4758.362305
20,0.887345,0.315811,5007.896973
21,0.887672,0.274990,5257.518066
22,0.882373,0.241099,5507.071777
23,0.877934,0.214742,5756.718262
24,0.882750,0.203308,6006.198242
25,0.896679,0.213294,6255.782715
26,0.950199,0.252217,6505.312988
27,0.997329,0.302883,6754.847656
28,0.017334,0.356021,7004.520508
29,0.019638,0.407371,7253.999023
30,0.017024,0.446897,7503.566895
31,0.025325,0.498213,7753.167969
32,0.039113,0.555806,8002.728516
33,0.045010,0.577794,8252.262695
34,0.042695,0.561104,8501.882812
35,0.020079,0.538415,8751.416016
36,0.978325,0.515502,9000.933594
37,0.907795,0.520639,9250.502930
38,0.848093,0.538280,9500.117188
39,0.814081,0.550242,9766.402344
40,0.777958,0.552179,10015.915039
41,0.737206,0.540618,10265.399414
42,0.699506,0.532355,10514.983398
43,0.665077,0.527833,10764.576172
44,0.635190,0.517558,11014.104492
45,0.618452,0.518826,11263.697266
46,0.591821,0.545536,11513.243164
47,0.564274,0.585025,11762.818359
48,0.569010,0.631462,12012.356445
49,0.560748,0.647323,12261.949219
50,0.542685,0.647579,12511.480469
51,0.522126,0.640249,12761.027344
52,0.505876,0.610424,13010.605469
53,0.489101,0.575140,13260.166992
54,0.468954,0.524288,13509.737305
55,0.464434,0.473131,13759.291992
56,0.466628,0.422677,14008.865234
57,0.476555,0.397651,14258.473633
58,0.490994,0.387980,14507.999023
59,0.500792,0.389648,14757.553711
60,0.508682,0.396961,15007.100586
61,0.515406,0.399898,15256.708984
62,0.518338,0.397338,15506.241211
63,0.522909,0.388072,15755.833008
64,0.525965,0.381266,16005.368164
65,0.526054,0.373145,16254.944336
66,0.518703,0.325592,16504.480469
67,0.507322,0.268761,16754.060547
68,0.494066,0.228272,17003.664062
69,0.499642,0.204645,17253.205078
70,0.539603,0.185467,17502.734375
71,0.584997,0.172744,17752.322266
72,0.609203,0.166792,18001.910156
73,0.630798,0.163363,18251.431641
74,0.664517,0.167717,18501.015625
75,0.715946,0.170524,18750.572266
76,0.772701,0.160226,19000.113281
77,0.808007,0.169804,19266.330078
78,0.853863,0.164351,19515.914062
79,0.891447,0.169894,19765.447266
80,0.925905,0.174042,20015.052734
81,0.958588,0.172337,20264.609375
82,0.029728,0.193394,20514.136719
83,0.107823,0.305500,20763.699219
84,0.154434,0.452265,21013.283203
85,0.184746,0.541422,21262.841797
86,0.209574,0.564595,21512.400391
87,0.218322,0.553461,21761.986328
88,0.215818,0.520654,22011.535156
89,0.217980,0.452580,22261.083984
90,0.200579,0.395077,22510.660156
91,0.177350,0.380132,22760.234375
92,0.141270,0.384784,23009.792969
93,0.098363,0.414174,23259.365234
94,0.066124,0.440687,23508.945312
95,0.033865,0.455062,23758.480469
96,0.005664,0.462788,24008.054688
97,0.980517,0.465070,24257.605469
98,0.943509,0.464168,24507.207031
99,0.917881,0.483048,24756.740234
0,0.744639,0.523697,0.051961
1,0.742003,0.521492,266.291687
2,0.740495,0.532805,515.809631
3,0.740110,0.546869,765.451965
4,0.735061,0.539652,1015.004822
5,0.717648,0.546608,1264.562622
6,0.699688,0.540543,1514.093750
7,0.707028,0.531868,1763.733398
8,0.711982,0.521664,2013.278442
9,0.699509,0.514509,2262.760498
10,0.693400,0.498981,2512.351074
11,0.691773,0.488633,2761.924316
12,0.688779,0.499301,3011.438232
13,0.681320,0.512421,3261.105469
14,0.666902,0.512785,3510.628174
15,0.654657,0.513617,3760.229004
16,0.646756,0.516952,4009.749268
17,0.638452,0.523442,4259.336914
18,0.625800,0.524101,4508.915527
19,0.611150,0.530372,4758.400879
20,0.599298,0.528554,5007.993652
21,0.580693,0.504659,5257.577637
22,0.567539,0.482182,5507.194824
23,0.551850,0.455580,5756.659668
24,0.535107,0.415385,6006.326172
25,0.522900,0.384051,6255.827148
26,0.502140,0.391598,6505.394043
27,0.470456,0.433921,6754.946777
28,0.442226,0.457258,7004.520508
29,0.419069,0.464486,7254.058594
30,0.394732,0.478834,7503.582520
31,0.375241,0.496935,7753.287598
32,0.363187,0.507663,8002.759277
33,0.363417,0.513604,8252.405273
34,0.371747,0.512192,8501.870117
35,0.372149,0.505300,8751.491211
36,0.362526,0.506389,9001.012695
37,0.336262,0.503530,9250.540039
38,0.286563,0.522966,9500.180664
39,0.257618,0.536649,9766.409180
40,0.240452,0.531887,10015.886719
41,0.224901,0.495345,10265.559570
42,0.245420,0.436157,10515.025391
43,0.256646,0.402278,10764.572266
44,0.270988,0.366621,11014.165039
45,0.294587,0.316168,11263.696289
46,0.343586,0.261189,11513.326172
47,0.386753,0.232498,11762.832031
48,0.404761,0.240917,12012.423828
49,0.415981,0.239572,12261.968750
50,0.453714,0.203951,12511.616211
51,0.497918,0.178761,12761.133789
52,0.511051,0.165417,13010.664062
53,0.559043,0.162182,13260.279297
54,0.623947,0.160878,13509.805664
55,0.669284,0.164655,13759.431641
56,0.680431,0.176574,14008.893555
57,0.668301,0.232771,14258.504883
58,0.665548,0.290103,14508.030273
59,0.691186,0.327828,14757.581055
60,0.720803,0.359056,15007.313477
61,0.747474,0.386609,15256.824219
62,0.782236,0.399693,15506.337891
63,0.819737,0.398432,15755.860352
64,0.843175,0.399328,16005.477539
65,0.857931,0.399601,16254.972656
66,0.874786,0.398840,16504.521484
67,0.895638,0.393922,16754.125000
68,0.932511,0.367794,17003.748047
69,0.971429,0.349180,17253.273438
70,0.984298,0.348893,17502.800781
71,0.983803,0.370551,17752.388672
72,0.984205,0.414669,18001.935547
73,0.992836,0.478176,18251.501953
74,0.006301,0.510125,18501.078125
75,0.007362,0.508010,18750.695312
76,0.002696,0.536371,19000.197266
77,0.013264,0.574880,19266.410156
78,0.046001,0.568067,19515.941406
79,0.087824,0.556895,19765.537109
80,0.124474,0.559696,20015.089844
81,0.146413,0.546493,20264.664062
82,0.161921,0.526482,20514.234375
83,0.167740,0.518831,20763.826172
84,0.163442,0.519982,21013.318359
85,0.150100,0.512306,21262.902344
86,0.129626,0.497499,21512.498047
87,0.110118,0.487136,21762.070312
88,0.095085,0.484725,22011.625000
89,0.082942,0.485711,22261.222656
90,0.063586,0.473353,22510.773438
91,0.032320,0.445976,22760.316406
92,0.003817,0.428746,23009.857422
93,0.982375,0.424452,23259.396484
94,0.973527,0.430996,23508.951172
95,0.966167,0.439419,23758.542969
96,0.949098,0.442523,24008.185547
97,0.907647,0.432082,24257.691406
98,0.869591,0.431696,24507.246094
99,0.842369,0.432661,24756.785156
0,0.747959,0.619835,0.033505
1,0.744922,0.614761,266.202850
2,0.739989,0.604563,515.858032
3,0.732914,0.569028,765.345215
4,0.730172,0.543148,1014.945557
5,0.739572,0.519724,1264.457031
6,0.772707,0.498032,1514.032227
7,0.800446,0.484087,1763.642578
8,0.823754,0.471814,2013.149414
9,0.844125,0.459739,2262.766113
10,0.866926,0.451759,2512.291260
11,0.901481,0.452686,2761.895996
12,0.938656,0.452900,3011.405762
13,0.959827,0.451572,3261.011230
14,0.954997,0.443456,3510.584717
15,0.937466,0.438919,3760.097168
16,0.913715,0.437486,4009.708252
17,0.871338,0.428225,4259.219727
18,0.830332,0.414639,4508.841309
19,0.793982,0.389340,4758.341309
20,0.760430,0.362572,5007.958008
21,0.726487,0.361310,5257.534668
22,0.692070,0.399757,5507.087402
23,0.660815,0.456936,5756.646484
24,0.638394,0.486187,6006.268066
25,0.609768,0.498998,6255.806641
26,0.615920,0.510343,6505.296875
27,0.653375,0.521942,6754.875488
28,0.665316,0.522109,7004.427734
29,0.677192,0.520937,7253.998047
30,0.696553,0.520783,7503.571777
31,0.717488,0.516778,7753.127930
32,0.735544,0.513797,8002.691406
33,0.753990,0.512519,8252.240234
34,0.765849,0.512550,8501.808594
35,0.773760,0.512833,8751.373047
36,0.769519,0.510226,9000.929688
37,0.752805,0.495430,9250.498047
38,0.724247,0.455887,9500.082031
39,0.680303,0.411965,9766.285156
40,0.612119,0.391118,10015.845703
41,0.553820,0.395196,10265.390625
42,0.500481,0.426416,10514.961914
43,0.473064,0.491631,10764.531250
44,0.463516,0.519332,11014.125000
45,0.489495,0.536383,11263.653320
46,0.515045,0.536456,11513.223633
47,0.532082,0.535440,11762.815430
48,0.549889,0.530487,12012.363281
49,0.567030,0.516125,12261.926758
50,0.561084,0.510200,12511.507812
51,0.552609,0.512807,12761.027344
52,0.556194,0.511591,13010.603516
53,0.551901,0.495339,13260.198242
54,0.546263,0.461369,13509.734375
55,0.549089,0.456444,13759.293945
56,0.542689,0.445373,14008.851562
57,0.501208,0.396065,14258.429688
58,0.457729,0.378580,14508.003906
59,0.425009,0.364895,14757.563477
60,0.400846,0.355194,15007.207031
61,0.387503,0.366608,15256.686523
62,0.378661,0.395096,15506.241211
63,0.372951,0.439414,15755.799805
64,0.376574,0.459148,16005.369141
65,0.389583,0.467191,16254.960938
66,0.417307,0.469651,16504.480469
67,0.444626,0.488030,16754.076172
68,0.449463,0.496358,17003.664062
69,0.416213,0.497378,17253.207031
70,0.353281,0.515403,17502.763672
71,0.316190,0.522874,17752.314453
72,0.303996,0.519515,18001.875000
73,0.298611,0.513109,18251.466797
74,0.293227,0.517590,18501.003906
75,0.280078,0.523786,18750.564453
76,0.269379,0.519489,19000.146484
77,0.265791,0.515292,19266.351562
78,0.252457,0.530312,19515.910156
79,0.247019,0.530105,19765.496094
80,0.244997,0.536207,20015.029297
81,0.235533,0.541529,20264.595703
82,0.260928,0.542973,20514.187500
83,0.291696,0.564788,20763.718750
84,0.303466,0.596058,21013.281250
85,0.287552,0.609841,21262.892578
86,0.267322,0.612813,21512.414062
87,0.245324,0.607352,21761.974609
88,0.228667,0.591897,22011.570312
89,0.223400,0.586761,22261.089844
90,0.224634,0.592105,22510.671875
91,0.225894,0.604215,22760.232422
92,0.213015,0.613020,23009.792969
93,0.213169,0.624936,23259.371094
94,0.205461,0.621715,23508.943359
95,0.191865,0.623471,23758.498047
96,0.186186,0.626062,24008.042969
97,0.184621,0.625587,24257.628906
98,0.185847,0.628366,24507.181641
99,0.186554,0.631065,24756.755859
0,0.749821,0.494875,0.000256
1,0.749600,0.495043,266.172546
2,0.749820,0.496246,515.791077
3,0.749924,0.508003,765.307861
4,0.724799,0.539144,1014.877747
5,0.695339,0.558857,1264.452271
6,0.679243,0.574239,1514.003052
7,0.665656,0.582941,1763.653320
8,0.661436,0.585085,2013.140503
9,0.654905,0.586030,2262.706787
10,0.648786,0.587218,2512.266357
11,0.644517,0.586909,2761.798340
12,0.641279,0.586994,3011.404297
13,0.638765,0.586827,3260.941406
14,0.637756,0.587933,3510.528076
15,0.624914,0.588955,3760.065186
16,0.605667,0.585249,4009.741943
17,0.583783,0.566934,4259.211914
18,0.567446,0.545787,4508.751953
19,0.555286,0.522061,4758.383301
20,0.540144,0.495171,5007.954590
21,0.524816,0.475830,5257.522461
22,0.513403,0.462316,5507.027832
23,0.502606,0.456880,5756.680664
24,0.489045,0.447067,6006.168457
25,0.470353,0.438030,6255.698730
26,0.448914,0.439970,6505.276855
27,0.431211,0.445762,6754.901855
28,0.412054,0.450758,7004.507812
29,0.393782,0.452465,7253.972168
30,0.378043,0.455708,7503.598633
31,0.365154,0.455807,7753.103027
32,0.354483,0.457991,8002.682129
33,0.363435,0.458069,8252.258789
34,0.383056,0.457424,8501.870117
35,0.404604,0.458717,8751.374023
36,0.426233,0.460288,9000.915039
37,0.452710,0.457605,9250.528320
38,0.483002,0.454795,9500.047852
39,0.529601,0.440606,9766.238281
40,0.584373,0.424589,10015.881836
41,0.641892,0.404111,10265.445312
42,0.698727,0.393501,10515.010742
43,0.748793,0.416192,10764.605469
44,0.789190,0.458509,11014.069336
45,0.820384,0.474748,11263.689453
46,0.845666,0.471543,11513.185547
47,0.877289,0.460582,11762.751953
48,0.910844,0.456203,12012.324219
49,0.942136,0.456222,12261.963867
50,0.974426,0.465689,12511.461914
51,0.000221,0.488851,12761.010742
52,0.021890,0.509626,13010.595703
53,0.039247,0.516846,13260.187500
54,0.050571,0.523257,13509.743164
55,0.056168,0.526471,13759.272461
56,0.056761,0.529408,14008.853516
57,0.055569,0.533496,14258.482422
58,0.054685,0.537771,14507.981445
59,0.053375,0.539010,14757.603516
60,0.051896,0.536423,15007.082031
61,0.047865,0.510153,15256.744141
62,0.044496,0.474532,15506.298828
63,0.042602,0.454219,15755.819336
64,0.043978,0.447999,16005.384766
65,0.043604,0.437662,16254.924805
66,0.040400,0.426088,16504.513672
67,0.043745,0.429000,16754.064453
68,0.080513,0.472211,17003.634766
69,0.127251,0.516813,17253.203125
70,0.168228,0.538698,17502.777344
71,0.183534,0.536030,17752.318359
72,0.177710,0.531367,18001.835938
73,0.140544,0.521395,18251.468750
74,0.119030,0.519795,18501.097656
75,0.113317,0.521969,18750.550781
76,0.115539,0.526391,19000.144531
77,0.138730,0.545068,19266.333984
78,0.178020,0.557510,19515.957031
79,0.204311,0.546371,19765.453125
80,0.216662,0.518649,20015.037109
81,0.210611,0.509216,20264.562500
82,0.200117,0.522797,20514.146484
83,0.187711,0.533035,20763.710938
84,0.143390,0.551486,21013.285156
85,0.093250,0.555745,21262.892578
86,0.054983,0.547623,21512.408203
87,0.017366,0.539667,21761.990234
88,0.977916,0.537329,22011.578125
89,0.941201,0.536497,22261.154297
90,0.911292,0.528345,22510.644531
91,0.879142,0.526365,22760.230469
92,0.851265,0.530481,23009.757812
93,0.822523,0.533169,23259.355469
94,0.793417,0.529969,23508.892578
95,0.761446,0.520165,23758.511719
96,0.738541,0.509098,24008.033203
97,0.731517,0.507253,24257.664062
98,0.732928,0.505075,24507.154297
99,0.736749,0.503362,24756.738281
0,0.749918,0.499192,-0.050647
1,0.749955,0.500229,266.171173
2,0.747022,0.504424,515.709106
3,0.736505,0.515452,765.302124
4,0.717650,0.530097,1014.914185
5,0.688043,0.546151,1264.415771
6,0.675302,0.555948,1514.004639
7,0.673589,0.552698,1763.580688
8,0.680880,0.507955,2013.135620
9,0.699991,0.428507,2262.722168
10,0.720498,0.376775,2512.313965
11,0.736313,0.346641,2761.807861
12,0.746102,0.327235,3011.341553
13,0.747309,0.316483,3260.945068
14,0.748715,0.303072,3510.483887
15,0.748276,0.290039,3760.039307
16,0.751319,0.286878,4009.651367
17,0.761183,0.298413,4259.208984
18,0.779649,0.308001,4508.778809
19,0.792396,0.330320,4758.325684
20,0.799356,0.368603,5007.870605
21,0.805819,0.412579,5257.496582
22,0.815017,0.455492,5506.997559
23,0.822977,0.478379,5756.661133
24,0.831317,0.491393,6006.137695
25,0.840315,0.495325,6255.753906
26,0.849780,0.495835,6505.243164
27,0.862009,0.492297,6754.888184
28,0.875504,0.489058,7004.448242
29,0.886684,0.480794,7253.966309
30,0.900055,0.471787,7503.547852
31,0.918685,0.473120,7753.048828
32,0.955153,0.478117,8019.301270
33,0.993150,0.477439,8252.195312
34,0.034067,0.483398,8501.848633
35,0.063135,0.494292,8751.369141
36,0.091957,0.489486,9000.930664
37,0.125421,0.491158,9250.478516
38,0.140230,0.494180,9500.033203
39,0.144481,0.495559,9766.215820
40,0.157285,0.494628,10015.795898
41,0.184144,0.516164,10265.342773
42,0.210148,0.548024,10514.916992
43,0.219508,0.549581,10764.500977
44,0.237926,0.546660,11014.087891
45,0.266353,0.550174,11263.629883
46,0.278286,0.554541,11513.188477
47,0.280241,0.558496,11762.767578
48,0.280196,0.559914,12012.290039
49,0.280503,0.561783,12261.862305
50,0.280872,0.563588,12511.409180
51,0.280997,0.565966,12760.997070
52,0.281324,0.567827,13010.561523
53,0.281499,0.569109,13260.129883
54,0.281188,0.570013,13509.701172
55,0.278625,0.567409,13759.256836
56,0.276175,0.564751,14008.817383
57,0.272169,0.563536,14258.364258
58,0.264301,0.561311,14507.962891
59,0.247783,0.556639,14757.515625
60,0.219340,0.534878,15007.081055
61,0.186772,0.504159,15256.631836
62,0.153618,0.486618,15506.180664
63,0.125265,0.463981,15755.750977
64,0.096083,0.443539,16005.344727
65,0.063967,0.424187,16254.914062
66,0.025286,0.412472,16504.439453
67,0.983259,0.405835,16753.996094
68,0.946278,0.405437,17003.562500
69,0.916118,0.407270,17253.148438
70,0.888292,0.411347,17502.701172
71,0.860483,0.408043,17752.250000
72,0.842773,0.385660,18001.841797
73,0.829353,0.349573,18251.396484
74,0.815713,0.317977,18500.957031
75,0.800269,0.320138,18750.535156
76,0.764445,0.368005,19000.101562
77,0.736935,0.414967,19266.281250
78,0.717341,0.467082,19515.839844
79,0.706859,0.508023,19765.437500
80,0.707013,0.521702,20014.982422
81,0.709669,0.527063,20264.529297
82,0.710254,0.531421,20514.113281
83,0.712265,0.532464,20763.693359
84,0.723460,0.531370,21013.222656
85,0.742778,0.533685,21262.787109
86,0.767878,0.535336,21512.386719
87,0.792319,0.535376,21761.914062
88,0.816362,0.536497,22011.480469
89,0.837749,0.536112,22261.062500
90,0.856783,0.534648,22510.607422
91,0.875212,0.533920,22760.191406
92,0.894292,0.531633,23009.740234
93,0.913431,0.530759,23259.339844
94,0.933464,0.529332,23508.873047
95,0.955296,0.527727,23758.427734
96,0.981310,0.522473,24007.998047
97,0.001239,0.520707,24257.544922
98,0.016735,0.513307,24507.119141
99,0.022916,0.500002,24756.691406
0,0.750060,0.545770,0.000689
1,0.744723,0.544691,266.187927
2,0.704818,0.547544,515.721436
3,0.664623,0.544959,765.321777
4,0.629970,0.547788,1014.860291
5,0.608168,0.554539,1264.438354
6,0.594399,0.559034,1514.002075
7,0.591146,0.560682,1763.546753
8,0.594422,0.559268,2013.131226
9,0.605363,0.552665,2262.745117
10,0.620293,0.528463,2512.265625
11,0.639117,0.457454,2761.798584
12,0.655856,0.409929,3011.428955
13,0.692451,0.405604,3260.916992
14,0.727407,0.410872,3510.517578
15,0.735771,0.392205,3760.037598
16,0.735257,0.372741,4009.696533
17,0.728043,0.373063,4259.229004
18,0.727980,0.375407,4508.747559
19,0.736553,0.343607,4758.334473
20,0.755296,0.325792,5007.868652
21,0.775359,0.317841,5257.468750
22,0.801239,0.326103,5506.989746
23,0.838702,0.392596,5756.644531
24,0.860050,0.488369,6006.160645
25,0.864398,0.519840,6255.714844
26,0.860895,0.540740,6505.297363
27,0.825431,0.551107,6754.895996
28,0.769747,0.549754,7004.464844
29,0.723319,0.543510,7253.933105
30,0.681046,0.525772,7503.592285
31,0.665992,0.525368,7753.070312
32,0.667494,0.540331,8002.627441
33,0.666014,0.561785,8252.231445
34,0.638256,0.571761,8501.846680
35,0.609931,0.575229,8751.373047
36,0.601616,0.576552,9000.918945
37,0.633994,0.569151,9250.493164
38,0.747750,0.567867,9500.052734
39,0.855093,0.555708,9766.230469
40,0.903731,0.556697,10015.807617
41,0.941877,0.546924,10265.435547
42,0.976089,0.540245,10514.938477
43,0.002083,0.540590,10764.562500
44,0.014211,0.543143,11014.148438
45,0.019814,0.544192,11263.642578
46,0.022334,0.533095,11513.194336
47,0.017409,0.533447,11762.760742
48,0.007813,0.539532,12012.337891
49,0.002446,0.555255,12261.906250
50,0.012817,0.554972,12511.457031
51,0.024580,0.553489,12761.040039
52,0.052308,0.557033,13010.630859
53,0.097719,0.552133,13260.141602
54,0.144121,0.540665,13509.708984
55,0.199328,0.524901,13759.276367
56,0.244276,0.518683,14008.871094
57,0.279822,0.519633,14258.400391
58,0.303404,0.530118,14507.965820
59,0.307823,0.538053,14757.513672
60,0.306829,0.538979,15007.080078
61,0.288601,0.514215,15256.643555
62,0.249693,0.445584,15506.285156
63,0.234362,0.413529,15755.766602
64,0.194452,0.419108,16005.346680
65,0.140573,0.431480,16254.889648
66,0.135749,0.426270,16504.482422
67,0.135794,0.420932,16754.021484
68,0.118614,0.390773,17003.578125
69,0.108020,0.361377,17253.187500
70,0.065360,0.344531,17502.734375
71,0.058373,0.332331,17752.292969
72,0.062449,0.327029,18001.832031
73,0.055326,0.332835,18251.443359
74,0.033250,0.350704,18501.037109
75,0.024180,0.368446,18750.550781
76,0.038857,0.424429,19000.195312
77,0.062900,0.499728,19266.373047
78,0.088290,0.525554,19515.871094
79,0.105538,0.528214,19765.464844
80,0.114156,0.528981,20014.982422
81,0.116771,0.529659,20264.669922
82,0.123419,0.536594,20514.212891
83,0.154169,0.546685,20763.697266
84,0.186422,0.542638,21013.330078
85,0.216252,0.537267,21262.812500
86,0.223569,0.539160,21512.439453
87,0.201320,0.547409,21761.941406
88,0.153306,0.556841,22011.533203
89,0.062650,0.568562,22261.080078
90,0.003029,0.565449,22510.644531
91,0.983720,0.561698,22760.185547
92,0.952354,0.566461,23009.824219
93,0.903045,0.568467,23259.357422
94,0.849059,0.573123,23508.875000
95,0.800874,0.576079,23758.453125
96,0.758560,0.571892,24008.039062
97,0.719932,0.572759,24257.621094
98,0.678753,0.578727,24507.169922
99,0.638379,0.578810,24756.693359
0,0.750239,0.528948,-0.021245
1,0.750425,0.530051,266.139587
2,0.750466,0.530717,515.754333
3,0.750359,0.530974,765.295471
4,0.750507,0.530970,1014.927490
5,0.750372,0.531571,1264.400635
6,0.735592,0.537854,1513.975708
7,0.706625,0.551399,1763.618652
8,0.701549,0.553815,2013.128296
9,0.704025,0.551902,2262.681152
10,0.706709,0.551198,2512.224121
11,0.707233,0.551516,2761.892090
12,0.707369,0.551721,3011.380615
13,0.708067,0.551043,3260.908691
14,0.708232,0.551000,3510.536133
15,0.708335,0.551220,3760.073486
16,0.708587,0.550980,4009.605957
17,0.708838,0.550791,4259.288574
18,0.715520,0.551344,4508.737793
19,0.752719,0.559922,4758.351074
20,0.788005,0.571150,5007.881836
21,0.808129,0.574340,5257.458496
22,0.819010,0.565269,5506.968750
23,0.824680,0.566458,5756.547363
24,0.828849,0.566983,6006.170898
25,0.834116,0.565464,6255.696777
26,0.833670,0.568330,6505.283203
27,0.837267,0.564450,6754.808105
28,0.849124,0.559887,7004.412109
29,0.847606,0.522178,7253.992188
30,0.838792,0.446303,7503.510742
31,0.843561,0.412288,7753.105957
32,0.848359,0.410811,8002.678223
33,0.858541,0.417159,8252.229492
34,0.873497,0.416990,8501.736328
35,0.887107,0.420404,8751.338867
36,0.901282,0.422216,9000.920898
37,0.917846,0.421618,9250.547852
38,0.938133,0.420263,9500.018555
39,0.961096,0.420281,9766.238281
40,0.987584,0.425811,10015.809570
41,0.007855,0.454948,10265.364258
42,0.020447,0.487598,10514.924805
43,0.029396,0.493056,10764.549805
44,0.029336,0.503827,11014.131836
45,0.023284,0.507756,11263.648438
46,0.029037,0.517620,11513.182617
47,0.039250,0.515576,11762.739258
48,0.045191,0.509290,12012.291016
49,0.044218,0.508297,12261.836914
50,0.039316,0.516513,12511.512695
51,0.042582,0.519164,12760.962891
52,0.054898,0.516272,13010.588867
53,0.078668,0.515064,13260.141602
54,0.105076,0.526977,13509.702148
55,0.127098,0.528296,13759.253906
56,0.138496,0.529190,14008.791016
57,0.149275,0.528722,14258.406250
58,0.174940,0.528878,14507.919922
59,0.200552,0.528238,14757.505859
60,0.213207,0.526084,15007.043945
61,0.223695,0.524399,15256.731445
62,0.234343,0.524008,15506.207031
63,0.245021,0.519220,15755.747070
64,0.268493,0.520849,16005.375977
65,0.294858,0.525245,16254.914062
66,0.312111,0.533016,16504.531250
67,0.329297,0.536682,16754.015625
68,0.344093,0.531472,17003.621094
69,0.358188,0.526000,17253.148438
70,0.370290,0.522656,17502.693359
71,0.380678,0.520996,17752.310547
72,0.387927,0.516657,18001.896484
73,0.406943,0.509267,18251.408203
74,0.419069,0.508413,18500.919922
75,0.423822,0.512065,18750.552734
76,0.435408,0.474653,19000.093750
77,0.431318,0.473932,19266.312500
78,0.427196,0.479033,19515.820312
79,0.413823,0.514975,19765.462891
80,0.405014,0.556790,20015.003906
81,0.414809,0.573640,20264.583984
82,0.440767,0.571244,20514.107422
83,0.458943,0.565734,20763.746094
84,0.461131,0.563298,21013.216797
85,0.481703,0.554559,21262.794922
86,0.508174,0.547589,21512.441406
87,0.512637,0.549542,21761.974609
88,0.509795,0.554677,22011.607422
89,0.506569,0.554631,22261.070312
90,0.502072,0.550774,22510.628906
91,0.498958,0.549183,22760.205078
92,0.470698,0.487458,23009.726562
93,0.435270,0.381587,23259.294922
94,0.428244,0.296608,23508.853516
95,0.430505,0.240689,23758.414062
96,0.429730,0.202599,24007.980469
97,0.423758,0.190894,24257.585938
98,0.406404,0.198344,24507.134766
99,0.388689,0.211123,24756.664062
0,0.760754,0.465268,-0.015530
1,0.774067,0.466244,266.142670
2,0.781072,0.469011,515.819275
3,0.786771,0.476137,765.314941
4,0.820361,0.486237,1014.889526
5,0.853914,0.510092,1264.435059
6,0.876254,0.530857,1514.012207
7,0.879418,0.546446,1763.560425
8,0.870059,0.548939,2013.125244
9,0.856485,0.547332,2262.665771
10,0.841012,0.545143,2512.294678
11,0.822835,0.545568,2761.800293
12,0.803974,0.542297,3011.390625
13,0.787273,0.538356,3260.930908
14,0.773527,0.535718,3510.509521
15,0.761867,0.529185,3760.044922
16,0.737736,0.517919,4009.678223
17,0.716721,0.508730,4259.223633
18,0.699321,0.495832,4508.768555
19,0.690253,0.488526,4758.342773
20,0.680764,0.481852,5007.883789
21,0.669754,0.466488,5257.455078
22,0.655265,0.452202,5507.009766
23,0.635098,0.439400,5756.632324
24,0.604068,0.418302,6006.137695
25,0.580598,0.408432,6255.732422
26,0.567262,0.408868,6505.288086
27,0.557522,0.414215,6754.856934
28,0.555087,0.419860,7004.403320
29,0.554897,0.425073,7253.940430
30,0.555727,0.430010,7503.593262
31,0.554425,0.433442,7753.119141
32,0.543979,0.437102,8002.669922
33,0.538706,0.437138,8252.200195
34,0.541075,0.421870,8501.880859
35,0.539230,0.388650,8751.342773
36,0.530094,0.375701,9000.893555
37,0.525957,0.381355,9250.541992
38,0.525577,0.411445,9500.017578
39,0.503033,0.437719,9766.218750
40,0.479688,0.458302,10015.898438
41,0.469982,0.478062,10265.370117
42,0.465976,0.495346,10514.964844
43,0.455395,0.503397,10764.513672
44,0.433825,0.497526,11014.028320
45,0.418810,0.483109,11263.652344
46,0.409720,0.476531,11513.252930
47,0.394948,0.479172,11762.796875
48,0.379839,0.477622,12012.297852
49,0.376018,0.463351,12261.955078
50,0.367004,0.451834,12511.509766
51,0.351536,0.449849,12760.976562
52,0.335756,0.452770,13010.557617
53,0.317857,0.458803,13260.148438
54,0.305208,0.461748,13509.692383
55,0.308480,0.454444,13759.229492
56,0.315507,0.450261,14008.904297
57,0.319944,0.441799,14258.431641
58,0.330593,0.419434,14507.953125
59,0.320746,0.404443,14757.603516
60,0.304204,0.391820,15007.184570
61,0.279145,0.401230,15256.661133
62,0.256603,0.405516,15506.208008
63,0.239204,0.402502,15755.789062
64,0.220139,0.413852,16005.348633
65,0.213233,0.426911,16254.929688
66,0.219848,0.432059,16504.447266
67,0.233631,0.437429,16754.064453
68,0.248909,0.435569,17003.558594
69,0.271814,0.426532,17253.162109
70,0.304243,0.410977,17502.748047
71,0.355978,0.380382,17752.353516
72,0.410493,0.344304,18001.898438
73,0.454238,0.328650,18251.447266
74,0.489129,0.316734,18501.033203
75,0.523853,0.280256,18750.521484
76,0.556232,0.227747,19000.074219
77,0.590434,0.188833,19266.289062
78,0.633445,0.160521,19515.898438
79,0.654654,0.140832,19765.494141
80,0.660447,0.134336,20014.990234
81,0.662209,0.131028,20264.564453
82,0.669947,0.126935,20514.205078
83,0.682994,0.121691,20763.685547
84,0.701936,0.117349,21013.236328
85,0.720327,0.116555,21262.855469
86,0.736311,0.117823,21512.441406
87,0.793086,0.117899,21762.039062
88,0.861380,0.143454,22011.582031
89,0.891903,0.179667,22261.121094
90,0.911493,0.213358,22510.611328
91,0.932136,0.251774,22760.169922
92,0.945778,0.280084,23009.734375
93,0.960872,0.300540,23259.359375
94,0.972341,0.318403,23508.853516
95,0.979966,0.312070,23758.535156
96,0.981048,0.271317,24008.027344
97,0.984806,0.249247,24257.597656
98,0.989733,0.250520,24507.144531
99,0.991925,0.253722,24756.736328
0,0.750082,0.645501,0.059393
1,0.753655,0.630069,266.241638
2,0.762086,0.583538,515.877747
3,0.772889,0.536801,765.342102
4,0.790667,0.482049,1014.965332
5,0.801173,0.403055,1264.500000
6,0.799374,0.344962,1514.031372
7,0.808221,0.273194,1763.666382
8,0.791198,0.234208,2013.303467
9,0.731253,0.255828,2262.820557
10,0.711453,0.336676,2512.290039
11,0.687735,0.414428,2761.911621
12,0.659986,0.466823,3011.420654
13,0.641853,0.482538,3260.977783
14,0.615392,0.509969,3510.639648
15,0.604323,0.515724,3760.170654
16,0.648952,0.516702,4009.678467
17,0.690542,0.503735,4259.326172
18,0.733243,0.474352,4508.923340
19,0.760365,0.386989,4758.405762
20,0.778132,0.301041,5007.926758
21,0.792440,0.255876,5257.536621
22,0.811229,0.270134,5507.077148
23,0.831608,0.335551,5756.645996
24,0.835403,0.463272,6006.201660
25,0.845489,0.527908,6255.742188
26,0.859889,0.548671,6505.334473
27,0.854793,0.541487,6754.892090
28,0.824481,0.524198,7004.433105
29,0.792735,0.511348,7254.005371
30,0.786678,0.501871,7503.596680
31,0.784512,0.494614,7753.145996
32,0.770276,0.496265,8002.692871
33,0.760101,0.505369,8252.282227
34,0.764733,0.552934,8501.835938
35,0.814082,0.553799,8751.412109
36,0.833351,0.556799,9000.953125
37,0.837180,0.568074,9250.530273
38,0.855310,0.569228,9500.080078
39,0.889976,0.566363,9766.299805
40,0.938969,0.560204,10015.852539
41,0.988479,0.551705,10265.434570
42,0.018923,0.524253,10514.976562
43,0.025455,0.505017,10764.549805
44,0.029706,0.506754,11014.128906
45,0.059267,0.492162,11263.665039
46,0.084905,0.502945,11513.255859
47,0.111048,0.521055,11762.802734
48,0.139299,0.531485,12012.364258
49,0.186364,0.535209,12261.926758
50,0.242608,0.541256,12511.528320
51,0.268297,0.622757,12761.039062
52,0.282506,0.763946,13010.641602
53,0.270361,0.839902,13260.174805
54,0.306265,0.834582,13509.750977
55,0.400155,0.756062,13759.319336
56,0.402817,0.739767,14008.877930
57,0.383527,0.638917,14258.440430
58,0.386193,0.541514,14507.990234
59,0.386502,0.511635,14757.573242
60,0.365853,0.500030,15007.123047
61,0.359569,0.503617,15256.717773
62,0.346933,0.453208,15506.240234
63,0.316363,0.329731,15755.844727
64,0.288901,0.232748,16005.398438
65,0.263524,0.194225,16254.941406
66,0.222264,0.186886,16504.513672
67,0.234198,0.159833,16754.072266
68,0.241447,0.134046,17003.666016
69,0.239508,0.127729,17253.197266
70,0.239596,0.130819,17502.781250
71,0.249158,0.138080,17752.351562
72,0.288139,0.148307,18001.906250
73,0.356783,0.166187,18251.498047
74,0.433753,0.196763,18501.025391
75,0.466194,0.208433,18750.597656
76,0.523168,0.208667,19000.142578
77,0.577687,0.238503,19266.353516
78,0.626745,0.299436,19515.945312
79,0.638288,0.384928,19765.492188
80,0.632059,0.475079,20015.041016
81,0.642562,0.510998,20264.595703
82,0.617802,0.515928,20514.167969
83,0.584638,0.531442,20763.748047
84,0.659664,0.524087,21013.304688
85,0.727037,0.507454,21262.890625
86,0.731406,0.479822,21512.423828
87,0.723405,0.465584,21761.992188
88,0.720612,0.466797,22011.560547
89,0.716889,0.467127,22261.113281
90,0.714931,0.467923,22510.710938
91,0.726318,0.481938,22760.250000
92,0.731495,0.498633,23009.847656
93,0.736192,0.507190,23259.380859
94,0.734531,0.511612,23508.937500
95,0.730211,0.515097,23758.507812
96,0.726757,0.518403,24008.080078
97,0.708711,0.529565,24257.654297
98,0.675644,0.553941,24507.203125
99,0.658621,0.583516,24756.789062
0,0.751441,0.597593,-0.038660
1,0.752403,0.599304,266.214844
2,0.752089,0.599595,515.780884
3,0.740239,0.600116,765.367188
4,0.730853,0.598718,1014.903320
5,0.716862,0.582770,1264.426270
6,0.699049,0.554779,1513.989624
7,0.677386,0.531543,1763.590088
8,0.647620,0.519590,2013.113892
9,0.622484,0.514766,2262.810059
10,0.611634,0.515145,2512.290283
11,0.595052,0.509073,2761.812012
12,0.576771,0.497928,3011.414062
13,0.542461,0.478244,3260.969238
14,0.500057,0.462710,3510.512207
15,0.480119,0.461200,3760.071533
16,0.474648,0.445520,4009.643555
17,0.471915,0.439525,4259.181641
18,0.468774,0.436209,4508.787109
19,0.459918,0.451772,4758.340820
20,0.443700,0.469230,5007.926270
21,0.438958,0.476742,5257.473145
22,0.448303,0.496315,5507.039551
23,0.466903,0.516773,5756.599609
24,0.480834,0.529055,6006.149414
25,0.493631,0.530168,6255.704590
26,0.503609,0.525354,6505.271484
27,0.512256,0.526712,6754.866211
28,0.519702,0.532574,7004.389648
29,0.526409,0.533341,7253.975586
30,0.531228,0.534313,7503.532715
31,0.537133,0.534544,7753.098145
32,0.544238,0.535072,8002.682129
33,0.557938,0.536095,8252.231445
34,0.574388,0.535400,8501.806641
35,0.595429,0.535820,8751.356445
36,0.621120,0.537770,9000.932617
37,0.648509,0.535198,9250.478516
38,0.687916,0.528750,9500.058594
39,0.721077,0.525834,9766.275391
40,0.744341,0.520477,10015.842773
41,0.768905,0.514134,10265.361328
42,0.797942,0.508741,10514.931641
43,0.821947,0.505970,10764.494141
44,0.839556,0.505572,11014.083984
45,0.850909,0.511160,11263.617188
46,0.866349,0.507725,11513.221680
47,0.890123,0.502662,11762.774414
48,0.919323,0.503916,12012.330078
49,0.939822,0.504126,12261.870117
50,0.959597,0.507638,12511.446289
51,0.986619,0.512321,12761.033203
52,0.010294,0.517002,13010.569336
53,0.031387,0.518517,13260.148438
54,0.054379,0.516371,13509.692383
55,0.083692,0.512530,13759.263672
56,0.106283,0.510657,14008.822266
57,0.115698,0.511127,14258.401367
58,0.123099,0.510175,14507.978516
59,0.143947,0.509025,14757.519531
60,0.157676,0.512274,15007.100586
61,0.174971,0.514428,15256.637695
62,0.191462,0.516726,15506.257812
63,0.208560,0.513901,15755.775391
64,0.221193,0.504977,16005.320312
65,0.239858,0.471611,16254.895508
66,0.255894,0.447566,16504.507812
67,0.275042,0.463437,16754.058594
68,0.289124,0.475416,17003.603516
69,0.301471,0.485933,17253.171875
70,0.302966,0.494077,17502.724609
71,0.299916,0.495511,17752.300781
72,0.294726,0.495057,18001.847656
73,0.258016,0.498042,18251.408203
74,0.201747,0.510306,18500.984375
75,0.167238,0.526230,18750.550781
76,0.145147,0.534857,19000.105469
77,0.123584,0.539348,19266.310547
78,0.098170,0.541251,19515.857422
79,0.077765,0.540724,19765.464844
80,0.061192,0.540338,20015.001953
81,0.046076,0.540733,20264.570312
82,0.033664,0.541800,20514.130859
83,0.020592,0.542805,20763.701172
84,0.010127,0.544288,21013.255859
85,0.002785,0.546193,21262.822266
86,0.996683,0.546059,21512.378906
87,0.988236,0.546576,21761.933594
88,0.972536,0.549764,22011.515625
89,0.944617,0.549199,22261.072266
90,0.907684,0.549285,22510.656250
91,0.868200,0.548323,22760.248047
92,0.838356,0.548315,23009.771484
93,0.814582,0.547016,23259.355469
94,0.798084,0.550735,23508.917969
95,0.785619,0.545512,23758.458984
96,0.776475,0.543532,24008.009766
97,0.767288,0.544192,24257.589844
98,0.752908,0.542489,24507.160156
99,0.734237,0.542608,24756.705078
0,0.748766,0.478967,0.005099
1,0.748007,0.482231,266.219604
2,0.748325,0.482367,515.800903
3,0.749607,0.472136,765.388672
4,0.750796,0.432398,1014.862061
5,0.755960,0.372677,1264.438599
6,0.763157,0.302860,1513.999756
7,0.771194,0.246844,1763.583618
8,0.791069,0.236548,2013.101929
9,0.830695,0.263788,2262.705322
10,0.858252,0.285318,2512.279297
11,0.872528,0.277288,2761.830322
12,0.888471,0.285125,3011.391846
13,0.892774,0.338615,3260.936035
14,0.878180,0.436181,3510.523682
15,0.866275,0.488569,3760.097168
16,0.859984,0.498391,4009.687744
17,0.856007,0.507949,4259.224609
18,0.845904,0.517690,4508.825684
19,0.846096,0.519028,4758.318848
20,0.847424,0.520200,5007.912598
21,0.858857,0.510176,5257.517090
22,0.891409,0.487350,5507.037598
23,0.892986,0.484628,5756.595703
24,0.886315,0.479975,6006.170410
25,0.873983,0.477432,6255.710449
26,0.856547,0.475377,6505.266113
27,0.845835,0.471703,6754.900879
28,0.834635,0.470666,7004.423340
29,0.798613,0.474207,7253.981934
30,0.734831,0.479997,7503.546875
31,0.681385,0.482797,7753.072754
32,0.656062,0.483449,8002.675293
33,0.638651,0.481840,8252.198242
34,0.620542,0.481248,8501.775391
35,0.601038,0.483049,8751.398438
36,0.581931,0.485693,9000.943359
37,0.613819,0.484574,9250.491211
38,0.652341,0.479368,9500.083984
39,0.686270,0.461098,9766.275391
40,0.722300,0.441252,10015.818359
41,0.780889,0.389964,10265.349609
42,0.827151,0.343719,10514.959961
43,0.847615,0.318862,10764.531250
44,0.857479,0.312478,11014.045898
45,0.861871,0.314324,11263.633789
46,0.861080,0.316814,11513.258789
47,0.854792,0.319480,11762.761719
48,0.835201,0.330811,12012.316406
49,0.767000,0.391363,12261.898438
50,0.682880,0.478773,12511.480469
51,0.650506,0.497436,12761.043945
52,0.636142,0.485774,13010.604492
53,0.611037,0.444895,13260.163086
54,0.588579,0.407584,13509.714844
55,0.571779,0.372291,13759.243164
56,0.560329,0.328513,14008.877930
57,0.521942,0.312049,14258.425781
58,0.488219,0.323858,14507.980469
59,0.476567,0.380013,14757.526367
60,0.481319,0.453093,15007.112305
61,0.486866,0.468089,15256.650391
62,0.472004,0.472157,15506.193359
63,0.433350,0.470516,15755.851562
64,0.399985,0.478554,16005.382812
65,0.377008,0.481184,16254.894531
66,0.361338,0.479510,16504.457031
67,0.350807,0.481915,16754.119141
68,0.335827,0.487090,17003.578125
69,0.305975,0.486561,17253.152344
70,0.275294,0.482742,17502.759766
71,0.243503,0.480653,17752.308594
72,0.220988,0.497963,18001.890625
73,0.208569,0.492370,18251.416016
74,0.212023,0.448998,18501.068359
75,0.234774,0.402029,18750.564453
76,0.256164,0.357083,19000.175781
77,0.263441,0.326883,19266.332031
78,0.271831,0.319006,19515.884766
79,0.284747,0.322306,19765.531250
80,0.307262,0.359410,20015.039062
81,0.333502,0.421110,20264.546875
82,0.336497,0.431351,20514.152344
83,0.334707,0.431775,20763.677734
84,0.332855,0.423969,21013.234375
85,0.332702,0.423243,21262.847656
86,0.334078,0.424881,21512.433594
87,0.336505,0.428098,21761.994141
88,0.338887,0.429389,22011.537109
89,0.339572,0.429441,22261.083984
90,0.339614,0.431360,22510.642578
91,0.338954,0.430300,22760.191406
92,0.338460,0.430599,23009.750000
93,0.338510,0.430868,23259.357422
94,0.339005,0.430747,23508.894531
95,0.341351,0.428030,23758.507812
96,0.350493,0.402066,24008.041016
97,0.369404,0.349962,24257.589844
98,0.391257,0.298532,24523.777344
99,0.402900,0.276647,24756.707031
0,0.743909,0.560240,0.020869
1,0.732023,0.559681,266.307220
2,0.669917,0.571547,515.808472
3,0.620681,0.566240,765.381836
4,0.606678,0.562045,1014.941467
5,0.597994,0.559335,1264.543579
6,0.569187,0.567316,1514.084106
7,0.534347,0.578666,1763.573364
8,0.504912,0.551214,2013.194214
9,0.495351,0.509032,2262.697021
10,0.496264,0.484871,2512.304932
11,0.505725,0.475516,2761.868652
12,0.590022,0.504570,3011.459717
13,0.769108,0.549493,3261.015381
14,0.845194,0.556257,3510.525146
15,0.881273,0.540330,3760.158447
16,0.912172,0.543210,4009.708496
17,0.937991,0.554949,4259.275391
18,0.964599,0.570638,4508.870605
19,0.991911,0.588081,4758.396973
20,0.009471,0.594755,5007.940918
21,0.016889,0.592413,5257.485352
22,0.011939,0.603188,5507.107910
23,0.972672,0.624272,5756.637207
24,0.943055,0.625126,6006.168945
25,0.880689,0.617263,6255.749512
26,0.836817,0.625394,6505.361816
27,0.791325,0.628657,6754.914551
28,0.750594,0.621402,7004.420898
29,0.704784,0.611880,7254.093262
30,0.655553,0.612040,7503.630859
31,0.588668,0.614050,7753.140625
32,0.523728,0.607327,8002.712891
33,0.504459,0.601649,8252.330078
34,0.505780,0.602560,8501.831055
35,0.504409,0.598739,8751.412109
36,0.507632,0.598092,9001.018555
37,0.522901,0.601579,9250.542969
38,0.535732,0.603282,9500.063477
39,0.539751,0.597612,9766.283203
40,0.550268,0.586991,10015.845703
41,0.623363,0.616904,10265.409180
42,0.730252,0.625259,10514.982422
43,0.801463,0.591211,10764.514648
44,0.879815,0.589960,11014.128906
45,0.946348,0.637369,11263.759766
46,0.984843,0.649406,11513.202148
47,0.016932,0.628606,11762.833008
48,0.038970,0.623863,12012.405273
49,0.059054,0.627859,12261.941406
50,0.094350,0.636590,12511.499023
51,0.120251,0.637325,12761.097656
52,0.146112,0.635879,13010.676758
53,0.175230,0.630098,13260.188477
54,0.201239,0.610959,13509.754883
55,0.216301,0.590458,13759.326172
56,0.225190,0.561223,14008.888672
57,0.244693,0.573470,14258.413086
58,0.261906,0.578513,14507.991211
59,0.271726,0.576574,14757.582031
60,0.281461,0.581403,15007.196289
61,0.292738,0.585504,15256.702148
62,0.299514,0.583761,15506.251953
63,0.299661,0.577047,15755.825195
64,0.272730,0.586358,16005.354492
65,0.173506,0.585869,16254.970703
66,0.063674,0.577513,16504.533203
67,0.170192,0.605289,16754.080078
68,0.245239,0.616026,17003.615234
69,0.264046,0.639807,17253.238281
70,0.267456,0.581655,17502.755859
71,0.266825,0.462034,17752.296875
72,0.276541,0.424619,18001.962891
73,0.286155,0.388977,18251.474609
74,0.284079,0.335650,18501.060547
75,0.270481,0.275312,18750.558594
76,0.234889,0.204612,19000.156250
77,0.189304,0.164660,19266.427734
78,0.182374,0.153340,19515.910156
79,0.219342,0.132514,19765.464844
80,0.240485,0.105287,20015.076172
81,0.252880,0.104805,20264.679688
82,0.261129,0.103965,20514.185547
83,0.288859,0.108110,20763.722656
84,0.286564,0.100428,21013.312500
85,0.309088,0.102223,21262.847656
86,0.291055,0.094546,21512.443359
87,0.105877,0.076162,21762.050781
88,0.982770,0.114309,22011.587891
89,0.916785,0.140657,22261.177734
90,0.869012,0.185953,22510.654297
91,0.832855,0.306192,22760.324219
92,0.828826,0.398522,23009.781250
93,0.838029,0.477396,23259.363281
94,0.845057,0.448987,23508.966797
95,0.863312,0.342120,23758.535156
96,0.874268,0.314547,24008.080078
97,0.875973,0.316714,24257.609375
98,0.879343,0.328323,24507.203125
99,0.873344,0.367813,24756.748047
0,0.752165,0.580642,-0.096198
1,0.740538,0.613704,266.124451
2,0.706409,0.685008,515.783203
3,0.686907,0.699525,765.349792
4,0.677700,0.684353,1014.862793
5,0.674382,0.663362,1264.475220
6,0.679431,0.652105,1513.977051
7,0.687235,0.644674,1763.567139
8,0.692543,0.636448,2013.071899
9,0.687874,0.635761,2262.751953
10,0.678940,0.639684,2512.272705
11,0.671062,0.640554,2761.793457
12,0.665975,0.634730,3011.380127
13,0.674311,0.619896,3260.894775
14,0.684473,0.608472,3510.489990
15,0.687637,0.607669,3760.125488
16,0.688305,0.618200,4009.677979
17,0.688772,0.624681,4259.198242
18,0.688336,0.606407,4508.708008
19,0.689975,0.598259,4758.375488
20,0.702143,0.587145,5007.872070
21,0.718823,0.577949,5257.429688
22,0.745608,0.562224,5507.022461
23,0.758484,0.531118,5756.622070
24,0.758267,0.508956,6006.163086
25,0.772083,0.484216,6255.663574
26,0.814186,0.446452,6505.226074
27,0.836305,0.436327,6754.814941
28,0.848631,0.434851,7004.352539
29,0.871216,0.459679,7253.941406
30,0.907035,0.465401,7503.500488
31,0.938713,0.458861,7753.075684
32,0.973878,0.449051,8002.611816
33,0.995134,0.450985,8252.240234
34,0.013014,0.455120,8501.772461
35,0.034314,0.466569,8751.309570
36,0.051361,0.470211,9000.893555
37,0.075328,0.467436,9250.422852
38,0.095300,0.475473,9500.021484
39,0.103495,0.480104,9766.196289
40,0.104251,0.481012,10015.770508
41,0.103414,0.479651,10265.326172
42,0.100904,0.480729,10514.905273
43,0.101737,0.488280,10764.435547
44,0.112189,0.494912,11014.011719
45,0.128156,0.496418,11263.632812
46,0.141187,0.494653,11513.125000
47,0.135978,0.493322,11762.694336
48,0.121604,0.490638,12012.290039
49,0.097849,0.490038,12261.847656
50,0.061415,0.476163,12511.425781
51,0.036447,0.454792,12760.991211
52,0.003966,0.428776,13010.512695
53,0.955851,0.418851,13260.104492
54,0.919134,0.411809,13509.659180
55,0.875371,0.394559,13759.207031
56,0.849641,0.373810,14008.789062
57,0.813724,0.357136,14258.422852
58,0.738150,0.397709,14507.931641
59,0.665695,0.456259,14757.494141
60,0.624487,0.490719,15007.065430
61,0.593597,0.506141,15256.623047
62,0.584325,0.517176,15506.254883
63,0.612225,0.530546,15755.736328
64,0.632889,0.538132,16005.342773
65,0.618085,0.539661,16254.850586
66,0.546638,0.532502,16504.453125
67,0.494505,0.530357,16753.976562
68,0.441814,0.530592,17003.562500
69,0.388904,0.524078,17253.193359
70,0.353451,0.519239,17502.707031
71,0.314203,0.509106,17752.259766
72,0.292805,0.497489,18001.806641
73,0.283043,0.479334,18251.396484
74,0.276940,0.461074,18500.935547
75,0.276333,0.400451,18750.541016
76,0.272905,0.367364,19000.056641
77,0.281934,0.347029,19266.267578
78,0.304721,0.338276,19515.880859
79,0.357577,0.339420,19765.466797
80,0.409549,0.360471,20014.949219
81,0.442054,0.385835,20264.501953
82,0.440076,0.391339,20514.109375
83,0.428323,0.395222,20763.664062
84,0.428774,0.389489,21013.234375
85,0.451118,0.398077,21262.830078
86,0.492612,0.413494,21512.408203
87,0.526590,0.423087,21761.900391
88,0.544864,0.438600,22011.460938
89,0.557035,0.452739,22261.015625
90,0.594065,0.471298,22510.681641
91,0.653943,0.488367,22760.185547
92,0.701234,0.497561,23009.765625
93,0.725014,0.495393,23259.267578
94,0.724194,0.496373,23508.837891
95,0.724683,0.500557,23758.445312
96,0.734918,0.499396,24007.982422
97,0.760899,0.517932,24257.539062
98,0.774190,0.514963,24507.085938
99,0.776008,0.512845,24756.689453
0,0.752479,0.658953,-0.004498
1,0.738674,0.629024,266.158691
2,0.726935,0.615111,515.723572
3,0.729369,0.553177,765.301941
4,0.742389,0.491345,1014.881775
5,0.760741,0.448577,1264.532227
6,0.770846,0.401144,1514.094482
7,0.762653,0.341413,1763.617798
8,0.753518,0.298823,2013.155640
9,0.748067,0.279748,2262.681641
10,0.718724,0.272692,2512.332275
11,0.668100,0.269440,2761.848145
12,0.634863,0.252373,3011.386475
13,0.608195,0.197420,3261.055176
14,0.584802,0.154594,3510.615723
15,0.585498,0.106175,3760.148193
16,0.621974,0.071209,4009.626953
17,0.657326,0.070966,4259.229492
18,0.669024,0.076716,4508.779297
19,0.668248,0.082662,4758.312012
20,0.661704,0.082739,5007.928223
21,0.646148,0.079660,5257.454590
22,0.646508,0.075297,5507.134277
23,0.653668,0.077960,5756.626953
24,0.675755,0.080172,6006.253418
25,0.711746,0.083517,6276.466309
26,0.732994,0.092295,6505.323730
27,0.752100,0.106187,6754.869629
28,0.759043,0.120050,7004.441406
29,0.759451,0.128601,7254.009766
30,0.743405,0.117351,7503.521484
31,0.729737,0.112226,7753.187988
32,0.731289,0.123983,8002.773438
33,0.736258,0.173950,8252.288086
34,0.748089,0.237196,8501.803711
35,0.762897,0.286721,8751.462891
36,0.793187,0.304824,9000.964844
37,0.818232,0.317204,9250.487305
38,0.821579,0.354896,9500.082031
39,0.828464,0.400064,9766.309570
40,0.837227,0.413077,10015.869141
41,0.839919,0.422409,10265.433594
42,0.844557,0.426589,10514.991211
43,0.848344,0.431089,10764.568359
44,0.851370,0.433510,11014.108398
45,0.867517,0.427640,11263.621094
46,0.877031,0.439023,11513.211914
47,0.878047,0.458546,11762.784180
48,0.868657,0.476012,12012.435547
49,0.865021,0.499020,12261.918945
50,0.863990,0.502342,12511.509766
51,0.861637,0.502907,12761.056641
52,0.848088,0.499583,13010.592773
53,0.830025,0.499591,13260.174805
54,0.813575,0.499903,13509.732422
55,0.792720,0.491866,13759.300781
56,0.780614,0.479768,14008.820312
57,0.771308,0.471202,14258.467773
58,0.746272,0.457945,14508.000000
59,0.713141,0.470201,14757.527344
60,0.692850,0.490108,15007.138672
61,0.681416,0.501665,15256.704102
62,0.674446,0.500517,15506.335938
63,0.672728,0.500214,15755.765625
64,0.661538,0.491627,16005.449219
65,0.646106,0.442097,16254.912109
66,0.651643,0.369464,16504.501953
67,0.647633,0.342861,16754.021484
68,0.632969,0.389249,17003.660156
69,0.647926,0.446361,17253.205078
70,0.700537,0.466124,17502.714844
71,0.744477,0.457249,17752.396484
72,0.760888,0.439812,18001.847656
73,0.776890,0.442420,18251.416016
74,0.760118,0.470087,18501.011719
75,0.689180,0.503467,18750.605469
76,0.619833,0.512999,19000.203125
77,0.572937,0.506200,19266.392578
78,0.538967,0.496903,19515.875000
79,0.516346,0.486813,19765.447266
80,0.503944,0.462830,20014.984375
81,0.492918,0.450692,20264.562500
82,0.483030,0.449257,20514.156250
83,0.479233,0.448955,20763.710938
84,0.455730,0.449572,21013.369141
85,0.420233,0.457701,21262.802734
86,0.397006,0.468270,21512.433594
87,0.369217,0.457189,21761.964844
88,0.354445,0.477900,22011.554688
89,0.350058,0.482097,22261.085938
90,0.333256,0.466135,22510.710938
91,0.310308,0.453252,22760.216797
92,0.300751,0.457124,23009.771484
93,0.301795,0.437436,23259.320312
94,0.307058,0.394418,23508.925781
95,0.309939,0.365468,23758.505859
96,0.314647,0.352607,24008.082031
97,0.317997,0.348274,24257.630859
98,0.321811,0.346878,24507.203125
99,0.323910,0.345435,24756.738281
0,0.750057,0.471068,-0.108067
1,0.750200,0.471356,266.079742
2,0.750427,0.473274,515.632629
3,0.750173,0.479008,765.203674
4,0.745235,0.494264,1014.795532
5,0.731520,0.507263,1264.312256
6,0.717363,0.523187,1513.884766
7,0.710071,0.554075,1763.434448
8,0.709217,0.586037,2013.043823
9,0.708964,0.604158,2262.574219
10,0.709353,0.605764,2512.169922
11,0.713196,0.611858,2761.689209
12,0.726666,0.628347,3011.278564
13,0.739420,0.631415,3260.868652
14,0.753707,0.626591,3510.407959
15,0.767169,0.618020,3759.969482
16,0.777323,0.609114,4009.536133
17,0.787324,0.595878,4259.110840
18,0.805781,0.571571,4508.664062
19,0.831249,0.549265,4758.211914
20,0.860685,0.534456,5007.780273
21,0.889250,0.528816,5257.354492
22,0.909518,0.524228,5506.926270
23,0.930564,0.526645,5756.455078
24,0.951708,0.535645,6006.058105
25,0.968231,0.541019,6255.610352
26,0.979717,0.539357,6505.166504
27,0.983220,0.531705,6754.730469
28,0.980142,0.532234,7004.294434
29,0.977945,0.534599,7253.847656
30,0.976419,0.538645,7503.402832
31,0.976950,0.543667,7752.999512
32,0.977147,0.547095,8002.569824
33,0.976494,0.547348,8252.158203
34,0.975503,0.546108,8501.683594
35,0.974818,0.546008,8751.238281
36,0.972990,0.540852,9000.802734
37,0.968083,0.521533,9250.387695
38,0.959259,0.506021,9516.569336
39,0.935844,0.483149,9766.139648
40,0.902948,0.459053,10015.715820
41,0.862208,0.434507,10265.254883
42,0.821492,0.417559,10514.826172
43,0.788561,0.408545,10764.396484
44,0.767281,0.396880,11013.940430
45,0.753986,0.383116,11263.503906
46,0.740115,0.374968,11513.145508
47,0.725364,0.373492,11762.644531
48,0.708399,0.376455,12012.217773
49,0.692418,0.383178,12261.814453
50,0.678169,0.391463,12511.368164
51,0.662167,0.394245,12760.898438
52,0.639608,0.392886,13010.457031
53,0.608446,0.400467,13260.017578
54,0.590506,0.422234,13509.625977
55,0.577014,0.447269,13759.155273
56,0.570005,0.462669,14008.712891
57,0.569367,0.466023,14258.266602
58,0.573593,0.456586,14507.827148
59,0.579315,0.440838,14757.418945
60,0.582121,0.425517,15006.977539
61,0.587277,0.408990,15256.527344
62,0.598521,0.386980,15506.126953
63,0.612601,0.370128,15755.696289
64,0.628479,0.350723,16005.203125
65,0.660204,0.325226,16254.791992
66,0.708775,0.296173,16504.349609
67,0.757074,0.284414,16753.935547
68,0.774177,0.288152,17003.503906
69,0.772132,0.294684,17253.058594
70,0.767653,0.298404,17502.595703
71,0.768350,0.301863,17752.166016
72,0.772816,0.307436,18001.742188
73,0.779160,0.314068,18251.298828
74,0.784072,0.319218,18500.896484
75,0.791520,0.329059,18750.419922
76,0.800434,0.341159,19000.027344
77,0.808086,0.353941,19266.191406
78,0.820427,0.367676,19515.744141
79,0.833088,0.375764,19765.322266
80,0.835750,0.379355,20014.904297
81,0.835436,0.382274,20264.439453
82,0.836249,0.383565,20514.029297
83,0.837681,0.383770,20763.558594
84,0.840939,0.385459,21013.126953
85,0.849811,0.389900,21262.691406
86,0.854974,0.400396,21512.265625
87,0.854127,0.408557,21761.832031
88,0.850786,0.412972,22011.378906
89,0.849939,0.421522,22260.996094
90,0.850742,0.438253,22510.511719
91,0.854702,0.455426,22760.074219
92,0.858036,0.465752,23009.664062
93,0.861681,0.475682,23259.263672
94,0.859470,0.486654,23508.759766
95,0.845713,0.493619,23758.335938
96,0.832947,0.497681,24007.947266
97,0.816566,0.501938,24257.500000
98,0.799573,0.505062,24507.058594
99,0.788526,0.506468,24756.599609
0,0.750058,0.470684,-0.055935
1,0.750246,0.473331,266.204315
2,0.752507,0.485138,515.654236
3,0.761671,0.501785,765.259277
4,0.787531,0.519588,1014.782532
5,0.814039,0.525643,1264.393799
6,0.835517,0.531931,1513.961548
7,0.850593,0.544754,1763.498901
8,0.862455,0.558524,2013.131226
9,0.870803,0.565323,2262.615234
10,0.870233,0.565715,2512.270020
11,0.867200,0.562681,2761.787598
12,0.867030,0.562923,3011.350342
13,0.863640,0.562763,3260.870850
14,0.846909,0.556217,3510.448242
15,0.817738,0.551512,3760.000488
16,0.792862,0.544762,4009.572998
17,0.770890,0.538938,4259.133301
18,0.729697,0.532435,4508.760254
19,0.698598,0.529506,4758.249023
20,0.679068,0.531012,5007.815430
21,0.671749,0.532392,5257.364746
22,0.671100,0.531507,5506.937012
23,0.671939,0.531438,5756.504395
24,0.674047,0.533104,6006.069336
25,0.681809,0.534439,6255.668457
26,0.688454,0.537581,6505.221191
27,0.695571,0.537967,6754.763672
28,0.701996,0.538935,7004.312500
29,0.707824,0.538512,7253.918945
30,0.717989,0.533775,7503.458984
31,0.731011,0.523456,7752.995605
32,0.729151,0.520174,8002.563477
33,0.705298,0.522095,8252.143555
34,0.655426,0.526024,8501.711914
35,0.603567,0.537233,8751.262695
36,0.558072,0.539969,9000.843750
37,0.524918,0.535251,9250.396484
38,0.500515,0.534700,9516.598633
39,0.476037,0.533768,9766.158203
40,0.453844,0.531484,10015.757812
41,0.427834,0.531453,10265.284180
42,0.403167,0.530705,10514.854492
43,0.377507,0.531700,10764.450195
44,0.356954,0.532000,11013.987305
45,0.348267,0.529273,11263.564453
46,0.348169,0.529149,11513.115234
47,0.352029,0.535818,11762.707031
48,0.353115,0.539067,12012.252930
49,0.351979,0.537394,12261.817383
50,0.330950,0.528565,12511.369141
51,0.299611,0.529564,12760.937500
52,0.282063,0.544015,13010.497070
53,0.286424,0.540780,13260.082031
54,0.354560,0.523158,13509.616211
55,0.448989,0.493429,13759.245117
56,0.503043,0.497559,14008.754883
57,0.507411,0.503940,14258.308594
58,0.509892,0.506205,14507.875000
59,0.538894,0.504007,14757.443359
60,0.557341,0.502178,15007.021484
61,0.555091,0.497691,15256.573242
62,0.558275,0.493052,15506.144531
63,0.593324,0.494651,15755.705078
64,0.635037,0.501597,16005.259766
65,0.668861,0.502793,16254.840820
66,0.710197,0.502778,16504.386719
67,0.756220,0.500071,16753.955078
68,0.808298,0.504165,17003.505859
69,0.858220,0.509573,17253.074219
70,0.894548,0.519135,17502.650391
71,0.925754,0.522819,17752.212891
72,0.957998,0.520420,18001.789062
73,0.004797,0.519928,18251.347656
74,0.036589,0.528560,18500.912109
75,0.041495,0.536143,18750.472656
76,0.065943,0.553018,19000.041016
77,0.095442,0.574396,19266.226562
78,0.108113,0.574273,19515.789062
79,0.107047,0.564472,19765.349609
80,0.099761,0.554539,20014.910156
81,0.081981,0.554590,20264.492188
82,0.006982,0.540442,20514.037109
83,0.917966,0.527107,20763.613281
84,0.864242,0.525609,21013.191406
85,0.855438,0.524709,21262.746094
86,0.843768,0.530370,21512.347656
87,0.834683,0.530297,21761.847656
88,0.824249,0.527436,22011.421875
89,0.819332,0.530852,22260.984375
90,0.822907,0.538655,22510.558594
91,0.848407,0.544221,22760.132812
92,0.871319,0.548366,23009.697266
93,0.882819,0.549184,23259.259766
94,0.897396,0.547533,23508.816406
95,0.912005,0.546004,23758.375000
96,0.934428,0.538481,24007.955078
97,0.940516,0.536438,24257.523438
98,0.906551,0.543559,24507.072266
99,0.856564,0.545732,24756.632812
0,0.748859,0.456280,0.043731
1,0.748919,0.456352,266.330383
2,0.748314,0.478645,515.796692
3,0.763043,0.543541,765.412354
4,0.791032,0.556399,1014.929688
5,0.809857,0.543421,1264.593140
6,0.835375,0.530570,1514.145630
7,0.849748,0.519942,1763.748413
8,0.854445,0.476463,2013.246948
9,0.871652,0.398964,2262.768066
10,0.871891,0.351501,2512.298828
11,0.857519,0.251553,2761.867432
12,0.826885,0.236502,3011.458740
13,0.769917,0.215973,3260.992920
14,0.693575,0.210725,3510.683838
15,0.651115,0.232917,3760.177490
16,0.630190,0.275597,4009.703857
17,0.608373,0.345393,4259.250977
18,0.597222,0.420154,4508.855957
19,0.601711,0.464384,4758.435059
20,0.625118,0.499881,5007.976074
21,0.637121,0.507523,5257.618652
22,0.613790,0.502597,5507.119141
23,0.573666,0.494709,5756.662109
24,0.537815,0.489863,6006.299316
25,0.513990,0.478459,6255.861328
26,0.474718,0.436689,6505.333984
27,0.459868,0.380176,6754.927734
28,0.426264,0.323328,7004.520020
29,0.401611,0.280958,7254.071777
30,0.375858,0.258781,7503.595703
31,0.358378,0.256827,7753.221680
32,0.344492,0.254442,8002.760254
33,0.331847,0.273510,8252.287109
34,0.314908,0.293397,8501.876953
35,0.296162,0.295403,8751.465820
36,0.270351,0.285835,9001.035156
37,0.245732,0.281435,9250.541016
38,0.237805,0.292742,9500.181641
39,0.237400,0.330380,9766.286133
40,0.245805,0.387037,10015.917969
41,0.250448,0.407994,10265.442383
42,0.253578,0.422578,10515.017578
43,0.247892,0.451498,10764.589844
44,0.244642,0.472988,11014.166016
45,0.257465,0.510267,11263.707031
46,0.298244,0.505965,11513.287109
47,0.325215,0.499019,11762.906250
48,0.352491,0.502670,12029.079102
49,0.383006,0.500068,12261.978516
50,0.416824,0.501337,12511.489258
51,0.469876,0.490578,12761.103516
52,0.504654,0.453499,13010.631836
53,0.512920,0.423392,13260.214844
54,0.535621,0.411562,13509.806641
55,0.648575,0.422946,13759.337891
56,0.714334,0.422358,14008.888672
57,0.749319,0.413773,14258.452148
58,0.792356,0.441308,14508.050781
59,0.848039,0.451581,14757.597656
60,0.865841,0.421678,15007.168945
61,0.865211,0.406776,15256.790039
62,0.874745,0.394626,15506.272461
63,0.918721,0.387846,15755.833984
64,0.968149,0.381905,16005.427734
65,0.001939,0.414712,16255.019531
66,0.030483,0.465695,16504.533203
67,0.057473,0.484022,16754.134766
68,0.101660,0.473455,17003.660156
69,0.129886,0.468458,17253.251953
70,0.133374,0.466432,17502.783203
71,0.114720,0.454982,17752.369141
72,0.116557,0.445451,18001.914062
73,0.132214,0.456211,18251.564453
74,0.162235,0.466703,18501.064453
75,0.189874,0.470745,18750.617188
76,0.207920,0.480485,19000.212891
77,0.224591,0.478266,19266.394531
78,0.256981,0.486728,19515.923828
79,0.285304,0.508073,19765.542969
80,0.287895,0.522420,20015.082031
81,0.278076,0.522150,20264.650391
82,0.245119,0.442459,20514.228516
83,0.184492,0.343068,20763.744141
84,0.119365,0.306261,21013.312500
85,0.067893,0.342426,21262.875000
86,0.035291,0.435007,21512.488281
87,0.021189,0.464253,21762.007812
88,0.017790,0.464557,22011.572266
89,0.999304,0.468939,22261.113281
90,0.985801,0.470594,22510.693359
91,0.952587,0.476963,22760.304688
92,0.898504,0.488844,23009.837891
93,0.846483,0.491874,23259.490234
94,0.782738,0.470337,23508.982422
95,0.742850,0.460863,23758.568359
96,0.709715,0.474536,24008.082031
97,0.673826,0.484157,24257.675781
98,0.641259,0.492557,24507.242188
99,0.620924,0.516251,24756.779297
0,0.750304,0.586519,0.008082
1,0.750297,0.586373,266.253082
2,0.738314,0.586694,515.722046
3,0.716493,0.598325,765.345276
4,0.693786,0.586401,1014.897583
5,0.648050,0.515196,1264.465698
6,0.641348,0.485565,1514.022949
7,0.647010,0.486091,1763.591309
8,0.651418,0.480782,2013.146484
9,0.704279,0.469653,2262.669678
10,0.734816,0.408242,2512.249512
11,0.757183,0.324911,2761.880127
12,0.776166,0.266532,3011.409668
13,0.827696,0.274590,3260.967041
14,0.853033,0.306045,3510.536865
15,0.867929,0.348768,3760.162842
16,0.861102,0.375268,4009.615234
17,0.857112,0.387495,4259.233887
18,0.854100,0.390935,4508.824219
19,0.853124,0.384917,4758.306152
20,0.852767,0.379537,5007.938477
21,0.865754,0.382784,5257.480469
22,0.928037,0.433931,5507.054688
23,0.962180,0.489348,5756.577637
24,0.982815,0.513849,6006.208008
25,0.004853,0.520200,6255.731934
26,0.033207,0.520842,6505.268555
27,0.070647,0.517377,6754.853027
28,0.091457,0.510176,7004.507812
29,0.110946,0.505998,7253.999023
30,0.132818,0.504711,7503.541504
31,0.150334,0.507983,7753.085938
32,0.160170,0.510407,8002.679688
33,0.174159,0.521519,8252.230469
34,0.191465,0.528747,8501.871094
35,0.209453,0.519955,8751.457031
36,0.231969,0.505037,9000.984375
37,0.262976,0.496007,9250.504883
38,0.289723,0.501727,9500.083984
39,0.316396,0.508558,9766.285156
40,0.332187,0.500529,10015.850586
41,0.346095,0.488955,10265.365234
42,0.358466,0.478911,10514.981445
43,0.371357,0.474954,10764.536133
44,0.395497,0.478462,11014.059570
45,0.410133,0.477805,11263.655273
46,0.416629,0.472936,11513.205078
47,0.414719,0.469792,11762.771484
48,0.409673,0.475150,12012.293945
49,0.423231,0.494730,12261.926758
50,0.438492,0.502462,12511.500000
51,0.463455,0.531032,12761.083008
52,0.492168,0.544940,13010.592773
53,0.520635,0.541737,13260.184570
54,0.548853,0.548337,13509.719727
55,0.573659,0.552137,13759.241211
56,0.594315,0.548223,14008.882812
57,0.608577,0.537423,14258.462891
58,0.622549,0.535062,14508.031250
59,0.638093,0.541390,14757.510742
60,0.644238,0.571850,15007.143555
61,0.624111,0.637398,15256.672852
62,0.587996,0.671905,15506.228516
63,0.562455,0.682155,15755.806641
64,0.487108,0.688469,16005.358398
65,0.451750,0.695127,16254.970703
66,0.428361,0.691429,16504.445312
67,0.402606,0.676564,16754.082031
68,0.391706,0.675683,17003.589844
69,0.384691,0.672301,17253.193359
70,0.383158,0.672556,17502.716797
71,0.382522,0.671863,17752.380859
72,0.374462,0.660733,18001.873047
73,0.367683,0.655499,18251.421875
74,0.365153,0.655182,18501.072266
75,0.371046,0.659656,18750.544922
76,0.370139,0.664877,19000.205078
77,0.364672,0.655243,19266.392578
78,0.362545,0.607635,19515.884766
79,0.366568,0.555972,19765.484375
80,0.406020,0.527183,20015.087891
81,0.438567,0.498667,20264.580078
82,0.454109,0.422143,20514.173828
83,0.456831,0.398070,20763.681641
84,0.461962,0.399976,21013.246094
85,0.473244,0.409581,21262.835938
86,0.495648,0.411823,21512.435547
87,0.496981,0.389848,21761.955078
88,0.483420,0.378509,22011.503906
89,0.437471,0.385574,22261.107422
90,0.368590,0.406849,22510.656250
91,0.310882,0.438796,22760.199219
92,0.276530,0.451248,23009.777344
93,0.277169,0.438256,23259.363281
94,0.279054,0.449235,23508.910156
95,0.265757,0.481742,23758.449219
96,0.232826,0.498343,24008.068359
97,0.208905,0.514603,24257.609375
98,0.192696,0.547178,24507.255859
99,0.175345,0.553097,24756.710938
0,0.750002,0.511994,0.012356
1,0.749997,0.512862,266.134216
2,0.752152,0.517347,515.820190
3,0.762223,0.539354,765.307556
4,0.770263,0.556336,1014.877441
5,0.781284,0.560951,1264.444702
6,0.800344,0.559829,1513.986938
7,0.818710,0.556856,1763.669800
8,0.833075,0.556026,2013.101807
9,0.849618,0.555142,2262.841309
10,0.867130,0.553294,2512.298340
11,0.873470,0.538467,2761.842285
12,0.874237,0.482912,3011.393066
13,0.874452,0.443514,3260.958496
14,0.871165,0.421421,3510.518311
15,0.871906,0.378999,3760.072021
16,0.876153,0.333314,4009.604492
17,0.897496,0.336127,4259.266602
18,0.950050,0.392489,4508.716797
19,0.980507,0.450923,4758.358398
20,0.997883,0.496881,5007.969727
21,0.010250,0.517049,5257.461914
22,0.015776,0.520038,5507.043945
23,0.019412,0.512154,5756.628906
24,0.021047,0.496602,6006.160156
25,0.023159,0.458704,6255.669434
26,0.027670,0.445547,6505.275879
27,0.036617,0.455667,6754.800781
28,0.057738,0.474225,7004.445312
29,0.087189,0.471806,7253.921875
30,0.101662,0.473024,7503.550781
31,0.111688,0.475266,7753.044922
32,0.122620,0.477110,8002.622070
33,0.134833,0.488162,8252.288086
34,0.142743,0.499375,8501.765625
35,0.150386,0.511948,8751.357422
36,0.162166,0.516299,9000.898438
37,0.172345,0.513713,9250.533203
38,0.182714,0.512785,9500.009766
39,0.192660,0.514407,9766.253906
40,0.195740,0.512107,10015.757812
41,0.202915,0.486554,10265.331055
42,0.205075,0.452166,10515.067383
43,0.204790,0.419441,10764.493164
44,0.204419,0.426138,11014.109375
45,0.198992,0.431301,11263.640625
46,0.180512,0.432784,11513.223633
47,0.162818,0.443574,11762.673828
48,0.140291,0.443925,12012.325195
49,0.113419,0.437416,12261.894531
50,0.093871,0.435671,12511.419922
51,0.074180,0.430892,12760.958008
52,0.041694,0.397728,13010.588867
53,0.009795,0.353067,13260.042969
54,0.989134,0.337146,13509.730469
55,0.961408,0.311688,13759.319336
56,0.932018,0.290683,14008.792969
57,0.909164,0.289357,14258.400391
58,0.884489,0.302977,14524.529297
59,0.868115,0.321858,14757.549805
60,0.853739,0.337177,15023.617188
61,0.836363,0.352416,15256.633789
62,0.826510,0.361220,15522.774414
63,0.816407,0.370942,15755.739258
64,0.801795,0.384510,16022.028320
65,0.789999,0.386151,16271.481445
66,0.781265,0.375660,16504.462891
67,0.777176,0.371369,16753.962891
68,0.767847,0.366550,17003.583984
69,0.751963,0.360824,17253.121094
70,0.731271,0.376420,17502.695312
71,0.702032,0.401149,17752.253906
72,0.670852,0.425458,18001.855469
73,0.649475,0.447982,18251.365234
74,0.637610,0.471894,18500.980469
75,0.630024,0.489521,18750.486328
76,0.610524,0.505440,19000.080078
77,0.586083,0.520956,19349.492188
78,0.568736,0.528175,19615.662109
79,0.556269,0.530865,19848.556641
80,0.543932,0.532090,20081.591797
81,0.529800,0.534085,20331.085938
82,0.518804,0.538827,20580.636719
83,0.514667,0.536252,20830.156250
84,0.507506,0.531468,21079.755859
85,0.497699,0.531422,21329.345703
86,0.490719,0.528566,21578.949219
87,0.510752,0.521813,21811.744141
88,0.509796,0.522601,22061.423828
89,0.484061,0.523311,22310.857422
90,0.462455,0.514464,22560.494141
91,0.451915,0.512050,22810.039062
92,0.437271,0.518101,23059.630859
93,0.419010,0.528606,23309.265625
94,0.412116,0.532815,23558.736328
95,0.410170,0.530431,23808.375000
96,0.410475,0.525137,24057.828125
97,0.416096,0.507897,24307.490234
98,0.421203,0.459289,24556.937500
99,0.428633,0.412007,24789.958984
