Idx, longitude, latitude, start timestamp
0,0.750055,0.498783,0.009896
1,0.750059,0.498781,266.239136
2,0.750516,0.497628,515.755737
3,0.751274,0.496179,765.318298
4,0.751292,0.493548,1014.858521
5,0.752757,0.495820,1264.479614
6,0.775752,0.500983,1513.976562
7,0.821600,0.486956,1763.564941
8,0.868460,0.472487,2013.232788
9,0.919190,0.464945,2262.689697
10,0.972924,0.476669,2512.304443
11,0.000998,0.485536,2761.876709
12,0.010866,0.489115,3011.423340
13,0.000520,0.485498,3260.966553
14,0.990009,0.479017,3510.578369
15,0.982230,0.475278,3760.057861
16,0.954763,0.471794,4009.689453
17,0.933842,0.461682,4259.208984
18,0.934759,0.457261,4508.900879
19,0.938471,0.460347,4758.273438
20,0.929982,0.470502,5007.988770
21,0.950336,0.470328,5257.565918
22,0.010116,0.467067,5507.029297
23,0.057900,0.464011,5756.655762
24,0.087770,0.462295,6006.151367
25,0.107790,0.460623,6255.803223
26,0.131651,0.450967,6505.328613
27,0.155450,0.446561,6754.937500
28,0.172880,0.447652,7004.365234
29,0.180933,0.452980,7254.024902
30,0.142709,0.438887,7503.470215
31,0.064148,0.443004,7753.107910
32,0.049606,0.449931,8002.595215
33,0.067548,0.445631,8252.274414
34,0.118663,0.441572,8501.857422
35,0.205994,0.432432,8751.370117
36,0.276494,0.429691,9000.994141
37,0.312004,0.423027,9250.453125
38,0.336003,0.401831,9500.075195
39,0.353125,0.376982,9766.240234
40,0.363740,0.364388,10015.896484
41,0.369489,0.373052,10265.454102
42,0.378828,0.389609,10514.962891
43,0.386214,0.412067,10764.551758
44,0.400539,0.433627,11014.092773
45,0.411065,0.432646,11263.681641
46,0.420806,0.425723,11513.217773
47,0.463573,0.422140,11762.909180
48,0.509467,0.441268,12012.328125
49,0.532738,0.435136,12261.907227
50,0.537132,0.427463,12511.416992
51,0.521444,0.417783,12761.215820
52,0.510570,0.395785,13010.564453
53,0.516128,0.385635,13260.145508
54,0.536717,0.400193,13509.655273
55,0.545005,0.412472,13775.966797
56,0.530129,0.410524,14025.579102
57,0.470403,0.383135,14258.414062
58,0.405848,0.345214,14508.018555
59,0.374323,0.330451,14757.545898
60,0.372676,0.329690,15023.762695
61,0.368172,0.349296,15273.297852
62,0.358505,0.393440,15506.169922
63,0.338402,0.429449,15755.732422
64,0.305836,0.450896,16005.401367
65,0.277507,0.458547,16254.856445
66,0.264748,0.455802,16504.519531
67,0.261544,0.445499,16754.003906
68,0.264271,0.447302,17003.658203
69,0.277561,0.449466,17253.095703
70,0.295479,0.453232,17502.759766
71,0.288221,0.464553,17752.371094
72,0.235976,0.469979,18001.830078
73,0.147536,0.460318,18251.498047
74,0.080597,0.453440,18500.953125
75,0.052448,0.444887,18750.611328
76,0.032120,0.437980,19000.136719
77,0.025604,0.422049,19266.339844
78,0.018943,0.414881,19515.941406
79,0.004593,0.420136,19765.490234
80,0.987932,0.431707,20098.201172
81,0.979791,0.439225,20347.820312
82,0.955622,0.435713,20597.359375
83,0.916838,0.435619,20846.949219
84,0.893409,0.443566,21096.451172
85,0.887326,0.446550,21329.451172
86,0.885441,0.448247,21578.933594
87,0.880010,0.449577,21828.582031
88,0.853923,0.454134,22078.025391
89,0.822895,0.458931,22327.667969
90,0.809017,0.457779,22560.574219
91,0.804990,0.449697,22810.156250
92,0.800541,0.451798,23059.679688
93,0.799524,0.453361,23292.720703
94,0.800199,0.455427,23542.123047
95,0.804665,0.454058,23791.787109
96,0.809506,0.454749,24041.248047
97,0.819864,0.456987,24274.246094
98,0.845179,0.458474,24523.800781
99,0.883531,0.451545,24773.410156
0,0.749885,0.549227,0.047972
1,0.749668,0.549226,266.157013
2,0.749591,0.551532,515.732666
3,0.750722,0.560366,765.264526
4,0.762079,0.540423,1014.871399
5,0.783027,0.489782,1264.346680
6,0.800893,0.441310,1514.010620
7,0.835903,0.426307,1763.509033
8,0.873377,0.427984,2013.107422
9,0.915569,0.435991,2262.666992
10,0.952695,0.447980,2512.216797
11,0.985005,0.453241,2761.783936
12,0.021606,0.458619,3044.605225
13,0.058136,0.457865,3277.565430
14,0.081617,0.436458,3510.438477
15,0.106655,0.424383,3776.629639
16,0.136739,0.413800,4009.533936
17,0.161312,0.390212,4275.732422
18,0.172639,0.358651,4508.654785
19,0.186775,0.370639,4758.235840
20,0.198578,0.388116,5007.723145
21,0.212361,0.403989,5257.352051
22,0.214911,0.406151,5573.483887
23,0.216908,0.411537,5789.708008
24,0.215636,0.418269,6022.699707
25,0.218449,0.420389,6255.563477
26,0.220101,0.414930,6538.459473
27,0.207755,0.364674,6771.342285
28,0.183733,0.291180,7037.558105
29,0.178796,0.288876,7270.421387
30,0.158611,0.322123,7520.051270
31,0.134237,0.364889,7752.875977
32,0.113338,0.398293,8002.504883
33,0.087931,0.428419,8335.254883
34,0.059515,0.441693,8568.142578
35,0.029358,0.452586,8801.163086
36,0.004036,0.474550,9033.952148
37,0.971449,0.484840,9266.945312
38,0.924770,0.467786,9549.739258
39,0.898956,0.461463,9782.702148
40,0.873448,0.455656,10015.547852
41,0.841710,0.458129,10281.838867
42,0.805031,0.457466,10514.701172
43,0.776611,0.448850,10764.332031
44,0.773272,0.443449,11013.898438
45,0.784037,0.460492,11346.695312
46,0.763154,0.458180,11579.539062
47,0.732770,0.452866,11812.402344
48,0.714118,0.456274,12061.985352
49,0.689733,0.451171,12278.291992
50,0.657672,0.453016,12511.290039
51,0.628000,0.443651,12760.782227
52,0.611956,0.445556,13043.622070
53,0.603410,0.447927,13259.855469
54,0.599665,0.454878,13509.485352
55,0.604578,0.457169,13758.946289
56,0.629897,0.468622,14025.209961
57,0.658292,0.485156,14258.191406
58,0.674552,0.511458,14507.667969
59,0.691687,0.512017,14823.824219
60,0.706356,0.505457,15040.024414
61,0.729696,0.506664,15273.061523
62,0.752650,0.534007,15505.926758
63,0.779623,0.593123,15772.130859
64,0.806829,0.644512,16004.993164
65,0.845650,0.691567,16271.258789
66,0.861034,0.723154,16504.101562
67,0.867485,0.747305,16753.742188
68,0.816086,0.750543,17003.232422
69,0.765819,0.740875,17319.355469
70,0.700415,0.730839,17552.365234
71,0.656980,0.703307,17801.857422
72,0.617779,0.666654,18018.177734
73,0.572413,0.616878,18251.054688
74,0.540112,0.576956,18533.968750
75,0.517611,0.543684,18766.847656
76,0.500989,0.515164,19033.042969
77,0.495844,0.460554,19265.958984
78,0.488640,0.430422,19532.132812
79,0.459822,0.427825,19765.054688
80,0.415941,0.457711,20081.109375
81,0.390920,0.468520,20314.119141
82,0.370729,0.472847,20547.046875
83,0.348855,0.474961,20780.019531
84,0.326926,0.467090,21012.882812
85,0.312258,0.458822,21295.714844
86,0.308319,0.459559,21512.023438
87,0.329317,0.431621,21778.185547
88,0.368119,0.372139,22011.101562
89,0.394758,0.336866,22260.718750
90,0.410157,0.327100,22510.167969
91,0.440019,0.362461,22842.949219
92,0.469400,0.391633,23075.927734
93,0.498299,0.409155,23308.822266
94,0.515719,0.415770,23525.175781
95,0.522550,0.445292,23758.013672
96,0.541218,0.463332,24007.660156
97,0.576921,0.475114,24273.798828
98,0.597843,0.472811,24506.769531
99,0.621926,0.436613,24756.222656
0,0.749877,0.420654,-0.006376
1,0.750273,0.418742,266.249939
2,0.752912,0.416423,515.694824
3,0.763808,0.427011,765.376648
4,0.782781,0.439525,1014.850525
5,0.806979,0.443303,1264.433228
6,0.830928,0.441333,1514.030273
7,0.853956,0.438867,1763.531494
8,0.880839,0.445109,2013.111572
9,0.905627,0.449829,2262.650635
10,0.929177,0.451208,2528.914795
11,0.958947,0.449651,2761.808838
12,0.979274,0.459741,3011.434570
13,0.998408,0.473686,3260.912109
14,0.019784,0.479859,3510.494873
15,0.042012,0.480186,3760.009766
16,0.063681,0.478080,4009.585449
17,0.085841,0.472931,4259.093750
18,0.099410,0.456332,4508.731934
19,0.078068,0.444262,4758.196777
20,0.029709,0.457041,5007.838867
21,0.984170,0.460870,5257.327637
22,0.919976,0.462541,5506.977539
23,0.875899,0.464393,5756.581055
24,0.865783,0.465934,6006.022461
25,0.887478,0.461491,6255.705078
26,0.932495,0.452178,6505.188477
27,0.991771,0.441648,6754.801270
28,0.051856,0.437348,7004.272461
29,0.104531,0.437242,7253.887207
30,0.164251,0.436580,7503.394043
31,0.205882,0.433542,7753.020020
32,0.235836,0.430833,8002.496582
33,0.267586,0.428165,8252.074219
34,0.296246,0.434344,8501.568359
35,0.319171,0.434236,8817.688477
36,0.341094,0.412237,9034.106445
37,0.364893,0.391235,9266.919922
38,0.393397,0.389027,9549.787109
39,0.424137,0.396500,9782.682617
40,0.462083,0.421885,10015.705078
41,0.494415,0.442271,10281.780273
42,0.516809,0.447482,10531.439453
43,0.536463,0.448354,10764.256836
44,0.562084,0.453661,11013.867188
45,0.576326,0.461005,11330.003906
46,0.570442,0.461492,11562.853516
47,0.551758,0.459702,11795.871094
48,0.532580,0.462315,12028.743164
49,0.514142,0.463267,12261.775391
50,0.491204,0.450514,12544.466797
51,0.475322,0.430168,12777.521484
52,0.457546,0.418920,13010.382812
53,0.431818,0.405051,13293.179688
54,0.417184,0.412413,13509.447266
55,0.400778,0.423794,13759.052734
56,0.381238,0.429126,14058.578125
57,0.361072,0.429907,14291.427734
58,0.341619,0.430646,14524.416992
59,0.316506,0.424791,14757.268555
60,0.292246,0.398716,15023.518555
61,0.281307,0.353951,15256.403320
62,0.262339,0.331147,15505.981445
63,0.220325,0.319825,15755.513672
64,0.177859,0.336252,16005.083008
65,0.155503,0.378687,16254.587891
66,0.137295,0.406326,16570.769531
67,0.109111,0.420925,16803.705078
68,0.081181,0.424587,17019.927734
69,0.056470,0.426039,17252.830078
70,0.033150,0.428903,17502.449219
71,0.016456,0.430269,17768.714844
72,0.021074,0.420665,18001.539062
73,0.014573,0.396482,18267.666016
74,0.006496,0.382989,18500.687500
75,0.998290,0.364948,18750.263672
76,0.991513,0.366177,19016.416016
77,0.983854,0.367441,19332.527344
78,0.964624,0.375445,19565.544922
79,0.946734,0.387399,19781.763672
80,0.925585,0.404714,20014.632812
81,0.900934,0.420984,20264.207031
82,0.875764,0.433600,20547.072266
83,0.856625,0.438901,20780.000000
84,0.841762,0.441472,21029.589844
85,0.826653,0.446260,21262.500000
86,0.810348,0.442653,21528.695312
87,0.796660,0.438747,21761.546875
88,0.787691,0.436880,22011.150391
89,0.787864,0.436054,22343.902344
90,0.787130,0.438154,22576.791016
91,0.792181,0.442052,22809.761719
92,0.804882,0.445325,23059.240234
93,0.817429,0.448205,23275.560547
94,0.839258,0.469271,23508.511719
95,0.863039,0.475415,23791.406250
96,0.888389,0.476720,24024.207031
97,0.922983,0.471700,24257.214844
98,0.952680,0.467703,24523.380859
99,0.978528,0.470587,24756.359375
0,0.750650,0.540618,-0.013070
1,0.750003,0.540125,266.127808
2,0.756866,0.533687,515.773804
3,0.794262,0.524697,765.164551
4,0.836422,0.520944,1014.843628
5,0.848419,0.535068,1264.272339
6,0.861901,0.548389,1513.953491
7,0.890916,0.554433,1763.575439
8,0.926899,0.554625,2013.018921
9,0.957861,0.555832,2262.648438
10,0.984414,0.549064,2512.249756
11,0.012114,0.528429,2761.814941
12,0.037859,0.517023,3011.252197
13,0.061847,0.508723,3344.060791
14,0.081045,0.501561,3577.068115
15,0.117549,0.514013,3809.919678
16,0.154454,0.529811,4042.894531
17,0.178320,0.536284,4292.376465
18,0.197999,0.541565,4525.351074
19,0.195233,0.545433,4774.908691
20,0.192914,0.519881,5024.473633
21,0.229891,0.482502,5257.369629
22,0.255325,0.485675,5507.034668
23,0.254589,0.505093,5756.466309
24,0.223127,0.505799,6039.362305
25,0.121219,0.500518,6288.889648
26,0.058529,0.494496,6521.854492
27,0.022773,0.497867,6771.376953
28,0.989006,0.500566,7004.371094
29,0.947064,0.505430,7253.882324
30,0.895258,0.511241,7536.727539
31,0.844368,0.513563,7769.723145
32,0.788107,0.507177,8019.205566
33,0.706572,0.488154,8268.869141
34,0.625598,0.492186,8518.358398
35,0.603252,0.506547,8767.943359
36,0.618627,0.515085,9000.853516
37,0.645504,0.527072,9267.072266
38,0.688448,0.552408,9516.562500
39,0.728073,0.578709,9766.175781
40,0.752033,0.583067,10015.666992
41,0.761001,0.579242,10265.326172
42,0.744085,0.571720,10514.919922
43,0.711371,0.564314,10764.420898
44,0.657787,0.563136,11013.934570
45,0.571210,0.558239,11263.531250
46,0.530489,0.563089,11596.307617
47,0.517617,0.564637,11845.951172
48,0.507311,0.558489,12078.753906
49,0.453124,0.542408,12328.416016
50,0.432172,0.551603,12577.904297
51,0.423701,0.570837,12827.548828
52,0.416990,0.569041,13060.410156
53,0.414870,0.552405,13310.004883
54,0.413574,0.489055,13542.859375
55,0.418403,0.444273,13775.854492
56,0.437291,0.444005,14008.720703
57,0.491089,0.456410,14258.343750
58,0.561961,0.479935,14507.844727
59,0.651924,0.511044,14790.739258
60,0.745600,0.535387,15023.633789
61,0.822514,0.547562,15273.251953
62,0.861370,0.546864,15506.092773
63,0.875068,0.551074,15755.728516
64,0.881278,0.556319,16021.843750
65,0.891730,0.571938,16288.102539
66,0.900251,0.593709,16521.103516
67,0.904591,0.625491,16753.951172
68,0.902990,0.664180,17003.574219
69,0.892360,0.722203,17253.052734
70,0.873122,0.783547,17502.771484
71,0.852896,0.803236,17768.835938
72,0.834223,0.809239,18001.800781
73,0.817574,0.806337,18251.359375
74,0.793053,0.772149,18500.855469
75,0.761924,0.697325,18750.453125
76,0.752409,0.662261,19000.035156
77,0.757458,0.659334,19332.830078
78,0.760431,0.661902,19582.421875
79,0.770755,0.656461,19815.320312
80,0.789091,0.640426,20064.814453
81,0.818803,0.614995,20297.802734
82,0.833584,0.605293,20547.308594
83,0.836355,0.602544,20796.923828
84,0.836017,0.606567,21029.791016
85,0.834433,0.608609,21262.798828
86,0.835831,0.610194,21512.308594
87,0.843956,0.608670,21761.880859
88,0.877009,0.604199,22011.404297
89,0.905568,0.603219,22294.255859
90,0.928671,0.607420,22510.636719
91,0.944883,0.608302,22793.357422
92,0.959229,0.608745,23026.390625
93,0.968417,0.615329,23259.281250
94,0.973311,0.609627,23525.533203
95,0.964470,0.602909,23758.416016
96,0.973191,0.564620,24008.023438
97,0.988513,0.523651,24257.500000
98,0.007453,0.509267,24507.121094
99,0.027545,0.497161,24756.619141
0,0.750112,0.516013,0.026148
1,0.752510,0.515749,266.323364
2,0.745178,0.502155,515.806274
3,0.710083,0.446578,765.360168
4,0.674514,0.363547,1014.988525
5,0.670969,0.313250,1264.520996
6,0.651626,0.322076,1514.214111
7,0.619155,0.387714,1763.603271
8,0.625543,0.416526,2013.260254
9,0.663226,0.426601,2262.726562
10,0.690956,0.437185,2512.373291
11,0.763946,0.454995,2761.823975
12,0.827349,0.466734,3011.541260
13,0.867905,0.477231,3260.994385
14,0.909740,0.478488,3510.601318
15,0.959749,0.474326,3760.302246
16,0.996882,0.478879,4009.725098
17,0.033510,0.479746,4259.335449
18,0.076415,0.487350,4508.870117
19,0.125029,0.481999,4758.455078
20,0.161843,0.472592,5007.926758
21,0.185487,0.443981,5257.592773
22,0.192786,0.381278,5507.114258
23,0.194168,0.333853,5756.703613
24,0.207908,0.316116,6006.199219
25,0.270374,0.388234,6255.832520
26,0.294632,0.458648,6505.312500
27,0.294974,0.482084,6754.894043
28,0.282029,0.474769,7004.501465
29,0.226978,0.462764,7254.068848
30,0.200972,0.483390,7503.666504
31,0.255794,0.507515,7753.161133
32,0.272264,0.525586,8002.819336
33,0.273663,0.529724,8252.277344
34,0.274576,0.524252,8501.945312
35,0.274806,0.516200,8751.362305
36,0.262895,0.486666,9000.960938
37,0.206905,0.453529,9250.510742
38,0.175814,0.460580,9500.117188
39,0.161017,0.474026,9766.325195
40,0.107083,0.501231,10015.914062
41,0.062808,0.517408,10265.559570
42,0.044624,0.519046,10514.945312
43,0.997643,0.516445,10764.552734
44,0.984475,0.519857,11014.137695
45,0.001971,0.527616,11263.703125
46,0.027154,0.527745,11513.166016
47,0.039135,0.524351,11762.903320
48,0.029641,0.520159,12012.350586
49,0.001498,0.523274,12262.000977
50,0.956470,0.527651,12511.577148
51,0.916060,0.527564,12761.161133
52,0.890965,0.513028,13010.681641
53,0.885710,0.493019,13260.146484
54,0.881115,0.481284,13509.816406
55,0.855205,0.490223,13759.276367
56,0.826464,0.498652,14008.987305
57,0.801504,0.504244,14258.379883
58,0.777552,0.501422,14508.084961
59,0.769757,0.498086,14757.485352
60,0.803801,0.492809,15007.109375
61,0.836200,0.504260,15256.621094
62,0.833352,0.513583,15506.217773
63,0.801300,0.512987,15755.926758
64,0.758211,0.457940,16005.331055
65,0.719474,0.377992,16255.013672
66,0.686806,0.305243,16504.470703
67,0.637866,0.255130,16754.074219
68,0.570299,0.271579,17003.632812
69,0.521292,0.335150,17253.214844
70,0.484306,0.388334,17502.808594
71,0.448035,0.426599,17752.326172
72,0.422533,0.438316,18001.902344
73,0.406456,0.419122,18251.439453
74,0.392285,0.404490,18500.964844
75,0.378973,0.396074,18750.539062
76,0.372603,0.399038,19000.214844
77,0.375069,0.396992,19266.373047
78,0.374964,0.396960,19516.019531
79,0.379684,0.388729,19765.396484
80,0.380739,0.391546,20015.128906
81,0.378996,0.398966,20264.509766
82,0.378690,0.406807,20514.162109
83,0.378897,0.415277,20763.630859
84,0.378079,0.420743,21013.306641
85,0.377943,0.422795,21262.984375
86,0.376948,0.420704,21512.365234
87,0.362587,0.405152,21762.027344
88,0.359785,0.372345,22011.482422
89,0.365259,0.340098,22261.142578
90,0.367564,0.327923,22510.595703
91,0.365771,0.341713,22760.250000
92,0.360268,0.376800,23009.759766
93,0.356672,0.402966,23259.328125
94,0.359720,0.416495,23508.892578
95,0.362435,0.424026,23758.449219
96,0.365227,0.434041,24007.996094
97,0.367037,0.442047,24257.556641
98,0.367087,0.448026,24507.214844
99,0.368821,0.455407,24756.691406
0,0.749830,0.528693,-0.013181
1,0.752631,0.526045,266.113129
2,0.777331,0.511510,515.814697
3,0.806122,0.507795,765.264587
4,0.825504,0.499728,1014.966614
5,0.838602,0.493391,1264.458008
6,0.837274,0.489570,1514.040894
7,0.846119,0.489481,1763.618774
8,0.863462,0.489515,2013.076782
9,0.884673,0.484749,2262.705078
10,0.904072,0.479310,2512.208984
11,0.920698,0.478367,2761.891357
12,0.944472,0.485225,3011.398438
13,0.973825,0.488699,3260.936279
14,0.997282,0.489520,3510.459717
15,0.019925,0.497519,3760.047119
16,0.040834,0.498584,4009.582520
17,0.053800,0.493388,4259.165039
18,0.070228,0.479812,4508.832520
19,0.091842,0.471420,4758.274902
20,0.108115,0.473608,5007.970215
21,0.114339,0.452314,5257.430176
22,0.144165,0.431190,5507.011719
23,0.159402,0.417447,5756.511230
24,0.165980,0.398535,6006.179688
25,0.165680,0.381770,6255.684082
26,0.160403,0.350723,6505.244141
27,0.149007,0.317742,6754.771973
28,0.129985,0.335277,7004.355469
29,0.096527,0.375391,7254.041016
30,0.071548,0.396559,7503.482422
31,0.050063,0.407629,7753.224609
32,0.030584,0.416992,8002.694336
33,0.006914,0.430674,8252.239258
34,0.981765,0.436972,8501.746094
35,0.952736,0.435648,8751.324219
36,0.923004,0.436477,9000.877930
37,0.890280,0.444345,9250.450195
38,0.852909,0.446877,9500.032227
39,0.815991,0.439185,9766.178711
40,0.780575,0.424502,10015.837891
41,0.748711,0.402727,10265.325195
42,0.729148,0.378377,10514.948242
43,0.702353,0.365964,10764.450195
44,0.666423,0.355519,11014.083008
45,0.632601,0.332628,11263.528320
46,0.592632,0.345974,11513.147461
47,0.560512,0.396246,11762.644531
48,0.536267,0.420966,12012.269531
49,0.506971,0.431165,12261.815430
50,0.482381,0.448910,12511.451172
51,0.463049,0.462870,12761.028320
52,0.435832,0.462879,13010.495117
53,0.408198,0.472702,13260.217773
54,0.395453,0.486321,13509.620117
55,0.394439,0.488808,13759.256836
56,0.396949,0.498281,14008.769531
57,0.398055,0.504242,14258.473633
58,0.420327,0.508019,14507.907227
59,0.463502,0.519646,14757.525391
60,0.491445,0.529113,15007.025391
61,0.512199,0.530464,15256.589844
62,0.544224,0.531843,15506.081055
63,0.582647,0.521613,15755.700195
64,0.601869,0.509847,16005.436523
65,0.620360,0.509284,16254.907227
66,0.640075,0.508611,16504.460938
67,0.654921,0.509272,16753.972656
68,0.667682,0.513155,17003.593750
69,0.695587,0.525059,17253.054688
70,0.726725,0.529636,17502.675781
71,0.750736,0.524703,17752.220703
72,0.777431,0.521107,18001.802734
73,0.801375,0.531265,18251.345703
74,0.810832,0.526259,18500.958984
75,0.819256,0.508004,18750.433594
76,0.833440,0.494194,19000.056641
77,0.848423,0.500304,19266.263672
78,0.854548,0.505283,19515.855469
79,0.857462,0.508461,19765.439453
80,0.865329,0.526108,20014.882812
81,0.880902,0.536251,20264.515625
82,0.902197,0.534929,20514.035156
83,0.924751,0.531999,20763.652344
84,0.942367,0.527322,21013.142578
85,0.959784,0.513485,21262.806641
86,0.979769,0.511784,21512.462891
87,0.996794,0.512741,21761.900391
88,0.009378,0.513709,22011.505859
89,0.011416,0.515027,22260.974609
90,0.008682,0.516634,22510.636719
91,0.001217,0.516878,22760.146484
92,0.988747,0.507569,23009.771484
93,0.977475,0.504470,23259.228516
94,0.962295,0.498416,23508.865234
95,0.942160,0.488254,23758.330078
96,0.922522,0.477819,24007.886719
97,0.901968,0.474176,24257.496094
98,0.878774,0.471094,24507.082031
99,0.861322,0.469267,24756.664062
0,0.749850,0.558402,0.065397
1,0.749836,0.558854,266.275787
2,0.749701,0.557727,515.960876
3,0.746271,0.547405,765.440186
4,0.727078,0.520270,1015.021729
5,0.681254,0.490462,1264.627686
6,0.636513,0.463178,1514.086670
7,0.610196,0.454333,1763.721924
8,0.603889,0.455338,2013.221191
9,0.607358,0.456058,2262.890381
10,0.607697,0.453326,2512.381104
11,0.605062,0.454249,2761.964844
12,0.577160,0.472612,3011.564453
13,0.548043,0.495720,3261.029785
14,0.535054,0.509570,3510.637451
15,0.523345,0.512950,3760.184082
16,0.509420,0.512609,4009.782959
17,0.492631,0.508060,4259.301758
18,0.486273,0.493784,4508.965332
19,0.483583,0.478263,4758.447266
20,0.489511,0.471710,5008.004395
21,0.503804,0.469210,5257.539551
22,0.529513,0.462985,5507.209961
23,0.551250,0.459513,5756.761719
24,0.579438,0.459434,6006.280762
25,0.605171,0.456332,6255.841797
26,0.629229,0.462925,6505.373535
27,0.673951,0.478949,6754.939941
28,0.731846,0.471493,7004.553223
29,0.771772,0.445134,7254.175781
30,0.805450,0.433775,7503.691406
31,0.842129,0.441478,7753.195312
32,0.871340,0.456059,8002.795410
33,0.885192,0.471950,8252.331055
34,0.902114,0.483165,8501.886719
35,0.929203,0.486869,8751.438477
36,0.949965,0.491542,9001.114258
37,0.959188,0.496810,9250.563477
38,0.974512,0.503735,9500.133789
39,0.990398,0.506565,9766.341797
40,0.001140,0.511473,10015.962891
41,0.019097,0.515969,10265.477539
42,0.037643,0.514546,10515.029297
43,0.057618,0.509221,10764.581055
44,0.073012,0.499134,11014.230469
45,0.082684,0.493018,11263.742188
46,0.081897,0.487470,11513.266602
47,0.074181,0.486018,11762.897461
48,0.064615,0.487250,12012.410156
49,0.052172,0.487828,12261.976562
50,0.036080,0.487867,12511.609375
51,0.018276,0.490349,12761.211914
52,0.002346,0.495563,13010.722656
53,0.983327,0.498159,13260.223633
54,0.962053,0.499737,13509.780273
55,0.937645,0.500249,13759.397461
56,0.908044,0.499809,14008.922852
57,0.870265,0.503204,14258.540039
58,0.832041,0.505569,14508.160156
59,0.788844,0.509658,14757.721680
60,0.739241,0.518540,15007.202148
61,0.703110,0.530010,15256.787109
62,0.675386,0.532452,15506.322266
63,0.643602,0.522452,15755.855469
64,0.577589,0.503815,16005.558594
65,0.509741,0.486595,16254.999023
66,0.468857,0.469956,16504.628906
67,0.443499,0.464765,16754.123047
68,0.433606,0.476060,17003.814453
69,0.434014,0.482809,17253.294922
70,0.442354,0.480771,17502.898438
71,0.449214,0.483900,17752.412109
72,0.452131,0.509286,18001.994141
73,0.453160,0.512130,18251.568359
74,0.454974,0.510518,18501.052734
75,0.452843,0.504169,18750.714844
76,0.439600,0.491910,19000.265625
77,0.423595,0.463725,19266.419922
78,0.392851,0.425089,19515.980469
79,0.368637,0.397605,19765.570312
80,0.361172,0.403221,20015.121094
81,0.359721,0.434482,20264.722656
82,0.353919,0.459603,20514.234375
83,0.351240,0.480695,20763.835938
84,0.352783,0.481368,21013.351562
85,0.354510,0.478627,21263.031250
86,0.354978,0.477902,21512.488281
87,0.355493,0.477353,21762.093750
88,0.356837,0.477166,22011.648438
89,0.357966,0.478798,22261.156250
90,0.360187,0.481125,22510.798828
91,0.364303,0.481712,22760.283203
92,0.369123,0.484064,23009.892578
93,0.375147,0.484154,23259.439453
94,0.381185,0.483958,23509.066406
95,0.389474,0.482599,23758.601562
96,0.401911,0.479066,24008.132812
97,0.414314,0.477843,24257.783203
98,0.428127,0.476305,24507.236328
99,0.442223,0.475434,24756.876953
0,0.749251,0.512455,0.019320
1,0.749315,0.513299,266.287537
2,0.749824,0.514407,515.863708
3,0.750900,0.514500,765.375183
4,0.750944,0.513551,1015.008057
5,0.750130,0.509039,1264.602905
6,0.747327,0.499774,1514.113525
7,0.740394,0.487713,1763.645996
8,0.729517,0.473771,2013.231567
9,0.722451,0.465290,2262.806885
10,0.721190,0.464983,2512.357910
11,0.721287,0.464326,2761.922607
12,0.727145,0.445030,3011.519775
13,0.730357,0.418431,3261.007568
14,0.739219,0.416912,3510.617676
15,0.766142,0.445103,3760.198242
16,0.743815,0.469554,4009.711914
17,0.661851,0.477794,4259.337891
18,0.636372,0.480864,4508.868652
19,0.631279,0.483419,4758.499512
20,0.632755,0.480671,5007.988770
21,0.634624,0.481873,5257.594727
22,0.634781,0.482696,5507.134277
23,0.628374,0.481471,5756.718262
24,0.549440,0.470044,6006.286133
25,0.504587,0.489708,6255.845215
26,0.474361,0.514193,6505.375000
27,0.443250,0.523766,6754.914062
28,0.422076,0.510526,7004.462402
29,0.398029,0.487944,7254.084473
30,0.379569,0.472457,7503.699707
31,0.351933,0.453413,7753.215332
32,0.309797,0.461075,8002.838867
33,0.281892,0.454274,8252.302734
34,0.260654,0.439503,8501.876953
35,0.247429,0.429853,8751.361328
36,0.239411,0.414384,9001.095703
37,0.214811,0.414175,9250.567383
38,0.171484,0.424295,9500.140625
39,0.138073,0.441835,9766.344727
40,0.107120,0.443580,10015.909180
41,0.080933,0.438932,10265.535156
42,0.034438,0.429794,10514.972656
43,0.973514,0.444205,10764.636719
44,0.934025,0.459522,11014.109375
45,0.903596,0.475600,11263.695312
46,0.908420,0.479122,11513.192383
47,0.963644,0.441918,11762.837891
48,0.029951,0.394850,12012.368164
49,0.062354,0.355099,12261.936523
50,0.083485,0.323157,12511.541016
51,0.097540,0.315786,12761.114258
52,0.105685,0.321275,13010.651367
53,0.101280,0.363466,13260.152344
54,0.082235,0.439557,13509.845703
55,0.142537,0.461197,13759.333984
56,0.231606,0.443626,14008.889648
57,0.228950,0.451341,14258.435547
58,0.229055,0.445784,14508.075195
59,0.239715,0.445101,14757.502930
60,0.257775,0.461525,15007.168945
61,0.282629,0.472100,15256.799805
62,0.300209,0.468281,15506.309570
63,0.316459,0.482286,15755.891602
64,0.338798,0.494041,16005.379883
65,0.355016,0.500088,16255.013672
66,0.363430,0.503069,16504.531250
67,0.359570,0.500556,16754.156250
68,0.315674,0.488532,17003.648438
69,0.270364,0.479992,17253.248047
70,0.232471,0.466698,17502.718750
71,0.222075,0.456138,17752.369141
72,0.225614,0.430579,18001.931641
73,0.223101,0.405692,18251.521484
74,0.218358,0.394623,18501.115234
75,0.220472,0.382168,18750.623047
76,0.127248,0.399634,19000.234375
77,0.996173,0.495109,19266.378906
78,0.974622,0.552586,19515.927734
79,0.973795,0.557382,19765.433594
80,0.981967,0.549939,20015.140625
81,0.014975,0.532701,20264.582031
82,0.098075,0.494246,20514.212891
83,0.120858,0.467674,20763.677734
84,0.114254,0.471114,21013.271484
85,0.113629,0.466570,21262.880859
86,0.114848,0.456850,21512.400391
87,0.124962,0.429529,21762.054688
88,0.130040,0.418670,22011.533203
89,0.130417,0.416107,22261.164062
90,0.128123,0.419688,22510.654297
91,0.118039,0.421328,22760.208984
92,0.109366,0.417658,23009.751953
93,0.107049,0.411928,23259.345703
94,0.122062,0.406820,23508.912109
95,0.156698,0.412897,23758.515625
96,0.170522,0.417317,24008.148438
97,0.170622,0.421842,24257.693359
98,0.167379,0.415533,24507.068359
99,0.165729,0.414528,24756.736328
0,0.750207,0.478558,-0.047306
1,0.750029,0.479118,266.184326
2,0.750215,0.479306,515.783264
3,0.750722,0.467961,765.344727
4,0.748531,0.421336,1014.821350
5,0.742185,0.394418,1264.503784
6,0.739134,0.362952,1514.081665
7,0.742317,0.375841,1763.589600
8,0.744400,0.453201,2013.064941
9,0.759400,0.475180,2262.703613
10,0.808734,0.486906,2595.475342
11,0.876251,0.479064,2828.439941
12,0.949817,0.464602,3077.949951
13,0.002068,0.479422,3310.916260
14,0.019858,0.479025,3560.378662
15,0.032467,0.482165,3810.084229
16,0.039097,0.480980,4059.543945
17,0.045914,0.478494,4292.567871
18,0.064409,0.481055,4542.041016
19,0.077402,0.484694,4791.671875
20,0.078183,0.478736,5024.533691
21,0.073190,0.472946,5274.036133
22,0.066859,0.472109,5523.659668
23,0.062637,0.470730,5773.221680
24,0.059576,0.469249,6006.098633
25,0.057043,0.468579,6255.745605
26,0.046434,0.459174,6538.581543
27,0.022783,0.438157,6788.105469
28,0.991924,0.424926,7037.731445
29,0.944754,0.409424,7270.628418
30,0.903805,0.408751,7520.235352
31,0.876450,0.422315,7769.733887
32,0.868841,0.434739,8019.303711
33,0.854949,0.445056,8268.839844
34,0.825912,0.444967,8518.433594
35,0.803734,0.444621,8751.333984
36,0.773295,0.447351,9000.960938
37,0.721109,0.449811,9250.420898
38,0.613256,0.425586,9500.056641
39,0.506998,0.419021,9799.519531
40,0.448082,0.439027,10049.049805
41,0.415440,0.447120,10298.641602
42,0.400556,0.405592,10548.132812
43,0.398146,0.375367,10797.804688
44,0.381354,0.367875,11030.626953
45,0.365836,0.354259,11280.264648
46,0.334155,0.337984,11529.812500
47,0.278149,0.353319,11779.433594
48,0.229769,0.423213,12028.919922
49,0.183845,0.446046,12261.870117
50,0.161583,0.454455,12511.391602
51,0.180711,0.448917,12761.004883
52,0.223108,0.438496,13027.275391
53,0.276804,0.423356,13276.706055
54,0.332305,0.418175,13526.379883
55,0.362918,0.414076,13775.832031
56,0.371066,0.407051,14025.502930
57,0.380890,0.392547,14258.376953
58,0.390467,0.362344,14524.612305
59,0.393236,0.350848,14774.107422
60,0.395783,0.360297,15007.065430
61,0.405150,0.383136,15256.571289
62,0.416420,0.400276,15522.790039
63,0.426866,0.411717,15772.455078
64,0.441449,0.415259,16005.335938
65,0.450187,0.415052,16254.986328
66,0.459550,0.408161,16504.425781
67,0.462900,0.409891,16754.027344
68,0.458818,0.414526,17003.580078
69,0.457866,0.417676,17253.154297
70,0.451829,0.419720,17502.660156
71,0.432918,0.423379,17835.412109
72,0.424209,0.432896,18085.052734
73,0.431242,0.446305,18334.529297
74,0.439235,0.456161,18584.160156
75,0.447002,0.452002,18817.013672
76,0.458165,0.445458,19066.677734
77,0.477115,0.444690,19299.492188
78,0.500059,0.438204,19549.132812
79,0.521676,0.393445,19781.962891
80,0.517776,0.401520,20031.603516
81,0.528460,0.390701,20281.175781
82,0.498188,0.346043,20514.134766
83,0.415612,0.342723,20763.609375
84,0.376095,0.368837,21013.230469
85,0.393628,0.403031,21262.703125
86,0.470754,0.396184,21512.355469
87,0.551337,0.377517,21761.919922
88,0.606243,0.347214,22011.441406
89,0.630858,0.353934,22294.333984
90,0.614962,0.363071,22527.169922
91,0.605623,0.367102,22793.445312
92,0.585601,0.372416,23026.314453
93,0.564188,0.383162,23275.919922
94,0.539398,0.399792,23508.804688
95,0.516127,0.417424,23758.457031
96,0.499497,0.425514,24007.925781
97,0.481857,0.426947,24257.511719
98,0.466265,0.425190,24507.144531
99,0.470195,0.429516,24773.312500
0,0.748489,0.455224,-0.030739
1,0.749495,0.458020,266.258820
2,0.748585,0.460127,515.828430
3,0.742815,0.453679,765.327881
4,0.740660,0.452805,1014.889282
5,0.739127,0.447332,1264.461792
6,0.727950,0.433693,1514.006958
7,0.705462,0.421952,1763.607300
8,0.687530,0.419077,2013.164551
9,0.670020,0.419619,2262.757080
10,0.657110,0.421478,2512.253418
11,0.652866,0.429594,2761.899658
12,0.646652,0.432599,3011.449463
13,0.634387,0.434190,3260.949707
14,0.621886,0.426727,3510.609131
15,0.612582,0.416037,3760.077393
16,0.605250,0.422158,4009.688232
17,0.594733,0.432440,4259.201660
18,0.578549,0.453607,4508.827637
19,0.562356,0.460764,4758.355469
20,0.542478,0.455192,5007.918945
21,0.520243,0.457793,5257.504395
22,0.497319,0.443861,5507.102051
23,0.474071,0.424273,5756.586426
24,0.454289,0.410613,6006.152832
25,0.437324,0.388852,6255.744141
26,0.427003,0.374910,6505.276367
27,0.428437,0.370066,6754.860840
28,0.459424,0.331416,7004.443359
29,0.528673,0.292146,7254.057129
30,0.609916,0.276528,7503.571777
31,0.705459,0.332542,7753.135254
32,0.750194,0.384105,8002.712891
33,0.759366,0.376511,8252.264648
34,0.774035,0.389908,8501.851562
35,0.795105,0.432042,8751.374023
36,0.824671,0.448687,9000.945312
37,0.850715,0.449564,9250.539062
38,0.878304,0.447323,9500.076172
39,0.904145,0.453447,9766.241211
40,0.921870,0.462769,10015.844727
41,0.928566,0.461564,10265.365234
42,0.942186,0.461313,10514.988281
43,0.959748,0.468315,10764.566406
44,0.975633,0.478790,11014.161133
45,0.990526,0.477597,11263.643555
46,0.008407,0.474308,11513.190430
47,0.029897,0.466977,11762.811523
48,0.049952,0.461338,12012.320312
49,0.067906,0.459600,12261.884766
50,0.087003,0.461803,12511.473633
51,0.101329,0.459525,12761.043945
52,0.113775,0.450933,13010.600586
53,0.128220,0.433171,13260.151367
54,0.142371,0.411784,13509.713867
55,0.167582,0.407979,13759.310547
56,0.197439,0.406279,14008.868164
57,0.215308,0.408303,14258.401367
58,0.222910,0.411509,14507.955078
59,0.243007,0.430604,14757.530273
60,0.272901,0.448889,15007.098633
61,0.294580,0.451544,15256.662109
62,0.310447,0.444063,15506.241211
63,0.323015,0.406267,15755.833984
64,0.337568,0.373101,16005.357422
65,0.345262,0.367586,16254.956055
66,0.361730,0.379591,16504.470703
67,0.371817,0.386094,16754.062500
68,0.369216,0.381763,17003.611328
69,0.366764,0.377525,17253.195312
70,0.353863,0.360859,17502.734375
71,0.324099,0.327982,17752.296875
72,0.288759,0.295371,18001.863281
73,0.255265,0.272202,18251.443359
74,0.216311,0.255620,18500.992188
75,0.180174,0.251138,18750.568359
76,0.152339,0.253719,19000.138672
77,0.128886,0.264891,19266.351562
78,0.112981,0.273715,19515.884766
79,0.106730,0.291075,19765.443359
80,0.101135,0.306109,20015.031250
81,0.090482,0.316368,20264.595703
82,0.080869,0.327289,20514.152344
83,0.070259,0.344116,20763.699219
84,0.057287,0.363603,21013.316406
85,0.040374,0.375230,21262.822266
86,0.024205,0.373903,21512.394531
87,0.008902,0.363488,21761.951172
88,0.990790,0.363418,22011.513672
89,0.970170,0.366693,22261.117188
90,0.958255,0.371112,22510.685547
91,0.952226,0.372611,22760.212891
92,0.954849,0.389638,23009.826172
93,0.953727,0.409044,23259.343750
94,0.955967,0.428463,23508.916016
95,0.937900,0.440510,23758.460938
96,0.913658,0.441252,24008.029297
97,0.902500,0.442861,24257.599609
98,0.895559,0.442203,24507.171875
99,0.891156,0.441705,24756.755859
0,0.749751,0.495510,-0.020601
1,0.749597,0.497859,266.172791
2,0.748457,0.504443,515.821533
3,0.734067,0.531318,765.375549
4,0.722536,0.551443,1014.891174
5,0.707755,0.572613,1264.542847
6,0.691960,0.585415,1514.042969
7,0.685344,0.585471,1763.642456
8,0.698390,0.565273,2013.125244
9,0.723106,0.520858,2262.693359
10,0.747312,0.497000,2512.355713
11,0.751681,0.498700,2761.834229
12,0.762196,0.523566,3011.496338
13,0.794991,0.557690,3261.019287
14,0.826957,0.580718,3510.579590
15,0.846668,0.588497,3760.137207
16,0.859642,0.590652,4009.681641
17,0.881221,0.591236,4259.220703
18,0.932519,0.585855,4508.759766
19,0.981838,0.579139,4758.343750
20,0.016256,0.577757,5007.906738
21,0.046238,0.573703,5257.467285
22,0.067670,0.565214,5507.041504
23,0.089762,0.546694,5756.603516
24,0.109094,0.547008,6006.180664
25,0.122861,0.555916,6255.713379
26,0.132190,0.562385,6505.281250
27,0.130728,0.565461,6754.927246
28,0.125974,0.574197,7004.411133
29,0.123713,0.579394,7253.978027
30,0.120459,0.581534,7503.554688
31,0.094881,0.585098,7753.134766
32,0.053693,0.583869,8002.668457
33,0.041238,0.583730,8252.225586
34,0.029691,0.583041,8501.776367
35,0.018182,0.585304,8751.416016
36,0.042604,0.574123,9000.950195
37,0.089323,0.559533,9250.473633
38,0.130110,0.556147,9500.095703
39,0.159854,0.553033,9766.274414
40,0.179608,0.549674,10015.835938
41,0.198727,0.546052,10265.393555
42,0.217132,0.544600,10515.010742
43,0.232260,0.543963,10764.508789
44,0.245653,0.544260,11014.096680
45,0.256515,0.545089,11263.635742
46,0.265191,0.546845,11513.221680
47,0.276347,0.548315,11762.746094
48,0.294012,0.550247,12012.383789
49,0.310717,0.552722,12261.888672
50,0.325319,0.550415,12511.484375
51,0.347379,0.538601,12761.057617
52,0.370155,0.524897,13010.606445
53,0.385865,0.476497,13260.152344
54,0.393334,0.432151,13509.699219
55,0.413081,0.385947,13759.334961
56,0.448270,0.349571,14008.866211
57,0.474747,0.314248,14258.435547
58,0.479621,0.312838,14507.961914
59,0.455294,0.430502,14757.607422
60,0.445892,0.532140,15007.112305
61,0.454223,0.573722,15256.657227
62,0.460932,0.588611,15506.301758
63,0.468089,0.603557,15755.825195
64,0.469379,0.608130,16005.393555
65,0.465923,0.609949,16254.912109
66,0.426087,0.606184,16504.535156
67,0.370546,0.597173,16754.097656
68,0.346001,0.594912,17003.609375
69,0.305581,0.585863,17253.185547
70,0.227079,0.563820,17502.755859
71,0.130618,0.551162,17752.357422
72,0.067339,0.553943,18001.849609
73,0.017487,0.556212,18251.410156
74,0.944561,0.575906,18501.005859
75,0.878994,0.583394,18750.556641
76,0.830031,0.584214,19000.154297
77,0.785109,0.581223,19266.320312
78,0.745650,0.576139,19515.894531
79,0.705781,0.577410,19765.523438
80,0.668095,0.579524,20014.990234
81,0.630009,0.579770,20264.603516
82,0.592107,0.581860,20514.128906
83,0.563334,0.582848,20763.693359
84,0.553346,0.580544,21013.304688
85,0.581718,0.562750,21262.853516
86,0.617512,0.558572,21512.443359
87,0.638671,0.549867,21761.968750
88,0.660088,0.525686,22011.640625
89,0.715994,0.459189,22261.089844
90,0.764752,0.395264,22510.656250
91,0.778208,0.407420,22760.287109
92,0.781453,0.465691,23009.800781
93,0.788586,0.533738,23259.367188
94,0.793774,0.579696,23508.896484
95,0.784546,0.596628,23758.511719
96,0.783473,0.599746,24008.046875
97,0.792621,0.602838,24257.585938
98,0.808485,0.604901,24507.166016
99,0.823901,0.602033,24756.765625
0,0.746047,0.575490,0.003010
1,0.744913,0.576948,266.224548
2,0.758740,0.570287,515.738098
3,0.778547,0.563805,765.414429
4,0.798419,0.555922,1014.870483
5,0.806089,0.545506,1264.487305
6,0.777475,0.546633,1514.013184
7,0.696045,0.562827,1763.635254
8,0.605604,0.574889,2013.194214
9,0.533342,0.570387,2262.668457
10,0.475419,0.567160,2512.296143
11,0.426282,0.559425,2761.886230
12,0.388558,0.548085,3011.386963
13,0.366517,0.516958,3260.938232
14,0.352776,0.483860,3510.523682
15,0.351174,0.459032,3760.130859
16,0.360003,0.437332,4009.631104
17,0.371587,0.423893,4259.239258
18,0.378984,0.411583,4508.756836
19,0.379052,0.408411,4758.322754
20,0.362075,0.391083,5007.887695
21,0.350062,0.360226,5257.499512
22,0.359562,0.339077,5507.014160
23,0.392265,0.352855,5756.573730
24,0.451669,0.372363,6006.203125
25,0.533771,0.372510,6255.743164
26,0.619301,0.405331,6505.257324
27,0.682531,0.424421,6754.890137
28,0.730143,0.421912,7004.441406
29,0.780342,0.429422,7253.961914
30,0.842174,0.455138,7503.528809
31,0.893421,0.468870,7753.077637
32,0.936274,0.495573,8002.699219
33,0.983767,0.511690,8252.235352
34,0.023762,0.522379,8501.829102
35,0.055481,0.525064,8751.410156
36,0.079022,0.513428,9000.962891
37,0.096617,0.512124,9250.471680
38,0.116483,0.520096,9500.056641
39,0.126949,0.509233,9766.285156
40,0.138676,0.480582,10015.828125
41,0.156956,0.438731,10265.374023
42,0.155073,0.400405,10514.978516
43,0.148187,0.382314,10764.574219
44,0.150987,0.379418,11014.114258
45,0.154055,0.379935,11263.663086
46,0.146841,0.381057,11513.179688
47,0.141874,0.385566,11762.787109
48,0.137002,0.390346,12012.326172
49,0.133697,0.391585,12261.945312
50,0.137830,0.392989,12511.522461
51,0.145394,0.396820,12761.018555
52,0.145742,0.392613,13010.576172
53,0.140781,0.398232,13260.213867
54,0.132396,0.412938,13509.715820
55,0.109526,0.420067,13759.272461
56,0.060788,0.475610,14008.868164
57,0.004885,0.521567,14258.372070
58,0.928093,0.525265,14508.000000
59,0.838657,0.539614,14757.537109
60,0.794673,0.557206,15007.129883
61,0.781721,0.571842,15256.650391
62,0.772307,0.569958,15506.201172
63,0.747840,0.561196,15755.796875
64,0.718477,0.565559,16005.384766
65,0.684720,0.556976,16254.927734
66,0.646138,0.555684,16504.462891
67,0.620365,0.551921,16754.052734
68,0.610496,0.557587,17003.585938
69,0.619800,0.561041,17253.265625
70,0.635259,0.561031,17502.751953
71,0.688788,0.564322,17752.330078
72,0.771421,0.568322,18001.890625
73,0.815724,0.562124,18251.414062
74,0.851934,0.553778,18501.011719
75,0.885173,0.549553,18750.537109
76,0.904543,0.548245,19000.169922
77,0.909177,0.547689,19266.386719
78,0.914418,0.547687,19515.886719
79,0.918926,0.543975,19765.455078
80,0.921713,0.547341,20015.046875
81,0.933827,0.545256,20264.556641
82,0.953326,0.548138,20514.185547
83,0.974943,0.556590,20763.689453
84,0.994485,0.556428,21013.304688
85,0.016167,0.548948,21262.847656
86,0.030354,0.553861,21512.421875
87,0.043012,0.554905,21761.951172
88,0.049564,0.555837,22011.507812
89,0.049260,0.558606,22261.103516
90,0.040213,0.560521,22510.675781
91,0.023916,0.560181,22760.222656
92,0.007037,0.560649,23009.843750
93,0.990028,0.559894,23259.462891
94,0.960640,0.564579,23508.875000
95,0.906735,0.565632,23758.449219
96,0.869189,0.567522,24008.070312
97,0.859458,0.568830,24257.656250
98,0.861957,0.564451,24507.234375
99,0.868558,0.564740,24756.714844
0,0.749801,0.535650,-0.005559
1,0.749258,0.535436,266.234161
2,0.741643,0.529506,515.807251
3,0.710706,0.517111,765.353088
4,0.674322,0.504184,1014.905334
5,0.646407,0.491699,1264.411255
6,0.634236,0.486128,1514.071411
7,0.632300,0.483481,1763.645386
8,0.632600,0.482621,2013.122314
9,0.602077,0.491546,2262.752930
10,0.558504,0.501849,2512.299316
11,0.532894,0.508314,2761.943848
12,0.505502,0.507602,3011.409912
13,0.475605,0.511199,3260.982910
14,0.452805,0.510689,3510.496338
15,0.433074,0.491375,3760.072510
16,0.411274,0.471251,4009.644043
17,0.388575,0.466477,4259.255859
18,0.376875,0.463957,4508.749023
19,0.375294,0.462296,4758.369141
20,0.380063,0.460808,5007.962402
21,0.391475,0.445878,5274.109375
22,0.411296,0.397342,5507.006348
23,0.435885,0.359696,5756.578613
24,0.470098,0.359225,6006.242676
25,0.513634,0.343529,6255.712402
26,0.575264,0.320121,6505.372070
27,0.626323,0.314564,6754.920898
28,0.677578,0.334494,7004.437500
29,0.739732,0.401259,7254.008789
30,0.794849,0.479446,7503.560547
31,0.821028,0.497239,7753.186523
32,0.824220,0.520366,8002.724121
33,0.844757,0.529488,8252.211914
34,0.911779,0.531745,8501.798828
35,0.961338,0.534652,8751.372070
36,0.000409,0.535770,9000.902344
37,0.036075,0.532111,9250.517578
38,0.049739,0.522803,9500.055664
39,0.090595,0.517904,9766.351562
40,0.122594,0.527512,10015.826172
41,0.122311,0.532692,10265.381836
42,0.114710,0.533190,10514.964844
43,0.079022,0.538950,10764.526367
44,0.030181,0.539590,11014.049805
45,0.030511,0.526296,11263.656250
46,0.125336,0.499396,11513.279297
47,0.155975,0.492456,11762.786133
48,0.165751,0.493435,12012.348633
49,0.166869,0.489015,12261.897461
50,0.168302,0.486921,12511.468750
51,0.168982,0.489069,12760.992188
52,0.165123,0.491365,13010.687500
53,0.159258,0.494296,13260.161133
54,0.148836,0.496376,13509.708984
55,0.131216,0.498088,13759.288086
56,0.098583,0.505269,14008.867188
57,0.061319,0.509912,14258.419922
58,0.011475,0.515083,14507.967773
59,0.951742,0.522526,14757.532227
60,0.898233,0.519778,15007.068359
61,0.851718,0.513590,15256.672852
62,0.801858,0.508376,15506.193359
63,0.766036,0.501766,15755.899414
64,0.743867,0.495243,16005.352539
65,0.725077,0.493311,16254.923828
66,0.714630,0.492381,16504.476562
67,0.717066,0.494033,16754.080078
68,0.720232,0.496438,17003.648438
69,0.723026,0.498976,17253.144531
70,0.728561,0.502175,17502.724609
71,0.747878,0.511612,17752.302734
72,0.792009,0.525259,18001.882812
73,0.834900,0.519892,18251.417969
74,0.867183,0.518443,18501.011719
75,0.885629,0.522585,18750.560547
76,0.896107,0.526058,19000.134766
77,0.908038,0.528174,19266.310547
78,0.910331,0.531458,19515.904297
79,0.910417,0.540314,19765.458984
80,0.905666,0.595974,20015.048828
81,0.895210,0.686873,20264.570312
82,0.889460,0.757796,20514.150391
83,0.891161,0.790334,20763.792969
84,0.893785,0.805187,21013.250000
85,0.898322,0.828460,21262.832031
86,0.903559,0.839460,21512.388672
87,0.903383,0.837494,21762.052734
88,0.902393,0.833975,22011.513672
89,0.902433,0.831748,22261.128906
90,0.902001,0.829501,22510.642578
91,0.901695,0.827934,22760.216797
92,0.902014,0.824771,23009.859375
93,0.902263,0.809720,23259.361328
94,0.902894,0.777590,23508.880859
95,0.900810,0.727259,23758.451172
96,0.894753,0.671025,24008.076172
97,0.889009,0.623570,24257.648438
98,0.884755,0.588678,24507.187500
99,0.882182,0.566747,24756.765625
0,0.750144,0.471122,-0.001379
1,0.750099,0.471771,266.188751
2,0.750457,0.471524,515.859070
3,0.750042,0.443976,765.341553
4,0.748595,0.394351,1014.959656
5,0.751770,0.361168,1264.477417
6,0.751501,0.360668,1514.043335
7,0.741382,0.372646,1763.613281
8,0.729003,0.384767,2013.223755
9,0.722117,0.391658,2262.664307
10,0.709423,0.395270,2512.311035
11,0.674153,0.394554,2761.943359
12,0.643176,0.393251,3011.394043
13,0.630578,0.397237,3260.949219
14,0.625359,0.403491,3510.545654
15,0.622800,0.406915,3760.172607
16,0.621296,0.409901,4009.637207
17,0.609589,0.430000,4259.287109
18,0.589684,0.480399,4508.799316
19,0.589775,0.507268,4758.366699
20,0.671360,0.518832,5007.907715
21,0.778290,0.507193,5257.585449
22,0.826514,0.494567,5507.154297
23,0.850245,0.473456,5756.601074
24,0.875611,0.458127,6006.283203
25,0.904144,0.447320,6255.749023
26,0.945231,0.443632,6505.389160
27,0.981263,0.433267,6754.887695
28,0.992486,0.410429,7004.488281
29,0.001062,0.358837,7253.974609
30,0.029419,0.327550,7503.569336
31,0.073712,0.339948,7753.109863
32,0.108177,0.384070,8002.683594
33,0.131400,0.410525,8252.289062
34,0.166355,0.425260,8501.864258
35,0.192497,0.427000,8751.456055
36,0.206838,0.426903,9000.947266
37,0.217255,0.429903,9250.531250
38,0.252554,0.451240,9516.655273
39,0.283653,0.468149,9782.826172
40,0.293867,0.476610,10015.772461
41,0.294868,0.473508,10265.480469
42,0.290746,0.451249,10514.953125
43,0.291001,0.379583,10764.504883
44,0.298002,0.337940,11014.162109
45,0.282312,0.321467,11313.513672
46,0.167908,0.337027,11563.174805
47,0.988511,0.397944,11796.023438
48,0.849322,0.409071,12012.411133
49,0.711381,0.387763,12261.876953
50,0.574624,0.375505,12511.520508
51,0.496872,0.374275,12777.617188
52,0.442791,0.367802,13027.251953
53,0.419376,0.359826,13260.143555
54,0.394579,0.366014,13592.857422
55,0.382683,0.366751,13825.876953
56,0.374791,0.372345,14008.898438
57,0.365482,0.383178,14258.505859
58,0.356987,0.394286,14524.631836
59,0.350964,0.400698,14774.241211
60,0.340941,0.408406,15007.116211
61,0.335954,0.412697,15256.703125
62,0.337099,0.411112,15506.168945
63,0.338414,0.409465,15755.695312
64,0.339765,0.407277,16005.300781
65,0.343354,0.393905,16254.899414
66,0.349223,0.357355,16504.521484
67,0.353823,0.293883,16770.730469
68,0.360513,0.260697,17020.304688
69,0.368701,0.250770,17253.158203
70,0.400914,0.264095,17502.814453
71,0.424081,0.298650,17752.316406
72,0.430689,0.350843,18018.562500
73,0.410392,0.412600,18251.410156
74,0.377014,0.446703,18517.720703
75,0.372333,0.470444,18750.527344
76,0.371805,0.493594,19049.972656
77,0.401694,0.512185,19282.966797
78,0.487232,0.539980,19532.525391
79,0.557968,0.561590,19765.583984
80,0.606896,0.569177,20014.958984
81,0.622231,0.545996,20281.253906
82,0.632707,0.510925,20514.074219
83,0.637244,0.456085,20763.634766
84,0.636082,0.428045,21013.248047
85,0.647077,0.417798,21345.937500
86,0.682540,0.421347,21579.003906
87,0.727041,0.425397,21811.816406
88,0.775613,0.432966,22011.496094
89,0.812652,0.433563,22261.044922
90,0.853271,0.432854,22527.314453
91,0.887375,0.438717,22776.908203
92,0.909909,0.440670,23009.837891
93,0.921322,0.442003,23259.337891
94,0.910549,0.436320,23508.951172
95,0.893548,0.429615,23758.433594
96,0.870879,0.433873,24008.048828
97,0.850611,0.442659,24257.587891
98,0.832763,0.459958,24540.431641
99,0.816511,0.470317,24790.044922
0,0.749229,0.578554,-0.011495
1,0.749844,0.577395,266.242889
2,0.749494,0.566565,515.683411
3,0.739558,0.539570,765.301392
4,0.732588,0.510925,1014.844299
5,0.731494,0.460933,1264.366943
6,0.738763,0.406302,1513.976440
7,0.743579,0.397035,1763.621338
8,0.725998,0.425014,2013.103149
9,0.686815,0.453741,2262.626221
10,0.666205,0.466904,2512.306396
11,0.667750,0.468980,2761.803711
12,0.667821,0.467808,3011.361816
13,0.664221,0.465678,3260.991943
14,0.658386,0.460115,3510.516846
15,0.646429,0.454248,3760.087158
16,0.633389,0.450396,4009.622070
17,0.631141,0.440641,4259.261719
18,0.628853,0.427050,4508.716797
19,0.619858,0.423891,4758.335449
20,0.623892,0.418973,5007.858398
21,0.622153,0.416266,5257.520996
22,0.589105,0.421939,5506.987793
23,0.528005,0.449721,5756.514160
24,0.480354,0.472798,6006.213867
25,0.447438,0.482293,6255.649414
26,0.427930,0.463493,6505.248047
27,0.413021,0.407706,6754.797363
28,0.405548,0.392689,7004.435547
29,0.390422,0.416298,7253.933105
30,0.380947,0.448056,7503.503418
31,0.376046,0.467965,7753.152832
32,0.370029,0.466908,8002.641602
33,0.365964,0.474523,8252.162109
34,0.364510,0.477970,8501.739258
35,0.364225,0.479549,8751.358398
36,0.364305,0.479564,9000.955078
37,0.364396,0.477275,9250.416992
38,0.359420,0.465911,9500.033203
39,0.343132,0.427118,9766.253906
40,0.336561,0.420386,10015.762695
41,0.336794,0.423570,10265.346680
42,0.338084,0.428503,10514.916992
43,0.340289,0.430184,10764.514648
44,0.346547,0.432700,11014.045898
45,0.356579,0.435368,11263.560547
46,0.364434,0.441751,11513.181641
47,0.370511,0.453269,11762.789062
48,0.430486,0.472223,12012.341797
49,0.500063,0.487459,12261.840820
50,0.530233,0.497840,12511.501953
51,0.548038,0.501614,12760.945312
52,0.591811,0.509632,13010.539062
53,0.688593,0.503063,13260.100586
54,0.768690,0.501064,13509.696289
55,0.819171,0.489669,13759.296875
56,0.877912,0.462640,14008.811523
57,0.949593,0.442304,14258.412109
58,0.998214,0.455482,14507.908203
59,0.028349,0.470684,14757.453125
60,0.042545,0.483529,15007.020508
61,0.048154,0.484437,15256.705078
62,0.063692,0.480822,15506.245117
63,0.083335,0.462803,15755.727539
64,0.091400,0.469803,16005.343750
65,0.090233,0.471181,16254.884766
66,0.083092,0.460825,16504.412109
67,0.075247,0.446256,16754.054688
68,0.070341,0.446455,17003.585938
69,0.059011,0.450718,17253.138672
70,0.037161,0.450622,17502.656250
71,0.021547,0.455104,17752.271484
72,0.010607,0.464476,18001.830078
73,0.973911,0.463119,18251.355469
74,0.928971,0.456209,18501.011719
75,0.902517,0.461245,18750.585938
76,0.886745,0.468373,19000.142578
77,0.880526,0.481584,19266.273438
78,0.869323,0.492739,19515.810547
79,0.868509,0.496265,19765.439453
80,0.873297,0.502086,20014.980469
81,0.875578,0.504261,20264.523438
82,0.876653,0.504551,20514.160156
83,0.874082,0.507525,20763.738281
84,0.865854,0.508218,21013.279297
85,0.854702,0.510453,21262.763672
86,0.846587,0.516243,21512.349609
87,0.841563,0.519087,21761.884766
88,0.834608,0.518964,22011.445312
89,0.825764,0.522623,22261.091797
90,0.823570,0.522390,22510.685547
91,0.822881,0.521372,22760.224609
92,0.823264,0.523267,23009.763672
93,0.825890,0.529737,23259.402344
94,0.829371,0.535173,23508.943359
95,0.830074,0.535673,23758.431641
96,0.829993,0.533990,24007.992188
97,0.837760,0.530868,24257.626953
98,0.840271,0.528630,24507.150391
99,0.840635,0.528428,24756.642578
0,0.750036,0.537380,-0.011151
1,0.749965,0.537346,266.180176
2,0.749859,0.537253,515.856201
3,0.741326,0.533129,765.371521
4,0.711658,0.520899,1014.901489
5,0.687126,0.508570,1264.472900
6,0.665978,0.499723,1514.004883
7,0.644006,0.492052,1763.685303
8,0.627787,0.489813,2013.137817
9,0.621074,0.487572,2262.737305
10,0.620171,0.480283,2512.362061
11,0.620991,0.475565,2761.959473
12,0.620939,0.473209,3011.381592
13,0.621454,0.469341,3261.002930
14,0.622426,0.462216,3510.638916
15,0.620857,0.457551,3760.100586
16,0.609482,0.459973,4009.688477
17,0.592896,0.452589,4259.251465
18,0.592431,0.418241,4508.817871
19,0.599229,0.365599,4758.369141
20,0.612718,0.343299,5007.937012
21,0.642030,0.342258,5257.473633
22,0.688484,0.361536,5507.060059
23,0.718931,0.383205,5756.622070
24,0.739524,0.390499,6006.254395
25,0.754445,0.400882,6255.792480
26,0.762438,0.402645,6505.362305
27,0.779256,0.407865,6754.852539
28,0.798029,0.421115,7004.419434
29,0.803340,0.435540,7253.984375
30,0.802133,0.430885,7503.543945
31,0.804835,0.433643,7753.171387
32,0.808403,0.445259,8002.711426
33,0.810473,0.464491,8252.422852
34,0.806606,0.504858,8501.797852
35,0.803264,0.520674,8751.417969
36,0.809563,0.521557,9000.927734
37,0.834280,0.517699,9250.484375
38,0.864718,0.517143,9500.194336
39,0.891842,0.515501,9766.321289
40,0.913987,0.505419,10015.865234
41,0.926608,0.495363,10265.447266
42,0.931564,0.491813,10514.933594
43,0.941779,0.492845,10764.521484
44,0.946404,0.497310,11014.119141
45,0.954602,0.503948,11263.649414
46,0.972618,0.504960,11513.215820
47,0.992412,0.500933,11762.795898
48,0.994820,0.496551,12012.429688
49,0.998901,0.495760,12261.898438
50,0.007295,0.498705,12511.533203
51,0.014469,0.498719,12761.035156
52,0.021948,0.497848,13010.630859
53,0.029284,0.496186,13260.253906
54,0.033703,0.498742,13509.771484
55,0.037938,0.501823,13759.301758
56,0.052423,0.507504,14008.834961
57,0.068667,0.514920,14258.435547
58,0.093684,0.510261,14508.059570
59,0.123153,0.513122,14757.528320
60,0.144424,0.507078,15007.115234
61,0.168006,0.495301,15256.731445
62,0.190601,0.490938,15506.280273
63,0.192343,0.489306,15755.798828
64,0.186688,0.491787,16005.377930
65,0.174597,0.485007,16254.946289
66,0.163474,0.471528,16504.572266
67,0.154182,0.450415,16754.046875
68,0.145909,0.429971,17003.724609
69,0.140083,0.434007,17253.212891
70,0.124271,0.453942,17502.736328
71,0.094139,0.502234,17752.314453
72,0.076464,0.520531,18001.869141
73,0.061795,0.531906,18251.468750
74,0.047907,0.537782,18500.978516
75,0.037333,0.541076,18750.585938
76,0.020433,0.541053,19000.126953
77,0.997936,0.535361,19266.363281
78,0.965529,0.533623,19515.875000
79,0.912568,0.531444,19765.447266
80,0.851312,0.532075,20015.005859
81,0.817381,0.533077,20264.599609
82,0.789386,0.542112,20514.152344
83,0.727698,0.553486,20763.720703
84,0.621166,0.533523,21013.285156
85,0.521632,0.512800,21262.820312
86,0.479063,0.501786,21512.494141
87,0.460021,0.479594,21762.003906
88,0.439521,0.456599,22011.554688
89,0.416839,0.461244,22261.080078
90,0.403869,0.475355,22510.724609
91,0.402908,0.481138,22760.224609
92,0.397569,0.470339,23009.791016
93,0.392923,0.462164,23259.343750
94,0.382259,0.455762,23508.943359
95,0.371537,0.447421,23758.511719
96,0.360131,0.442843,24008.033203
97,0.349766,0.447544,24257.648438
98,0.349405,0.453838,24507.167969
99,0.356049,0.441761,24756.753906
0,0.749852,0.541211,0.014827
1,0.749834,0.540009,266.195892
2,0.750162,0.537341,515.819702
3,0.758156,0.531881,765.364685
4,0.784081,0.516844,1014.898743
5,0.796863,0.503665,1264.496460
6,0.800092,0.488919,1514.020874
7,0.798194,0.473045,1763.639771
8,0.825234,0.469305,2013.144531
9,0.854079,0.464700,2262.705566
10,0.805115,0.448134,2512.344238
11,0.725062,0.399212,2761.955811
12,0.708246,0.366069,3011.433105
13,0.693214,0.340491,3260.986084
14,0.658338,0.325486,3510.570801
15,0.603595,0.337754,3760.096191
16,0.562997,0.374912,4009.672607
17,0.555206,0.398813,4259.225586
18,0.580823,0.418789,4508.796875
19,0.609440,0.429082,4758.366211
20,0.617443,0.439679,5007.938477
21,0.616046,0.457496,5257.506836
22,0.585137,0.466172,5507.052734
23,0.520521,0.468962,5756.616211
24,0.484180,0.453482,6006.170410
25,0.488283,0.419916,6255.769043
26,0.484318,0.398420,6505.321289
27,0.452999,0.398509,6754.884766
28,0.412527,0.416151,7004.420898
29,0.400835,0.420677,7254.014648
30,0.395596,0.401411,7503.600586
31,0.380825,0.406644,7753.140625
32,0.361360,0.429267,8002.719238
33,0.355882,0.450437,8252.295898
34,0.358013,0.460365,8501.818359
35,0.360715,0.471638,8751.395508
36,0.367707,0.485252,9000.943359
37,0.380536,0.508849,9250.517578
38,0.409389,0.539135,9500.092773
39,0.458274,0.580852,9766.287109
40,0.539038,0.620733,10015.842773
41,0.632731,0.641944,10265.394531
42,0.723786,0.623296,10514.973633
43,0.781230,0.587122,10764.530273
44,0.825303,0.575098,11014.108398
45,0.846915,0.518399,11263.659180
46,0.865244,0.472196,11513.245117
47,0.885047,0.453601,11762.771484
48,0.923271,0.439553,12012.355469
49,0.957568,0.437881,12261.925781
50,0.973491,0.446880,12511.499023
51,0.984797,0.451979,12761.075195
52,0.999469,0.453854,13010.617188
53,0.015607,0.456103,13260.183594
54,0.031516,0.456977,13509.727539
55,0.049045,0.454556,13759.291016
56,0.070894,0.446753,14008.881836
57,0.101330,0.436436,14258.447266
58,0.110637,0.423838,14508.028320
59,0.114295,0.402338,14757.573242
60,0.129329,0.373318,15007.116211
61,0.153326,0.341460,15256.682617
62,0.184513,0.314515,15506.265625
63,0.197976,0.289060,15755.835938
64,0.210298,0.304724,16005.383789
65,0.223646,0.351237,16254.939453
66,0.222886,0.377623,16504.498047
67,0.216244,0.391041,16754.093750
68,0.200682,0.406955,17003.667969
69,0.205606,0.414983,17253.199219
70,0.228362,0.418971,17502.773438
71,0.249419,0.428941,17752.326172
72,0.271037,0.443779,18001.871094
73,0.286227,0.461536,18251.482422
74,0.282386,0.466398,18501.025391
75,0.257032,0.458744,18750.603516
76,0.231537,0.451280,19000.146484
77,0.208878,0.455194,19266.363281
78,0.195776,0.468921,19515.900391
79,0.167021,0.471297,19765.458984
80,0.132299,0.469766,20015.046875
81,0.098311,0.472011,20264.599609
82,0.071771,0.475389,20514.197266
83,0.055553,0.483076,20763.724609
84,0.038527,0.485784,21013.312500
85,0.024141,0.487367,21262.853516
86,0.019667,0.488955,21512.462891
87,0.018847,0.489582,21761.994141
88,0.009793,0.486454,22011.572266
89,0.991956,0.483259,22261.103516
90,0.973024,0.480397,22510.687500
91,0.954008,0.478689,22760.230469
92,0.939895,0.479420,23009.798828
93,0.922378,0.479362,23259.359375
94,0.886856,0.479770,23508.947266
95,0.861309,0.484751,23758.488281
96,0.849333,0.488532,24008.062500
97,0.838955,0.490953,24257.644531
98,0.832783,0.492929,24507.185547
99,0.825552,0.490014,24756.751953
0,0.750126,0.518226,0.015048
1,0.750484,0.519551,266.213135
2,0.750270,0.519973,515.730774
3,0.750831,0.520078,765.342896
4,0.759784,0.518604,1014.923279
5,0.780289,0.519760,1264.456787
6,0.802239,0.524566,1514.018799
7,0.819109,0.531248,1763.675415
8,0.823860,0.524997,2013.154663
9,0.823808,0.502610,2262.695557
10,0.821024,0.474049,2512.327637
11,0.807817,0.435637,2761.874512
12,0.801729,0.391773,3011.438232
13,0.799881,0.345515,3260.939453
14,0.799815,0.309571,3510.584717
15,0.814245,0.336815,3760.120361
16,0.834831,0.387341,4009.647949
17,0.842401,0.424507,4259.288086
18,0.856164,0.455752,4508.795898
19,0.869091,0.479057,4758.413574
20,0.862163,0.496455,5007.890625
21,0.845644,0.504733,5257.503906
22,0.834222,0.504222,5507.021973
23,0.851569,0.510949,5756.627930
24,0.901067,0.517394,6006.270020
25,0.955969,0.515834,6255.816895
26,0.993911,0.511805,6505.312012
27,0.025915,0.510483,6754.830078
28,0.057434,0.502398,7004.432617
29,0.081899,0.491815,7253.979980
30,0.099564,0.477544,7503.533691
31,0.129910,0.488887,7753.101562
32,0.161971,0.504758,8002.694336
33,0.171910,0.507227,8252.224609
34,0.148831,0.504532,8501.824219
35,0.096382,0.499458,8751.347656
36,0.051229,0.504646,9000.924805
37,0.034303,0.500001,9250.490234
38,0.035352,0.485400,9500.049805
39,0.048405,0.480024,9766.246094
40,0.050817,0.481699,10015.832031
41,0.030426,0.485720,10265.384766
42,0.972562,0.490373,10514.957031
43,0.907812,0.489950,10764.500977
44,0.854788,0.492031,11014.085938
45,0.808802,0.497596,11263.656250
46,0.762882,0.491511,11513.194336
47,0.725600,0.486858,11762.757812
48,0.687155,0.486485,12012.337891
49,0.642893,0.480817,12261.883789
50,0.614935,0.476948,12511.456055
51,0.607117,0.478931,12761.034180
52,0.588310,0.476960,13010.603516
53,0.576293,0.471209,13260.175781
54,0.604961,0.456866,13509.719727
55,0.617321,0.450303,13759.267578
56,0.609328,0.444554,14008.833008
57,0.561421,0.440809,14258.414062
58,0.509926,0.446388,14507.987305
59,0.465257,0.449381,14757.557617
60,0.439171,0.450084,15007.103516
61,0.418657,0.438386,15256.657227
62,0.397907,0.434216,15506.270508
63,0.374126,0.437539,15755.874023
64,0.355368,0.440560,16005.341797
65,0.340302,0.449323,16254.955078
66,0.330610,0.463060,16504.462891
67,0.331606,0.468090,16754.052734
68,0.336907,0.468814,17003.607422
69,0.341327,0.474133,17253.207031
70,0.342215,0.477585,17502.730469
71,0.341883,0.476883,17752.292969
72,0.342577,0.476328,18001.851562
73,0.344856,0.470204,18251.410156
74,0.349187,0.452365,18501.003906
75,0.358778,0.436571,18750.552734
76,0.375985,0.407415,19000.123047
77,0.385068,0.388979,19266.308594
78,0.392494,0.384948,19515.882812
79,0.417883,0.402660,19765.431641
80,0.462470,0.422179,20015.050781
81,0.487147,0.439275,20264.574219
82,0.493139,0.456024,20514.150391
83,0.493542,0.480071,20763.693359
84,0.502027,0.502654,21013.296875
85,0.509636,0.515847,21262.826172
86,0.523025,0.524596,21512.396484
87,0.553348,0.536546,21761.970703
88,0.605986,0.540826,22011.523438
89,0.662381,0.531252,22261.119141
90,0.681065,0.517620,22510.662109
91,0.688860,0.511417,22760.208984
92,0.696843,0.509682,23009.779297
93,0.708079,0.500845,23259.326172
94,0.723744,0.483942,23508.900391
95,0.741659,0.475610,23758.472656
96,0.749441,0.474813,24008.052734
97,0.744295,0.475575,24257.611328
98,0.745254,0.476884,24507.195312
99,0.755632,0.480671,24756.734375
0,0.751532,0.642873,-0.000160
1,0.754533,0.622748,266.261566
2,0.751632,0.610464,515.871033
3,0.752762,0.598077,765.346436
4,0.782879,0.574629,1014.901917
5,0.807463,0.553845,1264.477417
6,0.827380,0.543987,1514.049927
7,0.857164,0.542120,1763.595459
8,0.879438,0.539080,2013.218628
9,0.905361,0.542260,2262.752686
10,0.937296,0.538567,2512.276367
11,0.964972,0.530564,2761.864502
12,0.971082,0.526197,3011.417969
13,0.954899,0.532383,3260.994385
14,0.934853,0.532302,3510.545410
15,0.927895,0.524061,3760.134766
16,0.929005,0.519872,4009.688477
17,0.918719,0.530899,4259.198242
18,0.897944,0.546965,4508.842285
19,0.864992,0.541554,4758.331543
20,0.832748,0.544601,5007.927246
21,0.799299,0.543234,5257.506836
22,0.760514,0.537302,5507.068359
23,0.728925,0.531370,5756.643066
24,0.695105,0.529116,6006.139648
25,0.672811,0.529181,6255.826660
26,0.649201,0.530999,6505.321289
27,0.614732,0.528900,6754.872070
28,0.580837,0.525399,7004.433594
29,0.553345,0.520563,7253.998047
30,0.549335,0.522917,7503.593262
31,0.581205,0.533607,7753.085449
32,0.606006,0.530876,8002.750000
33,0.608604,0.530279,8252.237305
34,0.573019,0.522275,8501.839844
35,0.512217,0.520557,8751.404297
36,0.482235,0.564228,9000.973633
37,0.463334,0.637880,9250.576172
38,0.443320,0.720705,9500.059570
39,0.423604,0.776108,9766.266602
40,0.398977,0.802577,10015.911133
41,0.385293,0.809926,10265.431641
42,0.378268,0.763469,10514.973633
43,0.371248,0.661750,10764.507812
44,0.357191,0.596018,11014.112305
45,0.356673,0.549703,11263.623047
46,0.378387,0.510006,11513.220703
47,0.371509,0.472642,11762.817383
48,0.332842,0.454366,12012.386719
49,0.291945,0.442229,12261.913086
50,0.255974,0.464465,12511.458008
51,0.234028,0.492868,12761.012695
52,0.232130,0.512024,13010.580078
53,0.244863,0.521316,13260.151367
54,0.252924,0.528549,13509.699219
55,0.244414,0.533448,13759.368164
56,0.221712,0.533550,14008.887695
57,0.198340,0.539212,14258.416992
58,0.192717,0.542460,14508.034180
59,0.225360,0.532821,14757.542969
60,0.273606,0.531198,15007.089844
61,0.312237,0.543449,15256.711914
62,0.340643,0.550756,15506.309570
63,0.362233,0.552648,15755.775391
64,0.382198,0.553927,16005.357422
65,0.402092,0.554999,16254.934570
66,0.424055,0.552384,16504.505859
67,0.446374,0.548382,16770.675781
68,0.466068,0.541185,17003.667969
69,0.487286,0.530560,17253.218750
70,0.506204,0.522840,17502.728516
71,0.533430,0.512266,17752.283203
72,0.567306,0.496370,18001.894531
73,0.608259,0.466670,18251.457031
74,0.639123,0.426842,18501.003906
75,0.665917,0.385710,18750.615234
76,0.701784,0.350177,19000.158203
77,0.754990,0.310036,19266.433594
78,0.805073,0.270856,19515.896484
79,0.846091,0.270435,19765.455078
80,0.871858,0.305137,20015.011719
81,0.880576,0.377399,20264.593750
82,0.873532,0.448977,20514.136719
83,0.871107,0.508405,20763.748047
84,0.883178,0.535187,21013.289062
85,0.868780,0.544720,21262.914062
86,0.834050,0.556901,21512.414062
87,0.820235,0.561701,21761.986328
88,0.805308,0.563469,22011.554688
89,0.801539,0.563385,22261.078125
90,0.840406,0.560160,22510.685547
91,0.901084,0.551336,22760.257812
92,0.942276,0.539478,23009.863281
93,0.972924,0.533941,23259.351562
94,0.993739,0.537909,23508.914062
95,0.015827,0.547067,23758.494141
96,0.044285,0.558614,24008.027344
97,0.069795,0.564170,24257.707031
98,0.093193,0.567579,24507.156250
99,0.105678,0.567890,24756.765625
0,0.750069,0.455387,-0.045698
1,0.749990,0.455707,266.226562
2,0.750028,0.455214,515.660950
3,0.750612,0.454386,765.276550
4,0.751531,0.453645,1014.803650
5,0.753204,0.453824,1264.474121
6,0.752178,0.462914,1514.019043
7,0.739998,0.483859,1763.498291
8,0.727515,0.494125,2013.063110
9,0.674277,0.497523,2279.328857
10,0.645459,0.491547,2512.233643
11,0.638997,0.490659,2761.791016
12,0.636086,0.489076,3011.351807
13,0.633546,0.485704,3260.906250
14,0.625921,0.483444,3510.468262
15,0.617701,0.482993,3760.014648
16,0.609603,0.482888,4009.579834
17,0.597205,0.482254,4259.123047
18,0.580094,0.481959,4508.790527
19,0.567151,0.480725,4758.295898
20,0.553783,0.478645,5007.882324
21,0.537678,0.476576,5257.404297
22,0.520730,0.474520,5506.970215
23,0.504791,0.473743,5756.538086
24,0.489756,0.473719,6006.072266
25,0.470674,0.472129,6255.724121
26,0.431941,0.475225,6505.225098
27,0.394694,0.483754,6754.849121
28,0.380319,0.493188,7004.334473
29,0.378525,0.503427,7253.962402
30,0.377649,0.506347,7503.483887
31,0.378418,0.507087,7753.022461
32,0.381492,0.505908,8002.666504
33,0.383124,0.505761,8252.139648
34,0.384823,0.506655,8501.767578
35,0.401469,0.495399,8751.284180
36,0.436738,0.476074,9000.944336
37,0.489334,0.466754,9250.488281
38,0.550008,0.459383,9516.631836
39,0.607155,0.446402,9766.161133
40,0.693306,0.433282,10015.789062
41,0.761229,0.435955,10265.315430
42,0.818472,0.441791,10514.911133
43,0.900525,0.438907,10764.424805
44,0.027318,0.456669,11014.087891
45,0.083255,0.502229,11263.558594
46,0.094917,0.513318,11513.147461
47,0.084677,0.512697,11762.767578
48,0.079988,0.526809,12012.291016
49,0.076332,0.529885,12261.864258
50,0.069244,0.523715,12511.373047
51,0.060934,0.522342,12761.004883
52,0.030629,0.520178,13010.592773
53,0.995013,0.510845,13260.057617
54,0.983443,0.509114,13509.660156
55,0.973108,0.501254,13759.267578
56,0.966054,0.495307,14008.798828
57,0.962260,0.493983,14258.309570
58,0.960809,0.493795,14507.936523
59,0.953857,0.490785,14757.460938
60,0.943265,0.487416,15007.029297
61,0.942397,0.487867,15256.619141
62,0.948089,0.487652,15506.192383
63,0.964739,0.484927,15755.743164
64,0.006166,0.489567,16005.264648
65,0.023577,0.560905,16254.864258
66,0.955752,0.702131,16504.394531
67,0.870801,0.795238,16754.001953
68,0.852205,0.794982,17003.531250
69,0.828324,0.736487,17253.095703
70,0.804737,0.653876,17502.660156
71,0.802618,0.593314,17752.222656
72,0.814712,0.570724,18001.773438
73,0.827487,0.554901,18251.371094
74,0.844489,0.543604,18500.929688
75,0.878175,0.524489,18750.480469
76,0.017532,0.469856,19000.056641
77,0.074255,0.480325,19266.259766
78,0.083710,0.505670,19515.796875
79,0.085705,0.511040,19765.369141
80,0.085293,0.512019,20014.933594
81,0.091038,0.515055,20264.521484
82,0.116570,0.527345,20514.070312
83,0.145231,0.531581,20763.617188
84,0.157116,0.528452,21013.181641
85,0.157201,0.524806,21262.744141
86,0.157927,0.526425,21512.328125
87,0.162859,0.526924,21761.894531
88,0.159172,0.519696,22011.476562
89,0.151059,0.513281,22260.998047
90,0.138796,0.499380,22510.568359
91,0.120365,0.476647,22760.134766
92,0.093194,0.457602,23009.703125
93,0.061661,0.446512,23259.259766
94,0.027263,0.426343,23508.824219
95,0.004739,0.411974,23758.378906
96,0.997483,0.395411,24007.972656
97,0.996055,0.398512,24257.529297
98,0.991756,0.412033,24507.119141
99,0.982986,0.421138,24756.685547
0,0.750283,0.469037,0.000564
1,0.750323,0.470562,266.216522
2,0.748778,0.471923,515.800781
3,0.742843,0.476951,765.361816
4,0.741663,0.479903,1014.921143
5,0.763440,0.480594,1264.524170
6,0.791318,0.474041,1514.085449
7,0.813822,0.453795,1763.613403
8,0.821591,0.425093,2013.180664
9,0.796306,0.409118,2262.788086
10,0.770534,0.380835,2512.279297
11,0.757630,0.364498,2761.828613
12,0.735734,0.369992,3011.415527
13,0.708478,0.398237,3261.003662
14,0.667825,0.424541,3510.567383
15,0.604553,0.443123,3760.135010
16,0.561459,0.444920,4009.705322
17,0.546054,0.456740,4259.273438
18,0.559399,0.451879,4508.787109
19,0.557029,0.456752,4758.402344
20,0.543542,0.453672,5007.958496
21,0.538119,0.456446,5257.484375
22,0.493141,0.461973,5507.048340
23,0.458841,0.455976,5756.594238
24,0.447684,0.441863,6006.186035
25,0.435841,0.435477,6255.754395
26,0.429170,0.435130,6505.318848
27,0.433496,0.432573,6754.857910
28,0.434784,0.433022,7021.074219
29,0.449079,0.447911,7253.978027
30,0.476905,0.465778,7503.544434
31,0.480723,0.480542,7753.110840
32,0.469902,0.492018,8002.698730
33,0.458726,0.492147,8252.250000
34,0.426977,0.488670,8501.791992
35,0.366558,0.490042,8751.369141
36,0.341516,0.480525,9000.939453
37,0.320385,0.470782,9250.495117
38,0.298714,0.444386,9500.059570
39,0.287448,0.424961,9766.249023
40,0.282264,0.409364,10015.845703
41,0.282644,0.389082,10265.418945
42,0.285660,0.369642,10514.961914
43,0.293982,0.370085,10764.508789
44,0.305442,0.378035,11014.086914
45,0.315637,0.387073,11263.664062
46,0.322589,0.403458,11513.198242
47,0.337549,0.433886,11762.796875
48,0.368971,0.458502,12012.335938
49,0.413248,0.471689,12261.909180
50,0.449155,0.476831,12511.477539
51,0.487162,0.489434,12761.038086
52,0.540834,0.503979,13010.581055
53,0.580348,0.513694,13260.146484
54,0.608291,0.509144,13509.739258
55,0.647715,0.518752,13759.288086
56,0.691230,0.513582,14008.847656
57,0.728141,0.510287,14258.437500
58,0.766470,0.513385,14507.996094
59,0.814521,0.511187,14757.544922
60,0.848989,0.513039,15007.093750
61,0.876699,0.516173,15256.666016
62,0.901049,0.519463,15506.225586
63,0.921707,0.515035,15755.797852
64,0.938772,0.510512,16005.368164
65,0.952311,0.508639,16254.927734
66,0.971763,0.507537,16504.490234
67,0.989005,0.514120,16754.070312
68,0.007806,0.521583,17003.634766
69,0.024901,0.516106,17253.193359
70,0.026644,0.514307,17502.751953
71,0.028990,0.510495,17752.318359
72,0.063438,0.502054,18001.880859
73,0.098437,0.474042,18251.439453
74,0.119072,0.472741,18501.009766
75,0.140073,0.472546,18750.562500
76,0.164649,0.463078,19000.154297
77,0.182494,0.459148,19266.320312
78,0.201903,0.459575,19515.908203
79,0.220909,0.464583,19765.466797
80,0.244674,0.474105,20015.017578
81,0.260050,0.479016,20264.601562
82,0.250131,0.442255,20514.138672
83,0.219241,0.392975,20763.703125
84,0.185419,0.338382,21013.279297
85,0.174890,0.311955,21262.826172
86,0.162871,0.299933,21512.402344
87,0.121685,0.313300,21761.974609
88,0.077705,0.355102,22011.527344
89,0.034812,0.401269,22261.101562
90,0.983672,0.436324,22510.654297
91,0.932390,0.459471,22760.226562
92,0.885332,0.472676,23009.775391
93,0.853755,0.480279,23259.357422
94,0.835633,0.478460,23508.908203
95,0.821175,0.475308,23758.478516
96,0.800150,0.478123,24008.042969
97,0.787792,0.483553,24257.605469
98,0.786954,0.487125,24507.179688
99,0.783921,0.478479,24756.718750
0,0.743966,0.499982,-0.029345
1,0.745967,0.497260,266.205109
2,0.746882,0.479930,515.834778
3,0.744073,0.461176,765.365051
4,0.736808,0.453923,1014.846375
5,0.718319,0.450105,1264.431152
6,0.691144,0.442987,1513.985229
7,0.681486,0.437421,1763.550415
8,0.684280,0.437757,2013.101196
9,0.683064,0.437195,2262.726074
10,0.665953,0.434190,2512.295166
11,0.644387,0.434245,2761.784912
12,0.632597,0.436071,3011.436768
13,0.630662,0.430223,3260.948486
14,0.626302,0.437471,3510.496094
15,0.619940,0.437383,3760.070557
16,0.611070,0.438664,4009.695557
17,0.591284,0.445078,4259.186523
18,0.556288,0.450965,4508.741699
19,0.522498,0.452678,4758.373047
20,0.498425,0.444743,5007.909180
21,0.480350,0.437711,5257.464844
22,0.461678,0.439568,5507.038086
23,0.449372,0.436932,5756.665527
24,0.448875,0.437325,6006.141602
25,0.450398,0.436461,6255.701660
26,0.462867,0.435918,6505.261719
27,0.477011,0.439645,6754.826660
28,0.487722,0.444577,7004.410645
29,0.492359,0.444784,7253.968750
30,0.488336,0.442131,7503.526367
31,0.480459,0.441711,7753.086914
32,0.471201,0.442743,8002.638672
33,0.460685,0.442319,8252.207031
34,0.446965,0.440494,8501.778320
35,0.426569,0.431623,8751.345703
36,0.404038,0.414017,9000.895508
37,0.390328,0.384750,9250.482422
38,0.380512,0.364957,9500.018555
39,0.372357,0.348863,9766.249023
40,0.368941,0.340462,10015.806641
41,0.367625,0.334343,10265.345703
42,0.362404,0.330666,10514.935547
43,0.356218,0.327039,10764.506836
44,0.352287,0.328344,11014.073242
45,0.351026,0.328566,11263.624023
46,0.341246,0.322998,11513.190430
47,0.303108,0.304728,11762.747070
48,0.272356,0.296017,12012.293945
49,0.246125,0.299933,12261.888672
50,0.223558,0.305892,12511.445312
51,0.198274,0.316958,12760.985352
52,0.180376,0.319958,13010.549805
53,0.169021,0.317716,13260.149414
54,0.152764,0.318920,13509.714844
55,0.107653,0.353823,13759.259766
56,0.088726,0.376438,14008.832031
57,0.081297,0.412142,14258.398438
58,0.082495,0.437151,14507.932617
59,0.090818,0.455049,14757.500000
60,0.107168,0.461013,15007.062500
61,0.125144,0.462880,15256.668945
62,0.139631,0.471861,15506.197266
63,0.154186,0.465969,15755.761719
64,0.165339,0.467746,16005.327148
65,0.178456,0.456587,16254.887695
66,0.210644,0.436701,16504.447266
67,0.238600,0.430479,16754.021484
68,0.253197,0.429449,17003.574219
69,0.260232,0.433954,17253.138672
70,0.265486,0.437868,17502.697266
71,0.280337,0.436522,17752.294922
72,0.311860,0.434120,18001.837891
73,0.367785,0.399706,18251.390625
74,0.430595,0.374397,18500.964844
75,0.468780,0.368730,18750.519531
76,0.488546,0.375019,19000.082031
77,0.505378,0.384676,19266.294922
78,0.526787,0.388604,19515.845703
79,0.543062,0.391443,19765.421875
80,0.567426,0.385831,20014.984375
81,0.583848,0.384645,20264.539062
82,0.597000,0.383157,20514.105469
83,0.612373,0.373532,20763.691406
84,0.630267,0.363634,21013.224609
85,0.649543,0.348251,21262.804688
86,0.669508,0.336283,21512.371094
87,0.690971,0.342420,21761.933594
88,0.720282,0.350085,22011.501953
89,0.753924,0.372613,22261.058594
90,0.784255,0.404760,22510.646484
91,0.805331,0.419912,22760.171875
92,0.823460,0.423293,23009.736328
93,0.838466,0.429184,23259.333984
94,0.860305,0.430543,23508.894531
95,0.893897,0.441338,23758.457031
96,0.931519,0.448208,24008.001953
97,0.968933,0.465851,24257.583984
98,0.998249,0.483123,24507.119141
99,0.018454,0.486562,24756.710938
0,0.749932,0.554463,0.014693
1,0.749744,0.554901,266.283447
2,0.749829,0.555853,515.780029
3,0.750573,0.558493,765.314392
4,0.753527,0.562576,1014.906250
5,0.759669,0.561714,1264.542969
6,0.771598,0.548573,1514.034546
7,0.796958,0.535208,1763.566895
8,0.842221,0.507887,2013.121826
9,0.887530,0.474859,2262.722168
10,0.927248,0.457868,2512.245850
11,0.972118,0.439732,2761.910645
12,0.007363,0.432616,3011.499756
13,0.015972,0.438054,3260.990723
14,0.004785,0.442801,3510.558838
15,0.991181,0.443232,3760.157471
16,0.976111,0.448368,4009.686523
17,0.944731,0.456713,4259.194336
18,0.902087,0.467662,4508.820801
19,0.863574,0.476532,4758.323242
20,0.827485,0.483004,5008.024902
21,0.805598,0.491326,5257.440918
22,0.791192,0.495383,5507.113281
23,0.778666,0.499564,5756.627441
24,0.764374,0.503515,6006.189453
25,0.718561,0.478002,6255.765137
26,0.702105,0.435338,6505.298828
27,0.697452,0.351017,6754.881836
28,0.690732,0.331570,7004.396484
29,0.650588,0.345243,7254.087402
30,0.622406,0.378674,7503.534668
31,0.629860,0.405306,7753.103027
32,0.647577,0.426326,8002.701660
33,0.649602,0.437565,8252.293945
34,0.647019,0.453389,8501.895508
35,0.639945,0.464470,8751.346680
36,0.629572,0.473128,9001.010742
37,0.609586,0.471299,9250.483398
38,0.573373,0.452051,9500.050781
39,0.533562,0.426090,9766.245117
40,0.490439,0.397832,10015.872070
41,0.451081,0.392839,10265.466797
42,0.432056,0.408931,10514.997070
43,0.410775,0.417895,10764.502930
44,0.393315,0.427432,11014.124023
45,0.382972,0.417728,11263.626953
46,0.379130,0.394296,11513.242188
47,0.379231,0.367508,11762.756836
48,0.377430,0.354492,12012.375977
49,0.380522,0.321777,12261.891602
50,0.382867,0.310210,12511.453125
51,0.384678,0.304651,12761.102539
52,0.381148,0.306337,13010.627930
53,0.373923,0.306594,13260.224609
54,0.359899,0.304582,13509.691406
55,0.335950,0.300758,13759.350586
56,0.315310,0.294844,14008.849609
57,0.285535,0.282916,14258.441406
58,0.237575,0.295133,14507.958984
59,0.201744,0.353369,14757.619141
60,0.194143,0.403045,15007.158203
61,0.201557,0.426517,15256.655273
62,0.211626,0.437788,15506.294922
63,0.210974,0.451195,15755.859375
64,0.193790,0.473209,16005.354492
65,0.181578,0.488946,16254.966797
66,0.158735,0.482333,16504.578125
67,0.117714,0.469270,16754.089844
68,0.098759,0.476769,17003.652344
69,0.105802,0.477408,17253.201172
70,0.138964,0.459815,17502.779297
71,0.190072,0.439470,17752.296875
72,0.236156,0.430757,18001.839844
73,0.266758,0.431749,18251.466797
74,0.286926,0.423298,18500.998047
75,0.295906,0.415526,18750.642578
76,0.299451,0.393963,19000.095703
77,0.295798,0.359169,19266.361328
78,0.290726,0.327277,19515.888672
79,0.281769,0.306937,19765.435547
80,0.292315,0.297907,20015.058594
81,0.323303,0.312940,20264.673828
82,0.358609,0.359738,20514.130859
83,0.384202,0.395709,20763.748047
84,0.426727,0.431307,21013.292969
85,0.456437,0.454524,21262.847656
86,0.477421,0.465969,21512.396484
87,0.500578,0.468082,21761.960938
88,0.525935,0.463038,22011.541016
89,0.554498,0.453332,22261.072266
90,0.580158,0.465667,22510.634766
91,0.598526,0.470080,22760.214844
92,0.621600,0.475642,23009.769531
93,0.644654,0.471954,23259.390625
94,0.662077,0.467046,23508.912109
95,0.681569,0.467637,23758.490234
96,0.723247,0.476848,24008.025391
97,0.752237,0.483304,24257.597656
98,0.774208,0.494843,24507.140625
99,0.791997,0.502656,24756.761719
0,0.749982,0.596880,0.030752
1,0.750365,0.596660,266.239990
2,0.750127,0.596141,515.794312
3,0.748851,0.596377,765.413147
4,0.745859,0.595589,1014.958679
5,0.712941,0.575902,1264.461914
6,0.681553,0.556941,1514.069946
7,0.660835,0.543302,1763.576172
8,0.633526,0.534008,2013.238647
9,0.621038,0.533275,2262.712891
10,0.631800,0.531114,2512.364258
11,0.685238,0.539351,2761.869629
12,0.765728,0.554592,3011.507568
13,0.822888,0.547693,3261.053467
14,0.865314,0.534345,3510.538330
15,0.905170,0.521672,3760.158203
16,0.947087,0.522901,4009.661621
17,0.985818,0.529193,4259.229492
18,0.017698,0.530207,4508.822266
19,0.053340,0.530263,4758.456055
20,0.087286,0.525117,5007.957031
21,0.109827,0.519939,5257.511719
22,0.120537,0.509788,5507.083008
23,0.126090,0.504270,5756.632324
24,0.134158,0.504515,6006.201660
25,0.130879,0.505407,6255.784668
26,0.133824,0.500036,6505.311035
27,0.150839,0.492459,6754.857422
28,0.169477,0.494299,7004.437500
29,0.189306,0.516839,7254.081055
30,0.197478,0.533726,7503.657715
31,0.196378,0.536147,7753.157227
32,0.194803,0.537928,8002.710449
33,0.193410,0.536913,8252.271484
34,0.186828,0.532152,8501.820312
35,0.132073,0.526996,8751.381836
36,0.024828,0.556259,9001.012695
37,0.956134,0.568919,9250.616211
38,0.940436,0.577513,9500.110352
39,0.930325,0.571151,9766.389648
40,0.923820,0.557881,10015.851562
41,0.922097,0.552243,10265.433594
42,0.926294,0.554289,10514.972656
43,0.947752,0.549647,10764.524414
44,0.983460,0.532438,11014.133789
45,0.017139,0.505182,11263.733398
46,0.010653,0.500756,11513.264648
47,0.976361,0.507639,11762.811523
48,0.916928,0.522568,12012.389648
49,0.852689,0.529365,12261.916016
50,0.796867,0.530659,12511.472656
51,0.753986,0.522856,12761.043945
52,0.731990,0.523146,13010.660156
53,0.722101,0.533966,13260.167969
54,0.705552,0.537997,13509.750000
55,0.681409,0.538003,13759.342773
56,0.630003,0.530988,14008.894531
57,0.569669,0.520770,14258.446289
58,0.547478,0.526998,14508.056641
59,0.538981,0.540028,14757.541992
60,0.543769,0.535879,15007.150391
61,0.578422,0.499959,15256.681641
62,0.629899,0.449863,15506.238281
63,0.658408,0.428390,15755.834961
64,0.658645,0.432184,16005.363281
65,0.657436,0.440325,16254.962891
66,0.672564,0.483484,16504.546875
67,0.703354,0.521095,16754.105469
68,0.723870,0.528921,17003.628906
69,0.745464,0.536728,17253.181641
70,0.764897,0.538938,17502.826172
71,0.785949,0.543573,17752.318359
72,0.803862,0.544970,18001.919922
73,0.815322,0.544907,18251.494141
74,0.823820,0.543521,18501.074219
75,0.827822,0.543886,18750.576172
76,0.829758,0.544994,19000.236328
77,0.830507,0.546339,19266.382812
78,0.838750,0.533039,19515.923828
79,0.853419,0.518393,19765.457031
80,0.861064,0.513659,20015.121094
81,0.858261,0.519510,20264.638672
82,0.849929,0.521225,20514.207031
83,0.846144,0.526404,20763.718750
84,0.841022,0.525231,21013.333984
85,0.837073,0.521917,21262.876953
86,0.828686,0.521376,21512.433594
87,0.823866,0.522737,21762.039062
88,0.826346,0.527061,22011.603516
89,0.829844,0.533194,22261.173828
90,0.830719,0.535541,22510.697266
91,0.831615,0.534328,22760.275391
92,0.831441,0.534771,23009.812500
93,0.831697,0.535473,23259.353516
94,0.831727,0.535894,23508.941406
95,0.831936,0.535843,23758.488281
96,0.832239,0.536070,24008.062500
97,0.832327,0.535950,24257.619141
98,0.832271,0.536243,24507.265625
99,0.832260,0.536316,24756.837891
0,0.707470,0.505847,-0.002577
1,0.687595,0.514165,266.172058
2,0.699108,0.514388,515.826965
3,0.734257,0.492450,765.315308
4,0.768257,0.476021,1015.062866
5,0.804084,0.478656,1264.524170
6,0.831144,0.471966,1514.027466
7,0.856412,0.465960,1763.575439
8,0.865630,0.468593,2013.110962
9,0.887858,0.470456,2262.704102
10,0.926946,0.475127,2512.246094
11,0.931621,0.474602,2761.807373
12,0.931825,0.472883,3011.475098
13,0.928511,0.443744,3261.031250
14,0.899014,0.390816,3510.587891
15,0.816532,0.332305,3760.087646
16,0.744999,0.312519,4009.673340
17,0.697581,0.337216,4259.213867
18,0.640379,0.403975,4508.769043
19,0.601082,0.442443,4758.355469
20,0.584306,0.453971,5007.957031
21,0.568378,0.453695,5257.461426
22,0.546188,0.458591,5507.010742
23,0.495795,0.472901,5756.616211
24,0.448472,0.475506,6006.220703
25,0.409523,0.469862,6255.724609
26,0.367685,0.464527,6505.342773
27,0.306024,0.461625,6754.814941
28,0.246110,0.453135,7004.425781
29,0.225273,0.444806,7253.958496
30,0.214222,0.441978,7503.544434
31,0.186904,0.435287,7753.123535
32,0.159017,0.448753,8002.675781
33,0.131600,0.455316,8252.233398
34,0.083566,0.472397,8501.849609
35,0.059027,0.472028,8751.386719
36,0.065406,0.456116,9000.906250
37,0.074028,0.446375,9250.471680
38,0.074299,0.440818,9500.042969
39,0.079676,0.441587,9766.359375
40,0.080228,0.448712,10015.814453
41,0.060526,0.454619,10265.387695
42,0.028082,0.464272,10514.995117
43,0.029974,0.463480,10764.521484
44,0.037961,0.459821,11014.044922
45,0.056999,0.454836,11263.695312
46,0.113742,0.446847,11513.206055
47,0.157863,0.448893,11762.770508
48,0.178523,0.447790,12012.392578
49,0.208385,0.441287,12261.920898
50,0.229355,0.437312,12511.452148
51,0.255914,0.434053,12761.017578
52,0.294838,0.430011,13010.665039
53,0.307908,0.434561,13260.133789
54,0.312325,0.433968,13509.732422
55,0.311965,0.433625,13759.252930
56,0.308124,0.428972,14008.857422
57,0.305149,0.429433,14258.377930
58,0.326903,0.439561,14507.960938
59,0.365735,0.464303,14757.517578
60,0.398610,0.476689,15007.129883
61,0.427521,0.479688,15256.670898
62,0.452816,0.477605,15506.207031
63,0.478945,0.485100,15755.793945
64,0.502415,0.494851,16005.342773
65,0.535498,0.502581,16254.937500
66,0.562868,0.500926,16504.470703
67,0.583796,0.496919,16754.058594
68,0.600516,0.498191,17003.615234
69,0.618180,0.499621,17253.169922
70,0.633918,0.502601,17502.804688
71,0.640889,0.503551,17752.291016
72,0.641918,0.497309,18001.837891
73,0.634229,0.460783,18251.392578
74,0.625595,0.430824,18501.046875
75,0.626874,0.428362,18750.539062
76,0.635775,0.422485,19000.093750
77,0.662929,0.398223,19266.330078
78,0.684617,0.396744,19515.884766
79,0.701955,0.410640,19765.427734
80,0.716786,0.426941,20014.998047
81,0.733505,0.453427,20264.605469
82,0.737647,0.461504,20514.167969
83,0.738065,0.462296,20763.712891
84,0.732609,0.461865,21013.240234
85,0.720818,0.457254,21262.890625
86,0.704760,0.450724,21512.445312
87,0.688320,0.448411,21761.941406
88,0.661343,0.442702,22011.560547
89,0.583642,0.450383,22261.125000
90,0.530535,0.451140,22510.677734
91,0.502662,0.461726,22760.197266
92,0.488034,0.496955,23009.791016
93,0.487541,0.525341,23259.328125
94,0.495579,0.536384,23508.910156
95,0.504417,0.536945,23758.435547
96,0.498240,0.534909,24008.054688
97,0.494235,0.531102,24274.253906
98,0.489390,0.530922,24507.150391
99,0.483735,0.529082,24756.710938
0,0.749857,0.514566,-0.039133
1,0.749672,0.514622,266.162750
2,0.750370,0.515278,515.696838
3,0.750173,0.515226,765.297241
4,0.746514,0.510404,1014.819580
5,0.733963,0.487739,1264.496460
6,0.711100,0.442890,1513.998291
7,0.699387,0.385376,1763.608643
8,0.698027,0.346710,2013.119019
9,0.690013,0.347347,2262.629395
10,0.637682,0.372855,2512.275635
11,0.613380,0.391044,2761.763428
12,0.599928,0.404001,3011.384277
13,0.595437,0.410383,3260.875977
14,0.580695,0.419677,3510.576172
15,0.550208,0.431026,3760.044678
16,0.519885,0.429979,4009.598633
17,0.499713,0.419309,4259.152344
18,0.482415,0.412753,4508.785156
19,0.465987,0.412702,4758.331055
20,0.452830,0.412001,5007.825684
21,0.446448,0.411101,5257.422852
22,0.442695,0.411899,5506.953125
23,0.445278,0.411695,5756.535645
24,0.454686,0.409614,6006.143066
25,0.463853,0.407504,6255.710938
26,0.469661,0.405805,6505.311035
27,0.468076,0.405486,6754.773926
28,0.462070,0.405109,7004.411133
29,0.450976,0.407765,7253.939453
30,0.435104,0.411564,7503.485840
31,0.420044,0.412106,7753.111816
32,0.400686,0.414776,8002.698730
33,0.381101,0.418955,8252.186523
34,0.367654,0.418690,8501.750977
35,0.360765,0.420834,8751.394531
36,0.352672,0.427728,9000.905273
37,0.342511,0.440986,9250.453125
38,0.329761,0.454055,9500.074219
39,0.319423,0.461752,9766.269531
40,0.310847,0.460190,10015.905273
41,0.303206,0.457082,10265.340820
42,0.301408,0.452832,10514.897461
43,0.305998,0.449628,10764.541992
44,0.313334,0.449224,11014.091797
45,0.324654,0.448792,11263.597656
46,0.339043,0.448777,11513.162109
47,0.355558,0.449032,11762.803711
48,0.377609,0.446467,12012.347656
49,0.401056,0.443942,12261.832031
50,0.423022,0.442019,12511.428711
51,0.437908,0.443746,12760.961914
52,0.449874,0.442633,13010.521484
53,0.466310,0.436582,13260.118164
54,0.488998,0.427541,13509.708984
55,0.511489,0.423676,13759.240234
56,0.534532,0.420551,14008.774414
57,0.556734,0.417280,14258.337891
58,0.575672,0.414960,14507.912109
59,0.594003,0.411314,14757.459961
60,0.614175,0.405374,15007.128906
61,0.631314,0.405341,15256.671875
62,0.649621,0.406099,15506.184570
63,0.663695,0.405939,15755.741211
64,0.676084,0.407664,16005.354492
65,0.691342,0.405848,16254.892578
66,0.707050,0.405842,16504.423828
67,0.724239,0.407415,16754.107422
68,0.740220,0.407823,17003.533203
69,0.754956,0.408497,17253.111328
70,0.769710,0.411966,17502.703125
71,0.777283,0.414211,17752.330078
72,0.789048,0.412882,18001.871094
73,0.805068,0.414108,18251.414062
74,0.821324,0.412651,18500.927734
75,0.836084,0.411159,18750.533203
76,0.850792,0.412021,19000.121094
77,0.869074,0.412625,19266.304688
78,0.898609,0.438709,19515.820312
79,0.931055,0.463824,19765.445312
80,0.974928,0.472960,20014.996094
81,0.005607,0.474640,20264.576172
82,0.022160,0.471904,20514.101562
83,0.021782,0.470722,20763.650391
84,0.038266,0.466365,21013.240234
85,0.057856,0.449561,21262.769531
86,0.075521,0.456199,21512.363281
87,0.087648,0.468258,21761.976562
88,0.101907,0.463663,22011.488281
89,0.146729,0.457578,22261.091797
90,0.170331,0.453037,22510.623047
91,0.184792,0.452793,22760.197266
92,0.192416,0.446823,23009.716797
93,0.201078,0.447081,23259.345703
94,0.206626,0.451636,23508.853516
95,0.212602,0.457446,23758.416016
96,0.229033,0.469652,24008.005859
97,0.253619,0.494527,24257.550781
98,0.271161,0.537969,24507.125000
99,0.285292,0.595457,24756.693359
0,0.748896,0.518698,-0.013598
1,0.748089,0.514819,266.235809
2,0.759661,0.509687,515.759644
3,0.762418,0.500128,765.268494
4,0.731786,0.492643,1014.900513
5,0.698597,0.488819,1264.392944
6,0.676368,0.486240,1514.010376
7,0.665691,0.485395,1763.636475
8,0.712844,0.494401,2013.191162
9,0.801873,0.503294,2262.687988
10,0.845539,0.496645,2512.307373
11,0.872419,0.493067,2761.828857
12,0.901785,0.493946,3011.354980
13,0.936178,0.494513,3260.956787
14,0.967534,0.498602,3510.472168
15,0.994822,0.500923,3760.143555
16,0.019031,0.499668,4009.597656
17,0.041372,0.497036,4259.269531
18,0.057764,0.495128,4508.786133
19,0.067042,0.490467,4758.303711
20,0.079887,0.490400,5007.953125
21,0.054235,0.489522,5257.429199
22,0.957961,0.505977,5507.010254
23,0.885835,0.502495,5756.558105
24,0.853680,0.494069,6006.182129
25,0.841453,0.491261,6255.661621
26,0.836179,0.488526,6505.236816
27,0.821413,0.484258,6754.847168
28,0.806308,0.482014,7004.437988
29,0.796277,0.477256,7254.042480
30,0.787089,0.477688,7503.512207
31,0.777342,0.477530,7753.119629
32,0.780768,0.479417,8002.616211
33,0.825285,0.484065,8252.220703
34,0.861950,0.484598,8501.818359
35,0.896965,0.481941,8751.348633
36,0.959139,0.475881,9000.932617
37,0.017136,0.473138,9250.442383
38,0.070977,0.456986,9500.095703
39,0.110985,0.444910,9766.262695
40,0.136689,0.447657,10015.764648
41,0.168155,0.460505,10265.364258
42,0.194053,0.458692,10514.957031
43,0.214436,0.457804,10764.528320
44,0.232002,0.458724,11014.142578
45,0.252937,0.460754,11263.584961
46,0.282172,0.466252,11513.242188
47,0.302263,0.469204,11762.738281
48,0.321218,0.469402,12012.290039
49,0.345582,0.467056,12261.895508
50,0.374730,0.459871,12511.494141
51,0.385233,0.443723,12760.980469
52,0.387875,0.425191,13010.547852
53,0.395360,0.417891,13260.160156
54,0.425149,0.434551,13509.714844
55,0.445591,0.462217,13759.229492
56,0.445637,0.483140,14008.795898
57,0.427555,0.491399,14258.378906
58,0.400308,0.501611,14507.932617
59,0.360465,0.514624,14757.508789
60,0.344242,0.517933,15007.056641
61,0.341813,0.517124,15256.637695
62,0.341509,0.514687,15506.199219
63,0.336985,0.508132,15755.777344
64,0.314054,0.494431,16005.340820
65,0.293029,0.481138,16254.897461
66,0.287617,0.470005,16504.482422
67,0.277547,0.466112,16754.005859
68,0.243056,0.469739,17003.587891
69,0.218527,0.467295,17253.125000
70,0.192756,0.469421,17502.708984
71,0.168437,0.468518,17752.300781
72,0.153789,0.469822,18001.855469
73,0.121715,0.477150,18251.382812
74,0.090975,0.479756,18500.943359
75,0.062298,0.481232,18750.537109
76,0.031546,0.486214,19000.113281
77,0.998812,0.489097,19266.277344
78,0.971556,0.490918,19515.855469
79,0.945028,0.490575,19765.417969
80,0.921843,0.492667,20014.996094
81,0.914039,0.495103,20264.585938
82,0.922002,0.496555,20514.101562
83,0.937197,0.494389,20763.699219
84,0.945365,0.492245,21013.226562
85,0.920258,0.492429,21262.820312
86,0.891507,0.494166,21512.347656
87,0.878054,0.495362,21761.931641
88,0.877930,0.498295,22011.490234
89,0.927594,0.505701,22261.083984
90,0.985882,0.509223,22510.625000
91,0.005207,0.505555,22760.214844
92,0.017050,0.500622,23009.746094
93,0.020035,0.500625,23259.292969
94,0.022504,0.502148,23508.900391
95,0.027385,0.502021,23758.435547
96,0.027995,0.502000,24008.003906
97,0.027274,0.502730,24257.580078
98,0.025790,0.503600,24507.162109
99,0.022741,0.503992,24756.699219
0,0.750563,0.460978,-0.015401
1,0.750332,0.462984,266.194122
2,0.750154,0.462021,515.852539
3,0.749004,0.476478,765.347351
4,0.742489,0.517235,1014.923340
5,0.740877,0.541784,1264.468262
6,0.741165,0.551365,1514.026489
7,0.744982,0.552385,1763.616577
8,0.748102,0.554703,2013.155029
9,0.769292,0.538716,2262.695801
10,0.800279,0.497354,2512.294678
11,0.822379,0.469887,2761.823486
12,0.842212,0.445140,3011.494629
13,0.863745,0.435861,3260.993408
14,0.873690,0.436554,3510.554443
15,0.867595,0.435920,3760.064697
16,0.826797,0.397885,4009.687012
17,0.770685,0.370304,4259.245605
18,0.718542,0.356463,4508.768555
19,0.677781,0.364864,4758.467285
20,0.640488,0.371772,5007.985352
21,0.624524,0.381058,5257.492676
22,0.618981,0.379315,5507.040039
23,0.615560,0.388002,5756.611328
24,0.615889,0.394048,6006.174805
25,0.620746,0.402430,6255.702637
26,0.637003,0.412275,6505.332031
27,0.634842,0.419454,6754.902344
28,0.602140,0.427371,7004.491211
29,0.566736,0.426676,7253.965332
30,0.537762,0.421216,7503.586914
31,0.496078,0.430456,7753.125977
32,0.460944,0.437412,8002.681152
33,0.439086,0.450778,8252.260742
34,0.464812,0.454752,8501.840820
35,0.558538,0.444535,8751.382812
36,0.573326,0.439639,9000.919922
37,0.569405,0.440729,9250.563477
38,0.568789,0.445324,9500.040039
39,0.559724,0.449997,9766.269531
40,0.527834,0.449170,10015.871094
41,0.458684,0.481116,10265.391602
42,0.389950,0.479821,10515.042969
43,0.368498,0.452473,10764.500000
44,0.390190,0.391929,11014.056641
45,0.397586,0.334247,11263.702148
46,0.396024,0.301469,11513.235352
47,0.390307,0.287211,11762.806641
48,0.361622,0.287806,12012.412109
49,0.314376,0.292890,12261.987305
50,0.284321,0.306345,12511.455078
51,0.265526,0.344757,12761.009766
52,0.263910,0.366712,13010.578125
53,0.267638,0.375232,13260.176758
54,0.270607,0.377327,13509.711914
55,0.275926,0.380441,13759.256836
56,0.278163,0.387044,14008.887695
57,0.270479,0.397341,14258.405273
58,0.228266,0.422423,14507.957031
59,0.174943,0.448430,14757.583008
60,0.158589,0.454526,15007.113281
61,0.131513,0.461634,15256.668945
62,0.112610,0.467173,15506.216797
63,0.109542,0.470109,15755.774414
64,0.103672,0.475939,16005.360352
65,0.060938,0.490580,16254.915039
66,0.026417,0.494597,16504.480469
67,0.024090,0.496010,16754.031250
68,0.032610,0.494782,17003.601562
69,0.051101,0.494234,17253.169922
70,0.078614,0.484636,17502.744141
71,0.116167,0.469424,17752.324219
72,0.144572,0.457183,18001.861328
73,0.158495,0.429858,18251.427734
74,0.163740,0.408348,18501.005859
75,0.166900,0.399622,18750.550781
76,0.165669,0.403654,19000.117188
77,0.165912,0.405473,19266.328125
78,0.166439,0.407034,19515.888672
79,0.167989,0.407955,19765.443359
80,0.177389,0.409770,20015.007812
81,0.193830,0.406380,20264.568359
82,0.212451,0.403729,20514.134766
83,0.246294,0.401713,20763.689453
84,0.302718,0.402597,21013.312500
85,0.333494,0.412275,21262.828125
86,0.342731,0.429892,21512.394531
87,0.347251,0.460522,21761.982422
88,0.346878,0.457737,22011.519531
89,0.348094,0.445945,22261.119141
90,0.347949,0.443959,22510.638672
91,0.347704,0.439015,22760.216797
92,0.348901,0.438100,23009.773438
93,0.349912,0.436937,23259.367188
94,0.350250,0.439058,23508.894531
95,0.350919,0.438547,23758.464844
96,0.355117,0.437226,24008.050781
97,0.368459,0.430739,24257.611328
98,0.383127,0.417154,24507.148438
99,0.397315,0.413567,24756.718750
0,0.748520,0.536525,-0.044708
1,0.747879,0.533736,266.145172
2,0.747379,0.531566,515.735535
3,0.743692,0.532143,765.340332
4,0.737686,0.526556,1014.894348
5,0.720248,0.522597,1264.472656
6,0.709991,0.519992,1513.965698
7,0.698177,0.518495,1763.511841
8,0.690801,0.507551,2013.070923
9,0.707535,0.455552,2262.634277
10,0.717839,0.420066,2512.206787
11,0.742529,0.430260,2761.780762
12,0.792072,0.463160,3011.352051
13,0.814806,0.476640,3260.890869
14,0.829096,0.479108,3510.466553
15,0.843054,0.481526,3760.024414
16,0.873231,0.483714,4009.581055
17,0.911583,0.490471,4259.167969
18,0.943404,0.489017,4508.725586
19,0.978872,0.493858,4758.290039
20,0.019922,0.495373,5007.841309
21,0.040371,0.499349,5257.426758
22,0.057201,0.494819,5506.986328
23,0.069940,0.484128,5756.546875
24,0.058958,0.488939,6006.108398
25,0.054206,0.492795,6255.663086
26,0.047798,0.498926,6505.229980
27,0.032432,0.506282,6754.827148
28,0.009457,0.528296,7004.365234
29,0.987772,0.530512,7253.912598
30,0.961016,0.527925,7503.524414
31,0.917586,0.523929,7753.062988
32,0.878521,0.519637,8002.605469
33,0.844115,0.515389,8252.163086
34,0.800711,0.513304,8501.760742
35,0.763489,0.513157,8751.324219
36,0.736125,0.511619,9000.904297
37,0.707306,0.507881,9250.452148
38,0.685471,0.503297,9516.637695
39,0.659054,0.497677,9766.201172
40,0.614219,0.491600,10015.799805
41,0.567274,0.498423,10265.326172
42,0.537147,0.497478,10514.882812
43,0.500687,0.496431,10764.451172
44,0.475766,0.495610,11014.017578
45,0.452577,0.485447,11263.586914
46,0.423549,0.459694,11513.137695
47,0.400578,0.433388,11762.719727
48,0.384948,0.428872,12012.292969
49,0.372421,0.455057,12261.842773
50,0.353169,0.475356,12511.412109
51,0.327021,0.492975,12761.007812
52,0.303104,0.497265,13010.516602
53,0.288718,0.493794,13260.085938
54,0.280622,0.495538,13509.654297
55,0.276091,0.497788,13759.227539
56,0.268582,0.496651,14008.778320
57,0.247961,0.497185,14258.332031
58,0.226689,0.500214,14507.919922
59,0.216039,0.504708,14757.468750
60,0.228838,0.501845,15007.031250
61,0.245852,0.503440,15256.603516
62,0.271084,0.499816,15506.152344
63,0.311552,0.496943,15755.744141
64,0.344370,0.491982,16005.288086
65,0.381123,0.494706,16254.862305
66,0.442187,0.493813,16504.429688
67,0.484296,0.500708,16754.001953
68,0.511580,0.515066,17003.548828
69,0.550272,0.518629,17253.099609
70,0.584533,0.525897,17502.724609
71,0.612796,0.528880,17752.236328
72,0.640790,0.529045,18001.826172
73,0.666392,0.527077,18251.355469
74,0.699757,0.526028,18500.935547
75,0.724333,0.523125,18750.496094
76,0.734462,0.525243,19000.052734
77,0.746848,0.527082,19266.296875
78,0.754475,0.525796,19515.830078
79,0.758985,0.527966,19765.394531
80,0.767082,0.531151,20014.951172
81,0.775288,0.533072,20264.517578
82,0.782318,0.536170,20514.078125
83,0.785538,0.542031,20763.642578
84,0.788439,0.546328,21013.205078
85,0.782448,0.579920,21262.767578
86,0.766255,0.627711,21512.324219
87,0.770460,0.631453,21761.908203
88,0.780697,0.623519,22011.464844
89,0.790853,0.596854,22261.064453
90,0.798330,0.552605,22510.597656
91,0.805432,0.539809,22760.152344
92,0.814648,0.533981,23009.738281
93,0.828220,0.529749,23259.275391
94,0.846672,0.522935,23508.845703
95,0.864866,0.518561,23758.425781
96,0.892500,0.514116,24007.982422
97,0.906587,0.516380,24257.539062
98,0.928377,0.508177,24507.105469
99,0.959057,0.501612,24756.658203
0,0.748958,0.578114,-0.008948
1,0.738311,0.571006,266.258636
2,0.727534,0.540526,515.879517
3,0.735238,0.491863,765.372559
4,0.736832,0.466576,1014.938293
5,0.699384,0.467403,1264.499634
6,0.672622,0.448744,1514.043457
7,0.656681,0.427597,1763.651978
8,0.646935,0.415265,2013.174072
9,0.644996,0.414260,2262.837402
10,0.647802,0.414473,2512.274170
11,0.657191,0.409123,2761.836182
12,0.686942,0.405440,3011.441895
13,0.719605,0.406372,3261.048584
14,0.747355,0.421167,3510.571289
15,0.779137,0.441671,3760.173584
16,0.802181,0.453972,4009.750977
17,0.823737,0.465982,4259.291016
18,0.851340,0.470135,4508.781250
19,0.872094,0.473248,4758.380371
20,0.889185,0.478867,5007.928223
21,0.923582,0.480601,5257.467285
22,0.942064,0.485497,5507.073730
23,0.966136,0.479747,5756.649414
24,0.991211,0.467430,6006.220703
25,0.012738,0.464455,6255.745117
26,0.036366,0.451751,6505.416992
27,0.056835,0.441944,6754.866699
28,0.076757,0.428330,7004.479980
29,0.088323,0.405302,7254.021484
30,0.093128,0.388911,7503.620117
31,0.092138,0.391608,7753.149414
32,0.071393,0.394444,8002.660645
33,0.043226,0.398966,8252.323242
34,0.016071,0.423492,8501.858398
35,0.000316,0.438970,8751.427734
36,0.978917,0.442748,9000.970703
37,0.944811,0.435719,9250.577148
38,0.914219,0.434721,9500.097656
39,0.905672,0.431991,9766.283203
40,0.900794,0.426839,10015.827148
41,0.876307,0.421937,10265.449219
42,0.840785,0.417394,10515.008789
43,0.801941,0.391355,10764.572266
44,0.776717,0.375954,11014.056641
45,0.763990,0.386448,11263.643555
46,0.756428,0.411784,11513.243164
47,0.738260,0.422697,11762.769531
48,0.732946,0.421218,12012.432617
49,0.775468,0.439598,12261.884766
50,0.793840,0.462362,12511.569336
51,0.778376,0.476474,12761.121094
52,0.741283,0.466685,13010.664062
53,0.681769,0.433058,13260.180664
54,0.599897,0.395190,13509.704102
55,0.546829,0.397254,13759.395508
56,0.515720,0.406136,14008.863281
57,0.482291,0.427140,14258.451172
58,0.454301,0.447039,14507.980469
59,0.444016,0.466329,14757.588867
60,0.430372,0.475264,15007.132812
61,0.402499,0.479451,15256.654297
62,0.366474,0.459917,15506.278320
63,0.351547,0.403712,15755.865234
64,0.351552,0.382710,16005.463867
65,0.348648,0.427599,16254.916992
66,0.342825,0.490975,16504.535156
67,0.344940,0.553703,16754.042969
68,0.348600,0.611733,17003.656250
69,0.345454,0.611072,17253.160156
70,0.325495,0.526118,17502.804688
71,0.306073,0.480881,17752.398438
72,0.278548,0.464439,18001.867188
73,0.244680,0.451011,18251.542969
74,0.227203,0.466159,18500.990234
75,0.218101,0.507301,18750.589844
76,0.193486,0.524084,19000.160156
77,0.162836,0.562993,19266.384766
78,0.157197,0.633776,19515.937500
79,0.154868,0.705922,19765.507812
80,0.141250,0.769542,20015.005859
81,0.141107,0.818755,20264.664062
82,0.159858,0.856733,20514.128906
83,0.172441,0.879875,20763.738281
84,0.159666,0.898060,21013.333984
85,0.163248,0.906515,21262.912109
86,0.166463,0.909177,21512.466797
87,0.161568,0.894911,21761.970703
88,0.183053,0.882052,22011.656250
89,0.233474,0.862659,22261.111328
90,0.298139,0.812648,22510.750000
91,0.329737,0.751195,22760.210938
92,0.342865,0.659946,23009.894531
93,0.355173,0.609469,23259.333984
94,0.364508,0.582375,23508.958984
95,0.368959,0.551296,23758.457031
96,0.370452,0.510714,24008.072266
97,0.374134,0.489790,24257.607422
98,0.389750,0.479478,24507.267578
99,0.404482,0.471713,24756.830078
0,0.750180,0.503754,0.040348
1,0.750177,0.504292,266.255157
2,0.749568,0.502948,515.784851
3,0.746738,0.498199,765.372864
4,0.736227,0.495246,1014.916626
5,0.721218,0.493544,1264.483032
6,0.711244,0.492484,1514.019409
7,0.703567,0.490807,1763.585815
8,0.698303,0.489619,2013.167603
9,0.695031,0.488434,2262.741455
10,0.692415,0.485451,2512.310547
11,0.687497,0.480150,2761.853516
12,0.680504,0.474421,3011.457764
13,0.676368,0.470742,3260.989990
14,0.668763,0.464268,3510.586670
15,0.661892,0.454906,3760.136230
16,0.658977,0.449881,4009.688477
17,0.658159,0.449040,4259.265625
18,0.657127,0.450365,4508.809570
19,0.656092,0.453057,4758.395508
20,0.652789,0.456861,5007.947754
21,0.644484,0.464008,5257.523926
22,0.629626,0.473566,5507.082031
23,0.614749,0.482053,5756.604004
24,0.604275,0.483998,6006.211426
25,0.598157,0.484625,6255.742188
26,0.595567,0.482953,6505.306641
27,0.588881,0.476163,6754.874512
28,0.581170,0.468429,7004.471191
29,0.572936,0.461854,7253.997070
30,0.567825,0.454883,7503.590332
31,0.564210,0.445577,7753.166992
32,0.557777,0.439067,8002.706055
33,0.546683,0.442432,8252.273438
34,0.534145,0.454194,8501.804688
35,0.527827,0.461639,8751.418945
36,0.528055,0.461056,9000.949219
37,0.537254,0.450095,9250.518555
38,0.555468,0.430072,9500.061523
39,0.578007,0.405196,9766.289062
40,0.606021,0.385835,10015.840820
41,0.635123,0.374068,10265.458984
42,0.667978,0.372567,10514.965820
43,0.703120,0.377465,10764.570312
44,0.731676,0.387473,11014.092773
45,0.755396,0.404280,11263.675781
46,0.774819,0.421620,11513.244141
47,0.791970,0.433448,11762.784180
48,0.810624,0.438239,12012.373047
49,0.830492,0.439529,12261.926758
50,0.851489,0.443186,12511.486328
51,0.872893,0.451960,12761.038086
52,0.896861,0.463922,13010.612305
53,0.923797,0.473099,13260.172852
54,0.947988,0.478673,13509.733398
55,0.965946,0.480881,13759.293945
56,0.981942,0.484017,14008.867188
57,0.993725,0.488240,14258.426758
58,0.002808,0.491753,14507.990234
59,0.009669,0.489636,14757.567383
60,0.015228,0.481709,15007.118164
61,0.021808,0.502236,15256.686523
62,0.026733,0.500944,15506.251953
63,0.024178,0.496172,15755.806641
64,0.018451,0.483681,16005.361328
65,0.010456,0.469505,16254.964844
66,0.000299,0.463016,16504.511719
67,0.989222,0.460282,16754.068359
68,0.977933,0.459050,17003.623047
69,0.969517,0.458109,17253.201172
70,0.962211,0.457298,17502.755859
71,0.954458,0.455938,17752.318359
72,0.945457,0.453833,18001.884766
73,0.935011,0.451116,18251.498047
74,0.923185,0.448247,18501.046875
75,0.912372,0.446937,18750.580078
76,0.901540,0.445596,19000.148438
77,0.889120,0.443607,19250.173828
78,0.876072,0.443522,19515.929688
79,0.866329,0.443861,19765.478516
80,0.858316,0.446354,20015.039062
81,0.846942,0.448398,20264.603516
82,0.835559,0.449026,20514.164062
83,0.824267,0.450422,20763.728516
84,0.817272,0.452513,21013.287109
85,0.809586,0.453924,21262.853516
86,0.795830,0.453008,21512.425781
87,0.781540,0.450070,21761.970703
88,0.771400,0.449445,22011.552734
89,0.766678,0.450944,22261.144531
90,0.763410,0.454393,22510.667969
91,0.755017,0.458316,22760.236328
92,0.743297,0.459376,23009.804688
93,0.730129,0.457145,23259.416016
94,0.721624,0.455696,23508.919922
95,0.722916,0.456980,23758.509766
96,0.724632,0.455694,24008.060547
97,0.725632,0.454500,24257.628906
98,0.725986,0.455061,24507.183594
99,0.725828,0.455321,24756.755859
0,0.749986,0.745206,0.107673
1,0.750014,0.743482,266.274078
2,0.753618,0.761271,515.842468
3,0.760289,0.841076,765.393860
4,0.763371,0.906970,1014.968994
5,0.784729,0.904793,1264.581055
6,0.769719,0.847509,1514.135742
7,0.756017,0.650103,1763.700928
8,0.748387,0.555747,2013.229126
9,0.710451,0.482544,2262.822998
10,0.653701,0.452578,2512.343750
11,0.608581,0.455092,2761.913574
12,0.603769,0.464153,3011.487061
13,0.590440,0.470456,3261.038330
14,0.577368,0.471188,3510.595459
15,0.574178,0.472945,3760.221191
16,0.577163,0.476038,4009.750977
17,0.599703,0.487044,4259.312988
18,0.646501,0.496453,4508.856445
19,0.650908,0.495498,4775.074707
20,0.653356,0.495063,5007.982422
21,0.669234,0.496035,5257.552246
22,0.683976,0.496068,5507.148438
23,0.700223,0.497733,5756.694824
24,0.717576,0.499533,6006.274414
25,0.740836,0.500782,6255.818848
26,0.756255,0.513307,6505.382812
27,0.803402,0.532147,6754.942871
28,0.852631,0.528066,7004.509766
29,0.898585,0.529194,7254.066406
30,0.933618,0.542138,7503.648926
31,0.933717,0.552081,7753.191406
32,0.914487,0.547429,8002.751953
33,0.836576,0.525654,8252.338867
34,0.754808,0.514513,8501.896484
35,0.748081,0.529977,8751.451172
36,0.750488,0.534475,9001.025391
37,0.746947,0.535927,9250.595703
38,0.657762,0.533566,9500.164062
39,0.511336,0.551343,9766.354492
40,0.468313,0.551642,10015.904297
41,0.437654,0.545532,10265.477539
42,0.393142,0.538189,10515.045898
43,0.351953,0.526347,10764.610352
44,0.327853,0.512828,11014.172852
45,0.327766,0.492598,11263.724609
46,0.333492,0.459064,11513.304688
47,0.328158,0.465669,11762.852539
48,0.328632,0.473507,12012.426758
49,0.333144,0.476729,12261.985352
50,0.336490,0.475199,12511.556641
51,0.337139,0.473117,12761.103516
52,0.339062,0.480676,13010.702148
53,0.342998,0.495587,13260.245117
54,0.371063,0.509647,13509.816406
55,0.419210,0.516246,13759.381836
56,0.457743,0.520547,14008.939453
57,0.543980,0.529382,14258.500000
58,0.676970,0.535091,14508.062500
59,0.838368,0.546011,14757.628906
60,0.919475,0.550522,15007.177734
61,0.966101,0.545989,15256.762695
62,0.014734,0.539257,15506.338867
63,0.041123,0.536769,15755.897461
64,0.062693,0.531151,16005.445312
65,0.085060,0.524592,16255.008789
66,0.113500,0.518727,16504.580078
67,0.154758,0.509870,16754.128906
68,0.172984,0.500096,17003.691406
69,0.180239,0.499389,17253.259766
70,0.196523,0.520477,17502.832031
71,0.224991,0.551425,17752.400391
72,0.235299,0.550127,18001.955078
73,0.226656,0.545587,18251.535156
74,0.220237,0.540720,18501.072266
75,0.213028,0.534078,18750.640625
76,0.200137,0.515365,19000.212891
77,0.172716,0.487104,19266.421875
78,0.140320,0.481690,19515.974609
79,0.133249,0.505168,19765.554688
80,0.138064,0.543349,20015.097656
81,0.140764,0.547534,20264.691406
82,0.139278,0.547452,20514.246094
83,0.130391,0.545462,20763.802734
84,0.096165,0.540929,21013.378906
85,0.112200,0.544998,21262.947266
86,0.113105,0.545600,21512.482422
87,0.111548,0.547411,21762.054688
88,0.094665,0.549795,22011.617188
89,0.081261,0.551880,22261.171875
90,0.063917,0.550631,22510.726562
91,0.059285,0.548366,22760.302734
92,0.052412,0.540946,23009.863281
93,0.059403,0.550995,23259.441406
94,0.051950,0.554076,23509.025391
95,0.040337,0.586985,23758.570312
96,0.982810,0.610068,24008.128906
97,0.908708,0.576030,24257.675781
98,0.873270,0.549128,24507.248047
99,0.868865,0.549912,24756.845703
0,0.750575,0.562381,0.032438
1,0.746858,0.594547,266.198547
2,0.765608,0.583080,515.791016
3,0.810838,0.576811,765.376099
4,0.841004,0.574822,1014.880005
5,0.861300,0.566681,1264.517334
6,0.861987,0.564379,1514.068115
7,0.832141,0.564745,1763.584595
8,0.796835,0.553658,2013.199097
9,0.767583,0.547239,2262.727539
10,0.737483,0.548396,2512.274902
11,0.717841,0.547853,2761.857666
12,0.711766,0.550658,3011.430420
13,0.711212,0.552326,3260.991455
14,0.710152,0.550856,3510.516357
15,0.710358,0.551114,3760.139893
16,0.710363,0.551451,4009.713867
17,0.713917,0.534008,4259.241699
18,0.719139,0.518255,4508.810547
19,0.724556,0.517117,4758.381348
20,0.732227,0.512152,5007.937500
21,0.735638,0.509543,5257.454102
22,0.734579,0.520288,5507.100098
23,0.728199,0.551163,5756.588867
24,0.707538,0.566158,6006.210938
25,0.715371,0.588439,6255.756836
26,0.748062,0.595340,6505.270508
27,0.778861,0.560728,6754.876953
28,0.720192,0.538540,7004.406250
29,0.658143,0.533854,7254.078125
30,0.606633,0.511650,7503.553223
31,0.597590,0.505168,7753.169434
32,0.619456,0.547117,8002.668945
33,0.654823,0.570453,8252.295898
34,0.738119,0.565445,8501.791016
35,0.846981,0.470075,8751.370117
36,0.896973,0.363830,9000.960938
37,0.928133,0.258326,9250.588867
38,0.959757,0.240061,9500.128906
39,0.990625,0.235416,9766.254883
40,0.976912,0.255937,10015.808594
41,0.004298,0.269375,10265.462891
42,0.009463,0.278956,10514.958984
43,0.005631,0.266416,10764.540039
44,0.984210,0.247960,11014.126953
45,0.981025,0.256005,11263.694336
46,0.983741,0.260456,11513.286133
47,0.978259,0.280621,11762.768555
48,0.951982,0.294201,12012.418945
49,0.939320,0.286784,12261.898438
50,0.932651,0.328700,12511.459961
51,0.905113,0.399739,12761.043945
52,0.871988,0.441218,13010.672852
53,0.833059,0.433475,13260.201172
54,0.778727,0.399418,13509.725586
55,0.723930,0.386966,13759.296875
56,0.676111,0.364249,14008.841797
57,0.613713,0.355937,14258.435547
58,0.551516,0.355053,14508.025391
59,0.463319,0.368415,14757.568359
60,0.401701,0.381882,15007.156250
61,0.355264,0.377102,15256.660156
62,0.299665,0.381466,15506.290039
63,0.221865,0.403110,15755.833008
64,0.146268,0.438346,16005.373047
65,0.095611,0.449312,16254.937500
66,0.044597,0.453338,16504.572266
67,0.991152,0.450724,16754.050781
68,0.940193,0.460367,17003.634766
69,0.900998,0.460559,17253.185547
70,0.859675,0.479450,17502.794922
71,0.794570,0.485527,17752.345703
72,0.735226,0.460016,18001.884766
73,0.681891,0.445968,18251.500000
74,0.616435,0.439380,18501.062500
75,0.543253,0.450849,18750.566406
76,0.463030,0.456658,19000.140625
77,0.394705,0.447771,19266.367188
78,0.334712,0.461391,19515.914062
79,0.274302,0.478020,19765.474609
80,0.214032,0.504047,20015.068359
81,0.162334,0.509137,20264.636719
82,0.110736,0.523022,20514.138672
83,0.050551,0.540588,20763.710938
84,0.977183,0.551041,21013.337891
85,0.917788,0.560464,21262.861328
86,0.872738,0.586766,21512.388672
87,0.828393,0.568840,21761.986328
88,0.766982,0.557771,22011.574219
89,0.700026,0.577270,22261.087891
90,0.637206,0.581080,22510.658203
91,0.563765,0.583776,22760.244141
92,0.474317,0.596994,23009.828125
93,0.404955,0.602730,23259.351562
94,0.358199,0.630994,23508.992188
95,0.311577,0.627591,23758.472656
96,0.254797,0.638437,24008.031250
97,0.184044,0.632433,24257.587891
98,0.115110,0.597006,24507.273438
99,0.058492,0.612969,24756.777344
0,0.749950,0.608328,0.002905
1,0.749914,0.608270,266.220917
2,0.750068,0.607840,515.795166
3,0.756511,0.594959,765.363892
4,0.779122,0.533347,1014.927856
5,0.792456,0.467889,1264.510620
6,0.802842,0.440969,1514.041260
7,0.827560,0.437764,1763.572388
8,0.890478,0.444381,2013.143433
9,0.938056,0.459441,2262.737061
10,0.966259,0.476315,2512.277832
11,0.985740,0.484971,2761.959717
12,0.000327,0.485920,3011.460449
13,0.013975,0.489833,3261.048096
14,0.026318,0.490411,3510.602783
15,0.036895,0.492370,3760.150391
16,0.045843,0.491864,4009.696533
17,0.063359,0.496323,4259.223145
18,0.091043,0.511621,4508.807617
19,0.104436,0.496067,4758.338867
20,0.112671,0.486958,5007.934082
21,0.115116,0.484071,5257.467285
22,0.112656,0.481498,5507.064453
23,0.109985,0.482017,5756.608887
24,0.099219,0.458924,6006.191895
25,0.092583,0.403751,6255.735840
26,0.100146,0.372289,6505.285156
27,0.086668,0.369561,6754.872559
28,0.016554,0.396065,7004.417480
29,0.977824,0.422622,7253.975586
30,0.946220,0.431489,7503.560547
31,0.932781,0.443244,7753.149902
32,0.985273,0.470034,8002.678223
33,0.023077,0.479571,8252.258789
34,0.039481,0.481390,8501.823242
35,0.037824,0.481908,8751.389648
36,0.033732,0.481138,9000.924805
37,0.010862,0.487109,9250.491211
38,0.936465,0.494162,9500.103516
39,0.874291,0.497656,9766.299805
40,0.857271,0.502204,10015.840820
41,0.844869,0.501688,10265.378906
42,0.825153,0.493430,10514.964844
43,0.801022,0.484556,10764.530273
44,0.792067,0.481849,11014.084961
45,0.789932,0.479568,11263.668945
46,0.799815,0.481399,11513.252930
47,0.817077,0.491133,11762.773438
48,0.849008,0.500239,12012.353516
49,0.921322,0.495070,12261.927734
50,0.964487,0.485603,12511.462891
51,0.973845,0.482262,12761.033203
52,0.973765,0.481131,13010.583008
53,0.986498,0.482665,13260.181641
54,0.033763,0.485656,13509.722656
55,0.064515,0.490693,13759.276367
56,0.073364,0.494165,14008.878906
57,0.072936,0.492302,14258.439453
58,0.063817,0.492176,14507.963867
59,0.051843,0.492280,14757.566406
60,0.048177,0.493000,15007.120117
61,0.048788,0.495772,15256.670898
62,0.048257,0.497396,15506.288086
63,0.046820,0.498028,15755.790039
64,0.035465,0.490039,16005.367188
65,0.996332,0.476869,16254.918945
66,0.947909,0.476767,16504.515625
67,0.915725,0.476858,16754.095703
68,0.901413,0.477050,17003.599609
69,0.894330,0.479594,17253.197266
70,0.886626,0.480158,17502.757812
71,0.876079,0.478733,17752.357422
72,0.866589,0.477652,18001.888672
73,0.858348,0.477636,18251.470703
74,0.845833,0.480268,18500.994141
75,0.832440,0.483711,18750.548828
76,0.818408,0.484438,19000.164062
77,0.803930,0.485572,19266.335938
78,0.792904,0.487273,19515.882812
79,0.782501,0.487909,19765.484375
80,0.772995,0.488850,20015.019531
81,0.762928,0.488300,20264.570312
82,0.753841,0.489519,20514.136719
83,0.748847,0.489365,20763.710938
84,0.748896,0.490148,21013.291016
85,0.752492,0.489762,21262.839844
86,0.763790,0.491661,21512.423828
87,0.795280,0.496319,21761.974609
88,0.836975,0.510514,22011.531250
89,0.877485,0.571449,22261.082031
90,0.898138,0.578613,22510.650391
91,0.917124,0.571820,22760.203125
92,0.936719,0.561379,23009.808594
93,0.949183,0.553670,23259.351562
94,0.946074,0.549323,23508.949219
95,0.936958,0.546728,23758.464844
96,0.927332,0.547366,24008.048828
97,0.919152,0.548802,24257.609375
98,0.915655,0.549243,24507.158203
99,0.914741,0.548449,24756.751953
0,0.749550,0.385227,-0.049846
1,0.746260,0.395864,266.269348
2,0.747403,0.423197,515.719299
3,0.766504,0.438308,765.299683
4,0.809810,0.436573,1014.848755
5,0.846584,0.430749,1264.400146
6,0.910068,0.439853,1514.007202
7,0.974716,0.472590,1763.598511
8,0.001475,0.477397,2013.204712
9,0.024652,0.486539,2262.652588
10,0.027062,0.493944,2512.286133
11,0.035782,0.513034,2761.818848
12,0.053967,0.520018,3011.351318
13,0.065201,0.507300,3260.913086
14,0.070245,0.468686,3510.614746
15,0.054020,0.453588,3760.039307
16,0.002533,0.449070,4009.598877
17,0.927128,0.450302,4259.179199
18,0.841080,0.459731,4508.794434
19,0.800142,0.465334,4758.325684
20,0.787218,0.468853,5007.872070
21,0.779255,0.472077,5257.436523
22,0.761364,0.464956,5506.997559
23,0.729540,0.430396,5756.560059
24,0.696487,0.390855,6006.135254
25,0.655644,0.357953,6255.689941
26,0.623622,0.338833,6505.263672
27,0.604809,0.347632,6754.836426
28,0.610589,0.361248,7004.406738
29,0.609003,0.362084,7253.968262
30,0.607259,0.366454,7503.507324
31,0.595970,0.377105,7753.062012
32,0.574348,0.396450,8002.655273
33,0.545447,0.430547,8252.220703
34,0.517983,0.462330,8501.776367
35,0.490541,0.491327,8751.330078
36,0.470135,0.497232,9000.931641
37,0.448968,0.492582,9250.458008
38,0.437027,0.472829,9500.025391
39,0.446032,0.457452,9766.208008
40,0.449399,0.454119,10015.838867
41,0.452873,0.434269,10265.344727
42,0.462537,0.404614,10514.912109
43,0.462448,0.383850,10764.530273
44,0.452858,0.362417,11014.068359
45,0.442194,0.355346,11263.601562
46,0.431292,0.346370,11513.196289
47,0.426171,0.333032,11762.750977
48,0.422964,0.339491,12012.310547
49,0.424194,0.344101,12261.858398
50,0.408181,0.353261,12511.425781
51,0.378483,0.342151,12760.991211
52,0.347434,0.323579,13010.550781
53,0.327679,0.281709,13260.128906
54,0.299321,0.260168,13509.690430
55,0.276065,0.274407,13759.248047
56,0.273506,0.298201,14008.814453
57,0.302516,0.372085,14258.378906
58,0.306211,0.417401,14507.958984
59,0.318133,0.429522,14757.493164
60,0.322589,0.442027,15007.063477
61,0.304446,0.483109,15256.623047
62,0.283740,0.503316,15506.208008
63,0.280750,0.499749,15755.757812
64,0.284304,0.485341,16005.321289
65,0.286807,0.441097,16254.922852
66,0.286068,0.414742,16504.449219
67,0.288235,0.418118,16754.033203
68,0.288683,0.421136,17003.568359
69,0.288937,0.421442,17253.154297
70,0.289253,0.418098,17502.701172
71,0.296120,0.412285,17752.289062
72,0.309997,0.415539,18001.818359
73,0.334246,0.421727,18251.404297
74,0.386031,0.409977,18500.982422
75,0.470644,0.404512,18750.562500
76,0.584614,0.396677,19000.123047
77,0.741585,0.394074,19266.296875
78,0.903248,0.417199,19515.853516
79,0.034310,0.459550,19765.462891
80,0.124813,0.462055,20015.001953
81,0.190013,0.455498,20264.550781
82,0.219613,0.451596,20514.136719
83,0.234080,0.455641,20763.660156
84,0.240780,0.455490,21013.248047
85,0.248968,0.444248,21262.785156
86,0.269658,0.386631,21512.363281
87,0.264350,0.332310,21761.933594
88,0.244943,0.293572,22011.482422
89,0.224854,0.289016,22261.048828
90,0.185802,0.303606,22510.648438
91,0.141939,0.324513,22760.214844
92,0.115622,0.342182,23009.740234
93,0.094459,0.372057,23259.298828
94,0.078278,0.412658,23508.876953
95,0.073072,0.442175,23758.447266
96,0.072171,0.459061,24007.996094
97,0.053036,0.475847,24257.589844
98,0.031056,0.501818,24507.166016
99,0.019546,0.508080,24756.693359
0,0.749992,0.678940,0.042151
1,0.750053,0.678248,266.266632
2,0.759849,0.639717,515.836487
3,0.801718,0.540152,765.418945
4,0.816667,0.468333,1014.894104
5,0.823593,0.446503,1264.545532
6,0.834887,0.452395,1514.037354
7,0.878274,0.477598,1763.597290
8,0.924108,0.508471,2013.232544
9,0.956682,0.517362,2262.757568
10,0.988846,0.509039,2512.326416
11,0.020066,0.504221,2761.835938
12,0.058868,0.502304,3011.512451
13,0.104416,0.486450,3261.005859
14,0.149483,0.475632,3510.549072
15,0.183617,0.470140,3760.112061
16,0.197296,0.466106,4009.669434
17,0.208753,0.464906,4259.239258
18,0.223138,0.466408,4508.796387
19,0.234536,0.465583,4758.361816
20,0.245521,0.467304,5007.919434
21,0.256737,0.467131,5257.492676
22,0.263587,0.463446,5507.062500
23,0.268327,0.462096,5756.602051
24,0.270849,0.464342,6006.172363
25,0.268906,0.468043,6255.770020
26,0.267499,0.474345,6505.327637
27,0.263449,0.480761,6754.882324
28,0.246962,0.484306,7004.439941
29,0.221272,0.485033,7253.997559
30,0.195172,0.491253,7503.568848
31,0.164186,0.494558,7753.136230
32,0.130280,0.496260,8002.706055
33,0.091567,0.501819,8252.254883
34,0.019333,0.522528,8501.844727
35,0.958136,0.530813,8751.387695
36,0.929148,0.530779,9000.948242
37,0.893173,0.521044,9250.537109
38,0.841688,0.501196,9500.066406
39,0.810135,0.504172,9766.293945
40,0.782828,0.515059,10015.823242
41,0.733802,0.520673,10265.446289
42,0.677438,0.509951,10514.968750
43,0.645378,0.479870,10764.525391
44,0.622682,0.451886,11014.090820
45,0.611180,0.446256,11263.655273
46,0.625781,0.427213,11513.209961
47,0.627842,0.421216,11762.776367
48,0.586070,0.468127,12012.334961
49,0.526238,0.535399,12261.930664
50,0.507407,0.563110,12511.510742
51,0.510033,0.563053,12761.051758
52,0.528776,0.501574,13010.597656
53,0.524781,0.443823,13260.162109
54,0.523844,0.425678,13509.742188
55,0.581129,0.429930,13759.287109
56,0.772049,0.455151,14008.905273
57,0.842344,0.487771,14258.448242
58,0.845766,0.500168,14507.999023
59,0.857435,0.516304,14757.551758
60,0.879532,0.650584,15007.123047
61,0.902121,0.791131,15256.680664
62,0.914068,0.869876,15506.242188
63,0.938727,0.883788,15755.816406
64,0.980972,0.841490,16005.371094
65,0.025937,0.676133,16254.933594
66,0.050369,0.523293,16504.517578
67,0.056852,0.460147,16754.076172
68,0.065744,0.443067,17003.636719
69,0.071613,0.439988,17253.185547
70,0.067111,0.441731,17502.742188
71,0.049693,0.450810,17752.322266
72,0.026242,0.461690,18001.908203
73,0.006600,0.474550,18251.445312
74,0.993046,0.485001,18501.029297
75,0.969150,0.495212,18750.568359
76,0.905781,0.507695,19000.142578
77,0.854728,0.509603,19266.353516
78,0.839712,0.506336,19515.931641
79,0.826203,0.502092,19765.490234
80,0.812966,0.501209,20015.019531
81,0.784131,0.499934,20264.589844
82,0.738629,0.485934,20514.189453
83,0.712568,0.463140,20763.714844
84,0.692397,0.444800,21013.277344
85,0.651295,0.425899,21262.865234
86,0.617482,0.427191,21512.402344
87,0.598090,0.433631,21761.982422
88,0.568660,0.443723,22011.537109
89,0.514475,0.461108,22261.126953
90,0.483218,0.475382,22510.662109
91,0.449419,0.478988,22760.261719
92,0.420138,0.480191,23009.806641
93,0.392197,0.485970,23259.378906
94,0.363016,0.493553,23508.916016
95,0.339353,0.493169,23758.503906
96,0.322927,0.491319,24008.050781
97,0.310457,0.487467,24257.621094
98,0.299548,0.484611,24507.185547
99,0.297128,0.485355,24756.736328
0,0.749559,0.494029,0.011496
1,0.749830,0.495007,266.224518
2,0.768476,0.486235,515.803772
3,0.820063,0.466608,765.433777
4,0.875003,0.455105,1014.937622
5,0.910448,0.460904,1264.508423
6,0.928790,0.462537,1514.053345
7,0.852609,0.431882,1763.629883
8,0.758595,0.382842,2013.166626
9,0.726677,0.343374,2262.764404
10,0.727899,0.329656,2512.282471
11,0.776470,0.382463,2761.966309
12,0.799689,0.416160,3011.422119
13,0.806428,0.425416,3260.989258
14,0.794254,0.422110,3510.634033
15,0.774457,0.416677,3760.143311
16,0.739550,0.402832,4009.666260
17,0.706732,0.394199,4259.313965
18,0.673512,0.391065,4508.848145
19,0.640614,0.387385,4758.373535
20,0.616043,0.383346,5007.926758
21,0.594542,0.379086,5257.525879
22,0.557708,0.378677,5507.078125
23,0.514860,0.382037,5756.666992
24,0.476716,0.386272,6006.242188
25,0.442305,0.389767,6255.837891
26,0.411619,0.381195,6505.433105
27,0.389854,0.367434,6754.899414
28,0.369828,0.358014,7004.524414
29,0.352402,0.353345,7254.018555
30,0.327170,0.373251,7503.599121
31,0.298699,0.402049,7753.160156
32,0.273602,0.419015,8002.767090
33,0.268644,0.424797,8252.286133
34,0.276931,0.429342,8501.816406
35,0.342001,0.433236,8751.471680
36,0.409250,0.430564,9000.933594
37,0.465020,0.424104,9250.526367
38,0.525297,0.425195,9500.109375
39,0.609576,0.440853,9766.334961
40,0.725771,0.453839,10015.865234
41,0.819610,0.460609,10265.450195
42,0.871626,0.463019,10514.968750
43,0.929568,0.466161,10764.593750
44,0.004487,0.472865,11014.115234
45,0.037868,0.479657,11263.679688
46,0.053903,0.486240,11513.258789
47,0.072890,0.486339,11762.875977
48,0.094989,0.491133,12012.395508
49,0.110878,0.495820,12261.918945
50,0.098844,0.496851,12511.543945
51,0.052056,0.482761,12761.046875
52,0.005236,0.463445,13010.649414
53,0.986345,0.454253,13260.177734
54,0.950540,0.448817,13509.748047
55,0.870472,0.437647,13759.313477
56,0.772010,0.428192,14008.868164
57,0.725940,0.420152,14258.429688
58,0.710613,0.419427,14508.016602
59,0.711136,0.418815,14757.604492
60,0.711717,0.427595,15007.175781
61,0.726117,0.434784,15256.688477
62,0.791407,0.449134,15506.292969
63,0.846543,0.455216,15755.822266
64,0.956845,0.426530,16005.419922
65,0.041020,0.442356,16254.930664
66,0.096570,0.474663,16504.531250
67,0.122386,0.504617,16754.060547
68,0.150482,0.520647,17003.759766
69,0.173262,0.518215,17253.208984
70,0.182732,0.499251,17502.787109
71,0.183452,0.469196,17752.335938
72,0.183548,0.450852,18001.984375
73,0.190942,0.448032,18251.494141
74,0.201101,0.452637,18501.035156
75,0.208848,0.458619,18750.658203
76,0.196101,0.456581,19000.123047
77,0.136867,0.442460,19266.378906
78,0.059474,0.439966,19515.906250
79,0.012947,0.435359,19765.546875
80,0.978287,0.427214,20015.052734
81,0.976896,0.399817,20264.644531
82,0.984856,0.383719,20514.185547
83,0.995072,0.406861,20763.802734
84,0.988225,0.409998,21013.289062
85,0.932902,0.388884,21262.873047
86,0.891039,0.381398,21512.421875
87,0.877077,0.384263,21761.972656
88,0.871967,0.388442,22011.558594
89,0.864938,0.400545,22261.111328
90,0.847012,0.438059,22510.693359
91,0.811428,0.455418,22760.236328
92,0.772480,0.453664,23009.839844
93,0.728421,0.443329,23259.361328
94,0.713163,0.438524,23508.949219
95,0.712396,0.437386,23758.546875
96,0.712588,0.437463,24008.066406
97,0.711617,0.437378,24257.652344
98,0.711069,0.439034,24507.201172
99,0.707316,0.438212,24756.781250
0,0.751101,0.461519,-0.026616
1,0.751488,0.466051,266.236267
2,0.732663,0.482248,515.737793
3,0.699824,0.505948,765.302979
4,0.672694,0.490669,1014.840881
5,0.659773,0.421316,1264.430664
6,0.668341,0.367491,1514.031372
7,0.691819,0.343670,1763.634644
8,0.753563,0.363075,2013.158813
9,0.826505,0.420696,2262.684326
10,0.856835,0.442310,2512.297363
11,0.873095,0.456238,2761.822998
12,0.883527,0.466668,3011.378662
13,0.879816,0.481175,3260.944824
14,0.851195,0.504405,3510.559814
15,0.797696,0.551340,3760.091553
16,0.759365,0.581891,4009.598877
17,0.743970,0.582042,4259.206543
18,0.740629,0.572156,4508.747070
19,0.734793,0.560448,4758.355469
20,0.718693,0.545230,5007.908203
21,0.705174,0.534468,5257.434570
22,0.707071,0.514655,5506.997070
23,0.718412,0.510151,5756.541992
24,0.744884,0.504309,6006.174316
25,0.781530,0.504593,6255.711914
26,0.804183,0.503571,6505.323242
27,0.842520,0.500994,6754.799805
28,0.916517,0.496238,7004.369629
29,0.965811,0.497304,7253.984375
30,0.994779,0.503859,7503.507324
31,0.025948,0.505276,7753.174805
32,0.056213,0.502486,8002.679688
33,0.085841,0.495434,8252.221680
34,0.107177,0.493530,8501.794922
35,0.127998,0.494742,8751.425781
36,0.147846,0.489317,9000.928711
37,0.162702,0.482751,9250.459961
38,0.160195,0.468048,9500.019531
39,0.112955,0.449101,9766.254883
40,0.078617,0.476144,10015.844727
41,0.073470,0.506280,10265.387695
42,0.088761,0.512315,10514.929688
43,0.118425,0.506296,10764.489258
44,0.206319,0.489730,11014.080078
45,0.264518,0.481002,11263.591797
46,0.266851,0.478909,11513.178711
47,0.276162,0.475941,11762.833984
48,0.293997,0.472431,12012.396484
49,0.297404,0.440072,12261.866211
50,0.286465,0.382564,12511.428711
51,0.249843,0.352934,12761.029297
52,0.205094,0.352916,13010.553711
53,0.151218,0.383260,13260.163086
54,0.088354,0.436670,13509.670898
55,0.043260,0.469935,13759.279297
56,0.011873,0.500254,14008.801758
57,0.012786,0.511775,14258.421875
58,0.018246,0.528713,14507.932617
59,0.039500,0.535595,14757.538086
60,0.055759,0.532020,15007.125977
61,0.011225,0.533804,15256.677734
62,0.946322,0.530763,15506.229492
63,0.898336,0.525040,15755.763672
64,0.858338,0.523703,16005.388672
65,0.833027,0.521539,16254.914062
66,0.813372,0.516616,16504.492188
67,0.792391,0.505195,16754.001953
68,0.778821,0.493058,17003.595703
69,0.763676,0.461841,17253.177734
70,0.750853,0.451149,17502.693359
71,0.733823,0.459979,17752.304688
72,0.721655,0.467706,18001.853516
73,0.704597,0.471600,18251.433594
74,0.691074,0.478853,18500.962891
75,0.671633,0.490018,18750.525391
76,0.662074,0.495941,19000.074219
77,0.671299,0.496958,19266.335938
78,0.717739,0.511478,19515.859375
79,0.765067,0.521764,19765.535156
80,0.782674,0.526552,20014.966797
81,0.789387,0.528076,20264.558594
82,0.792240,0.532507,20514.113281
83,0.798474,0.534205,20763.726562
84,0.802763,0.532244,21013.263672
85,0.799721,0.531625,21262.828125
86,0.804819,0.535947,21512.423828
87,0.823643,0.532882,21762.023438
88,0.850097,0.526701,22011.488281
89,0.870401,0.521600,22261.064453
90,0.910254,0.516441,22510.609375
91,0.941104,0.514807,22760.173828
92,0.956428,0.516379,23009.726562
93,0.980353,0.515105,23259.302734
94,0.990344,0.520282,23508.912109
95,0.990366,0.527377,23758.451172
96,0.963057,0.537588,24008.078125
97,0.920825,0.546106,24257.650391
98,0.865471,0.546302,24507.148438
99,0.842748,0.543506,24756.703125
