Idx, longitude, latitude, start timestamp
0,0.749694,0.455009,-0.001105
1,0.748790,0.456363,266.274719
2,0.746399,0.462822,515.831665
3,0.744208,0.462200,765.377502
4,0.715169,0.448004,1014.928284
5,0.670889,0.433039,1264.414307
6,0.674176,0.426824,1514.097168
7,0.722905,0.426064,1763.588989
8,0.742626,0.426546,2013.175781
9,0.746870,0.426552,2262.659180
10,0.746762,0.423904,2512.301514
11,0.746993,0.423153,2761.964600
12,0.747096,0.424248,3011.420410
13,0.748542,0.433326,3261.037598
14,0.753788,0.446487,3510.598633
15,0.771527,0.498935,3760.194336
16,0.790619,0.514685,4009.605469
17,0.806198,0.533619,4259.297363
18,0.827244,0.572071,4508.726074
19,0.889874,0.594686,4758.394043
20,0.934814,0.578008,5007.920410
21,0.943642,0.568397,5257.561035
22,0.949993,0.559816,5507.009277
23,0.956783,0.559278,5756.577148
24,0.960523,0.552688,6006.318848
25,0.961757,0.559460,6255.707520
26,0.996907,0.595202,6505.366699
27,0.024956,0.591403,6754.803223
28,0.038923,0.581412,7004.503418
29,0.051965,0.569540,7253.994141
30,0.068757,0.557613,7503.575684
31,0.100214,0.535264,7753.108398
32,0.129864,0.527855,8002.674805
33,0.154073,0.537438,8252.195312
34,0.162209,0.535428,8501.774414
35,0.158275,0.521211,8751.325195
36,0.156048,0.499683,9000.970703
37,0.156311,0.477584,9250.559570
38,0.155094,0.460601,9500.022461
39,0.163336,0.487963,9766.367188
40,0.205030,0.556809,10015.791016
41,0.215901,0.555897,10265.406250
42,0.233855,0.533081,10514.885742
43,0.248372,0.521597,10764.554688
44,0.251491,0.519927,11014.055664
45,0.193507,0.496118,11263.596680
46,0.041985,0.422167,11513.298828
47,0.948441,0.371687,11762.755859
48,0.850879,0.336592,12012.391602
49,0.748066,0.329445,12261.832031
50,0.672586,0.384752,12511.559570
51,0.593520,0.483644,12760.963867
52,0.518451,0.546006,13010.586914
53,0.461896,0.553612,13260.124023
54,0.429001,0.541399,13509.799805
55,0.405241,0.526204,13759.240234
56,0.376510,0.511528,14008.796875
57,0.353316,0.504789,14258.315430
58,0.352647,0.507719,14508.033203
59,0.347875,0.512718,14757.558594
60,0.344649,0.516109,15007.103516
61,0.350361,0.536451,15256.682617
62,0.395560,0.661396,15506.209961
63,0.465552,0.729419,15755.806641
64,0.496197,0.753693,16005.391602
65,0.500160,0.758908,16254.952148
66,0.489778,0.726370,16504.398438
67,0.471791,0.659128,16754.031250
68,0.469592,0.611727,17003.560547
69,0.464900,0.572460,17253.115234
70,0.460293,0.548104,17502.792969
71,0.451516,0.521086,17752.232422
72,0.445713,0.505065,18001.798828
73,0.442197,0.504078,18251.400391
74,0.439374,0.504484,18501.031250
75,0.437818,0.505564,18750.533203
76,0.437079,0.506653,19000.097656
77,0.436884,0.507913,19266.244141
78,0.441555,0.504440,19515.824219
79,0.457209,0.490137,19765.392578
80,0.466133,0.481229,20014.976562
81,0.471295,0.474631,20264.628906
82,0.472449,0.469355,20514.107422
83,0.475775,0.466036,20763.804688
84,0.479047,0.476287,21013.259766
85,0.481814,0.484353,21262.820312
86,0.489097,0.480203,21512.332031
87,0.496734,0.473507,21761.945312
88,0.501455,0.468310,22011.404297
89,0.507145,0.463426,22261.093750
90,0.527741,0.449417,22510.591797
91,0.568275,0.436844,22760.177734
92,0.594667,0.452655,23009.664062
93,0.633759,0.489343,23259.279297
94,0.678688,0.508372,23508.925781
95,0.734209,0.500423,23758.373047
96,0.750575,0.485534,24008.113281
97,0.752684,0.477029,24257.488281
98,0.754754,0.478097,24507.191406
99,0.755035,0.476102,24756.636719
0,0.743414,0.444804,-0.013050
1,0.737865,0.446854,266.115631
2,0.741242,0.449534,515.696594
3,0.742157,0.450767,765.157532
4,0.742559,0.449883,1014.835388
5,0.742519,0.450317,1264.264648
6,0.744698,0.449956,1513.972778
7,0.752876,0.451970,1763.401611
8,0.775322,0.461293,2013.017334
9,0.801339,0.472701,2262.513184
10,0.827102,0.487985,2512.094971
11,0.864572,0.497485,2761.780518
12,0.899807,0.503704,3011.203857
13,0.933667,0.515394,3277.517822
14,0.945670,0.521677,3510.313232
15,0.951644,0.523210,3793.185547
16,0.968063,0.521095,4009.502686
17,0.018321,0.519336,4275.728516
18,0.044607,0.518314,4508.603516
19,0.064143,0.513915,4774.794434
20,0.086383,0.512244,5007.672363
21,0.103866,0.516374,5257.257812
22,0.112331,0.515696,5556.787598
23,0.130715,0.518618,5789.652344
24,0.155927,0.523568,6022.667969
25,0.177614,0.516592,6255.478027
26,0.211151,0.508776,6538.358398
27,0.243961,0.499585,6771.250000
28,0.264904,0.494325,7037.449219
29,0.281241,0.496860,7270.326660
30,0.294640,0.492937,7503.311523
31,0.313116,0.479619,7769.444336
32,0.327678,0.454423,8002.424316
33,0.345906,0.442439,8251.959961
34,0.363582,0.463656,8568.080078
35,0.375575,0.491816,8801.083008
36,0.384217,0.506915,9033.953125
37,0.393825,0.526288,9266.926758
38,0.401210,0.539189,9533.046875
39,0.401356,0.541614,9766.013672
40,0.399865,0.541156,10015.494141
41,0.396921,0.538558,10281.792969
42,0.392903,0.535403,10514.657227
43,0.388524,0.534800,10764.233398
44,0.378089,0.533668,11013.747070
45,0.359032,0.517383,11346.458008
46,0.339168,0.502262,11562.893555
47,0.318463,0.488340,11795.705078
48,0.280385,0.452909,12028.673828
49,0.246884,0.417578,12261.559570
50,0.220348,0.392014,12544.439453
51,0.191322,0.356240,12777.329102
52,0.151217,0.317140,13010.307617
53,0.101199,0.313223,13276.417969
54,0.050975,0.328591,13509.435547
55,0.009061,0.361454,13775.497070
56,0.963938,0.399621,14008.484375
57,0.917225,0.436825,14257.983398
58,0.878622,0.449277,14590.744141
59,0.852443,0.456215,14807.104492
60,0.821857,0.455161,15056.577148
61,0.796726,0.453851,15272.969727
62,0.758802,0.441529,15505.910156
63,0.724799,0.423347,15788.695312
64,0.695969,0.417970,16021.574219
65,0.665579,0.416361,16254.549805
66,0.637009,0.417417,16520.701172
67,0.612754,0.420733,16753.662109
68,0.596877,0.441551,17019.816406
69,0.573189,0.481369,17252.765625
70,0.543608,0.529852,17502.308594
71,0.505350,0.560229,17818.404297
72,0.484242,0.564488,18068.019531
73,0.469763,0.548575,18284.287109
74,0.451767,0.542492,18517.265625
75,0.430565,0.538876,18750.125000
76,0.398043,0.537449,19016.380859
77,0.371549,0.538138,19282.503906
78,0.354369,0.520141,19515.503906
79,0.351658,0.470134,19764.964844
80,0.372792,0.373446,20014.562500
81,0.389189,0.318517,20330.666016
82,0.398416,0.271496,20563.560547
83,0.418516,0.216055,20779.919922
84,0.465776,0.155122,21012.777344
85,0.531710,0.134268,21295.654297
86,0.596589,0.157259,21528.546875
87,0.670768,0.210362,21761.507812
88,0.726325,0.291194,22027.660156
89,0.787712,0.356778,22277.271484
90,0.858058,0.399529,22526.726562
91,0.913625,0.431753,22759.716797
92,0.942837,0.438875,23009.275391
93,0.965534,0.433866,23325.371094
94,0.991973,0.448743,23558.365234
95,0.996019,0.486590,23791.228516
96,0.002948,0.534396,24007.591797
97,0.058530,0.546091,24257.089844
98,0.063672,0.554566,24523.306641
99,0.063849,0.560252,24756.201172
0,0.750579,0.503665,-0.000429
1,0.750833,0.508395,266.260773
2,0.751154,0.511041,515.735535
3,0.751231,0.509899,765.346863
4,0.751197,0.510262,1014.855591
5,0.743458,0.508774,1264.424072
6,0.717790,0.501727,1513.947510
7,0.685091,0.492865,1763.593140
8,0.648560,0.487701,2013.035400
9,0.631650,0.496060,2262.721191
10,0.625107,0.502686,2512.197754
11,0.610837,0.524003,2761.787109
12,0.613774,0.534847,3011.367432
13,0.624273,0.529764,3260.978271
14,0.639746,0.541839,3510.473389
15,0.634977,0.537409,3760.000000
16,0.600149,0.504145,4009.615723
17,0.551939,0.493772,4259.132812
18,0.514487,0.492676,4508.726074
19,0.495205,0.487425,4758.187988
20,0.474558,0.496495,5007.857910
21,0.446329,0.495105,5257.328613
22,0.434116,0.491415,5506.957031
23,0.398438,0.486586,5756.407227
24,0.380892,0.476506,6006.089355
25,0.379089,0.444258,6255.716309
26,0.385018,0.417472,6505.184570
27,0.378694,0.440734,6754.816895
28,0.365304,0.459813,7004.320801
29,0.349671,0.468882,7253.918457
30,0.331438,0.473774,7503.353027
31,0.297775,0.486764,7753.024414
32,0.270027,0.494022,8002.462402
33,0.240080,0.491433,8252.113281
34,0.225036,0.485573,8501.567383
35,0.224408,0.487577,8751.227539
36,0.222886,0.486477,9000.760742
37,0.218556,0.498788,9250.336914
38,0.199553,0.499393,9516.563477
39,0.175938,0.501611,9766.151367
40,0.155100,0.506714,10015.728516
41,0.132787,0.509500,10265.175781
42,0.121539,0.494260,10531.441406
43,0.121586,0.501306,10764.248047
44,0.105841,0.515411,11013.920898
45,0.087627,0.530073,11263.431641
46,0.059446,0.536729,11529.630859
47,0.047359,0.547328,11762.599609
48,0.047881,0.553960,12012.120117
49,0.050157,0.565724,12261.669922
50,0.052641,0.572028,12577.843750
51,0.049854,0.565664,12810.684570
52,0.043750,0.573807,13010.343750
53,0.039309,0.560761,13260.006836
54,0.040429,0.553495,13509.460938
55,0.047493,0.556002,13775.661133
56,0.049879,0.566011,14025.347656
57,0.052734,0.572613,14258.140625
58,0.049276,0.583201,14507.799805
59,0.042934,0.589469,14757.307617
60,0.034875,0.590527,15006.927734
61,0.028848,0.590760,15256.444336
62,0.028444,0.579795,15506.057617
63,0.035945,0.569882,15755.533203
64,0.067339,0.557982,16055.020508
65,0.068030,0.578961,16287.858398
66,0.085252,0.507123,16504.273438
67,0.092863,0.469769,16753.683594
68,0.095814,0.483282,17003.363281
69,0.116330,0.513450,17269.451172
70,0.170946,0.523946,17502.458984
71,0.193150,0.519133,17752.039062
72,0.155232,0.519888,18001.517578
73,0.065390,0.532484,18251.189453
74,0.979896,0.523712,18500.632812
75,0.907298,0.513496,18750.353516
76,0.859976,0.505303,19016.402344
77,0.840949,0.507897,19266.031250
78,0.832289,0.488850,19565.517578
79,0.890701,0.480177,19798.412109
80,0.952743,0.493065,20014.628906
81,0.004515,0.502273,20264.265625
82,0.052781,0.498726,20513.843750
83,0.120879,0.492361,20779.984375
84,0.169506,0.488975,21012.998047
85,0.202606,0.490441,21262.470703
86,0.228322,0.466838,21512.066406
87,0.247337,0.404961,21761.531250
88,0.271423,0.309808,22011.218750
89,0.304796,0.277835,22260.746094
90,0.370922,0.293848,22510.306641
91,0.393149,0.340345,22759.753906
92,0.383327,0.430203,23059.291016
93,0.362018,0.485672,23259.070312
94,0.321966,0.517106,23508.519531
95,0.309301,0.522754,23758.140625
96,0.311564,0.510598,24007.630859
97,0.338713,0.496388,24257.281250
98,0.363736,0.490805,24506.755859
99,0.380789,0.492029,24756.250000
0,0.749868,0.606591,0.003694
1,0.749618,0.605487,266.145020
2,0.750705,0.584554,515.727234
3,0.749990,0.547546,765.266602
4,0.744338,0.499358,1014.835388
5,0.741454,0.465777,1264.391235
6,0.734438,0.465876,1513.959595
7,0.712592,0.487844,1763.523926
8,0.711036,0.492835,2013.112427
9,0.713181,0.490849,2262.639648
10,0.714311,0.490481,2512.188965
11,0.714976,0.490160,2761.863037
12,0.715639,0.490519,3011.429932
13,0.716401,0.490878,3260.938477
14,0.716032,0.490850,3510.493896
15,0.704567,0.488200,3760.058350
16,0.674815,0.488624,4009.541504
17,0.649583,0.492599,4259.158203
18,0.622357,0.491568,4508.690918
19,0.600787,0.487383,4758.326660
20,0.587559,0.487743,5007.949219
21,0.574256,0.489610,5257.488770
22,0.555169,0.490002,5507.039062
23,0.533470,0.491581,5756.568359
24,0.515017,0.495196,6006.154297
25,0.495857,0.514382,6255.717773
26,0.476318,0.553417,6505.317383
27,0.467068,0.596015,6754.748535
28,0.464399,0.608547,7004.485840
29,0.468913,0.602266,7253.957520
30,0.486328,0.601769,7503.521973
31,0.508189,0.593835,7753.085449
32,0.538567,0.578723,8002.636230
33,0.592134,0.559502,8252.248047
34,0.665100,0.537482,8501.745117
35,0.729121,0.538870,8751.447266
36,0.768897,0.549810,9000.879883
37,0.797038,0.553270,9250.507812
38,0.818556,0.553565,9516.639648
39,0.841484,0.551133,9766.215820
40,0.869139,0.550350,10015.834961
41,0.891321,0.548904,10265.430664
42,0.908015,0.548923,10514.877930
43,0.927389,0.548256,10764.481445
44,0.946871,0.546479,11014.128906
45,0.976262,0.545226,11263.588867
46,0.019642,0.545856,11513.271484
47,0.063840,0.543106,11779.306641
48,0.101288,0.551506,12028.971680
49,0.119357,0.574063,12278.426758
50,0.129311,0.597935,12511.438477
51,0.135122,0.610335,12760.923828
52,0.143605,0.615695,13010.563477
53,0.155387,0.604086,13260.034180
54,0.167755,0.592272,13509.703125
55,0.189866,0.579796,13759.299805
56,0.214719,0.556363,14008.777344
57,0.234745,0.549263,14258.400391
58,0.248981,0.550090,14591.198242
59,0.254801,0.556723,14824.055664
60,0.251620,0.559434,15057.014648
61,0.256388,0.562002,15306.506836
62,0.266367,0.565988,15556.169922
63,0.279749,0.564817,15789.032227
64,0.284549,0.557145,16021.881836
65,0.284589,0.554309,16271.509766
66,0.278867,0.556157,16504.396484
67,0.267962,0.554771,16754.023438
68,0.253190,0.551381,17036.882812
69,0.240438,0.552166,17286.408203
70,0.216875,0.551738,17519.384766
71,0.185318,0.548670,17752.308594
72,0.157562,0.545843,18001.892578
73,0.137965,0.545036,18284.609375
74,0.126067,0.544594,18501.025391
75,0.121365,0.547664,18750.460938
76,0.119363,0.551132,19033.392578
77,0.110274,0.549504,19266.222656
78,0.099720,0.547638,19532.484375
79,0.083525,0.546031,19765.357422
80,0.068364,0.543298,20014.958984
81,0.054496,0.542052,20264.609375
82,0.042811,0.543577,20514.105469
83,0.026219,0.543404,20763.691406
84,0.996036,0.544761,21096.435547
85,0.974238,0.546964,21329.367188
86,0.954114,0.539542,21578.962891
87,0.929940,0.549179,21811.828125
88,0.879467,0.575346,22061.449219
89,0.824653,0.605052,22310.927734
90,0.787796,0.627213,22560.562500
91,0.782840,0.641462,22793.458984
92,0.771006,0.660712,23043.074219
93,0.770992,0.669507,23292.550781
94,0.769501,0.667932,23542.212891
95,0.766456,0.668028,23775.054688
96,0.765798,0.670493,24024.701172
97,0.762623,0.660870,24274.187500
98,0.748751,0.610537,24507.150391
99,0.726421,0.552067,24756.662109
0,0.750025,0.448588,0.021164
1,0.749907,0.449239,266.113556
2,0.750661,0.450650,515.751770
3,0.799740,0.463925,765.414978
4,0.869094,0.473706,1014.885803
5,0.889503,0.483982,1264.465576
6,0.918497,0.502048,1513.944458
7,0.932067,0.515112,1763.603638
8,0.937496,0.513741,2013.108398
9,0.948714,0.508670,2262.745605
10,0.959787,0.508226,2512.209473
11,0.984847,0.505261,2761.739990
12,0.016848,0.498002,3011.282471
13,0.038887,0.490421,3260.932129
14,0.053555,0.489823,3510.554688
15,0.061700,0.492133,3760.068115
16,0.032075,0.499264,4009.688721
17,0.997900,0.502088,4259.215820
18,0.988898,0.501623,4508.667969
19,0.966215,0.499165,4758.266113
20,0.919534,0.489297,5007.924805
21,0.872469,0.481588,5257.368652
22,0.821191,0.476079,5507.034668
23,0.777726,0.466045,5756.476074
24,0.759430,0.445011,6006.218750
25,0.741517,0.424342,6255.708496
26,0.701552,0.418006,6505.239258
27,0.646046,0.423300,6754.893555
28,0.593974,0.428423,7004.330078
29,0.547340,0.433683,7254.004395
30,0.505433,0.441701,7503.461914
31,0.470749,0.452714,7753.127930
32,0.450368,0.465053,8002.603027
33,0.438696,0.476087,8252.187500
34,0.421625,0.475056,8501.700195
35,0.393288,0.472606,8751.332031
36,0.366137,0.468566,9000.844727
37,0.348190,0.468222,9250.423828
38,0.339871,0.479463,9500.092773
39,0.340191,0.467140,9766.274414
40,0.347404,0.402309,10015.862305
41,0.352075,0.380565,10265.317383
42,0.356377,0.387089,10514.976562
43,0.366511,0.446647,10764.468750
44,0.368909,0.517266,11014.061523
45,0.364465,0.552878,11263.541992
46,0.361341,0.567614,11513.188477
47,0.360324,0.568232,11762.642578
48,0.350900,0.555831,12012.238281
49,0.312723,0.522256,12261.917969
50,0.265905,0.492344,12511.392578
51,0.232594,0.490664,12761.090820
52,0.214097,0.493030,13010.480469
53,0.207238,0.496917,13260.154297
54,0.204986,0.503925,13509.590820
55,0.207059,0.503240,13759.213867
56,0.205681,0.504990,14008.765625
57,0.166545,0.539639,14258.391602
58,0.105068,0.585758,14507.895508
59,0.066708,0.605344,14757.441406
60,0.056779,0.607743,15007.122070
61,0.065514,0.604633,15256.576172
62,0.129737,0.597777,15506.209961
63,0.195008,0.540980,15755.722656
64,0.212461,0.481964,16005.351562
65,0.213078,0.462222,16254.827148
66,0.196131,0.448851,16504.431641
67,0.171567,0.460388,16753.958984
68,0.170566,0.465993,17003.560547
69,0.174167,0.466056,17253.019531
70,0.180080,0.471050,17502.757812
71,0.182724,0.477019,17752.191406
72,0.184466,0.482839,18001.826172
73,0.184473,0.489364,18251.429688
74,0.184589,0.492235,18500.927734
75,0.183535,0.493903,18750.429688
76,0.181740,0.490945,19000.021484
77,0.183455,0.481223,19266.296875
78,0.186103,0.477765,19515.802734
79,0.192105,0.477074,19765.423828
80,0.249792,0.470551,20014.888672
81,0.301579,0.457472,20264.462891
82,0.324398,0.455914,20514.169922
83,0.337323,0.455881,20763.632812
84,0.343483,0.456439,21013.201172
85,0.347148,0.455350,21262.736328
86,0.352996,0.457568,21512.388672
87,0.367535,0.461088,21761.875000
88,0.384616,0.467553,22011.367188
89,0.396459,0.472827,22260.947266
90,0.408508,0.471484,22510.609375
91,0.420251,0.470304,22760.050781
92,0.432012,0.470789,23009.703125
93,0.440190,0.470762,23259.222656
94,0.449142,0.476772,23508.843750
95,0.458737,0.498770,23758.355469
96,0.478584,0.512451,24007.972656
97,0.529051,0.507658,24257.562500
98,0.597810,0.490778,24507.011719
99,0.640676,0.480293,24756.685547
0,0.749492,0.570968,0.024069
1,0.748086,0.573666,266.176727
2,0.745207,0.575360,515.799316
3,0.744452,0.568050,765.283997
4,0.739958,0.557549,1014.910583
5,0.724321,0.532891,1264.421143
6,0.687326,0.510426,1514.003174
7,0.615511,0.516343,1846.735229
8,0.580328,0.524866,2079.591309
9,0.551186,0.535071,2329.226318
10,0.514377,0.547295,2578.702148
11,0.485837,0.557026,2811.694580
12,0.473776,0.563399,3061.235596
13,0.460622,0.557563,3310.822998
14,0.438759,0.549684,3560.336670
15,0.400636,0.549497,3793.334473
16,0.365701,0.551099,4042.850098
17,0.347992,0.560157,4275.795898
18,0.329445,0.566602,4525.331055
19,0.309356,0.566344,4774.956543
20,0.288576,0.560358,5024.553711
21,0.266043,0.552673,5257.452637
22,0.238116,0.543809,5507.066406
23,0.225094,0.540865,5756.561523
24,0.219820,0.548143,6022.770020
25,0.219869,0.553839,6272.287598
26,0.225474,0.559195,6521.901367
27,0.255670,0.565365,6771.419922
28,0.338292,0.571789,7021.015137
29,0.429805,0.556943,7253.877930
30,0.490618,0.539752,7503.525391
31,0.541187,0.525753,7752.987305
32,0.582256,0.517724,8002.672363
33,0.612598,0.507296,8268.850586
34,0.627505,0.497399,8518.402344
35,0.632797,0.493839,8767.973633
36,0.670201,0.493571,9017.504883
37,0.711894,0.447592,9267.117188
38,0.734049,0.435775,9516.620117
39,0.748079,0.457841,9766.252930
40,0.754257,0.470312,10015.729492
41,0.761104,0.471758,10265.360352
42,0.765718,0.470141,10514.840820
43,0.764793,0.456035,10764.474609
44,0.762644,0.444814,11013.949219
45,0.761057,0.437647,11263.633789
46,0.767585,0.438466,11513.247070
47,0.800032,0.455406,11762.699219
48,0.851216,0.484788,12012.293945
49,0.891142,0.508077,12261.803711
50,0.922947,0.527165,12511.412109
51,0.953932,0.538350,12760.916016
52,0.986709,0.545993,13093.633789
53,0.009534,0.547566,13343.291992
54,0.022236,0.552705,13592.772461
55,0.039026,0.556915,13842.393555
56,0.061570,0.550804,14075.293945
57,0.089475,0.547162,14341.552734
58,0.112707,0.544118,14591.110352
59,0.130102,0.541115,14840.600586
60,0.152107,0.538856,15073.673828
61,0.169932,0.547929,15306.512695
62,0.184610,0.550999,15556.092773
63,0.202261,0.552694,15805.583984
64,0.227986,0.549846,16055.211914
65,0.245458,0.545849,16288.080078
66,0.259805,0.533628,16537.771484
67,0.264892,0.524067,16787.212891
68,0.257132,0.506279,17036.835938
69,0.253101,0.524052,17286.310547
70,0.251712,0.567318,17535.972656
71,0.249803,0.585206,17768.839844
72,0.244267,0.591569,18018.439453
73,0.226168,0.589070,18267.941406
74,0.209337,0.588357,18517.601562
75,0.188023,0.572544,18750.462891
76,0.171247,0.545520,19000.101562
77,0.163938,0.532825,19282.968750
78,0.148096,0.540609,19532.396484
79,0.132248,0.545316,19782.080078
80,0.122311,0.540437,20031.548828
81,0.112277,0.539587,20264.501953
82,0.079770,0.561998,20547.253906
83,0.049274,0.586185,20780.267578
84,0.030252,0.595816,21046.369141
85,0.989414,0.609400,21279.394531
86,0.941603,0.614911,21528.894531
87,0.888926,0.614909,21761.880859
88,0.819494,0.614686,22011.351562
89,0.784110,0.626058,22261.027344
90,0.783765,0.629388,22510.458984
91,0.790440,0.635792,22760.121094
92,0.796252,0.633195,23026.333984
93,0.785222,0.617069,23259.251953
94,0.756249,0.614235,23508.865234
95,0.710454,0.620825,23758.333984
96,0.678961,0.623849,24007.964844
97,0.651666,0.619897,24257.431641
98,0.626524,0.617408,24507.101562
99,0.616628,0.612587,24756.550781
0,0.750714,0.564991,-0.045395
1,0.750672,0.563605,266.171448
2,0.750909,0.559999,515.742188
3,0.754194,0.552541,765.288574
4,0.755724,0.541857,1014.863464
5,0.756835,0.539982,1264.417725
6,0.760376,0.561954,1513.979126
7,0.763805,0.568556,1763.588623
8,0.760802,0.566693,2013.149048
9,0.747799,0.569063,2262.711670
10,0.731533,0.564318,2512.250977
11,0.728320,0.570080,2761.799072
12,0.741513,0.574602,3011.375732
13,0.761214,0.570461,3260.920166
14,0.776115,0.574382,3510.503662
15,0.786774,0.575778,3760.048096
16,0.798729,0.568906,4009.674072
17,0.804661,0.570950,4259.192383
18,0.820824,0.568627,4508.779297
19,0.840673,0.565304,4758.356445
20,0.853142,0.562957,5007.895508
21,0.871323,0.562701,5257.451660
22,0.898374,0.558552,5506.995117
23,0.927026,0.558237,5756.580566
24,0.949032,0.561254,6006.131836
25,0.965480,0.565574,6255.715820
26,0.987916,0.563110,6505.298828
27,0.013558,0.559711,6754.853516
28,0.028640,0.553719,7004.396973
29,0.025595,0.548282,7253.953125
30,0.015689,0.553271,7503.513672
31,0.005968,0.558266,7753.075195
32,0.996395,0.562607,8002.669922
33,0.976239,0.565391,8252.204102
34,0.959584,0.577233,8501.800781
35,0.949004,0.587339,8751.333984
36,0.939346,0.590644,9000.899414
37,0.935219,0.593206,9250.481445
38,0.936766,0.594576,9500.036133
39,0.942778,0.596638,9766.218750
40,0.954987,0.596541,10015.799805
41,0.967367,0.598350,10265.348633
42,0.981805,0.597002,10514.931641
43,0.995330,0.591184,10764.485352
44,0.018202,0.583630,11014.050781
45,0.044053,0.577810,11263.632812
46,0.068467,0.569637,11513.200195
47,0.074669,0.566191,11762.760742
48,0.072137,0.567863,12012.310547
49,0.055154,0.565786,12261.876953
50,0.014928,0.559876,12511.436523
51,0.975756,0.560978,12761.001953
52,0.937850,0.562635,13010.574219
53,0.895707,0.558955,13260.111328
54,0.851738,0.555389,13509.684570
55,0.798555,0.547874,13759.293945
56,0.754809,0.534105,14008.810547
57,0.716504,0.514068,14258.388672
58,0.671213,0.477622,14507.958984
59,0.631410,0.454170,14757.514648
60,0.600282,0.428228,15007.071289
61,0.568925,0.427183,15256.637695
62,0.529503,0.424375,15506.191406
63,0.497367,0.428211,15755.769531
64,0.470926,0.444383,16005.321289
65,0.445609,0.456049,16271.519531
66,0.422396,0.461859,16504.462891
67,0.394877,0.462965,16754.019531
68,0.366610,0.471088,17003.589844
69,0.343350,0.479873,17253.181641
70,0.322630,0.490117,17502.707031
71,0.290803,0.501402,17752.285156
72,0.258231,0.524888,18001.865234
73,0.224678,0.557191,18251.406250
74,0.182961,0.563601,18500.962891
75,0.148999,0.564167,18750.539062
76,0.138551,0.567178,19000.101562
77,0.153481,0.571231,19266.378906
78,0.173505,0.578594,19515.861328
79,0.192676,0.586308,19765.429688
80,0.205726,0.587308,20014.984375
81,0.212181,0.588296,20264.550781
82,0.219976,0.578108,20514.119141
83,0.215331,0.557683,20763.679688
84,0.223249,0.559391,21013.253906
85,0.225068,0.548549,21262.816406
86,0.223696,0.542152,21512.380859
87,0.222329,0.548512,21761.949219
88,0.223006,0.531328,22011.500000
89,0.225389,0.497075,22261.050781
90,0.242842,0.478977,22510.625000
91,0.257735,0.484619,22760.216797
92,0.267196,0.514592,23009.773438
93,0.277180,0.544028,23259.308594
94,0.283929,0.584015,23508.878906
95,0.288164,0.627743,23758.451172
96,0.292141,0.651083,24008.011719
97,0.299202,0.653902,24257.574219
98,0.304533,0.660001,24507.138672
99,0.310695,0.667644,24756.714844
0,0.749892,0.581708,0.027741
1,0.749966,0.581673,266.220245
2,0.750179,0.581176,515.753479
3,0.754944,0.578118,765.352661
4,0.774454,0.552853,1014.925476
5,0.807920,0.485799,1264.434937
6,0.818047,0.480305,1514.112427
7,0.866079,0.508067,1763.603394
8,0.930896,0.541072,2013.219604
9,0.950678,0.555575,2262.726318
10,0.975572,0.564311,2512.275391
11,0.025040,0.563734,2761.960205
12,0.032805,0.564822,3011.395752
13,0.018242,0.569120,3261.069824
14,0.007392,0.574222,3510.520264
15,0.992666,0.579155,3760.162109
16,0.963107,0.584662,4009.692871
17,0.921106,0.574064,4259.256836
18,0.875636,0.523350,4508.811523
19,0.823626,0.481970,4758.351562
20,0.772859,0.464404,5007.927246
21,0.739731,0.459008,5257.473145
22,0.703786,0.465309,5507.044434
23,0.653583,0.479648,5756.596191
24,0.606395,0.483511,6006.193359
25,0.558415,0.490758,6255.729492
26,0.512176,0.496189,6505.285156
27,0.479458,0.503205,6754.885254
28,0.450520,0.512534,7004.424805
29,0.409955,0.518040,7254.002930
30,0.370384,0.522803,7503.545898
31,0.342443,0.526734,7753.128906
32,0.317505,0.531381,8002.675293
33,0.282790,0.542542,8252.238281
34,0.250451,0.553956,8501.836914
35,0.231844,0.555297,8751.406250
36,0.224646,0.556320,9000.942383
37,0.227856,0.557176,9250.521484
38,0.236106,0.555476,9500.091797
39,0.255656,0.552494,9766.249023
40,0.290503,0.546277,10015.830078
41,0.322419,0.533805,10265.372070
42,0.353711,0.520269,10514.974609
43,0.379736,0.518505,10764.511719
44,0.397382,0.517836,11014.100586
45,0.412805,0.521388,11263.632812
46,0.423917,0.521757,11513.195312
47,0.436847,0.522005,11762.765625
48,0.450975,0.523599,12012.331055
49,0.466408,0.525983,12261.885742
50,0.478972,0.555658,12511.478516
51,0.480776,0.590115,12761.036133
52,0.469149,0.600283,13010.584961
53,0.448739,0.610418,13260.166992
54,0.441853,0.622268,13509.753906
55,0.439729,0.633229,13759.274414
56,0.442192,0.640895,14008.833984
57,0.445360,0.642639,14258.414062
58,0.447526,0.640703,14507.978516
59,0.450773,0.638423,14757.522461
60,0.452891,0.636726,15007.098633
61,0.457361,0.629444,15256.660156
62,0.466056,0.612677,15506.228516
63,0.472885,0.598594,15755.824219
64,0.473188,0.594562,16005.392578
65,0.455316,0.591910,16254.903320
66,0.431007,0.579371,16504.500000
67,0.403753,0.562444,16754.048828
68,0.374576,0.550840,17003.628906
69,0.366907,0.549899,17253.199219
70,0.378379,0.550971,17502.744141
71,0.417657,0.558267,17752.312500
72,0.473401,0.564592,18001.904297
73,0.553434,0.564325,18251.421875
74,0.699232,0.555423,18500.994141
75,0.828638,0.552560,18750.576172
76,0.908921,0.553297,19000.109375
77,0.937559,0.561054,19266.330078
78,0.951807,0.567731,19515.878906
79,0.965272,0.572598,19765.458984
80,0.970054,0.577408,20015.041016
81,0.982666,0.578068,20264.583984
82,0.034524,0.564966,20514.148438
83,0.065312,0.549746,20763.716797
84,0.077490,0.547442,21013.259766
85,0.084697,0.548776,21262.843750
86,0.085847,0.546670,21512.429688
87,0.084345,0.545161,21761.996094
88,0.084505,0.546486,22011.515625
89,0.083564,0.548353,22261.138672
90,0.082549,0.549184,22510.667969
91,0.079645,0.550369,22760.220703
92,0.073260,0.551426,23009.785156
93,0.063688,0.552803,23259.341797
94,0.035730,0.551652,23508.937500
95,0.973680,0.555469,23758.501953
96,0.883151,0.546703,24008.041016
97,0.752644,0.519121,24257.617188
98,0.637265,0.514077,24507.203125
99,0.569905,0.530634,24756.769531
0,0.750264,0.709822,-0.041433
1,0.750787,0.709698,266.206787
2,0.727557,0.696657,515.752625
3,0.641874,0.635347,765.340088
4,0.593871,0.607781,1014.868591
5,0.540944,0.595333,1264.512085
6,0.488463,0.593789,1514.035278
7,0.446196,0.592156,1763.558594
8,0.431881,0.595840,2013.163940
9,0.439765,0.603514,2262.677734
10,0.447990,0.607936,2512.283203
11,0.479176,0.610844,2761.830322
12,0.583948,0.633164,3011.451660
13,0.689641,0.608639,3260.976318
14,0.762266,0.585129,3510.492676
15,0.830556,0.595996,3760.142090
16,0.894140,0.600203,4009.638428
17,0.947014,0.609691,4259.213867
18,0.986301,0.619345,4508.784180
19,0.022733,0.614794,4758.454102
20,0.050011,0.594895,5007.917480
21,0.063353,0.597429,5257.465332
22,0.076308,0.606132,5507.061523
23,0.089833,0.597545,5756.588867
24,0.123537,0.597247,6006.129883
25,0.164382,0.596552,6255.719727
26,0.191663,0.603507,6505.245605
27,0.224200,0.597741,6754.858887
28,0.260810,0.589812,7004.441406
29,0.288872,0.588207,7254.068359
30,0.311564,0.587927,7503.571289
31,0.334818,0.592382,7753.118164
32,0.358959,0.597399,8002.677246
33,0.384846,0.605369,8252.202148
34,0.403844,0.619809,8501.809570
35,0.410083,0.626964,8751.328125
36,0.407169,0.629494,9001.016602
37,0.405908,0.632060,9250.491211
38,0.405501,0.634316,9500.107422
39,0.390534,0.643194,9766.254883
40,0.344391,0.655642,10015.826172
41,0.312302,0.650294,10265.351562
42,0.297591,0.645954,10514.952148
43,0.298960,0.644855,10764.468750
44,0.299182,0.645114,11014.100586
45,0.280957,0.650032,11263.662109
46,0.240400,0.654544,11513.227539
47,0.210589,0.649617,11762.737305
48,0.206564,0.647492,12012.331055
49,0.246193,0.653131,12261.908203
50,0.283812,0.647784,12511.419922
51,0.302970,0.642730,12761.079102
52,0.301521,0.641788,13010.569336
53,0.298038,0.642224,13260.136719
54,0.297076,0.641014,13509.675781
55,0.288594,0.645563,13759.377930
56,0.264201,0.654182,14008.843750
57,0.247902,0.657866,14258.397461
58,0.249360,0.660898,14508.039062
59,0.250790,0.662292,14757.507812
60,0.249699,0.663592,15007.105469
61,0.235008,0.665636,15256.642578
62,0.220313,0.663293,15506.280273
63,0.185303,0.649495,15755.772461
64,0.176870,0.644211,16005.364258
65,0.176358,0.645091,16254.929688
66,0.168713,0.647060,16504.511719
67,0.153212,0.645410,16754.054688
68,0.131042,0.636648,17003.568359
69,0.105109,0.632730,17253.175781
70,0.067040,0.625933,17502.724609
71,0.012084,0.594896,17752.322266
72,0.957724,0.506173,18001.886719
73,0.917840,0.472532,18251.443359
74,0.864909,0.486952,18500.968750
75,0.805666,0.541114,18750.521484
76,0.820722,0.589481,19000.173828
77,0.859133,0.617582,19266.328125
78,0.888942,0.630007,19515.861328
79,0.914977,0.635060,19765.443359
80,0.932380,0.638451,20014.984375
81,0.934403,0.641242,20264.609375
82,0.925362,0.646535,20514.126953
83,0.898234,0.652973,20763.710938
84,0.865561,0.659875,21013.353516
85,0.844208,0.669617,21262.835938
86,0.826115,0.659425,21512.490234
87,0.830217,0.647644,21761.980469
88,0.856628,0.640042,22011.587891
89,0.881399,0.622858,22261.164062
90,0.853717,0.557073,22510.621094
91,0.802017,0.534183,22760.261719
92,0.770236,0.537734,23009.814453
93,0.759552,0.547085,23259.378906
94,0.767839,0.562782,23508.882812
95,0.776218,0.556236,23758.521484
96,0.769798,0.543749,24007.988281
97,0.744131,0.542914,24257.568359
98,0.717746,0.550044,24507.144531
99,0.703954,0.555371,24756.761719
0,0.749421,0.632401,-0.028915
1,0.747959,0.629794,266.164459
2,0.751847,0.612485,515.708557
3,0.785056,0.569829,765.257568
4,0.844642,0.530125,1014.850586
5,0.911944,0.496403,1264.395874
6,0.949765,0.495631,1513.992676
7,0.986447,0.491192,1763.579224
8,0.037004,0.484195,2013.148804
9,0.088631,0.474404,2262.637451
10,0.123512,0.477446,2512.306152
11,0.139549,0.483918,2761.885986
12,0.094785,0.497789,3011.370605
13,0.938475,0.489338,3260.923096
14,0.808617,0.493904,3510.511719
15,0.686396,0.504266,3760.057861
16,0.609034,0.511129,4009.589355
17,0.655190,0.500662,4259.200195
18,0.727261,0.439817,4508.736328
19,0.732143,0.423884,4758.375000
20,0.720804,0.421778,5007.885254
21,0.675022,0.435291,5257.425781
22,0.536849,0.497490,5507.016602
23,0.447162,0.511973,5756.535156
24,0.400491,0.509251,6006.107422
25,0.368129,0.501042,6255.687988
26,0.353449,0.495098,6505.343262
27,0.340690,0.482555,6754.834473
28,0.319573,0.469621,7004.473145
29,0.267422,0.476030,7253.964844
30,0.243370,0.486075,7503.482422
31,0.314192,0.563114,7753.098145
32,0.443724,0.680817,8002.606445
33,0.489353,0.677605,8252.250977
34,0.510950,0.647146,8501.759766
35,0.518986,0.625344,8751.307617
36,0.516267,0.617145,9000.898438
37,0.506147,0.625398,9250.432617
38,0.499414,0.635600,9500.009766
39,0.497954,0.623397,9766.201172
40,0.478655,0.580175,10015.759766
41,0.459759,0.538420,10265.367188
42,0.422888,0.514108,10514.904297
43,0.385090,0.488993,10764.537109
44,0.358926,0.463506,11014.055664
45,0.381876,0.467085,11263.572266
46,0.397939,0.486558,11513.255859
47,0.380557,0.487580,11762.729492
48,0.309258,0.483389,12012.291992
49,0.241301,0.473871,12261.830078
50,0.209011,0.473934,12511.501953
51,0.189691,0.475603,12760.950195
52,0.186796,0.481376,13010.538086
53,0.237218,0.486771,13260.175781
54,0.310814,0.470997,13509.654297
55,0.323939,0.456921,13759.313477
56,0.328404,0.452169,14008.796875
57,0.331084,0.453557,14258.440430
58,0.336271,0.453130,14507.957031
59,0.403821,0.437905,14757.558594
60,0.450236,0.416697,15007.028320
61,0.453229,0.421604,15256.665039
62,0.450404,0.425084,15506.182617
63,0.447273,0.428894,15755.725586
64,0.415971,0.442087,16005.397461
65,0.278169,0.468678,16254.867188
66,0.166579,0.470962,16504.503906
67,0.132388,0.498053,16753.980469
68,0.115185,0.501572,17003.646484
69,0.096972,0.498647,17253.117188
70,0.053646,0.507376,17502.683594
71,0.010015,0.517032,17752.289062
72,0.977605,0.524511,18001.888672
73,0.950694,0.534712,18251.359375
74,0.930492,0.538669,18500.929688
75,0.931879,0.543551,18750.552734
76,0.940349,0.547270,19000.062500
77,0.954272,0.547828,19266.312500
78,0.009302,0.545219,19515.832031
79,0.134956,0.533899,19765.431641
80,0.228460,0.509966,20015.041016
81,0.279790,0.499140,20264.552734
82,0.355937,0.498901,20514.095703
83,0.438404,0.505625,20763.693359
84,0.496027,0.511155,21013.238281
85,0.493027,0.506210,21262.773438
86,0.442965,0.494929,21512.328125
87,0.451379,0.499240,21761.992188
88,0.554823,0.501928,22011.517578
89,0.693831,0.464355,22261.080078
90,0.732782,0.459854,22510.662109
91,0.748329,0.467754,22760.177734
92,0.759586,0.490798,23009.730469
93,0.751746,0.502939,23259.273438
94,0.726487,0.500320,23508.931641
95,0.691241,0.478854,23758.396484
96,0.629031,0.444750,24007.998047
97,0.553238,0.391289,24257.572266
98,0.496752,0.328105,24507.154297
99,0.435367,0.242875,24756.658203
0,0.750527,0.598137,-0.000597
1,0.751378,0.597294,266.207733
2,0.762333,0.572154,515.815735
3,0.791588,0.501909,765.360962
4,0.804511,0.440187,1014.900635
5,0.798214,0.430825,1264.500977
6,0.800715,0.442803,1514.097778
7,0.833926,0.446859,1763.645996
8,0.867587,0.445550,2013.136353
9,0.904838,0.474841,2262.821777
10,0.941283,0.530798,2512.282471
11,0.965792,0.556587,2761.858887
12,0.999820,0.561353,3011.517578
13,0.016493,0.565059,3261.027832
14,0.995928,0.569016,3510.550537
15,0.985139,0.571435,3760.104004
16,0.981182,0.574435,4009.711914
17,0.979583,0.574768,4259.263184
18,0.978911,0.576601,4508.859863
19,0.978573,0.577474,4758.406250
20,0.978604,0.578285,5008.010742
21,0.979021,0.579315,5257.514648
22,0.979355,0.580045,5507.059570
23,0.979810,0.581358,5756.597168
24,0.979999,0.583233,6006.192871
25,0.979617,0.584227,6255.799316
26,0.979404,0.585039,6505.351074
27,0.979277,0.585291,6754.906738
28,0.978793,0.585364,7004.491211
29,0.977992,0.586098,7254.038086
30,0.979152,0.586640,7503.597168
31,0.027481,0.566620,7753.214355
32,0.100483,0.543505,8002.675781
33,0.137570,0.550347,8252.351562
34,0.166751,0.551781,8501.908203
35,0.190157,0.540077,8751.452148
36,0.217652,0.527530,9000.988281
37,0.243356,0.515969,9250.557617
38,0.258043,0.506857,9500.116211
39,0.263731,0.504635,9766.332031
40,0.260038,0.508283,10015.872070
41,0.250487,0.516224,10265.437500
42,0.236119,0.517046,10515.092773
43,0.218730,0.510731,10764.583984
44,0.196580,0.502633,11014.096680
45,0.173893,0.491777,11263.673828
46,0.145498,0.485947,11513.260742
47,0.112339,0.486758,11762.765625
48,0.070366,0.487253,12012.462891
49,0.019000,0.485760,12262.019531
50,0.960410,0.506160,12511.505859
51,0.894391,0.559497,12761.026367
52,0.832174,0.588588,13010.655273
53,0.774428,0.584105,13260.218750
54,0.725942,0.564359,13509.791016
55,0.649861,0.549885,13759.318359
56,0.593705,0.547117,14008.917969
57,0.562292,0.540401,14258.441406
58,0.520037,0.536275,14507.973633
59,0.485139,0.535013,14757.617188
60,0.459721,0.553086,15007.205078
61,0.459004,0.576271,15256.782227
62,0.459397,0.576402,15506.274414
63,0.462713,0.583702,15755.845703
64,0.466266,0.578902,16005.383789
65,0.467990,0.577272,16254.971680
66,0.469557,0.577250,16504.533203
67,0.470287,0.579495,16754.062500
68,0.470138,0.575658,17003.623047
69,0.459335,0.559232,17253.224609
70,0.412440,0.521289,17502.781250
71,0.374830,0.503298,17752.333984
72,0.371537,0.487971,18001.871094
73,0.423622,0.390945,18251.445312
74,0.504780,0.280034,18501.007812
75,0.552710,0.285217,18750.611328
76,0.588256,0.399987,19000.156250
77,0.628320,0.499114,19266.345703
78,0.659009,0.529581,19515.953125
79,0.687220,0.535252,19765.505859
80,0.719372,0.516868,20015.035156
81,0.733603,0.499336,20264.589844
82,0.734135,0.492156,20514.146484
83,0.750690,0.492499,20763.736328
84,0.757421,0.490792,21013.269531
85,0.755969,0.487512,21262.898438
86,0.758763,0.485647,21512.457031
87,0.757071,0.478496,21761.960938
88,0.755177,0.480753,22011.591797
89,0.755162,0.482407,22261.105469
90,0.755059,0.486275,22510.722656
91,0.754796,0.489040,22760.222656
92,0.754892,0.493493,23009.904297
93,0.754881,0.498124,23259.347656
94,0.754011,0.503093,23508.935547
95,0.752974,0.507843,23758.498047
96,0.751979,0.510775,24008.101562
97,0.751248,0.511862,24257.664062
98,0.750975,0.513062,24507.187500
99,0.751184,0.514609,24756.843750
0,0.749774,0.558991,-0.000426
1,0.749182,0.562673,266.231079
2,0.739796,0.586513,515.780701
3,0.686936,0.627586,765.433289
4,0.617981,0.641090,1014.899902
5,0.571023,0.610164,1264.461914
6,0.530525,0.580830,1514.021484
7,0.481126,0.579619,1763.587280
8,0.455459,0.570089,2013.172607
9,0.439101,0.565501,2262.813721
10,0.421873,0.563176,2512.310547
11,0.399771,0.558450,2761.941406
12,0.370291,0.543508,3011.408447
13,0.336522,0.523698,3261.016113
14,0.310190,0.512566,3510.542969
15,0.306950,0.519511,3760.110352
16,0.325935,0.550514,4009.762695
17,0.343455,0.562677,4259.237793
18,0.341802,0.562631,4508.803711
19,0.326560,0.561265,4758.372070
20,0.271305,0.555641,5008.055664
21,0.208162,0.553569,5257.498535
22,0.181329,0.559241,5507.047363
23,0.155186,0.558217,5756.653320
24,0.133506,0.563459,6006.173828
25,0.139531,0.568853,6255.859375
26,0.143930,0.573519,6505.291992
27,0.145260,0.575238,6754.971680
28,0.146229,0.577669,7004.511719
29,0.147181,0.579841,7254.043457
30,0.148865,0.582694,7503.557617
31,0.150173,0.585616,7753.192871
32,0.159461,0.586591,8002.713379
33,0.179041,0.590612,8252.271484
34,0.190221,0.584785,8501.942383
35,0.195682,0.578719,8751.394531
36,0.204353,0.532614,9001.000000
37,0.234997,0.450758,9250.546875
38,0.301603,0.376546,9500.129883
39,0.375867,0.299935,9766.291016
40,0.463185,0.193949,10015.890625
41,0.537362,0.145204,10265.429688
42,0.620689,0.157938,10515.007812
43,0.666374,0.250736,10764.528320
44,0.698201,0.312080,11014.144531
45,0.737764,0.386012,11263.751953
46,0.763684,0.452801,11513.296875
47,0.788256,0.514206,11762.832031
48,0.818156,0.538426,12012.378906
49,0.856736,0.551539,12261.969727
50,0.914206,0.566554,12511.483398
51,0.948930,0.578137,12761.083008
52,0.959672,0.589819,13010.601562
53,0.961349,0.599168,13260.220703
54,0.959649,0.603854,13509.789062
55,0.959473,0.608513,13759.291992
56,0.958999,0.611904,14008.878906
57,0.959347,0.618887,14258.427734
58,0.962384,0.667778,14508.027344
59,0.960672,0.744076,14757.555664
60,0.948209,0.782908,15007.208984
61,0.920024,0.819468,15256.673828
62,0.867500,0.853763,15506.239258
63,0.797663,0.892527,15755.794922
64,0.788832,0.902128,16005.405273
65,0.826784,0.880699,16255.054688
66,0.935444,0.760703,16504.546875
67,0.006126,0.636528,16754.144531
68,0.027495,0.597334,17003.664062
69,0.030809,0.593345,17253.197266
70,0.029093,0.598996,17502.816406
71,0.028100,0.602168,17752.367188
72,0.028431,0.598930,18001.962891
73,0.032715,0.589294,18251.474609
74,0.033171,0.578727,18501.072266
75,0.032833,0.582497,18750.611328
76,0.027806,0.611201,19000.189453
77,0.026339,0.610563,19266.390625
78,0.027191,0.588037,19515.962891
79,0.023301,0.543225,19765.552734
80,0.020343,0.539457,20015.078125
81,0.024209,0.552835,20264.630859
82,0.027428,0.561898,20514.193359
83,0.030157,0.563512,20763.757812
84,0.033503,0.557020,21013.353516
85,0.034139,0.557718,21262.875000
86,0.029399,0.568421,21512.439453
87,0.021970,0.575277,21761.996094
88,0.008032,0.572513,22011.554688
89,0.979589,0.575706,22261.117188
90,0.948858,0.579145,22510.687500
91,0.917347,0.578905,22760.271484
92,0.871369,0.572863,23009.818359
93,0.822331,0.571556,23259.365234
94,0.790551,0.572374,23508.939453
95,0.756170,0.562588,23758.509766
96,0.721423,0.545093,24008.068359
97,0.698576,0.529098,24257.623047
98,0.689176,0.515086,24507.199219
99,0.683561,0.507226,24756.750000
0,0.753484,0.484777,-0.002643
1,0.757154,0.485313,266.270508
2,0.757292,0.484569,515.844177
3,0.753877,0.477372,765.369202
4,0.748228,0.469197,1014.926758
5,0.742118,0.477609,1264.556763
6,0.734568,0.483754,1514.041504
7,0.728992,0.483683,1763.586792
8,0.720567,0.485335,2013.168091
9,0.705961,0.488618,2262.780762
10,0.689909,0.489550,2512.258545
11,0.669994,0.488823,2761.938965
12,0.652953,0.489805,3011.416992
13,0.650795,0.491533,3261.035400
14,0.665848,0.494219,3510.567383
15,0.688031,0.496170,3760.140381
16,0.713910,0.500199,4009.678955
17,0.738798,0.503253,4259.224609
18,0.756557,0.499812,4508.830078
19,0.772754,0.490403,4758.366699
20,0.789522,0.484332,5007.942871
21,0.807431,0.481589,5257.479980
22,0.822569,0.479640,5507.087402
23,0.834966,0.479941,5756.647949
24,0.846440,0.478617,6006.159668
25,0.856628,0.476668,6255.771484
26,0.872593,0.475691,6505.328125
27,0.901608,0.481387,6754.935547
28,0.927342,0.484282,7004.425781
29,0.939006,0.486094,7254.046875
30,0.946584,0.494396,7503.544922
31,0.948579,0.502172,7753.114746
32,0.951647,0.511330,8002.728516
33,0.955601,0.513331,8252.266602
34,0.959396,0.516748,8501.844727
35,0.968734,0.517770,8751.375977
36,0.978254,0.516573,9001.027344
37,0.990630,0.515994,9250.480469
38,0.004164,0.515727,9500.076172
39,0.018968,0.516997,9766.277344
40,0.032617,0.516245,10015.852539
41,0.043819,0.513453,10265.485352
42,0.049172,0.506649,10515.038086
43,0.056892,0.501345,10764.509766
44,0.071720,0.496626,11014.192383
45,0.089736,0.494754,11263.640625
46,0.106554,0.493899,11513.221680
47,0.121728,0.494046,11762.841797
48,0.131485,0.492213,12012.387695
49,0.136055,0.490184,12261.964844
50,0.137166,0.491801,12511.481445
51,0.135521,0.494938,12761.087891
52,0.133072,0.493872,13010.595703
53,0.131793,0.491516,13260.150391
54,0.130891,0.489469,13509.727539
55,0.135271,0.488378,13759.391602
56,0.145677,0.488233,14008.899414
57,0.161786,0.491369,14258.446289
58,0.173620,0.494586,14508.038086
59,0.175272,0.499947,14757.562500
60,0.167258,0.496527,15007.098633
61,0.165440,0.497792,15256.752930
62,0.173294,0.500716,15506.307617
63,0.184022,0.501084,15755.823242
64,0.209018,0.501864,16005.357422
65,0.237584,0.498862,16255.010742
66,0.255325,0.493055,16504.503906
67,0.260974,0.490997,16754.039062
68,0.257241,0.490905,17003.664062
69,0.242393,0.493933,17253.187500
70,0.218329,0.495988,17502.794922
71,0.204795,0.499225,17752.359375
72,0.187646,0.501718,18001.861328
73,0.168442,0.503907,18251.431641
74,0.146955,0.508149,18500.990234
75,0.130308,0.510462,18750.572266
76,0.120126,0.512457,19000.134766
77,0.105786,0.514824,19266.332031
78,0.089156,0.510907,19515.878906
79,0.072775,0.507361,19765.449219
80,0.057513,0.506517,20015.017578
81,0.049741,0.505685,20264.589844
82,0.048486,0.507117,20514.162109
83,0.047661,0.510734,20763.726562
84,0.045627,0.510357,21013.275391
85,0.039318,0.510023,21262.839844
86,0.021332,0.513280,21512.396484
87,0.001493,0.515863,21761.968750
88,0.986011,0.515545,22011.539062
89,0.967246,0.515066,22261.085938
90,0.942762,0.511895,22510.675781
91,0.920662,0.508661,22760.222656
92,0.902513,0.500191,23009.800781
93,0.872061,0.499254,23259.353516
94,0.837796,0.494981,23508.929688
95,0.817581,0.486153,23758.484375
96,0.803995,0.481951,24008.072266
97,0.789957,0.478390,24257.611328
98,0.775611,0.473073,24507.171875
99,0.765591,0.468486,24756.779297
0,0.750049,0.536792,0.012569
1,0.749508,0.537719,266.252289
2,0.749529,0.538586,515.743835
3,0.750464,0.538678,765.358887
4,0.760049,0.537168,1014.902039
5,0.785098,0.533801,1264.434448
6,0.808463,0.530427,1514.056396
7,0.821628,0.529944,1763.594604
8,0.827727,0.531933,2013.237549
9,0.826496,0.534048,2262.670166
10,0.820692,0.532859,2512.300781
11,0.803132,0.527143,2761.837402
12,0.786867,0.517149,3011.431152
13,0.783014,0.513132,3260.985596
14,0.780196,0.512053,3510.528320
15,0.781365,0.511725,3760.122070
16,0.786337,0.513669,4009.627930
17,0.824338,0.522171,4259.257324
18,0.890701,0.525821,4508.752441
19,0.943723,0.529462,4758.385742
20,0.976723,0.535749,5007.879883
21,0.991134,0.540313,5257.508789
22,0.991589,0.539404,5507.063965
23,0.991645,0.541328,5756.587402
24,0.994875,0.546606,6006.245605
25,0.008320,0.554209,6255.736328
26,0.027667,0.555380,6505.277344
27,0.032122,0.538113,6754.860840
28,0.017740,0.495770,7004.441406
29,0.009028,0.468329,7254.041504
30,0.013647,0.456496,7503.533691
31,0.055517,0.485388,7753.200195
32,0.088373,0.521164,8002.738281
33,0.108995,0.540421,8252.253906
34,0.116058,0.550763,8501.770508
35,0.125742,0.544649,8751.377930
36,0.146818,0.547045,9000.914062
37,0.167450,0.545110,9250.502930
38,0.192736,0.535794,9500.106445
39,0.227602,0.527737,9766.282227
40,0.256192,0.520095,10015.856445
41,0.280811,0.514130,10265.412109
42,0.305887,0.506388,10515.026367
43,0.331789,0.507427,10764.626953
44,0.356532,0.509558,11014.055664
45,0.381948,0.508599,11263.621094
46,0.399500,0.512978,11513.232422
47,0.411045,0.516633,11762.864258
48,0.416509,0.516486,12012.428711
49,0.416037,0.515878,12261.899414
50,0.408195,0.514168,12511.546875
51,0.392603,0.513205,12760.995117
52,0.377080,0.513016,13010.572266
53,0.362392,0.512436,13260.193359
54,0.335922,0.493358,13509.714844
55,0.299192,0.453217,13759.288086
56,0.263906,0.412265,14008.860352
57,0.241696,0.412729,14258.416992
58,0.224968,0.439314,14507.965820
59,0.216057,0.459033,14757.547852
60,0.205064,0.475904,15007.133789
61,0.185937,0.486845,15256.751953
62,0.164195,0.492089,15506.259766
63,0.140948,0.503824,15755.768555
64,0.119672,0.524134,16005.374023
65,0.096541,0.533733,16254.938477
66,0.069615,0.538575,16504.470703
67,0.029524,0.543096,16754.068359
68,0.982237,0.547293,17003.662109
69,0.923904,0.540777,17253.158203
70,0.856912,0.535128,17502.707031
71,0.810302,0.528312,17752.275391
72,0.802472,0.521440,18001.876953
73,0.813294,0.515318,18251.490234
74,0.823116,0.505923,18501.076172
75,0.821182,0.505085,18750.589844
76,0.819442,0.515129,19000.177734
77,0.816651,0.523607,19266.371094
78,0.808979,0.540121,19515.859375
79,0.806913,0.534703,19765.513672
80,0.817267,0.532652,20015.033203
81,0.817395,0.532516,20264.591797
82,0.816370,0.528930,20514.119141
83,0.812018,0.516901,20763.746094
84,0.800842,0.504479,21013.326172
85,0.801731,0.502105,21262.861328
86,0.808031,0.502204,21512.435547
87,0.812524,0.498010,21762.009766
88,0.813201,0.497485,22011.521484
89,0.818493,0.497699,22261.105469
90,0.821775,0.498071,22510.726562
91,0.820578,0.498153,22760.248047
92,0.824940,0.500324,23009.763672
93,0.833798,0.503713,23259.439453
94,0.835280,0.504451,23508.906250
95,0.837037,0.506614,23758.478516
96,0.837911,0.510259,24008.064453
97,0.824579,0.515743,24257.587891
98,0.784129,0.514553,24507.140625
99,0.754205,0.508959,24756.712891
0,0.749985,0.577622,0.000126
1,0.750047,0.577712,266.272705
2,0.750174,0.577602,536.715820
3,0.750241,0.577401,765.323303
4,0.750359,0.577744,1014.877625
5,0.750244,0.577016,1264.424316
6,0.750411,0.576578,1514.052856
7,0.750451,0.577125,1763.558716
8,0.750340,0.577457,2013.223022
9,0.750300,0.578108,2262.726074
10,0.750385,0.578523,2512.284668
11,0.750358,0.579368,2761.861572
12,0.750193,0.579394,3011.463867
13,0.750211,0.579464,3260.997559
14,0.750276,0.580012,3510.512207
15,0.750317,0.580124,3760.121094
16,0.750390,0.580204,4009.628662
17,0.750399,0.580605,4259.264648
18,0.750268,0.580742,4508.813965
19,0.750361,0.579837,4758.451172
20,0.750241,0.576021,5007.948730
21,0.750203,0.549322,5257.463867
22,0.749182,0.523391,5507.127930
23,0.748394,0.496072,5756.606445
24,0.749419,0.471225,6006.249512
25,0.750553,0.444194,6255.767578
26,0.750515,0.437641,6505.403809
27,0.754019,0.433171,6754.890625
28,0.784415,0.415864,7004.428711
29,0.807354,0.407879,7254.024902
30,0.826095,0.409554,7503.576660
31,0.853005,0.415228,7753.126953
32,0.863722,0.420474,8002.738281
33,0.863301,0.423699,8252.256836
34,0.863328,0.422451,8501.868164
35,0.864094,0.418661,8751.374023
36,0.863976,0.416952,9000.976562
37,0.869639,0.429148,9250.539062
38,0.899155,0.458571,9500.041992
39,0.910390,0.470026,9766.380859
40,0.913189,0.478669,10015.882812
41,0.912344,0.487092,10265.458984
42,0.911791,0.504080,10514.989258
43,0.907689,0.512070,10764.526367
44,0.887451,0.531589,11014.122070
45,0.865086,0.538217,11263.686523
46,0.826260,0.534851,11513.205078
47,0.795096,0.536766,11762.833984
48,0.780216,0.545616,12012.390625
49,0.770897,0.543592,12261.967773
50,0.764946,0.530843,12511.444336
51,0.753381,0.526357,12761.049805
52,0.705474,0.529310,13010.653320
53,0.663599,0.521808,13260.192383
54,0.649487,0.517321,13509.756836
55,0.649457,0.493647,13759.353516
56,0.651165,0.454956,14008.886719
57,0.647577,0.432113,14258.414062
58,0.631404,0.425565,14508.059570
59,0.607084,0.433809,14757.575195
60,0.587625,0.438005,15007.118164
61,0.573697,0.440651,15256.714844
62,0.573471,0.440582,15506.231445
63,0.577585,0.428639,15755.800781
64,0.591463,0.398071,16005.385742
65,0.609388,0.370076,16255.006836
66,0.648463,0.350970,16504.525391
67,0.692805,0.334332,16754.054688
68,0.726766,0.320217,17003.593750
69,0.744308,0.322394,17253.179688
70,0.749834,0.320334,17502.773438
71,0.755584,0.322914,17752.318359
72,0.756079,0.339652,18001.916016
73,0.760554,0.357944,18251.500000
74,0.760260,0.383205,18501.033203
75,0.758237,0.408679,18750.562500
76,0.758015,0.437747,19000.179688
77,0.757995,0.467604,19266.324219
78,0.757439,0.493178,19515.917969
79,0.757677,0.512665,19765.462891
80,0.759485,0.543355,20015.140625
81,0.757197,0.571364,20264.644531
82,0.756596,0.579325,20514.226562
83,0.754058,0.584957,20763.724609
84,0.752474,0.616042,21013.351562
85,0.750889,0.651693,21262.871094
86,0.745072,0.701423,21512.400391
87,0.742333,0.738208,21762.015625
88,0.739030,0.795940,22011.515625
89,0.734009,0.809859,22261.166016
90,0.733278,0.795893,22510.695312
91,0.731973,0.724938,22760.234375
92,0.736618,0.639031,23009.830078
93,0.744667,0.587225,23259.402344
94,0.748073,0.533670,23509.025391
95,0.748458,0.495663,23758.476562
96,0.756026,0.467716,24008.121094
97,0.786454,0.466548,24257.621094
98,0.835395,0.477513,24507.222656
99,0.886636,0.494882,24756.755859
0,0.750105,0.473618,-0.008139
1,0.749137,0.472618,266.234528
2,0.749832,0.497732,515.854553
3,0.780066,0.548756,765.310913
4,0.817698,0.568567,1014.912170
5,0.841863,0.572391,1264.471436
6,0.897685,0.568772,1514.003540
7,0.949198,0.567505,1763.640747
8,0.976196,0.587386,2013.127441
9,0.005415,0.606730,2262.742432
10,0.020215,0.606044,2512.271729
11,0.046639,0.588500,2761.920654
12,0.075748,0.564174,3011.386230
13,0.075752,0.537555,3261.043213
14,0.991883,0.513398,3510.593018
15,0.861389,0.476983,3760.139648
16,0.796467,0.466187,4009.690918
17,0.757919,0.458506,4259.186035
18,0.717324,0.464199,4508.827148
19,0.690523,0.476340,4758.414062
20,0.637319,0.493978,5007.898438
21,0.591644,0.505925,5257.450195
22,0.574989,0.513598,5507.107910
23,0.548808,0.514492,5756.587402
24,0.523652,0.517306,6006.154785
25,0.498259,0.517977,6255.733398
26,0.484384,0.517321,6505.352539
27,0.474573,0.514122,6754.889648
28,0.451079,0.510583,7004.453613
29,0.453879,0.508008,7253.997559
30,0.465382,0.506053,7503.538086
31,0.485056,0.508573,7753.102539
32,0.507407,0.510840,8002.651367
33,0.524216,0.510004,8252.310547
34,0.540302,0.512210,8501.899414
35,0.542786,0.516950,8751.396484
36,0.536619,0.523804,9000.952148
37,0.525209,0.531814,9250.526367
38,0.508589,0.536188,9500.067383
39,0.485167,0.535685,9766.263672
40,0.453466,0.540698,10015.874023
41,0.417563,0.541353,10265.431641
42,0.384549,0.538619,10514.998047
43,0.371611,0.535337,10764.503906
44,0.360847,0.532043,11014.126953
45,0.330151,0.539980,11263.666992
46,0.304978,0.546314,11513.244141
47,0.280395,0.550164,11762.784180
48,0.261926,0.547600,12012.419922
49,0.261642,0.544493,12261.977539
50,0.290713,0.535086,12511.456055
51,0.331925,0.514250,12761.077148
52,0.349805,0.500459,13010.613281
53,0.369625,0.490969,13260.163086
54,0.391252,0.481137,13509.750000
55,0.389334,0.486042,13759.380859
56,0.368144,0.505949,14008.849609
57,0.353986,0.520404,14258.404297
58,0.333070,0.552265,14507.968750
59,0.300553,0.594567,14757.541992
60,0.275905,0.617143,15007.087891
61,0.256418,0.612987,15256.700195
62,0.242513,0.592050,15506.304688
63,0.226584,0.579221,15772.532227
64,0.214780,0.555423,16005.350586
65,0.220730,0.536402,16254.982422
66,0.240637,0.509183,16504.511719
67,0.248990,0.478133,16754.025391
68,0.276423,0.462992,17003.699219
69,0.323524,0.442985,17253.214844
70,0.355315,0.427592,17502.822266
71,0.410293,0.404687,17752.294922
72,0.447134,0.385985,18001.857422
73,0.474538,0.381827,18251.423828
74,0.503133,0.385751,18501.044922
75,0.545355,0.393869,18750.582031
76,0.573999,0.402259,19000.140625
77,0.583068,0.409685,19266.341797
78,0.583490,0.412569,19515.886719
79,0.573365,0.414012,19765.468750
80,0.535106,0.420425,20015.025391
81,0.487056,0.441623,20264.613281
82,0.447768,0.464933,20514.185547
83,0.424685,0.494265,20763.712891
84,0.417359,0.546140,21013.248047
85,0.416765,0.582646,21262.851562
86,0.416321,0.591209,21512.388672
87,0.412075,0.593074,21761.994141
88,0.414601,0.591211,22011.619141
89,0.432585,0.586334,22261.130859
90,0.459073,0.572940,22510.662109
91,0.471408,0.562506,22760.250000
92,0.474670,0.563144,23009.810547
93,0.471652,0.566670,23259.339844
94,0.461031,0.543158,23508.937500
95,0.456251,0.529835,23758.511719
96,0.450058,0.512778,24008.058594
97,0.448224,0.514265,24257.626953
98,0.446394,0.510171,24507.255859
99,0.450448,0.514607,24756.757812
0,0.749765,0.494518,-0.114301
1,0.749412,0.496416,266.113678
2,0.748863,0.499412,515.663025
3,0.748886,0.505276,765.257507
4,0.747859,0.508154,1014.770508
5,0.747479,0.506866,1280.963257
6,0.742093,0.503853,1513.935181
7,0.728763,0.502208,1763.521973
8,0.694707,0.504880,2013.042969
9,0.654570,0.516274,2262.599609
10,0.623712,0.530551,2512.152832
11,0.601757,0.544669,2761.733398
12,0.574090,0.551391,3011.283203
13,0.530809,0.546871,3260.862305
14,0.490606,0.548072,3510.415771
15,0.463440,0.553206,3760.022949
16,0.445413,0.559702,4009.567627
17,0.431743,0.558422,4259.104492
18,0.415469,0.557104,4508.662598
19,0.399943,0.556485,4758.227051
20,0.382173,0.555478,5007.820801
21,0.363316,0.554106,5257.342773
22,0.344772,0.556432,5506.940918
23,0.329008,0.559414,5756.489746
24,0.314588,0.558777,6006.102051
25,0.298424,0.553545,6255.642578
26,0.269740,0.547510,6505.181152
27,0.243248,0.543276,6754.752441
28,0.225395,0.542947,7004.295898
29,0.205976,0.543885,7253.882812
30,0.181856,0.544163,7503.456055
31,0.160627,0.542315,7752.986816
32,0.124474,0.536536,8002.598145
33,0.092096,0.529953,8252.131836
34,0.088438,0.527625,8501.695312
35,0.081375,0.532524,8751.250000
36,0.079839,0.536679,9000.862305
37,0.084056,0.543713,9250.386719
38,0.087129,0.551518,9516.623047
39,0.089843,0.550848,9766.147461
40,0.095581,0.551480,10015.749023
41,0.094114,0.552553,10265.269531
42,0.084777,0.555264,10514.852539
43,0.079046,0.560137,10764.388672
44,0.068090,0.561705,11014.010742
45,0.055344,0.561568,11263.542969
46,0.032665,0.562878,11513.125000
47,0.012454,0.558536,11762.663086
48,0.990368,0.554565,12012.237305
49,0.968468,0.554162,12261.848633
50,0.945511,0.559701,12511.400391
51,0.948621,0.566842,12760.905273
52,0.026641,0.574316,13010.472656
53,0.084435,0.584300,13260.084961
54,0.129639,0.598651,13509.609375
55,0.156114,0.609224,13759.195312
56,0.173751,0.605030,14008.726562
57,0.175394,0.589783,14258.318359
58,0.156599,0.571242,14507.879883
59,0.141052,0.558607,14757.507812
60,0.126683,0.557056,15007.003906
61,0.114245,0.557981,15256.546875
62,0.110705,0.555566,15506.127930
63,0.109381,0.551926,15755.685547
64,0.145835,0.542694,16005.257812
65,0.193364,0.532722,16254.803711
66,0.209882,0.535952,16504.369141
67,0.250907,0.522840,16753.943359
68,0.292917,0.513300,17003.527344
69,0.322638,0.514224,17253.082031
70,0.347889,0.516879,17502.617188
71,0.369713,0.518134,17752.232422
72,0.391343,0.517229,18001.751953
73,0.412220,0.519759,18251.318359
74,0.432134,0.520772,18500.886719
75,0.447444,0.526996,18750.451172
76,0.454751,0.533458,19000.027344
77,0.453662,0.539330,19266.251953
78,0.448488,0.538445,19515.771484
79,0.439737,0.533645,19765.365234
80,0.423237,0.524616,20014.890625
81,0.412021,0.496583,20264.460938
82,0.424267,0.451793,20514.035156
83,0.433305,0.411239,20763.642578
84,0.409087,0.383944,21013.148438
85,0.358969,0.373376,21262.722656
86,0.326798,0.375604,21512.306641
87,0.294649,0.385347,21761.869141
88,0.272560,0.399432,22011.447266
89,0.266845,0.420440,22260.996094
90,0.252639,0.497579,22510.552734
91,0.246841,0.608494,22760.111328
92,0.235771,0.716671,23009.699219
93,0.212147,0.780587,23259.230469
94,0.171298,0.820228,23508.806641
95,0.138318,0.826451,23758.384766
96,0.194137,0.806439,24007.917969
97,0.266058,0.753672,24257.505859
98,0.289791,0.711661,24507.042969
99,0.305999,0.673330,24756.615234
0,0.749977,0.575578,0.003228
1,0.750152,0.575674,266.216858
2,0.750422,0.566870,515.717224
3,0.748018,0.518974,765.342773
4,0.744240,0.447224,1014.898865
5,0.744974,0.425814,1264.452881
6,0.746512,0.443347,1514.014893
7,0.732559,0.459018,1763.542236
8,0.683651,0.477365,2013.161377
9,0.630957,0.502762,2262.666016
10,0.589532,0.507190,2512.333252
11,0.554976,0.504705,2761.826172
12,0.528403,0.507191,3011.351562
13,0.502544,0.521029,3260.980957
14,0.488151,0.527027,3510.536133
15,0.476714,0.532920,3760.117920
16,0.467698,0.540782,4009.624268
17,0.452212,0.554685,4259.216309
18,0.424666,0.557420,4508.774414
19,0.395718,0.553150,4758.301758
20,0.370228,0.545467,5007.915039
21,0.349890,0.537359,5257.517578
22,0.333019,0.531481,5507.103516
23,0.334990,0.528372,5756.592285
24,0.356626,0.526637,6006.209473
25,0.384162,0.533162,6255.691406
26,0.408323,0.544912,6505.266602
27,0.418475,0.554359,6754.850586
28,0.417348,0.562343,7004.459961
29,0.411079,0.565046,7254.021973
30,0.384178,0.563868,7503.503418
31,0.317830,0.559680,7753.139648
32,0.277601,0.570928,8002.699707
33,0.246217,0.567616,8252.226562
34,0.220769,0.560303,8501.778320
35,0.196567,0.550085,8751.435547
36,0.181011,0.551773,9000.926758
37,0.168195,0.554469,9250.470703
38,0.161884,0.566851,9500.083984
39,0.162983,0.595077,9766.250977
40,0.152937,0.612557,10015.805664
41,0.101198,0.603900,10265.349609
42,0.039602,0.581196,10514.973633
43,0.004783,0.581856,10764.491211
44,0.995005,0.588079,11014.054688
45,0.000797,0.600080,11263.614258
46,0.007220,0.604324,11513.166016
47,0.015440,0.605048,11762.791992
48,0.034385,0.602853,12012.333984
49,0.060941,0.600906,12261.973633
50,0.081765,0.604110,12511.496094
51,0.099005,0.604344,12760.987305
52,0.121300,0.602808,13010.600586
53,0.138420,0.600808,13260.127930
54,0.157430,0.599936,13509.718750
55,0.179238,0.599844,13759.319336
56,0.201070,0.600743,14008.877930
57,0.221057,0.602333,14258.422852
58,0.238369,0.604070,14508.066406
59,0.255201,0.600981,14757.510742
60,0.278764,0.592234,15007.147461
61,0.297627,0.586234,15256.726562
62,0.313411,0.583273,15506.258789
63,0.326811,0.580906,15755.797852
64,0.334645,0.582101,16005.334961
65,0.340616,0.584555,16254.938477
66,0.351400,0.583485,16504.464844
67,0.358583,0.578442,16754.080078
68,0.371914,0.574509,17003.574219
69,0.393747,0.575577,17253.181641
70,0.405271,0.576026,17502.755859
71,0.419496,0.574662,17752.316406
72,0.439008,0.576063,18001.869141
73,0.461437,0.574843,18251.402344
74,0.486428,0.575070,18501.007812
75,0.497243,0.571673,18750.603516
76,0.494736,0.569860,19000.132812
77,0.506187,0.551494,19266.292969
78,0.524961,0.540404,19515.894531
79,0.544514,0.534105,19765.488281
80,0.565685,0.535762,20015.039062
81,0.587263,0.536682,20264.548828
82,0.608938,0.537009,20514.199219
83,0.638034,0.530240,20763.796875
84,0.675982,0.521641,21013.324219
85,0.715732,0.510263,21262.841797
86,0.743976,0.501010,21512.402344
87,0.766233,0.501138,21761.994141
88,0.778569,0.508245,22011.511719
89,0.779275,0.510049,22261.080078
90,0.781493,0.509418,22510.703125
91,0.789710,0.507668,22760.248047
92,0.797930,0.508018,23009.791016
93,0.817781,0.508404,23259.345703
94,0.850877,0.523029,23508.919922
95,0.892938,0.554428,23758.490234
96,0.923037,0.564255,24008.046875
97,0.934846,0.572680,24257.589844
98,0.931869,0.577759,24507.160156
99,0.924551,0.583075,24756.707031
0,0.750185,0.473270,-0.041581
1,0.750146,0.474072,266.141541
2,0.750442,0.474238,515.757751
3,0.750676,0.475384,765.258972
4,0.766668,0.470108,1014.835327
5,0.892826,0.434180,1264.403442
6,0.972400,0.428500,1513.922241
7,0.976865,0.444134,1763.516113
8,0.998103,0.457505,2013.054932
9,0.010720,0.463619,2262.625000
10,0.012539,0.467223,2512.229248
11,0.012306,0.468803,2761.791748
12,0.970830,0.457246,3011.335693
13,0.843273,0.396436,3260.871826
14,0.650088,0.347797,3510.518799
15,0.583162,0.412568,3760.004639
16,0.572990,0.453809,4009.572998
17,0.568151,0.473984,4259.169434
18,0.559185,0.495466,4508.707031
19,0.566100,0.502767,4758.270508
20,0.627372,0.499874,5007.820801
21,0.680884,0.500121,5257.389160
22,0.718244,0.492731,5506.943848
23,0.760866,0.486280,5756.533203
24,0.805499,0.481048,6006.083496
25,0.831456,0.477246,6255.652832
26,0.847070,0.471117,6505.234375
27,0.895619,0.465112,6754.768066
28,0.955174,0.468274,7004.341797
29,0.985980,0.470861,7253.892578
30,0.013717,0.489020,7503.478027
31,0.054762,0.505269,7753.037109
32,0.096403,0.502063,8002.632812
33,0.125569,0.495452,8252.176758
34,0.156918,0.484233,8501.742188
35,0.176261,0.479934,8751.295898
36,0.192958,0.479356,9000.844727
37,0.217482,0.488543,9250.437500
38,0.240466,0.491907,9516.619141
39,0.260446,0.479917,9766.181641
40,0.271767,0.465027,10015.767578
41,0.290537,0.463711,10265.307617
42,0.313114,0.455268,10514.859375
43,0.337874,0.455298,10764.438477
44,0.361078,0.462993,11013.988281
45,0.394540,0.478096,11263.588867
46,0.413790,0.476663,11513.150391
47,0.414203,0.466438,11762.691406
48,0.405131,0.461942,12012.251953
49,0.392608,0.458914,12261.813477
50,0.384818,0.461938,12511.375977
51,0.376294,0.462149,12760.941406
52,0.341184,0.482641,13010.522461
53,0.306976,0.482047,13260.064453
54,0.266885,0.475188,13509.656250
55,0.215756,0.468442,13759.209961
56,0.194019,0.473232,14008.761719
57,0.170926,0.481144,14258.339844
58,0.150463,0.480843,14507.899414
59,0.141837,0.481355,14757.461914
60,0.153265,0.484676,15007.011719
61,0.158105,0.500625,15256.588867
62,0.169530,0.595721,15506.152344
63,0.195171,0.780566,15755.706055
64,0.205938,0.798248,16005.276367
65,0.204593,0.756660,16254.841797
66,0.206135,0.645008,16504.443359
67,0.210090,0.577139,16753.964844
68,0.212056,0.516677,17003.525391
69,0.214320,0.490421,17253.119141
70,0.221570,0.458817,17502.654297
71,0.228248,0.433243,17752.224609
72,0.236782,0.405630,18001.785156
73,0.244745,0.381268,18251.357422
74,0.247940,0.323988,18500.916016
75,0.248116,0.215840,18750.525391
76,0.244343,0.179831,19000.050781
77,0.242647,0.194809,19266.244141
78,0.239739,0.212399,19515.814453
79,0.236187,0.218174,19765.373047
80,0.232640,0.220649,20014.943359
81,0.227317,0.229390,20264.513672
82,0.221209,0.233204,20514.052734
83,0.201837,0.235946,20763.615234
84,0.180041,0.248132,21013.199219
85,0.155148,0.268101,21262.761719
86,0.136462,0.306986,21512.345703
87,0.121161,0.372736,21761.896484
88,0.107826,0.455743,22011.433594
89,0.072654,0.518260,22261.021484
90,0.048113,0.545015,22510.572266
91,0.037626,0.565250,22760.148438
92,0.043683,0.565790,23009.689453
93,0.076263,0.551709,23259.275391
94,0.108799,0.539840,23508.843750
95,0.111666,0.542729,23758.417969
96,0.087868,0.562412,24007.955078
97,0.057891,0.591623,24257.513672
98,0.058860,0.598556,24507.089844
99,0.063363,0.597757,24756.640625
0,0.763747,0.553015,-0.029622
1,0.779947,0.559280,266.172577
2,0.791209,0.561606,515.786133
3,0.786732,0.553120,765.314636
4,0.761027,0.517612,1014.884827
5,0.735790,0.492874,1264.444946
6,0.655308,0.499774,1513.982300
7,0.611987,0.515777,1763.560913
8,0.622558,0.529455,2013.091187
9,0.662556,0.534256,2262.688477
10,0.727044,0.525211,2512.236572
11,0.799950,0.502215,2761.832520
12,0.883134,0.476824,3011.391602
13,0.944669,0.486182,3260.925537
14,0.961309,0.507433,3510.519043
15,0.000519,0.528044,3760.132080
16,0.023608,0.524646,4009.645752
17,0.019309,0.523991,4259.195801
18,0.020963,0.530903,4508.826660
19,0.037954,0.536291,4758.339355
20,0.054957,0.528246,5007.868164
21,0.074330,0.519335,5257.505859
22,0.099573,0.498885,5507.104980
23,0.118368,0.493036,5756.672852
24,0.149123,0.496929,6006.151367
25,0.175465,0.500929,6255.747070
26,0.199834,0.499144,6505.245605
27,0.222478,0.497211,6754.875000
28,0.237941,0.495413,7004.369629
29,0.241993,0.499846,7254.046875
30,0.237376,0.510506,7503.503906
31,0.228451,0.518154,7753.100586
32,0.219495,0.520593,8002.682617
33,0.212298,0.517310,8252.247070
34,0.203558,0.511183,8501.784180
35,0.198440,0.514997,8751.412109
36,0.193339,0.519942,9000.955078
37,0.185803,0.521584,9250.490234
38,0.174366,0.522857,9500.011719
39,0.156670,0.528823,9766.267578
40,0.128557,0.533843,10015.833008
41,0.094097,0.541001,10265.356445
42,0.050516,0.544785,10514.909180
43,0.006295,0.549243,10764.511719
44,0.973895,0.555798,11014.095703
45,0.931214,0.558547,11263.609375
46,0.872052,0.549289,11513.215820
47,0.797864,0.517253,11762.763672
48,0.672478,0.450774,12012.324219
49,0.572051,0.451519,12261.880859
50,0.538118,0.472117,12511.436523
51,0.505035,0.488158,12761.028320
52,0.469101,0.506045,13010.552734
53,0.434815,0.494831,13260.211914
54,0.436567,0.458722,13509.677734
55,0.464136,0.433589,13759.250977
56,0.505318,0.410377,14008.815430
57,0.565922,0.417679,14258.391602
58,0.633213,0.432254,14507.933594
59,0.734369,0.453485,14757.547852
60,0.845253,0.479486,15007.078125
61,0.929567,0.494078,15256.636719
62,0.991141,0.511022,15506.197266
63,0.051294,0.518069,15755.752930
64,0.111669,0.519778,16005.328125
65,0.182942,0.504658,16254.898438
66,0.243871,0.495001,16504.451172
67,0.283728,0.502701,16754.037109
68,0.320139,0.503090,17003.560547
69,0.351844,0.501415,17253.140625
70,0.386546,0.508580,17502.703125
71,0.409770,0.515312,17752.285156
72,0.411733,0.513179,18001.830078
73,0.412156,0.508592,18251.429688
74,0.418292,0.511545,18500.974609
75,0.408083,0.512132,18750.521484
76,0.389719,0.502864,19000.089844
77,0.369446,0.494275,19266.326172
78,0.348375,0.490233,19515.867188
79,0.347804,0.496057,19765.435547
80,0.344021,0.499980,20014.980469
81,0.334298,0.495332,20264.591797
82,0.298942,0.485466,20514.115234
83,0.260611,0.485880,20763.683594
84,0.237701,0.492104,21013.226562
85,0.220972,0.499801,21262.800781
86,0.193652,0.504750,21512.367188
87,0.170027,0.503482,21761.951172
88,0.159504,0.490076,22011.490234
89,0.160202,0.438177,22261.089844
90,0.157397,0.376798,22510.648438
91,0.135874,0.278508,22760.210938
92,0.127592,0.227715,23009.748047
93,0.185217,0.250578,23259.345703
94,0.234698,0.299206,23508.929688
95,0.254562,0.314021,23758.470703
96,0.282459,0.332564,24008.058594
97,0.325230,0.381753,24257.574219
98,0.352864,0.425293,24507.128906
99,0.370258,0.459059,24756.722656
0,0.750151,0.571676,0.004938
1,0.750121,0.571480,266.158752
2,0.750191,0.570956,515.753845
3,0.750365,0.569519,765.311096
4,0.750982,0.567345,1014.846069
5,0.753825,0.563554,1264.527100
6,0.761825,0.556627,1514.035889
7,0.771542,0.544728,1763.618408
8,0.781019,0.534623,2013.099365
9,0.794515,0.528737,2262.691162
10,0.813874,0.526100,2512.261230
11,0.830278,0.522672,2761.795898
12,0.848603,0.521343,3011.425293
13,0.871884,0.518532,3260.930176
14,0.898195,0.518968,3510.494873
15,0.926934,0.514811,3760.046875
16,0.966873,0.507519,4009.686523
17,0.007799,0.496174,4259.201172
18,0.035395,0.492001,4508.775879
19,0.058871,0.488533,4758.454590
20,0.076622,0.487721,5007.869629
21,0.092226,0.489835,5257.464355
22,0.106883,0.491713,5507.061523
23,0.124220,0.493334,5756.648926
24,0.143125,0.495623,6006.119141
25,0.160323,0.499909,6255.720703
26,0.178016,0.503757,6505.267090
27,0.193615,0.501867,6754.929688
28,0.224989,0.487288,7004.416992
29,0.243573,0.491648,7253.946289
30,0.223765,0.489687,7503.525879
31,0.174749,0.483723,7753.067383
32,0.128936,0.483599,8002.671875
33,0.087356,0.487865,8252.241211
34,0.049188,0.491094,8501.790039
35,0.999822,0.490275,8751.360352
36,0.898838,0.495517,9000.911133
37,0.751417,0.497184,9250.502930
38,0.642941,0.487753,9500.096680
39,0.574722,0.477462,9766.217773
40,0.530658,0.474086,10015.791016
41,0.502267,0.485810,10265.401367
42,0.488636,0.502603,10514.977539
43,0.484369,0.519685,10764.502930
44,0.481792,0.531693,11014.060547
45,0.479768,0.536896,11263.652344
46,0.480134,0.537667,11513.212891
47,0.480424,0.538638,11762.750000
48,0.481038,0.540894,12012.291992
49,0.480794,0.542784,12261.942383
50,0.482910,0.533614,12511.415039
51,0.488564,0.509883,12760.996094
52,0.498526,0.482935,13010.593750
53,0.510363,0.455790,13260.166992
54,0.529199,0.437039,13509.710938
55,0.568712,0.410454,13759.238281
56,0.611067,0.390673,14008.877930
57,0.647271,0.397436,14258.367188
58,0.685443,0.426248,14507.922852
59,0.715716,0.445819,14757.590820
60,0.736533,0.455006,15007.125000
61,0.745579,0.464254,15256.698242
62,0.751245,0.472537,15506.201172
63,0.756857,0.480058,15755.856445
64,0.762328,0.489696,16005.321289
65,0.769132,0.505857,16254.881836
66,0.776261,0.520737,16504.458984
67,0.784399,0.529898,16754.046875
68,0.792111,0.533404,17020.255859
69,0.799874,0.533144,17253.169922
70,0.806544,0.532013,17502.757812
71,0.814639,0.531628,17752.308594
72,0.825735,0.532448,18001.824219
73,0.842926,0.537802,18251.419922
74,0.867247,0.544654,18501.003906
75,0.886368,0.548985,18750.511719
76,0.905632,0.550884,19000.136719
77,0.925295,0.556747,19266.292969
78,0.945813,0.571067,19515.900391
79,0.958839,0.587654,19765.472656
80,0.964597,0.599715,20014.964844
81,0.975421,0.603249,20264.595703
82,0.012479,0.593466,20514.197266
83,0.018801,0.588202,20763.724609
84,0.012508,0.588760,21013.253906
85,0.985679,0.573979,21262.794922
86,0.938518,0.555335,21512.400391
87,0.886879,0.541573,21761.951172
88,0.848092,0.538975,22011.544922
89,0.828247,0.546308,22261.109375
90,0.805047,0.538833,22510.662109
91,0.784532,0.527694,22760.175781
92,0.769388,0.514694,23009.755859
93,0.761647,0.502261,23259.343750
94,0.759662,0.497219,23508.863281
95,0.759123,0.494148,23758.480469
96,0.759393,0.490792,24008.078125
97,0.761143,0.487530,24257.640625
98,0.761493,0.485769,24507.130859
99,0.759162,0.483805,24756.751953
0,0.749938,0.526660,-0.007894
1,0.749928,0.526931,266.201630
2,0.750216,0.527402,515.723389
3,0.750410,0.526893,765.289185
4,0.749654,0.524424,1014.878052
5,0.748502,0.521489,1264.416016
6,0.742959,0.516133,1514.026855
7,0.735080,0.510504,1763.614380
8,0.730160,0.502440,2013.186890
9,0.723152,0.497455,2262.678955
10,0.708686,0.494928,2512.274414
11,0.702276,0.494087,2761.823242
12,0.697755,0.493223,3011.354004
13,0.685160,0.492970,3260.968262
14,0.669721,0.490475,3510.516113
15,0.658463,0.488628,3760.072754
16,0.644021,0.486171,4009.636719
17,0.629162,0.482860,4259.252441
18,0.609655,0.480954,4508.767090
19,0.588601,0.479018,4758.319336
20,0.564202,0.477315,5007.920410
21,0.539367,0.480609,5257.485352
22,0.515909,0.486334,5507.110352
23,0.496774,0.495688,5756.545898
24,0.477325,0.501237,6006.205078
25,0.457103,0.504505,6255.689453
26,0.437627,0.505043,6505.237793
27,0.414855,0.504975,6754.851074
28,0.395399,0.502842,7004.432617
29,0.375597,0.499607,7254.009277
30,0.356745,0.497569,7503.496094
31,0.337391,0.497592,7753.155273
32,0.317745,0.499918,8002.632324
33,0.292468,0.504518,8252.224609
34,0.260805,0.513843,8501.748047
35,0.234426,0.517688,8751.381836
36,0.214062,0.527787,9000.950195
37,0.205784,0.533737,9250.493164
38,0.203335,0.536333,9500.074219
39,0.203884,0.538527,9766.310547
40,0.207089,0.554729,10015.792969
41,0.212365,0.564818,10265.384766
42,0.216564,0.563866,10514.950195
43,0.221947,0.562173,10764.558594
44,0.227086,0.561549,11014.122070
45,0.232403,0.560881,11263.615234
46,0.238107,0.560140,11513.220703
47,0.243313,0.560367,11762.734375
48,0.249099,0.559254,12012.339844
49,0.254985,0.558620,12261.857422
50,0.261271,0.558459,12511.438477
51,0.268470,0.557906,12760.981445
52,0.276344,0.557493,13010.542969
53,0.285287,0.556875,13260.192383
54,0.294492,0.555694,13509.686523
55,0.302501,0.554795,13759.254883
56,0.310546,0.551999,14008.842773
57,0.320215,0.545897,14258.448242
58,0.329681,0.542842,14507.930664
59,0.339986,0.541330,14757.517578
60,0.350808,0.540777,15007.068359
61,0.359919,0.540342,15256.704102
62,0.368793,0.538963,15506.183594
63,0.377382,0.537557,15755.853516
64,0.386122,0.537558,16005.315430
65,0.395905,0.537544,16254.896484
66,0.406980,0.536309,16504.474609
67,0.420613,0.534719,16754.015625
68,0.434538,0.534975,17003.587891
69,0.448363,0.533357,17253.150391
70,0.461170,0.531538,17502.693359
71,0.475520,0.528912,17752.273438
72,0.500134,0.518887,18001.845703
73,0.543937,0.505150,18251.404297
74,0.579521,0.500304,18500.966797
75,0.613931,0.497331,18750.525391
76,0.648739,0.489969,19000.089844
77,0.682356,0.481226,19266.298828
78,0.705740,0.472620,19515.851562
79,0.725167,0.468741,19765.412109
80,0.752883,0.474541,20014.982422
81,0.783496,0.488910,20264.544922
82,0.792850,0.497040,20514.117188
83,0.791728,0.499517,20763.677734
84,0.788597,0.499497,21013.234375
85,0.784474,0.507186,21262.812500
86,0.780830,0.532751,21512.367188
87,0.778422,0.531221,21761.955078
88,0.776300,0.527827,22011.494141
89,0.775532,0.526826,22261.091797
90,0.775704,0.528618,22510.630859
91,0.774740,0.530163,22760.216797
92,0.769048,0.530044,23009.750000
93,0.761165,0.531210,23259.294922
94,0.754553,0.533171,23508.865234
95,0.753330,0.535567,23758.441406
96,0.753391,0.534327,24008.011719
97,0.755754,0.534741,24257.580078
98,0.755931,0.533694,24507.132812
99,0.751673,0.530707,24756.695312
0,0.749635,0.460671,-0.000366
1,0.749095,0.461087,266.222931
2,0.750907,0.461457,515.805725
3,0.764760,0.456532,765.374390
4,0.785095,0.446579,1014.932251
5,0.798731,0.432852,1264.542603
6,0.810174,0.396482,1514.014160
7,0.820563,0.348295,1763.614502
8,0.832852,0.301470,2013.208740
9,0.848728,0.279010,2262.725586
10,0.861400,0.280370,2512.311523
11,0.874600,0.294318,2761.875732
12,0.888151,0.304710,3011.460693
13,0.900316,0.312610,3260.966309
14,0.925154,0.325413,3510.593994
15,0.948835,0.332962,3760.085205
16,0.969532,0.333938,4009.652832
17,0.000193,0.341631,4259.290039
18,0.023028,0.346537,4508.812988
19,0.048835,0.348754,4758.423828
20,0.077775,0.354170,5007.918945
21,0.100520,0.346706,5257.556641
22,0.117053,0.322947,5507.048828
23,0.130406,0.312556,5756.626953
24,0.149687,0.320917,6006.284668
25,0.173908,0.331286,6255.860840
26,0.187144,0.336593,6505.378906
27,0.204722,0.343256,6754.890625
28,0.220118,0.351949,7004.516113
29,0.235611,0.346937,7254.059570
30,0.257654,0.334001,7503.545410
31,0.270771,0.316595,7753.160156
32,0.287738,0.297027,8002.741211
33,0.304810,0.279453,8252.253906
34,0.309212,0.262351,8501.808594
35,0.310128,0.256918,8751.416992
36,0.313673,0.260395,9001.011719
37,0.324549,0.263042,9250.497070
38,0.328937,0.260013,9500.111328
39,0.301640,0.246780,9766.294922
40,0.249539,0.260993,10015.903320
41,0.198008,0.301200,10265.377930
42,0.151883,0.337658,10514.995117
43,0.100067,0.363686,10764.573242
44,0.050038,0.379384,11014.138672
45,0.005493,0.382322,11263.652344
46,0.976440,0.387503,11513.238281
47,0.954347,0.384131,11762.867188
48,0.925150,0.357239,12012.336914
49,0.894886,0.321908,12261.894531
50,0.861890,0.323797,12511.529297
51,0.803755,0.335519,12761.101562
52,0.769618,0.350498,13010.606445
53,0.751118,0.358680,13260.308594
54,0.741537,0.348953,13509.731445
55,0.728929,0.349661,13759.325195
56,0.695557,0.360910,14008.843750
57,0.653712,0.374972,14258.420898
58,0.623313,0.377888,14508.023438
59,0.594544,0.381734,14757.527344
60,0.567429,0.387038,15007.232422
61,0.562681,0.374714,15256.728516
62,0.567025,0.349629,15506.273438
63,0.559641,0.336219,15755.821289
64,0.541546,0.336535,16005.393555
65,0.530215,0.335765,16254.985352
66,0.522007,0.333943,16504.480469
67,0.515055,0.312280,16754.181641
68,0.509149,0.269313,17003.656250
69,0.501910,0.231204,17253.205078
70,0.487971,0.232513,17502.742188
71,0.476127,0.236954,17752.363281
72,0.470252,0.241047,18001.970703
73,0.457589,0.248878,18251.468750
74,0.442776,0.266124,18501.050781
75,0.438538,0.282618,18750.595703
76,0.435445,0.292874,19000.177734
77,0.424999,0.300276,19266.380859
78,0.411940,0.311626,19515.880859
79,0.401584,0.322547,19765.509766
80,0.399435,0.322663,20015.125000
81,0.396447,0.325027,20264.595703
82,0.393296,0.330511,20514.253906
83,0.385390,0.344716,20763.708984
84,0.379015,0.349732,21013.291016
85,0.375180,0.347089,21262.830078
86,0.369167,0.331557,21512.472656
87,0.354926,0.315205,21762.041016
88,0.345733,0.285170,22011.595703
89,0.346587,0.245238,22261.119141
90,0.349061,0.243905,22510.693359
91,0.354009,0.265734,22760.224609
92,0.351540,0.304838,23009.794922
93,0.296585,0.379881,23259.416016
94,0.258656,0.429071,23508.949219
95,0.249454,0.433224,23758.566406
96,0.254712,0.403269,24008.033203
97,0.253421,0.372049,24257.722656
98,0.264264,0.376420,24507.193359
99,0.319644,0.394648,24756.757812
0,0.754872,0.583593,-0.023900
1,0.765065,0.567763,266.198517
2,0.774594,0.546881,515.737000
3,0.776566,0.537128,765.363159
4,0.764137,0.539339,1014.886719
5,0.743951,0.541529,1264.394409
6,0.708803,0.532917,1514.026733
7,0.647374,0.518251,1763.530640
8,0.587100,0.505262,2013.103394
9,0.530593,0.492866,2262.638428
10,0.504880,0.503697,2512.268066
11,0.502265,0.518619,2761.811768
12,0.513194,0.519510,3011.341553
13,0.545422,0.513114,3260.967285
14,0.594917,0.492992,3510.557129
15,0.649593,0.463783,3760.071533
16,0.725550,0.440417,4009.643555
17,0.796328,0.429222,4259.222168
18,0.855650,0.448637,4508.755371
19,0.895439,0.470810,4758.312012
20,0.922424,0.485049,5007.858887
21,0.955116,0.509820,5257.465820
22,0.989190,0.523917,5507.010742
23,0.021578,0.528702,5756.645996
24,0.052676,0.528925,6006.226074
25,0.089104,0.527516,6255.687500
26,0.123945,0.527715,6505.222656
27,0.155212,0.527386,6754.807129
28,0.184766,0.526508,7004.465332
29,0.220964,0.524847,7253.942871
30,0.266563,0.526402,7503.534180
31,0.310192,0.518177,7753.123047
32,0.324641,0.514402,8002.657715
33,0.363142,0.540925,8252.194336
34,0.375563,0.551819,8501.815430
35,0.357745,0.537659,8751.329102
36,0.333375,0.534017,9000.875000
37,0.312956,0.532282,9250.475586
38,0.276518,0.524577,9500.039062
39,0.232636,0.513749,9766.265625
40,0.182757,0.505413,10015.788086
41,0.146976,0.498068,10265.333984
42,0.118508,0.483821,10514.960938
43,0.088707,0.434237,10764.489258
44,0.049425,0.355607,11014.055664
45,0.003707,0.294720,11263.616211
46,0.955176,0.278353,11513.170898
47,0.904721,0.303104,11762.753906
48,0.901774,0.319775,12012.266602
49,0.931129,0.331445,12261.947266
50,0.998560,0.357060,12511.525391
51,0.091307,0.401534,12761.024414
52,0.153754,0.429621,13010.572266
53,0.208169,0.433500,13260.144531
54,0.253733,0.438401,13509.707031
55,0.287502,0.450385,13759.219727
56,0.318781,0.464825,14008.791992
57,0.346589,0.471629,14258.384766
58,0.374298,0.486172,14507.934570
59,0.410169,0.494157,14757.497070
60,0.449452,0.498656,15007.056641
61,0.478108,0.503644,15256.613281
62,0.494227,0.507551,15506.168945
63,0.480678,0.505867,15755.764648
64,0.460792,0.513923,16005.364258
65,0.448541,0.517793,16254.953125
66,0.436357,0.522622,16504.416016
67,0.418016,0.528650,16754.048828
68,0.387341,0.531057,17003.615234
69,0.354793,0.535738,17253.148438
70,0.332917,0.552397,17502.724609
71,0.309430,0.554942,17752.259766
72,0.289925,0.553627,18001.851562
73,0.273929,0.552339,18251.363281
74,0.262258,0.544833,18500.994141
75,0.267995,0.550411,18750.597656
76,0.280097,0.558258,19000.082031
77,0.292759,0.551648,19266.265625
78,0.310538,0.497224,19515.925781
79,0.341542,0.445216,19765.451172
80,0.372950,0.435313,20015.011719
81,0.412899,0.456786,20264.529297
82,0.419899,0.475088,20514.167969
83,0.402753,0.495360,20763.750000
84,0.389881,0.506852,21013.240234
85,0.368355,0.524336,21262.873047
86,0.352286,0.529459,21512.435547
87,0.337406,0.530127,21761.925781
88,0.322069,0.546050,22011.470703
89,0.306499,0.555500,22261.070312
90,0.282044,0.554391,22510.628906
91,0.260274,0.556893,22760.185547
92,0.235826,0.560602,23009.830078
93,0.190676,0.558222,23259.335938
94,0.153834,0.563096,23508.876953
95,0.122103,0.559348,23758.404297
96,0.088884,0.556270,24008.017578
97,0.050647,0.554702,24257.552734
98,0.011142,0.554072,24507.132812
99,0.985403,0.552140,24756.818359
0,0.750510,0.541636,-0.049652
1,0.750184,0.541526,266.182739
2,0.750422,0.540469,515.752869
3,0.753608,0.536847,765.222778
4,0.765616,0.524531,1014.827209
5,0.766348,0.509221,1264.392700
6,0.760068,0.505703,1514.059326
7,0.759825,0.503356,1763.504517
8,0.767299,0.488757,2013.156860
9,0.806101,0.449906,2262.678955
10,0.846752,0.427680,2512.181885
11,0.860194,0.429524,2761.741211
12,0.872634,0.451594,3011.349854
13,0.892186,0.481927,3260.864746
14,0.904026,0.498655,3510.458740
15,0.906255,0.504761,3760.034180
16,0.898651,0.506290,4009.613770
17,0.871986,0.507541,4259.148926
18,0.808822,0.507976,4508.710938
19,0.728818,0.495421,4758.364746
20,0.651032,0.480837,5007.807129
21,0.593792,0.474344,5257.423828
22,0.548390,0.473138,5507.016113
23,0.510943,0.475250,5756.534668
24,0.486297,0.475427,6006.078613
25,0.467809,0.478683,6255.668945
26,0.454777,0.485857,6505.276367
27,0.440277,0.490539,6754.819336
28,0.417651,0.498295,7004.371094
29,0.396359,0.502943,7253.936035
30,0.374838,0.504433,7503.490723
31,0.354200,0.505537,7753.012207
32,0.338457,0.511863,8002.614258
33,0.318596,0.518722,8252.220703
34,0.297325,0.514240,8501.715820
35,0.283699,0.519602,8751.301758
36,0.268989,0.524815,9000.906250
37,0.259166,0.525190,9250.476562
38,0.262847,0.523541,9516.673828
39,0.264624,0.527495,9766.192383
40,0.269380,0.529105,10015.773438
41,0.289003,0.518079,10265.376953
42,0.307193,0.517315,10514.933594
43,0.323784,0.523806,10764.441406
44,0.344021,0.531073,11014.039062
45,0.359416,0.535285,11263.601562
46,0.370927,0.536528,11513.124023
47,0.376511,0.539202,11762.739258
48,0.379893,0.540127,12012.256836
49,0.390189,0.540629,12261.845703
50,0.401475,0.541609,12511.369141
51,0.410042,0.543507,12760.994141
52,0.416222,0.546391,13010.544922
53,0.418677,0.547470,13260.086914
54,0.418979,0.547007,13509.642578
55,0.418981,0.547232,13759.228516
56,0.421295,0.546102,14008.813477
57,0.428619,0.541838,14258.322266
58,0.433079,0.540298,14507.985352
59,0.433184,0.540234,14757.462891
60,0.432715,0.540933,15007.070312
61,0.432716,0.541980,15256.640625
62,0.432445,0.542928,15506.256836
63,0.431267,0.543233,15755.720703
64,0.421378,0.542614,16005.273438
65,0.388613,0.540812,16254.938477
66,0.348514,0.543374,16504.398438
67,0.302732,0.543670,16754.005859
68,0.253997,0.539304,17003.546875
69,0.227456,0.532668,17253.203125
70,0.216962,0.535686,17502.707031
71,0.209922,0.536278,17752.205078
72,0.207759,0.536097,18001.820312
73,0.217241,0.528007,18251.361328
74,0.233216,0.514992,18501.000000
75,0.256564,0.497866,18750.474609
76,0.303853,0.471920,19000.085938
77,0.349493,0.437469,19266.349609
78,0.364002,0.426074,19515.921875
79,0.359300,0.439003,19765.361328
80,0.366540,0.450633,20015.023438
81,0.382896,0.458200,20264.484375
82,0.408878,0.463121,20514.078125
83,0.433781,0.468971,20763.623047
84,0.463946,0.477626,21013.240234
85,0.494803,0.485687,21262.769531
86,0.527634,0.499959,21512.347656
87,0.560250,0.501647,21761.898438
88,0.585949,0.498557,22011.468750
89,0.610843,0.497013,22261.029297
90,0.643532,0.497298,22510.580078
91,0.680305,0.486780,22760.193359
92,0.711691,0.478672,23009.785156
93,0.728546,0.475571,23259.259766
94,0.738716,0.477336,23508.890625
95,0.748238,0.479599,23758.490234
96,0.754409,0.480503,24008.056641
97,0.756425,0.482128,24257.541016
98,0.757536,0.485082,24507.134766
99,0.751864,0.484125,24756.664062
0,0.747887,0.460449,-0.058463
1,0.747580,0.457741,266.148132
2,0.752133,0.464133,515.678101
3,0.758897,0.471556,765.308105
4,0.763020,0.471523,1014.850952
5,0.771275,0.471590,1264.374512
6,0.773027,0.474774,1513.920288
7,0.766981,0.477679,1763.510986
8,0.756539,0.481539,2013.052368
9,0.731426,0.489039,2262.670898
10,0.701665,0.495755,2512.183350
11,0.686185,0.496357,2761.786621
12,0.679358,0.485377,3011.357910
13,0.687845,0.452383,3261.004639
14,0.699035,0.404710,3510.473389
15,0.722944,0.355334,3760.024658
16,0.759905,0.336155,4009.662354
17,0.769887,0.342577,4259.207520
18,0.771881,0.347790,4508.802734
19,0.771177,0.348998,4758.265137
20,0.768348,0.351433,5007.876953
21,0.764380,0.354333,5257.461914
22,0.763909,0.355675,5506.991211
23,0.767490,0.360109,5756.564453
24,0.748459,0.374357,6006.097656
25,0.661660,0.411417,6255.674316
26,0.592061,0.433624,6505.216797
27,0.551518,0.437263,6754.818848
28,0.522458,0.448071,7004.340332
29,0.494871,0.467637,7253.902344
30,0.474907,0.475150,7503.497559
31,0.458846,0.477164,7753.063965
32,0.440821,0.488323,8002.671875
33,0.417461,0.507357,8252.166016
34,0.407487,0.510641,8501.790039
35,0.391542,0.507262,8751.284180
36,0.369957,0.506528,9000.915039
37,0.347496,0.495749,9250.441406
38,0.329264,0.477246,9500.009766
39,0.308196,0.463802,9766.257812
40,0.274400,0.465190,10015.784180
41,0.242405,0.465042,10265.309570
42,0.216569,0.466761,10514.960938
43,0.187902,0.474798,10764.464844
44,0.149265,0.494972,11014.021484
45,0.118610,0.502496,11263.584961
46,0.105116,0.505255,11513.160156
47,0.100543,0.501215,11762.709961
48,0.097775,0.496804,12012.259766
49,0.096878,0.498307,12261.824219
50,0.097280,0.500673,12511.397461
51,0.098780,0.504275,12760.965820
52,0.099998,0.507778,13010.515625
53,0.100585,0.509689,13260.084961
54,0.100619,0.510712,13509.634766
55,0.101006,0.511445,13759.213867
56,0.107208,0.508895,14008.773438
57,0.136923,0.498208,14258.366211
58,0.174671,0.487994,14507.926758
59,0.196118,0.480635,14757.476562
60,0.206477,0.471144,15007.032227
61,0.221837,0.459469,15256.589844
62,0.237027,0.456092,15506.152344
63,0.266152,0.454112,15755.728516
64,0.292357,0.448803,16005.314453
65,0.310399,0.441170,16254.873047
66,0.329532,0.438998,16504.410156
67,0.350902,0.439079,16753.964844
68,0.374905,0.436857,17003.529297
69,0.397329,0.436492,17253.109375
70,0.416260,0.437160,17502.671875
71,0.431914,0.439270,17752.224609
72,0.445007,0.446604,18001.785156
73,0.453391,0.450994,18251.361328
74,0.460054,0.457403,18500.941406
75,0.473902,0.463540,18750.494141
76,0.502547,0.457187,19000.064453
77,0.538065,0.453994,19266.263672
78,0.568799,0.449558,19515.820312
79,0.592415,0.443737,19765.373047
80,0.629129,0.440564,20014.939453
81,0.676849,0.433679,20264.519531
82,0.723113,0.428073,20514.087891
83,0.760269,0.425681,20763.644531
84,0.784485,0.426202,21013.193359
85,0.798546,0.428781,21262.753906
86,0.815107,0.430819,21512.328125
87,0.844107,0.423137,21761.896484
88,0.882087,0.415808,22011.457031
89,0.908281,0.418131,22261.011719
90,0.944478,0.450488,22510.589844
91,0.962614,0.475971,22760.169922
92,0.962628,0.477502,23009.746094
93,0.959709,0.477045,23259.318359
94,0.957155,0.477868,23508.886719
95,0.953605,0.481111,23758.402344
96,0.950584,0.483804,24007.970703
97,0.949450,0.486174,24257.542969
98,0.949553,0.464868,24507.091797
99,0.939574,0.424614,24756.650391
0,0.749688,0.496491,-0.007212
1,0.748333,0.497730,266.245850
2,0.748175,0.496725,515.674744
3,0.748161,0.497512,765.370972
4,0.748875,0.498297,1014.834229
5,0.771199,0.496875,1281.098511
6,0.825249,0.491182,1513.937988
7,0.846758,0.500311,1763.531982
8,0.867332,0.509835,2013.071533
9,0.911447,0.529646,2262.646484
10,0.917150,0.543278,2512.262695
11,0.916805,0.549290,2761.816650
12,0.910099,0.547514,3011.423584
13,0.879895,0.547562,3260.885498
14,0.842439,0.547010,3510.550049
15,0.789903,0.543379,3759.989746
16,0.735829,0.535837,4009.620361
17,0.702958,0.517924,4259.174805
18,0.661854,0.514869,4508.836914
19,0.588291,0.542317,4758.234375
20,0.569867,0.562739,5007.914551
21,0.568016,0.573865,5257.394531
22,0.550655,0.593713,5506.957520
23,0.533113,0.602729,5756.514648
24,0.526439,0.595764,6006.128906
25,0.561233,0.576094,6255.699707
26,0.615601,0.532162,6505.235840
27,0.661183,0.486995,6754.858887
28,0.695273,0.456424,7004.367676
29,0.727361,0.439905,7254.000977
30,0.766239,0.443166,7503.480469
31,0.833644,0.446659,7753.110352
32,0.914917,0.488053,8002.604980
33,0.975722,0.543131,8252.164062
34,0.012497,0.548490,8501.728516
35,0.049631,0.540694,8751.342773
36,0.072594,0.543740,9000.776367
37,0.091847,0.552122,9250.447266
38,0.121402,0.557797,9500.026367
39,0.148647,0.547030,9766.249023
40,0.173637,0.548463,10015.766602
41,0.186493,0.555745,10265.294922
42,0.206131,0.544333,10514.964844
43,0.218993,0.532198,10764.423828
44,0.247663,0.516278,11013.987305
45,0.280249,0.505146,11263.507812
46,0.302122,0.503326,11513.187500
47,0.317468,0.507223,11762.755859
48,0.335857,0.511296,12012.242188
49,0.352116,0.517535,12261.897461
50,0.367241,0.524630,12511.394531
51,0.374971,0.527325,12760.958984
52,0.366797,0.524114,13010.520508
53,0.341671,0.520894,13260.113281
54,0.313198,0.520307,13509.636719
55,0.265742,0.521381,13759.213867
56,0.201817,0.515031,14008.789062
57,0.145296,0.512129,14258.376953
58,0.112404,0.519941,14507.856445
59,0.109323,0.523080,14757.428711
60,0.107621,0.528080,15007.040039
61,0.106060,0.530424,15256.591797
62,0.106563,0.534731,15506.160156
63,0.106421,0.536178,15755.713867
64,0.107083,0.538048,16005.273438
65,0.108914,0.539546,16254.828125
66,0.111052,0.540889,16504.396484
67,0.113068,0.541989,16753.925781
68,0.114764,0.541551,17003.556641
69,0.116071,0.541630,17253.011719
70,0.117143,0.543003,17502.683594
71,0.117560,0.544050,17752.242188
72,0.118274,0.545957,18001.781250
73,0.118688,0.547981,18251.390625
74,0.119440,0.549148,18500.933594
75,0.120940,0.550190,18750.554688
76,0.125755,0.550083,19000.009766
77,0.158544,0.545500,19266.220703
78,0.176724,0.539450,19515.748047
79,0.181980,0.535044,19765.333984
80,0.187458,0.531612,20014.919922
81,0.194946,0.526046,20264.470703
82,0.241813,0.508590,20514.115234
83,0.286031,0.499334,20763.583984
84,0.294120,0.496610,21013.220703
85,0.298366,0.494894,21262.730469
86,0.303853,0.486492,21512.291016
87,0.307064,0.484645,21778.431641
88,0.306999,0.487677,22011.429688
89,0.305419,0.491616,22260.943359
90,0.304459,0.491501,22527.216797
91,0.302784,0.494382,22760.087891
92,0.300855,0.495404,23009.681641
93,0.272241,0.502249,23259.263672
94,0.224578,0.513639,23508.796875
95,0.206033,0.502892,23758.306641
96,0.209221,0.503929,24007.898438
97,0.207560,0.497157,24257.505859
98,0.214393,0.492951,24507.039062
99,0.220358,0.487674,24839.777344
0,0.762640,0.560840,-0.004817
1,0.782239,0.557371,266.219666
2,0.804719,0.553873,515.765747
3,0.825941,0.550967,765.364380
4,0.859262,0.550188,1014.917786
5,0.906300,0.548660,1264.534546
6,0.935013,0.558214,1514.109497
7,0.945128,0.565642,1763.542603
8,0.958412,0.570179,2013.170532
9,0.985908,0.570139,2262.676270
10,0.011930,0.567422,2512.300537
11,0.031871,0.566307,2761.867188
12,0.053597,0.562927,3011.466797
13,0.075958,0.560006,3261.038086
14,0.091686,0.556914,3510.525879
15,0.109679,0.557940,3760.162354
16,0.130865,0.560866,4009.637207
17,0.148168,0.566521,4259.270996
18,0.145407,0.568080,4508.760742
19,0.136323,0.561961,4758.442383
20,0.130791,0.560904,5007.886230
21,0.126515,0.560441,5257.465820
22,0.107219,0.559861,5507.050781
23,0.073828,0.558502,5756.625977
24,0.023724,0.560187,6006.186035
25,0.990002,0.562431,6255.733887
26,0.964623,0.563325,6505.376953
27,0.941280,0.565014,6754.860840
28,0.925110,0.568961,7004.403809
29,0.916067,0.574187,7253.986328
30,0.912496,0.576343,7503.595215
31,0.906776,0.574992,7753.093750
32,0.894226,0.569999,8002.652832
33,0.873204,0.567587,8252.320312
34,0.842882,0.561155,8501.819336
35,0.793924,0.556499,8751.350586
36,0.749840,0.558439,9000.981445
37,0.707592,0.555175,9250.506836
38,0.643867,0.542531,9500.094727
39,0.592660,0.540318,9766.239258
40,0.578903,0.542745,10015.869141
41,0.522143,0.539804,10265.479492
42,0.463386,0.545900,10514.973633
43,0.443740,0.557789,10764.522461
44,0.422426,0.559814,11014.059570
45,0.393964,0.555844,11263.663086
46,0.371328,0.548682,11513.177734
47,0.349052,0.536736,11762.811523
48,0.335920,0.537377,12012.373047
49,0.334224,0.547526,12261.903320
50,0.345113,0.555144,12511.448242
51,0.360588,0.553131,12761.138672
52,0.382098,0.556780,13010.615234
53,0.401445,0.566982,13260.208008
54,0.410182,0.574894,13509.690430
55,0.421547,0.569907,13759.248047
56,0.433808,0.580811,14008.860352
57,0.440212,0.574663,14258.423828
58,0.442263,0.561662,14508.026367
59,0.446183,0.551483,14757.593750
60,0.449556,0.558143,15007.103516
61,0.449274,0.552422,15256.667969
62,0.442798,0.542410,15506.310547
63,0.431387,0.524223,15755.811523
64,0.426991,0.539685,16005.326172
65,0.423517,0.541663,16255.010742
66,0.413853,0.545743,16504.515625
67,0.407049,0.550055,16754.146484
68,0.395118,0.550319,17003.632812
69,0.378675,0.556256,17253.210938
70,0.361072,0.556365,17502.740234
71,0.346086,0.550240,17752.359375
72,0.330458,0.542845,18001.890625
73,0.314336,0.535527,18251.402344
74,0.279783,0.540458,18501.019531
75,0.254680,0.546683,18750.541016
76,0.247025,0.544548,19000.158203
77,0.228660,0.541444,19266.380859
78,0.207084,0.543314,19515.931641
79,0.203675,0.545069,19765.511719
80,0.212220,0.543134,20015.031250
81,0.244615,0.538857,20264.595703
82,0.293303,0.528705,20514.181641
83,0.326854,0.523110,20763.681641
84,0.344916,0.522055,21013.357422
85,0.357592,0.521843,21262.933594
86,0.369194,0.523863,21512.375000
87,0.378594,0.527503,21762.058594
88,0.382573,0.526928,22011.582031
89,0.385547,0.530549,22261.115234
90,0.394940,0.535181,22510.636719
91,0.401760,0.536042,22760.259766
92,0.408091,0.534341,23009.798828
93,0.410371,0.531837,23259.398438
94,0.414403,0.531784,23508.882812
95,0.417831,0.535332,23758.554688
96,0.420889,0.538162,24008.074219
97,0.416521,0.536608,24257.593750
98,0.413937,0.535189,24507.207031
99,0.414307,0.538411,24756.705078
0,0.747687,0.536889,0.099754
1,0.746201,0.540373,266.324799
2,0.745790,0.544008,515.854797
3,0.748221,0.549059,765.496826
4,0.752265,0.551975,1015.017395
5,0.754716,0.557932,1264.605469
6,0.726204,0.577007,1514.114258
7,0.670214,0.589624,1763.715210
8,0.617782,0.582505,2013.340576
9,0.570278,0.569678,2262.837158
10,0.518523,0.551407,2512.427246
11,0.477407,0.542872,2761.967041
12,0.449631,0.530978,3011.505371
13,0.422870,0.522011,3261.093750
14,0.395546,0.513073,3510.647461
15,0.368927,0.508793,3760.184814
16,0.348336,0.503623,4009.779541
17,0.340863,0.502908,4259.327637
18,0.351490,0.505852,4508.928223
19,0.373244,0.514240,4758.444824
20,0.412249,0.518615,5008.032715
21,0.462091,0.517922,5257.633301
22,0.490600,0.518140,5507.233398
23,0.502732,0.524116,5756.729004
24,0.517319,0.532274,6006.303711
25,0.600140,0.524639,6255.843750
26,0.729541,0.502806,6505.383301
27,0.864981,0.490958,6754.957031
28,0.976092,0.491194,7004.596191
29,0.044076,0.501070,7254.145996
30,0.087482,0.501780,7503.651367
31,0.109065,0.501325,7753.240723
32,0.106603,0.502164,8002.812012
33,0.104158,0.502937,8252.351562
34,0.122487,0.506268,8501.921875
35,0.156375,0.518080,8751.460938
36,0.172375,0.524436,9001.025391
37,0.171996,0.527379,9250.621094
38,0.156426,0.528340,9500.175781
39,0.131903,0.524970,9766.366211
40,0.086401,0.524437,10015.940430
41,0.997610,0.525275,10265.485352
42,0.949062,0.515887,10515.055664
43,0.917186,0.512034,10764.623047
44,0.850162,0.504472,11014.205078
45,0.774172,0.485977,11263.746094
46,0.715686,0.479940,11513.310547
47,0.678600,0.476988,11762.897461
48,0.651569,0.482494,12012.454102
49,0.612129,0.494107,12261.996094
50,0.565083,0.498197,12511.586914
51,0.511564,0.490046,12761.136719
52,0.447566,0.495988,13010.708008
53,0.363141,0.498356,13260.254883
54,0.301556,0.505438,13509.826172
55,0.258414,0.511720,13759.387695
56,0.222846,0.513323,14008.947266
57,0.201935,0.514585,14258.519531
58,0.200116,0.513234,14508.119141
59,0.213066,0.512417,14757.642578
60,0.229495,0.509209,15007.252930
61,0.250817,0.504540,15256.777344
62,0.287748,0.500920,15506.336914
63,0.308022,0.503844,15755.894531
64,0.314505,0.510599,16005.464844
65,0.320947,0.517014,16255.020508
66,0.334937,0.520467,16504.587891
67,0.353706,0.529022,16754.146484
68,0.365529,0.532471,17003.707031
69,0.361841,0.523331,17253.294922
70,0.352482,0.518068,17502.847656
71,0.375031,0.519801,17752.412109
72,0.414960,0.522525,18001.968750
73,0.450595,0.528468,18251.541016
74,0.476280,0.541946,18501.095703
75,0.521922,0.526841,18750.652344
76,0.593820,0.513350,19000.242188
77,0.640340,0.502749,19266.451172
78,0.679383,0.493405,19515.982422
79,0.728039,0.478450,19765.552734
80,0.780144,0.479424,20015.111328
81,0.828355,0.483675,20264.679688
82,0.871770,0.481768,20514.275391
83,0.931173,0.477305,20763.810547
84,0.982920,0.476604,21013.386719
85,0.997334,0.484330,21262.939453
86,0.010304,0.478905,21512.505859
87,0.037396,0.477817,21762.074219
88,0.059879,0.487077,22011.626953
89,0.080389,0.488367,22261.197266
90,0.094748,0.492741,22510.800781
91,0.095956,0.498100,22760.347656
92,0.092217,0.500063,23009.886719
93,0.087532,0.502029,23259.474609
94,0.085229,0.503327,23509.025391
95,0.086064,0.503689,23758.568359
96,0.087634,0.503646,24008.130859
97,0.087061,0.504723,24257.736328
98,0.087632,0.502337,24507.283203
99,0.093686,0.506826,24756.845703
0,0.750574,0.568533,0.056034
1,0.749682,0.567855,266.263794
2,0.750361,0.567041,515.896729
3,0.757073,0.548356,765.359802
4,0.778782,0.513536,1014.973694
5,0.791464,0.495641,1264.570557
6,0.780460,0.475707,1514.045044
7,0.777948,0.456274,1763.649536
8,0.776845,0.450671,2013.217651
9,0.774752,0.444198,2262.735596
10,0.772226,0.426257,2512.354736
11,0.780410,0.413798,2761.910645
12,0.813590,0.403746,3011.568848
13,0.833254,0.398863,3261.012451
14,0.856235,0.403205,3510.601074
15,0.880747,0.417548,3760.132324
16,0.908710,0.436732,4009.688721
17,0.932627,0.444368,4259.375000
18,0.941759,0.461109,4508.862793
19,0.948383,0.464768,4758.432617
20,0.954829,0.451847,5007.967285
21,0.958071,0.421117,5257.579102
22,0.974151,0.412482,5507.120605
23,0.986378,0.425831,5756.687988
24,0.016820,0.440681,6006.313477
25,0.050187,0.455500,6255.816406
26,0.074407,0.460498,6505.384277
27,0.097390,0.465927,6754.901855
28,0.119745,0.467148,7004.523926
29,0.139638,0.469896,7254.072754
30,0.159593,0.474810,7503.642578
31,0.179627,0.474375,7753.164551
32,0.197832,0.469048,8002.829102
33,0.215181,0.462848,8252.286133
34,0.235442,0.457818,8501.842773
35,0.255132,0.454613,8751.520508
36,0.274769,0.454126,9000.962891
37,0.294671,0.450479,9250.593750
38,0.312969,0.441781,9500.141602
39,0.329601,0.424755,9766.337891
40,0.342955,0.421352,10015.948242
41,0.357374,0.436970,10265.501953
42,0.373131,0.452436,10514.976562
43,0.392435,0.450310,10764.612305
44,0.392145,0.447959,11014.118164
45,0.380069,0.441621,11263.743164
46,0.363742,0.436855,11513.235352
47,0.345368,0.435899,11762.874023
48,0.314995,0.422028,12012.393555
49,0.287363,0.424762,12261.922852
50,0.256575,0.430829,12511.555664
51,0.215280,0.431041,12761.087891
52,0.181209,0.432667,13010.705078
53,0.169054,0.443468,13260.182617
54,0.165145,0.451351,13509.851562
55,0.158238,0.442536,13759.347656
56,0.142087,0.434399,14008.876953
57,0.117134,0.418744,14258.501953
58,0.094895,0.385676,14508.087891
59,0.078159,0.364417,14757.618164
60,0.049873,0.360637,15007.136719
61,0.018500,0.365733,15256.779297
62,0.982739,0.371659,15506.259766
63,0.946320,0.374555,15755.824219
64,0.915184,0.388079,16005.386719
65,0.891209,0.406509,16254.973633
66,0.866533,0.414248,16504.617188
67,0.840044,0.414329,16754.119141
68,0.813926,0.415215,17003.718750
69,0.790519,0.418097,17253.250000
70,0.769601,0.420018,17502.773438
71,0.747720,0.423865,17752.337891
72,0.725386,0.427990,18001.974609
73,0.705360,0.433315,18251.466797
74,0.683449,0.436386,18501.078125
75,0.662119,0.441056,18750.634766
76,0.650079,0.439147,19000.169922
77,0.626436,0.436645,19266.386719
78,0.590608,0.438114,19515.927734
79,0.546574,0.430726,19765.476562
80,0.525887,0.424304,20015.154297
81,0.524879,0.433939,20264.632812
82,0.523225,0.438441,20514.199219
83,0.525551,0.435063,20763.773438
84,0.527000,0.435612,21013.349609
85,0.537359,0.433342,21262.910156
86,0.545969,0.434317,21512.441406
87,0.565680,0.433620,21762.037109
88,0.625455,0.427247,22011.632812
89,0.682520,0.424502,22261.146484
90,0.725170,0.415303,22510.703125
91,0.746522,0.404109,22760.298828
92,0.750300,0.409291,23009.818359
93,0.751299,0.409510,23259.416016
94,0.753768,0.408817,23508.992188
95,0.755690,0.404737,23758.599609
96,0.755937,0.404509,24008.105469
97,0.755573,0.404065,24257.650391
98,0.758013,0.403291,24507.228516
99,0.758131,0.403738,24756.775391
0,0.749592,0.506511,-0.020293
1,0.749357,0.505722,266.177490
2,0.749021,0.503765,515.776672
3,0.753733,0.475319,765.323364
4,0.813597,0.408756,1014.889709
5,0.885691,0.386084,1264.441650
6,0.924137,0.464213,1514.002197
7,0.941803,0.511751,1763.556519
8,0.950656,0.516868,2013.114380
9,0.986630,0.502139,2262.699219
10,0.992560,0.498780,2512.262939
11,0.009668,0.500771,2761.821533
12,0.046843,0.501947,3011.399414
13,0.081688,0.486483,3260.949707
14,0.125566,0.474518,3510.545166
15,0.173358,0.474472,3760.112305
16,0.217305,0.469362,4009.653320
17,0.256799,0.460530,4259.215820
18,0.298578,0.460169,4508.775391
19,0.334371,0.465727,4758.319336
20,0.366645,0.466070,5007.896973
21,0.392328,0.443647,5257.466797
22,0.382716,0.453905,5507.014648
23,0.376518,0.470972,5756.616211
24,0.370076,0.474964,6006.173340
25,0.353633,0.476295,6255.719238
26,0.334187,0.468396,6505.282715
27,0.313519,0.466272,6754.856934
28,0.303255,0.466038,7004.412109
29,0.312653,0.467427,7254.003418
30,0.305801,0.474673,7503.532227
31,0.302116,0.482003,7753.117676
32,0.299495,0.491911,8002.649414
33,0.287314,0.510937,8252.250000
34,0.251890,0.531531,8501.810547
35,0.198417,0.321206,8751.356445
36,0.091311,0.178106,9000.921875
37,0.866144,0.223259,9250.480469
38,0.745246,0.389148,9500.048828
39,0.703775,0.475233,9766.256836
40,0.669097,0.516234,10015.824219
41,0.652914,0.516584,10265.405273
42,0.628652,0.513958,10514.958008
43,0.602076,0.519873,10764.503906
44,0.549685,0.521978,11014.078125
45,0.509508,0.523951,11263.615234
46,0.481324,0.516391,11513.192383
47,0.452105,0.509376,11762.761719
48,0.400414,0.520059,12012.340820
49,0.374323,0.526294,12261.910156
50,0.358745,0.531087,12511.491211
51,0.354092,0.534439,12761.024414
52,0.359256,0.543023,13010.566406
53,0.377634,0.562023,13260.159180
54,0.445667,0.648936,13509.690430
55,0.550622,0.721780,13759.253906
56,0.625175,0.706796,14008.862305
57,0.707705,0.645941,14258.416992
58,0.767536,0.568634,14507.993164
59,0.811032,0.524823,14757.515625
60,0.880147,0.488246,15007.099609
61,0.946988,0.484462,15256.656250
62,0.972075,0.495823,15506.202148
63,0.005356,0.489097,15755.778320
64,0.031497,0.486166,16005.356445
65,0.049992,0.481882,16254.912109
66,0.073713,0.470149,16504.515625
67,0.099283,0.453482,16754.037109
68,0.115111,0.451588,17003.603516
69,0.146327,0.463816,17253.171875
70,0.184505,0.482624,17502.736328
71,0.212023,0.487183,17752.310547
72,0.239051,0.481629,18001.855469
73,0.266888,0.459474,18251.404297
74,0.270587,0.432104,18500.984375
75,0.287374,0.425230,18750.593750
76,0.300484,0.412020,19000.103516
77,0.314300,0.396038,19266.322266
78,0.297436,0.249872,19515.880859
79,0.256613,0.122120,19765.466797
80,0.250766,0.050637,20014.998047
81,0.277543,0.093391,20264.552734
82,0.303952,0.217399,20514.128906
83,0.315541,0.337711,20763.687500
84,0.308994,0.410328,21013.304688
85,0.306592,0.455690,21262.841797
86,0.308490,0.472048,21512.400391
87,0.307660,0.467336,21761.960938
88,0.314272,0.464610,22011.519531
89,0.318568,0.471557,22261.076172
90,0.317308,0.484185,22510.646484
91,0.315337,0.492275,22760.201172
92,0.314605,0.492878,23009.755859
93,0.313827,0.490703,23259.324219
94,0.313292,0.490478,23508.890625
95,0.314654,0.493027,23758.462891
96,0.315560,0.495255,24008.054688
97,0.314955,0.496224,24257.587891
98,0.314346,0.496585,24507.152344
99,0.314483,0.497069,24756.730469
0,0.750210,0.489401,0.067923
1,0.750526,0.481168,266.298553
2,0.750075,0.475758,515.856079
3,0.749684,0.473905,765.421875
4,0.749206,0.474458,1014.964172
5,0.751117,0.473948,1264.555786
6,0.752708,0.474858,1514.088623
7,0.752628,0.476010,1763.694824
8,0.750894,0.475364,2013.219238
9,0.749142,0.473357,2262.829102
10,0.745571,0.469671,2512.348633
11,0.735972,0.465431,2761.895752
12,0.719050,0.460231,3011.495850
13,0.702263,0.454128,3261.040771
14,0.687705,0.452157,3510.646729
15,0.682436,0.453224,3760.159424
16,0.690793,0.459994,4009.796875
17,0.703646,0.467616,4275.981445
18,0.712325,0.474265,4508.848633
19,0.718221,0.476048,4758.432129
20,0.717815,0.472733,5008.047363
21,0.711773,0.466543,5257.594238
22,0.694558,0.462360,5507.131348
23,0.668634,0.458099,5756.676270
24,0.646388,0.451476,6006.224609
25,0.630867,0.446025,6255.801758
26,0.619616,0.441760,6505.371094
27,0.608392,0.435084,6754.930664
28,0.602489,0.432928,7004.479492
29,0.600275,0.433395,7254.087891
30,0.596221,0.436004,7503.655273
31,0.591921,0.439320,7753.182129
32,0.590455,0.442665,8002.745605
33,0.591653,0.443769,8252.330078
34,0.597170,0.443165,8501.914062
35,0.611582,0.449791,8751.451172
36,0.643000,0.460513,9001.044922
37,0.677303,0.465630,9250.607422
38,0.701917,0.468104,9500.163086
39,0.715333,0.467387,9766.325195
40,0.722995,0.467146,10015.913086
41,0.730525,0.468989,10265.467773
42,0.737170,0.469744,10515.034180
43,0.743063,0.468947,10764.590820
44,0.746851,0.468437,11014.158203
45,0.750651,0.468257,11263.721680
46,0.754407,0.466899,11513.282227
47,0.756728,0.465785,11762.839844
48,0.760729,0.464456,12012.433594
49,0.767049,0.463777,12261.981445
50,0.775687,0.464624,12511.549805
51,0.787870,0.463557,12761.109375
52,0.801858,0.464298,13010.664062
53,0.815343,0.468401,13260.232422
54,0.828318,0.476812,13509.811523
55,0.846504,0.487670,13759.361328
56,0.866830,0.493742,14008.923828
57,0.884737,0.495079,14258.479492
58,0.899688,0.499164,14508.053711
59,0.911716,0.508376,14757.614258
60,0.924689,0.519332,15007.214844
61,0.939561,0.529207,15256.751953
62,0.952212,0.531520,15506.313477
63,0.964047,0.535612,15755.862305
64,0.974477,0.538020,16005.423828
65,0.983802,0.539888,16257.049805
66,0.981811,0.539478,16504.564453
67,0.964313,0.535256,16754.132812
68,0.944705,0.530156,17003.714844
69,0.925932,0.522632,17253.257812
70,0.906665,0.516793,17502.822266
71,0.882339,0.513278,17752.382812
72,0.858154,0.511081,18001.970703
73,0.844202,0.504396,18251.500000
74,0.837116,0.498336,18501.060547
75,0.831948,0.495907,18750.644531
76,0.828475,0.492131,19000.201172
77,0.822949,0.490002,19266.394531
78,0.819038,0.490962,19515.984375
79,0.815735,0.491146,19765.546875
80,0.812426,0.490690,20015.134766
81,0.807105,0.489712,20264.666016
82,0.803369,0.488787,20514.226562
83,0.797481,0.484104,20763.779297
84,0.792730,0.477898,21013.339844
85,0.789568,0.469117,21262.910156
86,0.788824,0.463529,21512.464844
87,0.787966,0.459227,21762.042969
88,0.786309,0.457380,22011.609375
89,0.784188,0.456440,22261.169922
90,0.782478,0.454416,22510.744141
91,0.781645,0.453194,22760.294922
92,0.780727,0.451997,23009.861328
93,0.778878,0.450053,23259.410156
94,0.776840,0.448920,23508.990234
95,0.773658,0.448887,23758.568359
96,0.771022,0.449737,24008.117188
97,0.764525,0.450258,24257.689453
98,0.758087,0.451927,24507.238281
99,0.753128,0.453442,24756.810547
0,0.747425,0.607900,-0.027235
1,0.741125,0.602786,266.203400
2,0.722908,0.572974,515.772400
3,0.668291,0.504734,765.288025
4,0.613707,0.477474,1014.908020
5,0.596591,0.487569,1264.489868
6,0.598526,0.502773,1513.988159
7,0.619267,0.509017,1763.639648
8,0.701882,0.501323,2013.141724
9,0.754397,0.490838,2262.672852
10,0.769569,0.478600,2512.299316
11,0.815226,0.483060,2761.845703
12,0.914144,0.526029,3011.457764
13,0.956388,0.589617,3260.937500
14,0.965919,0.603471,3510.551270
15,0.963690,0.610149,3760.062256
16,0.966978,0.612734,4009.634766
17,0.984865,0.598261,4259.279297
18,0.005099,0.587968,4508.818359
19,0.036163,0.581812,4758.354492
20,0.064589,0.573310,5007.881348
21,0.092579,0.564135,5257.521484
22,0.119616,0.564664,5506.991211
23,0.140298,0.566311,5756.599121
24,0.160660,0.567056,6006.167969
25,0.178927,0.570368,6255.715820
26,0.192083,0.569546,6505.296875
27,0.201251,0.566724,6754.927246
28,0.223577,0.533653,7004.433594
29,0.235694,0.517058,7253.979492
30,0.235936,0.513163,7503.575195
31,0.222511,0.527910,7753.074219
32,0.146287,0.567436,8002.747559
33,0.030168,0.584523,8252.200195
34,0.977476,0.590468,8501.773438
35,0.933096,0.592321,8751.364258
36,0.906815,0.591495,9000.998047
37,0.900476,0.599620,9250.461914
38,0.923405,0.611590,9500.138672
39,0.965965,0.608826,9766.217773
40,0.008854,0.607161,10015.896484
41,0.051515,0.607484,10265.342773
42,0.099701,0.608982,10514.916016
43,0.150302,0.611332,10764.530273
44,0.202062,0.601506,11014.082031
45,0.262275,0.583109,11263.618164
46,0.317562,0.545811,11513.215820
47,0.358951,0.512949,11762.769531
48,0.381556,0.507730,12012.336914
49,0.402112,0.525021,12261.870117
50,0.412799,0.539278,12511.430664
51,0.416423,0.548132,12761.021484
52,0.420009,0.551987,13010.554688
53,0.415534,0.548546,13260.129883
54,0.380563,0.535704,13509.692383
55,0.334828,0.522148,13759.273438
56,0.306369,0.515081,14008.827148
57,0.274143,0.447107,14258.375977
58,0.249406,0.308524,14507.992188
59,0.222675,0.220060,14757.523438
60,0.216181,0.181189,15007.087891
61,0.220106,0.191654,15256.636719
62,0.208520,0.358126,15506.208008
63,0.188160,0.699492,15755.781250
64,0.140831,0.893937,16005.331055
65,0.103328,0.923307,16254.883789
66,0.073378,0.902235,16504.453125
67,0.011276,0.861538,16754.037109
68,0.976095,0.813954,17003.589844
69,0.885722,0.727506,17253.134766
70,0.825674,0.668267,17502.703125
71,0.785324,0.632043,17752.281250
72,0.749251,0.601868,18001.845703
73,0.717966,0.584261,18251.402344
74,0.689085,0.578866,18500.964844
75,0.655697,0.583011,18750.537109
76,0.628051,0.585197,19000.099609
77,0.600403,0.572325,19266.322266
78,0.573562,0.566754,19515.869141
79,0.547335,0.566996,19765.484375
80,0.514476,0.568841,20015.013672
81,0.491961,0.562263,20264.548828
82,0.482448,0.562013,20514.113281
83,0.477118,0.559796,20763.671875
84,0.476405,0.561554,21013.248047
85,0.478162,0.566075,21262.802734
86,0.481203,0.567598,21512.369141
87,0.489900,0.567075,21761.931641
88,0.520703,0.568154,22011.496094
89,0.586562,0.571624,22261.052734
90,0.687113,0.564166,22510.634766
91,0.773065,0.558063,22760.216797
92,0.834909,0.562301,23009.765625
93,0.889561,0.565516,23259.322266
94,0.936670,0.568702,23508.884766
95,0.976439,0.570136,23758.458984
96,0.031944,0.565916,24008.062500
97,0.094878,0.567231,24257.576172
98,0.151530,0.564397,24507.150391
99,0.176924,0.561533,24756.691406
0,0.751804,0.456634,-0.054029
1,0.755409,0.456875,266.230255
2,0.757862,0.460862,515.764038
3,0.757941,0.464198,765.337708
4,0.757174,0.463434,1014.900574
5,0.756007,0.462375,1264.477417
6,0.755974,0.463336,1514.058472
7,0.756549,0.465273,1763.553223
8,0.757064,0.465471,2013.121094
9,0.757135,0.465924,2262.705566
10,0.757211,0.466386,2512.242432
11,0.757467,0.467396,2761.843506
12,0.785105,0.454487,3011.464111
13,0.886149,0.421571,3260.976562
14,0.956974,0.438261,3510.488770
15,0.984635,0.487597,3760.065674
16,0.997267,0.515934,4009.722168
17,0.000540,0.521226,4259.186035
18,0.004374,0.523480,4508.812012
19,0.006612,0.525092,4758.428711
20,0.008042,0.527958,5007.927734
21,0.005657,0.528677,5257.466309
22,0.987246,0.523188,5507.091309
23,0.951650,0.509769,5756.637207
24,0.911241,0.497514,6006.139648
25,0.861908,0.483103,6255.735352
26,0.738763,0.440555,6505.273438
27,0.598898,0.418813,6754.882324
28,0.521558,0.445882,7004.388184
29,0.465950,0.481920,7254.055176
30,0.430429,0.506048,7503.597656
31,0.424086,0.509446,7753.115723
32,0.427564,0.510100,8002.693359
33,0.424928,0.519712,8252.251953
34,0.426644,0.517696,8501.810547
35,0.452987,0.497879,8751.346680
36,0.549649,0.457457,9001.000000
37,0.722712,0.469064,9250.462891
38,0.898444,0.525111,9500.105469
39,0.943873,0.565876,9766.225586
40,0.946707,0.567930,10015.833984
41,0.947015,0.581381,10265.359375
42,0.948647,0.552911,10514.949219
43,0.960863,0.521897,10764.487305
44,0.952849,0.554437,11014.142578
45,0.941282,0.585889,11263.677734
46,0.936137,0.592917,11513.226562
47,0.935273,0.583413,11762.758789
48,0.940013,0.580515,12012.345703
49,0.945586,0.587918,12261.861328
50,0.950321,0.587807,12511.428711
51,0.951826,0.560259,12761.023438
52,0.951333,0.545809,13010.577148
53,0.951213,0.550119,13260.208008
54,0.951421,0.554665,13509.691406
55,0.951230,0.553906,13759.267578
56,0.950487,0.553720,14008.827148
57,0.950442,0.555882,14258.384766
58,0.950499,0.557341,14508.035156
59,0.950214,0.557631,14757.540039
60,0.949822,0.558811,15007.115234
61,0.941255,0.551864,15256.648438
62,0.928276,0.521952,15506.250000
63,0.936981,0.492474,15755.800781
64,0.957707,0.480394,16005.411133
65,0.983841,0.503812,16254.936523
66,0.018998,0.548380,16504.509766
67,0.040205,0.571126,16754.070312
68,0.064024,0.575941,17003.605469
69,0.085445,0.570691,17253.201172
70,0.096223,0.569526,17502.787109
71,0.098352,0.573766,17752.324219
72,0.104351,0.584426,18001.843750
73,0.116728,0.603958,18251.503906
74,0.128107,0.616686,18501.003906
75,0.128154,0.623847,18750.546875
76,0.124205,0.621636,19000.205078
77,0.123038,0.625781,19266.349609
78,0.122245,0.625022,19515.902344
79,0.121655,0.626157,19765.429688
80,0.121415,0.628474,20015.005859
81,0.120994,0.629770,20264.626953
82,0.120608,0.630884,20514.148438
83,0.119739,0.631435,20763.683594
84,0.077562,0.613001,21013.298828
85,0.992839,0.580422,21262.820312
86,0.934896,0.583037,21512.425781
87,0.926444,0.577143,21761.929688
88,0.935239,0.575047,22011.554688
89,0.942475,0.587587,22261.117188
90,0.945251,0.585402,22510.648438
91,0.949725,0.582813,22760.248047
92,0.955328,0.588546,23009.855469
93,0.962764,0.591230,23259.416016
94,0.955896,0.572275,23508.896484
95,0.942865,0.546286,23758.486328
96,0.931223,0.529712,24008.035156
97,0.911194,0.500361,24257.570312
98,0.882845,0.504152,24507.210938
99,0.854169,0.501019,24756.759766
0,0.776767,0.413652,0.014165
1,0.816791,0.414943,266.194641
2,0.836486,0.437271,515.877441
3,0.804451,0.495236,765.375732
4,0.746124,0.554559,1014.940918
5,0.694405,0.579333,1264.518433
6,0.660137,0.581988,1514.104126
7,0.632825,0.573264,1763.651611
8,0.598309,0.556984,2013.141479
9,0.559349,0.545759,2262.813721
10,0.513234,0.542534,2512.272217
11,0.464251,0.544342,2761.842529
12,0.423519,0.539635,3011.465820
13,0.387186,0.533340,3261.043701
14,0.353213,0.533726,3510.621338
15,0.332847,0.529035,3760.188477
16,0.324957,0.523358,4009.722412
17,0.323578,0.518992,4259.221680
18,0.325935,0.519359,4508.790039
19,0.325459,0.533057,4758.344238
20,0.316076,0.541887,5007.976562
21,0.313128,0.545268,5257.539062
22,0.334431,0.561996,5507.037109
23,0.352861,0.573537,5756.715332
24,0.358619,0.565289,6006.185059
25,0.368127,0.555146,6255.738281
26,0.378073,0.526127,6505.329590
27,0.386734,0.496802,6754.922363
28,0.354879,0.488885,7021.166504
29,0.316516,0.482598,7254.029297
30,0.291662,0.479821,7503.566406
31,0.250343,0.491641,7753.152832
32,0.202161,0.497306,8002.725098
33,0.165130,0.491181,8252.311523
34,0.139486,0.491271,8501.875000
35,0.114412,0.496407,8751.455078
36,0.107029,0.502628,9000.938477
37,0.172979,0.511402,9250.535156
38,0.200672,0.511073,9500.084961
39,0.190664,0.512063,9766.291992
40,0.190491,0.512886,10015.876953
41,0.198240,0.518793,10265.483398
42,0.218885,0.520164,10515.013672
43,0.233293,0.525437,10764.596680
44,0.274783,0.516908,11014.089844
45,0.329491,0.502623,11263.734375
46,0.361652,0.506553,11513.225586
47,0.420376,0.499270,11762.780273
48,0.450803,0.506767,12012.394531
49,0.455039,0.515460,12261.982422
50,0.445362,0.515359,12511.601562
51,0.389152,0.525151,12761.059570
52,0.327293,0.508338,13010.675781
53,0.333995,0.494526,13260.167969
54,0.326062,0.476743,13509.725586
55,0.286162,0.457827,13759.332031
56,0.291967,0.455334,14008.920898
57,0.320975,0.459817,14258.507812
58,0.352794,0.453702,14507.980469
59,0.348583,0.451794,14757.599609
60,0.337383,0.456736,15007.149414
61,0.334355,0.465545,15256.728516
62,0.336064,0.477519,15506.291992
63,0.348261,0.507470,15755.838867
64,0.370726,0.589023,16005.416992
65,0.370890,0.615055,16254.935547
66,0.370464,0.618718,16504.531250
67,0.360413,0.607898,16754.062500
68,0.327527,0.573929,17003.742188
69,0.277597,0.561011,17253.222656
70,0.225507,0.544720,17502.775391
71,0.189156,0.534226,17752.363281
72,0.139235,0.528924,18001.880859
73,0.026884,0.519990,18251.492188
74,0.904492,0.506482,18500.998047
75,0.852724,0.524302,18750.697266
76,0.903989,0.539571,19000.125000
77,0.951096,0.545421,19266.375000
78,0.961645,0.549305,19515.949219
79,0.963960,0.551793,19765.496094
80,0.963866,0.559348,20015.017578
81,0.982243,0.574493,20264.650391
82,0.994025,0.577806,20514.138672
83,0.014633,0.568837,20763.828125
84,0.061613,0.555364,21013.316406
85,0.120259,0.545158,21262.945312
86,0.162681,0.538018,21512.484375
87,0.185421,0.529549,21761.996094
88,0.214044,0.516264,22011.638672
89,0.228500,0.497735,22261.087891
90,0.223839,0.474055,22510.804688
91,0.226569,0.414672,22760.234375
92,0.206621,0.394321,23009.904297
93,0.169545,0.397801,23259.396484
94,0.112316,0.396705,23508.919922
95,0.076191,0.413864,23758.556641
96,0.081277,0.432615,24008.158203
97,0.109648,0.443280,24257.662109
98,0.177772,0.455003,24507.179688
99,0.265586,0.465669,24756.830078
