Idx, longitude, latitude, start timestamp
0,0.750322,0.469525,-0.031956
1,0.751042,0.471927,266.033508
2,0.753642,0.473074,515.684448
3,0.771530,0.475591,765.164856
4,0.808416,0.479517,1014.834534
5,0.833497,0.481044,1264.452393
6,0.842223,0.482888,1513.948486
7,0.843409,0.485208,1763.565063
8,0.843346,0.485507,2013.081665
9,0.842337,0.484624,2262.682129
10,0.840442,0.482923,2512.153564
11,0.836451,0.481761,2761.831299
12,0.828143,0.483163,3011.241699
13,0.788665,0.489892,3260.966309
14,0.707642,0.523275,3510.364502
15,0.661649,0.547734,3760.052490
16,0.627637,0.566858,4009.511230
17,0.604643,0.586782,4259.121094
18,0.590641,0.604926,4508.777832
19,0.572580,0.623578,4774.874023
20,0.574942,0.602639,5007.843750
21,0.574910,0.566662,5257.421875
22,0.561998,0.538428,5506.979980
23,0.539115,0.535398,5823.120117
24,0.527801,0.539800,6006.113281
25,0.516203,0.540133,6255.650879
26,0.514383,0.537782,6505.191406
27,0.519098,0.537006,6754.746094
28,0.534430,0.522970,7020.976562
29,0.541229,0.519813,7254.067871
30,0.566644,0.516267,7503.439453
31,0.607116,0.515103,7752.933105
32,0.621565,0.517969,8052.450684
33,0.611752,0.525633,8252.251953
34,0.594392,0.535996,8501.713867
35,0.555358,0.550553,8751.336914
36,0.505589,0.570696,9000.805664
37,0.462356,0.590959,9250.409180
38,0.447881,0.594133,9516.530273
39,0.448188,0.584327,9766.147461
40,0.451949,0.578912,10015.834961
41,0.458817,0.573158,10265.296875
42,0.463522,0.564815,10514.930664
43,0.466209,0.558607,10764.432617
44,0.468707,0.558710,11013.961914
45,0.470783,0.557796,11263.537109
46,0.475886,0.547993,11513.139648
47,0.491289,0.504284,11762.639648
48,0.502730,0.446599,12012.302734
49,0.507622,0.395319,12261.761719
50,0.512282,0.336920,12544.690430
51,0.508906,0.347587,12760.898438
52,0.492961,0.401975,13010.545898
53,0.467877,0.462342,13260.142578
54,0.407755,0.509695,13542.850586
55,0.371231,0.532771,13759.356445
56,0.343635,0.554128,14008.717773
57,0.331007,0.562154,14258.335938
58,0.309083,0.560233,14507.833984
59,0.285962,0.553051,14757.484375
60,0.271223,0.553911,15006.974609
61,0.256499,0.554585,15256.704102
62,0.258944,0.551181,15506.115234
63,0.261709,0.548659,15755.704102
64,0.262790,0.548151,16021.837891
65,0.250583,0.548547,16254.815430
66,0.221968,0.539542,16504.494141
67,0.200364,0.523024,16753.933594
68,0.189246,0.506959,17003.583984
69,0.173128,0.498196,17253.105469
70,0.149823,0.492373,17502.802734
71,0.129380,0.482647,17835.476562
72,0.119894,0.478943,18068.349609
73,0.116660,0.477860,18251.349609
74,0.114367,0.480142,18500.902344
75,0.111386,0.480946,18767.156250
76,0.109688,0.481333,19016.693359
77,0.113164,0.482293,19266.326172
78,0.122730,0.478342,19515.908203
79,0.126766,0.476717,19765.398438
80,0.126977,0.479807,20031.550781
81,0.138673,0.485202,20281.148438
82,0.156068,0.490329,20514.000000
83,0.190988,0.500751,20763.636719
84,0.237765,0.513350,21013.125000
85,0.304828,0.519195,21262.787109
86,0.372261,0.519555,21512.429688
87,0.419013,0.516816,21762.000000
88,0.445640,0.511744,22011.619141
89,0.457704,0.521055,22260.986328
90,0.466525,0.537440,22510.654297
91,0.472049,0.555753,22760.160156
92,0.489681,0.587343,23009.787109
93,0.523286,0.595053,23325.869141
94,0.537493,0.583733,23575.363281
95,0.539230,0.576753,23758.398438
96,0.542395,0.572756,24007.953125
97,0.541497,0.572589,24257.492188
98,0.539674,0.572955,24523.724609
99,0.538969,0.573675,24756.761719
0,0.749765,0.495540,0.049242
1,0.749792,0.495283,266.332184
2,0.757897,0.496650,515.778076
3,0.813574,0.499701,765.434570
4,0.842198,0.496934,1014.941101
5,0.883765,0.517654,1264.557861
6,0.927340,0.539767,1514.064453
7,0.955497,0.504465,1763.631226
8,0.973850,0.498028,2013.125366
9,0.997345,0.490744,2262.744873
10,0.019357,0.494111,2512.481689
11,0.047881,0.487979,2761.952393
12,0.065135,0.483120,3011.519775
13,0.088476,0.485779,3261.027100
14,0.112042,0.482047,3510.640381
15,0.124048,0.484219,3760.100098
16,0.140379,0.506886,4009.819580
17,0.161547,0.588538,4259.317383
18,0.166710,0.635906,4508.849121
19,0.165776,0.637114,4758.360352
20,0.162447,0.611685,5008.007324
21,0.151686,0.555636,5257.500000
22,0.139562,0.516005,5507.077637
23,0.121211,0.500729,5756.732910
24,0.094883,0.490548,6006.239258
25,0.086643,0.487435,6255.852539
26,0.084908,0.486260,6505.317871
27,0.077438,0.488561,6754.914551
28,0.058147,0.487176,7004.480469
29,0.030525,0.476346,7254.023926
30,0.002138,0.467415,7503.559082
31,0.975941,0.467008,7753.265625
32,0.950935,0.474427,8002.719727
33,0.917262,0.476571,8252.254883
34,0.860927,0.478988,8502.004883
35,0.798332,0.498261,8751.435547
36,0.735913,0.511951,9000.996094
37,0.665005,0.534407,9250.505859
38,0.606253,0.581893,9500.128906
39,0.580150,0.653995,9766.318359
40,0.563359,0.703512,10015.927734
41,0.537528,0.685698,10265.391602
42,0.501967,0.610148,10514.976562
43,0.497919,0.591668,10764.500000
44,0.492441,0.596297,11014.084961
45,0.487092,0.605383,11263.774414
46,0.486425,0.613839,11513.288086
47,0.487767,0.620073,11762.885742
48,0.489199,0.621614,12012.346680
49,0.490204,0.623050,12261.990234
50,0.494592,0.629037,12511.462891
51,0.510694,0.648021,12761.056641
52,0.519140,0.682020,13010.549805
53,0.517935,0.686135,13260.240234
54,0.516814,0.686552,13509.775391
55,0.516459,0.684574,13759.315430
56,0.516232,0.681494,14008.947266
57,0.512723,0.616825,14258.414062
58,0.502972,0.539425,14508.089844
59,0.485579,0.527926,14757.521484
60,0.484911,0.530067,15007.175781
61,0.516113,0.543952,15256.673828
62,0.542851,0.571083,15506.265625
63,0.570996,0.584710,15755.803711
64,0.624394,0.574076,16005.365234
65,0.650693,0.581802,16254.918945
66,0.686241,0.594652,16504.537109
67,0.690498,0.583551,16754.191406
68,0.656021,0.581564,17003.658203
69,0.576525,0.586088,17253.224609
70,0.501636,0.571258,17502.785156
71,0.448075,0.574397,17752.228516
72,0.408410,0.595184,18001.953125
73,0.395810,0.594244,18251.455078
74,0.399328,0.603471,18500.984375
75,0.408135,0.668363,18750.640625
76,0.425712,0.708051,19000.064453
77,0.430947,0.702408,19266.328125
78,0.475173,0.719393,19515.984375
79,0.613694,0.789063,19765.421875
80,0.660240,0.815586,20015.111328
81,0.667979,0.821378,20264.539062
82,0.709469,0.869307,20514.187500
83,0.701653,0.858886,20763.697266
84,0.626130,0.805969,21013.279297
85,0.596589,0.757339,21262.812500
86,0.553096,0.720148,21512.412109
87,0.469463,0.631742,21761.968750
88,0.436365,0.562282,22011.521484
89,0.400336,0.519697,22261.078125
90,0.402853,0.517759,22510.632812
91,0.419156,0.521474,22760.250000
92,0.481248,0.531581,23009.806641
93,0.547682,0.553362,23259.406250
94,0.594859,0.554262,23508.914062
95,0.653281,0.541067,23758.490234
96,0.724028,0.522710,24008.099609
97,0.770113,0.504298,24257.617188
98,0.806143,0.484898,24507.093750
99,0.836490,0.467671,24756.714844
0,0.749950,0.593594,-0.020467
1,0.750080,0.592302,266.074310
2,0.751270,0.589959,515.721741
3,0.754559,0.583329,765.222412
4,0.763531,0.579850,1014.856934
5,0.778629,0.575152,1264.465576
6,0.795328,0.569957,1513.906494
7,0.817303,0.563165,1763.546387
8,0.837445,0.558058,2013.047485
9,0.855721,0.551687,2262.642334
10,0.877007,0.544683,2512.190674
11,0.892075,0.532346,2761.802979
12,0.904819,0.514606,3011.245605
13,0.916754,0.499450,3260.888916
14,0.923865,0.486864,3510.440186
15,0.924964,0.481501,3760.020996
16,0.922168,0.481757,4009.468994
17,0.916389,0.483716,4259.158691
18,0.899630,0.486325,4508.739746
19,0.879690,0.487701,4758.202148
20,0.854550,0.485671,5007.926758
21,0.822842,0.486718,5257.349121
22,0.794330,0.487601,5506.945801
23,0.770429,0.489660,5756.437988
24,0.743082,0.489258,6006.080078
25,0.712761,0.491605,6255.561035
26,0.681682,0.491467,6505.123047
27,0.648707,0.492872,6754.653809
28,0.619664,0.499859,7004.346191
29,0.598172,0.505894,7253.843750
30,0.577476,0.504843,7503.368164
31,0.556815,0.507671,7753.040527
32,0.534534,0.511108,8002.489746
33,0.515987,0.518093,8252.064453
34,0.503401,0.531806,8501.624023
35,0.500893,0.555108,8751.186523
36,0.499444,0.571789,9000.707031
37,0.501158,0.586343,9250.298828
38,0.497491,0.607817,9516.449219
39,0.491752,0.633430,9766.027344
40,0.487323,0.648890,10015.687500
41,0.488213,0.684394,10265.146484
42,0.493102,0.735000,10514.804688
43,0.493417,0.766505,10764.370117
44,0.488775,0.776202,11013.988281
45,0.487548,0.757343,11263.395508
46,0.488304,0.733291,11513.032227
47,0.484669,0.711715,11762.496094
48,0.474802,0.685402,12012.119141
49,0.466488,0.651150,12261.610352
50,0.471690,0.623996,12511.217773
51,0.483658,0.610952,12760.725586
52,0.501595,0.610463,13010.294922
53,0.520584,0.606432,13259.947266
54,0.539601,0.598677,13509.430664
55,0.561429,0.588213,13759.075195
56,0.580577,0.576849,14008.527344
57,0.593799,0.570506,14258.178711
58,0.593092,0.573049,14507.685547
59,0.588100,0.573456,14757.251953
60,0.577394,0.570504,15006.811523
61,0.560935,0.567349,15256.353516
62,0.547083,0.566661,15505.919922
63,0.531593,0.566241,15755.469727
64,0.520763,0.566247,16005.002930
65,0.517321,0.568721,16254.621094
66,0.516132,0.565601,16587.316406
67,0.516444,0.558787,16820.318359
68,0.515231,0.553435,17036.601562
69,0.508427,0.549470,17269.419922
70,0.500551,0.546812,17502.410156
71,0.486599,0.542802,17751.937500
72,0.471173,0.535937,18018.179688
73,0.449661,0.529484,18251.050781
74,0.437087,0.527843,18517.269531
75,0.441563,0.519055,18750.160156
76,0.442402,0.496560,19016.357422
77,0.445490,0.489277,19332.468750
78,0.450997,0.487379,19565.345703
79,0.450551,0.489038,19798.345703
80,0.421657,0.475845,20031.226562
81,0.384009,0.470257,20264.210938
82,0.361383,0.464767,20547.003906
83,0.353120,0.470867,20779.968750
84,0.365946,0.470540,21046.220703
85,0.385584,0.471508,21262.412109
86,0.403945,0.471959,21528.671875
87,0.422026,0.464984,21761.531250
88,0.442590,0.471816,22094.314453
89,0.457717,0.474562,22327.146484
90,0.464964,0.480319,22560.162109
91,0.473327,0.486217,22793.019531
92,0.478190,0.494736,23026.011719
93,0.478817,0.500018,23258.890625
94,0.484575,0.507371,23508.466797
95,0.488159,0.509247,23774.595703
96,0.493240,0.513715,24007.587891
97,0.497949,0.515820,24273.716797
98,0.499824,0.517095,24506.730469
99,0.497675,0.521155,24756.224609
0,0.749766,0.538363,-0.048449
1,0.752136,0.537712,266.136322
2,0.781987,0.539258,515.803101
3,0.803920,0.542096,765.244934
4,0.816071,0.543632,1014.927795
5,0.826563,0.544139,1264.367798
6,0.836945,0.546224,1513.935059
7,0.844309,0.546666,1763.575928
8,0.852782,0.546386,2046.385376
9,0.861411,0.547227,2295.886963
10,0.872158,0.548821,2545.501709
11,0.884046,0.549600,2778.529053
12,0.896357,0.546428,3011.349365
13,0.930009,0.488791,3260.866455
14,0.951446,0.458628,3510.485107
15,0.969268,0.440502,3760.092529
16,0.997135,0.417948,4042.853271
17,0.013143,0.441364,4292.457520
18,0.022506,0.463908,4525.307617
19,0.041718,0.465495,4774.940918
20,0.065114,0.463516,5024.428223
21,0.075989,0.475224,5274.079590
22,0.086533,0.478722,5506.951172
23,0.099286,0.478423,5756.534668
24,0.110874,0.478336,6006.101074
25,0.120805,0.479365,6255.723633
26,0.132898,0.484276,6505.266602
27,0.136155,0.486515,6754.784180
28,0.136807,0.487666,7004.390625
29,0.139268,0.489767,7253.895508
30,0.160462,0.497909,7520.165039
31,0.205824,0.512475,7769.663574
32,0.219432,0.522148,8019.261719
33,0.187168,0.536023,8268.804688
34,0.132807,0.572208,8518.354492
35,0.097223,0.557620,8751.304688
36,0.066238,0.536184,9017.470703
37,0.037538,0.532240,9250.360352
38,0.025904,0.505432,9500.000977
39,0.013412,0.498855,9766.246094
40,0.982318,0.501986,10032.335938
41,0.953971,0.505913,10265.331055
42,0.906734,0.513335,10514.853516
43,0.857957,0.515656,10764.437500
44,0.817930,0.518497,11013.997070
45,0.787473,0.522151,11263.555664
46,0.750435,0.525105,11513.054688
47,0.711207,0.525708,11762.735352
48,0.681116,0.529893,12095.465820
49,0.656227,0.559361,12345.087891
50,0.628565,0.589523,12577.920898
51,0.607780,0.615091,12827.520508
52,0.591917,0.625824,13060.453125
53,0.567209,0.629229,13293.298828
54,0.538258,0.635510,13542.923828
55,0.514620,0.637276,13775.799805
56,0.496070,0.649965,14025.437500
57,0.483626,0.674407,14258.292969
58,0.478025,0.690541,14507.893555
59,0.475688,0.700970,14757.384766
60,0.502940,0.708548,15007.012695
61,0.542378,0.703547,15289.873047
62,0.561578,0.674271,15522.732422
63,0.559727,0.653655,15772.409180
64,0.549482,0.603543,16021.860352
65,0.544584,0.567495,16271.493164
66,0.540237,0.548114,16504.382812
67,0.511549,0.538259,16754.013672
68,0.478929,0.531700,17036.820312
69,0.442458,0.533400,17269.695312
70,0.407742,0.543416,17519.339844
71,0.372809,0.554021,17768.812500
72,0.372390,0.565054,18018.501953
73,0.396748,0.612973,18267.994141
74,0.404761,0.645803,18500.955078
75,0.410964,0.667732,18750.431641
76,0.418189,0.674154,19000.082031
77,0.423283,0.681323,19266.201172
78,0.408318,0.632489,19515.783203
79,0.401953,0.557985,19765.277344
80,0.408055,0.539207,20014.916016
81,0.430357,0.564710,20264.414062
82,0.443209,0.583668,20514.021484
83,0.452584,0.586971,20763.521484
84,0.465640,0.593997,21096.390625
85,0.484179,0.602063,21345.875000
86,0.506872,0.619181,21578.867188
87,0.521551,0.634384,21828.404297
88,0.533891,0.649668,22061.414062
89,0.551067,0.669546,22294.273438
90,0.571486,0.686647,22543.878906
91,0.590084,0.699736,22793.388672
92,0.600558,0.701947,23042.966797
93,0.603010,0.697481,23275.861328
94,0.598590,0.691232,23525.462891
95,0.588499,0.686446,23791.609375
96,0.580285,0.678210,24024.630859
97,0.576892,0.672094,24274.068359
98,0.568631,0.670209,24523.703125
99,0.554288,0.662122,24773.218750
0,0.749324,0.493564,-0.053301
1,0.743508,0.492413,266.132751
2,0.734087,0.501540,515.710266
3,0.742320,0.515098,765.313538
4,0.776258,0.519051,1014.884888
5,0.795225,0.522980,1264.423950
6,0.804773,0.526228,1513.974487
7,0.823616,0.532298,1763.566895
8,0.832370,0.537053,2013.076904
9,0.835267,0.533822,2262.664795
10,0.835972,0.530353,2512.205322
11,0.837758,0.529626,2761.804932
12,0.838446,0.528808,3011.351074
13,0.838988,0.529129,3260.921387
14,0.839914,0.529628,3510.515137
15,0.840832,0.529736,3760.066650
16,0.843042,0.530082,4009.626953
17,0.847649,0.530715,4259.158691
18,0.852244,0.529800,4508.762207
19,0.861349,0.527063,4758.283203
20,0.873596,0.525097,5007.855469
21,0.885576,0.523231,5257.422363
22,0.896333,0.520293,5506.987793
23,0.907412,0.519904,5756.560547
24,0.919970,0.520384,6006.142090
25,0.933634,0.519124,6255.673828
26,0.951892,0.516702,6505.237305
27,0.982341,0.513483,6754.837402
28,0.015829,0.512001,7004.369141
29,0.034503,0.508819,7253.972168
30,0.045144,0.510833,7503.489258
31,0.048884,0.508898,7753.077637
32,0.039935,0.501829,8002.652832
33,0.024253,0.501920,8252.221680
34,0.004828,0.504216,8501.755859
35,0.983218,0.505308,8751.316406
36,0.961280,0.507694,9000.861328
37,0.940472,0.508375,9250.442383
38,0.920149,0.510077,9500.021484
39,0.899880,0.514381,9766.213867
40,0.878434,0.516788,10015.802734
41,0.856197,0.514021,10265.333008
42,0.829133,0.511487,10514.881836
43,0.773906,0.506086,10764.458984
44,0.688353,0.509292,11014.044922
45,0.631104,0.564793,11263.582031
46,0.595294,0.594273,11513.179688
47,0.579068,0.594015,11762.713867
48,0.571006,0.586788,12012.315430
49,0.559472,0.589328,12261.833984
50,0.545547,0.588112,12511.422852
51,0.529747,0.596294,12760.995117
52,0.507197,0.605855,13010.541992
53,0.484289,0.610798,13260.110352
54,0.464707,0.608185,13509.686523
55,0.447793,0.596469,13759.260742
56,0.436749,0.579544,14008.789062
57,0.437406,0.576924,14258.397461
58,0.429847,0.574584,14507.939453
59,0.430969,0.577295,14757.540039
60,0.435335,0.580967,15007.082031
61,0.441852,0.583074,15256.614258
62,0.446536,0.587660,15506.193359
63,0.447666,0.601738,15755.737305
64,0.446177,0.616794,16005.296875
65,0.447888,0.618047,16254.857422
66,0.448845,0.617066,16504.435547
67,0.448388,0.616663,16753.984375
68,0.447550,0.614058,17003.593750
69,0.442052,0.608154,17253.156250
70,0.436455,0.600573,17502.687500
71,0.437053,0.604308,17752.281250
72,0.438672,0.614328,18001.800781
73,0.439792,0.615030,18251.402344
74,0.441758,0.615868,18500.927734
75,0.443187,0.615008,18750.507812
76,0.444497,0.614752,19000.097656
77,0.447239,0.614479,19266.283203
78,0.451159,0.611713,19515.826172
79,0.462332,0.602011,19765.378906
80,0.473154,0.595515,20014.962891
81,0.483970,0.588948,20264.564453
82,0.494322,0.583509,20514.097656
83,0.502999,0.581412,20763.683594
84,0.511317,0.581531,21013.234375
85,0.519118,0.581736,21262.769531
86,0.525718,0.581777,21512.345703
87,0.531794,0.581784,21761.957031
88,0.537455,0.581017,22011.492188
89,0.544233,0.580232,22261.046875
90,0.551866,0.580188,22510.613281
91,0.558807,0.579964,22760.167969
92,0.564669,0.580593,23009.718750
93,0.568813,0.582813,23259.314453
94,0.568895,0.585803,23508.886719
95,0.562628,0.595637,23758.425781
96,0.552158,0.606663,24007.986328
97,0.542108,0.613193,24257.558594
98,0.531727,0.617841,24507.128906
99,0.522570,0.620479,24756.679688
0,0.752134,0.442218,-0.042147
1,0.753766,0.435683,266.244385
2,0.754462,0.443568,515.859802
3,0.759518,0.471042,765.340942
4,0.783738,0.489862,1031.625244
5,0.813422,0.503043,1297.750610
6,0.825040,0.512160,1514.092163
7,0.826798,0.519856,1763.610840
8,0.826871,0.524389,2079.708008
9,0.826735,0.524913,2262.694092
10,0.826645,0.524045,2512.400146
11,0.826348,0.523060,2795.160400
12,0.825840,0.523883,3011.414062
13,0.823817,0.524067,3294.343994
14,0.823744,0.524069,3510.566406
15,0.823592,0.524884,3760.167236
16,0.809144,0.522689,4009.674561
17,0.783088,0.520013,4259.254395
18,0.779288,0.514952,4508.797852
19,0.787377,0.505396,4758.399902
20,0.805215,0.501629,5041.105957
21,0.813391,0.507131,5274.106445
22,0.835959,0.503922,5523.656250
23,0.856468,0.503438,5756.609863
24,0.807652,0.515385,6006.093750
25,0.709849,0.522324,6255.775879
26,0.653337,0.527494,6505.355957
27,0.601787,0.574054,6754.886719
28,0.562172,0.612261,7004.544434
29,0.514697,0.649300,7303.853027
30,0.499896,0.657403,7553.504395
31,0.478943,0.658138,7803.092285
32,0.465144,0.666220,8002.775391
33,0.471837,0.678275,8252.189453
34,0.500984,0.680159,8518.471680
35,0.505899,0.670124,8751.293945
36,0.504225,0.676225,9000.963867
37,0.504985,0.640228,9250.506836
38,0.505652,0.616438,9500.097656
39,0.507867,0.605206,9832.805664
40,0.505609,0.615148,10015.790039
41,0.504314,0.651928,10265.399414
42,0.501175,0.686655,10531.560547
43,0.492001,0.710353,10797.798828
44,0.467683,0.705435,11014.012695
45,0.433646,0.695978,11263.656250
46,0.444124,0.703216,11513.194336
47,0.489644,0.736190,11762.734375
48,0.492687,0.756129,12012.371094
49,0.512243,0.744722,12261.866211
50,0.567374,0.680849,12528.154297
51,0.575021,0.631543,12777.642578
52,0.575515,0.585116,13027.270508
53,0.557007,0.552513,13260.137695
54,0.489807,0.520374,13509.763672
55,0.379150,0.480587,13759.225586
56,0.290888,0.475448,14025.449219
57,0.260258,0.470974,14258.358398
58,0.235135,0.465458,14557.823242
59,0.233035,0.461553,14790.850586
60,0.274053,0.458477,15040.350586
61,0.314449,0.465882,15256.735352
62,0.350915,0.473331,15506.251953
63,0.414501,0.474462,15755.833984
64,0.462750,0.469710,16005.307617
65,0.517404,0.466748,16254.923828
66,0.593601,0.473851,16504.451172
67,0.629332,0.472182,16837.208984
68,0.630378,0.478133,17086.820312
69,0.625265,0.480869,17336.283203
70,0.611415,0.482243,17502.646484
71,0.590312,0.482367,17752.300781
72,0.565915,0.485326,18018.513672
73,0.539319,0.483521,18268.005859
74,0.513313,0.484968,18517.621094
75,0.496709,0.487209,18750.542969
76,0.483158,0.496911,19000.134766
77,0.480636,0.501653,19266.250000
78,0.482451,0.502836,19515.876953
79,0.482793,0.500603,19765.398438
80,0.478955,0.498787,20015.005859
81,0.478966,0.497773,20297.843750
82,0.478445,0.496041,20530.710938
83,0.479634,0.495947,20763.712891
84,0.480386,0.493963,21013.251953
85,0.481393,0.494108,21262.867188
86,0.480716,0.493353,21512.371094
87,0.481007,0.489023,21761.958984
88,0.480435,0.468601,22028.091797
89,0.477170,0.431675,22277.685547
90,0.478853,0.429452,22527.222656
91,0.482322,0.440608,22776.781250
92,0.481872,0.443262,23009.660156
93,0.479580,0.446396,23259.298828
94,0.466234,0.458118,23508.904297
95,0.440640,0.473394,23758.460938
96,0.408973,0.476397,24008.082031
97,0.413466,0.471766,24257.552734
98,0.440798,0.471636,24557.046875
99,0.455041,0.471296,24806.640625
0,0.752975,0.537022,0.036511
1,0.758971,0.538526,299.457672
2,0.768260,0.539671,515.807739
3,0.789235,0.538075,765.394592
4,0.815396,0.530679,1098.164673
5,0.823203,0.528939,1331.052734
6,0.829917,0.526425,1580.607544
7,0.837996,0.524631,1830.167603
8,0.847037,0.523400,2079.722412
9,0.856362,0.518748,2312.592773
10,0.861443,0.516540,2578.887695
11,0.866896,0.513202,2828.381836
12,0.875345,0.506783,3061.388672
13,0.880128,0.502712,3310.845703
14,0.885287,0.499116,3560.483398
15,0.898236,0.491413,3793.376465
16,0.921414,0.475807,4043.002197
17,0.938481,0.465210,4275.805664
18,0.948741,0.466404,4542.083008
19,0.954630,0.470562,4774.990723
20,0.958241,0.471647,5024.617676
21,0.962391,0.475162,5257.461914
22,0.970078,0.475940,5523.692383
23,0.990669,0.478970,5756.564941
24,0.007644,0.484190,6006.218262
25,0.011510,0.487465,6255.776855
26,0.019362,0.486481,6521.901367
27,0.022274,0.486518,6754.893555
28,0.024277,0.485855,7004.455566
29,0.027729,0.485359,7254.054199
30,0.033405,0.486544,7503.519531
31,0.045639,0.490554,7753.204102
32,0.053455,0.483530,8002.665039
33,0.058327,0.475700,8252.292969
34,0.045263,0.465637,8535.167969
35,0.015676,0.446404,8784.622070
36,0.993187,0.438934,9034.268555
37,0.959900,0.442959,9267.122070
38,0.927539,0.404394,9533.416016
39,0.897532,0.382118,9782.843750
40,0.848095,0.367156,10032.520508
41,0.802006,0.351843,10298.615234
42,0.753636,0.317211,10531.584961
43,0.720215,0.303596,10781.077148
44,0.686005,0.318309,11030.748047
45,0.653955,0.347184,11263.609375
46,0.630922,0.408514,11513.219727
47,0.614930,0.459662,11762.831055
48,0.606262,0.534775,12045.601562
49,0.592604,0.586478,12278.607422
50,0.571955,0.614682,12511.463867
51,0.547101,0.623982,12761.057617
52,0.524467,0.609994,13043.838867
53,0.511009,0.599138,13276.795898
54,0.497123,0.589469,13543.017578
55,0.485246,0.591021,13775.938477
56,0.467917,0.619363,14025.548828
57,0.456335,0.633789,14275.006836
58,0.444022,0.624732,14507.953125
59,0.415492,0.577111,14757.563477
60,0.397304,0.548153,15007.119141
61,0.406012,0.536588,15256.675781
62,0.427881,0.533919,15506.111328
63,0.441470,0.529527,15755.774414
64,0.444229,0.520673,16005.396484
65,0.444428,0.518125,16254.880859
66,0.444999,0.516795,16504.492188
67,0.447222,0.517941,16753.962891
68,0.453965,0.522352,17003.578125
69,0.457396,0.534014,17253.117188
70,0.457239,0.561699,17502.730469
71,0.453816,0.590848,17752.320312
72,0.468297,0.620250,18001.851562
73,0.503872,0.650219,18251.480469
74,0.547307,0.672822,18584.123047
75,0.565583,0.682089,18833.695312
76,0.574808,0.679695,19066.669922
77,0.578466,0.665665,19316.222656
78,0.579988,0.653866,19549.074219
79,0.580284,0.638596,19798.716797
80,0.576890,0.628111,20048.275391
81,0.569219,0.623308,20297.845703
82,0.563463,0.619013,20547.386719
83,0.554571,0.612458,20796.917969
84,0.552803,0.602296,21029.945312
85,0.553949,0.592392,21279.378906
86,0.557941,0.585639,21529.029297
87,0.568751,0.579844,21778.488281
88,0.583343,0.573583,22011.486328
89,0.596249,0.570662,22261.054688
90,0.608611,0.587554,22510.650391
91,0.633945,0.615818,22760.134766
92,0.676584,0.640438,23009.775391
93,0.716486,0.651556,23259.232422
94,0.740704,0.653658,23508.894531
95,0.752934,0.646954,23758.451172
96,0.768370,0.649786,24008.017578
97,0.787491,0.647547,24257.580078
98,0.796834,0.641124,24507.070312
99,0.804299,0.645935,24789.976562
0,0.749564,0.461338,0.025765
1,0.744465,0.463512,266.133331
2,0.734388,0.467234,515.733154
3,0.721509,0.473128,765.408875
4,0.738425,0.490116,1014.849792
5,0.800569,0.516413,1264.477295
6,0.829037,0.526446,1514.043701
7,0.842300,0.521913,1763.698364
8,0.856912,0.519140,2096.365723
9,0.862745,0.515137,2329.262451
10,0.880122,0.500722,2578.820312
11,0.916202,0.473227,2828.355469
12,0.941451,0.455719,3077.937256
13,0.956328,0.455729,3327.493408
14,0.970967,0.467266,3577.086914
15,0.987080,0.476807,3826.552002
16,0.013515,0.469581,4059.585693
17,0.033140,0.460163,4309.041992
18,0.056458,0.453186,4542.075195
19,0.091961,0.454307,4808.322266
20,0.133355,0.448245,5057.825195
21,0.170800,0.446317,5290.701172
22,0.206135,0.452073,5540.338867
23,0.236325,0.457393,5789.899414
24,0.258422,0.467135,6022.803223
25,0.266295,0.479035,6272.419434
26,0.257842,0.487099,6521.913086
27,0.241429,0.488321,6771.556152
28,0.220693,0.483529,7020.991211
29,0.201665,0.484310,7270.627930
30,0.181489,0.484583,7520.122070
31,0.157654,0.485791,7753.097656
32,0.130306,0.485444,8002.632812
33,0.102924,0.484269,8285.507812
34,0.077724,0.485532,8518.383789
35,0.049422,0.484074,8767.997070
36,0.025333,0.478894,9000.900391
37,0.997060,0.474334,9250.523438
38,0.967193,0.471259,9516.742188
39,0.940976,0.469859,9766.192383
40,0.910993,0.474494,10015.866211
41,0.882049,0.473340,10281.994141
42,0.859829,0.471662,10531.625977
43,0.840763,0.473749,10781.078125
44,0.824946,0.477309,11014.043945
45,0.805537,0.476510,11263.582031
46,0.781966,0.475885,11513.160156
47,0.762555,0.476930,11762.708984
48,0.737973,0.472486,12012.279297
49,0.713492,0.473454,12261.905273
50,0.691640,0.488306,12511.398438
51,0.662403,0.549793,12760.958008
52,0.628437,0.597157,13093.825195
53,0.580419,0.626177,13326.679688
54,0.534165,0.641359,13576.241211
55,0.498441,0.636590,13825.786133
56,0.484063,0.633723,14058.789062
57,0.483947,0.634339,14308.260742
58,0.494970,0.644007,14557.896484
59,0.499074,0.632829,14807.345703
60,0.503807,0.616922,15056.913086
61,0.507940,0.618117,15306.476562
62,0.521304,0.637046,15556.128906
63,0.543526,0.656540,15805.628906
64,0.547333,0.651350,16055.247070
65,0.555773,0.641480,16288.101562
66,0.556406,0.639220,16537.736328
67,0.556782,0.639478,16787.224609
68,0.558015,0.640732,17036.847656
69,0.556802,0.642516,17286.431641
70,0.553029,0.643766,17519.328125
71,0.552191,0.644740,17768.859375
72,0.525113,0.639436,18018.419922
73,0.502625,0.633820,18268.099609
74,0.493974,0.634656,18517.525391
75,0.475900,0.625990,18767.193359
76,0.463432,0.612960,19016.707031
77,0.453919,0.597757,19266.287109
78,0.454789,0.592329,19515.824219
79,0.463562,0.574808,19765.386719
80,0.485041,0.549563,20014.894531
81,0.495163,0.521235,20264.501953
82,0.510394,0.495788,20514.021484
83,0.529185,0.486776,20796.890625
84,0.547919,0.489699,21046.488281
85,0.564166,0.487573,21279.408203
86,0.574068,0.483962,21529.025391
87,0.581935,0.482349,21778.474609
88,0.586993,0.485868,22044.763672
89,0.592622,0.489096,22260.974609
90,0.595845,0.491464,22510.593750
91,0.600694,0.494314,22776.712891
92,0.608387,0.498032,23009.705078
93,0.611301,0.499840,23259.222656
94,0.616449,0.504454,23542.119141
95,0.622764,0.514696,23775.117188
96,0.633846,0.522529,24024.582031
97,0.657872,0.526576,24274.232422
98,0.675306,0.522393,24523.675781
99,0.681272,0.521237,24773.314453
0,0.749877,0.501831,0.022645
1,0.749867,0.502478,266.199036
2,0.749783,0.502532,515.770386
3,0.750630,0.503004,765.315857
4,0.763377,0.497141,1014.880493
5,0.799489,0.488815,1264.492798
6,0.838134,0.486390,1514.042236
7,0.857488,0.487230,1763.566040
8,0.869003,0.486046,2013.119995
9,0.881513,0.481389,2262.742676
10,0.899608,0.467010,2512.265869
11,0.935317,0.444304,2761.810791
12,0.961730,0.437573,3011.428467
13,0.973889,0.444719,3260.973877
14,0.975182,0.452772,3510.556885
15,0.967997,0.456815,3760.124756
16,0.959114,0.456927,4009.634277
17,0.953038,0.458732,4259.201660
18,0.944922,0.453077,4508.765137
19,0.938594,0.443538,4758.350586
20,0.929990,0.440142,5007.949707
21,0.914863,0.442275,5257.478516
22,0.882773,0.453046,5507.059082
23,0.855128,0.460974,5756.649902
24,0.846515,0.466389,6006.172363
25,0.859145,0.472558,6255.762207
26,0.878328,0.473409,6505.284668
27,0.900856,0.471473,6754.840820
28,0.930946,0.459623,7004.446777
29,0.958790,0.461788,7254.012207
30,0.979571,0.471623,7503.570801
31,0.994986,0.477481,7753.153809
32,0.003190,0.492947,8002.668945
33,0.007846,0.503307,8252.220703
34,0.008759,0.500903,8501.796875
35,0.010816,0.492941,8751.343750
36,0.017890,0.484538,9000.946289
37,0.025836,0.475641,9250.568359
38,0.031153,0.462483,9500.037109
39,0.039083,0.453922,9766.241211
40,0.053984,0.456471,10015.810547
41,0.071356,0.459065,10265.397461
42,0.080253,0.462399,10514.941406
43,0.083367,0.464382,10764.522461
44,0.085398,0.462187,11014.127930
45,0.093086,0.457909,11263.674805
46,0.111072,0.452959,11513.228516
47,0.127215,0.451497,11762.782227
48,0.136072,0.448497,12012.391602
49,0.136071,0.446315,12262.025391
50,0.127258,0.447861,12511.465820
51,0.119065,0.442968,12761.001953
52,0.116846,0.440122,13010.581055
53,0.126442,0.431354,13260.144531
54,0.147906,0.445229,13509.734375
55,0.171187,0.517816,13759.293945
56,0.195261,0.624173,14008.864258
57,0.223021,0.709264,14258.485352
58,0.247609,0.728283,14507.992188
59,0.276317,0.707614,14757.559570
60,0.308088,0.661431,15023.774414
61,0.345697,0.630330,15256.659180
62,0.375252,0.603453,15506.231445
63,0.396797,0.590137,15755.856445
64,0.410878,0.594993,16005.371094
65,0.427038,0.600827,16254.938477
66,0.434529,0.574801,16504.488281
67,0.435519,0.546440,16754.037109
68,0.428678,0.517395,17003.628906
69,0.406760,0.492766,17253.195312
70,0.399446,0.468711,17502.769531
71,0.397441,0.443805,17752.292969
72,0.408278,0.440574,18001.882812
73,0.434705,0.451346,18251.412109
74,0.463658,0.474816,18501.029297
75,0.487588,0.502423,18750.554688
76,0.495463,0.518250,19000.136719
77,0.506097,0.533848,19266.345703
78,0.520878,0.551465,19515.916016
79,0.531030,0.573634,19765.437500
80,0.531673,0.580712,20015.039062
81,0.525309,0.590206,20264.556641
82,0.517189,0.576733,20514.134766
83,0.512443,0.566015,20763.701172
84,0.508193,0.559500,21013.390625
85,0.506251,0.550558,21262.851562
86,0.510606,0.540871,21512.419922
87,0.519225,0.525548,21761.951172
88,0.529013,0.520630,22011.574219
89,0.545105,0.521497,22261.099609
90,0.572424,0.534031,22510.666016
91,0.608369,0.546229,22760.246094
92,0.636980,0.536094,23009.792969
93,0.666389,0.532678,23259.412109
94,0.694082,0.538826,23508.923828
95,0.711123,0.536791,23758.474609
96,0.723145,0.525493,24008.062500
97,0.745565,0.510702,24257.593750
98,0.769056,0.494043,24507.193359
99,0.770102,0.472319,24756.712891
0,0.749942,0.537307,0.004437
1,0.749739,0.540950,266.262939
2,0.744330,0.566368,515.803467
3,0.725474,0.619461,765.400879
4,0.686936,0.655935,1014.922363
5,0.659423,0.668125,1264.586670
6,0.638820,0.673109,1514.031860
7,0.617781,0.668822,1763.619385
8,0.601121,0.661063,2013.168945
9,0.603885,0.644743,2262.761963
10,0.616116,0.616153,2512.313965
11,0.630280,0.560415,2761.952148
12,0.648548,0.494946,3011.487793
13,0.664120,0.467618,3260.983154
14,0.697401,0.453254,3510.547119
15,0.743340,0.468668,3760.173096
16,0.796159,0.540399,4009.664062
17,0.835666,0.574936,4259.249023
18,0.848465,0.586405,4508.898926
19,0.851031,0.591345,4758.451660
20,0.871458,0.590791,5008.009277
21,0.923137,0.578571,5257.515625
22,0.957233,0.564093,5507.117676
23,0.973519,0.551940,5756.668945
24,0.989411,0.548997,6006.190430
25,0.004922,0.551472,6255.752441
26,0.026033,0.555321,6505.310547
27,0.055820,0.557432,6754.931152
28,0.089063,0.561877,7004.461426
29,0.114161,0.564039,7254.116699
30,0.093785,0.558383,7503.575684
31,0.092573,0.561610,7753.148438
32,0.143069,0.584601,8002.714355
33,0.210044,0.614458,8252.261719
34,0.256675,0.631181,8501.832031
35,0.289722,0.636516,8751.396484
36,0.302287,0.636998,9000.945312
37,0.323004,0.647004,9250.556641
38,0.317200,0.644616,9500.107422
39,0.256375,0.633141,9766.289062
40,0.224315,0.631229,10015.835938
41,0.213378,0.628310,10265.405273
42,0.211644,0.624565,10514.985352
43,0.214140,0.623262,10764.551758
44,0.225435,0.612269,11014.114258
45,0.246920,0.609480,11263.665039
46,0.300104,0.646354,11513.255859
47,0.359947,0.661455,11762.808594
48,0.387389,0.673134,12012.346680
49,0.402128,0.679261,12261.926758
50,0.418932,0.686406,12511.536133
51,0.432290,0.699021,12761.061523
52,0.440913,0.709825,13010.624023
53,0.450485,0.712260,13260.183594
54,0.459896,0.703608,13509.747070
55,0.469014,0.693158,13759.297852
56,0.479160,0.696220,14008.898438
57,0.487340,0.694028,14258.478516
58,0.490925,0.677348,14507.996094
59,0.493542,0.658782,14757.571289
60,0.497121,0.631439,15007.130859
61,0.496444,0.620670,15256.700195
62,0.486270,0.636592,15506.247070
63,0.476895,0.649072,15755.828125
64,0.474514,0.656632,16005.389648
65,0.472527,0.658599,16254.934570
66,0.466814,0.660615,16504.513672
67,0.466994,0.664292,16754.091797
68,0.473553,0.669002,17003.652344
69,0.490394,0.674363,17253.195312
70,0.509261,0.677705,17502.767578
71,0.527345,0.682227,17752.339844
72,0.537177,0.691566,18001.935547
73,0.539332,0.694748,18251.474609
74,0.541202,0.693101,18501.009766
75,0.551055,0.689679,18750.595703
76,0.567595,0.686728,19000.191406
77,0.574749,0.683969,19266.345703
78,0.562574,0.682354,19515.904297
79,0.537570,0.674662,19765.521484
80,0.524620,0.670076,20015.064453
81,0.514650,0.668822,20264.597656
82,0.508941,0.668384,20530.802734
83,0.500301,0.671472,20763.750000
84,0.492758,0.671096,21013.302734
85,0.485317,0.637886,21262.859375
86,0.473179,0.557821,21512.421875
87,0.461866,0.529348,21762.009766
88,0.445947,0.543417,22011.611328
89,0.436285,0.565802,22261.148438
90,0.434026,0.579153,22510.681641
91,0.429438,0.588355,22760.263672
92,0.420107,0.591451,23009.820312
93,0.403054,0.599484,23259.373047
94,0.388431,0.605425,23508.935547
95,0.379789,0.612536,23758.490234
96,0.375778,0.621286,24008.054688
97,0.369324,0.625304,24257.638672
98,0.349270,0.626494,24507.195312
99,0.339460,0.627783,24756.757812
0,0.750053,0.574940,0.024758
1,0.750010,0.574408,266.293518
2,0.751775,0.575685,515.863647
3,0.775798,0.567732,765.481934
4,0.829165,0.569929,1014.951782
5,0.908532,0.592257,1264.497559
6,0.967306,0.602116,1514.042236
7,0.998781,0.573250,1763.623291
8,0.017784,0.551457,2013.180176
9,0.013280,0.547498,2262.787354
10,0.009215,0.547445,2512.338379
11,0.005838,0.551828,2761.902832
12,0.002444,0.552818,3011.440430
13,0.998637,0.553970,3261.039307
14,0.996408,0.556828,3510.562988
15,0.994084,0.556973,3760.165527
16,0.992115,0.551266,4009.802002
17,0.990993,0.546130,4259.249512
18,0.992437,0.543865,4508.868164
19,0.995303,0.544440,4758.456055
20,0.994427,0.547652,5007.976074
21,0.963954,0.563347,5257.515625
22,0.899025,0.582039,5507.158203
23,0.841752,0.592375,5756.715820
24,0.766927,0.587081,6006.237793
25,0.702914,0.606714,6255.811035
26,0.639827,0.640287,6505.334961
27,0.575416,0.669204,6754.916992
28,0.522409,0.688123,7004.449219
29,0.463829,0.650830,7254.123535
30,0.442903,0.631240,7503.653320
31,0.416478,0.638736,7753.209961
32,0.402058,0.664515,8002.728027
33,0.399942,0.687774,8252.342773
34,0.411477,0.690668,8501.882812
35,0.429930,0.681961,8751.398438
36,0.463853,0.667107,9001.005859
37,0.494147,0.658217,9250.629883
38,0.519901,0.644242,9500.175781
39,0.524529,0.628521,9766.414062
40,0.509065,0.625854,10015.878906
41,0.497976,0.633356,10265.490234
42,0.490762,0.636966,10515.031250
43,0.486735,0.637258,10764.545898
44,0.480752,0.637630,11014.226562
45,0.474983,0.639010,11263.758789
46,0.471511,0.639448,11513.317383
47,0.468990,0.642794,11762.812500
48,0.470798,0.644179,12012.439453
49,0.478928,0.642288,12261.970703
50,0.481169,0.650713,12511.510742
51,0.465848,0.685873,12761.072266
52,0.429700,0.694830,13027.339844
53,0.412242,0.668753,13260.284180
54,0.413130,0.651669,13509.761719
55,0.414543,0.643445,13759.363281
56,0.419975,0.638419,14008.912109
57,0.431620,0.633206,14258.473633
58,0.478434,0.618591,14508.022461
59,0.533484,0.594774,14757.596680
60,0.586918,0.579845,15007.150391
61,0.638571,0.571567,15256.706055
62,0.681020,0.563693,15506.259766
63,0.720327,0.565961,15755.820312
64,0.757055,0.562132,16005.429688
65,0.783295,0.560844,16254.974609
66,0.806125,0.564753,16504.572266
67,0.822264,0.570549,16754.083984
68,0.819797,0.579258,17003.679688
69,0.798509,0.590420,17253.205078
70,0.771690,0.603966,17502.787109
71,0.742435,0.628253,17752.376953
72,0.695146,0.648115,18001.888672
73,0.647094,0.639028,18251.478516
74,0.634479,0.631865,18501.033203
75,0.630982,0.632695,18750.597656
76,0.633212,0.630562,19000.167969
77,0.635067,0.624758,19266.380859
78,0.634876,0.627398,19515.927734
79,0.631855,0.631125,19765.501953
80,0.627468,0.636014,20015.050781
81,0.623267,0.640877,20264.617188
82,0.620043,0.649452,20514.189453
83,0.617038,0.660171,20763.740234
84,0.613503,0.666344,21013.330078
85,0.611359,0.668988,21262.900391
86,0.610372,0.671128,21512.441406
87,0.609935,0.672088,21762.017578
88,0.610331,0.671662,22011.597656
89,0.610410,0.668233,22261.125000
90,0.609576,0.667216,22510.708984
91,0.608389,0.667095,22760.263672
92,0.608223,0.667602,23009.839844
93,0.607850,0.669667,23259.408203
94,0.607801,0.670455,23509.000000
95,0.608142,0.669828,23758.531250
96,0.608841,0.669050,24008.064453
97,0.608994,0.669046,24257.646484
98,0.609197,0.669394,24507.203125
99,0.609607,0.668900,24756.806641
0,0.751724,0.410344,0.052158
1,0.755502,0.416713,266.231476
2,0.767784,0.453246,515.860840
3,0.792833,0.495406,765.364441
4,0.831957,0.538222,1014.964539
5,0.869740,0.572708,1264.544922
6,0.896385,0.551203,1514.068237
7,0.934698,0.505649,1763.754150
8,0.968779,0.458919,2013.212646
9,0.987938,0.438819,2262.836182
10,0.010882,0.435243,2512.308594
11,0.010485,0.433551,2761.927734
12,0.007086,0.425532,3011.466309
13,0.004419,0.426647,3261.045166
14,0.004677,0.431633,3510.623535
15,0.005396,0.435273,3760.177002
16,0.004930,0.436338,4009.728516
17,0.004856,0.438184,4259.283203
18,0.005268,0.439809,4508.888184
19,0.006131,0.441103,4758.411133
20,0.008314,0.442210,5007.949707
21,0.011382,0.441642,5257.567871
22,0.014733,0.442095,5507.099609
23,0.017891,0.444010,5756.686523
24,0.018674,0.445218,6006.227539
25,0.019768,0.442504,6255.819824
26,0.023338,0.448011,6505.329590
27,0.038658,0.458724,6754.917480
28,0.063838,0.467540,7004.485352
29,0.085998,0.464549,7254.078125
30,0.099119,0.470208,7503.645020
31,0.108791,0.472673,7753.146973
32,0.110217,0.473839,8002.762207
33,0.107578,0.470511,8252.295898
34,0.104025,0.470580,8501.930664
35,0.102254,0.471692,8751.416992
36,0.100410,0.471142,9001.065430
37,0.095094,0.468950,9250.558594
38,0.079203,0.467990,9500.110352
39,0.055674,0.466984,9766.330078
40,0.040966,0.467117,10015.916016
41,0.029488,0.464361,10265.420898
42,0.003969,0.472014,10515.032227
43,0.982762,0.519490,10764.616211
44,0.946411,0.572290,11014.221680
45,0.871659,0.579664,11263.686523
46,0.831074,0.547674,11513.277344
47,0.822081,0.518443,11762.874023
48,0.829845,0.498699,12012.473633
49,0.826429,0.495631,12278.628906
50,0.769640,0.521241,12511.602539
51,0.724961,0.561526,12761.121094
52,0.679718,0.587813,13010.634766
53,0.611225,0.601771,13260.213867
54,0.577433,0.605360,13509.765625
55,0.535275,0.605657,13759.365234
56,0.505911,0.570625,14008.988281
57,0.500965,0.548300,14258.490234
58,0.505090,0.535890,14508.054688
59,0.514747,0.539251,14757.631836
60,0.529940,0.559136,15007.154297
61,0.537794,0.571734,15256.718750
62,0.545443,0.574712,15506.286133
63,0.555251,0.568566,15755.892578
64,0.579763,0.549374,16005.457031
65,0.593966,0.537654,16254.965820
66,0.593090,0.531827,16504.554688
67,0.585999,0.538983,16754.103516
68,0.583769,0.566645,17003.783203
69,0.580378,0.617186,17253.332031
70,0.573623,0.645516,17502.816406
71,0.567047,0.661096,17752.373047
72,0.548416,0.664773,18001.951172
73,0.515561,0.654198,18251.507812
74,0.499453,0.655273,18501.037109
75,0.496407,0.653164,18750.634766
76,0.497252,0.648535,19000.250000
77,0.497718,0.644179,19266.417969
78,0.496476,0.644573,19515.931641
79,0.496834,0.642707,19765.511719
80,0.500231,0.642019,20015.083984
81,0.502440,0.644723,20264.660156
82,0.506547,0.651173,20514.177734
83,0.512137,0.660677,20763.808594
84,0.512214,0.653962,21013.414062
85,0.494023,0.596479,21262.974609
86,0.483020,0.540361,21512.447266
87,0.466239,0.523384,21762.054688
88,0.446691,0.524978,22011.580078
89,0.427768,0.524731,22261.130859
90,0.423029,0.516263,22510.783203
91,0.449522,0.510062,22760.304688
92,0.505010,0.509506,23009.847656
93,0.576992,0.512468,23259.433594
94,0.649140,0.506214,23509.003906
95,0.726057,0.490480,23758.611328
96,0.801237,0.476950,24008.111328
97,0.856574,0.474027,24257.708984
98,0.879537,0.480900,24507.230469
99,0.844399,0.499159,24756.824219
0,0.749926,0.536970,0.028566
1,0.749926,0.537419,266.271210
2,0.735718,0.544879,515.836365
3,0.675308,0.586068,765.358459
4,0.601436,0.658915,1014.918945
5,0.559013,0.726202,1264.605469
6,0.526694,0.759066,1514.033447
7,0.494532,0.766044,1763.727905
8,0.460058,0.739334,2013.231567
9,0.452545,0.696850,2262.839111
10,0.482253,0.657775,2512.344238
11,0.504383,0.609145,2761.924072
12,0.507639,0.577516,3011.478516
13,0.496180,0.566666,3260.982910
14,0.467654,0.552750,3510.625000
15,0.451902,0.542222,3760.152832
16,0.432240,0.543795,4009.760254
17,0.429678,0.552623,4259.285156
18,0.432124,0.553331,4508.934570
19,0.432229,0.558863,4758.391113
20,0.427468,0.554551,5007.956055
21,0.417435,0.525255,5257.552246
22,0.414415,0.472786,5507.131348
23,0.467087,0.401235,5756.668945
24,0.549309,0.305491,6006.262207
25,0.617406,0.261007,6255.819336
26,0.670426,0.281829,6505.354980
27,0.739952,0.315435,6754.882812
28,0.792412,0.370769,7004.520996
29,0.814089,0.432969,7254.074219
30,0.820329,0.480888,7503.611328
31,0.738647,0.486853,7753.164551
32,0.568763,0.489696,8002.770020
33,0.510246,0.512011,8252.250977
34,0.502060,0.513947,8501.849609
35,0.510347,0.519282,8751.402344
36,0.529058,0.526204,9000.999023
37,0.543428,0.533097,9250.601562
38,0.551424,0.543316,9500.120117
39,0.556098,0.545042,9766.283203
40,0.554991,0.534994,10015.902344
41,0.559736,0.527468,10265.420898
42,0.576110,0.513740,10514.989258
43,0.607216,0.510915,10764.569336
44,0.661683,0.511155,11014.161133
45,0.718959,0.516325,11263.764648
46,0.766536,0.514734,11513.248047
47,0.807316,0.512157,11762.855469
48,0.840811,0.509741,12012.392578
49,0.863826,0.513932,12261.965820
50,0.905140,0.494964,12511.484375
51,0.937248,0.481798,12761.093750
52,0.951491,0.475899,13010.662109
53,0.964183,0.476910,13260.192383
54,0.986568,0.478054,13509.819336
55,0.016943,0.479579,13759.303711
56,0.034665,0.480217,14008.872070
57,0.049301,0.481313,14258.537109
58,0.056828,0.482319,14508.113281
59,0.057841,0.481419,14757.572266
60,0.098596,0.505717,15007.130859
61,0.133336,0.543645,15256.685547
62,0.162811,0.577563,15506.248047
63,0.193839,0.609203,15755.826172
64,0.228054,0.637620,16005.390625
65,0.250644,0.659917,16255.002930
66,0.229028,0.655041,16504.566406
67,0.213634,0.646313,16754.091797
68,0.200545,0.626638,17003.646484
69,0.180614,0.588261,17253.251953
70,0.155799,0.555273,17502.775391
71,0.109852,0.533220,17752.330078
72,0.050076,0.510270,18001.917969
73,0.000391,0.490929,18251.501953
74,0.970913,0.570939,18501.023438
75,0.913929,0.771667,18750.609375
76,0.851384,0.850107,19000.205078
77,0.852002,0.883282,19266.396484
78,0.854734,0.854176,19515.925781
79,0.839381,0.723543,19765.507812
80,0.824483,0.474215,20015.091797
81,0.801789,0.275586,20264.703125
82,0.834964,0.191749,20514.189453
83,0.909346,0.212675,20763.736328
84,0.931749,0.266370,21013.316406
85,0.938459,0.333029,21262.951172
86,0.938810,0.368012,21512.458984
87,0.936375,0.380095,21761.984375
88,0.921518,0.391911,22011.595703
89,0.907333,0.429121,22261.117188
90,0.883432,0.461891,22510.720703
91,0.881417,0.465302,22760.246094
92,0.921645,0.471787,23009.832031
93,0.921914,0.479915,23259.402344
94,0.917371,0.485261,23508.988281
95,0.905117,0.484844,23758.541016
96,0.873665,0.484185,24008.082031
97,0.844698,0.493153,24257.703125
98,0.816470,0.515105,24507.220703
99,0.795152,0.535949,24756.816406
0,0.749970,0.608500,-0.031981
1,0.750099,0.608270,266.177246
2,0.752822,0.606559,515.714844
3,0.772722,0.584690,765.337524
4,0.793284,0.551841,1014.899475
5,0.811085,0.528651,1264.517700
6,0.835871,0.517774,1513.993164
7,0.842981,0.524536,1763.547119
8,0.843006,0.531129,2013.098267
9,0.842216,0.532936,2262.651611
10,0.839097,0.533747,2512.255371
11,0.837785,0.535665,2761.816406
12,0.828385,0.540279,3011.338135
13,0.766326,0.578566,3260.948486
14,0.682325,0.626115,3510.527832
15,0.629441,0.651640,3760.076660
16,0.589050,0.682727,4009.591797
17,0.551354,0.697575,4259.270020
18,0.521252,0.683588,4508.709961
19,0.500402,0.660191,4758.298828
20,0.487673,0.635879,5007.865234
21,0.470352,0.626580,5257.519043
22,0.446004,0.630134,5506.969238
23,0.438836,0.603419,5756.650391
24,0.456682,0.536816,6006.108398
25,0.470243,0.441410,6255.693359
26,0.466280,0.381225,6505.275391
27,0.474344,0.356777,6754.840332
28,0.489593,0.348439,7004.459961
29,0.498938,0.326127,7253.971191
30,0.518084,0.299971,7503.532715
31,0.513718,0.299838,7753.055664
32,0.508025,0.298768,8002.643066
33,0.476930,0.324235,8252.193359
34,0.414633,0.383600,8501.727539
35,0.375513,0.452220,8751.354492
36,0.362825,0.492348,9000.911133
37,0.358335,0.512846,9250.461914
38,0.346983,0.539665,9500.055664
39,0.333952,0.548253,9766.263672
40,0.329504,0.544538,10015.785156
41,0.340529,0.540180,10265.354492
42,0.369952,0.540720,10514.934570
43,0.412896,0.547032,10764.478516
44,0.457487,0.554826,11014.024414
45,0.494443,0.566586,11263.586914
46,0.532456,0.574412,11513.153320
47,0.565152,0.578248,11762.722656
48,0.593163,0.580831,12012.300781
49,0.627327,0.588410,12261.859375
50,0.669233,0.599436,12511.411133
51,0.713147,0.597215,12760.993164
52,0.760173,0.593805,13010.543945
53,0.810957,0.589402,13260.105469
54,0.845510,0.590976,13509.666992
55,0.888026,0.608602,13759.222656
56,0.960306,0.614116,14008.787109
57,0.008525,0.592595,14258.343750
58,0.014035,0.573940,14507.937500
59,0.008388,0.559701,14757.487305
60,0.005866,0.563575,15007.058594
61,0.004357,0.568553,15256.604492
62,0.002892,0.571393,15506.188477
63,0.000380,0.563100,15755.725586
64,0.002835,0.545198,16005.285156
65,0.034498,0.533348,16254.882812
66,0.090341,0.528993,16504.416016
67,0.127727,0.533565,16754.000000
68,0.142112,0.534516,17003.560547
69,0.154808,0.539756,17253.140625
70,0.168713,0.548364,17502.699219
71,0.188538,0.579744,17752.234375
72,0.192159,0.642165,18001.808594
73,0.176393,0.705718,18251.396484
74,0.126433,0.789997,18500.927734
75,0.062147,0.823817,18750.498047
76,0.069762,0.819354,19000.089844
77,0.090165,0.768365,19266.291016
78,0.121149,0.665826,19515.822266
79,0.169800,0.568552,19765.402344
80,0.185801,0.514358,20014.962891
81,0.164793,0.471285,20264.511719
82,0.115981,0.396243,20514.103516
83,0.068838,0.317110,20763.654297
84,0.021245,0.270543,21013.240234
85,0.981449,0.248647,21262.806641
86,0.940738,0.248570,21512.361328
87,0.901137,0.254321,21761.941406
88,0.863845,0.257164,22011.474609
89,0.829468,0.270498,22261.050781
90,0.762940,0.292473,22510.603516
91,0.684200,0.326032,22760.205078
92,0.653979,0.353034,23009.746094
93,0.651739,0.365934,23259.287109
94,0.654518,0.375784,23508.880859
95,0.662390,0.381126,23758.412109
96,0.668348,0.386397,24007.964844
97,0.671830,0.394522,24257.558594
98,0.668183,0.416583,24507.134766
99,0.663545,0.429089,24756.677734
0,0.750199,0.626861,-0.057294
1,0.750974,0.625831,266.254578
2,0.752987,0.623698,515.763733
3,0.780424,0.607735,765.312744
4,0.810564,0.589563,1014.862122
5,0.838991,0.576717,1264.410522
6,0.879688,0.573011,1514.093628
7,0.930521,0.552735,1763.571655
8,0.963732,0.536458,2013.122192
9,0.989452,0.525355,2262.729980
10,0.022850,0.524773,2512.282959
11,0.068629,0.532845,2761.796875
12,0.153360,0.546592,3011.380859
13,0.166814,0.555841,3260.927734
14,0.146179,0.551562,3510.541992
15,0.093706,0.558538,3760.084961
16,0.986111,0.589646,4009.670654
17,0.865647,0.592135,4259.229492
18,0.761848,0.589899,4508.761719
19,0.660255,0.606122,4758.330078
20,0.591731,0.625949,5007.921875
21,0.554186,0.626571,5257.483887
22,0.518296,0.613828,5507.006836
23,0.483963,0.589521,5756.660645
24,0.448013,0.579449,6006.157227
25,0.406672,0.583592,6272.366211
26,0.360666,0.585979,6505.293945
27,0.355377,0.580955,6754.873535
28,0.388267,0.566498,7004.439941
29,0.429101,0.550537,7253.953125
30,0.463096,0.542169,7503.541504
31,0.493211,0.551605,7753.069336
32,0.523168,0.569768,8002.637207
33,0.546004,0.574604,8252.196289
34,0.570614,0.573756,8501.885742
35,0.595198,0.569195,8751.363281
36,0.607645,0.560432,9000.902344
37,0.608460,0.554650,9250.476562
38,0.575390,0.555340,9500.054688
39,0.511149,0.564715,9766.281250
40,0.458327,0.601374,10015.846680
41,0.400152,0.692351,10265.373047
42,0.348830,0.721320,10514.972656
43,0.312414,0.640239,10764.492188
44,0.278938,0.568513,11014.060547
45,0.253171,0.544103,11263.633789
46,0.214196,0.548999,11513.229492
47,0.205231,0.554436,11762.775391
48,0.205412,0.551705,12012.357422
49,0.226598,0.557443,12261.927734
50,0.245288,0.566621,12511.429688
51,0.263210,0.569614,12760.991211
52,0.289117,0.576147,13010.610352
53,0.327632,0.586021,13260.222656
54,0.361196,0.592329,13509.808594
55,0.396801,0.593034,13759.293945
56,0.445069,0.556744,14008.927734
57,0.501595,0.486107,14258.381836
58,0.526617,0.467506,14507.970703
59,0.543955,0.506212,14757.500000
60,0.545085,0.591294,15007.177734
61,0.530136,0.686567,15256.656250
62,0.501642,0.789234,15506.235352
63,0.476701,0.850457,15755.840820
64,0.465247,0.860152,16005.329102
65,0.467827,0.851012,16254.951172
66,0.490581,0.817425,16504.447266
67,0.522790,0.775068,16754.113281
68,0.559801,0.716973,17003.583984
69,0.579163,0.664225,17253.160156
70,0.595117,0.640145,17502.753906
71,0.600054,0.635022,17752.267578
72,0.599732,0.635432,18001.871094
73,0.598667,0.635359,18251.427734
74,0.596842,0.633044,18501.000000
75,0.595351,0.631316,18750.542969
76,0.592542,0.626879,19000.101562
77,0.578185,0.625302,19266.287109
78,0.568336,0.621307,19515.855469
79,0.573651,0.621792,19765.443359
80,0.580543,0.621563,20015.000000
81,0.595685,0.613109,20264.544922
82,0.601297,0.607700,20514.132812
83,0.599452,0.602914,20763.667969
84,0.595659,0.601254,21013.261719
85,0.589874,0.598395,21262.800781
86,0.576331,0.599607,21512.388672
87,0.554576,0.600736,21761.947266
88,0.533848,0.598334,22011.488281
89,0.512584,0.592939,22261.082031
90,0.498073,0.587405,22510.646484
91,0.485703,0.580755,22760.187500
92,0.475449,0.576816,23009.751953
93,0.477625,0.577649,23259.337891
94,0.496687,0.583637,23508.869141
95,0.523375,0.589441,23758.457031
96,0.570467,0.588450,24008.044922
97,0.628976,0.579518,24257.605469
98,0.674564,0.576383,24507.136719
99,0.705253,0.573617,24756.705078
0,0.751022,0.492900,-0.001029
1,0.749404,0.484986,266.207397
2,0.757576,0.477846,515.822388
3,0.799827,0.469398,765.378479
4,0.830790,0.464186,1014.863647
5,0.839635,0.463631,1264.506348
6,0.842201,0.464221,1513.999512
7,0.843332,0.465050,1763.595337
8,0.867441,0.454068,2013.233521
9,0.925192,0.431433,2262.789551
10,0.947042,0.419986,2512.240234
11,0.961093,0.413921,2761.860352
12,0.976637,0.412324,3011.457764
13,0.989914,0.415192,3260.945557
14,0.004168,0.420268,3510.562500
15,0.018931,0.425638,3760.074463
16,0.026103,0.428669,4009.705811
17,0.027476,0.431488,4259.216309
18,0.026005,0.440122,4508.806152
19,0.017577,0.458236,4758.310059
20,0.006866,0.466799,5007.876953
21,0.976048,0.551436,5257.497559
22,0.925013,0.693448,5507.041992
23,0.842930,0.797049,5756.731445
24,0.740849,0.840223,6022.812500
25,0.692611,0.858516,6255.778809
26,0.636203,0.866306,6505.277832
27,0.545215,0.829528,6754.895508
28,0.499233,0.782742,7004.395508
29,0.469997,0.742397,7254.004395
30,0.450752,0.712462,7503.635254
31,0.451979,0.658346,7753.126465
32,0.472240,0.585641,8002.706543
33,0.477164,0.544264,8252.265625
34,0.465102,0.532688,8501.864258
35,0.458744,0.532335,8751.348633
36,0.461945,0.544082,9000.935547
37,0.480993,0.567418,9250.511719
38,0.515145,0.585416,9500.094727
39,0.531954,0.593754,9766.214844
40,0.535800,0.591462,10015.796875
41,0.530599,0.576218,10265.391602
42,0.522225,0.562692,10514.955078
43,0.515288,0.551649,10764.546875
44,0.496223,0.538824,11014.014648
45,0.489644,0.533783,11263.633789
46,0.491922,0.535880,11513.183594
47,0.492892,0.540754,11762.755859
48,0.491924,0.544569,12012.315430
49,0.492259,0.547466,12261.896484
50,0.493013,0.550404,12511.414062
51,0.493583,0.552070,12761.044922
52,0.494145,0.553002,13010.553711
53,0.494533,0.554121,13260.133789
54,0.494744,0.554670,13509.722656
55,0.494647,0.555422,13759.268555
56,0.490386,0.557531,14008.896484
57,0.487798,0.558223,14258.408203
58,0.488417,0.557782,14507.950195
59,0.488848,0.557263,14757.503906
60,0.489240,0.556352,15007.102539
61,0.489872,0.555725,15256.613281
62,0.491229,0.555176,15506.242188
63,0.502344,0.546868,15755.729492
64,0.554438,0.518821,16005.374023
65,0.616875,0.491543,16254.797852
66,0.662148,0.477252,16504.490234
67,0.691182,0.470412,16753.914062
68,0.721108,0.465788,17003.578125
69,0.750097,0.462994,17253.224609
70,0.777082,0.461089,17502.748047
71,0.804271,0.460129,17752.322266
72,0.828556,0.457374,18001.789062
73,0.847082,0.453446,18251.439453
74,0.862938,0.449429,18500.941406
75,0.895461,0.438938,18750.554688
76,0.934163,0.422013,19000.003906
77,0.949556,0.415417,19266.273438
78,0.957729,0.419384,19515.906250
79,0.959372,0.423611,19765.474609
80,0.959512,0.428907,20014.982422
81,0.959117,0.430605,20264.593750
82,0.958861,0.432903,20514.093750
83,0.958821,0.434714,20763.638672
84,0.958884,0.438068,21013.271484
85,0.959139,0.440861,21262.820312
86,0.959395,0.442972,21512.382812
87,0.959417,0.444598,21761.853516
88,0.959384,0.446182,22011.496094
89,0.959310,0.447677,22261.068359
90,0.959393,0.449355,22510.609375
91,0.959326,0.450829,22760.189453
92,0.958985,0.452565,23009.750000
93,0.958941,0.453986,23259.347656
94,0.958997,0.454876,23508.789062
95,0.959003,0.455993,23758.462891
96,0.958993,0.457108,24007.929688
97,0.958844,0.458264,24257.582031
98,0.958734,0.458989,24507.078125
99,0.958530,0.459266,24756.740234
0,0.749995,0.424657,0.002136
1,0.749822,0.425270,266.236572
2,0.748441,0.431662,515.760376
3,0.744954,0.447943,765.394775
4,0.747281,0.455101,1014.931519
5,0.753908,0.465789,1264.523315
6,0.760433,0.471051,1514.084106
7,0.770455,0.471196,1763.620239
8,0.778318,0.474380,2013.142090
9,0.768707,0.491626,2262.715332
10,0.748351,0.520154,2512.359375
11,0.729549,0.546650,2761.836670
12,0.709146,0.565066,3011.533203
13,0.680142,0.576004,3261.042725
14,0.650671,0.587578,3510.600830
15,0.628656,0.593800,3760.187012
16,0.608879,0.599106,4009.670654
17,0.588040,0.609541,4259.222656
18,0.566646,0.652118,4508.800781
19,0.555820,0.688390,4758.366211
20,0.553384,0.706330,5007.953613
21,0.553487,0.697640,5257.519043
22,0.552259,0.681926,5507.070801
23,0.549439,0.666778,5756.638672
24,0.553105,0.652780,6006.183594
25,0.556772,0.643688,6255.730469
26,0.555730,0.632442,6505.312012
27,0.556100,0.620792,6754.907715
28,0.556077,0.610067,7004.428711
29,0.558278,0.603612,7254.041504
30,0.561245,0.594505,7503.571777
31,0.569070,0.583655,7753.154785
32,0.579491,0.571381,8002.732910
33,0.592814,0.560880,8252.271484
34,0.607403,0.552885,8501.834961
35,0.618688,0.545548,8751.392578
36,0.625867,0.536826,9000.979492
37,0.631854,0.527753,9250.523438
38,0.636784,0.522102,9500.083984
39,0.641309,0.521330,9766.297852
40,0.644870,0.518170,10015.829102
41,0.647651,0.516811,10265.411133
42,0.650457,0.518341,10514.982422
43,0.659246,0.525453,10764.535156
44,0.667445,0.534467,11014.125000
45,0.666130,0.542592,11263.659180
46,0.646691,0.552231,11513.220703
47,0.619607,0.555743,11762.792969
48,0.592098,0.558232,12012.382812
49,0.565315,0.561366,12261.934570
50,0.537474,0.562141,12511.504883
51,0.510949,0.563935,12761.051758
52,0.482339,0.581014,13010.605469
53,0.459571,0.598655,13260.185547
54,0.448040,0.606932,13509.738281
55,0.429701,0.608823,13759.298828
56,0.404422,0.603277,14008.865234
57,0.386886,0.591456,14258.413086
58,0.376181,0.579216,14507.978516
59,0.367028,0.572079,14757.579102
60,0.360014,0.560428,15007.131836
61,0.352460,0.552453,15256.700195
62,0.338895,0.545701,15506.260742
63,0.318562,0.543246,15755.806641
64,0.291341,0.536081,16005.387695
65,0.256662,0.528674,16254.929688
66,0.224574,0.523038,16504.521484
67,0.201386,0.514980,16754.074219
68,0.183183,0.503333,17003.642578
69,0.165935,0.496356,17253.234375
70,0.147687,0.486826,17502.761719
71,0.132974,0.475811,17752.361328
72,0.125065,0.472999,18001.878906
73,0.115472,0.470843,18251.453125
74,0.100388,0.472177,18501.033203
75,0.072703,0.469394,18750.601562
76,0.049640,0.468745,19000.130859
77,0.036280,0.463577,19266.375000
78,0.028976,0.459337,19515.902344
79,0.023044,0.461287,19765.482422
80,0.023505,0.461735,20015.017578
81,0.034676,0.463117,20264.595703
82,0.048645,0.463845,20514.162109
83,0.075383,0.463786,20763.724609
84,0.114871,0.459322,21013.312500
85,0.145377,0.460731,21262.865234
86,0.167611,0.470689,21512.412109
87,0.186343,0.474007,21762.001953
88,0.206130,0.474324,22011.544922
89,0.229349,0.469542,22261.097656
90,0.266173,0.469416,22510.693359
91,0.318191,0.475143,22760.244141
92,0.359839,0.479552,23009.814453
93,0.394105,0.487056,23259.375000
94,0.425002,0.498683,23508.935547
95,0.440656,0.513871,23758.519531
96,0.451565,0.542303,24008.066406
97,0.464991,0.570126,24257.607422
98,0.482162,0.598305,24507.173828
99,0.499925,0.614310,24756.742188
0,0.748874,0.523135,-0.051379
1,0.746871,0.523607,266.138489
2,0.753251,0.518962,515.772583
3,0.798391,0.499827,765.273254
4,0.836826,0.491823,1014.813477
5,0.849931,0.492794,1264.464844
6,0.851690,0.491016,1513.977295
7,0.861510,0.489989,1763.548584
8,0.887275,0.489985,2013.105591
9,0.925278,0.490311,2262.653320
10,0.958853,0.486272,2512.232910
11,0.981857,0.483257,2761.738281
12,0.992328,0.478176,3011.435547
13,0.998306,0.474684,3260.970703
14,0.010837,0.480132,3510.498291
15,0.016045,0.481053,3760.064697
16,0.021528,0.484624,4009.624512
17,0.024847,0.489834,4259.180176
18,0.025083,0.490197,4508.699219
19,0.025428,0.492148,4758.293457
20,0.026731,0.493059,5007.816406
21,0.029592,0.494708,5257.463867
22,0.030086,0.495974,5506.957031
23,0.031353,0.497562,5756.545410
24,0.031838,0.497873,6006.122070
25,0.022827,0.492955,6255.650391
26,0.019307,0.491532,6505.217285
27,0.018305,0.492367,6754.765625
28,0.007539,0.488269,7004.416504
29,0.997312,0.484200,7253.884277
30,0.991891,0.485853,7503.547852
31,0.976763,0.490303,7753.028809
32,0.952385,0.488164,8002.641602
33,0.926501,0.480512,8252.258789
34,0.899808,0.467787,8501.828125
35,0.877585,0.456287,8751.350586
36,0.857656,0.444846,9000.869141
37,0.840424,0.443615,9250.423828
38,0.824829,0.444174,9516.648438
39,0.818551,0.456867,9766.240234
40,0.807252,0.469072,10015.783203
41,0.790611,0.473035,10265.344727
42,0.771883,0.478092,10514.921875
43,0.755741,0.481811,10764.538086
44,0.710047,0.456732,11014.000000
45,0.625880,0.426581,11263.698242
46,0.570546,0.445372,11513.119141
47,0.539929,0.474158,11762.733398
48,0.517030,0.501086,12012.330078
49,0.497911,0.525840,12261.872070
50,0.481013,0.573343,12511.460938
51,0.480036,0.589690,12760.945312
52,0.480687,0.585043,13010.583984
53,0.481910,0.582470,13260.088867
54,0.480511,0.586804,13509.638672
55,0.481232,0.584381,13759.264648
56,0.490729,0.572263,14008.893555
57,0.514218,0.561515,14258.403320
58,0.539575,0.567192,14507.909180
59,0.579874,0.580166,14757.584961
60,0.614676,0.589965,15007.097656
61,0.636741,0.595524,15256.598633
62,0.647856,0.594505,15506.204102
63,0.641924,0.608210,15755.823242
64,0.632702,0.624749,16005.369141
65,0.631223,0.628145,16254.846680
66,0.630667,0.626733,16504.488281
67,0.627172,0.625270,16754.023438
68,0.624920,0.620297,17003.554688
69,0.621724,0.613726,17253.144531
70,0.620221,0.607603,17502.744141
71,0.620120,0.599450,17752.248047
72,0.627900,0.585919,18001.785156
73,0.632537,0.571471,18251.337891
74,0.624622,0.570625,18501.005859
75,0.608561,0.565390,18750.466797
76,0.590287,0.551556,19000.072266
77,0.591251,0.520574,19266.320312
78,0.587498,0.507331,19515.921875
79,0.570368,0.522588,19765.353516
80,0.553336,0.530515,20014.927734
81,0.544358,0.525804,20264.595703
82,0.528764,0.512958,20514.173828
83,0.518793,0.516060,20763.683594
84,0.509719,0.521810,21013.226562
85,0.492850,0.525711,21262.798828
86,0.471644,0.529373,21512.306641
87,0.457925,0.528199,21761.884766
88,0.442280,0.527406,22011.470703
89,0.436652,0.531465,22261.003906
90,0.437313,0.532744,22510.582031
91,0.438559,0.534066,22760.173828
92,0.439703,0.534200,23009.703125
93,0.440586,0.534551,23259.289062
94,0.440498,0.536971,23508.839844
95,0.441352,0.537457,23758.408203
96,0.442671,0.537341,24007.996094
97,0.443379,0.538084,24257.560547
98,0.443978,0.538664,24507.093750
99,0.444192,0.539468,24756.687500
0,0.750803,0.594848,-0.038888
1,0.751395,0.596065,266.189697
2,0.748908,0.598149,515.737244
3,0.702223,0.603972,765.300415
4,0.627180,0.600915,1014.881958
5,0.583479,0.591432,1264.415771
6,0.560939,0.613276,1514.013184
7,0.533169,0.629770,1763.569580
8,0.502873,0.646033,2013.092285
9,0.486619,0.633055,2262.699707
10,0.481507,0.597417,2512.291504
11,0.490721,0.560221,2761.866455
12,0.476523,0.553790,3011.344971
13,0.425074,0.569955,3261.007812
14,0.406955,0.598078,3510.534912
15,0.459932,0.647406,3760.030029
16,0.555746,0.611529,4009.641113
17,0.613009,0.558806,4259.210938
18,0.665194,0.523045,4508.811523
19,0.743713,0.498902,4758.299805
20,0.809614,0.494093,5007.974121
21,0.864245,0.490923,5257.445801
22,0.910868,0.485862,5507.121582
23,0.954278,0.470740,5756.597168
24,0.988445,0.469442,6006.206055
25,0.029879,0.477057,6255.723145
26,0.086200,0.482208,6505.244141
27,0.138838,0.495610,6754.887207
28,0.191481,0.516488,7004.365723
29,0.197680,0.535383,7253.948730
30,0.149819,0.574887,7503.556152
31,0.084918,0.636229,7753.165039
32,0.024379,0.709644,8002.648926
33,0.976405,0.799592,8252.187500
34,0.940153,0.865836,8501.809570
35,0.914287,0.895965,8751.309570
36,0.887397,0.902287,9000.987305
37,0.795502,0.918974,9250.440430
38,0.694271,0.925570,9500.067383
39,0.646663,0.902674,9766.281250
40,0.625252,0.831670,10015.812500
41,0.604270,0.745309,10265.333008
42,0.595207,0.688048,10514.956055
43,0.579241,0.645824,10764.472656
44,0.565804,0.638579,11014.056641
45,0.554128,0.648144,11263.635742
46,0.532839,0.663625,11513.159180
47,0.513440,0.654400,11762.775391
48,0.493105,0.612777,12012.277344
49,0.472253,0.572824,12261.925781
50,0.453027,0.572590,12511.441406
51,0.430279,0.572530,12760.970703
52,0.407740,0.568533,13010.558594
53,0.398143,0.556178,13260.138672
54,0.413365,0.540407,13509.680664
55,0.444315,0.539778,13759.250977
56,0.470355,0.550496,14008.907227
57,0.479431,0.552016,14258.417969
58,0.487132,0.553336,14507.983398
59,0.498313,0.552997,14757.522461
60,0.510413,0.553568,15007.154297
61,0.523119,0.551870,15256.632812
62,0.537654,0.549938,15506.183594
63,0.550434,0.550994,15755.750000
64,0.565316,0.549651,16005.423828
65,0.595026,0.542249,16254.879883
66,0.623177,0.530774,16504.462891
67,0.629473,0.527236,16754.103516
68,0.615070,0.515289,17003.572266
69,0.584277,0.446283,17253.148438
70,0.544421,0.367361,17502.695312
71,0.486260,0.340799,17752.326172
72,0.416227,0.348031,18001.853516
73,0.365745,0.359330,18251.380859
74,0.327588,0.383248,18500.947266
75,0.307786,0.437241,18750.552734
76,0.300225,0.484996,19000.087891
77,0.319652,0.512970,19266.347656
78,0.377059,0.550117,19515.882812
79,0.419606,0.571792,19765.457031
80,0.444941,0.584517,20015.050781
81,0.465037,0.593846,20264.527344
82,0.478001,0.598211,20514.140625
83,0.487010,0.609100,20763.699219
84,0.497686,0.619522,21013.255859
85,0.510796,0.629499,21262.832031
86,0.524248,0.631733,21512.414062
87,0.545078,0.632455,21761.943359
88,0.564111,0.624689,22011.496094
89,0.565421,0.622949,22261.091797
90,0.564716,0.619181,22510.654297
91,0.575480,0.607999,22760.160156
92,0.602068,0.581000,23009.787109
93,0.631189,0.554303,23259.330078
94,0.658579,0.538654,23508.927734
95,0.689446,0.531822,23758.431641
96,0.726243,0.527471,24007.992188
97,0.761420,0.520573,24257.580078
98,0.791819,0.515285,24507.107422
99,0.812498,0.515654,24756.746094
0,0.749852,0.505021,0.123691
1,0.749534,0.506391,266.322357
2,0.749354,0.508187,515.951721
3,0.750093,0.510453,765.443298
4,0.757638,0.512536,1015.054260
5,0.762791,0.534080,1264.624390
6,0.743171,0.628138,1514.139771
7,0.709404,0.703799,1763.790283
8,0.680934,0.693703,2013.311646
9,0.595743,0.646194,2262.869141
10,0.546594,0.602864,2512.391357
11,0.525838,0.581606,2762.014160
12,0.517978,0.586683,3011.519531
13,0.512235,0.596182,3261.083252
14,0.511298,0.587306,3510.754395
15,0.508312,0.582056,3760.254395
16,0.502246,0.565929,4009.832275
17,0.498724,0.539895,4259.435059
18,0.494875,0.531460,4508.985352
19,0.488926,0.531882,4758.469727
20,0.481808,0.542515,5008.065918
21,0.475646,0.556602,5257.653320
22,0.476696,0.561385,5507.169922
23,0.479381,0.562797,5756.759277
24,0.480597,0.563610,6006.335938
25,0.481493,0.564116,6255.933105
26,0.481990,0.563902,6505.518066
27,0.482131,0.565481,6755.001953
28,0.483025,0.566273,7004.616211
29,0.484960,0.568197,7254.136230
30,0.492862,0.568719,7503.691895
31,0.503183,0.569992,7753.294434
32,0.519451,0.565424,8002.807129
33,0.535250,0.560772,8252.395508
34,0.554808,0.555213,8501.932617
35,0.594059,0.512136,8751.598633
36,0.661595,0.478250,9001.132812
37,0.741963,0.490116,9250.664062
38,0.814550,0.504126,9500.224609
39,0.866465,0.519597,9766.496094
40,0.909214,0.533701,10015.998047
41,0.948879,0.521739,10265.580078
42,0.969487,0.510072,10515.083008
43,0.985023,0.506529,10764.694336
44,0.994080,0.513731,11014.260742
45,0.996002,0.511478,11263.771484
46,0.994989,0.508697,11513.356445
47,0.981626,0.519134,11762.896484
48,0.968249,0.527304,12012.500977
49,0.964354,0.533900,12262.022461
50,0.970494,0.525081,12511.671875
51,0.982234,0.512167,12761.239258
52,0.006028,0.502189,13010.821289
53,0.023162,0.495140,13260.301758
54,0.049025,0.473342,13509.876953
55,0.069015,0.460246,13759.460938
56,0.082816,0.458206,14008.977539
57,0.101881,0.458712,14258.564453
58,0.102985,0.467808,14508.193359
59,0.093373,0.467774,14757.710938
60,0.092057,0.468878,15007.240234
61,0.091725,0.470507,15256.842773
62,0.103553,0.473938,15506.381836
63,0.146496,0.477181,15755.907227
64,0.157610,0.485336,16005.524414
65,0.154593,0.489277,16255.067383
66,0.157364,0.487035,16504.683594
67,0.161860,0.487664,16754.169922
68,0.184744,0.475822,17003.833984
69,0.224960,0.478795,17253.337891
70,0.254177,0.480339,17502.888672
71,0.268763,0.475667,17752.462891
72,0.250751,0.466428,18002.089844
73,0.199289,0.469560,18251.632812
74,0.154550,0.482483,18501.115234
75,0.121811,0.485538,18750.738281
76,0.086000,0.486973,19000.253906
77,0.041787,0.489975,19266.486328
78,0.999648,0.492369,19516.052734
79,0.966692,0.490593,19765.605469
80,0.917837,0.492930,20015.218750
81,0.869853,0.502091,20264.724609
82,0.835849,0.505498,20514.257812
83,0.802893,0.503782,20763.865234
84,0.766350,0.505219,21013.402344
85,0.709192,0.510613,21263.007812
86,0.625066,0.514547,21512.580078
87,0.560640,0.541182,21762.181641
88,0.510999,0.563957,22011.666016
89,0.495844,0.572109,22261.289062
90,0.493195,0.597937,22510.800781
91,0.490393,0.635516,22760.382812
92,0.491333,0.652407,23009.974609
93,0.492705,0.655869,23259.541016
94,0.484567,0.652227,23509.091797
95,0.468567,0.647773,23758.644531
96,0.467173,0.634206,24008.185547
97,0.472750,0.588187,24257.753906
98,0.474407,0.543215,24507.283203
99,0.474166,0.534195,24756.912109
0,0.744120,0.536688,0.016410
1,0.737138,0.548329,266.297119
2,0.689234,0.614833,515.792969
3,0.624040,0.670640,765.404419
4,0.594061,0.690510,1014.880615
5,0.565685,0.670007,1264.590210
6,0.540780,0.631933,1514.143188
7,0.536352,0.590508,1763.630981
8,0.529275,0.561855,2013.300049
9,0.509639,0.545633,2262.794922
10,0.490539,0.537513,2512.333252
11,0.466573,0.536330,2761.894775
12,0.449848,0.542289,3028.068359
13,0.482522,0.556267,3260.940430
14,0.581195,0.602079,3510.599609
15,0.626089,0.607926,3760.060059
16,0.655096,0.607502,4009.737549
17,0.682761,0.608823,4259.392578
18,0.706173,0.609123,4508.797852
19,0.737379,0.604225,4758.412598
20,0.759741,0.589007,5007.938965
21,0.786573,0.569275,5307.447266
22,0.814051,0.568026,5540.308594
23,0.830814,0.565585,5756.730957
24,0.833566,0.555344,6006.149902
25,0.837065,0.542648,6272.453125
26,0.834754,0.545498,6521.928223
27,0.814221,0.534086,6788.171875
28,0.798611,0.541053,7004.455566
29,0.777761,0.550018,7353.866699
30,0.777649,0.535683,7503.675293
31,0.796237,0.527702,7753.133301
32,0.832476,0.530164,8002.731934
33,0.853258,0.534884,8252.228516
34,0.865454,0.535677,8501.879883
35,0.891459,0.533812,8751.387695
36,0.914944,0.523399,9001.007812
37,0.942159,0.495255,9250.547852
38,0.965943,0.463734,9500.126953
39,0.983195,0.461067,9766.328125
40,0.000782,0.484234,10015.833008
41,0.017154,0.508197,10298.747070
42,0.030236,0.515420,10531.612305
43,0.049562,0.514537,10797.803711
44,0.064082,0.516518,11014.059570
45,0.079393,0.519562,11263.714844
46,0.093668,0.519602,11529.829102
47,0.105193,0.524054,11796.102539
48,0.130061,0.528771,12012.291992
49,0.148504,0.538948,12345.070312
50,0.164935,0.537598,12594.666016
51,0.172543,0.543401,12827.547852
52,0.171079,0.547137,13010.651367
53,0.148105,0.552393,13260.187500
54,0.087762,0.558410,13526.391602
55,0.057572,0.548029,13775.958008
56,0.019472,0.535921,14008.926758
57,0.966382,0.524812,14258.379883
58,0.935188,0.513142,14508.043945
59,0.877454,0.501345,14757.496094
60,0.814448,0.494115,15007.154297
61,0.753505,0.495138,15256.612305
62,0.688342,0.515173,15506.228516
63,0.640115,0.562346,15755.869141
64,0.610245,0.614246,16005.381836
65,0.577001,0.664939,16255.001953
66,0.523246,0.658943,16521.125000
67,0.509445,0.652634,16754.115234
68,0.517776,0.673891,17003.572266
69,0.518185,0.682415,17253.216797
70,0.522315,0.698128,17552.703125
71,0.521861,0.693675,17785.558594
72,0.502097,0.662794,18035.220703
73,0.501646,0.634493,18251.460938
74,0.505249,0.618173,18500.990234
75,0.512831,0.607160,18750.541016
76,0.522560,0.618403,19000.185547
77,0.556583,0.637639,19266.291016
78,0.731163,0.604880,19599.066406
79,0.807523,0.566961,19832.050781
80,0.816158,0.560505,20064.949219
81,0.814642,0.563378,20264.517578
82,0.808455,0.571738,20514.187500
83,0.798305,0.592320,20780.404297
84,0.786592,0.625256,21029.927734
85,0.764569,0.683506,21262.802734
86,0.699557,0.790578,21512.382812
87,0.688565,0.837480,21762.021484
88,0.712605,0.851374,22011.488281
89,0.721155,0.852869,22261.160156
90,0.694483,0.850363,22510.628906
91,0.618300,0.823898,22760.212891
92,0.599533,0.820490,23009.716797
93,0.560960,0.801856,23259.437500
94,0.583518,0.827093,23508.828125
95,0.721389,0.857854,23775.142578
96,0.804905,0.834136,24007.943359
97,0.877421,0.795439,24257.615234
98,0.906437,0.789840,24507.230469
99,0.930527,0.797006,24823.220703
0,0.750344,0.528372,-0.014555
1,0.750546,0.528900,266.221069
2,0.755454,0.530195,515.839600
3,0.765763,0.530675,765.360229
4,0.770142,0.535322,1014.886963
5,0.738023,0.540410,1264.478271
6,0.676669,0.542053,1514.054565
7,0.624476,0.542891,1763.669312
8,0.596702,0.551810,2013.133545
9,0.586561,0.552873,2262.733398
10,0.575030,0.556722,2512.328125
11,0.556466,0.561156,2761.832275
12,0.542667,0.589589,3011.495361
13,0.530082,0.605606,3260.969971
14,0.514921,0.609198,3510.565918
15,0.499892,0.608644,3760.071289
16,0.484882,0.610848,4009.745850
17,0.482718,0.608354,4259.233398
18,0.488337,0.597329,4508.821777
19,0.496717,0.580798,4758.380371
20,0.503766,0.563846,5007.975586
21,0.510541,0.547329,5257.512695
22,0.519046,0.520346,5507.022461
23,0.531324,0.487862,5756.701172
24,0.554443,0.454884,6006.211426
25,0.581114,0.429303,6255.761719
26,0.608811,0.422544,6505.295410
27,0.634364,0.425623,6754.904297
28,0.670595,0.434316,7004.464844
29,0.717976,0.449409,7253.986328
30,0.759864,0.463027,7503.554199
31,0.791040,0.472362,7753.108398
32,0.811660,0.477536,8002.767578
33,0.829207,0.483735,8252.218750
34,0.842593,0.489857,8501.866211
35,0.850164,0.496444,8751.359375
36,0.852103,0.501954,9000.938477
37,0.845859,0.510062,9250.485352
38,0.840021,0.523588,9500.108398
39,0.835561,0.529938,9766.334961
40,0.833903,0.527421,10015.926758
41,0.838856,0.521377,10265.398438
42,0.850812,0.509388,10515.005859
43,0.862329,0.509536,10764.515625
44,0.872777,0.512239,11014.087891
45,0.914083,0.501883,11263.634766
46,0.957656,0.488459,11513.223633
47,0.974980,0.487091,11762.757812
48,0.978771,0.490236,12012.341797
49,0.978276,0.494929,12261.940430
50,0.977783,0.497274,12511.461914
51,0.977592,0.500507,12761.042969
52,0.984141,0.507682,13010.582031
53,0.993686,0.511842,13260.163086
54,0.002538,0.516888,13509.738281
55,0.009882,0.514014,13759.263672
56,0.015730,0.506660,14008.870117
57,0.018655,0.502942,14258.422852
58,0.017010,0.493826,14507.995117
59,0.017613,0.498315,14757.531250
60,0.027910,0.502900,15007.110352
61,0.041384,0.504290,15256.655273
62,0.060263,0.502284,15506.217773
63,0.083471,0.508987,15755.790039
64,0.106869,0.527711,16005.358398
65,0.156232,0.553787,16254.907227
66,0.216240,0.590832,16504.511719
67,0.261487,0.602942,16754.048828
68,0.280226,0.623062,17003.621094
69,0.291443,0.623016,17253.169922
70,0.280927,0.599461,17502.736328
71,0.263002,0.552677,17752.314453
72,0.262929,0.543177,18001.880859
73,0.315717,0.595912,18251.439453
74,0.355950,0.624543,18501.007812
75,0.375691,0.635884,18750.601562
76,0.388004,0.644819,19000.115234
77,0.394895,0.644614,19266.335938
78,0.403297,0.614488,19515.892578
79,0.404096,0.579974,19765.435547
80,0.400390,0.554379,20015.011719
81,0.401856,0.545746,20264.580078
82,0.402436,0.551517,20514.138672
83,0.401195,0.553068,20763.750000
84,0.399949,0.555448,21013.298828
85,0.395247,0.552882,21262.841797
86,0.398534,0.566541,21512.406250
87,0.417590,0.618976,21761.966797
88,0.432464,0.672487,22011.542969
89,0.442495,0.693830,22261.080078
90,0.440603,0.679032,22510.656250
91,0.433630,0.635805,22760.216797
92,0.431553,0.610521,23009.769531
93,0.434405,0.564550,23259.347656
94,0.425655,0.495923,23508.923828
95,0.413919,0.438766,23758.457031
96,0.391699,0.427623,24008.037109
97,0.358232,0.448037,24257.640625
98,0.308622,0.470018,24507.205078
99,0.250278,0.486283,24756.724609
0,0.750232,0.412505,0.030688
1,0.750490,0.413491,266.213531
2,0.751854,0.433769,515.770752
3,0.755830,0.483930,765.352051
4,0.760223,0.527153,1014.921936
5,0.764490,0.551551,1264.494751
6,0.770540,0.565028,1514.036133
7,0.780635,0.566090,1763.684326
8,0.803959,0.560407,2013.214600
9,0.820118,0.555069,2262.746582
10,0.836012,0.552649,2512.294678
11,0.844036,0.551223,2761.894287
12,0.843876,0.551181,3011.427246
13,0.843960,0.550748,3260.998291
14,0.849585,0.551566,3510.562744
15,0.859060,0.550277,3760.119141
16,0.870941,0.548047,4009.684570
17,0.884505,0.543616,4259.250488
18,0.906307,0.525772,4508.813965
19,0.927174,0.513109,4758.389160
20,0.948079,0.500948,5007.979492
21,0.969022,0.492393,5257.506836
22,0.984249,0.487183,5507.062988
23,0.996275,0.484168,5756.654297
24,0.000652,0.481318,6006.209961
25,0.004039,0.487617,6255.756348
26,0.006317,0.494329,6505.325684
27,0.007000,0.496181,6754.876465
28,0.005794,0.493348,7004.437988
29,0.005071,0.493741,7254.011719
30,0.006190,0.496492,7503.583496
31,0.006412,0.496268,7753.172363
32,0.022112,0.496323,8002.700195
33,0.044108,0.494565,8252.283203
34,0.054683,0.491610,8501.820312
35,0.057315,0.492000,8751.383789
36,0.070635,0.496691,9000.963867
37,0.079709,0.501952,9250.549805
38,0.084489,0.506029,9500.109375
39,0.080840,0.507313,9766.277344
40,0.079477,0.509854,10015.860352
41,0.079725,0.515144,10265.424805
42,0.085604,0.518638,10514.982422
43,0.091378,0.521662,10764.546875
44,0.092020,0.526511,11014.107422
45,0.099268,0.527483,11263.671875
46,0.113318,0.527893,11513.243164
47,0.135512,0.527957,11762.782227
48,0.156209,0.524067,12012.352539
49,0.180064,0.522629,12261.916992
50,0.206737,0.521840,12511.476562
51,0.226763,0.517709,12761.084961
52,0.247356,0.524856,13010.623047
53,0.273274,0.537541,13260.187500
54,0.293843,0.543463,13509.741211
55,0.311557,0.552408,13759.334961
56,0.332312,0.561763,14008.882812
57,0.348927,0.570627,14258.421875
58,0.369383,0.578253,14507.994141
59,0.380045,0.563980,14757.569336
60,0.392788,0.553428,15007.150391
61,0.418695,0.556735,15256.710938
62,0.446603,0.555046,15506.279297
63,0.471372,0.561519,15755.827148
64,0.497797,0.574675,16005.376953
65,0.525505,0.596765,16254.939453
66,0.547852,0.607539,16504.560547
67,0.563868,0.607026,16754.082031
68,0.583676,0.611340,17003.650391
69,0.599424,0.625631,17253.222656
70,0.604955,0.673721,17502.769531
71,0.597789,0.714519,17752.349609
72,0.584885,0.731932,18001.894531
73,0.570463,0.736195,18251.453125
74,0.538161,0.713458,18501.013672
75,0.526430,0.691406,18750.574219
76,0.517298,0.677269,19000.185547
77,0.508171,0.673750,19266.347656
78,0.501395,0.673358,19515.910156
79,0.503603,0.675628,19765.488281
80,0.506647,0.676038,20015.068359
81,0.510109,0.672373,20264.628906
82,0.517851,0.655498,20514.171875
83,0.521890,0.638494,20763.773438
84,0.522238,0.626251,21013.294922
85,0.524804,0.625171,21262.910156
86,0.527980,0.626782,21512.419922
87,0.529650,0.626447,21762.013672
88,0.531870,0.626797,22011.566406
89,0.536478,0.625948,22261.146484
90,0.541907,0.611650,22510.699219
91,0.546542,0.584551,22760.251953
92,0.551848,0.564694,23009.818359
93,0.562451,0.561829,23259.380859
94,0.581355,0.559994,23508.933594
95,0.600374,0.560141,23758.496094
96,0.617569,0.559202,24008.085938
97,0.639383,0.560053,24257.619141
98,0.656351,0.561262,24507.203125
99,0.653226,0.557602,24756.785156
0,0.748823,0.501062,0.021239
1,0.748153,0.502379,266.211975
2,0.753726,0.503468,515.743164
3,0.805208,0.510779,765.351135
4,0.827917,0.524540,1014.870239
5,0.829774,0.528615,1264.456299
6,0.829840,0.525792,1513.981567
7,0.787404,0.545223,1763.586914
8,0.667513,0.581205,2013.193115
9,0.603363,0.590644,2262.786621
10,0.586685,0.598133,2512.240234
11,0.565728,0.592278,2761.854980
12,0.536923,0.575104,3011.364014
13,0.513418,0.567527,3260.927246
14,0.494483,0.564184,3510.511475
15,0.471984,0.577550,3760.045410
16,0.450813,0.601880,4009.667969
17,0.445392,0.612887,4259.217285
18,0.445569,0.612510,4508.794434
19,0.448666,0.597816,4758.351562
20,0.459810,0.575166,5007.914551
21,0.467990,0.572021,5257.498535
22,0.474604,0.570653,5507.029297
23,0.475805,0.578391,5756.612305
24,0.479919,0.578745,6006.127441
25,0.486788,0.575098,6255.757324
26,0.491836,0.569947,6505.298340
27,0.493119,0.568948,6754.814941
28,0.493595,0.570084,7004.463867
29,0.494385,0.570348,7253.999023
30,0.494930,0.570758,7503.541504
31,0.495219,0.571137,7753.055664
32,0.495340,0.571291,8002.665527
33,0.495373,0.571790,8252.202148
34,0.495980,0.572589,8501.755859
35,0.495350,0.573104,8751.366211
36,0.495863,0.573369,9000.936523
37,0.496246,0.573712,9250.458984
38,0.496589,0.574568,9500.002930
39,0.496366,0.575100,9766.221680
40,0.496768,0.575508,10015.864258
41,0.497269,0.575692,10265.337891
42,0.497208,0.576365,10514.900391
43,0.497195,0.576672,10764.472656
44,0.497479,0.576592,11014.138672
45,0.498283,0.576674,11263.683594
46,0.501203,0.577430,11513.166992
47,0.511476,0.579298,11762.822266
48,0.528583,0.581374,12012.288086
49,0.565197,0.573454,12261.878906
50,0.597396,0.574008,12511.459961
51,0.616884,0.571990,12761.094727
52,0.658752,0.550384,13010.613281
53,0.703887,0.536373,13260.129883
54,0.725253,0.531872,13509.735352
55,0.744682,0.529967,13759.267578
56,0.755283,0.537903,14008.847656
57,0.769636,0.550768,14258.376953
58,0.785990,0.552531,14507.970703
59,0.800316,0.544476,14757.494141
60,0.815131,0.539347,15007.053711
61,0.828196,0.540455,15256.709961
62,0.842290,0.541466,15506.239258
63,0.856803,0.540638,15755.857422
64,0.869517,0.544473,16005.344727
65,0.885365,0.546510,16254.928711
66,0.903584,0.545312,16504.511719
67,0.927047,0.536129,16753.994141
68,0.964324,0.498182,17003.648438
69,0.991451,0.470381,17253.203125
70,0.012047,0.462232,17519.333984
71,0.021298,0.464608,17752.304688
72,0.042155,0.472110,18001.916016
73,0.053413,0.473693,18251.398438
74,0.055920,0.478672,18500.970703
75,0.062265,0.494251,18750.548828
76,0.062085,0.512621,19000.132812
77,0.048291,0.520866,19266.328125
78,0.045643,0.512242,19515.894531
79,0.050225,0.507528,19765.451172
80,0.061291,0.510119,20015.062500
81,0.075452,0.506075,20264.582031
82,0.091932,0.508525,20514.146484
83,0.109365,0.501761,20763.734375
84,0.129188,0.501663,21013.333984
85,0.147731,0.501914,21262.789062
86,0.166903,0.505289,21512.396484
87,0.182871,0.507042,21761.908203
88,0.193509,0.508246,22011.525391
89,0.199086,0.507214,22261.050781
90,0.204329,0.507012,22510.628906
91,0.211645,0.509307,22760.273438
92,0.217800,0.515111,23009.814453
93,0.211404,0.532156,23259.310547
94,0.189663,0.555675,23508.873047
95,0.188561,0.579689,23758.478516
96,0.205164,0.590452,24007.992188
97,0.221833,0.601201,24257.652344
98,0.251517,0.601576,24507.177734
99,0.273258,0.595418,24756.738281
0,0.749761,0.550637,-0.008340
1,0.749250,0.551353,266.190613
2,0.749219,0.552474,515.791260
3,0.744853,0.554522,765.381104
4,0.682771,0.573632,1014.892883
5,0.597229,0.597813,1264.469482
6,0.547857,0.616570,1514.010010
7,0.523050,0.618850,1763.593384
8,0.515478,0.618355,2013.140381
9,0.514879,0.625071,2262.806152
10,0.507370,0.668125,2512.307617
11,0.490455,0.695224,2761.828369
12,0.476819,0.696322,3011.437256
13,0.478157,0.693602,3260.986816
14,0.515431,0.696455,3510.568359
15,0.612493,0.747022,3760.104248
16,0.688504,0.770362,4009.742676
17,0.752755,0.758721,4259.222168
18,0.827055,0.729392,4508.779785
19,0.883992,0.707616,4758.380859
20,0.926021,0.683975,5007.934082
21,0.963464,0.633198,5257.462402
22,0.990913,0.585818,5507.056641
23,0.015483,0.551974,5756.595215
24,0.044103,0.527442,6006.153809
25,0.060193,0.509533,6255.728027
26,0.072908,0.500391,6505.341309
27,0.089096,0.501466,6754.958496
28,0.110412,0.515807,7004.413574
29,0.124165,0.535330,7253.981934
30,0.132957,0.564654,7503.591309
31,0.142606,0.570953,7753.200195
32,0.148119,0.574764,8002.665039
33,0.143315,0.575288,8252.333984
34,0.120188,0.557461,8501.899414
35,0.094856,0.545248,8751.361328
36,0.087219,0.540665,9000.940430
37,0.081935,0.538298,9250.520508
38,0.034093,0.527318,9500.083984
39,0.945136,0.522850,9766.297852
40,0.851909,0.544845,10015.827148
41,0.812386,0.547396,10265.423828
42,0.793266,0.561138,10515.047852
43,0.781061,0.577287,10764.539062
44,0.767392,0.598951,11014.066406
45,0.688833,0.622649,11263.678711
46,0.645300,0.630017,11513.285156
47,0.616108,0.633087,11762.776367
48,0.586127,0.641217,12012.332031
49,0.558776,0.645239,12261.986328
50,0.526077,0.641374,12511.507812
51,0.493091,0.630063,12761.020508
52,0.463557,0.605742,13010.617188
53,0.439045,0.596063,13260.194336
54,0.433937,0.609225,13509.728516
55,0.445021,0.617611,13759.328125
56,0.452553,0.618618,14008.891602
57,0.460355,0.621149,14258.417969
58,0.468997,0.621963,14508.000977
59,0.477671,0.622071,14757.597656
60,0.485194,0.622849,15007.130859
61,0.488995,0.626206,15256.654297
62,0.491316,0.629080,15506.271484
63,0.492290,0.628172,15755.859375
64,0.491289,0.626977,16005.360352
65,0.491111,0.627805,16254.936523
66,0.491447,0.628730,16504.542969
67,0.491578,0.629432,16754.166016
68,0.491572,0.629813,17003.669922
69,0.491995,0.630312,17253.238281
70,0.494227,0.627939,17502.744141
71,0.495196,0.626681,17752.314453
72,0.495726,0.626558,18001.867188
73,0.496038,0.627939,18251.439453
74,0.495931,0.628725,18501.007812
75,0.496101,0.629523,18750.574219
76,0.496443,0.630335,19000.197266
77,0.497407,0.629746,19266.365234
78,0.498056,0.629713,19515.927734
79,0.498782,0.630313,19765.490234
80,0.499469,0.630069,20015.001953
81,0.499659,0.630153,20264.628906
82,0.499549,0.631060,20514.207031
83,0.499704,0.631339,20763.800781
84,0.499730,0.631810,21013.314453
85,0.499767,0.632358,21262.927734
86,0.499739,0.632323,21512.435547
87,0.499906,0.632741,21761.968750
88,0.501278,0.630888,22011.568359
89,0.502398,0.624308,22261.128906
90,0.505176,0.621112,22510.718750
91,0.507831,0.620890,22760.244141
92,0.507748,0.620892,23009.849609
93,0.507343,0.621503,23259.390625
94,0.507110,0.622317,23508.916016
95,0.507522,0.622346,23758.503906
96,0.507502,0.622529,24008.064453
97,0.507712,0.622553,24257.699219
98,0.508078,0.622477,24507.224609
99,0.508021,0.622430,24756.837891
0,0.750136,0.528211,-0.000857
1,0.750395,0.528573,266.199280
2,0.751046,0.528673,515.828979
3,0.749780,0.529588,765.322021
4,0.709180,0.548893,1014.951660
5,0.646403,0.560573,1264.496948
6,0.608392,0.567303,1514.041870
7,0.586312,0.564667,1763.618164
8,0.555282,0.564006,2013.154663
9,0.531062,0.564097,2262.808105
10,0.518177,0.566217,2512.268311
11,0.509114,0.565136,2761.948242
12,0.503259,0.572161,3011.452148
13,0.500414,0.594966,3261.009521
14,0.501666,0.607670,3510.608887
15,0.501954,0.634450,3760.156250
16,0.502076,0.685749,4009.716797
17,0.498204,0.719194,4259.226074
18,0.493265,0.726963,4508.877441
19,0.485712,0.697857,4758.359375
20,0.483373,0.663496,5007.963867
21,0.487105,0.633915,5257.516602
22,0.494190,0.621452,5507.082031
23,0.500020,0.618907,5756.665527
24,0.503835,0.620007,6006.166992
25,0.510193,0.621575,6255.845215
26,0.512329,0.623357,6505.334473
27,0.513481,0.624416,6754.903809
28,0.514094,0.625468,7004.418945
29,0.514550,0.625336,7254.094238
30,0.514622,0.623708,7503.609863
31,0.514286,0.621637,7753.143555
32,0.513836,0.620284,8002.751953
33,0.513691,0.620194,8252.253906
34,0.513517,0.620291,8501.822266
35,0.513537,0.620536,8751.409180
36,0.513359,0.620733,9000.989258
37,0.513486,0.621334,9250.497070
38,0.513715,0.621782,9500.069336
39,0.513791,0.622259,9766.288086
40,0.516909,0.618431,10015.934570
41,0.538865,0.596674,10265.440430
42,0.573128,0.573728,10514.985352
43,0.615618,0.552677,10764.544922
44,0.664129,0.538518,11014.161133
45,0.708576,0.522622,11263.733398
46,0.742878,0.510592,11513.217773
47,0.765419,0.505974,11762.814453
48,0.782361,0.503620,12012.443359
49,0.788328,0.502067,12261.969727
50,0.786289,0.504866,12511.508789
51,0.777659,0.507885,12761.049805
52,0.758266,0.511596,13010.633789
53,0.724719,0.516653,13260.227539
54,0.657820,0.527293,13509.731445
55,0.559127,0.531414,13759.327148
56,0.472870,0.525764,14008.855469
57,0.407684,0.520453,14258.410156
58,0.375683,0.522821,14507.999023
59,0.391386,0.519346,14757.586914
60,0.435886,0.515958,15007.116211
61,0.463017,0.519951,15256.756836
62,0.479005,0.528985,15506.254883
63,0.490728,0.535763,15755.819336
64,0.497999,0.537385,16005.364258
65,0.502683,0.542630,16254.988281
66,0.506874,0.547380,16504.523438
67,0.512268,0.551343,16754.085938
68,0.514496,0.554149,17003.673828
69,0.515300,0.555889,17253.316406
70,0.515102,0.556337,17502.802734
71,0.514998,0.557036,17752.361328
72,0.514774,0.557847,18001.873047
73,0.514707,0.558583,18251.458984
74,0.514637,0.559769,18500.996094
75,0.514958,0.561216,18750.601562
76,0.515450,0.562032,19000.148438
77,0.516015,0.562588,19266.402344
78,0.516565,0.563243,19515.955078
79,0.516889,0.563598,19765.498047
80,0.516915,0.563658,20015.042969
81,0.517106,0.563998,20264.617188
82,0.517333,0.564433,20514.158203
83,0.517837,0.564799,20763.837891
84,0.518046,0.565047,21013.339844
85,0.518336,0.565508,21262.960938
86,0.518468,0.565977,21512.406250
87,0.518512,0.566232,21762.052734
88,0.518565,0.566614,22011.578125
89,0.518682,0.566923,22261.091797
90,0.518781,0.567227,22510.716797
91,0.518862,0.567355,22760.246094
92,0.519030,0.567357,23009.830078
93,0.519164,0.567298,23259.373047
94,0.519255,0.564649,23509.005859
95,0.515550,0.548953,23758.558594
96,0.508366,0.536351,24008.070312
97,0.505570,0.539613,24257.646484
98,0.505188,0.536970,24507.173828
99,0.502737,0.525088,24756.775391
0,0.750917,0.484778,0.015713
1,0.750488,0.485761,266.256317
2,0.751838,0.485386,515.740234
3,0.785299,0.466221,765.358521
4,0.842731,0.445883,1014.929565
5,0.873504,0.438067,1264.481567
6,0.889786,0.435664,1514.099243
7,0.930520,0.418050,1763.627075
8,0.952207,0.401607,2013.136230
9,0.961396,0.385067,2262.706055
10,0.969567,0.382082,2512.276611
11,0.981934,0.386604,2761.840576
12,0.993011,0.391182,3011.402344
13,0.998422,0.402597,3260.964600
14,0.003168,0.411608,3510.517822
15,0.011303,0.417319,3760.084473
16,0.017567,0.416408,4009.686768
17,0.033231,0.414064,4259.247559
18,0.067046,0.412539,4508.767578
19,0.050268,0.423002,4758.378418
20,0.014001,0.421954,5007.915039
21,0.941529,0.472645,5257.496094
22,0.860134,0.525560,5507.057617
23,0.816544,0.543097,5756.615723
24,0.787637,0.545799,6006.187988
25,0.748940,0.546338,6255.717285
26,0.699311,0.554170,6505.289062
27,0.659603,0.566827,6754.846680
28,0.628718,0.574322,7004.435547
29,0.600892,0.573300,7253.989746
30,0.577422,0.553314,7503.568848
31,0.553259,0.519744,7753.109375
32,0.524269,0.505779,8002.664551
33,0.478882,0.522905,8252.242188
34,0.429367,0.525441,8501.787109
35,0.389948,0.510188,8751.384766
36,0.386922,0.519052,9000.943359
37,0.423496,0.527711,9250.497070
38,0.452118,0.524605,9500.075195
39,0.467123,0.512006,9766.259766
40,0.475292,0.515061,10015.819336
41,0.478540,0.522873,10265.377930
42,0.476928,0.528603,10514.961914
43,0.473190,0.540492,10764.549805
44,0.470019,0.546999,11014.083984
45,0.467639,0.555884,11263.640625
46,0.465729,0.572070,11513.200195
47,0.466299,0.582747,11762.841797
48,0.470379,0.596360,12012.378906
49,0.487541,0.624841,12261.912109
50,0.497349,0.649681,12511.495117
51,0.508980,0.666220,12761.048828
52,0.534021,0.670649,13010.594727
53,0.555004,0.669731,13260.152344
54,0.572794,0.663834,13509.714844
55,0.583197,0.653911,13759.284180
56,0.591951,0.634767,14008.845703
57,0.598196,0.615535,14258.415039
58,0.599981,0.599342,14507.981445
59,0.594857,0.577532,14757.577148
60,0.585166,0.551021,15007.098633
61,0.573180,0.539111,15256.667969
62,0.564986,0.535526,15506.231445
63,0.561459,0.530055,15755.799805
64,0.567823,0.522621,16005.345703
65,0.590060,0.504529,16254.923828
66,0.606574,0.490341,16504.501953
67,0.613656,0.491283,16754.070312
68,0.612321,0.504514,17003.615234
69,0.608097,0.529399,17253.175781
70,0.608508,0.534721,17502.738281
71,0.607396,0.540182,17752.318359
72,0.600290,0.551447,18001.912109
73,0.594080,0.563356,18251.427734
74,0.585984,0.572100,18501.001953
75,0.576011,0.574862,18750.566406
76,0.554774,0.578513,19000.121094
77,0.517345,0.575486,19266.333984
78,0.486719,0.578338,19515.886719
79,0.478578,0.577185,19765.466797
80,0.480897,0.561572,20015.021484
81,0.485337,0.548756,20264.619141
82,0.488158,0.547618,20514.144531
83,0.491177,0.548653,20763.705078
84,0.493394,0.550718,21013.283203
85,0.493337,0.554745,21262.828125
86,0.493187,0.554985,21512.392578
87,0.492599,0.556748,21761.964844
88,0.492250,0.558714,22011.564453
89,0.493389,0.562325,22261.105469
90,0.493476,0.574262,22510.652344
91,0.491974,0.588475,22760.244141
92,0.482483,0.595348,23009.779297
93,0.467138,0.597193,23259.349609
94,0.466187,0.599531,23508.929688
95,0.466283,0.599784,23758.484375
96,0.467506,0.598370,24008.035156
97,0.468393,0.598364,24257.605469
98,0.469626,0.596642,24507.193359
99,0.470864,0.594600,24756.720703
0,0.749880,0.462459,0.025795
1,0.747650,0.468624,266.274017
2,0.724225,0.503362,515.795776
3,0.685224,0.571686,765.321106
4,0.643871,0.611866,1014.907654
5,0.598453,0.638163,1264.450317
6,0.564180,0.659885,1514.109009
7,0.531205,0.657544,1763.582031
8,0.510477,0.659177,2013.209717
9,0.489031,0.655738,2262.739990
10,0.470537,0.647619,2512.269287
11,0.451911,0.641631,2761.879883
12,0.433083,0.637466,3011.393311
13,0.414485,0.633796,3260.975830
14,0.396470,0.634362,3510.515381
15,0.377323,0.636369,3760.089844
16,0.361014,0.637946,4009.678223
17,0.344578,0.640005,4259.244141
18,0.328072,0.647289,4508.800781
19,0.315474,0.707059,4758.359375
20,0.306346,0.768602,5007.906250
21,0.342175,0.817999,5257.469727
22,0.419152,0.837467,5507.034668
23,0.514946,0.817072,5756.587402
24,0.599535,0.766249,6006.157227
25,0.644865,0.759089,6255.716309
26,0.667662,0.754283,6505.316406
27,0.573548,0.737272,6754.907715
28,0.487904,0.670853,7004.426270
29,0.508796,0.651137,7253.988770
30,0.528971,0.611236,7503.558594
31,0.528731,0.568981,7753.104980
32,0.511204,0.526667,8002.663574
33,0.507404,0.500275,8252.258789
34,0.514158,0.490079,8501.808594
35,0.526242,0.499345,8751.416992
36,0.555377,0.505153,9000.956055
37,0.596313,0.509409,9250.541016
38,0.634006,0.513229,9500.072266
39,0.666926,0.525017,9766.267578
40,0.689539,0.541449,10015.830078
41,0.711540,0.562941,10265.386719
42,0.736229,0.597920,10514.954102
43,0.756593,0.623162,10764.528320
44,0.777210,0.619606,11014.072266
45,0.792685,0.605016,11263.642578
46,0.826178,0.582939,11513.220703
47,0.849463,0.563286,11762.778320
48,0.853936,0.546757,12012.318359
49,0.856903,0.543758,12278.521484
50,0.877199,0.501761,12511.479492
51,0.897374,0.475265,12761.020508
52,0.903890,0.466336,13010.581055
53,0.923647,0.476229,13260.171875
54,0.947825,0.498395,13509.769531
55,0.961784,0.497049,13759.313477
56,0.971493,0.505102,14008.870117
57,0.978965,0.519214,14258.416992
58,0.986705,0.512695,14507.971680
59,0.993792,0.507950,14757.551758
60,0.010576,0.516170,15007.098633
61,0.029503,0.519037,15256.666016
62,0.049536,0.518616,15506.273438
63,0.063473,0.515665,15755.819336
64,0.085100,0.516100,16005.392578
65,0.103294,0.526169,16254.943359
66,0.110085,0.528151,16504.501953
67,0.105747,0.529179,16754.056641
68,0.101484,0.535019,17003.638672
69,0.099825,0.537002,17253.175781
70,0.098873,0.535773,17502.777344
71,0.098616,0.536500,17752.302734
72,0.097728,0.537771,18001.878906
73,0.096260,0.537343,18251.445312
74,0.096140,0.539844,18501.021484
75,0.094320,0.539436,18750.552734
76,0.091130,0.537834,19000.125000
77,0.062561,0.534858,19266.339844
78,0.952872,0.529313,19515.892578
79,0.871930,0.536490,19765.482422
80,0.839768,0.542640,20015.007812
81,0.826588,0.544896,20264.570312
82,0.811515,0.553601,20514.164062
83,0.800591,0.568418,20763.728516
84,0.788094,0.587112,21013.267578
85,0.746939,0.616530,21262.824219
86,0.719243,0.639457,21512.402344
87,0.707858,0.637893,21761.986328
88,0.710443,0.640854,22011.539062
89,0.755889,0.617758,22261.105469
90,0.859375,0.547432,22510.658203
91,0.944825,0.525137,22760.226562
92,0.007249,0.518563,23009.779297
93,0.033089,0.523693,23259.355469
94,0.037412,0.524311,23508.931641
95,0.033885,0.528325,23758.509766
96,0.031867,0.531800,24008.125000
97,0.028858,0.532712,24257.595703
98,0.025353,0.533919,24507.171875
99,0.021672,0.533756,24756.802734
0,0.760225,0.533323,0.006745
1,0.761716,0.532159,266.262878
2,0.762447,0.533949,515.799927
3,0.783640,0.534179,765.368286
4,0.817023,0.532044,1014.909729
5,0.850685,0.524394,1264.590454
6,0.864259,0.520842,1514.032715
7,0.868146,0.518839,1763.642212
8,0.898967,0.494709,2013.161865
9,0.926413,0.479192,2262.770020
10,0.940333,0.482378,2512.343262
11,0.961029,0.483493,2761.851074
12,0.979205,0.478820,3011.440430
13,0.990613,0.473592,3261.052246
14,0.004256,0.470375,3510.593994
15,0.014593,0.468632,3760.109375
16,0.023935,0.468914,4009.673096
17,0.024398,0.476161,4259.231934
18,0.017470,0.481494,4508.803711
19,0.011283,0.478692,4758.402344
20,0.004837,0.469370,5007.950684
21,0.000130,0.464724,5257.525391
22,0.997290,0.467667,5507.042480
23,0.995679,0.468970,5756.688965
24,0.995409,0.468692,6006.184082
25,0.994481,0.468363,6255.748047
26,0.994838,0.469476,6505.313965
27,0.996712,0.471983,6754.907227
28,0.010069,0.475862,7004.433594
29,0.032385,0.479573,7254.011719
30,0.043167,0.487901,7503.627441
31,0.046717,0.492522,7753.126953
32,0.054522,0.494139,8002.712891
33,0.071145,0.489954,8252.265625
34,0.080455,0.489967,8501.837891
35,0.095850,0.493355,8751.392578
36,0.098020,0.498508,9000.947266
37,0.067994,0.497680,9250.513672
38,0.040209,0.497275,9500.096680
39,0.021095,0.497777,9766.302734
40,0.992656,0.501003,10015.875977
41,0.946568,0.502820,10265.397461
42,0.915912,0.498356,10514.960938
43,0.893854,0.500353,10764.558594
44,0.872208,0.501427,11014.115234
45,0.847416,0.501132,11263.655273
46,0.810903,0.506356,11513.245117
47,0.757034,0.515594,11762.800781
48,0.696676,0.530201,12012.377930
49,0.649649,0.542975,12261.926758
50,0.621416,0.566317,12511.482422
51,0.597359,0.586432,12761.060547
52,0.571096,0.595645,13010.605469
53,0.542591,0.594475,13260.183594
54,0.513416,0.589348,13509.738281
55,0.493659,0.581902,13759.308594
56,0.485794,0.578193,14008.875977
57,0.485409,0.577783,14258.433594
58,0.466172,0.582747,14508.026367
59,0.416174,0.602074,14757.550781
60,0.382228,0.632866,15007.116211
61,0.370330,0.691454,15256.703125
62,0.376350,0.742909,15506.262695
63,0.376675,0.777323,15755.823242
64,0.373332,0.810469,16005.375977
65,0.366141,0.825972,16254.948242
66,0.349940,0.811838,16504.505859
67,0.317830,0.747216,16754.066406
68,0.288494,0.657691,17003.644531
69,0.254745,0.571195,17253.205078
70,0.217392,0.528831,17502.750000
71,0.200376,0.511410,17752.337891
72,0.198649,0.509119,18001.894531
73,0.213921,0.510800,18251.482422
74,0.266174,0.510013,18501.011719
75,0.306902,0.515085,18750.587891
76,0.336552,0.521319,19000.144531
77,0.358703,0.526620,19266.349609
78,0.375862,0.525569,19515.917969
79,0.395318,0.524703,19765.496094
80,0.419592,0.523991,20015.066406
81,0.444579,0.524216,20264.611328
82,0.463364,0.525367,20514.191406
83,0.475084,0.528960,20763.757812
84,0.485891,0.543786,21013.300781
85,0.497287,0.580347,21262.871094
86,0.503571,0.596100,21512.458984
87,0.503555,0.603300,21761.990234
88,0.504889,0.603136,22011.558594
89,0.512129,0.589388,22261.101562
90,0.523423,0.569142,22510.675781
91,0.529710,0.551264,22760.232422
92,0.534969,0.539767,23009.806641
93,0.537299,0.525481,23259.376953
94,0.529184,0.455812,23508.953125
95,0.511374,0.349319,23758.515625
96,0.494056,0.291248,24008.056641
97,0.488156,0.273207,24257.646484
98,0.486756,0.267519,24507.197266
99,0.486064,0.260241,24756.759766
0,0.750196,0.514130,0.009475
1,0.749821,0.516657,266.255066
2,0.750027,0.538863,515.849548
3,0.728118,0.612010,765.371643
4,0.687936,0.672559,1014.921570
5,0.706072,0.738154,1264.518066
6,0.718637,0.805022,1514.032227
7,0.682668,0.806112,1763.605957
8,0.621809,0.722793,2013.167236
9,0.586940,0.642715,2262.728027
10,0.563450,0.572043,2512.314453
11,0.544393,0.534069,2761.865723
12,0.539079,0.507248,3011.434326
13,0.542981,0.497455,3260.989014
14,0.549535,0.491705,3510.593506
15,0.559410,0.498192,3760.119629
16,0.581156,0.552063,4009.674316
17,0.592402,0.582749,4259.267090
18,0.616021,0.623534,4508.798340
19,0.648777,0.660540,4758.365234
20,0.625024,0.626874,5007.928711
21,0.572824,0.582499,5257.533691
22,0.556520,0.566744,5507.065430
23,0.565812,0.555216,5756.645020
24,0.588202,0.546109,6006.192383
25,0.645119,0.536365,6255.741699
26,0.706355,0.530606,6505.309082
27,0.756789,0.538268,6754.910645
28,0.798144,0.541351,7004.449219
29,0.822955,0.542000,7253.991211
30,0.845695,0.540910,7503.570801
31,0.856684,0.539352,7753.139648
32,0.836163,0.527866,8002.700195
33,0.815034,0.508441,8252.261719
34,0.823843,0.494588,8501.863281
35,0.894722,0.505905,8751.386719
36,0.946842,0.501655,9000.958008
37,0.972121,0.500910,9250.528320
38,0.993580,0.497742,9500.091797
39,0.006248,0.487588,9766.290039
40,0.018414,0.472806,10015.869141
41,0.026131,0.471178,10265.416016
42,0.029443,0.470375,10514.983398
43,0.050016,0.465492,10764.559570
44,0.074454,0.463957,11014.119141
45,0.088365,0.467563,11263.665039
46,0.097000,0.471197,11513.234375
47,0.103327,0.469615,11762.826172
48,0.120693,0.470180,12012.382812
49,0.130537,0.471874,12261.918945
50,0.152433,0.481531,12511.497070
51,0.194095,0.503358,12761.063477
52,0.258145,0.517261,13010.625977
53,0.309206,0.515773,13260.179688
54,0.331323,0.524697,13509.742188
55,0.348958,0.548749,13759.319336
56,0.364945,0.560881,14008.884766
57,0.383582,0.554423,14258.429688
58,0.392822,0.538887,14508.003906
59,0.383013,0.531167,14757.569336
60,0.356554,0.526427,15007.129883
61,0.324068,0.524353,15256.706055
62,0.281877,0.521756,15506.273438
63,0.220601,0.513149,15755.833008
64,0.154497,0.503065,16005.406250
65,0.104663,0.498222,16254.958008
66,0.069038,0.494403,16504.527344
67,0.031282,0.491551,16754.076172
68,0.996086,0.486234,17003.638672
69,0.959630,0.485200,17253.230469
70,0.898045,0.499687,17502.759766
71,0.822186,0.510562,17752.345703
72,0.760051,0.513157,18001.876953
73,0.717007,0.515188,18251.457031
74,0.667002,0.517739,18501.017578
75,0.622819,0.519707,18750.585938
76,0.593846,0.518736,19000.158203
77,0.570103,0.513073,19266.371094
78,0.547561,0.509746,19515.935547
79,0.532989,0.513082,19765.484375
80,0.520532,0.515718,20015.056641
81,0.511899,0.515983,20264.630859
82,0.507638,0.518019,20514.179688
83,0.504699,0.520028,20763.732422
84,0.506019,0.521136,21013.312500
85,0.506516,0.520317,21262.853516
86,0.505965,0.520444,21512.433594
87,0.505498,0.519854,21761.982422
88,0.505575,0.518686,22011.560547
89,0.505940,0.518847,22261.105469
90,0.504313,0.518634,22510.685547
91,0.503864,0.519083,22760.273438
92,0.505177,0.520045,23009.816406
93,0.505865,0.519846,23259.384766
94,0.510162,0.520982,23508.933594
95,0.529944,0.524664,23758.486328
96,0.556366,0.527850,24008.052734
97,0.574157,0.535158,24257.656250
98,0.586479,0.539266,24507.193359
99,0.599303,0.540602,24756.777344
0,0.749952,0.502505,0.005931
1,0.749899,0.503290,266.201385
2,0.751887,0.501647,515.769775
3,0.785820,0.485104,765.358093
4,0.810293,0.501461,1014.913635
5,0.817576,0.589944,1264.509277
6,0.713170,0.642049,1514.077637
7,0.627285,0.607945,1763.624390
8,0.574275,0.563794,2013.184326
9,0.542631,0.522824,2262.770752
10,0.519997,0.495677,2512.329102
11,0.496651,0.492006,2761.845215
12,0.471530,0.502845,3011.453125
13,0.443752,0.513014,3261.039795
14,0.424060,0.520040,3510.647705
15,0.420727,0.522214,3760.093262
16,0.486305,0.532249,4009.667236
17,0.535494,0.510340,4259.247559
18,0.548284,0.491914,4508.786621
19,0.574008,0.483695,4758.403320
20,0.585322,0.523330,5007.954102
21,0.538651,0.607395,5257.538086
22,0.498131,0.718059,5507.043457
23,0.480926,0.747805,5756.704590
24,0.489084,0.708772,6006.248047
25,0.492041,0.659103,6255.783203
26,0.495110,0.637271,6505.355957
27,0.497965,0.613639,6754.907715
28,0.496893,0.552337,7004.458984
29,0.484551,0.487148,7253.991699
30,0.387020,0.422678,7503.622070
31,0.286746,0.423460,7753.115723
32,0.257813,0.446209,8002.677246
33,0.225360,0.465615,8252.306641
34,0.206189,0.467245,8501.905273
35,0.183902,0.470873,8751.407227
36,0.156377,0.476607,9000.944336
37,0.125582,0.491288,9250.519531
38,0.102116,0.479074,9500.061523
39,0.074236,0.474573,9766.325195
40,0.044948,0.476414,10015.857422
41,0.025979,0.469463,10265.446289
42,0.014574,0.463532,10515.032227
43,0.022119,0.382912,10764.545898
44,0.020489,0.275912,11014.082031
45,0.017753,0.244018,11263.760742
46,0.037424,0.283711,11513.234375
47,0.060412,0.369235,11762.804688
48,0.067801,0.389643,12012.333008
49,0.071240,0.379420,12261.973633
50,0.072519,0.373115,12511.527344
51,0.074824,0.373484,12761.030273
52,0.078490,0.378319,13010.594727
53,0.087844,0.447884,13260.228516
54,0.077826,0.652032,13509.755859
55,0.027318,0.786829,13759.349609
56,0.007607,0.883530,14008.922852
57,0.965366,0.830775,14258.414062
58,0.965137,0.669194,14507.984375
59,0.962511,0.548342,14757.625000
60,0.956253,0.512204,15007.190430
61,0.957105,0.504655,15256.719727
62,0.928795,0.506677,15506.265625
63,0.884974,0.530384,15755.844727
64,0.847373,0.550885,16005.374023
65,0.818157,0.571166,16254.919922
66,0.821091,0.590333,16504.492188
67,0.843190,0.577202,16754.074219
68,0.874663,0.558620,17003.697266
69,0.976510,0.517070,17253.224609
70,0.181488,0.461872,17502.792969
71,0.334312,0.457526,17752.335938
72,0.380446,0.469192,18001.968750
73,0.433863,0.467564,18251.476562
74,0.478772,0.477878,18501.099609
75,0.501176,0.483575,18750.562500
76,0.515355,0.517782,19000.134766
77,0.528813,0.560923,19266.361328
78,0.540568,0.572943,19515.962891
79,0.558983,0.581021,19765.478516
80,0.586935,0.574303,20015.054688
81,0.607329,0.542015,20264.583984
82,0.610001,0.510026,20514.191406
83,0.551861,0.477490,20763.755859
84,0.482579,0.444150,21013.271484
85,0.457503,0.426332,21262.904297
86,0.455692,0.427065,21512.435547
87,0.455463,0.433882,21761.982422
88,0.430474,0.444046,22011.589844
89,0.417820,0.451421,22261.142578
90,0.436825,0.466824,22510.656250
91,0.475508,0.475951,22760.220703
92,0.508977,0.477122,23009.798828
93,0.524053,0.478246,23259.417969
94,0.526582,0.480185,23508.923828
95,0.525587,0.481054,23758.488281
96,0.524797,0.480957,24008.089844
97,0.524463,0.480901,24257.681641
98,0.524316,0.480811,24507.185547
99,0.524193,0.481623,24756.798828
0,0.750462,0.490666,-0.000589
1,0.750984,0.491706,266.213318
2,0.760448,0.501453,515.760010
3,0.768187,0.518716,765.319336
4,0.761701,0.569573,1014.857849
5,0.735130,0.639010,1264.452881
6,0.716080,0.686150,1514.015747
7,0.681707,0.729232,1763.570679
8,0.659766,0.745884,2013.160767
9,0.647113,0.742360,2262.694580
10,0.633556,0.738022,2512.270508
11,0.623784,0.739543,2761.812256
12,0.615657,0.738985,3011.407959
13,0.610043,0.732068,3261.006592
14,0.600470,0.717165,3510.550049
15,0.586720,0.685325,3760.098145
16,0.564368,0.661577,4009.642578
17,0.542274,0.650087,4259.213379
18,0.509514,0.633852,4508.778809
19,0.488260,0.623798,4758.346680
20,0.475117,0.620810,5007.897461
21,0.463361,0.621652,5257.491699
22,0.454649,0.607269,5507.028809
23,0.452952,0.565893,5756.602051
24,0.472307,0.528839,6006.166504
25,0.483995,0.514864,6255.729492
26,0.471231,0.517817,6505.284668
27,0.438128,0.508602,6754.859863
28,0.395312,0.494102,7004.458008
29,0.348939,0.501031,7253.962402
30,0.311242,0.517229,7503.562988
31,0.287178,0.536854,7753.114258
32,0.268144,0.546290,8002.684570
33,0.245029,0.538856,8252.241211
34,0.232195,0.511526,8501.799805
35,0.228307,0.494337,8751.349609
36,0.235179,0.495244,9000.911133
37,0.253490,0.481645,9250.517578
38,0.264577,0.474269,9500.040039
39,0.259552,0.528007,9766.253906
40,0.258378,0.578109,10015.806641
41,0.259857,0.596619,10265.382812
42,0.260692,0.600598,10514.937500
43,0.279183,0.594047,10764.498047
44,0.326699,0.580745,11014.069336
45,0.351315,0.576506,11263.638672
46,0.370320,0.551197,11513.200195
47,0.396525,0.529289,11762.767578
48,0.431031,0.515452,12012.312500
49,0.472513,0.504506,12261.913086
50,0.511271,0.498070,12511.464844
51,0.551385,0.489270,12761.029297
52,0.601167,0.482412,13010.568359
53,0.647136,0.477797,13260.126953
54,0.696493,0.470004,13509.710938
55,0.737477,0.469109,13759.275391
56,0.770807,0.473259,14008.832031
57,0.807934,0.480546,14258.391602
58,0.862560,0.488425,14507.958008
59,0.907491,0.485260,14757.528320
60,0.934369,0.477072,15007.107422
61,0.962839,0.473735,15256.673828
62,0.003139,0.474159,15506.234375
63,0.038446,0.474914,15755.799805
64,0.065092,0.475935,16005.347656
65,0.089172,0.482889,16254.902344
66,0.119561,0.508850,16504.484375
67,0.161683,0.533197,16754.039062
68,0.193539,0.544198,17003.613281
69,0.208800,0.546617,17253.162109
70,0.185131,0.527298,17502.742188
71,0.156346,0.472926,17752.294922
72,0.134757,0.430617,18001.863281
73,0.101443,0.378405,18251.425781
74,0.084304,0.328644,18501.011719
75,0.064436,0.318625,18750.580078
76,0.027907,0.320579,19000.105469
77,0.981921,0.325159,19266.326172
78,0.937313,0.332252,19515.925781
79,0.932795,0.353015,19765.443359
80,0.947646,0.378594,20015.005859
81,0.953096,0.398028,20264.574219
82,0.957027,0.408972,20514.126953
83,0.956227,0.412427,20763.703125
84,0.959882,0.420782,21013.269531
85,0.972128,0.481695,21262.849609
86,0.985764,0.544365,21512.388672
87,0.993368,0.565409,21761.986328
88,0.000352,0.568271,22011.542969
89,0.001642,0.564308,22261.078125
90,0.001760,0.561729,22510.669922
91,0.000985,0.561099,22760.220703
92,0.004664,0.559000,23009.791016
93,0.013640,0.551168,23259.357422
94,0.034257,0.528902,23508.908203
95,0.038902,0.511791,23758.470703
96,0.039559,0.505409,24008.031250
97,0.042692,0.509273,24257.587891
98,0.043597,0.510847,24507.169922
99,0.019257,0.508079,24756.714844
0,0.749987,0.514882,-0.028931
1,0.749772,0.515997,266.257111
2,0.732435,0.529456,515.826111
3,0.669354,0.586777,765.298340
4,0.619624,0.624987,1014.937988
5,0.595768,0.642068,1264.523926
6,0.577009,0.645233,1514.004639
7,0.551381,0.639412,1763.605103
8,0.542917,0.636935,2013.178711
9,0.536224,0.633552,2262.717041
10,0.527948,0.654090,2512.258057
11,0.518063,0.704667,2761.887207
12,0.504502,0.718800,3011.429932
13,0.478011,0.702935,3260.928711
14,0.459685,0.654742,3510.545410
15,0.448826,0.619012,3760.071289
16,0.442887,0.591615,4009.681396
17,0.432175,0.576051,4259.194336
18,0.423509,0.575003,4508.819336
19,0.433612,0.569811,4758.398438
20,0.498285,0.562424,5007.907715
21,0.555247,0.536296,5257.496582
22,0.574884,0.526155,5507.056641
23,0.598785,0.517377,5756.606934
24,0.661770,0.498509,6006.141113
25,0.695184,0.487904,6255.810059
26,0.725288,0.472655,6505.277832
27,0.751651,0.439804,6754.940918
28,0.773285,0.410929,7004.466309
29,0.807704,0.394202,7254.095215
30,0.853445,0.402621,7503.547363
31,0.900571,0.411830,7753.095215
32,0.938190,0.420462,8002.721680
33,0.971070,0.423195,8252.271484
34,0.999127,0.428880,8501.841797
35,0.033566,0.446786,8751.347656
36,0.070499,0.461477,9000.951172
37,0.095179,0.465199,9250.486328
38,0.117038,0.462787,9500.071289
39,0.139757,0.465716,9766.230469
40,0.151408,0.475120,10015.844727
41,0.167711,0.477466,10265.500977
42,0.193662,0.480065,10514.953125
43,0.225338,0.477988,10764.519531
44,0.247897,0.476066,11014.136719
45,0.261853,0.478463,11263.675781
46,0.268324,0.480071,11513.184570
47,0.250553,0.483053,11762.787109
48,0.191177,0.486407,12012.380859
49,0.134488,0.484101,12261.997070
50,0.102857,0.499500,12511.432617
51,0.081348,0.497768,12761.063477
52,0.052979,0.491750,13010.559570
53,0.040972,0.488312,13260.150391
54,0.030131,0.489140,13509.726562
55,0.022650,0.489100,13759.315430
56,0.020551,0.488461,14008.852539
57,0.019722,0.486645,14258.393555
58,0.016524,0.490267,14508.020508
59,0.013294,0.493450,14757.505859
60,0.006565,0.490074,15007.094727
61,0.999249,0.481655,15256.734375
62,0.006174,0.475207,15506.270508
63,0.035234,0.472184,15755.780273
64,0.070649,0.472182,16005.366211
65,0.098303,0.473299,16255.011719
66,0.106008,0.474764,16504.521484
67,0.103803,0.477749,16754.023438
68,0.102385,0.479675,17003.654297
69,0.103032,0.480957,17253.214844
70,0.104198,0.482613,17502.750000
71,0.104579,0.483755,17752.287109
72,0.101437,0.484106,18001.898438
73,0.098045,0.484552,18251.464844
74,0.094517,0.485040,18501.039062
75,0.091149,0.486229,18750.621094
76,0.087195,0.486861,19000.138672
77,0.083036,0.487519,19266.369141
78,0.080197,0.488443,19515.968750
79,0.078123,0.489438,19765.445312
80,0.076832,0.490698,20015.052734
81,0.075269,0.491875,20264.660156
82,0.074113,0.492657,20514.230469
83,0.073233,0.493010,20763.744141
84,0.072804,0.492918,21013.292969
85,0.072825,0.492905,21262.835938
86,0.072839,0.493211,21512.386719
87,0.071205,0.492963,21761.986328
88,0.062404,0.491317,22011.513672
89,0.040498,0.487925,22261.089844
90,0.019930,0.485447,22510.691406
91,0.003501,0.485753,22760.271484
92,0.986792,0.486016,23009.767578
93,0.971408,0.485261,23259.322266
94,0.959306,0.487977,23508.888672
95,0.948997,0.490090,23758.560547
96,0.941578,0.489945,24008.009766
97,0.938445,0.491082,24257.568359
98,0.933267,0.493614,24507.199219
99,0.921270,0.492837,24756.710938
0,0.749463,0.566023,-0.012971
1,0.749858,0.565342,266.233215
2,0.757677,0.563315,515.723572
3,0.717146,0.613585,765.343018
4,0.669033,0.654955,1014.853088
5,0.624782,0.658794,1264.495605
6,0.597982,0.650397,1513.986694
7,0.576450,0.660538,1763.618652
8,0.551422,0.662396,2013.236572
9,0.534087,0.623645,2262.666992
10,0.533898,0.581442,2512.307129
11,0.529488,0.573445,2761.784912
12,0.514248,0.568496,3011.392334
13,0.483275,0.564979,3260.926758
14,0.462766,0.563661,3510.517578
15,0.445716,0.560632,3760.098633
16,0.427858,0.558456,4009.621338
17,0.409824,0.563431,4259.289551
18,0.399406,0.574881,4508.732910
19,0.397473,0.591338,4758.340332
20,0.406025,0.594053,5007.930664
21,0.422287,0.592323,5257.468750
22,0.464419,0.578065,5507.083984
23,0.495589,0.561008,5756.581055
24,0.519077,0.576778,6006.215332
25,0.534335,0.593407,6255.706055
26,0.549250,0.596133,6505.373535
27,0.563552,0.592592,6754.826172
28,0.564981,0.583737,7004.460449
29,0.560556,0.565095,7253.939453
30,0.556795,0.547723,7503.514160
31,0.554703,0.544663,7753.107422
32,0.540758,0.549734,8002.716797
33,0.524033,0.552521,8252.252930
34,0.499836,0.542757,8501.826172
35,0.489221,0.533921,8751.375000
36,0.489796,0.532308,9000.967773
37,0.494610,0.535472,9250.495117
38,0.496332,0.539239,9500.046875
39,0.496764,0.539874,9766.262695
40,0.494152,0.549268,10015.797852
41,0.481396,0.580155,10265.354492
42,0.480302,0.598365,10514.987305
43,0.484989,0.609419,10764.556641
44,0.495894,0.621337,11014.068359
45,0.500833,0.645155,11263.623047
46,0.506696,0.653516,11513.200195
47,0.528882,0.652042,11762.774414
48,0.555356,0.647326,12012.352539
49,0.594161,0.630722,12261.902344
50,0.637605,0.613197,12511.439453
51,0.694320,0.585904,12761.015625
52,0.746266,0.564281,13010.561523
53,0.777416,0.551484,13260.142578
54,0.802691,0.544394,13509.786133
55,0.832805,0.534964,13759.238281
56,0.856413,0.528364,14008.839844
57,0.887157,0.515950,14258.392578
58,0.926966,0.492776,14507.979492
59,0.954425,0.486103,14757.491211
60,0.984644,0.484648,15007.125000
61,0.016636,0.482226,15256.680664
62,0.036961,0.483627,15506.249023
63,0.057619,0.486317,15755.756836
64,0.077532,0.486683,16005.307617
65,0.098128,0.489279,16254.883789
66,0.123275,0.495964,16504.439453
67,0.130988,0.543060,16754.111328
68,0.122668,0.648913,17003.556641
69,0.089997,0.716059,17253.160156
70,0.065502,0.766616,17502.746094
71,0.062470,0.776598,17752.367188
72,0.091082,0.788889,18001.832031
73,0.149721,0.818671,18251.402344
74,0.144444,0.809363,18501.023438
75,0.104549,0.683258,18750.609375
76,0.087724,0.574791,19000.183594
77,0.077542,0.521631,19266.296875
78,0.074129,0.509675,19515.845703
79,0.076452,0.506367,19765.472656
80,0.081031,0.506368,20015.003906
81,0.082491,0.505889,20264.539062
82,0.076398,0.505575,20514.144531
83,0.061018,0.506393,20763.671875
84,0.034670,0.511803,21013.347656
85,0.009053,0.505234,21262.802734
86,0.991778,0.497102,21512.363281
87,0.984028,0.501487,21761.960938
88,0.966980,0.508125,22011.480469
89,0.945218,0.507756,22261.089844
90,0.939982,0.500722,22510.626953
91,0.940551,0.494638,22760.234375
92,0.950156,0.493376,23009.740234
93,0.950451,0.500937,23259.343750
94,0.947667,0.503493,23508.875000
95,0.945891,0.504433,23758.470703
96,0.940631,0.505898,24008.029297
97,0.931312,0.510392,24257.619141
98,0.890532,0.522239,24507.162109
99,0.867395,0.525832,24756.701172
