Idx, longitude, latitude, start timestamp
0,0.749968,0.436679,0.046935
1,0.749458,0.452993,266.190948
2,0.740322,0.512573,515.908325
3,0.691744,0.558627,765.415588
4,0.619826,0.568236,1014.922791
5,0.568913,0.560317,1264.536621
6,0.539429,0.548822,1514.080078
7,0.517177,0.544076,1763.653320
8,0.515162,0.528685,2013.205200
9,0.528355,0.515712,2262.820801
10,0.533496,0.521420,2512.320801
11,0.533935,0.524028,2761.898193
12,0.556785,0.512511,3011.424561
13,0.655371,0.478928,3261.066650
14,0.788877,0.444190,3510.489014
15,0.856595,0.433583,3760.102539
16,0.897766,0.429933,4009.847168
17,0.931903,0.428010,4259.355469
18,0.953387,0.412798,4508.888672
19,0.954460,0.353244,4758.412109
20,0.951827,0.321735,5008.003418
21,0.943467,0.287666,5257.499023
22,0.944775,0.278762,5507.124023
23,0.942601,0.332243,5756.593262
24,0.937795,0.426041,6006.242676
25,0.915867,0.488198,6255.699219
26,0.883727,0.521988,6505.363281
27,0.863885,0.571851,6838.114258
28,0.850811,0.609698,7087.690430
29,0.836990,0.634040,7337.228027
30,0.832785,0.644098,7570.245117
31,0.830409,0.639346,7819.695312
32,0.833961,0.626870,8052.700195
33,0.834159,0.622223,8285.598633
34,0.831306,0.623114,8535.055664
35,0.828272,0.616544,8784.711914
36,0.795577,0.574217,9034.350586
37,0.761076,0.523192,9267.195312
38,0.735435,0.519793,9500.051758
39,0.709612,0.535673,9766.310547
40,0.656877,0.555268,10049.185547
41,0.605048,0.585064,10282.073242
42,0.555118,0.587742,10531.592773
43,0.510476,0.583918,10781.150391
44,0.474361,0.573924,11014.152344
45,0.453929,0.565163,11263.674805
46,0.425164,0.560821,11513.291992
47,0.391451,0.565805,11796.209961
48,0.357167,0.582744,12045.642578
49,0.328840,0.591100,12295.301758
50,0.295269,0.605302,12528.120117
51,0.254045,0.623764,12761.146484
52,0.230923,0.623290,13010.646484
53,0.218526,0.603599,13260.290039
54,0.218475,0.558756,13509.755859
55,0.236998,0.503729,13759.349609
56,0.284891,0.458855,14025.534180
57,0.330728,0.430505,14291.710938
58,0.329584,0.401782,14524.638672
59,0.353712,0.418893,14757.622070
60,0.429844,0.468729,15023.860352
61,0.488635,0.522151,15273.388672
62,0.510482,0.524411,15506.365234
63,0.526455,0.516329,15755.878906
64,0.531537,0.519468,16005.471680
65,0.528276,0.518903,16254.987305
66,0.523418,0.518789,16504.597656
67,0.519959,0.520018,16754.056641
68,0.509942,0.517081,17003.613281
69,0.502254,0.513869,17253.187500
70,0.496411,0.509213,17502.853516
71,0.492958,0.484199,17752.302734
72,0.493514,0.466819,18001.972656
73,0.497754,0.455748,18251.412109
74,0.504682,0.450678,18501.080078
75,0.518619,0.444323,18750.542969
76,0.529749,0.435312,19000.164062
77,0.532175,0.421170,19349.560547
78,0.530978,0.407682,19515.955078
79,0.521311,0.381980,19848.697266
80,0.508563,0.382754,20098.261719
81,0.491977,0.363759,20331.169922
82,0.485068,0.343655,20580.779297
83,0.485641,0.327548,20830.259766
84,0.492205,0.320572,21063.244141
85,0.507310,0.319299,21312.769531
86,0.528591,0.279553,21562.375000
87,0.539808,0.274020,21811.912109
88,0.544472,0.308191,22044.894531
89,0.538504,0.361562,22294.355469
90,0.522593,0.408211,22544.039062
91,0.502442,0.445098,22776.902344
92,0.486914,0.464850,23026.468750
93,0.468788,0.489268,23275.986328
94,0.464594,0.495958,23525.617188
95,0.462088,0.500427,23775.218750
96,0.460713,0.511563,24008.113281
97,0.458618,0.539516,24257.751953
98,0.448162,0.559865,24507.253906
99,0.432594,0.561127,24756.878906
0,0.749951,0.469237,-0.046495
1,0.750557,0.469618,266.262634
2,0.750452,0.472636,515.806458
3,0.750315,0.476126,765.384155
4,0.752201,0.476239,1014.821777
5,0.760031,0.471300,1264.482910
6,0.774598,0.435262,1513.973267
7,0.790405,0.381219,1763.592896
8,0.807008,0.328722,2013.233154
9,0.832760,0.283412,2262.700684
10,0.841945,0.260976,2512.302002
11,0.845312,0.254352,2761.843506
12,0.847488,0.247102,3011.414551
13,0.846129,0.247206,3260.916504
14,0.842065,0.256511,3510.566895
15,0.836208,0.277400,3760.100098
16,0.840836,0.330240,4009.685303
17,0.863668,0.379532,4259.146973
18,0.913413,0.402717,4508.813965
19,0.958157,0.408878,4758.405762
20,0.980483,0.411991,5007.908203
21,0.984381,0.410499,5257.564941
22,0.965506,0.418069,5507.078125
23,0.923934,0.423137,5756.702148
24,0.881116,0.425511,6006.125488
25,0.811262,0.451109,6255.855469
26,0.736955,0.486641,6505.290039
27,0.672648,0.519346,6754.906738
28,0.612466,0.531787,7004.357422
29,0.573688,0.525172,7254.025879
30,0.543436,0.514497,7503.491699
31,0.521360,0.501993,7753.110840
32,0.512435,0.482882,8002.762695
33,0.515388,0.435046,8252.278320
34,0.514580,0.406852,8501.851562
35,0.505855,0.396646,8751.352539
36,0.506459,0.388806,9001.089844
37,0.508325,0.389212,9250.555664
38,0.510792,0.390380,9500.081055
39,0.512218,0.399571,9766.195312
40,0.511321,0.419045,10015.904297
41,0.502979,0.452204,10265.444336
42,0.486107,0.485400,10514.994141
43,0.470236,0.504167,10764.558594
44,0.460561,0.517604,11014.122070
45,0.460044,0.521907,11263.680664
46,0.462169,0.524728,11513.210938
47,0.472659,0.530131,11762.839844
48,0.512291,0.534485,12045.540039
49,0.529767,0.524880,12295.175781
50,0.535238,0.521041,12544.832031
51,0.540201,0.513073,12810.969727
52,0.543472,0.512128,13043.927734
53,0.545031,0.512384,13293.410156
54,0.548027,0.512250,13526.459961
55,0.542679,0.515273,13775.948242
56,0.534375,0.518211,14008.945312
57,0.529470,0.519198,14258.404297
58,0.523059,0.519538,14508.051758
59,0.515761,0.519745,14757.551758
60,0.509688,0.520724,15007.163086
61,0.506801,0.521721,15256.666016
62,0.507058,0.521694,15506.264648
63,0.506762,0.521299,15755.742188
64,0.506410,0.522340,16005.393555
65,0.505725,0.522576,16254.854492
66,0.504935,0.521529,16504.498047
67,0.504670,0.522903,16754.134766
68,0.502998,0.522945,17003.683594
69,0.500843,0.522639,17286.470703
70,0.494566,0.519270,17535.968750
71,0.484894,0.521750,17769.039062
72,0.471673,0.521610,18001.841797
73,0.454609,0.521778,18268.164062
74,0.441124,0.519516,18500.958984
75,0.429275,0.509753,18750.572266
76,0.414381,0.494015,19000.078125
77,0.405300,0.459739,19282.955078
78,0.407701,0.439169,19515.943359
79,0.412099,0.431903,19765.490234
80,0.417051,0.437717,20015.058594
81,0.418892,0.443244,20264.578125
82,0.421320,0.445099,20514.193359
83,0.425551,0.445529,20763.738281
84,0.433446,0.448766,21013.330078
85,0.442856,0.454646,21262.828125
86,0.450250,0.462015,21512.433594
87,0.455274,0.471134,21761.927734
88,0.458900,0.480273,22011.548828
89,0.460015,0.482880,22261.162109
90,0.462840,0.487324,22510.675781
91,0.462883,0.490369,22760.316406
92,0.466185,0.491032,23009.791016
93,0.469456,0.489808,23259.447266
94,0.474134,0.489444,23592.140625
95,0.479142,0.490656,23841.679688
96,0.486050,0.490485,24091.300781
97,0.496043,0.492519,24324.130859
98,0.503303,0.493721,24557.123047
99,0.507730,0.493518,24806.632812
0,0.750507,0.559080,-0.014372
1,0.750648,0.558998,266.134399
2,0.751090,0.556841,515.703308
3,0.755882,0.548222,765.206238
4,0.781581,0.532389,1014.797485
5,0.815114,0.515495,1264.345459
6,0.840712,0.504207,1513.953613
7,0.870049,0.493270,1763.426636
8,0.903721,0.483138,2013.089722
9,0.933611,0.473697,2262.640381
10,0.962838,0.476112,2512.125000
11,0.988076,0.474295,2761.803223
12,0.014992,0.474203,3011.332031
13,0.039771,0.473696,3260.885254
14,0.052187,0.466830,3510.351074
15,0.049567,0.432337,3760.086426
16,0.037215,0.387116,4009.573730
17,0.023603,0.350212,4259.133789
18,0.002841,0.307286,4508.666992
19,0.973485,0.271188,4758.290527
20,0.942010,0.248886,5007.673340
21,0.901926,0.231429,5257.292480
22,0.858492,0.223196,5506.975098
23,0.812154,0.219961,5756.523926
24,0.773592,0.222539,6006.089355
25,0.737349,0.232056,6255.563965
26,0.702889,0.247302,6505.191406
27,0.674960,0.258938,6754.666504
28,0.647394,0.273603,7004.310547
29,0.619668,0.298150,7253.880859
30,0.591268,0.321228,7503.400879
31,0.564115,0.347935,7752.841309
32,0.537682,0.380130,8002.577637
33,0.516551,0.404616,8252.131836
34,0.500486,0.417911,8501.621094
35,0.488833,0.425796,8751.235352
36,0.471238,0.427545,9000.730469
37,0.451580,0.417861,9250.326172
38,0.435681,0.401779,9516.464844
39,0.420162,0.395051,9766.026367
40,0.404069,0.398417,10015.553711
41,0.388736,0.402436,10265.192383
42,0.373724,0.407018,10514.757812
43,0.359436,0.413002,10764.269531
44,0.345536,0.416364,11013.930664
45,0.333927,0.418731,11263.389648
46,0.330093,0.416837,11512.970703
47,0.340703,0.389256,11762.497070
48,0.358130,0.365761,12012.176758
49,0.378339,0.353249,12261.648438
50,0.401307,0.346861,12511.270508
51,0.425690,0.339526,12760.760742
52,0.455574,0.339725,13010.349609
53,0.480048,0.346292,13259.795898
54,0.492542,0.354496,13509.463867
55,0.502839,0.365690,13758.904297
56,0.506991,0.374195,14008.563477
57,0.507421,0.380730,14258.204102
58,0.506077,0.386111,14507.727539
59,0.503419,0.395433,14757.355469
60,0.501332,0.410935,15006.738281
61,0.501221,0.428364,15256.393555
62,0.502424,0.438354,15505.930664
63,0.502513,0.453604,15755.545898
64,0.497213,0.468169,16004.961914
65,0.490049,0.477168,16254.639648
66,0.481361,0.480375,16504.070312
67,0.474652,0.480868,16753.732422
68,0.471099,0.483711,17003.173828
69,0.471221,0.484979,17252.855469
70,0.477605,0.486128,17502.410156
71,0.488317,0.488850,17751.943359
72,0.502416,0.491197,18001.599609
73,0.516829,0.493998,18251.058594
74,0.529545,0.495680,18500.679688
75,0.539669,0.496627,18750.128906
76,0.547709,0.497369,19016.390625
77,0.555585,0.495169,19265.970703
78,0.559600,0.489672,19515.589844
79,0.559424,0.485054,19765.121094
80,0.556563,0.482695,20014.625000
81,0.553057,0.479939,20264.207031
82,0.548577,0.477437,20513.708984
83,0.542402,0.476681,20763.308594
84,0.535381,0.475703,21012.835938
85,0.528643,0.471255,21262.464844
86,0.522635,0.466202,21511.933594
87,0.515698,0.458564,21761.568359
88,0.506510,0.454427,22011.082031
89,0.496867,0.452586,22260.683594
90,0.487758,0.451693,22510.126953
91,0.479121,0.450926,22759.847656
92,0.470997,0.453158,23009.419922
93,0.461287,0.454232,23258.859375
94,0.453433,0.455519,23508.513672
95,0.451928,0.456143,23758.039062
96,0.457606,0.455963,24007.626953
97,0.467443,0.455441,24257.113281
98,0.481286,0.454731,24506.710938
99,0.494899,0.454913,24756.255859
0,0.749856,0.518716,0.040913
1,0.754088,0.521545,266.228363
2,0.797811,0.517947,515.786682
3,0.878811,0.463364,765.278076
4,0.862247,0.425088,1014.927856
5,0.776781,0.310498,1264.399170
6,0.685682,0.221406,1514.028931
7,0.611043,0.219597,1763.764893
8,0.524916,0.278269,2013.153198
9,0.536267,0.386382,2262.764160
10,0.540050,0.494955,2512.246582
11,0.524789,0.549093,2761.929443
12,0.476442,0.584648,3028.080322
13,0.464177,0.600078,3261.074219
14,0.509557,0.596573,3510.525879
15,0.611327,0.585149,3760.117676
16,0.691908,0.589392,4009.665283
17,0.708353,0.635283,4259.261719
18,0.662145,0.722050,4508.786133
19,0.618263,0.775071,4758.348633
20,0.624417,0.827183,5007.996094
21,0.627995,0.866839,5257.535645
22,0.627776,0.872029,5507.183105
23,0.633374,0.872643,5756.581543
24,0.633477,0.873613,6006.217285
25,0.634302,0.873416,6255.703613
26,0.626988,0.871784,6505.298340
27,0.580783,0.859647,6754.847656
28,0.517225,0.832758,7004.484863
29,0.521614,0.839099,7254.030273
30,0.567237,0.857613,7503.527832
31,0.616263,0.865595,7753.240723
32,0.689025,0.863502,8002.686035
33,0.746898,0.860905,8252.291016
34,0.785196,0.858703,8501.802734
35,0.790363,0.859055,8751.440430
36,0.783792,0.861818,9000.912109
37,0.764889,0.854698,9250.493164
38,0.757768,0.852216,9500.112305
39,0.746109,0.764095,9766.238281
40,0.726080,0.578250,10015.914062
41,0.708302,0.449789,10265.362305
42,0.667355,0.345598,10515.095703
43,0.605876,0.283526,10764.524414
44,0.568767,0.256741,11014.150391
45,0.544325,0.257776,11263.629883
46,0.531545,0.343648,11513.226562
47,0.527526,0.457389,11762.736328
48,0.540737,0.531628,12012.347656
49,0.585900,0.555365,12261.840820
50,0.632011,0.532170,12511.471680
51,0.623830,0.526348,12761.012695
52,0.552887,0.554858,13010.573242
53,0.472528,0.581108,13260.252930
54,0.437697,0.591484,13509.693359
55,0.439053,0.588397,13759.306641
56,0.428765,0.576965,14008.866211
57,0.385658,0.557890,14258.505859
58,0.347716,0.494645,14507.985352
59,0.338841,0.412820,14757.524414
60,0.349528,0.336525,15007.086914
61,0.380725,0.253078,15256.640625
62,0.368577,0.200506,15506.144531
63,0.331645,0.221503,15755.779297
64,0.294361,0.304963,16005.312500
65,0.234324,0.429820,16254.948242
66,0.254807,0.522022,16504.503906
67,0.389876,0.549601,16754.042969
68,0.474861,0.555287,17003.611328
69,0.504806,0.552064,17253.140625
70,0.519669,0.555264,17502.730469
71,0.538226,0.599234,17752.292969
72,0.546742,0.642022,18001.900391
73,0.542675,0.673660,18251.406250
74,0.530162,0.664171,18501.017578
75,0.498251,0.607222,18750.464844
76,0.438565,0.565234,19000.125000
77,0.353492,0.565440,19266.371094
78,0.296973,0.592392,19515.826172
79,0.261430,0.616184,19765.492188
80,0.249216,0.613226,20014.955078
81,0.235620,0.613652,20264.578125
82,0.221148,0.619142,20514.125000
83,0.194767,0.574816,20763.683594
84,0.162157,0.497237,21013.193359
85,0.152485,0.453491,21262.791016
86,0.168323,0.369032,21512.353516
87,0.194670,0.306585,21761.933594
88,0.213495,0.286291,22011.521484
89,0.237618,0.328548,22261.136719
90,0.270814,0.332796,22510.691406
91,0.312155,0.355099,22760.179688
92,0.376250,0.406383,23009.757812
93,0.429411,0.441160,23259.298828
94,0.482338,0.468317,23508.867188
95,0.503383,0.478359,23758.394531
96,0.528241,0.481968,24008.001953
97,0.570159,0.472523,24257.507812
98,0.594367,0.478913,24507.171875
99,0.620574,0.479447,24790.007812
0,0.750162,0.616315,-0.024719
1,0.750720,0.615533,266.156647
2,0.751798,0.614305,515.805664
3,0.760520,0.607939,765.276123
4,0.784596,0.595653,1014.946289
5,0.810603,0.589916,1264.426758
6,0.840777,0.589523,1513.979004
7,0.874950,0.567155,1763.641235
8,0.901000,0.542647,2013.146851
9,0.921996,0.525809,2262.704102
10,0.923283,0.471758,2512.246338
11,0.901416,0.404946,2761.922852
12,0.886419,0.365981,3011.388916
13,0.879774,0.351679,3260.927246
14,0.869261,0.348156,3510.534180
15,0.849261,0.361700,3760.058105
16,0.818243,0.389129,4009.656494
17,0.785309,0.421563,4259.305176
18,0.752293,0.451991,4508.794922
19,0.720766,0.483536,4758.341309
20,0.711354,0.502569,5007.876465
21,0.734562,0.512468,5257.465332
22,0.771485,0.523048,5507.038574
23,0.812798,0.549737,5756.564941
24,0.855143,0.568008,6006.230469
25,0.910624,0.563275,6255.765137
26,0.962534,0.562228,6505.323730
27,0.998838,0.570789,6754.813965
28,0.031085,0.568249,7004.406250
29,0.062650,0.541448,7254.030273
30,0.095389,0.504395,7503.545410
31,0.135854,0.485919,7753.113281
32,0.188189,0.473228,8002.643066
33,0.233697,0.481198,8252.254883
34,0.264354,0.502412,8501.747070
35,0.294010,0.530492,8751.439453
36,0.330939,0.537461,9000.891602
37,0.364064,0.537684,9250.541992
38,0.400162,0.541250,9500.053711
39,0.430342,0.547675,9766.277344
40,0.456116,0.547738,10015.872070
41,0.485548,0.550861,10265.441406
42,0.498754,0.552551,10514.908203
43,0.510098,0.558823,10764.630859
44,0.532782,0.592083,11014.089844
45,0.531345,0.624786,11263.675781
46,0.525945,0.643311,11513.200195
47,0.515336,0.640003,11762.765625
48,0.499819,0.632184,12012.329102
49,0.492363,0.627283,12261.856445
50,0.485481,0.620692,12511.525391
51,0.475191,0.593173,12761.061523
52,0.473501,0.540526,13010.638672
53,0.479842,0.546896,13260.199219
54,0.480202,0.589286,13509.710938
55,0.477799,0.581428,13759.287109
56,0.474543,0.528538,14008.811523
57,0.473812,0.468477,14258.425781
58,0.473417,0.444404,14507.933594
59,0.474752,0.450813,14757.568359
60,0.482115,0.468523,15007.053711
61,0.484219,0.475501,15256.749023
62,0.485322,0.483125,15506.245117
63,0.486888,0.492452,15755.794922
64,0.488313,0.499254,16005.410156
65,0.489522,0.508241,16254.938477
66,0.504908,0.556404,16504.546875
67,0.521741,0.615711,16753.998047
68,0.525508,0.636295,17003.630859
69,0.523138,0.636900,17253.162109
70,0.522123,0.636813,17502.703125
71,0.521950,0.637006,17752.349609
72,0.521390,0.636603,18001.945312
73,0.520228,0.637088,18251.488281
74,0.519275,0.639201,18500.949219
75,0.505007,0.669324,18750.582031
76,0.465469,0.724886,19000.080078
77,0.443137,0.780736,19266.347656
78,0.406176,0.823021,19515.869141
79,0.366757,0.849182,19765.496094
80,0.326039,0.870886,20015.042969
81,0.312827,0.879863,20264.572266
82,0.312873,0.881123,20514.087891
83,0.300771,0.873256,20763.718750
84,0.312418,0.803674,21013.244141
85,0.335242,0.701032,21262.853516
86,0.358755,0.577962,21512.380859
87,0.367032,0.487637,21761.958984
88,0.361433,0.431303,22011.595703
89,0.358339,0.388622,22261.082031
90,0.356406,0.374983,22510.660156
91,0.354585,0.369711,22760.218750
92,0.357319,0.364501,23009.798828
93,0.368845,0.345423,23259.291016
94,0.366406,0.339508,23508.951172
95,0.363640,0.342644,23758.490234
96,0.361000,0.342194,24008.000000
97,0.364499,0.347960,24257.585938
98,0.395072,0.391890,24507.216797
99,0.430071,0.437703,24756.705078
0,0.750012,0.534089,0.017787
1,0.750273,0.534200,266.141876
2,0.751508,0.534999,515.797485
3,0.755703,0.535157,765.283081
4,0.759390,0.535089,1014.930176
5,0.768600,0.537151,1264.376953
6,0.793653,0.539103,1514.079834
7,0.834549,0.531200,1763.691772
8,0.871804,0.516658,2013.120605
9,0.906849,0.504058,2262.682129
10,0.944248,0.484627,2512.231445
11,0.972337,0.474180,2761.887451
12,0.986665,0.460903,3011.392334
13,0.973016,0.443252,3277.629883
14,0.885849,0.460565,3510.506836
15,0.733619,0.511080,3760.114990
16,0.613780,0.525641,4009.623291
17,0.528832,0.538047,4259.199707
18,0.497637,0.539427,4525.480957
19,0.466340,0.535196,4758.311523
20,0.431450,0.528715,5007.988770
21,0.413070,0.514694,5257.432617
22,0.364911,0.490824,5523.581055
23,0.306660,0.481645,5756.583496
24,0.293699,0.506881,6006.166504
25,0.345701,0.549018,6255.660156
26,0.439043,0.572629,6521.952637
27,0.498777,0.549609,6754.798340
28,0.518573,0.526766,7021.061035
29,0.525013,0.521674,7253.913574
30,0.524894,0.516602,7503.568359
31,0.520179,0.512144,7753.062012
32,0.533462,0.511585,8002.658691
33,0.536637,0.513259,8252.257812
34,0.532517,0.510254,8501.832031
35,0.522151,0.506819,8851.130859
36,0.514180,0.501605,9084.139648
37,0.511270,0.499712,9333.651367
38,0.510988,0.498699,9566.659180
39,0.488178,0.496209,9799.471680
40,0.464133,0.507396,10049.152344
41,0.462384,0.513164,10298.608398
42,0.464390,0.514400,10531.572266
43,0.470883,0.544807,10781.114258
44,0.491579,0.641926,11014.113281
45,0.500494,0.726493,11263.568359
46,0.513139,0.774433,11513.205078
47,0.530771,0.816590,11762.697266
48,0.513694,0.852825,12045.568359
49,0.504736,0.861926,12278.424805
50,0.505341,0.857836,12528.109375
51,0.505674,0.855289,12777.694336
52,0.510083,0.818432,13027.223633
53,0.513602,0.564296,13260.214844
54,0.509643,0.367095,13542.950195
55,0.505636,0.265663,13775.952148
56,0.502242,0.215225,14025.423828
57,0.499650,0.177228,14275.042969
58,0.494703,0.161284,14524.508789
59,0.491477,0.185544,14774.166992
60,0.490879,0.234364,15007.019531
61,0.486736,0.250950,15256.636719
62,0.411069,0.286414,15506.169922
63,0.388805,0.304599,15755.734375
64,0.406492,0.296742,16005.325195
65,0.472873,0.267228,16254.941406
66,0.547599,0.270915,16504.384766
67,0.565300,0.276226,16754.011719
68,0.566633,0.278103,17003.607422
69,0.567793,0.278200,17253.123047
70,0.570477,0.283162,17502.726562
71,0.584810,0.294304,17752.214844
72,0.595336,0.307441,18001.835938
73,0.609949,0.343271,18251.363281
74,0.618631,0.399411,18584.103516
75,0.616162,0.446013,18817.099609
76,0.616246,0.453176,19066.566406
77,0.615813,0.454322,19316.248047
78,0.615408,0.453951,19565.701172
79,0.609967,0.455027,19815.335938
80,0.600770,0.452287,20064.783203
81,0.587165,0.448017,20314.466797
82,0.574392,0.446932,20547.337891
83,0.558631,0.445347,20796.914062
84,0.547623,0.445904,21046.562500
85,0.529801,0.449381,21296.068359
86,0.511684,0.456081,21545.664062
87,0.499674,0.462975,21778.496094
88,0.496719,0.463224,22028.177734
89,0.495955,0.461473,22260.994141
90,0.496345,0.461453,22527.300781
91,0.496234,0.462358,22776.785156
92,0.497148,0.461977,23009.785156
93,0.497364,0.461456,23259.285156
94,0.497650,0.461120,23508.847656
95,0.497538,0.461787,23758.398438
96,0.497547,0.462507,24007.960938
97,0.497641,0.462074,24257.482422
98,0.497692,0.461543,24507.080078
99,0.497475,0.462098,24756.613281
0,0.749471,0.604211,0.032315
1,0.748584,0.602735,266.170868
2,0.723720,0.594666,515.792053
3,0.672229,0.604484,765.414673
4,0.615901,0.629610,1014.859070
5,0.580048,0.610245,1264.481079
6,0.557113,0.585997,1514.027222
7,0.537666,0.576153,1763.652466
8,0.524579,0.563691,2013.135010
9,0.513293,0.539425,2262.764648
10,0.498612,0.516045,2512.271729
11,0.490174,0.525754,2761.825195
12,0.483993,0.541125,3011.411865
13,0.469586,0.557725,3260.949463
14,0.462479,0.565262,3510.501465
15,0.509566,0.569038,3760.219727
16,0.522897,0.557837,4009.670410
17,0.516826,0.556834,4259.231934
18,0.504239,0.556222,4508.814941
19,0.488079,0.557537,4758.324707
20,0.469445,0.557357,5007.883301
21,0.466083,0.560883,5257.450195
22,0.491925,0.562746,5507.012695
23,0.533529,0.559754,5756.601074
24,0.539025,0.555397,6006.160156
25,0.536143,0.551937,6255.725098
26,0.532305,0.552977,6505.310547
27,0.523289,0.550408,6754.843750
28,0.512918,0.546423,7004.400391
29,0.512987,0.543154,7253.971191
30,0.514001,0.547434,7503.520996
31,0.519584,0.626424,7753.105469
32,0.542321,0.772022,8002.668945
33,0.573452,0.869154,8252.247070
34,0.601177,0.898208,8501.837891
35,0.640452,0.904258,8751.379883
36,0.686065,0.893344,9000.913086
37,0.744426,0.876969,9250.465820
38,0.797328,0.820133,9500.034180
39,0.851751,0.689550,9766.251953
40,0.907300,0.562272,10015.829102
41,0.944605,0.484475,10265.375977
42,0.971028,0.443636,10514.943359
43,0.991380,0.415111,10764.497070
44,0.013334,0.396403,11014.067383
45,0.028012,0.404641,11263.617188
46,0.017183,0.412135,11513.212891
47,0.962051,0.438418,11762.770508
48,0.889979,0.465690,12012.321289
49,0.835726,0.483486,12261.908203
50,0.798267,0.506730,12511.477539
51,0.772568,0.547223,12761.024414
52,0.743741,0.577410,13010.610352
53,0.714454,0.595964,13260.164062
54,0.702896,0.607446,13509.693359
55,0.692455,0.616838,13759.254883
56,0.689386,0.614700,14008.832031
57,0.683928,0.643471,14258.393555
58,0.662461,0.695600,14507.949219
59,0.641139,0.713795,14757.520508
60,0.640758,0.707065,15007.069336
61,0.642553,0.695020,15256.659180
62,0.609119,0.681460,15506.224609
63,0.569827,0.683687,15755.813477
64,0.541810,0.709413,16005.370117
65,0.514927,0.726153,16254.897461
66,0.494553,0.736307,16504.482422
67,0.474895,0.747220,16754.039062
68,0.466493,0.745976,17003.595703
69,0.455620,0.739694,17253.150391
70,0.457544,0.732076,17502.734375
71,0.456947,0.731647,17752.332031
72,0.462555,0.731115,18001.859375
73,0.467610,0.724610,18251.445312
74,0.470503,0.719356,18500.970703
75,0.472687,0.718074,18750.539062
76,0.471802,0.719347,19000.101562
77,0.471076,0.728343,19266.330078
78,0.473081,0.735338,19515.863281
79,0.465115,0.737498,19765.441406
80,0.434523,0.737753,20014.992188
81,0.425215,0.739147,20264.607422
82,0.433817,0.728176,20514.126953
83,0.442235,0.685140,20763.685547
84,0.431437,0.630903,21013.244141
85,0.430372,0.591401,21262.832031
86,0.438701,0.575677,21512.439453
87,0.479020,0.576702,21762.011719
88,0.587324,0.577455,22011.515625
89,0.592579,0.570412,22261.089844
90,0.585860,0.571923,22510.648438
91,0.578625,0.577498,22760.189453
92,0.557634,0.585446,23009.814453
93,0.527429,0.571476,23259.339844
94,0.504771,0.552848,23508.904297
95,0.488101,0.529745,23758.457031
96,0.489644,0.478346,24008.023438
97,0.522744,0.420951,24257.583984
98,0.525496,0.368705,24507.158203
99,0.523501,0.337018,24756.722656
0,0.746507,0.527258,0.010264
1,0.743643,0.527807,266.210114
2,0.741468,0.534304,515.763550
3,0.735180,0.565410,765.355713
4,0.731923,0.585055,1014.879211
5,0.723099,0.605335,1264.470459
6,0.695177,0.634864,1514.050049
7,0.690920,0.647562,1763.583252
8,0.694996,0.644377,2013.130005
9,0.709190,0.640453,2262.706299
10,0.723167,0.633831,2512.291260
11,0.742608,0.624510,2761.829102
12,0.780177,0.598114,3011.424561
13,0.792088,0.588966,3260.999512
14,0.791983,0.587755,3510.530762
15,0.791060,0.585599,3760.139160
16,0.804029,0.559482,4009.637451
17,0.805111,0.548080,4259.242188
18,0.806149,0.548212,4508.771973
19,0.806740,0.545994,4758.385254
20,0.806107,0.544800,5007.892578
21,0.806590,0.547588,5257.464355
22,0.807301,0.550045,5507.030273
23,0.805953,0.556978,5756.604492
24,0.791967,0.576766,6006.180176
25,0.766424,0.601832,6255.756836
26,0.747596,0.619352,6505.333008
27,0.730241,0.633753,6754.852539
28,0.710662,0.633950,7004.405762
29,0.685902,0.621069,7253.980469
30,0.648268,0.623180,7503.558105
31,0.611751,0.614119,7753.097656
32,0.570815,0.594056,8002.717773
33,0.537346,0.574202,8252.272461
34,0.511222,0.561472,8501.802734
35,0.492991,0.544420,8751.373047
36,0.479147,0.538899,9000.926758
37,0.470041,0.530293,9250.494141
38,0.468190,0.532605,9500.049805
39,0.463967,0.527735,9766.260742
40,0.451527,0.518400,10015.815430
41,0.444435,0.518004,10265.400391
42,0.441341,0.519712,10514.954102
43,0.441968,0.521239,10764.566406
44,0.448261,0.519128,11014.078125
45,0.452597,0.521089,11263.648438
46,0.454460,0.525698,11513.214844
47,0.455309,0.529306,11762.777344
48,0.456266,0.531490,12012.333008
49,0.457516,0.532891,12261.892578
50,0.460101,0.534557,12511.485352
51,0.462909,0.535554,12761.036133
52,0.463517,0.537579,13010.598633
53,0.463937,0.539150,13260.165039
54,0.464043,0.539681,13509.713867
55,0.464006,0.540254,13759.273438
56,0.464081,0.542002,14008.842773
57,0.463456,0.544162,14258.397461
58,0.462782,0.545550,14507.972656
59,0.462268,0.546926,14757.545898
60,0.460949,0.548466,15007.161133
61,0.460125,0.549095,15256.672852
62,0.458740,0.548770,15506.264648
63,0.452985,0.533728,15755.819336
64,0.444152,0.480830,16005.364258
65,0.437842,0.402771,16254.914062
66,0.435190,0.316175,16504.492188
67,0.444077,0.228275,16754.052734
68,0.447637,0.165699,17003.656250
69,0.447926,0.136081,17253.203125
70,0.427802,0.131986,17502.751953
71,0.419643,0.129253,17752.320312
72,0.419763,0.127283,18001.871094
73,0.413486,0.124462,18251.437500
74,0.382215,0.127609,18501.019531
75,0.354134,0.128022,18750.542969
76,0.355371,0.125035,19000.138672
77,0.341893,0.126299,19266.369141
78,0.346069,0.124670,19515.892578
79,0.340623,0.125406,19765.458984
80,0.344026,0.124621,20015.025391
81,0.352631,0.123342,20264.580078
82,0.358039,0.122563,20514.171875
83,0.366851,0.121475,20763.689453
84,0.374963,0.121035,21013.277344
85,0.388423,0.120521,21262.843750
86,0.404899,0.119405,21512.433594
87,0.420943,0.119506,21761.964844
88,0.439350,0.118947,22011.533203
89,0.456268,0.119247,22261.125000
90,0.473333,0.117201,22510.634766
91,0.485285,0.117467,22760.208984
92,0.475707,0.119396,23009.767578
93,0.448229,0.126020,23259.345703
94,0.446563,0.121068,23508.939453
95,0.451676,0.116168,23758.470703
96,0.457427,0.117919,24008.068359
97,0.458099,0.120424,24257.611328
98,0.473826,0.118931,24507.193359
99,0.479725,0.119672,24756.726562
0,0.749828,0.492215,0.012307
1,0.749762,0.493307,266.185028
2,0.750303,0.494180,515.746033
3,0.758830,0.489190,765.419067
4,0.796332,0.457374,1014.844421
5,0.840396,0.435800,1264.448730
6,0.844597,0.458936,1513.930298
7,0.793782,0.504472,1763.607300
8,0.711776,0.530922,2013.097290
9,0.592326,0.507183,2262.685059
10,0.512876,0.484660,2512.159912
11,0.500046,0.481585,2761.853516
12,0.513482,0.495639,3011.263184
13,0.508712,0.515720,3260.900146
14,0.499606,0.538144,3510.559326
15,0.501980,0.543830,3760.041748
16,0.507717,0.549467,4009.719727
17,0.510632,0.546068,4259.223145
18,0.511912,0.530646,4508.777832
19,0.512146,0.492293,4758.303223
20,0.508235,0.469378,5007.950195
21,0.501522,0.465179,5257.348145
22,0.495889,0.456810,5507.020996
23,0.495835,0.447840,5756.516113
24,0.498562,0.441146,6006.213867
25,0.499541,0.451932,6255.720703
26,0.506418,0.454919,6505.270996
27,0.516599,0.456650,6754.837891
28,0.520904,0.460403,7004.336426
29,0.527221,0.445900,7253.942383
30,0.545838,0.386360,7503.475586
31,0.553685,0.323054,7753.107910
32,0.553528,0.266050,8019.294922
33,0.552583,0.215525,8252.266602
34,0.551182,0.170944,8501.750977
35,0.556466,0.143121,8751.366211
36,0.562922,0.134250,9000.782227
37,0.580637,0.116753,9250.452148
38,0.581161,0.111867,9500.074219
39,0.574132,0.135537,9766.160156
40,0.559045,0.189967,10015.815430
41,0.554312,0.249851,10265.375977
42,0.540432,0.314623,10514.939453
43,0.513680,0.344366,10764.447266
44,0.456284,0.353409,11014.002930
45,0.396661,0.365879,11263.592773
46,0.314360,0.366017,11513.165039
47,0.233514,0.351589,11762.734375
48,0.168853,0.335837,12012.290039
49,0.123063,0.358452,12261.901367
50,0.100955,0.407812,12511.469727
51,0.116273,0.438336,12760.969727
52,0.169642,0.462001,13010.511719
53,0.251404,0.491102,13260.129883
54,0.345043,0.517165,13509.578125
55,0.418197,0.514135,13759.256836
56,0.459737,0.501784,14008.701172
57,0.459268,0.504497,14258.391602
58,0.443087,0.517884,14507.808594
59,0.446639,0.538624,14757.458008
60,0.463812,0.548433,15007.100586
61,0.467600,0.556022,15256.564453
62,0.466138,0.561725,15506.272461
63,0.464596,0.560800,15755.659180
64,0.470103,0.558004,16005.396484
65,0.476645,0.552051,16254.786133
66,0.483495,0.545775,16504.490234
67,0.493221,0.535930,16753.945312
68,0.505264,0.518837,17003.523438
69,0.512411,0.498834,17253.066406
70,0.521563,0.477432,17502.705078
71,0.524250,0.458061,17752.160156
72,0.531419,0.458456,18001.757812
73,0.543282,0.462841,18251.482422
74,0.546593,0.462400,18500.857422
75,0.546347,0.460604,18750.423828
76,0.543041,0.453875,19000.052734
77,0.532908,0.437090,19266.281250
78,0.519385,0.408685,19515.794922
79,0.514338,0.395929,19765.414062
80,0.507774,0.393737,20014.861328
81,0.506284,0.395316,20264.566406
82,0.506426,0.397947,20514.105469
83,0.506896,0.400187,20763.572266
84,0.507096,0.401591,21013.255859
85,0.507132,0.402272,21262.806641
86,0.507248,0.402474,21512.380859
87,0.507345,0.402246,21761.826172
88,0.507227,0.402357,22011.419922
89,0.506914,0.401982,22260.976562
90,0.506760,0.401621,22510.568359
91,0.506534,0.402116,22760.039062
92,0.506139,0.402044,23009.699219
93,0.505773,0.401592,23259.212891
94,0.505765,0.401600,23508.804688
95,0.505575,0.401278,23758.339844
96,0.505308,0.400741,24007.949219
97,0.504931,0.398730,24257.507812
98,0.505446,0.389380,24507.005859
99,0.509237,0.367515,24756.632812
0,0.746528,0.530406,-0.016201
1,0.741614,0.534247,266.194794
2,0.743963,0.546914,515.801331
3,0.749755,0.553631,765.384949
4,0.760195,0.558395,1014.902588
5,0.799930,0.558189,1264.482178
6,0.869162,0.533757,1514.069946
7,0.934618,0.522452,1763.596924
8,0.979840,0.520996,2013.152466
9,0.988139,0.519178,2262.778809
10,0.967997,0.518578,2512.321045
11,0.920851,0.471953,2761.855957
12,0.848028,0.438871,3011.427734
13,0.802353,0.403757,3260.951904
14,0.788737,0.381639,3510.533447
15,0.749997,0.409117,3760.070557
16,0.699552,0.429291,4009.697266
17,0.679533,0.420430,4259.264648
18,0.635245,0.471666,4508.886719
19,0.575743,0.514334,4758.365234
20,0.537660,0.532250,5007.926270
21,0.510449,0.550475,5257.498047
22,0.500524,0.565642,5507.024414
23,0.484826,0.582012,5756.625977
24,0.476299,0.583319,6006.142090
25,0.490758,0.573860,6255.825195
26,0.528676,0.536358,6505.268066
27,0.549684,0.485621,6754.909180
28,0.577624,0.471404,7004.448730
29,0.622265,0.464063,7253.979980
30,0.676894,0.445926,7503.545898
31,0.736846,0.429361,7753.172852
32,0.787925,0.403935,8002.713867
33,0.839423,0.386445,8252.219727
34,0.891112,0.375662,8501.853516
35,0.944971,0.359558,8751.370117
36,0.986063,0.359393,9000.920898
37,0.000509,0.358159,9250.578125
38,0.021804,0.370906,9500.065430
39,0.048917,0.390325,9766.306641
40,0.081615,0.394861,10015.817383
41,0.123555,0.395128,10265.390625
42,0.153982,0.429391,10514.969727
43,0.175454,0.469191,10764.495117
44,0.199464,0.508696,11014.076172
45,0.224890,0.532341,11263.710938
46,0.247774,0.576237,11513.279297
47,0.276126,0.608911,11762.784180
48,0.321229,0.630290,12012.336914
49,0.356552,0.636745,12261.967773
50,0.387837,0.619404,12511.458008
51,0.424568,0.594554,12761.016602
52,0.452256,0.580066,13010.579102
53,0.468235,0.573500,13260.200195
54,0.481979,0.563480,13509.805664
55,0.489546,0.554718,13759.301758
56,0.491307,0.525819,14008.891602
57,0.493541,0.503443,14258.423828
58,0.487013,0.498668,14507.963867
59,0.479948,0.488861,14757.570312
60,0.483903,0.492051,15007.126953
61,0.493925,0.502237,15256.686523
62,0.500174,0.510845,15506.208984
63,0.504590,0.509007,15755.837891
64,0.514676,0.496837,16005.408203
65,0.509534,0.475736,16254.959961
66,0.494467,0.476883,16504.505859
67,0.469085,0.492897,16754.099609
68,0.427211,0.511174,17003.607422
69,0.384311,0.518510,17253.169922
70,0.364412,0.520583,17502.740234
71,0.359846,0.535263,17752.291016
72,0.353743,0.556964,18001.849609
73,0.348468,0.556196,18251.492188
74,0.349964,0.551814,18501.029297
75,0.354283,0.552355,18750.626953
76,0.368298,0.553426,19000.111328
77,0.386210,0.549844,19266.300781
78,0.391817,0.524533,19515.943359
79,0.398881,0.518403,19765.533203
80,0.409944,0.515974,20015.044922
81,0.419631,0.512066,20264.597656
82,0.458618,0.503409,20514.187500
83,0.488282,0.503842,20763.781250
84,0.497682,0.491216,21013.269531
85,0.496225,0.467014,21262.818359
86,0.487321,0.441890,21512.480469
87,0.471991,0.405535,21761.998047
88,0.474221,0.411310,22011.537109
89,0.491099,0.480837,22261.101562
90,0.506875,0.545731,22510.650391
91,0.524509,0.578008,22760.203125
92,0.530700,0.603896,23009.832031
93,0.533270,0.642276,23259.416016
94,0.532673,0.717423,23508.957031
95,0.527954,0.760631,23758.484375
96,0.514292,0.793350,24008.111328
97,0.489630,0.824587,24257.628906
98,0.471819,0.852106,24507.152344
99,0.457489,0.865922,24756.740234
0,0.749845,0.519577,0.022541
1,0.749699,0.519683,266.294525
2,0.750133,0.519756,515.754150
3,0.755195,0.562071,765.377625
4,0.754090,0.613255,1014.949280
5,0.748891,0.630745,1264.482544
6,0.739217,0.642171,1514.059692
7,0.730536,0.642650,1763.616333
8,0.717818,0.637765,2013.242188
9,0.701657,0.632860,2262.705566
10,0.677739,0.629052,2512.293457
11,0.636133,0.632600,2761.924072
12,0.585454,0.634720,3011.461914
13,0.551273,0.631511,3260.958496
14,0.525890,0.631560,3510.562256
15,0.502907,0.625969,3760.140869
16,0.490708,0.628622,4009.656494
17,0.488511,0.623282,4259.264160
18,0.482745,0.622816,4508.888184
19,0.477734,0.641369,4758.395508
20,0.471756,0.641814,5007.997070
21,0.468327,0.633791,5257.554688
22,0.473587,0.626641,5507.090820
23,0.479425,0.599508,5756.604004
24,0.477798,0.561471,6006.261719
25,0.478207,0.546580,6255.777832
26,0.480901,0.506552,6505.403809
27,0.484214,0.431508,6754.883789
28,0.483996,0.374999,7004.488281
29,0.485131,0.340337,7254.033203
30,0.487096,0.290938,7503.584961
31,0.488094,0.269266,7753.132324
32,0.490116,0.258198,8002.676270
33,0.496039,0.257351,8252.293945
34,0.493011,0.328086,8501.813477
35,0.486433,0.432129,8751.387695
36,0.477487,0.504652,9000.946289
37,0.474472,0.542291,9250.535156
38,0.467643,0.568854,9500.087891
39,0.466928,0.578576,9766.262695
40,0.465570,0.582139,10015.832031
41,0.464039,0.583808,10265.415039
42,0.462103,0.586235,10514.988281
43,0.459597,0.589197,10764.524414
44,0.446333,0.589528,11014.117188
45,0.421226,0.589681,11263.665039
46,0.413284,0.594745,11513.228516
47,0.416606,0.601043,11762.782227
48,0.426472,0.609068,12012.359375
49,0.442058,0.619708,12261.915039
50,0.454242,0.621604,12511.495117
51,0.469180,0.622604,12761.041016
52,0.487537,0.632926,13010.617188
53,0.498606,0.638248,13260.164062
54,0.505317,0.638232,13509.722656
55,0.510000,0.637771,13759.342773
56,0.511499,0.636696,14008.849609
57,0.511185,0.636172,14258.422852
58,0.511399,0.636044,14507.987305
59,0.513002,0.634151,14757.545898
60,0.513326,0.632448,15007.125000
61,0.514064,0.630992,15256.680664
62,0.515181,0.629780,15506.243164
63,0.522102,0.623959,15755.797852
64,0.543504,0.606004,16005.374023
65,0.576697,0.575462,16254.921875
66,0.608227,0.539745,16504.507812
67,0.637968,0.499590,16754.054688
68,0.668433,0.459092,17003.638672
69,0.699064,0.426492,17253.193359
70,0.730333,0.413901,17502.757812
71,0.764326,0.402634,17752.320312
72,0.801912,0.378487,18001.900391
73,0.833640,0.333047,18251.455078
74,0.854122,0.289099,18501.013672
75,0.879139,0.264502,18750.570312
76,0.909142,0.255712,19000.148438
77,0.938173,0.257192,19266.324219
78,0.966695,0.254957,19515.886719
79,0.988312,0.259475,19765.470703
80,0.003512,0.263052,20015.054688
81,0.014583,0.263892,20264.603516
82,0.031339,0.253999,20514.201172
83,0.054548,0.243297,20763.767578
84,0.076167,0.231683,21013.283203
85,0.096981,0.220742,21262.849609
86,0.125905,0.211665,21512.492188
87,0.154293,0.211167,21761.986328
88,0.176778,0.212877,22011.568359
89,0.193651,0.214819,22261.142578
90,0.205872,0.221876,22510.695312
91,0.225612,0.245348,22760.255859
92,0.247366,0.326149,23009.785156
93,0.253032,0.429231,23259.396484
94,0.248155,0.488868,23508.941406
95,0.253299,0.520211,23758.498047
96,0.273468,0.533702,24008.060547
97,0.300847,0.558606,24257.687500
98,0.331962,0.616102,24507.214844
99,0.353450,0.661128,24756.761719
0,0.750923,0.272483,-0.009968
1,0.748225,0.254801,266.200134
2,0.743780,0.266929,515.817810
3,0.724196,0.318938,765.313782
4,0.687778,0.389238,1014.922363
5,0.645975,0.456831,1264.479248
6,0.603705,0.513222,1514.023926
7,0.563852,0.532351,1763.669189
8,0.534822,0.530340,2013.126099
9,0.531601,0.515231,2262.754150
10,0.534180,0.495206,2512.273193
11,0.538784,0.461691,2761.947754
12,0.544047,0.433279,3011.385254
13,0.552409,0.393091,3260.955322
14,0.563869,0.360565,3510.624512
15,0.575447,0.361853,3760.118652
16,0.597309,0.398260,4009.770020
17,0.631455,0.423630,4259.219238
18,0.704541,0.451789,4508.869141
19,0.793843,0.467838,4758.333984
20,0.844959,0.470784,5007.956055
21,0.880038,0.473863,5257.541016
22,0.917910,0.474215,5507.060059
23,0.956848,0.469571,5756.652832
24,0.996863,0.465792,6006.153809
25,0.037916,0.460605,6255.831543
26,0.079685,0.459957,6505.336426
27,0.120643,0.463198,6754.854004
28,0.160775,0.464220,7004.454102
29,0.198508,0.464218,7254.029297
30,0.226089,0.463738,7503.587402
31,0.230898,0.487562,7753.099609
32,0.228595,0.514964,8002.743652
33,0.230746,0.528273,8252.243164
34,0.229233,0.527884,8501.806641
35,0.229104,0.518738,8751.396484
36,0.224678,0.499909,9000.972656
37,0.213931,0.481364,9250.548828
38,0.204179,0.473618,9500.046875
39,0.194341,0.472553,9766.263672
40,0.186046,0.473787,10015.934570
41,0.183241,0.476412,10265.441406
42,0.178956,0.481432,10514.973633
43,0.165068,0.492001,10764.524414
44,0.134933,0.519333,11014.187500
45,0.096726,0.554724,11263.673828
46,0.058115,0.569703,11513.209961
47,0.015426,0.575402,11762.820312
48,0.978572,0.583640,12012.389648
49,0.930648,0.604745,12261.998047
50,0.872888,0.614595,12511.548828
51,0.820105,0.617588,12761.134766
52,0.767777,0.631604,13010.583008
53,0.714216,0.644749,13260.176758
54,0.661954,0.647947,13509.777344
55,0.607475,0.630736,13759.337891
56,0.563070,0.604271,14008.843750
57,0.552553,0.643655,14258.446289
58,0.569919,0.759652,14508.064453
59,0.583410,0.837001,14757.574219
60,0.614321,0.868486,15007.112305
61,0.657862,0.884072,15256.682617
62,0.676037,0.885420,15506.240234
63,0.679864,0.884181,15755.872070
64,0.682372,0.886951,16005.359375
65,0.691822,0.889556,16255.008789
66,0.692298,0.888524,16504.533203
67,0.690999,0.889413,16754.064453
68,0.680092,0.888329,17003.687500
69,0.681245,0.887454,17253.214844
70,0.676169,0.888511,17502.757812
71,0.673595,0.887402,17752.316406
72,0.672690,0.886445,18001.871094
73,0.672246,0.884892,18251.474609
74,0.672323,0.883751,18500.988281
75,0.671067,0.878954,18750.669922
76,0.655227,0.865918,19000.150391
77,0.619416,0.848144,19266.363281
78,0.581851,0.830081,19515.894531
79,0.537564,0.787012,19765.537109
80,0.513376,0.724190,20015.056641
81,0.492209,0.675027,20264.611328
82,0.471099,0.638777,20514.134766
83,0.452763,0.612724,20763.744141
84,0.440247,0.573328,21013.330078
85,0.441147,0.531208,21262.939453
86,0.447711,0.489004,21512.419922
87,0.458310,0.448465,21762.003906
88,0.461698,0.434149,22011.558594
89,0.463479,0.431548,22261.078125
90,0.466985,0.430827,22510.695312
91,0.474549,0.429333,22760.238281
92,0.482111,0.440271,23009.878906
93,0.493187,0.464728,23259.339844
94,0.499335,0.484346,23508.931641
95,0.497359,0.493509,23758.509766
96,0.490007,0.501230,24008.035156
97,0.484809,0.507363,24257.648438
98,0.483498,0.510037,24507.203125
99,0.486073,0.510945,24756.777344
0,0.749993,0.520981,-0.002616
1,0.750044,0.521958,266.208649
2,0.750210,0.528089,515.703430
3,0.737261,0.581370,765.266602
4,0.690957,0.639861,1014.893616
5,0.638047,0.677035,1264.482788
6,0.581031,0.668214,1514.086182
7,0.536148,0.638042,1763.531982
8,0.507090,0.610711,2013.135864
9,0.487663,0.579352,2262.680664
10,0.487881,0.540434,2512.260498
11,0.492381,0.499704,2761.830811
12,0.494260,0.463234,3011.435547
13,0.498282,0.428157,3260.976562
14,0.502626,0.392199,3510.533447
15,0.505922,0.359418,3760.156250
16,0.508966,0.333419,4009.621338
17,0.512300,0.308838,4259.211914
18,0.525115,0.266299,4508.798340
19,0.566785,0.212976,4758.310547
20,0.633881,0.185793,5007.902832
21,0.672180,0.187197,5257.448730
22,0.699410,0.209565,5507.019043
23,0.730932,0.245755,5756.593262
24,0.748601,0.264706,6006.174805
25,0.767492,0.275356,6255.794434
26,0.797279,0.291476,6505.290039
27,0.865826,0.377409,6754.847656
28,0.908671,0.447302,7004.357422
29,0.939418,0.487736,7253.948242
30,0.943036,0.544287,7503.548828
31,0.914421,0.669293,7753.135742
32,0.878819,0.756463,8002.669922
33,0.849965,0.804113,8252.226562
34,0.835761,0.835560,8501.791992
35,0.811223,0.860023,8751.334961
36,0.784440,0.874995,9000.980469
37,0.767956,0.883852,9250.579102
38,0.766679,0.901469,9516.725586
39,0.759301,0.909032,9766.207031
40,0.753260,0.907840,10015.799805
41,0.736945,0.906905,10265.413086
42,0.715266,0.907810,10515.038086
43,0.693181,0.909077,10764.489258
44,0.664245,0.908849,11014.104492
45,0.632310,0.905400,11263.694336
46,0.612930,0.903984,11513.160156
47,0.608668,0.904868,11762.761719
48,0.611496,0.904533,12012.284180
49,0.618436,0.904777,12261.888672
50,0.625744,0.904766,12511.405273
51,0.632952,0.904891,12761.057617
52,0.634698,0.903789,13010.596680
53,0.637638,0.900808,13260.186523
54,0.634928,0.896900,13509.708008
55,0.629540,0.895541,13759.238281
56,0.622705,0.893635,14008.855469
57,0.580779,0.878235,14258.350586
58,0.537079,0.850516,14508.023438
59,0.512388,0.840696,14757.540039
60,0.509211,0.856300,15007.112305
61,0.517450,0.869614,15256.673828
62,0.543994,0.887019,15506.254883
63,0.654590,0.901003,15755.787109
64,0.720214,0.893426,16005.295898
65,0.730192,0.888009,16254.979492
66,0.697805,0.886927,16504.425781
67,0.676375,0.885246,16754.089844
68,0.673400,0.882165,17003.552734
69,0.678998,0.849787,17253.222656
70,0.689279,0.736964,17502.742188
71,0.698441,0.619710,17752.265625
72,0.727702,0.524616,18001.875000
73,0.754136,0.500568,18251.425781
74,0.796794,0.476617,18501.000000
75,0.830170,0.445884,18750.500000
76,0.873235,0.435696,19000.203125
77,0.939935,0.455619,19266.408203
78,0.005635,0.483827,19515.882812
79,0.031634,0.494895,19765.429688
80,0.077560,0.499596,20015.019531
81,0.135066,0.515784,20264.572266
82,0.165182,0.518657,20514.113281
83,0.174981,0.507388,20763.662109
84,0.157802,0.458502,21013.222656
85,0.128916,0.396341,21262.822266
86,0.100435,0.281633,21512.396484
87,0.063302,0.188325,21761.939453
88,0.998378,0.146690,22011.480469
89,0.895114,0.145261,22261.078125
90,0.738914,0.180806,22510.621094
91,0.588837,0.336410,22760.214844
92,0.481450,0.521066,23009.738281
93,0.411997,0.572509,23259.316406
94,0.365997,0.574284,23508.867188
95,0.394271,0.582219,23758.441406
96,0.415289,0.570909,24008.019531
97,0.416243,0.563480,24257.570312
98,0.352285,0.538329,24507.115234
99,0.322489,0.514816,24756.697266
0,0.751797,0.637927,0.041398
1,0.757193,0.643350,266.235962
2,0.754052,0.657728,515.903503
3,0.755707,0.666232,765.398254
4,0.764202,0.670086,1014.970764
5,0.778407,0.681761,1264.544800
6,0.797606,0.709810,1514.076538
7,0.796120,0.732759,1763.737305
8,0.785897,0.759783,2013.217041
9,0.781925,0.766306,2262.829590
10,0.776617,0.765840,2512.303467
11,0.769826,0.759176,2761.950195
12,0.771777,0.762305,3011.479248
13,0.764948,0.774431,3261.031006
14,0.771995,0.813140,3510.603516
15,0.776134,0.875036,3760.167236
16,0.788428,0.913686,4009.733154
17,0.789953,0.940999,4259.278320
18,0.813008,0.965174,4508.871094
19,0.821146,0.967339,4758.401367
20,0.812104,0.966269,5007.959961
21,0.803414,0.964876,5257.514648
22,0.797148,0.962756,5507.113281
23,0.792859,0.960933,5756.654297
24,0.795085,0.958257,6006.216309
25,0.796418,0.956837,6255.810547
26,0.795806,0.955777,6505.347168
27,0.796342,0.955086,6754.918945
28,0.795356,0.955249,7004.465820
29,0.787881,0.955261,7254.045898
30,0.773869,0.959662,7503.609375
31,0.732088,0.964810,7753.187500
32,0.685888,0.936225,8002.762695
33,0.622468,0.867643,8252.312500
34,0.582576,0.793159,8501.879883
35,0.533246,0.697822,8751.417969
36,0.508766,0.641908,9000.999023
37,0.502827,0.613659,9250.558594
38,0.478606,0.581013,9500.106445
39,0.474791,0.569510,9766.323242
40,0.489594,0.552161,10015.892578
41,0.494911,0.536199,10265.457031
42,0.505269,0.509504,10515.000977
43,0.522246,0.464573,10764.578125
44,0.540099,0.418252,11014.143555
45,0.561739,0.397921,11263.702148
46,0.587312,0.378406,11513.272461
47,0.661214,0.361528,11762.837891
48,0.790520,0.362664,12012.430664
49,0.912718,0.410833,12261.954102
50,0.983824,0.477751,12511.527344
51,0.002597,0.537407,12761.103516
52,0.040917,0.565439,13010.643555
53,0.097697,0.567912,13260.213867
54,0.102601,0.563786,13509.767578
55,0.073861,0.554838,13759.349609
56,0.983462,0.564258,14008.908203
57,0.857702,0.596503,14258.565430
58,0.777020,0.611446,14508.057617
59,0.710450,0.609170,14757.638672
60,0.626408,0.604346,15007.173828
61,0.511067,0.605833,15256.712891
62,0.421244,0.605692,15506.278320
63,0.355104,0.608526,15755.855469
64,0.288195,0.588292,16005.422852
65,0.244468,0.567281,16254.971680
66,0.233241,0.567989,16504.554688
67,0.253325,0.571155,16754.119141
68,0.307744,0.560263,17003.693359
69,0.373825,0.526493,17253.248047
70,0.433997,0.475916,17502.814453
71,0.475079,0.421629,17752.376953
72,0.491240,0.383707,18001.921875
73,0.498895,0.398673,18251.511719
74,0.499837,0.469410,18501.042969
75,0.499941,0.538942,18750.646484
76,0.496470,0.593899,19000.224609
77,0.485456,0.609734,19266.396484
78,0.477050,0.601571,19515.958984
79,0.478595,0.592728,19765.500000
80,0.474936,0.595277,20015.056641
81,0.469119,0.598962,20264.638672
82,0.475085,0.602863,20514.203125
83,0.468703,0.610057,20763.767578
84,0.463522,0.613258,21013.349609
85,0.467576,0.610847,21262.904297
86,0.485827,0.602360,21512.460938
87,0.506775,0.596714,21762.015625
88,0.499088,0.601936,22011.607422
89,0.499723,0.601850,22261.154297
90,0.507856,0.598722,22510.738281
91,0.508192,0.598644,22760.312500
92,0.507970,0.599523,23009.841797
93,0.506608,0.599678,23259.447266
94,0.505592,0.600033,23509.054688
95,0.505260,0.600754,23758.523438
96,0.505034,0.601114,24008.107422
97,0.504810,0.602298,24257.683594
98,0.504625,0.602468,24507.220703
99,0.504847,0.602448,24756.789062
0,0.742495,0.510863,0.039990
1,0.738691,0.508621,266.211670
2,0.734715,0.506506,515.792969
3,0.740189,0.501990,765.427368
4,0.747927,0.502814,1014.956726
5,0.730249,0.507582,1264.511353
6,0.666065,0.525099,1514.088867
7,0.589493,0.537599,1763.640869
8,0.537072,0.528266,2013.161133
9,0.518082,0.519139,2262.805420
10,0.518107,0.520351,2512.313965
11,0.517577,0.519837,2761.957520
12,0.519913,0.517370,3011.486328
13,0.522503,0.511455,3261.046875
14,0.525874,0.503808,3510.592529
15,0.530614,0.503498,3760.137695
16,0.532560,0.508192,4009.774414
17,0.532262,0.511447,4259.261719
18,0.532601,0.511912,4508.853516
19,0.542650,0.513072,4758.357910
20,0.581342,0.514356,5008.045410
21,0.590908,0.512161,5257.529297
22,0.591452,0.510898,5507.114746
23,0.604622,0.515957,5756.745605
24,0.605585,0.517444,6006.272949
25,0.598878,0.517172,6255.758301
26,0.591322,0.516480,6505.330566
27,0.586658,0.516120,6754.932129
28,0.572825,0.520215,7004.432617
29,0.566836,0.521613,7254.033691
30,0.576285,0.517617,7503.576660
31,0.582864,0.517460,7753.163086
32,0.605535,0.508134,8002.801758
33,0.662075,0.489658,8252.268555
34,0.695998,0.484662,8501.899414
35,0.722821,0.490948,8751.419922
36,0.784475,0.493107,9000.960938
37,0.854142,0.500032,9250.537109
38,0.901865,0.494428,9500.216797
39,0.952282,0.498504,9766.339844
40,0.977475,0.519435,10015.963867
41,0.983758,0.517633,10265.413086
42,0.981696,0.495487,10515.107422
43,0.978168,0.492771,10764.545898
44,0.979730,0.495699,11014.129883
45,0.981575,0.500093,11263.679688
46,0.981008,0.524333,11513.273438
47,0.980632,0.533316,11762.813477
48,0.979680,0.533987,12012.354492
49,0.977405,0.534238,12261.970703
50,0.975609,0.534938,12511.509766
51,0.972124,0.535044,12761.070312
52,0.968918,0.535912,13010.613281
53,0.965447,0.536388,13260.218750
54,0.959020,0.536426,13509.827148
55,0.951376,0.536753,13759.330078
56,0.942374,0.536960,14008.925781
57,0.935056,0.537227,14258.468750
58,0.927679,0.537070,14508.018555
59,0.916628,0.535975,14757.663086
60,0.905428,0.536040,15007.232422
61,0.894082,0.535616,15256.718750
62,0.883805,0.535483,15506.249023
63,0.875932,0.535127,15755.834961
64,0.867076,0.533058,16005.420898
65,0.856661,0.532287,16254.953125
66,0.845566,0.531451,16504.546875
67,0.829074,0.530193,16754.115234
68,0.786425,0.525828,17003.664062
69,0.734803,0.538645,17253.300781
70,0.690092,0.558886,17502.794922
71,0.634620,0.569139,17752.386719
72,0.584218,0.560231,18001.947266
73,0.563092,0.543978,18251.480469
74,0.547769,0.530025,18501.039062
75,0.544860,0.526026,18750.634766
76,0.537100,0.515585,19000.140625
77,0.530261,0.478403,19266.375000
78,0.532435,0.455629,19515.914062
79,0.534537,0.461861,19765.519531
80,0.533320,0.474694,20015.083984
81,0.534052,0.484361,20264.617188
82,0.531915,0.501630,20514.175781
83,0.523977,0.518881,20763.765625
84,0.520482,0.525077,21013.306641
85,0.519504,0.528412,21262.900391
86,0.518502,0.532378,21512.460938
87,0.518215,0.534552,21762.078125
88,0.517719,0.535869,22011.566406
89,0.516615,0.538535,22261.191406
90,0.515840,0.540593,22510.742188
91,0.516353,0.540585,22760.248047
92,0.515076,0.541637,23009.876953
93,0.511856,0.543338,23259.451172
94,0.512822,0.543653,23508.964844
95,0.514902,0.542317,23758.494141
96,0.515969,0.542558,24008.138672
97,0.515661,0.543425,24257.628906
98,0.515237,0.544262,24507.187500
99,0.518826,0.543365,24756.804688
0,0.749904,0.526860,-0.056382
1,0.749436,0.513629,266.149017
2,0.748781,0.515782,515.715698
3,0.749189,0.526402,765.291687
4,0.761284,0.515926,1014.860657
5,0.775492,0.508896,1264.409424
6,0.794916,0.494128,1513.999268
7,0.801752,0.489188,1763.637085
8,0.800983,0.494600,2013.069214
9,0.785566,0.518848,2262.695312
10,0.764107,0.533278,2512.204102
11,0.750401,0.537991,2761.784424
12,0.734250,0.538554,3011.368652
13,0.722163,0.536393,3260.995605
14,0.716960,0.530573,3510.510742
15,0.710688,0.522503,3760.028320
16,0.703008,0.515812,4009.634277
17,0.694765,0.511529,4259.148438
18,0.685373,0.511410,4508.743652
19,0.678425,0.514822,4758.301270
20,0.671590,0.517587,5007.898926
21,0.659524,0.520672,5257.440430
22,0.642384,0.524331,5506.991211
23,0.630966,0.528895,5756.553223
24,0.621078,0.531377,6006.126465
25,0.614286,0.530122,6255.674805
26,0.603463,0.527867,6505.225098
27,0.591091,0.526972,6754.797363
28,0.581850,0.527442,7004.348145
29,0.578559,0.525225,7253.919922
30,0.572759,0.526436,7503.500488
31,0.565059,0.525734,7753.085938
32,0.560249,0.526819,8002.602051
33,0.559839,0.527114,8252.198242
34,0.557678,0.526462,8501.774414
35,0.552562,0.527015,8751.304688
36,0.548009,0.527085,9000.880859
37,0.543158,0.527217,9250.416992
38,0.540086,0.525910,9500.002930
39,0.539301,0.526017,9766.208984
40,0.539345,0.524687,10015.775391
41,0.538357,0.521944,10265.319336
42,0.534990,0.518602,10514.913086
43,0.529194,0.516511,10764.443359
44,0.524966,0.516618,11014.003906
45,0.523058,0.515505,11263.592773
46,0.521575,0.512220,11513.176758
47,0.520118,0.508839,11762.737305
48,0.519304,0.504967,12012.293945
49,0.516945,0.504676,12261.833984
50,0.512271,0.506577,12511.431641
51,0.507262,0.507424,12760.968750
52,0.506113,0.505181,13010.538086
53,0.505639,0.491151,13260.109375
54,0.506545,0.472388,13509.640625
55,0.508103,0.463125,13759.250977
56,0.507918,0.465790,14008.811523
57,0.508778,0.467386,14258.343750
58,0.507535,0.465519,14507.915039
59,0.504945,0.465459,14757.479492
60,0.504234,0.468541,15007.055664
61,0.502294,0.471551,15256.613281
62,0.499207,0.477316,15506.190430
63,0.494117,0.483530,15755.728516
64,0.490389,0.488273,16005.325195
65,0.488510,0.495634,16254.865234
66,0.487478,0.502936,16504.417969
67,0.479713,0.513028,16754.005859
68,0.468824,0.525186,17003.552734
69,0.462266,0.534129,17253.148438
70,0.460234,0.537349,17502.677734
71,0.458527,0.536028,17752.257812
72,0.457838,0.532676,18001.800781
73,0.457605,0.527828,18251.378906
74,0.458165,0.524965,18500.933594
75,0.457992,0.523672,18750.517578
76,0.455251,0.520314,19000.089844
77,0.453853,0.515231,19266.269531
78,0.451257,0.506612,19515.832031
79,0.444417,0.489012,19765.423828
80,0.442159,0.476054,20014.962891
81,0.442133,0.474714,20264.533203
82,0.440719,0.478287,20514.082031
83,0.438922,0.481874,20763.664062
84,0.437605,0.484012,21013.232422
85,0.437376,0.485662,21262.808594
86,0.437162,0.489480,21512.386719
87,0.435557,0.498345,21761.900391
88,0.434467,0.507267,22011.474609
89,0.434475,0.512929,22261.023438
90,0.434768,0.514294,22510.642578
91,0.435392,0.513937,22760.146484
92,0.436522,0.513714,23009.753906
93,0.438558,0.512671,23259.314453
94,0.447039,0.510446,23508.882812
95,0.457047,0.508883,23758.427734
96,0.465730,0.508575,24007.982422
97,0.471451,0.508612,24257.576172
98,0.472941,0.508563,24507.109375
99,0.474268,0.507690,24756.685547
0,0.746146,0.549800,-0.026524
1,0.744858,0.548777,266.239014
2,0.739158,0.541540,515.741394
3,0.717622,0.550381,765.319214
4,0.661020,0.573835,1014.833618
5,0.616553,0.578944,1264.396729
6,0.576950,0.571697,1514.084229
7,0.544240,0.558946,1763.561768
8,0.516663,0.553043,2013.162354
9,0.511799,0.548572,2262.644775
10,0.503190,0.546170,2512.295898
11,0.496212,0.543886,2761.767090
12,0.497256,0.542841,3011.368164
13,0.494135,0.499126,3260.945068
14,0.492576,0.437379,3510.556396
15,0.489299,0.405932,3760.154297
16,0.485812,0.366712,4009.593994
17,0.479723,0.339218,4259.223145
18,0.478465,0.313934,4508.718262
19,0.481158,0.294858,4758.287598
20,0.479795,0.282045,5007.875977
21,0.488234,0.262173,5257.456055
22,0.498845,0.229168,5507.027832
23,0.499295,0.207481,5756.529297
24,0.498486,0.187979,6006.182129
25,0.494484,0.173879,6255.680176
26,0.488216,0.155034,6505.249023
27,0.495856,0.166663,6754.814453
28,0.507317,0.249603,7004.408691
29,0.506064,0.342478,7253.924316
30,0.499206,0.421125,7503.492188
31,0.495546,0.451025,7753.145996
32,0.494444,0.467289,8002.640137
33,0.495578,0.477069,8252.236328
34,0.494924,0.481264,8501.817383
35,0.493007,0.486906,8751.394531
36,0.494016,0.494354,9000.866211
37,0.495902,0.503517,9250.464844
38,0.498740,0.511464,9500.045898
39,0.502562,0.546169,9766.308594
40,0.508857,0.611849,10015.794922
41,0.515815,0.683938,10265.319336
42,0.524015,0.745437,10514.941406
43,0.535191,0.783409,10764.501953
44,0.538553,0.818741,11014.043945
45,0.551903,0.860691,11263.635742
46,0.560585,0.884391,11513.189453
47,0.574004,0.897058,11762.755859
48,0.572943,0.898569,12012.301758
49,0.569510,0.898719,12261.883789
50,0.560410,0.902330,12511.445312
51,0.554824,0.904299,12761.022461
52,0.557125,0.905899,13010.515625
53,0.564166,0.906873,13260.098633
54,0.567640,0.906529,13509.696289
55,0.577983,0.905405,13759.219727
56,0.635125,0.901463,14008.827148
57,0.666548,0.900215,14258.363281
58,0.666610,0.904897,14507.965820
59,0.668337,0.902514,14757.500977
60,0.666347,0.904223,15007.078125
61,0.674911,0.907427,15256.630859
62,0.716317,0.905998,15506.157227
63,0.760808,0.884753,15755.756836
64,0.809533,0.804091,16005.299805
65,0.825221,0.705093,16254.908203
66,0.817533,0.606323,16504.445312
67,0.827865,0.528361,16754.029297
68,0.843489,0.490899,17003.544922
69,0.874172,0.436341,17253.164062
70,0.868771,0.373225,17502.712891
71,0.866988,0.346806,17752.253906
72,0.913494,0.336723,18001.851562
73,0.964562,0.343898,18251.376953
74,0.002332,0.349928,18500.974609
75,0.050574,0.378386,18750.529297
76,0.100220,0.434884,19000.105469
77,0.105953,0.449491,19266.335938
78,0.095313,0.445032,19515.886719
79,0.078817,0.451821,19765.388672
80,0.062434,0.453605,20014.986328
81,0.019200,0.451776,20264.539062
82,0.954921,0.447921,20514.208984
83,0.878853,0.439644,20763.666016
84,0.810956,0.446992,21013.337891
85,0.751469,0.449254,21262.822266
86,0.699491,0.450408,21512.417969
87,0.659553,0.450640,21761.943359
88,0.619400,0.451742,22011.462891
89,0.581412,0.450360,22261.117188
90,0.548929,0.452240,22510.611328
91,0.512902,0.451784,22760.173828
92,0.477995,0.449992,23009.718750
93,0.435411,0.450252,23259.347656
94,0.393486,0.446640,23508.894531
95,0.345306,0.446599,23758.421875
96,0.290788,0.459177,24008.083984
97,0.260884,0.500712,24257.593750
98,0.268071,0.563696,24507.160156
99,0.289826,0.642349,24756.666016
0,0.749318,0.762137,-0.000730
1,0.748231,0.759878,266.223755
2,0.748850,0.765505,515.872498
3,0.753117,0.784653,765.340881
4,0.746968,0.827618,1014.993469
5,0.737167,0.882686,1264.521729
6,0.728583,0.937160,1514.056885
7,0.725506,0.957474,1763.680176
8,0.733967,0.965555,2013.196411
9,0.772669,0.964440,2262.827881
10,0.840952,0.949375,2512.297119
11,0.896763,0.875682,2761.863037
12,0.921794,0.780852,3011.486328
13,0.913393,0.711328,3260.995361
14,0.898215,0.596458,3510.572754
15,0.899124,0.497797,3760.167725
16,0.900495,0.454033,4009.727051
17,0.903920,0.418515,4259.340332
18,0.905756,0.375686,4508.864746
19,0.865012,0.309484,4758.434570
20,0.830934,0.264246,5007.936523
21,0.858729,0.208654,5257.530273
22,0.947625,0.189564,5507.169434
23,0.007834,0.274265,5756.612793
24,0.024002,0.424864,6006.221191
25,0.045040,0.518308,6255.810547
26,0.064570,0.536937,6505.402344
27,0.091541,0.538156,6754.870605
28,0.116016,0.538979,7004.472656
29,0.136897,0.540079,7254.033691
30,0.154733,0.544582,7503.625488
31,0.172674,0.549962,7753.160645
32,0.191591,0.553435,8002.772461
33,0.210654,0.554568,8252.274414
34,0.227093,0.557357,8501.831055
35,0.229509,0.580423,8751.500977
36,0.222683,0.640925,9001.000000
37,0.220078,0.697389,9250.536133
38,0.209530,0.752888,9500.108398
39,0.203374,0.788066,9766.374023
40,0.211707,0.794290,10015.905273
41,0.223157,0.797558,10265.445312
42,0.240454,0.814984,10514.961914
43,0.254588,0.845055,10764.634766
44,0.267494,0.859384,11014.130859
45,0.273273,0.888062,11263.728516
46,0.275787,0.896175,11513.279297
47,0.286882,0.879353,11762.857422
48,0.290729,0.836949,12012.405273
49,0.295851,0.791521,12261.929688
50,0.295268,0.765241,12511.542969
51,0.288442,0.736242,12761.149414
52,0.298395,0.690054,13010.611328
53,0.356753,0.629218,13260.230469
54,0.393151,0.602975,13509.786133
55,0.425290,0.599453,13759.362305
56,0.454728,0.594831,14008.877930
57,0.477249,0.581464,14258.460938
58,0.495043,0.568790,14507.996094
59,0.510848,0.550812,14757.678711
60,0.512682,0.510886,15007.149414
61,0.508651,0.469898,15256.712891
62,0.507922,0.459411,15506.293945
63,0.514157,0.456971,15755.829102
64,0.527635,0.472749,16005.496094
65,0.531443,0.517342,16254.949219
66,0.523953,0.592785,16504.611328
67,0.518181,0.632371,16754.066406
68,0.515032,0.634437,17003.738281
69,0.512042,0.641518,17253.208984
70,0.508905,0.650946,17502.798828
71,0.508119,0.654379,17752.402344
72,0.508443,0.655070,18001.949219
73,0.507226,0.655464,18251.517578
74,0.504351,0.659964,18501.021484
75,0.503716,0.672722,18750.667969
76,0.508492,0.675697,19000.148438
77,0.508283,0.673427,19266.365234
78,0.507108,0.650093,19515.931641
79,0.502779,0.630557,19765.511719
80,0.500118,0.617649,20015.062500
81,0.513506,0.609956,20264.662109
82,0.547582,0.597502,20514.173828
83,0.578759,0.573134,20763.783203
84,0.604223,0.547997,21013.310547
85,0.623453,0.528244,21262.888672
86,0.642602,0.514882,21512.458984
87,0.661150,0.508678,21762.023438
88,0.677355,0.502449,22011.662109
89,0.693677,0.499257,22261.179688
90,0.710739,0.495648,22510.701172
91,0.725120,0.492169,22760.236328
92,0.739484,0.488903,23009.861328
93,0.754152,0.487753,23259.365234
94,0.768115,0.487839,23508.978516
95,0.781386,0.488583,23758.560547
96,0.794442,0.487981,24008.080078
97,0.808207,0.484896,24257.648438
98,0.829079,0.468540,24507.212891
99,0.852104,0.442333,24756.808594
0,0.750052,0.776755,0.059653
1,0.750217,0.777675,266.335449
2,0.750070,0.778247,515.851624
3,0.750110,0.778713,765.421814
4,0.747483,0.786892,1014.959717
5,0.743501,0.814736,1264.507324
6,0.745098,0.813383,1514.130859
7,0.743794,0.806510,1763.660156
8,0.742446,0.808326,2013.202515
9,0.731108,0.796720,2262.778320
10,0.719446,0.745275,2512.415283
11,0.719076,0.676019,2761.958496
12,0.726644,0.624884,3011.475342
13,0.732784,0.583936,3261.149658
14,0.735841,0.556256,3510.621338
15,0.721596,0.539172,3760.170654
16,0.670183,0.521825,4009.773438
17,0.601511,0.516744,4259.266602
18,0.555515,0.526118,4508.903809
19,0.536203,0.543835,4758.402344
20,0.535024,0.549595,5008.030273
21,0.537542,0.549460,5257.581543
22,0.539758,0.546498,5507.092773
23,0.543379,0.539221,5756.746582
24,0.546944,0.519129,6006.248047
25,0.558821,0.465182,6255.875977
26,0.581819,0.409127,6505.363770
27,0.607817,0.356076,6755.004395
28,0.624737,0.327902,7004.526367
29,0.638481,0.302284,7254.041992
30,0.660011,0.287671,7503.645996
31,0.688111,0.277088,7753.181641
32,0.706582,0.271895,8002.823242
33,0.721495,0.265955,8252.317383
34,0.736620,0.257787,8501.959961
35,0.783372,0.239505,8751.440430
36,0.817269,0.229081,9000.990234
37,0.836825,0.232577,9250.556641
38,0.856821,0.247723,9500.136719
39,0.874498,0.264440,9766.327148
40,0.893362,0.275074,10015.952148
41,0.906545,0.283022,10265.442383
42,0.919659,0.291109,10515.109375
43,0.934976,0.299847,10764.582031
44,0.953748,0.315481,11014.132812
45,0.974632,0.334495,11263.708984
46,0.991633,0.364888,11513.385742
47,0.998642,0.431175,11762.875977
48,0.994551,0.576244,12012.408203
49,0.987198,0.716299,12262.051758
50,0.986133,0.739225,12511.560547
51,0.983707,0.742249,12761.111328
52,0.946414,0.767900,13010.647461
53,0.881136,0.786717,13260.286133
54,0.851268,0.795793,13509.832031
55,0.825391,0.813245,13759.363281
56,0.821496,0.825615,14008.944336
57,0.829047,0.823634,14258.508789
58,0.833887,0.824174,14508.070312
59,0.835875,0.826507,14757.628906
60,0.842736,0.824503,15007.208008
61,0.848535,0.823165,15256.730469
62,0.851004,0.823943,15506.301758
63,0.851559,0.824205,15755.856445
64,0.851653,0.824359,16005.414062
65,0.851534,0.824899,16255.004883
66,0.851453,0.825792,16504.566406
67,0.851799,0.825349,16754.154297
68,0.851746,0.825961,17003.697266
69,0.852591,0.825520,17253.246094
70,0.867265,0.824246,17502.804688
71,0.917772,0.811260,17752.378906
72,0.948860,0.797884,18001.933594
73,0.972906,0.786247,18251.500000
74,0.987430,0.774627,18501.064453
75,0.010443,0.728623,18750.640625
76,0.025925,0.662356,19000.208984
77,0.053979,0.571931,19266.402344
78,0.085779,0.486981,19515.951172
79,0.118977,0.447209,19765.531250
80,0.128792,0.438508,20015.113281
81,0.131393,0.442659,20264.642578
82,0.152711,0.452853,20514.234375
83,0.185717,0.462826,20763.816406
84,0.218144,0.464555,21013.332031
85,0.244027,0.467018,21262.916016
86,0.256335,0.461782,21512.466797
87,0.256828,0.461673,21762.037109
88,0.246548,0.464006,22011.607422
89,0.230232,0.468902,22261.162109
90,0.156231,0.444942,22510.728516
91,0.035953,0.428843,22760.298828
92,0.916450,0.427481,23009.843750
93,0.786370,0.427885,23259.433594
94,0.728724,0.453940,23508.992188
95,0.698960,0.471020,23758.564453
96,0.657713,0.481733,24008.105469
97,0.598190,0.492929,24257.718750
98,0.535776,0.482727,24507.238281
99,0.496754,0.481895,24756.792969
0,0.757070,0.492845,-0.002771
1,0.758484,0.501361,266.248932
2,0.767421,0.503829,515.857666
3,0.834145,0.504516,765.362915
4,0.898267,0.493894,1015.033264
5,0.914084,0.486465,1264.483521
6,0.910786,0.476420,1514.114624
7,0.893371,0.424558,1763.627441
8,0.870477,0.359506,2013.232178
9,0.859218,0.336024,2262.702148
10,0.850137,0.330658,2512.316162
11,0.810600,0.300682,2761.948242
12,0.768713,0.263864,3011.439697
13,0.690273,0.259636,3261.089844
14,0.600847,0.294584,3510.576660
15,0.567652,0.362739,3760.165771
16,0.537732,0.446670,4009.716064
17,0.523095,0.502469,4259.317871
18,0.517955,0.525221,4508.797363
19,0.526576,0.544836,4758.407715
20,0.529632,0.554552,5007.927246
21,0.525312,0.566922,5257.513672
22,0.498818,0.576986,5507.145020
23,0.477179,0.591222,5789.911133
24,0.469645,0.595673,6039.504395
25,0.465965,0.592280,6289.060059
26,0.463424,0.583775,6538.618164
27,0.462922,0.576988,6771.503906
28,0.454667,0.560809,7021.166016
29,0.422619,0.514339,7270.632324
30,0.407576,0.492434,7520.270020
31,0.384222,0.501529,7769.749023
32,0.351891,0.550096,8002.711914
33,0.331689,0.617330,8252.234375
34,0.333262,0.668270,8501.831055
35,0.360973,0.724851,8751.512695
36,0.479793,0.822823,9034.236328
37,0.580707,0.874116,9267.248047
38,0.601507,0.901785,9500.097656
39,0.607882,0.917689,9766.343750
40,0.611565,0.931155,10015.837891
41,0.623434,0.938952,10265.456055
42,0.651401,0.945744,10514.938477
43,0.713017,0.945727,10764.551758
44,0.714817,0.945234,11014.177734
45,0.712865,0.944345,11263.656250
46,0.697722,0.943225,11513.301758
47,0.683838,0.939239,11762.767578
48,0.681245,0.938507,12078.938477
49,0.677525,0.936788,12328.555664
50,0.677957,0.937036,12561.437500
51,0.695244,0.933484,12811.041016
52,0.734455,0.922789,13060.576172
53,0.746581,0.919111,13293.503906
54,0.749712,0.920001,13543.031250
55,0.744190,0.921866,13792.541992
56,0.736656,0.920415,14025.537109
57,0.703219,0.888953,14275.155273
58,0.638063,0.686945,14507.972656
59,0.578292,0.432584,14774.254883
60,0.541215,0.293089,15007.129883
61,0.538953,0.224238,15256.713867
62,0.542642,0.196956,15506.257812
63,0.550095,0.192203,15789.099609
64,0.549342,0.229380,16038.726562
65,0.548409,0.341209,16288.225586
66,0.537760,0.459317,16521.257812
67,0.525078,0.483766,16770.742188
68,0.516395,0.476634,17020.310547
69,0.520162,0.467196,17269.851562
70,0.551421,0.468574,17519.453125
71,0.631405,0.513048,17752.349609
72,0.671598,0.563434,18018.453125
73,0.692255,0.585092,18268.031250
74,0.733778,0.613517,18501.027344
75,0.775252,0.636446,18750.544922
76,0.779502,0.642533,19000.154297
77,0.784710,0.647400,19283.015625
78,0.818071,0.652999,19515.910156
79,0.856374,0.655918,19782.126953
80,0.856510,0.659233,20014.998047
81,0.854866,0.659000,20264.611328
82,0.858625,0.657099,20514.115234
83,0.888919,0.642682,20763.796875
84,0.922402,0.620715,21013.228516
85,0.959673,0.578578,21262.892578
86,0.987137,0.531800,21512.425781
87,0.010849,0.506369,21761.972656
88,0.042534,0.506164,22011.472656
89,0.087894,0.512969,22261.107422
90,0.112742,0.513194,22510.617188
91,0.124001,0.507987,22760.197266
92,0.127327,0.513014,23009.841797
93,0.122360,0.515610,23259.330078
94,0.113113,0.516350,23508.972656
95,0.096764,0.512877,23758.447266
96,0.071271,0.508141,24008.076172
97,0.028329,0.515477,24257.550781
98,0.947188,0.510617,24507.181641
99,0.904908,0.500997,24756.701172
0,0.750221,0.462013,0.024413
1,0.753085,0.471836,266.281128
2,0.755601,0.491045,515.868286
3,0.750100,0.540737,765.388000
4,0.739585,0.597727,1014.892212
5,0.734573,0.614203,1264.529541
6,0.724461,0.612568,1514.062378
7,0.701451,0.607370,1763.614746
8,0.685187,0.608379,2013.159058
9,0.680481,0.614888,2262.754395
10,0.635209,0.591772,2512.316650
11,0.579560,0.548943,2761.826904
12,0.557985,0.539470,3011.427002
13,0.541490,0.544544,3260.997803
14,0.529113,0.538145,3510.595947
15,0.518892,0.545321,3760.127197
16,0.510542,0.548815,4009.741211
17,0.506676,0.552213,4259.251465
18,0.504789,0.553097,4508.781738
19,0.507643,0.552674,4758.460938
20,0.512044,0.552232,5007.974121
21,0.510927,0.551065,5257.581543
22,0.495932,0.525402,5507.086914
23,0.501904,0.484534,5756.651367
24,0.504928,0.407212,6006.220703
25,0.512408,0.332826,6255.732910
26,0.516653,0.264977,6505.321777
27,0.535669,0.227307,6754.920410
28,0.576559,0.211252,7004.530762
29,0.646677,0.228443,7253.972656
30,0.714235,0.290641,7503.659668
31,0.772251,0.367348,7753.141113
32,0.811889,0.407859,8002.699219
33,0.814124,0.479361,8252.278320
34,0.804680,0.601027,8501.811523
35,0.806109,0.700348,8751.448242
36,0.813679,0.727764,9000.924805
37,0.837238,0.684465,9250.601562
38,0.889148,0.608539,9500.070312
39,0.908452,0.691070,9766.292969
40,0.893374,0.827352,10015.829102
41,0.875681,0.884451,10265.455078
42,0.884194,0.896752,10515.015625
43,0.883672,0.894407,10764.565430
44,0.887819,0.890505,11014.087891
45,0.884575,0.902027,11263.727539
46,0.888746,0.895632,11513.206055
47,0.889897,0.900319,11762.782227
48,0.885421,0.903396,12012.408203
49,0.896266,0.895821,12261.956055
50,0.903475,0.895291,12511.492188
51,0.929919,0.892562,12761.023438
52,0.951682,0.882788,13010.614258
53,0.969093,0.877186,13260.169922
54,0.977724,0.879767,13509.762695
55,0.990553,0.875983,13759.289062
56,0.003578,0.842242,14008.863281
57,0.994784,0.741183,14258.420898
58,0.987279,0.617863,14507.975586
59,0.984748,0.508152,14757.537109
60,0.974912,0.462898,15007.113281
61,0.969902,0.445680,15256.703125
62,0.970087,0.439417,15506.246094
63,0.978476,0.434324,15755.818359
64,0.013915,0.430245,16005.366211
65,0.054288,0.420644,16254.920898
66,0.085180,0.404768,16504.490234
67,0.111100,0.360754,16754.068359
68,0.123041,0.353823,17003.607422
69,0.137030,0.373706,17253.169922
70,0.152637,0.403317,17502.767578
71,0.164551,0.421709,17752.343750
72,0.185402,0.448830,18001.890625
73,0.220393,0.496378,18251.435547
74,0.253429,0.529370,18501.000000
75,0.273865,0.563749,18750.560547
76,0.307055,0.583682,19000.119141
77,0.332913,0.585781,19266.337891
78,0.349610,0.573082,19515.927734
79,0.361382,0.559976,19765.466797
80,0.376243,0.554779,20015.017578
81,0.381193,0.531631,20264.585938
82,0.381133,0.519088,20514.169922
83,0.390007,0.519204,20763.720703
84,0.401335,0.549613,21013.306641
85,0.407104,0.561935,21262.876953
86,0.408731,0.559361,21512.447266
87,0.393905,0.556705,21762.003906
88,0.374363,0.528399,22011.542969
89,0.347493,0.500621,22261.128906
90,0.308188,0.509348,22510.662109
91,0.276333,0.521445,22760.248047
92,0.260973,0.529410,23009.798828
93,0.257904,0.532948,23259.367188
94,0.260066,0.539591,23508.945312
95,0.262345,0.541705,23758.488281
96,0.266602,0.541038,24008.060547
97,0.272044,0.542057,24257.613281
98,0.276797,0.544632,24507.173828
99,0.283157,0.547523,24756.742188
0,0.750149,0.479349,-0.008479
1,0.750154,0.480787,266.136536
2,0.750076,0.489616,515.801697
3,0.748225,0.500018,765.271851
4,0.719028,0.523416,1014.838196
5,0.676575,0.538712,1264.410156
6,0.634878,0.553616,1514.044556
7,0.595966,0.552641,1763.567749
8,0.559531,0.537316,2013.099487
9,0.526534,0.526851,2262.691406
10,0.505176,0.525319,2512.255859
11,0.484981,0.525546,2761.776123
12,0.471876,0.524522,3011.377441
13,0.467862,0.515869,3260.937744
14,0.464234,0.497295,3510.476074
15,0.452548,0.475874,3760.035400
16,0.437982,0.458437,4009.601318
17,0.425657,0.452067,4259.179688
18,0.412893,0.460116,4508.727539
19,0.407220,0.471037,4758.291504
20,0.404697,0.481001,5007.845703
21,0.408846,0.487696,5257.441406
22,0.416645,0.493778,5507.006836
23,0.424833,0.502110,5756.569336
24,0.432466,0.502856,6006.122559
25,0.457486,0.478614,6255.677734
26,0.491886,0.450563,6505.249512
27,0.515360,0.431283,6754.800293
28,0.531669,0.419174,7004.367676
29,0.536104,0.418310,7253.929199
30,0.539689,0.414221,7503.485352
31,0.544592,0.409783,7753.097168
32,0.548193,0.407633,8002.671875
33,0.554266,0.400208,8252.189453
34,0.565642,0.390276,8501.756836
35,0.590861,0.382511,8751.308594
36,0.618142,0.380332,9000.875977
37,0.644499,0.374900,9250.426758
38,0.664874,0.370177,9516.665039
39,0.676088,0.369340,9766.205078
40,0.681111,0.371376,10015.779297
41,0.680741,0.381108,10265.337891
42,0.680227,0.388236,10514.903320
43,0.682098,0.392073,10764.471680
44,0.683004,0.394945,11014.022461
45,0.683175,0.396332,11263.595703
46,0.687721,0.397259,11513.180664
47,0.694114,0.395506,11762.728516
48,0.695864,0.402263,12012.275391
49,0.699281,0.408148,12261.844727
50,0.698983,0.399335,12511.417969
51,0.694574,0.395866,12760.968750
52,0.695897,0.396057,13010.538086
53,0.693715,0.406133,13260.102539
54,0.692785,0.403679,13509.723633
55,0.692014,0.390063,13759.238281
56,0.691019,0.363826,14008.809570
57,0.702451,0.354056,14258.357422
58,0.758238,0.342624,14507.925781
59,0.811313,0.325124,14757.485352
60,0.847020,0.311447,15007.045898
61,0.891525,0.304161,15256.640625
62,0.930353,0.304821,15506.170898
63,0.960468,0.311857,15755.760742
64,0.980970,0.322135,16005.301758
65,0.994123,0.349526,16254.886719
66,0.985562,0.410474,16504.427734
67,0.968373,0.448571,16753.982422
68,0.954451,0.461131,17003.582031
69,0.992682,0.450429,17253.183594
70,0.066979,0.426869,17502.710938
71,0.145181,0.431826,17752.259766
72,0.208933,0.454927,18001.818359
73,0.259036,0.475816,18251.376953
74,0.304493,0.483984,18500.951172
75,0.337849,0.495576,18750.500000
76,0.366841,0.521313,19000.085938
77,0.405716,0.532294,19266.343750
78,0.435888,0.532617,19515.849609
79,0.449439,0.529359,19765.402344
80,0.452674,0.535204,20014.962891
81,0.445852,0.541558,20264.521484
82,0.438978,0.543477,20514.105469
83,0.435057,0.543910,20763.683594
84,0.431923,0.543926,21013.230469
85,0.435403,0.543057,21262.785156
86,0.454597,0.533436,21512.351562
87,0.474570,0.530908,21761.916016
88,0.477864,0.525855,22011.472656
89,0.470608,0.497588,22261.048828
90,0.466094,0.469764,22510.593750
91,0.457727,0.465957,22760.158203
92,0.452817,0.472512,23009.732422
93,0.441920,0.471676,23259.300781
94,0.419653,0.473843,23508.869141
95,0.403927,0.466931,23758.416016
96,0.396552,0.456644,24007.984375
97,0.388500,0.437543,24257.541016
98,0.358684,0.391179,24507.113281
99,0.308056,0.364892,24756.693359
0,0.750162,0.541381,-0.011061
1,0.749098,0.540166,266.158295
2,0.728999,0.547708,515.782959
3,0.646650,0.579840,765.398010
4,0.568569,0.575053,1014.913635
5,0.560472,0.561106,1264.408447
6,0.552976,0.553241,1514.037476
7,0.550437,0.570530,1763.556885
8,0.555403,0.546989,2013.115112
9,0.560544,0.538488,2262.742432
10,0.563340,0.550052,2512.281982
11,0.571966,0.540545,2761.815674
12,0.592976,0.531082,3011.368164
13,0.634180,0.525496,3260.984131
14,0.682399,0.488647,3510.501221
15,0.730663,0.457988,3760.082031
16,0.780276,0.462413,4009.622314
17,0.824513,0.447512,4259.227539
18,0.845135,0.390839,4508.818848
19,0.847508,0.333414,4758.331055
20,0.839804,0.298356,5007.918945
21,0.843432,0.278988,5257.464355
22,0.891682,0.312329,5507.018066
23,0.945800,0.388945,5756.590820
24,0.977832,0.432272,6006.189941
25,0.007200,0.454526,6255.691895
26,0.036606,0.479526,6505.294434
27,0.057355,0.499206,6754.850586
28,0.060556,0.587626,7004.401367
29,0.030680,0.654986,7253.971191
30,0.988298,0.713217,7503.556641
31,0.960883,0.746106,7753.111328
32,0.947704,0.780918,8002.699707
33,0.933312,0.822898,8252.238281
34,0.923660,0.859014,8501.814453
35,0.914419,0.875529,8751.378906
36,0.914685,0.877045,9000.914062
37,0.920580,0.876746,9250.499023
38,0.978457,0.870741,9500.078125
39,0.025119,0.853428,9766.267578
40,0.022903,0.855604,10015.797852
41,0.004150,0.865528,10265.368164
42,0.992943,0.869892,10514.974609
43,0.991132,0.870861,10764.488281
44,0.989613,0.870666,11014.075195
45,0.987343,0.869914,11263.712891
46,0.984157,0.869425,11513.232422
47,0.983377,0.870702,11762.783203
48,0.983086,0.871496,12012.318359
49,0.981698,0.857972,12261.864258
50,0.975715,0.820195,12511.452148
51,0.971064,0.774261,12761.020508
52,0.977865,0.615907,13010.629883
53,0.988826,0.392450,13260.136719
54,0.990831,0.281043,13509.761719
55,0.982111,0.216635,13759.283203
56,0.983149,0.199754,14008.847656
57,0.989022,0.210512,14258.375977
58,0.990454,0.304773,14507.956055
59,0.000043,0.457712,14757.554688
60,0.008234,0.662323,15007.090820
61,0.991286,0.819356,15256.683594
62,0.983040,0.875400,15506.229492
63,0.976108,0.896639,15755.790039
64,0.979300,0.905176,16005.344727
65,0.999860,0.907560,16254.965820
66,0.001991,0.907267,16504.523438
67,0.035470,0.888817,16754.044922
68,0.131087,0.827336,17003.605469
69,0.188395,0.745948,17253.158203
70,0.224276,0.688259,17502.773438
71,0.243446,0.656070,17752.292969
72,0.245095,0.659096,18001.884766
73,0.224898,0.756948,18251.427734
74,0.194692,0.826555,18501.056641
75,0.201511,0.834983,18750.572266
76,0.211134,0.841598,19000.089844
77,0.187436,0.853114,19266.294922
78,0.141767,0.863484,19515.894531
79,0.093204,0.866968,19765.466797
80,0.091468,0.870489,20015.039062
81,0.095434,0.862118,20264.597656
82,0.129523,0.759782,20514.226562
83,0.170347,0.628185,20763.722656
84,0.205185,0.559583,21013.250000
85,0.226074,0.549433,21262.857422
86,0.228130,0.528439,21512.429688
87,0.227875,0.516228,21761.958984
88,0.227264,0.486137,22011.517578
89,0.221045,0.468833,22261.109375
90,0.195717,0.474302,22510.683594
91,0.157477,0.477307,22760.226562
92,0.114017,0.480490,23009.785156
93,0.022731,0.488913,23259.335938
94,0.909739,0.491426,23508.976562
95,0.776030,0.509474,23758.480469
96,0.675507,0.532724,24008.031250
97,0.620178,0.552061,24257.591797
98,0.584748,0.563189,24507.146484
99,0.558827,0.568926,24756.750000
0,0.750684,0.497265,0.005330
1,0.750971,0.501586,266.226288
2,0.742640,0.511769,515.814331
3,0.729760,0.541283,765.345764
4,0.718810,0.578183,1014.940247
5,0.700095,0.595332,1264.464111
6,0.668288,0.591456,1514.019653
7,0.634272,0.575967,1763.657837
8,0.606922,0.561710,2013.188965
9,0.586136,0.547673,2262.747070
10,0.564385,0.541891,2512.298584
11,0.546673,0.537374,2761.939941
12,0.530710,0.533522,3011.440918
13,0.512813,0.527924,3261.004639
14,0.499228,0.521379,3510.528320
15,0.476184,0.506547,3760.154297
16,0.453337,0.480496,4009.701416
17,0.424895,0.450044,4259.222168
18,0.404758,0.447303,4508.895996
19,0.391918,0.457183,4758.439941
20,0.367503,0.460060,5007.947266
21,0.338098,0.466368,5257.525879
22,0.318377,0.477625,5507.129883
23,0.313978,0.472155,5756.604004
24,0.305187,0.438727,6006.166504
25,0.307455,0.401748,6255.832520
26,0.317812,0.357815,6505.389648
27,0.328237,0.324260,6754.854980
28,0.340032,0.300411,7004.522461
29,0.352293,0.283077,7254.036133
30,0.377644,0.262969,7503.585449
31,0.411594,0.245692,7753.127930
32,0.453454,0.241593,8002.690430
33,0.482850,0.243724,8252.261719
34,0.507690,0.251198,8501.836914
35,0.532957,0.259241,8751.414062
36,0.555519,0.278336,9000.950195
37,0.583472,0.309464,9250.535156
38,0.625896,0.351003,9500.092773
39,0.651316,0.379475,9766.264648
40,0.663820,0.405472,10015.847656
41,0.663910,0.427553,10265.404297
42,0.648625,0.444201,10514.976562
43,0.618508,0.465982,10764.590820
44,0.589659,0.482933,11014.191406
45,0.561940,0.496055,11263.684570
46,0.543878,0.503664,11513.243164
47,0.537263,0.506584,11762.852539
48,0.540995,0.522958,12012.447266
49,0.555251,0.554083,12261.918945
50,0.578247,0.580101,12511.513672
51,0.611233,0.591336,12761.095703
52,0.655784,0.582924,13010.636719
53,0.702081,0.556673,13260.160156
54,0.748824,0.516967,13509.851562
55,0.788798,0.480320,13759.383789
56,0.827991,0.443225,14008.955078
57,0.863123,0.420078,14258.460938
58,0.885635,0.408403,14508.039062
59,0.913444,0.415329,14757.635742
60,0.943165,0.413164,15007.113281
61,0.962803,0.387089,15256.788086
62,0.978381,0.354092,15506.270508
63,0.988893,0.350621,15755.899414
64,0.990553,0.370385,16005.361328
65,0.975950,0.387765,16255.012695
66,0.949970,0.346965,16504.537109
67,0.932616,0.303627,16754.082031
68,0.922717,0.261817,17003.673828
69,0.913852,0.212212,17253.193359
70,0.915053,0.161299,17502.804688
71,0.932766,0.121417,17752.316406
72,0.954135,0.094574,18001.980469
73,0.981029,0.079120,18251.478516
74,0.003051,0.066190,18501.042969
75,0.995763,0.058273,18750.595703
76,0.977305,0.053479,19000.220703
77,0.961607,0.051476,19266.398438
78,0.942680,0.051154,19515.908203
79,0.906874,0.049428,19765.486328
80,0.856904,0.047902,20015.115234
81,0.792901,0.049827,20264.615234
82,0.742560,0.050880,20514.175781
83,0.688436,0.062139,20763.720703
84,0.660441,0.067286,21013.347656
85,0.623201,0.069805,21262.851562
86,0.588124,0.076775,21512.419922
87,0.553119,0.096019,21762.013672
88,0.511490,0.118839,22011.578125
89,0.484298,0.146001,22261.105469
90,0.463306,0.164839,22510.748047
91,0.422274,0.187810,22760.263672
92,0.380810,0.228903,23009.845703
93,0.363853,0.279502,23259.371094
94,0.368519,0.336628,23509.033203
95,0.394153,0.387046,23758.507812
96,0.427266,0.428387,24008.093750
97,0.455494,0.464367,24257.623047
98,0.482327,0.499116,24507.238281
99,0.499482,0.518293,24756.763672
0,0.749854,0.498729,-0.012627
1,0.749807,0.499349,266.182220
2,0.749660,0.500105,515.753845
3,0.749647,0.500793,765.252136
4,0.749646,0.501050,1014.826721
5,0.749620,0.500963,1264.428589
6,0.749609,0.500862,1513.965576
7,0.749521,0.500826,1763.598755
8,0.749468,0.500687,2013.171875
9,0.746843,0.500884,2262.709229
10,0.741137,0.500021,2512.255615
11,0.737095,0.498295,2761.807861
12,0.729909,0.488699,3011.377441
13,0.723592,0.478711,3260.910156
14,0.714841,0.475505,3510.493164
15,0.693398,0.473421,3760.044678
16,0.673818,0.471061,4009.624512
17,0.648213,0.472128,4259.213867
18,0.624420,0.473753,4508.776855
19,0.601871,0.481280,4758.322266
20,0.574357,0.469288,5007.858398
21,0.558208,0.434768,5257.443359
22,0.551542,0.425896,5507.041016
23,0.548824,0.427678,5756.620117
24,0.548061,0.435771,6006.096191
25,0.542159,0.439533,6255.733887
26,0.540739,0.444935,6505.228516
27,0.540514,0.449572,6754.840332
28,0.541418,0.451274,7004.430664
29,0.541895,0.453024,7253.964844
30,0.542345,0.455118,7503.549805
31,0.542625,0.456382,7753.050781
32,0.542504,0.457430,8002.732910
33,0.542362,0.458230,8252.190430
34,0.542244,0.458838,8501.789062
35,0.542185,0.459351,8751.339844
36,0.542090,0.460088,9001.011719
37,0.542015,0.460882,9250.479492
38,0.541832,0.461619,9500.000977
39,0.539477,0.463511,9766.188477
40,0.521209,0.478638,10015.875977
41,0.493981,0.503595,10265.319336
42,0.475372,0.516568,10514.922852
43,0.463350,0.516921,10764.472656
44,0.450958,0.518799,11014.058594
45,0.438904,0.518939,11263.625000
46,0.429603,0.515655,11513.156250
47,0.419709,0.516018,11762.728516
48,0.407472,0.513441,12012.286133
49,0.387994,0.513027,12261.872070
50,0.379653,0.502802,12511.409180
51,0.365807,0.504531,12760.980469
52,0.350236,0.514498,13010.562500
53,0.330538,0.526181,13260.102539
54,0.314329,0.528690,13509.697266
55,0.300310,0.527653,13759.231445
56,0.294238,0.521957,14008.794922
57,0.293260,0.518277,14258.352539
58,0.300017,0.516585,14507.954102
59,0.310824,0.518468,14757.494141
60,0.327392,0.519068,15007.063477
61,0.345146,0.521291,15256.610352
62,0.360338,0.523918,15506.185547
63,0.374780,0.525502,15755.746094
64,0.386295,0.525575,16005.300781
65,0.393589,0.526245,16254.897461
66,0.397489,0.526659,16504.419922
67,0.400022,0.527093,16753.996094
68,0.401940,0.527911,17003.560547
69,0.406275,0.527002,17253.142578
70,0.420933,0.516884,17502.699219
71,0.459776,0.500191,17752.261719
72,0.497620,0.484244,18001.835938
73,0.512092,0.480222,18251.375000
74,0.521064,0.480012,18500.939453
75,0.529696,0.479005,18750.501953
76,0.539306,0.475466,19000.074219
77,0.549610,0.468628,19266.275391
78,0.558604,0.471249,19515.861328
79,0.568847,0.471976,19765.406250
80,0.570600,0.478775,20014.958984
81,0.567931,0.477021,20264.544922
82,0.567062,0.485875,20514.125000
83,0.562803,0.505305,20763.652344
84,0.549945,0.503315,21013.214844
85,0.532851,0.499009,21262.777344
86,0.516947,0.479760,21512.347656
87,0.513130,0.474568,21761.904297
88,0.521709,0.470376,22011.480469
89,0.535461,0.505645,22261.042969
90,0.540359,0.544139,22510.615234
91,0.548316,0.582578,22760.185547
92,0.551323,0.582844,23009.742188
93,0.548632,0.539618,23259.289062
94,0.521668,0.493292,23508.853516
95,0.506621,0.486439,23758.441406
96,0.517887,0.477699,24007.988281
97,0.566694,0.457043,24257.539062
98,0.661574,0.441431,24507.166016
99,0.708472,0.436362,24756.691406
0,0.750375,0.503598,-0.000582
1,0.750778,0.501876,266.182251
2,0.753179,0.511909,515.770874
3,0.763447,0.539379,765.314941
4,0.805853,0.586390,1014.880981
5,0.865798,0.631837,1264.418579
6,0.895535,0.667448,1514.100830
7,0.913248,0.703732,1763.654175
8,0.927961,0.782782,2013.114990
9,0.964683,0.848837,2262.727051
10,0.015246,0.892156,2512.328613
11,0.066215,0.911043,2761.856934
12,0.079327,0.915935,3011.381348
13,0.099980,0.916029,3261.046631
14,0.145139,0.894305,3510.552490
15,0.146777,0.818424,3760.062744
16,0.127196,0.698283,4009.756836
17,0.138624,0.595962,4259.317871
18,0.162147,0.549520,4508.743164
19,0.160894,0.506273,4758.385254
20,0.142793,0.412771,5007.941406
21,0.133734,0.346408,5257.493164
22,0.107272,0.302195,5507.006836
23,0.061909,0.255520,5756.617676
24,0.012287,0.218130,6006.186523
25,0.977848,0.190803,6255.710449
26,0.950044,0.169207,6505.270508
27,0.919671,0.166592,6754.875977
28,0.891202,0.178229,7004.454102
29,0.877741,0.177557,7253.955566
30,0.852199,0.183844,7503.614258
31,0.826285,0.186670,7753.173340
32,0.821236,0.192106,8002.681641
33,0.795860,0.237272,8252.246094
34,0.764456,0.316858,8501.807617
35,0.712041,0.416483,8751.378906
36,0.649946,0.501442,9000.918945
37,0.611607,0.556009,9250.538086
38,0.584190,0.586423,9500.151367
39,0.562926,0.588876,9766.301758
40,0.548068,0.586340,10015.810547
41,0.537812,0.587538,10265.365234
42,0.529540,0.590027,10514.923828
43,0.524256,0.594719,10764.544922
44,0.526601,0.599367,11014.054688
45,0.528243,0.587607,11263.733398
46,0.518897,0.585416,11513.241211
47,0.504897,0.582873,11762.753906
48,0.495143,0.586209,12012.299805
49,0.487444,0.591696,12261.970703
50,0.487184,0.594593,12511.480469
51,0.486642,0.595550,12761.014648
52,0.489078,0.597959,13010.625000
53,0.487008,0.602285,13260.204102
54,0.484779,0.608855,13509.773438
55,0.489299,0.609796,13759.250000
56,0.495530,0.605259,14008.873047
57,0.502717,0.599383,14258.440430
58,0.509708,0.585230,14507.972656
59,0.510236,0.547839,14757.546875
60,0.509093,0.521944,15007.081055
61,0.511043,0.512861,15256.706055
62,0.511094,0.513390,15506.197266
63,0.511903,0.513298,15755.831055
64,0.530479,0.514354,16005.369141
65,0.537509,0.513472,16254.917969
66,0.529690,0.490121,16504.515625
67,0.518358,0.427002,16754.074219
68,0.512323,0.343566,17003.642578
69,0.510286,0.298761,17253.150391
70,0.506870,0.278796,17502.755859
71,0.504818,0.293207,17752.281250
72,0.501587,0.360815,18001.882812
73,0.504030,0.479778,18251.406250
74,0.506016,0.578628,18500.978516
75,0.495981,0.600145,18750.554688
76,0.492757,0.600034,19000.166016
77,0.493068,0.605296,19266.298828
78,0.494637,0.609249,19515.880859
79,0.497418,0.605575,19765.445312
80,0.502674,0.600209,20015.025391
81,0.508099,0.596412,20264.568359
82,0.511158,0.593655,20514.125000
83,0.512654,0.592838,20763.722656
84,0.513187,0.593351,21013.255859
85,0.524411,0.619963,21262.822266
86,0.551828,0.722932,21512.386719
87,0.570688,0.803871,21761.968750
88,0.580632,0.826380,22011.496094
89,0.587543,0.834109,22261.113281
90,0.591034,0.847148,22510.640625
91,0.594456,0.848879,22760.203125
92,0.597368,0.847007,23009.800781
93,0.613083,0.846291,23259.349609
94,0.711450,0.810596,23508.898438
95,0.723230,0.759358,23758.443359
96,0.708088,0.710117,24008.031250
97,0.687723,0.657530,24257.585938
98,0.691313,0.622455,24507.156250
99,0.694355,0.611210,24756.728516
0,0.749639,0.537649,-0.104973
1,0.747082,0.539702,266.086670
2,0.742260,0.580087,515.746277
3,0.724709,0.630278,765.257446
4,0.684992,0.651547,1014.795959
5,0.642117,0.651752,1264.338013
6,0.604549,0.633548,1513.925415
7,0.568082,0.610098,1763.555664
8,0.539864,0.591960,2013.067505
9,0.513835,0.578470,2262.649414
10,0.495816,0.555558,2512.176758
11,0.492254,0.491280,2761.749268
12,0.487487,0.413257,3011.340820
13,0.488454,0.361997,3260.849854
14,0.489436,0.343688,3510.424316
15,0.462241,0.385888,3760.025146
16,0.441548,0.454547,4009.588623
17,0.455140,0.486753,4259.131348
18,0.486161,0.504778,4508.687988
19,0.535002,0.527599,4758.283203
20,0.579578,0.535175,5007.812012
21,0.631269,0.523594,5257.364258
22,0.750171,0.483444,5506.926270
23,0.851762,0.451290,5756.634766
24,0.914264,0.446851,6006.085449
25,0.964408,0.418396,6255.640137
26,0.997503,0.382253,6505.216797
27,0.002882,0.381407,6754.781738
28,0.007825,0.412802,7004.346680
29,0.014842,0.450871,7253.863281
30,0.010412,0.463568,7503.442871
31,0.004873,0.469831,7753.012695
32,0.006638,0.467475,8002.609863
33,0.008807,0.468227,8252.192383
34,0.007103,0.468229,8501.689453
35,0.004792,0.462517,8751.294922
36,0.005754,0.466621,9000.843750
37,0.010344,0.470061,9250.462891
38,0.011638,0.473736,9500.002930
39,0.001867,0.475867,9766.179688
40,0.976969,0.473623,10015.712891
41,0.954434,0.470124,10265.333008
42,0.942971,0.468385,10514.883789
43,0.938754,0.477760,10764.432617
44,0.935626,0.491506,11013.982422
45,0.931443,0.493472,11263.569336
46,0.921713,0.497168,11513.097656
47,0.877467,0.486215,11762.663086
48,0.854580,0.487733,12012.281250
49,0.867746,0.493459,12261.784180
50,0.869560,0.493781,12511.399414
51,0.870988,0.495583,12760.914062
52,0.877472,0.504818,13010.563477
53,0.885701,0.507828,13260.056641
54,0.891641,0.514659,13509.632812
55,0.895533,0.548391,13759.200195
56,0.903255,0.578550,14008.780273
57,0.905689,0.600540,14258.335938
58,0.907803,0.603688,14507.893555
59,0.904693,0.604335,14757.433594
60,0.902869,0.604568,15007.018555
61,0.900564,0.605981,15256.614258
62,0.893539,0.603247,15506.114258
63,0.871198,0.594308,15755.680664
64,0.854999,0.589801,16005.284180
65,0.851336,0.589247,16254.815430
66,0.847356,0.585474,16504.412109
67,0.841628,0.584541,16753.953125
68,0.837251,0.588136,17003.605469
69,0.832292,0.586230,17253.173828
70,0.815343,0.599011,17502.710938
71,0.783859,0.609937,17752.197266
72,0.764822,0.601413,18001.773438
73,0.745512,0.596437,18251.369141
74,0.727822,0.588546,18500.931641
75,0.709136,0.575613,18750.480469
76,0.677579,0.551592,19000.009766
77,0.660887,0.551192,19266.222656
78,0.670793,0.552896,19515.839844
79,0.674241,0.567007,19765.365234
80,0.674460,0.579157,20014.919922
81,0.654714,0.576338,20264.515625
82,0.633598,0.572334,20514.087891
83,0.609751,0.573634,20763.621094
84,0.575625,0.565993,21013.156250
85,0.524788,0.555758,21262.820312
86,0.485952,0.552345,21512.324219
87,0.470998,0.538534,21761.863281
88,0.470700,0.523685,22011.462891
89,0.473404,0.482243,22261.015625
90,0.481075,0.430468,22510.634766
91,0.493116,0.411072,22760.134766
92,0.493658,0.411966,23009.714844
93,0.493277,0.422331,23259.250000
94,0.511131,0.460071,23508.796875
95,0.531140,0.500962,23758.378906
96,0.536682,0.522077,24007.962891
97,0.537850,0.530771,24257.488281
98,0.536282,0.535202,24507.056641
99,0.536603,0.539619,24756.644531
0,0.741657,0.569801,-0.009198
1,0.732452,0.573148,266.230530
2,0.723589,0.570549,515.719727
3,0.710523,0.559146,765.336548
4,0.693072,0.548384,1014.859192
5,0.663039,0.542362,1264.473267
6,0.631082,0.543324,1513.973999
7,0.606675,0.548849,1763.546753
8,0.585173,0.552417,2013.161255
9,0.566594,0.560832,2262.697998
10,0.560101,0.564297,2512.286377
11,0.556368,0.566947,2761.832764
12,0.548798,0.564650,3011.472168
13,0.542476,0.552084,3260.924316
14,0.536783,0.529017,3510.526367
15,0.523678,0.507372,3760.057861
16,0.510021,0.495328,4009.653809
17,0.501221,0.494595,4259.229004
18,0.488568,0.495867,4508.808594
19,0.469168,0.496930,4758.422363
20,0.448671,0.496524,5007.906250
21,0.420496,0.496789,5257.456543
22,0.395512,0.495003,5506.988770
23,0.372995,0.493187,5756.621094
24,0.359727,0.496322,6006.201172
25,0.355485,0.499322,6255.749512
26,0.369461,0.501845,6505.353516
27,0.386403,0.505354,6754.863281
28,0.396911,0.508551,7004.404785
29,0.407388,0.511403,7254.008301
30,0.419193,0.513616,7503.607422
31,0.436431,0.517663,7753.077148
32,0.452178,0.521530,8002.684570
33,0.461782,0.517089,8252.255859
34,0.469801,0.511834,8501.800781
35,0.485192,0.508691,8751.332031
36,0.514016,0.511217,9000.968750
37,0.540502,0.515184,9250.521484
38,0.562002,0.519411,9500.040039
39,0.579360,0.521769,9766.226562
40,0.594684,0.522618,10015.841797
41,0.606105,0.522790,10265.395508
42,0.625373,0.514106,10514.935547
43,0.660533,0.508136,10764.500977
44,0.697058,0.500677,11014.185547
45,0.721508,0.494862,11263.697266
46,0.752649,0.479121,11513.257812
47,0.787045,0.485246,11762.766602
48,0.804635,0.499991,12012.286133
49,0.812843,0.512284,12261.913086
50,0.822987,0.527914,12511.427734
51,0.829617,0.533590,12761.070312
52,0.835927,0.530370,13010.647461
53,0.838858,0.503099,13260.165039
54,0.852338,0.482351,13509.699219
55,0.881463,0.469383,13759.321289
56,0.903509,0.457003,14008.836914
57,0.927476,0.452478,14258.375977
58,0.944444,0.426993,14508.060547
59,0.950033,0.383126,14757.549805
60,0.956459,0.346693,15007.106445
61,0.956150,0.320075,15256.621094
62,0.944980,0.299385,15506.250000
63,0.909153,0.276201,15755.785156
64,0.866694,0.255439,16005.369141
65,0.842461,0.233565,16254.917969
66,0.824150,0.223305,16504.529297
67,0.806674,0.216139,16754.060547
68,0.783143,0.221593,17003.599609
69,0.750180,0.228644,17253.250000
70,0.723302,0.224967,17502.695312
71,0.693997,0.214767,17752.341797
72,0.652316,0.190728,18001.875000
73,0.605275,0.160197,18251.500000
74,0.557530,0.141014,18501.011719
75,0.518132,0.139064,18750.527344
76,0.485306,0.147989,19000.113281
77,0.459758,0.153086,19266.337891
78,0.430616,0.159081,19515.859375
79,0.400010,0.166727,19765.468750
80,0.367930,0.178909,20015.109375
81,0.335437,0.199084,20264.621094
82,0.321868,0.221350,20514.162109
83,0.319652,0.248437,20763.667969
84,0.329909,0.261360,21013.312500
85,0.345811,0.270688,21262.830078
86,0.368721,0.272443,21512.378906
87,0.404004,0.292946,21761.962891
88,0.432960,0.311475,22011.609375
89,0.451499,0.323584,22261.058594
90,0.470215,0.320780,22510.623047
91,0.522680,0.309653,22760.230469
92,0.567552,0.307199,23009.740234
93,0.589303,0.319023,23259.332031
94,0.584576,0.352892,23508.884766
95,0.565333,0.384233,23758.455078
96,0.540336,0.417456,24007.996094
97,0.520731,0.437261,24257.580078
98,0.511840,0.453754,24507.134766
99,0.506333,0.465265,24756.689453
0,0.750073,0.498376,-0.019372
1,0.750202,0.498802,266.210663
2,0.721611,0.522957,515.736816
3,0.629737,0.530265,765.377991
4,0.589061,0.512451,1014.856628
5,0.568077,0.488451,1264.471313
6,0.545566,0.475512,1513.997559
7,0.514095,0.469714,1763.582397
8,0.479137,0.470351,2013.150146
9,0.461369,0.486184,2262.700684
10,0.451667,0.496102,2512.268311
11,0.407413,0.513035,2761.814941
12,0.322236,0.466893,3011.452148
13,0.285845,0.444888,3260.924316
14,0.264051,0.448919,3510.553711
15,0.265873,0.478023,3760.099121
16,0.308964,0.564384,4009.666016
17,0.417964,0.612693,4259.272949
18,0.469148,0.601721,4508.861816
19,0.486865,0.595021,4758.395020
20,0.502895,0.584612,5007.874023
21,0.487181,0.581933,5257.523926
22,0.459672,0.547635,5506.997070
23,0.468093,0.481574,5756.586426
24,0.475654,0.388872,6006.173340
25,0.484872,0.287574,6255.760254
26,0.494099,0.170537,6505.309570
27,0.422968,0.078517,6754.829102
28,0.405203,0.061091,7004.416504
29,0.553698,0.039818,7253.984375
30,0.843038,0.189727,7503.515625
31,0.879241,0.281789,7753.129395
32,0.912849,0.364238,8002.735352
33,0.945954,0.429437,8252.211914
34,0.960867,0.449893,8501.810547
35,0.938296,0.441716,8751.420898
36,0.884995,0.413104,9000.936523
37,0.852381,0.406793,9250.492188
38,0.831592,0.405194,9500.081055
39,0.811353,0.409614,9766.220703
40,0.789522,0.420995,10015.861328
41,0.760549,0.442107,10265.386719
42,0.729598,0.491050,10514.916016
43,0.701757,0.540692,10764.518555
44,0.677151,0.563584,11014.082031
45,0.627869,0.578740,11263.620117
46,0.569132,0.574842,11513.202148
47,0.509456,0.550030,11762.759766
48,0.464772,0.525385,12012.365234
49,0.365322,0.485484,12261.871094
50,0.228134,0.420356,12511.458008
51,0.157806,0.391224,12761.067383
52,0.094151,0.369511,13010.580078
53,0.067963,0.328726,13260.178711
54,0.050949,0.317880,13509.739258
55,0.069661,0.402415,13759.286133
56,0.105004,0.562043,14008.823242
57,0.186085,0.720878,14258.380859
58,0.301526,0.818413,14508.026367
59,0.349899,0.863552,14757.532227
60,0.388776,0.854774,15007.119141
61,0.448835,0.853713,15256.675781
62,0.479919,0.862724,15506.245117
63,0.514591,0.865768,15755.766602
64,0.544464,0.867031,16005.432617
65,0.566040,0.869927,16254.988281
66,0.580365,0.869777,16504.476562
67,0.553715,0.840201,16754.052734
68,0.500113,0.727181,17003.601562
69,0.474259,0.616113,17253.201172
70,0.450856,0.539787,17502.763672
71,0.420080,0.494782,17752.361328
72,0.401168,0.477636,18001.882812
73,0.388326,0.475278,18251.519531
74,0.379353,0.476343,18500.962891
75,0.373868,0.474557,18750.576172
76,0.386787,0.468034,19000.130859
77,0.428498,0.443415,19266.296875
78,0.461757,0.411952,19515.882812
79,0.488446,0.414951,19765.472656
80,0.511981,0.426377,20015.078125
81,0.523954,0.436851,20264.585938
82,0.533011,0.434985,20514.119141
83,0.534360,0.432245,20763.703125
84,0.526927,0.434994,21013.281250
85,0.519473,0.442897,21262.816406
86,0.514315,0.459099,21512.447266
87,0.508220,0.461992,21761.978516
88,0.506671,0.460951,22011.609375
89,0.506312,0.460297,22261.056641
90,0.506579,0.460415,22510.724609
91,0.506295,0.459802,22760.251953
92,0.506193,0.461477,23009.761719
93,0.506565,0.464298,23259.410156
94,0.506526,0.465841,23508.896484
95,0.506171,0.466747,23758.457031
96,0.505709,0.467034,24008.025391
97,0.505742,0.467609,24257.628906
98,0.505848,0.468474,24507.175781
99,0.505920,0.469069,24756.734375
0,0.749810,0.492011,0.021235
1,0.749697,0.492756,266.212585
2,0.749611,0.493069,515.815552
3,0.749383,0.493743,765.364929
4,0.749269,0.494300,1014.897827
5,0.749315,0.494490,1264.499023
6,0.750878,0.493679,1514.038696
7,0.759393,0.489862,1763.613525
8,0.776312,0.481558,2013.149414
9,0.804609,0.467624,2262.757324
10,0.837271,0.455093,2512.281738
11,0.861475,0.448946,2761.853760
12,0.875982,0.445785,3011.405029
13,0.884686,0.439914,3260.994141
14,0.887690,0.427441,3510.566650
15,0.887383,0.412080,3760.086182
16,0.886237,0.399430,4009.699463
17,0.887199,0.392801,4259.234375
18,0.893074,0.388023,4508.802246
19,0.902932,0.379328,4758.358398
20,0.914469,0.367697,5007.934570
21,0.921238,0.350056,5257.471680
22,0.926012,0.345593,5507.060547
23,0.930077,0.356479,5756.635742
24,0.935822,0.382460,6006.186523
25,0.939581,0.403781,6255.807129
26,0.939200,0.413248,6505.321777
27,0.935956,0.421150,6754.914551
28,0.932465,0.439790,7004.416016
29,0.929845,0.455011,7254.019531
30,0.925349,0.466792,7503.550781
31,0.916102,0.483239,7753.127930
32,0.904401,0.504626,8002.731934
33,0.890558,0.523466,8252.285156
34,0.871899,0.531929,8501.832031
35,0.852916,0.532883,8751.386719
36,0.832253,0.532655,9000.989258
37,0.811031,0.532160,9250.504883
38,0.792631,0.530459,9500.061523
39,0.773660,0.530757,9766.268555
40,0.755280,0.530277,10015.858398
41,0.742423,0.536801,10265.428711
42,0.735611,0.547423,10514.994141
43,0.735091,0.562691,10764.546875
44,0.734265,0.584639,11014.098633
45,0.732861,0.601089,11263.660156
46,0.730861,0.606673,11513.232422
47,0.728177,0.607497,11762.791016
48,0.726162,0.609894,12012.384766
49,0.721604,0.610366,12261.945312
50,0.711581,0.607002,12511.463867
51,0.697846,0.601466,12761.081055
52,0.680540,0.593325,13010.633789
53,0.665062,0.584105,13260.199219
54,0.651104,0.572986,13509.732422
55,0.631475,0.559668,13759.313477
56,0.609854,0.551497,14008.855469
57,0.592224,0.548131,14258.431641
58,0.579355,0.546449,14507.978516
59,0.570787,0.545370,14757.548828
60,0.567471,0.541332,15007.120117
61,0.567271,0.534205,15256.708984
62,0.567513,0.528995,15506.269531
63,0.567106,0.526616,15755.808594
64,0.565730,0.525922,16005.374023
65,0.561380,0.525587,16254.919922
66,0.556389,0.525412,16504.503906
67,0.551457,0.525062,16754.062500
68,0.546682,0.525501,17003.658203
69,0.541831,0.526623,17253.197266
70,0.536528,0.527438,17502.787109
71,0.530501,0.527678,17752.345703
72,0.522896,0.527934,18001.890625
73,0.513937,0.527637,18251.439453
74,0.503156,0.527229,18501.011719
75,0.489159,0.524284,18750.591797
76,0.472863,0.515665,19000.125000
77,0.455732,0.503858,19266.353516
78,0.446318,0.493122,19532.574219
79,0.438319,0.478900,19765.478516
80,0.430141,0.469607,20015.011719
81,0.423644,0.464019,20264.636719
82,0.419029,0.464992,20514.160156
83,0.417774,0.469387,20763.742188
84,0.420290,0.470467,21013.285156
85,0.426951,0.464884,21262.863281
86,0.433647,0.451867,21512.410156
87,0.439276,0.434615,21761.996094
88,0.442559,0.415203,22011.554688
89,0.446711,0.392875,22261.095703
90,0.454706,0.370553,22510.679688
91,0.469212,0.342474,22760.214844
92,0.485903,0.316140,23009.835938
93,0.504628,0.291936,23259.359375
94,0.529323,0.267359,23508.964844
95,0.550964,0.248922,23758.500000
96,0.564154,0.242614,24008.062500
97,0.585683,0.235848,24257.619141
98,0.616903,0.229542,24507.169922
99,0.642493,0.226565,24756.779297
0,0.749813,0.481077,0.002828
1,0.749744,0.481431,266.221741
2,0.749738,0.481638,515.825623
3,0.753188,0.482485,765.383179
4,0.806192,0.460120,1014.932190
5,0.863212,0.432433,1264.501831
6,0.868078,0.432200,1514.090088
7,0.869863,0.426425,1763.691650
8,0.868161,0.423218,2013.149536
9,0.865806,0.422673,2262.812012
10,0.836989,0.437747,2512.303711
11,0.701272,0.471740,2761.864746
12,0.597986,0.533542,3011.509277
13,0.551465,0.558134,3261.075928
14,0.519366,0.552686,3510.596436
15,0.503454,0.529863,3760.105225
16,0.487456,0.519606,4009.742920
17,0.467297,0.512280,4259.254883
18,0.460565,0.487003,4508.821289
19,0.460322,0.479135,4758.402832
20,0.463904,0.475437,5008.000977
21,0.475094,0.447198,5257.558105
22,0.495561,0.395606,5507.116211
23,0.507225,0.328103,5756.612305
24,0.508490,0.288084,6006.230469
25,0.503708,0.289034,6255.777832
26,0.501940,0.323816,6505.308594
27,0.499758,0.422659,6754.884277
28,0.506980,0.484898,7004.475586
29,0.509952,0.495825,7254.049316
30,0.508375,0.489892,7503.580566
31,0.509494,0.484299,7753.140137
32,0.509672,0.485866,8002.727051
33,0.510480,0.485411,8252.301758
34,0.510310,0.485261,8501.866211
35,0.510231,0.486061,8751.401367
36,0.510251,0.486380,9001.000000
37,0.510072,0.487026,9250.552734
38,0.510146,0.487122,9500.131836
39,0.510430,0.486783,9766.300781
40,0.510186,0.487831,10015.849609
41,0.510031,0.488104,10265.471680
42,0.509904,0.488322,10515.021484
43,0.509949,0.488426,10764.542969
44,0.509853,0.488679,11014.138672
45,0.509700,0.489465,11263.750977
46,0.509646,0.489875,11513.243164
47,0.509595,0.490213,11762.818359
48,0.495910,0.491381,12012.456055
49,0.434726,0.508267,12261.990234
50,0.409333,0.535242,12511.537109
51,0.401283,0.542498,12761.058594
52,0.386955,0.547960,13010.631836
53,0.367058,0.548585,13260.214844
54,0.345085,0.547990,13509.745117
55,0.335704,0.541575,13759.299805
56,0.341512,0.536749,14008.859375
57,0.399735,0.511147,14258.516602
58,0.486154,0.485875,14507.994141
59,0.561761,0.454241,14757.591797
60,0.576267,0.465730,15007.144531
61,0.552543,0.481006,15256.687500
62,0.545535,0.488337,15506.318359
63,0.554629,0.477415,15755.815430
64,0.614437,0.440625,16005.435547
65,0.704934,0.398881,16254.944336
66,0.724761,0.396853,16504.617188
67,0.681188,0.434700,16754.097656
68,0.555501,0.496462,17003.730469
69,0.525297,0.518290,17253.298828
70,0.534788,0.512493,17502.832031
71,0.543280,0.515000,17752.349609
72,0.549818,0.524487,18001.898438
73,0.552639,0.526709,18251.476562
74,0.559677,0.523915,18501.111328
75,0.564574,0.515794,18750.625000
76,0.559811,0.498239,19000.189453
77,0.546842,0.479466,19266.404297
78,0.527681,0.471952,19515.941406
79,0.501363,0.481833,19765.533203
80,0.461207,0.500041,20015.039062
81,0.445874,0.504403,20264.669922
82,0.448804,0.504181,20514.193359
83,0.448175,0.506468,20763.751953
84,0.448700,0.506950,21013.300781
85,0.469582,0.500929,21262.861328
86,0.497986,0.506309,21512.455078
87,0.507207,0.514411,21762.001953
88,0.518206,0.516371,22011.611328
89,0.524945,0.506105,22261.173828
90,0.530987,0.500313,22510.675781
91,0.537604,0.499745,22760.257812
92,0.534915,0.501126,23009.828125
93,0.531147,0.492972,23259.419922
94,0.529353,0.487438,23508.976562
95,0.535194,0.486311,23758.552734
96,0.572936,0.477524,24008.095703
97,0.683112,0.457469,24257.662109
98,0.822746,0.438160,24507.189453
99,0.887906,0.413886,24756.748047
0,0.750137,0.505942,0.015350
1,0.749556,0.506507,266.282349
2,0.748578,0.506789,515.787720
3,0.748499,0.505882,765.388672
4,0.790670,0.477699,1014.919800
5,0.850219,0.452905,1264.478271
6,0.861866,0.467784,1514.084106
7,0.819325,0.547796,1763.703247
8,0.739857,0.573736,2013.280151
9,0.639135,0.559231,2262.739502
10,0.574622,0.546945,2512.335938
11,0.541105,0.538829,2761.852295
12,0.520092,0.527781,3011.410400
13,0.497390,0.508046,3261.043213
14,0.477765,0.470528,3510.657227
15,0.461052,0.455113,3760.146484
16,0.446957,0.470405,4009.666748
17,0.436311,0.491989,4259.323242
18,0.417361,0.520620,4508.824219
19,0.400703,0.535446,4758.408691
20,0.393221,0.528522,5007.994629
21,0.394780,0.515881,5257.580078
22,0.406593,0.500507,5507.126465
23,0.415919,0.483899,5756.611816
24,0.440106,0.468085,6006.236816
25,0.473863,0.458104,6255.773438
26,0.489685,0.457142,6505.468750
27,0.487300,0.471880,6754.926270
28,0.479853,0.486351,7004.529785
29,0.472670,0.499734,7254.051758
30,0.468879,0.509183,7503.583008
31,0.469905,0.515605,7753.124512
32,0.474216,0.520218,8002.705078
33,0.480929,0.534984,8252.263672
34,0.495041,0.578563,8501.877930
35,0.504471,0.654306,8751.451172
36,0.513577,0.720634,9000.996094
37,0.542944,0.782741,9250.514648
38,0.575473,0.825537,9500.161133
39,0.595087,0.845307,9766.325195
40,0.681449,0.854189,10015.891602
41,0.742755,0.833371,10265.410156
42,0.815443,0.781483,10515.043945
43,0.880179,0.773059,10764.626953
44,0.908125,0.818170,11014.113281
45,0.928842,0.843792,11263.701172
46,0.925453,0.824419,11513.253906
47,0.956799,0.733294,11762.841797
48,0.986689,0.659718,12012.358398
49,0.002194,0.538186,12261.972656
50,0.006041,0.476795,12511.523438
51,0.034416,0.470934,12761.061523
52,0.044261,0.473822,13010.625000
53,0.026464,0.470242,13260.179688
54,0.988211,0.457551,13509.821289
55,0.959707,0.452991,13759.344727
56,0.927294,0.451693,14008.953125
57,0.894528,0.445238,14258.475586
58,0.875517,0.395431,14507.993164
59,0.844982,0.367970,14757.562500
60,0.775184,0.353851,15007.164062
61,0.691657,0.367578,15256.698242
62,0.612562,0.386102,15506.297852
63,0.559173,0.395114,15755.842773
64,0.523986,0.452408,16005.439453
65,0.504648,0.493895,16254.987305
66,0.483873,0.508187,16504.507812
67,0.456410,0.514841,16754.080078
68,0.451240,0.519579,17003.666016
69,0.452495,0.526108,17253.298828
70,0.457073,0.529552,17502.753906
71,0.468310,0.531811,17752.400391
72,0.495992,0.537366,18001.931641
73,0.512189,0.522657,18251.457031
74,0.523099,0.492547,18501.005859
75,0.517593,0.449556,18750.644531
76,0.495186,0.409852,19000.199219
77,0.480063,0.390511,19266.369141
78,0.468381,0.392657,19515.910156
79,0.455732,0.398491,19765.570312
80,0.450479,0.401585,20015.064453
81,0.450664,0.402482,20264.603516
82,0.449174,0.402429,20514.269531
83,0.444116,0.404865,20763.765625
84,0.438330,0.409464,21013.388672
85,0.436322,0.411903,21262.914062
86,0.437052,0.413940,21512.460938
87,0.448832,0.430733,21761.974609
88,0.469730,0.469307,22011.580078
89,0.490862,0.523543,22261.181641
90,0.506875,0.548386,22510.722656
91,0.523573,0.567479,22760.251953
92,0.551700,0.582355,23009.794922
93,0.563330,0.598198,23259.416016
94,0.566463,0.636287,23508.941406
95,0.566974,0.658293,23758.539062
96,0.562310,0.684230,24008.154297
97,0.552177,0.710279,24257.699219
98,0.545573,0.719215,24507.244141
99,0.539072,0.722345,24756.750000
0,0.750013,0.553179,0.003074
1,0.750672,0.557516,266.222565
2,0.733943,0.582245,515.801819
3,0.675508,0.589088,765.371948
4,0.609880,0.574704,1014.995178
5,0.576907,0.566898,1264.521973
6,0.557539,0.568059,1514.012085
7,0.534093,0.548386,1763.571411
8,0.520075,0.515914,2013.221313
9,0.509543,0.490464,2262.777588
10,0.497726,0.460571,2512.334229
11,0.481500,0.471991,2761.823730
12,0.458052,0.505499,3011.468018
13,0.447727,0.519353,3261.000244
14,0.449585,0.529304,3510.536621
15,0.449536,0.540599,3760.147217
16,0.449030,0.548078,4009.748291
17,0.449911,0.551188,4259.211426
18,0.450367,0.553617,4508.789551
19,0.451456,0.556193,4758.378906
20,0.453977,0.558145,5007.963379
21,0.470366,0.563863,5257.499512
22,0.492551,0.556902,5507.145508
23,0.502138,0.508294,5756.663574
24,0.504788,0.473203,6006.168945
25,0.547528,0.488129,6255.769531
26,0.672233,0.485777,6505.359863
27,0.796665,0.465983,6754.909668
28,0.871747,0.479506,7004.411133
29,0.913553,0.482596,7254.066895
30,0.956819,0.476706,7503.633301
31,0.994052,0.474831,7753.189941
32,0.027544,0.477553,8002.707031
33,0.053733,0.471977,8252.300781
34,0.067228,0.438107,8501.806641
35,0.079018,0.388217,8751.360352
36,0.057940,0.326317,9000.981445
37,0.990054,0.280544,9250.591797
38,0.964635,0.255924,9500.101562
39,0.985908,0.215150,9766.378906
40,0.020131,0.177220,10015.832031
41,0.077493,0.136820,10265.411133
42,0.118306,0.114701,10515.006836
43,0.151396,0.115407,10764.521484
44,0.223122,0.137914,11014.083008
45,0.237435,0.206628,11263.704102
46,0.244713,0.337350,11513.323242
47,0.262766,0.470042,11762.761719
48,0.269861,0.559900,12012.401367
49,0.259411,0.640664,12261.939453
50,0.248617,0.718646,12511.484375
51,0.252897,0.779954,12761.038086
52,0.258866,0.836830,13010.624023
53,0.272805,0.885810,13260.278320
54,0.287529,0.909287,13509.721680
55,0.289958,0.917507,13759.333984
56,0.303250,0.921468,14008.864258
57,0.320589,0.922325,14258.420898
58,0.343881,0.924917,14508.094727
59,0.366158,0.922716,14757.629883
60,0.377280,0.923597,15007.108398
61,0.380073,0.922947,15256.675781
62,0.395539,0.921202,15506.265625
63,0.401732,0.927744,15755.832031
64,0.447034,0.926959,16005.431641
65,0.459426,0.928674,16254.944336
66,0.466183,0.928771,16504.582031
67,0.472901,0.926971,16754.050781
68,0.483676,0.927959,17003.636719
69,0.498491,0.930954,17253.207031
70,0.504543,0.933122,17502.763672
71,0.511717,0.935395,17752.402344
72,0.506532,0.937440,18001.865234
73,0.501766,0.940345,18251.519531
74,0.493955,0.940998,18500.996094
75,0.494486,0.941864,18750.570312
76,0.495310,0.942177,19000.166016
77,0.494868,0.942394,19266.392578
78,0.494573,0.942304,19515.937500
79,0.494639,0.942282,19765.576172
80,0.495164,0.941788,20015.042969
81,0.494760,0.941518,20264.652344
82,0.495372,0.940937,20514.179688
83,0.496153,0.941107,20763.718750
84,0.497436,0.935207,21013.343750
85,0.497793,0.844237,21262.900391
86,0.496511,0.680895,21512.464844
87,0.493185,0.587990,21761.951172
88,0.486892,0.597179,22011.630859
89,0.471332,0.712858,22261.107422
90,0.472251,0.863163,22510.675781
91,0.480441,0.894066,22760.232422
92,0.481794,0.901801,23009.789062
93,0.480867,0.910220,23259.390625
94,0.481332,0.912343,23508.910156
95,0.479480,0.915194,23758.525391
96,0.477012,0.917460,24008.054688
97,0.476142,0.919616,24257.623047
98,0.476934,0.919845,24507.164062
99,0.476426,0.919765,24756.759766
