Idx, longitude, latitude, start timestamp
0,0.749831,0.448032,-0.055565
1,0.749591,0.449245,266.064514
2,0.749139,0.453227,515.637573
3,0.763257,0.456593,765.309692
4,0.856053,0.504994,1014.796143
5,0.915493,0.533235,1264.405396
6,0.925820,0.537778,1513.897583
7,0.949262,0.538293,1763.573730
8,0.969817,0.527468,2013.005371
9,0.977966,0.528340,2262.607422
10,0.941862,0.561590,2512.159912
11,0.812297,0.586619,2761.779297
12,0.734672,0.567502,3011.274414
13,0.719882,0.551535,3260.866943
14,0.727802,0.543480,3510.462402
15,0.724070,0.538063,3759.995850
16,0.721792,0.493733,4009.581787
17,0.714349,0.412162,4259.157715
18,0.711523,0.414106,4508.691406
19,0.662753,0.461801,4758.265137
20,0.599293,0.516350,5007.816406
21,0.573284,0.521177,5257.362793
22,0.544712,0.523388,5506.952148
23,0.503390,0.552153,5756.425781
24,0.490372,0.566409,6006.098633
25,0.480076,0.562561,6255.571289
26,0.441390,0.555428,6505.282715
27,0.434352,0.550630,6754.701172
28,0.442660,0.524356,7004.321289
29,0.460032,0.467833,7253.899414
30,0.500444,0.452612,7503.451172
31,0.571472,0.469033,7753.079590
32,0.654280,0.499494,8002.548340
33,0.728589,0.503330,8252.211914
34,0.765987,0.503623,8501.676758
35,0.826415,0.500994,8751.355469
36,0.890597,0.492676,9000.787109
37,0.924563,0.495412,9250.374023
38,0.978970,0.509419,9516.665039
39,0.991163,0.518214,9766.112305
40,0.996240,0.533162,10015.791992
41,0.007059,0.544991,10265.271484
42,0.031215,0.557587,10514.847656
43,0.063925,0.575024,10764.391602
44,0.086558,0.587591,11013.957031
45,0.126770,0.561827,11263.453125
46,0.147174,0.528221,11513.068359
47,0.141354,0.510642,11762.673828
48,0.117345,0.445588,12012.247070
49,0.104717,0.400956,12261.680664
50,0.101364,0.394748,12511.333984
51,0.100826,0.409688,12760.922852
52,0.099946,0.420736,13010.450195
53,0.095569,0.427557,13260.039062
54,0.051105,0.452430,13509.648438
55,0.026721,0.464317,13759.161133
56,0.023200,0.467676,14008.669922
57,0.018029,0.469770,14258.329102
58,0.012335,0.469567,14507.842773
59,0.998955,0.471905,14757.422852
60,0.974353,0.464339,15006.878906
61,0.954631,0.455259,15256.570312
62,0.932354,0.432847,15506.118164
63,0.915450,0.409821,15755.660156
64,0.907547,0.407690,16005.216797
65,0.902128,0.406750,16254.789062
66,0.898889,0.404959,16504.433594
67,0.874046,0.410036,16753.894531
68,0.843318,0.425000,17003.544922
69,0.807712,0.476012,17253.031250
70,0.788574,0.513485,17502.626953
71,0.782711,0.517267,17752.126953
72,0.776092,0.505661,18001.775391
73,0.771715,0.444465,18251.199219
74,0.766218,0.396722,18500.871094
75,0.754784,0.355205,18750.468750
76,0.750828,0.348012,19016.578125
77,0.750135,0.349003,19266.191406
78,0.749195,0.352908,19515.710938
79,0.752911,0.398706,19765.294922
80,0.758636,0.451664,20014.810547
81,0.759091,0.462984,20264.429688
82,0.761102,0.463693,20513.953125
83,0.764370,0.465852,20763.621094
84,0.765191,0.467495,21013.066406
85,0.765316,0.469647,21262.662109
86,0.764481,0.470691,21512.296875
87,0.764318,0.470574,21761.759766
88,0.745713,0.473326,22011.386719
89,0.700887,0.491052,22260.898438
90,0.685731,0.505628,22510.500000
91,0.686595,0.507575,22760.070312
92,0.764445,0.515665,23009.666016
93,0.866697,0.508528,23259.171875
94,0.891699,0.500540,23508.763672
95,0.891494,0.496136,23758.236328
96,0.891783,0.495453,24007.853516
97,0.891727,0.495593,24257.472656
98,0.892201,0.496915,24507.029297
99,0.892500,0.498118,24756.582031
0,0.749822,0.498360,0.003575
1,0.749952,0.498149,266.127960
2,0.749596,0.498031,515.623596
3,0.750928,0.497144,765.292786
4,0.761264,0.496835,1014.895081
5,0.800001,0.493745,1264.363892
6,0.843350,0.489961,1514.054077
7,0.859419,0.491439,1763.501099
8,0.853474,0.493654,2013.102417
9,0.851410,0.489678,2262.634277
10,0.842931,0.487812,2512.298096
11,0.820019,0.482201,2761.774902
12,0.798211,0.475466,3011.347412
13,0.773284,0.465326,3260.909424
14,0.751920,0.455753,3510.524170
15,0.728053,0.451053,3760.010010
16,0.708942,0.452726,4009.618896
17,0.704346,0.454712,4259.207031
18,0.691456,0.449746,4508.756348
19,0.671245,0.443976,4758.309082
20,0.648533,0.450497,5007.872070
21,0.630563,0.456333,5257.477051
22,0.615725,0.457697,5506.931641
23,0.600286,0.462478,5756.603516
24,0.588507,0.460686,6006.067383
25,0.579012,0.461805,6255.728516
26,0.570996,0.462518,6505.247559
27,0.555671,0.467668,6754.873047
28,0.531425,0.481298,7004.315430
29,0.516491,0.483741,7253.904297
30,0.500309,0.485573,7503.592285
31,0.483595,0.485459,7753.059082
32,0.470921,0.485791,8002.704590
33,0.456142,0.491694,8268.824219
34,0.437385,0.490416,8501.843750
35,0.420665,0.489682,8751.287109
36,0.403995,0.490515,9000.941406
37,0.392321,0.485334,9250.395508
38,0.392917,0.455834,9500.062500
39,0.404665,0.417849,9766.242188
40,0.417683,0.396976,10015.802734
41,0.430695,0.393036,10265.401367
42,0.441436,0.396161,10514.915039
43,0.452249,0.397374,10764.619141
44,0.470618,0.400966,11013.979492
45,0.491980,0.405625,11263.592773
46,0.513619,0.413705,11513.149414
47,0.536997,0.424110,11762.772461
48,0.563995,0.433082,12012.281250
49,0.588205,0.437194,12261.844727
50,0.609601,0.433363,12511.358398
51,0.627856,0.433586,12760.971680
52,0.641133,0.434964,13010.585938
53,0.655227,0.436267,13260.072266
54,0.674803,0.440523,13509.693359
55,0.709582,0.459574,13759.234375
56,0.739269,0.467591,14008.811523
57,0.758138,0.475503,14258.344727
58,0.776668,0.470057,14507.993164
59,0.792325,0.466032,14757.448242
60,0.803580,0.464827,15007.075195
61,0.812688,0.458801,15256.541992
62,0.820262,0.455214,15506.161133
63,0.829520,0.455333,15755.668945
64,0.834369,0.453558,16088.586914
65,0.849109,0.459409,16254.935547
66,0.863936,0.457129,16504.468750
67,0.882708,0.455986,16837.185547
68,0.898618,0.455420,17003.523438
69,0.918984,0.451023,17336.320312
70,0.940502,0.444982,17585.886719
71,0.961318,0.447686,17818.757812
72,0.978266,0.451454,18068.435547
73,0.988149,0.455913,18317.875000
74,0.998153,0.463301,18550.876953
75,0.007432,0.470834,18817.011719
76,0.014391,0.476372,19050.029297
77,0.016699,0.477861,19299.544922
78,0.020930,0.479461,19549.123047
79,0.022951,0.479969,19781.986328
80,0.024858,0.480641,20031.642578
81,0.026282,0.480401,20281.126953
82,0.025313,0.478680,20514.152344
83,0.024280,0.477886,20763.632812
84,0.021699,0.478606,21013.230469
85,0.013248,0.478361,21296.087891
86,0.012457,0.479024,21545.638672
87,0.009226,0.477870,21778.585938
88,0.010008,0.483412,22028.078125
89,0.010499,0.486711,22261.085938
90,0.012712,0.493115,22510.607422
91,0.021932,0.514471,22760.205078
92,0.036951,0.550324,23009.746094
93,0.053574,0.569250,23292.572266
94,0.074637,0.581415,23542.193359
95,0.087861,0.583758,23775.054688
96,0.095073,0.580661,24024.730469
97,0.097140,0.575795,24274.167969
98,0.102470,0.568368,24507.166016
99,0.108486,0.559465,24773.314453
0,0.750448,0.500170,-0.003487
1,0.751041,0.501475,266.292084
2,0.752041,0.508594,515.736511
3,0.759317,0.543367,765.349182
4,0.777171,0.606628,1014.875732
5,0.796610,0.666942,1264.484863
6,0.826550,0.711729,1513.931885
7,0.862832,0.738328,1763.616455
8,0.891453,0.755530,2063.102051
9,0.921998,0.767521,2279.294434
10,0.945630,0.745772,2528.934326
11,0.963352,0.719166,2761.761963
12,0.972415,0.697148,3028.076172
13,0.991894,0.677356,3260.931885
14,0.009868,0.654667,3543.776123
15,0.038884,0.644869,3776.656250
16,0.068386,0.645863,4009.640381
17,0.093742,0.642191,4275.756836
18,0.113864,0.612791,4508.797852
19,0.111908,0.557524,4758.248535
20,0.102871,0.544936,5074.347168
21,0.087998,0.525803,5307.361816
22,0.064203,0.501237,5523.557617
23,0.039805,0.490218,5756.576660
24,0.019344,0.482745,6039.341309
25,0.992819,0.472802,6272.323242
26,0.972708,0.464969,6505.228027
27,0.962035,0.462172,6771.413574
28,0.947472,0.458822,7020.949707
29,0.922460,0.459781,7253.910156
30,0.885660,0.448179,7503.427246
31,0.849620,0.426884,7753.019531
32,0.804040,0.412283,8052.474609
33,0.760672,0.398916,8302.019531
34,0.724621,0.395828,8518.366211
35,0.669679,0.390359,8751.278320
36,0.617501,0.386230,9034.129883
37,0.573482,0.396962,9250.397461
38,0.532829,0.428096,9516.477539
39,0.483229,0.457283,9766.074219
40,0.432655,0.486915,10015.670898
41,0.404162,0.515796,10265.168945
42,0.388084,0.534242,10581.316406
43,0.383380,0.531476,10797.639648
44,0.387941,0.522206,11030.511719
45,0.413254,0.520831,11263.433594
46,0.443068,0.543742,11546.295898
47,0.467891,0.557656,11779.309570
48,0.502858,0.568864,12012.149414
49,0.537080,0.562387,12261.730469
50,0.568123,0.559033,12511.258789
51,0.606755,0.559241,12760.880859
52,0.640154,0.554124,13093.605469
53,0.656572,0.543160,13309.858398
54,0.670008,0.539693,13542.844727
55,0.692933,0.537027,13775.679688
56,0.720560,0.525028,14041.938477
57,0.738754,0.503189,14274.807617
58,0.774002,0.479818,14507.778320
59,0.813839,0.451904,14773.931641
60,0.847112,0.443297,15006.962891
61,0.872333,0.429315,15256.427734
62,0.889470,0.415999,15506.042969
63,0.925184,0.447648,15838.742188
64,0.954412,0.479143,16055.042969
65,0.981221,0.496265,16288.012695
66,0.015382,0.510111,16520.839844
67,0.068830,0.525092,16753.708984
68,0.124540,0.551618,17003.341797
69,0.151894,0.541950,17286.255859
70,0.172125,0.508864,17502.478516
71,0.190145,0.510661,17752.115234
72,0.208940,0.524123,18018.255859
73,0.228973,0.554592,18267.792969
74,0.239989,0.573056,18500.681641
75,0.239610,0.592020,18750.292969
76,0.222483,0.625875,19099.693359
77,0.201433,0.666744,19315.882812
78,0.176911,0.664543,19548.875000
79,0.138900,0.658363,19781.746094
80,0.064151,0.675124,20014.726562
81,0.000223,0.672622,20297.496094
82,0.930514,0.654253,20513.847656
83,0.849559,0.623423,20780.054688
84,0.755772,0.577006,21012.949219
85,0.687329,0.549440,21279.125000
86,0.618372,0.529811,21512.097656
87,0.579090,0.509977,21844.810547
88,0.545978,0.490420,22061.044922
89,0.498013,0.493428,22294.072266
90,0.461479,0.506724,22526.949219
91,0.435099,0.520416,22759.806641
92,0.418871,0.517274,23026.035156
93,0.405377,0.520792,23259.001953
94,0.393342,0.524997,23525.185547
95,0.385341,0.531514,23774.755859
96,0.373286,0.519657,24007.630859
97,0.371366,0.456436,24340.412109
98,0.371371,0.443789,24556.759766
99,0.370921,0.470322,24789.609375
0,0.756460,0.382596,0.013786
1,0.764015,0.399157,266.142029
2,0.781807,0.425289,515.735474
3,0.796216,0.447896,765.196899
4,0.813070,0.460199,1014.864441
5,0.831348,0.468165,1264.448975
6,0.844396,0.470720,1514.017944
7,0.855076,0.471238,1763.500732
8,0.866520,0.474501,2013.092407
9,0.882941,0.474414,2262.619385
10,0.902102,0.475794,2512.104980
11,0.922540,0.472652,2761.782227
12,0.939141,0.473165,3011.275879
13,0.957366,0.471950,3260.875000
14,0.971720,0.470394,3510.326172
15,0.986507,0.473437,3760.006104
16,0.002452,0.485913,4009.645752
17,0.008212,0.499265,4259.058105
18,0.006303,0.503829,4508.675293
19,0.998021,0.501523,4758.208008
20,0.989648,0.496742,5007.862305
21,0.974735,0.492700,5257.277344
22,0.962373,0.490520,5523.600586
23,0.950797,0.490137,5789.642090
24,0.930158,0.488548,6006.059082
25,0.911608,0.488800,6255.551758
26,0.890881,0.488344,6505.104004
27,0.874114,0.490224,6754.634766
28,0.850008,0.485730,7020.855469
29,0.822686,0.478291,7253.834961
30,0.798505,0.478914,7503.389160
31,0.777118,0.479508,7753.004883
32,0.758657,0.480492,8002.477051
33,0.741017,0.482675,8252.056641
34,0.726144,0.485474,8501.601562
35,0.705336,0.487573,8751.283203
36,0.686504,0.494365,9000.689453
37,0.661451,0.514601,9283.578125
38,0.626414,0.520910,9516.459961
39,0.599994,0.516075,9766.051758
40,0.577351,0.511409,10015.657227
41,0.557589,0.509310,10265.180664
42,0.529471,0.508719,10514.629883
43,0.500392,0.507438,10764.261719
44,0.475580,0.507657,11013.844727
45,0.431112,0.500071,11263.385742
46,0.394401,0.491391,11512.982422
47,0.368570,0.487396,11762.523438
48,0.349074,0.484182,12012.091797
49,0.317256,0.483681,12261.611328
50,0.286549,0.485554,12511.189453
51,0.254742,0.486988,12794.065430
52,0.233371,0.494801,13010.280273
53,0.211995,0.500536,13259.963867
54,0.196232,0.502931,13509.464844
55,0.180058,0.502639,13759.057617
56,0.159058,0.502643,14008.564453
57,0.139646,0.497559,14258.183594
58,0.118253,0.493104,14507.625000
59,0.099679,0.493056,14757.258789
60,0.077047,0.496076,15006.763672
61,0.063707,0.498946,15256.413086
62,0.047484,0.503786,15505.832031
63,0.031632,0.507845,15755.474609
64,0.016507,0.512853,16054.954102
65,0.003024,0.512447,16287.824219
66,0.994142,0.512355,16504.191406
67,0.980702,0.509076,16753.726562
68,0.967482,0.506255,17003.404297
69,0.952304,0.503227,17269.443359
70,0.943701,0.502009,17502.470703
71,0.943587,0.503046,17751.884766
72,0.947720,0.504802,18001.580078
73,0.955961,0.504461,18250.998047
74,0.973517,0.502437,18500.650391
75,0.992071,0.499399,18750.103516
76,0.010724,0.498136,19016.425781
77,0.028484,0.496451,19265.968750
78,0.060556,0.496979,19565.406250
79,0.080566,0.497586,19765.128906
80,0.103735,0.495626,20014.687500
81,0.124049,0.492056,20264.183594
82,0.150100,0.486747,20530.318359
83,0.172716,0.482949,20763.330078
84,0.187589,0.481504,21012.896484
85,0.202757,0.482173,21262.433594
86,0.216816,0.483088,21511.955078
87,0.239314,0.480891,21761.541016
88,0.265816,0.478491,22011.130859
89,0.291780,0.477591,22260.679688
90,0.313903,0.475271,22510.140625
91,0.339488,0.475683,22826.375000
92,0.353732,0.477836,23009.406250
93,0.370359,0.487025,23258.951172
94,0.389746,0.494105,23508.511719
95,0.417543,0.493482,23757.964844
96,0.440032,0.489392,24024.208984
97,0.456356,0.492080,24257.058594
98,0.482804,0.494289,24506.732422
99,0.500683,0.493755,24756.298828
0,0.736490,0.643844,0.014930
1,0.720639,0.637838,266.121002
2,0.710537,0.630657,515.735352
3,0.712345,0.617822,765.291626
4,0.720214,0.603430,1014.862244
5,0.757333,0.551918,1264.386475
6,0.811907,0.515579,1530.627319
7,0.857210,0.502990,1796.881958
8,0.892398,0.502346,2029.738159
9,0.922771,0.507683,2279.360352
10,0.961096,0.511724,2528.836914
11,0.998650,0.509332,2761.903320
12,0.040297,0.508472,3011.336914
13,0.078829,0.512732,3260.994385
14,0.114961,0.509570,3510.486084
15,0.129236,0.505710,3793.320801
16,0.121038,0.504950,4009.608398
17,0.107097,0.503984,4275.853516
18,0.086498,0.494801,4525.313965
19,0.056144,0.485857,4758.321777
20,0.014764,0.480635,5007.838379
21,0.943672,0.489735,5274.094238
22,0.851916,0.511884,5506.941895
23,0.747152,0.553065,5756.584473
24,0.637706,0.590076,6006.212891
25,0.566923,0.611646,6255.697754
26,0.535293,0.622335,6505.298340
27,0.523290,0.627757,6754.800293
28,0.519217,0.651352,7004.404297
29,0.532587,0.730832,7253.899414
30,0.556644,0.771970,7586.640625
31,0.588491,0.802617,7819.669434
32,0.612873,0.829931,8069.198730
33,0.621619,0.839890,8318.807617
34,0.619712,0.821756,8551.649414
35,0.625551,0.828075,8784.625977
36,0.631724,0.836490,9034.145508
37,0.629133,0.834025,9267.176758
38,0.632679,0.838673,9516.613281
39,0.641745,0.843526,9766.251953
40,0.644068,0.849766,10015.767578
41,0.643385,0.855209,10298.631836
42,0.633377,0.855658,10514.873047
43,0.615345,0.855696,10797.769531
44,0.598718,0.855005,11030.756836
45,0.566819,0.814835,11263.603516
46,0.512182,0.662491,11513.250000
47,0.488141,0.528881,11762.715820
48,0.477477,0.505785,12045.557617
49,0.461352,0.503637,12261.886719
50,0.428981,0.505218,12511.531250
51,0.378266,0.548074,12761.001953
52,0.339214,0.596313,13043.872070
53,0.322027,0.629018,13276.687500
54,0.318452,0.637679,13509.690430
55,0.316027,0.636368,13759.219727
56,0.322256,0.632655,14008.814453
57,0.334105,0.633073,14258.321289
58,0.354210,0.634143,14507.977539
59,0.380625,0.633775,14757.621094
60,0.407198,0.626502,15007.107422
61,0.428245,0.620500,15256.691406
62,0.448684,0.619687,15506.204102
63,0.475850,0.619349,15755.782227
64,0.506879,0.611050,16005.320312
65,0.537257,0.601612,16321.442383
66,0.572836,0.595559,16571.072266
67,0.607534,0.593092,16803.894531
68,0.644314,0.593762,17053.466797
69,0.678751,0.594233,17286.386719
70,0.711202,0.595926,17536.046875
71,0.740248,0.589915,17768.878906
72,0.768136,0.594560,18018.462891
73,0.793306,0.600146,18251.416016
74,0.808270,0.610009,18500.988281
75,0.848202,0.612748,18750.525391
76,0.883301,0.602806,19033.421875
77,0.904062,0.592686,19282.892578
78,0.922263,0.584614,19515.890625
79,0.948122,0.580171,19765.425781
80,0.976835,0.571253,20014.978516
81,0.989878,0.576356,20264.634766
82,0.988591,0.592643,20530.783203
83,0.985841,0.609959,20780.371094
84,0.982939,0.631924,21029.908203
85,0.982191,0.649585,21262.835938
86,0.982397,0.659061,21512.371094
87,0.983802,0.666854,21761.982422
88,0.984519,0.671927,22028.074219
89,0.983651,0.676063,22277.730469
90,0.979172,0.683081,22510.580078
91,0.971783,0.692074,22760.187500
92,0.965492,0.697025,23009.724609
93,0.962130,0.695944,23259.320312
94,0.957580,0.689946,23508.976562
95,0.956552,0.686154,23758.425781
96,0.956284,0.685428,24008.052734
97,0.956189,0.686302,24257.605469
98,0.958159,0.687692,24590.285156
99,0.960414,0.686490,24839.976562
0,0.750069,0.515206,0.001566
1,0.750255,0.516474,266.204926
2,0.750610,0.517625,515.868347
3,0.750795,0.517881,765.361267
4,0.750873,0.518305,1014.967590
5,0.750787,0.519013,1264.548828
6,0.749064,0.525762,1514.136475
7,0.739909,0.578800,1763.592285
8,0.728559,0.639425,2013.164307
9,0.704738,0.678330,2262.725098
10,0.663649,0.669137,2512.285889
11,0.621484,0.639061,2761.872803
12,0.597076,0.609861,3011.486328
13,0.582093,0.583911,3261.101074
14,0.568439,0.556639,3510.597656
15,0.555283,0.533102,3760.103027
16,0.543852,0.529448,4009.678223
17,0.517205,0.549177,4259.276367
18,0.487249,0.580701,4508.845703
19,0.469387,0.595259,4758.377441
20,0.454803,0.592383,5007.962891
21,0.442964,0.591211,5257.512695
22,0.432773,0.575453,5507.049316
23,0.417699,0.562237,5756.652832
24,0.401518,0.576438,6006.260742
25,0.394829,0.601723,6255.772949
26,0.399616,0.611034,6505.368164
27,0.424507,0.610080,6754.938477
28,0.488530,0.601291,7004.487793
29,0.557754,0.603015,7254.105469
30,0.627445,0.596645,7503.639648
31,0.671560,0.592939,7753.139160
32,0.705576,0.592962,8002.708008
33,0.723519,0.612806,8252.307617
34,0.738472,0.617684,8501.869141
35,0.764703,0.597731,8817.965820
36,0.786708,0.579242,9067.452148
37,0.826460,0.544007,9317.072266
38,0.850137,0.539322,9566.703125
39,0.877266,0.529401,9832.866211
40,0.918665,0.511006,10065.865234
41,0.941072,0.508885,10315.362305
42,0.937622,0.523136,10564.983398
43,0.913327,0.527745,10814.442383
44,0.876434,0.529858,11080.665039
45,0.851594,0.529722,11330.175781
46,0.828896,0.525921,11579.900391
47,0.879540,0.520241,11829.335938
48,0.940708,0.507682,12078.937500
49,0.972785,0.503260,12345.207031
50,0.007394,0.496663,12594.653320
51,0.036477,0.495744,12844.319336
52,0.055734,0.501392,13093.795898
53,0.067126,0.502005,13343.438477
54,0.077454,0.502293,13576.289062
55,0.090785,0.505139,13842.537109
56,0.106083,0.509679,14092.059570
57,0.119408,0.513714,14341.626953
58,0.136518,0.511577,14591.280273
59,0.148832,0.509953,14757.628906
60,0.156425,0.510748,15090.431641
61,0.161076,0.507935,15339.857422
62,0.181597,0.517961,15589.529297
63,0.194350,0.539518,15839.003906
64,0.201503,0.554908,16088.655273
65,0.198893,0.554483,16338.135742
66,0.168274,0.537127,16571.125000
67,0.117915,0.520354,16820.623047
68,0.061482,0.522137,17070.216797
69,0.031874,0.522188,17319.742188
70,0.008252,0.524210,17569.359375
71,0.984305,0.506863,17818.822266
72,0.952954,0.475259,18068.496094
73,0.915565,0.442510,18301.369141
74,0.882007,0.418877,18567.597656
75,0.857208,0.406538,18800.591797
76,0.808194,0.405503,19050.056641
77,0.788348,0.414378,19316.357422
78,0.783053,0.422920,19549.228516
79,0.773607,0.426149,19798.800781
80,0.756416,0.434759,20048.345703
81,0.717913,0.430370,20297.929688
82,0.647654,0.398205,20547.439453
83,0.579268,0.389088,20797.041016
84,0.575107,0.326751,21046.591797
85,0.601520,0.242741,21312.832031
86,0.627699,0.187381,21562.453125
87,0.620667,0.171701,21811.890625
88,0.611980,0.173238,22061.574219
89,0.595712,0.183162,22311.011719
90,0.547980,0.189373,22560.658203
91,0.515718,0.197164,22810.125000
92,0.492686,0.225282,23059.837891
93,0.469205,0.266885,23292.667969
94,0.440518,0.320241,23558.890625
95,0.411579,0.389001,23791.849609
96,0.396426,0.454329,24058.007812
97,0.398745,0.484840,24307.517578
98,0.402103,0.502983,24540.533203
99,0.406156,0.536013,24790.003906
0,0.748669,0.369887,0.019337
1,0.749353,0.370942,266.290680
2,0.750001,0.373446,515.874878
3,0.748398,0.376244,765.431885
4,0.748631,0.379431,1015.018311
5,0.756585,0.391609,1264.517334
6,0.766763,0.413105,1514.101929
7,0.793643,0.434437,1763.641479
8,0.842342,0.455856,2013.290894
9,0.893926,0.468936,2262.800537
10,0.940957,0.485931,2512.330322
11,0.982489,0.499531,2761.994385
12,0.022812,0.507379,3011.500977
13,0.043612,0.519759,3261.073242
14,0.046599,0.523993,3510.609619
15,0.038166,0.535307,3760.248291
16,0.031466,0.542100,4009.687500
17,0.038007,0.547695,4259.388672
18,0.042253,0.546546,4525.456543
19,0.041332,0.531713,4758.472656
20,0.037107,0.514109,5007.968750
21,0.036726,0.496250,5257.581543
22,0.035423,0.479013,5540.323730
23,0.035895,0.468985,5773.272949
24,0.035078,0.463115,6022.952637
25,0.034442,0.464089,6255.809082
26,0.034521,0.466394,6505.460938
27,0.035117,0.467473,6771.544434
28,0.035992,0.463598,7021.125488
29,0.032868,0.458127,7270.662598
30,0.024647,0.453000,7520.242676
31,0.016693,0.450121,7769.776367
32,0.994406,0.440271,8019.354980
33,0.964542,0.388005,8252.249023
34,0.949541,0.275829,8501.902344
35,0.939324,0.183249,8751.345703
36,0.929592,0.135169,9001.025391
37,0.924714,0.109730,9250.637695
38,0.854174,0.113425,9500.133789
39,0.735643,0.126209,9832.841797
40,0.663560,0.135188,10082.458008
41,0.635472,0.143842,10331.958984
42,0.594875,0.165383,10581.577148
43,0.527940,0.166742,10814.482422
44,0.440706,0.205642,11064.100586
45,0.389522,0.242336,11313.582031
46,0.359073,0.283493,11546.569336
47,0.330792,0.342580,11796.068359
48,0.307234,0.396682,12029.095703
49,0.271135,0.440887,12278.548828
50,0.239406,0.464227,12528.183594
51,0.210027,0.483438,12761.082031
52,0.189864,0.493743,13010.679688
53,0.170305,0.499790,13260.158203
54,0.150032,0.496871,13509.809570
55,0.130186,0.492448,13792.680664
56,0.116715,0.495195,14042.183594
57,0.099903,0.499068,14275.142578
58,0.095309,0.517245,14524.699219
59,0.090236,0.524992,14757.611328
60,0.072615,0.521996,15023.787109
61,0.049036,0.531189,15256.772461
62,0.032032,0.536059,15506.279297
63,0.023874,0.528349,15755.869141
64,0.020983,0.515911,16005.366211
65,0.022226,0.517675,16288.218750
66,0.018361,0.515566,16521.111328
67,0.014342,0.502416,16754.132812
68,0.015419,0.489388,17020.332031
69,0.020289,0.490915,17303.117188
70,0.027901,0.491928,17519.486328
71,0.032710,0.489210,17752.304688
72,0.036012,0.488592,18001.968750
73,0.038344,0.490288,18251.490234
74,0.040867,0.489592,18501.099609
75,0.044208,0.487041,18750.544922
76,0.049076,0.483010,19000.095703
77,0.054846,0.472645,19266.279297
78,0.055002,0.472037,19515.941406
79,0.051996,0.474595,19765.429688
80,0.051533,0.476964,20098.302734
81,0.051931,0.479053,20347.757812
82,0.053326,0.480320,20597.437500
83,0.055998,0.481537,20830.244141
84,0.057929,0.482901,21079.929688
85,0.058809,0.482725,21329.410156
86,0.059422,0.482270,21579.035156
87,0.061167,0.483536,21828.503906
88,0.062486,0.483983,22078.123047
89,0.067534,0.485551,22311.042969
90,0.090987,0.494968,22560.654297
91,0.136821,0.507221,22810.150391
92,0.183713,0.502212,23059.722656
93,0.230042,0.497274,23309.234375
94,0.284503,0.493115,23542.226562
95,0.340252,0.488254,23791.730469
96,0.388905,0.481025,24024.769531
97,0.455680,0.473039,24274.224609
98,0.501936,0.476398,24523.806641
99,0.526085,0.490220,24756.736328
0,0.740998,0.489369,0.034900
1,0.736472,0.486003,266.299988
2,0.755845,0.470988,515.867249
3,0.805766,0.465446,765.419312
4,0.847406,0.469681,1014.983459
5,0.875574,0.461331,1264.597168
6,0.895581,0.455586,1514.171021
7,0.912935,0.445185,1763.638794
8,0.922498,0.393563,2013.253296
9,0.936861,0.343886,2262.743408
10,0.978431,0.393047,2512.375732
11,0.031889,0.454931,2761.948730
12,0.066688,0.479267,3011.504150
13,0.089871,0.509760,3261.085938
14,0.117316,0.516429,3510.611328
15,0.155191,0.502872,3760.253906
16,0.160213,0.489855,4009.710205
17,0.126799,0.472556,4259.332031
18,0.078203,0.456271,4508.794922
19,0.038592,0.452573,4758.446777
20,0.006702,0.454377,5007.988770
21,0.956157,0.451308,5257.598145
22,0.886784,0.448878,5507.044922
23,0.807952,0.454778,5756.708984
24,0.751832,0.453946,6006.327637
25,0.695690,0.445580,6255.851562
26,0.632598,0.435607,6505.442383
27,0.575793,0.433629,6754.907715
28,0.514407,0.441638,7004.522949
29,0.451500,0.450900,7254.022461
30,0.405140,0.463846,7503.713867
31,0.386604,0.478950,7753.192383
32,0.390594,0.483548,8002.738281
33,0.388901,0.486478,8252.227539
34,0.375874,0.492913,8501.900391
35,0.349367,0.505124,8751.539062
36,0.323585,0.514495,9000.993164
37,0.325687,0.520149,9250.625000
38,0.410391,0.508634,9500.096680
39,0.552512,0.503971,9766.442383
40,0.699901,0.507395,10015.814453
41,0.769379,0.496405,10265.551758
42,0.778583,0.469880,10514.971680
43,0.774954,0.451484,10764.555664
44,0.774602,0.446208,11014.128906
45,0.783439,0.449876,11263.691406
46,0.822567,0.444020,11513.307617
47,0.857281,0.448341,11762.814453
48,0.872699,0.456372,12012.442383
49,0.882127,0.461018,12261.982422
50,0.890089,0.469047,12511.587891
51,0.894900,0.475133,12761.111328
52,0.895695,0.475022,13010.708008
53,0.891806,0.474426,13260.208984
54,0.868416,0.474871,13509.824219
55,0.818539,0.472605,13759.287109
56,0.793052,0.460254,14008.960938
57,0.783051,0.449882,14258.494141
58,0.777106,0.444750,14508.022461
59,0.767664,0.443616,14757.684570
60,0.747547,0.443650,15007.220703
61,0.728755,0.449653,15256.784180
62,0.719617,0.457762,15506.350586
63,0.718943,0.459362,15755.932617
64,0.720396,0.458619,16005.360352
65,0.722979,0.448347,16254.962891
66,0.729244,0.382344,16504.468750
67,0.740747,0.318437,16754.150391
68,0.742934,0.254711,17003.570312
69,0.742079,0.205437,17253.298828
70,0.743344,0.199715,17502.884766
71,0.761739,0.242833,17752.363281
72,0.800512,0.436945,18051.832031
73,0.794823,0.645423,18301.353516
74,0.784274,0.773788,18550.908203
75,0.781906,0.845168,18783.859375
76,0.767821,0.881828,19033.462891
77,0.768426,0.897100,19266.330078
78,0.772205,0.899921,19515.912109
79,0.770509,0.896481,19765.392578
80,0.772279,0.891215,20048.318359
81,0.770934,0.891027,20297.910156
82,0.771292,0.891820,20547.417969
83,0.770641,0.891397,20780.423828
84,0.771218,0.890941,21029.925781
85,0.771557,0.890934,21279.548828
86,0.772406,0.890341,21529.000000
87,0.772612,0.889820,21762.041016
88,0.772601,0.889557,22011.521484
89,0.772315,0.888561,22294.398438
90,0.772485,0.887614,22527.396484
91,0.772274,0.887110,22776.835938
92,0.772352,0.886720,23026.492188
93,0.772296,0.886063,23259.382812
94,0.771885,0.885196,23509.007812
95,0.771737,0.884615,23758.488281
96,0.771824,0.883807,24008.123047
97,0.771913,0.883000,24274.226562
98,0.771706,0.882447,24523.818359
99,0.771769,0.882047,24756.710938
0,0.748306,0.499921,-0.026645
1,0.749901,0.497933,266.184326
2,0.751954,0.499008,515.744263
3,0.753462,0.499530,765.337280
4,0.754883,0.497039,1014.874573
5,0.756891,0.490629,1264.432129
6,0.760135,0.466401,1514.006714
7,0.762265,0.430840,1763.586548
8,0.761341,0.390913,2013.153198
9,0.764853,0.352757,2262.712646
10,0.767909,0.322262,2512.299561
11,0.776533,0.303547,2761.828613
12,0.775607,0.272206,3011.385742
13,0.772848,0.232153,3260.947266
14,0.765664,0.186778,3510.497314
15,0.755513,0.131244,3760.075439
16,0.743255,0.110007,4009.656738
17,0.730394,0.109204,4259.211426
18,0.709367,0.104703,4508.809082
19,0.704221,0.101777,4758.343262
20,0.684950,0.101395,5007.906250
21,0.681415,0.099900,5257.451172
22,0.673455,0.100719,5507.016113
23,0.660689,0.100054,5756.604980
24,0.650913,0.100239,6006.159668
25,0.623043,0.094557,6255.729004
26,0.612901,0.095405,6505.292480
27,0.589094,0.091714,6754.863770
28,0.558757,0.090146,7004.443359
29,0.540258,0.086564,7253.973633
30,0.524700,0.085495,7503.574219
31,0.507885,0.086615,7753.090820
32,0.505889,0.086057,8002.671875
33,0.483033,0.079153,8252.237305
34,0.460221,0.079907,8501.792969
35,0.412370,0.106521,8751.355469
36,0.341828,0.206690,9000.939453
37,0.305007,0.323212,9250.492188
38,0.271574,0.409216,9500.048828
39,0.242149,0.466264,9766.246094
40,0.231556,0.514899,10015.854492
41,0.239380,0.547018,10265.371094
42,0.255951,0.567263,10514.934570
43,0.276103,0.571290,10764.495117
44,0.302335,0.571375,11014.082031
45,0.336077,0.568763,11263.647461
46,0.375280,0.558408,11513.194336
47,0.412902,0.550902,11762.791992
48,0.448356,0.548689,12012.327148
49,0.471500,0.541248,12261.900391
50,0.503506,0.541274,12511.446289
51,0.534369,0.527090,12761.036133
52,0.558807,0.506940,13010.600586
53,0.597035,0.508573,13260.134766
54,0.626532,0.501217,13509.727539
55,0.649445,0.501675,13759.311523
56,0.676148,0.495340,14008.882812
57,0.707741,0.491107,14258.407227
58,0.744353,0.476396,14507.961914
59,0.779523,0.468912,14757.530273
60,0.808564,0.465747,15007.083984
61,0.844528,0.478079,15256.651367
62,0.869155,0.485548,15506.203125
63,0.898536,0.488692,15755.773438
64,0.931672,0.494530,16005.341797
65,0.948709,0.505168,16254.905273
66,0.950786,0.510617,16504.464844
67,0.948155,0.510487,16754.039062
68,0.936419,0.510278,17003.582031
69,0.921893,0.517033,17253.179688
70,0.908184,0.522091,17502.740234
71,0.879759,0.530330,17752.296875
72,0.841828,0.531569,18001.902344
73,0.801976,0.531146,18251.437500
74,0.773168,0.526290,18500.988281
75,0.752144,0.520522,18750.564453
76,0.742278,0.515454,19000.119141
77,0.732099,0.520051,19266.318359
78,0.726098,0.539337,19515.908203
79,0.718769,0.588793,19765.453125
80,0.728872,0.622995,20015.025391
81,0.738330,0.666996,20264.568359
82,0.745395,0.679004,20514.144531
83,0.774835,0.679725,20763.712891
84,0.813171,0.668709,21013.261719
85,0.841198,0.656059,21262.851562
86,0.858094,0.649884,21512.376953
87,0.875018,0.633483,21761.953125
88,0.888591,0.609051,22011.541016
89,0.894543,0.576243,22261.080078
90,0.890806,0.541385,22510.630859
91,0.876687,0.507031,22760.193359
92,0.859536,0.483322,23009.775391
93,0.846373,0.472632,23259.343750
94,0.832236,0.465045,23508.902344
95,0.818092,0.459663,23758.470703
96,0.807934,0.450968,24008.060547
97,0.801558,0.446896,24257.585938
98,0.793899,0.439601,24507.144531
99,0.787252,0.438133,24756.722656
0,0.749987,0.576516,0.032424
1,0.750556,0.576519,266.220520
2,0.760742,0.568095,515.858154
3,0.779170,0.566379,765.397827
4,0.812412,0.583748,1014.926025
5,0.848103,0.594945,1264.512573
6,0.876317,0.596095,1514.074219
7,0.902846,0.593084,1763.656982
8,0.927071,0.591025,2013.163574
9,0.943904,0.586845,2262.850342
10,0.953462,0.584318,2512.357910
11,0.958652,0.573883,2761.895996
12,0.961447,0.515977,3011.452637
13,0.957839,0.407823,3261.077148
14,0.950396,0.326515,3510.669922
15,0.952418,0.273995,3760.114990
16,0.964076,0.241264,4009.774658
17,0.982239,0.233774,4259.269531
18,0.993577,0.258005,4508.839844
19,0.001657,0.317387,4758.385254
20,0.009841,0.384697,5007.993652
21,0.021579,0.455775,5257.616211
22,0.027885,0.526406,5507.088379
23,0.026525,0.593403,5756.664062
24,0.022924,0.645307,6006.247559
25,0.006858,0.658513,6255.827637
26,0.989771,0.662597,6505.313965
27,0.960657,0.691534,6754.958496
28,0.928142,0.732107,7004.453125
29,0.904505,0.756029,7254.024902
30,0.869390,0.773752,7503.652832
31,0.841867,0.794461,7753.184570
32,0.817088,0.831765,8002.759766
33,0.767448,0.875425,8252.349609
34,0.696904,0.906986,8501.862305
35,0.654396,0.920127,8751.393555
36,0.652675,0.921363,9000.957031
37,0.720231,0.907347,9250.537109
38,0.815147,0.844944,9500.112305
39,0.871179,0.757707,9766.291016
40,0.914439,0.691731,10015.851562
41,0.949367,0.645128,10265.413086
42,0.980349,0.607762,10515.025391
43,0.008056,0.584459,10764.559570
44,0.035687,0.569548,11014.132812
45,0.055173,0.562298,11263.671875
46,0.069976,0.560264,11513.237305
47,0.087772,0.555788,11762.804688
48,0.107995,0.549101,12012.365234
49,0.144772,0.545056,12261.943359
50,0.190221,0.547900,12511.504883
51,0.215285,0.550900,12761.077148
52,0.244080,0.553458,13010.629883
53,0.255501,0.550844,13260.196289
54,0.259487,0.547736,13509.747070
55,0.262549,0.545752,13759.326172
56,0.267464,0.533247,14008.902344
57,0.280263,0.510846,14258.485352
58,0.308641,0.518596,14508.006836
59,0.343065,0.518605,14757.558594
60,0.373392,0.521743,15007.132812
61,0.409335,0.548214,15256.734375
62,0.438791,0.555055,15506.271484
63,0.463728,0.561972,15755.823242
64,0.490661,0.568588,16005.382812
65,0.513101,0.570367,16254.949219
66,0.530475,0.568676,16504.509766
67,0.547488,0.568073,16754.101562
68,0.565950,0.567153,17003.667969
69,0.573475,0.558025,17253.207031
70,0.550138,0.512913,17502.769531
71,0.497671,0.504804,17752.363281
72,0.390870,0.558434,18001.898438
73,0.366084,0.580136,18251.476562
74,0.367055,0.582162,18501.035156
75,0.374084,0.581665,18750.607422
76,0.391211,0.587499,19000.169922
77,0.463677,0.585981,19266.359375
78,0.575702,0.574440,19515.910156
79,0.657051,0.577115,19765.515625
80,0.702341,0.572775,20015.062500
81,0.726382,0.575707,20264.632812
82,0.748733,0.578390,20514.195312
83,0.771347,0.579528,20763.789062
84,0.789999,0.580060,21013.322266
85,0.811389,0.581744,21262.863281
86,0.827639,0.581767,21512.443359
87,0.831569,0.577558,21762.009766
88,0.839897,0.577878,22011.572266
89,0.847749,0.577777,22261.121094
90,0.869840,0.570977,22510.695312
91,0.887802,0.576639,22760.246094
92,0.893014,0.576439,23009.812500
93,0.900770,0.576621,23259.380859
94,0.899487,0.577783,23508.962891
95,0.887298,0.576863,23758.525391
96,0.860350,0.567896,24008.062500
97,0.836676,0.556176,24257.640625
98,0.825928,0.555702,24507.212891
99,0.819098,0.562524,24756.767578
0,0.735879,0.606808,0.039186
1,0.701197,0.598132,266.240479
2,0.657537,0.601536,515.777222
3,0.611535,0.600651,765.384033
4,0.576155,0.615141,1014.893188
5,0.581568,0.631480,1264.561279
6,0.609670,0.628487,1514.130249
7,0.655661,0.626098,1763.577881
8,0.701218,0.623325,2013.267090
9,0.739253,0.614954,2262.699951
10,0.769207,0.612400,2512.313477
11,0.788727,0.613285,2761.821289
12,0.794742,0.612199,3011.499512
13,0.788290,0.614938,3261.090820
14,0.767611,0.616587,3510.533691
15,0.698694,0.621483,3760.153564
16,0.590354,0.631636,4009.704590
17,0.491679,0.659229,4259.265137
18,0.420170,0.652895,4508.813477
19,0.406851,0.602018,4758.377930
20,0.433524,0.576214,5007.920410
21,0.492091,0.582979,5257.482422
22,0.576716,0.601956,5507.037109
23,0.654865,0.617208,5756.638184
24,0.717081,0.618494,6006.162598
25,0.760453,0.613483,6255.735840
26,0.763407,0.621598,6505.359375
27,0.724791,0.640768,6754.951660
28,0.665728,0.660159,7004.450195
29,0.634659,0.639197,7254.009277
30,0.576441,0.621782,7503.619141
31,0.507148,0.622640,7753.106445
32,0.486251,0.587677,8002.725098
33,0.505746,0.564550,8252.271484
34,0.560460,0.571784,8501.857422
35,0.633473,0.587462,8751.359375
36,0.687485,0.591894,9000.967773
37,0.732400,0.616955,9250.548828
38,0.782266,0.669173,9500.073242
39,0.819171,0.703066,9766.248047
40,0.823117,0.700291,10015.828125
41,0.818988,0.709074,10265.396484
42,0.803228,0.710294,10515.077148
43,0.779786,0.698287,10764.539062
44,0.741736,0.689335,11014.116211
45,0.699594,0.661901,11263.663086
46,0.664926,0.640068,11513.207031
47,0.632088,0.611823,11762.833984
48,0.625550,0.602485,12012.422852
49,0.647221,0.606303,12261.998047
50,0.685263,0.602733,12511.472656
51,0.720823,0.596853,12761.177734
52,0.748938,0.596219,13010.625977
53,0.780947,0.616842,13260.231445
54,0.813053,0.626709,13509.726562
55,0.851408,0.613908,13759.284180
56,0.902526,0.628862,14008.886719
57,0.939817,0.639582,14258.404297
58,0.957013,0.634943,14508.060547
59,0.961738,0.635278,14757.618164
60,0.959928,0.642323,15007.149414
61,0.957815,0.645769,15256.689453
62,0.957113,0.647519,15506.294922
63,0.956105,0.649150,15755.806641
64,0.953938,0.651072,16005.353516
65,0.951965,0.653086,16254.983398
66,0.951358,0.654825,16504.531250
67,0.950396,0.656193,16754.076172
68,0.949876,0.657750,17003.634766
69,0.949446,0.658652,17253.238281
70,0.948615,0.660268,17502.794922
71,0.947785,0.661482,17752.316406
72,0.947392,0.661125,18001.906250
73,0.946647,0.661993,18251.501953
74,0.947821,0.668230,18501.025391
75,0.947198,0.669703,18750.576172
76,0.945724,0.669883,19000.187500
77,0.944706,0.670598,19266.433594
78,0.944364,0.670545,19515.935547
79,0.944259,0.669499,19765.447266
80,0.942933,0.669305,20015.001953
81,0.943210,0.671013,20264.564453
82,0.955237,0.671578,20514.261719
83,0.982496,0.664946,20763.726562
84,0.011126,0.633567,21013.375000
85,0.019658,0.620396,21262.837891
86,0.011723,0.631078,21512.412109
87,0.991230,0.638835,21761.974609
88,0.954671,0.643277,22011.625000
89,0.894143,0.642452,22261.166016
90,0.827406,0.619836,22510.642578
91,0.781644,0.596897,22760.218750
92,0.743450,0.585000,23009.789062
93,0.726355,0.585646,23259.402344
94,0.716642,0.586677,23508.916016
95,0.717363,0.573261,23758.527344
96,0.718826,0.551661,24008.066406
97,0.724204,0.551880,24257.605469
98,0.715324,0.580925,24507.242188
99,0.713074,0.608681,24756.763672
0,0.751622,0.490606,0.038928
1,0.752488,0.492627,266.259003
2,0.753029,0.493006,515.798340
3,0.754357,0.493219,765.476135
4,0.776519,0.492259,1014.946045
5,0.797923,0.493278,1264.593628
6,0.805245,0.492375,1514.111572
7,0.811068,0.494472,1763.620728
8,0.829297,0.495469,2013.171753
9,0.853009,0.496702,2262.790039
10,0.880321,0.494449,2512.302979
11,0.932479,0.481916,2761.868164
12,0.982648,0.468629,3011.553955
13,0.029601,0.469747,3261.112305
14,0.041517,0.483566,3510.569580
15,0.034648,0.504987,3760.197266
16,0.031292,0.546507,4009.728027
17,0.028767,0.557718,4259.255371
18,0.021919,0.550334,4508.817871
19,0.016978,0.549460,4758.373047
20,0.012723,0.547125,5007.985840
21,0.000005,0.543466,5257.547852
22,0.980169,0.529523,5507.113770
23,0.954569,0.516268,5756.729980
24,0.921243,0.501912,6006.291504
25,0.890028,0.490640,6255.775391
26,0.843045,0.486413,6505.321289
27,0.783587,0.482187,6754.958008
28,0.739591,0.480712,7004.468750
29,0.730455,0.479333,7254.092285
30,0.730590,0.478798,7503.634766
31,0.729276,0.486015,7753.282715
32,0.722515,0.490274,8002.737305
33,0.710873,0.492671,8252.379883
34,0.697276,0.495318,8501.880859
35,0.681528,0.488655,8751.394531
36,0.649629,0.492970,9001.020508
37,0.617817,0.489432,9250.523438
38,0.589597,0.488645,9500.169922
39,0.566953,0.486834,9766.385742
40,0.539185,0.491208,10015.897461
41,0.495800,0.495319,10265.455078
42,0.443748,0.487596,10515.019531
43,0.406593,0.487557,10764.561523
44,0.386936,0.490224,11014.241211
45,0.376668,0.492664,11263.683594
46,0.373899,0.493927,11513.357422
47,0.371709,0.495314,11762.805664
48,0.372217,0.494685,12012.461914
49,0.375243,0.499085,12261.973633
50,0.355624,0.493211,12511.507812
51,0.332638,0.491590,12761.146484
52,0.329577,0.486855,13010.692383
53,0.336584,0.464104,13260.249023
54,0.346364,0.434226,13509.758789
55,0.361412,0.415327,13759.404297
56,0.375127,0.397700,14008.917969
57,0.386337,0.378683,14258.489258
58,0.399240,0.345903,14508.082031
59,0.412362,0.312003,14757.625977
60,0.428375,0.282592,15007.274414
61,0.441685,0.280109,15256.702148
62,0.451676,0.281495,15506.372070
63,0.477066,0.262957,15755.828125
64,0.509368,0.240193,16005.460938
65,0.535333,0.237200,16254.992188
66,0.556802,0.234433,16504.558594
67,0.576239,0.226395,16754.115234
68,0.596040,0.220009,17003.654297
69,0.613615,0.217540,17253.332031
70,0.630769,0.217629,17502.792969
71,0.645250,0.220401,17752.455078
72,0.660263,0.219324,18001.896484
73,0.673581,0.222833,18251.572266
74,0.685450,0.226161,18501.087891
75,0.695486,0.227045,18750.632812
76,0.706867,0.224288,19000.207031
77,0.714885,0.222757,19266.421875
78,0.720763,0.227153,19515.917969
79,0.730257,0.229038,19765.480469
80,0.748471,0.235221,20015.060547
81,0.765822,0.244183,20264.681641
82,0.779657,0.245411,20514.236328
83,0.788237,0.242953,20763.755859
84,0.783224,0.244163,21013.394531
85,0.777797,0.244445,21262.912109
86,0.769465,0.241213,21512.486328
87,0.748095,0.234113,21762.023438
88,0.722825,0.243313,22011.626953
89,0.700858,0.264045,22261.193359
90,0.682359,0.291999,22510.691406
91,0.675128,0.313614,22760.351562
92,0.680926,0.332118,23009.945312
93,0.696581,0.344442,23259.472656
94,0.715688,0.350105,23508.978516
95,0.738684,0.354633,23758.556641
96,0.767519,0.363625,24008.095703
97,0.807794,0.380353,24257.652344
98,0.837896,0.400684,24507.275391
99,0.857341,0.423606,24756.832031
0,0.750398,0.506760,0.047317
1,0.750632,0.506844,266.289398
2,0.750346,0.505970,515.787964
3,0.762809,0.503006,765.378113
4,0.821256,0.500439,1014.911621
5,0.856963,0.499525,1264.552124
6,0.870321,0.500785,1514.044922
7,0.872817,0.506304,1763.613892
8,0.865907,0.508380,2013.223633
9,0.820213,0.498627,2262.773193
10,0.787027,0.482731,2512.393799
11,0.778433,0.480926,2761.879639
12,0.777249,0.486796,3011.513672
13,0.772934,0.489387,3261.014893
14,0.765871,0.492141,3510.575928
15,0.757769,0.494639,3760.127197
16,0.747736,0.495667,4009.746826
17,0.740587,0.499921,4259.319336
18,0.733714,0.501887,4508.861328
19,0.711787,0.495219,4758.367676
20,0.660228,0.491464,5007.968750
21,0.635336,0.502235,5257.535156
22,0.627380,0.511750,5507.075684
23,0.625450,0.522484,5756.684570
24,0.621339,0.526121,6006.239746
25,0.608326,0.509642,6255.800781
26,0.594670,0.495302,6505.383301
27,0.579494,0.488609,6754.945312
28,0.559536,0.489372,7004.480469
29,0.539824,0.496797,7254.075195
30,0.517984,0.498173,7503.669922
31,0.498535,0.495001,7753.206055
32,0.469190,0.492987,8002.716309
33,0.445519,0.496992,8252.377930
34,0.433695,0.501872,8501.877930
35,0.417816,0.502039,8751.397461
36,0.404723,0.500774,9000.982422
37,0.396436,0.499554,9250.564453
38,0.396916,0.499828,9500.139648
39,0.398032,0.500379,9766.293945
40,0.390159,0.495780,10015.904297
41,0.364963,0.468318,10265.423828
42,0.351667,0.428988,10515.019531
43,0.325915,0.399450,10764.570312
44,0.304157,0.401808,11014.138672
45,0.297483,0.417435,11263.688477
46,0.298457,0.427396,11513.260742
47,0.299567,0.431135,11762.814453
48,0.301884,0.435451,12012.366211
49,0.306504,0.436816,12261.925781
50,0.327997,0.429473,12511.511719
51,0.357070,0.421812,12761.075195
52,0.384693,0.425856,13010.697266
53,0.406973,0.435654,13276.844727
54,0.432180,0.445442,13509.771484
55,0.444090,0.452905,13759.313477
56,0.438413,0.454281,14008.889648
57,0.434544,0.461375,14258.449219
58,0.435359,0.461710,14508.022461
59,0.435879,0.459998,14757.564453
60,0.436449,0.463728,15007.187500
61,0.436238,0.466636,15256.708008
62,0.435607,0.468078,15506.261719
63,0.434188,0.468947,15755.834961
64,0.432742,0.469979,16005.413086
65,0.427983,0.465614,16254.964844
66,0.420537,0.447826,16504.533203
67,0.419483,0.408616,16754.113281
68,0.432375,0.370370,17003.671875
69,0.433831,0.350914,17253.220703
70,0.433717,0.354352,17502.775391
71,0.433790,0.354610,17752.345703
72,0.435782,0.352299,18001.912109
73,0.439343,0.355957,18251.496094
74,0.439404,0.360406,18501.078125
75,0.439407,0.363410,18750.628906
76,0.440500,0.374386,19000.193359
77,0.446675,0.404071,19266.376953
78,0.471515,0.434647,19515.935547
79,0.486333,0.450993,19765.511719
80,0.482152,0.466231,20015.089844
81,0.477490,0.478369,20264.636719
82,0.480775,0.486498,20514.214844
83,0.497021,0.497047,20763.750000
84,0.512246,0.504280,21013.308594
85,0.526991,0.510027,21262.882812
86,0.544351,0.511764,21512.486328
87,0.560449,0.508521,21762.054688
88,0.572358,0.505724,22011.601562
89,0.582867,0.504446,22261.160156
90,0.595035,0.505648,22510.691406
91,0.607513,0.507289,22760.281250
92,0.619722,0.508276,23009.851562
93,0.631917,0.507893,23259.404297
94,0.645828,0.508850,23508.957031
95,0.657963,0.509713,23758.552734
96,0.670133,0.511452,24008.074219
97,0.683705,0.511098,24257.640625
98,0.706620,0.511349,24507.218750
99,0.723417,0.504016,24756.802734
0,0.748519,0.582787,-0.003412
1,0.746631,0.580392,266.277649
2,0.746415,0.579109,515.804688
3,0.746257,0.578746,765.412720
4,0.740341,0.578316,1014.878174
5,0.717880,0.579440,1264.449463
6,0.689062,0.577507,1514.055420
7,0.656582,0.572748,1763.539062
8,0.613272,0.563930,2013.162598
9,0.584231,0.557809,2262.732178
10,0.553347,0.559361,2512.290527
11,0.532734,0.560035,2761.831787
12,0.528256,0.562595,3011.496582
13,0.533238,0.550559,3260.989990
14,0.537707,0.545788,3510.545654
15,0.548141,0.543287,3760.097900
16,0.562693,0.540401,4009.634766
17,0.582000,0.539538,4259.231445
18,0.601571,0.536262,4508.755859
19,0.619616,0.541751,4758.377930
20,0.637132,0.544233,5007.896973
21,0.653260,0.543684,5257.530762
22,0.671788,0.542753,5507.056641
23,0.688036,0.544279,5756.637695
24,0.698107,0.543395,6006.166504
25,0.705534,0.543887,6255.690430
26,0.721136,0.537443,6505.295410
27,0.743986,0.525979,6754.836426
28,0.755203,0.518167,7004.456055
29,0.757190,0.515639,7253.985352
30,0.756911,0.515927,7503.575195
31,0.758898,0.517743,7753.145508
32,0.761981,0.522283,8002.665039
33,0.769350,0.525375,8252.323242
34,0.777330,0.526690,8501.801758
35,0.785801,0.524563,8751.427734
36,0.794399,0.523761,9000.900391
37,0.801531,0.524634,9250.487305
38,0.803802,0.531129,9500.023438
39,0.800206,0.566006,9766.289062
40,0.790705,0.603647,10015.826172
41,0.781641,0.649908,10265.403320
42,0.783307,0.685908,10514.921875
43,0.800762,0.686473,10764.505859
44,0.813269,0.669385,11014.041016
45,0.823012,0.664162,11263.723633
46,0.836723,0.657015,11513.241211
47,0.857467,0.647457,11762.767578
48,0.879450,0.635088,12012.413086
49,0.892499,0.607557,12261.963867
50,0.897685,0.581510,12511.479492
51,0.896279,0.558254,12761.000000
52,0.888828,0.542708,13010.681641
53,0.881673,0.527393,13260.133789
54,0.887650,0.516221,13509.702148
55,0.893282,0.511294,13759.363281
56,0.899634,0.505076,14008.943359
57,0.903526,0.500524,14258.445312
58,0.907643,0.500490,14507.947266
59,0.914341,0.496810,14757.583984
60,0.917033,0.498732,15007.089844
61,0.921907,0.501895,15256.667969
62,0.950487,0.505760,15506.276367
63,0.992687,0.506261,15755.848633
64,0.031031,0.507855,16005.335938
65,0.054431,0.515154,16254.937500
66,0.065299,0.517565,16504.472656
67,0.074704,0.518508,16754.107422
68,0.077511,0.520078,17003.603516
69,0.090854,0.522487,17253.169922
70,0.131766,0.524161,17502.787109
71,0.170186,0.525422,17752.304688
72,0.217753,0.525030,18001.851562
73,0.256971,0.528666,18251.451172
74,0.279878,0.538980,18500.990234
75,0.301261,0.560888,18750.599609
76,0.313685,0.570864,19000.148438
77,0.310169,0.572343,19266.312500
78,0.299017,0.570743,19515.919922
79,0.273997,0.570125,19765.494141
80,0.239098,0.580312,20014.982422
81,0.214743,0.566695,20264.589844
82,0.189219,0.557441,20514.193359
83,0.153348,0.544654,20763.687500
84,0.112475,0.532401,21013.304688
85,0.075082,0.526651,21262.875000
86,0.043025,0.524166,21512.443359
87,0.032696,0.529867,21761.974609
88,0.028454,0.545125,22011.500000
89,0.024026,0.562255,22261.146484
90,0.023300,0.568511,22510.621094
91,0.024758,0.570028,22760.251953
92,0.025512,0.572303,23009.884766
93,0.026110,0.573980,23259.359375
94,0.027790,0.575112,23508.892578
95,0.031282,0.579072,23758.464844
96,0.035602,0.579958,24008.113281
97,0.041372,0.579138,24257.625000
98,0.045713,0.579836,24507.185547
99,0.048048,0.581204,24756.697266
0,0.749778,0.527085,-0.021196
1,0.749510,0.525253,266.168976
2,0.749607,0.522521,515.770813
3,0.757449,0.518544,765.308716
4,0.788678,0.520768,1014.872375
5,0.827068,0.512674,1264.419922
6,0.851137,0.509714,1514.068726
7,0.869010,0.518960,1763.603149
8,0.888402,0.522846,2013.126587
9,0.908293,0.525440,2262.715820
10,0.930690,0.523171,2512.271729
11,0.951879,0.527313,2761.866943
12,0.969429,0.529720,3011.410889
13,0.983980,0.524973,3260.968750
14,0.008044,0.522295,3510.493408
15,0.033188,0.526229,3760.078857
16,0.057512,0.520279,4009.679932
17,0.068649,0.507196,4259.193359
18,0.062274,0.494163,4508.808105
19,0.056521,0.496092,4758.428711
20,0.051243,0.504056,5007.898438
21,0.041623,0.516735,5257.497559
22,0.025000,0.531708,5507.005859
23,0.005709,0.526404,5756.642090
24,0.976687,0.526764,6006.162109
25,0.940701,0.533354,6255.728027
26,0.898032,0.543832,6505.337891
27,0.859851,0.601955,6754.840332
28,0.832536,0.692863,7004.451660
29,0.809375,0.780346,7253.930176
30,0.788990,0.838108,7503.612793
31,0.768164,0.869770,7753.124512
32,0.761721,0.887943,8002.667969
33,0.760988,0.898339,8252.250977
34,0.741080,0.905865,8501.827148
35,0.743020,0.917096,8751.359375
36,0.744097,0.915902,9000.886719
37,0.738646,0.901383,9250.508789
38,0.743905,0.871661,9500.025391
39,0.735031,0.862438,9766.296875
40,0.728311,0.803383,10015.806641
41,0.724962,0.666968,10265.360352
42,0.729380,0.575624,10514.899414
43,0.744467,0.527358,10764.538086
44,0.743756,0.495657,11014.049805
45,0.722800,0.478013,11263.669922
46,0.677530,0.468427,11513.201172
47,0.620668,0.470317,11762.774414
48,0.567498,0.472765,12012.345703
49,0.490342,0.483431,12261.873047
50,0.437237,0.491844,12511.469727
51,0.396471,0.491297,12761.004883
52,0.378980,0.497261,13010.591797
53,0.370512,0.491591,13260.121094
54,0.328932,0.500083,13509.761719
55,0.258473,0.506046,13759.291016
56,0.225568,0.507879,14008.860352
57,0.231813,0.509360,14258.407227
58,0.278296,0.501300,14507.958008
59,0.328085,0.501559,14757.638672
60,0.366459,0.479224,15007.155273
61,0.400297,0.468318,15256.726562
62,0.421607,0.462588,15506.192383
63,0.434938,0.463389,15755.884766
64,0.469140,0.387003,16005.325195
65,0.513538,0.300124,16254.896484
66,0.565196,0.251994,16504.519531
67,0.619047,0.251867,16754.070312
68,0.653500,0.263294,17003.636719
69,0.686617,0.290033,17253.154297
70,0.716346,0.326268,17502.802734
71,0.746241,0.389489,17752.277344
72,0.776179,0.456044,18001.830078
73,0.791215,0.480118,18251.445312
74,0.781884,0.488150,18501.005859
75,0.750171,0.490649,18750.556641
76,0.743825,0.492589,19000.140625
77,0.807058,0.494154,19266.289062
78,0.879047,0.485170,19515.972656
79,0.928330,0.476479,19765.408203
80,0.939673,0.473462,20014.974609
81,0.942850,0.475973,20264.642578
82,0.946514,0.482501,20514.146484
83,0.942942,0.486959,20763.699219
84,0.929086,0.489927,21013.244141
85,0.900156,0.494745,21262.800781
86,0.845246,0.508115,21512.355469
87,0.792718,0.517405,21761.925781
88,0.752472,0.513008,22011.525391
89,0.705099,0.509207,22261.109375
90,0.650246,0.508941,22510.656250
91,0.598770,0.513599,22760.181641
92,0.574339,0.518305,23009.789062
93,0.575607,0.523761,23259.337891
94,0.606328,0.526365,23508.919922
95,0.660232,0.527742,23758.486328
96,0.719741,0.527200,24008.097656
97,0.774957,0.525603,24257.603516
98,0.826352,0.521546,24507.132812
99,0.870120,0.516922,24756.724609
0,0.749574,0.491886,0.018069
1,0.750480,0.492376,266.241943
2,0.751151,0.495715,515.883057
3,0.752398,0.517328,765.388123
4,0.754813,0.562740,1014.917847
5,0.759495,0.624544,1264.462769
6,0.759121,0.689687,1514.087158
7,0.755337,0.748617,1763.658813
8,0.749863,0.799287,2013.155029
9,0.748615,0.829137,2262.756348
10,0.750003,0.851337,2512.356689
11,0.749389,0.854577,2761.861816
12,0.748679,0.848709,3011.468018
13,0.731640,0.825477,3261.006348
14,0.701474,0.770148,3510.549316
15,0.682334,0.694361,3760.113525
16,0.651105,0.621815,4009.722656
17,0.612802,0.557338,4259.275391
18,0.590563,0.507941,4508.790039
19,0.593450,0.478942,4758.412109
20,0.599428,0.475137,5007.989746
21,0.615856,0.469223,5257.556152
22,0.665155,0.453789,5507.062988
23,0.727350,0.443364,5756.682617
24,0.791420,0.434613,6006.223145
25,0.842465,0.438284,6255.735840
26,0.880885,0.442359,6505.335449
27,0.903805,0.455625,6754.926758
28,0.928802,0.480476,7004.556641
29,0.948857,0.512554,7254.052246
30,0.959861,0.549778,7503.597168
31,0.964273,0.574345,7753.151855
32,0.962711,0.577571,8002.722656
33,0.960645,0.577993,8252.335938
34,0.959096,0.578643,8501.851562
35,0.958347,0.578956,8751.489258
36,0.955663,0.568542,9000.946289
37,0.951122,0.557573,9250.561523
38,0.936724,0.531331,9500.124023
39,0.903338,0.502374,9766.293945
40,0.837390,0.478450,10015.864258
41,0.777140,0.473717,10265.450195
42,0.752285,0.473515,10514.977539
43,0.752483,0.456419,10764.567383
44,0.753227,0.416676,11014.129883
45,0.755183,0.362750,11263.738281
46,0.757320,0.320678,11513.289062
47,0.758257,0.309611,11762.822266
48,0.741753,0.323236,12012.451172
49,0.712785,0.360413,12261.942383
50,0.708874,0.441688,12511.510742
51,0.730326,0.508524,12761.055664
52,0.782935,0.541159,13010.623047
53,0.841167,0.530402,13260.169922
54,0.864299,0.506287,13509.754883
55,0.876780,0.495341,13759.381836
56,0.872175,0.492150,14008.936523
57,0.840189,0.494002,14258.479492
58,0.804849,0.496577,14508.007812
59,0.777127,0.489888,14757.628906
60,0.767938,0.483271,15007.134766
61,0.768291,0.482251,15256.738281
62,0.768433,0.481163,15506.245117
63,0.767527,0.475944,15755.863281
64,0.767234,0.472374,16005.401367
65,0.767483,0.472752,16254.928711
66,0.767849,0.473879,16504.542969
67,0.767697,0.473059,16754.177734
68,0.767169,0.471877,17003.666016
69,0.767318,0.471683,17253.199219
70,0.765841,0.467416,17502.816406
71,0.751464,0.452376,17752.322266
72,0.714686,0.438399,18001.882812
73,0.675096,0.435888,18251.466797
74,0.642353,0.445653,18501.119141
75,0.619216,0.447042,18750.628906
76,0.603921,0.440252,19000.195312
77,0.607430,0.426250,19266.353516
78,0.611587,0.411163,19515.986328
79,0.621601,0.382734,19765.470703
80,0.637236,0.363133,20015.054688
81,0.653546,0.343751,20264.621094
82,0.674695,0.324447,20514.289062
83,0.704091,0.319727,20763.847656
84,0.737791,0.332709,21013.330078
85,0.768706,0.338316,21262.869141
86,0.789570,0.346452,21512.412109
87,0.811367,0.366991,21761.980469
88,0.835831,0.394937,22011.580078
89,0.857347,0.420955,22261.146484
90,0.866774,0.448434,22510.718750
91,0.869869,0.482408,22760.248047
92,0.862440,0.517127,23009.894531
93,0.850249,0.566218,23259.410156
94,0.835091,0.597302,23508.943359
95,0.805344,0.615413,23758.572266
96,0.772378,0.617969,24008.146484
97,0.744424,0.619692,24257.630859
98,0.723261,0.615109,24507.205078
99,0.697588,0.607883,24756.822266
0,0.774657,0.620417,-0.010241
1,0.801360,0.614681,266.167603
2,0.843695,0.591107,515.777344
3,0.911307,0.537694,765.347534
4,0.930497,0.493942,1014.890381
5,0.901088,0.458885,1264.491577
6,0.874450,0.518692,1514.015137
7,0.846161,0.636551,1763.622314
8,0.761022,0.723009,2013.137939
9,0.681992,0.781238,2262.759277
10,0.613794,0.804955,2512.294678
11,0.567496,0.784805,2761.816406
12,0.557795,0.731524,3011.432617
13,0.584088,0.692448,3260.946045
14,0.624922,0.795329,3510.552734
15,0.673854,0.882224,3760.084229
16,0.640634,0.915500,4009.688232
17,0.628943,0.913182,4259.276855
18,0.627781,0.906902,4525.435059
19,0.607103,0.907478,4758.348633
20,0.593272,0.909503,5007.950195
21,0.578689,0.908434,5257.482422
22,0.560329,0.910588,5507.027344
23,0.539471,0.908015,5756.606934
24,0.504488,0.907314,6006.183105
25,0.467972,0.905115,6255.755859
26,0.453266,0.879916,6505.281738
27,0.457756,0.820929,6754.873047
28,0.437809,0.799695,7004.442383
29,0.402090,0.859068,7253.968262
30,0.376694,0.902165,7503.589844
31,0.382075,0.916670,7753.101562
32,0.394472,0.917796,8002.667969
33,0.411833,0.929316,8252.217773
34,0.446032,0.932386,8501.805664
35,0.466059,0.934923,8751.362305
36,0.473740,0.932469,9000.960938
37,0.452771,0.881262,9250.571289
38,0.429367,0.782798,9500.066406
39,0.394745,0.701028,9766.250000
40,0.377782,0.629200,10015.914062
41,0.378273,0.576564,10265.382812
42,0.394446,0.528491,10515.005859
43,0.397691,0.500303,10764.511719
44,0.413348,0.482575,11014.062500
45,0.473945,0.447846,11263.689453
46,0.555879,0.402692,11513.249023
47,0.610845,0.363074,11762.790039
48,0.660195,0.336272,12012.304688
49,0.703380,0.321940,12261.958984
50,0.730113,0.323948,12511.432617
51,0.755540,0.340149,12761.027344
52,0.786258,0.371653,13010.601562
53,0.817419,0.421991,13260.193359
54,0.856317,0.464177,13509.706055
55,0.888867,0.481876,13759.280273
56,0.917438,0.487767,14008.880859
57,0.941763,0.489898,14258.462891
58,0.964799,0.492507,14508.072266
59,0.987975,0.494125,14757.519531
60,0.008695,0.495122,15007.165039
61,0.028286,0.496829,15256.651367
62,0.048476,0.498833,15506.245117
63,0.067345,0.500501,15755.781250
64,0.084704,0.502337,16005.382812
65,0.101876,0.505165,16254.998047
66,0.118884,0.507549,16504.568359
67,0.134595,0.509401,16754.083984
68,0.149099,0.511746,17003.611328
69,0.155944,0.510796,17253.181641
70,0.151851,0.513391,17502.763672
71,0.136731,0.517296,17752.322266
72,0.117757,0.520718,18018.496094
73,0.097768,0.521939,18251.410156
74,0.075296,0.520198,18501.070312
75,0.049271,0.515775,18750.589844
76,0.029642,0.521266,19000.146484
77,0.008248,0.530438,19266.298828
78,0.985875,0.531779,19515.949219
79,0.965702,0.534080,19765.562500
80,0.947471,0.533239,20015.044922
81,0.929825,0.533869,20264.613281
82,0.909803,0.534848,20514.179688
83,0.871978,0.541167,20763.763672
84,0.832254,0.539806,21013.285156
85,0.796755,0.539015,21262.841797
86,0.767978,0.539648,21512.453125
87,0.746532,0.541095,21762.060547
88,0.726649,0.534927,22011.533203
89,0.712224,0.533749,22261.095703
90,0.696910,0.528816,22510.681641
91,0.668837,0.510616,22760.210938
92,0.626746,0.512160,23009.765625
93,0.586311,0.515318,23259.386719
94,0.548220,0.524867,23508.955078
95,0.510211,0.528235,23758.451172
96,0.472850,0.532877,24008.048828
97,0.434534,0.537339,24257.636719
98,0.407086,0.539109,24507.156250
99,0.387547,0.544858,24756.787109
0,0.749976,0.514376,-0.045910
1,0.749828,0.514671,266.240723
2,0.750341,0.514706,515.742249
3,0.757953,0.512224,765.252319
4,0.794847,0.507133,1014.821289
5,0.826874,0.503138,1264.437500
6,0.851042,0.501673,1513.957520
7,0.873014,0.499740,1763.642090
8,0.898534,0.498581,2013.171753
9,0.931583,0.493360,2262.736816
10,0.969988,0.487542,2512.239990
11,0.000871,0.483431,2761.874023
12,0.024205,0.483256,3011.372559
13,0.049175,0.483681,3260.903809
14,0.075566,0.482270,3510.494141
15,0.087372,0.488780,3760.063721
16,0.086604,0.494869,4009.664551
17,0.084307,0.496878,4259.148438
18,0.082970,0.499414,4508.773438
19,0.080740,0.526849,4758.319336
20,0.078804,0.525834,5007.905273
21,0.077765,0.524787,5257.522461
22,0.076549,0.523357,5507.013672
23,0.074642,0.521056,5756.647461
24,0.072157,0.518369,6006.102539
25,0.065707,0.515574,6255.727539
26,0.051992,0.530929,6505.243164
27,0.035199,0.554768,6754.893066
28,0.023101,0.563243,7004.395996
29,0.018698,0.562061,7254.003418
30,0.014732,0.560895,7503.518066
31,0.012154,0.557666,7753.062012
32,0.002267,0.548385,8002.666992
33,0.990146,0.541878,8252.216797
34,0.973375,0.547435,8501.776367
35,0.951217,0.552163,8751.301758
36,0.939712,0.550963,9000.936523
37,0.926099,0.554777,9250.459961
38,0.891433,0.547887,9500.002930
39,0.862494,0.536505,9766.194336
40,0.829503,0.531157,10015.792969
41,0.813864,0.527829,10265.355469
42,0.802538,0.524674,10514.969727
43,0.786990,0.522743,10764.559570
44,0.769334,0.521299,11014.086914
45,0.756790,0.529636,11263.621094
46,0.740167,0.556208,11513.151367
47,0.721555,0.577534,11762.730469
48,0.704379,0.582252,12012.329102
49,0.689987,0.580759,12261.883789
50,0.675516,0.579673,12511.391602
51,0.660798,0.577008,12761.000000
52,0.650779,0.576724,13010.562500
53,0.646439,0.578407,13260.102539
54,0.641518,0.580229,13509.684570
55,0.636507,0.582402,13759.291016
56,0.633700,0.583617,14008.826172
57,0.630855,0.581339,14258.388672
58,0.636455,0.576172,14508.004883
59,0.653342,0.567710,14757.487305
60,0.690865,0.555296,15007.049805
61,0.718666,0.548887,15256.637695
62,0.716631,0.548530,15506.254883
63,0.701804,0.547098,15755.804688
64,0.676792,0.542641,16005.316406
65,0.645482,0.535590,16254.911133
66,0.622187,0.535691,16504.457031
67,0.590807,0.537434,16753.998047
68,0.525870,0.538535,17003.539062
69,0.457350,0.535399,17253.156250
70,0.433122,0.525847,17502.751953
71,0.439936,0.515819,17752.279297
72,0.448559,0.519624,18001.875000
73,0.452995,0.510767,18251.419922
74,0.457441,0.487376,18500.968750
75,0.465316,0.453767,18750.595703
76,0.473617,0.419769,19000.119141
77,0.487131,0.381769,19266.343750
78,0.504176,0.368537,19515.882812
79,0.540233,0.382101,19765.455078
80,0.617207,0.412977,20015.019531
81,0.705905,0.416626,20264.525391
82,0.720135,0.446309,20514.087891
83,0.706998,0.482399,20763.738281
84,0.703445,0.501774,21013.292969
85,0.712324,0.509123,21262.812500
86,0.727971,0.512054,21512.371094
87,0.743703,0.514850,21761.992188
88,0.762127,0.514644,22011.470703
89,0.781460,0.514696,22261.068359
90,0.798408,0.514431,22510.611328
91,0.811465,0.513732,22760.191406
92,0.820965,0.513779,23009.820312
93,0.826499,0.513620,23259.310547
94,0.827477,0.514531,23508.865234
95,0.826630,0.515798,23758.500000
96,0.825308,0.517281,24007.996094
97,0.822945,0.518128,24257.605469
98,0.821076,0.517909,24507.191406
99,0.820521,0.518351,24756.732422
0,0.766960,0.593575,-0.013446
1,0.785432,0.616059,266.202515
2,0.794775,0.614973,515.697327
3,0.807763,0.593948,765.317932
4,0.836544,0.556250,1014.821228
5,0.895283,0.526147,1264.518066
6,0.924154,0.512277,1514.009644
7,0.892956,0.522798,1763.527832
8,0.832639,0.532187,2013.176880
9,0.792195,0.535683,2262.692871
10,0.758601,0.535710,2512.293213
11,0.724431,0.536027,2761.766602
12,0.687361,0.545286,3011.363525
13,0.654972,0.550937,3260.910889
14,0.618823,0.557181,3510.478027
15,0.583759,0.559358,3760.141846
16,0.547247,0.551708,4009.722412
17,0.490234,0.537196,4259.209961
18,0.435344,0.515870,4508.718262
19,0.416626,0.504324,4758.314941
20,0.416851,0.480874,5007.869629
21,0.432083,0.426296,5257.400391
22,0.467682,0.359953,5507.033203
23,0.508853,0.326587,5756.615234
24,0.556038,0.309621,6006.161133
25,0.610002,0.308685,6255.686523
26,0.667607,0.305613,6505.346680
27,0.719205,0.312783,6754.820312
28,0.779277,0.340261,7004.370117
29,0.847698,0.384437,7253.933105
30,0.931636,0.420361,7503.505371
31,0.996378,0.449656,7753.049316
32,0.021464,0.466079,8002.625000
33,0.046230,0.481051,8252.201172
34,0.084028,0.500834,8501.743164
35,0.121900,0.523098,8751.319336
36,0.149701,0.530154,9000.882812
37,0.145197,0.546866,9250.484375
38,0.135377,0.560309,9500.013672
39,0.137501,0.561759,9766.218750
40,0.138811,0.558326,10015.760742
41,0.144194,0.538248,10265.359375
42,0.185142,0.540793,10514.894531
43,0.224232,0.541400,10764.502930
44,0.251006,0.526299,11014.020508
45,0.248290,0.500507,11263.592773
46,0.235760,0.480503,11513.161133
47,0.219629,0.428751,11762.730469
48,0.197074,0.376923,12012.291992
49,0.175784,0.358725,12261.862305
50,0.144182,0.371907,12511.411133
51,0.115741,0.408344,12760.962891
52,0.088369,0.452443,13010.524414
53,0.061392,0.484106,13260.109375
54,0.042014,0.501189,13509.673828
55,0.026635,0.509507,13759.238281
56,0.008853,0.510896,14008.844727
57,0.990436,0.511095,14258.352539
58,0.970716,0.509848,14507.919922
59,0.949690,0.509227,14757.483398
60,0.929655,0.511800,15007.108398
61,0.910498,0.509994,15256.627930
62,0.891137,0.507103,15506.166992
63,0.867859,0.510290,15755.756836
64,0.848553,0.512106,16005.355469
65,0.825493,0.514311,16254.906250
66,0.804654,0.516065,16504.427734
67,0.784248,0.516817,16754.041016
68,0.763875,0.522431,17003.554688
69,0.741776,0.522724,17253.136719
70,0.721442,0.524142,17502.705078
71,0.707716,0.527092,17752.275391
72,0.705942,0.536776,18001.818359
73,0.711816,0.543385,18251.406250
74,0.726689,0.546843,18500.970703
75,0.747587,0.553127,18750.507812
76,0.772599,0.560874,19000.117188
77,0.813161,0.584857,19266.302734
78,0.864822,0.608693,19515.828125
79,0.908172,0.614206,19765.402344
80,0.929709,0.607574,20014.966797
81,0.940975,0.600563,20264.521484
82,0.950530,0.598213,20514.130859
83,0.953229,0.597876,20763.666016
84,0.948320,0.594344,21013.255859
85,0.939073,0.588591,21262.785156
86,0.929133,0.586888,21512.351562
87,0.908584,0.586313,21761.906250
88,0.892010,0.582300,22011.503906
89,0.876717,0.577518,22261.054688
90,0.848325,0.566711,22510.638672
91,0.819677,0.559640,22760.193359
92,0.796012,0.553861,23009.732422
93,0.782523,0.547653,23259.330078
94,0.768033,0.544871,23508.869141
95,0.727916,0.541757,23758.447266
96,0.688800,0.539652,24007.986328
97,0.649829,0.538896,24257.546875
98,0.603890,0.518127,24507.136719
99,0.568838,0.477833,24756.714844
0,0.749814,0.513528,-0.013193
1,0.750157,0.515412,266.151764
2,0.751771,0.518233,515.771484
3,0.756319,0.517434,765.304382
4,0.788091,0.515365,1014.899475
5,0.830578,0.512683,1264.444702
6,0.866013,0.502611,1514.057373
7,0.900065,0.491216,1763.630127
8,0.934137,0.487229,2013.122070
9,0.962850,0.489272,2262.769043
10,0.994839,0.500250,2512.245361
11,0.019480,0.506487,2761.798828
12,0.041666,0.507825,3011.364014
13,0.040624,0.485259,3260.970459
14,0.022802,0.436206,3510.522949
15,0.998467,0.388037,3760.066895
16,0.965122,0.352386,4009.677979
17,0.927925,0.336471,4259.170898
18,0.894567,0.330216,4508.779297
19,0.861120,0.328163,4758.364746
20,0.829329,0.325982,5007.969238
21,0.797120,0.326737,5257.438965
22,0.764331,0.323766,5507.018555
23,0.726878,0.321890,5756.636230
24,0.678122,0.334410,6006.142090
25,0.633946,0.353383,6255.811035
26,0.581522,0.371177,6505.307129
27,0.517688,0.404452,6754.876953
28,0.454120,0.448524,7004.448242
29,0.419430,0.480859,7253.948242
30,0.408798,0.503782,7503.506348
31,0.411495,0.511591,7753.161133
32,0.411569,0.520645,8002.632324
33,0.414939,0.562502,8252.225586
34,0.423244,0.616617,8501.794922
35,0.447056,0.657228,8751.374023
36,0.479630,0.674830,9000.929688
37,0.509703,0.700736,9250.489258
38,0.533470,0.713531,9500.132812
39,0.549266,0.714277,9766.265625
40,0.560589,0.703733,10015.894531
41,0.569538,0.688315,10265.389648
42,0.575150,0.660902,10514.975586
43,0.580053,0.623299,10764.511719
44,0.584113,0.580496,11014.053711
45,0.588790,0.536635,11263.602539
46,0.603588,0.499901,11513.223633
47,0.632141,0.473899,11762.752930
48,0.672360,0.452807,12012.294922
49,0.705217,0.439770,12261.921875
50,0.731085,0.437121,12511.441406
51,0.752437,0.438620,12761.009766
52,0.769336,0.436816,13010.571289
53,0.785922,0.434368,13260.139648
54,0.804637,0.434409,13509.687500
55,0.829473,0.434715,13759.252930
56,0.853019,0.432552,14008.823242
57,0.872062,0.426838,14258.439453
58,0.890941,0.419931,14507.952148
59,0.910954,0.415504,14757.512695
60,0.931720,0.412157,15007.060547
61,0.948785,0.411594,15256.631836
62,0.963150,0.412528,15506.212891
63,0.978570,0.410663,15755.774414
64,0.000151,0.412666,16005.349609
65,0.015553,0.421883,16254.894531
66,0.031585,0.444508,16504.474609
67,0.042117,0.489456,16754.035156
68,0.045629,0.536765,17003.593750
69,0.049854,0.560252,17253.148438
70,0.063376,0.569677,17502.732422
71,0.100418,0.577482,17752.285156
72,0.135443,0.586343,18001.843750
73,0.164594,0.565075,18251.425781
74,0.197107,0.531671,18500.978516
75,0.220305,0.492707,18750.531250
76,0.209868,0.456123,19000.095703
77,0.146753,0.452860,19266.287109
78,0.084363,0.472211,19515.871094
79,0.024384,0.546396,19765.427734
80,0.962185,0.619538,20015.021484
81,0.931859,0.637562,20264.550781
82,0.969014,0.571634,20514.111328
83,0.992154,0.539110,20763.673828
84,0.999019,0.515479,21013.236328
85,0.987778,0.516971,21262.802734
86,0.971210,0.517703,21512.378906
87,0.935725,0.512496,21761.966797
88,0.935569,0.506478,22011.521484
89,0.944930,0.498397,22261.066406
90,0.947239,0.498201,22510.621094
91,0.947218,0.499912,22760.185547
92,0.925073,0.533380,23009.750000
93,0.877663,0.616036,23259.333984
94,0.836052,0.675657,23508.894531
95,0.798341,0.727461,23758.433594
96,0.778216,0.748909,24008.029297
97,0.775767,0.752477,24257.568359
98,0.776736,0.753605,24507.132812
99,0.779341,0.737825,24756.699219
0,0.737583,0.551612,-0.040174
1,0.721205,0.549720,266.181946
2,0.711039,0.549620,515.768250
3,0.707340,0.549733,765.295898
4,0.709960,0.549439,1014.984192
5,0.713394,0.548441,1264.447876
6,0.720073,0.546642,1514.064087
7,0.729581,0.546816,1763.598267
8,0.743008,0.546578,2013.086304
9,0.760110,0.546056,2262.718018
10,0.782680,0.547818,2512.298096
11,0.807622,0.547639,2761.861572
12,0.837998,0.547450,3011.400146
13,0.864958,0.551501,3260.978760
14,0.882048,0.553267,3510.510498
15,0.905028,0.542947,3760.060059
16,0.929238,0.546789,4009.666260
17,0.957223,0.544377,4259.229980
18,0.981551,0.546114,4508.799805
19,0.003441,0.545631,4758.329102
20,0.023507,0.548173,5007.979492
21,0.039522,0.549657,5257.444824
22,0.056495,0.548781,5506.985840
23,0.070915,0.546594,5756.624512
24,0.083224,0.545185,6006.158203
25,0.097973,0.545169,6255.719238
26,0.101635,0.545824,6505.237793
27,0.106126,0.543935,6754.858887
28,0.119374,0.539973,7004.399414
29,0.135555,0.545203,7253.949707
30,0.155245,0.543488,7503.571777
31,0.176087,0.545174,7753.183105
32,0.189075,0.558365,8002.700684
33,0.205925,0.555925,8252.194336
34,0.220929,0.561038,8501.770508
35,0.234280,0.565287,8751.349609
36,0.247981,0.560841,9000.875000
37,0.274092,0.552465,9250.464844
38,0.295795,0.554097,9500.102539
39,0.307591,0.560078,9766.268555
40,0.322532,0.557513,10032.537109
41,0.336956,0.561018,10265.355469
42,0.351780,0.561969,10514.986328
43,0.362564,0.559557,10764.507812
44,0.373711,0.563870,11014.038086
45,0.386666,0.548729,11263.681641
46,0.391804,0.434223,11513.229492
47,0.385941,0.334709,11762.786133
48,0.386856,0.302496,12012.336914
49,0.392100,0.301953,12261.932617
50,0.407717,0.323676,12511.420898
51,0.426298,0.373201,12760.989258
52,0.440486,0.430649,13010.594727
53,0.456745,0.445994,13260.164062
54,0.472674,0.452641,13509.742188
55,0.485887,0.458626,13759.238281
56,0.503190,0.461313,14008.851562
57,0.523926,0.461850,14258.396484
58,0.540435,0.469254,14507.966797
59,0.546230,0.490077,14757.537109
60,0.553828,0.487307,15007.124023
61,0.566318,0.488674,15256.677734
62,0.583443,0.496164,15506.183594
63,0.601065,0.490075,15755.813477
64,0.621715,0.495202,16005.331055
65,0.631544,0.512003,16254.963867
66,0.627880,0.532462,16504.470703
67,0.621973,0.535008,16754.097656
68,0.628447,0.533460,17003.605469
69,0.650929,0.535073,17253.140625
70,0.681672,0.540435,17502.767578
71,0.712238,0.543468,17752.300781
72,0.728725,0.541942,18001.818359
73,0.720211,0.549201,18251.390625
74,0.689419,0.557842,18500.986328
75,0.631432,0.560058,18750.556641
76,0.557542,0.543274,19000.064453
77,0.489779,0.554462,19266.273438
78,0.431363,0.558006,19515.888672
79,0.382148,0.565015,19765.394531
80,0.338171,0.563910,20015.015625
81,0.284863,0.546377,20264.585938
82,0.235851,0.548841,20514.220703
83,0.200275,0.547875,20763.697266
84,0.174550,0.545460,21013.226562
85,0.149884,0.551376,21262.828125
86,0.128135,0.540864,21512.343750
87,0.096965,0.527216,21761.994141
88,0.036952,0.518740,22011.462891
89,0.011243,0.523987,22261.085938
90,0.997552,0.529170,22510.652344
91,0.987848,0.546254,22760.181641
92,0.996581,0.554896,23009.794922
93,0.014399,0.569098,23259.308594
94,0.027962,0.591963,23508.925781
95,0.022546,0.575342,23758.417969
96,0.020831,0.519361,24008.041016
97,0.026838,0.507347,24257.564453
98,0.017184,0.525740,24507.123047
99,0.014153,0.535189,24756.703125
0,0.749382,0.550559,0.000560
1,0.748921,0.555140,266.200409
2,0.749968,0.554028,515.807190
3,0.750319,0.553293,765.288818
4,0.767197,0.546868,1014.898254
5,0.819135,0.529247,1264.425903
6,0.851870,0.506919,1514.107178
7,0.856213,0.503373,1763.580566
8,0.854505,0.502586,2013.193604
9,0.849078,0.499384,2262.794434
10,0.811868,0.489162,2512.231201
11,0.756229,0.475936,2761.860107
12,0.729634,0.475562,3011.407959
13,0.720998,0.482415,3260.942383
14,0.675996,0.509980,3510.493164
15,0.617556,0.537451,3760.115234
16,0.606262,0.545539,4009.651123
17,0.607295,0.546217,4259.194336
18,0.607931,0.545812,4508.756348
19,0.601353,0.544878,4758.367188
20,0.569039,0.542004,5007.888184
21,0.530253,0.539145,5257.485840
22,0.501673,0.537744,5507.101074
23,0.473524,0.539388,5756.592773
24,0.443333,0.540805,6006.126465
25,0.416651,0.543263,6255.695801
26,0.393024,0.539953,6505.336426
27,0.376320,0.523308,6754.842773
28,0.357183,0.516379,7004.420410
29,0.347334,0.512782,7254.046875
30,0.340255,0.510984,7503.639160
31,0.333395,0.518166,7753.081055
32,0.335140,0.522209,8002.687500
33,0.343752,0.523211,8252.220703
34,0.360056,0.524297,8501.766602
35,0.377244,0.528101,8751.413086
36,0.388180,0.531892,9000.925781
37,0.395568,0.532945,9250.514648
38,0.404887,0.532360,9500.043945
39,0.431509,0.527197,9766.229492
40,0.472480,0.524942,10015.808594
41,0.529617,0.527847,10265.412109
42,0.585637,0.533272,10514.940430
43,0.632946,0.532324,10764.538086
44,0.678508,0.532371,11014.115234
45,0.720808,0.527293,11263.652344
46,0.752274,0.519723,11513.202148
47,0.785255,0.514702,11762.827148
48,0.820788,0.511621,12012.403320
49,0.848888,0.510789,12261.901367
50,0.872210,0.510899,12511.520508
51,0.889872,0.510931,12761.031250
52,0.903789,0.514572,13010.594727
53,0.919235,0.516366,13260.133789
54,0.937245,0.513606,13509.713867
55,0.962959,0.513707,13759.248047
56,0.992671,0.511223,14008.869141
57,0.021915,0.509192,14258.439453
58,0.034577,0.512240,14507.988281
59,0.047269,0.508807,14757.539062
60,0.058355,0.514263,15007.079102
61,0.057410,0.523381,15256.727539
62,0.050409,0.520095,15506.235352
63,0.043466,0.519143,15755.803711
64,0.041389,0.525101,16005.357422
65,0.037530,0.522515,16254.977539
66,0.033254,0.521409,16504.496094
67,0.025505,0.531341,16754.031250
68,0.006229,0.550783,17003.630859
69,0.987066,0.553752,17253.148438
70,0.982243,0.552143,17502.753906
71,0.986671,0.546921,17752.304688
72,0.989863,0.534062,18001.871094
73,0.990060,0.525512,18251.466797
74,0.990197,0.524389,18500.978516
75,0.989877,0.522704,18750.632812
76,0.007228,0.513387,19000.134766
77,0.053896,0.494854,19266.312500
78,0.067888,0.485110,19515.939453
79,0.067823,0.483147,19765.455078
80,0.068517,0.485302,20015.050781
81,0.076444,0.485682,20264.595703
82,0.114292,0.500932,20514.115234
83,0.126312,0.505699,20763.773438
84,0.123971,0.496409,21013.304688
85,0.096819,0.460689,21262.861328
86,0.004167,0.379693,21512.367188
87,0.879266,0.330545,21761.984375
88,0.834869,0.309911,22011.527344
89,0.817668,0.310302,22261.066406
90,0.781409,0.333665,22510.720703
91,0.725438,0.383385,22760.234375
92,0.693300,0.434146,23009.775391
93,0.682148,0.460995,23259.341797
94,0.675443,0.470733,23508.931641
95,0.692387,0.461095,23758.498047
96,0.728957,0.446577,24008.064453
97,0.745074,0.454299,24257.580078
98,0.752094,0.462373,24507.238281
99,0.752690,0.470224,24756.740234
0,0.749401,0.490794,-0.014420
1,0.749353,0.488602,266.223541
2,0.752885,0.483477,515.740906
3,0.765829,0.469183,765.340698
4,0.785813,0.451019,1014.927856
5,0.805575,0.448954,1264.542847
6,0.824879,0.454721,1513.977295
7,0.863829,0.449275,1763.635376
8,0.901431,0.447930,2013.197632
9,0.921885,0.448320,2262.689453
10,0.948993,0.462621,2512.335693
11,0.973493,0.475890,2761.934570
12,0.987738,0.488979,3011.486572
13,0.004991,0.501247,3260.942871
14,0.022184,0.508577,3510.590820
15,0.042331,0.519157,3760.139160
16,0.065516,0.510763,4009.622070
17,0.090750,0.510003,4259.299805
18,0.122732,0.541294,4508.775879
19,0.152919,0.622056,4758.361328
20,0.180776,0.728830,5007.890137
21,0.206031,0.817109,5257.489746
22,0.208498,0.862974,5507.058594
23,0.199784,0.879958,5756.598145
24,0.192010,0.887061,6006.231445
25,0.182938,0.890339,6255.775879
26,0.172930,0.893885,6505.289551
27,0.157941,0.890987,6754.838867
28,0.131947,0.880199,7004.466309
29,0.112099,0.865390,7253.996094
30,0.109552,0.855087,7503.559082
31,0.104621,0.854623,7753.143066
32,0.098016,0.861111,8002.758789
33,0.080232,0.866995,8252.255859
34,0.059765,0.861910,8501.794922
35,0.043176,0.779941,8751.351562
36,0.031748,0.616763,9000.958008
37,0.029940,0.479418,9250.562500
38,0.027149,0.376942,9500.019531
39,0.018027,0.312167,9766.215820
40,0.013035,0.249779,10015.936523
41,0.004649,0.211523,10265.407227
42,0.989099,0.201473,10514.958008
43,0.970852,0.207525,10764.482422
44,0.956862,0.218940,11014.131836
45,0.937024,0.216170,11263.726562
46,0.922693,0.207053,11513.167969
47,0.885416,0.212762,11762.806641
48,0.860651,0.227050,12012.310547
49,0.848086,0.239283,12261.874023
50,0.829132,0.261437,12511.538086
51,0.804637,0.291130,12761.115234
52,0.779477,0.301778,13010.656250
53,0.762200,0.317406,13260.196289
54,0.745618,0.348865,13509.761719
55,0.724861,0.385224,13759.272461
56,0.714050,0.416477,14008.826172
57,0.706679,0.446807,14258.443359
58,0.705251,0.458514,14508.032227
59,0.695469,0.453549,14757.567383
60,0.666136,0.451616,15007.094727
61,0.642806,0.449057,15256.702148
62,0.620857,0.452373,15506.230469
63,0.593232,0.453146,15755.760742
64,0.555570,0.448262,16005.363281
65,0.535734,0.451058,16254.953125
66,0.513485,0.455813,16504.460938
67,0.509028,0.452494,16754.035156
68,0.510712,0.452195,17003.578125
69,0.503827,0.454802,17253.195312
70,0.483330,0.446398,17502.705078
71,0.450530,0.449774,17752.343750
72,0.429771,0.462172,18001.888672
73,0.414617,0.478436,18251.410156
74,0.387763,0.503371,18500.978516
75,0.380770,0.519886,18750.621094
76,0.400149,0.530662,19000.132812
77,0.470770,0.529090,19266.300781
78,0.545290,0.520227,19515.875000
79,0.626751,0.518227,19765.431641
80,0.688988,0.511650,20015.056641
81,0.706894,0.504432,20264.625000
82,0.705604,0.501112,20514.136719
83,0.709553,0.501435,20763.714844
84,0.716001,0.508446,21013.281250
85,0.724136,0.504256,21262.828125
86,0.714010,0.498488,21512.453125
87,0.706040,0.469796,21762.044922
88,0.705300,0.457100,22011.537109
89,0.703954,0.471367,22261.097656
90,0.703152,0.469330,22510.634766
91,0.704398,0.476549,22760.220703
92,0.705939,0.490740,23009.751953
93,0.706160,0.501540,23259.427734
94,0.710314,0.506731,23508.886719
95,0.719511,0.504987,23758.466797
96,0.727664,0.504699,24008.017578
97,0.746412,0.510844,24257.681641
98,0.774818,0.519861,24507.193359
99,0.790159,0.529650,24756.707031
0,0.755764,0.672557,-0.045126
1,0.758278,0.676008,266.194000
2,0.771387,0.646653,515.769714
3,0.800059,0.556347,765.315552
4,0.831017,0.474570,1014.877808
5,0.851888,0.449744,1264.472900
6,0.901153,0.474665,1513.972656
7,0.946198,0.513308,1763.593018
8,0.961125,0.608963,2013.108521
9,0.976665,0.826101,2262.678711
10,0.012150,0.898044,2512.303223
11,0.088599,0.933433,2761.915527
12,0.184405,0.956069,3011.444580
13,0.248022,0.962304,3260.939697
14,0.206320,0.970648,3510.550049
15,0.895743,0.909573,3760.061523
16,0.839032,0.708895,4009.614014
17,0.792438,0.580563,4259.181641
18,0.761761,0.526899,4508.838867
19,0.744499,0.499762,4758.354492
20,0.718081,0.486399,5007.900879
21,0.682294,0.470933,5257.539551
22,0.641229,0.482014,5507.053711
23,0.610139,0.460629,5756.576660
24,0.573867,0.440164,6006.181152
25,0.524909,0.486855,6255.758301
26,0.548425,0.436487,6505.259277
27,0.592001,0.298029,6754.855469
28,0.649568,0.238585,7004.458496
29,0.731350,0.213872,7254.000000
30,0.784861,0.216805,7503.523438
31,0.845573,0.242947,7753.132324
32,0.878079,0.250713,8002.700195
33,0.885607,0.261854,8252.235352
34,0.903579,0.281193,8501.778320
35,0.939397,0.328594,8751.407227
36,0.982837,0.387677,9000.941406
37,0.015836,0.450241,9250.458008
38,0.032272,0.472849,9500.102539
39,0.008874,0.488788,9766.277344
40,0.968858,0.488203,10015.868164
41,0.933698,0.499937,10265.350586
42,0.960228,0.501049,10514.944336
43,0.069860,0.502958,10764.489258
44,0.132054,0.510619,11014.065430
45,0.165453,0.520453,11263.618164
46,0.194750,0.521783,11513.233398
47,0.230489,0.529261,11762.769531
48,0.264977,0.545669,12012.321289
49,0.298323,0.554532,12261.892578
50,0.324863,0.552956,12511.477539
51,0.334717,0.549583,12761.012695
52,0.332204,0.547339,13010.567383
53,0.322724,0.546171,13260.185547
54,0.351023,0.545477,13509.780273
55,0.362519,0.554370,13759.291016
56,0.365495,0.558843,14008.843750
57,0.362424,0.559111,14258.446289
58,0.352064,0.549718,14507.968750
59,0.337471,0.543743,14757.521484
60,0.327440,0.529457,15007.128906
61,0.317958,0.512777,15256.634766
62,0.297643,0.507472,15506.237305
63,0.259764,0.521540,15755.767578
64,0.222782,0.524662,16005.372070
65,0.192777,0.548261,16254.955078
66,0.161009,0.565310,16504.462891
67,0.103518,0.569156,16754.125000
68,0.071146,0.569546,17003.593750
69,0.047179,0.571333,17253.181641
70,0.029456,0.572983,17502.714844
71,0.020862,0.571786,17752.320312
72,0.017759,0.571225,18001.853516
73,0.033182,0.579675,18251.431641
74,0.060655,0.586150,18501.007812
75,0.152640,0.587617,18750.562500
76,0.254029,0.581280,19000.113281
77,0.312370,0.575728,19266.339844
78,0.360251,0.566557,19515.855469
79,0.406149,0.562730,19765.474609
80,0.447937,0.563634,20014.992188
81,0.477526,0.564679,20264.589844
82,0.520976,0.568795,20514.160156
83,0.595306,0.587699,20763.697266
84,0.646953,0.578973,21013.279297
85,0.670836,0.542710,21262.810547
86,0.686752,0.512797,21512.410156
87,0.695371,0.514309,21761.931641
88,0.668572,0.513621,22011.492188
89,0.642421,0.514892,22261.050781
90,0.609560,0.503729,22510.722656
91,0.549688,0.480774,22776.916016
92,0.501880,0.477998,23009.781250
93,0.481357,0.489189,23259.408203
94,0.439912,0.492252,23508.908203
95,0.417793,0.496456,23758.490234
96,0.417116,0.501470,24007.990234
97,0.418916,0.499611,24257.632812
98,0.422265,0.503165,24507.125000
99,0.423159,0.522409,24756.705078
0,0.750480,0.647532,-0.002478
1,0.750912,0.647802,266.251892
2,0.751130,0.646391,515.832642
3,0.751986,0.626173,765.322144
4,0.757621,0.595359,1014.865295
5,0.763691,0.565963,1264.503540
6,0.756411,0.539263,1514.003296
7,0.737596,0.519401,1763.593384
8,0.712724,0.503740,2013.149170
9,0.685429,0.492751,2262.755371
10,0.672433,0.491057,2512.285889
11,0.722956,0.505658,2761.897949
12,0.789588,0.515611,3011.478516
13,0.833506,0.518252,3261.013672
14,0.869514,0.515388,3510.558594
15,0.897656,0.510930,3760.116699
16,0.923186,0.506686,4009.690430
17,0.951690,0.501494,4259.217773
18,0.981247,0.497093,4508.873047
19,0.010818,0.496507,4758.343262
20,0.039112,0.496900,5007.992676
21,0.064116,0.496117,5257.499512
22,0.088167,0.494956,5507.057129
23,0.109639,0.491470,5756.628418
24,0.131860,0.483516,6006.155273
25,0.156832,0.460217,6255.807129
26,0.179257,0.420448,6505.274902
27,0.177019,0.389815,6754.885742
28,0.156756,0.374928,7004.466309
29,0.138542,0.364943,7254.074707
30,0.111670,0.369754,7503.571289
31,0.074168,0.391045,7753.105957
32,0.051244,0.414098,8002.771973
33,0.045942,0.427784,8252.224609
34,0.050200,0.438427,8501.912109
35,0.055786,0.454481,8751.342773
36,0.065507,0.499790,9000.947266
37,0.071117,0.564609,9250.528320
38,0.078755,0.623307,9500.085938
39,0.093289,0.652141,9766.248047
40,0.125318,0.632783,10015.890625
41,0.148541,0.604369,10265.420898
42,0.165573,0.560913,10515.024414
43,0.186814,0.511078,10764.507812
44,0.206212,0.473274,11014.188477
45,0.220704,0.457016,11263.686523
46,0.234090,0.456579,11513.209961
47,0.246310,0.462039,11762.828125
48,0.262364,0.463416,12012.326172
49,0.280593,0.462299,12261.890625
50,0.300829,0.460469,12511.464844
51,0.319414,0.460954,12761.024414
52,0.338203,0.453269,13010.583984
53,0.353076,0.432273,13260.155273
54,0.359707,0.420934,13509.725586
55,0.357960,0.420358,13759.286133
56,0.354142,0.400488,14008.890625
57,0.338786,0.377394,14258.398438
58,0.332854,0.360469,14507.973633
59,0.344199,0.355712,14757.541016
60,0.353505,0.365914,15007.130859
61,0.358983,0.389537,15256.666016
62,0.358110,0.420635,15506.229492
63,0.357761,0.440191,15755.795898
64,0.356737,0.468605,16005.354492
65,0.353011,0.500469,16254.930664
66,0.364905,0.505695,16504.478516
67,0.396770,0.500090,16754.072266
68,0.421700,0.495385,17003.615234
69,0.429586,0.500938,17253.185547
70,0.431469,0.506056,17502.757812
71,0.420771,0.507499,17752.304688
72,0.399617,0.510262,18001.857422
73,0.382728,0.512219,18251.435547
74,0.355750,0.509611,18501.031250
75,0.327474,0.513541,18750.560547
76,0.304878,0.517850,19000.154297
77,0.285603,0.519444,19266.326172
78,0.277016,0.514546,19515.876953
79,0.267596,0.502776,19765.449219
80,0.248815,0.467816,20015.039062
81,0.233055,0.447439,20264.585938
82,0.216199,0.446426,20514.175781
83,0.205130,0.450708,20763.705078
84,0.192870,0.453095,21013.269531
85,0.177581,0.457667,21262.824219
86,0.162002,0.462509,21512.400391
87,0.149198,0.467088,21761.980469
88,0.138662,0.468801,22011.562500
89,0.132327,0.469859,22261.121094
90,0.123335,0.466052,22510.658203
91,0.116050,0.469323,22760.250000
92,0.109850,0.479474,23009.792969
93,0.099120,0.483982,23259.359375
94,0.082605,0.484738,23508.912109
95,0.068494,0.480201,23758.468750
96,0.062987,0.474377,24008.039062
97,0.056549,0.476523,24257.613281
98,0.040549,0.478078,24507.197266
99,0.023507,0.480735,24756.755859
0,0.749388,0.511311,0.001215
1,0.751189,0.514310,266.210449
2,0.763020,0.525679,515.860352
3,0.797901,0.538847,765.322327
4,0.849588,0.561657,1014.898315
5,0.910838,0.580969,1264.499268
6,0.962238,0.581020,1513.999023
7,0.000523,0.567375,1763.610840
8,0.017695,0.557751,2013.230835
9,0.032892,0.555237,2262.704346
10,0.048092,0.559582,2512.292969
11,0.043152,0.559607,2761.820312
12,0.032807,0.535720,3011.420654
13,0.018699,0.450969,3260.941895
14,0.002212,0.369639,3510.627441
15,0.986256,0.311209,3760.149170
16,0.977940,0.270774,4009.646729
17,0.972064,0.256213,4259.219238
18,0.961201,0.249465,4508.795898
19,0.943652,0.234668,4758.388184
20,0.911023,0.204039,5007.892578
21,0.870583,0.171017,5257.514648
22,0.849059,0.137035,5507.070801
23,0.832741,0.099775,5756.674316
24,0.775766,0.091455,6006.197754
25,0.683700,0.192499,6255.779785
26,0.613192,0.378881,6505.335449
27,0.561612,0.514122,6754.855469
28,0.566680,0.553518,7004.526855
29,0.604879,0.567983,7253.982422
30,0.670780,0.599961,7503.591309
31,0.733437,0.644912,7753.094238
32,0.771772,0.685736,8002.729980
33,0.800205,0.714772,8252.265625
34,0.820768,0.717949,8501.804688
35,0.833166,0.700162,8751.395508
36,0.834094,0.651309,9000.971680
37,0.829966,0.600000,9250.574219
38,0.830983,0.551175,9500.041992
39,0.842227,0.549806,9766.291016
40,0.866391,0.543555,10015.928711
41,0.893968,0.529374,10265.424805
42,0.920359,0.527982,10514.963867
43,0.937445,0.530605,10764.595703
44,0.948279,0.536449,11014.107422
45,0.955704,0.547014,11263.671875
46,0.978097,0.588743,11513.180664
47,0.985807,0.605493,11762.804688
48,0.968972,0.616216,12012.379883
49,0.937797,0.635924,12261.889648
50,0.887100,0.656851,12511.528320
51,0.849626,0.673881,12761.052734
52,0.819588,0.682083,13010.594727
53,0.805114,0.684952,13260.145508
54,0.801608,0.682742,13509.719727
55,0.800379,0.684581,13759.268555
56,0.793465,0.670949,14008.850586
57,0.801950,0.638725,14258.412109
58,0.810966,0.615349,14507.982422
59,0.825954,0.601602,14757.531250
60,0.852846,0.592183,15007.089844
61,0.894263,0.581028,15256.674805
62,0.953221,0.538446,15506.248047
63,0.000886,0.487973,15755.797852
64,0.054690,0.465804,16005.345703
65,0.106059,0.493644,16254.928711
66,0.115294,0.518601,16504.488281
67,0.111639,0.529089,16754.042969
68,0.106585,0.524807,17003.611328
69,0.105647,0.529562,17253.201172
70,0.106722,0.536190,17502.755859
71,0.097678,0.531908,17752.312500
72,0.069676,0.518970,18001.896484
73,0.035732,0.506804,18251.431641
74,0.997607,0.502485,18501.003906
75,0.930986,0.500718,18750.548828
76,0.859637,0.501099,19000.119141
77,0.798115,0.516323,19266.341797
78,0.695412,0.521185,19515.878906
79,0.591824,0.504836,19765.453125
80,0.575712,0.505818,20015.033203
81,0.567178,0.514644,20264.572266
82,0.566022,0.521744,20514.142578
83,0.568121,0.527604,20763.693359
84,0.572127,0.537432,21013.253906
85,0.582493,0.553452,21262.871094
86,0.593943,0.527893,21512.380859
87,0.612682,0.490043,21761.980469
88,0.636326,0.420148,22011.525391
89,0.667931,0.336092,22261.089844
90,0.685185,0.284425,22510.642578
91,0.701851,0.292314,22760.230469
92,0.734258,0.388358,23009.775391
93,0.777996,0.488881,23259.345703
94,0.801966,0.541912,23508.896484
95,0.806722,0.566635,23758.486328
96,0.805276,0.581327,24008.037109
97,0.801844,0.590290,24257.607422
98,0.807802,0.612507,24507.179688
99,0.824715,0.626224,24756.724609
0,0.750693,0.495127,0.001270
1,0.750989,0.499341,266.243927
2,0.752219,0.505662,515.776245
3,0.753179,0.536380,765.392761
4,0.750259,0.615875,1014.895752
5,0.738843,0.683071,1264.547974
6,0.728372,0.730491,1514.039551
7,0.696069,0.747745,1763.603638
8,0.667672,0.791169,2013.193359
9,0.703661,0.829945,2262.755859
10,0.709172,0.838148,2512.395020
11,0.706331,0.838662,2761.878174
12,0.696399,0.830532,3011.463379
13,0.654703,0.752485,3260.989258
14,0.617418,0.635043,3510.565186
15,0.597416,0.562747,3760.166992
16,0.588768,0.531896,4009.723633
17,0.562882,0.532608,4259.272461
18,0.541096,0.539787,4508.817383
19,0.536555,0.540578,4758.458984
20,0.536544,0.528706,5007.961914
21,0.544538,0.506200,5257.505371
22,0.561825,0.463061,5507.053711
23,0.591142,0.407838,5756.645996
24,0.618455,0.384471,6006.186523
25,0.646409,0.376662,6255.745117
26,0.673480,0.379965,6505.317871
27,0.706805,0.427350,6754.870605
28,0.730374,0.474679,7004.443359
29,0.744061,0.504822,7254.014160
30,0.757663,0.505943,7503.581055
31,0.780057,0.508558,7753.124512
32,0.805581,0.502962,8002.700195
33,0.841115,0.510550,8252.248047
34,0.872156,0.514525,8501.841797
35,0.892000,0.518685,8751.385742
36,0.913601,0.515888,9000.950195
37,0.942623,0.519055,9250.536133
38,0.971433,0.509164,9500.076172
39,0.992289,0.514035,9782.926758
40,0.016353,0.508988,10015.849609
41,0.034753,0.473321,10265.406250
42,0.054056,0.434781,10514.972656
43,0.093142,0.414503,10764.539062
44,0.136489,0.391884,11014.087891
45,0.173885,0.397311,11263.665039
46,0.205267,0.416071,11513.228516
47,0.227963,0.434321,11762.806641
48,0.251943,0.460723,12012.348633
49,0.287484,0.483194,12261.919922
50,0.331746,0.488286,12511.475586
51,0.364860,0.489540,12761.060547
52,0.387385,0.489808,13010.608398
53,0.406883,0.490465,13260.192383
54,0.425726,0.492154,13509.750000
55,0.443513,0.497247,13759.346680
56,0.470177,0.499331,14008.864258
57,0.492488,0.499130,14258.428711
58,0.516954,0.498649,14508.013672
59,0.545568,0.505014,14757.542969
60,0.560639,0.507626,15007.150391
61,0.566200,0.504972,15256.673828
62,0.553122,0.486922,15506.272461
63,0.518234,0.446569,15755.833984
64,0.498858,0.422838,16005.380859
65,0.485745,0.413854,16254.958008
66,0.474744,0.414585,16504.496094
67,0.465052,0.476077,16754.078125
68,0.449385,0.550815,17003.628906
69,0.420239,0.579313,17253.207031
70,0.388184,0.566622,17502.765625
71,0.369982,0.552084,17752.328125
72,0.362086,0.543098,18001.910156
73,0.344932,0.533861,18251.480469
74,0.303269,0.523783,18501.025391
75,0.253484,0.512336,18750.583984
76,0.204766,0.504061,19000.154297
77,0.165697,0.498584,19266.341797
78,0.131203,0.493432,19515.919922
79,0.096101,0.489035,19765.490234
80,0.042372,0.482190,20015.046875
81,0.997634,0.481306,20264.617188
82,0.988237,0.488786,20514.179688
83,0.975351,0.497089,20763.742188
84,0.962400,0.498000,21013.292969
85,0.949470,0.497254,21262.855469
86,0.938245,0.501670,21512.416016
87,0.941323,0.500135,21761.976562
88,0.952673,0.496541,22011.570312
89,0.954448,0.499323,22261.136719
90,0.947021,0.515415,22510.673828
91,0.920957,0.519963,22760.226562
92,0.893876,0.519818,23009.818359
93,0.872546,0.518113,23259.365234
94,0.881139,0.504917,23508.927734
95,0.897699,0.512784,23758.490234
96,0.881470,0.547473,24008.052734
97,0.872578,0.556678,24257.648438
98,0.881807,0.561243,24507.220703
99,0.882534,0.560053,24756.757812
0,0.749966,0.562890,-0.036064
1,0.753528,0.564676,266.181671
2,0.799731,0.565108,515.723938
3,0.879428,0.545630,765.293518
4,0.933863,0.536866,1014.871887
5,0.950586,0.540063,1264.471069
6,0.968736,0.542513,1513.981079
7,0.993218,0.543489,1763.608154
8,0.021609,0.546007,2013.110596
9,0.057875,0.547940,2262.674805
10,0.093642,0.554728,2512.229492
11,0.120505,0.568388,2761.829834
12,0.134817,0.568556,3011.383057
13,0.131691,0.562840,3260.966309
14,0.124912,0.562913,3510.498779
15,0.122845,0.564598,3760.060303
16,0.111663,0.545268,4009.621826
17,0.097816,0.516520,4259.181152
18,0.062095,0.501037,4508.762207
19,0.025101,0.495513,4758.310547
20,0.976720,0.507338,5007.897461
21,0.873201,0.523724,5257.426758
22,0.772162,0.515517,5506.992676
23,0.715055,0.507426,5756.596191
24,0.636403,0.500184,6006.155273
25,0.564241,0.507079,6255.731934
26,0.518278,0.521991,6505.259766
27,0.474327,0.536019,6754.841797
28,0.430165,0.544452,7004.400391
29,0.400091,0.545161,7253.978027
30,0.401302,0.540879,7503.516602
31,0.415693,0.536407,7753.119141
32,0.420949,0.544284,8002.653809
33,0.428116,0.601393,8252.216797
34,0.465488,0.673723,8501.773438
35,0.513329,0.639714,8751.381836
36,0.516476,0.469077,9000.916992
37,0.518196,0.385464,9250.456055
38,0.574052,0.401349,9500.042969
39,0.635543,0.444856,9766.260742
40,0.701740,0.456885,10015.797852
41,0.752687,0.453311,10265.345703
42,0.770809,0.441227,10514.949219
43,0.779951,0.444773,10764.490234
44,0.795862,0.451539,11014.097656
45,0.812418,0.459001,11263.613281
46,0.833138,0.465074,11513.219727
47,0.850740,0.467648,11762.743164
48,0.872124,0.469971,12012.327148
49,0.901008,0.476874,12261.877930
50,0.965288,0.504645,12511.458984
51,0.034479,0.541260,12760.986328
52,0.035854,0.547324,13010.567383
53,0.025024,0.545291,13260.131836
54,0.005940,0.537180,13509.689453
55,0.979825,0.527480,13759.277344
56,0.904623,0.500294,14008.843750
57,0.787226,0.466866,14258.375977
58,0.679806,0.448997,14507.965820
59,0.633426,0.443685,14757.497070
60,0.632498,0.456390,15007.095703
61,0.630378,0.461148,15256.645508
62,0.628788,0.460565,15506.217773
63,0.628696,0.459643,15755.772461
64,0.627906,0.457808,16005.330078
65,0.628994,0.458981,16254.893555
66,0.629272,0.460344,16504.458984
67,0.629780,0.461122,16754.062500
68,0.630358,0.462574,17003.578125
69,0.630837,0.462604,17253.152344
70,0.631012,0.463370,17502.707031
71,0.631058,0.465088,17752.308594
72,0.631455,0.465842,18001.833984
73,0.631575,0.467145,18251.412109
74,0.631419,0.467969,18500.955078
75,0.631374,0.468364,18750.560547
76,0.631139,0.469227,19000.113281
77,0.630971,0.469476,19266.296875
78,0.631164,0.469920,19515.859375
79,0.631231,0.470802,19765.451172
80,0.631225,0.471817,20014.976562
81,0.631180,0.472838,20264.558594
82,0.631180,0.473227,20514.125000
83,0.631179,0.472881,20763.722656
84,0.631070,0.474033,21013.248047
85,0.631054,0.474378,21262.818359
86,0.630990,0.474646,21512.375000
87,0.630757,0.475690,21761.921875
88,0.630621,0.476094,22011.503906
89,0.630532,0.476912,22261.083984
90,0.630208,0.477099,22510.650391
91,0.629854,0.476699,22760.210938
92,0.629898,0.477840,23009.779297
93,0.630112,0.477267,23259.324219
94,0.630300,0.476701,23508.876953
95,0.630291,0.477539,23758.466797
96,0.630258,0.477002,24008.017578
97,0.630326,0.476932,24257.570312
98,0.630293,0.478175,24507.123047
99,0.630321,0.478397,24756.697266
0,0.750365,0.507796,-0.039840
1,0.751573,0.509115,266.208984
2,0.749534,0.509109,515.694397
3,0.744749,0.510871,765.369812
4,0.733430,0.514376,1014.845520
5,0.702352,0.503840,1264.471436
6,0.612130,0.473816,1514.009888
7,0.460828,0.490424,1763.568359
8,0.394435,0.516261,2013.116211
9,0.382590,0.512168,2262.686035
10,0.369543,0.514567,2512.261230
11,0.342127,0.517001,2761.831787
12,0.261535,0.532407,3011.352051
13,0.232738,0.536294,3260.991699
14,0.208796,0.535175,3510.525635
15,0.173993,0.544049,3760.091553
16,0.137327,0.547044,4009.646729
17,0.106897,0.548013,4259.192871
18,0.095584,0.550241,4508.769043
19,0.105344,0.551267,4758.283691
20,0.170079,0.539199,5007.893555
21,0.283979,0.504703,5257.501465
22,0.402936,0.468705,5506.992188
23,0.559789,0.440119,5756.572754
24,0.686899,0.464599,6006.181152
25,0.751630,0.496023,6255.698242
26,0.787092,0.493493,6505.230469
27,0.812597,0.425958,6754.875488
28,0.826489,0.330101,7004.383789
29,0.790516,0.212158,7253.978516
30,0.809136,0.203301,7503.592773
31,0.874394,0.264822,7753.149902
32,0.907670,0.456995,8002.664062
33,0.875997,0.675933,8252.188477
34,0.822808,0.773394,8501.847656
35,0.872227,0.733481,8751.379883
36,0.959758,0.590691,9000.965820
37,0.004388,0.535566,9250.427734
38,0.024872,0.528489,9500.101562
39,0.020512,0.520550,9766.253906
40,0.032093,0.502533,10015.807617
41,0.047696,0.491113,10265.333008
42,0.058769,0.506940,10514.939453
43,0.043836,0.513907,10764.492188
44,0.029947,0.519589,11014.089844
45,0.039942,0.527909,11263.632812
46,0.072980,0.531829,11513.208008
47,0.110855,0.526915,11762.754883
48,0.131869,0.527926,12012.289062
49,0.109620,0.520237,12261.875000
50,0.002116,0.495623,12511.411133
51,0.929287,0.495357,12760.992188
52,0.917318,0.502675,13010.558594
53,0.917422,0.505488,13260.143555
54,0.932771,0.514639,13509.653320
55,0.957892,0.530321,13759.224609
56,0.991719,0.554307,14008.833008
57,0.004685,0.559534,14258.382812
58,0.003523,0.556576,14507.927734
59,0.003218,0.554241,14757.478516
60,0.002459,0.554696,15007.068359
61,0.002705,0.555474,15256.631836
62,0.002921,0.556075,15506.187500
63,0.003189,0.556992,15755.750000
64,0.003432,0.557885,16005.341797
65,0.003623,0.558518,16254.919922
66,0.002012,0.563614,16504.435547
67,0.001783,0.566131,16754.019531
68,0.002057,0.566292,17003.558594
69,0.001875,0.566546,17253.136719
70,0.002009,0.567232,17502.701172
71,0.002012,0.567912,17752.273438
72,0.002337,0.568613,18001.826172
73,0.001110,0.569973,18251.378906
74,0.998820,0.570157,18500.947266
75,0.998342,0.571144,18750.515625
76,0.998831,0.571922,19000.074219
77,0.999242,0.572878,19266.287109
78,0.999373,0.573411,19515.841797
79,0.999422,0.573704,19765.416016
80,0.999729,0.574006,20014.964844
81,0.999831,0.574197,20264.546875
82,0.999961,0.573955,20514.089844
83,0.000007,0.573906,20763.654297
84,0.000203,0.574268,21013.230469
85,0.000356,0.574776,21262.804688
86,0.000363,0.574970,21512.376953
87,0.000384,0.575150,21761.912109
88,0.000228,0.575414,22011.482422
89,0.000275,0.575659,22261.035156
90,0.999878,0.575654,22510.603516
91,0.999866,0.576613,22760.230469
92,0.999965,0.577262,23009.738281
93,0.000188,0.577650,23259.306641
94,0.000023,0.577878,23508.892578
95,0.000157,0.578014,23758.445312
96,0.000126,0.578154,24007.982422
97,0.000236,0.578280,24257.572266
98,0.000017,0.578277,24507.128906
99,0.000077,0.578447,24756.701172
0,0.749992,0.388658,-0.012362
1,0.749819,0.389288,266.190125
2,0.749662,0.389788,515.797546
3,0.749563,0.390215,765.287048
4,0.749461,0.390525,1014.909668
5,0.749363,0.391031,1264.481567
6,0.749262,0.391506,1514.008911
7,0.749141,0.392084,1763.597900
8,0.748975,0.392508,2013.152466
9,0.748883,0.393015,2262.734375
10,0.748741,0.393663,2512.296143
11,0.748649,0.394316,2761.890869
12,0.748544,0.394798,3011.398438
13,0.748409,0.395071,3260.941895
14,0.748215,0.395426,3510.594727
15,0.748122,0.395864,3760.120361
16,0.747962,0.396194,4009.633789
17,0.747840,0.396375,4259.295410
18,0.747723,0.396715,4508.766113
19,0.747713,0.397132,4758.399414
20,0.747622,0.397579,5007.891602
21,0.747606,0.398116,5257.488770
22,0.747375,0.398902,5507.057129
23,0.747877,0.398489,5756.580566
24,0.747137,0.399291,6006.176270
25,0.745629,0.396566,6255.776855
26,0.744722,0.398334,6505.384766
27,0.743971,0.399724,6754.831543
28,0.742170,0.400389,7004.509766
29,0.745195,0.403278,7254.009277
30,0.742976,0.403413,7503.548828
31,0.741308,0.406678,7753.128418
32,0.739743,0.405223,8002.743164
33,0.739395,0.406627,8252.278320
34,0.741373,0.410393,8501.804688
35,0.740408,0.411087,8751.424805
36,0.739789,0.411834,9001.002930
37,0.741579,0.414456,9250.565430
38,0.742058,0.415306,9500.078125
39,0.737935,0.416363,9766.288086
40,0.730016,0.412875,10015.839844
41,0.716144,0.424567,10265.402344
42,0.697102,0.483875,10514.956055
43,0.701585,0.578891,10764.574219
44,0.723729,0.609742,11014.136719
45,0.733900,0.587885,11263.625977
46,0.733937,0.575390,11513.249023
47,0.732573,0.574566,11762.767578
48,0.726884,0.605820,12012.352539
49,0.716722,0.697625,12261.877930
50,0.700999,0.763862,12511.543945
51,0.658506,0.772225,12760.997070
52,0.595580,0.749400,13010.645508
53,0.573591,0.735429,13260.186523
54,0.567718,0.659726,13509.747070
55,0.555676,0.571017,13759.313477
56,0.542630,0.556556,14008.837891
57,0.538085,0.562067,14258.446289
58,0.593950,0.563242,14507.949219
59,0.712281,0.531069,14757.564453
60,0.790535,0.507444,15007.067383
61,0.823839,0.498203,15256.718750
62,0.848638,0.494693,15506.231445
63,0.879811,0.488654,15755.772461
64,0.918140,0.476260,16005.395508
65,0.956942,0.475046,16254.943359
66,0.996082,0.476609,16504.556641
67,0.025717,0.478588,16754.017578
68,0.043640,0.479192,17003.601562
69,0.062897,0.486047,17253.187500
70,0.091002,0.486589,17502.716797
71,0.112344,0.483478,17752.349609
72,0.127416,0.487660,18001.914062
73,0.127389,0.482497,18251.468750
74,0.104204,0.469100,18500.964844
75,0.074249,0.464974,18750.599609
76,0.033339,0.497631,19000.095703
77,0.988530,0.564768,19266.304688
78,0.970311,0.612141,19515.884766
79,0.972537,0.626554,19765.482422
80,0.052443,0.579770,20015.039062
81,0.130776,0.521568,20264.644531
82,0.165035,0.500123,20514.119141
83,0.197340,0.497522,20763.781250
84,0.226541,0.497443,21013.302734
85,0.252992,0.500721,21262.863281
86,0.275518,0.504486,21512.376953
87,0.291884,0.504529,21761.996094
88,0.308555,0.501963,22011.548828
89,0.326036,0.504657,22261.064453
90,0.342032,0.506371,22510.699219
91,0.354423,0.503760,22760.205078
92,0.365517,0.503654,23009.806641
93,0.376911,0.501544,23259.304688
94,0.386290,0.497122,23508.949219
95,0.388271,0.483809,23775.130859
96,0.373235,0.437848,24008.017578
97,0.341149,0.377819,24257.580078
98,0.300828,0.332110,24507.162109
99,0.266021,0.314304,24756.707031
0,0.731009,0.347737,-0.002284
1,0.707121,0.356264,266.291687
2,0.694348,0.391223,515.827820
3,0.689680,0.462832,765.400635
4,0.695972,0.502580,1014.936768
5,0.708349,0.512203,1264.551514
6,0.728013,0.512419,1514.034912
7,0.745188,0.507337,1763.593262
8,0.769403,0.500091,2013.130859
9,0.803666,0.493421,2262.705566
10,0.829194,0.490050,2512.258789
11,0.846885,0.485502,2761.861572
12,0.840987,0.487190,3011.459717
13,0.812334,0.489940,3260.989990
14,0.779690,0.501972,3510.520264
15,0.741917,0.508777,3760.154053
16,0.692660,0.513711,4009.748535
17,0.618298,0.518178,4259.212402
18,0.549967,0.519377,4508.791016
19,0.478212,0.512903,4758.364258
20,0.408066,0.506294,5007.955078
21,0.353011,0.496167,5257.470703
22,0.293464,0.480455,5507.146484
23,0.245535,0.469930,5756.706055
24,0.229861,0.471891,6006.237305
25,0.208943,0.525316,6255.751953
26,0.183315,0.573693,6505.279785
27,0.163203,0.583493,6754.891602
28,0.147270,0.570419,7004.401367
29,0.153653,0.535630,7253.999512
30,0.177040,0.502861,7503.593262
31,0.204516,0.493770,7753.187988
32,0.244293,0.479233,8002.671875
33,0.289582,0.465575,8252.291016
34,0.312372,0.443923,8501.831055
35,0.337823,0.355947,8751.347656
36,0.350559,0.296000,9000.970703
37,0.392301,0.219385,9250.566406
38,0.402852,0.147502,9500.187500
39,0.340308,0.065222,9766.314453
40,0.318870,0.057591,10015.821289
41,0.347367,0.053729,10265.462891
42,0.345206,0.042314,10514.976562
43,0.273148,0.047965,10764.511719
44,0.243069,0.078574,11014.083984
45,0.263055,0.080276,11263.637695
46,0.285070,0.065221,11513.220703
47,0.316196,0.056040,11762.776367
48,0.366819,0.067857,12012.341797
49,0.380847,0.075907,12261.891602
50,0.371209,0.057739,12511.488281
51,0.384581,0.049859,12761.033203
52,0.440877,0.044305,13010.596680
53,0.277330,0.018895,13260.151367
54,0.141387,0.075598,13509.719727
55,0.165242,0.113435,13759.295898
56,0.176646,0.096395,14008.869141
57,0.173497,0.060607,14258.444336
58,0.166207,0.047381,14507.989258
59,0.119371,0.035247,14757.536133
60,0.053060,0.020273,15007.132812
61,0.882100,0.012561,15256.675781
62,0.791889,0.019652,15506.234375
63,0.707832,0.020670,15755.793945
64,0.637339,0.019002,16005.356445
65,0.519151,0.020242,16254.913086
66,0.399521,0.042847,16504.472656
67,0.352284,0.128348,16754.095703
68,0.357484,0.300883,17003.623047
69,0.383844,0.448707,17253.199219
70,0.440645,0.484092,17502.751953
71,0.477611,0.475149,17752.332031
72,0.515871,0.473641,18001.869141
73,0.557327,0.481342,18251.423828
74,0.611656,0.484179,18500.992188
75,0.670302,0.488858,18750.556641
76,0.722228,0.493552,19000.109375
77,0.759112,0.497363,19266.322266
78,0.786803,0.496442,19515.898438
79,0.813748,0.499115,19765.482422
80,0.837378,0.504182,20015.031250
81,0.849392,0.506738,20264.585938
82,0.831952,0.502869,20514.148438
83,0.795552,0.501005,20763.714844
84,0.752467,0.547856,21013.291016
85,0.665047,0.687932,21262.839844
86,0.582633,0.784262,21512.414062
87,0.532854,0.833698,21761.958984
88,0.503503,0.859351,22011.527344
89,0.470186,0.881592,22261.082031
90,0.450361,0.920680,22510.664062
91,0.397349,0.946189,22760.224609
92,0.388144,0.962307,23009.789062
93,0.374467,0.976617,23259.343750
94,0.436169,0.977886,23508.910156
95,0.440344,0.971876,23758.478516
96,0.448921,0.955101,24008.027344
97,0.466629,0.869782,24257.597656
98,0.461668,0.822633,24507.150391
99,0.449273,0.799143,24756.785156
