Idx, longitude, latitude, start timestamp
0,0.755189,0.516316,0.024057
1,0.762324,0.514636,266.124939
2,0.770935,0.516984,515.716309
3,0.782858,0.536453,765.245178
4,0.800254,0.592877,1014.877563
5,0.824804,0.665281,1264.482300
6,0.848260,0.689748,1513.975952
7,0.882788,0.668516,1763.565063
8,0.931654,0.603511,2013.195679
9,0.967242,0.554043,2262.672363
10,0.967186,0.529743,2512.242676
11,0.945020,0.520288,2761.793945
12,0.912482,0.514139,3011.323975
13,0.881529,0.513405,3260.929688
14,0.860058,0.517707,3510.477295
15,0.858879,0.528359,3760.116943
16,0.868554,0.546580,4009.559570
17,0.884361,0.564416,4259.171387
18,0.902322,0.578287,4508.757812
19,0.917412,0.581566,4758.312012
20,0.925283,0.578069,5007.874512
21,0.927955,0.574151,5257.408203
22,0.907064,0.561354,5507.041992
23,0.860482,0.535903,5756.551270
24,0.813105,0.512213,6006.184082
25,0.765759,0.496755,6255.692871
26,0.726452,0.480753,6505.304688
27,0.693331,0.472748,6754.757812
28,0.673501,0.468405,7004.353516
29,0.663815,0.464760,7253.845215
30,0.661144,0.461095,7503.509277
31,0.662440,0.461584,7753.103516
32,0.665871,0.464675,8002.637207
33,0.673885,0.467873,8252.241211
34,0.686088,0.470637,8501.744141
35,0.703462,0.470724,8751.324219
36,0.719799,0.470298,9000.875000
37,0.720517,0.473315,9250.462891
38,0.713655,0.468225,9516.562500
39,0.707097,0.466492,9766.185547
40,0.698983,0.467564,10015.843750
41,0.687487,0.467571,10265.317383
42,0.674034,0.466429,10514.916992
43,0.662523,0.464123,10764.406250
44,0.652656,0.459876,11014.064453
45,0.637610,0.462266,11263.517578
46,0.613591,0.467321,11513.144531
47,0.588006,0.473588,11762.725586
48,0.559794,0.483753,12012.255859
49,0.532412,0.501239,12261.801758
50,0.513261,0.512222,12511.378906
51,0.507821,0.502843,12760.989258
52,0.507146,0.505498,13010.535156
53,0.499000,0.526519,13260.106445
54,0.490779,0.543856,13509.657227
55,0.482787,0.559702,13759.262695
56,0.476001,0.572678,14008.771484
57,0.471556,0.584279,14258.344727
58,0.472040,0.593724,14507.892578
59,0.476833,0.600452,14757.496094
60,0.483864,0.602579,15006.974609
61,0.496037,0.603603,15256.601562
62,0.519801,0.602917,15506.116211
63,0.546606,0.601274,15755.756836
64,0.578514,0.603173,16005.309570
65,0.614373,0.610962,16254.844727
66,0.650074,0.631894,16504.494141
67,0.683932,0.652116,16753.972656
68,0.709711,0.663927,17020.166016
69,0.714671,0.667716,17253.105469
70,0.700730,0.671517,17502.722656
71,0.684575,0.668021,17752.156250
72,0.662086,0.660640,18001.806641
73,0.638632,0.649072,18251.269531
74,0.617338,0.639468,18500.904297
75,0.600855,0.633267,18750.375000
76,0.585843,0.621710,19000.068359
77,0.577487,0.613391,19266.267578
78,0.570643,0.609583,19515.861328
79,0.565962,0.604244,19765.361328
80,0.560448,0.595502,20014.914062
81,0.555405,0.588486,20264.474609
82,0.549589,0.588147,20513.976562
83,0.543242,0.594864,20763.664062
84,0.536206,0.605843,21013.154297
85,0.528519,0.614463,21262.744141
86,0.517880,0.621635,21512.333984
87,0.506452,0.625009,21761.906250
88,0.496859,0.624654,22011.447266
89,0.489370,0.620130,22260.998047
90,0.484714,0.614253,22510.583984
91,0.484569,0.612276,22760.167969
92,0.488311,0.611008,23009.712891
93,0.495906,0.610261,23259.173828
94,0.505725,0.610172,23508.859375
95,0.514816,0.610113,23758.359375
96,0.521404,0.611006,24007.984375
97,0.523298,0.610778,24257.472656
98,0.524610,0.599362,24507.076172
99,0.529952,0.559726,24756.703125
0,0.749270,0.573504,-0.012438
1,0.747062,0.567299,266.173676
2,0.734462,0.552396,515.840454
3,0.689288,0.530670,765.322876
4,0.680724,0.518548,1014.941040
5,0.674119,0.516767,1264.388672
6,0.669397,0.518776,1514.041626
7,0.667109,0.519232,1763.564697
8,0.664334,0.517466,2013.145264
9,0.665111,0.514724,2262.692871
10,0.666385,0.514311,2512.321777
11,0.666937,0.515118,2761.737305
12,0.667240,0.515666,3011.362549
13,0.666905,0.514773,3261.057861
14,0.666957,0.512846,3510.513916
15,0.670891,0.504723,3760.120117
16,0.713607,0.480570,4009.627441
17,0.744564,0.412923,4259.250977
18,0.753000,0.364710,4508.750977
19,0.767520,0.355698,4758.328125
20,0.856133,0.410046,5007.878906
21,0.888405,0.454276,5257.506836
22,0.893546,0.481802,5506.937500
23,0.892426,0.488037,5756.561035
24,0.892695,0.490998,6006.053711
25,0.907456,0.506530,6255.750000
26,0.941640,0.537502,6505.381348
27,0.972778,0.544066,6754.851562
28,0.982032,0.599779,7004.459473
29,0.982916,0.646194,7253.903320
30,0.988902,0.661725,7503.586914
31,0.998315,0.654835,7753.043457
32,0.005337,0.643968,8002.660645
33,0.026193,0.617905,8252.136719
34,0.044481,0.565547,8501.783203
35,0.042848,0.545671,8751.280273
36,0.042454,0.530470,9000.902344
37,0.044694,0.511937,9267.126953
38,0.043315,0.490361,9533.237305
39,0.022085,0.402359,9782.858398
40,0.006658,0.348950,10032.376953
41,0.996305,0.317217,10282.000977
42,0.990892,0.305054,10531.472656
43,0.989891,0.300689,10781.099609
44,0.979509,0.290886,11030.625000
45,0.943207,0.273887,11280.212891
46,0.930555,0.275946,11529.893555
47,0.917839,0.285158,11795.950195
48,0.918112,0.293165,12045.619141
49,0.919061,0.297053,12278.458984
50,0.918036,0.297806,12544.680664
51,0.918091,0.306337,12777.578125
52,0.912793,0.339582,13043.817383
53,0.879913,0.414495,13293.299805
54,0.808472,0.496851,13542.911133
55,0.773331,0.513062,13792.537109
56,0.735883,0.515309,14042.053711
57,0.688855,0.504082,14275.054688
58,0.651047,0.491222,14541.146484
59,0.606335,0.488746,14774.186523
60,0.536577,0.502340,15023.689453
61,0.497378,0.505498,15273.264648
62,0.482421,0.502262,15522.815430
63,0.457635,0.503048,15772.381836
64,0.409083,0.511102,16021.878906
65,0.394186,0.502030,16271.513672
66,0.391898,0.502417,16521.048828
67,0.391083,0.510708,16770.660156
68,0.389757,0.519139,17020.148438
69,0.390681,0.548019,17269.785156
70,0.384332,0.552701,17519.347656
71,0.331345,0.559413,17768.861328
72,0.315796,0.566458,18018.464844
73,0.340130,0.566198,18284.658203
74,0.480215,0.522330,18517.595703
75,0.536379,0.505354,18750.453125
76,0.555329,0.497341,19000.123047
77,0.602228,0.427944,19299.560547
78,0.639721,0.344055,19515.843750
79,0.665486,0.252831,19765.302734
80,0.676288,0.217585,20014.970703
81,0.693360,0.205128,20264.423828
82,0.733078,0.254424,20514.042969
83,0.740603,0.324680,20763.673828
84,0.750312,0.391733,21013.238281
85,0.752328,0.462614,21262.775391
86,0.740860,0.473721,21512.281250
87,0.714996,0.471276,21761.935547
88,0.709552,0.462576,22011.408203
89,0.702690,0.428436,22261.001953
90,0.694669,0.400837,22527.185547
91,0.692377,0.382147,22776.814453
92,0.691510,0.383202,23026.406250
93,0.690533,0.394634,23292.484375
94,0.687798,0.408682,23525.503906
95,0.687580,0.433988,23791.607422
96,0.693923,0.462943,24041.279297
97,0.708952,0.478770,24257.523438
98,0.725941,0.481897,24507.119141
99,0.741364,0.483224,24756.599609
0,0.749957,0.544504,-0.029436
1,0.748809,0.545727,282.706299
2,0.731055,0.553524,515.764160
3,0.703797,0.553210,781.926880
4,0.669418,0.536697,1014.825012
5,0.654806,0.530001,1264.342529
6,0.652244,0.531150,1513.915283
7,0.650893,0.533509,1763.518921
8,0.655004,0.538866,2013.030151
9,0.662089,0.528777,2262.613281
10,0.668082,0.529757,2512.197754
11,0.657712,0.534286,2761.805664
12,0.643150,0.522446,3011.295898
13,0.640514,0.518968,3260.865723
14,0.644035,0.515709,3510.370605
15,0.648086,0.511170,3760.043945
16,0.655843,0.500190,4009.461914
17,0.662894,0.489158,4259.136719
18,0.667138,0.466055,4508.789062
19,0.667672,0.437898,4758.335449
20,0.670407,0.396815,5007.867676
21,0.671984,0.357193,5257.399414
22,0.674203,0.346342,5506.983398
23,0.672052,0.344879,5756.493164
24,0.666571,0.351838,6006.112793
25,0.663151,0.374720,6255.556152
26,0.614860,0.418290,6505.304199
27,0.549611,0.467674,6754.686035
28,0.518096,0.484901,7004.356934
29,0.504945,0.488125,7253.841309
30,0.490111,0.493695,7503.483398
31,0.474194,0.482137,7753.037598
32,0.436092,0.467366,8002.594727
33,0.412666,0.490209,8252.191406
34,0.404843,0.508836,8501.653320
35,0.395516,0.519637,8751.330078
36,0.390608,0.513741,9000.798828
37,0.385288,0.518010,9250.502930
38,0.379329,0.517388,9516.582031
39,0.375740,0.512003,9766.185547
40,0.366697,0.504158,10015.790039
41,0.369053,0.436611,10265.314453
42,0.372591,0.405302,10514.909180
43,0.369135,0.429661,10764.426758
44,0.354269,0.464685,11014.083008
45,0.312549,0.503230,11263.539062
46,0.303769,0.514194,11513.164062
47,0.332442,0.513472,11762.655273
48,0.403999,0.505459,12012.287109
49,0.459567,0.489208,12261.737305
50,0.487662,0.482438,12511.398438
51,0.519766,0.490256,12760.850586
52,0.567290,0.495791,13093.636719
53,0.614311,0.490339,13343.261719
54,0.653243,0.458806,13576.143555
55,0.681188,0.477133,13825.753906
56,0.748580,0.482568,14075.364258
57,0.861266,0.488371,14324.817383
58,0.948773,0.501880,14557.872070
59,0.977760,0.484901,14757.524414
60,0.995385,0.458626,15006.948242
61,0.997734,0.447534,15339.675781
62,0.988426,0.424908,15589.355469
63,0.979204,0.383679,15838.854492
64,0.978051,0.315808,16088.466797
65,0.972049,0.280087,16254.828125
66,0.968484,0.255128,16504.441406
67,0.968012,0.246581,16753.970703
68,0.967676,0.235716,17003.601562
69,0.969161,0.234705,17253.041016
70,0.975477,0.240747,17502.708984
71,0.982999,0.249475,17752.150391
72,0.981552,0.250983,18001.824219
73,0.976782,0.245001,18251.330078
74,0.974215,0.240926,18500.953125
75,0.979312,0.241144,18750.412109
76,0.985282,0.244155,19000.027344
77,0.990736,0.245135,19266.285156
78,0.997258,0.250414,19515.773438
79,0.996621,0.251170,19848.544922
80,0.993849,0.251882,20098.115234
81,0.992521,0.250277,20347.650391
82,0.995641,0.252206,20580.648438
83,0.005831,0.259138,20830.150391
84,0.015851,0.265232,21079.662109
85,0.022146,0.269845,21312.642578
86,0.023317,0.269621,21562.224609
87,0.023629,0.267723,21811.750000
88,0.022866,0.267399,22061.347656
89,0.007950,0.273867,22294.234375
90,0.988210,0.352768,22560.496094
91,0.976802,0.420597,22793.332031
92,0.970839,0.452833,23026.355469
93,0.947636,0.482583,23275.837891
94,0.970242,0.500800,23525.480469
95,0.026115,0.508445,23774.957031
96,0.028266,0.503484,24024.625000
97,0.054729,0.476308,24257.435547
98,0.066595,0.484246,24507.097656
99,0.072391,0.485923,24789.925781
0,0.748507,0.489048,0.004798
1,0.746838,0.487421,282.902069
2,0.745590,0.488510,515.743469
3,0.736059,0.505123,765.235657
4,0.715911,0.556328,1014.878662
5,0.676453,0.582031,1264.542236
6,0.643359,0.598634,1514.012451
7,0.631283,0.614088,1763.595215
8,0.609509,0.644385,2013.086060
9,0.593850,0.665071,2262.727783
10,0.584770,0.683550,2512.188721
11,0.559082,0.664829,2761.899658
12,0.535695,0.618267,3011.270264
13,0.515683,0.572978,3260.973633
14,0.505634,0.538676,3510.432861
15,0.496224,0.492424,3760.014160
16,0.491825,0.412043,4009.529541
17,0.505506,0.301915,4259.142090
18,0.507601,0.252648,4508.745117
19,0.473920,0.312904,4758.224121
20,0.447750,0.406291,5007.881836
21,0.427962,0.464938,5257.374023
22,0.423108,0.484368,5507.048340
23,0.417283,0.494454,5756.433105
24,0.408797,0.513726,6006.119629
25,0.401222,0.529578,6255.592285
26,0.425687,0.532877,6505.161133
27,0.484322,0.535285,6754.710938
28,0.523020,0.529938,7004.270020
29,0.579848,0.534858,7253.786621
30,0.672248,0.535182,7503.385742
31,0.776018,0.531046,7753.104980
32,0.891675,0.517320,8002.549316
33,0.982081,0.511156,8252.190430
34,0.034372,0.513217,8501.644531
35,0.050184,0.512284,8751.250977
36,0.058696,0.516113,9000.723633
37,0.057050,0.524188,9250.340820
38,0.046919,0.519713,9516.443359
39,0.099762,0.531597,9766.121094
40,0.149380,0.562762,10015.731445
41,0.166306,0.576964,10265.165039
42,0.128788,0.568887,10514.821289
43,0.005658,0.526697,10764.309570
44,0.963318,0.508699,11014.003906
45,0.965349,0.495381,11263.384766
46,0.956944,0.473499,11513.056641
47,0.952452,0.464982,11762.510742
48,0.967495,0.482754,12012.051758
49,0.973971,0.489850,12261.647461
50,0.954061,0.495256,12511.271484
51,0.911304,0.508062,12760.792969
52,0.878009,0.514702,13010.384766
53,0.837722,0.510527,13259.999023
54,0.788172,0.497900,13509.460938
55,0.739028,0.483447,13759.098633
56,0.691159,0.479017,14008.552734
57,0.649933,0.473000,14258.199219
58,0.595563,0.458089,14507.693359
59,0.564982,0.451390,14757.346680
60,0.535755,0.464918,15006.828125
61,0.515971,0.520342,15256.417969
62,0.513444,0.531870,15505.932617
63,0.528015,0.532091,15755.502930
64,0.579179,0.538345,16005.051758
65,0.612744,0.565070,16254.611328
66,0.628984,0.639174,16504.232422
67,0.655094,0.658846,16753.826172
68,0.692385,0.652052,17003.423828
69,0.728455,0.615861,17252.888672
70,0.750539,0.577085,17502.474609
71,0.758463,0.544359,17751.990234
72,0.746692,0.492703,18001.556641
73,0.721031,0.453082,18251.060547
74,0.706720,0.419436,18550.576172
75,0.692767,0.408321,18783.533203
76,0.691922,0.402350,19033.039062
77,0.690740,0.402238,19266.068359
78,0.689779,0.406245,19532.177734
79,0.683693,0.416819,19765.126953
80,0.676511,0.428423,20047.884766
81,0.678746,0.439691,20264.281250
82,0.697580,0.455718,20513.744141
83,0.724687,0.479659,20763.365234
84,0.753931,0.509541,21096.103516
85,0.743900,0.529819,21312.386719
86,0.626381,0.532432,21561.955078
87,0.522637,0.520458,21778.248047
88,0.520068,0.526428,22011.195312
89,0.529018,0.528340,22277.378906
90,0.533791,0.528048,22526.970703
91,0.540250,0.526202,22776.441406
92,0.544164,0.527645,23009.431641
93,0.588671,0.525728,23258.964844
94,0.655529,0.531300,23508.554688
95,0.676294,0.538052,23758.003906
96,0.676624,0.540598,24074.162109
97,0.680380,0.544283,24307.142578
98,0.683465,0.541984,24523.423828
99,0.684489,0.540623,24756.250000
0,0.750993,0.519872,-0.039633
1,0.748932,0.519557,266.135620
2,0.750750,0.526209,515.741882
3,0.755454,0.547122,765.250916
4,0.756857,0.596054,1014.848755
5,0.710083,0.626409,1264.400146
6,0.684922,0.630603,1514.008179
7,0.677459,0.625369,1763.516357
8,0.673953,0.613141,2013.119507
9,0.657383,0.605844,2262.635986
10,0.615087,0.583396,2512.259277
11,0.556674,0.551354,2761.917480
12,0.519890,0.531416,3011.371582
13,0.520253,0.517694,3261.005127
14,0.527136,0.519219,3510.449707
15,0.528590,0.522961,3760.010010
16,0.527505,0.525931,4009.609131
17,0.527911,0.527319,4259.199707
18,0.529153,0.529422,4508.734863
19,0.530022,0.528739,4758.320801
20,0.530963,0.527994,5007.833984
21,0.530804,0.528409,5257.479004
22,0.530263,0.529522,5506.995117
23,0.530472,0.529773,5756.600586
24,0.531941,0.530210,6006.166992
25,0.532265,0.532055,6255.766602
26,0.532110,0.534469,6505.328125
27,0.532131,0.536508,6754.768066
28,0.532828,0.537898,7004.422363
29,0.539091,0.540078,7253.917480
30,0.558233,0.542721,7503.544922
31,0.587878,0.542585,7753.001465
32,0.619341,0.536108,8002.681152
33,0.654218,0.531054,8252.114258
34,0.691087,0.525874,8501.796875
35,0.713443,0.510667,8751.305664
36,0.717459,0.493587,9000.995117
37,0.705571,0.476280,9250.568359
38,0.687069,0.462050,9516.687500
39,0.679692,0.453565,9766.219727
40,0.690546,0.451892,10015.849609
41,0.717697,0.465980,10265.357422
42,0.732933,0.481746,10514.838867
43,0.744966,0.489122,10764.552734
44,0.756069,0.493295,11014.073242
45,0.769252,0.513804,11263.636719
46,0.788470,0.569985,11513.204102
47,0.803882,0.621030,11762.747070
48,0.822785,0.661632,12012.316406
49,0.878051,0.660433,12261.867188
50,0.928997,0.642857,12511.507812
51,0.939496,0.638854,12761.066406
52,0.939044,0.637579,13010.618164
53,0.935161,0.637700,13260.064453
54,0.935782,0.638652,13509.745117
55,0.946789,0.640845,13759.228516
56,0.961626,0.644385,14008.840820
57,0.971291,0.643819,14275.056641
58,0.970947,0.640296,14507.942383
59,0.968847,0.636775,14757.577148
60,0.972794,0.610707,15007.027344
61,0.983109,0.571356,15273.270508
62,0.004143,0.545503,15506.191406
63,0.026934,0.532907,15755.824219
64,0.041750,0.526518,16005.272461
65,0.054143,0.523009,16254.833984
66,0.064735,0.535502,16504.382812
67,0.079097,0.565763,16754.039062
68,0.102835,0.605571,17003.503906
69,0.117526,0.606779,17253.177734
70,0.113569,0.594154,17502.671875
71,0.082476,0.569055,17752.292969
72,0.982594,0.568070,18001.816406
73,0.886061,0.572868,18251.396484
74,0.876521,0.579509,18501.017578
75,0.878474,0.581928,18750.492188
76,0.869073,0.583844,19000.166016
77,0.840332,0.582870,19266.261719
78,0.807145,0.579542,19515.892578
79,0.771204,0.574031,19765.439453
80,0.738157,0.573738,20015.013672
81,0.722383,0.575252,20264.580078
82,0.715680,0.577271,20514.083984
83,0.708516,0.584634,20763.695312
84,0.700693,0.595114,21013.320312
85,0.697400,0.607299,21262.751953
86,0.694494,0.623564,21512.332031
87,0.688768,0.632850,21761.978516
88,0.671537,0.639189,22028.089844
89,0.641487,0.647213,22261.109375
90,0.617672,0.669882,22543.955078
91,0.614772,0.742493,22776.798828
92,0.632307,0.807284,23026.470703
93,0.653886,0.855267,23259.345703
94,0.668438,0.878443,23508.970703
95,0.671901,0.903663,23775.048828
96,0.651392,0.929182,24008.068359
97,0.513900,0.948958,24257.556641
98,0.460794,0.935572,24590.330078
99,0.461277,0.936604,24823.328125
0,0.750265,0.518096,0.059504
1,0.750118,0.519150,266.343628
2,0.749949,0.520196,515.777649
3,0.749730,0.521057,765.430359
4,0.749354,0.521329,1014.928223
5,0.749599,0.520063,1264.646973
6,0.759636,0.516233,1514.189941
7,0.804975,0.512139,1763.652466
8,0.855351,0.518844,2013.269897
9,0.895818,0.524976,2262.749512
10,0.918261,0.533805,2512.432617
11,0.932786,0.538815,2761.861328
12,0.941260,0.527425,3011.623779
13,0.944706,0.502096,3261.079590
14,0.941576,0.488444,3510.623779
15,0.936590,0.481987,3760.223389
16,0.923038,0.455335,4009.796631
17,0.887177,0.384043,4259.296387
18,0.838798,0.301879,4508.845215
19,0.790423,0.244971,4758.520508
20,0.730204,0.222844,5007.983398
21,0.680360,0.231720,5257.582031
22,0.614858,0.272768,5507.111328
23,0.564368,0.318487,5756.744141
24,0.534493,0.355139,6006.290527
25,0.510807,0.394933,6255.875977
26,0.493520,0.435896,6505.343262
27,0.482636,0.478735,6754.978027
28,0.477977,0.507229,7004.445801
29,0.499003,0.535765,7254.139160
30,0.530665,0.571848,7503.746094
31,0.534505,0.596712,7753.174805
32,0.518960,0.602659,8002.839844
33,0.490075,0.602981,8252.291992
34,0.458567,0.587556,8501.965820
35,0.434074,0.566076,8751.422852
36,0.428356,0.545126,9034.274414
37,0.420560,0.503513,9283.968750
38,0.420110,0.491842,9500.187500
39,0.421160,0.488381,9766.320312
40,0.421281,0.489283,10015.926758
41,0.421218,0.493098,10282.140625
42,0.421026,0.498571,10515.097656
43,0.420166,0.504352,10764.684570
44,0.419911,0.507896,11014.165039
45,0.420033,0.508936,11280.429688
46,0.420141,0.509939,11513.256836
47,0.420262,0.510876,11762.940430
48,0.420465,0.511573,12012.366211
49,0.420669,0.511858,12262.020508
50,0.420896,0.512266,12511.551758
51,0.420985,0.513352,12761.149414
52,0.420961,0.514130,13010.607422
53,0.420791,0.514619,13260.220703
54,0.420802,0.515228,13509.901367
55,0.421867,0.515656,13842.644531
56,0.422873,0.515171,14008.963867
57,0.424337,0.514769,14258.461914
58,0.424743,0.514518,14508.214844
59,0.425354,0.514853,14824.234375
60,0.426667,0.515581,15073.704102
61,0.427447,0.515707,15256.840820
62,0.428828,0.515968,15506.377930
63,0.430118,0.516139,15755.819336
64,0.433070,0.516186,16022.097656
65,0.435917,0.516142,16271.695312
66,0.438265,0.516530,16504.587891
67,0.440205,0.517071,16754.179688
68,0.441449,0.517373,17003.722656
69,0.442719,0.517130,17253.328125
70,0.444325,0.517253,17519.429688
71,0.445384,0.517866,17752.410156
72,0.446691,0.518553,18001.984375
73,0.447986,0.519205,18251.537109
74,0.450505,0.520226,18501.080078
75,0.453987,0.522105,18767.419922
76,0.457688,0.523264,19000.179688
77,0.460802,0.524403,19266.429688
78,0.464791,0.525885,19516.017578
79,0.469333,0.527153,19765.513672
80,0.474579,0.527898,20015.187500
81,0.479865,0.527889,20264.626953
82,0.483715,0.527838,20514.326172
83,0.490299,0.528349,20813.738281
84,0.496017,0.529068,21013.398438
85,0.504148,0.529934,21262.902344
86,0.512325,0.530393,21512.580078
87,0.524869,0.530091,21762.164062
88,0.557415,0.526323,22011.597656
89,0.590582,0.521488,22261.255859
90,0.621150,0.514332,22510.722656
91,0.641921,0.505053,22760.378906
92,0.667243,0.491377,23009.849609
93,0.682939,0.482592,23276.158203
94,0.690081,0.475137,23509.048828
95,0.695534,0.467812,23758.578125
96,0.698146,0.465611,24008.107422
97,0.700100,0.464915,24257.705078
98,0.699992,0.470417,24507.326172
99,0.698784,0.473056,24756.814453
0,0.750344,0.536187,-0.004977
1,0.750200,0.531530,266.241394
2,0.756114,0.482131,515.784973
3,0.764393,0.438766,765.384338
4,0.767032,0.395396,1014.849854
5,0.767747,0.325852,1264.518799
6,0.762434,0.254558,1513.963867
7,0.737000,0.227666,1763.514526
8,0.697815,0.250197,2013.133545
9,0.667615,0.271344,2262.770508
10,0.640662,0.287568,2512.227539
11,0.617555,0.296833,2761.852783
12,0.593483,0.309382,3011.363281
13,0.562926,0.345621,3260.972168
14,0.533558,0.410244,3510.539795
15,0.518125,0.463591,3760.053955
16,0.503573,0.504022,4059.552734
17,0.494683,0.517517,4309.036621
18,0.484306,0.543832,4558.719238
19,0.456726,0.551862,4808.323730
20,0.440144,0.519106,5057.807617
21,0.438134,0.502776,5307.409180
22,0.419044,0.495233,5556.937500
23,0.417449,0.499415,5806.543945
24,0.417782,0.507008,6056.009766
25,0.421359,0.515701,6305.672852
26,0.438087,0.526478,6555.114746
27,0.482565,0.537255,6788.134766
28,0.512779,0.542491,7037.644043
29,0.539336,0.553559,7287.235352
30,0.578766,0.595963,7536.772461
31,0.630505,0.630053,7786.384277
32,0.710917,0.650936,8035.867188
33,0.774089,0.671313,8285.483398
34,0.838270,0.660669,8535.090820
35,0.886265,0.639202,8784.603516
36,0.915698,0.641975,9034.200195
37,0.923358,0.649089,9267.086914
38,0.922338,0.647175,9533.344727
39,0.923052,0.591325,9782.845703
40,0.928913,0.530157,10032.424805
41,0.938332,0.507750,10265.305664
42,0.961716,0.493827,10548.203125
43,0.990532,0.493993,10797.793945
44,0.020646,0.497870,11030.730469
45,0.054587,0.516488,11280.294922
46,0.076726,0.529099,11513.180664
47,0.084341,0.535729,11762.709961
48,0.082705,0.540930,12012.281250
49,0.083972,0.552349,12261.957031
50,0.097786,0.562011,12528.059570
51,0.141217,0.578711,12794.258789
52,0.173698,0.592995,13010.566406
53,0.203778,0.596298,13260.183594
54,0.240785,0.602485,13526.254883
55,0.264727,0.618094,13759.282227
56,0.256473,0.526846,14008.778320
57,0.234728,0.448711,14258.367188
58,0.190443,0.393939,14591.178711
59,0.116948,0.435418,14840.617188
60,0.045769,0.496244,15073.670898
61,0.006442,0.514496,15306.475586
62,0.982131,0.516224,15556.130859
63,0.964064,0.517655,15805.618164
64,0.959673,0.518559,16055.208984
65,0.966031,0.516870,16304.881836
66,0.986190,0.504671,16537.718750
67,0.986482,0.499092,16787.261719
68,0.982586,0.504955,17020.240234
69,0.982206,0.510315,17253.093750
70,0.978474,0.519449,17502.734375
71,0.969417,0.512535,17752.208984
72,0.906500,0.519813,18001.849609
73,0.815986,0.525878,18251.408203
74,0.780408,0.522582,18534.208984
75,0.746290,0.488537,18750.531250
76,0.706136,0.501346,19033.287109
77,0.684510,0.501301,19266.312500
78,0.676350,0.526009,19515.810547
79,0.668108,0.558475,19798.626953
80,0.671922,0.546271,20031.626953
81,0.679531,0.483710,20264.501953
82,0.677223,0.447371,20514.158203
83,0.675277,0.445746,20780.238281
84,0.693170,0.479075,21029.900391
85,0.743634,0.549070,21279.402344
86,0.763056,0.580485,21512.378906
87,0.759701,0.615014,21761.888672
88,0.716467,0.640228,22011.509766
89,0.649982,0.644105,22261.019531
90,0.614762,0.637024,22510.589844
91,0.586433,0.624513,22760.121094
92,0.571291,0.615401,23009.701172
93,0.568753,0.614759,23259.226562
94,0.568862,0.610737,23508.816406
95,0.565746,0.599997,23758.494141
96,0.558294,0.560631,24007.984375
97,0.554284,0.527729,24257.576172
98,0.553219,0.504076,24507.056641
99,0.553865,0.478792,24756.679688
0,0.750030,0.528939,-0.057913
1,0.749913,0.528787,266.211731
2,0.749828,0.528490,515.776917
3,0.749258,0.528717,765.302185
4,0.744910,0.526612,1014.852112
5,0.722757,0.508245,1264.393799
6,0.706390,0.478826,1513.995972
7,0.705770,0.474226,1763.554321
8,0.706826,0.475341,2013.203979
9,0.706592,0.475484,2262.633301
10,0.706491,0.479619,2512.276367
11,0.705671,0.486061,2761.786865
12,0.705363,0.496997,3011.381348
13,0.692450,0.508291,3260.938721
14,0.682541,0.520069,3510.464355
15,0.683517,0.523074,3760.070557
16,0.685975,0.524286,4009.585449
17,0.685354,0.525826,4259.176758
18,0.683740,0.526692,4508.782227
19,0.682847,0.528489,4758.279785
20,0.702421,0.563000,5007.879395
21,0.767486,0.585828,5257.412598
22,0.788119,0.588603,5507.015137
23,0.799625,0.591629,5756.537598
24,0.792804,0.537120,6006.122070
25,0.711643,0.474995,6255.669922
26,0.591037,0.472422,6505.310059
27,0.521693,0.503292,6754.871582
28,0.493387,0.519265,7004.471191
29,0.472719,0.527268,7253.978027
30,0.435773,0.517108,7503.481445
31,0.393751,0.485624,7753.161133
32,0.382496,0.470892,8002.665039
33,0.383608,0.495624,8252.286133
34,0.384094,0.551101,8501.781250
35,0.380349,0.559017,8751.350586
36,0.383193,0.556465,9000.899414
37,0.378503,0.585637,9250.470703
38,0.348212,0.653247,9500.040039
39,0.331963,0.675142,9766.256836
40,0.322742,0.639271,10015.839844
41,0.336582,0.529299,10265.341797
42,0.384807,0.395215,10514.907227
43,0.431571,0.300920,10764.471680
44,0.449083,0.275473,11014.047852
45,0.456785,0.282092,11263.586914
46,0.473365,0.291462,11513.187500
47,0.485289,0.302917,11762.745117
48,0.521044,0.366561,12012.286133
49,0.558848,0.427875,12261.828125
50,0.594426,0.430298,12511.486328
51,0.640877,0.382538,12760.966797
52,0.703850,0.330441,13010.539062
53,0.781007,0.309694,13260.138672
54,0.840512,0.330807,13509.762695
55,0.921106,0.374312,13759.231445
56,0.957139,0.393315,14008.776367
57,0.965852,0.371548,14258.434570
58,0.972048,0.346565,14507.957031
59,0.977361,0.331982,14757.517578
60,0.982399,0.328329,15007.036133
61,0.980363,0.333591,15256.697266
62,0.968973,0.424958,15506.215820
63,0.959903,0.521410,15755.729492
64,0.936173,0.546329,16005.377930
65,0.924388,0.574605,16254.870117
66,0.917820,0.566014,16504.449219
67,0.917445,0.557367,16754.039062
68,0.923512,0.549304,17003.574219
69,0.929795,0.543426,17253.169922
70,0.935731,0.537939,17502.675781
71,0.941685,0.536438,17752.306641
72,0.949843,0.534968,18001.806641
73,0.963136,0.533480,18251.431641
74,0.004506,0.524284,18501.009766
75,0.041607,0.509563,18750.585938
76,0.067252,0.508889,19000.091797
77,0.076559,0.511560,19266.302734
78,0.077776,0.509130,19515.818359
79,0.078240,0.511996,19765.478516
80,0.079578,0.516436,20015.005859
81,0.080524,0.514468,20264.560547
82,0.091202,0.505467,20514.111328
83,0.114552,0.504945,20763.701172
84,0.124873,0.501727,21013.285156
85,0.125892,0.497464,21262.759766
86,0.124795,0.494241,21512.369141
87,0.123142,0.492345,21761.984375
88,0.120248,0.488933,22011.496094
89,0.116378,0.486124,22261.068359
90,0.112781,0.485950,22510.650391
91,0.112856,0.487059,22760.158203
92,0.112273,0.487585,23009.712891
93,0.111555,0.486610,23259.281250
94,0.111263,0.486756,23508.910156
95,0.111225,0.487107,23758.398438
96,0.110872,0.487067,24007.972656
97,0.110846,0.487742,24257.621094
98,0.110558,0.487848,24507.095703
99,0.110350,0.487807,24756.689453
0,0.749904,0.523764,-0.002712
1,0.750309,0.525188,266.146973
2,0.763272,0.541756,515.761108
3,0.783967,0.569797,765.297546
4,0.791245,0.633549,1014.901428
5,0.801911,0.687721,1264.460693
6,0.845563,0.757902,1514.022949
7,0.902693,0.788413,1763.624268
8,0.937657,0.788624,2013.154785
9,0.948645,0.785565,2262.720215
10,0.956257,0.771190,2512.240479
11,0.959198,0.764806,2761.931152
12,0.959685,0.731921,3011.374268
13,0.966000,0.667235,3260.966797
14,0.968615,0.591209,3510.517334
15,0.964125,0.561929,3760.164795
16,0.958010,0.540454,4009.631348
17,0.931221,0.511751,4259.169922
18,0.907565,0.488567,4508.833008
19,0.892271,0.486231,4758.314453
20,0.898368,0.486159,5007.920898
21,0.949608,0.487841,5257.473145
22,0.994889,0.507685,5507.069824
23,0.018555,0.529177,5756.582031
24,0.029626,0.528093,6006.117676
25,0.020990,0.501240,6255.749023
26,0.991952,0.445835,6505.305176
27,0.943481,0.370181,6754.933105
28,0.934135,0.346167,7004.440430
29,0.938633,0.325928,7254.034668
30,0.941863,0.312883,7503.531738
31,0.959098,0.304713,7753.095215
32,0.988702,0.292715,8002.671875
33,0.004351,0.265367,8252.312500
34,0.010573,0.249571,8501.768555
35,0.045762,0.294550,8751.390625
36,0.105055,0.389083,9000.938477
37,0.121595,0.463136,9250.516602
38,0.110907,0.485578,9500.027344
39,0.092974,0.506445,9766.243164
40,0.149304,0.521223,10015.892578
41,0.216011,0.537025,10265.420898
42,0.247949,0.533029,10514.921875
43,0.260895,0.506123,10764.562500
44,0.252718,0.406174,11014.115234
45,0.221582,0.329443,11263.638672
46,0.200629,0.270989,11513.179688
47,0.220667,0.266078,11762.724609
48,0.308326,0.439401,12012.370117
49,0.339038,0.525197,12261.875977
50,0.355749,0.531732,12511.438477
51,0.384450,0.527856,12760.997070
52,0.392717,0.536023,13010.572266
53,0.362366,0.544028,13260.130859
54,0.309106,0.534078,13509.689453
55,0.245227,0.523077,13759.245117
56,0.188199,0.522172,14008.820312
57,0.158197,0.521703,14258.384766
58,0.129247,0.528213,14507.947266
59,0.068513,0.507906,14757.505859
60,0.950512,0.491902,15007.068359
61,0.823842,0.507570,15256.643555
62,0.770566,0.504561,15506.197266
63,0.739887,0.481445,15755.772461
64,0.725804,0.450713,16005.333984
65,0.732180,0.441926,16254.879883
66,0.773159,0.442191,16504.453125
67,0.748418,0.445419,16754.033203
68,0.678894,0.452634,17003.576172
69,0.649904,0.483868,17253.193359
70,0.640429,0.527457,17502.707031
71,0.630313,0.541895,17752.277344
72,0.623635,0.566498,18001.845703
73,0.615632,0.635668,18251.421875
74,0.621745,0.518599,18500.974609
75,0.617790,0.336749,18750.542969
76,0.614394,0.197430,19000.091797
77,0.553792,0.241644,19266.302734
78,0.511787,0.427161,19515.898438
79,0.494474,0.513887,19765.433594
80,0.487208,0.518857,20014.992188
81,0.481517,0.513255,20264.582031
82,0.444874,0.517471,20514.125000
83,0.418068,0.532875,20763.664062
84,0.381989,0.543900,21013.242188
85,0.371964,0.561650,21262.814453
86,0.371979,0.546709,21512.355469
87,0.383409,0.483915,21761.958984
88,0.387423,0.478756,22011.484375
89,0.396732,0.486639,22261.068359
90,0.409731,0.491233,22510.615234
91,0.419894,0.503261,22760.181641
92,0.452304,0.527370,23009.751953
93,0.555751,0.507425,23259.339844
94,0.634514,0.514805,23508.869141
95,0.658589,0.513908,23758.457031
96,0.652308,0.508624,24008.033203
97,0.627345,0.512128,24257.580078
98,0.614408,0.514426,24507.134766
99,0.610273,0.514230,24756.705078
0,0.749952,0.524575,-0.008513
1,0.749634,0.525467,266.249084
2,0.749597,0.526012,515.797241
3,0.764454,0.546183,765.319336
4,0.788610,0.646346,1014.954285
5,0.752824,0.714645,1264.471680
6,0.703360,0.736710,1514.017212
7,0.689275,0.676852,1763.559448
8,0.648649,0.594325,2013.196533
9,0.559729,0.538583,2262.690430
10,0.488305,0.493073,2512.265625
11,0.469504,0.480142,2761.929932
12,0.442193,0.470288,3011.405273
13,0.416561,0.467762,3260.985107
14,0.395497,0.464458,3510.543213
15,0.388904,0.465211,3760.089600
16,0.390170,0.465386,4009.646240
17,0.394617,0.467278,4259.236328
18,0.393785,0.487190,4508.800781
19,0.392365,0.496219,4758.349609
20,0.396070,0.486682,5007.922363
21,0.399720,0.486328,5257.463379
22,0.403133,0.489930,5507.022949
23,0.406793,0.488996,5756.600586
24,0.410347,0.488154,6006.188965
25,0.417222,0.485921,6255.711914
26,0.426334,0.488360,6505.314453
27,0.432151,0.488962,6754.855957
28,0.445529,0.490460,7004.427734
29,0.477055,0.486373,7253.991211
30,0.512065,0.479431,7503.573242
31,0.549272,0.477355,7753.125000
32,0.602255,0.471820,8002.658203
33,0.660597,0.462807,8252.256836
34,0.703116,0.449857,8501.840820
35,0.717227,0.431656,8751.375977
36,0.721155,0.422052,9000.936523
37,0.727934,0.430474,9250.528320
38,0.732864,0.437988,9500.115234
39,0.733046,0.453956,9766.268555
40,0.736905,0.475881,10015.825195
41,0.748145,0.477980,10265.389648
42,0.760337,0.478988,10514.943359
43,0.766129,0.477584,10764.528320
44,0.767065,0.480042,11014.088867
45,0.769837,0.483017,11263.661133
46,0.778200,0.481866,11513.201172
47,0.797269,0.481180,11762.789062
48,0.821818,0.480869,12012.333984
49,0.844675,0.480497,12261.892578
50,0.864047,0.481658,12511.528320
51,0.887657,0.483677,12761.013672
52,0.914937,0.481277,13010.598633
53,0.934772,0.478834,13260.152344
54,0.944699,0.477768,13509.718750
55,0.942283,0.478519,13759.288086
56,0.927824,0.481089,14008.854492
57,0.903755,0.483694,14258.416016
58,0.870265,0.487928,14507.974609
59,0.830098,0.490807,14757.535156
60,0.797014,0.492505,15007.099609
61,0.769875,0.496876,15256.655273
62,0.740473,0.499280,15506.219727
63,0.715513,0.503042,15755.797852
64,0.696173,0.504123,16005.366211
65,0.677316,0.501080,16254.913086
66,0.662455,0.497045,16504.492188
67,0.644270,0.491267,16754.048828
68,0.618424,0.481914,17003.613281
69,0.583711,0.473298,17253.166016
70,0.543766,0.467737,17502.750000
71,0.472582,0.470924,17752.326172
72,0.358669,0.473925,18001.851562
73,0.264520,0.465621,18251.470703
74,0.226192,0.474975,18501.000000
75,0.223426,0.477141,18750.580078
76,0.233499,0.480229,19000.142578
77,0.246954,0.484243,19266.308594
78,0.260307,0.487175,19515.871094
79,0.280680,0.514088,19765.453125
80,0.319411,0.509141,20015.027344
81,0.357259,0.495992,20264.603516
82,0.395155,0.487048,20514.169922
83,0.454764,0.478668,20763.714844
84,0.537962,0.477545,21013.248047
85,0.613030,0.480689,21262.826172
86,0.676652,0.477116,21512.390625
87,0.723002,0.477151,21761.964844
88,0.750480,0.484575,22011.503906
89,0.760648,0.486559,22261.111328
90,0.766837,0.487307,22510.662109
91,0.771053,0.489426,22760.226562
92,0.774214,0.497947,23009.787109
93,0.774186,0.532031,23259.337891
94,0.772425,0.530652,23508.925781
95,0.772209,0.530450,23758.458984
96,0.772127,0.531270,24008.068359
97,0.773034,0.530254,24257.583984
98,0.772295,0.528847,24507.162109
99,0.771559,0.529373,24756.734375
0,0.742913,0.492440,-0.048971
1,0.723349,0.484339,282.842590
2,0.717697,0.482130,515.801697
3,0.706915,0.481335,765.391663
4,0.624268,0.476588,1015.000427
5,0.558148,0.486541,1264.442749
6,0.542398,0.516192,1514.072876
7,0.521142,0.531011,1763.598267
8,0.493212,0.546022,2013.229736
9,0.476211,0.546713,2262.708496
10,0.462820,0.539408,2512.325928
11,0.435960,0.496841,2761.930176
12,0.389521,0.463109,3011.449951
13,0.376882,0.430728,3261.053467
14,0.407461,0.391247,3510.540283
15,0.444971,0.373724,3760.125000
16,0.461795,0.379136,4009.664551
17,0.487436,0.405403,4259.291992
18,0.513388,0.423917,4508.767090
19,0.553954,0.466648,4758.443359
20,0.646346,0.537060,5007.936523
21,0.768608,0.554038,5257.538574
22,0.899843,0.529250,5506.970703
23,0.984194,0.506942,5756.591309
24,0.038037,0.490336,6006.296387
25,0.073747,0.496036,6255.810059
26,0.081524,0.495127,6505.379395
27,0.073535,0.491537,6754.857910
28,0.067106,0.489107,7004.507812
29,0.063941,0.490078,7253.933594
30,0.062820,0.492081,7503.563965
31,0.061581,0.495192,7753.112793
32,0.062008,0.499147,8002.684082
33,0.062986,0.502820,8252.199219
34,0.064586,0.507375,8501.897461
35,0.065401,0.510473,8751.475586
36,0.064701,0.509541,9000.904297
37,0.063607,0.511114,9250.575195
38,0.062711,0.513190,9500.056641
39,0.060733,0.512377,9766.317383
40,0.055373,0.483413,10015.817383
41,0.001626,0.451775,10265.373047
42,0.909015,0.450883,10514.958008
43,0.824684,0.454802,10764.576172
44,0.778850,0.452206,11014.009766
45,0.749814,0.447099,11263.684570
46,0.725593,0.449550,11513.228516
47,0.708604,0.452409,11762.802734
48,0.698112,0.449382,12012.389648
49,0.689690,0.436062,12261.899414
50,0.686699,0.404523,12511.495117
51,0.686778,0.393306,12760.958008
52,0.685535,0.395302,13010.631836
53,0.682472,0.402374,13260.110352
54,0.674385,0.415554,13509.747070
55,0.664370,0.437255,13759.188477
56,0.655106,0.459951,14008.826172
57,0.640150,0.482381,14258.527344
58,0.634741,0.499967,14507.933594
59,0.643740,0.505543,14757.598633
60,0.650542,0.505857,15007.157227
61,0.653846,0.505235,15256.693359
62,0.657547,0.503501,15506.190430
63,0.661354,0.499491,15755.854492
64,0.665795,0.495125,16005.281250
65,0.669196,0.492475,16254.924805
66,0.671326,0.491406,16504.386719
67,0.672367,0.491519,16754.070312
68,0.672771,0.493313,17003.580078
69,0.673417,0.494873,17253.181641
70,0.673222,0.497006,17502.765625
71,0.669774,0.496752,17752.248047
72,0.659115,0.489458,18001.917969
73,0.641589,0.477460,18251.363281
74,0.609583,0.465432,18517.638672
75,0.578768,0.456992,18750.474609
76,0.550641,0.461835,19000.130859
77,0.534773,0.462641,19283.007812
78,0.527477,0.456751,19549.136719
79,0.523396,0.451145,19765.451172
80,0.523280,0.455266,20031.582031
81,0.552914,0.464273,20264.570312
82,0.605739,0.466191,20514.078125
83,0.643862,0.491219,20763.730469
84,0.687116,0.529508,21013.236328
85,0.749116,0.549337,21262.822266
86,0.820444,0.542682,21545.564453
87,0.884420,0.525490,21778.556641
88,0.980128,0.515244,22028.101562
89,0.069022,0.509157,22277.656250
90,0.078416,0.505104,22510.531250
91,0.078715,0.521855,22760.183594
92,0.080379,0.529983,23009.810547
93,0.085081,0.531228,23259.326172
94,0.091998,0.534623,23508.902344
95,0.108037,0.541183,23758.396484
96,0.108723,0.545202,24024.628906
97,0.100854,0.545232,24257.537109
98,0.092784,0.546025,24507.154297
99,0.090161,0.544586,24756.613281
0,0.747931,0.477144,0.006849
1,0.742379,0.481403,266.268280
2,0.741752,0.476361,515.781555
3,0.737036,0.483475,765.352295
4,0.731572,0.488328,1014.913940
5,0.723919,0.483118,1264.524902
6,0.720103,0.485292,1530.695679
7,0.719151,0.493058,1763.610596
8,0.716210,0.492568,2013.213379
9,0.711698,0.482761,2262.727295
10,0.695435,0.470765,2512.324707
11,0.681472,0.479223,2761.860352
12,0.668919,0.496054,3011.396729
13,0.659602,0.509025,3260.986328
14,0.645400,0.511543,3510.522461
15,0.621942,0.510142,3760.075684
16,0.601455,0.510272,4009.647949
17,0.572709,0.511459,4259.252441
18,0.548157,0.509801,4508.819824
19,0.530949,0.503847,4758.354492
20,0.513038,0.488351,5007.940430
21,0.504844,0.475052,5257.505859
22,0.497341,0.471159,5507.025879
23,0.469844,0.474142,5756.601074
24,0.423274,0.469654,6006.166992
25,0.389302,0.464197,6255.715332
26,0.371316,0.461393,6505.316406
27,0.350701,0.467921,6754.882812
28,0.325285,0.476383,7004.424805
29,0.294342,0.482134,7253.994141
30,0.258663,0.488359,7503.550293
31,0.226675,0.483784,7753.151855
32,0.201423,0.461390,8002.686035
33,0.178542,0.453406,8252.243164
34,0.158681,0.462225,8501.801758
35,0.133850,0.478506,8751.374023
36,0.117600,0.495893,9000.958008
37,0.113219,0.501376,9250.499023
38,0.114217,0.494215,9500.060547
39,0.129538,0.484360,9766.290039
40,0.152245,0.476785,10015.816406
41,0.170962,0.472757,10265.389648
42,0.200768,0.443093,10514.986328
43,0.239078,0.386283,10764.535156
44,0.291289,0.330391,11014.084961
45,0.369552,0.290710,11263.636719
46,0.445519,0.300549,11513.240234
47,0.491003,0.329868,11762.764648
48,0.513611,0.409382,12012.337891
49,0.524155,0.537176,12261.907227
50,0.537700,0.622333,12511.469727
51,0.563441,0.669077,12761.025391
52,0.610909,0.676096,13010.592773
53,0.662038,0.667256,13260.149414
54,0.680960,0.659156,13509.718750
55,0.697258,0.652541,13759.275391
56,0.723541,0.650027,14008.875000
57,0.776298,0.648139,14258.425781
58,0.833265,0.647421,14507.985352
59,0.869133,0.641090,14757.542969
60,0.892106,0.636204,15007.104492
61,0.906558,0.633878,15256.663086
62,0.917877,0.631256,15506.249023
63,0.929895,0.621713,15755.796875
64,0.948059,0.586798,16005.346680
65,0.968417,0.544892,16254.925781
66,0.982519,0.515332,16504.466797
67,0.981471,0.490935,16754.044922
68,0.966363,0.477933,17003.615234
69,0.951443,0.469369,17253.177734
70,0.946566,0.461329,17502.734375
71,0.952463,0.445388,17752.302734
72,0.968369,0.429753,18001.908203
73,0.989852,0.412344,18251.441406
74,0.007477,0.387578,18501.005859
75,0.005140,0.359484,18750.564453
76,0.995820,0.349510,19000.128906
77,0.987204,0.344502,19266.326172
78,0.978543,0.347375,19515.896484
79,0.971999,0.347789,19765.466797
80,0.967827,0.350004,20015.031250
81,0.968286,0.349233,20264.597656
82,0.975223,0.349407,20514.150391
83,0.984059,0.327389,20763.708984
84,0.989555,0.281721,21013.269531
85,0.988125,0.264321,21262.841797
86,0.972636,0.275013,21512.392578
87,0.963443,0.288464,21761.955078
88,0.967950,0.294048,22011.550781
89,0.968418,0.293802,22261.103516
90,0.965905,0.300467,22510.664062
91,0.963717,0.308674,22760.218750
92,0.979908,0.311014,23009.791016
93,0.000738,0.323362,23259.341797
94,0.013198,0.341046,23508.904297
95,0.019451,0.343105,23758.478516
96,0.026452,0.330697,24008.076172
97,0.028257,0.326411,24257.601562
98,0.028499,0.335680,24507.167969
99,0.038502,0.353326,24756.734375
0,0.749962,0.609867,0.026757
1,0.749805,0.610372,266.200195
2,0.746327,0.610691,515.755432
3,0.741553,0.614661,765.330261
4,0.748579,0.636107,1014.901855
5,0.761731,0.665950,1264.435669
6,0.763885,0.675950,1514.141357
7,0.766484,0.678425,1763.623535
8,0.769404,0.679631,2013.159302
9,0.775480,0.677731,2262.742188
10,0.792224,0.598584,2512.299316
11,0.802923,0.548447,2761.942627
12,0.829487,0.535327,3011.391846
13,0.896175,0.550188,3261.002441
14,0.940159,0.575219,3510.580566
15,0.956904,0.582228,3760.099609
16,0.964820,0.579118,4009.759033
17,0.967613,0.567783,4259.232422
18,0.963988,0.549959,4508.784180
19,0.963290,0.530065,4758.340820
20,0.958484,0.473918,5008.001465
21,0.945945,0.410093,5257.544434
22,0.953674,0.388630,5507.030762
23,0.965454,0.387728,5756.741211
24,0.976792,0.393119,6006.220215
25,0.980695,0.398260,6255.761719
26,0.979214,0.400376,6505.291504
27,0.986050,0.408623,6754.909668
28,0.016706,0.475470,7004.454102
29,0.075604,0.555965,7253.975098
30,0.114655,0.590129,7503.629883
31,0.108307,0.600618,7753.115234
32,0.111179,0.603667,8002.753418
33,0.139438,0.615010,8252.255859
34,0.165132,0.619128,8501.864258
35,0.187756,0.621474,8751.370117
36,0.214690,0.628024,9000.971680
37,0.241151,0.631184,9250.592773
38,0.289698,0.610434,9500.077148
39,0.350926,0.577928,9766.315430
40,0.389850,0.576924,10015.934570
41,0.427154,0.595449,10265.405273
42,0.445034,0.602761,10515.061523
43,0.449573,0.601588,10764.549805
44,0.446837,0.599567,11014.099609
45,0.418065,0.585863,11263.740234
46,0.389511,0.571740,11513.205078
47,0.377856,0.568722,11762.791016
48,0.374627,0.564531,12012.344727
49,0.360573,0.548468,12261.997070
50,0.330007,0.533993,12511.491211
51,0.300009,0.523535,12761.088867
52,0.287801,0.519165,13010.604492
53,0.289135,0.521875,13260.240234
54,0.292179,0.526570,13509.827148
55,0.296536,0.529893,13759.284180
56,0.295413,0.528821,14008.928711
57,0.244539,0.517578,14258.406250
58,0.162338,0.498304,14508.014648
59,0.120528,0.498626,14757.581055
60,0.077356,0.507360,15007.220703
61,0.030119,0.500265,15256.721680
62,0.982331,0.489132,15506.236328
63,0.933516,0.495220,15755.842773
64,0.873230,0.509302,16005.354492
65,0.812930,0.533328,16254.910156
66,0.750333,0.566418,16504.472656
67,0.709373,0.582998,16754.169922
68,0.681816,0.592721,17003.695312
69,0.665700,0.591033,17253.179688
70,0.657352,0.582193,17502.794922
71,0.668626,0.555380,17752.343750
72,0.670005,0.542852,18001.902344
73,0.668387,0.534899,18251.519531
74,0.666896,0.533073,18501.048828
75,0.667706,0.529658,18750.556641
76,0.669021,0.528574,19000.148438
77,0.669514,0.528629,19266.339844
78,0.669392,0.529385,19516.000000
79,0.669750,0.530565,19765.527344
80,0.670163,0.532841,20015.072266
81,0.670087,0.535456,20264.642578
82,0.669825,0.537385,20514.185547
83,0.669484,0.539700,20763.738281
84,0.669026,0.541834,21013.279297
85,0.668198,0.544256,21262.867188
86,0.667926,0.546492,21512.429688
87,0.666560,0.549374,21762.070312
88,0.656880,0.564752,22011.550781
89,0.613764,0.584449,22261.140625
90,0.568775,0.599021,22510.662109
91,0.539067,0.610072,22760.238281
92,0.540223,0.610796,23009.818359
93,0.547086,0.619328,23259.343750
94,0.558976,0.629420,23508.937500
95,0.573076,0.630575,23758.500000
96,0.603020,0.619699,24008.054688
97,0.618716,0.616641,24257.617188
98,0.626929,0.619883,24507.166016
99,0.629650,0.623839,24756.722656
0,0.769089,0.671996,0.009304
1,0.803905,0.663302,266.295349
2,0.829411,0.638814,515.731506
3,0.857518,0.649870,765.346558
4,0.884242,0.660955,1014.899658
5,0.896426,0.682271,1264.510254
6,0.905278,0.723462,1514.026855
7,0.913896,0.757583,1763.601685
8,0.921032,0.763737,2013.187012
9,0.932994,0.762374,2262.672119
10,0.948588,0.761224,2512.293945
11,0.963575,0.760113,2761.826660
12,0.972106,0.756310,3011.422852
13,0.973804,0.755284,3260.981201
14,0.971609,0.755884,3510.525391
15,0.968911,0.757020,3760.086182
16,0.966932,0.756778,4009.647461
17,0.965785,0.756094,4259.311523
18,0.968903,0.735089,4508.797363
19,0.975505,0.685627,4758.352539
20,0.976636,0.646941,5007.920898
21,0.978775,0.632808,5257.517578
22,0.977622,0.630183,5507.108398
23,0.980206,0.630533,5756.580566
24,0.003461,0.609058,6006.205078
25,0.027761,0.589663,6255.793457
26,0.039722,0.581289,6505.331055
27,0.041761,0.568643,6754.905273
28,0.061672,0.570257,7004.455078
29,0.091544,0.596406,7253.957031
30,0.076517,0.610700,7503.518555
31,0.943485,0.602651,7753.168945
32,0.819835,0.594390,8002.661621
33,0.747392,0.610225,8252.272461
34,0.706888,0.620883,8501.802734
35,0.665303,0.607879,8751.460938
36,0.661470,0.616908,9000.919922
37,0.638229,0.642386,9250.464844
38,0.599343,0.647160,9500.039062
39,0.533748,0.612802,9766.267578
40,0.519522,0.584959,10015.837891
41,0.510371,0.571359,10265.425781
42,0.495331,0.576655,10514.963867
43,0.476542,0.587485,10764.543945
44,0.469305,0.588612,11014.055664
45,0.462093,0.599870,11263.647461
46,0.459706,0.605239,11513.193359
47,0.458320,0.614255,11762.771484
48,0.443749,0.641553,12012.324219
49,0.428220,0.627737,12261.904297
50,0.425870,0.613810,12511.500000
51,0.427810,0.596890,12761.049805
52,0.431762,0.594738,13010.568359
53,0.432965,0.612491,13260.126953
54,0.432157,0.645729,13509.802734
55,0.427612,0.671918,13759.299805
56,0.427750,0.704064,14008.861328
57,0.426473,0.711360,14258.465820
58,0.423863,0.704639,14507.977539
59,0.427797,0.695373,14757.503906
60,0.431596,0.689944,15007.110352
61,0.429613,0.698459,15256.749023
62,0.428732,0.701758,15506.242188
63,0.431088,0.695694,15755.778320
64,0.432461,0.679585,16005.398438
65,0.434013,0.670980,16254.987305
66,0.434732,0.665364,16504.458984
67,0.437206,0.654775,16754.107422
68,0.447094,0.620670,17003.722656
69,0.465019,0.568625,17253.197266
70,0.483701,0.524781,17502.722656
71,0.504828,0.501760,17752.333984
72,0.531320,0.487002,18001.849609
73,0.558055,0.490254,18251.408203
74,0.582667,0.516684,18501.052734
75,0.606162,0.533771,18750.572266
76,0.632087,0.537862,19000.144531
77,0.659194,0.531372,19266.367188
78,0.681382,0.509267,19515.916016
79,0.694306,0.482674,19765.488281
80,0.697363,0.490721,20015.029297
81,0.698865,0.505045,20264.570312
82,0.705102,0.506886,20514.208984
83,0.714368,0.497473,20763.755859
84,0.723359,0.500540,21013.330078
85,0.735818,0.537521,21262.814453
86,0.737806,0.602847,21512.375000
87,0.722053,0.653445,21761.970703
88,0.704254,0.680110,22011.583984
89,0.666929,0.684119,22261.105469
90,0.604389,0.676329,22510.669922
91,0.577505,0.698162,22760.216797
92,0.570872,0.700363,23009.748047
93,0.573556,0.695508,23259.351562
94,0.576688,0.685193,23508.947266
95,0.566393,0.647789,23758.490234
96,0.568978,0.633114,24008.056641
97,0.573642,0.617854,24257.617188
98,0.583667,0.604561,24507.189453
99,0.609032,0.603383,24756.695312
0,0.742316,0.530062,0.092661
1,0.726079,0.516732,266.333862
2,0.700987,0.503626,515.842712
3,0.658516,0.480707,765.365356
4,0.597840,0.473464,1014.991272
5,0.554581,0.463886,1264.484619
6,0.536671,0.462975,1514.092285
7,0.542766,0.481252,1763.659180
8,0.593902,0.523257,2013.302124
9,0.672300,0.519991,2262.771729
10,0.802477,0.454736,2512.303467
11,0.873080,0.444448,2761.988525
12,0.902852,0.452911,3011.461670
13,0.905056,0.464289,3261.079834
14,0.903669,0.469331,3510.566162
15,0.899531,0.470925,3760.241455
16,0.896247,0.484871,4009.691895
17,0.892168,0.499510,4259.257324
18,0.888971,0.498905,4508.896484
19,0.888281,0.499619,4758.445801
20,0.890362,0.515799,5008.076172
21,0.911236,0.595959,5257.557617
22,0.934691,0.644753,5507.202637
23,0.951388,0.660812,5756.641113
24,0.960197,0.655758,6006.260254
25,0.976426,0.648499,6255.812500
26,0.005224,0.624370,6505.378906
27,0.038667,0.572682,6755.002930
28,0.048629,0.541716,7004.486328
29,0.048771,0.521538,7254.093262
30,0.045560,0.516503,7503.648438
31,0.046919,0.525038,7753.167969
32,0.046682,0.526844,8002.730957
33,0.044819,0.526222,8252.304688
34,0.044580,0.526793,8501.910156
35,0.044068,0.527654,8751.413086
36,0.041974,0.524889,9001.036133
37,0.039477,0.524462,9250.570312
38,0.037482,0.524538,9500.104492
39,0.036674,0.525493,9766.291992
40,0.036630,0.528271,10015.892578
41,0.037238,0.530355,10265.568359
42,0.043488,0.524337,10515.009766
43,0.041175,0.512894,10764.553711
44,0.034984,0.503216,11014.185547
45,0.003711,0.492630,11263.733398
46,0.895151,0.450617,11513.240234
47,0.801676,0.401159,11762.867188
48,0.720824,0.391270,12012.489258
49,0.592613,0.434842,12262.014648
50,0.516435,0.471662,12511.529297
51,0.487006,0.502438,12761.124023
52,0.499330,0.544523,13010.697266
53,0.547154,0.589303,13260.189453
54,0.560249,0.597983,13509.854492
55,0.525681,0.579459,13759.393555
56,0.476891,0.560666,14009.000000
57,0.411530,0.539219,14258.448242
58,0.358493,0.518197,14508.064453
59,0.346095,0.488347,14757.597656
60,0.341502,0.471119,15007.139648
61,0.340324,0.467186,15256.798828
62,0.342144,0.473309,15506.291992
63,0.335498,0.476128,15755.927734
64,0.324223,0.488352,16005.397461
65,0.301395,0.502928,16254.978516
66,0.292352,0.498569,16504.548828
67,0.287924,0.484582,16770.740234
68,0.287552,0.493900,17003.681641
69,0.231338,0.483862,17253.226562
70,0.179726,0.466535,17502.804688
71,0.182444,0.472876,17752.353516
72,0.188798,0.479352,18001.912109
73,0.186828,0.482922,18251.484375
74,0.198196,0.489673,18501.072266
75,0.213045,0.492197,18750.628906
76,0.247513,0.487365,19000.201172
77,0.336664,0.476788,19266.373047
78,0.386695,0.454318,19515.953125
79,0.408470,0.442379,19765.492188
80,0.471901,0.448714,20015.099609
81,0.526616,0.456989,20264.648438
82,0.549064,0.413373,20514.212891
83,0.546566,0.305830,20763.751953
84,0.564947,0.198765,21013.318359
85,0.613647,0.173165,21262.923828
86,0.715737,0.198620,21512.453125
87,0.793018,0.253285,21762.025391
88,0.840235,0.311073,22011.580078
89,0.890984,0.444295,22261.152344
90,0.934824,0.607561,22510.726562
91,0.931327,0.718311,22760.271484
92,0.904588,0.814727,23009.835938
93,0.892528,0.878714,23259.396484
94,0.908506,0.881720,23508.982422
95,0.929427,0.872164,23758.531250
96,0.973888,0.866036,24008.076172
97,0.016207,0.858821,24257.664062
98,0.050323,0.853575,24507.230469
99,0.068202,0.852259,24756.796875
0,0.750015,0.586697,0.006825
1,0.749873,0.587871,266.227478
2,0.748303,0.591691,515.761597
3,0.723269,0.614268,765.398865
4,0.648150,0.665957,1014.908936
5,0.572261,0.654236,1264.502808
6,0.527816,0.602502,1514.032471
7,0.502867,0.584933,1763.643188
8,0.486556,0.561593,2013.154907
9,0.491197,0.538743,2262.745361
10,0.495418,0.530173,2512.309570
11,0.500519,0.533386,2761.893311
12,0.476001,0.531555,3011.413818
13,0.468759,0.537915,3261.018311
14,0.478564,0.529904,3510.542725
15,0.467057,0.542602,3760.151123
16,0.465277,0.512706,4009.657471
17,0.484594,0.419757,4259.311035
18,0.513962,0.351677,4508.833984
19,0.535588,0.272272,4758.350586
20,0.562173,0.176548,5008.015625
21,0.590033,0.057835,5257.602539
22,0.115840,0.018925,5507.107910
23,0.053012,0.039705,5756.627441
24,0.998117,0.153381,6006.176758
25,0.021862,0.340654,6255.780273
26,0.022196,0.479759,6505.301758
27,0.995194,0.537834,6754.964355
28,0.958700,0.560612,7004.478516
29,0.926049,0.585242,7254.052246
30,0.914651,0.606010,7503.543457
31,0.913135,0.613472,7753.164062
32,0.930270,0.612107,8002.751953
33,0.007923,0.608490,8252.274414
34,0.027941,0.602207,8501.858398
35,0.029067,0.591018,8751.403320
36,0.044579,0.569868,9000.965820
37,0.052211,0.565459,9250.502930
38,0.053308,0.566331,9500.196289
39,0.053949,0.568146,9766.315430
40,0.056875,0.551611,10015.865234
41,0.056921,0.487264,10265.404297
42,0.054905,0.449454,10515.068359
43,0.053953,0.442544,10764.586914
44,0.054210,0.480265,11014.136719
45,0.031142,0.594721,11263.705078
46,0.990657,0.667544,11513.299805
47,0.980120,0.695212,11762.819336
48,0.974669,0.695173,12012.420898
49,0.972161,0.698110,12261.930664
50,0.969189,0.698394,12511.493164
51,0.957807,0.688306,12761.081055
52,0.942414,0.680771,13010.605469
53,0.938384,0.687670,13260.203125
54,0.937885,0.690017,13509.772461
55,0.937856,0.690993,13759.398438
56,0.937365,0.692870,14008.884766
57,0.937314,0.695294,14258.481445
58,0.937745,0.696298,14508.029297
59,0.937777,0.696061,14757.536133
60,0.937042,0.688279,15007.212891
61,0.938061,0.670104,15256.670898
62,0.937078,0.632354,15506.366211
63,0.921705,0.579967,15755.835938
64,0.889504,0.540885,16005.482422
65,0.850917,0.538552,16254.985352
66,0.807833,0.591288,16504.482422
67,0.759234,0.612122,16754.132812
68,0.695608,0.609566,17003.714844
69,0.609099,0.590871,17253.222656
70,0.522811,0.581223,17502.757812
71,0.499759,0.576602,17752.326172
72,0.499069,0.574104,18001.876953
73,0.492099,0.572280,18251.443359
74,0.477471,0.575657,18501.013672
75,0.478365,0.579905,18750.685547
76,0.482944,0.580758,19000.175781
77,0.485256,0.581777,19266.355469
78,0.488261,0.603366,19515.962891
79,0.493811,0.606988,19765.558594
80,0.506311,0.592323,20015.019531
81,0.517435,0.581910,20264.605469
82,0.522994,0.572409,20514.167969
83,0.525231,0.565042,20763.759766
84,0.525413,0.563161,21013.312500
85,0.523633,0.567640,21262.857422
86,0.517797,0.572849,21512.421875
87,0.492444,0.575420,21761.968750
88,0.484080,0.578270,22011.531250
89,0.489564,0.580458,22261.089844
90,0.496538,0.604351,22510.707031
91,0.489448,0.629685,22760.255859
92,0.495979,0.635753,23009.810547
93,0.530387,0.628242,23259.480469
94,0.688089,0.607309,23508.943359
95,0.873903,0.615298,23758.511719
96,0.961382,0.638036,24008.076172
97,0.997697,0.645293,24257.734375
98,0.047077,0.618610,24507.171875
99,0.074705,0.597695,24756.794922
0,0.750040,0.538472,0.044292
1,0.750159,0.539616,266.300446
2,0.753591,0.548165,515.795227
3,0.759136,0.557715,765.373596
4,0.775158,0.562176,1014.924988
5,0.839851,0.561986,1264.524414
6,0.905282,0.556787,1514.131836
7,0.959140,0.548980,1763.626709
8,0.987550,0.542986,2013.170776
9,0.999642,0.540426,2262.744629
10,0.002326,0.541715,2512.279541
11,0.012990,0.545635,2761.980713
12,0.037540,0.560509,3011.431641
13,0.059613,0.573828,3261.100098
14,0.069667,0.577786,3510.573730
15,0.078710,0.581613,3760.161621
16,0.080994,0.580250,4009.702148
17,0.093546,0.585629,4259.290039
18,0.106691,0.582754,4508.834961
19,0.131067,0.582778,4758.351562
20,0.156772,0.586219,5008.027832
21,0.178708,0.596279,5257.490723
22,0.197068,0.601865,5507.108398
23,0.215629,0.608536,5756.658691
24,0.238031,0.614585,6006.306641
25,0.273820,0.605854,6255.796387
26,0.307901,0.594939,6505.301758
27,0.324326,0.583571,6754.922852
28,0.337803,0.542751,7004.443848
29,0.351350,0.519855,7254.062988
30,0.369487,0.525118,7503.616699
31,0.381158,0.539387,7753.182129
32,0.408097,0.547060,8002.747559
33,0.442618,0.551880,8252.250977
34,0.459705,0.548831,8501.899414
35,0.468032,0.539023,8751.488281
36,0.469132,0.525313,9001.022461
37,0.466504,0.512360,9250.505859
38,0.467898,0.501989,9500.132812
39,0.453278,0.520076,9766.375977
40,0.360730,0.567504,10015.876953
41,0.172658,0.577396,10265.411133
42,0.050958,0.550253,10515.024414
43,0.034665,0.544880,10764.538086
44,0.047394,0.550308,11014.210938
45,0.081692,0.560379,11263.660156
46,0.139469,0.579135,11513.337891
47,0.297167,0.599895,11762.789062
48,0.411187,0.584553,12012.375000
49,0.465509,0.579187,12261.987305
50,0.506047,0.561335,12511.551758
51,0.526941,0.550542,12761.163086
52,0.537800,0.554400,13010.618164
53,0.540460,0.557969,13260.236328
54,0.539826,0.546726,13509.735352
55,0.538877,0.523252,13759.320312
56,0.526372,0.509027,14008.857422
57,0.509317,0.502078,14258.472656
58,0.474682,0.515960,14508.065430
59,0.391910,0.537581,14757.558594
60,0.315602,0.549505,15007.156250
61,0.255006,0.556856,15256.707031
62,0.202717,0.556955,15506.239258
63,0.105989,0.561189,15755.855469
64,0.985692,0.565056,16005.377930
65,0.918580,0.569329,16254.993164
66,0.862790,0.570306,16504.505859
67,0.818189,0.555376,16754.144531
68,0.788379,0.544233,17003.687500
69,0.754542,0.544203,17253.222656
70,0.720547,0.542550,17502.820312
71,0.687903,0.544901,17752.429688
72,0.649965,0.573079,18001.957031
73,0.617590,0.593071,18251.451172
74,0.610829,0.605643,18501.017578
75,0.626981,0.606784,18750.613281
76,0.632503,0.611197,19000.148438
77,0.622501,0.610970,19266.343750
78,0.597291,0.605042,19515.980469
79,0.570270,0.592499,19765.509766
80,0.537261,0.582288,20015.072266
81,0.501391,0.570875,20264.617188
82,0.494058,0.572765,20514.207031
83,0.505417,0.575383,20763.761719
84,0.504391,0.576628,21013.294922
85,0.485693,0.583385,21262.964844
86,0.481766,0.589426,21512.464844
87,0.510071,0.592420,21762.029297
88,0.639886,0.612741,22011.574219
89,0.727506,0.604070,22261.113281
90,0.749745,0.603596,22510.732422
91,0.760347,0.595694,22760.234375
92,0.728913,0.598285,23009.845703
93,0.635712,0.587256,23259.480469
94,0.531530,0.558613,23508.955078
95,0.493381,0.528279,23758.484375
96,0.496881,0.493191,24008.189453
97,0.510420,0.477219,24257.664062
98,0.517449,0.482531,24507.187500
99,0.523513,0.486404,24756.837891
0,0.749944,0.483781,-0.006530
1,0.749788,0.484070,266.226440
2,0.749942,0.485892,515.738342
3,0.755893,0.517209,765.429199
4,0.770203,0.599753,1014.842957
5,0.777338,0.677676,1264.518188
6,0.777472,0.743060,1513.953369
7,0.771910,0.786314,1763.644165
8,0.759459,0.811720,2013.071289
9,0.756355,0.817863,2262.744873
10,0.755249,0.812124,2512.404541
11,0.753165,0.804065,2761.856201
12,0.747738,0.782701,3011.466064
13,0.703289,0.738584,3260.916504
14,0.660642,0.683535,3510.619873
15,0.643626,0.641986,3760.032715
16,0.641338,0.597549,4009.711426
17,0.643539,0.547564,4259.264648
18,0.651910,0.508265,4508.898438
19,0.663354,0.469391,4758.309082
20,0.675501,0.433767,5007.925781
21,0.681151,0.403268,5257.424805
22,0.685344,0.374210,5507.003418
23,0.686115,0.360910,5756.712891
24,0.686355,0.358037,6006.249512
25,0.685453,0.362270,6255.818848
26,0.676210,0.367058,6505.242188
27,0.660142,0.372894,6754.861816
28,0.636882,0.387892,7004.414062
29,0.605670,0.403632,7254.020020
30,0.574447,0.419380,7503.481934
31,0.539302,0.448424,7753.107910
32,0.513835,0.458724,8002.643066
33,0.485864,0.467618,8252.212891
34,0.470963,0.473930,8501.945312
35,0.464440,0.473840,8751.324219
36,0.455765,0.474302,9001.035156
37,0.415899,0.473914,9250.446289
38,0.393218,0.462800,9500.109375
39,0.389579,0.456893,9766.179688
40,0.383824,0.480500,10015.836914
41,0.382892,0.491477,10265.294922
42,0.384409,0.494585,10514.950195
43,0.386121,0.496313,10764.442383
44,0.387350,0.496033,11014.066406
45,0.388138,0.497358,11263.658203
46,0.388699,0.498519,11513.216797
47,0.389543,0.498563,11762.710938
48,0.391641,0.498270,12012.271484
49,0.403709,0.504534,12261.944336
50,0.423431,0.545389,12511.498047
51,0.440081,0.557182,12761.170898
52,0.481831,0.570338,13010.498047
53,0.561289,0.593024,13260.149414
54,0.653428,0.586064,13509.703125
55,0.794660,0.549265,13759.255859
56,0.900186,0.524697,14008.891602
57,0.934411,0.527860,14258.439453
58,0.938234,0.562053,14508.047852
59,0.938875,0.613913,14757.473633
60,0.942310,0.650161,15007.206055
61,0.943371,0.654717,15256.599609
62,0.939953,0.640091,15506.196289
63,0.931814,0.630847,15755.784180
64,0.921952,0.622668,16005.388672
65,0.916542,0.618827,16254.840820
66,0.922579,0.621038,16504.458984
67,0.929017,0.624162,16753.986328
68,0.934598,0.628245,17003.591797
69,0.940985,0.635229,17253.218750
70,0.958515,0.647846,17502.740234
71,0.977114,0.653236,17752.330078
72,0.996057,0.657540,18001.816406
73,0.006312,0.662802,18251.431641
74,0.005507,0.665986,18500.964844
75,0.004193,0.666052,18750.523438
76,0.001216,0.663902,19000.041016
77,0.001284,0.661630,19266.345703
78,0.001609,0.660914,19515.919922
79,0.001491,0.659977,19765.472656
80,0.001102,0.657996,20015.048828
81,0.000589,0.654826,20264.507812
82,0.998772,0.608635,20514.232422
83,0.003167,0.526413,20763.599609
84,0.030183,0.489148,21013.277344
85,0.052504,0.467272,21262.720703
86,0.060277,0.450284,21512.468750
87,0.059540,0.440136,21761.933594
88,0.056202,0.410711,22011.482422
89,0.048269,0.360059,22261.035156
90,0.028240,0.331034,22510.609375
91,0.007050,0.321169,22760.205078
92,0.986291,0.319547,23009.687500
93,0.972307,0.308115,23259.353516
94,0.957961,0.300923,23542.115234
95,0.945927,0.295514,23791.685547
96,0.940092,0.293388,24024.539062
97,0.939533,0.295112,24274.185547
98,0.940701,0.296858,24523.685547
99,0.941949,0.297814,24773.335938
0,0.752254,0.573283,0.023745
1,0.754580,0.574155,266.223877
2,0.755604,0.575167,515.810486
3,0.755632,0.586131,765.335449
4,0.753674,0.612300,1014.889771
5,0.748930,0.613648,1264.420654
6,0.696658,0.599638,1514.102539
7,0.663078,0.589647,1763.596191
8,0.647373,0.581083,2013.139038
9,0.634062,0.576440,2262.669922
10,0.619027,0.572551,2512.285156
11,0.579756,0.555872,2761.870605
12,0.553927,0.541889,3011.453613
13,0.567757,0.541762,3260.996094
14,0.611619,0.546793,3510.528564
15,0.635971,0.548564,3760.077393
16,0.651397,0.551270,4009.694824
17,0.659536,0.555588,4259.248535
18,0.670150,0.558197,4508.769531
19,0.681340,0.556646,4758.429688
20,0.690074,0.557318,5007.916016
21,0.727674,0.541974,5257.470215
22,0.822777,0.505835,5507.013184
23,0.889587,0.494219,5756.634277
24,0.933639,0.502020,6006.266113
25,0.950846,0.494995,6255.725098
26,0.942027,0.500607,6505.386230
27,0.923259,0.510098,6754.887207
28,0.904901,0.517884,7004.423828
29,0.889320,0.522753,7253.955566
30,0.872287,0.524957,7503.556152
31,0.854933,0.528633,7753.140137
32,0.834754,0.533126,8002.713867
33,0.811863,0.537072,8252.255859
34,0.812962,0.576435,8501.785156
35,0.839058,0.614310,8751.384766
36,0.838267,0.628571,9000.909180
37,0.817559,0.635503,9250.541016
38,0.749834,0.644571,9500.066406
39,0.684638,0.630368,9766.312500
40,0.642867,0.624160,10015.875000
41,0.618205,0.616522,10265.386719
42,0.605038,0.605513,10514.961914
43,0.591282,0.599500,10764.504883
44,0.574642,0.596934,11014.056641
45,0.553234,0.582739,11263.625000
46,0.533475,0.576835,11513.259766
47,0.515825,0.572918,11762.813477
48,0.498487,0.564151,12012.439453
49,0.475761,0.549812,12261.948242
50,0.456775,0.543749,12511.454102
51,0.435598,0.534378,12761.001953
52,0.411974,0.529700,13010.684570
53,0.398823,0.533047,13260.128906
54,0.388740,0.531914,13509.774414
55,0.382178,0.534318,13759.288086
56,0.378922,0.535538,14008.903320
57,0.377488,0.537155,14258.412109
58,0.374894,0.537082,14507.978516
59,0.371987,0.539102,14757.569336
60,0.371365,0.540669,15007.077148
61,0.368224,0.541260,15256.752930
62,0.360854,0.541904,15506.196289
63,0.351608,0.543796,15755.876953
64,0.339429,0.547170,16005.354492
65,0.319120,0.548171,16254.909180
66,0.295687,0.549250,16504.509766
67,0.275142,0.560161,16754.089844
68,0.243776,0.554583,17003.642578
69,0.237926,0.551373,17253.148438
70,0.271566,0.553604,17502.804688
71,0.326103,0.543144,17752.330078
72,0.378924,0.533782,18001.871094
73,0.434790,0.522902,18251.447266
74,0.476150,0.503357,18501.080078
75,0.498668,0.493269,18750.585938
76,0.510827,0.482176,19000.123047
77,0.508071,0.448964,19266.322266
78,0.502233,0.386047,19515.919922
79,0.488057,0.362110,19765.449219
80,0.430044,0.364789,20015.031250
81,0.384699,0.385868,20264.562500
82,0.364844,0.399190,20514.142578
83,0.353162,0.407905,20763.705078
84,0.349231,0.412859,21013.261719
85,0.349941,0.424544,21262.826172
86,0.357625,0.424875,21512.386719
87,0.362334,0.439207,21761.958984
88,0.366570,0.442969,22011.519531
89,0.369925,0.443622,22261.087891
90,0.371761,0.440003,22510.640625
91,0.372541,0.426156,22760.210938
92,0.373889,0.419956,23009.759766
93,0.373602,0.439930,23259.347656
94,0.374662,0.457000,23508.937500
95,0.375568,0.467062,23758.468750
96,0.376809,0.465287,24008.039062
97,0.376340,0.470640,24257.589844
98,0.374640,0.498189,24507.162109
99,0.373552,0.511392,24756.716797
0,0.750355,0.472790,0.009912
1,0.750654,0.471982,266.309753
2,0.750329,0.471271,515.809814
3,0.736640,0.478393,765.401672
4,0.709832,0.499441,1014.961853
5,0.691260,0.525134,1264.517944
6,0.682719,0.539951,1514.123291
7,0.676032,0.544017,1763.593506
8,0.672786,0.545829,2013.195923
9,0.673032,0.546385,2262.721680
10,0.673846,0.538904,2512.390625
11,0.673317,0.517546,2761.950928
12,0.677783,0.493108,3011.489746
13,0.683163,0.481223,3261.015625
14,0.683264,0.477580,3510.546143
15,0.680738,0.476813,3760.105469
16,0.677549,0.477962,4009.671875
17,0.672916,0.479796,4259.245117
18,0.668807,0.481886,4508.849121
19,0.665886,0.482708,4758.424805
20,0.658608,0.490667,5008.022949
21,0.639321,0.521143,5257.499512
22,0.619975,0.540836,5507.136230
23,0.600672,0.546056,5756.723145
24,0.584408,0.542981,6006.182129
25,0.573591,0.541158,6255.795898
26,0.565810,0.538592,6505.312012
27,0.558792,0.535884,6754.899902
28,0.550616,0.534567,7004.449707
29,0.542132,0.535020,7254.090820
30,0.533360,0.535183,7503.669922
31,0.522474,0.535437,7753.168945
32,0.512862,0.534707,8002.729980
33,0.502867,0.533689,8252.286133
34,0.494149,0.530955,8501.845703
35,0.490982,0.528178,8751.398438
36,0.488546,0.526944,9001.033203
37,0.482359,0.525979,9250.588867
38,0.477313,0.524172,9500.172852
39,0.476000,0.521072,9766.336914
40,0.481259,0.512525,10015.896484
41,0.485267,0.503857,10265.416016
42,0.467158,0.498901,10515.010742
43,0.427207,0.496186,10764.540039
44,0.400543,0.496409,11014.129883
45,0.390129,0.495769,11263.702148
46,0.383382,0.494075,11513.336914
47,0.376546,0.493007,11762.833008
48,0.370806,0.496349,12012.391602
49,0.367008,0.502412,12261.965820
50,0.369411,0.509102,12511.500000
51,0.371863,0.520210,12761.071289
52,0.363638,0.527745,13010.614258
53,0.362156,0.527579,13260.214844
54,0.363024,0.521436,13509.750000
55,0.353959,0.520221,13759.335938
56,0.340730,0.517955,14008.865234
57,0.319552,0.519847,14258.490234
58,0.289476,0.523912,14508.004883
59,0.269339,0.531496,14757.592773
60,0.260236,0.535541,15007.142578
61,0.249229,0.532152,15256.694336
62,0.236092,0.530103,15506.301758
63,0.228678,0.531128,15755.845703
64,0.216020,0.534182,16005.383789
65,0.208438,0.542947,16254.958008
66,0.201980,0.547281,16504.572266
67,0.188689,0.547714,16754.083984
68,0.174224,0.553517,17003.642578
69,0.156495,0.548922,17253.207031
70,0.138587,0.545145,17502.761719
71,0.119236,0.541033,17752.333984
72,0.109310,0.535661,18001.904297
73,0.102158,0.520617,18251.470703
74,0.098537,0.508502,18501.037109
75,0.094762,0.496568,18750.591797
76,0.092801,0.491868,19000.173828
77,0.099061,0.497020,19266.347656
78,0.102115,0.504873,19515.925781
79,0.101981,0.509433,19765.519531
80,0.102385,0.509975,20015.064453
81,0.104245,0.509861,20264.634766
82,0.105636,0.507720,20514.164062
83,0.106299,0.506136,20763.736328
84,0.106628,0.505338,21013.322266
85,0.106587,0.505057,21262.873047
86,0.106412,0.505350,21512.431641
87,0.104653,0.506006,21761.980469
88,0.080192,0.501465,22011.607422
89,0.056520,0.503296,22261.154297
90,0.043354,0.516003,22510.697266
91,0.024546,0.536500,22760.246094
92,0.005697,0.552888,23009.833984
93,0.997278,0.560062,23259.369141
94,0.995172,0.561196,23508.955078
95,0.994523,0.560299,23758.523438
96,0.983087,0.561375,24008.078125
97,0.972429,0.568784,24257.634766
98,0.972339,0.582276,24507.195312
99,0.971083,0.590467,24756.771484
0,0.749933,0.495673,0.007523
1,0.750078,0.496007,266.317932
2,0.747972,0.495011,515.805359
3,0.744446,0.491935,765.369995
4,0.744587,0.489328,1015.004333
5,0.743523,0.489883,1264.490601
6,0.742441,0.490482,1514.062866
7,0.741350,0.492195,1763.623901
8,0.741126,0.494316,2013.171753
9,0.744072,0.496597,2262.759033
10,0.751286,0.501832,2512.358398
11,0.763613,0.530363,2761.948730
12,0.787416,0.557142,3011.410156
13,0.809915,0.596680,3261.030518
14,0.791578,0.640819,3510.544678
15,0.761294,0.653107,3760.209229
16,0.755302,0.657677,4009.719482
17,0.763298,0.642670,4259.271973
18,0.761249,0.622078,4508.856445
19,0.732943,0.589990,4758.356934
20,0.706632,0.574891,5007.941406
21,0.681318,0.576237,5257.480957
22,0.653973,0.566156,5507.095215
23,0.632673,0.553220,5756.615234
24,0.610194,0.541661,6006.231445
25,0.585995,0.538905,6255.769531
26,0.573254,0.545434,6505.304199
27,0.571344,0.543905,6754.923340
28,0.570621,0.531214,7004.423828
29,0.582078,0.526809,7253.989746
30,0.618769,0.510550,7503.596680
31,0.658032,0.505742,7753.178223
32,0.753280,0.498781,8002.743164
33,0.843269,0.498291,8252.252930
34,0.913713,0.506563,8501.866211
35,0.955109,0.517824,8751.427734
36,0.948001,0.522961,9001.001953
37,0.944934,0.527030,9250.517578
38,0.949983,0.533747,9500.149414
39,0.969447,0.540761,9766.338867
40,0.018094,0.531468,10015.887695
41,0.047597,0.525053,10265.412109
42,0.061103,0.526691,10515.014648
43,0.071023,0.524371,10764.563477
44,0.073751,0.522317,11014.129883
45,0.081651,0.518760,11263.666016
46,0.098934,0.502878,11513.327148
47,0.101848,0.497003,11762.809570
48,0.096929,0.497016,12012.348633
49,0.098930,0.493209,12261.921875
50,0.101889,0.499570,12511.521484
51,0.115785,0.500867,12761.088867
52,0.152049,0.488349,13010.636719
53,0.191093,0.495284,13260.197266
54,0.236238,0.504002,13509.732422
55,0.276715,0.507886,13759.304688
56,0.301520,0.516875,14008.861328
57,0.309929,0.508537,14258.541992
58,0.317139,0.500240,14508.000977
59,0.313231,0.504033,14757.566406
60,0.317750,0.511191,15007.149414
61,0.342872,0.524396,15256.677734
62,0.362319,0.531856,15506.271484
63,0.369345,0.528883,15755.863281
64,0.375069,0.522877,16005.456055
65,0.379453,0.517862,16255.009766
66,0.394639,0.526748,16504.511719
67,0.399167,0.538788,16754.138672
68,0.391818,0.527973,17003.632812
69,0.384258,0.519835,17253.175781
70,0.379601,0.523183,17502.804688
71,0.370653,0.534867,17752.427734
72,0.329595,0.585748,18001.898438
73,0.265025,0.650427,18251.482422
74,0.217190,0.707994,18501.013672
75,0.200274,0.726239,18750.615234
76,0.202313,0.713936,19000.130859
77,0.229060,0.649989,19266.365234
78,0.228399,0.593743,19515.912109
79,0.239290,0.565737,19765.574219
80,0.281793,0.558115,20015.066406
81,0.307261,0.561534,20264.589844
82,0.317465,0.566357,20514.216797
83,0.319355,0.567367,20763.746094
84,0.319416,0.570235,21013.275391
85,0.287687,0.570020,21262.953125
86,0.235907,0.559933,21512.476562
87,0.222960,0.554522,21762.035156
88,0.227626,0.554475,22011.537109
89,0.229077,0.551267,22261.134766
90,0.191960,0.516394,22510.689453
91,0.142152,0.454474,22760.220703
92,0.095109,0.429377,23009.796875
93,0.056126,0.422219,23259.453125
94,0.045723,0.415153,23508.923828
95,0.042461,0.416123,23758.490234
96,0.041080,0.427212,24008.097656
97,0.042917,0.427387,24257.703125
98,0.036881,0.440276,24507.183594
99,0.035281,0.444222,24756.759766
0,0.749623,0.509863,-0.009281
1,0.745611,0.508997,266.224579
2,0.713486,0.514177,515.755127
3,0.640852,0.527682,765.305054
4,0.567730,0.541319,1014.856140
5,0.526325,0.563636,1264.485596
6,0.512540,0.577915,1514.040527
7,0.516340,0.576418,1763.530884
8,0.526043,0.556884,2013.217407
9,0.536428,0.521801,2262.714844
10,0.544276,0.503006,2512.295654
11,0.572488,0.498221,2761.824463
12,0.635798,0.494916,3011.438477
13,0.688734,0.497525,3260.944092
14,0.703158,0.498309,3510.476318
15,0.701430,0.480313,3760.129395
16,0.702499,0.464364,4009.620117
17,0.699337,0.456598,4259.298828
18,0.699248,0.452903,4508.785156
19,0.700422,0.452152,4758.413574
20,0.702248,0.457905,5007.912109
21,0.703780,0.462954,5257.448730
22,0.698779,0.501249,5507.136719
23,0.674349,0.565502,5756.599609
24,0.647896,0.599200,6006.248047
25,0.643972,0.609375,6255.723633
26,0.647058,0.609101,6505.366211
27,0.648523,0.607532,6754.832031
28,0.648008,0.607656,7004.392090
29,0.651753,0.606795,7253.988770
30,0.676103,0.598290,7503.551270
31,0.734302,0.579929,7753.164062
32,0.814760,0.559387,8002.644043
33,0.884196,0.551657,8252.310547
34,0.922670,0.549532,8501.771484
35,0.934796,0.550299,8751.330078
36,0.945830,0.549517,9000.950195
37,0.964662,0.545019,9250.498047
38,0.977521,0.544034,9500.125977
39,0.990230,0.543223,9766.338867
40,0.010352,0.549245,10015.791016
41,0.027972,0.553365,10265.441406
42,0.042192,0.554577,10514.915039
43,0.041158,0.554828,10764.487305
44,0.039273,0.558267,11014.102539
45,0.040217,0.568682,11263.659180
46,0.056950,0.573222,11513.236328
47,0.098815,0.580227,11762.767578
48,0.140544,0.570330,12012.373047
49,0.148167,0.544293,12261.861328
50,0.145184,0.533601,12511.416016
51,0.148884,0.569643,12761.047852
52,0.153380,0.598252,13010.608398
53,0.158261,0.622464,13260.174805
54,0.155148,0.630688,13509.671875
55,0.149296,0.639407,13759.311523
56,0.136698,0.661492,14008.853516
57,0.080794,0.713385,14258.426758
58,0.993442,0.746794,14507.954102
59,0.958089,0.744149,14757.610352
60,0.937741,0.729740,15007.054688
61,0.902677,0.710128,15256.619141
62,0.854457,0.686595,15506.305664
63,0.809972,0.653228,15755.767578
64,0.736926,0.615052,16005.359375
65,0.659950,0.589519,16254.886719
66,0.577375,0.568684,16504.490234
67,0.530566,0.556338,16754.062500
68,0.523059,0.558674,17003.615234
69,0.518242,0.567168,17253.130859
70,0.515244,0.568226,17502.732422
71,0.516747,0.559598,17752.291016
72,0.525542,0.541908,18001.863281
73,0.537194,0.515514,18251.421875
74,0.555425,0.483281,18517.597656
75,0.583891,0.450468,18750.544922
76,0.641102,0.435906,19000.097656
77,0.682188,0.451037,19266.308594
78,0.685781,0.466451,19515.863281
79,0.674968,0.486062,19765.421875
80,0.666632,0.497782,20014.982422
81,0.662047,0.500863,20264.560547
82,0.662612,0.499907,20514.123047
83,0.685141,0.495995,20763.683594
84,0.733657,0.490444,21013.236328
85,0.785437,0.491650,21262.804688
86,0.816450,0.502761,21512.376953
87,0.845690,0.519491,21761.945312
88,0.855886,0.529522,22011.498047
89,0.862752,0.535455,22261.087891
90,0.867343,0.541391,22510.628906
91,0.869317,0.543073,22760.175781
92,0.872254,0.546933,23009.759766
93,0.874298,0.550796,23259.328125
94,0.879032,0.558420,23508.900391
95,0.882110,0.565888,23758.441406
96,0.881243,0.568420,24008.023438
97,0.878509,0.569503,24257.564453
98,0.876215,0.569631,24507.181641
99,0.874707,0.569491,24756.742188
0,0.749882,0.503029,-0.058181
1,0.749854,0.503617,266.130798
2,0.749452,0.505224,515.717102
3,0.749879,0.506264,765.330933
4,0.750567,0.507172,1014.862122
5,0.750743,0.506808,1264.368286
6,0.750366,0.505346,1513.962280
7,0.748920,0.505665,1763.597534
8,0.744407,0.505230,2013.130127
9,0.738478,0.502524,2262.674072
10,0.731830,0.505430,2512.250488
11,0.726542,0.504706,2761.793945
12,0.713809,0.504287,3011.314209
13,0.703196,0.501865,3260.940918
14,0.696699,0.498915,3510.524170
15,0.689772,0.494954,3760.128662
16,0.678845,0.492215,4009.631592
17,0.661086,0.493052,4259.227051
18,0.636484,0.490263,4508.749023
19,0.602392,0.494772,4758.294922
20,0.578415,0.506779,5007.859863
21,0.562308,0.515920,5257.437012
22,0.533585,0.531174,5507.004883
23,0.491025,0.548794,5756.541992
24,0.459047,0.551965,6006.172363
25,0.440626,0.550105,6255.700684
26,0.422970,0.555365,6505.240723
27,0.416916,0.543305,6754.830078
28,0.412669,0.516944,7004.385254
29,0.387582,0.516938,7253.939453
30,0.377762,0.526442,7503.464844
31,0.379205,0.529867,7753.076172
32,0.388147,0.524507,8002.665039
33,0.402842,0.512151,8252.234375
34,0.417425,0.508163,8501.786133
35,0.425134,0.523060,8751.333984
36,0.423188,0.554685,9000.947266
37,0.423755,0.570777,9250.428711
38,0.426336,0.572022,9500.084961
39,0.429935,0.569713,9766.210938
40,0.426654,0.578128,10015.790039
41,0.417551,0.581697,10265.322266
42,0.409107,0.578959,10514.970703
43,0.403209,0.576123,10764.467773
44,0.397116,0.576547,11014.077148
45,0.391471,0.577223,11263.579102
46,0.390888,0.574380,11513.206055
47,0.399010,0.566271,11762.707031
48,0.420709,0.546228,12012.287109
49,0.447498,0.523062,12261.904297
50,0.472714,0.503849,12511.473633
51,0.503048,0.488763,12761.003906
52,0.536526,0.477587,13010.526367
53,0.569651,0.478678,13260.151367
54,0.615265,0.466732,13509.663086
55,0.657381,0.457624,13759.246094
56,0.673059,0.467204,14008.868164
57,0.683410,0.480935,14258.406250
58,0.716507,0.479049,14507.886719
59,0.775167,0.475156,14757.469727
60,0.837327,0.475336,15007.052734
61,0.883797,0.495368,15256.620117
62,0.907882,0.514814,15506.143555
63,0.916699,0.521928,15755.741211
64,0.921017,0.521697,16005.345703
65,0.922135,0.525152,16254.869141
66,0.916151,0.530821,16504.412109
67,0.913401,0.535037,16754.005859
68,0.908102,0.530075,17003.595703
69,0.914176,0.527747,17253.103516
70,0.932844,0.519994,17502.777344
71,0.950806,0.512964,17752.337891
72,0.955589,0.514902,18001.796875
73,0.955788,0.529796,18251.365234
74,0.955509,0.539608,18500.931641
75,0.953935,0.541342,18750.548828
76,0.949621,0.544083,19000.072266
77,0.940414,0.547444,19266.371094
78,0.940675,0.551862,19515.902344
79,0.941173,0.554813,19765.494141
80,0.942730,0.566268,20014.994141
81,0.944753,0.614796,20264.537109
82,0.952576,0.643217,20514.130859
83,0.952399,0.643677,20763.683594
84,0.951327,0.644919,21013.306641
85,0.947041,0.646534,21262.781250
86,0.917487,0.639907,21512.361328
87,0.855682,0.621590,21761.908203
88,0.775769,0.589332,22011.466797
89,0.711612,0.547958,22261.011719
90,0.698200,0.511481,22510.669922
91,0.709058,0.503347,22760.201172
92,0.745501,0.481238,23009.751953
93,0.769103,0.466499,23259.300781
94,0.767635,0.466226,23508.855469
95,0.756016,0.479137,23758.425781
96,0.744176,0.484287,24008.000000
97,0.728386,0.487370,24257.546875
98,0.714585,0.484705,24507.125000
99,0.718526,0.479496,24756.697266
0,0.749821,0.544934,0.107821
1,0.749726,0.545883,266.279510
2,0.749902,0.547753,515.900696
3,0.752058,0.553054,765.393127
4,0.771166,0.555989,1014.994995
5,0.830174,0.539839,1264.569824
6,0.891492,0.518043,1514.139038
7,0.913941,0.514148,1763.669922
8,0.923243,0.517780,2013.255981
9,0.944047,0.516958,2262.854004
10,0.953669,0.520342,2512.391602
11,0.952397,0.523234,2761.960938
12,0.951194,0.527244,3011.492676
13,0.950902,0.557163,3261.135986
14,0.946335,0.563816,3510.637207
15,0.939555,0.565498,3760.185303
16,0.954749,0.573500,4009.807617
17,0.978062,0.589244,4259.352051
18,0.989807,0.614083,4525.514648
19,0.984823,0.642682,4758.457520
20,0.984226,0.659682,5008.070312
21,0.983455,0.669445,5257.603027
22,0.986219,0.677483,5507.122070
23,0.024284,0.646070,5756.713379
24,0.069577,0.589665,6006.279785
25,0.077928,0.558105,6255.816895
26,0.076062,0.539650,6505.408203
27,0.077576,0.525832,6755.016113
28,0.080105,0.516649,7004.524902
29,0.082664,0.512429,7254.060547
30,0.087843,0.507189,7503.667480
31,0.091567,0.488792,7753.239258
32,0.088807,0.462180,8002.783203
33,0.069534,0.442437,8252.351562
34,0.038334,0.439368,8501.960938
35,0.006664,0.444906,8751.490234
36,0.970004,0.445607,9001.024414
37,0.922094,0.452865,9250.666992
38,0.860452,0.485319,9500.140625
39,0.809717,0.526750,9766.434570
40,0.764345,0.548209,10015.889648
41,0.722890,0.545515,10265.500977
42,0.688081,0.546887,10515.021484
43,0.678810,0.562281,10764.625000
44,0.739159,0.567462,11014.177734
45,0.838695,0.555573,11263.790039
46,0.897179,0.541332,11513.328125
47,0.912771,0.533592,11762.882812
48,0.922510,0.534167,12012.449219
49,0.921543,0.532311,12261.970703
50,0.905121,0.520651,12511.574219
51,0.860558,0.496318,12761.104492
52,0.798884,0.501796,13010.709961
53,0.744285,0.513331,13260.269531
54,0.677174,0.504450,13509.838867
55,0.584745,0.510469,13759.376953
56,0.535429,0.527522,14008.982422
57,0.514013,0.529596,14258.520508
58,0.500364,0.531326,14508.033203
59,0.491086,0.529926,14757.605469
60,0.480183,0.531600,15007.224609
61,0.477781,0.531998,15256.817383
62,0.470740,0.534120,15506.311523
63,0.459318,0.538431,15755.944336
64,0.451742,0.540801,16005.446289
65,0.460459,0.545704,16255.009766
66,0.483274,0.552660,16504.576172
67,0.495277,0.560961,16754.130859
68,0.502341,0.571640,17003.685547
69,0.507277,0.582698,17253.246094
70,0.517182,0.602143,17502.833984
71,0.539066,0.630793,17752.388672
72,0.562429,0.647259,18001.958984
73,0.578066,0.642339,18251.541016
74,0.600248,0.607737,18501.097656
75,0.629419,0.561737,18750.654297
76,0.638297,0.533600,19000.236328
77,0.630295,0.523394,19266.417969
78,0.616089,0.516257,19515.976562
79,0.591201,0.511471,19765.525391
80,0.507013,0.504831,20015.099609
81,0.410110,0.502644,20264.660156
82,0.377981,0.508083,20514.250000
83,0.373975,0.514336,20763.806641
84,0.368620,0.522929,21013.363281
85,0.365834,0.531857,21262.919922
86,0.365956,0.537412,21512.474609
87,0.373943,0.541805,21762.066406
88,0.389764,0.544297,22011.593750
89,0.402500,0.547186,22261.166016
90,0.407549,0.552403,22510.755859
91,0.405271,0.555079,22760.341797
92,0.397945,0.554857,23009.882812
93,0.387377,0.549767,23259.433594
94,0.381970,0.537686,23509.013672
95,0.378862,0.518471,23758.554688
96,0.368343,0.504254,24008.134766
97,0.352646,0.501576,24257.677734
98,0.340367,0.510209,24507.263672
99,0.335785,0.516218,24756.816406
0,0.749981,0.555770,-0.009153
1,0.749905,0.555366,266.170166
2,0.749982,0.555391,515.788147
3,0.749973,0.554940,765.338013
4,0.750393,0.553897,1014.861877
5,0.748516,0.554919,1264.476562
6,0.714169,0.553753,1514.068726
7,0.658800,0.551274,1763.623657
8,0.603080,0.548622,2013.123169
9,0.567252,0.543694,2262.750000
10,0.544386,0.537063,2512.256348
11,0.521468,0.532187,2761.806396
12,0.498149,0.530757,3011.419434
13,0.475324,0.536325,3260.989502
14,0.441495,0.543844,3510.565674
15,0.416899,0.545500,3760.064209
16,0.413334,0.545595,4009.687744
17,0.417418,0.548228,4259.220703
18,0.429851,0.546885,4508.774414
19,0.446883,0.539130,4758.355469
20,0.457777,0.525386,5007.979980
21,0.470055,0.531792,5257.518066
22,0.475990,0.563574,5507.004883
23,0.479446,0.589499,5756.635254
24,0.485280,0.599440,6006.148438
25,0.490824,0.593211,6255.703125
26,0.496209,0.584657,6505.303223
27,0.502007,0.577565,6754.881348
28,0.508834,0.573624,7004.437012
29,0.518866,0.572421,7253.974609
30,0.532341,0.572795,7503.600586
31,0.554177,0.571533,7753.102539
32,0.583688,0.570034,8002.667480
33,0.624909,0.565049,8252.220703
34,0.669260,0.558854,8501.837891
35,0.736433,0.539208,8751.425781
36,0.839774,0.526375,9000.955078
37,0.908967,0.516002,9250.537109
38,0.956105,0.508884,9500.111328
39,0.992650,0.506902,9766.276367
40,0.045533,0.511466,10015.793945
41,0.062001,0.543322,10265.447266
42,0.045582,0.613511,10515.014648
43,0.041640,0.628593,10764.610352
44,0.037634,0.632749,11014.073242
45,0.033123,0.635749,11263.710938
46,0.028585,0.642498,11513.250977
47,0.031948,0.640850,11762.784180
48,0.036601,0.637675,12012.353516
49,0.036539,0.634066,12261.964844
50,0.035946,0.625690,12511.472656
51,0.035093,0.605058,12760.994141
52,0.039655,0.588338,13010.625000
53,0.051298,0.575471,13260.173828
54,0.069251,0.557824,13509.722656
55,0.069693,0.551701,13759.311523
56,0.026448,0.515881,14008.935547
57,0.950273,0.448269,14258.381836
58,0.915124,0.414489,14507.947266
59,0.918430,0.386543,14757.578125
60,0.926531,0.359217,15007.128906
61,0.919300,0.340313,15256.649414
62,0.896896,0.306887,15506.218750
63,0.866621,0.283671,15755.783203
64,0.836044,0.272662,16005.366211
65,0.804980,0.265557,16254.909180
66,0.764468,0.264516,16504.464844
67,0.714218,0.263986,16754.056641
68,0.664599,0.271961,17003.595703
69,0.620737,0.279988,17253.175781
70,0.617398,0.298862,17502.728516
71,0.647546,0.342951,17752.310547
72,0.672915,0.389457,18001.859375
73,0.681162,0.409644,18251.449219
74,0.683027,0.414564,18501.013672
75,0.690614,0.416400,18750.558594
76,0.705074,0.424321,19000.107422
77,0.714074,0.431900,19266.310547
78,0.713402,0.434676,19515.871094
79,0.715780,0.435558,19765.458984
80,0.719238,0.435969,20014.996094
81,0.719811,0.438076,20264.564453
82,0.719251,0.439617,20514.158203
83,0.722214,0.447253,20763.701172
84,0.731660,0.463693,21013.285156
85,0.739922,0.474614,21262.820312
86,0.745590,0.482729,21512.410156
87,0.749509,0.510620,21761.939453
88,0.757542,0.583556,22011.527344
89,0.760545,0.618464,22261.089844
90,0.759276,0.623059,22510.652344
91,0.758186,0.619904,22760.273438
92,0.757048,0.613774,23009.767578
93,0.759289,0.606020,23259.351562
94,0.753123,0.600800,23508.896484
95,0.730471,0.596698,23758.462891
96,0.710786,0.592080,24008.023438
97,0.682488,0.583029,24257.595703
98,0.650478,0.569857,24507.146484
99,0.621109,0.562242,24756.707031
0,0.749894,0.485795,-0.040629
1,0.749726,0.486778,266.130310
2,0.750694,0.510370,532.354797
3,0.759561,0.581685,765.267944
4,0.775944,0.680484,1014.859253
5,0.804535,0.790727,1281.065430
6,0.814139,0.828187,1513.980835
7,0.813422,0.837680,1763.599854
8,0.815580,0.845580,2013.048828
9,0.819474,0.846329,2262.722656
10,0.876740,0.810608,2512.201172
11,0.938265,0.714146,2761.917480
12,0.967272,0.604746,3011.327148
13,0.970424,0.558383,3260.990479
14,0.967750,0.552080,3527.146240
15,0.963781,0.555469,3760.024414
16,0.962291,0.558789,4009.572021
17,0.954809,0.570391,4259.130859
18,0.932036,0.597617,4508.785645
19,0.913322,0.613538,4791.496582
20,0.891999,0.615411,5007.908691
21,0.842129,0.571854,5290.658691
22,0.822866,0.522256,5523.609375
23,0.867053,0.495928,5773.104980
24,0.903904,0.456206,6006.104004
25,0.888508,0.419467,6255.645020
26,0.812413,0.382210,6505.218750
27,0.728957,0.371420,6771.525879
28,0.669565,0.388224,7020.999512
29,0.627118,0.438667,7253.982910
30,0.603434,0.500493,7503.489746
31,0.596428,0.568292,7753.119141
32,0.579504,0.603296,8019.190430
33,0.555153,0.608984,8252.192383
34,0.530855,0.589274,8501.698242
35,0.517287,0.559665,8767.985352
36,0.514151,0.546221,9000.798828
37,0.502481,0.552712,9250.488281
38,0.506470,0.536946,9516.707031
39,0.515995,0.505464,9849.410156
40,0.527107,0.466718,10098.937500
41,0.535797,0.435007,10348.533203
42,0.533534,0.414200,10581.388672
43,0.540309,0.354017,10831.034180
44,0.551505,0.280260,11080.579102
45,0.563914,0.215366,11313.539062
46,0.567895,0.211753,11563.029297
47,0.556999,0.298462,11812.681641
48,0.539356,0.391785,12045.494141
49,0.539760,0.450719,12295.153320
50,0.550151,0.458601,12544.653320
51,0.577152,0.439183,12777.664062
52,0.618956,0.424947,13027.159180
53,0.652360,0.425200,13276.751953
54,0.664188,0.462682,13542.894531
55,0.666937,0.469458,13775.873047
56,0.667337,0.458866,14008.746094
57,0.666512,0.451701,14258.359375
58,0.666170,0.452349,14541.236328
59,0.666394,0.456237,14774.125000
60,0.667232,0.450620,15023.612305
61,0.668203,0.442043,15273.226562
62,0.668902,0.433918,15522.863281
63,0.671011,0.430482,15788.942383
64,0.672487,0.428482,16021.992188
65,0.672884,0.429893,16254.834961
66,0.672853,0.436320,16504.443359
67,0.671611,0.454674,16787.171875
68,0.667563,0.494861,17020.208984
69,0.664993,0.541833,17269.648438
70,0.666060,0.573745,17519.304688
71,0.678976,0.565804,17752.130859
72,0.691127,0.553949,18035.007812
73,0.695038,0.540243,18268.058594
74,0.699432,0.535653,18517.521484
75,0.712560,0.522307,18767.056641
76,0.733012,0.528837,19016.615234
77,0.756741,0.539697,19266.259766
78,0.784981,0.544906,19515.730469
79,0.808088,0.556461,19765.408203
80,0.834203,0.557313,20014.888672
81,0.861840,0.568022,20264.537109
82,0.888500,0.574826,20513.966797
83,0.909231,0.574324,20763.603516
84,0.950981,0.576686,21013.095703
85,0.973869,0.599481,21262.705078
86,0.973663,0.630823,21512.365234
87,0.977854,0.648553,21761.824219
88,0.998193,0.641469,22011.476562
89,0.033670,0.613781,22261.029297
90,0.059751,0.596202,22510.570312
91,0.085570,0.595651,22826.703125
92,0.098674,0.597960,23076.207031
93,0.115912,0.592902,23325.785156
94,0.131915,0.585547,23575.314453
95,0.123032,0.567119,23808.333984
96,0.098606,0.551977,24057.771484
97,0.066756,0.518282,24290.787109
98,0.065117,0.505158,24523.703125
99,0.065136,0.510736,24773.279297
0,0.750640,0.481060,0.006200
1,0.746423,0.476242,266.180237
2,0.732217,0.472890,515.811707
3,0.716900,0.467706,765.324646
4,0.707946,0.455646,1014.936768
5,0.713499,0.439949,1264.497192
6,0.724060,0.418655,1514.028931
7,0.747828,0.404268,1763.611450
8,0.789281,0.393926,2013.130859
9,0.838232,0.385786,2262.809570
10,0.876384,0.381714,2512.309082
11,0.898294,0.395986,2761.828857
12,0.923322,0.392008,3011.379639
13,0.937855,0.372860,3260.982422
14,0.943234,0.361159,3510.552490
15,0.949266,0.354197,3760.133789
16,0.963477,0.337714,4009.682129
17,0.979953,0.327974,4259.286621
18,0.990765,0.318183,4508.789551
19,0.997350,0.309199,4758.373047
20,0.002740,0.316170,5007.961914
21,0.004557,0.319761,5257.452148
22,0.017716,0.316281,5507.091797
23,0.060299,0.323682,5756.611816
24,0.128343,0.357485,6006.182129
25,0.171083,0.399982,6255.717773
26,0.216325,0.447000,6505.324707
27,0.249780,0.475707,6754.852051
28,0.275959,0.486997,7004.449219
29,0.287462,0.514551,7253.978027
30,0.292856,0.521568,7503.538086
31,0.309092,0.508278,7753.126465
32,0.333207,0.478558,8002.687012
33,0.362187,0.443817,8252.333984
34,0.386917,0.436550,8501.807617
35,0.415510,0.434802,8751.460938
36,0.452968,0.443353,9000.935547
37,0.471430,0.465382,9250.498047
38,0.471889,0.474817,9500.078125
39,0.467279,0.476306,9766.281250
40,0.463109,0.476970,10015.835938
41,0.462936,0.487259,10265.403320
42,0.485342,0.536323,10514.938477
43,0.504822,0.587057,10764.584961
44,0.521643,0.632111,11014.095703
45,0.531167,0.661509,11263.656250
46,0.541906,0.685587,11513.230469
47,0.538745,0.690021,11762.767578
48,0.494332,0.664836,12012.412109
49,0.439752,0.628563,12261.916992
50,0.396788,0.591936,12511.529297
51,0.367976,0.556162,12761.048828
52,0.354307,0.519458,13010.677734
53,0.348365,0.510668,13260.194336
54,0.351251,0.512888,13509.694336
55,0.351464,0.506725,13759.289062
56,0.349526,0.505302,14008.872070
57,0.353071,0.507862,14258.457031
58,0.353778,0.510424,14507.959961
59,0.352997,0.513032,14757.579102
60,0.350193,0.512936,15007.158203
61,0.342656,0.512514,15256.684570
62,0.333835,0.506780,15506.267578
63,0.321044,0.493251,15755.792969
64,0.315478,0.479660,16005.452148
65,0.311700,0.474737,16254.900391
66,0.286756,0.470590,16504.519531
67,0.250793,0.479808,16754.039062
68,0.206747,0.482938,17003.636719
69,0.188657,0.482127,17253.203125
70,0.204105,0.482442,17502.804688
71,0.192679,0.477440,17752.320312
72,0.108778,0.469940,18001.851562
73,0.033639,0.472136,18251.425781
74,0.995122,0.474502,18500.990234
75,0.984699,0.481094,18750.552734
76,0.988427,0.481561,19000.115234
77,0.996508,0.459922,19266.351562
78,0.007466,0.439956,19515.882812
79,0.038658,0.438534,19765.470703
80,0.072734,0.445831,20015.009766
81,0.088445,0.455903,20264.572266
82,0.089378,0.464994,20514.132812
83,0.089082,0.469046,20763.693359
84,0.088982,0.476377,21013.253906
85,0.090851,0.480491,21262.847656
86,0.092467,0.483388,21512.412109
87,0.093589,0.482755,21761.949219
88,0.098059,0.479288,22011.527344
89,0.104793,0.472428,22261.076172
90,0.109866,0.467765,22510.638672
91,0.108965,0.466004,22760.199219
92,0.110244,0.469582,23009.804688
93,0.143591,0.495324,23259.347656
94,0.186436,0.517429,23508.914062
95,0.208845,0.526558,23758.478516
96,0.209674,0.526818,24008.031250
97,0.212344,0.527056,24257.599609
98,0.236732,0.523428,24507.154297
99,0.255674,0.523499,24756.736328
0,0.750095,0.577846,-0.022328
1,0.749861,0.578309,266.205963
2,0.749467,0.577681,515.754150
3,0.749189,0.576544,765.257446
4,0.747561,0.573727,1014.873047
5,0.710685,0.534021,1264.375122
6,0.693129,0.513855,1513.971436
7,0.690759,0.494209,1763.498413
8,0.694305,0.471782,2013.061035
9,0.695267,0.461218,2262.731689
10,0.696688,0.462295,2512.193604
11,0.697957,0.462390,2761.822754
12,0.698332,0.463503,3011.365723
13,0.693473,0.472143,3260.902588
14,0.688066,0.492085,3510.527100
15,0.688321,0.503527,3760.083740
16,0.691887,0.501096,4009.584229
17,0.698239,0.495216,4259.156250
18,0.703044,0.490423,4508.772461
19,0.705833,0.488506,4758.391113
20,0.709379,0.486579,5007.873535
21,0.712910,0.484238,5257.470703
22,0.723717,0.472166,5507.024414
23,0.752312,0.454119,5756.557129
24,0.782746,0.450499,6006.141113
25,0.803925,0.457761,6255.654297
26,0.828610,0.475870,6505.257812
27,0.856170,0.488427,6754.867188
28,0.881465,0.483854,7004.373047
29,0.927716,0.475124,7253.993164
30,0.958174,0.480873,7503.553223
31,0.982763,0.493746,7753.048340
32,0.999357,0.495944,8002.610352
33,0.999174,0.487162,8252.189453
34,0.998808,0.481851,8501.732422
35,0.979213,0.479894,8751.293945
36,0.900961,0.486737,9000.853516
37,0.829628,0.530444,9250.448242
38,0.801996,0.541820,9500.013672
39,0.767941,0.548608,9766.189453
40,0.721889,0.540740,10015.750000
41,0.675358,0.533134,10265.369141
42,0.635025,0.526656,10514.896484
43,0.595901,0.524843,10764.487305
44,0.553314,0.519356,11014.036133
45,0.523921,0.525853,11263.631836
46,0.509094,0.535080,11513.151367
47,0.495191,0.549263,11762.698242
48,0.484322,0.559505,12012.273438
49,0.472221,0.557132,12261.832031
50,0.421399,0.516260,12511.418945
51,0.382807,0.485174,12760.969727
52,0.377255,0.477806,13010.545898
53,0.376907,0.483569,13260.097656
54,0.376186,0.497781,13509.645508
55,0.375253,0.509721,13759.210938
56,0.375859,0.518618,14008.783203
57,0.376135,0.523853,14258.368164
58,0.375268,0.528037,14507.924805
59,0.377569,0.534509,14757.476562
60,0.375234,0.541319,15007.133789
61,0.370809,0.540770,15256.613281
62,0.365383,0.540778,15506.163086
63,0.356317,0.544423,15755.733398
64,0.350781,0.544724,16005.289062
65,0.351390,0.543246,16254.900391
66,0.352612,0.543745,16504.439453
67,0.353350,0.540685,16753.976562
68,0.357523,0.537474,17003.552734
69,0.356329,0.543398,17253.111328
70,0.350099,0.544704,17502.667969
71,0.338305,0.545095,17752.236328
72,0.309078,0.540846,18001.796875
73,0.258563,0.533001,18251.373047
74,0.231756,0.519747,18500.945312
75,0.234488,0.512848,18750.523438
76,0.248082,0.520284,19000.082031
77,0.273533,0.532642,19266.259766
78,0.323311,0.528903,19515.820312
79,0.365230,0.512162,19765.400391
80,0.424556,0.504537,20014.976562
81,0.489268,0.507224,20264.537109
82,0.539470,0.516242,20514.083984
83,0.577014,0.521391,20763.656250
84,0.605713,0.524051,21013.207031
85,0.632556,0.521011,21262.792969
86,0.649077,0.514478,21512.353516
87,0.667766,0.503664,21761.916016
88,0.688788,0.449157,22011.484375
89,0.701873,0.379590,22261.035156
90,0.732874,0.341045,22510.593750
91,0.773546,0.331544,22760.152344
92,0.816998,0.340836,23009.724609
93,0.856904,0.365396,23259.314453
94,0.880346,0.390623,23508.865234
95,0.879492,0.420342,23758.419922
96,0.870746,0.446188,24008.005859
97,0.858668,0.463321,24257.548828
98,0.841172,0.476941,24507.105469
99,0.826544,0.483840,24756.689453
0,0.758885,0.571191,-0.013195
1,0.772021,0.571079,266.191040
2,0.781927,0.572147,515.765320
3,0.786135,0.575436,765.396179
4,0.784869,0.578992,1014.924072
5,0.783883,0.582990,1264.475464
6,0.783749,0.586688,1514.045898
7,0.784860,0.588425,1763.596191
8,0.785837,0.590123,2013.115234
9,0.786168,0.591817,2262.718262
10,0.785927,0.592908,2512.267334
11,0.785846,0.593799,2761.871582
12,0.786346,0.585157,3011.414795
13,0.789671,0.533999,3261.032471
14,0.793551,0.480944,3510.551514
15,0.799534,0.442349,3760.089111
16,0.802679,0.415553,4009.726074
17,0.815474,0.390940,4259.217773
18,0.859334,0.385567,4508.812012
19,0.893644,0.402136,4758.339355
20,0.917738,0.433751,5007.954590
21,0.930029,0.479216,5257.489746
22,0.925855,0.560846,5507.083008
23,0.914623,0.647537,5756.620605
24,0.897248,0.729435,6006.175293
25,0.859369,0.802773,6255.767578
26,0.805127,0.836318,6505.274902
27,0.771936,0.846346,6754.878418
28,0.766551,0.851621,7004.445312
29,0.768193,0.856146,7254.014648
30,0.750313,0.854188,7503.529297
31,0.722342,0.854093,7753.096680
32,0.698304,0.853080,8002.700195
33,0.672971,0.851809,8252.216797
34,0.643722,0.848365,8501.833984
35,0.611608,0.845399,8751.381836
36,0.580458,0.842649,9000.978516
37,0.514720,0.817681,9250.487305
38,0.474643,0.804117,9500.145508
39,0.463022,0.794680,9766.365234
40,0.461550,0.746373,10015.839844
41,0.467795,0.686546,10265.389648
42,0.478489,0.626260,10514.958984
43,0.490174,0.588317,10764.571289
44,0.494004,0.569652,11014.082031
45,0.494587,0.561086,11263.694336
46,0.497095,0.537228,11513.208008
47,0.501750,0.503871,11762.803711
48,0.505292,0.479952,12012.325195
49,0.505425,0.473795,12261.971680
50,0.507168,0.483243,12511.564453
51,0.506725,0.492683,12761.031250
52,0.504693,0.499314,13010.645508
53,0.503223,0.502751,13260.166016
54,0.503720,0.504698,13509.701172
55,0.503177,0.506099,13759.259766
56,0.502469,0.508648,14008.909180
57,0.501971,0.510841,14258.523438
58,0.501496,0.512979,14508.023438
59,0.501271,0.513757,14757.562500
60,0.501075,0.514848,15007.147461
61,0.500892,0.516001,15256.686523
62,0.500928,0.516715,15506.221680
63,0.501248,0.517593,15755.770508
64,0.504938,0.518895,16005.383789
65,0.515242,0.520197,16254.915039
66,0.529869,0.522789,16504.505859
67,0.546745,0.524393,16754.039062
68,0.566134,0.521842,17003.636719
69,0.587973,0.520448,17253.154297
70,0.607121,0.519926,17502.763672
71,0.622246,0.521103,17752.369141
72,0.634377,0.520174,18001.914062
73,0.645938,0.519095,18251.423828
74,0.656661,0.517856,18501.087891
75,0.666090,0.518388,18750.591797
76,0.676722,0.517647,19000.115234
77,0.688754,0.517560,19266.314453
78,0.708888,0.519119,19515.941406
79,0.739492,0.520165,19765.484375
80,0.763108,0.519083,20015.025391
81,0.791019,0.512091,20264.576172
82,0.834758,0.498244,20514.128906
83,0.895488,0.491154,20763.697266
84,0.939944,0.492595,21013.265625
85,0.957241,0.500567,21262.867188
86,0.958526,0.505253,21512.402344
87,0.958279,0.508175,21761.986328
88,0.957644,0.510535,22011.525391
89,0.956567,0.542790,22261.089844
90,0.956038,0.548639,22510.664062
91,0.955138,0.549200,22760.212891
92,0.953128,0.549503,23009.798828
93,0.952829,0.550694,23259.326172
94,0.953259,0.554981,23508.902344
95,0.954826,0.561110,23758.484375
96,0.956040,0.566910,24008.035156
97,0.956330,0.569694,24257.611328
98,0.956485,0.570322,24507.158203
99,0.956649,0.568898,24756.744141
0,0.750166,0.544096,-0.007152
1,0.750409,0.544205,266.245178
2,0.750704,0.543915,515.860474
3,0.750609,0.544161,765.304260
4,0.750847,0.546858,1014.885010
5,0.760450,0.563136,1264.521973
6,0.807141,0.581976,1514.034424
7,0.842241,0.572551,1763.683716
8,0.911735,0.513928,2013.187012
9,0.957285,0.506162,2262.810303
10,0.974891,0.511963,2512.291748
11,0.996756,0.513705,2761.831787
12,0.024233,0.521155,3011.421875
13,0.037011,0.509278,3260.964111
14,0.029113,0.482681,3510.632080
15,0.994212,0.453327,3760.129395
16,0.967427,0.444396,4009.728271
17,0.954316,0.445825,4259.251465
18,0.925913,0.455501,4508.799805
19,0.878264,0.497450,4758.416992
20,0.801709,0.522491,5007.943359
21,0.748928,0.522389,5257.544922
22,0.713694,0.512144,5507.096680
23,0.679741,0.497399,5756.717773
24,0.672872,0.479500,6006.152832
25,0.683261,0.436264,6255.727051
26,0.672520,0.417419,6505.390137
27,0.661124,0.411349,6754.875488
28,0.647178,0.418745,7004.491211
29,0.639444,0.428536,7253.986816
30,0.634841,0.441887,7503.639160
31,0.625269,0.475905,7753.144531
32,0.560477,0.553950,8002.667480
33,0.496639,0.578982,8252.306641
34,0.486496,0.591705,8501.900391
35,0.474138,0.602949,8751.428711
36,0.452715,0.595255,9000.928711
37,0.422420,0.580557,9250.570312
38,0.400512,0.568007,9500.138672
39,0.382824,0.565396,9766.265625
40,0.373465,0.545472,10015.808594
41,0.372485,0.510240,10265.372070
42,0.363269,0.501626,10515.012695
43,0.339499,0.513123,10764.556641
44,0.311368,0.524874,11014.074219
45,0.294188,0.525577,11263.696289
46,0.278516,0.524305,11513.203125
47,0.266107,0.523826,11762.805664
48,0.270388,0.516310,12012.319336
49,0.311024,0.516087,12261.964844
50,0.373833,0.625936,12511.500977
51,0.392100,0.731316,12761.059570
52,0.382170,0.771000,13010.586914
53,0.408833,0.759598,13260.186523
54,0.436592,0.741973,13509.757812
55,0.479566,0.732177,13759.375000
56,0.507964,0.727207,14008.902344
57,0.528571,0.731841,14258.432617
58,0.533476,0.676445,14507.962891
59,0.516583,0.573997,14757.574219
60,0.511635,0.518891,15007.136719
61,0.524479,0.441882,15256.667969
62,0.540381,0.355955,15506.272461
63,0.552892,0.317214,15755.882812
64,0.560459,0.310913,16005.383789
65,0.600445,0.372845,16254.953125
66,0.639420,0.417254,16504.541016
67,0.649898,0.430438,16754.148438
68,0.691949,0.430466,17003.615234
69,0.722673,0.428161,17253.179688
70,0.741231,0.432041,17502.734375
71,0.760161,0.428361,17752.330078
72,0.776358,0.432772,18001.867188
73,0.783737,0.443331,18251.455078
74,0.779637,0.453694,18501.042969
75,0.773683,0.457567,18750.599609
76,0.765633,0.460185,19000.173828
77,0.744988,0.470615,19266.343750
78,0.692423,0.496092,19515.947266
79,0.680248,0.495642,19765.488281
80,0.679712,0.490378,20015.021484
81,0.680691,0.485022,20264.589844
82,0.681214,0.483555,20514.144531
83,0.680775,0.484850,20763.746094
84,0.680742,0.485736,21013.367188
85,0.680731,0.486166,21262.830078
86,0.680606,0.487039,21512.437500
87,0.680593,0.487798,21761.951172
88,0.680544,0.488359,22011.535156
89,0.680435,0.489225,22261.099609
90,0.678616,0.489994,22510.757812
91,0.669167,0.492008,22760.250000
92,0.653244,0.490877,23009.781250
93,0.636163,0.485224,23259.347656
94,0.613186,0.479778,23508.900391
95,0.589616,0.475668,23758.574219
96,0.564260,0.476269,24008.050781
97,0.542401,0.477280,24257.619141
98,0.521817,0.491701,24507.162109
99,0.505529,0.491753,24756.769531
0,0.750374,0.416934,0.023619
1,0.752061,0.418521,266.202332
2,0.753356,0.421138,515.791260
3,0.753385,0.422172,765.352051
4,0.741135,0.423653,1014.926575
5,0.716794,0.420088,1264.463379
6,0.696895,0.415150,1514.046387
7,0.684842,0.411989,1763.670532
8,0.668427,0.413336,2013.155884
9,0.643977,0.427822,2262.748047
10,0.615166,0.469908,2512.313721
11,0.608718,0.526521,2761.846924
12,0.587321,0.594398,3011.405273
13,0.555081,0.626056,3260.958008
14,0.525652,0.597601,3510.535400
15,0.500864,0.571317,3760.156738
16,0.482529,0.563353,4009.692871
17,0.463142,0.560664,4259.266602
18,0.442827,0.559199,4508.783691
19,0.422603,0.556720,4758.351562
20,0.401835,0.552047,5007.927246
21,0.381880,0.542647,5274.104492
22,0.362454,0.529756,5507.090820
23,0.345844,0.526022,5756.678223
24,0.332087,0.525929,6006.171875
25,0.318245,0.525561,6255.736816
26,0.309003,0.528133,6505.349121
27,0.294823,0.532542,6754.987305
28,0.252244,0.534668,7004.428711
29,0.219131,0.532754,7254.007324
30,0.222010,0.533573,7503.595215
31,0.232800,0.532839,7753.122070
32,0.200969,0.533274,8002.682617
33,0.166633,0.499016,8252.242188
34,0.163985,0.486159,8501.867188
35,0.225228,0.515156,8751.381836
36,0.301100,0.532669,9001.010742
37,0.327351,0.536066,9250.541992
38,0.343666,0.536127,9500.085938
39,0.366387,0.537198,9766.276367
40,0.395703,0.535219,10015.850586
41,0.440892,0.529942,10265.391602
42,0.500242,0.522194,10514.952148
43,0.541692,0.514097,10764.535156
44,0.583711,0.512468,11014.088867
45,0.619203,0.509914,11263.665039
46,0.655266,0.508646,11513.210938
47,0.683237,0.500738,11762.795898
48,0.718692,0.494916,12012.343750
49,0.785766,0.500900,12261.951172
50,0.855128,0.510241,12511.469727
51,0.888933,0.510582,12761.033203
52,0.910054,0.508364,13010.625000
53,0.925384,0.507295,13260.163086
54,0.923689,0.493218,13509.722656
55,0.916553,0.485370,13759.296875
56,0.913865,0.498604,14008.882812
57,0.905538,0.505986,14258.425781
58,0.907381,0.504883,14507.985352
59,0.924000,0.491251,14757.545898
60,0.945428,0.481676,15007.122070
61,0.951966,0.478181,15256.692383
62,0.954064,0.480113,15506.255859
63,0.957642,0.493053,15755.826172
64,0.964800,0.511288,16005.355469
65,0.968397,0.517995,16254.940430
66,0.972006,0.495417,16504.496094
67,0.981999,0.461221,16754.072266
68,0.979751,0.456935,17003.628906
69,0.978259,0.447827,17253.183594
70,0.981169,0.445721,17502.742188
71,0.004238,0.464565,17752.326172
72,0.015850,0.477227,18001.921875
73,0.028017,0.479022,18251.464844
74,0.029737,0.477290,18501.037109
75,0.026609,0.474762,18750.564453
76,0.031320,0.482727,19000.144531
77,0.029497,0.485906,19266.345703
78,0.028580,0.484798,19515.898438
79,0.027799,0.484267,19765.492188
80,0.027780,0.484834,20015.031250
81,0.028230,0.484926,20264.583984
82,0.028494,0.485009,20514.162109
83,0.028502,0.486656,20763.714844
84,0.027829,0.488485,21013.269531
85,0.024320,0.495438,21262.853516
86,0.007397,0.556731,21512.443359
87,0.983356,0.614008,21761.996094
88,0.976310,0.639042,22011.552734
89,0.969253,0.663432,22261.103516
90,0.960119,0.675474,22510.660156
91,0.948143,0.686078,22760.224609
92,0.925100,0.680601,23009.787109
93,0.866108,0.671947,23259.392578
94,0.820944,0.660418,23508.910156
95,0.816373,0.622930,23758.490234
96,0.830043,0.550386,24008.066406
97,0.849657,0.513714,24257.654297
98,0.867770,0.496959,24507.203125
99,0.886950,0.488370,24756.759766
0,0.751102,0.486563,0.051862
1,0.755476,0.484505,266.269592
2,0.757380,0.488410,515.844177
3,0.760553,0.509976,765.477356
4,0.754341,0.572840,1014.968933
5,0.741679,0.621246,1264.568726
6,0.727913,0.611081,1514.117432
7,0.724027,0.541286,1763.642212
8,0.704555,0.499873,2013.216675
9,0.693393,0.504885,2262.769287
10,0.668672,0.504148,2512.343018
11,0.594562,0.479977,2761.889893
12,0.536871,0.472217,3011.470947
13,0.519518,0.469041,3261.055664
14,0.502832,0.469473,3510.591309
15,0.498613,0.478292,3760.154541
16,0.512137,0.490082,4009.721191
17,0.543644,0.499728,4259.291504
18,0.583372,0.506501,4508.845703
19,0.630143,0.500724,4758.419434
20,0.696430,0.485948,5008.002930
21,0.779505,0.477778,5257.548828
22,0.870149,0.480648,5507.102539
23,0.938494,0.475781,5756.693359
24,0.969813,0.454157,6006.230469
25,0.991036,0.444777,6255.795898
26,0.004206,0.442053,6505.359375
27,0.019646,0.441184,6754.930664
28,0.043069,0.457539,7004.485840
29,0.061764,0.474620,7254.055664
30,0.070782,0.471213,7503.615723
31,0.074266,0.465692,7753.198730
32,0.075372,0.465153,8002.741699
33,0.080500,0.463629,8252.308594
34,0.083678,0.463092,8501.897461
35,0.083477,0.458089,8751.433594
36,0.082224,0.453190,9000.990234
37,0.082317,0.444418,9250.565430
38,0.091080,0.422898,9500.137695
39,0.089889,0.426209,9766.348633
40,0.088596,0.435296,10015.888672
41,0.089415,0.438915,10265.468750
42,0.090626,0.437968,10515.021484
43,0.090880,0.437683,10764.597656
44,0.094721,0.431032,11014.156250
45,0.091171,0.417114,11263.740234
46,0.054325,0.366777,11513.306641
47,0.003534,0.310801,11762.840820
48,0.988718,0.290735,12012.397461
49,0.993053,0.287052,12261.958984
50,0.998980,0.274911,12511.568359
51,0.999628,0.274594,12761.108398
52,0.002258,0.280603,13010.683594
53,0.002857,0.282289,13260.222656
54,0.001397,0.286198,13509.785156
55,0.000770,0.287443,13759.346680
56,0.001459,0.292054,14008.913086
57,0.987239,0.328087,14258.493164
58,0.966485,0.388902,14508.034180
59,0.973135,0.419534,14757.643555
60,0.978486,0.433287,15007.174805
61,0.987248,0.433047,15256.748047
62,0.989281,0.428163,15506.297852
63,0.987869,0.427723,15755.864258
64,0.986550,0.428850,16022.073242
65,0.985296,0.432172,16254.985352
66,0.984689,0.433923,16504.570312
67,0.985828,0.438813,16754.158203
68,0.021241,0.456368,17003.693359
69,0.119744,0.493884,17253.246094
70,0.201415,0.505039,17502.847656
71,0.224918,0.506967,17752.378906
72,0.232415,0.503176,18001.935547
73,0.232221,0.504131,18251.505859
74,0.228350,0.509016,18501.085938
75,0.218096,0.520119,18750.646484
76,0.196902,0.526673,19000.216797
77,0.157499,0.527098,19266.390625
78,0.112871,0.526616,19515.960938
79,0.004715,0.535716,19765.542969
80,0.867087,0.529475,20015.091797
81,0.802150,0.520415,20264.660156
82,0.783504,0.516394,20514.212891
83,0.782018,0.500654,20763.796875
84,0.785014,0.484272,21013.367188
85,0.793039,0.481073,21262.894531
86,0.799131,0.482750,21512.468750
87,0.803480,0.481246,21762.046875
88,0.816069,0.478287,22011.611328
89,0.840584,0.468722,22261.179688
90,0.859113,0.466643,22510.728516
91,0.883403,0.468111,22760.324219
92,0.889822,0.461283,23009.843750
93,0.891313,0.461886,23259.423828
94,0.895120,0.465143,23508.974609
95,0.897491,0.454939,23758.537109
96,0.896698,0.442851,24008.113281
97,0.899319,0.437078,24257.681641
98,0.898668,0.434575,24507.240234
99,0.899004,0.437771,24756.798828
0,0.750416,0.573777,-0.018409
1,0.750677,0.575894,266.179382
2,0.750987,0.575833,515.729614
3,0.758209,0.576076,765.302673
4,0.788661,0.574925,1014.846436
5,0.838021,0.552081,1264.454102
6,0.887775,0.520606,1513.996460
7,0.915750,0.507042,1763.572998
8,0.935734,0.504929,2013.101562
9,0.952326,0.504366,2262.767822
10,0.960375,0.504880,2512.210449
11,0.963344,0.506088,2761.803955
12,0.963563,0.508701,3011.399414
13,0.963910,0.510887,3260.916016
14,0.963372,0.511578,3510.583496
15,0.962531,0.511359,3760.085693
16,0.962160,0.510119,4009.694580
17,0.961523,0.510318,4259.166992
18,0.957841,0.510781,4508.817383
19,0.944434,0.503245,4758.350586
20,0.890274,0.499520,5007.874023
21,0.758103,0.515932,5257.527832
22,0.617118,0.514290,5507.019531
23,0.542061,0.516881,5756.654785
24,0.519736,0.528562,6006.108398
25,0.500707,0.536291,6255.754883
26,0.491892,0.540819,6505.312012
27,0.476620,0.547454,6754.868652
28,0.450892,0.551102,7004.405273
29,0.432333,0.550763,7254.037598
30,0.421450,0.543547,7503.548828
31,0.411224,0.542308,7753.060059
32,0.397603,0.549282,8002.755371
33,0.388057,0.560720,8252.177734
34,0.383382,0.556582,8501.826172
35,0.383297,0.565664,8751.364258
36,0.381005,0.573945,9001.002930
37,0.388067,0.577002,9250.484375
38,0.394163,0.575975,9500.027344
39,0.395030,0.576343,9766.223633
40,0.394776,0.577029,10015.822266
41,0.395172,0.578225,10265.337891
42,0.396663,0.577548,10514.962891
43,0.395488,0.570762,10764.531250
44,0.381124,0.549004,11014.043945
45,0.365317,0.524743,11263.644531
46,0.343088,0.512863,11513.149414
47,0.296303,0.524293,11762.814453
48,0.264307,0.533695,12012.308594
49,0.239142,0.532547,12261.891602
50,0.258867,0.526829,12511.453125
51,0.317325,0.511035,12761.006836
52,0.356819,0.497085,13010.589844
53,0.411677,0.490819,13260.103516
54,0.502279,0.500561,13509.783203
55,0.607614,0.516295,13759.328125
56,0.660770,0.522429,14008.896484
57,0.691588,0.508084,14258.370117
58,0.697064,0.503167,14507.970703
59,0.681112,0.519863,14757.498047
60,0.669379,0.527754,15007.072266
61,0.677030,0.526333,15256.666016
62,0.673799,0.522454,15506.189453
63,0.669294,0.525217,15755.784180
64,0.679148,0.500158,16005.349609
65,0.701261,0.459769,16254.902344
66,0.714613,0.445863,16504.445312
67,0.733061,0.452671,16754.001953
68,0.763383,0.466238,17003.562500
69,0.763506,0.477735,17253.224609
70,0.747532,0.488295,17502.695312
71,0.735554,0.495929,17752.300781
72,0.708268,0.501353,18001.943359
73,0.686638,0.507988,18251.431641
74,0.682507,0.512013,18500.970703
75,0.685852,0.510765,18750.580078
76,0.700959,0.510574,19000.113281
77,0.704291,0.512572,19266.314453
78,0.704480,0.514119,19515.904297
79,0.702388,0.516761,19765.416016
80,0.691536,0.520509,20015.027344
81,0.684131,0.522701,20264.560547
82,0.683448,0.525033,20514.095703
83,0.681866,0.526127,20763.654297
84,0.680100,0.526845,21013.333984
85,0.679703,0.532288,21262.876953
86,0.671354,0.538953,21512.359375
87,0.655673,0.538525,21761.927734
88,0.641354,0.534817,22011.531250
89,0.626275,0.531182,22261.093750
90,0.626448,0.521171,22510.705078
91,0.642223,0.490931,22760.277344
92,0.640514,0.483659,23009.812500
93,0.641106,0.478783,23259.345703
94,0.647272,0.480794,23508.910156
95,0.654300,0.485401,23758.482422
96,0.665719,0.491739,24007.998047
97,0.682581,0.496582,24257.597656
98,0.705872,0.502227,24507.181641
99,0.727322,0.505854,24756.742188
0,0.749456,0.423101,-0.025962
1,0.747465,0.412769,266.158936
2,0.744976,0.418410,515.772461
3,0.745113,0.456336,765.289856
4,0.751248,0.512646,1014.912231
5,0.757185,0.570824,1264.465332
6,0.761665,0.627077,1514.010254
7,0.769871,0.668846,1763.611816
8,0.769460,0.710923,2013.157593
9,0.697794,0.749077,2262.737549
10,0.614268,0.722728,2512.255127
11,0.572970,0.681077,2761.844727
12,0.546319,0.627889,3011.404297
13,0.523730,0.579552,3260.932129
14,0.500699,0.533569,3510.547607
15,0.494839,0.486324,3760.081299
16,0.506522,0.450540,4009.704834
17,0.541944,0.430528,4259.249023
18,0.582313,0.414945,4508.839844
19,0.625427,0.409575,4758.349121
20,0.658529,0.419779,5007.884277
21,0.675454,0.457569,5257.502441
22,0.661440,0.510550,5507.061035
23,0.656835,0.547178,5756.602051
24,0.664666,0.568961,6006.226562
25,0.662078,0.577683,6255.761719
26,0.661365,0.598849,6505.314941
27,0.666843,0.600423,6754.830566
28,0.699499,0.575470,7004.425293
29,0.749052,0.554635,7253.989258
30,0.907180,0.501520,7503.574707
31,0.987051,0.494241,7753.089355
32,0.024655,0.519239,8002.734863
33,0.058615,0.540927,8252.217773
34,0.072075,0.542026,8501.828125
35,0.061888,0.605639,8751.425781
36,0.009207,0.717218,9000.958984
37,0.994434,0.754414,9250.559570
38,0.983697,0.749965,9500.028320
39,0.987276,0.735466,9766.271484
40,0.995584,0.730777,10015.936523
41,0.003251,0.726402,10265.358398
42,0.005475,0.721311,10514.923828
43,0.008582,0.705430,10764.592773
44,0.005437,0.684208,11014.129883
45,0.005933,0.661281,11263.702148
46,0.027825,0.623390,11513.167969
47,0.066530,0.580365,11762.801758
48,0.085774,0.561838,12012.313477
49,0.088121,0.548957,12261.869141
50,0.083475,0.544631,12511.434570
51,0.075845,0.527929,12761.092773
52,0.074136,0.511474,13010.641602
53,0.076035,0.496776,13260.146484
54,0.077534,0.491515,13509.771484
55,0.079498,0.493995,13759.265625
56,0.084706,0.514054,14008.858398
57,0.087370,0.563917,14258.420898
58,0.086649,0.606067,14508.000977
59,0.083177,0.622285,14757.508789
60,0.081968,0.624729,15007.096680
61,0.087814,0.616319,15256.680664
62,0.096801,0.601058,15506.247070
63,0.098950,0.594847,15755.821289
64,0.103264,0.596577,16005.334961
65,0.099464,0.590540,16254.940430
66,0.101838,0.593729,16504.451172
67,0.105355,0.600643,16754.017578
68,0.094337,0.602436,17003.578125
69,0.086393,0.596676,17253.203125
70,0.078467,0.581547,17502.757812
71,0.075822,0.577851,17752.316406
72,0.071813,0.585658,18001.884766
73,0.067148,0.603152,18251.457031
74,0.052020,0.614349,18500.982422
75,0.053044,0.603609,18750.535156
76,0.050331,0.592809,19000.107422
77,0.048922,0.592494,19266.345703
78,0.056189,0.602733,19515.890625
79,0.061944,0.604626,19765.511719
80,0.049395,0.604061,20015.005859
81,0.024928,0.605814,20264.638672
82,0.976110,0.580374,20514.109375
83,0.931407,0.558154,20763.744141
84,0.904741,0.555472,21013.287109
85,0.900976,0.558291,21262.841797
86,0.895193,0.557051,21512.404297
87,0.901784,0.557284,21761.939453
88,0.912042,0.556345,22011.527344
89,0.921775,0.554732,22261.058594
90,0.933065,0.549484,22510.699219
91,0.952979,0.539063,22760.224609
92,0.965593,0.543413,23009.853516
93,0.965706,0.558803,23259.353516
94,0.963648,0.584358,23508.927734
95,0.979964,0.597075,23758.496094
96,0.997217,0.598324,24008.001953
97,0.997883,0.605245,24257.669922
98,0.987243,0.618507,24507.271484
99,0.967392,0.629031,24756.781250
0,0.751617,0.541427,-0.002153
1,0.751828,0.542097,266.271301
2,0.751583,0.539071,515.725647
3,0.751608,0.488819,765.383728
4,0.752399,0.414057,1014.899963
5,0.759769,0.358867,1264.524048
6,0.773298,0.330086,1514.025024
7,0.792790,0.304935,1763.551758
8,0.832321,0.286407,2013.201660
9,0.859309,0.281543,2262.716064
10,0.878112,0.279493,2512.281250
11,0.905342,0.268145,2761.802734
12,0.931339,0.263662,3011.371094
13,0.945930,0.264407,3260.996094
14,0.956011,0.283336,3510.588135
15,0.961925,0.314081,3760.048828
16,0.965815,0.350206,4009.685791
17,0.976969,0.427115,4259.235352
18,0.983187,0.487604,4508.805176
19,0.971183,0.517605,4758.324707
20,0.956002,0.532401,5007.925293
21,0.948725,0.540007,5257.470215
22,0.949105,0.563006,5506.990723
23,0.954066,0.623921,5756.689941
24,0.950634,0.680938,6006.223633
25,0.940425,0.722416,6255.697754
26,0.909794,0.769381,6505.282715
27,0.879561,0.810049,6754.858398
28,0.847541,0.836033,7004.376953
29,0.813186,0.853380,7253.967285
30,0.799111,0.862411,7503.546875
31,0.792395,0.859416,7753.099609
32,0.788532,0.773218,8002.673340
33,0.788289,0.628606,8252.202148
34,0.799537,0.545721,8501.767578
35,0.815279,0.490807,8751.356445
36,0.808885,0.467818,9000.884766
37,0.798684,0.458659,9250.458984
38,0.786252,0.464578,9500.124023
39,0.762732,0.471972,9766.274414
40,0.716318,0.476737,10015.775391
41,0.691220,0.465104,10265.351562
42,0.674996,0.470594,10515.026367
43,0.671392,0.482612,10764.494141
44,0.654013,0.516522,11014.084961
45,0.646541,0.535429,11263.606445
46,0.645091,0.543712,11513.240234
47,0.643805,0.537803,11762.760742
48,0.635334,0.533256,12012.283203
49,0.621785,0.537092,12261.878906
50,0.605856,0.542251,12511.464844
51,0.599315,0.541084,12761.042969
52,0.571750,0.522328,13010.615234
53,0.537490,0.503816,13260.140625
54,0.524640,0.494605,13509.718750
55,0.522347,0.471476,13759.250000
56,0.521616,0.413447,14008.892578
57,0.520972,0.396440,14258.364258
58,0.541886,0.378759,14508.033203
59,0.584281,0.344909,14757.495117
60,0.612727,0.330599,15007.171875
61,0.612329,0.347214,15256.654297
62,0.594248,0.375228,15506.253906
63,0.527334,0.411741,15755.784180
64,0.444034,0.448245,16005.425781
65,0.406849,0.466175,16254.892578
66,0.380318,0.467947,16504.480469
67,0.363481,0.481618,16754.113281
68,0.358518,0.513616,17003.574219
69,0.350928,0.544726,17253.142578
70,0.352883,0.536837,17502.777344
71,0.371989,0.473308,17752.322266
72,0.405948,0.401577,18001.953125
73,0.424781,0.373304,18251.425781
74,0.427479,0.371854,18501.087891
75,0.409671,0.378356,18750.525391
76,0.388081,0.382057,19000.134766
77,0.356042,0.392316,19266.291016
78,0.302500,0.409636,19515.904297
79,0.270014,0.430431,19765.458984
80,0.248772,0.442647,20015.082031
81,0.228423,0.455381,20264.560547
82,0.220244,0.479617,20514.167969
83,0.216949,0.505999,20763.667969
84,0.202818,0.524017,21013.236328
85,0.173005,0.534850,21262.794922
86,0.151998,0.534886,21512.441406
87,0.136539,0.534616,21761.976562
88,0.123909,0.529764,22011.492188
89,0.114133,0.524212,22261.105469
90,0.111793,0.519202,22510.619141
91,0.105773,0.519288,22760.220703
92,0.090120,0.519011,23009.785156
93,0.073310,0.507141,23259.343750
94,0.055307,0.504622,23508.929688
95,0.036471,0.502724,23758.441406
96,0.022150,0.495682,24008.060547
97,0.007714,0.481704,24257.582031
98,0.997221,0.490056,24507.132812
99,0.993730,0.513502,24756.816406
0,0.750278,0.496866,0.007495
1,0.750170,0.498664,266.170380
2,0.750354,0.510723,515.784241
3,0.756096,0.567226,765.340637
4,0.749404,0.674784,1014.868835
5,0.713215,0.747328,1264.453369
6,0.678355,0.773767,1514.028809
7,0.643333,0.682316,1763.658203
8,0.582633,0.574342,2013.139771
9,0.545958,0.543033,2262.721191
10,0.537673,0.528907,2512.285156
11,0.533423,0.510815,2761.810303
12,0.539240,0.489808,3011.431885
13,0.549747,0.473702,3261.014893
14,0.560483,0.444257,3510.545898
15,0.568354,0.433353,3760.097656
16,0.596028,0.473280,4009.706543
17,0.637960,0.499311,4259.247070
18,0.661416,0.515535,4508.761719
19,0.667523,0.524924,4758.365723
20,0.673651,0.523855,5007.976562
21,0.688169,0.515308,5257.540039
22,0.704434,0.505791,5507.081055
23,0.710839,0.491087,5756.652344
24,0.714995,0.469590,6006.155762
25,0.723717,0.459732,6255.763184
26,0.754332,0.490162,6505.371094
27,0.791556,0.538282,6754.863770
28,0.818338,0.552052,7004.450195
29,0.825518,0.546651,7253.960449
30,0.832472,0.537340,7503.652344
31,0.865247,0.533657,7753.139160
32,0.906197,0.545413,8002.694336
33,0.953829,0.594413,8252.270508
34,0.972593,0.660490,8501.846680
35,0.971869,0.687376,8751.398438
36,0.987635,0.640994,9000.910156
37,0.000291,0.568377,9250.563477
38,0.023563,0.537794,9500.087891
39,0.071222,0.512446,9766.244141
40,0.111898,0.508517,10015.807617
41,0.118944,0.502160,10265.408203
42,0.103333,0.490315,10515.040039
43,0.074801,0.484595,10764.510742
44,0.042854,0.476669,11014.094727
45,0.024360,0.473956,11263.731445
46,0.010238,0.475009,11513.208984
47,0.983716,0.467580,11762.760742
48,0.945881,0.434102,12012.346680
49,0.923447,0.385383,12261.933594
50,0.901478,0.336484,12528.182617
51,0.869461,0.293787,12760.999023
52,0.840322,0.283439,13010.616211
53,0.767204,0.295045,13260.216797
54,0.687590,0.321853,13509.707031
55,0.633497,0.334499,13759.358398
56,0.593982,0.347230,14008.925781
57,0.558644,0.390391,14258.426758
58,0.526298,0.467950,14507.953125
59,0.494315,0.501629,14757.611328
60,0.462217,0.532264,15007.130859
61,0.428444,0.558893,15256.710938
62,0.396714,0.596980,15506.261719
63,0.372015,0.618387,15755.830078
64,0.350528,0.608719,16005.377930
65,0.336699,0.591346,16254.914062
66,0.327237,0.568673,16504.546875
67,0.312922,0.553258,16754.136719
68,0.310210,0.538357,17003.607422
69,0.315472,0.524173,17253.150391
70,0.321869,0.512296,17502.775391
71,0.328092,0.507360,17752.341797
72,0.332902,0.507440,18001.875000
73,0.341247,0.505969,18251.484375
74,0.353463,0.501400,18501.097656
75,0.377238,0.487676,18750.560547
76,0.423029,0.501949,19000.107422
77,0.460025,0.520281,19266.357422
78,0.478183,0.532404,19515.902344
79,0.494584,0.534822,19765.480469
80,0.514904,0.531413,20015.007812
81,0.545762,0.525976,20264.599609
82,0.586409,0.521100,20514.214844
83,0.628320,0.519418,20763.734375
84,0.663621,0.519949,21013.300781
85,0.698542,0.511858,21262.853516
86,0.731020,0.506712,21512.421875
87,0.748835,0.509345,21762.000000
88,0.766304,0.528725,22011.556641
89,0.783306,0.543934,22261.125000
90,0.808042,0.557162,22510.699219
91,0.826013,0.566876,22760.218750
92,0.825698,0.587178,23009.765625
93,0.800919,0.623823,23259.363281
94,0.753404,0.654308,23508.910156
95,0.698794,0.671614,23758.460938
96,0.656882,0.665427,24008.021484
97,0.627830,0.643843,24257.603516
98,0.611620,0.607883,24507.150391
99,0.600095,0.581618,24756.740234
0,0.749783,0.501488,0.043737
1,0.749479,0.501547,266.255005
2,0.747505,0.498318,515.823425
3,0.711196,0.473362,765.469543
4,0.640469,0.455337,1014.994812
5,0.580597,0.446335,1264.523682
6,0.554342,0.458417,1514.163330
7,0.559623,0.514415,1763.691528
8,0.580458,0.568627,2013.209473
9,0.590115,0.582098,2262.838379
10,0.588833,0.581794,2512.363525
11,0.567436,0.584044,2761.877441
12,0.549547,0.590635,3011.532227
13,0.537941,0.597813,3261.043945
14,0.534551,0.597360,3510.638428
15,0.533970,0.594114,3760.167480
16,0.533181,0.589195,4009.704102
17,0.530791,0.582719,4259.310547
18,0.532508,0.571121,4508.833496
19,0.589609,0.493758,4758.410156
20,0.640773,0.412070,5008.020508
21,0.646559,0.389000,5257.555176
22,0.642497,0.386276,5507.130859
23,0.643216,0.385042,5756.678223
24,0.644501,0.378493,6006.260254
25,0.644726,0.376213,6255.785645
26,0.644246,0.376490,6505.361816
27,0.646501,0.375582,6754.957031
28,0.650051,0.375440,7004.518066
29,0.651883,0.379413,7254.065918
30,0.653739,0.387895,7503.701172
31,0.649392,0.403743,7753.188477
32,0.653642,0.407837,8002.735352
33,0.672802,0.410378,8252.367188
34,0.732866,0.373046,8501.854492
35,0.871256,0.323611,8751.444336
36,0.944356,0.348006,9001.002930
37,0.975017,0.410024,9250.561523
38,0.999810,0.441155,9500.116211
39,0.051236,0.441819,9766.341797
40,0.107822,0.438922,10015.902344
41,0.104380,0.446524,10265.453125
42,0.078902,0.432256,10514.999023
43,0.042176,0.438006,10764.567383
44,0.022358,0.453479,11014.125000
45,0.027909,0.461194,11263.692383
46,0.045040,0.468409,11513.283203
47,0.047054,0.574046,11762.816406
48,0.014490,0.660232,12012.402344
49,0.005056,0.688165,12261.957031
50,0.014908,0.695605,12511.535156
51,0.032313,0.729293,12761.083984
52,0.102453,0.859493,13010.633789
53,0.179577,0.926859,13260.197266
54,0.226675,0.938631,13509.765625
55,0.215309,0.774057,13759.369141
56,0.220420,0.576341,14008.916992
57,0.228450,0.512687,14258.484375
58,0.266309,0.449259,14508.026367
59,0.298186,0.434164,14757.585938
60,0.297711,0.434968,15007.155273
61,0.299128,0.443471,15256.710938
62,0.298735,0.447328,15506.285156
63,0.299824,0.451516,15755.857422
64,0.300016,0.452412,16005.464844
65,0.299743,0.455127,16254.977539
66,0.286546,0.446329,16504.533203
67,0.206462,0.377966,16754.101562
68,0.147938,0.325558,17003.671875
69,0.098081,0.325694,17253.220703
70,0.049655,0.341692,17502.791016
71,0.015459,0.352151,17752.345703
72,0.997685,0.366327,18001.951172
73,0.986586,0.400415,18251.490234
74,0.003627,0.426270,18501.050781
75,0.007472,0.443675,18750.640625
76,0.908216,0.428313,19000.169922
77,0.682609,0.379101,19266.388672
78,0.594521,0.397002,19516.003906
79,0.560362,0.433916,19765.503906
80,0.538406,0.460898,20015.072266
81,0.520832,0.490822,20264.626953
82,0.494857,0.505131,20514.207031
83,0.472169,0.523451,20763.800781
84,0.470616,0.539902,21013.310547
85,0.483672,0.540771,21262.919922
86,0.512753,0.539667,21512.457031
87,0.578890,0.525092,21762.023438
88,0.617905,0.510076,22011.582031
89,0.639721,0.501073,22261.164062
90,0.661481,0.497234,22510.695312
91,0.690425,0.489378,22760.267578
92,0.712027,0.488782,23009.835938
93,0.729756,0.493138,23259.423828
94,0.778458,0.512842,23508.962891
95,0.875067,0.500468,23758.525391
96,0.947723,0.468988,24008.111328
97,0.971621,0.457688,24257.654297
98,0.948337,0.460107,24507.212891
99,0.916185,0.460634,24756.779297
0,0.750003,0.483193,0.091944
1,0.750013,0.483116,266.288544
2,0.749550,0.484074,515.886597
3,0.748772,0.489964,765.435913
4,0.748549,0.502678,1014.982300
5,0.749680,0.537244,1264.561279
6,0.752595,0.571511,1514.109497
7,0.750942,0.587906,1763.691040
8,0.740467,0.590765,2013.225098
9,0.714781,0.584038,2262.829834
10,0.679085,0.567289,2512.401611
11,0.641646,0.544000,2761.904297
12,0.614249,0.527890,3011.508057
13,0.603348,0.515807,3261.087402
14,0.602424,0.508049,3510.621094
15,0.604296,0.503145,3760.182617
16,0.607876,0.502763,4009.775879
17,0.608036,0.502382,4259.291504
18,0.607132,0.501158,4508.912109
19,0.603541,0.499414,4758.421387
20,0.597404,0.501710,5008.016113
21,0.584606,0.504360,5257.586426
22,0.572170,0.508724,5507.166992
23,0.566582,0.512720,5756.717285
24,0.568229,0.510076,6006.275879
25,0.575179,0.501160,6255.805664
26,0.580410,0.492271,6505.374023
27,0.584350,0.486517,6754.981445
28,0.588125,0.482870,7004.516113
29,0.601562,0.479760,7254.094238
30,0.620207,0.477925,7503.667969
31,0.630746,0.479723,7753.244141
32,0.638363,0.481963,8002.772949
33,0.643981,0.484488,8252.373047
34,0.651851,0.485570,8501.936523
35,0.659734,0.485834,8751.456055
36,0.666641,0.486632,9001.058594
37,0.670878,0.488116,9250.562500
38,0.674413,0.489502,9500.184570
39,0.676815,0.489590,9766.395508
40,0.676794,0.489858,10015.916016
41,0.677489,0.489954,10265.480469
42,0.680915,0.490396,10515.058594
43,0.685371,0.491696,10764.603516
44,0.690107,0.492777,11014.183594
45,0.694938,0.493442,11263.725586
46,0.699381,0.493513,11513.338867
47,0.706338,0.493417,11762.887695
48,0.718734,0.492201,12012.445312
49,0.751790,0.484922,12261.979492
50,0.797128,0.477649,12511.589844
51,0.844298,0.472837,12761.117188
52,0.888528,0.467749,13010.673828
53,0.923156,0.471153,13260.286133
54,0.945654,0.477222,13509.803711
55,0.951598,0.482895,13759.375000
56,0.950826,0.481619,14008.949219
57,0.950074,0.482863,14258.493164
58,0.950716,0.484997,14508.097656
59,0.948997,0.494093,14757.643555
60,0.944371,0.503773,15007.230469
61,0.938962,0.499827,15256.759766
62,0.931792,0.495657,15506.308594
63,0.922716,0.488446,15755.879883
64,0.913884,0.480783,16005.444336
65,0.904018,0.472572,16255.035156
66,0.894516,0.470147,16504.597656
67,0.883689,0.475924,16754.177734
68,0.871954,0.487318,17003.728516
69,0.866236,0.493490,17253.308594
70,0.863248,0.496909,17502.826172
71,0.859818,0.504789,17752.392578
72,0.852111,0.515033,18001.941406
73,0.842201,0.519096,18251.544922
74,0.829899,0.518092,18501.083984
75,0.817390,0.515805,18750.652344
76,0.801920,0.509244,19000.230469
77,0.789108,0.502440,19266.435547
78,0.779778,0.496649,19515.962891
79,0.773149,0.491649,19765.535156
80,0.769698,0.486368,20015.101562
81,0.768243,0.483401,20264.671875
82,0.767700,0.483239,20514.283203
83,0.766090,0.481972,20763.804688
84,0.762666,0.478972,21013.392578
85,0.758847,0.476460,21262.914062
86,0.751576,0.475839,21512.486328
87,0.740558,0.475479,21762.070312
88,0.729670,0.475496,22011.634766
89,0.718214,0.476235,22261.173828
90,0.709944,0.475552,22510.763672
91,0.703425,0.473751,22760.316406
92,0.696569,0.473909,23009.882812
93,0.687190,0.475589,23259.453125
94,0.681208,0.478527,23509.011719
95,0.679634,0.479658,23758.595703
96,0.678856,0.480065,24008.125000
97,0.678736,0.480645,24257.707031
98,0.679967,0.480864,24507.255859
99,0.681701,0.479415,24756.830078
0,0.750913,0.450515,-0.002330
1,0.751674,0.451612,266.198090
2,0.747636,0.454827,515.806946
3,0.709328,0.452922,765.354553
4,0.642163,0.450854,1014.918518
5,0.590422,0.470399,1264.485718
6,0.555385,0.487799,1514.015503
7,0.527903,0.499990,1763.649292
8,0.487612,0.509319,2013.127075
9,0.431983,0.523893,2262.802002
10,0.391082,0.525751,2512.346924
11,0.366429,0.508772,2761.856689
12,0.336695,0.494323,3011.460693
13,0.301257,0.497803,3261.012451
14,0.257106,0.509196,3510.565674
15,0.202103,0.526766,3760.112305
16,0.145404,0.534336,4009.731934
17,0.100759,0.534040,4259.223145
18,0.064174,0.523563,4508.771973
19,0.043146,0.577014,4758.374023
20,0.046470,0.743177,5007.921875
21,0.044515,0.819004,5257.511719
22,0.948284,0.823175,5507.077637
23,0.850510,0.745402,5756.637695
24,0.869519,0.700360,6006.181641
25,0.872869,0.528076,6255.738770
26,0.898453,0.477409,6505.323730
27,0.991635,0.392841,6754.868164
28,0.062119,0.299039,7004.434082
29,0.121338,0.211858,7254.009766
30,0.201817,0.155526,7503.590332
31,0.305966,0.159942,7753.132324
32,0.402863,0.230440,8002.677246
33,0.436511,0.305467,8252.324219
34,0.459761,0.400051,8501.902344
35,0.424997,0.463647,8751.375000
36,0.379836,0.474895,9000.913086
37,0.421328,0.483096,9250.538086
38,0.525249,0.504661,9500.100586
39,0.593926,0.525658,9766.293945
40,0.634398,0.535670,10015.815430
41,0.662135,0.537719,10265.414062
42,0.685972,0.534328,10515.029297
43,0.712269,0.536175,10764.554688
44,0.737456,0.533145,11014.118164
45,0.756640,0.522584,11263.683594
46,0.774941,0.512210,11513.242188
47,0.782587,0.501227,11762.776367
48,0.795057,0.495799,12012.359375
49,0.813881,0.495429,12261.978516
50,0.831348,0.493063,12511.527344
51,0.849870,0.493433,12761.032227
52,0.870741,0.494762,13010.593750
53,0.888409,0.496350,13260.167969
54,0.905379,0.497746,13509.741211
55,0.925490,0.502411,13759.325195
56,0.941953,0.507894,14008.895508
57,0.952538,0.508481,14258.470703
58,0.974791,0.513903,14507.981445
59,0.008850,0.522102,14757.562500
60,0.038468,0.521687,15007.195312
61,0.055246,0.513619,15256.669922
62,0.021357,0.500685,15506.325195
63,0.900664,0.482626,15755.800781
64,0.765325,0.478112,16005.445312
65,0.654132,0.464358,16254.942383
66,0.584541,0.465092,16504.527344
67,0.536721,0.472102,16754.101562
68,0.510229,0.471424,17003.699219
69,0.488437,0.476574,17253.275391
70,0.464733,0.479931,17502.730469
71,0.430446,0.479551,17752.339844
72,0.400188,0.483096,18001.855469
73,0.373050,0.490685,18251.460938
74,0.342260,0.486943,18501.062500
75,0.300283,0.483454,18750.562500
76,0.264607,0.483860,19000.171875
77,0.239752,0.482545,19266.347656
78,0.234681,0.485297,19515.880859
79,0.257606,0.490046,19765.480469
80,0.315955,0.491710,20015.015625
81,0.416530,0.479065,20264.648438
82,0.516100,0.469065,20514.195312
83,0.592030,0.460363,20763.744141
84,0.652728,0.463136,21013.300781
85,0.684035,0.460660,21262.916016
86,0.706802,0.467682,21512.441406
87,0.726994,0.474683,21761.949219
88,0.735441,0.501135,22011.570312
89,0.738326,0.554526,22261.119141
90,0.754002,0.572571,22510.746094
91,0.746920,0.585311,22760.220703
92,0.734190,0.548109,23009.814453
93,0.718638,0.529332,23259.380859
94,0.690357,0.525663,23508.904297
95,0.672432,0.506089,23758.560547
96,0.668563,0.494808,24008.099609
97,0.682205,0.479975,24257.650391
98,0.712061,0.513428,24507.166016
99,0.739567,0.521963,24756.744141
0,0.719819,0.675921,-0.025517
1,0.681743,0.632771,266.147919
2,0.648545,0.588624,515.746826
3,0.592224,0.552459,765.380920
4,0.525735,0.530195,1014.928772
5,0.505380,0.515866,1264.430298
6,0.494128,0.505256,1514.001709
7,0.472046,0.504656,1763.620483
8,0.438534,0.494833,2013.093628
9,0.415966,0.508411,2262.679688
10,0.397902,0.505113,2512.287842
11,0.327794,0.508503,2761.875244
12,0.295004,0.526748,3011.338623
13,0.327651,0.520525,3260.945312
14,0.410792,0.511541,3510.460205
15,0.453720,0.513263,3760.052246
16,0.483713,0.509365,4009.655029
17,0.500796,0.501447,4259.195312
18,0.507825,0.501895,4508.801758
19,0.517394,0.498870,4758.357910
20,0.546649,0.493799,5007.856445
21,0.579542,0.490475,5257.443359
22,0.614010,0.490449,5507.042480
23,0.650548,0.487075,5756.563965
24,0.676110,0.482336,6006.190918
25,0.695511,0.473874,6255.749023
26,0.714901,0.462967,6505.353516
27,0.774112,0.441265,6754.826172
28,0.850014,0.430175,7004.395996
29,0.902886,0.434084,7253.930664
30,0.939871,0.457192,7503.502930
31,0.954130,0.466075,7753.048340
32,0.959087,0.469296,8002.619141
33,0.965487,0.484804,8252.218750
34,0.980916,0.524968,8501.765625
35,0.996487,0.542833,8751.341797
36,0.022870,0.547257,9000.897461
37,0.028764,0.546134,9250.491211
38,0.033152,0.544966,9500.035156
39,0.029369,0.541446,9766.226562
40,0.012630,0.536982,10015.781250
41,0.011061,0.539592,10265.351562
42,0.040607,0.536162,10514.905273
43,0.070174,0.532295,10764.471680
44,0.087591,0.526637,11014.023438
45,0.099015,0.524627,11263.599609
46,0.107730,0.530830,11513.192383
47,0.105630,0.533122,11762.727539
48,0.101007,0.528717,12012.306641
49,0.100579,0.518012,12261.852539
50,0.106924,0.506176,12511.414062
51,0.096554,0.473050,12760.970703
52,0.068807,0.414465,13010.570312
53,0.050857,0.400277,13260.110352
54,0.032125,0.391097,13509.716797
55,0.015519,0.370800,13759.266602
56,0.998265,0.350780,14008.809570
57,0.977782,0.335213,14258.357422
58,0.959408,0.331665,14507.929688
59,0.942192,0.349835,14757.507812
60,0.923156,0.384306,15007.062500
61,0.909070,0.407046,15256.619141
62,0.917181,0.428378,15506.197266
63,0.932430,0.459076,15755.761719
64,0.931784,0.471425,16005.314453
65,0.922151,0.476816,16254.903320
66,0.866494,0.489511,16504.449219
67,0.800033,0.507944,16754.066406
68,0.756773,0.558321,17003.591797
69,0.763980,0.625979,17253.126953
70,0.774433,0.664394,17502.720703
71,0.749800,0.679082,17752.277344
72,0.672700,0.656149,18001.845703
73,0.546417,0.585993,18251.388672
74,0.480257,0.547065,18500.957031
75,0.453430,0.535513,18750.511719
76,0.397627,0.524032,19000.066406
77,0.345515,0.519421,19266.308594
78,0.342124,0.522261,19515.873047
79,0.342786,0.525757,19765.423828
80,0.351071,0.532349,20014.998047
81,0.359193,0.560684,20264.564453
82,0.364077,0.572752,20514.089844
83,0.373512,0.566619,20763.697266
84,0.385717,0.561251,21013.230469
85,0.399515,0.560003,21262.837891
86,0.419288,0.556962,21512.380859
87,0.434881,0.556593,21761.929688
88,0.431244,0.563060,22011.498047
89,0.410145,0.574052,22261.042969
90,0.384218,0.573223,22510.628906
91,0.363200,0.565579,22760.162109
92,0.349746,0.555350,23009.738281
93,0.354141,0.544778,23259.302734
94,0.361841,0.544228,23508.861328
95,0.359903,0.555438,23758.419922
96,0.355767,0.562980,24007.990234
97,0.361384,0.560284,24257.580078
98,0.372913,0.555758,24507.121094
99,0.390311,0.547409,24756.683594
0,0.772984,0.456869,-0.008129
1,0.781335,0.464098,266.218689
2,0.780173,0.466154,515.825806
3,0.720098,0.463609,765.322327
4,0.662547,0.467046,1014.907776
5,0.655472,0.458943,1264.428589
6,0.639791,0.447542,1514.000000
7,0.569413,0.456560,1763.558350
8,0.517731,0.486616,2013.170166
9,0.498343,0.499633,2262.735107
10,0.490268,0.503864,2512.339355
11,0.492206,0.502185,2761.873535
12,0.472104,0.498726,3011.452637
13,0.423438,0.515563,3260.930176
14,0.413576,0.530929,3510.569092
15,0.410326,0.520323,3760.125488
16,0.408329,0.517568,4009.635010
17,0.410355,0.529610,4259.237305
18,0.413926,0.537288,4508.766602
19,0.418107,0.540557,4758.351562
20,0.419515,0.541282,5007.881836
21,0.419223,0.542488,5257.491699
22,0.419690,0.542633,5507.093262
23,0.420200,0.543048,5756.583496
24,0.426275,0.528052,6006.185547
25,0.441983,0.476781,6255.751953
26,0.457145,0.438007,6505.299805
27,0.477600,0.433721,6754.861816
28,0.516228,0.442863,7004.447754
29,0.571527,0.453821,7254.042480
30,0.644661,0.456803,7503.561523
31,0.694237,0.484196,7753.126953
32,0.670536,0.506203,8002.670898
33,0.667782,0.502101,8252.252930
34,0.680614,0.474005,8501.783203
35,0.693213,0.438588,8751.356445
36,0.721430,0.419685,9000.959961
37,0.773786,0.419394,9250.533203
38,0.876501,0.445341,9500.025391
39,0.947238,0.448671,9766.293945
40,0.981679,0.453161,10015.806641
41,0.011600,0.465800,10265.391602
42,0.043746,0.481414,10514.923828
43,0.057773,0.487934,10764.533203
44,0.071833,0.494197,11014.126953
45,0.077759,0.496446,11263.667969
46,0.078817,0.491749,11513.184570
47,0.078102,0.481542,11762.817383
48,0.075660,0.446498,12012.343750
49,0.057338,0.398145,12261.873047
50,0.027288,0.356070,12511.541992
51,0.008635,0.326616,12761.045898
52,0.996992,0.306874,13010.640625
53,0.992651,0.293608,13260.139648
54,0.991148,0.284616,13509.781250
55,0.992547,0.280364,13759.283203
56,0.990608,0.279569,14008.852539
57,0.988638,0.279870,14258.390625
58,0.969062,0.282895,14507.972656
59,0.903171,0.307658,14757.558594
60,0.851314,0.365252,15007.069336
61,0.811286,0.441505,15256.750000
62,0.754570,0.482337,15506.199219
63,0.698587,0.493332,15755.813477
64,0.638618,0.558213,16005.410156
65,0.609420,0.566566,16254.968750
66,0.597192,0.542787,16504.560547
67,0.563025,0.509446,16754.019531
68,0.538814,0.495086,17003.662109
69,0.499290,0.494142,17253.158203
70,0.495462,0.540375,17502.722656
71,0.540238,0.680879,17752.294922
72,0.577398,0.773686,18001.886719
73,0.659145,0.833373,18251.416016
74,0.683239,0.856868,18500.996094
75,0.701484,0.836208,18750.574219
76,0.735627,0.730603,19000.158203
77,0.749758,0.666402,19266.302734
78,0.793778,0.566093,19515.890625
79,0.835676,0.532790,19765.482422
80,0.907228,0.542164,20015.033203
81,0.914369,0.554274,20264.587891
82,0.920792,0.570863,20514.117188
83,0.927931,0.590041,20763.755859
84,0.947267,0.632078,21013.296875
85,0.952295,0.646063,21262.855469
86,0.956935,0.653426,21512.464844
87,0.953176,0.653322,21762.031250
88,0.932652,0.645214,22011.494141
89,0.929249,0.643921,22261.091797
90,0.927569,0.643804,22510.683594
91,0.928603,0.634317,22760.222656
92,0.954797,0.590374,23009.843750
93,0.963432,0.550829,23259.373047
94,0.959565,0.526530,23508.906250
95,0.914033,0.525063,23758.458984
96,0.826767,0.509719,24008.033203
97,0.773869,0.486836,24257.632812
98,0.733856,0.469861,24507.179688
99,0.696169,0.462985,24756.701172
0,0.749952,0.543879,-0.000667
1,0.749286,0.544727,266.159882
2,0.748265,0.547009,515.722717
3,0.742567,0.590220,765.248596
4,0.737991,0.651782,1014.879761
5,0.731970,0.671899,1264.443115
6,0.708895,0.665545,1513.977295
7,0.690623,0.645244,1763.505127
8,0.679575,0.584954,2013.126587
9,0.681278,0.544598,2262.631592
10,0.680347,0.541717,2512.305908
11,0.676722,0.547111,2761.822998
12,0.680634,0.545539,3011.416748
13,0.699473,0.538530,3260.881592
14,0.716747,0.533438,3510.513672
15,0.730456,0.514736,3760.025391
16,0.750116,0.475950,4009.586426
17,0.781966,0.454921,4259.180176
18,0.834389,0.465477,4508.720703
19,0.873028,0.487776,4758.370605
20,0.893937,0.498496,5007.829102
21,0.935540,0.512850,5257.517090
22,0.945346,0.522026,5507.019531
23,0.952554,0.547313,5756.539062
24,0.961948,0.588820,6006.147461
25,0.972169,0.601726,6255.726074
26,0.983547,0.611448,6505.341309
27,0.993437,0.617769,6754.782227
28,0.999529,0.624113,7004.416992
29,0.002843,0.624262,7253.922363
30,0.011421,0.625504,7503.468750
31,0.014892,0.622926,7753.085449
32,0.010586,0.594351,8002.686035
33,0.003074,0.567914,8252.212891
34,0.998408,0.558003,8501.740234
35,0.004549,0.551945,8751.336914
36,0.010060,0.550716,9000.849609
37,0.949526,0.553063,9250.471680
38,0.859380,0.549692,9500.062500
39,0.793046,0.549076,9766.217773
40,0.747412,0.541652,10015.850586
41,0.698436,0.523141,10265.338867
42,0.646203,0.513483,10514.894531
43,0.592414,0.519868,10764.569336
44,0.548784,0.526018,11014.009766
45,0.521439,0.535324,11263.626953
46,0.502931,0.537329,11513.165039
47,0.481140,0.526026,11762.792969
48,0.425786,0.521799,12012.299805
49,0.387364,0.517835,12261.827148
50,0.358849,0.514223,12511.449219
51,0.341193,0.527528,12760.992188
52,0.334193,0.539791,13010.583984
53,0.322327,0.544350,13260.088867
54,0.309089,0.541071,13509.719727
55,0.291911,0.542783,13759.226562
56,0.277249,0.539214,14008.787109
57,0.267126,0.522092,14258.341797
58,0.266218,0.477417,14507.937500
59,0.275922,0.460322,14757.527344
60,0.322393,0.455535,15007.100586
61,0.370729,0.463283,15256.627930
62,0.416532,0.470679,15506.172852
63,0.451760,0.471963,15755.727539
64,0.481360,0.475882,16005.342773
65,0.503977,0.485404,16254.901367
66,0.533414,0.501757,16504.421875
67,0.571501,0.519744,16754.009766
68,0.608416,0.530431,17003.621094
69,0.638065,0.538975,17253.148438
70,0.658511,0.556563,17502.687500
71,0.680777,0.573056,17752.294922
72,0.712629,0.583257,18001.835938
73,0.739243,0.588466,18251.365234
74,0.757883,0.624129,18500.935547
75,0.770176,0.651870,18750.537109
76,0.778854,0.665747,19000.080078
77,0.787132,0.670128,19266.285156
78,0.799932,0.671332,19515.828125
79,0.842050,0.666125,19765.375000
80,0.868008,0.667931,20014.996094
81,0.867942,0.667061,20264.515625
82,0.864611,0.662143,20514.093750
83,0.859082,0.648031,20763.746094
84,0.853813,0.599920,21013.242188
85,0.855945,0.571492,21262.769531
86,0.858352,0.550724,21512.330078
87,0.853843,0.547076,21761.890625
88,0.827596,0.527837,22011.449219
89,0.789270,0.505731,22261.037109
90,0.749025,0.474405,22510.583984
91,0.712601,0.453228,22760.199219
92,0.682715,0.436850,23009.763672
93,0.645130,0.425846,23259.345703
94,0.606401,0.431500,23508.859375
95,0.539183,0.452635,23758.531250
96,0.510206,0.460917,24008.007812
97,0.501604,0.456963,24257.550781
98,0.495903,0.445313,24507.115234
99,0.488904,0.429817,24756.724609
0,0.750267,0.508868,0.064935
1,0.750502,0.509521,266.308624
2,0.748211,0.511215,515.813843
3,0.737769,0.511807,765.344055
4,0.724573,0.504168,1014.916626
5,0.705629,0.478339,1264.540161
6,0.674793,0.456916,1514.029785
7,0.624663,0.454033,1763.709473
8,0.591713,0.459696,2013.272217
9,0.574819,0.465599,2262.807861
10,0.559724,0.465187,2512.345215
11,0.534439,0.482423,2761.879883
12,0.505085,0.530147,3011.514893
13,0.490593,0.552933,3260.998779
14,0.482981,0.563452,3510.680664
15,0.474409,0.593113,3760.131348
16,0.472779,0.612467,4009.797363
17,0.484684,0.589348,4259.281738
18,0.510867,0.552545,4508.845703
19,0.515145,0.509777,4758.354492
20,0.515073,0.487605,5008.036621
21,0.514635,0.484848,5257.627441
22,0.509514,0.480275,5507.074707
23,0.505443,0.448480,5756.783691
24,0.500159,0.413902,6006.208008
25,0.501606,0.422633,6255.867188
26,0.497306,0.462299,6505.375000
27,0.471997,0.526258,6754.967285
28,0.458234,0.541995,7004.531250
29,0.464283,0.531604,7254.057129
30,0.487562,0.532058,7503.662109
31,0.522574,0.519626,7753.168945
32,0.578571,0.499434,8002.826660
33,0.642550,0.476706,8252.322266
34,0.687923,0.475344,8501.977539
35,0.735885,0.482300,8751.454102
36,0.806981,0.489722,9001.065430
37,0.883430,0.500991,9250.569336
38,0.919131,0.503533,9500.145508
39,0.939617,0.506596,9766.264648
40,0.966638,0.495020,10015.911133
41,0.000945,0.475672,10265.425781
42,0.012087,0.465158,10515.061523
43,0.015298,0.437348,10764.647461
44,0.006057,0.389747,11014.167969
45,0.993684,0.362144,11263.762695
46,0.980801,0.347390,11513.213867
47,0.972062,0.348380,11762.889648
48,0.971608,0.403801,12029.019531
49,0.959468,0.461666,12261.994141
50,0.931206,0.503322,12511.448242
51,0.909226,0.563338,12761.133789
52,0.902756,0.593566,13010.616211
53,0.906878,0.610971,13260.212891
54,0.927629,0.623573,13509.860352
55,0.967758,0.624849,13759.310547
56,0.005305,0.608839,14008.986328
57,0.030671,0.590880,14258.416992
58,0.042699,0.563431,14508.089844
59,0.044834,0.542199,14757.534180
60,0.043952,0.535912,15007.069336
61,0.034860,0.528951,15256.671875
62,0.014957,0.519926,15506.304688
63,0.962502,0.520421,15755.767578
64,0.886720,0.521710,16005.385742
65,0.837756,0.525479,16254.920898
66,0.798292,0.524982,16504.503906
67,0.790260,0.501147,16754.166016
68,0.848958,0.475458,17003.621094
69,0.995481,0.465254,17253.273438
70,0.087491,0.468097,17502.761719
71,0.119631,0.486965,17752.382812
72,0.144323,0.505898,18001.923828
73,0.166933,0.523606,18251.472656
74,0.177502,0.532655,18501.019531
75,0.178124,0.528836,18750.585938
76,0.168719,0.490824,19000.093750
77,0.153379,0.466049,19266.365234
78,0.130577,0.451262,19515.957031
79,0.105700,0.442693,19765.478516
80,0.088804,0.442692,20014.957031
81,0.070752,0.445594,20347.878906
82,0.046575,0.437496,20597.314453
83,0.013293,0.424218,20830.332031
84,0.980138,0.370671,21079.863281
85,0.949711,0.368977,21329.472656
86,0.908422,0.388262,21578.949219
87,0.857342,0.415241,21828.562500
88,0.786466,0.452398,22061.445312
89,0.732512,0.478112,22311.005859
90,0.714249,0.489071,22560.552734
91,0.695873,0.485369,22810.177734
92,0.667811,0.474348,23059.632812
93,0.630600,0.469101,23309.294922
94,0.587598,0.454108,23558.917969
95,0.561571,0.436425,23808.402344
96,0.540180,0.464077,24041.400391
97,0.526059,0.496008,24290.863281
98,0.511471,0.534421,24540.541016
99,0.492832,0.556547,24789.974609
