Idx, longitude, latitude, start timestamp
0,0.750594,0.517887,-0.112357
1,0.751206,0.519006,266.034058
2,0.747408,0.516043,515.716858
3,0.739393,0.508206,765.240845
4,0.735380,0.503813,1014.773743
5,0.732500,0.493114,1264.420898
6,0.731233,0.486933,1513.889893
7,0.730791,0.479944,1763.549561
8,0.731119,0.477939,2012.996338
9,0.731762,0.475661,2262.600586
10,0.732489,0.474312,2512.114746
11,0.732076,0.475753,2761.756592
12,0.729989,0.480207,3011.249268
13,0.726342,0.489629,3260.870850
14,0.720333,0.499117,3510.478760
15,0.711766,0.502739,3759.984375
16,0.698129,0.502506,4009.585693
17,0.680936,0.501675,4259.096680
18,0.662497,0.503442,4508.747559
19,0.645517,0.503123,4758.205566
20,0.632859,0.501448,5007.837891
21,0.627384,0.501493,5257.312988
22,0.631730,0.502813,5506.979980
23,0.643033,0.502967,5756.389648
24,0.656713,0.502024,6006.070312
25,0.668571,0.502445,6255.596191
26,0.676786,0.502456,6505.251953
27,0.680074,0.502612,6754.784180
28,0.675625,0.502809,7004.253906
29,0.646024,0.506481,7253.970703
30,0.616779,0.508023,7503.361328
31,0.589513,0.506830,7786.273438
32,0.569781,0.502854,8035.770996
33,0.559259,0.499469,8268.795898
34,0.550903,0.495666,8518.245117
35,0.544416,0.497194,8751.252930
36,0.537202,0.494496,9000.768555
37,0.519409,0.496107,9250.338867
38,0.491485,0.502222,9549.861328
39,0.474214,0.506244,9799.322266
40,0.473021,0.505093,10048.997070
41,0.477878,0.509054,10281.861328
42,0.482780,0.510173,10531.446289
43,0.486552,0.514787,10780.957031
44,0.491086,0.519460,11014.013672
45,0.496950,0.522851,11280.101562
46,0.500484,0.525149,11529.669922
47,0.496120,0.525375,11779.281250
48,0.483503,0.525985,12012.192383
49,0.465754,0.527585,12278.452148
50,0.438891,0.531077,12527.933594
51,0.403271,0.539090,12760.960938
52,0.384817,0.545594,13043.643555
53,0.388904,0.538729,13276.636719
54,0.399846,0.518898,13542.753906
55,0.403313,0.511179,13775.751953
56,0.403473,0.515071,14025.290039
57,0.408569,0.504124,14274.888672
58,0.426271,0.462054,14507.739258
59,0.455659,0.416487,14757.400391
60,0.499611,0.364105,15006.864258
61,0.532605,0.323702,15256.505859
62,0.577371,0.292802,15506.109375
63,0.622523,0.283636,15772.247070
64,0.662599,0.285133,16005.223633
65,0.693269,0.289596,16254.705078
66,0.704085,0.293047,16521.007812
67,0.699990,0.292458,16753.828125
68,0.688921,0.291112,17003.503906
69,0.664677,0.288317,17252.970703
70,0.630735,0.291744,17502.589844
71,0.597627,0.312380,17752.125000
72,0.570781,0.342507,18001.679688
73,0.537118,0.417464,18251.335938
74,0.519642,0.453828,18500.792969
75,0.511529,0.457340,18750.500000
76,0.507572,0.438566,19099.785156
77,0.503576,0.430461,19332.710938
78,0.499852,0.421348,19582.306641
79,0.497964,0.420145,19831.800781
80,0.501016,0.421993,20081.425781
81,0.500531,0.420830,20330.880859
82,0.494392,0.426719,20580.535156
83,0.473875,0.431820,20813.433594
84,0.432049,0.432659,21046.429688
85,0.379451,0.421172,21295.882812
86,0.334098,0.413450,21545.490234
87,0.302555,0.406365,21778.392578
88,0.273129,0.412194,22027.886719
89,0.238567,0.412928,22260.878906
90,0.191267,0.415471,22510.529297
91,0.167583,0.433027,22759.955078
92,0.162417,0.460155,23009.623047
93,0.162120,0.482831,23259.072266
94,0.163896,0.482628,23508.763672
95,0.165986,0.474280,23758.371094
96,0.167484,0.467216,24041.070312
97,0.169387,0.462973,24274.060547
98,0.174177,0.447894,24523.589844
99,0.180802,0.431744,24773.177734
0,0.749575,0.502573,0.025521
1,0.748780,0.503169,266.244202
2,0.726422,0.504244,515.778870
3,0.701520,0.505953,765.393005
4,0.692704,0.526664,1014.971863
5,0.658712,0.580615,1264.464966
6,0.629155,0.591149,1514.102783
7,0.617953,0.593925,1763.589233
8,0.570161,0.593364,2013.235474
9,0.544155,0.594479,2262.718750
10,0.547745,0.596590,2512.437744
11,0.549396,0.598427,2761.841797
12,0.552453,0.598861,3011.487061
13,0.557058,0.598611,3260.967285
14,0.559046,0.599384,3510.545654
15,0.569259,0.600167,3760.040771
16,0.580430,0.599567,4009.655762
17,0.588404,0.599805,4259.333984
18,0.596470,0.595218,4508.780762
19,0.607113,0.583522,4758.449219
20,0.611858,0.575469,5007.999512
21,0.612040,0.574825,5257.581055
22,0.614297,0.573013,5507.011719
23,0.614835,0.572985,5756.626953
24,0.614895,0.572878,6006.179688
25,0.615656,0.570378,6255.760742
26,0.617919,0.567562,6505.285156
27,0.620560,0.565718,6754.864258
28,0.624626,0.565254,7004.411621
29,0.639409,0.565540,7253.994141
30,0.671445,0.563817,7503.548828
31,0.694827,0.539747,7753.144043
32,0.703263,0.513225,8002.714355
33,0.691748,0.499988,8252.239258
34,0.668002,0.482318,8501.875977
35,0.634259,0.473407,8751.384766
36,0.579188,0.457320,9000.961914
37,0.538386,0.449085,9250.527344
38,0.499325,0.456192,9500.101562
39,0.477997,0.461927,9766.362305
40,0.451536,0.473518,10015.803711
41,0.393915,0.497140,10265.474609
42,0.360554,0.524847,10514.917969
43,0.345091,0.554165,10764.636719
44,0.334283,0.555192,11014.055664
45,0.293436,0.561547,11263.780273
46,0.303181,0.571397,11513.199219
47,0.346283,0.562649,11762.770508
48,0.355153,0.538554,12012.334961
49,0.361112,0.482128,12261.889648
50,0.361808,0.459397,12511.491211
51,0.355080,0.514146,12761.001953
52,0.349265,0.533860,13010.683594
53,0.346673,0.538147,13260.164062
54,0.348493,0.541308,13509.790039
55,0.350240,0.540586,13759.271484
56,0.380885,0.554180,14008.909180
57,0.426428,0.558553,14258.424805
58,0.424652,0.550631,14507.969727
59,0.427668,0.547612,14757.501953
60,0.433966,0.543493,15007.192383
61,0.457734,0.535917,15256.597656
62,0.472092,0.522429,15506.199219
63,0.476889,0.510943,15755.754883
64,0.477428,0.507277,16005.424805
65,0.479669,0.505408,16254.956055
66,0.480773,0.506484,16504.470703
67,0.481125,0.507185,16754.058594
68,0.488605,0.508576,17003.666016
69,0.578905,0.515934,17253.169922
70,0.765141,0.515341,17502.664062
71,0.887532,0.523086,17752.322266
72,0.966356,0.527512,18001.802734
73,0.005895,0.522804,18251.462891
74,0.024603,0.516500,18500.955078
75,0.030653,0.517290,18750.578125
76,0.028875,0.517053,19000.132812
77,0.013898,0.509506,19266.257812
78,0.989590,0.488319,19515.943359
79,0.980171,0.433356,19765.462891
80,0.983514,0.362137,20014.994141
81,0.980816,0.334364,20264.546875
82,0.978095,0.328445,20514.197266
83,0.975743,0.329618,20763.666016
84,0.975368,0.349005,21013.224609
85,0.967674,0.413034,21262.761719
86,0.944289,0.475531,21512.345703
87,0.946953,0.482421,21762.023438
88,0.948238,0.499846,22011.513672
89,0.948673,0.521622,22261.181641
90,0.947676,0.519132,22510.636719
91,0.948305,0.522194,22760.220703
92,0.948030,0.523482,23009.753906
93,0.952480,0.525489,23259.314453
94,0.978357,0.519183,23508.839844
95,0.023743,0.503145,23758.439453
96,0.022994,0.504632,24007.988281
97,0.019609,0.507045,24257.613281
98,0.996137,0.510388,24507.164062
99,0.951330,0.520000,24756.701172
0,0.749639,0.462412,0.006716
1,0.749072,0.463212,266.281036
2,0.747807,0.463731,515.785583
3,0.744195,0.465688,765.354858
4,0.735357,0.467079,1014.908020
5,0.729637,0.466334,1264.595947
6,0.728696,0.465141,1513.967041
7,0.728214,0.472105,1763.730957
8,0.726526,0.482080,2013.126099
9,0.714746,0.488800,2262.751953
10,0.696516,0.488244,2512.331055
11,0.684967,0.483501,2761.818604
12,0.672388,0.475643,3011.495117
13,0.666617,0.470037,3260.939697
14,0.661582,0.466140,3510.597412
15,0.655444,0.470759,3760.086426
16,0.653438,0.492334,4009.780518
17,0.645908,0.512572,4259.181152
18,0.629000,0.532872,4508.864258
19,0.611879,0.543150,4758.354492
20,0.597846,0.549892,5007.911621
21,0.598085,0.554412,5257.637207
22,0.597615,0.559499,5507.053223
23,0.591899,0.560682,5756.716309
24,0.582427,0.552988,6006.153809
25,0.578765,0.536408,6255.819336
26,0.576818,0.530472,6505.327148
27,0.570497,0.534662,6754.840820
28,0.562982,0.537919,7004.424805
29,0.555228,0.541174,7254.013672
30,0.554321,0.538210,7503.552734
31,0.556732,0.537868,7753.125977
32,0.561712,0.538416,8002.632812
33,0.572894,0.542368,8252.375977
34,0.589262,0.543096,8501.888672
35,0.595345,0.540391,8751.383789
36,0.594354,0.529172,9001.028320
37,0.587598,0.501052,9250.546875
38,0.576901,0.478326,9500.120117
39,0.567487,0.470447,9766.227539
40,0.563662,0.471756,10015.899414
41,0.554446,0.475652,10265.450195
42,0.520904,0.482102,10515.037109
43,0.487335,0.476944,10764.645508
44,0.476855,0.466032,11014.123047
45,0.472800,0.458723,11263.829102
46,0.473476,0.444466,11513.205078
47,0.476003,0.448816,11762.847656
48,0.474903,0.445906,12012.412109
49,0.473113,0.450623,12261.948242
50,0.472254,0.455594,12511.506836
51,0.469793,0.461434,12761.118164
52,0.452128,0.473488,13010.649414
53,0.431398,0.480717,13260.205078
54,0.422778,0.479515,13509.763672
55,0.418791,0.477200,13759.314453
56,0.417876,0.479510,14008.967773
57,0.421103,0.483255,14275.085938
58,0.415141,0.489536,14508.099609
59,0.386446,0.494343,14757.600586
60,0.363669,0.499966,15007.201172
61,0.350769,0.500154,15256.721680
62,0.362316,0.469684,15506.286133
63,0.372254,0.433241,15755.783203
64,0.365170,0.439347,16005.385742
65,0.352903,0.475527,16271.515625
66,0.330215,0.514698,16521.156250
67,0.292257,0.540891,16770.755859
68,0.261327,0.542931,17003.667969
69,0.247155,0.537526,17253.314453
70,0.245573,0.538278,17502.794922
71,0.277084,0.552564,17785.634766
72,0.335971,0.540044,18001.865234
73,0.349326,0.526407,18284.748047
74,0.345590,0.521245,18534.240234
75,0.330779,0.521353,18783.914062
76,0.307909,0.525125,19000.148438
77,0.295873,0.527919,19266.388672
78,0.270608,0.526482,19549.248047
79,0.232928,0.528230,19798.748047
80,0.195219,0.516166,20048.388672
81,0.170322,0.498923,20281.230469
82,0.169786,0.501095,20530.853516
83,0.188526,0.477693,20780.392578
84,0.201675,0.452189,21013.369141
85,0.206176,0.445912,21279.529297
86,0.208427,0.452343,21512.482422
87,0.214122,0.471816,21761.982422
88,0.219623,0.486794,22028.242188
89,0.228034,0.511158,22261.097656
90,0.238092,0.529035,22510.691406
91,0.236869,0.535227,22760.316406
92,0.234185,0.537659,23009.802734
93,0.231547,0.538075,23259.462891
94,0.230342,0.538643,23509.001953
95,0.230801,0.539890,23758.578125
96,0.230613,0.540714,24008.076172
97,0.213025,0.532051,24257.671875
98,0.182679,0.526590,24507.181641
99,0.157958,0.527273,24839.898438
0,0.749968,0.530264,0.056959
1,0.749943,0.531335,266.281586
2,0.748041,0.531771,515.949585
3,0.725786,0.528437,765.390869
4,0.689002,0.518438,1015.054443
5,0.660063,0.524235,1264.516724
6,0.630660,0.573515,1514.148560
7,0.599343,0.592863,1763.625977
8,0.577065,0.588645,2013.199463
9,0.553223,0.584673,2262.673340
10,0.512059,0.566871,2512.416748
11,0.471723,0.554609,2761.820068
12,0.456582,0.553969,3011.447998
13,0.456491,0.560039,3260.894531
14,0.447272,0.562309,3510.562500
15,0.431643,0.548582,3760.251953
16,0.388291,0.531194,4026.299805
17,0.366084,0.540888,4259.281738
18,0.351622,0.555153,4508.796387
19,0.331570,0.571349,4758.363770
20,0.314404,0.579044,5007.914062
21,0.300267,0.590378,5257.492676
22,0.283388,0.592135,5506.980469
23,0.270590,0.584505,5756.574707
24,0.240242,0.588194,6006.084961
25,0.210865,0.585219,6255.684570
26,0.194563,0.569221,6505.192383
27,0.200342,0.568080,6754.824707
28,0.208177,0.574971,7004.429688
29,0.201567,0.580684,7253.919922
30,0.174085,0.581568,7503.516113
31,0.135601,0.575549,7753.062012
32,0.112917,0.572483,8002.687012
33,0.092694,0.571690,8252.117188
34,0.090626,0.572603,8501.776367
35,0.119023,0.558314,8751.291992
36,0.145682,0.544876,9000.876953
37,0.159850,0.540951,9250.362305
38,0.159508,0.545003,9516.580078
39,0.154109,0.548543,9766.198242
40,0.134542,0.553035,10015.706055
41,0.130177,0.559216,10265.303711
42,0.134980,0.564192,10514.829102
43,0.163145,0.536873,10764.422852
44,0.190047,0.488365,11013.909180
45,0.207177,0.440522,11263.558594
46,0.212334,0.434825,11513.030273
47,0.215076,0.440372,11762.680664
48,0.218691,0.476046,12012.130859
49,0.219469,0.530150,12261.791016
50,0.220992,0.563362,12511.411133
51,0.209739,0.559634,12760.918945
52,0.219628,0.552294,13010.466797
53,0.295863,0.548487,13259.956055
54,0.360575,0.541052,13509.617188
55,0.388291,0.539047,13759.069336
56,0.412343,0.532387,14008.689453
57,0.439493,0.517666,14258.225586
58,0.465530,0.520431,14507.839844
59,0.477983,0.542603,14757.286133
60,0.474831,0.544987,15006.946289
61,0.471434,0.542335,15256.439453
62,0.472127,0.524985,15506.020508
63,0.480971,0.513927,15755.529297
64,0.508270,0.508023,16005.166016
65,0.519560,0.509193,16254.811523
66,0.530130,0.515590,16504.267578
67,0.555396,0.519880,16753.894531
68,0.582732,0.521186,17003.363281
69,0.607279,0.526426,17253.019531
70,0.614889,0.526625,17502.476562
71,0.622263,0.527328,17752.091797
72,0.648088,0.531491,18001.626953
73,0.656942,0.530455,18251.183594
74,0.623837,0.527602,18500.697266
75,0.624662,0.526854,18750.337891
76,0.635946,0.520997,19016.607422
77,0.651805,0.526335,19266.050781
78,0.685304,0.524862,19515.695312
79,0.702117,0.522091,19765.171875
80,0.710223,0.520210,20014.773438
81,0.738860,0.528173,20264.246094
82,0.779598,0.538787,20513.896484
83,0.847851,0.560689,20763.347656
84,0.891051,0.581588,21013.021484
85,0.919235,0.597898,21262.500000
86,0.974723,0.583555,21512.123047
87,0.990244,0.565329,21761.728516
88,0.005343,0.540332,22011.185547
89,0.033680,0.532500,22260.867188
90,0.047192,0.535152,22510.326172
91,0.065177,0.544646,22759.964844
92,0.081950,0.541125,23009.433594
93,0.098772,0.542985,23259.066406
94,0.116255,0.547169,23508.554688
95,0.125678,0.544454,23758.132812
96,0.138239,0.551196,24007.662109
97,0.158394,0.591650,24257.259766
98,0.175192,0.618481,24506.785156
99,0.181545,0.606169,24756.378906
0,0.753404,0.599192,-0.010483
1,0.749774,0.606510,266.032227
2,0.733070,0.590502,515.712158
3,0.702790,0.546757,765.291199
4,0.683195,0.525811,1014.835510
5,0.665003,0.517976,1264.431030
6,0.661019,0.520045,1513.928467
7,0.670387,0.526683,1763.557495
8,0.674805,0.536994,2013.053101
9,0.679809,0.542038,2262.688477
10,0.683709,0.545203,2512.212646
11,0.685800,0.547499,2761.801025
12,0.688071,0.549301,3011.363525
13,0.688767,0.549897,3260.987793
14,0.686130,0.550118,3510.575684
15,0.668791,0.548312,3760.045898
16,0.645995,0.543967,4009.650391
17,0.643039,0.546032,4259.172363
18,0.645794,0.547244,4508.776367
19,0.645659,0.547071,4758.254883
20,0.645034,0.545555,5007.978027
21,0.652453,0.545723,5257.347656
22,0.675832,0.549796,5506.962402
23,0.687555,0.563078,5756.693359
24,0.677956,0.577662,6006.130859
25,0.650060,0.582787,6255.726074
26,0.650944,0.583332,6505.233398
27,0.649693,0.581860,6754.898438
28,0.646221,0.579167,7004.437500
29,0.645601,0.577727,7254.013672
30,0.648042,0.577515,7503.487305
31,0.649803,0.578738,7753.069824
32,0.652438,0.579725,8002.548340
33,0.654305,0.581014,8252.215820
34,0.658932,0.582299,8501.753906
35,0.667201,0.583467,8751.314453
36,0.678473,0.585592,9017.536133
37,0.693162,0.585782,9267.087891
38,0.727650,0.581821,9516.655273
39,0.786682,0.581843,9766.167969
40,0.848357,0.579425,10032.443359
41,0.904180,0.574060,10265.275391
42,0.945630,0.564802,10514.948242
43,0.976989,0.548463,10764.445312
44,0.009280,0.530423,11014.065430
45,0.044820,0.518585,11263.505859
46,0.083431,0.519316,11513.129883
47,0.127284,0.523532,11762.792969
48,0.158372,0.526932,12012.288086
49,0.164108,0.533150,12345.023438
50,0.152016,0.541251,12578.046875
51,0.138289,0.543810,12827.495117
52,0.118607,0.547909,13077.144531
53,0.095529,0.544322,13309.992188
54,0.080245,0.543891,13559.617188
55,0.078445,0.540639,13792.485352
56,0.053309,0.547344,14042.107422
57,0.022362,0.545453,14291.642578
58,0.968297,0.521952,14541.272461
59,0.925151,0.481020,14790.705078
60,0.903002,0.459715,15023.726562
61,0.913611,0.449429,15256.576172
62,0.948814,0.469888,15506.259766
63,0.972071,0.492493,15788.967773
64,0.976420,0.499287,16021.972656
65,0.961522,0.482969,16271.485352
66,0.920837,0.418348,16504.480469
67,0.877729,0.355505,16753.953125
68,0.865572,0.291045,17003.568359
69,0.879041,0.255137,17269.794922
70,0.877366,0.222792,17502.712891
71,0.890310,0.193741,17752.316406
72,0.902021,0.163575,18001.830078
73,0.916278,0.141692,18251.462891
74,0.933185,0.128002,18500.900391
75,0.947695,0.126184,18750.587891
76,0.955283,0.128281,19000.031250
77,0.964444,0.140419,19266.312500
78,0.973224,0.145398,19515.769531
79,0.982594,0.136011,19765.390625
80,0.989492,0.133133,20098.134766
81,0.985153,0.142104,20331.019531
82,0.941449,0.237283,20580.691406
83,0.904278,0.410158,20830.248047
84,0.867820,0.512388,21079.759766
85,0.843103,0.549455,21312.781250
86,0.812860,0.576911,21562.294922
87,0.773419,0.595076,21795.107422
88,0.737096,0.611573,22044.730469
89,0.704757,0.620970,22277.648438
90,0.670498,0.631171,22527.226562
91,0.643194,0.638608,22776.898438
92,0.617062,0.652121,23026.416016
93,0.512049,0.652512,23259.232422
94,0.440799,0.603379,23508.853516
95,0.428087,0.593387,23791.714844
96,0.430818,0.601865,24041.210938
97,0.437862,0.605134,24290.816406
98,0.446199,0.606711,24523.734375
99,0.457174,0.611697,24773.326172
0,0.749982,0.529986,0.049151
1,0.750047,0.529996,266.154327
2,0.749835,0.530318,515.780701
3,0.749079,0.530403,765.361145
4,0.748493,0.530205,1014.886658
5,0.748031,0.530570,1264.544189
6,0.747661,0.530011,1530.633789
7,0.747035,0.529294,1763.602905
8,0.745859,0.529285,2013.134155
9,0.744050,0.529415,2262.715820
10,0.738310,0.528989,2512.313721
11,0.729002,0.527918,2761.940674
12,0.718988,0.527463,3011.427734
13,0.708746,0.525837,3260.934082
14,0.694442,0.521459,3527.140137
15,0.686041,0.518441,3776.764160
16,0.678716,0.518114,4009.731445
17,0.666569,0.520004,4259.208984
18,0.657281,0.524944,4508.855469
19,0.650243,0.537037,4774.932129
20,0.648765,0.546489,5007.998047
21,0.646600,0.548881,5257.403320
22,0.640113,0.550719,5507.027344
23,0.635677,0.552481,5756.701172
24,0.632387,0.552927,6006.162598
25,0.621362,0.550914,6255.886230
26,0.608874,0.546542,6505.314453
27,0.592730,0.540946,6755.012695
28,0.576829,0.533652,7004.417969
29,0.563604,0.524726,7254.016602
30,0.553178,0.517895,7503.542480
31,0.540313,0.511823,7753.077637
32,0.527598,0.507746,8002.610352
33,0.509768,0.499836,8318.753906
34,0.496290,0.494477,8551.782227
35,0.488955,0.494960,8751.462891
36,0.481611,0.496584,9001.019531
37,0.477621,0.497625,9250.513672
38,0.473462,0.502374,9516.717773
39,0.468847,0.505237,9766.249023
40,0.466010,0.507822,10015.902344
41,0.462115,0.509369,10265.334961
42,0.459309,0.510876,10515.008789
43,0.455502,0.512769,10797.913086
44,0.452427,0.509623,11014.080078
45,0.452354,0.507526,11263.739258
46,0.455437,0.504369,11513.250977
47,0.449706,0.511103,11762.854492
48,0.438067,0.525138,12029.034180
49,0.426875,0.531211,12261.963867
50,0.416089,0.532686,12511.476562
51,0.406358,0.532815,12761.034180
52,0.397455,0.531297,13010.585938
53,0.390485,0.527978,13260.206055
54,0.382551,0.523980,13509.724609
55,0.374256,0.519373,13759.319336
56,0.370698,0.491902,14092.041016
57,0.379060,0.461470,14341.697266
58,0.385085,0.434602,14507.938477
59,0.440093,0.349123,14757.594727
60,0.486784,0.290848,15007.220703
61,0.517839,0.246861,15289.925781
62,0.578095,0.231504,15556.189453
63,0.614197,0.233530,15755.833008
64,0.619207,0.231363,16005.520508
65,0.591827,0.223659,16254.877930
66,0.530839,0.217460,16504.539062
67,0.461700,0.224151,16754.003906
68,0.433082,0.231749,17003.744141
69,0.413370,0.248945,17253.238281
70,0.403623,0.273949,17502.791016
71,0.392666,0.317965,17768.988281
72,0.378173,0.369159,18018.537109
73,0.364449,0.392712,18251.537109
74,0.345673,0.413276,18501.003906
75,0.331439,0.445019,18750.632812
76,0.316861,0.483469,19016.761719
77,0.304054,0.495945,19266.378906
78,0.293323,0.494096,19515.968750
79,0.283731,0.492130,19765.505859
80,0.271938,0.493859,20015.093750
81,0.261184,0.515068,20264.632812
82,0.250255,0.546792,20514.189453
83,0.228412,0.543979,20763.863281
84,0.214521,0.528337,21013.326172
85,0.210154,0.529782,21329.478516
86,0.209031,0.527306,21579.003906
87,0.207312,0.523393,21761.921875
88,0.208448,0.517852,22011.566406
89,0.210242,0.511725,22261.080078
90,0.212175,0.511988,22527.310547
91,0.221081,0.521341,22776.873047
92,0.233031,0.525395,23009.886719
93,0.255122,0.525171,23259.484375
94,0.278421,0.523087,23508.906250
95,0.306277,0.517954,23775.154297
96,0.323745,0.515364,24041.287109
97,0.329248,0.514989,24257.640625
98,0.331110,0.515934,24507.160156
99,0.330379,0.516980,24756.816406
0,0.750034,0.543007,-0.026300
1,0.750013,0.542857,266.066986
2,0.749748,0.543222,515.724854
3,0.728441,0.535502,765.159119
4,0.689351,0.512758,1014.808899
5,0.647254,0.500995,1264.314575
6,0.615246,0.500166,1513.949707
7,0.592616,0.496575,1763.398193
8,0.555820,0.491244,2013.095337
9,0.506155,0.499249,2262.597900
10,0.471883,0.511251,2512.133789
11,0.476981,0.509962,2761.813232
12,0.485369,0.507972,3011.300049
13,0.492883,0.509580,3260.896240
14,0.498642,0.512900,3510.362793
15,0.503568,0.509213,3760.023193
16,0.511192,0.503189,4009.535645
17,0.561899,0.491447,4259.150391
18,0.677148,0.464704,4508.602051
19,0.759671,0.438784,4758.267578
20,0.790043,0.435576,5007.774902
21,0.812297,0.459474,5257.335449
22,0.844791,0.522486,5506.876953
23,0.875179,0.566485,5756.527832
24,0.890711,0.576625,6006.203613
25,0.879214,0.572895,6255.578125
26,0.808849,0.561925,6505.241699
27,0.720110,0.558707,6754.805176
28,0.670722,0.568902,7020.985352
29,0.632353,0.570773,7253.855469
30,0.601586,0.566296,7503.311523
31,0.580177,0.572931,7752.949219
32,0.569890,0.575508,8002.524414
33,0.582435,0.569813,8252.088867
34,0.598195,0.564048,8501.650391
35,0.605469,0.570087,8751.311523
36,0.626406,0.576260,9000.777344
37,0.618453,0.581676,9250.380859
38,0.599451,0.585870,9583.185547
39,0.547497,0.593012,9832.643555
40,0.445539,0.602406,10082.302734
41,0.371001,0.600166,10315.204102
42,0.348259,0.587403,10548.142578
43,0.342056,0.578218,10797.598633
44,0.364819,0.555933,11030.599609
45,0.390288,0.513694,11296.808594
46,0.401968,0.467653,11546.386719
47,0.397061,0.425232,11779.253906
48,0.380293,0.343743,12028.873047
49,0.355703,0.258654,12261.738281
50,0.337420,0.194162,12511.353516
51,0.322262,0.146637,12760.856445
52,0.324718,0.148707,13010.474609
53,0.326842,0.199432,13293.246094
54,0.362897,0.291941,13526.246094
55,0.413038,0.417024,13792.476562
56,0.416246,0.485426,14025.294922
57,0.397179,0.512186,14274.955078
58,0.299266,0.535297,14507.791992
59,0.248660,0.560910,14757.458008
60,0.236005,0.572277,15006.908203
61,0.236346,0.570007,15256.568359
62,0.238131,0.561177,15506.054688
63,0.217956,0.538355,15755.645508
64,0.205914,0.575823,16005.156250
65,0.206651,0.597424,16288.064453
66,0.211549,0.596715,16504.244141
67,0.215788,0.577465,16753.917969
68,0.191787,0.557655,17003.404297
69,0.190719,0.511652,17253.060547
70,0.197901,0.465899,17502.675781
71,0.223572,0.450071,17752.158203
72,0.295929,0.449863,18001.722656
73,0.315559,0.465661,18284.523438
74,0.289576,0.489948,18500.855469
75,0.187533,0.531233,18766.996094
76,0.120606,0.566148,19016.595703
77,0.081103,0.580831,19266.128906
78,0.052394,0.586616,19515.750000
79,0.030427,0.589414,19765.330078
80,0.000181,0.586614,20014.810547
81,0.980387,0.560170,20264.474609
82,0.973949,0.533586,20530.576172
83,0.969265,0.505633,20780.185547
84,0.964352,0.491133,21013.072266
85,0.964140,0.491229,21262.708984
86,0.962632,0.496658,21512.220703
87,0.962941,0.497350,21761.800781
88,0.963641,0.504828,22011.302734
89,0.961163,0.525983,22260.900391
90,0.959267,0.537573,22510.447266
91,0.958967,0.542403,22760.021484
92,0.958782,0.542027,23009.652344
93,0.964743,0.531751,23259.158203
94,0.989079,0.460662,23591.921875
95,0.007907,0.439518,23841.544922
96,0.016688,0.400209,24074.455078
97,0.023019,0.384442,24324.000000
98,0.040904,0.393342,24573.539062
99,0.050982,0.433807,24823.115234
0,0.750006,0.518641,0.016643
1,0.749391,0.518319,266.228180
2,0.736806,0.508331,515.680298
3,0.725045,0.504960,765.358704
4,0.721034,0.505579,1014.789368
5,0.720612,0.504698,1264.514648
6,0.711669,0.508264,1514.044800
7,0.689530,0.518265,1763.581299
8,0.673760,0.522885,2013.189575
9,0.656082,0.528433,2279.344482
10,0.652655,0.536494,2512.357422
11,0.641114,0.541474,2761.851562
12,0.624429,0.545664,3011.419189
13,0.607258,0.546708,3260.884277
14,0.593715,0.545769,3527.153809
15,0.582309,0.541247,3760.037598
16,0.576522,0.535819,4009.666504
17,0.564865,0.528339,4259.165527
18,0.556343,0.524372,4508.731445
19,0.550908,0.525313,4758.464844
20,0.538145,0.523623,5007.859375
21,0.513160,0.522456,5307.354004
22,0.500746,0.522543,5540.276367
23,0.493535,0.521587,5756.589844
24,0.476175,0.517610,6006.127930
25,0.456834,0.515910,6255.806641
26,0.434848,0.512061,6505.246582
27,0.415068,0.489294,6754.808105
28,0.405403,0.463266,7004.353516
29,0.398490,0.448457,7253.938965
30,0.392681,0.445264,7503.460449
31,0.381386,0.489482,7753.062012
32,0.370292,0.527344,8019.316895
33,0.364985,0.542257,8252.212891
34,0.350705,0.559488,8501.699219
35,0.323561,0.580616,8751.323242
36,0.279671,0.611835,9000.891602
37,0.248904,0.632244,9250.447266
38,0.221479,0.628841,9500.009766
39,0.192261,0.604222,9849.460938
40,0.181854,0.593388,10098.993164
41,0.193267,0.588850,10265.444336
42,0.210569,0.574289,10514.934570
43,0.222853,0.555622,10764.523438
44,0.239989,0.555084,11047.279297
45,0.247259,0.558830,11296.886719
46,0.247154,0.565728,11513.097656
47,0.272311,0.589685,11762.824219
48,0.323865,0.602792,12012.304688
49,0.394519,0.564245,12278.464844
50,0.428475,0.536707,12527.970703
51,0.463510,0.531570,12761.007812
52,0.496242,0.515031,13010.527344
53,0.546389,0.501894,13260.082031
54,0.696764,0.524301,13509.606445
55,0.838056,0.529469,13759.179688
56,0.891307,0.553425,14008.919922
57,0.909315,0.558189,14258.376953
58,0.924333,0.526174,14507.981445
59,0.958202,0.530013,14757.490234
60,0.990745,0.539753,15007.081055
61,0.026628,0.537886,15256.586914
62,0.064330,0.528026,15506.232422
63,0.092199,0.523146,15822.276367
64,0.104939,0.530690,16071.760742
65,0.104181,0.527328,16254.807617
66,0.090569,0.505058,16504.416016
67,0.059423,0.481497,16754.001953
68,0.001005,0.447773,17020.164062
69,0.972144,0.420805,17253.166016
70,0.942724,0.391021,17502.673828
71,0.931784,0.365918,17752.236328
72,0.929186,0.309414,18018.363281
73,0.930017,0.309860,18268.041016
74,0.915416,0.322121,18500.898438
75,0.880579,0.386049,18750.498047
76,0.850995,0.417925,19000.029297
77,0.810129,0.422093,19266.251953
78,0.770554,0.427635,19515.865234
79,0.739206,0.437098,19765.322266
80,0.720042,0.438816,20098.152344
81,0.716456,0.337856,20347.718750
82,0.714927,0.288380,20514.101562
83,0.710949,0.253709,20763.552734
84,0.710421,0.275752,21013.285156
85,0.712586,0.431361,21296.085938
86,0.718808,0.537988,21528.988281
87,0.723377,0.569397,21761.822266
88,0.731776,0.582532,22011.406250
89,0.719431,0.583426,22261.062500
90,0.653097,0.578137,22527.183594
91,0.633998,0.580437,22760.259766
92,0.609792,0.580184,23009.636719
93,0.593720,0.580109,23259.300781
94,0.581312,0.586241,23525.406250
95,0.575221,0.588673,23758.458984
96,0.576763,0.589232,24007.904297
97,0.583328,0.589700,24257.494141
98,0.587396,0.591679,24506.992188
99,0.589149,0.592536,24756.607422
0,0.749787,0.426167,-0.016375
1,0.749155,0.429942,266.202240
2,0.745927,0.437042,515.765625
3,0.737048,0.456473,765.319397
4,0.727622,0.474110,1014.886292
5,0.724596,0.481052,1264.442749
6,0.726983,0.484799,1514.003174
7,0.728682,0.486566,1763.590576
8,0.729695,0.487663,2013.181885
9,0.731296,0.487441,2262.678955
10,0.733014,0.486645,2512.270264
11,0.734916,0.488438,2761.851562
12,0.737097,0.490581,3011.386963
13,0.739406,0.491890,3260.945068
14,0.741193,0.493317,3510.541016
15,0.743961,0.494963,3760.060303
16,0.747505,0.495553,4009.627441
17,0.751341,0.496303,4259.191406
18,0.753363,0.497930,4508.811523
19,0.751159,0.498813,4758.317871
20,0.736841,0.507211,5007.919922
21,0.719844,0.520071,5257.454102
22,0.698962,0.524616,5507.043945
23,0.687462,0.524235,5756.596680
24,0.686674,0.523452,6006.136719
25,0.688166,0.521714,6255.730957
26,0.688716,0.520404,6505.268066
27,0.690066,0.520084,6754.848145
28,0.691906,0.519790,7004.403809
29,0.694463,0.519729,7253.986816
30,0.697858,0.518473,7503.526367
31,0.700462,0.518704,7753.128906
32,0.704200,0.519682,8002.665527
33,0.708315,0.519504,8252.217773
34,0.710430,0.519009,8501.802734
35,0.710259,0.517681,8751.358398
36,0.710597,0.517623,9000.959961
37,0.710523,0.518037,9250.463867
38,0.710484,0.518768,9500.054688
39,0.710110,0.519445,9766.267578
40,0.709916,0.519956,10015.827148
41,0.709802,0.520463,10265.376953
42,0.709748,0.521011,10514.961914
43,0.709300,0.523264,10764.496094
44,0.708371,0.538388,11014.064453
45,0.707873,0.560814,11263.632812
46,0.729120,0.584785,11513.207031
47,0.773684,0.598851,11762.758789
48,0.802293,0.605513,12012.312500
49,0.827046,0.595393,12261.875977
50,0.847475,0.588016,12511.458008
51,0.860426,0.586256,12761.017578
52,0.877290,0.579230,13010.580078
53,0.902189,0.567754,13260.137695
54,0.922697,0.559425,13509.700195
55,0.941557,0.558053,13759.262695
56,0.967417,0.558727,14008.829102
57,0.011710,0.540497,14258.388672
58,0.020404,0.526637,14507.965820
59,0.017833,0.492235,14757.541016
60,0.007334,0.452824,15007.088867
61,0.003501,0.428441,15256.651367
62,0.009290,0.424590,15506.218750
63,0.023193,0.439427,15755.787109
64,0.043131,0.469077,16005.339844
65,0.070467,0.483290,16254.921875
66,0.077669,0.494135,16504.494141
67,0.081055,0.492155,16754.025391
68,0.060145,0.457572,17003.605469
69,0.031591,0.402085,17253.169922
70,0.013902,0.395669,17502.734375
71,0.996153,0.384597,17752.287109
72,0.979541,0.365601,18001.843750
73,0.965837,0.345578,18251.419922
74,0.956082,0.331567,18500.998047
75,0.948591,0.325211,18750.550781
76,0.943207,0.322269,19000.121094
77,0.935000,0.318438,19266.316406
78,0.923936,0.314898,19515.869141
79,0.910689,0.311855,19765.433594
80,0.901844,0.317519,20014.994141
81,0.930193,0.396546,20264.574219
82,0.946287,0.474614,20514.160156
83,0.953554,0.496591,20763.699219
84,0.959434,0.499230,21013.263672
85,0.971603,0.514161,21262.816406
86,0.985716,0.517150,21512.382812
87,0.998404,0.513549,21761.970703
88,0.011767,0.515837,22011.521484
89,0.023621,0.513182,22261.119141
90,0.031912,0.510206,22510.640625
91,0.037848,0.511178,22760.205078
92,0.040586,0.511030,23009.775391
93,0.040661,0.512671,23259.330078
94,0.040093,0.513833,23508.892578
95,0.038293,0.512469,23758.449219
96,0.034391,0.513128,24008.015625
97,0.029223,0.513811,24257.587891
98,0.023190,0.515421,24507.158203
99,0.017409,0.515197,24756.730469
0,0.748136,0.553664,-0.006919
1,0.747970,0.550881,266.190277
2,0.740676,0.540345,515.854858
3,0.672709,0.534074,765.445862
4,0.560791,0.532049,1014.941223
5,0.493611,0.559927,1264.516113
6,0.485762,0.546929,1514.039307
7,0.476938,0.503652,1763.577271
8,0.451250,0.495647,2013.188965
9,0.418208,0.491925,2262.843506
10,0.398214,0.478568,2512.360596
11,0.392910,0.486354,2761.863037
12,0.410157,0.488518,3011.488525
13,0.456841,0.500383,3261.006836
14,0.520753,0.506502,3510.571533
15,0.560946,0.490728,3760.147461
16,0.583589,0.490406,4009.718994
17,0.613321,0.534145,4259.272461
18,0.644780,0.566134,4508.805176
19,0.674371,0.564695,4758.402832
20,0.705792,0.526950,5007.950684
21,0.735009,0.515695,5257.581543
22,0.778233,0.514698,5507.089844
23,0.820169,0.522836,5756.720215
24,0.855158,0.566957,6006.214355
25,0.875626,0.596565,6255.771973
26,0.912059,0.598804,6505.285156
27,0.943821,0.638621,6754.913086
28,0.930409,0.672631,7004.469727
29,0.892241,0.627900,7254.034668
30,0.876483,0.395212,7503.644531
31,0.870723,0.270990,7753.137207
32,0.865583,0.275408,8002.676758
33,0.864587,0.279397,8252.288086
34,0.879590,0.251091,8501.903320
35,0.913309,0.220380,8751.360352
36,0.923926,0.168627,9000.955078
37,0.900289,0.136690,9250.567383
38,0.859307,0.162509,9500.110352
39,0.779220,0.297339,9766.347656
40,0.733259,0.443742,10015.815430
41,0.711807,0.560720,10265.415039
42,0.688343,0.623812,10514.971680
43,0.662236,0.628284,10764.524414
44,0.635298,0.621655,11014.124023
45,0.615913,0.615429,11263.643555
46,0.601977,0.624060,11513.229492
47,0.594640,0.614688,11762.786133
48,0.598473,0.608865,12012.454102
49,0.600929,0.608916,12262.009766
50,0.594007,0.604499,12511.494141
51,0.579566,0.611040,12761.056641
52,0.572570,0.619809,13010.631836
53,0.575996,0.628215,13260.203125
54,0.575740,0.627147,13509.709961
55,0.574825,0.620580,13759.338867
56,0.574107,0.616247,14008.875977
57,0.570637,0.610410,14258.434570
58,0.562479,0.596234,14507.967773
59,0.546767,0.575721,14757.642578
60,0.522782,0.562040,15007.153320
61,0.487087,0.542998,15256.665039
62,0.426074,0.529979,15506.287109
63,0.375838,0.509377,15755.833008
64,0.352921,0.513016,16005.479492
65,0.346820,0.520650,16254.941406
66,0.340172,0.525282,16504.562500
67,0.353349,0.544045,16754.076172
68,0.372283,0.545968,17003.666016
69,0.411220,0.566895,17253.279297
70,0.452728,0.574037,17502.761719
71,0.501765,0.534927,17752.330078
72,0.568593,0.487187,18001.884766
73,0.626424,0.458565,18251.458984
74,0.681913,0.467969,18500.984375
75,0.736601,0.476015,18750.681641
76,0.769032,0.482217,19000.173828
77,0.808986,0.486596,19266.390625
78,0.872473,0.455225,19515.894531
79,0.930851,0.408990,19765.556641
80,0.957416,0.384032,20015.001953
81,0.962263,0.334535,20264.636719
82,0.963523,0.264823,20514.185547
83,0.975243,0.258414,20763.701172
84,0.984665,0.271985,21013.349609
85,0.985138,0.337517,21262.908203
86,0.009697,0.420871,21512.515625
87,0.036661,0.416362,21761.953125
88,0.063596,0.427389,22011.541016
89,0.108627,0.480490,22261.103516
90,0.153724,0.498265,22510.689453
91,0.193469,0.536559,22760.253906
92,0.231467,0.555427,23009.841797
93,0.232342,0.545117,23259.386719
94,0.202193,0.518347,23508.931641
95,0.190501,0.510673,23758.558594
96,0.168654,0.498228,24008.021484
97,0.131191,0.474029,24257.675781
98,0.062999,0.456131,24507.248047
99,0.990578,0.467268,24756.843750
0,0.749908,0.505492,-0.017237
1,0.747936,0.505709,266.249756
2,0.741018,0.506104,515.724304
3,0.735245,0.505553,765.383606
4,0.731514,0.506336,1014.857910
5,0.732550,0.506851,1264.447998
6,0.733332,0.507468,1513.980957
7,0.734910,0.508030,1763.550415
8,0.734984,0.508908,2013.101807
9,0.731898,0.509690,2262.660645
10,0.696226,0.530988,2512.227783
11,0.670637,0.550933,2761.809326
12,0.663629,0.548951,3011.354980
13,0.662888,0.542748,3260.955078
14,0.663765,0.543508,3510.488525
15,0.660250,0.546841,3760.075684
16,0.647973,0.561373,4009.593262
17,0.634821,0.578392,4259.268555
18,0.624280,0.594092,4508.730957
19,0.609557,0.589372,4758.287109
20,0.593222,0.594071,5007.947754
21,0.581930,0.581850,5257.503906
22,0.582900,0.561759,5506.990723
23,0.578385,0.544629,5756.570312
24,0.588296,0.528987,6006.178711
25,0.590654,0.518070,6255.668945
26,0.557097,0.514125,6505.247559
27,0.510095,0.508404,6754.797852
28,0.493691,0.515418,7004.408691
29,0.481725,0.520949,7253.977539
30,0.480503,0.530663,7503.548340
31,0.494831,0.546213,7753.042969
32,0.499392,0.560844,8002.637207
33,0.496641,0.573606,8252.188477
34,0.493856,0.583089,8501.760742
35,0.487878,0.584293,8751.367188
36,0.484186,0.595494,9000.997070
37,0.479528,0.603352,9250.472656
38,0.470646,0.598293,9516.660156
39,0.455915,0.586036,9766.306641
40,0.444646,0.571528,10015.790039
41,0.436103,0.552468,10265.375977
42,0.426878,0.541198,10514.940430
43,0.417811,0.533712,10764.512695
44,0.410179,0.529090,11014.013672
45,0.398704,0.519305,11263.602539
46,0.385452,0.515253,11513.203125
47,0.369543,0.519666,11762.750977
48,0.355796,0.529368,12012.291992
49,0.343519,0.534372,12261.921875
50,0.336234,0.535910,12511.443359
51,0.333921,0.534156,12760.965820
52,0.324759,0.536032,13010.537109
53,0.313622,0.541217,13260.173828
54,0.305377,0.548032,13509.673828
55,0.295410,0.556848,13759.209961
56,0.268584,0.560632,14008.898438
57,0.248557,0.565314,14258.366211
58,0.230055,0.568144,14507.928711
59,0.205833,0.566401,14757.516602
60,0.199018,0.563384,15007.074219
61,0.200665,0.562508,15256.632812
62,0.198664,0.561812,15506.187500
63,0.195303,0.564094,15755.752930
64,0.193460,0.563842,16005.356445
65,0.182883,0.565658,16254.896484
66,0.172518,0.564636,16504.453125
67,0.159186,0.562548,16753.972656
68,0.146991,0.557258,17003.591797
69,0.154140,0.551464,17253.113281
70,0.164662,0.550788,17502.712891
71,0.174620,0.550535,17752.289062
72,0.189589,0.546917,18001.833984
73,0.198573,0.545828,18251.369141
74,0.191497,0.547934,18500.992188
75,0.176486,0.547891,18750.550781
76,0.163636,0.545434,19000.193359
77,0.146711,0.549402,19266.277344
78,0.133280,0.544447,19515.845703
79,0.120475,0.541563,19765.433594
80,0.110278,0.541829,20015.009766
81,0.105992,0.540257,20264.529297
82,0.096340,0.536508,20514.138672
83,0.094363,0.529338,20763.677734
84,0.113157,0.491787,21013.275391
85,0.148678,0.446580,21262.822266
86,0.179248,0.430581,21512.363281
87,0.202580,0.441327,21761.947266
88,0.224293,0.446111,22011.460938
89,0.243266,0.451311,22261.115234
90,0.261487,0.452082,22510.619141
91,0.311233,0.478530,22760.166016
92,0.356114,0.507202,23009.750000
93,0.383015,0.517064,23259.382812
94,0.415188,0.523349,23508.896484
95,0.441510,0.522254,23758.445312
96,0.461874,0.519710,24008.023438
97,0.481715,0.510813,24257.552734
98,0.513752,0.506407,24507.152344
99,0.533961,0.505287,24756.685547
0,0.750614,0.503287,0.001176
1,0.751269,0.503641,266.183289
2,0.750857,0.504992,515.701416
3,0.751293,0.507136,765.292786
4,0.751061,0.507732,1014.852905
5,0.751310,0.506781,1264.422363
6,0.751339,0.507196,1513.950317
7,0.751441,0.508210,1763.580078
8,0.751747,0.508933,2013.121460
9,0.751928,0.509345,2262.724854
10,0.752070,0.509325,2512.261230
11,0.750925,0.510116,2761.804932
12,0.735984,0.513789,3011.388184
13,0.733085,0.515653,3260.946533
14,0.732538,0.517442,3510.495850
15,0.756746,0.510015,3760.035400
16,0.814659,0.505835,4009.659912
17,0.846055,0.509939,4259.210938
18,0.859927,0.511988,4508.741699
19,0.876323,0.505893,4758.291992
20,0.892290,0.497807,5007.886719
21,0.898508,0.493279,5257.510254
22,0.901317,0.487676,5506.999023
23,0.909493,0.491638,5756.641602
24,0.935229,0.499927,6006.166016
25,0.963666,0.497675,6255.752930
26,0.987792,0.502863,6505.266113
27,0.012321,0.509663,6754.889160
28,0.033997,0.514770,7004.351562
29,0.058499,0.520136,7253.987305
30,0.086799,0.524737,7503.512695
31,0.109370,0.525047,7753.022949
32,0.127430,0.526036,8002.535645
33,0.131022,0.532215,8252.263672
34,0.126353,0.540523,8501.774414
35,0.119906,0.537162,8751.308594
36,0.113414,0.524727,9000.929688
37,0.104422,0.504716,9250.409180
38,0.080059,0.464513,9516.679688
39,0.040616,0.413059,9766.191406
40,0.014467,0.383716,10015.789062
41,0.005371,0.399989,10265.363281
42,0.994861,0.453028,10514.924805
43,0.950115,0.440535,10764.503906
44,0.858097,0.401476,11014.023438
45,0.785962,0.404863,11263.610352
46,0.734765,0.429379,11513.121094
47,0.691339,0.450466,11762.736328
48,0.638249,0.478848,12012.267578
49,0.600667,0.499013,12261.887695
50,0.580633,0.521283,12511.388672
51,0.574242,0.574533,12760.951172
52,0.533306,0.599554,13010.465820
53,0.475793,0.590956,13260.086914
54,0.442572,0.576483,13509.565430
55,0.437427,0.560530,13759.245117
56,0.449554,0.542157,14008.846680
57,0.384976,0.552564,14258.376953
58,0.322594,0.562253,14507.921875
59,0.287153,0.564487,14757.461914
60,0.265727,0.568786,15007.082031
61,0.258234,0.570664,15256.534180
62,0.286404,0.548862,15506.198242
63,0.311708,0.513634,15755.689453
64,0.331488,0.474813,16005.312500
65,0.347156,0.465574,16254.766602
66,0.344327,0.469598,16504.445312
67,0.336611,0.473394,16754.072266
68,0.336904,0.474681,17003.517578
69,0.341730,0.474786,17253.171875
70,0.352634,0.465282,17502.671875
71,0.371723,0.455435,17752.287109
72,0.383120,0.446550,18034.998047
73,0.378675,0.444984,18267.976562
74,0.348900,0.444789,18517.496094
75,0.262487,0.487926,18767.125000
76,0.216894,0.522179,19016.636719
77,0.199912,0.544015,19266.248047
78,0.193121,0.553619,19549.150391
79,0.193142,0.546294,19765.357422
80,0.229525,0.558728,20031.623047
81,0.263932,0.588077,20281.062500
82,0.274359,0.605334,20514.083984
83,0.271722,0.604076,20780.232422
84,0.249860,0.627750,21029.814453
85,0.233914,0.626128,21279.337891
86,0.203193,0.592254,21528.910156
87,0.198743,0.531933,21761.841797
88,0.204187,0.487742,22028.044922
89,0.189125,0.467470,22277.673828
90,0.177026,0.445768,22527.144531
91,0.178847,0.434142,22776.693359
92,0.184614,0.409167,23026.296875
93,0.184120,0.395469,23259.306641
94,0.205664,0.379104,23525.419922
95,0.214867,0.387925,23758.441406
96,0.207221,0.396443,24024.552734
97,0.205253,0.406236,24274.117188
98,0.202620,0.413580,24507.007812
99,0.200955,0.414773,24756.656250
0,0.747735,0.564998,-0.004917
1,0.741637,0.567405,266.211639
2,0.731184,0.545356,515.715210
3,0.717512,0.484329,765.261658
4,0.711659,0.470589,1014.882507
5,0.708288,0.471174,1264.404297
6,0.708700,0.477458,1513.990601
7,0.714802,0.486420,1763.564819
8,0.746401,0.526308,2013.156128
9,0.792116,0.586342,2262.678955
10,0.826239,0.623359,2512.257812
11,0.852536,0.630121,2761.880859
12,0.878800,0.627998,3011.343750
13,0.913434,0.616786,3260.986084
14,0.944095,0.596818,3510.454102
15,0.967803,0.569013,3760.032471
16,0.987836,0.500137,4009.590820
17,0.003447,0.436628,4259.240234
18,0.009372,0.388301,4508.813477
19,0.012899,0.350997,4758.299805
20,0.022844,0.344821,5007.880371
21,0.037419,0.359990,5257.465820
22,0.054038,0.412197,5507.009277
23,0.066442,0.487709,5756.548340
24,0.068004,0.550724,6006.202637
25,0.064865,0.571990,6255.708496
26,0.054694,0.581321,6505.246094
27,0.018367,0.594708,6754.831543
28,0.951843,0.613140,7004.366211
29,0.876568,0.618707,7253.994141
30,0.804578,0.615901,7503.537598
31,0.735540,0.599764,7753.092773
32,0.674835,0.590041,8002.659180
33,0.608273,0.585784,8252.197266
34,0.544424,0.583557,8501.746094
35,0.502849,0.584486,8751.314453
36,0.495896,0.589027,9000.918945
37,0.543900,0.612990,9250.467773
38,0.573820,0.630942,9500.090820
39,0.572064,0.646265,9766.274414
40,0.574045,0.639325,10015.776367
41,0.588735,0.606374,10265.339844
42,0.592037,0.601709,10514.981445
43,0.550091,0.677979,10764.522461
44,0.472375,0.792608,11014.041992
45,0.414382,0.858344,11263.656250
46,0.359728,0.894348,11513.151367
47,0.269881,0.891875,11762.758789
48,0.176472,0.861012,12012.272461
49,0.130949,0.817159,12261.873047
50,0.136088,0.753229,12511.505859
51,0.159498,0.654535,12761.000977
52,0.168171,0.588077,13010.586914
53,0.170897,0.572055,13260.148438
54,0.181375,0.572538,13509.712891
55,0.241064,0.570897,13759.233398
56,0.299256,0.533436,14008.843750
57,0.338530,0.475040,14258.348633
58,0.365891,0.368065,14507.955078
59,0.375251,0.259483,14757.471680
60,0.387490,0.209403,15007.087891
61,0.406485,0.192618,15256.633789
62,0.421952,0.199250,15506.157227
63,0.458105,0.239581,15755.799805
64,0.483663,0.366547,16005.354492
65,0.457094,0.504397,16254.916992
66,0.420791,0.585304,16504.453125
67,0.387276,0.614216,16754.005859
68,0.366710,0.620579,17003.583984
69,0.339165,0.615397,17269.800781
70,0.318769,0.604029,17502.753906
71,0.298322,0.591840,17752.296875
72,0.259588,0.589504,18001.873047
73,0.207774,0.598255,18251.369141
74,0.159086,0.594301,18501.039062
75,0.126061,0.587495,18750.593750
76,0.081222,0.587263,19000.064453
77,0.027898,0.577917,19266.261719
78,0.988511,0.564976,19515.843750
79,0.972863,0.558496,19765.464844
80,0.968524,0.550466,20015.000000
81,0.966289,0.540563,20264.515625
82,0.968738,0.540550,20514.175781
83,0.974757,0.541502,20763.701172
84,0.014220,0.545163,21013.218750
85,0.109661,0.562195,21262.886719
86,0.213469,0.598376,21512.396484
87,0.285278,0.641159,21761.962891
88,0.330088,0.650539,22011.466797
89,0.361268,0.639190,22261.154297
90,0.397357,0.631380,22510.658203
91,0.428130,0.621175,22760.152344
92,0.387301,0.603770,23009.775391
93,0.342882,0.593117,23259.320312
94,0.334630,0.605574,23508.917969
95,0.321498,0.607859,23758.408203
96,0.293927,0.638582,24008.027344
97,0.247758,0.674300,24257.578125
98,0.201574,0.698141,24507.162109
99,0.177788,0.708532,24756.730469
0,0.748048,0.553283,0.031427
1,0.739599,0.573505,266.339355
2,0.734062,0.570890,515.725891
3,0.729665,0.548754,765.377014
4,0.725406,0.524709,1014.834045
5,0.725481,0.513432,1264.509766
6,0.728180,0.504242,1513.984619
7,0.729916,0.493620,1763.689331
8,0.733176,0.489534,2013.106567
9,0.733689,0.491716,2262.697021
10,0.734488,0.489450,2512.288818
11,0.737329,0.494925,2761.799561
12,0.737985,0.495606,3011.476807
13,0.738512,0.495912,3260.946045
14,0.734560,0.518467,3510.597656
15,0.711747,0.557244,3760.109131
16,0.660770,0.599939,4009.647705
17,0.620895,0.636027,4259.179199
18,0.618014,0.633477,4508.813965
19,0.632553,0.621905,4758.306641
20,0.652179,0.587056,5007.958496
21,0.646475,0.538214,5257.570801
22,0.644835,0.491244,5507.000488
23,0.635091,0.483767,5756.690918
24,0.610979,0.487550,6006.195312
25,0.586596,0.494009,6255.805664
26,0.554624,0.496074,6505.239258
27,0.496454,0.488506,6754.895508
28,0.406941,0.476235,7004.405762
29,0.346241,0.471250,7253.985352
30,0.316462,0.479728,7503.520508
31,0.282181,0.487950,7753.153320
32,0.239834,0.492189,8002.604004
33,0.195198,0.491934,8252.248047
34,0.160783,0.487391,8501.864258
35,0.139117,0.483580,8751.435547
36,0.135859,0.489481,9000.995117
37,0.140662,0.488626,9250.479492
38,0.146711,0.489007,9500.097656
39,0.149865,0.508114,9766.240234
40,0.153013,0.520368,10015.853516
41,0.163175,0.518685,10265.294922
42,0.180333,0.519190,10514.969727
43,0.194491,0.493672,10764.590820
44,0.208341,0.442115,11014.083008
45,0.215145,0.427277,11263.706055
46,0.217863,0.422797,11513.141602
47,0.225540,0.419279,11762.874023
48,0.231494,0.413975,12012.256836
49,0.235707,0.411880,12261.933594
50,0.239663,0.407579,12511.431641
51,0.251503,0.374091,12761.063477
52,0.273387,0.339875,13010.494141
53,0.291310,0.331696,13260.176758
54,0.301947,0.323527,13509.667969
55,0.270470,0.355609,13759.250000
56,0.245928,0.379081,14008.850586
57,0.247079,0.385809,14258.474609
58,0.245374,0.395539,14508.014648
59,0.244581,0.400913,14757.487305
60,0.243406,0.406421,15007.191406
61,0.243639,0.409679,15256.594727
62,0.243724,0.412388,15506.202148
63,0.243917,0.413839,15755.699219
64,0.244503,0.413311,16005.343750
65,0.245579,0.412443,16254.896484
66,0.246617,0.410111,16504.425781
67,0.247825,0.407239,16753.976562
68,0.248024,0.405691,17003.628906
69,0.247965,0.405487,17253.232422
70,0.254200,0.413524,17502.658203
71,0.286187,0.438369,17752.351562
72,0.319465,0.462500,18001.826172
73,0.339761,0.477793,18251.398438
74,0.355779,0.483639,18500.957031
75,0.375584,0.488361,18750.509766
76,0.398564,0.496405,19000.089844
77,0.422846,0.503877,19266.365234
78,0.440398,0.507318,19515.878906
79,0.447094,0.503715,19765.402344
80,0.449903,0.497510,20015.046875
81,0.457345,0.493724,20264.480469
82,0.461938,0.493169,20514.162109
83,0.460373,0.483517,20763.664062
84,0.462043,0.472784,21013.333984
85,0.463069,0.470414,21262.740234
86,0.463322,0.473113,21512.449219
87,0.463693,0.475884,21761.898438
88,0.462986,0.477498,22011.496094
89,0.461431,0.477617,22260.982422
90,0.460440,0.475124,22510.644531
91,0.465634,0.477155,22760.263672
92,0.486962,0.480415,23009.701172
93,0.499915,0.485780,23259.417969
94,0.506025,0.487025,23508.853516
95,0.504537,0.480951,23758.486328
96,0.505662,0.476178,24007.945312
97,0.515005,0.475724,24257.574219
98,0.525018,0.480428,24507.076172
99,0.534256,0.483065,24756.656250
0,0.748678,0.571762,0.008504
1,0.741467,0.568504,266.188690
2,0.724332,0.559491,515.764160
3,0.705824,0.532192,765.329285
4,0.694858,0.518600,1014.974243
5,0.709978,0.524252,1264.482788
6,0.709802,0.531553,1514.013062
7,0.692756,0.545552,1763.671753
8,0.653251,0.550842,2013.157227
9,0.612599,0.554277,2262.708252
10,0.585433,0.553626,2512.322998
11,0.559392,0.552730,2761.877686
12,0.533490,0.547264,3011.399658
13,0.503833,0.529267,3260.968750
14,0.484474,0.512115,3510.542969
15,0.472573,0.504164,3760.167725
16,0.462310,0.503439,4009.695801
17,0.457258,0.508768,4259.287109
18,0.455589,0.511359,4508.857422
19,0.453327,0.512055,4758.434570
20,0.437025,0.519696,5007.914551
21,0.403396,0.536515,5257.480957
22,0.374892,0.544972,5507.096680
23,0.349749,0.569551,5756.604980
24,0.334453,0.585274,6006.193848
25,0.330450,0.584229,6255.771973
26,0.363603,0.551943,6505.323242
27,0.405933,0.494511,6754.865723
28,0.426667,0.428034,7004.477539
29,0.442785,0.388531,7254.071289
30,0.475890,0.367679,7503.615234
31,0.562853,0.362553,7753.147461
32,0.627696,0.373789,8002.714355
33,0.680570,0.382623,8252.273438
34,0.728895,0.370439,8501.811523
35,0.777559,0.354450,8751.468750
36,0.821519,0.336810,9001.008789
37,0.859435,0.327456,9250.622070
38,0.889505,0.323151,9500.064453
39,0.915543,0.330845,9766.310547
40,0.936464,0.337689,10015.871094
41,0.954710,0.339945,10265.421875
42,0.970013,0.346719,10514.964844
43,0.984567,0.368528,10764.560547
44,0.990218,0.421561,11014.118164
45,0.983387,0.468821,11263.681641
46,0.967907,0.497634,11513.245117
47,0.963047,0.514410,11762.803711
48,0.995384,0.520548,12012.358398
49,0.043811,0.514410,12261.903320
50,0.074061,0.510301,12511.467773
51,0.090794,0.512386,12761.072266
52,0.107760,0.505880,13010.591797
53,0.125987,0.501948,13260.187500
54,0.136725,0.498404,13509.825195
55,0.137627,0.493082,13759.309570
56,0.133841,0.478618,14008.865234
57,0.133358,0.472966,14258.499023
58,0.133508,0.471086,14507.986328
59,0.137060,0.473685,14757.602539
60,0.141167,0.478393,15007.104492
61,0.143526,0.483749,15256.684570
62,0.155456,0.500138,15506.259766
63,0.173936,0.511184,15755.842773
64,0.186739,0.519109,16005.380859
65,0.198341,0.527297,16254.993164
66,0.210230,0.541112,16504.591797
67,0.212964,0.551046,16754.058594
68,0.209791,0.554081,17003.666016
69,0.198239,0.556937,17253.199219
70,0.179183,0.568357,17502.744141
71,0.160501,0.580378,17752.308594
72,0.151738,0.616083,18001.964844
73,0.143707,0.655747,18251.484375
74,0.144775,0.662987,18501.001953
75,0.146171,0.636333,18750.667969
76,0.150223,0.600019,19000.132812
77,0.149498,0.581738,19266.343750
78,0.148257,0.570364,19515.898438
79,0.144697,0.563061,19765.466797
80,0.144189,0.556225,20015.041016
81,0.136698,0.544740,20264.603516
82,0.129434,0.526804,20514.158203
83,0.135332,0.499619,20763.716797
84,0.128193,0.500088,21013.281250
85,0.107555,0.505224,21262.839844
86,0.070144,0.508149,21512.423828
87,0.029251,0.512684,21761.978516
88,0.990688,0.518561,22011.572266
89,0.962656,0.519713,22261.109375
90,0.941188,0.516275,22510.667969
91,0.921040,0.511752,22760.230469
92,0.898014,0.515468,23009.792969
93,0.874992,0.524752,23259.349609
94,0.845601,0.534499,23508.925781
95,0.827859,0.559814,23758.498047
96,0.811284,0.627382,24008.050781
97,0.805010,0.679093,24257.642578
98,0.796641,0.719182,24507.218750
99,0.785469,0.749432,24756.777344
0,0.741111,0.475263,-0.035135
1,0.725396,0.478311,266.205170
2,0.704577,0.476721,515.720764
3,0.693640,0.470840,765.326111
4,0.689699,0.468839,1014.886292
5,0.682575,0.467513,1264.445068
6,0.676937,0.466712,1513.977661
7,0.672739,0.464638,1763.530762
8,0.668463,0.473976,2013.105103
9,0.665383,0.475086,2262.647949
10,0.659498,0.481074,2512.281982
11,0.651324,0.484993,2761.831055
12,0.658599,0.496028,3011.387939
13,0.668920,0.498415,3260.958008
14,0.670026,0.500095,3510.526123
15,0.662324,0.503218,3760.109863
16,0.651444,0.505176,4009.597900
17,0.639958,0.504647,4259.215820
18,0.627799,0.505351,4508.751465
19,0.616084,0.505024,4758.334473
20,0.616219,0.503485,5007.905762
21,0.612072,0.510175,5257.526367
22,0.603388,0.508827,5507.037109
23,0.594214,0.496926,5756.550781
24,0.583698,0.495563,6006.147461
25,0.574115,0.495540,6255.678711
26,0.564666,0.495601,6505.283203
27,0.557025,0.498794,6754.799805
28,0.557291,0.507488,7004.445312
29,0.543619,0.512479,7253.940430
30,0.524184,0.510304,7503.503906
31,0.510939,0.511403,7753.058105
32,0.499922,0.496359,8002.657715
33,0.499839,0.483728,8252.227539
34,0.501163,0.478855,8501.799805
35,0.499252,0.478236,8751.368164
36,0.498180,0.478733,9000.888672
37,0.496431,0.474214,9250.470703
38,0.494263,0.469940,9500.013672
39,0.490718,0.469312,9766.274414
40,0.479782,0.468340,10015.783203
41,0.462249,0.468264,10265.360352
42,0.451180,0.469853,10514.906250
43,0.449754,0.469813,10764.508789
44,0.454979,0.473451,11014.082031
45,0.452480,0.480052,11263.598633
46,0.439354,0.469129,11513.153320
47,0.421692,0.444061,11762.766602
48,0.406271,0.445465,12012.311523
49,0.389736,0.461008,12261.900391
50,0.373917,0.466646,12511.457031
51,0.360672,0.465947,12760.999023
52,0.350832,0.472595,13010.574219
53,0.342186,0.478940,13260.141602
54,0.336959,0.480835,13509.708008
55,0.335000,0.481892,13759.241211
56,0.323100,0.487947,14008.826172
57,0.297571,0.498422,14258.407227
58,0.279874,0.506839,14507.976562
59,0.270519,0.517141,14757.497070
60,0.254658,0.533534,15007.141602
61,0.246912,0.585617,15256.706055
62,0.251661,0.629670,15506.213867
63,0.236015,0.630547,15755.746094
64,0.181415,0.574102,16005.304688
65,0.142317,0.540489,16254.941406
66,0.130392,0.538959,16504.458984
67,0.143386,0.532157,16754.076172
68,0.158586,0.518329,17003.650391
69,0.171567,0.488362,17253.195312
70,0.177628,0.469483,17502.708984
71,0.184746,0.443235,17752.310547
72,0.189801,0.432585,18001.828125
73,0.181170,0.427918,18251.373047
74,0.169153,0.425980,18500.947266
75,0.149762,0.442766,18750.503906
76,0.117384,0.456921,19000.164062
77,0.092064,0.465314,19266.277344
78,0.078510,0.470610,19515.859375
79,0.067851,0.479986,19765.416016
80,0.041652,0.489758,20015.013672
81,0.010047,0.492144,20264.535156
82,0.001444,0.488351,20514.128906
83,0.038319,0.483524,20763.693359
84,0.097091,0.478167,21013.294922
85,0.138684,0.480587,21262.789062
86,0.161865,0.483769,21512.347656
87,0.172238,0.480411,21761.939453
88,0.180532,0.480529,22011.472656
89,0.161695,0.483229,22261.076172
90,0.103416,0.483156,22510.611328
91,0.028154,0.479593,22760.250000
92,0.982285,0.474789,23009.759766
93,0.956979,0.476007,23259.394531
94,0.967552,0.444512,23508.888672
95,0.995883,0.384780,23758.507812
96,0.013277,0.340049,24008.041016
97,0.013754,0.316358,24257.542969
98,0.011070,0.297269,24507.140625
99,0.004544,0.293035,24756.693359
0,0.750091,0.623607,-0.060291
1,0.749213,0.622020,266.152740
2,0.731995,0.617558,515.681580
3,0.703386,0.613319,765.302734
4,0.675178,0.615245,1014.864075
5,0.641674,0.614390,1264.419312
6,0.607661,0.616695,1514.027588
7,0.586245,0.616165,1763.559082
8,0.571151,0.627830,2013.147949
9,0.565510,0.634434,2262.637451
10,0.570926,0.642322,2512.197021
11,0.570484,0.654687,2761.773193
12,0.574084,0.660417,3011.337646
13,0.565719,0.661762,3260.920410
14,0.565324,0.662231,3510.512939
15,0.568749,0.662692,3760.054932
16,0.569628,0.664712,4009.586914
17,0.570864,0.665252,4259.150391
18,0.572078,0.665324,4508.758789
19,0.574324,0.664697,4758.271484
20,0.583416,0.663730,5007.883789
21,0.597675,0.664733,5257.428711
22,0.615714,0.665364,5507.069824
23,0.633548,0.664158,5756.561523
24,0.653523,0.654104,6006.163574
25,0.671140,0.642661,6255.681641
26,0.678613,0.628966,6505.216797
27,0.705233,0.605722,6754.859375
28,0.781387,0.551002,7004.343750
29,0.833292,0.491571,7253.977539
30,0.888865,0.476414,7503.469238
31,0.945641,0.530037,7753.140137
32,0.982857,0.585959,8002.633301
33,0.023784,0.607574,8252.167969
34,0.059786,0.610786,8501.811523
35,0.090817,0.605169,8751.360352
36,0.118319,0.603841,9000.920898
37,0.146051,0.595974,9250.426758
38,0.170373,0.569748,9500.026367
39,0.191582,0.519825,9766.313477
40,0.216496,0.491516,10015.796875
41,0.251447,0.525422,10265.358398
42,0.292869,0.558984,10514.929688
43,0.320616,0.582803,10764.439453
44,0.339682,0.583684,11014.077148
45,0.361631,0.579353,11263.563477
46,0.368219,0.558914,11513.208984
47,0.355878,0.527815,11762.753906
48,0.345586,0.546360,12012.256836
49,0.334138,0.596044,12261.869141
50,0.318638,0.623298,12511.448242
51,0.309953,0.630671,12761.002930
52,0.302689,0.631950,13010.511719
53,0.290355,0.632128,13260.112305
54,0.274925,0.631263,13509.634766
55,0.254629,0.621843,13759.217773
56,0.223113,0.607216,14008.860352
57,0.183733,0.586559,14258.443359
58,0.156381,0.584789,14507.936523
59,0.145948,0.582939,14757.462891
60,0.159214,0.583405,15007.065430
61,0.172234,0.578915,15256.605469
62,0.180702,0.573803,15506.150391
63,0.182683,0.565440,15755.728516
64,0.183476,0.544157,16005.388672
65,0.165647,0.509705,16254.857422
66,0.119463,0.453326,16504.443359
67,0.069897,0.382168,16754.011719
68,0.031298,0.315064,17003.599609
69,0.003180,0.301775,17269.781250
70,0.964873,0.307431,17502.734375
71,0.951394,0.323948,17752.296875
72,0.933311,0.331926,18001.855469
73,0.905350,0.328329,18251.361328
74,0.878252,0.326415,18500.968750
75,0.841826,0.336590,18750.605469
76,0.802862,0.349622,19000.103516
77,0.780468,0.359464,19266.304688
78,0.763733,0.361973,19515.828125
79,0.756689,0.358394,19765.472656
80,0.759475,0.358241,20014.994141
81,0.758518,0.358754,20264.501953
82,0.754815,0.360654,20514.140625
83,0.750069,0.363129,20763.662109
84,0.742742,0.362044,21013.287109
85,0.717972,0.358768,21262.779297
86,0.680199,0.361462,21512.371094
87,0.639874,0.363747,21761.933594
88,0.609800,0.360850,22011.474609
89,0.578419,0.360565,22261.054688
90,0.548881,0.363055,22510.615234
91,0.519809,0.366725,22760.208984
92,0.492674,0.368438,23009.746094
93,0.468470,0.369949,23259.402344
94,0.445046,0.370297,23508.865234
95,0.426067,0.370930,23758.419922
96,0.408131,0.369052,24008.013672
97,0.387453,0.379637,24257.583984
98,0.367415,0.488670,24507.097656
99,0.358945,0.562631,24756.656250
0,0.748379,0.650883,0.051190
1,0.746775,0.653858,266.265991
2,0.745992,0.642677,515.863708
3,0.730326,0.590218,765.402466
4,0.727544,0.560254,1015.068848
5,0.732993,0.552336,1264.524902
6,0.735821,0.555070,1514.135254
7,0.811025,0.546405,1763.704834
8,0.881516,0.534932,2013.202881
9,0.913233,0.539042,2262.823242
10,0.926084,0.552482,2512.377197
11,0.931647,0.561208,2761.979004
12,0.932185,0.564411,3011.481201
13,0.909213,0.558970,3261.088623
14,0.844744,0.567413,3527.250488
15,0.772720,0.578515,3760.224854
16,0.709465,0.575712,4009.826660
17,0.642935,0.558293,4259.308594
18,0.561048,0.522150,4508.907227
19,0.491606,0.528165,4758.430176
20,0.435273,0.508621,5008.027832
21,0.381353,0.514624,5257.542480
22,0.337677,0.531535,5507.181152
23,0.292214,0.539886,5756.682617
24,0.253299,0.548210,6006.305664
25,0.212572,0.554319,6255.859863
26,0.179753,0.569437,6505.376953
27,0.130598,0.575058,6754.940430
28,0.085579,0.556217,7004.519043
29,0.063628,0.553009,7254.076172
30,0.099018,0.566183,7503.618652
31,0.175583,0.580029,7753.210449
32,0.205506,0.583242,8002.803223
33,0.221435,0.582027,8252.325195
34,0.225184,0.583188,8501.921875
35,0.217296,0.604741,8751.458984
36,0.180202,0.634571,9001.049805
37,0.149497,0.648977,9250.572266
38,0.130003,0.655686,9500.173828
39,0.112546,0.658444,9766.357422
40,0.107888,0.663574,10015.959961
41,0.120922,0.664163,10265.463867
42,0.143093,0.663629,10515.026367
43,0.173422,0.653582,10764.582031
44,0.201104,0.627516,11014.188477
45,0.227222,0.580053,11263.718750
46,0.246724,0.534807,11513.306641
47,0.249445,0.521908,11762.877930
48,0.242364,0.538229,12012.448242
49,0.252061,0.547149,12262.027344
50,0.295848,0.538812,12511.534180
51,0.323805,0.503809,12761.120117
52,0.342249,0.505702,13010.791992
53,0.355852,0.534427,13260.323242
54,0.378817,0.555391,13509.799805
55,0.396445,0.563743,13759.369141
56,0.408398,0.567358,14008.916992
57,0.416187,0.571022,14258.598633
58,0.422406,0.568354,14508.070312
59,0.402811,0.578449,14757.643555
60,0.369477,0.606013,15007.322266
61,0.344275,0.624266,15256.767578
62,0.319001,0.626905,15506.320312
63,0.296764,0.635820,15755.881836
64,0.281230,0.643083,16005.534180
65,0.267105,0.643124,16254.992188
66,0.256028,0.639594,16504.574219
67,0.256318,0.637791,16754.160156
68,0.270156,0.672208,17003.687500
69,0.290980,0.710802,17253.246094
70,0.321838,0.725311,17502.806641
71,0.358343,0.717269,17752.423828
72,0.399992,0.713237,18001.980469
73,0.423681,0.716661,18251.507812
74,0.446401,0.728652,18501.078125
75,0.465049,0.737270,18750.679688
76,0.499081,0.731682,19000.246094
77,0.518065,0.732352,19266.406250
78,0.528494,0.740188,19515.984375
79,0.526064,0.754235,19765.582031
80,0.513523,0.771004,20015.087891
81,0.494234,0.783428,20264.650391
82,0.470957,0.790156,20514.222656
83,0.447528,0.790163,20763.794922
84,0.422845,0.785889,21013.337891
85,0.396333,0.775387,21263.025391
86,0.357499,0.758790,21512.523438
87,0.328396,0.745981,21762.070312
88,0.322145,0.743406,22011.615234
89,0.338147,0.752730,22261.232422
90,0.350594,0.751551,22510.759766
91,0.371254,0.751552,22760.300781
92,0.398080,0.751729,23009.873047
93,0.421061,0.750980,23259.482422
94,0.439377,0.749788,23509.046875
95,0.449935,0.750567,23758.611328
96,0.465975,0.747358,24008.119141
97,0.477793,0.735622,24257.681641
98,0.492312,0.725958,24507.236328
99,0.506398,0.715259,24756.820312
0,0.758732,0.671753,-0.005824
1,0.767388,0.663157,266.163239
2,0.749232,0.614043,515.761536
3,0.702384,0.584203,765.428162
4,0.656085,0.575392,1014.875732
5,0.632253,0.564951,1264.533325
6,0.616907,0.553109,1514.014038
7,0.590774,0.538545,1763.553345
8,0.567719,0.531821,2013.135864
9,0.548612,0.532009,2262.729492
10,0.535785,0.533480,2512.272705
11,0.524538,0.532211,2761.819824
12,0.519648,0.525467,3011.432373
13,0.526079,0.526333,3260.979492
14,0.564507,0.529139,3510.503906
15,0.602307,0.495541,3760.142578
16,0.640508,0.470143,4009.668457
17,0.653420,0.464269,4259.210938
18,0.651031,0.465344,4508.753418
19,0.656636,0.453000,4758.433594
20,0.678731,0.438419,5007.886230
21,0.689171,0.434601,5257.479492
22,0.689127,0.436500,5507.072754
23,0.688781,0.438837,5756.630859
24,0.681109,0.441774,6006.184082
25,0.591924,0.461332,6255.704102
26,0.488461,0.481892,6505.319336
27,0.437878,0.489208,6754.849609
28,0.405392,0.495948,7004.398438
29,0.383406,0.509102,7254.016113
30,0.375585,0.518942,7503.632324
31,0.352830,0.537935,7769.747559
32,0.326716,0.556812,8002.647949
33,0.306944,0.554176,8252.222656
34,0.315574,0.519159,8501.830078
35,0.356160,0.466301,8751.325195
36,0.392708,0.438110,9001.009766
37,0.417453,0.444442,9250.550781
38,0.448703,0.455152,9500.088867
39,0.475535,0.450611,9766.233398
40,0.483260,0.445470,10015.835938
41,0.440505,0.463090,10265.402344
42,0.419334,0.492293,10514.963867
43,0.441566,0.501605,10764.539062
44,0.497214,0.499015,11014.157227
45,0.582195,0.484069,11263.703125
46,0.671172,0.478267,11513.184570
47,0.742121,0.486984,11762.782227
48,0.760415,0.518721,12012.340820
49,0.714749,0.545685,12261.903320
50,0.669358,0.586238,12511.462891
51,0.673127,0.598205,12761.119141
52,0.738688,0.579012,13010.646484
53,0.869659,0.526074,13260.182617
54,0.946938,0.501099,13509.711914
55,0.998631,0.499057,13759.275391
56,0.052711,0.508506,14008.845703
57,0.097283,0.505236,14258.371094
58,0.078488,0.446463,14508.064453
59,0.040872,0.354842,14757.520508
60,0.008391,0.302634,15007.127930
61,0.003870,0.298446,15256.640625
62,0.011869,0.300403,15506.305664
63,0.013275,0.305771,15755.767578
64,0.009891,0.311165,16005.401367
65,0.008330,0.309184,16254.925781
66,0.022725,0.296486,16504.488281
67,0.027789,0.287678,16754.035156
68,0.030533,0.292848,17003.601562
69,0.044805,0.327384,17253.250000
70,0.065484,0.373267,17502.710938
71,0.081140,0.405867,17752.326172
72,0.091647,0.431454,18001.871094
73,0.090529,0.450137,18251.455078
74,0.094428,0.468159,18501.005859
75,0.108381,0.481467,18750.519531
76,0.159377,0.494327,19000.101562
77,0.193127,0.510730,19266.392578
78,0.202933,0.523137,19515.890625
79,0.204886,0.529198,19765.537109
80,0.198010,0.529406,20015.044922
81,0.198997,0.530294,20264.591797
82,0.202079,0.527965,20514.175781
83,0.208120,0.509369,20763.675781
84,0.214709,0.509861,21013.337891
85,0.214702,0.514525,21262.800781
86,0.212801,0.520605,21512.392578
87,0.210866,0.519797,21761.964844
88,0.210110,0.521242,22011.609375
89,0.209213,0.523482,22261.095703
90,0.207205,0.523868,22510.636719
91,0.204267,0.519303,22760.226562
92,0.200928,0.517056,23009.792969
93,0.199178,0.515280,23275.964844
94,0.198155,0.522329,23508.902344
95,0.193549,0.546040,23758.539062
96,0.190953,0.596896,24008.013672
97,0.204686,0.628437,24257.585938
98,0.223262,0.632347,24507.212891
99,0.230536,0.635241,24756.779297
0,0.751500,0.384892,-0.018013
1,0.751597,0.380928,266.266876
2,0.736483,0.414557,515.745239
3,0.720094,0.471071,765.311584
4,0.707049,0.507001,1014.883240
5,0.699620,0.515397,1264.402344
6,0.694483,0.516500,1514.085449
7,0.688041,0.517584,1763.541504
8,0.680325,0.517830,2013.157715
9,0.675120,0.516212,2262.697754
10,0.672197,0.512108,2512.341064
11,0.671637,0.510620,2761.873047
12,0.671750,0.510923,3011.384766
13,0.666527,0.511290,3261.017334
14,0.640825,0.507785,3510.487793
15,0.626648,0.506312,3760.098389
16,0.622905,0.506013,4009.644287
17,0.620135,0.507900,4259.277344
18,0.617138,0.513199,4508.791992
19,0.613518,0.519154,4758.294434
20,0.614541,0.524370,5007.973633
21,0.621281,0.526585,5257.474121
22,0.627977,0.526423,5507.041016
23,0.634971,0.526450,5756.569824
24,0.640674,0.526130,6006.164551
25,0.673495,0.535950,6255.747070
26,0.734273,0.602800,6505.272461
27,0.824292,0.680506,6754.913086
28,0.906885,0.721915,7004.415039
29,0.949877,0.766547,7254.005371
30,0.913634,0.756907,7503.589355
31,0.877429,0.699651,7753.125000
32,0.882938,0.672199,8002.703125
33,0.904497,0.656493,8252.195312
34,0.939069,0.649355,8501.836914
35,0.019812,0.665381,8751.440430
36,0.099171,0.689061,9000.878906
37,0.122679,0.754682,9250.506836
38,0.104444,0.846299,9500.160156
39,0.101538,0.866269,9766.274414
40,0.136605,0.806928,10015.791016
41,0.146658,0.757993,10265.370117
42,0.183867,0.672898,10514.896484
43,0.200274,0.603757,10764.535156
44,0.192841,0.546661,11014.058594
45,0.170051,0.524485,11263.636719
46,0.180070,0.490332,11513.252930
47,0.184642,0.466743,11762.760742
48,0.180095,0.454096,12012.313477
49,0.181743,0.451073,12261.856445
50,0.187912,0.448798,12511.480469
51,0.193388,0.451443,12761.001953
52,0.191736,0.467298,13010.607422
53,0.193238,0.480072,13260.172852
54,0.201353,0.490691,13509.707031
55,0.211282,0.505372,13759.247070
56,0.213820,0.522221,14008.847656
57,0.197874,0.530849,14258.486328
58,0.164657,0.529809,14507.998047
59,0.127864,0.525181,14757.537109
60,0.118754,0.523024,15007.050781
61,0.123966,0.525694,15256.650391
62,0.140179,0.527729,15506.190430
63,0.183757,0.530904,15755.835938
64,0.236645,0.539732,16005.430664
65,0.292041,0.544312,16254.950195
66,0.308916,0.545690,16504.453125
67,0.329613,0.528832,16754.083984
68,0.341895,0.504967,17003.603516
69,0.362247,0.502588,17253.138672
70,0.389974,0.511660,17502.734375
71,0.391795,0.517352,17752.330078
72,0.383317,0.513594,18001.871094
73,0.378476,0.509965,18251.384766
74,0.380750,0.511627,18501.080078
75,0.399719,0.529193,18750.599609
76,0.413585,0.545807,19000.126953
77,0.423185,0.547625,19266.287109
78,0.437490,0.537766,19515.955078
79,0.439980,0.532542,19765.484375
80,0.435485,0.524853,20015.070312
81,0.432989,0.515323,20264.531250
82,0.430534,0.510841,20514.212891
83,0.429692,0.510467,20763.693359
84,0.428803,0.511777,21013.230469
85,0.426464,0.508409,21262.847656
86,0.423112,0.506974,21512.427734
87,0.414304,0.505728,21761.968750
88,0.379419,0.495067,22011.492188
89,0.252696,0.490869,22261.099609
90,0.130124,0.510563,22510.634766
91,0.065619,0.513007,22760.164062
92,0.012248,0.500396,23009.775391
93,0.983113,0.490730,23259.337891
94,0.968581,0.476861,23508.919922
95,0.964761,0.469181,23758.431641
96,0.964734,0.468833,24008.099609
97,0.966203,0.469422,24257.615234
98,0.967159,0.496703,24507.107422
99,0.968812,0.493740,24756.675781
0,0.750098,0.557121,-0.018503
1,0.748506,0.551421,266.161102
2,0.726280,0.548988,515.747070
3,0.693694,0.546260,765.245972
4,0.674921,0.559284,1014.846924
5,0.655489,0.575802,1264.388672
6,0.650188,0.572575,1513.954468
7,0.637893,0.545220,1763.573242
8,0.619042,0.546822,2013.175903
9,0.595663,0.525966,2262.696777
10,0.575744,0.528775,2512.305664
11,0.564341,0.551689,2761.840332
12,0.556437,0.578059,3011.350342
13,0.551038,0.586697,3260.909180
14,0.543095,0.595317,3510.531494
15,0.506203,0.590505,3760.097900
16,0.464667,0.584722,4009.619141
17,0.438016,0.581227,4259.204102
18,0.398894,0.573562,4508.770020
19,0.366066,0.574420,4758.335449
20,0.356996,0.572976,5007.834961
21,0.342808,0.569797,5257.407715
22,0.303180,0.577157,5507.004883
23,0.279887,0.584739,5756.541504
24,0.262814,0.594460,6006.108887
25,0.234521,0.599382,6255.669434
26,0.223337,0.612106,6505.222656
27,0.197570,0.614473,6754.787109
28,0.151654,0.595613,7004.403809
29,0.113270,0.575378,7254.064453
30,0.083435,0.566379,7503.520020
31,0.058365,0.567857,7753.072266
32,0.026267,0.565960,8002.657227
33,0.994379,0.556661,8252.212891
34,0.963399,0.550932,8501.735352
35,0.935869,0.551366,8751.344727
36,0.915766,0.551111,9000.893555
37,0.901447,0.548621,9250.425781
38,0.891165,0.549645,9500.008789
39,0.876542,0.552096,9766.235352
40,0.863562,0.553063,10015.757812
41,0.855279,0.557025,10265.319336
42,0.852127,0.575609,10514.900391
43,0.860373,0.590137,10764.504883
44,0.890481,0.596715,11014.082031
45,0.957340,0.585121,11263.639648
46,0.039007,0.555304,11513.145508
47,0.081691,0.535645,11762.812500
48,0.111196,0.507475,12012.308594
49,0.125370,0.445645,12261.838867
50,0.146806,0.447150,12511.445312
51,0.177792,0.445842,12760.952148
52,0.202154,0.449990,13010.640625
53,0.223682,0.448683,13260.110352
54,0.260379,0.449289,13509.752930
55,0.290622,0.453349,13759.244141
56,0.321538,0.456185,14008.781250
57,0.355389,0.455987,14258.347656
58,0.387322,0.465441,14507.900391
59,0.419182,0.473504,14757.550781
60,0.444130,0.475463,15007.050781
61,0.460077,0.474348,15256.648438
62,0.468023,0.468296,15506.250977
63,0.510849,0.499980,15755.728516
64,0.570346,0.529597,16005.328125
65,0.616718,0.550060,16254.863281
66,0.645693,0.552568,16504.462891
67,0.684615,0.543022,16753.974609
68,0.718161,0.538081,17003.574219
69,0.737537,0.545100,17253.115234
70,0.759307,0.553008,17502.757812
71,0.779275,0.569216,17752.345703
72,0.785389,0.569855,18001.796875
73,0.798678,0.561948,18251.414062
74,0.822976,0.545137,18500.925781
75,0.847095,0.537610,18750.541016
76,0.869315,0.533513,19000.113281
77,0.876139,0.535063,19266.294922
78,0.858125,0.536747,19515.845703
79,0.817587,0.535569,19765.480469
80,0.766117,0.545682,20015.048828
81,0.693811,0.561686,20264.554688
82,0.613217,0.565761,20514.087891
83,0.515011,0.563634,20763.703125
84,0.424856,0.558359,21013.216797
85,0.380766,0.547887,21262.820312
86,0.352428,0.543797,21512.333984
87,0.327637,0.542661,21761.935547
88,0.321073,0.545108,22011.462891
89,0.301924,0.547871,22261.023438
90,0.257349,0.554315,22510.603516
91,0.203160,0.557178,22760.267578
92,0.179800,0.554658,23009.796875
93,0.176755,0.563584,23259.283203
94,0.196903,0.589377,23508.851562
95,0.217478,0.603945,23758.406250
96,0.227398,0.612107,24007.992188
97,0.224195,0.608499,24257.580078
98,0.204277,0.603672,24507.101562
99,0.183986,0.598374,24756.765625
0,0.749984,0.450188,0.049496
1,0.749782,0.450358,266.301208
2,0.749022,0.449985,515.872925
3,0.748724,0.449599,765.381287
4,0.747094,0.448165,1014.925293
5,0.735601,0.438286,1264.518433
6,0.726632,0.429356,1514.040649
7,0.727743,0.426663,1763.686401
8,0.728813,0.425912,2013.185791
9,0.729519,0.425855,2262.803955
10,0.729906,0.425566,2512.274902
11,0.730607,0.426092,2761.901367
12,0.731084,0.426489,3011.543701
13,0.731229,0.425904,3260.994873
14,0.731257,0.425513,3510.470703
15,0.731288,0.425514,3760.179443
16,0.731475,0.425710,4009.816650
17,0.731491,0.425854,4259.216309
18,0.731346,0.426073,4508.865234
19,0.728923,0.425905,4758.329590
20,0.716619,0.425199,5007.979004
21,0.699125,0.425405,5257.490234
22,0.685620,0.428281,5507.126953
23,0.669107,0.433845,5756.539062
24,0.648141,0.441385,6006.198242
25,0.616418,0.450386,6255.831543
26,0.581054,0.458642,6505.285156
27,0.539608,0.455430,6755.010742
28,0.504247,0.437599,7004.394043
29,0.493885,0.425773,7254.040039
30,0.475511,0.446976,7520.170898
31,0.435593,0.478180,7753.256348
32,0.412684,0.495110,8002.620117
33,0.396983,0.511681,8252.323242
34,0.398052,0.519053,8501.737305
35,0.404490,0.512830,8751.474609
36,0.415371,0.494879,9001.022461
37,0.438247,0.476149,9250.507812
38,0.473249,0.464902,9566.623047
39,0.538184,0.470334,9816.232422
40,0.590456,0.479820,10015.890625
41,0.671814,0.494573,10265.336914
42,0.746096,0.498165,10515.074219
43,0.834059,0.489619,10764.461914
44,0.882984,0.473980,11014.064453
45,0.916382,0.455998,11263.595703
46,0.932539,0.442824,11513.287109
47,0.947729,0.435888,11779.499023
48,0.954085,0.436418,12028.915039
49,0.959227,0.433353,12261.963867
50,0.959286,0.433741,12511.471680
51,0.958137,0.435328,12777.731445
52,0.954609,0.434033,13027.273438
53,0.948394,0.438210,13276.784180
54,0.948086,0.442406,13509.718750
55,0.935506,0.439865,13759.308594
56,0.898286,0.418036,14008.803711
57,0.870848,0.395737,14258.444336
58,0.863613,0.391907,14508.006836
59,0.844702,0.350365,14757.575195
60,0.834907,0.306519,15007.197266
61,0.876922,0.278926,15356.493164
62,0.902885,0.275362,15506.234375
63,0.937202,0.264166,15755.791016
64,0.961872,0.261955,16005.302734
65,0.981741,0.266339,16288.260742
66,0.997428,0.281713,16537.767578
67,0.014477,0.299049,16753.962891
68,0.034311,0.316250,17003.634766
69,0.049591,0.329630,17253.072266
70,0.075722,0.354625,17535.966797
71,0.094674,0.376283,17768.972656
72,0.109424,0.408794,18001.878906
73,0.118303,0.446591,18251.435547
74,0.121048,0.468824,18500.974609
75,0.123391,0.480619,18750.593750
76,0.125883,0.486051,19016.744141
77,0.124268,0.471944,19266.343750
78,0.118176,0.444224,19515.861328
79,0.097936,0.422519,19765.439453
80,0.085611,0.407488,20015.039062
81,0.077214,0.396869,20264.615234
82,0.073660,0.391660,20514.166016
83,0.072552,0.388199,20813.556641
84,0.067149,0.372467,21063.134766
85,0.056813,0.349243,21262.853516
86,0.043326,0.328566,21512.414062
87,0.020798,0.300931,21761.945312
88,0.946822,0.372321,22011.509766
89,0.893873,0.517259,22261.078125
90,0.839632,0.656106,22510.666016
91,0.790152,0.753189,22760.173828
92,0.753612,0.808265,23009.751953
93,0.741948,0.850958,23259.359375
94,0.708214,0.880300,23508.875000
95,0.689928,0.916605,23758.458984
96,0.732887,0.952461,24008.015625
97,0.901801,0.960837,24257.628906
98,0.973875,0.951604,24507.109375
99,0.993363,0.952051,24756.746094
0,0.751880,0.493615,0.004347
1,0.758892,0.491581,266.252869
2,0.769498,0.492587,515.855591
3,0.789248,0.491910,765.435974
4,0.820044,0.491819,1014.917297
5,0.846743,0.491869,1264.529419
6,0.868514,0.491841,1514.050293
7,0.887880,0.486936,1763.621948
8,0.899210,0.488005,2013.268555
9,0.911956,0.488874,2262.800537
10,0.925584,0.491465,2512.327393
11,0.931574,0.494792,2761.834717
12,0.931016,0.493312,3011.430420
13,0.928778,0.493145,3261.007324
14,0.928544,0.493895,3510.530029
15,0.926378,0.494149,3760.122803
16,0.923588,0.491419,4009.757812
17,0.920642,0.489434,4259.333008
18,0.924269,0.492839,4508.775391
19,0.925552,0.496744,4758.422852
20,0.917143,0.493207,5007.950195
21,0.908281,0.489966,5257.481445
22,0.897361,0.489795,5507.074219
23,0.884112,0.489733,5756.604980
24,0.853391,0.487635,6006.203613
25,0.794149,0.474143,6255.723633
26,0.748265,0.465469,6505.387695
27,0.732696,0.464849,6754.948242
28,0.727501,0.466416,7004.450195
29,0.723643,0.467349,7254.047363
30,0.717531,0.466595,7503.553223
31,0.715843,0.463918,7753.235840
32,0.714460,0.462983,8002.677246
33,0.711113,0.459691,8252.308594
34,0.711401,0.461474,8501.844727
35,0.714160,0.463664,8751.459961
36,0.716869,0.470482,9000.964844
37,0.715056,0.477843,9250.578125
38,0.709261,0.476524,9500.120117
39,0.694674,0.482361,9766.322266
40,0.683375,0.487474,10015.812500
41,0.680019,0.491045,10265.516602
42,0.676733,0.494138,10514.958984
43,0.676659,0.494816,10764.570312
44,0.679472,0.495244,11014.131836
45,0.688315,0.502822,11263.708984
46,0.676147,0.516514,11513.257812
47,0.648508,0.528064,11762.769531
48,0.623788,0.536040,12012.448242
49,0.595848,0.541325,12261.897461
50,0.580097,0.545537,12511.510742
51,0.576339,0.546910,12761.067383
52,0.578870,0.548351,13010.713867
53,0.581759,0.550222,13260.189453
54,0.583911,0.552399,13509.738281
55,0.579067,0.561783,13759.366211
56,0.576663,0.562584,14008.861328
57,0.567855,0.540730,14258.457031
58,0.540697,0.536289,14508.003906
59,0.519795,0.520900,14757.685547
60,0.506716,0.504576,15007.144531
61,0.510761,0.505091,15256.673828
62,0.554959,0.513570,15506.312500
63,0.582357,0.522908,15755.874023
64,0.583052,0.535755,16005.469727
65,0.578177,0.552062,16254.911133
66,0.582205,0.559461,16504.515625
67,0.577555,0.560539,16754.095703
68,0.571499,0.562088,17003.623047
69,0.563566,0.563575,17253.238281
70,0.555950,0.561152,17502.820312
71,0.545202,0.563236,17752.357422
72,0.530046,0.561618,18001.865234
73,0.508874,0.556493,18251.500000
74,0.476626,0.549199,18501.011719
75,0.450818,0.534976,18750.562500
76,0.421260,0.531455,19000.175781
77,0.388654,0.530380,19266.394531
78,0.362507,0.524280,19516.003906
79,0.338541,0.523017,19765.507812
80,0.297845,0.519319,20015.070312
81,0.259172,0.514687,20264.687500
82,0.221153,0.511965,20514.132812
83,0.180044,0.506202,20763.726562
84,0.155952,0.503095,21013.324219
85,0.137730,0.503714,21262.873047
86,0.123139,0.500242,21512.509766
87,0.111204,0.495801,21761.962891
88,0.086976,0.489369,22011.587891
89,0.057677,0.494039,22261.158203
90,0.039658,0.499397,22510.662109
91,0.033917,0.497914,22760.253906
92,0.053491,0.485333,23009.898438
93,0.083544,0.474901,23259.365234
94,0.103053,0.475184,23508.902344
95,0.135862,0.479435,23758.466797
96,0.180740,0.470928,24008.101562
97,0.179335,0.472892,24274.251953
98,0.162886,0.478706,24507.281250
99,0.160993,0.479221,24756.781250
0,0.753296,0.463690,-0.002620
1,0.754019,0.465850,266.131531
2,0.751375,0.466158,515.697266
3,0.745147,0.467383,765.356018
4,0.738177,0.467187,1014.879272
5,0.730240,0.468386,1264.512207
6,0.723225,0.471330,1513.963257
7,0.717041,0.470921,1763.622803
8,0.712080,0.471073,2013.159302
9,0.705827,0.471676,2262.681641
10,0.697863,0.474164,2512.254395
11,0.690220,0.474237,2761.807129
12,0.681835,0.474656,3011.398926
13,0.673343,0.476911,3260.946777
14,0.679191,0.466759,3510.503906
15,0.684111,0.459687,3760.060547
16,0.666833,0.464663,4009.660156
17,0.645780,0.485588,4259.209961
18,0.649937,0.489495,4508.816406
19,0.661606,0.486277,4758.299805
20,0.676764,0.487388,5007.847168
21,0.692921,0.493628,5257.498535
22,0.698415,0.496625,5507.010742
23,0.697288,0.495534,5756.547852
24,0.697323,0.494667,6006.132324
25,0.697733,0.496752,6255.790039
26,0.697517,0.500685,6505.277344
27,0.676854,0.507634,6754.807617
28,0.638245,0.524254,7004.501953
29,0.618419,0.529570,7253.949707
30,0.612522,0.529326,7503.545410
31,0.614097,0.530877,7753.145996
32,0.616511,0.530778,8002.742676
33,0.615422,0.531510,8252.176758
34,0.613835,0.532632,8501.743164
35,0.607847,0.531592,8751.352539
36,0.591764,0.526760,9000.914062
37,0.565203,0.522722,9250.548828
38,0.553869,0.513860,9500.001953
39,0.540916,0.496165,9766.194336
40,0.532093,0.470386,10015.827148
41,0.527796,0.462099,10265.391602
42,0.526953,0.459595,10514.886719
43,0.527491,0.459756,10764.500977
44,0.527511,0.460439,11014.073242
45,0.528039,0.460417,11263.644531
46,0.528345,0.460344,11513.148438
47,0.528669,0.460336,11762.771484
48,0.528891,0.461232,12012.269531
49,0.528837,0.461971,12261.847656
50,0.525150,0.465809,12511.515625
51,0.514972,0.482349,12761.075195
52,0.506888,0.502950,13010.597656
53,0.504337,0.509016,13260.095703
54,0.493634,0.512418,13509.735352
55,0.461254,0.521226,13759.227539
56,0.458683,0.525357,14008.784180
57,0.460941,0.529389,14258.349609
58,0.478892,0.522092,14507.983398
59,0.495131,0.506991,14757.545898
60,0.508426,0.504824,15007.075195
61,0.530916,0.509468,15256.724609
62,0.570419,0.501352,15506.208008
63,0.592163,0.498624,15755.785156
64,0.610996,0.497796,16005.296875
65,0.625477,0.497325,16254.891602
66,0.647681,0.497642,16504.421875
67,0.739237,0.500286,16754.011719
68,0.817909,0.509227,17003.654297
69,0.872908,0.522030,17253.126953
70,0.902576,0.531069,17502.798828
71,0.956426,0.523198,17752.324219
72,0.020040,0.507451,18001.859375
73,0.057972,0.508108,18251.396484
74,0.088998,0.513584,18500.943359
75,0.100496,0.501468,18750.554688
76,0.111714,0.487112,19000.160156
77,0.132740,0.498366,19266.302734
78,0.143263,0.514341,19515.886719
79,0.143505,0.521512,19765.476562
80,0.136668,0.518097,20014.968750
81,0.129088,0.510146,20264.578125
82,0.123078,0.504186,20514.115234
83,0.118187,0.502908,20763.734375
84,0.113033,0.503494,21013.310547
85,0.106984,0.506987,21262.884766
86,0.100114,0.510800,21512.384766
87,0.094448,0.509697,21762.017578
88,0.089587,0.509306,22011.513672
89,0.086935,0.510105,22261.062500
90,0.083566,0.511211,22510.599609
91,0.080471,0.512441,22760.210938
92,0.079702,0.514569,23009.730469
93,0.080265,0.515837,23259.337891
94,0.079689,0.516874,23508.957031
95,0.078247,0.516619,23758.447266
96,0.079062,0.518912,24008.015625
97,0.080020,0.520340,24257.601562
98,0.079852,0.520313,24507.164062
99,0.079381,0.519892,24756.750000
0,0.749868,0.515582,-0.057741
1,0.749332,0.516554,266.196350
2,0.748941,0.517087,515.718445
3,0.749050,0.517307,765.283325
4,0.748269,0.517618,1014.867554
5,0.747861,0.519327,1264.431274
6,0.747849,0.519933,1513.945923
7,0.747997,0.520225,1763.526733
8,0.748277,0.520111,2013.093628
9,0.748471,0.519855,2262.722656
10,0.748295,0.518555,2512.250000
11,0.747914,0.517844,2761.806641
12,0.745900,0.518269,3011.405273
13,0.743270,0.519313,3260.942871
14,0.743586,0.518272,3510.479736
15,0.770239,0.508384,3760.020020
16,0.803832,0.501924,4009.641602
17,0.814778,0.496679,4259.214844
18,0.832022,0.493082,4508.753906
19,0.845958,0.502077,4758.369629
20,0.853414,0.501379,5007.903809
21,0.862596,0.500905,5257.404785
22,0.874466,0.498055,5506.972656
23,0.885275,0.497914,5756.604492
24,0.891987,0.496389,6006.142090
25,0.896287,0.497623,6255.699219
26,0.883576,0.502259,6505.317871
27,0.825922,0.508412,6754.824219
28,0.775290,0.523050,7004.358887
29,0.740757,0.535386,7254.036621
30,0.718867,0.548880,7503.602051
31,0.697613,0.550837,7753.122070
32,0.666381,0.555829,8002.643555
33,0.629640,0.559622,8252.195312
34,0.606170,0.565254,8501.766602
35,0.593855,0.570324,8751.288086
36,0.588910,0.570787,9000.973633
37,0.592640,0.564541,9250.434570
38,0.596692,0.560195,9500.058594
39,0.596331,0.555645,9766.184570
40,0.598038,0.553241,10015.780273
41,0.604219,0.548469,10265.383789
42,0.620547,0.546413,10514.939453
43,0.641369,0.547862,10764.455078
44,0.643148,0.540955,11014.076172
45,0.632429,0.546255,11263.689453
46,0.615189,0.552944,11513.185547
47,0.574307,0.556461,11762.701172
48,0.526925,0.549954,12012.306641
49,0.502144,0.539291,12261.873047
50,0.491619,0.529097,12511.407227
51,0.486041,0.522720,12761.017578
52,0.475091,0.516011,13010.538086
53,0.447961,0.508907,13260.180664
54,0.430424,0.498339,13509.668945
55,0.416807,0.490864,13759.324219
56,0.413773,0.493831,14008.821289
57,0.416448,0.492616,14258.365234
58,0.416772,0.494846,14508.008789
59,0.381154,0.503384,14757.488281
60,0.358208,0.510460,15007.079102
61,0.358297,0.519826,15256.596680
62,0.382661,0.522296,15506.241211
63,0.413760,0.530428,15755.782227
64,0.407059,0.537718,16005.316406
65,0.343493,0.542284,16254.902344
66,0.285904,0.542139,16504.517578
67,0.251440,0.546769,16754.033203
68,0.208981,0.546100,17003.550781
69,0.177969,0.547052,17253.142578
70,0.156400,0.542082,17502.673828
71,0.154122,0.514831,17752.269531
72,0.168968,0.511021,18001.798828
73,0.211806,0.533315,18251.392578
74,0.236726,0.546802,18500.968750
75,0.235885,0.549920,18750.498047
76,0.234669,0.556292,19000.054688
77,0.228990,0.558036,19266.378906
78,0.222795,0.556607,19515.878906
79,0.200497,0.543707,19765.500000
80,0.178824,0.511843,20015.005859
81,0.171064,0.496796,20264.585938
82,0.158018,0.478687,20514.121094
83,0.137381,0.444180,20763.679688
84,0.129142,0.455552,21013.230469
85,0.128980,0.466420,21262.783203
86,0.137448,0.472275,21512.349609
87,0.178270,0.478023,21761.921875
88,0.224103,0.421065,22011.546875
89,0.259400,0.387812,22261.082031
90,0.304967,0.420839,22510.615234
91,0.346645,0.454133,22760.162109
92,0.360144,0.480841,23009.765625
93,0.360165,0.493210,23259.337891
94,0.359064,0.503370,23508.843750
95,0.364876,0.508829,23758.513672
96,0.370512,0.509819,24007.984375
97,0.370304,0.512325,24257.550781
98,0.371985,0.508960,24507.138672
99,0.376408,0.507799,24756.703125
0,0.749785,0.540409,0.011369
1,0.749358,0.540874,266.215302
2,0.741795,0.538990,515.805725
3,0.714041,0.512545,765.367065
4,0.688358,0.479947,1015.003479
5,0.686494,0.451592,1264.512939
6,0.687674,0.445395,1514.069092
7,0.687754,0.450927,1763.628296
8,0.662216,0.469001,2013.197021
9,0.616301,0.498476,2262.773926
10,0.593867,0.513531,2512.347412
11,0.599757,0.516656,2761.854980
12,0.621758,0.523481,3011.423828
13,0.654122,0.540302,3260.972656
14,0.689854,0.557242,3510.556152
15,0.697860,0.566257,3760.135010
16,0.664893,0.575421,4009.776855
17,0.608899,0.587935,4259.321777
18,0.573829,0.599306,4508.801758
19,0.572717,0.611312,4758.418945
20,0.573359,0.611372,5007.947266
21,0.577817,0.609792,5257.524902
22,0.581302,0.610950,5507.049805
23,0.581902,0.612301,5756.629395
24,0.569114,0.597513,6006.175293
25,0.552905,0.534453,6255.765137
26,0.555573,0.490705,6505.343262
27,0.556963,0.488989,6754.895020
28,0.582360,0.479367,7004.449707
29,0.660819,0.450624,7254.016113
30,0.747620,0.432890,7503.565430
31,0.826187,0.462584,7753.140137
32,0.894416,0.485588,8002.713867
33,0.962896,0.501633,8252.253906
34,0.000575,0.515247,8501.828125
35,0.051288,0.520939,8751.414062
36,0.092358,0.538639,9000.988281
37,0.112431,0.548395,9250.537109
38,0.131659,0.542797,9500.080078
39,0.162524,0.538518,9766.275391
40,0.179350,0.527274,10015.865234
41,0.186475,0.518355,10265.421875
42,0.178175,0.515098,10514.980469
43,0.167979,0.506304,10764.541992
44,0.163972,0.503709,11014.107422
45,0.165620,0.510855,11263.654297
46,0.163390,0.514857,11513.226562
47,0.149503,0.514019,11762.804688
48,0.137187,0.515817,12012.345703
49,0.117712,0.517269,12261.958984
50,0.069014,0.512828,12511.482422
51,0.015836,0.493787,12761.062500
52,0.958273,0.478704,13010.598633
53,0.906314,0.490099,13260.183594
54,0.874089,0.497791,13509.734375
55,0.819866,0.497016,13759.321289
56,0.731676,0.485393,14008.872070
57,0.670151,0.488661,14258.435547
58,0.631567,0.488884,14508.014648
59,0.589238,0.490213,14757.558594
60,0.566687,0.509768,15007.141602
61,0.572350,0.497740,15256.705078
62,0.580692,0.481395,15506.256836
63,0.584339,0.477707,15755.807617
64,0.585217,0.474069,16005.378906
65,0.582404,0.497366,16254.952148
66,0.572861,0.492841,16504.507812
67,0.566118,0.508824,16754.068359
68,0.564860,0.507776,17003.642578
69,0.563301,0.498579,17253.191406
70,0.567316,0.500721,17502.748047
71,0.576695,0.506366,17752.322266
72,0.583736,0.516619,18001.902344
73,0.586993,0.519194,18251.464844
74,0.591709,0.527071,18501.013672
75,0.597187,0.532906,18750.591797
76,0.599699,0.533529,19000.164062
77,0.599099,0.535136,19266.382812
78,0.597626,0.534182,19515.927734
79,0.596191,0.534158,19765.494141
80,0.594921,0.532712,20015.054688
81,0.594752,0.533206,20264.617188
82,0.593839,0.533122,20514.166016
83,0.593436,0.532556,20763.724609
84,0.597674,0.524046,21013.300781
85,0.628284,0.507643,21262.865234
86,0.663572,0.491283,21512.472656
87,0.677078,0.489104,21762.009766
88,0.680161,0.494516,22011.582031
89,0.684360,0.499157,22261.136719
90,0.683865,0.502126,22510.679688
91,0.675929,0.506045,22760.261719
92,0.659574,0.511642,23009.794922
93,0.600954,0.510998,23259.365234
94,0.521464,0.511384,23508.937500
95,0.457773,0.515218,23758.496094
96,0.411240,0.518137,24008.058594
97,0.378438,0.531050,24257.623047
98,0.361286,0.548584,24507.191406
99,0.361607,0.556961,24756.761719
0,0.741562,0.505397,-0.036024
1,0.727284,0.511813,266.154144
2,0.706433,0.524138,515.782654
3,0.690471,0.532990,765.385681
4,0.692354,0.533645,1014.912415
5,0.695765,0.535630,1264.442139
6,0.682779,0.548696,1514.046265
7,0.632372,0.547478,1763.593872
8,0.596290,0.532219,2013.116455
9,0.583702,0.524458,2262.687012
10,0.576681,0.511800,2512.238281
11,0.561143,0.499310,2761.863281
12,0.541241,0.485897,3011.408691
13,0.522831,0.484594,3260.953857
14,0.509217,0.497576,3510.591797
15,0.513779,0.519810,3760.152588
16,0.552865,0.539001,4009.652344
17,0.615438,0.558789,4259.197754
18,0.654310,0.553328,4508.851562
19,0.693274,0.528884,4758.314941
20,0.704424,0.502700,5007.946777
21,0.699035,0.497493,5257.475586
22,0.681570,0.488938,5507.126953
23,0.639514,0.483212,5756.605957
24,0.522939,0.488581,6006.223633
25,0.400226,0.485566,6255.744141
26,0.355505,0.487546,6505.268066
27,0.325206,0.501149,6754.880371
28,0.290682,0.509632,7004.420410
29,0.263396,0.512566,7253.994141
30,0.243257,0.517318,7503.517090
31,0.223987,0.518667,7753.161621
32,0.209675,0.512971,8002.701660
33,0.196008,0.507524,8252.240234
34,0.176548,0.510556,8501.791016
35,0.147564,0.524720,8751.384766
36,0.127561,0.533854,9000.945312
37,0.130433,0.535497,9250.466797
38,0.179015,0.543014,9500.058594
39,0.232608,0.551689,9766.290039
40,0.311647,0.559333,10015.833008
41,0.379184,0.551206,10265.377930
42,0.440356,0.532022,10514.937500
43,0.491699,0.440862,10764.500977
44,0.557113,0.362508,11014.109375
45,0.613730,0.320442,11263.690430
46,0.671616,0.288306,11513.217773
47,0.738743,0.265434,11762.780273
48,0.792585,0.264718,12012.309570
49,0.834657,0.274829,12261.919922
50,0.869407,0.288240,12511.476562
51,0.902728,0.307538,12761.037109
52,0.928486,0.324798,13010.574219
53,0.947033,0.334058,13260.249023
54,0.964048,0.342678,13509.701172
55,0.982619,0.383060,13759.258789
56,0.001920,0.439806,14008.854492
57,0.014022,0.478951,14258.429688
58,0.037610,0.500140,14507.969727
59,0.062866,0.501005,14757.506836
60,0.051979,0.500405,15007.181641
61,0.981656,0.505378,15256.646484
62,0.950122,0.578812,15506.218750
63,0.941748,0.680086,15755.799805
64,0.940590,0.721187,16005.426758
65,0.053296,0.709071,16254.919922
66,0.107007,0.706496,16504.462891
67,0.108940,0.736046,16754.056641
68,0.098969,0.741817,17003.591797
69,0.071255,0.719114,17253.201172
70,0.009953,0.674316,17502.742188
71,0.875946,0.624681,17752.328125
72,0.736189,0.607085,18001.876953
73,0.678190,0.634501,18251.445312
74,0.645508,0.651090,18500.970703
75,0.617475,0.647026,18750.556641
76,0.582997,0.634110,19000.085938
77,0.552351,0.620161,19266.330078
78,0.527453,0.608238,19515.873047
79,0.506475,0.586732,19765.500000
80,0.494833,0.554259,20015.021484
81,0.513819,0.512625,20264.591797
82,0.560156,0.493855,20514.111328
83,0.591217,0.500784,20763.724609
84,0.598814,0.514673,21013.289062
85,0.587581,0.521832,21262.869141
86,0.570449,0.527133,21512.394531
87,0.553605,0.530026,21761.994141
88,0.538481,0.531946,22011.525391
89,0.529263,0.532677,22261.123047
90,0.524195,0.532168,22510.675781
91,0.516012,0.533084,22760.224609
92,0.509781,0.533183,23009.818359
93,0.513619,0.520728,23259.361328
94,0.525833,0.496197,23508.908203
95,0.542160,0.487114,23758.455078
96,0.560407,0.485107,24008.111328
97,0.588920,0.495645,24257.615234
98,0.621996,0.507031,24507.154297
99,0.642066,0.509817,24756.712891
0,0.749541,0.565772,0.002644
1,0.747484,0.569018,266.216858
2,0.744783,0.568958,515.852417
3,0.732215,0.569408,765.283569
4,0.689568,0.564935,1014.892151
5,0.643523,0.567239,1264.481934
6,0.616024,0.567521,1514.020996
7,0.599147,0.567729,1763.592896
8,0.591807,0.561205,2013.143433
9,0.585304,0.552292,2262.734131
10,0.560552,0.542470,2512.226807
11,0.519798,0.531013,2761.914795
12,0.498203,0.523193,3011.367676
13,0.490787,0.532725,3260.922119
14,0.481385,0.552989,3510.529785
15,0.479613,0.559640,3760.142090
16,0.487246,0.572663,4009.713135
17,0.494164,0.607284,4259.211426
18,0.500723,0.620354,4508.836426
19,0.520633,0.620845,4758.345215
20,0.553497,0.620018,5007.889648
21,0.603300,0.614025,5257.493164
22,0.645021,0.602379,5507.030273
23,0.665424,0.595119,5756.630859
24,0.676361,0.592337,6006.124023
25,0.688508,0.591341,6255.752441
26,0.730553,0.595435,6505.281250
27,0.793433,0.604032,6754.809082
28,0.840826,0.603987,7004.460449
29,0.921713,0.597158,7253.979980
30,0.997254,0.585008,7503.529297
31,0.035133,0.581507,7753.098633
32,0.064059,0.569339,8002.695801
33,0.106910,0.564077,8252.263672
34,0.144573,0.560253,8501.803711
35,0.178554,0.564045,8751.378906
36,0.199583,0.568966,9000.950195
37,0.210788,0.589348,9250.494141
38,0.215620,0.625091,9500.070312
39,0.227883,0.628362,9766.218750
40,0.252106,0.600223,10015.846680
41,0.252088,0.590883,10265.405273
42,0.218663,0.573465,10514.964844
43,0.165263,0.533740,10764.539062
44,0.136755,0.497031,11014.098633
45,0.142989,0.489012,11263.677734
46,0.150003,0.494979,11513.195312
47,0.164775,0.502292,11762.757812
48,0.185933,0.501395,12012.425781
49,0.201130,0.498690,12261.909180
50,0.208509,0.496475,12511.509766
51,0.207780,0.505067,12761.041992
52,0.191421,0.509348,13010.683594
53,0.163929,0.517219,13260.135742
54,0.123354,0.521295,13509.703125
55,0.083543,0.527254,13759.279297
56,0.063517,0.544593,14008.831055
57,0.046336,0.539681,14258.426758
58,0.027022,0.531583,14507.987305
59,0.009079,0.511337,14757.541992
60,0.987393,0.454663,15007.099609
61,0.972870,0.407618,15256.763672
62,0.958910,0.371279,15506.305664
63,0.953624,0.371234,15755.784180
64,0.947391,0.385490,16005.344727
65,0.941696,0.436414,16254.968750
66,0.939466,0.495796,16504.470703
67,0.928946,0.522736,16754.031250
68,0.916837,0.533972,17003.603516
69,0.911412,0.540479,17253.212891
70,0.906980,0.539463,17502.824219
71,0.903450,0.543865,17752.302734
72,0.891546,0.551018,18001.851562
73,0.868202,0.545686,18251.449219
74,0.847368,0.579259,18500.976562
75,0.827395,0.595277,18750.634766
76,0.790654,0.595448,19000.101562
77,0.749198,0.588335,19266.337891
78,0.701723,0.580409,19515.966797
79,0.671620,0.561015,19765.466797
80,0.655075,0.547878,20015.031250
81,0.667264,0.541733,20264.597656
82,0.676771,0.543974,20514.115234
83,0.651473,0.542584,20763.707031
84,0.625186,0.530947,21013.244141
85,0.609292,0.540006,21262.873047
86,0.527926,0.553329,21512.406250
87,0.425923,0.559383,21761.996094
88,0.384519,0.562053,22011.527344
89,0.362473,0.569373,22261.064453
90,0.357099,0.569073,22510.681641
91,0.362707,0.562538,22760.236328
92,0.372102,0.554232,23009.763672
93,0.372108,0.548826,23259.335938
94,0.377386,0.548531,23508.960938
95,0.382038,0.550869,23758.457031
96,0.385613,0.554472,24008.023438
97,0.390022,0.557709,24257.677734
98,0.402504,0.558599,24507.187500
99,0.419740,0.554794,24756.750000
0,0.754494,0.620214,0.013895
1,0.740979,0.609055,266.155396
2,0.678773,0.592780,515.796265
3,0.654168,0.562537,765.263977
4,0.667939,0.521389,1014.864258
5,0.665874,0.493570,1264.501099
6,0.659875,0.479914,1513.968018
7,0.623486,0.491425,1763.675781
8,0.586670,0.503672,2013.219360
9,0.574341,0.502861,2262.708984
10,0.552354,0.511607,2512.265625
11,0.536886,0.522376,2761.879639
12,0.545052,0.522191,3011.378662
13,0.522723,0.515871,3277.563477
14,0.493160,0.502348,3510.443604
15,0.465088,0.479916,3760.095215
16,0.431784,0.463423,4009.549072
17,0.416484,0.471224,4259.230957
18,0.454729,0.488551,4508.802246
19,0.497219,0.472863,4758.330078
20,0.513932,0.465083,5007.945801
21,0.518748,0.465090,5257.421875
22,0.521514,0.467025,5507.094238
23,0.524480,0.472015,5756.565430
24,0.524590,0.476387,6006.183594
25,0.524756,0.485590,6255.644531
26,0.524889,0.494661,6505.316895
27,0.516110,0.511320,6838.015137
28,0.486817,0.517085,7087.513184
29,0.448471,0.523771,7337.154297
30,0.394811,0.529180,7570.016602
31,0.355111,0.531284,7819.632812
32,0.337713,0.539947,8052.517578
33,0.309983,0.544659,8302.136719
34,0.269438,0.564018,8551.714844
35,0.258649,0.593033,8801.229492
36,0.266339,0.595871,9050.827148
37,0.310353,0.581455,9316.998047
38,0.352922,0.545749,9549.947266
39,0.376473,0.534135,9799.497070
40,0.392281,0.536964,10049.110352
41,0.395084,0.543906,10298.577148
42,0.394491,0.550389,10548.221680
43,0.388940,0.550763,10797.735352
44,0.391825,0.520871,11030.715820
45,0.380576,0.447633,11296.791992
46,0.324537,0.434079,11546.426758
47,0.258247,0.476313,11779.324219
48,0.202799,0.542765,12028.898438
49,0.173371,0.561734,12278.537109
50,0.134328,0.558084,12511.408203
51,0.106866,0.562284,12761.015625
52,0.135643,0.568711,13010.547852
53,0.186299,0.579647,13260.178711
54,0.225355,0.591984,13509.690430
55,0.229218,0.595824,13759.291016
56,0.271530,0.609116,14008.765625
57,0.398550,0.593755,14258.375000
58,0.478394,0.591914,14507.896484
59,0.485926,0.601484,14757.492188
60,0.398967,0.616959,15006.971680
61,0.262019,0.610684,15256.651367
62,0.235148,0.607877,15539.521484
63,0.226911,0.670501,15788.982422
64,0.220586,0.685912,16038.606445
65,0.231836,0.655929,16288.077148
66,0.233332,0.609974,16521.074219
67,0.219266,0.581463,16770.589844
68,0.216671,0.547421,17020.210938
69,0.210058,0.555886,17253.066406
70,0.206983,0.563719,17536.009766
71,0.203723,0.563035,17768.833984
72,0.197370,0.560765,18018.470703
73,0.195156,0.561889,18268.078125
74,0.194048,0.557594,18517.589844
75,0.193943,0.544199,18750.462891
76,0.211097,0.560607,19000.035156
77,0.214313,0.550356,19266.273438
78,0.205715,0.518528,19515.820312
79,0.203152,0.503300,19765.445312
80,0.200559,0.492968,20014.925781
81,0.203906,0.486919,20264.525391
82,0.212641,0.481388,20514.005859
83,0.226090,0.478645,20763.621094
84,0.241722,0.481019,21013.167969
85,0.267421,0.486535,21262.779297
86,0.318973,0.492944,21595.519531
87,0.366374,0.482216,21845.158203
88,0.412589,0.469736,22094.638672
89,0.457783,0.453343,22327.666016
90,0.507568,0.446478,22560.519531
91,0.561287,0.454299,22810.117188
92,0.597512,0.467182,23059.593750
93,0.622099,0.482212,23292.607422
94,0.631299,0.505908,23542.107422
95,0.636491,0.521116,23791.730469
96,0.657912,0.521246,24041.218750
97,0.683791,0.523318,24274.117188
98,0.701213,0.522823,24523.718750
99,0.713146,0.532181,24773.308594
0,0.750115,0.463552,0.007049
1,0.749371,0.463965,266.182556
2,0.731301,0.477835,515.845947
3,0.706447,0.513039,765.319031
4,0.696945,0.539972,1014.871887
5,0.697098,0.542482,1264.500122
6,0.693578,0.532116,1514.083496
7,0.683636,0.505887,1763.535767
8,0.679640,0.479685,2013.148438
9,0.683385,0.470167,2262.709229
10,0.685233,0.464478,2512.259521
11,0.683378,0.461972,2761.800537
12,0.667035,0.459288,3011.401611
13,0.640447,0.454693,3261.055908
14,0.616867,0.455627,3510.499023
15,0.606816,0.451930,3760.119629
16,0.601823,0.455449,4009.682129
17,0.595050,0.495171,4259.199219
18,0.588114,0.547052,4508.757812
19,0.580386,0.554978,4758.332031
20,0.567408,0.550958,5007.869629
21,0.558002,0.547395,5257.444824
22,0.536793,0.541479,5507.009277
23,0.513320,0.524898,5756.603027
24,0.500688,0.491525,6006.146484
25,0.495558,0.474107,6255.699219
26,0.487773,0.458392,6505.266113
27,0.453888,0.414418,6754.823730
28,0.432866,0.353561,7004.419922
29,0.430219,0.306687,7253.962891
30,0.441018,0.238342,7503.513672
31,0.461695,0.188372,7753.101562
32,0.522417,0.173890,8002.679688
33,0.593031,0.176160,8252.219727
34,0.629836,0.180384,8501.811523
35,0.601578,0.169697,8751.356445
36,0.506856,0.167502,9000.907227
37,0.411822,0.204721,9250.474609
38,0.355673,0.239899,9500.019531
39,0.298965,0.284210,9766.230469
40,0.252038,0.338126,10015.815430
41,0.222367,0.381244,10265.386719
42,0.200373,0.404548,10514.931641
43,0.186628,0.425047,10764.514648
44,0.182968,0.453466,11014.066406
45,0.140324,0.469910,11263.644531
46,0.087761,0.473238,11513.182617
47,0.062258,0.473709,11762.760742
48,0.049030,0.484580,12012.320312
49,0.033325,0.502089,12261.878906
50,0.006969,0.541434,12511.422852
51,0.009404,0.544837,12761.029297
52,0.024158,0.525208,13010.555664
53,0.060050,0.492650,13260.135742
54,0.138268,0.487042,13509.703125
55,0.220573,0.491227,13759.257812
56,0.261210,0.496986,14008.834961
57,0.297323,0.498810,14258.417969
58,0.336001,0.505340,14507.942383
59,0.352387,0.504012,14757.521484
60,0.359804,0.504270,15007.064453
61,0.378122,0.498539,15256.650391
62,0.419187,0.493245,15506.215820
63,0.452068,0.490225,15755.781250
64,0.466216,0.488496,16005.339844
65,0.480300,0.488567,16254.918945
66,0.502682,0.508690,16504.476562
67,0.531900,0.548254,16754.027344
68,0.557254,0.556489,17003.583984
69,0.579737,0.556811,17253.146484
70,0.602790,0.558812,17502.730469
71,0.647288,0.559277,17752.292969
72,0.695037,0.558818,18001.839844
73,0.719756,0.559042,18251.402344
74,0.737417,0.559881,18500.994141
75,0.798849,0.575237,18750.527344
76,0.844616,0.568165,19000.097656
77,0.889521,0.566334,19266.308594
78,0.919445,0.568892,19515.863281
79,0.899164,0.568314,19765.427734
80,0.870661,0.568177,20014.982422
81,0.857704,0.566751,20264.548828
82,0.854406,0.564873,20514.117188
83,0.853036,0.560761,20763.703125
84,0.857864,0.538906,21013.261719
85,0.865719,0.518982,21262.808594
86,0.869861,0.513009,21512.376953
87,0.889692,0.502983,21761.939453
88,0.918949,0.490052,22011.498047
89,0.942143,0.482488,22261.064453
90,0.960125,0.480251,22510.648438
91,0.002037,0.482271,22760.185547
92,0.030668,0.490695,23009.773438
93,0.035799,0.494453,23259.316406
94,0.032028,0.497804,23508.914062
95,0.029650,0.500521,23758.447266
96,0.025292,0.499438,24008.023438
97,0.021570,0.496941,24257.580078
98,0.017707,0.492429,24507.130859
99,0.010633,0.479590,24756.710938
0,0.768192,0.566709,-0.047900
1,0.786509,0.555497,266.172455
2,0.782306,0.539625,515.741760
3,0.762030,0.525326,765.295471
4,0.734054,0.516012,1014.840149
5,0.705946,0.524091,1264.499390
6,0.676825,0.524989,1514.000732
7,0.674260,0.498341,1763.520996
8,0.672459,0.493450,2013.078491
9,0.666987,0.501826,2262.762207
10,0.667550,0.517636,2512.273926
11,0.669235,0.547937,2761.815430
12,0.665007,0.540387,3011.464111
13,0.671920,0.493080,3261.015869
14,0.672339,0.494187,3510.473877
15,0.669222,0.494726,3760.063721
16,0.672309,0.499984,4009.683105
17,0.678184,0.510934,4259.154785
18,0.679615,0.517456,4508.740234
19,0.679686,0.522206,4758.288574
20,0.681029,0.518745,5007.898438
21,0.681476,0.515094,5257.410156
22,0.682467,0.461743,5507.017090
23,0.692320,0.437567,5756.634277
24,0.714855,0.435183,6006.132324
25,0.710688,0.453406,6255.711426
26,0.712551,0.464341,6505.275391
27,0.717811,0.474062,6754.845703
28,0.730508,0.488544,7004.361816
29,0.794805,0.536487,7253.968750
30,0.821542,0.552700,7503.562012
31,0.841939,0.526645,7753.154785
32,0.835189,0.490970,8002.663574
33,0.804834,0.455783,8252.257812
34,0.742038,0.466167,8501.738281
35,0.697635,0.486172,8751.305664
36,0.649658,0.510399,9000.980469
37,0.613955,0.521395,9250.473633
38,0.580768,0.529675,9500.072266
39,0.544491,0.530770,9766.310547
40,0.512846,0.531147,10015.807617
41,0.484304,0.523790,10265.409180
42,0.470869,0.508714,10514.910156
43,0.450817,0.496618,10764.452148
44,0.395830,0.507325,11014.077148
45,0.359407,0.524055,11263.637695
46,0.318301,0.544086,11513.267578
47,0.272401,0.557118,11762.696289
48,0.233481,0.560117,12012.343750
49,0.176467,0.545099,12261.891602
50,0.143708,0.534042,12511.421875
51,0.128269,0.521756,12761.066406
52,0.134284,0.496248,13010.537109
53,0.158280,0.426951,13260.177734
54,0.188553,0.387153,13509.649414
55,0.210128,0.375730,13759.305664
56,0.208839,0.392951,14008.796875
57,0.215351,0.393748,14258.365234
58,0.223936,0.396668,14507.958984
59,0.225767,0.398557,14757.507812
60,0.225541,0.403899,15007.153320
61,0.228003,0.405872,15256.596680
62,0.232554,0.404430,15506.210938
63,0.238356,0.408172,15755.741211
64,0.245940,0.414216,16005.319336
65,0.250979,0.415603,16254.867188
66,0.257062,0.413789,16504.472656
67,0.262198,0.417230,16754.035156
68,0.264991,0.415920,17003.580078
69,0.255790,0.416740,17253.138672
70,0.240817,0.432066,17502.683594
71,0.225227,0.441119,17752.285156
72,0.206642,0.449590,18001.839844
73,0.196256,0.455763,18251.392578
74,0.212839,0.461526,18500.949219
75,0.260141,0.464689,18750.515625
76,0.308149,0.482560,19000.111328
77,0.342119,0.501106,19266.283203
78,0.353685,0.514651,19515.843750
79,0.368667,0.520175,19765.468750
80,0.387340,0.525776,20014.957031
81,0.410878,0.518913,20264.529297
82,0.430726,0.517359,20514.123047
83,0.447268,0.514622,20763.636719
84,0.470992,0.504804,21013.222656
85,0.485918,0.503557,21262.802734
86,0.491697,0.509343,21512.355469
87,0.490143,0.519577,21761.919922
88,0.485353,0.532438,22011.507812
89,0.479365,0.545314,22261.046875
90,0.467752,0.549810,22510.593750
91,0.448519,0.554079,22760.152344
92,0.430362,0.555754,23009.828125
93,0.413652,0.554053,23259.289062
94,0.400449,0.555080,23508.863281
95,0.361172,0.547568,23758.464844
96,0.359913,0.551347,24008.001953
97,0.366890,0.551693,24257.546875
98,0.372113,0.543552,24507.109375
99,0.376876,0.532220,24756.724609
0,0.750510,0.502866,-0.012513
1,0.750835,0.503601,266.234833
2,0.749691,0.504791,515.707336
3,0.749439,0.505265,765.280151
4,0.749408,0.506338,1014.887817
5,0.748750,0.506510,1264.425415
6,0.742501,0.507947,1514.045166
7,0.733573,0.510727,1763.586914
8,0.722732,0.510258,2013.134766
9,0.708497,0.512792,2262.657715
10,0.692182,0.515332,2512.311768
11,0.666428,0.518327,2761.781494
12,0.632652,0.521304,3011.380859
13,0.609389,0.520797,3260.968018
14,0.607471,0.520608,3510.603760
15,0.605943,0.518048,3760.092041
16,0.572176,0.515587,4009.604004
17,0.533131,0.516737,4259.244141
18,0.517243,0.518565,4508.731445
19,0.504238,0.515397,4758.303711
20,0.492807,0.507647,5007.931152
21,0.471331,0.486610,5257.418457
22,0.451312,0.466894,5507.107422
23,0.438257,0.471454,5756.568359
24,0.415488,0.490632,6006.199707
25,0.390772,0.509279,6255.720703
26,0.380220,0.513064,6505.245605
27,0.389660,0.513221,6754.840332
28,0.417825,0.520398,7004.370605
29,0.447301,0.526403,7253.960449
30,0.469292,0.524475,7503.512207
31,0.484674,0.524723,7753.102539
32,0.501599,0.523642,8002.647949
33,0.518809,0.521581,8252.232422
34,0.535091,0.521339,8501.765625
35,0.550580,0.519920,8751.341797
36,0.582320,0.519205,9000.891602
37,0.669369,0.514716,9250.461914
38,0.778874,0.503096,9500.004883
39,0.863123,0.490900,9766.216797
40,0.924194,0.488272,10015.772461
41,0.957370,0.488165,10265.355469
42,0.970939,0.492617,10514.926758
43,0.967739,0.501470,10764.490234
44,0.965872,0.505484,11014.044922
45,0.973466,0.510332,11263.617188
46,0.990350,0.542032,11513.170898
47,0.008839,0.541920,11762.733398
48,0.041830,0.533092,12012.287109
49,0.083683,0.517513,12261.867188
50,0.112312,0.513317,12511.451172
51,0.139311,0.525957,12761.009766
52,0.167339,0.540964,13010.552734
53,0.173269,0.545971,13260.114258
54,0.168000,0.539208,13509.701172
55,0.165068,0.533350,13759.252930
56,0.164454,0.532284,14008.819336
57,0.164065,0.533394,14258.404297
58,0.162881,0.533193,14507.941406
59,0.159209,0.532285,14757.512695
60,0.136325,0.523214,15007.076172
61,0.100316,0.511214,15256.653320
62,0.066705,0.517596,15506.192383
63,0.039444,0.515931,15755.770508
64,0.004649,0.493201,16005.313477
65,0.970671,0.471179,16254.916016
66,0.950163,0.490772,16504.451172
67,0.935023,0.514536,16754.050781
68,0.923585,0.527448,17003.580078
69,0.919737,0.533159,17253.126953
70,0.913786,0.537819,17502.714844
71,0.908339,0.540952,17752.265625
72,0.894848,0.539925,18001.826172
73,0.875970,0.536700,18251.392578
74,0.835417,0.537920,18500.962891
75,0.782391,0.531601,18750.511719
76,0.752250,0.530831,19000.099609
77,0.732471,0.530483,19266.287109
78,0.720838,0.528835,19515.863281
79,0.716694,0.525581,19765.414062
80,0.708501,0.524275,20015.033203
81,0.695743,0.521280,20264.533203
82,0.684098,0.522439,20514.103516
83,0.679878,0.524526,20763.679688
84,0.675716,0.528139,21013.238281
85,0.669083,0.530307,21262.802734
86,0.664523,0.535207,21512.357422
87,0.663572,0.539614,21761.962891
88,0.665622,0.545054,22011.478516
89,0.651512,0.555022,22261.085938
90,0.637545,0.568529,22510.623047
91,0.622942,0.578619,22760.187500
92,0.613896,0.588933,23009.742188
93,0.606949,0.594375,23259.341797
94,0.604235,0.595869,23508.894531
95,0.606583,0.594344,23758.460938
96,0.607472,0.595013,24008.011719
97,0.607478,0.596146,24257.570312
98,0.603107,0.594576,24507.142578
99,0.562293,0.586132,24756.693359
0,0.750124,0.468802,-0.005910
1,0.750203,0.469308,266.193939
2,0.750076,0.469348,515.823608
3,0.748734,0.468420,765.350098
4,0.743671,0.470133,1014.882141
5,0.738015,0.477727,1264.532593
6,0.729570,0.493274,1514.064941
7,0.721504,0.506943,1763.641235
8,0.714045,0.517492,2013.175415
9,0.705573,0.522587,2262.751465
10,0.697357,0.519775,2512.304932
11,0.690785,0.515861,2761.848877
12,0.682648,0.511906,3011.478271
13,0.672132,0.509911,3261.017822
14,0.662773,0.509311,3510.568359
15,0.656205,0.507436,3760.072998
16,0.647321,0.507555,4009.673340
17,0.635668,0.508013,4259.203613
18,0.619454,0.509287,4508.784668
19,0.601340,0.507621,4758.379395
20,0.584940,0.504472,5008.040527
21,0.567368,0.504084,5257.543945
22,0.546209,0.504168,5507.020508
23,0.526886,0.500068,5756.674805
24,0.514121,0.497702,6006.213379
25,0.507956,0.495659,6255.744629
26,0.497172,0.487323,6505.281250
27,0.484917,0.482260,6754.904297
28,0.471768,0.480556,7004.483398
29,0.461685,0.479854,7253.989258
30,0.448654,0.489114,7503.596191
31,0.435701,0.492179,7753.125488
32,0.425718,0.503012,8002.724121
33,0.412842,0.509510,8252.229492
34,0.402200,0.515802,8501.886719
35,0.388515,0.516464,8751.368164
36,0.370162,0.514884,9000.918945
37,0.349504,0.510941,9250.582031
38,0.326627,0.507126,9500.151367
39,0.302359,0.506510,9766.311523
40,0.286786,0.505862,10032.456055
41,0.285895,0.508869,10265.383789
42,0.299688,0.511604,10515.030273
43,0.318966,0.515027,10764.542969
44,0.338405,0.516129,11014.104492
45,0.356850,0.514830,11263.664062
46,0.369999,0.515366,11513.277344
47,0.385748,0.512226,11762.767578
48,0.392036,0.507743,12012.369141
49,0.389410,0.509090,12261.993164
50,0.363870,0.516156,12511.458984
51,0.324610,0.524941,12761.057617
52,0.294208,0.525586,13010.589844
53,0.266006,0.528540,13260.167969
54,0.242980,0.536842,13509.716797
55,0.216903,0.541767,13759.299805
56,0.195664,0.545058,14008.857422
57,0.179924,0.547514,14258.428711
58,0.182387,0.551013,14507.982422
59,0.184168,0.549822,14757.537109
60,0.179583,0.552210,15007.111328
61,0.172923,0.553514,15256.679688
62,0.163082,0.552997,15506.266602
63,0.153975,0.554379,15755.794922
64,0.149595,0.551928,16005.356445
65,0.149813,0.552024,16254.932617
66,0.150737,0.553420,16504.496094
67,0.149481,0.554105,16754.042969
68,0.144453,0.553543,17003.636719
69,0.134733,0.551934,17253.181641
70,0.123694,0.549633,17502.753906
71,0.118138,0.545891,17752.347656
72,0.113816,0.542539,18001.876953
73,0.108071,0.539646,18251.464844
74,0.105137,0.543740,18501.009766
75,0.110992,0.544028,18750.582031
76,0.119692,0.542914,19000.128906
77,0.119274,0.545862,19266.333984
78,0.106461,0.547403,19515.894531
79,0.081253,0.547153,19765.494141
80,0.047078,0.546517,20015.019531
81,0.018016,0.542991,20264.613281
82,0.992992,0.537185,20514.171875
83,0.975420,0.535368,20763.761719
84,0.964645,0.538377,21013.271484
85,0.949295,0.538908,21262.843750
86,0.934606,0.539240,21512.416016
87,0.932130,0.542261,21761.980469
88,0.936307,0.543634,22011.531250
89,0.936433,0.545998,22261.111328
90,0.934106,0.545608,22510.654297
91,0.936697,0.540607,22760.230469
92,0.939612,0.539275,23009.794922
93,0.946969,0.539940,23259.361328
94,0.959646,0.536878,23508.931641
95,0.979838,0.531316,23758.480469
96,0.023415,0.518197,24008.056641
97,0.069988,0.507602,24257.601562
98,0.103926,0.506474,24507.181641
99,0.123545,0.509995,24756.732422
0,0.750128,0.543754,-0.013180
1,0.748702,0.543718,266.219208
2,0.731134,0.543458,515.755066
3,0.690818,0.542636,765.324341
4,0.663179,0.551226,1014.871643
5,0.656052,0.557834,1264.493408
6,0.648217,0.554466,1513.990845
7,0.652834,0.568592,1763.549561
8,0.648516,0.579450,2013.109741
9,0.613625,0.586628,2262.674072
10,0.593854,0.602666,2512.229736
11,0.579047,0.608444,2761.826660
12,0.592137,0.613298,3011.427002
13,0.637132,0.611741,3260.986816
14,0.663416,0.604373,3510.520020
15,0.674699,0.573593,3760.081543
16,0.688201,0.538802,4009.618164
17,0.696604,0.514759,4259.185547
18,0.693584,0.507869,4508.800781
19,0.681789,0.503903,4758.353027
20,0.651739,0.486849,5007.973145
21,0.648184,0.493442,5257.459961
22,0.660615,0.501617,5507.030273
23,0.693582,0.512743,5773.242188
24,0.711589,0.522001,6006.146973
25,0.726374,0.529732,6255.776367
26,0.737207,0.547492,6505.295898
27,0.737831,0.536256,6754.912109
28,0.748830,0.527128,7004.381348
29,0.837849,0.537441,7253.996094
30,0.923604,0.536311,7503.571777
31,0.924643,0.549815,7753.088379
32,0.925742,0.548099,8002.733887
33,0.936854,0.541048,8252.238281
34,0.925470,0.564207,8501.805664
35,0.904018,0.583110,8751.323242
36,0.934322,0.584644,9000.949219
37,0.996866,0.568728,9250.484375
38,0.048895,0.551297,9500.046875
39,0.074618,0.520006,9766.241211
40,0.059155,0.462768,10015.878906
41,0.042128,0.404010,10265.355469
42,0.028114,0.375539,10514.945312
43,0.022376,0.364272,10764.492188
44,0.025121,0.369981,11014.147461
45,0.073249,0.391237,11263.600586
46,0.144698,0.442721,11513.180664
47,0.203683,0.477837,11762.788086
48,0.220533,0.469886,12012.364258
49,0.216590,0.473328,12261.894531
50,0.213434,0.473024,12511.421875
51,0.215912,0.512218,12761.018555
52,0.222991,0.551573,13010.542969
53,0.273724,0.548531,13260.123047
54,0.298503,0.549450,13509.715820
55,0.312050,0.550835,13759.281250
56,0.323960,0.550572,14008.832031
57,0.349265,0.552822,14258.372070
58,0.357001,0.548652,14507.977539
59,0.331024,0.547478,14757.548828
60,0.252693,0.541493,15007.107422
61,0.183069,0.537331,15256.660156
62,0.150536,0.540003,15506.213867
63,0.128255,0.541953,15755.762695
64,0.109024,0.538943,16005.326172
65,0.060835,0.535683,16254.928711
66,0.017841,0.538256,16504.480469
67,0.007659,0.547303,16754.046875
68,0.998926,0.549199,17003.621094
69,0.003185,0.551738,17253.292969
70,0.011723,0.552798,17502.710938
71,0.016453,0.552571,17752.285156
72,0.020727,0.552165,18001.835938
73,0.032343,0.553030,18251.410156
74,0.059934,0.550419,18501.048828
75,0.086311,0.547051,18750.517578
76,0.102356,0.546578,19000.175781
77,0.124486,0.546796,19266.371094
78,0.145976,0.547832,19515.847656
79,0.151682,0.547283,19765.423828
80,0.161477,0.522597,20015.029297
81,0.170380,0.504825,20264.574219
82,0.184779,0.441987,20514.191406
83,0.201193,0.369592,20763.748047
84,0.214698,0.354018,21013.326172
85,0.232138,0.350221,21262.826172
86,0.275438,0.374147,21512.369141
87,0.317987,0.417690,21761.917969
88,0.343294,0.458489,22011.490234
89,0.359436,0.481652,22261.052734
90,0.382326,0.497831,22510.660156
91,0.407597,0.520773,22760.207031
92,0.432424,0.533196,23009.800781
93,0.453681,0.543904,23259.320312
94,0.466182,0.542854,23508.978516
95,0.474097,0.541370,23758.429688
96,0.478774,0.539764,24008.044922
97,0.478534,0.540962,24257.597656
98,0.475811,0.543960,24507.160156
99,0.473055,0.546169,24756.751953
0,0.748250,0.533526,0.013525
1,0.746832,0.533662,266.230072
2,0.729704,0.514663,515.742493
3,0.712708,0.496724,765.363342
4,0.702929,0.503381,1014.873108
5,0.685437,0.519264,1264.539795
6,0.667996,0.532876,1514.040405
7,0.648264,0.531485,1763.578857
8,0.634211,0.531280,2013.182495
9,0.623585,0.530243,2262.697021
10,0.607866,0.531132,2512.353516
11,0.592374,0.532104,2761.826416
12,0.580537,0.530780,3011.488525
13,0.567449,0.530346,3260.991943
14,0.556643,0.531639,3510.610352
15,0.551297,0.531620,3760.095459
16,0.551579,0.528076,4009.630859
17,0.561899,0.527026,4259.250977
18,0.561596,0.523875,4508.812012
19,0.553749,0.516419,4758.366699
20,0.535292,0.494149,5007.924316
21,0.515568,0.486969,5257.561035
22,0.494820,0.480089,5507.011719
23,0.477314,0.479995,5756.579102
24,0.460310,0.480741,6006.206055
25,0.442438,0.484281,6255.826660
26,0.429317,0.483277,6505.369141
27,0.419614,0.484394,6754.846191
28,0.392026,0.497109,7004.506836
29,0.381044,0.516754,7253.962891
30,0.412511,0.527251,7503.551270
31,0.459345,0.506659,7753.145020
32,0.490097,0.452416,8002.716797
33,0.499005,0.375143,8252.330078
34,0.512249,0.308962,8501.795898
35,0.544770,0.252765,8751.421875
36,0.588960,0.224186,9000.929688
37,0.648074,0.225025,9250.482422
38,0.688756,0.227869,9500.112305
39,0.708171,0.201699,9766.346680
40,0.745074,0.187056,10015.907227
41,0.797735,0.180690,10265.409180
42,0.860077,0.188740,10514.929688
43,0.900580,0.205007,10764.619141
44,0.924951,0.214819,11014.108398
45,0.968683,0.226125,11263.637695
46,0.013918,0.247918,11513.234375
47,0.037613,0.270856,11762.803711
48,0.058652,0.298840,12012.373047
49,0.073675,0.335814,12261.929688
50,0.078211,0.375624,12511.551758
51,0.077018,0.403106,12761.011719
52,0.039946,0.448776,13010.568359
53,0.030831,0.472355,13260.204102
54,0.052077,0.476671,13509.755859
55,0.083699,0.474263,13759.291016
56,0.115713,0.477797,14008.832031
57,0.145620,0.480775,14258.436523
58,0.169862,0.488936,14508.014648
59,0.198584,0.503811,14757.531250
60,0.237491,0.532216,15007.193359
61,0.266214,0.546276,15256.674805
62,0.265325,0.550412,15506.248047
63,0.246910,0.537381,15755.795898
64,0.224129,0.531797,16005.406250
65,0.219894,0.534916,16254.949219
66,0.209491,0.538163,16504.460938
67,0.200356,0.536390,16754.068359
68,0.189112,0.521242,17003.699219
69,0.173594,0.479417,17253.189453
70,0.175868,0.443089,17502.720703
71,0.228040,0.455734,17752.341797
72,0.290951,0.499289,18001.953125
73,0.316688,0.512115,18251.505859
74,0.337181,0.510061,18501.027344
75,0.358022,0.507718,18750.570312
76,0.371503,0.516100,19000.138672
77,0.360443,0.553464,19266.361328
78,0.336326,0.633488,19515.919922
79,0.315272,0.694297,19765.486328
80,0.293814,0.738342,20015.107422
81,0.255487,0.817767,20264.593750
82,0.209571,0.842186,20514.203125
83,0.176967,0.853396,20763.820312
84,0.207210,0.887303,21013.306641
85,0.297470,0.903453,21262.830078
86,0.344776,0.905993,21512.484375
87,0.323906,0.906635,21762.007812
88,0.256338,0.859734,22011.576172
89,0.214462,0.740230,22261.103516
90,0.207550,0.639692,22510.718750
91,0.207568,0.566723,22760.251953
92,0.195212,0.516630,23009.777344
93,0.179572,0.468620,23259.402344
94,0.168628,0.428193,23508.941406
95,0.149704,0.404179,23758.453125
96,0.124579,0.379377,24008.068359
97,0.108989,0.362150,24257.636719
98,0.095138,0.351399,24507.183594
99,0.088783,0.336750,24756.707031
0,0.750405,0.639033,-0.046420
1,0.750377,0.637964,266.137878
2,0.751596,0.636613,515.743835
3,0.783552,0.615899,765.283203
4,0.866133,0.573572,1014.863281
5,0.937530,0.556880,1264.430542
6,0.956199,0.554054,1514.029419
7,0.933948,0.531307,1763.547974
8,0.869344,0.455464,2013.119263
9,0.773295,0.397743,2262.660156
10,0.700599,0.406579,2512.242676
11,0.669189,0.425455,2761.781494
12,0.654948,0.441229,3011.392334
13,0.668768,0.422304,3260.966309
14,0.680387,0.412509,3510.448242
15,0.680981,0.406860,3760.009033
16,0.679861,0.407411,4009.658203
17,0.675662,0.418921,4259.184570
18,0.674701,0.423119,4508.710449
19,0.673705,0.426751,4758.355957
20,0.671953,0.430802,5007.937012
21,0.665799,0.431328,5257.517090
22,0.654881,0.434300,5506.960938
23,0.641894,0.436181,5756.600586
24,0.634187,0.436646,6006.116211
25,0.627300,0.437485,6255.671875
26,0.621189,0.439520,6505.333008
27,0.614596,0.444620,6754.768066
28,0.607275,0.457223,7004.383301
29,0.591096,0.478903,7253.957031
30,0.575173,0.501436,7503.585938
31,0.562556,0.502626,7753.085938
32,0.526879,0.510354,8002.637207
33,0.492482,0.506061,8252.180664
34,0.468056,0.501450,8501.721680
35,0.425064,0.506763,8751.380859
36,0.396105,0.513106,9000.859375
37,0.368379,0.542284,9250.448242
38,0.338913,0.577808,9516.726562
39,0.329122,0.581123,9766.204102
40,0.318498,0.579433,10015.787109
41,0.288729,0.580483,10265.333008
42,0.253044,0.586381,10514.913086
43,0.221988,0.582102,10764.450195
44,0.224297,0.581186,11014.001953
45,0.251806,0.605407,11263.598633
46,0.269967,0.617960,11513.174805
47,0.291402,0.627200,11762.687500
48,0.312831,0.639571,12012.281250
49,0.333185,0.649685,12261.847656
50,0.347456,0.657603,12511.378906
51,0.355989,0.655672,12760.946289
52,0.356000,0.652342,13010.547852
53,0.348788,0.649446,13260.080078
54,0.319463,0.632564,13509.680664
55,0.285275,0.601649,13759.258789
56,0.250636,0.570660,14008.841797
57,0.221882,0.535393,14258.329102
58,0.175940,0.514886,14507.909180
59,0.142128,0.516623,14757.523438
60,0.139476,0.521823,15007.074219
61,0.167632,0.503591,15256.617188
62,0.214338,0.483585,15506.162109
63,0.237401,0.482008,15755.753906
64,0.249348,0.469958,16005.287109
65,0.248227,0.441980,16254.858398
66,0.250022,0.420645,16504.398438
67,0.246081,0.426237,16754.109375
68,0.241289,0.431225,17020.166016
69,0.242867,0.427462,17253.111328
70,0.248319,0.429850,17502.687500
71,0.249894,0.431474,17752.224609
72,0.246074,0.433091,18001.814453
73,0.252649,0.431570,18251.373047
74,0.284869,0.430324,18500.912109
75,0.328394,0.442760,18750.523438
76,0.350447,0.463015,19000.080078
77,0.353693,0.476772,19266.257812
78,0.366442,0.470763,19515.820312
79,0.381793,0.453016,19765.369141
80,0.396540,0.448240,20014.947266
81,0.424172,0.440675,20264.552734
82,0.438407,0.441566,20514.095703
83,0.449377,0.441150,20763.675781
84,0.464198,0.439293,21013.230469
85,0.482298,0.440893,21262.871094
86,0.492426,0.443265,21512.339844
87,0.497098,0.439894,21761.941406
88,0.493753,0.438477,22011.449219
89,0.489898,0.439686,22261.111328
90,0.485788,0.461764,22510.593750
91,0.474294,0.474812,22760.146484
92,0.469404,0.488223,23009.750000
93,0.459191,0.500661,23259.287109
94,0.455990,0.503631,23508.847656
95,0.459269,0.518045,23758.410156
96,0.461769,0.527935,24008.058594
97,0.454560,0.515638,24257.558594
98,0.445805,0.516027,24507.099609
99,0.440135,0.516576,24756.656250
0,0.758964,0.523179,-0.010608
1,0.772215,0.525425,266.201263
2,0.752607,0.522433,515.750610
3,0.704602,0.531108,765.363281
4,0.700360,0.540513,1014.844299
5,0.691075,0.540734,1264.399170
6,0.681225,0.541017,1513.963501
7,0.674355,0.540457,1763.617798
8,0.670746,0.538276,2013.204956
9,0.675071,0.532626,2262.661133
10,0.672462,0.524632,2512.248535
11,0.659109,0.522851,2761.860107
12,0.610215,0.519025,3011.352783
13,0.579741,0.515034,3260.921631
14,0.558466,0.516233,3510.573242
15,0.531747,0.514471,3760.035400
16,0.508663,0.511887,4009.612549
17,0.487882,0.513982,4259.209961
18,0.471064,0.520594,4508.831543
19,0.455019,0.524559,4758.361816
20,0.430975,0.529198,5007.901367
21,0.417132,0.545536,5257.453125
22,0.411805,0.546909,5507.055664
23,0.409166,0.555923,5756.572754
24,0.404118,0.558314,6006.125000
25,0.418167,0.550459,6255.748535
26,0.381772,0.567985,6505.274414
27,0.355658,0.588008,6754.835938
28,0.332431,0.599303,7004.365234
29,0.315325,0.607432,7253.984863
30,0.304569,0.611525,7503.540527
31,0.293584,0.616952,7753.109863
32,0.279980,0.626331,8002.694824
33,0.269212,0.639455,8252.260742
34,0.260242,0.654407,8501.809570
35,0.260587,0.687190,8751.407227
36,0.290848,0.783749,9000.919922
37,0.328518,0.836727,9250.465820
38,0.322277,0.839945,9500.069336
39,0.302994,0.828207,9766.237305
40,0.276471,0.816476,10015.854492
41,0.233380,0.755994,10265.390625
42,0.203148,0.710947,10514.951172
43,0.195742,0.672458,10764.505859
44,0.183559,0.640659,11014.062500
45,0.170558,0.615958,11263.593750
46,0.170401,0.572273,11513.194336
47,0.177830,0.542780,11762.783203
48,0.178209,0.530774,12012.300781
49,0.175023,0.528698,12261.883789
50,0.179930,0.527761,12511.456055
51,0.186591,0.533871,12761.011719
52,0.194758,0.569826,13010.575195
53,0.208958,0.579800,13260.158203
54,0.216808,0.583270,13509.698242
55,0.216004,0.581616,13759.322266
56,0.196214,0.581813,14008.821289
57,0.143450,0.589600,14258.438477
58,0.112306,0.596563,14507.967773
59,0.084982,0.595986,14757.500000
60,0.070477,0.593692,15007.162109
61,0.070508,0.595693,15256.632812
62,0.077772,0.595713,15506.306641
63,0.092992,0.595613,15755.750977
64,0.110061,0.592212,16005.370117
65,0.124793,0.589041,16254.904297
66,0.134517,0.585783,16504.435547
67,0.139925,0.592678,16754.048828
68,0.177613,0.598740,17003.673828
69,0.235940,0.594284,17253.166016
70,0.257704,0.588667,17502.687500
71,0.250258,0.625280,17752.345703
72,0.240153,0.644023,18001.849609
73,0.242476,0.644829,18251.414062
74,0.244098,0.636607,18500.994141
75,0.246827,0.633049,18750.574219
76,0.256705,0.637898,19000.087891
77,0.321193,0.635718,19266.291016
78,0.334487,0.622494,19515.876953
79,0.374817,0.594596,19765.431641
80,0.401963,0.578093,20014.998047
81,0.428101,0.573254,20264.558594
82,0.457046,0.563883,20514.099609
83,0.498084,0.552018,20763.658203
84,0.521979,0.550912,21013.263672
85,0.536571,0.541031,21262.810547
86,0.563520,0.535016,21512.365234
87,0.552676,0.580934,21761.931641
88,0.529347,0.621555,22011.513672
89,0.545645,0.621479,22261.083984
90,0.560354,0.623024,22510.625000
91,0.572620,0.629573,22760.195312
92,0.559819,0.635036,23009.750000
93,0.552619,0.632536,23259.332031
94,0.568706,0.628689,23508.873047
95,0.582950,0.595190,23758.439453
96,0.586930,0.574196,24007.996094
97,0.585835,0.582321,24257.603516
98,0.568578,0.595234,24507.121094
99,0.549574,0.595509,24756.693359
0,0.750287,0.511644,-0.004993
1,0.749306,0.513364,266.247925
2,0.743758,0.516625,515.791382
3,0.727534,0.517587,781.973328
4,0.702683,0.520708,1014.919678
5,0.686519,0.524576,1264.555298
6,0.677703,0.526929,1514.039429
7,0.674658,0.533460,1763.589966
8,0.668519,0.542068,2013.220581
9,0.671615,0.546326,2262.798584
10,0.673937,0.547013,2512.338379
11,0.673030,0.547365,2761.839600
12,0.674523,0.544885,3011.449463
13,0.674378,0.538449,3261.004883
14,0.678361,0.530856,3510.538086
15,0.683602,0.528397,3760.164551
16,0.683807,0.529048,4009.760010
17,0.680963,0.525971,4259.235352
18,0.682494,0.517307,4508.790527
19,0.682561,0.512494,4758.414551
20,0.692530,0.512426,5007.958984
21,0.697619,0.513768,5257.474121
22,0.676669,0.518207,5507.144531
23,0.633737,0.523847,5756.685547
24,0.609998,0.523028,6006.241211
25,0.594134,0.526972,6255.746094
26,0.580089,0.530589,6505.298828
27,0.562323,0.531296,6754.962402
28,0.549928,0.531358,7004.435547
29,0.522497,0.543507,7254.076172
30,0.471426,0.560271,7503.543945
31,0.425626,0.554531,7753.167480
32,0.389750,0.549855,8002.687988
33,0.363296,0.553493,8252.339844
34,0.346733,0.567893,8501.813477
35,0.341821,0.570938,8751.412109
36,0.345394,0.556026,9001.036133
37,0.352173,0.544928,9250.575195
38,0.366316,0.551821,9500.126953
39,0.386768,0.568083,9766.305664
40,0.422518,0.560019,10015.830078
41,0.461474,0.549709,10265.422852
42,0.496451,0.542021,10515.038086
43,0.517219,0.538521,10764.514648
44,0.535702,0.538947,11014.121094
45,0.557653,0.541296,11263.751953
46,0.581728,0.546360,11513.280273
47,0.610558,0.563944,11762.790039
48,0.641370,0.561268,12012.388672
49,0.654631,0.561322,12261.918945
50,0.692997,0.551830,12511.499023
51,0.766069,0.536115,12761.070312
52,0.850569,0.529695,13010.614258
53,0.897556,0.541443,13260.211914
54,0.908370,0.590490,13509.739258
55,0.900184,0.607619,13759.325195
56,0.926176,0.613117,14008.884766
57,0.960769,0.678767,14258.442383
58,0.974866,0.738807,14508.000977
59,0.008471,0.767500,14757.546875
60,0.056577,0.786533,15007.140625
61,0.049488,0.824351,15256.687500
62,0.035063,0.839406,15506.250000
63,0.046924,0.842926,15755.808594
64,0.094906,0.795292,16005.385742
65,0.146458,0.715032,16254.936523
66,0.178864,0.632374,16504.505859
67,0.193576,0.567496,16754.078125
68,0.190700,0.535373,17003.626953
69,0.192961,0.518285,17253.179688
70,0.202741,0.508755,17502.767578
71,0.198233,0.494396,17752.337891
72,0.192460,0.492528,18001.888672
73,0.188045,0.486342,18251.437500
74,0.179506,0.482800,18501.001953
75,0.161030,0.474239,18750.597656
76,0.141200,0.464613,19000.144531
77,0.130421,0.469019,19266.337891
78,0.116842,0.472609,19515.890625
79,0.103864,0.473696,19765.460938
80,0.087357,0.477918,20015.046875
81,0.060046,0.481516,20264.585938
82,0.033141,0.484953,20514.150391
83,0.012077,0.486013,20763.738281
84,0.994652,0.485195,21013.291016
85,0.988047,0.487280,21262.859375
86,0.995114,0.492132,21512.406250
87,0.011045,0.495106,21761.976562
88,0.040964,0.497506,22011.546875
89,0.099299,0.494913,22261.093750
90,0.166268,0.498427,22510.667969
91,0.222951,0.501759,22760.240234
92,0.266298,0.516352,23009.804688
93,0.298961,0.531358,23259.376953
94,0.321754,0.532283,23508.968750
95,0.339688,0.528072,23758.527344
96,0.355473,0.526125,24008.046875
97,0.371327,0.525714,24257.632812
98,0.390591,0.525977,24507.199219
99,0.398546,0.525787,24756.750000
0,0.739659,0.430484,0.038952
1,0.715681,0.444133,266.246429
2,0.690065,0.474666,515.792236
3,0.642733,0.522489,765.470581
4,0.589890,0.556045,1014.924072
5,0.559570,0.568941,1264.578369
6,0.550901,0.576938,1514.155884
7,0.580114,0.576538,1763.715210
8,0.636737,0.580114,2013.279175
9,0.683663,0.586563,2262.743652
10,0.706473,0.595880,2512.440674
11,0.698673,0.605410,2761.899414
12,0.660342,0.616487,3011.565674
13,0.632373,0.617900,3260.996582
14,0.620082,0.617456,3510.669922
15,0.613111,0.616044,3760.118164
16,0.602270,0.614799,4009.711914
17,0.588901,0.612419,4259.365234
18,0.578851,0.614333,4508.843750
19,0.554215,0.606223,4758.499512
20,0.532508,0.596817,5007.964844
21,0.522726,0.579355,5257.582520
22,0.526557,0.574494,5507.060059
23,0.542694,0.576891,5756.652344
24,0.546701,0.577168,6006.206543
25,0.550706,0.579679,6255.809570
26,0.556594,0.585187,6505.413574
27,0.559588,0.588243,6754.917969
28,0.570790,0.588143,7004.506836
29,0.581586,0.584373,7254.078125
30,0.588615,0.581017,7503.611328
31,0.583589,0.576614,7753.153320
32,0.522768,0.568672,8002.819336
33,0.473551,0.559835,8252.379883
34,0.435937,0.547677,8501.847656
35,0.402441,0.535784,8751.394531
36,0.386183,0.534241,9001.010742
37,0.380509,0.536776,9250.600586
38,0.352865,0.557791,9500.147461
39,0.320370,0.584279,9766.331055
40,0.310653,0.582315,10015.974609
41,0.316496,0.576328,10265.453125
42,0.386959,0.563387,10514.975586
43,0.461354,0.542087,10764.610352
44,0.475351,0.537439,11014.163086
45,0.463421,0.537927,11263.696289
46,0.437776,0.547747,11513.339844
47,0.394857,0.551959,11762.939453
48,0.345159,0.556848,12012.371094
49,0.292041,0.549106,12261.947266
50,0.236995,0.546290,12511.576172
51,0.194295,0.539180,12761.108398
52,0.172958,0.525531,13010.678711
53,0.163626,0.532514,13260.308594
54,0.158110,0.539126,13509.828125
55,0.152469,0.540258,13759.392578
56,0.146132,0.543197,14008.877930
57,0.130229,0.546522,14258.501953
58,0.110628,0.542852,14508.056641
59,0.088458,0.536273,14757.604492
60,0.068278,0.531411,15007.240234
61,0.052490,0.525616,15256.790039
62,0.055623,0.522565,15506.324219
63,0.068110,0.518095,15755.835938
64,0.080561,0.514475,16005.446289
65,0.093936,0.516921,16254.966797
66,0.109868,0.518134,16504.583984
67,0.126759,0.517383,16754.125000
68,0.137365,0.510399,17003.708984
69,0.154453,0.493178,17253.244141
70,0.182734,0.456430,17502.773438
71,0.191580,0.427077,17752.451172
72,0.194330,0.403672,18002.005859
73,0.200049,0.389819,18251.515625
74,0.202028,0.388722,18501.113281
75,0.206882,0.386817,18750.617188
76,0.249219,0.377096,19000.220703
77,0.294980,0.376280,19266.427734
78,0.336715,0.398832,19515.941406
79,0.369648,0.413060,19765.546875
80,0.405159,0.429479,20015.156250
81,0.439197,0.450755,20264.660156
82,0.462307,0.457492,20514.210938
83,0.489886,0.463574,20763.757812
84,0.530638,0.472772,21013.345703
85,0.571547,0.483549,21262.867188
86,0.606771,0.499681,21512.496094
87,0.616495,0.515211,21762.107422
88,0.604820,0.521968,22011.613281
89,0.588751,0.542844,22261.148438
90,0.572604,0.560766,22510.708984
91,0.571089,0.593781,22760.310547
92,0.616991,0.605748,23009.814453
93,0.673339,0.594741,23259.500000
94,0.719556,0.587792,23508.972656
95,0.733674,0.567123,23758.607422
96,0.751976,0.535539,24008.080078
97,0.763504,0.509514,24257.730469
98,0.806105,0.522956,24507.253906
99,0.823896,0.540164,24756.787109
0,0.750380,0.535577,0.003425
1,0.750290,0.536585,266.194183
2,0.738349,0.532792,515.746155
3,0.716793,0.514920,765.282898
4,0.715312,0.497057,1014.885559
5,0.714404,0.489368,1264.470459
6,0.706203,0.479426,1514.010620
7,0.700246,0.461422,1763.544434
8,0.700222,0.453849,2013.144531
9,0.688428,0.444225,2262.697998
10,0.674815,0.438620,2512.313477
11,0.670200,0.442015,2761.854980
12,0.666722,0.447607,3011.406494
13,0.655578,0.452951,3260.961182
14,0.635883,0.451920,3510.491211
15,0.609530,0.447569,3760.104736
16,0.591142,0.455390,4009.608398
17,0.585913,0.478454,4259.201660
18,0.570536,0.503157,4508.789062
19,0.547323,0.510945,4758.399902
20,0.526886,0.506960,5007.908691
21,0.510742,0.500803,5257.439941
22,0.497519,0.495685,5507.027832
23,0.486223,0.483369,5756.564941
24,0.476260,0.470405,6006.166992
25,0.460904,0.474388,6255.681641
26,0.430428,0.474078,6505.253906
27,0.396015,0.474915,6754.808105
28,0.368106,0.477484,7004.379395
29,0.345649,0.482980,7254.025879
30,0.311724,0.497007,7503.507812
31,0.275492,0.512902,7753.171387
32,0.235111,0.532122,8002.685059
33,0.202262,0.528970,8252.233398
34,0.188114,0.528898,8501.774414
35,0.186586,0.528333,8751.336914
36,0.190653,0.525743,9000.940430
37,0.198221,0.525551,9250.461914
38,0.203462,0.546125,9500.049805
39,0.207318,0.557753,9766.312500
40,0.209040,0.559529,10015.781250
41,0.209148,0.560461,10265.414062
42,0.211183,0.566028,10514.918945
43,0.230829,0.580741,10764.493164
44,0.263836,0.596200,11014.048828
45,0.304056,0.582973,11263.677734
46,0.331140,0.579392,11513.203125
47,0.374078,0.565583,11762.763672
48,0.456911,0.543116,12012.326172
49,0.523510,0.532796,12261.857422
50,0.595074,0.533892,12511.425781
51,0.655240,0.530387,12760.983398
52,0.702699,0.530588,13010.624023
53,0.745770,0.533644,13260.161133
54,0.792508,0.539067,13509.668945
55,0.832176,0.540908,13759.252930
56,0.867378,0.536276,14008.816406
57,0.904375,0.533744,14258.362305
58,0.937605,0.534917,14507.931641
59,0.970020,0.531260,14757.513672
60,0.999914,0.528548,15007.130859
61,0.041596,0.520687,15256.612305
62,0.098367,0.510476,15506.201172
63,0.155493,0.496647,15755.786133
64,0.197633,0.503732,16005.330078
65,0.216062,0.520497,16254.877930
66,0.213055,0.489320,16504.439453
67,0.194271,0.448636,16754.011719
68,0.180487,0.358555,17003.585938
69,0.216931,0.296707,17253.132812
70,0.269278,0.286282,17502.728516
71,0.301559,0.334513,17752.257812
72,0.201459,0.280222,18001.839844
73,0.050558,0.283900,18251.421875
74,0.028750,0.274047,18500.964844
75,0.982244,0.291254,18750.521484
76,0.946393,0.432633,19000.089844
77,0.943462,0.492641,19266.265625
78,0.914805,0.488524,19515.849609
79,0.926649,0.487728,19765.423828
80,0.000441,0.498110,20015.000000
81,0.047600,0.499968,20264.558594
82,0.082461,0.503008,20514.121094
83,0.114768,0.513370,20763.656250
84,0.142503,0.520940,21013.220703
85,0.158759,0.529868,21262.798828
86,0.167967,0.534569,21512.365234
87,0.172506,0.539971,21761.929688
88,0.171524,0.541115,22011.484375
89,0.169933,0.541425,22261.060547
90,0.170019,0.543884,22510.613281
91,0.175749,0.554468,22760.197266
92,0.182810,0.565416,23009.726562
93,0.190047,0.584644,23259.316406
94,0.192453,0.594910,23508.875000
95,0.178191,0.584746,23758.435547
96,0.137585,0.551819,24008.015625
97,0.114727,0.530051,24257.560547
98,0.096671,0.524609,24507.119141
99,0.080645,0.527306,24756.697266
0,0.750364,0.483323,-0.027909
1,0.750503,0.482558,266.184540
2,0.745491,0.487503,515.716553
3,0.735328,0.494484,765.301636
4,0.725046,0.504436,1014.859070
5,0.720064,0.504988,1264.483032
6,0.718528,0.506368,1513.977905
7,0.720853,0.501224,1763.528687
8,0.720655,0.497869,2013.157104
9,0.715453,0.495874,2262.698975
10,0.700965,0.501078,2512.267090
11,0.686648,0.523513,2761.898926
12,0.681645,0.547978,3011.511230
13,0.667279,0.561204,3260.935303
14,0.648093,0.567883,3510.552979
15,0.625936,0.568878,3760.063477
16,0.611666,0.559967,4009.652588
17,0.608592,0.553246,4259.111816
18,0.604973,0.549485,4508.800781
19,0.600557,0.529325,4758.280273
20,0.600730,0.508959,5007.915527
21,0.602167,0.501345,5257.343262
22,0.602267,0.499230,5507.063477
23,0.597882,0.495055,5756.638184
24,0.583931,0.500415,6006.080566
25,0.570460,0.510824,6255.777344
26,0.562144,0.526202,6505.276367
27,0.551479,0.534444,6754.864746
28,0.529739,0.533218,7004.345215
29,0.509740,0.535025,7253.965332
30,0.497494,0.536960,7503.440918
31,0.485294,0.541937,7753.101074
32,0.475881,0.542402,8002.538086
33,0.466928,0.539408,8252.217773
34,0.458363,0.537131,8501.867188
35,0.448660,0.535073,8751.284180
36,0.437439,0.534957,9000.973633
37,0.429242,0.537465,9250.501953
38,0.423000,0.538501,9500.022461
39,0.420703,0.531958,9766.136719
40,0.414471,0.533864,10015.844727
41,0.395133,0.539526,10265.333984
42,0.375557,0.551088,10514.953125
43,0.365611,0.563238,10764.513672
44,0.349840,0.581648,11014.020508
45,0.342273,0.573138,11263.610352
46,0.345052,0.557721,11513.105469
47,0.350132,0.547505,11762.720703
48,0.361090,0.510688,12012.245117
49,0.382235,0.456161,12261.940430
50,0.402801,0.416028,12511.380859
51,0.433991,0.374817,12760.987305
52,0.484246,0.344425,13010.509766
53,0.527603,0.320389,13260.127930
54,0.565332,0.287066,13509.595703
55,0.602017,0.272742,13759.253906
56,0.642885,0.284674,14008.831055
57,0.674162,0.307903,14258.361328
58,0.696593,0.331742,14507.804688
59,0.717069,0.352151,14757.508789
60,0.733471,0.369697,15007.093750
61,0.744644,0.395800,15256.539062
62,0.747905,0.428624,15506.265625
63,0.735656,0.451369,15755.708984
64,0.747074,0.460211,16005.326172
65,0.784094,0.468735,16254.843750
66,0.816589,0.475929,16504.443359
67,0.841713,0.480319,16753.880859
68,0.865273,0.479679,17003.507812
69,0.882283,0.477442,17253.191406
70,0.894902,0.471052,17502.677734
71,0.913257,0.475835,17752.259766
72,0.927575,0.479651,18001.783203
73,0.944320,0.481512,18251.429688
74,0.955484,0.474635,18500.849609
75,0.960628,0.416938,18750.527344
76,0.958770,0.352641,19016.601562
77,0.962831,0.320539,19266.281250
78,0.976613,0.321869,19515.890625
79,0.995400,0.355897,19765.359375
80,0.021517,0.440737,20015.011719
81,0.038294,0.491975,20264.486328
82,0.047168,0.511948,20514.074219
83,0.063790,0.519102,20780.275391
84,0.083676,0.522520,21046.437500
85,0.102551,0.541771,21295.947266
86,0.117915,0.552579,21528.929688
87,0.131155,0.552084,21778.457031
88,0.144000,0.553298,22028.046875
89,0.162649,0.564841,22277.707031
90,0.179725,0.598915,22527.164062
91,0.198473,0.615062,22776.712891
92,0.209803,0.595857,23026.312500
93,0.211461,0.520899,23259.318359
94,0.201002,0.453415,23525.453125
95,0.189465,0.423291,23775.033203
96,0.177742,0.422743,24041.128906
97,0.163432,0.439588,24290.787109
98,0.150411,0.454360,24523.662109
99,0.146683,0.460820,24773.248047
