Idx, longitude, latitude, start timestamp
0,0.748528,0.518826,-0.006725
1,0.743448,0.525380,266.190552
2,0.768837,0.520902,515.718506
3,0.813613,0.530666,765.365234
4,0.849572,0.542047,1014.819580
5,0.863811,0.540003,1264.428345
6,0.856155,0.514713,1514.095459
7,0.847577,0.477644,1763.589600
8,0.828587,0.453823,2013.158569
9,0.794581,0.443831,2262.687500
10,0.779637,0.439748,2512.274902
11,0.776083,0.449533,2761.798828
12,0.775123,0.454054,3011.446289
13,0.775261,0.463421,3260.944336
14,0.779254,0.480357,3510.549561
15,0.782346,0.495548,3760.086914
16,0.799545,0.503746,4009.750488
17,0.824542,0.503722,4259.239746
18,0.854908,0.504548,4508.796387
19,0.920363,0.494606,4758.421387
20,0.950565,0.485028,5007.941406
21,0.969672,0.481272,5257.546875
22,0.989695,0.486716,5507.026855
23,0.011847,0.504344,5756.614258
24,0.028850,0.510657,6006.113770
25,0.045432,0.510293,6255.711914
26,0.063929,0.512466,6505.228027
27,0.057230,0.507144,6754.859375
28,0.000368,0.493802,7004.333984
29,0.946276,0.490994,7254.010742
30,0.899406,0.489573,7503.633789
31,0.875017,0.495750,7753.079590
32,0.855645,0.501751,8019.303711
33,0.833720,0.499879,8268.843750
34,0.804572,0.499350,8518.417969
35,0.782291,0.496166,8767.973633
36,0.770210,0.488597,9000.963867
37,0.753240,0.474507,9250.403320
38,0.704456,0.455444,9500.033203
39,0.644644,0.457687,9782.899414
40,0.606799,0.465737,10032.415039
41,0.592025,0.470893,10282.067383
42,0.585134,0.478998,10531.495117
43,0.580355,0.482278,10781.135742
44,0.574839,0.491421,11030.610352
45,0.569832,0.527331,11280.291992
46,0.563755,0.536582,11529.783203
47,0.544739,0.543756,11762.773438
48,0.528800,0.541286,12028.900391
49,0.517904,0.536562,12261.916016
50,0.538005,0.527679,12511.393555
51,0.566346,0.515958,12777.585938
52,0.581908,0.507827,13010.581055
53,0.592604,0.511658,13276.697266
54,0.596226,0.527017,13526.343750
55,0.597337,0.535037,13775.885742
56,0.602591,0.537370,14008.844727
57,0.599896,0.535981,14258.346680
58,0.560352,0.529563,14507.921875
59,0.496279,0.521579,14757.431641
60,0.441769,0.512349,15007.045898
61,0.407417,0.506729,15256.574219
62,0.390860,0.495405,15506.221680
63,0.378133,0.482817,15838.929688
64,0.333841,0.475182,16071.773438
65,0.283767,0.491842,16321.458008
66,0.270546,0.507490,16571.031250
67,0.268463,0.519169,16820.570312
68,0.269854,0.536371,17053.400391
69,0.263042,0.582344,17303.041016
70,0.254644,0.658513,17552.662109
71,0.251583,0.712201,17802.140625
72,0.249500,0.720871,18051.742188
73,0.249212,0.741382,18284.664062
74,0.256415,0.742190,18534.283203
75,0.266350,0.779421,18767.140625
76,0.272991,0.800357,19016.726562
77,0.268953,0.826056,19266.275391
78,0.259929,0.845312,19549.144531
79,0.258253,0.858671,19781.968750
80,0.257407,0.869636,20031.648438
81,0.257105,0.877199,20281.128906
82,0.261923,0.869809,20530.759766
83,0.282557,0.851644,20763.650391
84,0.335371,0.814308,21013.193359
85,0.406889,0.741600,21262.750000
86,0.472935,0.647047,21512.347656
87,0.530641,0.589218,21761.921875
88,0.571289,0.539324,22028.042969
89,0.597550,0.509619,22277.710938
90,0.598513,0.505601,22527.228516
91,0.592457,0.487918,22760.199219
92,0.588986,0.471840,23009.675781
93,0.589781,0.427690,23259.302734
94,0.591164,0.379716,23525.429688
95,0.595809,0.330958,23758.396484
96,0.599295,0.275980,24007.919922
97,0.590676,0.216948,24257.556641
98,0.583911,0.182958,24507.123047
99,0.587075,0.168866,24756.628906
0,0.750164,0.503309,0.034872
1,0.750355,0.504143,266.149597
2,0.735656,0.501267,515.732483
3,0.655589,0.487765,765.238098
4,0.605762,0.498168,1014.875854
5,0.602157,0.505938,1264.330200
6,0.598615,0.505463,1514.030029
7,0.590107,0.495483,1763.651733
8,0.588242,0.471220,2013.079224
9,0.592215,0.447927,2262.758545
10,0.592567,0.464532,2512.255615
11,0.649263,0.484777,2761.848877
12,0.714571,0.479775,3011.301514
13,0.725628,0.464247,3260.976562
14,0.732647,0.439955,3510.413086
15,0.737833,0.450222,3760.095215
16,0.742106,0.475593,4009.565918
17,0.737901,0.471162,4259.213379
18,0.729381,0.454241,4508.686523
19,0.732960,0.451705,4758.341309
20,0.739516,0.460872,5007.904785
21,0.742238,0.463870,5257.408691
22,0.743500,0.465074,5507.083496
23,0.768262,0.472827,5756.499023
24,0.834113,0.496301,6006.125488
25,0.860709,0.507146,6255.615723
26,0.885015,0.510355,6505.270508
27,0.924321,0.512117,6754.733398
28,0.947178,0.489488,7004.399414
29,0.962748,0.474055,7287.293457
30,0.946600,0.408867,7503.467773
31,0.900539,0.352081,7752.986816
32,0.889685,0.351872,8002.630859
33,0.881931,0.411207,8252.234375
34,0.873681,0.456954,8501.718750
35,0.864344,0.470275,8751.360352
36,0.817924,0.492165,9000.876953
37,0.810540,0.498780,9250.476562
38,0.816370,0.495793,9599.838867
39,0.820299,0.489886,9766.228516
40,0.823666,0.487449,10015.679688
41,0.824126,0.485997,10265.293945
42,0.824768,0.487364,10548.210938
43,0.823952,0.488525,10797.655273
44,0.822866,0.488931,11014.085938
45,0.823176,0.489573,11263.576172
46,0.826488,0.492233,11513.203125
47,0.929721,0.519966,11762.660156
48,0.042518,0.530715,12012.209961
49,0.071522,0.523452,12261.759766
50,0.100722,0.516291,12511.400391
51,0.126175,0.510195,12760.883789
52,0.158518,0.505830,13010.522461
53,0.189705,0.510251,13260.087891
54,0.210044,0.521337,13509.643555
55,0.211045,0.525638,13759.325195
56,0.207183,0.524348,14008.732422
57,0.198975,0.519735,14258.384766
58,0.191437,0.517628,14507.842773
59,0.185470,0.518411,14757.552734
60,0.182238,0.519975,15007.000977
61,0.154175,0.513625,15256.604492
62,0.145543,0.511476,15506.144531
63,0.144469,0.513454,15755.776367
64,0.142674,0.514578,16005.196289
65,0.115625,0.507307,16304.717773
66,0.094639,0.496465,16504.402344
67,0.082220,0.493095,16753.927734
68,0.078053,0.490431,17003.603516
69,0.076198,0.491261,17253.044922
70,0.074808,0.493689,17502.671875
71,0.074695,0.495506,17752.230469
72,0.075617,0.497086,18001.820312
73,0.076267,0.498341,18251.298828
74,0.076268,0.499211,18500.925781
75,0.075999,0.498322,18750.406250
76,0.075744,0.498795,19000.007812
77,0.075366,0.498043,19266.279297
78,0.075319,0.498100,19515.746094
79,0.075338,0.497565,19765.427734
80,0.075212,0.497173,20014.875000
81,0.066147,0.495636,20264.574219
82,0.023033,0.491178,20597.269531
83,0.966931,0.483037,20763.607422
84,0.923468,0.479195,21013.126953
85,0.884051,0.475699,21262.861328
86,0.824194,0.478053,21512.279297
87,0.689900,0.485985,21811.734375
88,0.603638,0.499928,22061.330078
89,0.584102,0.499707,22260.947266
90,0.573398,0.496416,22510.574219
91,0.569598,0.493630,22760.078125
92,0.567839,0.503549,23009.710938
93,0.567815,0.502059,23275.849609
94,0.573487,0.500171,23508.808594
95,0.578821,0.487297,23758.355469
96,0.580978,0.469981,24007.972656
97,0.607101,0.485023,24257.480469
98,0.633262,0.514520,24507.128906
99,0.640021,0.524197,24756.582031
0,0.754565,0.549014,-0.024341
1,0.755501,0.543957,266.233459
2,0.752797,0.487580,515.679077
3,0.751640,0.440276,765.274658
4,0.753186,0.434815,1014.788147
5,0.771599,0.447151,1264.509521
6,0.808084,0.473990,1513.928467
7,0.843372,0.475843,1763.500366
8,0.882512,0.462817,2013.069580
9,0.899184,0.456630,2262.668701
10,0.897849,0.446216,2512.284912
11,0.897185,0.445402,2761.746582
12,0.897532,0.443959,3011.363037
13,0.908599,0.434482,3260.910645
14,0.934723,0.437223,3510.479736
15,0.953499,0.435561,3760.081543
16,0.969594,0.452240,4009.656250
17,0.989587,0.473622,4259.083984
18,0.996482,0.487541,4508.772949
19,0.037241,0.485239,4758.261719
20,0.064892,0.482142,5007.894531
21,0.071509,0.481411,5257.349121
22,0.006822,0.474572,5506.977539
23,0.976690,0.477858,5756.577637
24,0.976052,0.474868,6006.096680
25,0.975878,0.460201,6255.725586
26,0.978120,0.437221,6505.299316
27,0.019853,0.424161,6754.862305
28,0.097962,0.444771,7004.332031
29,0.134068,0.462471,7253.875488
30,0.141869,0.474730,7503.513184
31,0.167198,0.479715,7753.085449
32,0.187928,0.486674,8002.546387
33,0.205270,0.494463,8252.296875
34,0.201421,0.499962,8501.824219
35,0.178552,0.495739,8751.294922
36,0.165432,0.492634,9000.933594
37,0.142975,0.479788,9250.420898
38,0.135489,0.471650,9500.082031
39,0.157723,0.474576,9766.205078
40,0.186638,0.482549,10015.759766
41,0.201217,0.483261,10265.372070
42,0.212371,0.484415,10514.938477
43,0.215873,0.486392,10764.412109
44,0.219871,0.484994,11014.056641
45,0.234737,0.486157,11263.716797
46,0.245555,0.491408,11513.150391
47,0.253259,0.493013,11762.734375
48,0.256271,0.493095,12095.511719
49,0.248573,0.493991,12328.391602
50,0.224101,0.492848,12561.359375
51,0.216361,0.493071,12810.881836
52,0.249800,0.497045,13043.762695
53,0.286326,0.495981,13276.726562
54,0.317771,0.489104,13526.376953
55,0.334906,0.483018,13775.835938
56,0.342161,0.483939,14008.737305
57,0.341422,0.483617,14258.386719
58,0.333352,0.486570,14541.272461
59,0.326067,0.494766,14757.491211
60,0.329362,0.493417,15007.079102
61,0.343100,0.487279,15273.201172
62,0.344094,0.486281,15522.852539
63,0.339577,0.488486,15755.732422
64,0.310628,0.488513,16038.616211
65,0.265254,0.485830,16271.462891
66,0.218863,0.492209,16537.722656
67,0.177428,0.494474,16770.720703
68,0.146619,0.496249,17020.228516
69,0.122274,0.495569,17269.718750
70,0.096814,0.493076,17502.701172
71,0.073090,0.495817,17752.349609
72,0.088924,0.482160,18001.771484
73,0.096195,0.471037,18251.464844
74,0.093143,0.479549,18500.916016
75,0.074683,0.486968,18750.531250
76,0.049190,0.488493,19000.019531
77,0.029276,0.489852,19266.314453
78,0.014843,0.475841,19515.814453
79,0.005506,0.447808,19765.435547
80,0.997524,0.446427,20015.027344
81,0.001201,0.462631,20264.496094
82,0.008858,0.491930,20514.121094
83,0.980627,0.499377,20763.667969
84,0.940615,0.499370,21013.242188
85,0.929171,0.498254,21346.023438
86,0.928849,0.489880,21595.515625
87,0.923265,0.491928,21845.166016
88,0.921345,0.483908,22078.011719
89,0.911589,0.476692,22327.640625
90,0.905622,0.473161,22577.113281
91,0.889909,0.483114,22826.744141
92,0.892158,0.463017,23076.224609
93,0.891976,0.454969,23325.841797
94,0.896614,0.455167,23575.503906
95,0.902714,0.456138,23808.314453
96,0.908873,0.456916,24074.597656
97,0.911756,0.456223,24324.076172
98,0.898908,0.447985,24557.121094
99,0.864111,0.443855,24806.601562
0,0.749962,0.491198,-0.016619
1,0.749980,0.491583,266.189880
2,0.750190,0.489942,515.920654
3,0.752842,0.485888,765.288635
4,0.753735,0.480569,1014.943604
5,0.755139,0.462922,1264.503052
6,0.756629,0.442748,1514.086548
7,0.756674,0.439209,1763.525024
8,0.761231,0.444639,2013.152710
9,0.772430,0.452468,2262.636230
10,0.783506,0.457192,2512.280518
11,0.794544,0.453897,2761.821289
12,0.814991,0.445278,3011.377930
13,0.836403,0.438742,3261.049072
14,0.852413,0.423070,3510.530762
15,0.869611,0.420645,3760.175537
16,0.891961,0.430297,4009.650635
17,0.921049,0.438436,4259.249023
18,0.938515,0.440437,4508.788086
19,0.951371,0.434679,4758.363281
20,0.954984,0.424524,5007.897461
21,0.958837,0.409255,5257.507812
22,0.962925,0.401426,5507.032227
23,0.966905,0.401351,5756.595215
24,0.966702,0.405023,6056.143555
25,0.967993,0.409488,6272.396973
26,0.963993,0.413085,6538.640625
27,0.961798,0.415918,6771.506836
28,0.959870,0.417084,7021.135742
29,0.959675,0.419562,7287.240723
30,0.959109,0.420379,7520.188477
31,0.957774,0.420293,7753.114258
32,0.960936,0.425225,8002.709961
33,0.969664,0.431294,8268.808594
34,0.987388,0.441549,8501.847656
35,0.016670,0.451429,8751.364258
36,0.044043,0.458443,9000.934570
37,0.061768,0.462812,9250.449219
38,0.080888,0.471143,9500.037109
39,0.103563,0.472604,9782.940430
40,0.128102,0.468969,10015.834961
41,0.135690,0.462159,10282.073242
42,0.134680,0.464010,10514.966797
43,0.131276,0.465093,10781.193359
44,0.129383,0.464290,11014.041992
45,0.127531,0.464944,11263.641602
46,0.127042,0.465658,11513.180664
47,0.124742,0.468247,11762.781250
48,0.123233,0.469178,12012.404297
49,0.124659,0.469132,12261.970703
50,0.132827,0.470746,12511.549805
51,0.167934,0.470215,12761.071289
52,0.206219,0.465393,13010.638672
53,0.232144,0.465504,13260.118164
54,0.245299,0.467632,13509.734375
55,0.253528,0.465958,13759.237305
56,0.271054,0.457093,14008.891602
57,0.302964,0.450533,14258.385742
58,0.330360,0.449654,14508.006836
59,0.345037,0.451621,14757.501953
60,0.350953,0.452954,15007.113281
61,0.355365,0.452821,15256.726562
62,0.356437,0.454820,15506.254883
63,0.356708,0.455703,15755.834961
64,0.355591,0.457417,16088.595703
65,0.355481,0.459022,16338.087891
66,0.355322,0.461050,16504.462891
67,0.355015,0.461953,16754.113281
68,0.354813,0.462372,17003.603516
69,0.354308,0.463223,17253.193359
70,0.353560,0.463247,17502.691406
71,0.353404,0.463845,17752.347656
72,0.353359,0.463866,18001.925781
73,0.353526,0.464375,18251.441406
74,0.353458,0.465326,18501.048828
75,0.353552,0.466210,18750.599609
76,0.354655,0.467197,19000.207031
77,0.368927,0.474929,19349.558594
78,0.387117,0.486347,19599.029297
79,0.389178,0.489961,19848.681641
80,0.389154,0.488883,20098.203125
81,0.388017,0.482866,20347.820312
82,0.388007,0.482973,20580.693359
83,0.409928,0.478099,20830.343750
84,0.456133,0.469547,21079.792969
85,0.492440,0.460658,21346.005859
86,0.518308,0.456348,21579.001953
87,0.519850,0.456583,21845.123047
88,0.504430,0.467798,22094.785156
89,0.493552,0.473121,22327.681641
90,0.503374,0.467248,22593.914062
91,0.525349,0.452126,22826.777344
92,0.541823,0.469860,23093.017578
93,0.556477,0.505149,23325.861328
94,0.559979,0.484487,23575.478516
95,0.562932,0.465391,23824.990234
96,0.568754,0.454720,24074.646484
97,0.570813,0.451405,24324.220703
98,0.571053,0.449553,24557.156250
99,0.567257,0.446127,24806.593750
0,0.749828,0.556368,-0.052407
1,0.749386,0.556504,266.196747
2,0.736463,0.524556,515.694275
3,0.707817,0.471105,798.567017
4,0.656010,0.475272,1031.580688
5,0.617105,0.482144,1264.465332
6,0.591062,0.475962,1514.029419
7,0.570273,0.469212,1763.588013
8,0.521582,0.468587,2079.694092
9,0.460043,0.463575,2329.281738
10,0.422925,0.469053,2545.532227
11,0.399141,0.474407,2778.412354
12,0.374929,0.477416,3011.384033
13,0.328757,0.525624,3294.260742
14,0.313285,0.530384,3510.521973
15,0.331159,0.467667,3776.613525
16,0.404190,0.324186,4009.592041
17,0.464241,0.246850,4275.838379
18,0.525201,0.244147,4508.710938
19,0.591515,0.329525,4758.331543
20,0.681091,0.402832,5091.041504
21,0.749522,0.442453,5307.343262
22,0.791481,0.471533,5540.148926
23,0.815666,0.479389,5789.780273
24,0.855334,0.486118,6022.661133
25,0.906634,0.493159,6255.702148
26,0.949129,0.478049,6538.557617
27,0.982862,0.466961,6771.432129
28,0.999153,0.456297,7004.447266
29,0.036651,0.474678,7270.505859
30,0.070754,0.505805,7503.538574
31,0.103083,0.513019,7752.980957
32,0.093983,0.544266,8002.617188
33,0.075213,0.578261,8335.312500
34,0.060740,0.577088,8551.552734
35,0.039111,0.558491,8801.167969
36,0.011382,0.529313,9034.083008
37,0.976807,0.509568,9266.949219
38,0.957375,0.503502,9549.840820
39,0.934472,0.498318,9782.808594
40,0.910355,0.494031,10048.919922
41,0.896592,0.479783,10281.890625
42,0.874977,0.475702,10514.814453
43,0.848843,0.483809,10781.003906
44,0.822967,0.494457,11013.865234
45,0.807841,0.503834,11263.509766
46,0.821333,0.485159,11579.641602
47,0.793038,0.452326,11795.870117
48,0.745043,0.439506,12028.858398
49,0.716528,0.444110,12261.750000
50,0.664425,0.453279,12544.587891
51,0.622452,0.449657,12760.866211
52,0.578744,0.445113,13010.465820
53,0.533915,0.457244,13276.560547
54,0.473410,0.450778,13509.538086
55,0.424185,0.446112,13759.022461
56,0.400085,0.445760,14091.811523
57,0.381261,0.447314,14308.178711
58,0.363484,0.453248,14541.057617
59,0.336417,0.488116,14773.900391
60,0.298871,0.532995,15006.889648
61,0.256795,0.544910,15273.142578
62,0.228574,0.543610,15506.007812
63,0.219509,0.508572,15772.242188
64,0.242265,0.386632,16021.741211
65,0.283500,0.259412,16254.713867
66,0.317249,0.195770,16587.423828
67,0.369708,0.170874,16820.298828
68,0.387034,0.183124,17036.585938
69,0.408604,0.184699,17269.595703
70,0.482802,0.235178,17502.404297
71,0.540940,0.281875,17785.279297
72,0.594597,0.359232,18001.533203
73,0.611786,0.421815,18267.798828
74,0.606916,0.486746,18500.658203
75,0.590534,0.534679,18750.269531
76,0.575991,0.541399,19016.486328
77,0.568179,0.508285,19332.623047
78,0.565425,0.486153,19565.462891
79,0.566205,0.478356,19798.357422
80,0.571147,0.480264,20048.007812
81,0.596898,0.484724,20280.849609
82,0.637946,0.481211,20547.126953
83,0.679463,0.481287,20780.087891
84,0.705720,0.491128,21012.931641
85,0.705558,0.503528,21279.203125
86,0.690969,0.520718,21528.687500
87,0.685886,0.525171,21761.675781
88,0.689942,0.521385,22011.154297
89,0.705969,0.513789,22260.806641
90,0.720039,0.510908,22510.296875
91,0.723334,0.514268,22826.396484
92,0.725873,0.512541,23059.416016
93,0.754784,0.496670,23292.216797
94,0.770059,0.491534,23525.107422
95,0.785044,0.494830,23774.742188
96,0.799478,0.506354,24007.578125
97,0.822201,0.513302,24273.880859
98,0.846144,0.513534,24506.707031
99,0.870287,0.514547,24772.990234
0,0.760909,0.593408,-0.007091
1,0.774547,0.592008,266.239990
2,0.784074,0.586159,515.723999
3,0.829439,0.565976,765.374023
4,0.877046,0.544927,1014.826355
5,0.892045,0.548882,1264.529907
6,0.910568,0.546995,1513.912231
7,0.931524,0.543945,1763.583618
8,0.949634,0.537429,2013.151123
9,0.979513,0.519821,2262.690430
10,0.047906,0.497118,2512.334717
11,0.088465,0.497672,2761.833984
12,0.095878,0.501850,3011.403564
13,0.095101,0.505215,3260.937256
14,0.120135,0.521993,3510.630127
15,0.159222,0.552760,3760.073486
16,0.167333,0.556005,4009.692139
17,0.160069,0.551274,4259.131836
18,0.097783,0.545546,4508.767578
19,0.035840,0.537371,4758.257324
20,0.006240,0.524863,5007.908203
21,0.975445,0.515681,5257.581543
22,0.943824,0.512930,5507.041992
23,0.913673,0.516649,5756.635254
24,0.886583,0.517308,6006.152832
25,0.860058,0.516598,6255.769043
26,0.826530,0.515625,6505.251953
27,0.787321,0.520702,6771.461914
28,0.751063,0.545437,7004.333984
29,0.740119,0.571321,7253.908203
30,0.744052,0.581428,7503.451172
31,0.744749,0.582707,7753.145996
32,0.745019,0.584784,8002.630859
33,0.734782,0.589101,8252.263672
34,0.708972,0.565631,8501.817383
35,0.676482,0.547362,8751.399414
36,0.641144,0.548121,9000.859375
37,0.616916,0.549903,9250.428711
38,0.607404,0.550776,9500.106445
39,0.600124,0.544086,9766.235352
40,0.513549,0.527734,10015.843750
41,0.465233,0.533621,10265.331055
42,0.462165,0.542186,10514.908203
43,0.460368,0.543096,10764.631836
44,0.475756,0.542258,11014.085938
45,0.530207,0.534466,11263.649414
46,0.584800,0.534993,11513.265625
47,0.630624,0.549275,11762.852539
48,0.674566,0.563069,12012.316406
49,0.717247,0.569885,12261.882812
50,0.748120,0.573056,12511.468750
51,0.773219,0.602831,12761.037109
52,0.798385,0.635804,13010.549805
53,0.815640,0.647898,13260.177734
54,0.826879,0.643756,13509.638672
55,0.831499,0.640598,13759.257812
56,0.832962,0.636678,14008.737305
57,0.841361,0.630511,14258.491211
58,0.860961,0.614735,14508.053711
59,0.882493,0.582662,14757.497070
60,0.905897,0.563683,15007.164062
61,0.931404,0.537775,15256.630859
62,0.955288,0.520552,15506.272461
63,0.970545,0.527399,15772.376953
64,0.995498,0.533710,16005.441406
65,0.008357,0.541649,16254.890625
66,0.010740,0.546454,16504.451172
67,0.008989,0.548132,16754.070312
68,0.005841,0.549998,17003.648438
69,0.996404,0.553727,17253.269531
70,0.977901,0.556952,17502.730469
71,0.962640,0.562953,17752.357422
72,0.961985,0.577348,18001.822266
73,0.967993,0.592772,18251.486328
74,0.980464,0.632145,18500.925781
75,0.999947,0.677960,18750.677734
76,0.022690,0.701231,19000.136719
77,0.034675,0.708687,19266.353516
78,0.036196,0.710988,19515.796875
79,0.029787,0.708249,19765.451172
80,0.027326,0.708418,20015.031250
81,0.028630,0.710415,20264.585938
82,0.022365,0.730113,20514.189453
83,0.000545,0.750774,20763.703125
84,0.979709,0.753432,21013.394531
85,0.944312,0.753708,21262.781250
86,0.919197,0.787485,21512.445312
87,0.909124,0.827130,21761.945312
88,0.914965,0.845840,22011.544922
89,0.920597,0.846685,22260.996094
90,0.921371,0.845154,22510.746094
91,0.921786,0.844394,22760.312500
92,0.922200,0.842307,23009.775391
93,0.922656,0.841338,23259.380859
94,0.921090,0.840924,23508.935547
95,0.914019,0.837119,23758.541016
96,0.900471,0.832597,24008.023438
97,0.885241,0.830136,24257.660156
98,0.865052,0.828766,24507.095703
99,0.849502,0.829177,24756.755859
0,0.751830,0.498876,-0.001074
1,0.751700,0.502837,266.362030
2,0.752673,0.505239,515.787598
3,0.748508,0.503857,765.420227
4,0.729608,0.503744,1014.914978
5,0.673519,0.492759,1264.468140
6,0.631682,0.471303,1514.134644
7,0.596091,0.428951,1763.584717
8,0.577107,0.426610,2013.209351
9,0.556988,0.489532,2262.821045
10,0.535665,0.554709,2512.355957
11,0.517639,0.596327,2761.874268
12,0.495686,0.564044,3011.463623
13,0.484878,0.519650,3261.052490
14,0.481587,0.504702,3510.561523
15,0.477425,0.500435,3760.189209
16,0.449771,0.493607,4009.758545
17,0.411648,0.491473,4259.217285
18,0.388488,0.493164,4508.791992
19,0.373800,0.493962,4758.518066
20,0.358451,0.494559,5007.956055
21,0.337838,0.496406,5257.566895
22,0.312901,0.498981,5507.071289
23,0.292025,0.501413,5756.695312
24,0.276463,0.502391,6006.161133
25,0.263209,0.504431,6255.820312
26,0.244876,0.509144,6505.328125
27,0.226986,0.514969,6754.911133
28,0.212920,0.521284,7004.440918
29,0.200814,0.537612,7254.074219
30,0.190204,0.571995,7503.583496
31,0.186922,0.588897,7753.138672
32,0.187862,0.591577,8002.735352
33,0.192961,0.594134,8252.375977
34,0.222903,0.612586,8501.862305
35,0.291988,0.618477,8751.366211
36,0.383639,0.610016,9001.000977
37,0.465016,0.582267,9250.548828
38,0.519058,0.566117,9500.153320
39,0.554507,0.558755,9766.252930
40,0.595053,0.551811,10065.790039
41,0.621496,0.550536,10315.396484
42,0.642797,0.535912,10564.875000
43,0.664960,0.514022,10814.482422
44,0.693153,0.520946,11080.701172
45,0.715241,0.528859,11330.205078
46,0.729037,0.530227,11579.855469
47,0.742642,0.532699,11829.407227
48,0.763685,0.525510,12078.970703
49,0.786146,0.497344,12328.499023
50,0.810573,0.489759,12578.058594
51,0.840831,0.488808,12827.597656
52,0.867842,0.467161,13060.622070
53,0.917690,0.449236,13326.733398
54,0.933394,0.444014,13576.350586
55,0.957151,0.434511,13825.936523
56,0.987347,0.451078,14075.477539
57,0.004669,0.457734,14325.065430
58,0.030854,0.453640,14591.172852
59,0.033827,0.455606,14840.814453
60,0.030266,0.457151,15073.713867
61,0.018968,0.454212,15323.291992
62,0.017363,0.458985,15572.824219
63,0.019589,0.462726,15839.064453
64,0.019061,0.463850,16088.528320
65,0.016269,0.465184,16255.023438
66,0.012008,0.467903,16587.818359
67,0.003863,0.479406,16837.296875
68,0.000506,0.532004,17086.935547
69,0.997468,0.563667,17319.787109
70,0.997683,0.567097,17586.023438
71,0.995699,0.552046,17818.900391
72,0.994025,0.529055,18068.531250
73,0.993344,0.511599,18318.023438
74,0.993548,0.506607,18567.617188
75,0.999089,0.508160,18817.136719
76,0.018872,0.508791,19050.152344
77,0.024449,0.510235,19316.269531
78,0.025826,0.511575,19549.248047
79,0.023725,0.511986,19798.748047
80,0.022446,0.512611,20048.369141
81,0.018911,0.514025,20297.886719
82,0.005985,0.517373,20530.908203
83,0.998223,0.519407,20780.341797
84,0.998260,0.520605,21030.003906
85,0.998575,0.520933,21296.255859
86,0.998963,0.521262,21529.115234
87,0.999025,0.521669,21778.746094
88,0.998003,0.521516,22028.218750
89,0.949563,0.507569,22277.876953
90,0.883213,0.488914,22527.380859
91,0.846325,0.480778,22760.355469
92,0.814832,0.470765,23009.841797
93,0.807140,0.471979,23276.046875
94,0.809688,0.475779,23525.527344
95,0.810674,0.478250,23758.529297
96,0.811917,0.480174,24008.093750
97,0.811052,0.482500,24257.660156
98,0.808803,0.484839,24523.945312
99,0.803368,0.488570,24756.843750
0,0.749935,0.538620,0.023271
1,0.750708,0.538710,266.120575
2,0.753664,0.521172,515.766357
3,0.731570,0.430059,765.456360
4,0.640922,0.379243,1014.833923
5,0.582538,0.406580,1264.489136
6,0.580948,0.435604,1513.960815
7,0.571803,0.458196,1763.565552
8,0.552962,0.486897,2013.111450
9,0.559647,0.488011,2262.747314
10,0.573849,0.464799,2512.233398
11,0.585559,0.456414,2761.818604
12,0.601570,0.460021,3011.406738
13,0.642290,0.477325,3261.023926
14,0.689889,0.489342,3510.443115
15,0.710152,0.488521,3760.047363
16,0.734564,0.481117,4009.648438
17,0.768660,0.468956,4259.239746
18,0.794606,0.466973,4508.762695
19,0.823413,0.477031,4758.318848
20,0.849245,0.488788,5007.879883
21,0.861209,0.493378,5257.429199
22,0.886494,0.494564,5507.066895
23,0.924736,0.491175,5756.607910
24,0.949710,0.480543,6006.165527
25,0.967409,0.468933,6255.624023
26,0.984287,0.475584,6505.268066
27,0.987311,0.501640,6754.865234
28,0.989615,0.573079,7004.395996
29,0.997584,0.677307,7254.017090
30,0.005845,0.742616,7503.556641
31,0.016584,0.765568,7753.149902
32,0.019165,0.811078,8002.616699
33,0.029804,0.844221,8252.257812
34,0.052012,0.769922,8501.774414
35,0.070019,0.634423,8751.395508
36,0.092090,0.569110,9000.814453
37,0.119576,0.550247,9250.498047
38,0.114799,0.542453,9516.625000
39,0.063476,0.533126,9766.196289
40,0.992883,0.522996,10015.788086
41,0.922948,0.509520,10265.347656
42,0.897614,0.490549,10514.903320
43,0.911549,0.450747,10764.447266
44,0.924316,0.384687,11014.035156
45,0.929523,0.340610,11263.582031
46,0.955960,0.337999,11513.192383
47,0.997577,0.358968,11762.687500
48,0.033085,0.405717,12012.305664
49,0.060125,0.433997,12261.880859
50,0.107264,0.469626,12511.376953
51,0.140858,0.495140,12760.995117
52,0.180310,0.506998,13027.111328
53,0.219499,0.504565,13276.792969
54,0.256774,0.505723,13526.248047
55,0.288396,0.515574,13759.278320
56,0.303926,0.515295,14008.731445
57,0.304982,0.512149,14258.379883
58,0.305062,0.502981,14507.895508
59,0.323654,0.491364,14757.477539
60,0.340849,0.479092,15007.006836
61,0.338406,0.472022,15256.592773
62,0.334128,0.479620,15506.203125
63,0.342069,0.486154,15772.331055
64,0.351820,0.487349,16021.968750
65,0.356631,0.484919,16271.481445
66,0.355298,0.478245,16521.076172
67,0.351547,0.474288,16770.583984
68,0.348737,0.475084,17020.162109
69,0.327659,0.455546,17253.085938
70,0.286696,0.433145,17519.277344
71,0.246904,0.435965,17752.160156
72,0.204943,0.432857,18001.826172
73,0.177783,0.368975,18251.265625
74,0.164460,0.344481,18500.910156
75,0.148753,0.388226,18750.517578
76,0.121143,0.447523,19000.042969
77,0.078049,0.498597,19349.380859
78,0.044462,0.518359,19599.027344
79,0.024486,0.517716,19848.509766
80,0.007195,0.514441,20081.537109
81,0.993638,0.508202,20314.353516
82,0.964565,0.507152,20564.031250
83,0.942252,0.501813,20796.878906
84,0.924713,0.492251,21046.474609
85,0.903341,0.490533,21296.019531
86,0.892974,0.480650,21528.988281
87,0.881783,0.476113,21761.865234
88,0.864892,0.479361,22011.439453
89,0.853439,0.482044,22260.980469
90,0.849520,0.481723,22510.560547
91,0.869582,0.458585,22793.332031
92,0.862679,0.425086,23026.332031
93,0.830073,0.342997,23275.986328
94,0.788866,0.288189,23525.419922
95,0.747226,0.243722,23775.058594
96,0.727276,0.222275,24007.955078
97,0.718468,0.228843,24290.773438
98,0.728092,0.261870,24507.060547
99,0.729376,0.325437,24756.683594
0,0.747791,0.381187,-0.016247
1,0.741142,0.391090,316.146423
2,0.745245,0.395785,515.755432
3,0.771696,0.406143,765.302490
4,0.809032,0.416137,1014.843750
5,0.838515,0.419204,1264.332886
6,0.867499,0.418978,1513.949951
7,0.901175,0.415933,1763.610840
8,0.932169,0.413288,2013.049927
9,0.953933,0.419915,2262.749023
10,0.972740,0.427261,2512.228027
11,0.982724,0.436389,2761.840088
12,0.988366,0.441325,3011.376465
13,0.993155,0.435162,3260.941895
14,0.997201,0.424279,3510.446045
15,0.998051,0.418857,3759.997070
16,0.996444,0.424273,4009.590576
17,0.991304,0.446671,4259.214844
18,0.984829,0.493930,4508.798340
19,0.974185,0.558233,4758.298828
20,0.969271,0.607326,5007.877441
21,0.980430,0.615891,5257.383301
22,0.003177,0.607692,5506.887207
23,0.031408,0.591146,5756.570312
24,0.067425,0.560987,6006.077148
25,0.098786,0.530373,6272.229004
26,0.127321,0.501533,6505.265137
27,0.151850,0.478114,6754.729004
28,0.171566,0.463827,7004.315918
29,0.173105,0.459061,7253.830078
30,0.162787,0.459800,7503.490234
31,0.147928,0.451201,7753.034180
32,0.131286,0.449094,8002.524414
33,0.113092,0.455218,8252.106445
34,0.094383,0.460855,8501.672852
35,0.079878,0.463554,8751.283203
36,0.068533,0.464416,9000.720703
37,0.060381,0.466167,9250.371094
38,0.050978,0.464401,9516.510742
39,0.036627,0.458350,9766.061523
40,0.017467,0.451579,10015.742188
41,0.994587,0.451841,10265.185547
42,0.970698,0.456000,10514.737305
43,0.950346,0.457144,10764.323242
44,0.933183,0.457471,11013.923828
45,0.917010,0.455638,11263.437500
46,0.902746,0.429974,11513.023438
47,0.895590,0.385143,11762.544922
48,0.884551,0.376944,12012.160156
49,0.863954,0.388315,12261.658203
50,0.840969,0.402443,12511.229492
51,0.816206,0.411094,12760.721680
52,0.785875,0.408854,13010.379883
53,0.750698,0.408235,13260.070312
54,0.703893,0.410778,13509.501953
55,0.653899,0.422308,13759.102539
56,0.613765,0.429585,14008.613281
57,0.581100,0.439792,14258.173828
58,0.566752,0.449759,14507.666992
59,0.572149,0.459809,14757.333008
60,0.577326,0.460727,15006.833984
61,0.584473,0.458560,15256.393555
62,0.599743,0.481404,15505.992188
63,0.619882,0.475449,15755.599609
64,0.636383,0.470065,16004.995117
65,0.645897,0.468586,16254.632812
66,0.647611,0.474462,16504.273438
67,0.644954,0.477299,16753.767578
68,0.644268,0.475639,17003.335938
69,0.647908,0.465215,17252.884766
70,0.649077,0.454868,17502.529297
71,0.651673,0.450672,17752.009766
72,0.660691,0.443912,18001.558594
73,0.677622,0.434130,18251.117188
74,0.699850,0.421119,18500.705078
75,0.724265,0.415831,18750.162109
76,0.759283,0.412554,19016.400391
77,0.788261,0.412487,19266.074219
78,0.811996,0.412169,19515.523438
79,0.833905,0.413949,19765.195312
80,0.855133,0.415018,20014.667969
81,0.883048,0.411454,20264.248047
82,0.915201,0.406842,20513.794922
83,0.942386,0.404783,20763.347656
84,0.964945,0.407285,21012.859375
85,0.983327,0.408526,21262.500000
86,0.998212,0.411541,21512.021484
87,0.010483,0.415944,21761.568359
88,0.021054,0.418418,22011.216797
89,0.029016,0.419460,22260.712891
90,0.037620,0.422125,22510.320312
91,0.058374,0.426683,22759.839844
92,0.077272,0.430644,23009.345703
93,0.089285,0.436858,23259.015625
94,0.094175,0.441344,23508.505859
95,0.081308,0.444208,23758.126953
96,0.051395,0.450006,24007.671875
97,0.018321,0.459910,24257.115234
98,0.992013,0.465699,24506.769531
99,0.976389,0.467081,24756.283203
0,0.748022,0.858077,0.011007
1,0.752464,0.858382,266.127075
2,0.762061,0.871085,515.769714
3,0.774251,0.883717,765.225891
4,0.759914,0.868577,1014.850220
5,0.731640,0.797783,1264.285889
6,0.707522,0.695533,1513.931641
7,0.674407,0.620267,1763.517578
8,0.620507,0.546198,2013.075073
9,0.594372,0.502421,2262.692627
10,0.596185,0.486135,2512.158203
11,0.598727,0.457081,2761.753174
12,0.606429,0.427994,3011.327637
13,0.679681,0.443667,3260.941162
14,0.736504,0.456574,3510.360352
15,0.752543,0.456724,3760.091309
16,0.788025,0.461337,4009.528320
17,0.821582,0.454611,4259.163574
18,0.846232,0.434355,4508.727051
19,0.866722,0.427723,4758.274414
20,0.894038,0.428672,5007.914062
21,0.941672,0.456189,5257.353516
22,0.975445,0.485891,5507.013672
23,0.985686,0.495865,5756.457520
24,0.993898,0.501632,6006.115234
25,0.002740,0.513532,6255.565918
26,0.002751,0.520360,6505.235840
27,0.012430,0.521574,6754.691895
28,0.033630,0.511544,7004.303711
29,0.065390,0.509257,7253.985840
30,0.092482,0.525862,7503.481445
31,0.101109,0.544559,7753.138184
32,0.099268,0.548761,8002.546387
33,0.095973,0.553833,8252.273438
34,0.088300,0.557220,8501.657227
35,0.072542,0.561785,8751.304688
36,0.049061,0.565849,9000.765625
37,0.023140,0.560543,9250.401367
38,0.004501,0.555302,9516.565430
39,0.998498,0.559925,9766.223633
40,0.999025,0.564789,10015.746094
41,0.993594,0.572602,10265.293945
42,0.986378,0.584267,10514.939453
43,0.981874,0.632928,10764.365234
44,0.983846,0.673328,11014.024414
45,0.980913,0.715557,11263.537109
46,0.980408,0.721826,11513.198242
47,0.979983,0.723346,11762.587891
48,0.978764,0.719919,12012.231445
49,0.968026,0.657132,12261.708984
50,0.964543,0.553240,12511.340820
51,0.964396,0.496376,12761.003906
52,0.961614,0.476298,13010.512695
53,0.955664,0.472710,13260.130859
54,0.919567,0.486941,13509.562500
55,0.855635,0.495351,13759.220703
56,0.814108,0.494347,14008.725586
57,0.785431,0.494801,14258.299805
58,0.784798,0.497402,14507.792969
59,0.776129,0.493213,14757.453125
60,0.722693,0.482337,15006.911133
61,0.658405,0.489094,15256.572266
62,0.606234,0.511397,15506.083984
63,0.579176,0.516945,15755.728516
64,0.558800,0.515391,16005.257812
65,0.546575,0.525019,16254.772461
66,0.544725,0.562491,16504.470703
67,0.558849,0.590941,16753.988281
68,0.588316,0.620546,17003.537109
69,0.603576,0.617011,17253.041016
70,0.623736,0.517112,17502.708984
71,0.623751,0.443961,17752.103516
72,0.616440,0.399751,18001.740234
73,0.612952,0.388733,18251.283203
74,0.621075,0.375088,18500.912109
75,0.611414,0.378908,18750.365234
76,0.591301,0.408408,19000.021484
77,0.581629,0.429353,19266.240234
78,0.574527,0.434452,19515.755859
79,0.607342,0.442769,19765.335938
80,0.696752,0.455437,20014.824219
81,0.733793,0.444963,20264.486328
82,0.744803,0.428788,20513.986328
83,0.750711,0.454252,20763.613281
84,0.758589,0.517453,21013.142578
85,0.763031,0.581446,21262.746094
86,0.762659,0.607111,21512.386719
87,0.761253,0.616962,21761.781250
88,0.777089,0.611421,22011.515625
89,0.802006,0.595805,22260.970703
90,0.824398,0.579165,22510.578125
91,0.840660,0.564093,22760.076172
92,0.863423,0.549711,23009.634766
93,0.893569,0.520710,23259.142578
94,0.912459,0.504974,23508.798828
95,0.923879,0.494682,23758.330078
96,0.931657,0.490177,24007.898438
97,0.936433,0.486903,24257.359375
98,0.932924,0.488365,24507.019531
99,0.931326,0.495310,24756.708984
0,0.748641,0.497549,-0.054566
1,0.749285,0.494187,266.238647
2,0.747511,0.496243,515.756348
3,0.746521,0.495559,765.384766
4,0.737143,0.494345,1014.831970
5,0.666126,0.495110,1264.497803
6,0.626444,0.511031,1513.920898
7,0.618917,0.510493,1763.535889
8,0.619481,0.509007,2013.027344
9,0.619554,0.509774,2262.730225
10,0.619455,0.511360,2512.311279
11,0.620125,0.510802,2761.787598
12,0.620326,0.511444,3011.437012
13,0.620955,0.511758,3260.914551
14,0.622343,0.509915,3510.504883
15,0.623219,0.509158,3759.996338
16,0.625276,0.506275,4009.695068
17,0.665078,0.478201,4259.131348
18,0.707989,0.462776,4508.755371
19,0.704102,0.463196,4758.272949
20,0.703825,0.463911,5007.905273
21,0.705703,0.462620,5257.353027
22,0.768149,0.449960,5506.980957
23,0.839038,0.452141,5756.627441
24,0.867600,0.463595,6006.084473
25,0.896900,0.465934,6255.596680
26,0.916346,0.463708,6505.223145
27,0.932565,0.454185,6754.861816
28,0.947869,0.444278,7004.355957
29,0.965947,0.448483,7253.978516
30,0.985738,0.455502,7503.477539
31,0.000460,0.461883,7753.079102
32,0.001723,0.474302,8002.547852
33,0.003535,0.484373,8252.194336
34,0.047692,0.486559,8501.841797
35,0.091183,0.479930,8751.286133
36,0.108651,0.472555,9000.950195
37,0.120161,0.457290,9250.458984
38,0.136288,0.455255,9500.116211
39,0.163659,0.462146,9766.171875
40,0.188558,0.466539,10015.758789
41,0.233540,0.484048,10265.357422
42,0.270944,0.503685,10514.934570
43,0.298969,0.511498,10764.548828
44,0.320001,0.509239,11014.049805
45,0.326206,0.505430,11263.658203
46,0.328821,0.498581,11513.161133
47,0.313545,0.498053,11762.747070
48,0.238760,0.529681,12012.292969
49,0.174144,0.542750,12261.900391
50,0.143202,0.544228,12511.345703
51,0.139911,0.526024,12760.986328
52,0.138365,0.508364,13010.501953
53,0.138082,0.490011,13260.128906
54,0.157038,0.481019,13509.602539
55,0.183034,0.493887,13759.263672
56,0.214434,0.493566,14008.869141
57,0.264119,0.491611,14258.324219
58,0.352154,0.498570,14507.990234
59,0.433963,0.494640,14757.431641
60,0.495246,0.492359,15007.099609
61,0.527595,0.484780,15256.541992
62,0.542685,0.463510,15506.305664
63,0.562793,0.444146,15755.688477
64,0.572975,0.440979,16005.338867
65,0.569808,0.448295,16254.788086
66,0.568220,0.445579,16504.417969
67,0.569896,0.448162,16753.927734
68,0.569454,0.468713,17003.517578
69,0.576434,0.482862,17253.193359
70,0.583392,0.498417,17502.689453
71,0.586252,0.511754,17752.320312
72,0.582673,0.511998,18001.748047
73,0.570949,0.489498,18251.472656
74,0.566199,0.464001,18500.912109
75,0.569346,0.458493,18750.484375
76,0.570709,0.452425,19000.005859
77,0.567579,0.454581,19266.320312
78,0.562930,0.457959,19515.939453
79,0.560487,0.468523,19765.402344
80,0.559792,0.478744,20031.574219
81,0.559859,0.484084,20264.501953
82,0.559947,0.483703,20514.105469
83,0.543167,0.483542,20763.566406
84,0.536013,0.478118,21013.218750
85,0.541706,0.486321,21262.718750
86,0.545050,0.505378,21512.326172
87,0.547805,0.529876,21761.816406
88,0.549349,0.535053,22011.480469
89,0.550178,0.529754,22260.945312
90,0.550109,0.512513,22510.535156
91,0.555874,0.485682,22760.253906
92,0.556406,0.482446,23009.689453
93,0.554101,0.481013,23259.347656
94,0.554511,0.484687,23508.781250
95,0.553619,0.486493,23758.347656
96,0.537218,0.487424,24007.882812
97,0.440519,0.493520,24257.556641
98,0.397642,0.492885,24507.062500
99,0.395285,0.496876,24756.738281
0,0.750070,0.527412,-0.023442
1,0.750627,0.527325,332.785858
2,0.751837,0.492841,515.716980
3,0.758145,0.462818,765.340027
4,0.765420,0.465229,1014.896545
5,0.775723,0.465808,1264.547729
6,0.796139,0.473539,1513.950684
7,0.809656,0.474005,1763.674194
8,0.827396,0.474632,2013.099487
9,0.836180,0.481391,2262.685059
10,0.848434,0.485158,2512.360840
11,0.866148,0.491939,2761.834717
12,0.887100,0.496399,3011.484619
13,0.909259,0.492626,3277.573730
14,0.921723,0.483232,3527.174561
15,0.936059,0.464225,3760.067627
16,0.959079,0.449550,4009.693848
17,0.972273,0.447928,4259.145020
18,0.989075,0.455624,4525.475098
19,0.003547,0.474815,4758.304688
20,0.015545,0.494415,5007.925293
21,0.030531,0.505787,5274.131836
22,0.047418,0.511963,5507.060547
23,0.065384,0.511744,5756.644531
24,0.079160,0.508334,6006.110840
25,0.097638,0.497294,6255.793457
26,0.128490,0.506278,6571.775879
27,0.150937,0.493903,6804.773926
28,0.163042,0.496018,7004.352539
29,0.175942,0.507963,7254.071777
30,0.176983,0.508614,7503.555176
31,0.177077,0.510474,7753.132812
32,0.178297,0.506370,8002.580078
33,0.179012,0.503920,8252.228516
34,0.185734,0.500862,8501.740234
35,0.212744,0.504047,8751.329102
36,0.233598,0.505147,9017.608398
37,0.246575,0.502887,9250.475586
38,0.263158,0.508788,9500.173828
39,0.274955,0.518253,9766.177734
40,0.286154,0.527812,10015.795898
41,0.303636,0.519015,10265.363281
42,0.322660,0.497156,10514.969727
43,0.328817,0.487031,10764.404297
44,0.327059,0.489336,11014.091797
45,0.316205,0.486767,11263.713867
46,0.285833,0.484436,11513.203125
47,0.258133,0.482750,11762.769531
48,0.212598,0.485214,12045.502930
49,0.182978,0.487149,12261.938477
50,0.151179,0.488678,12511.383789
51,0.130594,0.492914,12761.031250
52,0.100981,0.502962,13027.159180
53,0.060327,0.506840,13276.749023
54,0.044181,0.522583,13509.658203
55,0.035991,0.541838,13759.279297
56,0.020058,0.538085,14008.798828
57,0.991180,0.479393,14258.373047
58,0.977828,0.427414,14508.002930
59,0.965886,0.429942,14757.459961
60,0.961567,0.433273,15007.139648
61,0.958895,0.434007,15273.260742
62,0.952307,0.434801,15506.233398
63,0.937706,0.441972,15755.685547
64,0.912894,0.461918,16005.318359
65,0.894380,0.472995,16338.081055
66,0.882932,0.479445,16570.955078
67,0.877616,0.478690,16753.957031
68,0.864213,0.482460,17003.552734
69,0.855857,0.482985,17253.238281
70,0.860433,0.476979,17535.904297
71,0.861202,0.478686,17752.312500
72,0.862145,0.479438,18001.767578
73,0.862925,0.480582,18251.523438
74,0.863350,0.481040,18517.572266
75,0.853458,0.496820,18767.218750
76,0.835877,0.506377,19000.041016
77,0.818732,0.507460,19266.289062
78,0.805887,0.497174,19515.748047
79,0.795343,0.479599,19782.013672
80,0.780041,0.474972,20015.048828
81,0.737519,0.464151,20264.568359
82,0.692438,0.453984,20514.222656
83,0.659869,0.441326,20763.609375
84,0.632554,0.432008,21013.351562
85,0.611639,0.430117,21262.708984
86,0.592227,0.445357,21512.388672
87,0.563524,0.502216,21828.501953
88,0.551531,0.547965,22077.951172
89,0.547640,0.549875,22261.023438
90,0.543375,0.544657,22510.566406
91,0.545403,0.542863,22760.121094
92,0.617460,0.536985,23026.351562
93,0.657960,0.535292,23259.371094
94,0.680532,0.530377,23508.816406
95,0.699828,0.530340,23758.480469
96,0.729612,0.514112,24024.542969
97,0.748035,0.500656,24257.599609
98,0.764561,0.485073,24507.033203
99,0.784259,0.476055,24756.732422
0,0.750051,0.368576,-0.026537
1,0.750005,0.368511,266.283264
2,0.749989,0.368782,515.781555
3,0.750421,0.366477,765.296021
4,0.757796,0.383097,1014.891724
5,0.786725,0.487623,1264.496216
6,0.805619,0.547868,1513.982422
7,0.822508,0.532678,1763.658203
8,0.861398,0.519911,2013.119507
9,0.896576,0.510189,2262.765625
10,0.910112,0.498749,2512.290039
11,0.922881,0.492283,2761.861328
12,0.943257,0.496334,3011.381348
13,0.963687,0.503392,3260.932861
14,0.984603,0.507944,3510.507324
15,0.999060,0.514034,3760.055420
16,0.990772,0.523190,4009.740234
17,0.966674,0.527871,4259.179199
18,0.927647,0.527440,4508.824219
19,0.872942,0.519522,4758.328613
20,0.815722,0.510552,5007.899414
21,0.762325,0.497832,5257.586426
22,0.720803,0.487561,5507.120605
23,0.684948,0.481472,5756.632324
24,0.636623,0.474223,6006.134277
25,0.596420,0.466758,6255.775391
26,0.562787,0.472261,6505.293945
27,0.528818,0.469955,6754.878418
28,0.499293,0.469609,7004.442871
29,0.473142,0.467239,7254.078613
30,0.452750,0.469621,7503.532715
31,0.434793,0.475408,7753.109375
32,0.413650,0.476072,8002.675781
33,0.384614,0.478309,8252.219727
34,0.355518,0.479574,8501.798828
35,0.335708,0.482182,8751.341797
36,0.320616,0.484892,9001.019531
37,0.309751,0.487324,9250.535156
38,0.304365,0.490375,9500.060547
39,0.308740,0.492310,9766.279297
40,0.313939,0.490324,10015.859375
41,0.321917,0.487593,10265.364258
42,0.336206,0.487732,10514.958984
43,0.352803,0.487729,10764.559570
44,0.371312,0.489316,11014.110352
45,0.396449,0.487095,11263.656250
46,0.424946,0.483955,11513.175781
47,0.457751,0.480807,11762.823242
48,0.491624,0.478029,12012.412109
49,0.527658,0.477280,12261.899414
50,0.571406,0.473541,12511.473633
51,0.618820,0.462576,12761.109375
52,0.667479,0.444825,13010.604492
53,0.732129,0.426340,13260.133789
54,0.794399,0.408186,13509.687500
55,0.832935,0.375754,13759.269531
56,0.848820,0.356703,14008.835938
57,0.866959,0.367378,14258.408203
58,0.895392,0.410984,14507.976562
59,0.922512,0.441354,14757.523438
60,0.941075,0.464702,15007.079102
61,0.952638,0.487780,15256.643555
62,0.962864,0.519015,15506.213867
63,0.981308,0.562825,15755.762695
64,0.994655,0.630173,16005.351562
65,0.002047,0.688347,16254.919922
66,0.023812,0.739265,16504.490234
67,0.017867,0.771965,16754.039062
68,0.958660,0.808302,17003.605469
69,0.911093,0.816189,17253.173828
70,0.922125,0.823259,17502.714844
71,0.893661,0.862295,17752.289062
72,0.854742,0.867864,18001.853516
73,0.895639,0.773951,18251.451172
74,0.970217,0.600620,18500.990234
75,0.024239,0.533339,18750.552734
76,0.055225,0.510242,19000.105469
77,0.068289,0.485165,19266.353516
78,0.069449,0.478105,19515.876953
79,0.052603,0.445628,19765.427734
80,0.016643,0.397742,20014.994141
81,0.954231,0.355479,20264.574219
82,0.841461,0.335126,20514.113281
83,0.745434,0.331234,20763.679688
84,0.723998,0.341905,21013.273438
85,0.677159,0.372672,21262.828125
86,0.643576,0.391103,21512.371094
87,0.620099,0.388635,21761.955078
88,0.606184,0.385562,22011.527344
89,0.592560,0.393367,22261.068359
90,0.583016,0.411083,22510.664062
91,0.589702,0.421799,22760.207031
92,0.590882,0.429285,23009.763672
93,0.594453,0.443791,23259.330078
94,0.608715,0.441029,23508.910156
95,0.626919,0.444214,23758.455078
96,0.638991,0.444360,24008.027344
97,0.656414,0.433708,24257.578125
98,0.678440,0.432997,24507.144531
99,0.710501,0.437218,24756.716797
0,0.751010,0.550151,-0.028769
1,0.757531,0.555822,266.185150
2,0.765724,0.547121,515.738586
3,0.767132,0.531764,765.338928
4,0.768650,0.521897,1014.915833
5,0.766283,0.527880,1264.498657
6,0.762879,0.541208,1514.065796
7,0.759900,0.548567,1763.598145
8,0.757205,0.553379,2013.161255
9,0.759355,0.554731,2262.722656
10,0.761115,0.558367,2512.247559
11,0.760939,0.558900,2761.855713
12,0.761277,0.558442,3011.444092
13,0.760762,0.559191,3261.025391
14,0.760306,0.556405,3510.539795
15,0.761663,0.530041,3760.142822
16,0.740859,0.496854,4009.670166
17,0.690862,0.481219,4259.200684
18,0.631478,0.479637,4508.812500
19,0.590143,0.479407,4758.326172
20,0.561478,0.485399,5007.927734
21,0.551087,0.491553,5257.470703
22,0.533919,0.502012,5507.134277
23,0.507144,0.506253,5756.621094
24,0.467228,0.503218,6006.145508
25,0.436295,0.491745,6255.795410
26,0.424685,0.479286,6505.297852
27,0.410267,0.480681,6754.867676
28,0.387209,0.493026,7004.388184
29,0.376566,0.498300,7254.068359
30,0.383307,0.501047,7503.536621
31,0.393787,0.498306,7753.096191
32,0.390046,0.485146,8002.709961
33,0.370774,0.480744,8252.233398
34,0.346039,0.488372,8501.873047
35,0.329652,0.494304,8751.392578
36,0.337191,0.496685,9000.995117
37,0.349685,0.502950,9250.468750
38,0.364707,0.507899,9500.070312
39,0.377763,0.516689,9766.235352
40,0.396033,0.535388,10015.892578
41,0.431075,0.551572,10265.469727
42,0.466787,0.566382,10514.977539
43,0.485391,0.561625,10764.507812
44,0.494207,0.546546,11014.109375
45,0.479323,0.532312,11263.632812
46,0.404085,0.502735,11513.233398
47,0.337077,0.490371,11762.749023
48,0.298857,0.493847,12012.343750
49,0.270984,0.499616,12261.999023
50,0.240733,0.506822,12511.439453
51,0.209571,0.509742,12761.104492
52,0.175275,0.510217,13010.592773
53,0.146560,0.520191,13260.165039
54,0.129389,0.534946,13509.762695
55,0.130490,0.539970,13759.361328
56,0.152425,0.535013,14008.855469
57,0.199468,0.521903,14258.406250
58,0.299358,0.520265,14508.038086
59,0.430816,0.512959,14757.568359
60,0.528580,0.486980,15007.107422
61,0.595342,0.458158,15256.732422
62,0.643844,0.423090,15506.268555
63,0.683472,0.384819,15755.788086
64,0.724056,0.313750,16005.358398
65,0.773667,0.288309,16255.024414
66,0.831648,0.310673,16504.498047
67,0.866247,0.348812,16754.027344
68,0.895280,0.394345,17003.619141
69,0.927083,0.414403,17253.216797
70,0.949421,0.424726,17502.751953
71,0.962993,0.440071,17752.306641
72,0.967155,0.459746,18001.865234
73,0.972910,0.469960,18251.408203
74,0.985599,0.480672,18501.000000
75,0.016421,0.482699,18750.539062
76,0.043692,0.484864,19000.111328
77,0.052526,0.487516,19266.310547
78,0.046949,0.497657,19515.878906
79,0.035472,0.501775,19765.431641
80,0.029706,0.502017,20014.998047
81,0.022295,0.503267,20264.595703
82,0.008885,0.492426,20514.138672
83,0.996124,0.485527,20763.707031
84,0.980861,0.479102,21013.263672
85,0.955754,0.473104,21262.814453
86,0.916761,0.480910,21512.386719
87,0.899106,0.478142,21761.970703
88,0.901177,0.477083,22011.523438
89,0.910642,0.478197,22261.085938
90,0.930228,0.472525,22510.656250
91,0.941208,0.463431,22760.210938
92,0.941118,0.463317,23009.791016
93,0.939826,0.465221,23259.332031
94,0.940686,0.465522,23508.900391
95,0.942725,0.457796,23758.468750
96,0.937971,0.462191,24008.021484
97,0.908829,0.474189,24257.583984
98,0.880782,0.480636,24507.144531
99,0.869821,0.486396,24756.765625
0,0.749602,0.506927,-0.011992
1,0.749486,0.506745,266.269653
2,0.749784,0.506900,515.750977
3,0.749619,0.506744,765.356018
4,0.754170,0.507161,1014.909180
5,0.761585,0.505742,1264.447021
6,0.768180,0.504900,1514.016113
7,0.785190,0.503572,1763.599121
8,0.805791,0.501792,2013.176025
9,0.823090,0.501561,2262.755859
10,0.834904,0.505032,2512.258057
11,0.845217,0.506036,2761.845703
12,0.856965,0.496046,3011.392334
13,0.874759,0.478599,3260.974609
14,0.896448,0.478965,3510.548340
15,0.912315,0.479423,3760.115479
16,0.930902,0.481928,4009.630615
17,0.944382,0.486173,4259.276367
18,0.952361,0.479475,4508.821777
19,0.955783,0.471715,4758.337402
20,0.956527,0.457671,5007.944824
21,0.950383,0.458636,5257.520996
22,0.941213,0.463815,5507.046387
23,0.931875,0.461066,5756.585449
24,0.928316,0.466062,6006.235840
25,0.928757,0.467632,6255.713379
26,0.935568,0.464215,6505.324707
27,0.941135,0.458514,6754.872559
28,0.946373,0.465404,7004.556152
29,0.958869,0.474063,7254.011719
30,0.968303,0.477418,7503.552734
31,0.976737,0.482563,7753.177246
32,0.986465,0.483160,8002.662109
33,0.996268,0.484178,8252.252930
34,0.009730,0.482718,8501.776367
35,0.026600,0.478688,8751.401367
36,0.040730,0.476441,9001.028320
37,0.052460,0.473839,9250.538086
38,0.061849,0.465296,9500.132812
39,0.072705,0.464837,9766.293945
40,0.084804,0.464703,10015.799805
41,0.092485,0.465167,10265.399414
42,0.090243,0.459779,10514.969727
43,0.080906,0.452851,10764.544922
44,0.071856,0.438369,11014.103516
45,0.063851,0.424705,11263.669922
46,0.066638,0.427704,11513.241211
47,0.079559,0.439546,11762.773438
48,0.084431,0.449323,12012.399414
49,0.079959,0.458608,12261.917969
50,0.079829,0.459635,12511.577148
51,0.078518,0.469317,12761.021484
52,0.091375,0.473933,13010.581055
53,0.119829,0.474738,13260.180664
54,0.140844,0.468700,13509.772461
55,0.156357,0.467054,13759.295898
56,0.170880,0.469114,14008.868164
57,0.188839,0.468292,14258.460938
58,0.207914,0.468576,14507.964844
59,0.224208,0.466238,14757.542969
60,0.238374,0.465508,15007.134766
61,0.253776,0.466229,15256.724609
62,0.267696,0.460063,15506.215820
63,0.274955,0.451351,15755.779297
64,0.275599,0.450734,16005.373047
65,0.273543,0.451472,16254.974609
66,0.272098,0.453917,16504.476562
67,0.270920,0.453258,16754.056641
68,0.273494,0.458907,17003.685547
69,0.291914,0.449217,17253.201172
70,0.314045,0.439216,17502.748047
71,0.330287,0.435347,17752.292969
72,0.341625,0.435819,18001.888672
73,0.357365,0.438545,18251.462891
74,0.374232,0.433757,18501.021484
75,0.377225,0.437222,18750.589844
76,0.375581,0.437062,19000.146484
77,0.373645,0.441888,19266.349609
78,0.367166,0.450583,19515.923828
79,0.360009,0.452517,19765.455078
80,0.355208,0.452143,20015.039062
81,0.352280,0.440482,20264.572266
82,0.348302,0.433041,20514.226562
83,0.344236,0.432499,20763.783203
84,0.332726,0.434899,21013.298828
85,0.304099,0.439495,21262.853516
86,0.283229,0.442641,21512.373047
87,0.272700,0.446265,21761.974609
88,0.271378,0.445781,22011.517578
89,0.272677,0.446761,22261.171875
90,0.273678,0.445989,22510.687500
91,0.273938,0.444547,22760.298828
92,0.273148,0.444740,23009.771484
93,0.273943,0.445583,23259.357422
94,0.273964,0.445222,23508.933594
95,0.267275,0.443794,23758.451172
96,0.256108,0.443039,24008.089844
97,0.242524,0.445355,24257.685547
98,0.233422,0.446248,24507.242188
99,0.233811,0.446824,24756.734375
0,0.757637,0.546954,0.012605
1,0.766680,0.547533,266.206573
2,0.776770,0.543916,515.747681
3,0.788550,0.541253,765.330444
4,0.790849,0.553980,1014.890686
5,0.782789,0.585093,1264.419434
6,0.762871,0.609927,1514.068481
7,0.715038,0.634788,1763.632202
8,0.628186,0.649592,2013.213867
9,0.580890,0.610650,2262.707031
10,0.569694,0.558171,2512.308105
11,0.581316,0.520378,2761.841553
12,0.624291,0.496085,3011.354004
13,0.670505,0.488612,3260.982422
14,0.734622,0.505389,3510.496094
15,0.818871,0.537640,3760.132080
16,0.893078,0.541144,4009.620361
17,0.950265,0.544383,4259.210449
18,0.998549,0.549493,4508.787109
19,0.045075,0.560534,4758.305664
20,0.077624,0.561184,5007.898926
21,0.102618,0.543716,5257.500488
22,0.108311,0.548110,5507.123047
23,0.075087,0.535273,5756.562988
24,0.012845,0.515068,6006.255371
25,0.977759,0.515549,6255.684570
26,0.947656,0.521434,6505.301758
27,0.923339,0.530864,6754.891602
28,0.913956,0.536129,7004.523438
29,0.908067,0.531259,7254.052246
30,0.897590,0.522059,7503.546875
31,0.896527,0.514703,7753.202148
32,0.908433,0.501863,8002.636719
33,0.951136,0.489379,8252.219727
34,0.017410,0.500011,8501.792969
35,0.099281,0.514915,8751.425781
36,0.137029,0.534746,9000.990234
37,0.163911,0.543159,9250.467773
38,0.186093,0.548684,9500.076172
39,0.203027,0.552303,9766.283203
40,0.216873,0.556772,10015.787109
41,0.230992,0.556423,10265.364258
42,0.251432,0.542129,10514.947266
43,0.268973,0.534876,10764.552734
44,0.291655,0.538520,11014.157227
45,0.293523,0.539412,11263.609375
46,0.219555,0.530048,11513.257812
47,0.154680,0.544368,11762.747070
48,0.100622,0.568337,12012.307617
49,0.062171,0.584044,12261.894531
50,0.032018,0.584731,12511.550781
51,0.997044,0.583687,12761.000000
52,0.955986,0.582027,13010.604492
53,0.916078,0.574848,13260.133789
54,0.888146,0.568693,13509.733398
55,0.875200,0.571257,13759.248047
56,0.861266,0.573560,14008.842773
57,0.845297,0.568467,14258.480469
58,0.824811,0.564418,14507.977539
59,0.800129,0.560365,14757.536133
60,0.781040,0.562368,15007.152344
61,0.770076,0.557881,15256.744141
62,0.772763,0.543361,15506.218750
63,0.785878,0.533951,15755.796875
64,0.805264,0.534548,16005.389648
65,0.854309,0.543313,16254.915039
66,0.905849,0.544401,16504.470703
67,0.942239,0.542732,16754.052734
68,0.968619,0.551824,17003.632812
69,0.988733,0.556626,17253.179688
70,0.946940,0.552533,17502.744141
71,0.875436,0.540032,17752.269531
72,0.841935,0.547666,18001.859375
73,0.802513,0.558803,18251.398438
74,0.735908,0.553369,18501.019531
75,0.686644,0.559308,18750.605469
76,0.650482,0.562101,19000.117188
77,0.620502,0.545468,19266.308594
78,0.609101,0.542917,19515.888672
79,0.606009,0.540774,19765.515625
80,0.634905,0.556623,20015.037109
81,0.668305,0.574331,20264.552734
82,0.666775,0.592003,20514.162109
83,0.682184,0.610987,20763.763672
84,0.713063,0.661758,21013.269531
85,0.714371,0.627685,21262.828125
86,0.706540,0.582407,21512.398438
87,0.696453,0.553346,21761.951172
88,0.693778,0.692667,22011.488281
89,0.704428,0.851308,22261.093750
90,0.692849,0.925166,22510.687500
91,0.655029,0.956282,22760.208984
92,0.647865,0.951623,23009.761719
93,0.660030,0.944715,23259.324219
94,0.669049,0.965324,23508.912109
95,0.634857,0.982080,23758.427734
96,0.717745,0.971605,24008.091797
97,0.747774,0.970196,24257.595703
98,0.738244,0.965128,24507.234375
99,0.720220,0.961082,24756.691406
0,0.748961,0.467940,-0.017150
1,0.749079,0.469810,266.253082
2,0.758905,0.466263,515.771057
3,0.807694,0.463753,765.340576
4,0.852223,0.471387,1014.873535
5,0.908474,0.474426,1264.466797
6,0.947678,0.471842,1513.999512
7,0.953533,0.462747,1763.624512
8,0.948866,0.464531,2013.182007
9,0.920451,0.462115,2262.787109
10,0.819175,0.449178,2512.256836
11,0.710812,0.424878,2761.885254
12,0.647037,0.413213,3011.397217
13,0.602769,0.416672,3260.925781
14,0.575477,0.425352,3510.549316
15,0.546084,0.441465,3760.098633
16,0.506568,0.450808,4009.676025
17,0.459923,0.449252,4259.238770
18,0.426060,0.444647,4508.784668
19,0.391660,0.450139,4758.342773
20,0.358329,0.453268,5007.938477
21,0.323780,0.448291,5257.532715
22,0.299260,0.445749,5507.024414
23,0.284712,0.440541,5756.667969
24,0.285621,0.441989,6006.156250
25,0.294347,0.445255,6255.784668
26,0.306827,0.449772,6505.287598
27,0.323446,0.454045,6754.840332
28,0.345917,0.454963,7004.419922
29,0.396601,0.461919,7254.047852
30,0.496852,0.474177,7503.600098
31,0.566381,0.488708,7753.101074
32,0.624529,0.513012,8002.733887
33,0.687384,0.523352,8252.252930
34,0.738098,0.515631,8501.792969
35,0.780114,0.513470,8751.366211
36,0.815929,0.518501,9000.945312
37,0.850690,0.518863,9250.537109
38,0.883598,0.522789,9500.039062
39,0.916719,0.521370,9766.229492
40,0.949756,0.518773,10015.886719
41,0.981203,0.517654,10265.349609
42,0.011799,0.520027,10514.933594
43,0.041583,0.522435,10764.502930
44,0.070276,0.518851,11014.095703
45,0.096534,0.515797,11263.677734
46,0.115679,0.509999,11513.222656
47,0.128590,0.513865,11762.807617
48,0.141887,0.517660,12012.298828
49,0.151730,0.524765,12261.914062
50,0.154357,0.530802,12511.489258
51,0.154600,0.530935,12761.115234
52,0.153051,0.529016,13010.571289
53,0.152517,0.526313,13260.144531
54,0.147688,0.529635,13509.745117
55,0.141058,0.535183,13759.343750
56,0.128104,0.542905,14008.895508
57,0.107981,0.559673,14258.375977
58,0.076883,0.606928,14508.050781
59,0.043212,0.648585,14757.507812
60,0.017958,0.678957,15007.069336
61,0.031607,0.751419,15256.645508
62,0.051430,0.842081,15506.310547
63,0.031899,0.897720,15755.806641
64,0.016984,0.895401,16005.381836
65,0.015894,0.891326,16254.960938
66,0.019965,0.894217,16504.482422
67,0.022390,0.894679,16754.046875
68,0.022003,0.897349,17003.589844
69,0.019808,0.896256,17253.208984
70,0.007312,0.876076,17502.767578
71,0.995330,0.825064,17752.292969
72,0.960245,0.719604,18001.906250
73,0.951540,0.579551,18251.447266
74,0.965910,0.486999,18500.982422
75,0.985900,0.415468,18750.589844
76,0.995331,0.378842,19000.175781
77,0.973206,0.416179,19266.335938
78,0.925129,0.516912,19515.855469
79,0.888445,0.606089,19765.429688
80,0.889019,0.634399,20015.080078
81,0.912196,0.629563,20264.605469
82,0.945470,0.627207,20514.123047
83,0.977640,0.592776,20763.708984
84,0.981542,0.507305,21013.326172
85,0.987236,0.411758,21262.849609
86,0.991721,0.336535,21512.416016
87,0.977660,0.279172,21761.976562
88,0.948702,0.267745,22011.531250
89,0.911949,0.262213,22261.058594
90,0.898364,0.237910,22510.699219
91,0.894387,0.241295,22760.263672
92,0.882057,0.320123,23009.804688
93,0.873010,0.433336,23259.330078
94,0.869503,0.510314,23508.945312
95,0.892118,0.617125,23758.437500
96,0.920039,0.726643,24008.003906
97,0.931901,0.772463,24257.664062
98,0.937987,0.781638,24507.246094
99,0.939310,0.784488,24756.785156
0,0.750989,0.520292,0.012592
1,0.751798,0.521934,266.230896
2,0.753778,0.523687,515.843872
3,0.770967,0.526130,765.438965
4,0.816950,0.526931,1014.994751
5,0.865873,0.518839,1264.537354
6,0.903167,0.511868,1514.084595
7,0.913709,0.505816,1763.695557
8,0.914167,0.498931,2013.177124
9,0.922873,0.494985,2262.784912
10,0.945235,0.483318,2512.305176
11,0.973068,0.488998,2761.890381
12,0.000125,0.502818,3011.420898
13,0.045128,0.516058,3261.018066
14,0.075084,0.522550,3510.685791
15,0.077998,0.528305,3760.138428
16,0.077852,0.529835,4009.702393
17,0.075595,0.531340,4259.256836
18,0.074093,0.550751,4508.933105
19,0.072693,0.563319,4758.365723
20,0.070009,0.560058,5007.932617
21,0.063606,0.557929,5257.501953
22,0.048973,0.552278,5507.157715
23,0.010984,0.533415,5756.672852
24,0.970737,0.502541,6006.247559
25,0.939384,0.480585,6255.880371
26,0.899080,0.471295,6505.357422
27,0.850053,0.470046,6754.901367
28,0.780468,0.476117,7004.494629
29,0.720886,0.482357,7254.109375
30,0.678321,0.488634,7503.577637
31,0.644145,0.491591,7753.185059
32,0.618096,0.487620,8002.743652
33,0.593696,0.484991,8252.309570
34,0.570140,0.486957,8501.836914
35,0.535745,0.487202,8751.423828
36,0.527806,0.482250,9001.012695
37,0.464597,0.472786,9250.517578
38,0.414697,0.482963,9500.221680
39,0.443541,0.474777,9766.334961
40,0.528542,0.454164,10015.903320
41,0.562372,0.452854,10265.439453
42,0.572476,0.460120,10514.978516
43,0.571127,0.471359,10764.549805
44,0.579071,0.469993,11014.208008
45,0.583484,0.467283,11263.662109
46,0.587948,0.469713,11513.283203
47,0.588518,0.464830,11762.810547
48,0.597583,0.466716,12012.417969
49,0.636109,0.465418,12261.929688
50,0.687781,0.470734,12511.513672
51,0.703703,0.472211,12761.089844
52,0.702518,0.471933,13010.666992
53,0.694034,0.473516,13260.214844
54,0.659564,0.478648,13509.786133
55,0.633160,0.483994,13759.358398
56,0.626828,0.487998,14008.870117
57,0.624774,0.488255,14258.500000
58,0.624440,0.487027,14508.016602
59,0.624243,0.485938,14757.655273
60,0.623494,0.485884,15007.135742
61,0.622866,0.486160,15256.756836
62,0.622177,0.486363,15506.272461
63,0.621731,0.486708,15755.823242
64,0.621142,0.477575,16005.423828
65,0.634503,0.373632,16254.983398
66,0.687360,0.245472,16504.552734
67,0.763659,0.193048,16754.070312
68,0.810114,0.235752,17003.746094
69,0.856709,0.321485,17253.248047
70,0.879834,0.388774,17502.757812
71,0.899405,0.466153,17752.378906
72,0.889843,0.494921,18001.919922
73,0.872314,0.497700,18251.505859
74,0.855874,0.502074,18501.023438
75,0.842178,0.514917,18750.687500
76,0.828354,0.519348,19000.148438
77,0.804911,0.521157,19266.390625
78,0.772863,0.519069,19515.917969
79,0.751776,0.508959,19765.515625
80,0.743483,0.497988,20015.042969
81,0.703063,0.495892,20264.697266
82,0.649592,0.504957,20514.175781
83,0.630876,0.502837,20763.810547
84,0.626904,0.495460,21013.304688
85,0.626854,0.487575,21262.894531
86,0.629157,0.483906,21512.529297
87,0.631616,0.481319,21762.005859
88,0.633520,0.478944,22011.593750
89,0.631704,0.477340,22261.113281
90,0.630182,0.473755,22510.806641
91,0.629781,0.471855,22760.289062
92,0.631396,0.475095,23009.845703
93,0.634941,0.477508,23259.423828
94,0.637608,0.476798,23509.005859
95,0.636578,0.473300,23758.564453
96,0.631317,0.469892,24008.062500
97,0.619645,0.476694,24257.726562
98,0.610204,0.497459,24507.216797
99,0.605758,0.501311,24756.794922
0,0.749786,0.606912,0.020065
1,0.749203,0.607562,266.236633
2,0.747896,0.602782,515.797668
3,0.738924,0.558651,765.361084
4,0.734196,0.517571,1014.921875
5,0.735210,0.509586,1264.511963
6,0.736145,0.511564,1514.038696
7,0.713358,0.515053,1763.609497
8,0.632459,0.538978,2013.125366
9,0.578954,0.531051,2262.688232
10,0.571497,0.532233,2512.267822
11,0.569899,0.537022,2761.867920
12,0.561339,0.566407,3011.395508
13,0.549195,0.615558,3260.954102
14,0.549543,0.623387,3510.598633
15,0.549363,0.608934,3760.066406
16,0.543396,0.572129,4009.650879
17,0.523746,0.567657,4259.257812
18,0.466362,0.562484,4508.872559
19,0.416128,0.541843,4758.384277
20,0.390092,0.536914,5007.911621
21,0.381053,0.525532,5257.576172
22,0.374722,0.517042,5507.044434
23,0.377595,0.515234,5756.596680
24,0.369916,0.513575,6006.184570
25,0.322895,0.506918,6255.722656
26,0.261417,0.514615,6505.351562
27,0.236762,0.522897,6754.854980
28,0.248618,0.530079,7004.421387
29,0.279315,0.539460,7254.012695
30,0.293258,0.559744,7503.535645
31,0.297681,0.597138,7753.177246
32,0.292901,0.603617,8002.672852
33,0.272799,0.580926,8252.262695
34,0.230725,0.643603,8501.820312
35,0.180492,0.677494,8751.388672
36,0.129327,0.696820,9000.956055
37,0.136702,0.790107,9250.500977
38,0.156066,0.841677,9500.073242
39,0.144126,0.860784,9766.277344
40,0.137067,0.859287,10015.857422
41,0.134434,0.867948,10265.390625
42,0.115469,0.881489,10514.953125
43,0.093685,0.892966,10764.532227
44,0.074350,0.904006,11014.106445
45,0.058226,0.911266,11263.642578
46,0.050245,0.914683,11513.223633
47,0.066325,0.908622,11762.751953
48,0.066972,0.847037,12012.355469
49,0.997006,0.716873,12261.906250
50,0.981334,0.635832,12511.469727
51,0.988694,0.571216,12761.036133
52,0.992914,0.513345,13010.598633
53,0.995942,0.493906,13260.187500
54,0.003793,0.499893,13509.725586
55,0.015663,0.511177,13759.311523
56,0.030015,0.520989,14008.875000
57,0.043813,0.525537,14258.442383
58,0.055782,0.530966,14507.973633
59,0.064910,0.536640,14757.537109
60,0.079462,0.542275,15007.096680
61,0.094208,0.544676,15256.666992
62,0.104209,0.545856,15506.247070
63,0.110351,0.549407,15755.839844
64,0.113857,0.551000,16005.349609
65,0.114346,0.552738,16254.904297
66,0.114234,0.555472,16504.476562
67,0.115671,0.558705,16754.060547
68,0.115612,0.560714,17003.628906
69,0.114612,0.562483,17253.185547
70,0.116339,0.561396,17502.748047
71,0.142374,0.559937,17752.314453
72,0.212297,0.565453,18001.853516
73,0.344758,0.550091,18251.445312
74,0.501913,0.542625,18500.990234
75,0.580826,0.554033,18750.566406
76,0.620025,0.551708,19000.117188
77,0.659348,0.551519,19266.333984
78,0.696727,0.549530,19515.878906
79,0.764516,0.543837,19765.455078
80,0.842069,0.546054,20015.027344
81,0.892045,0.551086,20264.595703
82,0.928771,0.542635,20514.138672
83,0.955092,0.502892,20763.728516
84,0.953146,0.403519,21013.281250
85,0.957561,0.309187,21262.884766
86,0.986844,0.264901,21512.392578
87,0.011126,0.238976,21761.964844
88,0.040750,0.246119,22011.566406
89,0.074157,0.306316,22261.107422
90,0.081316,0.408091,22510.656250
91,0.049542,0.505199,22760.218750
92,0.988603,0.561336,23009.781250
93,0.932880,0.575101,23259.335938
94,0.898677,0.581375,23508.908203
95,0.873321,0.580522,23758.498047
96,0.847792,0.578746,24008.048828
97,0.826008,0.578356,24257.593750
98,0.803297,0.579950,24507.179688
99,0.789550,0.577212,24756.730469
0,0.750049,0.490726,-0.003563
1,0.749553,0.490889,266.145538
2,0.753238,0.499045,515.710144
3,0.762455,0.540520,765.324280
4,0.699963,0.532960,1014.891479
5,0.620861,0.487567,1264.420654
6,0.592869,0.478653,1514.072266
7,0.588265,0.468557,1763.519897
8,0.579980,0.475167,2013.119629
9,0.554883,0.492849,2262.749268
10,0.538220,0.500940,2512.291748
11,0.542170,0.507935,2761.813477
12,0.595890,0.525833,3011.396729
13,0.637293,0.530905,3261.002197
14,0.653178,0.530068,3510.485840
15,0.666220,0.529496,3760.088867
16,0.686145,0.537934,4009.650635
17,0.728624,0.531634,4259.282227
18,0.779782,0.510858,4508.801758
19,0.821440,0.494497,4758.328125
20,0.848591,0.484418,5007.918457
21,0.872775,0.464237,5257.456543
22,0.885490,0.452896,5507.100098
23,0.903453,0.451220,5756.543945
24,0.945843,0.456447,6006.160645
25,0.965356,0.453299,6255.695312
26,0.979021,0.443285,6505.258301
27,0.987650,0.440181,6754.870605
28,0.988620,0.442754,7004.400879
29,0.984932,0.466303,7253.983887
30,0.986285,0.476455,7503.529785
31,0.001432,0.483841,7753.119629
32,0.059326,0.490674,8002.651367
33,0.102757,0.491964,8252.218750
34,0.127995,0.497482,8501.810547
35,0.154895,0.505332,8751.387695
36,0.170309,0.504156,9000.884766
37,0.178704,0.503667,9250.498047
38,0.189813,0.505368,9500.075195
39,0.197673,0.500395,9766.264648
40,0.189862,0.495466,10015.791016
41,0.181868,0.495021,10265.359375
42,0.169276,0.495898,10514.940430
43,0.148189,0.491556,10764.498047
44,0.134318,0.493364,11014.042969
45,0.123955,0.496958,11263.587891
46,0.109692,0.496853,11513.208984
47,0.096523,0.504718,11762.773438
48,0.067963,0.513833,12012.301758
49,0.013029,0.524619,12261.879883
50,0.981917,0.521458,12511.451172
51,0.975994,0.511819,12760.983398
52,0.970372,0.466654,13010.550781
53,0.968571,0.441584,13260.166016
54,0.966562,0.431421,13509.740234
55,0.963134,0.423361,13759.296875
56,0.945398,0.391236,14008.929688
57,0.914776,0.365936,14258.451172
58,0.892081,0.361041,14507.974609
59,0.884880,0.381231,14757.506836
60,0.885524,0.416644,15007.069336
61,0.886830,0.436009,15256.660156
62,0.885256,0.452752,15506.203125
63,0.885137,0.466344,15755.858398
64,0.882534,0.474101,16005.340820
65,0.881592,0.477742,16254.958984
66,0.882039,0.479833,16504.474609
67,0.884080,0.482807,16754.054688
68,0.886820,0.485535,17003.621094
69,0.888566,0.487644,17253.177734
70,0.885401,0.492022,17502.708984
71,0.870993,0.506190,17752.355469
72,0.856499,0.514220,18001.884766
73,0.849473,0.515489,18251.412109
74,0.836435,0.514653,18501.009766
75,0.822871,0.511656,18750.587891
76,0.800969,0.491842,19000.119141
77,0.791457,0.490138,19266.277344
78,0.789309,0.490132,19515.861328
79,0.788560,0.490577,19765.421875
80,0.785820,0.491958,20015.039062
81,0.778307,0.501441,20264.568359
82,0.766909,0.509575,20514.134766
83,0.762395,0.512950,20763.693359
84,0.763418,0.512151,21013.259766
85,0.788608,0.510759,21262.835938
86,0.838000,0.515065,21512.371094
87,0.862891,0.517161,21761.970703
88,0.901146,0.524978,22011.492188
89,0.941035,0.521058,22261.095703
90,0.948018,0.520362,22510.648438
91,0.953943,0.520023,22760.267578
92,0.982225,0.516208,23009.791016
93,0.007786,0.515034,23259.349609
94,0.019880,0.519712,23508.919922
95,0.027319,0.521147,23758.431641
96,0.034142,0.520404,24008.070312
97,0.043719,0.519627,24257.564453
98,0.051383,0.518553,24507.166016
99,0.060545,0.520208,24756.681641
0,0.750203,0.538286,0.016846
1,0.749985,0.537702,266.284180
2,0.748995,0.534183,515.710388
3,0.747742,0.496144,765.278564
4,0.744476,0.434878,1014.826599
5,0.744288,0.411198,1264.518311
6,0.757084,0.399035,1514.074951
7,0.811426,0.403681,1763.631470
8,0.829122,0.429212,2013.126831
9,0.836329,0.440360,2262.702637
10,0.845735,0.447679,2512.415283
11,0.857084,0.451047,2761.826416
12,0.877637,0.445842,3011.473877
13,0.912321,0.440897,3260.910400
14,0.948599,0.421898,3510.614258
15,0.982165,0.398421,3760.084229
16,0.996625,0.394180,4009.697021
17,0.998105,0.415958,4259.245605
18,0.003710,0.434957,4508.791992
19,0.021994,0.446779,4758.297852
20,0.053141,0.448887,5007.930176
21,0.079620,0.451539,5257.386230
22,0.108249,0.453974,5507.013184
23,0.134485,0.454194,5756.626465
24,0.163872,0.450548,6006.190918
25,0.209353,0.447855,6255.834473
26,0.241042,0.444290,6505.239746
27,0.283403,0.441928,6754.924316
28,0.323038,0.437428,7004.389160
29,0.337266,0.439625,7254.008301
30,0.338620,0.447032,7503.468750
31,0.338614,0.452393,7753.085938
32,0.337132,0.459006,8002.628418
33,0.335296,0.497045,8252.215820
34,0.327735,0.494987,8501.955078
35,0.313357,0.495103,8751.415039
36,0.294485,0.502138,9001.035156
37,0.246301,0.557421,9250.431641
38,0.173708,0.626245,9500.063477
39,0.102665,0.682847,9766.231445
40,0.060758,0.744565,10015.845703
41,0.025654,0.792042,10265.279297
42,0.984608,0.818598,10514.943359
43,0.961371,0.850798,10764.457031
44,0.946679,0.882377,11014.089844
45,0.938812,0.909670,11263.651367
46,0.931942,0.929037,11513.132812
47,0.945534,0.939895,11762.840820
48,0.959359,0.946660,12012.265625
49,0.958586,0.947597,12261.926758
50,0.954157,0.946200,12511.423828
51,0.947031,0.945115,12761.091797
52,0.944991,0.942774,13010.486328
53,0.945956,0.939861,13260.144531
54,0.948962,0.935837,13509.630859
55,0.951254,0.931405,13759.217773
56,0.954053,0.924421,14008.953125
57,0.958087,0.909989,14258.337891
58,0.963646,0.872418,14508.016602
59,0.967669,0.779057,14774.146484
60,0.967745,0.594182,15007.024414
61,0.967162,0.453838,15256.620117
62,0.966607,0.415244,15506.193359
63,0.937818,0.394610,15755.735352
64,0.894193,0.396530,16005.302734
65,0.871726,0.399416,16254.931641
66,0.820357,0.409478,16504.437500
67,0.765170,0.405368,16754.029297
68,0.735994,0.396538,17003.646484
69,0.698971,0.392956,17253.218750
70,0.648608,0.424836,17502.705078
71,0.632941,0.435451,17752.298828
72,0.624822,0.433389,18001.888672
73,0.620790,0.433033,18251.394531
74,0.617832,0.441940,18501.003906
75,0.619095,0.450692,18750.593750
76,0.620486,0.453015,19000.039062
77,0.624135,0.445231,19266.253906
78,0.627942,0.428765,19516.027344
79,0.631303,0.412929,19765.439453
80,0.633738,0.405755,20014.976562
81,0.634908,0.406408,20264.482422
82,0.635004,0.410620,20514.156250
83,0.634491,0.415658,20763.609375
84,0.634422,0.417733,21013.251953
85,0.635037,0.419160,21262.714844
86,0.637125,0.420361,21512.400391
87,0.646969,0.419957,21761.875000
88,0.672367,0.416606,22011.447266
89,0.709891,0.411274,22260.970703
90,0.765963,0.411584,22510.603516
91,0.826207,0.420532,22760.218750
92,0.884707,0.419175,23009.677734
93,0.941010,0.410126,23259.357422
94,0.977965,0.393584,23508.882812
95,0.988593,0.380374,23758.460938
96,0.990749,0.376164,24007.949219
97,0.994116,0.390379,24257.562500
98,0.994443,0.433646,24507.058594
99,0.988324,0.457966,24756.650391
0,0.750113,0.564941,-0.009902
1,0.750249,0.565630,266.253876
2,0.750621,0.560139,515.799377
3,0.750748,0.549237,765.374817
4,0.751888,0.540575,1014.923279
5,0.752491,0.531897,1264.525391
6,0.752905,0.523590,1514.053589
7,0.755515,0.514862,1763.591187
8,0.760031,0.507092,2013.202148
9,0.759966,0.506322,2262.752686
10,0.765499,0.503167,2512.325439
11,0.793181,0.513457,2761.843994
12,0.812679,0.521992,3011.464844
13,0.825839,0.523183,3261.004150
14,0.845666,0.521535,3510.516113
15,0.873105,0.517310,3760.200928
16,0.903998,0.511721,4009.633301
17,0.927079,0.499392,4259.258301
18,0.937506,0.493449,4508.773926
19,0.956792,0.488174,4758.451660
20,0.974657,0.484404,5007.912598
21,0.981929,0.480141,5257.479980
22,0.987196,0.463965,5507.119141
23,0.996899,0.452718,5756.675293
24,0.012484,0.442680,6006.167969
25,0.019837,0.434734,6255.734375
26,0.021901,0.437054,6505.359863
27,0.028502,0.436177,6754.849609
28,0.044388,0.439846,7004.415527
29,0.063614,0.450531,7254.101074
30,0.079394,0.467496,7503.622559
31,0.097550,0.485867,7753.134766
32,0.113081,0.495876,8002.716309
33,0.120152,0.501020,8252.308594
34,0.112747,0.509645,8501.802734
35,0.083240,0.522801,8751.392578
36,0.058636,0.513697,9000.942383
37,0.035188,0.498309,9250.584961
38,0.010510,0.479896,9500.083984
39,0.976868,0.464348,9766.359375
40,0.932215,0.453676,10015.854492
41,0.895759,0.449578,10265.430664
42,0.865418,0.445265,10514.945312
43,0.835310,0.446754,10764.500977
44,0.805657,0.450039,11014.144531
45,0.776632,0.461231,11263.660156
46,0.748251,0.469368,11513.228516
47,0.721295,0.478039,11762.794922
48,0.684847,0.500354,12012.378906
49,0.641363,0.510532,12261.929688
50,0.612524,0.504688,12511.450195
51,0.598447,0.503249,12761.024414
52,0.589820,0.506559,13010.621094
53,0.586886,0.502747,13260.187500
54,0.586980,0.503286,13509.705078
55,0.592366,0.513762,13759.337891
56,0.601981,0.497846,14008.894531
57,0.610235,0.501239,14258.414062
58,0.618707,0.506379,14508.074219
59,0.643826,0.501803,14757.645508
60,0.689275,0.495465,15007.157227
61,0.728045,0.490195,15256.651367
62,0.750077,0.491371,15506.235352
63,0.764163,0.495885,15755.797852
64,0.781817,0.497482,16005.335938
65,0.804122,0.494288,16255.007812
66,0.825889,0.495750,16504.537109
67,0.851138,0.499421,16754.152344
68,0.877295,0.503337,17003.617188
69,0.910205,0.499107,17253.208984
70,0.944182,0.494963,17502.759766
71,0.977079,0.489354,17752.316406
72,0.008901,0.486485,18001.857422
73,0.034522,0.486447,18251.435547
74,0.056585,0.484831,18501.011719
75,0.075152,0.485652,18750.605469
76,0.093762,0.487379,19000.210938
77,0.111608,0.487411,19266.310547
78,0.131187,0.490039,19515.916016
79,0.158027,0.493408,19765.462891
80,0.200006,0.491299,20015.070312
81,0.245272,0.487384,20264.568359
82,0.284218,0.486809,20514.187500
83,0.310335,0.490435,20763.710938
84,0.331633,0.490204,21013.308594
85,0.353625,0.491022,21262.845703
86,0.373830,0.497908,21512.464844
87,0.382356,0.497694,21762.013672
88,0.379681,0.487386,22011.519531
89,0.377097,0.483282,22261.208984
90,0.373913,0.481470,22510.642578
91,0.370193,0.484418,22760.228516
92,0.370599,0.488381,23009.785156
93,0.408640,0.506631,23259.347656
94,0.439335,0.510764,23508.900391
95,0.436051,0.508503,23758.492188
96,0.388903,0.483840,24008.064453
97,0.345827,0.472885,24257.609375
98,0.289503,0.475311,24507.162109
99,0.259071,0.480870,24756.720703
0,0.750370,0.502701,0.027436
1,0.750688,0.501681,266.233429
2,0.750624,0.502163,515.892456
3,0.751066,0.503238,765.353210
4,0.751231,0.503106,1014.953003
5,0.751132,0.502227,1264.521973
6,0.751058,0.502773,1514.095947
7,0.751497,0.503381,1763.625366
8,0.752063,0.504126,2013.170044
9,0.752535,0.504541,2262.752197
10,0.753097,0.505882,2512.306152
11,0.754214,0.505134,2761.864990
12,0.759014,0.506578,3011.426025
13,0.769243,0.507675,3260.988525
14,0.779871,0.508256,3510.559814
15,0.790437,0.508758,3760.120605
16,0.799921,0.508255,4009.704102
17,0.807223,0.508478,4259.249512
18,0.814796,0.507200,4508.838867
19,0.821092,0.509274,4758.389160
20,0.822527,0.512686,5007.961426
21,0.824969,0.512199,5257.525879
22,0.830976,0.506486,5507.058105
23,0.839407,0.508118,5756.642578
24,0.846261,0.503295,6006.198242
25,0.851083,0.497524,6255.791504
26,0.854775,0.495105,6505.312012
27,0.856605,0.492923,6754.890625
28,0.864439,0.494108,7004.449707
29,0.871870,0.495115,7254.003906
30,0.874835,0.496917,7503.589844
31,0.878279,0.495193,7753.147949
32,0.883981,0.496691,8002.697754
33,0.889364,0.497191,8252.289062
34,0.894604,0.498496,8501.844727
35,0.899280,0.498915,8751.386719
36,0.902811,0.499494,9000.970703
37,0.911074,0.498297,9250.528320
38,0.922462,0.495003,9500.080078
39,0.928325,0.490432,9766.306641
40,0.933268,0.488901,10015.852539
41,0.937254,0.489240,10265.416016
42,0.939890,0.488787,10514.996094
43,0.943059,0.490548,10764.566406
44,0.943843,0.488707,11014.116211
45,0.945933,0.488408,11263.660156
46,0.948934,0.489291,11513.242188
47,0.951671,0.489399,11762.819336
48,0.953398,0.487325,12012.394531
49,0.954117,0.487651,12261.925781
50,0.954388,0.488124,12511.504883
51,0.955089,0.490530,12761.065430
52,0.955056,0.491126,13010.659180
53,0.954941,0.490575,13260.224609
54,0.955401,0.495130,13509.760742
55,0.956321,0.504073,13759.335938
56,0.956002,0.505433,14008.875000
57,0.956954,0.508896,14258.439453
58,0.958574,0.508780,14507.995117
59,0.963578,0.518205,14757.554688
60,0.972154,0.537994,15007.123047
61,0.976118,0.546329,15256.712891
62,0.985414,0.547910,15506.260742
63,0.996259,0.548223,15755.828125
64,0.007336,0.549626,16005.380859
65,0.018790,0.546278,16254.949219
66,0.024503,0.545962,16504.541016
67,0.027873,0.538261,16754.076172
68,0.033387,0.539445,17003.634766
69,0.037919,0.534796,17253.193359
70,0.041387,0.537438,17502.783203
71,0.046127,0.540523,17752.339844
72,0.052844,0.539450,18001.912109
73,0.061411,0.535344,18251.509766
74,0.073979,0.521063,18501.054688
75,0.089427,0.509100,18750.591797
76,0.099485,0.506868,19000.142578
77,0.105787,0.499788,19266.375000
78,0.117763,0.497521,19515.908203
79,0.130187,0.497213,19765.478516
80,0.133159,0.491047,20015.076172
81,0.134901,0.490849,20264.625000
82,0.137288,0.493740,20514.162109
83,0.138619,0.496443,20763.728516
84,0.141223,0.498299,21013.302734
85,0.143438,0.498664,21262.875000
86,0.144182,0.497759,21512.423828
87,0.146014,0.496103,21761.996094
88,0.148303,0.494779,22011.572266
89,0.150947,0.494739,22261.119141
90,0.151961,0.495397,22510.675781
91,0.154809,0.496532,22760.255859
92,0.158280,0.497047,23009.873047
93,0.163137,0.497028,23259.373047
94,0.171347,0.497541,23508.951172
95,0.180580,0.497373,23758.496094
96,0.189930,0.496903,24008.072266
97,0.199707,0.496130,24257.625000
98,0.206251,0.493956,24507.257812
99,0.208805,0.492402,24756.771484
0,0.750087,0.545948,-0.001921
1,0.751683,0.542038,266.270630
2,0.754737,0.512765,515.740540
3,0.759101,0.468622,765.358765
4,0.768913,0.450133,1014.877014
5,0.804046,0.463636,1264.430176
6,0.850147,0.477457,1514.112915
7,0.884679,0.482383,1763.620972
8,0.910582,0.477317,2013.197510
9,0.938452,0.462644,2262.740479
10,0.945240,0.466031,2512.308838
11,0.953806,0.472420,2761.924316
12,0.961727,0.484481,3011.389404
13,0.962796,0.492802,3261.029541
14,0.962581,0.494677,3510.502930
15,0.963237,0.496442,3760.137207
16,0.967977,0.497777,4009.695068
17,0.977241,0.496693,4259.251465
18,0.970281,0.478854,4508.882324
19,0.956842,0.463126,4758.373535
20,0.989534,0.470922,5007.934570
21,0.038903,0.488230,5257.471680
22,0.071986,0.493438,5507.019043
23,0.100662,0.491344,5756.630371
24,0.123026,0.491810,6006.195801
25,0.144053,0.499206,6255.757812
26,0.163086,0.508815,6505.289062
27,0.170862,0.511721,6754.966309
28,0.179496,0.508414,7004.423340
29,0.195546,0.503031,7254.008789
30,0.202110,0.506141,7503.559570
31,0.202327,0.507638,7753.186523
32,0.201502,0.509016,8002.685059
33,0.198333,0.509082,8252.240234
34,0.195127,0.509109,8501.883789
35,0.190223,0.508979,8751.362305
36,0.184158,0.509209,9000.928711
37,0.174916,0.509766,9250.600586
38,0.164917,0.510907,9500.073242
39,0.157687,0.511908,9766.321289
40,0.151243,0.509457,10015.817383
41,0.141883,0.502792,10265.384766
42,0.131264,0.502844,10515.051758
43,0.116860,0.503424,10764.561523
44,0.103304,0.503110,11014.086914
45,0.092332,0.502872,11263.745117
46,0.081042,0.503143,11513.214844
47,0.054147,0.496131,11762.760742
48,0.017634,0.487979,12012.347656
49,0.001797,0.486471,12261.891602
50,0.995997,0.491050,12511.560547
51,0.991413,0.497060,12761.010742
52,0.988703,0.496469,13010.616211
53,0.969516,0.494288,13260.149414
54,0.914154,0.505267,13509.744141
55,0.860680,0.519311,13759.271484
56,0.837554,0.518443,14008.866211
57,0.857388,0.491531,14258.462891
58,0.878667,0.465170,14507.953125
59,0.883651,0.453293,14757.582031
60,0.893411,0.453155,15007.092773
61,0.913688,0.468674,15256.705078
62,0.925045,0.481765,15506.216797
63,0.925832,0.480515,15755.901367
64,0.922085,0.481537,16005.357422
65,0.913804,0.483265,16255.009766
66,0.904293,0.483518,16504.505859
67,0.889865,0.483828,16754.058594
68,0.875869,0.482737,17003.644531
69,0.846939,0.475404,17253.171875
70,0.782092,0.466911,17502.789062
71,0.751668,0.469219,17752.330078
72,0.744729,0.465723,18001.892578
73,0.703768,0.463043,18251.425781
74,0.652463,0.480094,18501.052734
75,0.628142,0.490324,18750.574219
76,0.618377,0.487352,19000.103516
77,0.609324,0.483547,19266.324219
78,0.604272,0.481416,19515.970703
79,0.603620,0.483950,19765.468750
80,0.603006,0.489453,20015.017578
81,0.602804,0.492383,20264.572266
82,0.604150,0.491492,20514.152344
83,0.605055,0.492013,20763.730469
84,0.605234,0.494238,21013.265625
85,0.605443,0.494863,21262.839844
86,0.607484,0.494936,21512.501953
87,0.612000,0.495272,21762.039062
88,0.617519,0.497790,22011.539062
89,0.621827,0.497632,22261.113281
90,0.623758,0.500544,22510.662109
91,0.624909,0.503979,22760.232422
92,0.628703,0.504614,23009.828125
93,0.635188,0.504059,23259.341797
94,0.639349,0.507681,23508.958984
95,0.639504,0.510915,23758.453125
96,0.637415,0.511577,24008.068359
97,0.633377,0.511801,24257.609375
98,0.632971,0.509167,24507.150391
99,0.634685,0.500050,24756.802734
0,0.749923,0.529297,0.011865
1,0.750055,0.529594,266.313171
2,0.749480,0.528727,515.772766
3,0.746904,0.527511,765.390442
4,0.718647,0.521470,1014.908691
5,0.669465,0.515876,1264.533081
6,0.630686,0.507405,1514.059814
7,0.610158,0.502027,1763.585449
8,0.604929,0.499905,2013.266113
9,0.604239,0.499705,2262.730225
10,0.603687,0.498940,2512.327881
11,0.603164,0.499305,2761.882812
12,0.602892,0.498669,3011.508057
13,0.602032,0.496092,3260.990967
14,0.601169,0.493128,3510.578857
15,0.601797,0.470003,3760.196045
16,0.605329,0.436991,4009.670898
17,0.602824,0.433316,4259.256348
18,0.583097,0.456910,4508.797852
19,0.568509,0.514888,4758.385742
20,0.565327,0.551302,5007.914551
21,0.565238,0.561312,5257.495605
22,0.567391,0.559438,5507.045410
23,0.607169,0.543042,5756.612305
24,0.655050,0.529098,6006.183105
25,0.708919,0.521585,6255.770996
26,0.738405,0.506541,6505.300781
27,0.747224,0.504847,6754.866699
28,0.758155,0.516858,7004.450195
29,0.765383,0.522941,7254.008301
30,0.768675,0.510373,7503.551758
31,0.768919,0.494716,7753.107422
32,0.772931,0.485929,8002.676270
33,0.782392,0.470667,8252.269531
34,0.806282,0.447167,8501.818359
35,0.833136,0.432100,8751.408203
36,0.858791,0.407384,9000.951172
37,0.877964,0.398602,9250.508789
38,0.889235,0.369468,9500.073242
39,0.900416,0.329935,9766.265625
40,0.902219,0.304372,10015.831055
41,0.899708,0.292045,10265.380859
42,0.924193,0.322134,10514.954102
43,0.954362,0.371584,10764.523438
44,0.957726,0.421233,11014.081055
45,0.940752,0.450644,11263.641602
46,0.901100,0.476361,11513.248047
47,0.879695,0.500926,11762.777344
48,0.883012,0.508195,12012.346680
49,0.892489,0.516590,12261.911133
50,0.908139,0.540059,12511.491211
51,0.925688,0.564131,12761.035156
52,0.936352,0.578634,13010.586914
53,0.968511,0.599248,13260.154297
54,0.995631,0.609941,13509.770508
55,0.000726,0.616108,13759.299805
56,0.012691,0.650541,14008.867188
57,0.038926,0.730696,14258.442383
58,0.062693,0.772196,14508.028320
59,0.056995,0.802210,14757.570312
60,0.011833,0.823924,15007.137695
61,0.975952,0.830102,15256.665039
62,0.967581,0.822463,15506.241211
63,0.984152,0.805267,15755.791016
64,0.994091,0.797303,16005.378906
65,0.000286,0.803294,16254.932617
66,0.000507,0.784497,16504.523438
67,0.997008,0.697540,16754.099609
68,0.989676,0.602789,17003.632812
69,0.984236,0.538619,17253.216797
70,0.980836,0.504391,17502.763672
71,0.978896,0.462541,17752.324219
72,0.977572,0.428784,18001.880859
73,0.974706,0.406885,18251.462891
74,0.968394,0.395239,18501.013672
75,0.964020,0.391567,18750.568359
76,0.961584,0.390481,19000.119141
77,0.961210,0.386746,19266.351562
78,0.955904,0.382664,19515.916016
79,0.933276,0.378910,19765.458984
80,0.926903,0.365652,20015.050781
81,0.935274,0.349411,20264.585938
82,0.969234,0.343303,20514.191406
83,0.006628,0.348021,20763.714844
84,0.030852,0.353549,21013.302734
85,0.049242,0.361423,21262.865234
86,0.059162,0.379272,21512.431641
87,0.053351,0.389704,21761.972656
88,0.039382,0.401345,22011.519531
89,0.020032,0.426789,22261.093750
90,0.009974,0.446084,22510.685547
91,0.016143,0.459319,22760.214844
92,0.023096,0.466431,23009.789062
93,0.028548,0.471497,23259.386719
94,0.032778,0.472267,23508.937500
95,0.035775,0.473340,23758.494141
96,0.040114,0.475784,24008.050781
97,0.071421,0.477577,24257.615234
98,0.124093,0.485473,24507.171875
99,0.144381,0.495688,24756.720703
0,0.749804,0.611559,0.011028
1,0.749908,0.611360,266.315277
2,0.750468,0.604507,515.803284
3,0.749620,0.566141,765.438843
4,0.726794,0.519289,1014.956238
5,0.660113,0.497728,1264.452515
6,0.622634,0.492980,1514.038818
7,0.610243,0.489196,1763.621216
8,0.587546,0.466530,2013.186157
9,0.578249,0.450933,2262.809326
10,0.582563,0.499970,2512.387207
11,0.600858,0.579006,2761.874023
12,0.643226,0.666471,3011.421143
13,0.714082,0.780807,3261.030273
14,0.750328,0.844631,3510.555420
15,0.761865,0.879812,3760.114990
16,0.781604,0.896320,4009.668457
17,0.784665,0.892190,4259.263184
18,0.781795,0.852542,4508.799805
19,0.785319,0.696335,4758.378906
20,0.792781,0.559924,5007.926758
21,0.809813,0.505612,5257.541504
22,0.831821,0.484963,5507.080566
23,0.874651,0.503749,5756.643555
24,0.921720,0.520214,6006.233398
25,0.953010,0.552872,6255.762207
26,0.980037,0.646654,6505.319336
27,0.999026,0.676499,6754.889648
28,0.013380,0.630842,7004.449707
29,0.023811,0.602046,7254.005371
30,0.025286,0.554912,7503.574707
31,0.019569,0.533994,7753.242676
32,0.018020,0.513777,8002.698242
33,0.021790,0.463278,8252.236328
34,0.043807,0.395915,8501.815430
35,0.026834,0.325962,8751.447266
36,0.979918,0.274829,9000.984375
37,0.952972,0.241549,9250.509766
38,0.950624,0.217034,9500.064453
39,0.997331,0.239976,9766.309570
40,0.052719,0.324194,10015.882812
41,0.096027,0.417792,10265.416992
42,0.139426,0.483119,10514.997070
43,0.180601,0.490004,10764.535156
44,0.216300,0.479366,11014.089844
45,0.252427,0.478370,11263.662109
46,0.289615,0.490037,11513.267578
47,0.327834,0.492310,11762.828125
48,0.353670,0.490580,12012.360352
49,0.371709,0.506448,12261.922852
50,0.396863,0.582951,12511.512695
51,0.423714,0.614417,12761.095703
52,0.436271,0.620383,13010.597656
53,0.448473,0.616797,13260.158203
54,0.469488,0.594619,13509.761719
55,0.488440,0.536768,13759.308594
56,0.491410,0.474291,14008.941406
57,0.465193,0.429939,14258.426758
58,0.444037,0.357327,14508.049805
59,0.440484,0.357094,14757.565430
60,0.453887,0.422741,15007.188477
61,0.452031,0.438645,15256.683594
62,0.442204,0.442459,15506.261719
63,0.421204,0.418669,15755.810547
64,0.396189,0.334837,16005.401367
65,0.361738,0.303054,16254.988281
66,0.336901,0.341919,16504.500000
67,0.324615,0.399323,16754.167969
68,0.294924,0.431146,17003.644531
69,0.255702,0.442256,17253.226562
70,0.219145,0.448699,17502.791016
71,0.184014,0.456457,17752.382812
72,0.148318,0.459394,18001.933594
73,0.112711,0.465535,18251.468750
74,0.079614,0.474220,18501.126953
75,0.046583,0.478158,18750.626953
76,0.017247,0.482314,19000.187500
77,0.983771,0.483791,19266.363281
78,0.945100,0.481104,19515.962891
79,0.926673,0.470738,19765.476562
80,0.913033,0.441323,20015.062500
81,0.908531,0.395266,20264.623047
82,0.909652,0.381850,20514.191406
83,0.896353,0.396554,20763.712891
84,0.863659,0.426235,21013.322266
85,0.845071,0.440130,21262.896484
86,0.834139,0.445075,21512.537109
87,0.802124,0.440966,21762.021484
88,0.766978,0.451439,22011.574219
89,0.754870,0.505981,22261.109375
90,0.704152,0.539443,22510.667969
91,0.655335,0.533394,22760.287109
92,0.661591,0.584087,23009.855469
93,0.707523,0.705521,23259.439453
94,0.750498,0.805863,23508.960938
95,0.805765,0.867100,23758.496094
96,0.877477,0.896696,24008.105469
97,0.941350,0.905701,24257.630859
98,0.964393,0.914149,24507.251953
99,0.987124,0.915754,24756.728516
0,0.749029,0.509254,-0.003168
1,0.748643,0.510350,266.264130
2,0.745836,0.507956,515.809082
3,0.712357,0.493044,765.293884
4,0.627609,0.493704,1014.913574
5,0.590711,0.500683,1264.476074
6,0.641750,0.612741,1513.994995
7,0.717089,0.712882,1763.627930
8,0.746773,0.763502,2013.231201
9,0.751502,0.808322,2262.680420
10,0.746450,0.852407,2512.284424
11,0.749792,0.892743,2761.919678
12,0.750480,0.920945,3011.425537
13,0.749635,0.948721,3260.935059
14,0.783300,0.968392,3510.589844
15,0.789939,0.971556,3760.066650
16,0.784611,0.968881,4009.624023
17,0.782916,0.968161,4259.221191
18,0.785764,0.966066,4508.804199
19,0.786432,0.964042,4758.358398
20,0.784271,0.962751,5007.902832
21,0.780643,0.961076,5257.482422
22,0.781382,0.953373,5507.059570
23,0.803390,0.942141,5756.598145
24,0.824510,0.898234,6006.258789
25,0.872241,0.824767,6255.761230
26,0.911168,0.760005,6505.323242
27,0.939982,0.688377,6754.825684
28,0.956490,0.623336,7004.501953
29,0.962950,0.554931,7254.064453
30,0.963891,0.500709,7503.565918
31,0.966993,0.455484,7753.093750
32,0.967376,0.429534,8002.704590
33,0.937809,0.430863,8252.216797
34,0.892386,0.426828,8501.772461
35,0.854087,0.422457,8751.379883
36,0.843740,0.408522,9000.972656
37,0.855845,0.381004,9250.568359
38,0.874822,0.345587,9500.048828
39,0.903337,0.331587,9766.279297
40,0.955227,0.344146,10015.817383
41,0.016321,0.376176,10265.413086
42,0.046342,0.411920,10514.955078
43,0.068145,0.454181,10764.534180
44,0.093811,0.474750,11014.148438
45,0.119982,0.488124,11263.706055
46,0.140365,0.495677,11513.175781
47,0.159601,0.477576,11762.793945
48,0.152930,0.420958,12012.362305
49,0.158804,0.359150,12261.899414
50,0.189386,0.347205,12511.469727
51,0.224838,0.401406,12760.997070
52,0.257175,0.459920,13010.596680
53,0.285864,0.491410,13260.119141
54,0.304828,0.494997,13509.804688
55,0.316437,0.494599,13759.320312
56,0.313788,0.488460,14008.886719
57,0.310242,0.487186,14258.455078
58,0.310675,0.487462,14508.005859
59,0.310725,0.480866,14757.573242
60,0.338448,0.482102,15007.075195
61,0.369435,0.483040,15256.711914
62,0.388016,0.479781,15506.263672
63,0.407761,0.478790,15755.825195
64,0.432704,0.481916,16005.400391
65,0.460978,0.489104,16254.983398
66,0.485244,0.501750,16504.505859
67,0.506287,0.511224,16754.037109
68,0.517909,0.512267,17003.648438
69,0.527867,0.512162,17253.164062
70,0.531726,0.514412,17502.771484
71,0.521450,0.509964,17752.378906
72,0.448560,0.488324,18001.867188
73,0.310559,0.464698,18251.416016
74,0.217972,0.464350,18500.996094
75,0.149879,0.468349,18750.585938
76,0.080484,0.464290,19000.140625
77,0.021126,0.464063,19266.320312
78,0.967700,0.463996,19515.955078
79,0.922511,0.463334,19765.449219
80,0.888031,0.464278,20015.044922
81,0.867401,0.467244,20264.576172
82,0.859064,0.471452,20514.140625
83,0.857025,0.476149,20763.730469
84,0.858592,0.483316,21013.296875
85,0.858206,0.484901,21262.861328
86,0.858407,0.493192,21512.427734
87,0.856821,0.498098,21761.994141
88,0.864619,0.501049,22011.521484
89,0.878482,0.504267,22261.074219
90,0.892667,0.508138,22510.677734
91,0.889371,0.511228,22760.263672
92,0.864420,0.513278,23009.878906
93,0.792649,0.486457,23259.373047
94,0.733842,0.457259,23508.953125
95,0.686748,0.450659,23758.472656
96,0.635783,0.475596,24008.021484
97,0.626126,0.460770,24257.652344
98,0.639833,0.459017,24507.222656
99,0.659669,0.481378,24756.833984
0,0.755671,0.684066,-0.014696
1,0.759418,0.722934,266.194244
2,0.759719,0.756030,515.710449
3,0.756929,0.794691,765.324585
4,0.754107,0.812374,1014.857483
5,0.752493,0.775360,1264.391846
6,0.750106,0.699098,1514.032959
7,0.745283,0.638077,1763.566162
8,0.739377,0.618381,2013.134277
9,0.728825,0.626048,2262.724609
10,0.728321,0.633759,2512.312988
11,0.735207,0.643825,2761.789551
12,0.744609,0.592969,3011.343506
13,0.768367,0.567275,3260.929688
14,0.780463,0.562447,3510.513672
15,0.806881,0.543923,3760.142822
16,0.830958,0.498463,4009.720459
17,0.843091,0.443869,4259.190430
18,0.849831,0.428984,4508.758301
19,0.908213,0.409433,4758.315430
20,0.952334,0.421214,5007.884766
21,0.995249,0.443653,5257.481934
22,0.030280,0.461767,5507.035156
23,0.068267,0.463557,5756.590820
24,0.104953,0.469025,6006.186035
25,0.138074,0.476957,6255.740723
26,0.171967,0.485266,6505.276367
27,0.208773,0.487790,6754.802246
28,0.241414,0.486796,7004.389160
29,0.272051,0.486931,7253.978516
30,0.301911,0.487392,7503.527344
31,0.332162,0.487915,7753.094238
32,0.358460,0.490198,8002.649902
33,0.384893,0.492465,8252.208008
34,0.407309,0.497374,8501.788086
35,0.416007,0.502398,8751.432617
36,0.418466,0.504803,9000.939453
37,0.438175,0.502543,9250.450195
38,0.485415,0.471402,9500.059570
39,0.477130,0.457136,9766.341797
40,0.401742,0.445955,10015.819336
41,0.329382,0.449549,10265.345703
42,0.311262,0.447516,10515.008789
43,0.283828,0.451153,10764.552734
44,0.240335,0.467920,11014.076172
45,0.203897,0.485493,11263.631836
46,0.170468,0.504319,11513.235352
47,0.140116,0.511374,11762.722656
48,0.109731,0.512604,12012.292969
49,0.080814,0.508967,12261.969727
50,0.053672,0.507222,12511.467773
51,0.026797,0.478197,12760.999023
52,0.992095,0.411192,13010.580078
53,0.946651,0.337692,13260.207031
54,0.905670,0.290968,13509.685547
55,0.870007,0.298220,13759.244141
56,0.835405,0.409984,14008.824219
57,0.798400,0.581060,14258.398438
58,0.757098,0.669628,14508.000977
59,0.727112,0.742262,14757.500977
60,0.713011,0.837351,15007.135742
61,0.687921,0.899635,15256.608398
62,0.660638,0.946461,15506.168945
63,0.658514,0.951930,15755.805664
64,0.656037,0.942889,16005.375000
65,0.663397,0.936143,16255.002930
66,0.653283,0.924669,16504.441406
67,0.650054,0.923257,16754.064453
68,0.638544,0.923283,17003.552734
69,0.626762,0.921100,17253.166016
70,0.624729,0.909864,17502.701172
71,0.629732,0.897328,17752.306641
72,0.649384,0.878983,18001.921875
73,0.689068,0.866814,18251.400391
74,0.732828,0.870782,18501.035156
75,0.767961,0.872523,18750.560547
76,0.801497,0.874861,19000.066406
77,0.834831,0.873434,19266.326172
78,0.865708,0.841033,19515.970703
79,0.894728,0.768297,19765.546875
80,0.915960,0.684187,20015.046875
81,0.935336,0.623160,20264.537109
82,0.963237,0.571349,20514.134766
83,0.975865,0.517454,20763.667969
84,0.978229,0.463785,21013.244141
85,0.999082,0.420421,21262.806641
86,0.032956,0.387909,21512.406250
87,0.062836,0.379584,21761.964844
88,0.080518,0.380479,22011.503906
89,0.087451,0.395840,22261.126953
90,0.079253,0.430342,22510.656250
91,0.039242,0.469438,22760.191406
92,0.989766,0.506328,23009.734375
93,0.958249,0.521104,23259.318359
94,0.928592,0.528200,23508.886719
95,0.902724,0.528425,23758.451172
96,0.878094,0.533216,24008.027344
97,0.844962,0.529667,24257.634766
98,0.820465,0.529202,24507.142578
99,0.800561,0.526919,24756.714844
0,0.749674,0.486656,0.052533
1,0.749501,0.485827,266.217773
2,0.749254,0.484963,515.767090
3,0.748305,0.483758,765.463074
4,0.728396,0.474055,1014.923279
5,0.666358,0.458062,1264.539429
6,0.607770,0.442947,1514.077026
7,0.591625,0.446067,1763.651611
8,0.591688,0.452346,2013.164062
9,0.587438,0.459154,2262.732910
10,0.582292,0.469531,2512.332764
11,0.580219,0.480320,2761.857666
12,0.580072,0.488075,3011.495850
13,0.582121,0.489408,3260.977051
14,0.584997,0.489569,3510.640137
15,0.590884,0.490560,3760.143799
16,0.628551,0.488504,4009.679443
17,0.693967,0.481019,4259.291016
18,0.730967,0.475961,4508.883301
19,0.739978,0.473811,4758.451660
20,0.740241,0.473162,5007.990234
21,0.742105,0.474928,5257.548828
22,0.744038,0.477022,5507.066406
23,0.741133,0.488017,5756.614746
24,0.735626,0.502466,6006.236328
25,0.719900,0.496362,6255.831543
26,0.701314,0.489904,6505.338379
27,0.697507,0.491666,6754.868164
28,0.703523,0.493898,7004.551758
29,0.718659,0.500987,7253.996094
30,0.722021,0.483269,7503.569824
31,0.723050,0.463585,7753.127930
32,0.724297,0.455888,8002.793945
33,0.731133,0.447553,8252.309570
34,0.783763,0.439342,8501.814453
35,0.820305,0.446273,8751.492188
36,0.827302,0.455418,9000.955078
37,0.843193,0.476259,9250.529297
38,0.865392,0.511133,9500.075195
39,0.879240,0.515463,9766.268555
40,0.891462,0.497241,10015.874023
41,0.897548,0.457561,10265.481445
42,0.901922,0.428279,10514.956055
43,0.894671,0.413608,10764.581055
44,0.884494,0.410220,11014.103516
45,0.892501,0.423485,11263.659180
46,0.924112,0.450783,11513.233398
47,0.964346,0.476839,11762.810547
48,0.995876,0.490222,12012.439453
49,0.030106,0.495217,12261.904297
50,0.061106,0.493579,12511.518555
51,0.086388,0.487114,12761.047852
52,0.113117,0.482115,13010.628906
53,0.111491,0.484750,13260.231445
54,0.091111,0.480849,13509.815430
55,0.043836,0.483943,13759.297852
56,0.006570,0.507172,14008.869141
57,0.976250,0.536240,14258.471680
58,0.966220,0.535032,14508.026367
59,0.957876,0.524426,14757.562500
60,0.954774,0.512433,15007.186523
61,0.966673,0.494236,15256.779297
62,0.986693,0.481964,15506.304688
63,0.989756,0.479422,15755.829102
64,0.987524,0.475932,16005.380859
65,0.985440,0.477329,16255.019531
66,0.984529,0.481537,16504.492188
67,0.986536,0.485818,16754.134766
68,0.990150,0.487669,17003.675781
69,0.989322,0.487942,17253.232422
70,0.964719,0.473301,17502.753906
71,0.945185,0.435636,17752.369141
72,0.935413,0.419136,18001.916016
73,0.935489,0.419702,18251.507812
74,0.940163,0.427351,18501.044922
75,0.941419,0.430492,18750.583984
76,0.934220,0.432949,19000.169922
77,0.921129,0.437392,19266.369141
78,0.909917,0.440421,19515.892578
79,0.893009,0.442486,19765.546875
80,0.877387,0.446837,20015.035156
81,0.867858,0.456679,20264.607422
82,0.864365,0.466031,20514.253906
83,0.840498,0.474953,20763.761719
84,0.782405,0.474045,21013.324219
85,0.706015,0.462068,21262.843750
86,0.675621,0.465775,21512.503906
87,0.652684,0.476091,21762.025391
88,0.648585,0.490159,22011.609375
89,0.648455,0.516938,22261.144531
90,0.655917,0.542427,22510.724609
91,0.667764,0.573111,22760.281250
92,0.675315,0.584764,23009.832031
93,0.677852,0.585971,23259.398438
94,0.682040,0.573819,23508.919922
95,0.692653,0.547513,23758.574219
96,0.699697,0.508354,24008.099609
97,0.700091,0.484724,24257.683594
98,0.681695,0.469004,24507.207031
99,0.673563,0.464665,24756.755859
0,0.750017,0.548627,-0.000093
1,0.750939,0.549631,266.185089
2,0.751370,0.546429,515.809509
3,0.749563,0.524459,765.347412
4,0.725775,0.499537,1014.885559
5,0.660204,0.484743,1264.476562
6,0.616761,0.478894,1514.065186
7,0.589113,0.481168,1763.607178
8,0.576902,0.483713,2013.192871
9,0.577135,0.494873,2262.760010
10,0.608500,0.527160,2512.329102
11,0.628574,0.538178,2761.872314
12,0.603862,0.536447,3011.431885
13,0.540236,0.525424,3260.956299
14,0.507739,0.524042,3510.521729
15,0.491224,0.516444,3760.077637
16,0.456732,0.519736,4009.706055
17,0.422115,0.514279,4259.212402
18,0.394504,0.522030,4508.874023
19,0.375555,0.512263,4758.362305
20,0.350889,0.507124,5007.970215
21,0.322980,0.505879,5257.481934
22,0.305488,0.502601,5507.026855
23,0.299854,0.499711,5756.700684
24,0.299651,0.498987,6006.177734
25,0.288802,0.473996,6255.773926
26,0.290349,0.468754,6505.271484
27,0.319313,0.467269,6754.892090
28,0.348192,0.467660,7004.441895
29,0.390351,0.466558,7254.036133
30,0.472008,0.457410,7503.558594
31,0.552349,0.443032,7753.183594
32,0.613789,0.447956,8002.724609
33,0.698454,0.460351,8252.213867
34,0.766363,0.476313,8501.879883
35,0.799238,0.485027,8751.428711
36,0.822022,0.497465,9000.952148
37,0.850598,0.503185,9250.512695
38,0.869020,0.503012,9500.081055
39,0.884166,0.498092,9766.235352
40,0.897290,0.501853,10015.890625
41,0.915098,0.501609,10265.364258
42,0.934385,0.501929,10515.032227
43,0.952925,0.498721,10764.542969
44,0.966795,0.488324,11014.141602
45,0.981957,0.487598,11263.678711
46,0.999884,0.496034,11513.233398
47,0.017795,0.499895,11762.794922
48,0.046970,0.507174,12012.323242
49,0.076814,0.515378,12261.984375
50,0.098733,0.510903,12511.468750
51,0.118882,0.510117,12761.081055
52,0.137339,0.515438,13010.620117
53,0.166492,0.522294,13260.182617
54,0.194873,0.521213,13509.739258
55,0.208320,0.513848,13759.281250
56,0.190289,0.501625,14008.859375
57,0.154814,0.493956,14258.436523
58,0.119839,0.500703,14507.950195
59,0.081301,0.507578,14757.532227
60,0.032571,0.507106,15007.068359
61,0.987287,0.505947,15256.715820
62,0.956331,0.503122,15506.217773
63,0.922466,0.498289,15755.853516
64,0.870091,0.493330,16005.414062
65,0.844053,0.502662,16254.940430
66,0.841476,0.507508,16504.455078
67,0.842489,0.504740,16754.095703
68,0.834880,0.500789,17003.601562
69,0.827945,0.503936,17253.181641
70,0.820335,0.508689,17502.736328
71,0.804403,0.507407,17752.291016
72,0.781578,0.504962,18001.863281
73,0.771300,0.499710,18251.412109
74,0.767044,0.499058,18500.996094
75,0.767581,0.501378,18750.542969
76,0.767289,0.506123,19000.107422
77,0.766589,0.509292,19266.314453
78,0.770337,0.510874,19515.871094
79,0.777999,0.511081,19765.447266
80,0.786812,0.512228,20015.025391
81,0.796253,0.512913,20264.582031
82,0.809751,0.514498,20514.171875
83,0.835319,0.501308,20763.695312
84,0.864107,0.490432,21013.263672
85,0.882297,0.491604,21262.830078
86,0.895390,0.487358,21512.375000
87,0.910318,0.476095,21761.972656
88,0.922515,0.479141,22011.513672
89,0.942868,0.486520,22261.082031
90,0.975778,0.504279,22510.664062
91,0.003327,0.518858,22760.216797
92,0.013461,0.525272,23009.777344
93,0.014197,0.528737,23259.359375
94,0.009077,0.531516,23508.898438
95,0.009345,0.542225,23758.468750
96,0.009406,0.551012,24008.037109
97,0.999452,0.555616,24257.582031
98,0.988654,0.575070,24507.171875
99,0.991944,0.596278,24756.722656
0,0.752728,0.555696,0.000474
1,0.759140,0.547455,266.244598
2,0.761077,0.527968,515.792786
3,0.767211,0.504529,765.338257
4,0.785350,0.506007,1014.948303
5,0.812426,0.508167,1264.519897
6,0.846110,0.503004,1514.027954
7,0.878030,0.501253,1763.686401
8,0.910515,0.497153,2013.154785
9,0.943686,0.496729,2262.757080
10,0.974715,0.492886,2512.329590
11,0.003926,0.489213,2761.945312
12,0.031550,0.487594,3011.447510
13,0.062262,0.481650,3260.991211
14,0.105117,0.481562,3510.583252
15,0.125755,0.493526,3760.133057
16,0.132894,0.500277,4009.671143
17,0.114342,0.521215,4259.248535
18,0.079470,0.531282,4508.821777
19,0.033970,0.538745,4758.370605
20,0.989950,0.541319,5007.930176
21,0.963318,0.543608,5257.558105
22,0.939965,0.547434,5507.082520
23,0.913669,0.549368,5756.652344
24,0.886437,0.552050,6006.176270
25,0.851137,0.551992,6255.850586
26,0.800535,0.537079,6505.295898
27,0.749983,0.516278,6754.871094
28,0.706201,0.468794,7004.419434
29,0.681913,0.397096,7253.996094
30,0.654875,0.351803,7503.578613
31,0.611635,0.385666,7753.222656
32,0.580462,0.461844,8002.711914
33,0.580474,0.470089,8252.293945
34,0.574309,0.477728,8501.826172
35,0.554350,0.478379,8751.448242
36,0.526013,0.479480,9000.980469
37,0.496862,0.480830,9250.521484
38,0.473760,0.477512,9500.115234
39,0.447394,0.481870,9766.395508
40,0.412904,0.488068,10015.889648
41,0.384510,0.485597,10265.425781
42,0.351050,0.486112,10514.982422
43,0.317426,0.498939,10764.575195
44,0.302494,0.503460,11014.125977
45,0.294641,0.506606,11263.662109
46,0.296001,0.508168,11513.258789
47,0.298434,0.514053,11762.791016
48,0.302224,0.518075,12012.379883
49,0.305498,0.519070,12261.941406
50,0.304965,0.520389,12511.570312
51,0.294282,0.522554,12761.051758
52,0.271815,0.517669,13010.605469
53,0.231388,0.519471,13260.165039
54,0.199978,0.516272,13509.783203
55,0.178154,0.516953,13759.346680
56,0.155815,0.515637,14008.871094
57,0.132709,0.515527,14258.454102
58,0.120244,0.504268,14508.057617
59,0.122440,0.496064,14757.608398
60,0.131182,0.501106,15007.155273
61,0.153084,0.506092,15256.692383
62,0.206690,0.505979,15506.283203
63,0.276782,0.508617,15755.799805
64,0.351141,0.509116,16005.449219
65,0.415185,0.502154,16254.966797
66,0.486285,0.505826,16504.546875
67,0.549134,0.520199,16754.136719
68,0.610194,0.521550,17003.687500
69,0.658373,0.520114,17253.191406
70,0.695891,0.517687,17502.755859
71,0.732646,0.517475,17752.404297
72,0.767670,0.512945,18001.945312
73,0.801418,0.514877,18251.480469
74,0.833030,0.509879,18501.015625
75,0.862924,0.507442,18750.623047
76,0.890062,0.504850,19000.185547
77,0.916253,0.506427,19266.406250
78,0.940640,0.504718,19515.916016
79,0.963260,0.495080,19765.509766
80,0.993423,0.493264,20015.154297
81,0.021480,0.497611,20264.626953
82,0.034112,0.503442,20514.160156
83,0.041764,0.507276,20763.804688
84,0.025257,0.509747,21013.332031
85,0.007231,0.486913,21262.882812
86,0.982099,0.439790,21512.541016
87,0.965858,0.406956,21762.015625
88,0.955959,0.329735,22011.603516
89,0.957135,0.290948,22261.121094
90,0.993846,0.285248,22510.740234
91,0.046944,0.296158,22760.275391
92,0.045149,0.302407,23009.867188
93,0.028780,0.311172,23259.398438
94,0.991041,0.319477,23509.019531
95,0.936470,0.328406,23758.585938
96,0.901041,0.351037,24008.072266
97,0.896354,0.394877,24257.636719
98,0.904646,0.437395,24507.181641
99,0.905677,0.452589,24756.804688
0,0.748500,0.528174,0.000945
1,0.751166,0.530888,266.205780
2,0.758483,0.527913,515.799683
3,0.764501,0.526688,765.399780
4,0.774584,0.524147,1014.923889
5,0.801748,0.519478,1264.444214
6,0.820958,0.520674,1514.083496
7,0.830942,0.523596,1763.606201
8,0.846947,0.533122,2013.153442
9,0.871726,0.534902,2262.781738
10,0.896195,0.532083,2512.332520
11,0.914994,0.526522,2761.860352
12,0.927439,0.521734,3011.401611
13,0.934334,0.512586,3261.037109
14,0.939493,0.497891,3510.517334
15,0.971028,0.501942,3760.076904
16,0.008734,0.502777,4009.689697
17,0.039795,0.501809,4259.263672
18,0.066529,0.496672,4508.842285
19,0.091090,0.494186,4758.371094
20,0.109945,0.494457,5007.952637
21,0.125551,0.492701,5257.467285
22,0.149932,0.494485,5507.044922
23,0.185146,0.494600,5756.655273
24,0.214632,0.496267,6006.203125
25,0.240011,0.510545,6255.737793
26,0.256430,0.535072,6505.314941
27,0.274042,0.564753,6754.970703
28,0.284285,0.579063,7004.450684
29,0.292449,0.583980,7253.992676
30,0.292490,0.581633,7503.605957
31,0.278084,0.568065,7753.206055
32,0.245578,0.547987,8002.698730
33,0.214269,0.532183,8252.243164
34,0.190651,0.521629,8501.901367
35,0.163171,0.516322,8751.402344
36,0.129700,0.513296,9000.925781
37,0.098605,0.511091,9250.520508
38,0.077912,0.508536,9500.163086
39,0.046252,0.503977,9766.324219
40,0.016228,0.490925,10015.827148
41,0.986995,0.476102,10265.379883
42,0.967149,0.487182,10514.970703
43,0.957838,0.531245,10764.541992
44,0.950214,0.541743,11014.100586
45,0.936800,0.538751,11263.709961
46,0.914988,0.529674,11513.227539
47,0.899917,0.522079,11762.819336
48,0.883011,0.512981,12012.329102
49,0.830520,0.497014,12261.937500
50,0.762005,0.480147,12511.464844
51,0.728700,0.477022,12761.016602
52,0.705486,0.485924,13010.640625
53,0.653603,0.508666,13260.208984
54,0.611083,0.513309,13509.813477
55,0.604313,0.516139,13759.308594
56,0.609388,0.530579,14008.881836
57,0.606640,0.551857,14258.426758
58,0.591388,0.582647,14507.968750
59,0.588456,0.605203,14757.574219
60,0.583604,0.619559,15007.098633
61,0.574464,0.619516,15256.695312
62,0.561967,0.615772,15506.215820
63,0.563862,0.609473,15755.878906
64,0.568345,0.606163,16005.433594
65,0.575348,0.599245,16254.914062
66,0.587688,0.585110,16504.525391
67,0.616864,0.569777,16754.046875
68,0.637725,0.556182,17003.634766
69,0.648803,0.555785,17253.171875
70,0.650952,0.565027,17502.806641
71,0.649129,0.571222,17752.304688
72,0.648715,0.572000,18001.941406
73,0.649469,0.569118,18251.529297
74,0.648891,0.563749,18501.062500
75,0.647063,0.545235,18750.582031
76,0.657028,0.519225,19000.121094
77,0.680702,0.514758,19266.312500
78,0.710801,0.519318,19515.945312
79,0.741203,0.529278,19765.505859
80,0.766413,0.536819,20015.126953
81,0.777478,0.541373,20264.603516
82,0.778192,0.536477,20514.177734
83,0.798659,0.530216,20763.722656
84,0.829306,0.526168,21013.265625
85,0.849893,0.526005,21262.931641
86,0.864649,0.522783,21512.439453
87,0.875730,0.517227,21762.048828
88,0.886148,0.511720,22011.552734
89,0.896026,0.506519,22261.167969
90,0.900329,0.499493,22510.636719
91,0.896837,0.498752,22760.222656
92,0.891364,0.494994,23009.851562
93,0.891784,0.497040,23259.349609
94,0.891639,0.490704,23508.947266
95,0.883974,0.490182,23758.468750
96,0.877923,0.490992,24008.074219
97,0.877033,0.493584,24257.585938
98,0.880223,0.497762,24507.162109
99,0.882256,0.494402,24756.810547
0,0.749974,0.552243,0.003492
1,0.750132,0.551789,266.223572
2,0.749983,0.549735,515.869690
3,0.749920,0.546955,765.387939
4,0.748740,0.528257,1014.908508
5,0.744555,0.483064,1264.456055
6,0.742256,0.468206,1514.031860
7,0.741620,0.475299,1763.621948
8,0.740697,0.487873,2013.133179
9,0.739084,0.500483,2262.755127
10,0.736429,0.507978,2512.299561
11,0.728587,0.508771,2761.878906
12,0.702181,0.513127,3011.424316
13,0.667386,0.514617,3261.037842
14,0.640870,0.513099,3527.211670
15,0.624436,0.510538,3760.089111
16,0.613324,0.503721,4009.686768
17,0.604780,0.502509,4259.212891
18,0.604532,0.499791,4508.793945
19,0.606628,0.501235,4758.421875
20,0.608079,0.501867,5008.007812
21,0.610684,0.502688,5257.520996
22,0.615424,0.504498,5507.047852
23,0.623067,0.506087,5756.650879
24,0.635002,0.507463,6006.169922
25,0.655401,0.509078,6255.780762
26,0.687070,0.506478,6505.338867
27,0.716667,0.506465,6754.936035
28,0.763259,0.519687,7004.426270
29,0.800046,0.523907,7254.014648
30,0.838018,0.529536,7503.562500
31,0.873838,0.535749,7753.180176
32,0.910132,0.541882,8002.792480
33,0.944635,0.551708,8252.238281
34,0.965543,0.557755,8501.825195
35,0.980003,0.555157,8751.421875
36,0.994494,0.552409,9000.952148
37,0.006945,0.549282,9250.515625
38,0.015976,0.547299,9500.080078
39,0.020483,0.527148,9766.313477
40,0.009925,0.501478,10015.879883
41,0.997191,0.490612,10265.443359
42,0.986256,0.486847,10514.972656
43,0.985106,0.485514,10764.520508
44,0.990068,0.484920,11014.084961
45,0.000221,0.485409,11263.746094
46,0.021090,0.486094,11513.210938
47,0.056101,0.492449,11762.840820
48,0.089889,0.496726,12012.399414
49,0.116573,0.496107,12262.042969
50,0.136718,0.497022,12511.480469
51,0.167441,0.506093,12761.070312
52,0.203527,0.527246,13010.586914
53,0.227352,0.562531,13260.157227
54,0.253363,0.576906,13509.736328
55,0.285689,0.587605,13759.353516
56,0.314730,0.579844,14008.921875
57,0.322895,0.572420,14258.472656
58,0.321787,0.573822,14508.022461
59,0.318419,0.574388,14757.600586
60,0.311481,0.573146,15007.186523
61,0.293576,0.567438,15256.669922
62,0.277548,0.559198,15506.266602
63,0.265354,0.556759,15755.788086
64,0.261238,0.558009,16005.396484
65,0.250935,0.556360,16254.934570
66,0.224494,0.547291,16504.539062
67,0.200750,0.539001,16754.072266
68,0.188641,0.535721,17003.681641
69,0.179135,0.534739,17253.226562
70,0.166217,0.532902,17502.738281
71,0.151642,0.532030,17752.341797
72,0.134561,0.532792,18001.882812
73,0.117963,0.533824,18251.519531
74,0.102697,0.534374,18501.046875
75,0.087194,0.536161,18750.576172
76,0.071857,0.536593,19000.123047
77,0.058387,0.536223,19266.380859
78,0.047352,0.536587,19515.937500
79,0.038048,0.535911,19765.511719
80,0.028473,0.534530,20015.023438
81,0.015816,0.534694,20264.628906
82,0.004169,0.534628,20514.193359
83,0.987953,0.533935,20763.777344
84,0.972487,0.533930,21013.271484
85,0.959762,0.534055,21262.917969
86,0.946703,0.532695,21512.449219
87,0.930156,0.528947,21762.003906
88,0.907714,0.527286,22011.570312
89,0.886560,0.525997,22261.144531
90,0.859599,0.526742,22510.689453
91,0.829748,0.528945,22760.222656
92,0.789843,0.527715,23009.824219
93,0.735372,0.522090,23259.380859
94,0.685422,0.517043,23508.931641
95,0.640980,0.507218,23758.511719
96,0.623050,0.512129,24008.121094
97,0.623707,0.517017,24257.656250
98,0.625439,0.522942,24507.167969
99,0.626151,0.526775,24756.763672
0,0.749132,0.676345,-0.021692
1,0.748235,0.681839,266.205139
2,0.747776,0.603096,515.831299
3,0.737816,0.531388,765.411743
4,0.693487,0.472810,1014.884521
5,0.647842,0.467035,1264.447021
6,0.631974,0.491786,1514.049805
7,0.635056,0.520136,1763.572388
8,0.636345,0.543831,2013.174805
9,0.629352,0.544104,2262.688721
10,0.621428,0.521036,2512.307861
11,0.617817,0.506225,2761.861572
12,0.607891,0.488484,3011.492432
13,0.599757,0.451556,3260.994873
14,0.602842,0.460223,3510.516113
15,0.607573,0.466393,3760.165527
16,0.620787,0.478710,4009.653809
17,0.647455,0.494796,4259.243164
18,0.731465,0.509120,4508.791016
19,0.839641,0.510497,4758.406250
20,0.893880,0.502955,5007.947754
21,0.926546,0.502677,5257.467285
22,0.949102,0.499440,5507.122070
23,0.945156,0.508712,5756.613281
24,0.933757,0.516198,6006.175293
25,0.971242,0.515617,6255.712891
26,0.030214,0.516355,6505.319824
27,0.087303,0.517865,6754.853516
28,0.140929,0.515088,7004.394531
29,0.199004,0.495495,7254.023926
30,0.232960,0.488301,7503.641113
31,0.258613,0.491689,7753.189453
32,0.288486,0.495160,8002.742676
33,0.295628,0.497416,8252.263672
34,0.290539,0.496448,8501.792969
35,0.276560,0.499790,8751.347656
36,0.263355,0.499567,9000.910156
37,0.257415,0.497661,9250.539062
38,0.256159,0.500698,9500.096680
39,0.250410,0.534785,9766.301758
40,0.243622,0.568895,10015.816406
41,0.241688,0.574318,10265.397461
42,0.232243,0.576421,10514.930664
43,0.167330,0.626112,10764.494141
44,0.082016,0.700616,11014.160156
45,0.053669,0.776391,11263.675781
46,0.042860,0.810003,11513.250000
47,0.007874,0.828354,11762.812500
48,0.976643,0.838342,12012.325195
49,0.958931,0.841341,12261.945312
50,0.958336,0.811743,12511.469727
51,0.973834,0.721718,12761.066406
52,0.977589,0.612023,13010.649414
53,0.980396,0.527983,13260.217773
54,0.983520,0.493142,13509.755859
55,0.984716,0.482775,13759.261719
56,0.989737,0.502743,14008.867188
57,0.997645,0.518952,14258.412109
58,0.998483,0.524861,14508.006836
59,0.999783,0.527274,14757.583984
60,0.002914,0.527044,15007.117188
61,0.044043,0.518951,15256.657227
62,0.075084,0.519528,15506.285156
63,0.078187,0.520207,15755.840820
64,0.077835,0.520165,16005.395508
65,0.077750,0.519945,16254.941406
66,0.077609,0.520851,16504.552734
67,0.077124,0.520624,16754.066406
68,0.076419,0.519315,17003.603516
69,0.076019,0.519508,17253.257812
70,0.075130,0.513207,17502.775391
71,0.074785,0.448072,17752.296875
72,0.070233,0.410498,18001.886719
73,0.009940,0.426997,18251.462891
74,0.927813,0.467396,18501.035156
75,0.902662,0.488094,18750.539062
76,0.896072,0.495952,19000.134766
77,0.891420,0.500334,19266.312500
78,0.878596,0.497227,19515.882812
79,0.850980,0.495093,19765.443359
80,0.799581,0.494225,20015.080078
81,0.741568,0.486682,20264.623047
82,0.702203,0.458837,20514.173828
83,0.647141,0.463147,20763.705078
84,0.608725,0.483498,21013.330078
85,0.597455,0.498178,21262.910156
86,0.596796,0.504707,21512.390625
87,0.597568,0.509981,21761.990234
88,0.597616,0.514022,22011.546875
89,0.597882,0.516798,22261.113281
90,0.603796,0.518747,22510.634766
91,0.609749,0.520141,22760.316406
92,0.615980,0.525488,23009.775391
93,0.614378,0.539505,23259.416016
94,0.616620,0.547099,23508.937500
95,0.621448,0.531181,23758.478516
96,0.633602,0.476069,24008.056641
97,0.659949,0.456367,24257.609375
98,0.725216,0.477329,24507.253906
99,0.779748,0.524859,24756.736328
0,0.750185,0.479761,0.043925
1,0.749814,0.480209,266.344940
2,0.747623,0.480987,515.784302
3,0.721138,0.476042,765.422485
4,0.648766,0.484345,1014.952759
5,0.606428,0.493646,1264.472778
6,0.603414,0.489995,1514.088745
7,0.602605,0.490421,1763.675537
8,0.601683,0.498077,2013.159790
9,0.603539,0.498868,2262.842041
10,0.610488,0.493810,2512.319092
11,0.621017,0.490617,2761.903320
12,0.626356,0.487270,3011.422607
13,0.655989,0.475067,3261.032471
14,0.694751,0.468688,3510.675293
15,0.733372,0.470006,3760.121094
16,0.774532,0.472686,4009.733887
17,0.803785,0.476358,4259.305664
18,0.839286,0.483136,4508.861816
19,0.866080,0.484472,4758.395508
20,0.890378,0.487816,5008.039551
21,0.907540,0.481017,5257.559570
22,0.921841,0.476979,5523.735352
23,0.942754,0.474262,5756.672363
24,0.954338,0.473992,6006.218262
25,0.965305,0.476628,6255.811523
26,0.979071,0.481877,6505.319336
27,0.972663,0.474587,6754.979004
28,0.921201,0.449334,7004.517578
29,0.868062,0.430223,7254.010254
30,0.856509,0.424102,7503.659180
31,0.838460,0.419248,7753.237793
32,0.839840,0.421334,8002.760742
33,0.861726,0.431733,8252.283203
34,0.875728,0.429474,8501.911133
35,0.885532,0.429033,8751.395508
36,0.910590,0.429928,9000.966797
37,0.962695,0.431499,9250.530273
38,0.002690,0.437479,9500.083984
39,0.042950,0.444049,9766.312500
40,0.058735,0.450765,10015.863281
41,0.042415,0.455801,10265.418945
42,0.023659,0.460375,10514.982422
43,0.009255,0.463767,10764.558594
44,0.003638,0.458741,11014.181641
45,0.002281,0.455873,11263.668945
46,0.003162,0.454478,11513.255859
47,0.013816,0.455381,11762.824219
48,0.058104,0.453663,12012.386719
49,0.113749,0.450621,12261.930664
50,0.150942,0.457021,12511.497070
51,0.212166,0.457410,12761.053711
52,0.252147,0.456372,13010.613281
53,0.285105,0.458048,13260.244141
54,0.304429,0.472786,13509.762695
55,0.321401,0.477976,13759.334961
56,0.328592,0.477037,14008.900391
57,0.330411,0.478311,14258.445312
58,0.334224,0.471685,14508.019531
59,0.334059,0.455611,14757.580078
60,0.320883,0.456219,15007.132812
61,0.304179,0.458662,15256.715820
62,0.284265,0.465299,15506.262695
63,0.270376,0.473771,15755.863281
64,0.261974,0.497970,16005.398438
65,0.256352,0.522105,16254.964844
66,0.254781,0.539238,16504.521484
67,0.249359,0.560447,16754.111328
68,0.236917,0.558271,17003.660156
69,0.222798,0.574204,17253.208984
70,0.204835,0.649854,17502.789062
71,0.161004,0.732860,17752.341797
72,0.143976,0.783457,18001.910156
73,0.135678,0.841810,18251.511719
74,0.115889,0.880546,18501.054688
75,0.110693,0.886222,18750.642578
76,0.111137,0.888006,19000.158203
77,0.111487,0.888664,19266.369141
78,0.110937,0.873726,19515.927734
79,0.121325,0.873942,19765.500000
80,0.128783,0.881818,20015.083984
81,0.135393,0.886456,20264.621094
82,0.135984,0.886577,20514.177734
83,0.133926,0.887027,20763.789062
84,0.132792,0.885026,21013.359375
85,0.138054,0.877745,21262.878906
86,0.139129,0.876106,21512.470703
87,0.142853,0.874855,21761.998047
88,0.138251,0.859330,22011.556641
89,0.120017,0.687040,22261.117188
90,0.104200,0.496277,22510.730469
91,0.079388,0.433180,22760.259766
92,0.056155,0.442475,23009.808594
93,0.043815,0.467909,23259.394531
94,0.023404,0.472684,23508.947266
95,0.007689,0.472807,23758.521484
96,0.996747,0.466705,24008.068359
97,0.989105,0.465542,24257.656250
98,0.981822,0.464469,24507.195312
99,0.971190,0.463571,24756.777344
0,0.749919,0.569032,0.023942
1,0.749828,0.569729,266.252808
2,0.749310,0.569544,515.837646
3,0.754970,0.551552,765.370544
4,0.768925,0.507496,1014.893799
5,0.798521,0.497291,1264.569458
6,0.821998,0.498850,1514.104248
7,0.858394,0.508994,1763.665283
8,0.898274,0.516874,2013.172363
9,0.938725,0.513025,2262.796875
10,0.978377,0.507293,2512.322021
11,0.016727,0.502769,2761.846191
12,0.064767,0.511812,3011.515869
13,0.103746,0.521645,3260.967529
14,0.074543,0.473108,3510.631104
15,0.031406,0.397616,3760.143066
16,0.018903,0.360935,4009.671875
17,0.021344,0.349248,4259.269531
18,0.035668,0.347268,4508.797363
19,0.037428,0.353162,4758.406250
20,0.023576,0.353705,5007.933105
21,0.984630,0.325745,5257.539062
22,0.917356,0.301576,5507.038574
23,0.878392,0.305715,5756.713867
24,0.861906,0.273137,6006.182129
25,0.848948,0.238582,6255.763672
26,0.827624,0.214348,6505.409180
27,0.801162,0.204295,6754.958008
28,0.773864,0.205759,7004.460938
29,0.751638,0.227872,7253.989746
30,0.740893,0.272134,7503.609863
31,0.746627,0.358971,7753.147461
32,0.765007,0.455699,8002.681641
33,0.766401,0.512612,8252.270508
34,0.738612,0.513538,8501.948242
35,0.675426,0.476127,8751.444336
36,0.603785,0.466205,9000.933594
37,0.563474,0.489448,9250.600586
38,0.542794,0.514055,9500.119141
39,0.534442,0.521145,9766.284180
40,0.520958,0.518497,10015.840820
41,0.524603,0.517136,10265.422852
42,0.546617,0.508831,10515.057617
43,0.593739,0.502485,10764.547852
44,0.671818,0.507668,11014.083984
45,0.721467,0.507120,11263.761719
46,0.735608,0.492709,11513.263672
47,0.746721,0.491953,11762.829102
48,0.804230,0.502728,12012.458984
49,0.837720,0.524055,12262.030273
50,0.803150,0.532408,12511.495117
51,0.692327,0.558744,12761.024414
52,0.585248,0.539994,13010.677734
53,0.512231,0.545807,13260.264648
54,0.448003,0.555693,13509.773438
55,0.410033,0.544590,13759.303711
56,0.392117,0.536623,14008.924805
57,0.371267,0.537273,14258.442383
58,0.358011,0.532035,14507.974609
59,0.350335,0.526897,14757.594727
60,0.337699,0.526386,15007.179688
61,0.323562,0.525436,15256.724609
62,0.309564,0.521237,15506.355469
63,0.279990,0.512772,15755.813477
64,0.245468,0.508261,16005.408203
65,0.231498,0.505647,16254.942383
66,0.229148,0.510346,16504.515625
67,0.239114,0.513616,16754.095703
68,0.241301,0.520268,17003.675781
69,0.233527,0.518341,17253.240234
70,0.219340,0.520151,17502.845703
71,0.191753,0.505181,17752.341797
72,0.169288,0.493484,18001.921875
73,0.153552,0.495101,18251.443359
74,0.133762,0.499973,18501.046875
75,0.108887,0.495504,18750.593750
76,0.091518,0.491828,19000.160156
77,0.090726,0.490471,19266.392578
78,0.100155,0.495091,19515.933594
79,0.107813,0.501493,19765.476562
80,0.104029,0.503106,20015.044922
81,0.080386,0.494300,20264.609375
82,0.055337,0.484961,20514.248047
83,0.038289,0.472730,20763.775391
84,0.026700,0.461461,21013.320312
85,0.016847,0.462457,21262.945312
86,0.007445,0.468867,21512.423828
87,0.998951,0.485633,21761.990234
88,0.988716,0.491426,22011.578125
89,0.979260,0.497158,22261.156250
90,0.971880,0.500441,22510.705078
91,0.970865,0.505416,22760.277344
92,0.975206,0.506183,23009.818359
93,0.980588,0.507014,23259.363281
94,0.983019,0.510871,23508.931641
95,0.980760,0.512001,23758.568359
96,0.980076,0.511377,24008.080078
97,0.981182,0.512745,24257.650391
98,0.983617,0.513980,24507.166016
99,0.984722,0.514826,24756.792969
0,0.756221,0.500045,0.015851
1,0.764996,0.499923,266.200745
2,0.770912,0.499711,515.740662
3,0.778933,0.499770,765.355103
4,0.786943,0.500295,1014.861938
5,0.788612,0.501136,1264.533813
6,0.784484,0.500123,1513.978271
7,0.757173,0.497387,1763.622803
8,0.703270,0.493111,2013.183960
9,0.663212,0.496460,2262.675781
10,0.637668,0.492694,2512.350342
11,0.622974,0.494505,2761.899170
12,0.613398,0.507595,3011.436523
13,0.601088,0.517865,3260.911377
14,0.589827,0.523298,3510.605225
15,0.582419,0.523776,3760.082764
16,0.580742,0.520146,4009.615234
17,0.584495,0.517314,4259.304199
18,0.587477,0.520155,4508.823730
19,0.588933,0.524227,4758.363770
20,0.592856,0.524835,5007.864746
21,0.600297,0.521073,5257.500977
22,0.609597,0.519072,5507.006836
23,0.619570,0.518867,5756.668457
24,0.632284,0.519513,6006.190430
25,0.646946,0.520942,6255.711914
26,0.669246,0.522350,6505.303223
27,0.693061,0.524205,6754.831543
28,0.713224,0.524416,7004.458984
29,0.732069,0.524150,7253.961914
30,0.753389,0.525958,7503.548340
31,0.774087,0.528624,7753.090332
32,0.793244,0.528920,8002.687500
33,0.811816,0.528693,8252.211914
34,0.833384,0.528675,8501.764648
35,0.854673,0.526845,8751.426758
36,0.868963,0.526497,9000.950195
37,0.877626,0.528556,9250.459961
38,0.885507,0.529767,9500.078125
39,0.892084,0.530546,9766.326172
40,0.898267,0.531332,10015.859375
41,0.905134,0.530426,10265.405273
42,0.918472,0.527134,10514.919922
43,0.933900,0.523861,10764.534180
44,0.946239,0.523717,11014.105469
45,0.957567,0.521781,11263.650391
46,0.973009,0.517046,11513.160156
47,0.000252,0.508502,11762.767578
48,0.041595,0.497283,12012.348633
49,0.070717,0.489211,12261.853516
50,0.094493,0.481043,12511.479492
51,0.110401,0.478124,12761.068359
52,0.110870,0.479606,13010.605469
53,0.101221,0.481609,13260.145508
54,0.086321,0.485443,13509.716797
55,0.074932,0.489287,13759.231445
56,0.078664,0.498680,14008.807617
57,0.097820,0.505371,14258.453125
58,0.126787,0.504005,14508.042969
59,0.157410,0.497990,14757.627930
60,0.183346,0.491435,15007.120117
61,0.204444,0.484014,15256.661133
62,0.224802,0.481503,15506.250000
63,0.247672,0.481659,15755.780273
64,0.277252,0.485637,16005.328125
65,0.297121,0.486366,16254.978516
66,0.301455,0.489589,16504.462891
67,0.299663,0.492958,16754.000000
68,0.299331,0.498873,17003.599609
69,0.298851,0.500136,17253.185547
70,0.298890,0.499979,17502.705078
71,0.298694,0.500307,17752.304688
72,0.298704,0.501517,18001.908203
73,0.297222,0.502796,18251.466797
74,0.294738,0.503842,18501.083984
75,0.291243,0.504998,18750.621094
76,0.285966,0.505385,19000.146484
77,0.278962,0.505774,19266.351562
78,0.267215,0.502238,19515.851562
79,0.252072,0.500724,19765.486328
80,0.238300,0.501872,20015.117188
81,0.227463,0.504499,20264.593750
82,0.219530,0.507641,20514.152344
83,0.210980,0.507694,20763.773438
84,0.197453,0.504794,21013.251953
85,0.176680,0.505120,21262.843750
86,0.148442,0.510081,21512.419922
87,0.102309,0.522865,21762.011719
88,0.040803,0.533801,22011.546875
89,0.994276,0.534849,22261.060547
90,0.970190,0.532189,22510.669922
91,0.956513,0.530816,22760.234375
92,0.950142,0.527997,23009.750000
93,0.949286,0.525578,23259.373047
94,0.950222,0.524582,23508.937500
95,0.957114,0.525354,23758.486328
96,0.971698,0.528240,24008.037109
97,0.977113,0.526344,24257.666016
98,0.978169,0.519151,24507.220703
99,0.979262,0.512855,24756.703125
0,0.750062,0.563130,0.031518
1,0.750308,0.563574,266.216095
2,0.750778,0.564201,515.868103
3,0.751107,0.563357,765.336792
4,0.759832,0.560952,1014.937439
5,0.790125,0.556791,1264.448975
6,0.818612,0.552609,1514.014648
7,0.842538,0.550580,1763.616821
8,0.872619,0.547043,2013.260254
9,0.918294,0.530014,2262.788818
10,0.949564,0.498200,2512.272217
11,0.956652,0.493670,2761.938232
12,0.964954,0.494265,3011.441162
13,0.972311,0.490894,3260.979736
14,0.975429,0.486247,3510.527588
15,0.975606,0.484904,3760.208252
16,0.974451,0.484690,4009.649170
17,0.976125,0.483847,4259.318359
18,0.979166,0.484006,4508.831055
19,0.979653,0.486239,4758.369141
20,0.978820,0.489191,5007.942383
21,0.978268,0.502051,5257.529297
22,0.979715,0.513923,5507.146484
23,0.976299,0.538081,5756.637695
24,0.967011,0.639597,6006.173828
25,0.976077,0.731209,6255.742188
26,0.995969,0.788829,6505.339844
27,0.011326,0.820961,6754.862305
28,0.022870,0.850460,7004.521973
29,0.061137,0.878968,7254.045410
30,0.126198,0.888081,7503.676270
31,0.153526,0.885932,7753.137695
32,0.138126,0.822318,8002.736816
33,0.118404,0.683699,8252.284180
34,0.113293,0.586402,8501.825195
35,0.128697,0.551062,8751.416016
36,0.139477,0.541297,9000.988281
37,0.172843,0.548903,9250.564453
38,0.188934,0.552333,9500.062500
39,0.198815,0.549770,9766.267578
40,0.201661,0.547019,10015.862305
41,0.190370,0.539809,10265.442383
42,0.172005,0.529541,10514.955078
43,0.150314,0.520630,10764.620117
44,0.132458,0.513869,11014.094727
45,0.112318,0.510935,11263.785156
46,0.091634,0.511457,11513.208008
47,0.068857,0.508326,11762.849609
48,0.032985,0.494789,12012.398438
49,0.992311,0.478915,12261.911133
50,0.959778,0.470726,12511.528320
51,0.937990,0.463725,12761.154297
52,0.916411,0.449537,13010.707031
53,0.892098,0.428253,13260.168945
54,0.871095,0.375329,13509.830078
55,0.861912,0.283716,13759.351562
56,0.860647,0.232016,14008.863281
57,0.856816,0.237962,14258.443359
58,0.845089,0.291388,14508.043945
59,0.811783,0.399576,14757.663086
60,0.793535,0.491961,15007.096680
61,0.798854,0.539218,15256.677734
62,0.830110,0.553432,15506.256836
63,0.844167,0.544577,15755.830078
64,0.856051,0.528618,16005.403320
65,0.860398,0.520091,16254.965820
66,0.868900,0.507146,16504.521484
67,0.896672,0.488476,16754.052734
68,0.919020,0.479882,17003.689453
69,0.936821,0.473838,17253.177734
70,0.955311,0.461491,17502.806641
71,0.965753,0.453470,17752.310547
72,0.975226,0.457760,18001.955078
73,0.981577,0.481395,18251.472656
74,0.950948,0.563817,18500.990234
75,0.812796,0.546203,18750.664062
76,0.694790,0.504315,19000.164062
77,0.648111,0.492582,19266.330078
78,0.607892,0.485031,19515.966797
79,0.577060,0.483492,19765.505859
80,0.555460,0.495830,20015.066406
81,0.541388,0.505731,20264.630859
82,0.549583,0.506409,20514.148438
83,0.562242,0.508635,20763.767578
84,0.623744,0.509434,21013.291016
85,0.687227,0.494419,21262.890625
86,0.711686,0.480046,21512.402344
87,0.735372,0.449646,21762.078125
88,0.766100,0.455770,22011.539062
89,0.801546,0.476456,22261.109375
90,0.835402,0.505497,22510.664062
91,0.878435,0.521929,22760.287109
92,0.940585,0.523964,23009.894531
93,0.012631,0.483882,23259.378906
94,0.057960,0.442463,23508.966797
95,0.088593,0.427096,23758.486328
96,0.130956,0.440481,24008.031250
97,0.166558,0.450473,24257.611328
98,0.199358,0.455646,24507.210938
99,0.224178,0.460861,24756.738281
0,0.750040,0.554463,0.004763
1,0.750209,0.554988,266.182892
2,0.748385,0.554920,515.786499
3,0.696721,0.560242,765.294495
4,0.613927,0.569051,1014.869629
5,0.578913,0.557985,1264.445068
6,0.551985,0.548917,1514.022217
7,0.525294,0.546796,1763.545776
8,0.504594,0.544708,2013.188354
9,0.488660,0.547980,2262.672363
10,0.476618,0.550109,2512.331543
11,0.464157,0.551054,2761.823975
12,0.441773,0.550293,3011.416260
13,0.406099,0.554469,3260.958252
14,0.377958,0.567323,3510.476074
15,0.369797,0.570180,3760.088623
16,0.374081,0.571674,4009.636719
17,0.399380,0.566195,4259.206055
18,0.468180,0.550463,4508.791016
19,0.546638,0.536813,4758.390137
20,0.590810,0.533145,5007.895508
21,0.638828,0.536942,5257.430176
22,0.700926,0.541410,5507.059082
23,0.745361,0.532786,5756.582031
24,0.784607,0.526716,6006.172363
25,0.826219,0.518363,6255.678711
26,0.866310,0.472499,6505.292480
27,0.893279,0.443263,6754.859863
28,0.930737,0.442167,7004.386719
29,0.980623,0.486371,7254.003906
30,0.000063,0.522123,7503.518066
31,0.017409,0.549940,7753.127441
32,0.040696,0.554484,8002.632324
33,0.075924,0.559526,8252.281250
34,0.095840,0.563476,8501.750977
35,0.114064,0.566799,8751.311523
36,0.128645,0.566842,9000.969727
37,0.145508,0.569428,9250.466797
38,0.168125,0.563795,9500.110352
39,0.191421,0.559344,9766.299805
40,0.196064,0.561212,10015.772461
41,0.168600,0.562800,10265.361328
42,0.122114,0.557640,10514.901367
43,0.099561,0.558305,10764.473633
44,0.073183,0.549434,11014.080078
45,0.048916,0.525735,11263.662109
46,0.029079,0.505824,11513.244141
47,0.005572,0.477563,11762.745117
48,0.991200,0.453023,12012.313477
49,0.980748,0.443958,12261.843750
50,0.972068,0.448324,12511.423828
51,0.969014,0.460473,12761.057617
52,0.967436,0.470599,13010.660156
53,0.969578,0.485595,13260.148438
54,0.974412,0.501989,13509.697266
55,0.976956,0.510296,13759.287109
56,0.978645,0.513443,14008.812500
57,0.980190,0.515055,14258.376953
58,0.981814,0.516177,14507.936523
59,0.984692,0.517903,14757.587891
60,0.987889,0.520303,15007.045898
61,0.992657,0.523616,15256.656250
62,0.996787,0.527084,15506.247070
63,0.002290,0.530695,15755.788086
64,0.006241,0.533837,16005.309570
65,0.011016,0.535729,16254.915039
66,0.007378,0.537975,16504.507812
67,0.981392,0.537304,16754.058594
68,0.952411,0.532650,17003.570312
69,0.926783,0.525671,17253.185547
70,0.905585,0.520285,17502.781250
71,0.897634,0.519965,17752.294922
72,0.881947,0.526858,18001.845703
73,0.879809,0.562789,18251.437500
74,0.898063,0.629090,18501.042969
75,0.932829,0.698667,18750.529297
76,0.957946,0.754656,19000.191406
77,0.958794,0.827380,19266.312500
78,0.942533,0.881453,19515.945312
79,0.928282,0.936038,19765.449219
80,0.953258,0.953121,20015.044922
81,0.980761,0.938602,20264.603516
82,0.989624,0.910690,20514.167969
83,0.983271,0.896985,20763.666016
84,0.970734,0.888499,21013.224609
85,0.959882,0.890343,21262.792969
86,0.923773,0.870480,21512.384766
87,0.900809,0.800644,21761.943359
88,0.928853,0.745185,22011.521484
89,0.935456,0.673397,22261.091797
90,0.945781,0.604553,22510.632812
91,0.959570,0.563995,22760.208984
92,0.977965,0.542751,23009.757812
93,0.010636,0.528565,23259.291016
94,0.051144,0.521413,23508.916016
95,0.081769,0.518085,23758.494141
96,0.102002,0.519912,24008.042969
97,0.114995,0.524988,24257.546875
98,0.118263,0.529331,24507.179688
99,0.120786,0.533465,24756.763672
0,0.749792,0.570378,-0.001417
1,0.750686,0.571270,266.254150
2,0.751829,0.569295,515.879456
3,0.752107,0.568990,765.340210
4,0.751915,0.565896,1014.949341
5,0.754011,0.543748,1264.457886
6,0.758957,0.506913,1514.060669
7,0.767469,0.486770,1763.656372
8,0.766424,0.482753,2013.197754
9,0.765427,0.487553,2262.788330
10,0.764277,0.502815,2512.288086
11,0.764122,0.507416,2761.912109
12,0.765223,0.510725,3011.459229
13,0.771336,0.512918,3260.977295
14,0.789025,0.516649,3510.579590
15,0.814384,0.518874,3760.103760
16,0.842572,0.517590,4009.710938
17,0.869006,0.510581,4259.247070
18,0.891206,0.503046,4508.852539
19,0.931035,0.487420,4758.375000
20,0.966009,0.473381,5007.923340
21,0.982038,0.471108,5257.572266
22,0.986192,0.474960,5507.084473
23,0.986557,0.478219,5756.598633
24,0.988646,0.480417,6006.172363
25,0.994252,0.479990,6255.832520
26,0.015730,0.479550,6505.349609
27,0.045747,0.479104,6754.871094
28,0.080066,0.475305,7004.515625
29,0.118717,0.470940,7254.084961
30,0.152512,0.465551,7503.592285
31,0.185343,0.459991,7753.153320
32,0.212353,0.459784,8002.680664
33,0.232632,0.459697,8252.304688
34,0.249515,0.464474,8501.865234
35,0.270069,0.471210,8751.468750
36,0.291822,0.471463,9000.986328
37,0.315315,0.472644,9250.566406
38,0.339339,0.471988,9500.072266
39,0.359518,0.469879,9766.297852
40,0.382586,0.442556,10015.876953
41,0.420997,0.374147,10265.450195
42,0.443121,0.323794,10515.019531
43,0.443960,0.305043,10764.589844
44,0.439947,0.309059,11014.122070
45,0.427149,0.340469,11263.733398
46,0.405766,0.421237,11513.240234
47,0.386574,0.481618,11762.825195
48,0.355742,0.506495,12012.337891
49,0.330162,0.518538,12261.915039
50,0.310997,0.526299,12511.534180
51,0.299820,0.542144,12761.106445
52,0.296230,0.565938,13010.633789
53,0.294370,0.568203,13260.179688
54,0.292135,0.563014,13509.805664
55,0.287845,0.560059,13759.303711
56,0.282778,0.561288,14008.869141
57,0.277210,0.557591,14258.422852
58,0.267711,0.548661,14508.011719
59,0.249093,0.540342,14757.583984
60,0.216449,0.535955,15007.138672
61,0.174790,0.530031,15256.714844
62,0.132713,0.516641,15506.267578
63,0.100747,0.512982,15755.871094
64,0.080718,0.516931,16005.411133
65,0.060988,0.511241,16254.951172
66,0.032734,0.506299,16504.535156
67,0.004499,0.498759,16754.064453
68,0.982605,0.491523,17003.675781
69,0.963059,0.488193,17253.185547
70,0.934855,0.486870,17502.769531
71,0.899406,0.489785,17752.359375
72,0.870204,0.482307,18001.927734
73,0.850367,0.453580,18251.509766
74,0.839640,0.424561,18501.013672
75,0.838987,0.424000,18750.617188
76,0.844920,0.430597,19000.154297
77,0.852730,0.431118,19266.380859
78,0.857369,0.431678,19515.958984
79,0.859450,0.433397,19765.505859
80,0.861300,0.432980,20015.128906
81,0.863439,0.431106,20264.619141
82,0.860289,0.447729,20514.156250
83,0.857075,0.455972,20763.730469
84,0.857505,0.445624,21013.292969
85,0.868163,0.379755,21262.912109
86,0.878780,0.300887,21512.419922
87,0.875985,0.249813,21762.005859
88,0.876145,0.236022,22011.582031
89,0.881824,0.244772,22261.107422
90,0.903864,0.313905,22510.708984
91,0.928469,0.391715,22760.230469
92,0.944832,0.429386,23009.902344
93,0.949821,0.458146,23259.375000
94,0.952725,0.489034,23509.023438
95,0.954798,0.505256,23758.496094
96,0.953297,0.510238,24008.083984
97,0.951441,0.512703,24257.673828
98,0.948476,0.515585,24507.193359
99,0.945394,0.516707,24756.777344
0,0.750208,0.627357,0.023243
1,0.750496,0.627626,266.271179
2,0.750382,0.626930,515.756897
3,0.748442,0.607206,765.320312
4,0.746729,0.555214,1014.912415
5,0.749618,0.524044,1264.425415
6,0.770323,0.515910,1514.028442
7,0.813784,0.477229,1763.612061
8,0.860495,0.469359,2013.180420
9,0.898584,0.469204,2262.718750
10,0.922106,0.458437,2512.370361
11,0.944902,0.473262,2761.858887
12,0.974155,0.486868,3011.378174
13,0.008345,0.485849,3261.045410
14,0.035734,0.457018,3510.497559
15,0.059530,0.444171,3760.173340
16,0.088447,0.433075,4009.635986
17,0.112787,0.435160,4259.294434
18,0.141334,0.439236,4508.800781
19,0.175590,0.445719,4758.333008
20,0.208980,0.449435,5007.924316
21,0.240643,0.446725,5257.536133
22,0.268404,0.451380,5507.064941
23,0.296979,0.455692,5756.564941
24,0.323682,0.458172,6006.246094
25,0.347973,0.459420,6255.716797
26,0.363181,0.466020,6505.293945
27,0.346204,0.491284,6754.883789
28,0.321959,0.509882,7004.452637
29,0.305028,0.501417,7254.002930
30,0.301767,0.493571,7503.585449
31,0.311602,0.477546,7753.116699
32,0.313672,0.478373,8002.712891
33,0.308529,0.479950,8252.221680
34,0.299054,0.478609,8501.795898
35,0.281329,0.477533,8751.416016
36,0.257229,0.472653,9000.948242
37,0.232425,0.473170,9250.472656
38,0.205859,0.475687,9500.083984
39,0.183718,0.475820,9766.294922
40,0.166653,0.474383,10015.844727
41,0.153203,0.470559,10265.387695
42,0.142841,0.466012,10514.997070
43,0.117634,0.463893,10764.574219
44,0.095778,0.467764,11014.138672
45,0.082793,0.468126,11263.626953
46,0.061224,0.449980,11513.272461
47,0.042496,0.439912,11762.810547
48,0.036177,0.426362,12012.393555
49,0.040306,0.384366,12261.876953
50,0.058871,0.333910,12511.569336
51,0.077642,0.292938,12761.007812
52,0.084189,0.275450,13010.569336
53,0.087876,0.253253,13260.182617
54,0.076950,0.264714,13509.798828
55,0.063467,0.300592,13759.276367
56,0.058639,0.335837,14008.877930
57,0.044410,0.378077,14258.472656
58,0.031271,0.403148,14507.955078
59,0.023119,0.412230,14757.529297
60,0.011512,0.412354,15007.175781
61,0.989251,0.408595,15256.760742
62,0.968632,0.402062,15506.299805
63,0.954835,0.409471,15755.786133
64,0.936850,0.423868,16005.429688
65,0.924782,0.437937,16254.943359
66,0.914830,0.457368,16504.472656
67,0.908192,0.470878,16754.085938
68,0.908626,0.480442,17003.593750
69,0.915799,0.461563,17253.158203
70,0.916258,0.460102,17502.707031
71,0.915029,0.472150,17752.279297
72,0.913433,0.492952,18001.878906
73,0.913073,0.502779,18251.451172
74,0.912820,0.504524,18501.066406
75,0.911834,0.503592,18750.556641
76,0.911101,0.503321,19000.150391
77,0.911468,0.503231,19266.318359
78,0.912064,0.501068,19515.869141
79,0.911588,0.499359,19765.500000
80,0.909986,0.499336,20015.054688
81,0.904018,0.498951,20264.587891
82,0.897814,0.497292,20514.197266
83,0.892709,0.497775,20763.820312
84,0.886285,0.491978,21013.251953
85,0.872748,0.491160,21262.835938
86,0.851927,0.484241,21512.380859
87,0.832509,0.466697,21761.964844
88,0.803564,0.467722,22011.582031
89,0.791937,0.472014,22261.128906
90,0.801032,0.483795,22510.685547
91,0.813288,0.488074,22760.259766
92,0.837135,0.489138,23009.779297
93,0.848572,0.489389,23259.345703
94,0.854102,0.492586,23508.939453
95,0.856914,0.494544,23758.455078
96,0.857040,0.494131,24008.066406
97,0.856339,0.493507,24257.580078
98,0.854683,0.493186,24507.152344
99,0.846031,0.487922,24756.726562
0,0.762727,0.518083,0.033013
1,0.776518,0.518579,266.249573
2,0.782103,0.515422,515.837341
3,0.808127,0.527378,765.350891
4,0.846840,0.540492,1014.960632
5,0.879718,0.580675,1264.572754
6,0.890059,0.659130,1514.100952
7,0.867987,0.727880,1763.646729
8,0.856632,0.768144,2013.244507
9,0.856771,0.786878,2262.791504
10,0.866482,0.803718,2512.298340
11,0.901243,0.803364,2761.918213
12,0.941510,0.798265,3011.482666
13,0.955925,0.790424,3260.986572
14,0.955684,0.787271,3510.627197
15,0.953912,0.791669,3760.163818
16,0.953234,0.791317,4009.715820
17,0.958836,0.783509,4259.244629
18,0.971135,0.733899,4508.913574
19,0.975078,0.650548,4758.419922
20,0.975852,0.583073,5007.976074
21,0.978593,0.520245,5257.561035
22,0.983081,0.497157,5507.174805
23,0.998638,0.502146,5756.688477
24,0.001102,0.504512,6006.203125
25,0.997858,0.501469,6255.814453
26,0.988270,0.487289,6505.385742
27,0.968450,0.489747,6754.917969
28,0.938064,0.493876,7004.477051
29,0.919847,0.497333,7254.031250
30,0.892042,0.504472,7503.591797
31,0.854295,0.505737,7753.156738
32,0.814561,0.500010,8002.733398
33,0.778761,0.487193,8252.268555
34,0.750920,0.485189,8501.835938
35,0.697435,0.468436,8751.410156
36,0.641429,0.462782,9001.035156
37,0.617799,0.468885,9250.539062
38,0.612292,0.482733,9500.108398
39,0.618111,0.505178,9766.291016
40,0.595648,0.495906,10015.875977
41,0.568323,0.500103,10265.425781
42,0.565899,0.500174,10514.978516
43,0.561134,0.513090,10764.543945
44,0.548404,0.540299,11014.119141
45,0.531875,0.544207,11263.700195
46,0.494853,0.529662,11513.250000
47,0.441551,0.502164,11762.810547
48,0.414307,0.485415,12012.375000
49,0.387688,0.492055,12261.922852
50,0.359060,0.485981,12511.499023
51,0.336840,0.480954,12761.058594
52,0.328046,0.482821,13010.632812
53,0.338406,0.486059,13260.220703
54,0.344526,0.489975,13509.755859
55,0.343702,0.485016,13759.315430
56,0.341256,0.483918,14008.875977
57,0.311032,0.483734,14258.446289
58,0.279428,0.486932,14508.044922
59,0.248692,0.490153,14757.584961
60,0.225561,0.494416,15007.150391
61,0.204542,0.499698,15256.701172
62,0.191216,0.500004,15506.293945
63,0.186271,0.496982,15755.840820
64,0.186851,0.496633,16005.411133
65,0.188430,0.500558,16254.953125
66,0.189143,0.503574,16504.548828
67,0.190332,0.503941,16754.082031
68,0.191821,0.503661,17003.662109
69,0.194800,0.501639,17253.214844
70,0.200354,0.500678,17502.789062
71,0.205558,0.502163,17752.345703
72,0.211634,0.503846,18001.902344
73,0.218902,0.505071,18251.482422
74,0.225119,0.506802,18501.052734
75,0.229600,0.507709,18750.597656
76,0.235831,0.506228,19000.175781
77,0.245465,0.504307,19266.375000
78,0.256157,0.504810,19515.927734
79,0.266836,0.506165,19765.488281
80,0.281952,0.504851,20015.044922
81,0.298085,0.502896,20264.644531
82,0.320707,0.499759,20514.191406
83,0.362321,0.493170,20763.750000
84,0.397494,0.508971,21013.308594
85,0.414623,0.514766,21262.875000
86,0.462944,0.518231,21512.447266
87,0.530806,0.514994,21761.998047
88,0.560979,0.507902,22011.562500
89,0.568867,0.511190,22261.134766
90,0.581904,0.516021,22510.724609
91,0.594945,0.520524,22760.283203
92,0.594884,0.519541,23009.818359
93,0.601332,0.509039,23259.392578
94,0.607984,0.497429,23508.941406
95,0.612319,0.492842,23758.537109
96,0.615979,0.494179,24008.103516
97,0.629573,0.497866,24257.634766
98,0.686278,0.500424,24507.195312
99,0.718399,0.494653,24756.785156
0,0.749859,0.517806,0.025842
1,0.749719,0.517970,266.251495
2,0.768453,0.512622,515.792053
3,0.826466,0.494650,765.328186
4,0.854578,0.486628,1014.864014
5,0.891130,0.474129,1264.465820
6,0.926247,0.461181,1514.003174
7,0.933961,0.458609,1763.580078
8,0.964886,0.473400,2013.117920
9,0.002562,0.496744,2262.734375
10,0.032111,0.506655,2512.278809
11,0.051967,0.500440,2761.812256
12,0.027630,0.476493,3011.410889
13,0.039475,0.457038,3260.954102
14,0.128431,0.450457,3510.544189
15,0.162565,0.463332,3760.136719
16,0.177011,0.476015,4009.691162
17,0.201358,0.497598,4259.228027
18,0.239756,0.541585,4508.799805
19,0.277750,0.554179,4758.353516
20,0.294136,0.531125,5007.875488
21,0.263207,0.511264,5257.533691
22,0.175867,0.500156,5507.024902
23,0.141578,0.484376,5756.695312
24,0.139599,0.480423,6006.169434
25,0.140120,0.481561,6255.756348
26,0.120476,0.483382,6505.308105
27,0.094742,0.481858,6754.822754
28,0.070452,0.480970,7004.438965
29,0.050035,0.481878,7254.007324
30,0.033921,0.483422,7503.571777
31,0.020073,0.474574,7753.091309
32,0.006215,0.447865,8002.690430
33,0.991415,0.417655,8252.216797
34,0.969815,0.488263,8501.781250
35,0.948442,0.672985,8751.422852
36,0.904530,0.804550,9000.992188
37,0.888961,0.867119,9250.582031
38,0.881045,0.890084,9500.059570
39,0.852470,0.815383,9766.283203
40,0.826750,0.638882,10015.846680
41,0.791862,0.536944,10265.393555
42,0.737996,0.460951,10514.938477
43,0.688741,0.431307,10764.559570
44,0.647548,0.438822,11014.152344
45,0.630685,0.451646,11263.705078
46,0.610243,0.459552,11513.183594
47,0.594855,0.457231,11762.843750
48,0.583514,0.459284,12012.314453
49,0.580526,0.460217,12261.872070
50,0.582717,0.463214,12511.506836
51,0.579019,0.475515,12761.044922
52,0.549891,0.499282,13010.675781
53,0.522263,0.506996,13260.155273
54,0.483014,0.495637,13509.708008
55,0.454200,0.489157,13759.268555
56,0.429373,0.494452,14008.818359
57,0.411759,0.494209,14258.397461
58,0.399584,0.493776,14507.977539
59,0.393566,0.494258,14757.567383
60,0.394053,0.484769,15007.101562
61,0.398022,0.476262,15256.658203
62,0.405941,0.471706,15506.244141
63,0.412798,0.470619,15755.773438
64,0.425548,0.471988,16005.416016
65,0.407598,0.477114,16254.933594
66,0.395776,0.490747,16504.464844
67,0.405272,0.494979,16754.058594
68,0.448213,0.483595,17003.632812
69,0.510230,0.472895,17253.189453
70,0.563256,0.462032,17502.732422
71,0.613032,0.457665,17752.371094
72,0.662209,0.460612,18001.878906
73,0.708822,0.466858,18251.455078
74,0.735198,0.471918,18500.964844
75,0.747290,0.474954,18750.527344
76,0.758125,0.475053,19000.117188
77,0.770624,0.476303,19266.320312
78,0.789171,0.477463,19515.892578
79,0.808721,0.479337,19765.515625
80,0.826827,0.481594,20015.050781
81,0.842296,0.483311,20264.582031
82,0.850768,0.484143,20514.154297
83,0.837432,0.485391,20763.775391
84,0.817121,0.486866,21013.298828
85,0.817078,0.487217,21262.820312
86,0.879191,0.458974,21512.404297
87,0.931466,0.426507,21761.964844
88,0.933307,0.423054,22011.521484
89,0.931663,0.423618,22261.072266
90,0.931349,0.435284,22510.673828
91,0.931639,0.450964,22760.242188
92,0.930869,0.459961,23009.779297
93,0.919203,0.467188,23259.343750
94,0.881611,0.480003,23508.898438
95,0.860464,0.485658,23758.480469
96,0.849591,0.502331,24008.039062
97,0.850763,0.511573,24257.572266
98,0.855768,0.515535,24507.189453
99,0.864812,0.513486,24756.695312
0,0.750173,0.482637,-0.014789
1,0.750131,0.482569,266.170990
2,0.750182,0.482665,515.756958
3,0.750039,0.482917,765.303650
4,0.750095,0.482606,1014.859192
5,0.749132,0.482112,1264.393311
6,0.742132,0.479905,1513.979248
7,0.730433,0.478361,1763.572266
8,0.715371,0.479879,2013.153564
9,0.699956,0.480047,2262.666748
10,0.685839,0.477967,2512.287109
11,0.668318,0.475225,2761.806641
12,0.651213,0.471362,3011.357178
13,0.641194,0.466281,3260.944824
14,0.636473,0.463154,3510.479004
15,0.633205,0.464076,3760.070557
16,0.632132,0.463603,4009.609619
17,0.632187,0.463597,4259.216309
18,0.632252,0.464029,4508.752441
19,0.631992,0.465023,4758.337402
20,0.631902,0.465800,5007.872070
21,0.631675,0.467008,5257.432617
22,0.631389,0.467691,5507.002441
23,0.631265,0.467876,5756.552734
24,0.631418,0.467585,6006.141113
25,0.631396,0.467892,6255.715332
26,0.631517,0.467479,6505.267578
27,0.631407,0.467630,6754.791504
28,0.631393,0.467658,7004.389648
29,0.631422,0.467929,7253.937988
30,0.631430,0.467942,7503.498535
31,0.631588,0.468200,7753.074707
32,0.631973,0.468344,8002.639648
33,0.632694,0.469024,8268.898438
34,0.638492,0.469158,8501.744141
35,0.650479,0.470663,8751.335938
36,0.662709,0.474461,9000.887695
37,0.674451,0.478387,9250.472656
38,0.684798,0.478876,9500.047852
39,0.695292,0.477616,9766.218750
40,0.702545,0.478261,10015.791016
41,0.708571,0.479374,10265.384766
42,0.716410,0.481720,10514.927734
43,0.724830,0.482873,10764.474609
44,0.731611,0.481968,11014.070312
45,0.738600,0.479630,11263.612305
46,0.748057,0.478082,11513.184570
47,0.754766,0.477677,11762.714844
48,0.762434,0.476694,12012.291992
49,0.770934,0.477395,12261.855469
50,0.780635,0.478064,12511.439453
51,0.794438,0.477804,12760.972656
52,0.806363,0.480163,13010.584961
53,0.821922,0.485377,13260.094727
54,0.837809,0.490595,13509.716797
55,0.845768,0.494646,13759.267578
56,0.852675,0.499303,14008.780273
57,0.862409,0.505428,14258.392578
58,0.873444,0.510789,14507.929688
59,0.882213,0.512132,14757.534180
60,0.890243,0.510298,15007.046875
61,0.898182,0.504497,15256.609375
62,0.905105,0.496805,15506.202148
63,0.909228,0.488113,15755.744141
64,0.911985,0.480267,16005.299805
65,0.915507,0.481634,16254.900391
66,0.919413,0.484094,16504.441406
67,0.923679,0.487121,16754.009766
68,0.927155,0.490100,17003.601562
69,0.933421,0.494203,17253.125000
70,0.940070,0.498597,17502.705078
71,0.941919,0.498334,17752.251953
72,0.941739,0.493697,18001.833984
73,0.940865,0.486586,18251.425781
74,0.938992,0.476653,18500.966797
75,0.934317,0.464136,18750.548828
76,0.928369,0.453963,19000.072266
77,0.924817,0.450471,19266.281250
78,0.923405,0.450590,19515.857422
79,0.920610,0.450349,19765.431641
80,0.917777,0.448730,20015.007812
81,0.914385,0.446855,20264.570312
82,0.910797,0.446085,20514.119141
83,0.907418,0.444812,20763.701172
84,0.904103,0.442467,21013.216797
85,0.900583,0.438657,21262.810547
86,0.897133,0.434068,21512.337891
87,0.893074,0.432972,21761.929688
88,0.889759,0.434427,22011.482422
89,0.886978,0.436679,22261.068359
90,0.884788,0.438364,22510.613281
91,0.883052,0.439922,22760.183594
92,0.881989,0.441182,23009.726562
93,0.881289,0.442625,23259.285156
94,0.881115,0.444471,23508.896484
95,0.880747,0.446907,23758.427734
96,0.880164,0.448329,24007.990234
97,0.879362,0.448234,24257.548828
98,0.878665,0.448181,24507.146484
99,0.878500,0.448414,24756.681641
0,0.750235,0.566985,0.008561
1,0.752946,0.566454,266.233032
2,0.816080,0.543292,515.784119
3,0.908071,0.527661,765.324402
4,0.937421,0.541921,1014.929138
5,0.960315,0.542069,1264.456543
6,0.989125,0.524713,1514.020142
7,0.027015,0.498673,1763.582153
8,0.031349,0.483746,2013.177246
9,0.981657,0.462973,2262.732178
10,0.886958,0.495411,2512.307617
11,0.751996,0.503341,2761.869629
12,0.670243,0.482025,3011.439697
13,0.620157,0.478521,3260.977295
14,0.574331,0.471299,3510.520508
15,0.515157,0.481361,3760.114746
16,0.448368,0.492846,4009.668945
17,0.408881,0.499170,4259.246094
18,0.381951,0.507956,4508.827148
19,0.356647,0.515627,4758.395996
20,0.331187,0.522790,5007.909668
21,0.312042,0.520758,5257.471680
22,0.319916,0.534837,5507.057617
23,0.346421,0.549598,5756.592773
24,0.353457,0.551397,6006.190918
25,0.380692,0.618118,6255.740723
26,0.414853,0.692302,6505.334961
27,0.442835,0.718657,6754.871582
28,0.481890,0.784468,7004.455566
29,0.530733,0.836769,7254.036133
30,0.621071,0.843691,7503.554688
31,0.721439,0.820997,7753.108887
32,0.774467,0.829367,8002.673340
33,0.790102,0.847275,8252.282227
34,0.814273,0.849262,8501.815430
35,0.861796,0.842492,8751.404297
36,0.897168,0.837886,9000.955078
37,0.923332,0.807219,9250.510742
38,0.960245,0.711218,9500.055664
39,0.979910,0.605687,9766.269531
40,0.979969,0.515712,10015.828125
41,0.972915,0.474475,10265.393555
42,0.940315,0.465264,10514.961914
43,0.921342,0.454614,10764.519531
44,0.912253,0.437968,11014.113281
45,0.888103,0.452812,11263.708984
46,0.818139,0.479494,11513.195312
47,0.783783,0.460362,11762.770508
48,0.792027,0.460975,12012.338867
49,0.798833,0.460439,12261.907227
50,0.810921,0.470237,12511.493164
51,0.835274,0.479350,12761.025391
52,0.927814,0.494468,13010.613281
53,0.017093,0.525619,13260.174805
54,0.038558,0.537655,13509.734375
55,0.063148,0.528088,13759.295898
56,0.079625,0.520176,14008.869141
57,0.068554,0.520292,14258.441406
58,0.052746,0.521330,14507.978516
59,0.034416,0.518710,14757.621094
60,0.985323,0.520914,15007.095703
61,0.841323,0.525973,15256.690430
62,0.708081,0.496197,15506.287109
63,0.648841,0.484221,15755.837891
64,0.620270,0.468764,16005.371094
65,0.598315,0.451292,16254.958984
66,0.578993,0.441753,16504.533203
67,0.574809,0.448417,16754.056641
68,0.570345,0.453095,17003.660156
69,0.570062,0.456919,17253.183594
70,0.565528,0.477347,17502.777344
71,0.570346,0.522417,17752.300781
72,0.597605,0.567782,18001.912109
73,0.614849,0.585511,18251.441406
74,0.622216,0.594724,18501.019531
75,0.620504,0.609034,18750.591797
76,0.618290,0.614899,19000.136719
77,0.615501,0.618551,19266.335938
78,0.616778,0.625351,19515.912109
79,0.618776,0.635272,19765.476562
80,0.620739,0.641614,20015.015625
81,0.621022,0.643799,20264.601562
82,0.621382,0.644840,20514.148438
83,0.620519,0.645230,20763.736328
84,0.611919,0.643889,21013.269531
85,0.600876,0.645241,21262.880859
86,0.615878,0.652135,21512.410156
87,0.640710,0.653443,21761.998047
88,0.637704,0.653635,22011.546875
89,0.633999,0.652441,22261.089844
90,0.632421,0.652384,22510.679688
91,0.631064,0.652990,22760.240234
92,0.631582,0.654029,23009.794922
93,0.631633,0.656072,23259.337891
94,0.630940,0.655699,23508.964844
95,0.631050,0.655978,23758.478516
96,0.630694,0.656824,24008.046875
97,0.630662,0.657123,24257.601562
98,0.630654,0.658403,24507.207031
99,0.630290,0.658887,24756.763672
0,0.749747,0.615499,0.023592
1,0.752443,0.610187,266.263885
2,0.756361,0.582824,515.773071
3,0.751833,0.530027,765.363159
4,0.746363,0.490293,1014.922180
5,0.734125,0.474549,1264.455688
6,0.664928,0.458918,1514.006836
7,0.619019,0.463851,1763.589600
8,0.602727,0.471720,2013.172852
9,0.588249,0.476787,2262.717773
10,0.575404,0.475046,2512.344238
11,0.565004,0.472692,2761.863037
12,0.559828,0.471980,3011.424316
13,0.566609,0.474347,3260.963623
14,0.592214,0.519318,3510.545654
15,0.667525,0.648215,3760.090088
16,0.726662,0.726531,4009.649170
17,0.766486,0.776862,4259.227051
18,0.797986,0.818517,4508.792480
19,0.833570,0.821019,4758.347168
20,0.888484,0.762963,5007.916992
21,0.927037,0.674877,5257.504395
22,0.948749,0.583074,5507.036133
23,0.963413,0.518893,5756.606445
24,0.968175,0.459049,6006.227539
25,0.964038,0.428596,6255.740234
26,0.933214,0.434856,6505.302734
27,0.876555,0.469010,6754.860352
28,0.859160,0.502944,7004.422852
29,0.842952,0.511795,7253.986816
30,0.821925,0.509858,7503.549805
31,0.794639,0.493205,7753.168945
32,0.770265,0.487163,8002.690918
33,0.801317,0.478433,8252.250000
34,0.885056,0.477459,8501.831055
35,0.890513,0.474501,8751.373047
36,0.898283,0.472956,9000.956055
37,0.928523,0.470880,9250.499023
38,0.990926,0.486443,9500.076172
39,0.027625,0.498747,9766.277344
40,0.058554,0.501164,10015.851562
41,0.084532,0.501190,10265.389648
42,0.117518,0.503189,10514.951172
43,0.146528,0.505937,10764.548828
44,0.181213,0.498744,11014.081055
45,0.208435,0.500231,11263.640625
46,0.235389,0.500324,11513.218750
47,0.259696,0.502002,11762.785156
48,0.285039,0.505833,12012.363281
49,0.309196,0.508878,12261.924805
50,0.328639,0.502145,12511.487305
51,0.342504,0.504390,12761.049805
52,0.346796,0.516465,13010.607422
53,0.345059,0.517836,13260.158203
54,0.331519,0.518026,13509.749023
55,0.306969,0.521884,13759.294922
56,0.249285,0.547902,14008.858398
57,0.179490,0.634091,14258.466797
58,0.142785,0.696861,14507.991211
59,0.114297,0.759638,14757.538086
60,0.087746,0.770883,15007.104492
61,0.058169,0.781530,15256.671875
62,0.022974,0.777255,15506.227539
63,0.978183,0.746249,15755.793945
64,0.940755,0.706794,16005.366211
65,0.912975,0.655602,16254.947266
66,0.884977,0.591022,16504.498047
67,0.862242,0.536705,16754.056641
68,0.844871,0.513270,17003.636719
69,0.825509,0.515942,17253.175781
70,0.810659,0.513303,17502.736328
71,0.801121,0.497547,17752.312500
72,0.793305,0.485513,18001.884766
73,0.795119,0.488475,18251.468750
74,0.805516,0.486221,18501.029297
75,0.822181,0.490660,18750.570312
76,0.855769,0.490459,19000.138672
77,0.890434,0.480066,19266.388672
78,0.922828,0.476021,19515.900391
79,0.955794,0.491425,19765.460938
80,0.978237,0.506738,20015.042969
81,0.992988,0.515502,20264.582031
82,0.007709,0.518433,20514.140625
83,0.018060,0.520014,20763.714844
84,0.021425,0.522408,21013.320312
85,0.017512,0.522485,21262.843750
86,0.008533,0.516340,21512.400391
87,0.996846,0.462687,21762.011719
88,0.986799,0.394557,22011.533203
89,0.980145,0.368975,22261.107422
90,0.978041,0.361352,22510.656250
91,0.979148,0.365577,22760.230469
92,0.979538,0.377937,23009.818359
93,0.980116,0.400061,23259.392578
94,0.987796,0.429854,23508.919922
95,0.998186,0.474629,23758.492188
96,0.011181,0.511144,24008.046875
97,0.017584,0.526590,24257.609375
98,0.021285,0.530841,24507.193359
99,0.021970,0.533318,24756.730469
0,0.751098,0.512026,0.054618
1,0.750219,0.514190,266.328949
2,0.749932,0.514887,515.861572
3,0.750797,0.514807,765.398865
4,0.749129,0.514262,1014.966675
5,0.681786,0.490321,1264.561523
6,0.582028,0.489647,1514.080566
7,0.581522,0.490808,1763.710938
8,0.585477,0.489218,2013.278442
9,0.587245,0.487836,2262.867676
10,0.592591,0.486317,2512.343262
11,0.689324,0.488356,2761.962158
12,0.863293,0.475413,3011.516846
13,0.926362,0.515250,3261.036865
14,0.923808,0.517555,3510.643555
15,0.929528,0.519891,3760.212158
16,0.961476,0.526510,4009.760498
17,0.993788,0.517118,4259.290527
18,0.030291,0.509622,4508.916504
19,0.051976,0.533892,4758.473145
20,0.044365,0.547149,5008.096191
21,0.977218,0.534221,5257.589355
22,0.848715,0.509144,5507.124512
23,0.709992,0.489966,5756.669922
24,0.594377,0.460267,6006.225098
25,0.527846,0.464213,6255.870117
26,0.451750,0.465197,6505.372559
27,0.399256,0.488664,6754.978027
28,0.355847,0.488985,7004.533691
29,0.309586,0.492754,7254.193359
30,0.289034,0.479069,7503.637695
31,0.248924,0.459733,7753.174805
32,0.200962,0.453989,8002.816406
33,0.144667,0.468946,8252.325195
34,0.083716,0.482243,8501.973633
35,0.035594,0.480714,8751.450195
36,0.044901,0.471350,9001.105469
37,0.129268,0.463609,9250.580078
38,0.230470,0.476177,9500.161133
39,0.269802,0.481354,9766.332031
40,0.283177,0.476978,10015.940430
41,0.292100,0.476740,10265.473633
42,0.323992,0.458329,10515.028320
43,0.340219,0.469250,10764.592773
44,0.342929,0.473793,11014.226562
45,0.336641,0.476945,11263.781250
46,0.322499,0.484234,11513.315430
47,0.227485,0.490401,11762.893555
48,0.135683,0.498783,12012.443359
49,0.115510,0.503175,12262.038086
50,0.114722,0.503310,12511.529297
51,0.126014,0.501147,12761.155273
52,0.140767,0.501047,13010.652344
53,0.152673,0.507067,13260.237305
54,0.172969,0.507095,13509.883789
55,0.199335,0.511128,13759.399414
56,0.236031,0.506315,14009.020508
57,0.283827,0.498323,14258.484375
58,0.307110,0.498839,14508.100586
59,0.310533,0.501259,14757.603516
60,0.306812,0.501797,15007.210938
61,0.302935,0.504494,15256.730469
62,0.302386,0.504558,15506.388672
63,0.303691,0.504005,15755.919922
64,0.309794,0.505690,16005.461914
65,0.339795,0.512030,16255.029297
66,0.392815,0.514424,16504.613281
67,0.461261,0.507551,16754.119141
68,0.507445,0.506006,17003.687500
69,0.541479,0.502958,17253.283203
70,0.576466,0.504470,17502.806641
71,0.609901,0.506702,17752.386719
72,0.642623,0.498128,18002.013672
73,0.675153,0.506148,18251.595703
74,0.714976,0.502228,18501.091797
75,0.755536,0.516884,18750.695312
76,0.784924,0.521381,19000.216797
77,0.792674,0.515733,19266.410156
78,0.811247,0.529812,19515.974609
79,0.841170,0.508841,19765.541016
80,0.861615,0.483281,20015.154297
81,0.874743,0.478013,20264.671875
82,0.888325,0.471490,20514.275391
83,0.906690,0.483670,20763.822266
84,0.901956,0.490897,21013.398438
85,0.857251,0.473831,21262.943359
86,0.785355,0.476576,21512.507812
87,0.749848,0.509369,21762.060547
88,0.749132,0.507110,22011.644531
89,0.754619,0.508119,22261.160156
90,0.755994,0.510421,22510.757812
91,0.749672,0.512229,22760.335938
92,0.750689,0.515003,23009.912109
93,0.758901,0.515335,23259.429688
94,0.762522,0.514706,23509.017578
95,0.763377,0.515513,23758.591797
96,0.763803,0.516590,24008.125000
97,0.764720,0.515643,24257.689453
98,0.764984,0.513905,24507.291016
99,0.764750,0.514421,24756.835938
0,0.750145,0.629837,-0.001253
1,0.750384,0.629865,266.196533
2,0.750860,0.612597,515.720337
3,0.748931,0.567423,765.360901
4,0.744869,0.538462,1014.895569
5,0.712188,0.516877,1264.521729
6,0.680824,0.508333,1514.009766
7,0.659526,0.507834,1763.568237
8,0.644361,0.512816,2013.190552
9,0.634877,0.515288,2262.667969
10,0.637745,0.516117,2512.319824
11,0.691926,0.490769,2761.772705
12,0.750638,0.421404,3011.340332
13,0.808472,0.395915,3260.988281
14,0.859808,0.416035,3510.544189
15,0.904584,0.470199,3760.097412
16,0.961698,0.470351,4009.608398
17,0.987374,0.458587,4259.223633
18,0.994301,0.453174,4508.726074
19,0.030266,0.457083,4758.288574
20,0.097370,0.465272,5007.860840
21,0.142277,0.470552,5257.561035
22,0.174157,0.471136,5506.992676
23,0.209224,0.470342,5756.582031
24,0.229643,0.466923,6006.176270
25,0.255802,0.466177,6255.711914
26,0.283691,0.466858,6505.271973
27,0.313880,0.472533,6754.827148
28,0.336467,0.471867,7004.396484
29,0.357555,0.475536,7253.956055
30,0.371765,0.479725,7503.538574
31,0.376348,0.483278,7753.140137
32,0.373829,0.487627,8002.732422
33,0.346067,0.500753,8252.258789
34,0.270562,0.520616,8501.821289
35,0.210297,0.522241,8751.349609
36,0.173429,0.515735,9000.889648
37,0.147348,0.510372,9250.485352
38,0.134912,0.505100,9500.052734
39,0.141991,0.497581,9766.237305
40,0.142371,0.496239,10015.814453
41,0.137233,0.496175,10265.441406
42,0.128730,0.495517,10514.941406
43,0.121351,0.494863,10764.496094
44,0.111538,0.496264,11014.047852
45,0.099338,0.497713,11263.602539
46,0.082316,0.498554,11513.166016
47,0.055934,0.491703,11762.737305
48,0.027718,0.482173,12012.299805
49,0.009731,0.483096,12261.865234
50,0.989410,0.487653,12511.406250
51,0.952962,0.489652,12760.985352
52,0.916400,0.495421,13010.554688
53,0.908036,0.505758,13260.119141
54,0.929463,0.507457,13509.675781
55,0.945281,0.498110,13759.239258
56,0.934676,0.494917,14008.803711
57,0.889475,0.491366,14258.394531
58,0.847569,0.481718,14507.936523
59,0.812114,0.480264,14757.483398
60,0.785264,0.469100,15007.092773
61,0.761063,0.468231,15256.633789
62,0.726883,0.484736,15506.181641
63,0.695100,0.508872,15755.748047
64,0.679661,0.515353,16005.317383
65,0.661657,0.512913,16254.918945
66,0.645601,0.517691,16504.468750
67,0.641255,0.521176,16754.005859
68,0.644569,0.522781,17003.552734
69,0.667479,0.522329,17253.154297
70,0.725815,0.494309,17502.699219
71,0.743741,0.472626,17752.259766
72,0.757068,0.472502,18001.818359
73,0.793681,0.474319,18251.392578
74,0.840005,0.437763,18500.937500
75,0.874863,0.371658,18750.509766
76,0.905095,0.330713,19000.123047
77,0.916094,0.291051,19266.306641
78,0.889376,0.247712,19515.888672
79,0.882959,0.235926,19765.394531
80,0.889454,0.244755,20014.980469
81,0.909167,0.247548,20264.527344
82,0.945231,0.250683,20514.123047
83,0.958562,0.254666,20763.669922
84,0.962816,0.287516,21013.236328
85,0.972686,0.347607,21262.808594
86,0.979493,0.386650,21512.355469
87,0.983325,0.437852,21761.939453
88,0.987584,0.461829,22011.474609
89,0.993171,0.474433,22261.064453
90,0.981616,0.489438,22510.603516
91,0.941421,0.506757,22760.187500
92,0.898336,0.522556,23009.740234
93,0.886591,0.527509,23259.330078
94,0.884869,0.530911,23508.888672
95,0.922904,0.533407,23758.460938
96,0.026424,0.518404,24007.998047
97,0.090278,0.504710,24257.550781
98,0.127380,0.495410,24507.144531
99,0.144867,0.493226,24756.685547
0,0.748171,0.528020,-0.001133
1,0.745016,0.528447,266.289307
2,0.740666,0.529239,515.775879
3,0.736112,0.530607,765.429626
4,0.731719,0.531001,1015.000671
5,0.722818,0.531450,1264.463257
6,0.694340,0.532080,1514.067993
7,0.656601,0.528026,1763.588623
8,0.615551,0.516385,2013.161621
9,0.587827,0.504668,2262.751465
10,0.573113,0.489139,2512.302490
11,0.567188,0.473699,2761.881348
12,0.575789,0.472908,3011.431396
13,0.618387,0.478183,3261.081055
14,0.675164,0.484447,3510.562988
15,0.710962,0.484501,3760.099365
16,0.724993,0.480290,4009.693848
17,0.725192,0.480186,4259.299805
18,0.724684,0.497993,4508.864258
19,0.722068,0.525769,4758.359863
20,0.728867,0.536581,5008.003418
21,0.766316,0.533696,5257.523438
22,0.800514,0.530343,5507.161133
23,0.809114,0.530821,5756.653809
24,0.799795,0.526078,6006.180176
25,0.765314,0.520325,6255.782715
26,0.722714,0.499950,6505.306152
27,0.644188,0.466268,6754.916504
28,0.613544,0.459558,7004.426758
29,0.608599,0.464781,7254.065918
30,0.604385,0.474580,7503.583984
31,0.595500,0.476667,7753.186035
32,0.588887,0.474656,8002.732910
33,0.583595,0.473633,8252.272461
34,0.580371,0.475581,8501.908203
35,0.572896,0.479094,8751.412109
36,0.549422,0.483878,9001.028320
37,0.523864,0.494086,9250.580078
38,0.501723,0.504750,9500.147461
39,0.451075,0.505199,9766.288086
40,0.417812,0.501017,10015.865234
41,0.398920,0.497515,10265.409180
42,0.380589,0.503413,10515.016602
43,0.366904,0.503780,10764.516602
44,0.341358,0.499726,11014.158203
45,0.314111,0.496286,11263.646484
46,0.304796,0.491575,11513.307617
47,0.302569,0.484331,11762.797852
48,0.316312,0.485913,12012.362305
49,0.353850,0.488548,12262.004883
50,0.377573,0.494757,12511.503906
51,0.345818,0.498527,12777.707031
52,0.256199,0.507663,13010.602539
53,0.211937,0.515408,13260.225586
54,0.189130,0.517060,13509.736328
55,0.175497,0.519173,13759.291016
56,0.236261,0.563631,14008.942383
57,0.381386,0.598604,14258.549805
58,0.434687,0.565147,14508.027344
59,0.459081,0.547776,14757.598633
60,0.481119,0.532899,15007.179688
61,0.513804,0.504574,15256.677734
62,0.545952,0.477834,15506.262695
63,0.535692,0.474517,15755.796875
64,0.491600,0.480206,16005.430664
65,0.433030,0.483299,16255.071289
66,0.358594,0.487010,16504.501953
67,0.267712,0.490883,16754.117188
68,0.157241,0.497714,17003.660156
69,0.097647,0.506767,17253.222656
70,0.061869,0.509995,17502.818359
71,0.027970,0.506751,17752.318359
72,0.003287,0.511148,18001.910156
73,0.995506,0.514213,18251.437500
74,0.995125,0.509828,18501.072266
75,0.986968,0.510427,18750.662109
76,0.971052,0.516952,19000.152344
77,0.947878,0.528786,19266.351562
78,0.929975,0.535730,19515.914062
79,0.939663,0.531529,19765.511719
80,0.990977,0.524588,20015.035156
81,0.029788,0.515847,20264.689453
82,0.027003,0.507528,20514.216797
83,0.012702,0.474897,20763.748047
84,0.005773,0.446942,21013.277344
85,0.004746,0.428703,21262.917969
86,0.007287,0.418840,21512.488281
87,0.009738,0.403109,21761.998047
88,0.016376,0.344434,22011.550781
89,0.018642,0.303935,22261.216797
90,0.017033,0.310195,22510.779297
91,0.010677,0.349243,22760.220703
92,0.006279,0.377929,23009.835938
93,0.002843,0.393868,23259.455078
94,0.995675,0.412496,23509.019531
95,0.985964,0.427912,23758.533203
96,0.968834,0.458895,24008.113281
97,0.962592,0.483718,24257.650391
98,0.962236,0.502248,24507.181641
99,0.962546,0.551227,24756.820312
0,0.749478,0.555764,-0.016082
1,0.749605,0.556304,266.240356
2,0.745834,0.550140,515.807861
3,0.712232,0.527083,765.364807
4,0.632001,0.518233,1014.900391
5,0.600568,0.501149,1264.464111
6,0.604673,0.497619,1514.065674
7,0.610126,0.496513,1763.634033
8,0.615735,0.499462,2013.137939
9,0.639540,0.505673,2262.711670
10,0.667620,0.508336,2512.291748
11,0.700223,0.502303,2761.862793
12,0.726945,0.485463,3011.405029
13,0.760005,0.477280,3260.977783
14,0.808227,0.483847,3510.618164
15,0.825354,0.487997,3760.065186
16,0.837900,0.485336,4009.627686
17,0.851513,0.481413,4259.267090
18,0.866355,0.474905,4508.824707
19,0.898105,0.463798,4758.332031
20,0.931963,0.455219,5007.961426
21,0.949757,0.460476,5257.507812
22,0.978804,0.475192,5507.051758
23,0.001906,0.485430,5756.605469
24,0.030694,0.490837,6006.154297
25,0.048838,0.493828,6255.734375
26,0.074262,0.502430,6505.266602
27,0.099305,0.505391,6754.881348
28,0.117921,0.503695,7004.436523
29,0.140727,0.498161,7253.978027
30,0.173843,0.484262,7503.540527
31,0.191538,0.480020,7753.146484
32,0.204326,0.488573,8002.713379
33,0.227189,0.515707,8252.233398
34,0.254914,0.522129,8501.846680
35,0.282181,0.519368,8751.395508
36,0.304091,0.509212,9001.014648
37,0.320990,0.506707,9250.476562
38,0.330703,0.504409,9500.133789
39,0.327350,0.505618,9766.305664
40,0.308998,0.515049,10015.869141
41,0.281744,0.520945,10265.375000
42,0.242786,0.521647,10514.993164
43,0.182528,0.523640,10764.532227
44,0.134242,0.521647,11014.102539
45,0.095602,0.531899,11263.696289
46,0.048516,0.542886,11513.264648
47,0.008206,0.555152,11762.764648
48,0.982218,0.583342,12012.359375
49,0.964898,0.613296,12261.918945
50,0.952375,0.667826,12511.482422
51,0.946879,0.701082,12761.044922
52,0.941549,0.739440,13010.570312
53,0.930523,0.789169,13260.224609
54,0.921822,0.841113,13509.792969
55,0.914600,0.874259,13759.405273
56,0.917157,0.864442,14008.875000
57,0.932603,0.794899,14258.447266
58,0.960022,0.636277,14508.006836
59,0.964981,0.454261,14757.514648
60,0.952923,0.332073,15007.132812
61,0.934379,0.277672,15256.674805
62,0.943513,0.277311,15506.219727
63,0.965793,0.350055,15755.785156
64,0.996721,0.460983,16005.396484
65,0.003840,0.491517,16254.967773
66,0.997667,0.496947,16504.474609
67,0.945514,0.510323,16754.117188
68,0.904685,0.519411,17003.685547
69,0.885772,0.519448,17253.189453
70,0.882323,0.518536,17502.710938
71,0.840776,0.509450,17752.316406
72,0.794273,0.495701,18001.845703
73,0.794573,0.501899,18251.429688
74,0.852634,0.520364,18501.066406
75,0.924563,0.530920,18750.638672
76,0.956530,0.520201,19000.189453
77,0.981693,0.470968,19266.417969
78,0.978143,0.471166,19515.873047
79,0.976497,0.474156,19765.517578
80,0.975044,0.476151,20014.994141
81,0.974270,0.477956,20264.572266
82,0.974304,0.477976,20514.203125
83,0.974348,0.477564,20763.738281
84,0.975861,0.478424,21013.322266
85,0.976636,0.479177,21262.839844
86,0.976561,0.477035,21512.431641
87,0.976956,0.478299,21761.980469
88,0.978781,0.480729,22011.515625
89,0.978515,0.480766,22261.068359
90,0.978445,0.480684,22510.658203
91,0.978208,0.480873,22760.265625
92,0.977964,0.481189,23009.785156
93,0.977681,0.481371,23259.361328
94,0.976480,0.481835,23508.912109
95,0.959880,0.478291,23758.521484
96,0.949043,0.463346,24008.058594
97,0.949867,0.452936,24257.636719
98,0.956420,0.448846,24507.164062
99,0.969370,0.444333,24756.746094
