Idx, longitude, latitude, start timestamp
0,0.749713,0.516520,-0.011080
1,0.749820,0.518951,266.204926
2,0.750564,0.522816,515.808777
3,0.754104,0.527779,765.316223
4,0.768534,0.532161,1014.837952
5,0.789911,0.536120,1264.479248
6,0.819345,0.538705,1514.059082
7,0.847513,0.536398,1763.554443
8,0.872036,0.528167,2013.247070
9,0.892643,0.519575,2262.756836
10,0.918715,0.508491,2512.295410
11,0.943282,0.498376,2761.893555
12,0.954915,0.496827,3011.397461
13,0.963363,0.495143,3260.947266
14,0.968377,0.492725,3510.565674
15,0.967425,0.495104,3760.047363
16,0.956676,0.495828,4009.691406
17,0.947470,0.492465,4259.291992
18,0.943401,0.490028,4508.799316
19,0.943680,0.490772,4758.369629
20,0.944265,0.491656,5007.857422
21,0.944434,0.493169,5257.506836
22,0.944083,0.494270,5507.063477
23,0.943481,0.494677,5756.636719
24,0.942372,0.493279,6006.162598
25,0.934675,0.476694,6255.730469
26,0.925799,0.446774,6505.269043
27,0.917152,0.412915,6754.866211
28,0.898713,0.395675,7004.369629
29,0.873380,0.390843,7253.999023
30,0.851996,0.390333,7503.494629
31,0.831262,0.393610,7753.110840
32,0.812234,0.403983,8002.729004
33,0.801829,0.416351,8252.215820
34,0.803321,0.431924,8501.810547
35,0.815337,0.444583,8751.366211
36,0.812793,0.449766,9000.972656
37,0.800167,0.453953,9250.483398
38,0.774418,0.460017,9500.086914
39,0.748851,0.468284,9766.331055
40,0.721908,0.474779,10015.830078
41,0.694455,0.480111,10265.482422
42,0.659112,0.486503,10514.917969
43,0.626190,0.493818,10764.534180
44,0.602642,0.496833,11014.018555
45,0.574218,0.493659,11263.618164
46,0.550985,0.499356,11513.178711
47,0.530970,0.503256,11762.732422
48,0.508090,0.500233,12012.250000
49,0.491293,0.500125,12295.130859
50,0.478700,0.497983,12544.722656
51,0.475603,0.497683,12777.644531
52,0.483078,0.491664,13027.219727
53,0.488161,0.494079,13276.709961
54,0.492834,0.498723,13526.364258
55,0.496958,0.494923,13775.846680
56,0.506358,0.492644,14008.826172
57,0.517317,0.496270,14258.359375
58,0.521749,0.502569,14507.959961
59,0.523279,0.509510,14774.078125
60,0.520587,0.514180,15023.713867
61,0.511866,0.516374,15256.587891
62,0.499631,0.517124,15506.212891
63,0.486792,0.519656,15755.714844
64,0.469346,0.525441,16021.909180
65,0.446557,0.536502,16271.586914
66,0.429979,0.539139,16521.089844
67,0.415590,0.535665,16754.087891
68,0.404542,0.520522,17003.513672
69,0.399832,0.504717,17253.187500
70,0.400527,0.496157,17502.701172
71,0.406600,0.497565,17768.882812
72,0.408398,0.500857,18001.781250
73,0.409461,0.502887,18251.406250
74,0.410578,0.513632,18517.677734
75,0.407743,0.535851,18750.519531
76,0.403583,0.553522,19000.173828
77,0.401913,0.556949,19266.224609
78,0.401855,0.557290,19515.857422
79,0.402730,0.557235,19765.382812
80,0.407933,0.554447,20014.964844
81,0.412828,0.551148,20264.468750
82,0.415084,0.548839,20514.083984
83,0.421007,0.542210,20763.583984
84,0.429246,0.532955,21013.244141
85,0.444412,0.515298,21262.714844
86,0.460003,0.499312,21512.316406
87,0.476362,0.484515,21845.054688
88,0.487013,0.473012,22078.052734
89,0.494079,0.462684,22327.607422
90,0.497842,0.454712,22560.597656
91,0.497666,0.450541,22793.410156
92,0.497851,0.448192,23042.931641
93,0.500550,0.447044,23292.591797
94,0.503292,0.448175,23542.148438
95,0.507740,0.450845,23791.685547
96,0.522084,0.455499,24024.701172
97,0.544384,0.457366,24274.140625
98,0.565647,0.457467,24523.796875
99,0.582230,0.460072,24773.244141
0,0.750010,0.533395,0.034811
1,0.750210,0.532283,266.225403
2,0.750243,0.532830,515.857788
3,0.748397,0.562978,765.258118
4,0.741410,0.650737,1014.892761
5,0.733077,0.669639,1264.567139
6,0.665827,0.595463,1513.998291
7,0.612326,0.529615,1763.538330
8,0.543995,0.507264,2013.155029
9,0.532003,0.508100,2262.776855
10,0.531066,0.505986,2512.232422
11,0.530541,0.505224,2761.982666
12,0.529858,0.506409,3011.371826
13,0.529703,0.506486,3260.965332
14,0.530025,0.506160,3510.541992
15,0.530955,0.504903,3760.083008
16,0.531226,0.505249,4009.751465
17,0.531305,0.506535,4259.200684
18,0.531134,0.506614,4508.888184
19,0.531231,0.507082,4758.360840
20,0.531262,0.509994,5007.975586
21,0.530610,0.515049,5257.464355
22,0.530665,0.517467,5507.080078
23,0.531545,0.519361,5756.623047
24,0.531880,0.520115,6006.165527
25,0.531897,0.517723,6255.722656
26,0.532789,0.498023,6505.285156
27,0.534701,0.480187,6754.840332
28,0.536701,0.475833,7004.452637
29,0.546990,0.463156,7254.099609
30,0.555304,0.443125,7503.575195
31,0.549392,0.449971,7753.135254
32,0.571520,0.501431,8069.254883
33,0.661083,0.505757,8318.791992
34,0.704562,0.503533,8568.371094
35,0.774256,0.496142,8817.919922
36,0.868172,0.484059,9067.481445
37,0.932176,0.489285,9317.034180
38,0.956959,0.483716,9566.657227
39,0.967966,0.478673,9799.498047
40,0.975225,0.491818,10065.759766
41,0.979515,0.506480,10315.243164
42,0.980884,0.510638,10564.864258
43,0.980044,0.517229,10814.330078
44,0.965579,0.489621,11080.599609
45,0.958029,0.451957,11330.230469
46,0.954252,0.441303,11579.723633
47,0.949301,0.446419,11829.311523
48,0.947336,0.455076,12062.236328
49,0.940824,0.461470,12328.345703
50,0.846938,0.462292,12577.940430
51,0.815431,0.495378,12810.946289
52,0.787897,0.538040,13060.413086
53,0.703669,0.504269,13310.074219
54,0.548118,0.485917,13559.546875
55,0.500431,0.471897,13809.190430
56,0.500484,0.449112,14042.078125
57,0.498858,0.438982,14291.676758
58,0.505282,0.450184,14541.293945
59,0.500403,0.459136,14790.798828
60,0.500104,0.464355,15040.414062
61,0.496181,0.474530,15289.908203
62,0.493739,0.478227,15539.489258
63,0.492669,0.479358,15789.006836
64,0.492068,0.480733,16038.616211
65,0.489777,0.483143,16304.727539
66,0.459759,0.498749,16554.386719
67,0.432412,0.543493,16787.263672
68,0.430892,0.559955,17053.478516
69,0.432640,0.563772,17319.720703
70,0.439182,0.579968,17552.576172
71,0.472268,0.601818,17802.240234
72,0.539590,0.598914,18051.689453
73,0.562216,0.593352,18301.335938
74,0.564360,0.592474,18567.449219
75,0.566135,0.586495,18817.117188
76,0.565466,0.555297,19083.335938
77,0.551557,0.507765,19316.216797
78,0.543736,0.478152,19565.669922
79,0.539209,0.459224,19831.974609
80,0.536861,0.452291,20081.601562
81,0.536858,0.435936,20331.056641
82,0.533907,0.422954,20580.648438
83,0.509909,0.393616,20830.210938
84,0.509994,0.391548,21079.765625
85,0.514059,0.393258,21329.310547
86,0.578651,0.400847,21578.878906
87,0.622378,0.407781,21845.197266
88,0.617097,0.384903,22094.660156
89,0.612584,0.377163,22261.007812
90,0.612026,0.377785,22510.662109
91,0.614821,0.385032,22760.152344
92,0.669914,0.433763,23009.738281
93,0.715788,0.442531,23259.234375
94,0.751228,0.457191,23508.847656
95,0.782767,0.463113,23758.376953
96,0.794849,0.452486,24007.978516
97,0.805679,0.430488,24257.519531
98,0.819052,0.431091,24507.101562
99,0.827331,0.428627,24756.708984
0,0.750211,0.504362,-0.022106
1,0.745512,0.509644,266.153595
2,0.695417,0.524366,515.771912
3,0.628018,0.525935,765.260437
4,0.580991,0.510265,1014.779663
5,0.561215,0.497954,1264.377075
6,0.547357,0.484853,1514.008301
7,0.537136,0.470999,1763.568604
8,0.536266,0.457452,2013.047363
9,0.537717,0.444256,2262.677246
10,0.540001,0.442791,2512.234863
11,0.544043,0.444399,2761.784424
12,0.547978,0.449190,3011.353271
13,0.551099,0.448838,3260.906006
14,0.574342,0.457388,3510.481201
15,0.633826,0.448122,3760.075928
16,0.684526,0.446372,4009.666992
17,0.752972,0.454595,4259.092285
18,0.840079,0.476480,4508.760254
19,0.899684,0.498061,4758.237793
20,0.925315,0.513108,5007.893555
21,0.960606,0.525326,5257.369629
22,0.001378,0.548426,5507.046387
23,0.021298,0.578514,5756.609863
24,0.024594,0.590420,6006.091309
25,0.017480,0.580143,6255.740723
26,0.009094,0.565042,6505.241699
27,0.997626,0.539588,6754.927734
28,0.988519,0.526267,7021.008789
29,0.977558,0.492855,7253.974609
30,0.965909,0.454235,7503.458984
31,0.952890,0.435070,7752.975098
32,0.933072,0.406332,8002.573730
33,0.920033,0.344350,8252.248047
34,0.915214,0.296838,8501.653320
35,0.893638,0.310081,8751.274414
36,0.862786,0.362653,9000.980469
37,0.835569,0.433152,9250.446289
38,0.810235,0.480979,9516.651367
39,0.786651,0.499597,9766.217773
40,0.803962,0.513084,10015.814453
41,0.881938,0.529897,10265.313477
42,0.916104,0.528907,10514.977539
43,0.958748,0.536101,10764.371094
44,0.975868,0.537726,11014.004883
45,0.915109,0.521327,11263.783203
46,0.851238,0.507299,11513.127930
47,0.805771,0.498511,11762.737305
48,0.736966,0.488014,12012.254883
49,0.666871,0.489855,12261.905273
50,0.610904,0.495381,12511.416992
51,0.573443,0.507293,12760.960938
52,0.527129,0.523864,13010.541992
53,0.474910,0.528931,13260.136719
54,0.434597,0.529567,13509.710938
55,0.396334,0.528635,13759.243164
56,0.428564,0.512132,14008.763672
57,0.496733,0.475465,14258.338867
58,0.504806,0.462406,14507.838867
59,0.497820,0.452824,14757.481445
60,0.493847,0.455855,15007.064453
61,0.493584,0.448593,15256.613281
62,0.505515,0.448763,15506.229492
63,0.512689,0.461362,15755.742188
64,0.512961,0.471799,16005.355469
65,0.510855,0.476582,16254.852539
66,0.513209,0.472950,16504.433594
67,0.513415,0.475273,16753.927734
68,0.508314,0.474599,17003.578125
69,0.493843,0.466388,17253.035156
70,0.485940,0.456443,17502.728516
71,0.498904,0.459249,17752.335938
72,0.514891,0.472529,18001.863281
73,0.525593,0.481561,18251.472656
74,0.532555,0.483672,18500.929688
75,0.536215,0.480974,18750.537109
76,0.527998,0.474716,19000.029297
77,0.514882,0.469820,19266.351562
78,0.504731,0.468195,19515.888672
79,0.499144,0.465120,19765.406250
80,0.469144,0.458200,20015.076172
81,0.467925,0.460047,20264.523438
82,0.440626,0.462430,20514.128906
83,0.347872,0.489211,20763.650391
84,0.294490,0.499456,21013.250000
85,0.263837,0.515849,21262.833984
86,0.254490,0.527244,21512.373047
87,0.245141,0.533249,21761.916016
88,0.226653,0.530947,22011.550781
89,0.207305,0.527856,22261.021484
90,0.188899,0.505978,22510.595703
91,0.177933,0.434090,22760.111328
92,0.182540,0.399050,23009.781250
93,0.187904,0.366887,23259.328125
94,0.201436,0.351181,23508.880859
95,0.230713,0.338305,23758.570312
96,0.242903,0.350032,24008.005859
97,0.264416,0.399870,24257.562500
98,0.293572,0.452535,24507.099609
99,0.334313,0.493983,24789.966797
0,0.749870,0.534822,0.054063
1,0.737254,0.526268,266.266785
2,0.716522,0.517345,515.790955
3,0.715436,0.520590,765.366028
4,0.753720,0.542297,1014.867004
5,0.811446,0.570844,1264.528687
6,0.844090,0.591770,1514.026978
7,0.858791,0.611142,1763.630493
8,0.863478,0.612357,2013.108765
9,0.871407,0.608767,2262.764648
10,0.882662,0.600502,2512.208496
11,0.894472,0.586817,2761.841553
12,0.901459,0.575750,3011.507568
13,0.898232,0.574251,3260.984863
14,0.890475,0.583415,3510.618408
15,0.875216,0.594004,3760.096191
16,0.853959,0.603829,4009.738281
17,0.824301,0.617421,4259.199219
18,0.783021,0.628385,4508.820801
19,0.728415,0.650422,4758.387695
20,0.679025,0.691926,5007.934082
21,0.645421,0.707568,5257.481445
22,0.614270,0.708412,5507.092285
23,0.589846,0.705235,5756.595703
24,0.572950,0.700056,6006.211914
25,0.542102,0.670151,6255.773926
26,0.532458,0.649040,6505.354004
27,0.532178,0.632435,6754.924805
28,0.534205,0.631420,7004.397949
29,0.523932,0.632526,7270.691406
30,0.500306,0.613858,7520.187500
31,0.465081,0.577315,7753.167969
32,0.449391,0.553184,8002.705078
33,0.441384,0.540140,8285.517578
34,0.440869,0.528197,8518.370117
35,0.441636,0.516209,8768.020508
36,0.443685,0.511820,9000.899414
37,0.440594,0.513616,9250.498047
38,0.420578,0.514886,9500.173828
39,0.403067,0.513936,9766.237305
40,0.383328,0.521633,10015.881836
41,0.368362,0.531248,10265.373047
42,0.358964,0.549254,10515.006836
43,0.350822,0.572793,10764.483398
44,0.344514,0.593999,11014.141602
45,0.343446,0.608036,11346.857422
46,0.345759,0.610165,11596.369141
47,0.350293,0.608430,11845.943359
48,0.352038,0.605025,12078.839844
49,0.352048,0.597043,12328.468750
50,0.360176,0.589790,12561.375977
51,0.371173,0.576888,12810.978516
52,0.390081,0.568582,13060.547852
53,0.414685,0.555293,13293.447266
54,0.438387,0.540132,13542.967773
55,0.458778,0.534620,13775.995117
56,0.486297,0.541341,14025.448242
57,0.503642,0.548942,14275.074219
58,0.541693,0.569047,14524.671875
59,0.567903,0.586332,14774.220703
60,0.590878,0.610104,15023.779297
61,0.600546,0.629813,15273.288086
62,0.606336,0.636271,15522.957031
63,0.609458,0.641475,15755.771484
64,0.610777,0.648089,16005.415039
65,0.613906,0.650314,16254.927734
66,0.616481,0.650692,16537.765625
67,0.616982,0.644313,16754.029297
68,0.621047,0.641398,17020.289062
69,0.630819,0.635845,17286.500000
70,0.639617,0.630713,17519.423828
71,0.610200,0.611092,17785.664062
72,0.571753,0.570046,18035.134766
73,0.557115,0.527872,18284.755859
74,0.556924,0.501496,18517.671875
75,0.562216,0.491022,18767.263672
76,0.568031,0.491219,19016.769531
77,0.570965,0.499458,19266.347656
78,0.573416,0.497726,19549.246094
79,0.573397,0.494524,19765.523438
80,0.570836,0.495689,20031.777344
81,0.568652,0.502731,20264.636719
82,0.569318,0.503176,20514.107422
83,0.564750,0.481204,20763.701172
84,0.557689,0.461449,21013.359375
85,0.537928,0.481126,21262.873047
86,0.517684,0.494104,21529.068359
87,0.495709,0.494260,21761.960938
88,0.479988,0.501278,22011.607422
89,0.471375,0.506057,22261.064453
90,0.471205,0.510010,22510.714844
91,0.478334,0.511382,22843.441406
92,0.487134,0.512986,23092.966797
93,0.496998,0.515862,23325.914062
94,0.505289,0.517423,23575.464844
95,0.512767,0.517598,23808.462891
96,0.517788,0.516931,24057.947266
97,0.523357,0.516383,24290.978516
98,0.531900,0.518292,24540.441406
99,0.542623,0.518689,24773.457031
0,0.751900,0.438177,0.050748
1,0.752436,0.445927,266.253204
2,0.755969,0.472383,515.930481
3,0.798958,0.501116,765.404236
4,0.865106,0.512908,1014.944458
5,0.904731,0.517272,1264.478516
6,0.924949,0.520311,1514.151245
7,0.944514,0.527278,1763.594238
8,0.968379,0.537070,2013.215210
9,0.985832,0.547284,2262.791260
10,0.990031,0.545918,2512.391602
11,0.987817,0.543527,2761.895264
12,0.978702,0.534547,3011.447998
13,0.966568,0.520343,3261.135010
14,0.960937,0.511419,3510.634277
15,0.959137,0.514197,3760.235596
16,0.957038,0.518622,4009.689453
17,0.952096,0.519900,4259.351562
18,0.943134,0.519590,4508.843262
19,0.916914,0.520515,4758.453125
20,0.871540,0.520445,5007.984863
21,0.835635,0.512936,5257.600586
22,0.809766,0.504955,5507.071289
23,0.786161,0.497734,5756.702637
24,0.752016,0.488346,6006.180176
25,0.715722,0.477249,6255.798828
26,0.674854,0.464892,6505.457520
27,0.618620,0.448141,6754.953125
28,0.575329,0.446233,7004.629395
29,0.548581,0.452742,7254.036621
30,0.513771,0.462553,7503.680664
31,0.484705,0.474850,7753.189453
32,0.455516,0.476353,8002.804688
33,0.433814,0.491190,8252.306641
34,0.417849,0.507393,8501.948242
35,0.411456,0.522932,8751.455078
36,0.413749,0.528811,9000.994141
37,0.417967,0.532280,9250.628906
38,0.430373,0.542160,9500.250000
39,0.439931,0.548438,9766.378906
40,0.448491,0.543628,10015.936523
41,0.456580,0.537352,10265.532227
42,0.457137,0.529431,10515.052734
43,0.455746,0.527218,10764.675781
44,0.455308,0.527949,11014.110352
45,0.455484,0.527623,11263.759766
46,0.456498,0.527714,11513.264648
47,0.456917,0.528724,11762.852539
48,0.456089,0.530504,12012.453125
49,0.455270,0.531544,12261.950195
50,0.455447,0.532093,12511.620117
51,0.455812,0.532264,12761.067383
52,0.456342,0.532420,13010.740234
53,0.456651,0.532518,13260.250977
54,0.456549,0.532419,13509.789062
55,0.457921,0.531088,13759.375000
56,0.464680,0.509844,14008.963867
57,0.473405,0.468190,14258.468750
58,0.481143,0.426805,14508.039062
59,0.485316,0.406163,14757.562500
60,0.486649,0.401473,15007.183594
61,0.486209,0.402312,15256.739258
62,0.486920,0.402377,15506.320312
63,0.497402,0.403186,15755.980469
64,0.536899,0.409610,16005.430664
65,0.596819,0.423298,16255.021484
66,0.648454,0.434390,16504.525391
67,0.682681,0.440432,16754.140625
68,0.716917,0.445547,17003.699219
69,0.754733,0.451746,17253.257812
70,0.789917,0.458655,17502.798828
71,0.821722,0.467695,17752.441406
72,0.851990,0.473217,18002.064453
73,0.880211,0.473286,18251.515625
74,0.910609,0.472637,18501.197266
75,0.930764,0.469913,18750.744141
76,0.940354,0.443498,19000.228516
77,0.952426,0.416403,19266.373047
78,0.981896,0.417975,19516.005859
79,0.007802,0.443370,19765.582031
80,0.033776,0.479153,20015.160156
81,0.043885,0.495430,20264.634766
82,0.042780,0.507929,20514.220703
83,0.038700,0.513634,20763.873047
84,0.029735,0.516701,21013.330078
85,0.020232,0.518072,21263.003906
86,0.001304,0.515644,21512.492188
87,0.966976,0.512919,21762.113281
88,0.948404,0.519228,22011.638672
89,0.958451,0.538842,22261.226562
90,0.986110,0.560730,22510.714844
91,0.007865,0.568584,22760.333984
92,0.009427,0.559504,23009.830078
93,0.984884,0.538764,23259.466797
94,0.932563,0.520255,23509.082031
95,0.890166,0.500303,23758.585938
96,0.848354,0.464949,24008.232422
97,0.787331,0.432018,24257.667969
98,0.715495,0.413165,24507.339844
99,0.661443,0.413438,24756.855469
0,0.749999,0.496901,-0.029277
1,0.750009,0.496781,266.149170
2,0.750010,0.497238,515.747437
3,0.750656,0.507022,765.312073
4,0.754762,0.538698,1014.902710
5,0.757280,0.563304,1264.409302
6,0.759278,0.571637,1513.999390
7,0.760219,0.574191,1763.540161
8,0.759782,0.574137,2013.107666
9,0.758626,0.574567,2262.682617
10,0.756644,0.574984,2512.228027
11,0.754906,0.575437,2761.825439
12,0.753932,0.575410,3011.351074
13,0.754103,0.574626,3260.934814
14,0.755539,0.572377,3510.510498
15,0.756734,0.552313,3760.074219
16,0.754296,0.523174,4009.643555
17,0.751691,0.491719,4259.177734
18,0.748982,0.464452,4508.750000
19,0.747989,0.441548,4758.298828
20,0.749449,0.408724,5007.889160
21,0.748393,0.331462,5257.484375
22,0.747963,0.246708,5507.033203
23,0.756323,0.190656,5756.575195
24,0.766099,0.177154,6006.158203
25,0.769938,0.178926,6255.727051
26,0.783640,0.188597,6505.250488
27,0.793414,0.227258,6754.854492
28,0.796944,0.294216,7004.374512
29,0.803974,0.386348,7253.996094
30,0.811762,0.459100,7503.498535
31,0.820881,0.485003,7753.108398
32,0.826885,0.505205,8002.658691
33,0.830358,0.517606,8252.211914
34,0.840078,0.523282,8501.773438
35,0.856917,0.523868,8751.347656
36,0.880256,0.523700,9000.901367
37,0.907146,0.518014,9250.455078
38,0.931263,0.513126,9500.041016
39,0.956454,0.516993,9766.208008
40,0.982371,0.538901,10015.804688
41,0.008467,0.559343,10265.396484
42,0.030182,0.600311,10514.932617
43,0.041872,0.626187,10764.496094
44,0.041727,0.632187,11014.060547
45,0.039552,0.637725,11263.608398
46,0.034458,0.647072,11513.200195
47,0.025007,0.649562,11762.732422
48,0.015166,0.652663,12012.314453
49,0.004378,0.654725,12261.846680
50,0.982336,0.656218,12511.424805
51,0.955407,0.657990,12761.027344
52,0.934472,0.656323,13010.559570
53,0.919412,0.656190,13260.125000
54,0.902726,0.655857,13509.683594
55,0.880299,0.651749,13759.262695
56,0.855821,0.648079,14008.798828
57,0.833796,0.643478,14258.415039
58,0.807629,0.633704,14507.943359
59,0.773572,0.621883,14757.493164
60,0.716660,0.597954,15007.103516
61,0.637675,0.558270,15256.659180
62,0.581235,0.531524,15506.220703
63,0.556223,0.521777,15755.744141
64,0.548968,0.518442,16005.351562
65,0.534716,0.519322,16254.877930
66,0.517234,0.518208,16504.437500
67,0.505438,0.513720,16754.048828
68,0.501755,0.510991,17003.615234
69,0.497075,0.513680,17253.183594
70,0.500286,0.515252,17502.726562
71,0.503097,0.517148,17752.287109
72,0.508523,0.519474,18001.832031
73,0.513667,0.519874,18251.388672
74,0.519625,0.520480,18500.957031
75,0.523887,0.522074,18750.541016
76,0.525485,0.522328,19000.078125
77,0.525222,0.522423,19266.291016
78,0.525561,0.520982,19515.855469
79,0.527121,0.515720,19765.412109
80,0.529086,0.509215,20014.972656
81,0.529107,0.507541,20264.546875
82,0.526657,0.506320,20514.107422
83,0.523938,0.503075,20763.671875
84,0.523145,0.503514,21013.248047
85,0.522854,0.504554,21262.798828
86,0.522613,0.504302,21512.359375
87,0.522627,0.504451,21761.931641
88,0.522679,0.504419,22011.490234
89,0.522869,0.503909,22261.058594
90,0.523066,0.501771,22510.628906
91,0.521001,0.501449,22760.193359
92,0.513598,0.506233,23009.759766
93,0.503824,0.507623,23259.312500
94,0.489947,0.508550,23508.882812
95,0.471725,0.509018,23758.433594
96,0.453795,0.508465,24008.000000
97,0.432446,0.518605,24257.562500
98,0.428657,0.522143,24507.144531
99,0.438395,0.522938,24756.708984
0,0.753259,0.520994,0.033347
1,0.754125,0.524067,266.269562
2,0.754056,0.524822,515.871399
3,0.753985,0.527021,765.398132
4,0.747821,0.533392,1014.945435
5,0.729849,0.539285,1264.544067
6,0.692917,0.538970,1514.089844
7,0.637988,0.532216,1763.724243
8,0.569666,0.524438,2013.198486
9,0.522066,0.524749,2262.865479
10,0.508509,0.523192,2512.306641
11,0.504814,0.518894,2761.929443
12,0.503404,0.519027,3011.489014
13,0.504433,0.520921,3261.043945
14,0.504199,0.523468,3527.198730
15,0.505959,0.525105,3760.143799
16,0.508766,0.524020,4009.792236
17,0.511042,0.522076,4259.256348
18,0.513497,0.522916,4508.945312
19,0.514901,0.524715,4758.401855
20,0.515909,0.525693,5007.986816
21,0.516768,0.526560,5257.571289
22,0.517471,0.526784,5507.115723
23,0.519207,0.527969,5756.648438
24,0.520624,0.528746,6006.233887
25,0.522102,0.529221,6255.825684
26,0.522841,0.528901,6505.358398
27,0.522353,0.528900,6754.956543
28,0.522246,0.531762,7004.509277
29,0.525012,0.546567,7254.065430
30,0.532260,0.557908,7503.629883
31,0.550872,0.548867,7753.190918
32,0.598711,0.495063,8002.761719
33,0.609158,0.440144,8252.274414
34,0.571245,0.424319,8501.867188
35,0.543214,0.419003,8751.430664
36,0.533987,0.412902,9000.986328
37,0.522072,0.412140,9250.555664
38,0.509929,0.411453,9500.158203
39,0.507576,0.413050,9766.314453
40,0.508905,0.417098,10015.900391
41,0.504939,0.446984,10265.480469
42,0.490515,0.493883,10515.041992
43,0.476439,0.532399,10764.571289
44,0.463622,0.556194,11014.186523
45,0.452408,0.579450,11263.709961
46,0.447321,0.588811,11513.265625
47,0.445000,0.590290,11762.836914
48,0.445094,0.590303,12012.394531
49,0.445886,0.594364,12261.968750
50,0.447388,0.600161,12511.515625
51,0.450607,0.600785,12761.090820
52,0.452078,0.600291,13010.645508
53,0.453388,0.599339,13260.218750
54,0.453700,0.598185,13509.838867
55,0.453227,0.591035,13759.337891
56,0.451817,0.574349,14008.920898
57,0.451393,0.550981,14258.457031
58,0.454199,0.528391,14508.031250
59,0.484136,0.517949,14757.599609
60,0.563730,0.519005,15007.198242
61,0.639560,0.503383,15256.728516
62,0.699709,0.482287,15506.269531
63,0.760066,0.464250,15755.836914
64,0.829409,0.457517,16005.429688
65,0.894444,0.466740,16254.993164
66,0.942395,0.479214,16504.523438
67,0.972471,0.494855,16754.103516
68,0.997648,0.516415,17003.666016
69,0.015112,0.540093,17253.220703
70,0.023840,0.565129,17502.787109
71,0.036999,0.593779,17752.349609
72,0.052328,0.610962,18001.947266
73,0.066245,0.601675,18251.488281
74,0.076386,0.552229,18501.074219
75,0.072961,0.514267,18750.632812
76,0.050763,0.463728,19000.193359
77,0.022788,0.427437,19266.386719
78,0.002075,0.424543,19515.931641
79,0.986742,0.430850,19765.503906
80,0.970147,0.435509,20015.074219
81,0.951369,0.439131,20264.650391
82,0.925823,0.438276,20514.201172
83,0.891411,0.440922,20763.794922
84,0.839846,0.448613,21013.341797
85,0.770803,0.461592,21262.878906
86,0.693161,0.479968,21512.476562
87,0.602535,0.489059,21762.013672
88,0.524243,0.497118,22011.587891
89,0.480871,0.510691,22261.166016
90,0.472981,0.518021,22510.734375
91,0.479122,0.518814,22760.287109
92,0.482637,0.521042,23009.857422
93,0.488455,0.517938,23259.406250
94,0.491493,0.516645,23508.980469
95,0.491937,0.519518,23758.523438
96,0.491782,0.522322,24008.074219
97,0.492107,0.524062,24257.687500
98,0.492932,0.525579,24507.230469
99,0.493956,0.526303,24756.802734
0,0.750091,0.521155,0.026078
1,0.750063,0.521841,266.222992
2,0.749513,0.524509,515.830994
3,0.748931,0.540372,765.412842
4,0.747678,0.605182,1014.987732
5,0.747243,0.666896,1264.497192
6,0.751092,0.679414,1514.104858
7,0.763528,0.664604,1763.632446
8,0.791998,0.629859,2013.193237
9,0.801456,0.605508,2262.766357
10,0.808532,0.566450,2512.294678
11,0.820345,0.533250,2761.909668
12,0.825920,0.490112,3011.517334
13,0.830208,0.469622,3261.090088
14,0.840687,0.476705,3510.566162
15,0.859228,0.496357,3760.169922
16,0.882964,0.505745,4009.697754
17,0.905012,0.518830,4259.243652
18,0.921534,0.545792,4508.832031
19,0.936804,0.555246,4758.420898
20,0.950576,0.555888,5008.009766
21,0.955763,0.558320,5257.504883
22,0.956979,0.563136,5507.104980
23,0.965552,0.561871,5756.684082
24,0.985543,0.572025,6006.213379
25,0.003343,0.592661,6255.853027
26,0.019256,0.596563,6505.344238
27,0.047684,0.594243,6754.940430
28,0.065502,0.586646,7004.439453
29,0.071263,0.588080,7254.065918
30,0.066767,0.596758,7503.591797
31,0.072577,0.577552,7753.162598
32,0.084225,0.533805,8002.738281
33,0.094628,0.483972,8252.287109
34,0.101139,0.454842,8501.865234
35,0.132650,0.507357,8751.431641
36,0.160611,0.546417,9000.988281
37,0.178456,0.560776,9250.538086
38,0.191080,0.565161,9500.135742
39,0.204482,0.564651,9766.321289
40,0.218177,0.563651,10015.857422
41,0.230223,0.552197,10265.439453
42,0.237686,0.545792,10515.008789
43,0.252096,0.542236,10764.568359
44,0.272213,0.537514,11014.132812
45,0.308401,0.534110,11263.698242
46,0.356214,0.544061,11513.269531
47,0.388681,0.562583,11762.825195
48,0.404852,0.574955,12012.381836
49,0.412472,0.580398,12261.932617
50,0.414280,0.584940,12511.519531
51,0.404469,0.582787,12761.083984
52,0.379139,0.573056,13010.641602
53,0.350863,0.552395,13260.254883
54,0.320591,0.470319,13509.753906
55,0.289355,0.427247,13759.363281
56,0.247222,0.386875,14008.927734
57,0.184878,0.341881,14258.460938
58,0.096889,0.375918,14508.019531
59,0.017637,0.385964,14757.611328
60,0.968353,0.376368,15007.173828
61,0.933420,0.375149,15256.723633
62,0.894615,0.387800,15506.265625
63,0.850408,0.425208,15755.837891
64,0.807749,0.451084,16005.400391
65,0.775763,0.468567,16254.962891
66,0.745456,0.477443,16504.554688
67,0.713676,0.504477,16754.128906
68,0.684136,0.526045,17003.677734
69,0.659761,0.531525,17253.222656
70,0.631792,0.530662,17502.800781
71,0.598931,0.527169,17752.353516
72,0.574067,0.523563,18001.906250
73,0.556341,0.523053,18251.513672
74,0.541551,0.521280,18501.041016
75,0.529207,0.520454,18750.632812
76,0.518749,0.517629,19000.224609
77,0.510223,0.506739,19266.388672
78,0.506553,0.500869,19515.931641
79,0.505533,0.502370,19765.507812
80,0.500962,0.501590,20015.046875
81,0.502142,0.495446,20264.611328
82,0.506893,0.494543,20514.195312
83,0.511749,0.499054,20763.746094
84,0.514118,0.507786,21013.337891
85,0.518274,0.516982,21262.878906
86,0.516536,0.520445,21512.431641
87,0.515812,0.521279,21761.996094
88,0.516110,0.520349,22011.578125
89,0.516148,0.519494,22261.136719
90,0.516506,0.519118,22510.705078
91,0.517073,0.518630,22760.250000
92,0.517199,0.517329,23009.835938
93,0.517282,0.516549,23259.384766
94,0.516881,0.515923,23508.943359
95,0.517570,0.513230,23758.554688
96,0.517283,0.512073,24008.150391
97,0.517302,0.511860,24257.662109
98,0.517154,0.512166,24507.203125
99,0.517343,0.512811,24756.775391
0,0.750028,0.601503,-0.048835
1,0.750151,0.601862,266.179749
2,0.749339,0.610037,515.758728
3,0.752364,0.681433,765.338562
4,0.773397,0.788584,1014.850037
5,0.771715,0.794654,1264.507935
6,0.739095,0.716926,1514.017944
7,0.680029,0.589291,1763.562622
8,0.604830,0.540423,2013.125732
9,0.556822,0.526394,2262.756348
10,0.531657,0.512378,2512.279297
11,0.510922,0.496808,2761.794434
12,0.496217,0.484465,3011.427490
13,0.491336,0.476954,3260.917725
14,0.486977,0.472105,3510.489502
15,0.487318,0.468993,3760.080322
16,0.492785,0.471295,4009.660156
17,0.495142,0.478792,4259.241699
18,0.482511,0.501649,4508.724609
19,0.439038,0.587479,4758.346191
20,0.408193,0.666396,5007.910156
21,0.399339,0.675650,5257.438965
22,0.413556,0.633042,5507.050293
23,0.454071,0.542791,5756.612305
24,0.504865,0.483234,6006.124023
25,0.537160,0.457198,6255.704590
26,0.590931,0.471689,6505.353516
27,0.651267,0.516033,6754.862305
28,0.680847,0.568834,7004.411621
29,0.711527,0.588016,7254.003906
30,0.758384,0.583401,7503.561035
31,0.805826,0.569039,7753.082031
32,0.843854,0.562352,8002.654297
33,0.879911,0.561866,8252.200195
34,0.918043,0.560868,8501.802734
35,0.944838,0.558572,8751.337891
36,0.023425,0.572510,9001.001953
37,0.060038,0.625038,9250.476562
38,0.062953,0.666600,9500.063477
39,0.057299,0.659997,9766.258789
40,0.047445,0.621004,10015.799805
41,0.037872,0.566595,10265.333008
42,0.035126,0.528439,10514.948242
43,0.018469,0.513302,10764.531250
44,0.998165,0.524841,11014.124023
45,0.947352,0.654837,11263.687500
46,0.858074,0.836610,11513.269531
47,0.806193,0.897627,11762.720703
48,0.748911,0.918965,12012.290039
49,0.684887,0.918211,12261.882812
50,0.618817,0.919439,12511.419922
51,0.554058,0.914672,12761.031250
52,0.516459,0.904496,13010.596680
53,0.513249,0.871704,13260.221680
54,0.477949,0.792002,13509.702148
55,0.447741,0.689044,13759.280273
56,0.403181,0.617403,14008.851562
57,0.366946,0.570258,14258.453125
58,0.335275,0.543978,14508.047852
59,0.305345,0.540183,14757.541016
60,0.263975,0.549042,15007.093750
61,0.255007,0.556342,15256.624023
62,0.258356,0.555784,15506.243164
63,0.266223,0.554626,15755.828125
64,0.278548,0.548546,16005.430664
65,0.336805,0.523986,16254.874023
66,0.410459,0.510010,16504.439453
67,0.441420,0.507744,16754.029297
68,0.468648,0.503577,17003.587891
69,0.489221,0.489932,17253.128906
70,0.513007,0.467882,17502.699219
71,0.522465,0.460264,17752.281250
72,0.521596,0.462076,18001.828125
73,0.515092,0.463513,18251.388672
74,0.504344,0.464669,18500.955078
75,0.493309,0.471400,18750.523438
76,0.479812,0.480064,19000.111328
77,0.466604,0.491978,19266.287109
78,0.466354,0.501561,19515.845703
79,0.473732,0.500624,19765.449219
80,0.505281,0.496378,20015.015625
81,0.566426,0.495088,20264.572266
82,0.589629,0.494884,20514.115234
83,0.545808,0.486512,20763.677734
84,0.505127,0.496500,21013.238281
85,0.500552,0.499405,21262.791016
86,0.500823,0.490500,21512.408203
87,0.503508,0.478265,21761.917969
88,0.503699,0.476770,22011.498047
89,0.502560,0.480957,22261.103516
90,0.501436,0.484637,22510.626953
91,0.501734,0.485877,22760.187500
92,0.500303,0.487339,23009.761719
93,0.465552,0.475576,23259.322266
94,0.407768,0.438295,23508.876953
95,0.379917,0.432704,23758.421875
96,0.380819,0.448473,24007.992188
97,0.396063,0.529630,24257.589844
98,0.408765,0.584524,24507.134766
99,0.415949,0.611630,24756.687500
0,0.751292,0.554051,0.032925
1,0.752267,0.560809,266.239502
2,0.752925,0.567040,515.902893
3,0.754566,0.566993,765.372192
4,0.763915,0.549258,1014.986633
5,0.788938,0.492489,1264.482056
6,0.845363,0.430580,1514.129028
7,0.906953,0.414396,1763.703613
8,0.933194,0.464257,2013.192749
9,0.944358,0.485778,2262.788086
10,0.969110,0.504397,2512.357666
11,0.014720,0.528761,2761.864258
12,0.045220,0.543009,3011.501465
13,0.056316,0.542664,3261.032959
14,0.059404,0.540456,3510.589355
15,0.057456,0.548015,3760.146240
16,0.064897,0.614273,4009.703369
17,0.073559,0.673900,4259.290527
18,0.075969,0.681119,4508.849609
19,0.076245,0.648755,4758.388184
20,0.076694,0.611857,5007.953613
21,0.061625,0.615184,5257.539551
22,0.020276,0.600230,5507.080078
23,0.957528,0.589774,5756.642090
24,0.853547,0.581619,6006.217285
25,0.697853,0.544578,6255.778809
26,0.579586,0.504204,6505.353027
27,0.538557,0.503354,6754.901855
28,0.539516,0.502628,7004.462891
29,0.533065,0.504163,7254.065918
30,0.520995,0.505432,7503.616699
31,0.511279,0.504958,7753.186035
32,0.504872,0.513474,8002.732422
33,0.498555,0.519977,8252.290039
34,0.491095,0.526632,8501.853516
35,0.492007,0.521551,8751.427734
36,0.494296,0.521703,9001.001953
37,0.490771,0.523813,9250.540039
38,0.486904,0.530843,9500.098633
39,0.475498,0.536381,9766.323242
40,0.439368,0.544820,10015.880859
41,0.399316,0.559877,10265.426758
42,0.375485,0.567133,10514.993164
43,0.366034,0.563091,10764.592773
44,0.361595,0.555739,11014.137695
45,0.354812,0.549661,11263.720703
46,0.345532,0.540538,11513.251953
47,0.329005,0.542784,11762.825195
48,0.292386,0.564945,12012.392578
49,0.267510,0.579708,12261.944336
50,0.265407,0.586599,12511.532227
51,0.276321,0.585727,12761.074219
52,0.290647,0.583975,13010.631836
53,0.304247,0.582358,13260.206055
54,0.342045,0.582398,13509.776367
55,0.369637,0.584071,13759.340820
56,0.392704,0.582741,14008.890625
57,0.422734,0.575284,14258.460938
58,0.457153,0.566403,14508.015625
59,0.484529,0.560998,14757.585938
60,0.504343,0.567945,15007.142578
61,0.525734,0.583576,15256.725586
62,0.543701,0.590991,15506.287109
63,0.555041,0.588654,15755.840820
64,0.556585,0.580575,16005.418945
65,0.553936,0.572829,16254.967773
66,0.554198,0.578691,16504.542969
67,0.557961,0.582634,16754.091797
68,0.558947,0.572842,17003.693359
69,0.560988,0.576702,17253.234375
70,0.561883,0.586074,17502.798828
71,0.563847,0.588847,17752.359375
72,0.562388,0.594019,18001.917969
73,0.560992,0.590455,18251.503906
74,0.562100,0.580397,18501.039062
75,0.561950,0.575392,18750.636719
76,0.564602,0.579556,19000.167969
77,0.570122,0.585052,19266.376953
78,0.578001,0.587761,19515.945312
79,0.585009,0.586606,19765.503906
80,0.592494,0.586236,20015.074219
81,0.601474,0.579744,20264.617188
82,0.606300,0.574808,20514.189453
83,0.621820,0.573783,20763.757812
84,0.649241,0.568510,21013.335938
85,0.677759,0.571507,21262.878906
86,0.710163,0.570099,21512.445312
87,0.739597,0.567921,21762.015625
88,0.774126,0.565976,22011.566406
89,0.803887,0.566962,22261.152344
90,0.818738,0.564882,22510.722656
91,0.831958,0.556975,22760.291016
92,0.880306,0.547718,23009.853516
93,0.906330,0.548579,23259.392578
94,0.906049,0.541527,23508.986328
95,0.902327,0.516606,23758.523438
96,0.889052,0.468882,24008.082031
97,0.880210,0.409256,24257.656250
98,0.885249,0.358566,24507.205078
99,0.886835,0.343296,24756.773438
0,0.749975,0.570919,0.020544
1,0.750231,0.570829,266.321259
2,0.750391,0.571736,515.763000
3,0.750663,0.581140,765.371277
4,0.748522,0.652290,1014.909180
5,0.746328,0.738049,1264.484863
6,0.745075,0.788692,1514.135986
7,0.746534,0.832856,1763.598755
8,0.763161,0.885670,2013.283936
9,0.789254,0.873473,2262.716797
10,0.785198,0.776865,2512.392822
11,0.754356,0.689851,2761.850586
12,0.699264,0.629826,3011.437256
13,0.635444,0.607478,3261.089355
14,0.594576,0.575258,3510.582764
15,0.561011,0.541960,3760.164062
16,0.551820,0.531594,4009.679688
17,0.540918,0.541025,4259.256348
18,0.517154,0.575453,4508.841309
19,0.492957,0.595809,4758.361328
20,0.503083,0.576990,5007.925781
21,0.525610,0.557657,5257.512207
22,0.518525,0.557091,5507.124023
23,0.506222,0.547899,5756.748535
24,0.505391,0.508202,6006.218262
25,0.507297,0.426571,6255.775879
26,0.506157,0.378219,6505.338867
27,0.508839,0.360500,6754.873047
28,0.525837,0.345709,7004.443848
29,0.536841,0.319660,7254.007324
30,0.561029,0.296439,7503.551270
31,0.611051,0.270073,7753.165039
32,0.669939,0.235522,8002.728516
33,0.748347,0.215194,8252.258789
34,0.842595,0.245332,8501.916992
35,0.906007,0.295813,8751.430664
36,0.934720,0.350023,9000.975586
37,0.952628,0.427334,9250.543945
38,0.965173,0.497400,9500.088867
39,0.996608,0.569883,9766.365234
40,0.011583,0.629133,10015.876953
41,0.011664,0.646138,10265.439453
42,0.012891,0.653382,10515.006836
43,0.022367,0.661148,10764.552734
44,0.028418,0.675556,11014.108398
45,0.027748,0.671642,11263.710938
46,0.026149,0.665281,11513.246094
47,0.024262,0.657172,11762.825195
48,0.023154,0.654331,12012.378906
49,0.017438,0.649828,12261.972656
50,0.003907,0.639635,12511.539062
51,0.967505,0.621362,12761.138672
52,0.931897,0.608241,13010.625000
53,0.877731,0.605943,13260.179688
54,0.818415,0.593850,13509.773438
55,0.789394,0.592333,13759.314453
56,0.780100,0.585555,14008.902344
57,0.781300,0.575623,14258.443359
58,0.784201,0.566521,14508.099609
59,0.810289,0.538145,14757.561523
60,0.842556,0.497306,15007.165039
61,0.864748,0.465463,15256.740234
62,0.914923,0.471398,15506.245117
63,0.991439,0.493954,15755.833984
64,0.026981,0.512901,16005.382812
65,0.029669,0.521345,16254.973633
66,0.024245,0.530185,16504.494141
67,0.973642,0.539266,16754.089844
68,0.826591,0.551073,17003.687500
69,0.621031,0.552607,17253.316406
70,0.477786,0.557929,17502.810547
71,0.417195,0.556171,17752.378906
72,0.376839,0.555137,18001.898438
73,0.332329,0.565156,18251.466797
74,0.294837,0.576251,18501.113281
75,0.261909,0.578983,18750.578125
76,0.223571,0.573577,19000.173828
77,0.184132,0.573279,19266.363281
78,0.158615,0.575521,19516.015625
79,0.120591,0.593299,19765.494141
80,0.101705,0.613759,20015.101562
81,0.105932,0.611499,20264.621094
82,0.112155,0.602216,20514.271484
83,0.122106,0.591236,20763.779297
84,0.135553,0.570278,21013.324219
85,0.148718,0.550140,21262.861328
86,0.169905,0.546824,21512.486328
87,0.209236,0.529562,21762.021484
88,0.251697,0.499954,22011.570312
89,0.288593,0.486007,22261.132812
90,0.332487,0.463991,22510.701172
91,0.387243,0.450829,22760.314453
92,0.428705,0.439646,23009.843750
93,0.462063,0.427636,23259.375000
94,0.496098,0.423955,23508.966797
95,0.523252,0.405399,23758.500000
96,0.558669,0.394777,24008.158203
97,0.591738,0.416180,24257.658203
98,0.624715,0.463682,24507.296875
99,0.654914,0.505414,24756.748047
0,0.751094,0.552843,-0.006548
1,0.750667,0.553123,266.175995
2,0.753073,0.568972,515.843811
3,0.775430,0.590562,765.334778
4,0.818519,0.595334,1014.884705
5,0.872189,0.591596,1264.483276
6,0.920776,0.584048,1514.031494
7,0.967203,0.578380,1763.562378
8,0.011421,0.610619,2013.142700
9,0.050120,0.622845,2262.759277
10,0.082134,0.657810,2512.281006
11,0.112545,0.677561,2761.851807
12,0.146976,0.675562,3011.418213
13,0.191109,0.645451,3261.059326
14,0.227119,0.628682,3510.517334
15,0.285665,0.613596,3760.095459
16,0.352592,0.590572,4009.668945
17,0.409957,0.566135,4259.212402
18,0.450409,0.547633,4525.444336
19,0.478976,0.522865,4758.356934
20,0.498440,0.506829,5007.906250
21,0.511014,0.499155,5257.501465
22,0.518326,0.497887,5507.016113
23,0.508086,0.476195,5756.599609
24,0.517664,0.471729,6006.249023
25,0.544933,0.509635,6255.698730
26,0.572942,0.552283,6505.317383
27,0.602912,0.558613,6754.843262
28,0.642136,0.536092,7004.456543
29,0.677552,0.532014,7253.993652
30,0.696584,0.538242,7503.587891
31,0.709171,0.545927,7753.167480
32,0.722305,0.547646,8002.735840
33,0.716242,0.522292,8252.250977
34,0.702491,0.476421,8501.794922
35,0.690030,0.434489,8751.380859
36,0.630239,0.450155,9000.909180
37,0.558137,0.505276,9250.503906
38,0.517917,0.514832,9500.094727
39,0.492024,0.514818,9766.336914
40,0.472268,0.525293,10015.801758
41,0.482898,0.532353,10265.386719
42,0.499396,0.542866,10514.946289
43,0.500452,0.526827,10764.533203
44,0.492031,0.512746,11014.068359
45,0.486983,0.503970,11263.723633
46,0.487303,0.501974,11513.274414
47,0.488715,0.504516,11762.781250
48,0.489824,0.505576,12012.356445
49,0.491040,0.505395,12261.922852
50,0.492771,0.507318,12511.494141
51,0.492992,0.508438,12761.026367
52,0.487035,0.508372,13010.639648
53,0.474353,0.505224,13260.163086
54,0.457839,0.501117,13509.708008
55,0.450062,0.501879,13759.257812
56,0.439452,0.501638,14008.845703
57,0.412771,0.504787,14258.402344
58,0.387675,0.505372,14508.022461
59,0.365511,0.504222,14757.620117
60,0.341003,0.506106,15007.166992
61,0.307454,0.521037,15256.704102
62,0.235890,0.569323,15506.211914
63,0.154454,0.583819,15755.838867
64,0.117022,0.593068,16005.414062
65,0.127080,0.629844,16254.917969
66,0.154746,0.662601,16504.548828
67,0.191718,0.673670,16754.121094
68,0.239473,0.660580,17003.640625
69,0.279325,0.644486,17253.167969
70,0.329388,0.634857,17502.771484
71,0.366484,0.627919,17752.291016
72,0.400871,0.622404,18001.837891
73,0.453933,0.612784,18251.498047
74,0.518566,0.604383,18501.123047
75,0.573258,0.596935,18750.597656
76,0.605279,0.603400,19000.123047
77,0.597358,0.627244,19266.308594
78,0.635585,0.616261,19515.896484
79,0.686457,0.595237,19765.425781
80,0.699071,0.577892,20015.044922
81,0.662455,0.567361,20264.609375
82,0.585804,0.543776,20514.191406
83,0.539571,0.532462,20763.708984
84,0.517303,0.521411,21013.275391
85,0.499061,0.515056,21262.861328
86,0.494241,0.506701,21512.376953
87,0.492589,0.497485,21762.041016
88,0.487729,0.499926,22011.560547
89,0.484371,0.507613,22261.150391
90,0.483019,0.513039,22510.666016
91,0.481048,0.515447,22760.230469
92,0.481358,0.515363,23009.851562
93,0.482469,0.513656,23259.445312
94,0.487983,0.508413,23508.933594
95,0.494914,0.502845,23758.447266
96,0.495704,0.502076,24008.080078
97,0.505684,0.492490,24257.589844
98,0.516608,0.464745,24507.158203
99,0.515576,0.458320,24756.722656
0,0.749971,0.501008,-0.008711
1,0.749912,0.501391,266.162384
2,0.749918,0.501828,515.765381
3,0.749771,0.501626,765.295349
4,0.749521,0.502398,1014.902161
5,0.747674,0.503390,1264.482056
6,0.743043,0.504124,1514.073608
7,0.741368,0.499863,1763.571045
8,0.744981,0.498210,2013.220337
9,0.762668,0.503381,2262.723633
10,0.788078,0.507203,2512.262207
11,0.818560,0.505634,2761.914062
12,0.849349,0.502394,3011.404785
13,0.872917,0.503456,3261.041260
14,0.894144,0.502228,3510.509521
15,0.911760,0.501396,3760.187500
16,0.922655,0.499857,4009.664062
17,0.923167,0.498709,4259.230469
18,0.911736,0.496987,4508.815430
19,0.881305,0.498328,4758.379395
20,0.844296,0.501998,5007.939453
21,0.815382,0.503463,5257.458008
22,0.786779,0.500878,5507.101562
23,0.751511,0.499682,5756.646484
24,0.713765,0.505022,6006.197266
25,0.676237,0.501600,6255.815430
26,0.646631,0.499151,6505.356445
27,0.622980,0.492568,6754.905762
28,0.594474,0.494641,7004.405273
29,0.572661,0.492285,7254.036621
30,0.552119,0.490308,7503.578125
31,0.533978,0.488756,7753.128418
32,0.515030,0.489976,8002.691406
33,0.504051,0.490615,8252.264648
34,0.504023,0.485515,8501.807617
35,0.499229,0.481304,8751.350586
36,0.500616,0.483301,9000.983398
37,0.505276,0.486788,9250.541016
38,0.506111,0.486159,9500.082031
39,0.508060,0.488083,9766.284180
40,0.508686,0.487282,10015.843750
41,0.507070,0.488956,10265.444336
42,0.505970,0.490144,10514.974609
43,0.504293,0.490131,10764.502930
44,0.496054,0.490424,11014.126953
45,0.476722,0.492883,11263.657227
46,0.435816,0.499797,11513.243164
47,0.389271,0.507474,11762.750000
48,0.352814,0.511856,12012.365234
49,0.314388,0.508449,12261.935547
50,0.273909,0.505120,12511.475586
51,0.236465,0.499119,12761.135742
52,0.205279,0.494904,13010.634766
53,0.177180,0.487527,13260.188477
54,0.156878,0.483363,13509.720703
55,0.144910,0.481805,13759.385742
56,0.121610,0.496420,14008.824219
57,0.100069,0.512074,14258.419922
58,0.098802,0.519869,14507.941406
59,0.099280,0.521782,14757.613281
60,0.068397,0.512053,15007.176758
61,0.047941,0.500215,15256.679688
62,0.054807,0.504555,15506.273438
63,0.075359,0.509786,15755.793945
64,0.087617,0.515855,16005.337891
65,0.119284,0.554631,16254.890625
66,0.208555,0.612930,16504.576172
67,0.316033,0.666609,16754.025391
68,0.349651,0.689785,17003.601562
69,0.387468,0.667057,17253.236328
70,0.413146,0.614660,17502.759766
71,0.430488,0.563464,17752.285156
72,0.448282,0.526152,18001.855469
73,0.457300,0.506807,18251.466797
74,0.457102,0.497180,18500.980469
75,0.470932,0.487953,18750.535156
76,0.492173,0.479417,19000.179688
77,0.499687,0.476110,19266.367188
78,0.502282,0.478569,19515.900391
79,0.513313,0.476521,19765.427734
80,0.521917,0.475323,20015.052734
81,0.530066,0.471137,20264.572266
82,0.557358,0.475818,20514.138672
83,0.594069,0.476035,20763.714844
84,0.612631,0.472672,21013.261719
85,0.605856,0.480789,21262.851562
86,0.598241,0.494428,21512.437500
87,0.583276,0.504688,21762.087891
88,0.542669,0.522592,22011.603516
89,0.464650,0.538581,22261.154297
90,0.415911,0.542407,22510.703125
91,0.393629,0.544907,22760.240234
92,0.370277,0.533419,23009.773438
93,0.352142,0.518577,23259.324219
94,0.352891,0.481568,23508.998047
95,0.360292,0.433308,23758.490234
96,0.362390,0.393912,24008.099609
97,0.367238,0.355030,24257.570312
98,0.368224,0.339395,24507.248047
99,0.361152,0.328181,24756.708984
0,0.750000,0.517384,0.055022
1,0.750084,0.517355,266.226410
2,0.749924,0.517768,515.858154
3,0.749912,0.517036,765.434204
4,0.749963,0.516527,1014.925476
5,0.749818,0.516379,1264.536621
6,0.749990,0.517726,1514.083130
7,0.750289,0.517545,1763.597534
8,0.749914,0.518677,2013.237183
9,0.747446,0.520136,2262.736084
10,0.744508,0.520773,2512.354248
11,0.741966,0.519339,2761.864014
12,0.739087,0.518616,3011.473633
13,0.733148,0.518211,3261.064697
14,0.723294,0.519893,3510.600830
15,0.716088,0.521768,3760.142822
16,0.709394,0.523152,4009.726562
17,0.702129,0.521931,4259.264648
18,0.694782,0.521321,4508.819336
19,0.689576,0.520975,4758.470703
20,0.688853,0.523674,5007.946289
21,0.690789,0.526423,5257.571289
22,0.690189,0.529256,5507.067871
23,0.683626,0.530676,5756.630859
24,0.675162,0.535175,6006.218750
25,0.674512,0.548248,6255.757324
26,0.696993,0.575847,6505.353516
27,0.723833,0.592852,6754.911621
28,0.726560,0.591315,7004.550293
29,0.712183,0.581172,7254.019043
30,0.692914,0.569784,7503.671875
31,0.679834,0.562505,7753.133789
32,0.668743,0.556856,8002.737305
33,0.652501,0.547958,8252.317383
34,0.623616,0.534779,8501.922852
35,0.613350,0.530525,8751.486328
36,0.610724,0.530274,9000.959961
37,0.607983,0.530377,9250.625977
38,0.605172,0.530743,9500.082031
39,0.604039,0.532422,9766.291016
40,0.601869,0.531813,10015.862305
41,0.598925,0.530653,10265.465820
42,0.594658,0.530014,10515.081055
43,0.587399,0.530493,10764.555664
44,0.579840,0.529691,11014.103516
45,0.572416,0.527130,11263.749023
46,0.567457,0.524939,11513.229492
47,0.561137,0.519918,11762.836914
48,0.552705,0.509607,12012.405273
49,0.546570,0.495393,12262.042969
50,0.536192,0.486348,12511.525391
51,0.531698,0.483318,12761.052734
52,0.530804,0.477192,13010.647461
53,0.528347,0.477283,13260.178711
54,0.529285,0.468784,13509.759766
55,0.528725,0.463159,13759.324219
56,0.528642,0.463978,14008.970703
57,0.525380,0.465475,14258.442383
58,0.524843,0.460374,14508.029297
59,0.528628,0.461877,14757.674805
60,0.533696,0.469655,15007.154297
61,0.534887,0.476076,15256.771484
62,0.530434,0.482882,15506.290039
63,0.526282,0.493361,15755.927734
64,0.524063,0.502674,16005.375000
65,0.521002,0.504029,16254.949219
66,0.520028,0.503589,16504.570312
67,0.523059,0.491189,16754.091797
68,0.523751,0.480403,17003.673828
69,0.520695,0.486590,17253.238281
70,0.523956,0.487759,17502.878906
71,0.523708,0.491305,17752.359375
72,0.522181,0.496332,18001.880859
73,0.523281,0.495008,18251.464844
74,0.522668,0.495099,18501.070312
75,0.521412,0.495640,18750.591797
76,0.520077,0.496493,19000.189453
77,0.519684,0.498473,19266.417969
78,0.518418,0.500035,19515.980469
79,0.517703,0.502318,19765.509766
80,0.517587,0.505080,20015.041016
81,0.516096,0.507524,20264.650391
82,0.513704,0.508669,20514.224609
83,0.510456,0.509369,20780.384766
84,0.506378,0.509974,21013.332031
85,0.501660,0.510408,21262.878906
86,0.495935,0.511118,21512.457031
87,0.489786,0.512003,21761.980469
88,0.483567,0.512536,22011.560547
89,0.477441,0.512543,22261.234375
90,0.471713,0.512729,22510.673828
91,0.465888,0.513413,22760.271484
92,0.459361,0.512942,23009.808594
93,0.452605,0.512495,23259.375000
94,0.446380,0.512735,23508.941406
95,0.439725,0.512427,23758.556641
96,0.434310,0.511483,24008.111328
97,0.429102,0.512398,24257.720703
98,0.423134,0.513377,24507.298828
99,0.421116,0.515354,24756.804688
0,0.748600,0.534572,-0.015947
1,0.746183,0.548224,266.210297
2,0.732768,0.572286,515.755249
3,0.690638,0.594262,765.338257
4,0.644160,0.596511,1014.910217
5,0.604982,0.583161,1264.503784
6,0.570196,0.558473,1513.997437
7,0.561743,0.530447,1763.629761
8,0.559634,0.503376,2013.154419
9,0.558292,0.485633,2262.740723
10,0.564998,0.465236,2512.301025
11,0.569393,0.462889,2761.840820
12,0.575374,0.455783,3011.435059
13,0.586501,0.453560,3260.945068
14,0.588112,0.455183,3510.622314
15,0.587272,0.490675,3760.086914
16,0.567240,0.519519,4009.675049
17,0.550123,0.552470,4259.261719
18,0.546280,0.573085,4508.842773
19,0.552594,0.580980,4758.403809
20,0.581905,0.584931,5007.893066
21,0.652745,0.577095,5257.508301
22,0.726892,0.559988,5507.013184
23,0.778505,0.535803,5773.246582
24,0.825301,0.500976,6006.249023
25,0.867411,0.484436,6255.763184
26,0.897784,0.480178,6521.946289
27,0.916819,0.488123,6754.888184
28,0.923547,0.495769,7004.393066
29,0.924026,0.493923,7253.967285
30,0.922971,0.495507,7503.556641
31,0.921936,0.515340,7753.089355
32,0.922069,0.534601,8002.688965
33,0.922619,0.537243,8252.242188
34,0.922939,0.534577,8501.825195
35,0.921446,0.518170,8751.355469
36,0.915502,0.487115,9000.933594
37,0.906156,0.464833,9250.490234
38,0.894558,0.451204,9500.053711
39,0.883469,0.442983,9766.254883
40,0.887037,0.443681,10015.827148
41,0.902106,0.460379,10265.383789
42,0.937368,0.491115,10514.939453
43,0.971512,0.518645,10764.523438
44,0.990948,0.559648,11014.088867
45,0.004700,0.613341,11263.642578
46,0.016312,0.661956,11513.200195
47,0.026439,0.694219,11762.766602
48,0.026445,0.703445,12012.318359
49,0.011432,0.690259,12261.909180
50,0.943665,0.672547,12511.486328
51,0.841861,0.670547,12761.026367
52,0.759742,0.683749,13010.594727
53,0.708506,0.689008,13260.150391
54,0.650862,0.634372,13509.727539
55,0.604594,0.574740,13759.274414
56,0.580903,0.536931,14008.840820
57,0.567156,0.521948,14258.391602
58,0.561050,0.513636,14507.973633
59,0.567495,0.492073,14757.528320
60,0.581949,0.467365,15007.095703
61,0.596651,0.453667,15256.674805
62,0.621599,0.435941,15506.226562
63,0.649122,0.435839,15755.790039
64,0.671222,0.443156,16005.336914
65,0.689118,0.447532,16254.895508
66,0.707142,0.451583,16504.468750
67,0.717367,0.458225,16754.060547
68,0.719479,0.471725,17003.607422
69,0.717717,0.478314,17253.166016
70,0.710916,0.487827,17502.746094
71,0.710903,0.491266,17752.333984
72,0.712430,0.493112,18001.900391
73,0.713583,0.495962,18251.433594
74,0.714068,0.491977,18500.974609
75,0.715698,0.476158,18750.531250
76,0.719528,0.454089,19000.097656
77,0.723299,0.455646,19266.332031
78,0.722021,0.462374,19515.876953
79,0.716356,0.469676,19765.441406
80,0.714606,0.473028,20015.025391
81,0.715906,0.471871,20264.589844
82,0.721573,0.476019,20514.154297
83,0.734206,0.473919,20763.703125
84,0.729485,0.445939,21013.271484
85,0.719850,0.411667,21262.837891
86,0.727692,0.399200,21512.382812
87,0.737189,0.428026,21761.957031
88,0.737201,0.446527,22011.500000
89,0.732519,0.447748,22261.089844
90,0.725608,0.452558,22510.646484
91,0.726118,0.460408,22760.246094
92,0.725841,0.463862,23009.769531
93,0.725996,0.461027,23259.335938
94,0.725521,0.461802,23508.892578
95,0.725357,0.463661,23758.503906
96,0.725550,0.465229,24008.109375
97,0.724633,0.465696,24257.599609
98,0.724770,0.466825,24507.171875
99,0.724695,0.467206,24756.736328
0,0.749276,0.479934,-0.001643
1,0.747212,0.491918,266.267395
2,0.741728,0.515040,515.772766
3,0.737729,0.542689,765.447021
4,0.715336,0.549977,1014.917480
5,0.662706,0.543463,1264.504028
6,0.616309,0.542384,1514.079468
7,0.585598,0.546306,1763.686035
8,0.560870,0.537654,2013.207520
9,0.539774,0.524342,2262.739990
10,0.522176,0.514992,2512.334229
11,0.511385,0.510333,2761.856934
12,0.502333,0.507600,3011.449707
13,0.491815,0.506769,3261.008057
14,0.476941,0.511280,3510.587158
15,0.461184,0.516810,3760.115234
16,0.444087,0.526454,4009.681641
17,0.427543,0.535954,4259.292969
18,0.411645,0.541300,4508.901855
19,0.396955,0.542207,4758.389648
20,0.382834,0.537696,5007.982422
21,0.367168,0.520402,5257.597656
22,0.355640,0.502714,5507.105957
23,0.344615,0.496219,5756.653320
24,0.334377,0.491945,6006.224609
25,0.328946,0.490500,6255.779785
26,0.317257,0.499422,6505.315918
27,0.284188,0.521596,6754.892090
28,0.264224,0.545326,7004.476074
29,0.245825,0.576541,7254.039062
30,0.232213,0.596051,7503.562012
31,0.226666,0.593891,7753.136719
32,0.247300,0.574439,8002.723145
33,0.288550,0.556914,8252.265625
34,0.332145,0.550294,8501.859375
35,0.380379,0.543169,8751.392578
36,0.411866,0.544118,9000.983398
37,0.431851,0.553858,9250.558594
38,0.472214,0.561109,9500.074219
39,0.554976,0.569770,9766.286133
40,0.611706,0.558570,10015.860352
41,0.646140,0.549687,10265.410156
42,0.683258,0.548832,10514.958984
43,0.721997,0.554148,10764.527344
44,0.753983,0.553529,11014.120117
45,0.786970,0.551680,11263.676758
46,0.816494,0.552277,11513.251953
47,0.848511,0.548961,11762.822266
48,0.881858,0.548114,12012.354492
49,0.916589,0.544426,12261.919922
50,0.952978,0.543156,12511.474609
51,0.973741,0.523300,12761.033203
52,0.979770,0.512914,13010.638672
53,0.019269,0.510958,13260.181641
54,0.068222,0.512786,13509.734375
55,0.087762,0.523133,13759.312500
56,0.071248,0.536711,14008.873047
57,0.057952,0.561166,14258.432617
58,0.042864,0.585208,14508.000977
59,0.025088,0.598873,14757.548828
60,0.994936,0.606774,15007.114258
61,0.960659,0.612615,15256.689453
62,0.934468,0.594712,15506.257812
63,0.887714,0.567196,15755.847656
64,0.829954,0.543019,16005.405273
65,0.775786,0.544217,16254.956055
66,0.736659,0.543465,16504.505859
67,0.699187,0.549309,16754.062500
68,0.656773,0.556812,17003.648438
69,0.617013,0.559407,17253.242188
70,0.583003,0.562062,17502.777344
71,0.547409,0.566468,17752.322266
72,0.519610,0.564640,18001.888672
73,0.495555,0.562760,18251.501953
74,0.473051,0.558914,18501.009766
75,0.446828,0.552731,18750.576172
76,0.422950,0.550537,19000.173828
77,0.401799,0.553343,19266.345703
78,0.378308,0.559012,19515.896484
79,0.357179,0.561408,19765.464844
80,0.339079,0.563030,20015.046875
81,0.322523,0.568786,20264.634766
82,0.305441,0.573234,20514.169922
83,0.297018,0.574409,20763.759766
84,0.299264,0.574616,21013.310547
85,0.307448,0.571668,21262.859375
86,0.320657,0.571983,21512.431641
87,0.334360,0.571836,21761.986328
88,0.348563,0.570337,22011.560547
89,0.361391,0.570939,22261.128906
90,0.365611,0.574073,22510.689453
91,0.363768,0.577164,22760.285156
92,0.358788,0.580018,23009.816406
93,0.355780,0.581313,23259.390625
94,0.356520,0.580267,23508.927734
95,0.362006,0.574820,23758.503906
96,0.372216,0.568174,24008.052734
97,0.383577,0.566985,24257.666016
98,0.410126,0.562072,24507.261719
99,0.435393,0.560892,24756.775391
0,0.749963,0.490496,-0.029504
1,0.749949,0.492038,266.249207
2,0.749715,0.496451,515.770691
3,0.750088,0.497006,765.305054
4,0.755634,0.504439,1014.872864
5,0.763567,0.536387,1264.409058
6,0.765869,0.593068,1514.035156
7,0.762166,0.646491,1763.550781
8,0.760889,0.670687,2013.148193
9,0.759390,0.658334,2262.683838
10,0.759358,0.618864,2512.245117
11,0.760709,0.592658,2761.833496
12,0.768002,0.573552,3011.365723
13,0.785041,0.555178,3260.978271
14,0.818169,0.528662,3510.523193
15,0.847335,0.508787,3760.083740
16,0.871893,0.494397,4009.633057
17,0.904641,0.470219,4259.218262
18,0.931848,0.456382,4508.753418
19,0.957744,0.440736,4758.347656
20,0.984021,0.430857,5007.912598
21,0.995474,0.423658,5257.443359
22,0.984793,0.391400,5507.033691
23,0.963362,0.349098,5756.583008
24,0.946613,0.319274,6006.152832
25,0.940056,0.308314,6255.705566
26,0.937060,0.310236,6505.286621
27,0.936375,0.312708,6754.859375
28,0.937161,0.318545,7004.395020
29,0.962330,0.372088,7253.995117
30,0.009587,0.456089,7503.529785
31,0.033508,0.523105,7753.102539
32,0.037411,0.547749,8002.653320
33,0.035011,0.546617,8252.244141
34,0.033163,0.546892,8501.779297
35,0.027822,0.546934,8751.347656
36,0.008135,0.536772,9000.905273
37,0.971306,0.512613,9250.483398
38,0.942690,0.475657,9500.062500
39,0.917448,0.417566,9766.242188
40,0.909088,0.371571,10015.791992
41,0.896400,0.339296,10265.366211
42,0.869952,0.308913,10514.922852
43,0.834077,0.281565,10764.544922
44,0.794485,0.274905,11014.089844
45,0.760133,0.280053,11263.613281
46,0.729250,0.281212,11513.208984
47,0.697870,0.274800,11762.750977
48,0.654273,0.273412,12012.322266
49,0.602583,0.281233,12261.875000
50,0.552869,0.300453,12511.431641
51,0.514366,0.337868,12760.991211
52,0.492972,0.391181,13010.566406
53,0.486345,0.428713,13260.169922
54,0.487419,0.449013,13509.725586
55,0.490442,0.439904,13759.277344
56,0.495857,0.437226,14008.835938
57,0.502206,0.437550,14258.388672
58,0.511634,0.440740,14507.947266
59,0.517734,0.444231,14757.511719
60,0.519380,0.447711,15007.092773
61,0.518828,0.450199,15256.659180
62,0.495779,0.433995,15506.239258
63,0.454453,0.404907,15755.775391
64,0.419881,0.403700,16005.339844
65,0.398240,0.423746,16254.895508
66,0.387849,0.461678,16504.466797
67,0.384070,0.521078,16754.015625
68,0.386362,0.547744,17003.595703
69,0.388554,0.550443,17253.152344
70,0.396269,0.539182,17502.726562
71,0.414816,0.524281,17752.283203
72,0.428964,0.513730,18001.855469
73,0.447827,0.502131,18251.429688
74,0.473553,0.492189,18500.978516
75,0.499140,0.492933,18750.537109
76,0.524189,0.499563,19000.113281
77,0.550111,0.507330,19266.296875
78,0.578446,0.509751,19515.867188
79,0.607308,0.506751,19765.468750
80,0.633439,0.498751,20014.984375
81,0.659265,0.488820,20264.572266
82,0.669886,0.481583,20514.158203
83,0.670903,0.480434,20763.689453
84,0.670948,0.479957,21013.255859
85,0.670072,0.473283,21262.806641
86,0.670274,0.465992,21512.378906
87,0.669843,0.464272,21761.929688
88,0.667236,0.464976,22011.500000
89,0.661937,0.464468,22261.101562
90,0.653540,0.461887,22510.650391
91,0.642510,0.461813,22760.224609
92,0.631318,0.465992,23009.773438
93,0.619023,0.469902,23259.330078
94,0.605601,0.466947,23508.904297
95,0.586690,0.449089,23758.447266
96,0.570679,0.415417,24008.013672
97,0.561834,0.397804,24257.572266
98,0.556931,0.393660,24507.132812
99,0.557835,0.395316,24756.705078
0,0.749843,0.446458,0.055494
1,0.750241,0.446573,266.237152
2,0.750280,0.448162,515.793518
3,0.751023,0.450662,765.391541
4,0.748547,0.474438,1014.954651
5,0.732703,0.532033,1264.487305
6,0.714621,0.573167,1514.104614
7,0.680723,0.598321,1763.668701
8,0.637785,0.592306,2013.179932
9,0.601074,0.567369,2262.850586
10,0.571185,0.545698,2512.312012
11,0.547033,0.537050,2778.604736
12,0.534275,0.532790,3011.444092
13,0.517382,0.534312,3261.108154
14,0.496617,0.533288,3510.607666
15,0.472558,0.535515,3760.166260
16,0.457631,0.534600,4009.803223
17,0.459009,0.525297,4259.322266
18,0.452794,0.509921,4508.919434
19,0.425751,0.508547,4758.377930
20,0.381111,0.514906,5008.024902
21,0.339159,0.520416,5257.577148
22,0.326929,0.524476,5507.100586
23,0.338016,0.529876,5756.684570
24,0.369457,0.528498,6006.267090
25,0.410415,0.524482,6255.808105
26,0.448818,0.520936,6505.332520
27,0.482701,0.506601,6754.958984
28,0.510648,0.501920,7004.455078
29,0.524668,0.506363,7254.100098
30,0.541241,0.498961,7503.632324
31,0.556566,0.500399,7753.229492
32,0.573125,0.508315,8002.758301
33,0.596342,0.512103,8252.307617
34,0.617311,0.518266,8501.923828
35,0.633874,0.530969,8751.457031
36,0.648004,0.538499,9001.003906
37,0.663704,0.522054,9250.574219
38,0.677408,0.510043,9500.203125
39,0.685466,0.504752,9766.358398
40,0.700375,0.502000,10015.912109
41,0.719205,0.495185,10265.433594
42,0.748776,0.477669,10515.083008
43,0.788131,0.450592,10764.625977
44,0.823759,0.441903,11014.111328
45,0.860123,0.441123,11263.723633
46,0.879766,0.458328,11513.325195
47,0.898314,0.474773,11762.900391
48,0.923518,0.482740,12012.378906
49,0.942428,0.486732,12261.959961
50,0.960825,0.488498,12511.579102
51,0.997342,0.491430,12761.091797
52,0.028649,0.498477,13010.679688
53,0.055760,0.496545,13260.292969
54,0.087420,0.469875,13509.764648
55,0.119312,0.431826,13759.324219
56,0.154312,0.425890,14008.879883
57,0.179561,0.444310,14258.568359
58,0.202356,0.457590,14508.053711
59,0.230591,0.460229,14757.592773
60,0.249986,0.468224,15007.262695
61,0.270172,0.468370,15256.735352
62,0.290565,0.467304,15506.282227
63,0.316126,0.445446,15755.833984
64,0.361248,0.436261,16005.515625
65,0.394338,0.412115,16254.969727
66,0.416783,0.397460,16504.529297
67,0.443635,0.403025,16754.085938
68,0.472476,0.409828,17003.662109
69,0.496313,0.416757,17253.218750
70,0.502643,0.413808,17502.861328
71,0.492661,0.410842,17752.419922
72,0.484217,0.418315,18001.972656
73,0.467725,0.450901,18251.486328
74,0.461293,0.475540,18501.076172
75,0.464464,0.489861,18750.664062
76,0.474669,0.488122,19000.158203
77,0.492572,0.472064,19266.375000
78,0.504175,0.464819,19516.007812
79,0.501152,0.473806,19765.541016
80,0.506390,0.472468,20015.121094
81,0.509980,0.468431,20264.607422
82,0.507977,0.461983,20514.277344
83,0.504673,0.468944,20763.785156
84,0.501111,0.483586,21013.316406
85,0.494944,0.489963,21262.992188
86,0.490136,0.477479,21512.517578
87,0.491141,0.478161,21762.044922
88,0.525905,0.486055,22011.576172
89,0.548794,0.481343,22261.146484
90,0.553006,0.479329,22510.771484
91,0.551427,0.477242,22760.251953
92,0.543234,0.474813,23009.951172
93,0.532648,0.471999,23259.488281
94,0.520022,0.470862,23509.015625
95,0.502976,0.471580,23758.531250
96,0.489112,0.472255,24008.199219
97,0.481873,0.472574,24257.730469
98,0.481320,0.470276,24507.253906
99,0.483079,0.470159,24756.804688
0,0.750046,0.554886,0.030159
1,0.749935,0.556029,266.227356
2,0.749878,0.556415,515.842102
3,0.747569,0.550118,765.391113
4,0.745522,0.496651,1014.943420
5,0.736588,0.424359,1264.476318
6,0.724506,0.390505,1514.108643
7,0.702522,0.401741,1763.623657
8,0.674483,0.424498,2013.190918
9,0.634248,0.448212,2262.813232
10,0.600926,0.466227,2512.286621
11,0.570567,0.470950,2761.862549
12,0.541400,0.469166,3011.527588
13,0.516348,0.467002,3261.058105
14,0.495007,0.468004,3510.566162
15,0.477386,0.469731,3760.141846
16,0.457594,0.480701,4009.743164
17,0.426342,0.515737,4259.233887
18,0.396549,0.569566,4508.809082
19,0.374048,0.599229,4758.438965
20,0.357023,0.616144,5007.986328
21,0.368105,0.605039,5257.573242
22,0.399930,0.587969,5507.149414
23,0.423208,0.569210,5756.673340
24,0.458071,0.550786,6006.233887
25,0.486893,0.553697,6255.746094
26,0.513649,0.557754,6505.328613
27,0.540879,0.556526,6754.887207
28,0.567738,0.555978,7004.450684
29,0.593382,0.556359,7254.045410
30,0.617727,0.556042,7503.565430
31,0.641463,0.552154,7753.168945
32,0.666279,0.548166,8002.705566
33,0.691098,0.548558,8252.376953
34,0.716491,0.548691,8501.910156
35,0.744961,0.553210,8751.431641
36,0.777361,0.562639,9000.944336
37,0.814219,0.561467,9250.542969
38,0.836630,0.561768,9500.116211
39,0.858603,0.563609,9766.316406
40,0.860170,0.583440,10015.853516
41,0.860666,0.595609,10265.475586
42,0.867601,0.604590,10515.041016
43,0.881853,0.605765,10764.541016
44,0.894803,0.607041,11014.107422
45,0.905847,0.606888,11263.660156
46,0.913380,0.607468,11513.262695
47,0.922523,0.595102,11762.807617
48,0.932388,0.572343,12012.432617
49,0.947390,0.546345,12262.039062
50,0.956960,0.502612,12511.585938
51,0.950992,0.446926,12761.054688
52,0.943210,0.420729,13010.679688
53,0.936439,0.393500,13260.220703
54,0.941653,0.407398,13509.741211
55,0.951491,0.443659,13759.450195
56,0.962580,0.479120,14008.897461
57,0.970161,0.491679,14258.527344
58,0.984680,0.517269,14508.019531
59,0.008545,0.528486,14757.636719
60,0.024932,0.553854,15007.188477
61,0.030709,0.559569,15256.727539
62,0.040394,0.561250,15506.256836
63,0.048782,0.563603,15755.875000
64,0.062305,0.559605,16005.430664
65,0.078475,0.554754,16254.950195
66,0.092054,0.561663,16504.591797
67,0.103844,0.561689,16754.162109
68,0.113870,0.563212,17003.710938
69,0.121434,0.566531,17253.246094
70,0.127317,0.566698,17502.814453
71,0.134673,0.566071,17752.363281
72,0.148778,0.564153,18001.923828
73,0.169641,0.562280,18251.496094
74,0.193801,0.560660,18501.009766
75,0.216507,0.555147,18750.630859
76,0.238248,0.554866,19000.195312
77,0.253573,0.555598,19266.365234
78,0.258094,0.559588,19515.986328
79,0.251583,0.557750,19765.539062
80,0.232757,0.555360,20015.025391
81,0.199930,0.560556,20264.714844
82,0.152404,0.560196,20514.269531
83,0.107239,0.554483,20763.761719
84,0.069910,0.541752,21013.349609
85,0.029218,0.532064,21262.962891
86,0.000284,0.530632,21512.458984
87,0.972254,0.532587,21761.996094
88,0.948937,0.532599,22011.609375
89,0.927342,0.531555,22261.142578
90,0.906588,0.533829,22510.763672
91,0.884755,0.533005,22760.242188
92,0.860100,0.536102,23009.816406
93,0.837970,0.541398,23259.410156
94,0.816022,0.549633,23508.937500
95,0.800242,0.540081,23758.558594
96,0.776206,0.538051,24008.085938
97,0.720060,0.504147,24257.677734
98,0.665869,0.469778,24507.191406
99,0.649753,0.468850,24756.810547
0,0.751517,0.546987,-0.022226
1,0.750758,0.548028,266.197845
2,0.737640,0.553917,515.775330
3,0.727175,0.552229,765.375671
4,0.703441,0.542022,1014.944092
5,0.653688,0.549801,1264.463501
6,0.577558,0.550371,1514.011108
7,0.525677,0.539205,1763.605835
8,0.498753,0.539887,2013.114746
9,0.488755,0.540107,2262.719238
10,0.490627,0.534874,2512.274414
11,0.485217,0.530660,2761.844238
12,0.475338,0.516988,3011.409424
13,0.466415,0.502686,3260.932373
14,0.464625,0.513977,3510.502930
15,0.439047,0.525876,3760.063721
16,0.416379,0.533826,4009.717041
17,0.418330,0.523531,4259.171387
18,0.427447,0.519147,4508.768555
19,0.454892,0.490359,4758.315918
20,0.481797,0.468193,5007.943848
21,0.509227,0.487735,5257.441406
22,0.535935,0.468440,5507.091309
23,0.572048,0.464549,5756.641602
24,0.643448,0.463231,6006.122070
25,0.700842,0.412701,6255.715820
26,0.781340,0.442043,6505.282715
27,0.874897,0.471756,6754.832031
28,0.903774,0.471652,7004.398926
29,0.928738,0.505381,7253.980469
30,0.970105,0.523358,7503.547852
31,0.005684,0.530680,7753.099121
32,0.016587,0.534974,8002.663086
33,0.013881,0.532613,8252.300781
34,0.001668,0.512419,8501.807617
35,0.988654,0.501999,8751.393555
36,0.986169,0.495525,9000.933594
37,0.983170,0.495166,9250.454102
38,0.969726,0.489473,9500.020508
39,0.910687,0.468891,9766.326172
40,0.878199,0.455849,10015.798828
41,0.873685,0.454390,10265.460938
42,0.874201,0.456024,10514.987305
43,0.873946,0.456791,10764.484375
44,0.873142,0.455953,11014.055664
45,0.872588,0.454573,11263.675781
46,0.872211,0.453905,11513.227539
47,0.872440,0.457533,11762.745117
48,0.872534,0.462220,12012.310547
49,0.872121,0.467764,12261.917969
50,0.872296,0.474952,12511.460938
51,0.873222,0.493107,12761.054688
52,0.874386,0.527591,13010.586914
53,0.874829,0.543483,13260.150391
54,0.881399,0.559392,13509.676758
55,0.879190,0.565343,13759.257812
56,0.832619,0.573572,14008.828125
57,0.810696,0.588886,14258.396484
58,0.803107,0.650886,14507.975586
59,0.810544,0.701513,14757.514648
60,0.801501,0.725273,15007.078125
61,0.787298,0.723312,15256.652344
62,0.734997,0.718653,15506.256836
63,0.637236,0.703732,15755.757812
64,0.577168,0.674126,16005.369141
65,0.522019,0.658082,16254.894531
66,0.471086,0.645915,16504.498047
67,0.433203,0.648424,16754.019531
68,0.393988,0.711903,17003.609375
69,0.352066,0.816783,17253.263672
70,0.335681,0.886862,17502.734375
71,0.337374,0.918425,17752.388672
72,0.257190,0.885386,18001.865234
73,0.213900,0.847781,18251.439453
74,0.195204,0.831999,18500.962891
75,0.173463,0.785711,18750.556641
76,0.165875,0.744387,19000.093750
77,0.159114,0.705009,19266.359375
78,0.157017,0.679432,19515.912109
79,0.152656,0.659578,19765.439453
80,0.146999,0.631984,20014.988281
81,0.143851,0.616926,20264.582031
82,0.139467,0.625445,20514.134766
83,0.139413,0.628541,20763.671875
84,0.147569,0.626103,21013.298828
85,0.172863,0.617929,21262.851562
86,0.221939,0.597812,21512.470703
87,0.246590,0.568815,21761.939453
88,0.260914,0.546678,22011.541016
89,0.283873,0.520032,22261.068359
90,0.322616,0.486719,22510.658203
91,0.359627,0.475441,22760.218750
92,0.377368,0.477064,23009.773438
93,0.387216,0.466945,23259.333984
94,0.395852,0.454841,23508.884766
95,0.407736,0.447741,23758.533203
96,0.450012,0.464519,24008.023438
97,0.485902,0.473129,24257.574219
98,0.497794,0.481336,24507.140625
99,0.500801,0.511056,24756.769531
0,0.750627,0.501492,-0.040038
1,0.752244,0.506019,266.160980
2,0.750268,0.530015,515.777771
3,0.761565,0.552411,765.332947
4,0.804228,0.514753,1014.857666
5,0.862544,0.472598,1264.475098
6,0.896441,0.470701,1513.971313
7,0.917178,0.503729,1763.581665
8,0.934904,0.524130,2013.123657
9,0.966353,0.542561,2262.780029
10,0.991748,0.566145,2512.268066
11,0.005996,0.590488,2761.796875
12,0.017155,0.612792,3011.470459
13,0.028336,0.642610,3260.991943
14,0.037341,0.662301,3510.484375
15,0.049206,0.663517,3760.050293
16,0.071473,0.659451,4009.705078
17,0.100796,0.649522,4259.180176
18,0.135027,0.607788,4508.745605
19,0.161490,0.589627,4758.379395
20,0.193056,0.579320,5007.984863
21,0.222185,0.572432,5257.500000
22,0.249872,0.571821,5507.024414
23,0.275648,0.557705,5756.628418
24,0.309743,0.542613,6006.117676
25,0.349087,0.529756,6255.710938
26,0.383992,0.503031,6505.308105
27,0.417729,0.491697,6754.871094
28,0.442747,0.484977,7004.413574
29,0.457526,0.478986,7253.999023
30,0.467220,0.476138,7503.581543
31,0.471357,0.477385,7753.109863
32,0.468101,0.475276,8002.643066
33,0.456887,0.476955,8252.248047
34,0.422763,0.459083,8501.801758
35,0.377103,0.404293,8751.418945
36,0.339734,0.354254,9000.944336
37,0.290827,0.317424,9250.572266
38,0.238197,0.239604,9500.037109
39,0.174336,0.159062,9766.286133
40,0.153429,0.122866,10015.798828
41,0.099132,0.127292,10265.395508
42,0.996868,0.165346,10515.033203
43,0.944309,0.221629,10764.532227
44,0.911258,0.282871,11014.036133
45,0.875006,0.322155,11263.694336
46,0.839752,0.355136,11513.208984
47,0.804540,0.383899,11762.756836
48,0.769518,0.417978,12012.410156
49,0.744033,0.442696,12261.929688
50,0.742383,0.468158,12511.519531
51,0.734266,0.468487,12761.012695
52,0.726067,0.455015,13010.624023
53,0.709325,0.448978,13260.173828
54,0.672585,0.467645,13509.672852
55,0.645443,0.502876,13759.271484
56,0.644328,0.549192,14008.871094
57,0.648802,0.608880,14258.424805
58,0.639852,0.632194,14507.983398
59,0.614008,0.606417,14757.536133
60,0.583723,0.552405,15007.149414
61,0.574544,0.525725,15256.627930
62,0.559772,0.510512,15506.281250
63,0.539392,0.490504,15755.818359
64,0.529581,0.483843,16005.341797
65,0.513046,0.488508,16254.904297
66,0.500198,0.481451,16504.500000
67,0.491208,0.467354,16754.068359
68,0.495577,0.452476,17003.615234
69,0.498171,0.450517,17253.181641
70,0.496307,0.459096,17502.728516
71,0.489513,0.466612,17752.310547
72,0.479496,0.476623,18001.820312
73,0.476404,0.482210,18251.480469
74,0.474170,0.487879,18501.027344
75,0.474077,0.490107,18750.548828
76,0.477712,0.489615,19000.105469
77,0.479871,0.490954,19266.281250
78,0.480835,0.492151,19515.867188
79,0.482272,0.493222,19765.441406
80,0.483146,0.494925,20014.988281
81,0.483884,0.495112,20264.568359
82,0.485971,0.496321,20514.136719
83,0.501394,0.494287,20780.343750
84,0.534407,0.480494,21013.279297
85,0.575995,0.466396,21262.857422
86,0.588018,0.454498,21512.400391
87,0.584867,0.449309,21761.958984
88,0.579475,0.453104,22011.556641
89,0.560595,0.450718,22261.074219
90,0.539941,0.449082,22510.638672
91,0.534262,0.448626,22760.185547
92,0.534491,0.445070,23009.839844
93,0.528736,0.434572,23259.373047
94,0.515375,0.430103,23508.880859
95,0.500502,0.434991,23758.435547
96,0.496711,0.435542,24008.060547
97,0.493426,0.435668,24257.648438
98,0.491867,0.436730,24507.125000
99,0.493189,0.437711,24756.699219
0,0.750075,0.579270,-0.005613
1,0.749457,0.579828,266.257568
2,0.743579,0.577099,515.869080
3,0.745336,0.574226,765.339844
4,0.763558,0.564234,1014.933167
5,0.804539,0.538789,1281.146484
6,0.844599,0.519526,1514.029419
7,0.872138,0.518698,1763.588745
8,0.889091,0.524407,2013.199951
9,0.893513,0.544696,2262.802490
10,0.917880,0.542556,2512.311035
11,0.977197,0.530866,2761.953857
12,0.011026,0.533922,3011.446533
13,0.025915,0.554794,3260.973877
14,0.041416,0.562819,3510.590820
15,0.072817,0.560525,3760.202148
16,0.109108,0.536865,4009.729980
17,0.121799,0.535792,4259.218750
18,0.118247,0.536419,4508.829590
19,0.085746,0.520176,4758.383301
20,0.041055,0.510885,5007.904785
21,0.992199,0.506786,5257.570801
22,0.952457,0.495204,5507.135254
23,0.920550,0.482249,5756.640137
24,0.886783,0.470551,6006.168945
25,0.851875,0.460589,6255.789062
26,0.818334,0.453548,6505.408691
27,0.790014,0.455838,6754.862793
28,0.765153,0.460947,7004.472168
29,0.745402,0.473894,7253.977539
30,0.722069,0.473022,7503.565918
31,0.686196,0.462093,7753.115234
32,0.636636,0.467478,8002.769043
33,0.597372,0.469131,8252.313477
34,0.563491,0.469634,8501.863281
35,0.537445,0.475011,8751.376953
36,0.516848,0.483458,9000.938477
37,0.479459,0.499812,9250.513672
38,0.446515,0.511199,9500.056641
39,0.428227,0.525014,9766.315430
40,0.425648,0.530132,10015.875977
41,0.455232,0.510991,10265.431641
42,0.480782,0.492985,10514.956055
43,0.495541,0.474708,10764.536133
44,0.502075,0.466925,11014.105469
45,0.502748,0.466797,11263.709961
46,0.506070,0.463690,11513.228516
47,0.512577,0.458831,11762.801758
48,0.516621,0.459243,12012.376953
49,0.524679,0.461077,12261.919922
50,0.536033,0.461055,12511.469727
51,0.550230,0.458076,12761.054688
52,0.575463,0.406360,13010.652344
53,0.600890,0.351588,13260.181641
54,0.624468,0.299491,13509.746094
55,0.655679,0.253268,13759.291992
56,0.698929,0.212546,14008.912109
57,0.738832,0.168876,14258.433594
58,0.764633,0.155709,14508.002930
59,0.757078,0.162012,14757.587891
60,0.736894,0.169789,15007.130859
61,0.712175,0.172672,15256.693359
62,0.684776,0.179312,15506.246094
63,0.653191,0.194395,15755.812500
64,0.607297,0.217907,16005.374023
65,0.573114,0.237177,16254.941406
66,0.550752,0.240504,16504.519531
67,0.537228,0.240721,16754.058594
68,0.519623,0.248782,17003.626953
69,0.502085,0.261852,17253.226562
70,0.507153,0.257295,17502.794922
71,0.525530,0.230089,17752.310547
72,0.544781,0.220162,18001.878906
73,0.525521,0.247893,18251.462891
74,0.494196,0.299549,18501.003906
75,0.492127,0.307282,18750.574219
76,0.494574,0.304288,19000.148438
77,0.509116,0.292127,19266.339844
78,0.540955,0.269203,19515.910156
79,0.584138,0.243201,19765.492188
80,0.636778,0.223371,20015.025391
81,0.705682,0.215138,20264.583984
82,0.787932,0.229385,20514.173828
83,0.840701,0.256929,20763.738281
84,0.882385,0.297167,21013.283203
85,0.911213,0.338737,21262.865234
86,0.930244,0.401093,21512.431641
87,0.939875,0.449714,21761.982422
88,0.961663,0.511905,22011.542969
89,0.988765,0.545901,22261.111328
90,0.011664,0.571494,22510.666016
91,0.033449,0.591281,22760.261719
92,0.056567,0.585627,23009.798828
93,0.083998,0.563961,23259.431641
94,0.114832,0.544560,23508.923828
95,0.135703,0.527672,23758.503906
96,0.160161,0.523061,24008.082031
97,0.168909,0.519779,24257.607422
98,0.182494,0.508212,24507.167969
99,0.195810,0.508551,24756.783203
0,0.749565,0.520560,0.059173
1,0.751204,0.520492,266.275146
2,0.754496,0.520392,515.810974
3,0.758990,0.520377,765.435974
4,0.764060,0.520350,1014.929626
5,0.769160,0.520189,1264.463745
6,0.774161,0.519928,1514.021240
7,0.779639,0.519714,1763.582031
8,0.785457,0.519456,2013.200806
9,0.790956,0.518971,2262.708008
10,0.796374,0.518539,2512.313965
11,0.802217,0.518356,2761.899902
12,0.809782,0.518222,3011.473877
13,0.820393,0.517637,3261.032227
14,0.832497,0.516960,3510.589844
15,0.843825,0.516136,3760.132080
16,0.854428,0.515451,4009.662109
17,0.862705,0.514944,4259.330078
18,0.869727,0.514597,4508.793457
19,0.879108,0.513289,4758.492188
20,0.888822,0.510304,5007.975098
21,0.900453,0.508060,5257.582031
22,0.917076,0.506394,5507.103027
23,0.927571,0.503541,5756.658203
24,0.941360,0.502564,6006.278809
25,0.962228,0.502273,6255.825195
26,0.973243,0.502219,6505.448242
27,0.980220,0.504013,6754.859863
28,0.987110,0.504297,7004.501465
29,0.995114,0.502766,7254.016602
30,0.010322,0.502719,7503.561523
31,0.026720,0.500521,7753.150879
32,0.042839,0.501459,8002.709473
33,0.061866,0.499324,8252.305664
34,0.080637,0.495931,8501.804688
35,0.085899,0.495284,8751.485352
36,0.086415,0.496324,9000.946289
37,0.092084,0.495966,9250.513672
38,0.096661,0.496376,9500.120117
39,0.120360,0.491783,9766.367188
40,0.155445,0.485817,10015.884766
41,0.171542,0.487131,10265.536133
42,0.168206,0.486775,10514.968750
43,0.154478,0.487777,10764.656250
44,0.120841,0.488645,11014.091797
45,0.064675,0.489530,11263.687500
46,0.012094,0.493716,11513.289062
47,0.974198,0.501074,11762.839844
48,0.951691,0.504412,12012.425781
49,0.942090,0.504897,12261.916992
50,0.931069,0.505057,12511.571289
51,0.919099,0.504005,12761.025391
52,0.903692,0.504492,13010.655273
53,0.893160,0.502477,13260.166016
54,0.890021,0.503027,13509.785156
55,0.877184,0.504029,13759.362305
56,0.859598,0.502164,14008.878906
57,0.843484,0.501299,14258.495117
58,0.832200,0.498499,14508.058594
59,0.823179,0.496531,14757.624023
60,0.810158,0.497499,15007.116211
61,0.795290,0.497321,15256.710938
62,0.782502,0.497530,15506.241211
63,0.767973,0.493170,15755.807617
64,0.750276,0.493006,16005.468750
65,0.727532,0.491026,16255.036133
66,0.713190,0.489619,16504.537109
67,0.697772,0.489050,16754.115234
68,0.677293,0.490117,17003.748047
69,0.648709,0.487339,17253.195312
70,0.629833,0.487465,17502.771484
71,0.606182,0.488589,17752.349609
72,0.588938,0.489113,18001.941406
73,0.575499,0.486005,18251.501953
74,0.567385,0.484327,18501.000000
75,0.555745,0.485868,18750.646484
76,0.553308,0.487667,19000.175781
77,0.551346,0.488716,19266.339844
78,0.551145,0.490811,19515.908203
79,0.547881,0.494555,19765.466797
80,0.545868,0.496179,20015.062500
81,0.544278,0.498636,20264.654297
82,0.544033,0.500364,20514.187500
83,0.544502,0.502329,20763.757812
84,0.544754,0.503767,21013.326172
85,0.536567,0.502938,21262.845703
86,0.499252,0.503274,21512.451172
87,0.468327,0.512540,21762.050781
88,0.446627,0.523710,22011.667969
89,0.436064,0.529940,22261.111328
90,0.440378,0.526442,22510.769531
91,0.468093,0.499907,22760.275391
92,0.492727,0.492934,23009.794922
93,0.506051,0.494715,23259.439453
94,0.512117,0.495299,23508.974609
95,0.514367,0.497112,23758.525391
96,0.520086,0.498995,24008.093750
97,0.524960,0.500845,24257.683594
98,0.528994,0.501424,24507.197266
99,0.533034,0.501980,24756.783203
0,0.751600,0.491782,-0.054485
1,0.750985,0.494001,266.148590
2,0.754621,0.489134,515.808472
3,0.752146,0.438375,765.368652
4,0.735230,0.377052,1014.895691
5,0.715201,0.310209,1264.420654
6,0.694087,0.255896,1513.960938
7,0.670181,0.237812,1763.558105
8,0.618080,0.287296,2013.152344
9,0.579132,0.354959,2262.743652
10,0.555016,0.408769,2512.261230
11,0.535803,0.431942,2761.826416
12,0.522317,0.470515,3011.351318
13,0.537656,0.518062,3260.928223
14,0.604485,0.541687,3510.552979
15,0.732295,0.544390,3760.077393
16,0.843478,0.523876,4009.681396
17,0.918359,0.506600,4259.171875
18,0.972723,0.495379,4508.758789
19,0.024818,0.490867,4758.305176
20,0.060597,0.494601,5007.937500
21,0.093561,0.484699,5257.516602
22,0.101343,0.476894,5507.081055
23,0.076956,0.471585,5756.576660
24,0.034123,0.480915,6006.140137
25,0.997724,0.484506,6255.702148
26,0.946499,0.486100,6505.251953
27,0.895647,0.486770,6754.915039
28,0.817719,0.491768,7004.460449
29,0.732770,0.489454,7254.045898
30,0.636639,0.489899,7503.495605
31,0.557288,0.476871,7753.091309
32,0.513287,0.465594,8002.624512
33,0.496070,0.465402,8252.213867
34,0.482470,0.465401,8501.852539
35,0.448079,0.437065,8751.324219
36,0.404334,0.392492,9000.969727
37,0.389171,0.372066,9250.453125
38,0.426450,0.366719,9500.026367
39,0.485812,0.366789,9766.257812
40,0.500752,0.355770,10015.774414
41,0.499283,0.353001,10265.364258
42,0.504573,0.358811,10514.913086
43,0.508821,0.364623,10764.474609
44,0.509877,0.373156,11014.032227
45,0.512299,0.391399,11263.602539
46,0.513253,0.409965,11513.174805
47,0.512446,0.415899,11762.722656
48,0.510651,0.432639,12012.300781
49,0.511200,0.446302,12261.860352
50,0.509938,0.450332,12511.443359
51,0.508460,0.451663,12760.986328
52,0.504006,0.455093,13010.555664
53,0.503082,0.457267,13260.112305
54,0.500406,0.459224,13509.668945
55,0.498731,0.461967,13759.238281
56,0.500832,0.456530,14008.815430
57,0.501185,0.457385,14258.380859
58,0.501292,0.457490,14507.949219
59,0.501592,0.458727,14757.500977
60,0.501782,0.458467,15007.048828
61,0.501776,0.459642,15256.629883
62,0.501706,0.460162,15506.189453
63,0.501685,0.461102,15755.736328
64,0.501562,0.461923,16005.324219
65,0.501614,0.462107,16254.878906
66,0.501596,0.462334,16504.451172
67,0.501453,0.462802,16754.003906
68,0.501650,0.462599,17003.582031
69,0.501603,0.462889,17253.142578
70,0.501570,0.462802,17502.707031
71,0.501705,0.463529,17752.263672
72,0.501959,0.463597,18001.845703
73,0.501921,0.464028,18251.417969
74,0.502065,0.464122,18500.960938
75,0.502194,0.464883,18750.515625
76,0.502093,0.465009,19000.113281
77,0.502446,0.465582,19266.292969
78,0.502694,0.465464,19515.845703
79,0.502775,0.465481,19765.417969
80,0.502792,0.465958,20014.978516
81,0.502815,0.465864,20264.544922
82,0.502772,0.466075,20514.099609
83,0.502721,0.466255,20763.658203
84,0.502743,0.466429,21013.226562
85,0.502913,0.466140,21262.828125
86,0.502982,0.466297,21512.376953
87,0.503036,0.466494,21761.919922
88,0.502968,0.467118,22011.488281
89,0.503154,0.467166,22261.052734
90,0.503002,0.467466,22510.615234
91,0.503066,0.467466,22760.179688
92,0.502929,0.467700,23009.738281
93,0.502920,0.467127,23259.312500
94,0.502737,0.466630,23508.853516
95,0.502881,0.466849,23758.449219
96,0.502795,0.467333,24008.005859
97,0.502749,0.467226,24257.583984
98,0.502790,0.466996,24507.128906
99,0.502814,0.466749,24756.710938
0,0.749971,0.592171,0.016058
1,0.750653,0.591765,266.314148
2,0.750876,0.592658,515.768188
3,0.751911,0.596880,765.384338
4,0.754590,0.609947,1014.902893
5,0.756989,0.622258,1264.496582
6,0.753066,0.625730,1514.059326
7,0.733741,0.625771,1763.660034
8,0.695019,0.630127,2013.151611
9,0.657222,0.628366,2262.752930
10,0.629165,0.622131,2512.372559
11,0.610198,0.620515,2761.876953
12,0.592289,0.617022,3011.447998
13,0.573376,0.606627,3261.002930
14,0.555695,0.599603,3510.640869
15,0.542582,0.593759,3760.102783
16,0.530545,0.592066,4009.694092
17,0.520949,0.589452,4259.235840
18,0.512838,0.584714,4508.819824
19,0.507872,0.574358,4758.456543
20,0.504300,0.564989,5007.915039
21,0.499652,0.566230,5257.573242
22,0.493257,0.569255,5507.123047
23,0.486975,0.571108,5756.616699
24,0.464762,0.568523,6006.177734
25,0.422419,0.548272,6255.845215
26,0.404858,0.513654,6505.303711
27,0.404319,0.465058,6754.891602
28,0.418891,0.413609,7004.478516
29,0.464346,0.380004,7254.052246
30,0.483520,0.372835,7503.541504
31,0.482623,0.379013,7753.234863
32,0.485489,0.383138,8002.744629
33,0.488427,0.384895,8252.253906
34,0.495565,0.386039,8501.850586
35,0.503479,0.386977,8751.414062
36,0.509939,0.387329,9000.984375
37,0.514917,0.388230,9250.496094
38,0.516186,0.388970,9500.085938
39,0.511773,0.390575,9766.333984
40,0.512219,0.390536,10015.931641
41,0.513189,0.389665,10265.426758
42,0.515641,0.389422,10515.001953
43,0.518900,0.390035,10764.509766
44,0.527046,0.390245,11014.147461
45,0.541135,0.393382,11263.670898
46,0.534570,0.424424,11513.288086
47,0.496157,0.479135,11762.851562
48,0.485512,0.503586,12012.431641
49,0.478686,0.535659,12261.910156
50,0.447868,0.597728,12511.475586
51,0.425944,0.615860,12761.069336
52,0.381975,0.622759,13010.607422
53,0.326291,0.613008,13260.277344
54,0.298140,0.610459,13509.747070
55,0.273824,0.610996,13759.369141
56,0.249575,0.609251,14008.875977
57,0.233482,0.602339,14258.525391
58,0.218066,0.599312,14507.990234
59,0.208252,0.595290,14757.567383
60,0.209785,0.594712,15007.243164
61,0.212994,0.605401,15256.705078
62,0.209122,0.606024,15506.269531
63,0.203735,0.628299,15755.815430
64,0.205598,0.634586,16005.434570
65,0.208606,0.627110,16254.959961
66,0.223010,0.629012,16504.542969
67,0.257137,0.630657,16754.138672
68,0.316137,0.617134,17003.652344
69,0.385447,0.597632,17253.308594
70,0.431253,0.584721,17502.753906
71,0.476541,0.573627,17752.398438
72,0.511455,0.574344,18001.884766
73,0.549670,0.574148,18251.498047
74,0.631146,0.558461,18500.988281
75,0.724626,0.535759,18750.597656
76,0.806733,0.526743,19000.152344
77,0.872779,0.529476,19266.371094
78,0.922251,0.535344,19515.904297
79,0.960338,0.544636,19765.509766
80,0.997783,0.551230,20015.039062
81,0.024942,0.561754,20264.601562
82,0.033846,0.576340,20514.193359
83,0.014643,0.587587,20763.724609
84,0.941300,0.592949,21013.316406
85,0.937068,0.594829,21262.847656
86,0.962023,0.593867,21512.402344
87,0.998246,0.583887,21761.970703
88,0.039690,0.576525,22011.546875
89,0.087143,0.567090,22261.097656
90,0.120336,0.562975,22510.697266
91,0.134229,0.570477,22760.251953
92,0.113889,0.599903,23009.802734
93,0.104829,0.615019,23259.363281
94,0.097815,0.615066,23508.939453
95,0.089319,0.612985,23758.507812
96,0.078420,0.619298,24008.048828
97,0.065214,0.624632,24257.650391
98,0.058909,0.627604,24507.177734
99,0.054995,0.637442,24756.789062
0,0.749675,0.554788,-0.013132
1,0.749992,0.554504,266.226288
2,0.751909,0.560248,515.718140
3,0.773122,0.562877,765.345764
4,0.783553,0.562838,1014.875488
5,0.815468,0.552521,1264.406616
6,0.887942,0.539435,1514.045410
7,0.940646,0.564906,1763.615234
8,0.967871,0.580277,2013.153442
9,0.993172,0.604608,2262.669678
10,0.014465,0.620256,2512.304688
11,0.037110,0.627014,2761.823242
12,0.066651,0.641555,3011.371338
13,0.095193,0.659407,3260.933838
14,0.130527,0.640190,3510.541504
15,0.161275,0.617120,3760.075928
16,0.156888,0.612242,4009.597656
17,0.064672,0.630356,4259.272949
18,0.845005,0.606827,4508.773926
19,0.666488,0.584616,4758.338379
20,0.606777,0.579711,5007.890137
21,0.570025,0.572762,5257.525391
22,0.537305,0.556155,5507.033203
23,0.517279,0.542318,5756.559570
24,0.511411,0.530909,6006.198242
25,0.522328,0.518668,6255.737793
26,0.523539,0.516682,6505.352539
27,0.522069,0.518926,6754.847168
28,0.519060,0.523663,7004.430176
29,0.510465,0.530264,7253.986328
30,0.511184,0.530618,7503.493652
31,0.519046,0.523904,7753.171875
32,0.525878,0.515825,8002.638672
33,0.535014,0.515092,8252.280273
34,0.552792,0.514531,8501.751953
35,0.547312,0.513014,8751.356445
36,0.517599,0.532456,9000.891602
37,0.478608,0.579104,9250.456055
38,0.450566,0.611557,9500.008789
39,0.423588,0.639916,9766.275391
40,0.402043,0.665312,10015.809570
41,0.383771,0.693948,10265.342773
42,0.368415,0.724947,10514.930664
43,0.342726,0.745459,10764.585938
44,0.344950,0.683831,11014.074219
45,0.337015,0.648272,11263.598633
46,0.306585,0.668118,11513.243164
47,0.290187,0.659351,11762.786133
48,0.281740,0.652921,12012.318359
49,0.282333,0.640007,12261.927734
50,0.315479,0.617740,12511.527344
51,0.348027,0.581623,12760.983398
52,0.369488,0.553397,13010.570312
53,0.388885,0.527846,13260.099609
54,0.415261,0.502323,13509.717773
55,0.445663,0.488383,13759.250977
56,0.488820,0.545960,14008.824219
57,0.528368,0.585450,14258.392578
58,0.566347,0.628550,14507.975586
59,0.599282,0.624923,14757.514648
60,0.675548,0.600235,15007.089844
61,0.706275,0.594136,15256.725586
62,0.718731,0.599392,15506.227539
63,0.719247,0.596075,15755.758789
64,0.719154,0.628918,16005.338867
65,0.721794,0.640483,16254.910156
66,0.724095,0.649241,16504.453125
67,0.729291,0.665247,16754.039062
68,0.731467,0.677723,17003.632812
69,0.730419,0.678864,17253.142578
70,0.726839,0.674246,17502.722656
71,0.725924,0.676062,17752.253906
72,0.724994,0.676423,18001.855469
73,0.724483,0.677100,18251.400391
74,0.725617,0.678409,18500.990234
75,0.728707,0.680393,18750.552734
76,0.729476,0.677641,19000.138672
77,0.729317,0.668559,19266.320312
78,0.730297,0.657406,19515.892578
79,0.732399,0.647302,19765.417969
80,0.731502,0.643469,20014.994141
81,0.730744,0.640780,20264.585938
82,0.731928,0.639762,20514.146484
83,0.731239,0.640357,20763.769531
84,0.729900,0.641275,21013.314453
85,0.729497,0.640984,21262.808594
86,0.729725,0.641449,21512.410156
87,0.729697,0.641647,21761.968750
88,0.728521,0.637779,22011.484375
89,0.723997,0.621353,22261.087891
90,0.719040,0.598393,22510.656250
91,0.713444,0.571139,22760.230469
92,0.709925,0.545824,23009.732422
93,0.707303,0.520060,23259.404297
94,0.700884,0.501578,23508.892578
95,0.690778,0.491215,23758.445312
96,0.684642,0.486111,24008.019531
97,0.684718,0.486722,24257.554688
98,0.685860,0.486077,24507.166016
99,0.686954,0.487568,24756.697266
0,0.735602,0.575771,0.011837
1,0.722275,0.578112,266.208160
2,0.713829,0.577809,515.845764
3,0.704830,0.568220,765.309204
4,0.698218,0.519168,1014.888428
5,0.697455,0.466231,1264.431030
6,0.703637,0.442102,1514.007690
7,0.705823,0.440805,1763.572510
8,0.720448,0.439200,2013.164062
9,0.768172,0.438239,2262.820068
10,0.793436,0.441527,2512.240967
11,0.815715,0.462674,2761.878662
12,0.843321,0.508796,3011.397461
13,0.860495,0.530449,3260.996094
14,0.867273,0.541665,3510.553467
15,0.863894,0.543219,3760.125488
16,0.858983,0.532215,4009.641846
17,0.843635,0.522379,4259.227051
18,0.811795,0.513745,4508.791504
19,0.799893,0.543826,4758.377930
20,0.788911,0.568502,5007.928223
21,0.757249,0.540554,5257.502441
22,0.731293,0.544454,5507.020508
23,0.709827,0.575789,5756.584961
24,0.679100,0.579380,6006.160156
25,0.643284,0.575561,6255.780762
26,0.624739,0.571548,6505.375000
27,0.619614,0.553946,6754.911621
28,0.620014,0.548104,7004.426270
29,0.612717,0.531834,7254.049316
30,0.608999,0.526439,7503.591309
31,0.590149,0.524512,7753.113770
32,0.570704,0.515261,8002.660645
33,0.551852,0.513855,8252.259766
34,0.545420,0.508342,8501.803711
35,0.544665,0.510396,8751.391602
36,0.546953,0.512500,9000.959961
37,0.546959,0.512623,9250.511719
38,0.544496,0.500421,9500.080078
39,0.538506,0.466237,9766.276367
40,0.532901,0.453642,10015.799805
41,0.514749,0.445587,10265.447266
42,0.516444,0.447381,10514.949219
43,0.522853,0.427478,10764.545898
44,0.517850,0.415459,11014.127930
45,0.516931,0.418008,11263.685547
46,0.516232,0.422517,11513.207031
47,0.512755,0.426269,11762.788086
48,0.508026,0.423534,12012.359375
49,0.506487,0.419760,12261.870117
50,0.505096,0.415687,12511.494141
51,0.504762,0.413905,12761.071289
52,0.507707,0.415841,13010.598633
53,0.511303,0.415891,13260.144531
54,0.511444,0.418714,13509.822266
55,0.500932,0.423666,13759.381836
56,0.469569,0.435879,14008.920898
57,0.448273,0.437273,14258.422852
58,0.435416,0.469882,14507.945312
59,0.423412,0.516386,14757.522461
60,0.409764,0.536728,15007.084961
61,0.393537,0.536044,15256.689453
62,0.373768,0.513031,15506.283203
63,0.360188,0.482152,15755.882812
64,0.356482,0.461485,16005.326172
65,0.357347,0.432536,16254.953125
66,0.355549,0.420211,16504.494141
67,0.355671,0.419112,16754.048828
68,0.352055,0.415969,17003.626953
69,0.345676,0.412383,17253.167969
70,0.339686,0.414785,17502.837891
71,0.332742,0.418183,17752.289062
72,0.326580,0.423831,18001.875000
73,0.320190,0.433938,18251.435547
74,0.308766,0.447094,18500.986328
75,0.296224,0.452843,18750.632812
76,0.285216,0.458382,19000.119141
77,0.280190,0.465710,19266.308594
78,0.271298,0.472956,19515.871094
79,0.254427,0.467977,19765.425781
80,0.237094,0.443978,20015.052734
81,0.214451,0.419839,20264.597656
82,0.196590,0.403169,20514.181641
83,0.176665,0.396132,20763.707031
84,0.153805,0.392203,21013.263672
85,0.139863,0.394802,21262.833984
86,0.133983,0.399782,21512.458984
87,0.126943,0.401162,21761.988281
88,0.117582,0.408321,22011.505859
89,0.108107,0.419110,22261.132812
90,0.104175,0.432264,22510.667969
91,0.103764,0.451415,22760.224609
92,0.102636,0.456097,23009.791016
93,0.099532,0.445301,23259.337891
94,0.100057,0.444075,23509.003906
95,0.111202,0.430814,23758.449219
96,0.132180,0.417790,24008.017578
97,0.152933,0.410520,24257.593750
98,0.177851,0.391834,24507.271484
99,0.197603,0.382671,24756.759766
0,0.749623,0.535811,-0.006542
1,0.748098,0.541390,266.184204
2,0.747349,0.554656,515.798950
3,0.757055,0.598078,765.312195
4,0.765767,0.673465,1014.909363
5,0.760340,0.716223,1264.421143
6,0.755147,0.738240,1514.013916
7,0.744942,0.724906,1763.541504
8,0.732153,0.680751,2013.158325
9,0.719662,0.622987,2262.739014
10,0.663817,0.583904,2512.314209
11,0.610309,0.558468,2761.836182
12,0.585763,0.547486,3011.424805
13,0.571481,0.532248,3260.943604
14,0.559811,0.522007,3510.490967
15,0.549611,0.507844,3760.127930
16,0.543674,0.502530,4009.629883
17,0.532418,0.500577,4259.231445
18,0.522157,0.507638,4508.749512
19,0.514405,0.511904,4758.372559
20,0.501704,0.515223,5007.968262
21,0.483144,0.518270,5257.493652
22,0.449538,0.531413,5507.042480
23,0.423836,0.546518,5756.632324
24,0.405063,0.548935,6006.221191
25,0.386142,0.550837,6255.686035
26,0.373505,0.553131,6505.325684
27,0.369498,0.549169,6754.837402
28,0.371803,0.540839,7004.482422
29,0.377067,0.533797,7253.961426
30,0.386812,0.518840,7503.594238
31,0.400805,0.492840,7753.118164
32,0.413858,0.474230,8002.664551
33,0.431438,0.449905,8252.252930
34,0.455849,0.430398,8501.786133
35,0.471620,0.420237,8751.392578
36,0.483214,0.415800,9000.918945
37,0.493919,0.409391,9250.545898
38,0.523010,0.392852,9500.068359
39,0.555534,0.377839,9766.276367
40,0.576503,0.332473,10015.800781
41,0.592279,0.281577,10265.411133
42,0.582944,0.282631,10514.939453
43,0.564299,0.309948,10764.476562
44,0.561330,0.338270,11014.083008
45,0.559624,0.381701,11263.655273
46,0.552766,0.437607,11513.250000
47,0.560373,0.456016,11762.755859
48,0.579005,0.484151,12012.371094
49,0.610081,0.536167,12261.934570
50,0.638943,0.558387,12511.462891
51,0.674878,0.565120,12761.063477
52,0.717798,0.564433,13010.625977
53,0.741723,0.553743,13260.160156
54,0.752156,0.525156,13509.682617
55,0.791884,0.498977,13759.278320
56,0.866611,0.494997,14008.916992
57,0.898692,0.503408,14258.429688
58,0.919669,0.528842,14507.975586
59,0.946602,0.542716,14757.564453
60,0.972635,0.571851,15007.069336
61,0.949983,0.652682,15256.629883
62,0.917236,0.743560,15506.216797
63,0.891669,0.798237,15755.813477
64,0.915544,0.794153,16005.372070
65,0.986570,0.726281,16254.932617
66,0.016969,0.664285,16504.488281
67,0.024552,0.627856,16754.064453
68,0.031950,0.607358,17003.580078
69,0.042723,0.600059,17253.212891
70,0.048237,0.587130,17502.773438
71,0.057644,0.577227,17752.269531
72,0.070135,0.561741,18001.839844
73,0.076923,0.559044,18251.453125
74,0.080981,0.556567,18500.996094
75,0.068509,0.536405,18750.527344
76,0.045856,0.498402,19000.203125
77,0.017422,0.459206,19266.361328
78,0.994843,0.423840,19515.955078
79,0.969322,0.396303,19765.462891
80,0.955031,0.385644,20015.011719
81,0.941465,0.385052,20264.544922
82,0.929098,0.389831,20514.138672
83,0.917611,0.411133,20763.689453
84,0.900899,0.431611,21013.244141
85,0.879213,0.447849,21262.908203
86,0.867930,0.477337,21512.375000
87,0.854714,0.504214,21761.941406
88,0.817540,0.516778,22011.496094
89,0.776356,0.534965,22261.126953
90,0.736179,0.564118,22510.666016
91,0.712534,0.572668,22760.246094
92,0.688596,0.573965,23009.789062
93,0.656329,0.567752,23259.396484
94,0.639643,0.566053,23508.894531
95,0.612937,0.554845,23758.458984
96,0.578418,0.541286,24008.029297
97,0.559324,0.538521,24257.568359
98,0.556786,0.540934,24507.189453
99,0.552032,0.542191,24756.697266
0,0.749908,0.333237,-0.049059
1,0.749953,0.334321,266.166626
2,0.749570,0.334999,515.770508
3,0.730368,0.357862,765.323669
4,0.648498,0.441887,1014.849243
5,0.596707,0.502392,1264.462524
6,0.575856,0.506969,1514.007202
7,0.568295,0.494699,1763.585205
8,0.553918,0.489880,2013.103760
9,0.543162,0.494364,2262.700195
10,0.556747,0.572465,2512.224365
11,0.570015,0.621337,2761.785156
12,0.579723,0.615141,3011.393555
13,0.601921,0.598442,3261.016602
14,0.663076,0.582820,3510.500732
15,0.769647,0.547797,3760.088135
16,0.882083,0.484796,4009.641846
17,0.913104,0.461139,4259.169922
18,0.915326,0.498103,4508.755859
19,0.926727,0.535505,4758.359863
20,0.964605,0.559680,5007.975098
21,0.984175,0.581539,5257.429199
22,0.999205,0.633837,5507.026855
23,0.010144,0.683356,5756.657227
24,0.964561,0.655458,6006.150879
25,0.818458,0.588931,6255.702148
26,0.586686,0.496434,6505.291504
27,0.475323,0.474394,6754.906738
28,0.451213,0.458255,7004.382324
29,0.445797,0.448301,7253.942871
30,0.441882,0.439948,7503.552734
31,0.443647,0.433420,7753.072754
32,0.440153,0.422464,8002.675293
33,0.455648,0.416860,8252.250977
34,0.471603,0.417799,8501.788086
35,0.482470,0.427469,8751.372070
36,0.492555,0.425079,9000.892578
37,0.495967,0.423783,9250.495117
38,0.495967,0.434485,9500.103516
39,0.491740,0.446023,9766.257812
40,0.492626,0.466279,10015.890625
41,0.505135,0.469602,10265.407227
42,0.534962,0.477308,10514.981445
43,0.619685,0.475983,10764.478516
44,0.767656,0.428931,11014.072266
45,0.880581,0.387257,11263.604492
46,0.972979,0.371245,11513.278320
47,0.037103,0.378323,11762.718750
48,0.089380,0.369754,12012.358398
49,0.127137,0.357231,12261.924805
50,0.155742,0.353892,12511.472656
51,0.175696,0.455085,12760.986328
52,0.191041,0.540175,13010.559570
53,0.205410,0.546178,13260.133789
54,0.229131,0.539129,13509.706055
55,0.270057,0.540417,13759.240234
56,0.313629,0.550112,14008.831055
57,0.343222,0.562335,14258.389648
58,0.366774,0.562359,14507.920898
59,0.394078,0.562433,14757.592773
60,0.430346,0.559101,15007.102539
61,0.450694,0.536591,15256.625977
62,0.463831,0.533652,15506.194336
63,0.471848,0.534877,15755.740234
64,0.479957,0.526535,16005.320312
65,0.488012,0.515176,16254.895508
66,0.493302,0.511633,16504.482422
67,0.493999,0.515457,16754.080078
68,0.492875,0.521701,17003.677734
69,0.484603,0.527107,17253.169922
70,0.470505,0.513252,17502.750000
71,0.452386,0.508131,17752.263672
72,0.405340,0.577258,18001.820312
73,0.376892,0.661023,18251.414062
74,0.360550,0.768138,18501.025391
75,0.290208,0.741316,18750.570312
76,0.213888,0.625071,19000.103516
77,0.128540,0.587256,19266.308594
78,0.093844,0.572399,19515.917969
79,0.095580,0.569116,19765.402344
80,0.107517,0.564668,20014.966797
81,0.121434,0.559790,20264.554688
82,0.125741,0.558549,20514.201172
83,0.117093,0.580073,20763.773438
84,0.084344,0.764922,21013.265625
85,0.107616,0.917145,21262.880859
86,0.094765,0.960256,21512.429688
87,0.203509,0.797398,21761.974609
88,0.221287,0.623578,22011.511719
89,0.230607,0.552200,22261.089844
90,0.236824,0.516269,22510.648438
91,0.245200,0.504189,22760.175781
92,0.293529,0.458798,23009.794922
93,0.340687,0.426081,23259.298828
94,0.399145,0.425825,23508.939453
95,0.510309,0.421487,23758.460938
96,0.612031,0.405510,24008.035156
97,0.676261,0.404441,24257.605469
98,0.714449,0.391121,24507.121094
99,0.731586,0.395717,24756.781250
0,0.754624,0.537871,0.017292
1,0.758714,0.539443,266.227386
2,0.761557,0.551440,515.779663
3,0.751355,0.559715,765.389099
4,0.676215,0.531272,1014.948425
5,0.587850,0.515054,1264.522339
6,0.551242,0.515580,1514.040894
7,0.533945,0.516259,1763.640747
8,0.520785,0.515632,2013.183350
9,0.502737,0.513621,2262.728027
10,0.480821,0.511012,2512.333984
11,0.451202,0.507595,2761.844727
12,0.426023,0.515460,3011.427490
13,0.395350,0.533148,3260.973145
14,0.372237,0.537061,3510.581299
15,0.378730,0.543699,3760.159180
16,0.420361,0.529883,4009.691406
17,0.450496,0.517199,4259.253906
18,0.471173,0.509357,4508.794434
19,0.480092,0.534519,4758.393555
20,0.480288,0.540627,5007.984863
21,0.483735,0.546536,5257.512695
22,0.491012,0.563071,5507.081543
23,0.515810,0.580905,5756.660156
24,0.552142,0.596618,6006.200684
25,0.566098,0.600748,6255.750977
26,0.559356,0.596347,6505.339355
27,0.555841,0.595737,6754.883301
28,0.545582,0.592482,7004.465820
29,0.522772,0.591765,7253.999512
30,0.519152,0.584053,7503.617188
31,0.521239,0.583025,7753.128906
32,0.523042,0.579493,8002.730469
33,0.522804,0.573625,8252.266602
34,0.520697,0.555226,8501.833008
35,0.517482,0.525729,8751.426758
36,0.517372,0.518502,9000.957031
37,0.509538,0.479483,9250.516602
38,0.504091,0.452793,9500.079102
39,0.503668,0.452396,9766.311523
40,0.501811,0.454998,10015.898438
41,0.497788,0.460187,10265.407227
42,0.496495,0.464329,10514.961914
43,0.495714,0.468574,10764.579102
44,0.493277,0.477243,11014.115234
45,0.490959,0.494974,11263.682617
46,0.496190,0.515772,11513.222656
47,0.498177,0.532577,11762.802734
48,0.502675,0.544485,12012.369141
49,0.511254,0.553945,12261.924805
50,0.507667,0.551994,12511.546875
51,0.508541,0.548096,12761.073242
52,0.512673,0.544254,13010.601562
53,0.519226,0.545746,13260.187500
54,0.517076,0.537693,13509.761719
55,0.513657,0.535395,13759.297852
56,0.509063,0.540646,14008.862305
57,0.506540,0.546134,14258.437500
58,0.505877,0.549582,14508.000977
59,0.504945,0.551541,14757.552734
60,0.510096,0.553938,15007.147461
61,0.536674,0.557797,15256.707031
62,0.584079,0.556577,15506.267578
63,0.631168,0.551101,15755.843750
64,0.671292,0.547690,16005.375000
65,0.709836,0.565305,16254.945312
66,0.743441,0.622618,16504.496094
67,0.748806,0.679113,16754.126953
68,0.741689,0.721797,17003.642578
69,0.746625,0.741757,17253.218750
70,0.750378,0.764536,17502.759766
71,0.751003,0.783413,17752.361328
72,0.751162,0.790687,18001.917969
73,0.752042,0.789414,18251.458984
74,0.752928,0.788421,18501.017578
75,0.753691,0.782488,18750.562500
76,0.755476,0.776630,19000.154297
77,0.764392,0.761409,19266.361328
78,0.784694,0.713986,19515.898438
79,0.798374,0.672714,19765.511719
80,0.823895,0.638341,20015.095703
81,0.891649,0.589349,20264.623047
82,0.922690,0.569117,20514.175781
83,0.958617,0.559973,20763.724609
84,0.992265,0.565173,21013.347656
85,0.015234,0.585639,21262.863281
86,0.027600,0.595623,21512.468750
87,0.040728,0.597761,21762.005859
88,0.043290,0.601093,22011.566406
89,0.038327,0.606982,22261.117188
90,0.037450,0.611530,22510.677734
91,0.068597,0.586777,22760.281250
92,0.133901,0.533689,23009.810547
93,0.149810,0.528258,23259.369141
94,0.142506,0.523631,23508.927734
95,0.072711,0.520661,23758.503906
96,0.042132,0.500639,24008.052734
97,0.025416,0.474268,24257.640625
98,0.018898,0.471252,24507.195312
99,0.013920,0.472921,24756.761719
0,0.750487,0.557528,-0.080075
1,0.749949,0.555344,266.100708
2,0.756800,0.555727,515.773804
3,0.791031,0.545468,765.224915
4,0.813027,0.533117,1014.831970
5,0.843985,0.526988,1264.367798
6,0.889526,0.530450,1513.914307
7,0.917094,0.538166,1763.524536
8,0.935439,0.548380,2013.142212
9,0.962554,0.557750,2262.684326
10,0.001721,0.569403,2512.158203
11,0.006649,0.576711,2761.830811
12,0.003711,0.579168,3011.328857
13,0.999929,0.581588,3260.855225
14,0.999891,0.584493,3510.435547
15,0.002962,0.560672,3760.002686
16,0.007593,0.565544,4009.539307
17,0.008074,0.576879,4259.127930
18,0.006569,0.580698,4508.709473
19,0.000409,0.577459,4758.264648
20,0.980768,0.575317,5007.797852
21,0.912165,0.571559,5257.435059
22,0.758167,0.541650,5507.023438
23,0.655594,0.534624,5756.488281
24,0.596191,0.537441,6006.093750
25,0.529926,0.526645,6255.694336
26,0.503279,0.508962,6505.229004
27,0.496841,0.498020,6754.758789
28,0.496533,0.498086,7004.414551
29,0.492300,0.497123,7253.928711
30,0.483957,0.496382,7503.462402
31,0.489111,0.479991,7752.989746
32,0.499947,0.470088,8002.583984
33,0.497453,0.477850,8252.169922
34,0.500850,0.478022,8501.717773
35,0.515690,0.474884,8751.253906
36,0.531767,0.470700,9000.879883
37,0.542296,0.468788,9250.405273
38,0.555317,0.470025,9516.656250
39,0.569135,0.476035,9766.134766
40,0.588228,0.478697,10015.747070
41,0.612774,0.478141,10265.329102
42,0.637448,0.463405,10514.833008
43,0.653653,0.454269,10764.469727
44,0.663814,0.434011,11014.068359
45,0.687851,0.396676,11263.613281
46,0.697868,0.324606,11513.088867
47,0.687130,0.267047,11762.709961
48,0.643804,0.249382,12012.230469
49,0.595504,0.270099,12261.792969
50,0.546565,0.309579,12511.395508
51,0.477290,0.377773,12760.940430
52,0.430627,0.407557,13010.492188
53,0.408587,0.385412,13260.036133
54,0.391405,0.375306,13509.686523
55,0.373767,0.391875,13759.209961
56,0.346718,0.429230,14008.838867
57,0.315530,0.461057,14258.335938
58,0.291051,0.478776,14507.924805
59,0.282429,0.497158,14757.476562
60,0.285235,0.513285,15006.985352
61,0.301814,0.516357,15256.595703
62,0.326485,0.511548,15506.105469
63,0.369453,0.495606,15755.756836
64,0.405646,0.478301,16005.284180
65,0.442083,0.464729,16254.915039
66,0.470643,0.451238,16504.417969
67,0.485186,0.444612,16753.935547
68,0.498366,0.435780,17003.556641
69,0.507627,0.432937,17253.095703
70,0.496029,0.447530,17502.740234
71,0.490286,0.468168,17752.179688
72,0.486648,0.485799,18001.792969
73,0.481016,0.511967,18251.341797
74,0.476019,0.533698,18500.890625
75,0.475151,0.535757,18750.546875
76,0.475426,0.535560,19000.115234
77,0.476576,0.530441,19266.236328
78,0.477299,0.501829,19515.814453
79,0.480832,0.434836,19765.326172
80,0.487197,0.393702,20014.955078
81,0.492239,0.360445,20264.478516
82,0.490836,0.353288,20514.050781
83,0.485361,0.350704,20763.685547
84,0.481780,0.350898,21013.230469
85,0.487706,0.343142,21262.818359
86,0.494104,0.330377,21512.271484
87,0.496137,0.319838,21761.916016
88,0.507774,0.307493,22011.423828
89,0.529529,0.281339,22261.023438
90,0.551539,0.257645,22510.578125
91,0.569343,0.239515,22760.177734
92,0.595278,0.220159,23009.703125
93,0.643492,0.217907,23259.242188
94,0.718551,0.229689,23508.865234
95,0.798365,0.251426,23758.345703
96,0.858716,0.274033,24007.955078
97,0.891953,0.308399,24257.492188
98,0.907946,0.353384,24507.066406
99,0.914982,0.396407,24756.654297
0,0.750216,0.441840,-0.034333
1,0.750403,0.442679,266.232361
2,0.750890,0.444608,515.751526
3,0.744465,0.451655,765.310242
4,0.703170,0.453358,1014.876831
5,0.650071,0.445809,1264.441772
6,0.605638,0.448257,1514.010986
7,0.577533,0.455817,1763.629272
8,0.553770,0.438362,2013.190918
9,0.533081,0.422718,2262.682861
10,0.514295,0.411074,2512.240967
11,0.501952,0.406989,2761.864258
12,0.499341,0.404861,3011.476318
13,0.504037,0.405532,3261.030273
14,0.507866,0.408770,3510.535400
15,0.508812,0.412398,3760.115479
16,0.509138,0.415376,4009.669434
17,0.509829,0.417942,4259.199707
18,0.511216,0.423147,4508.770508
19,0.512884,0.434738,4758.349609
20,0.512717,0.441667,5007.903320
21,0.513059,0.440442,5257.462891
22,0.514115,0.437557,5507.030273
23,0.516877,0.432869,5756.604004
24,0.528818,0.408415,6006.165527
25,0.542311,0.383075,6255.742676
26,0.557721,0.360062,6505.289551
27,0.611231,0.364215,6754.853027
28,0.647634,0.379048,7004.415039
29,0.659644,0.436842,7253.964355
30,0.660831,0.476317,7503.535645
31,0.689966,0.479435,7753.100098
32,0.724698,0.475376,8002.654297
33,0.739826,0.475661,8252.254883
34,0.757418,0.477340,8501.829102
35,0.777918,0.472035,8751.358398
36,0.805296,0.468017,9000.905273
37,0.834476,0.466352,9250.497070
38,0.864672,0.465797,9500.050781
39,0.894727,0.467724,9766.245117
40,0.920350,0.476025,10015.835938
41,0.939820,0.481828,10265.413086
42,0.953229,0.478988,10514.952148
43,0.982424,0.479250,10764.502930
44,0.035536,0.491917,11014.065430
45,0.067683,0.512371,11263.621094
46,0.085021,0.520256,11513.189453
47,0.109963,0.514436,11762.791016
48,0.139635,0.504309,12012.324219
49,0.167592,0.505214,12261.877930
50,0.191956,0.497136,12511.470703
51,0.192559,0.495649,12761.036133
52,0.183407,0.474852,13010.573242
53,0.160028,0.412020,13260.145508
54,0.142502,0.370799,13509.712891
55,0.109265,0.330246,13759.252930
56,0.070130,0.322959,14008.821289
57,0.014756,0.305909,14258.402344
58,0.971838,0.307604,14507.973633
59,0.926089,0.312692,14757.557617
60,0.883568,0.337773,15007.085938
61,0.836220,0.355541,15256.660156
62,0.797128,0.362611,15506.232422
63,0.762553,0.363621,15755.805664
64,0.718991,0.366810,16005.336914
65,0.675473,0.377171,16254.916016
66,0.636654,0.391661,16504.486328
67,0.592168,0.415626,16754.039062
68,0.537433,0.418094,17003.623047
69,0.500297,0.419100,17253.162109
70,0.484426,0.422033,17502.753906
71,0.480239,0.432370,17752.304688
72,0.462691,0.465253,18001.880859
73,0.428160,0.495040,18251.408203
74,0.416995,0.503110,18500.980469
75,0.421003,0.497768,18750.552734
76,0.425620,0.479623,19000.146484
77,0.428885,0.473391,19266.347656
78,0.430074,0.475542,19515.904297
79,0.436427,0.477850,19765.455078
80,0.475325,0.464185,20015.007812
81,0.539292,0.431811,20264.568359
82,0.574097,0.413872,20514.148438
83,0.599519,0.411030,20763.689453
84,0.634331,0.411260,21013.300781
85,0.660242,0.420170,21262.828125
86,0.683186,0.428932,21512.396484
87,0.719034,0.438594,21761.949219
88,0.746938,0.418958,22011.533203
89,0.799830,0.390998,22261.105469
90,0.860670,0.384465,22510.640625
91,0.885872,0.358811,22760.216797
92,0.874916,0.301406,23009.761719
93,0.787407,0.270731,23259.349609
94,0.665074,0.293714,23508.931641
95,0.565360,0.361734,23758.490234
96,0.528445,0.400671,24008.058594
97,0.511163,0.415277,24257.589844
98,0.490963,0.417240,24507.171875
99,0.481776,0.423338,24756.714844
0,0.749920,0.487432,0.007263
1,0.749435,0.489255,266.295563
2,0.746586,0.492406,515.877563
3,0.734330,0.519663,765.405518
4,0.732670,0.564273,1014.872803
5,0.739817,0.600396,1264.606934
6,0.751897,0.613372,1514.130005
7,0.762270,0.623857,1763.620972
8,0.765520,0.628631,2013.340332
9,0.772609,0.612702,2262.804199
10,0.785550,0.591321,2512.406250
11,0.799153,0.569317,2761.859619
12,0.807794,0.558722,3011.532715
13,0.822185,0.553061,3261.078857
14,0.848466,0.552400,3527.245850
15,0.865027,0.553186,3760.239746
16,0.881546,0.552643,4009.797119
17,0.887584,0.548175,4259.374023
18,0.896986,0.524362,4508.856934
19,0.902979,0.481817,4775.049316
20,0.904620,0.422826,5024.573730
21,0.903738,0.370740,5274.168457
22,0.898338,0.330571,5523.716309
23,0.892004,0.314909,5773.304688
24,0.879320,0.316853,6022.846680
25,0.866209,0.348895,6272.444336
26,0.857669,0.373024,6505.410645
27,0.844543,0.414424,6754.887207
28,0.836069,0.442094,7004.571777
29,0.821416,0.462314,7254.006348
30,0.800454,0.476518,7503.677734
31,0.781874,0.485385,7753.118164
32,0.766571,0.491938,8002.784180
33,0.740542,0.500201,8252.240234
34,0.713353,0.507857,8501.902344
35,0.693519,0.520506,8751.451172
36,0.672261,0.534519,9000.992188
37,0.654197,0.543327,9250.467773
38,0.635261,0.550458,9500.087891
39,0.611006,0.555652,9849.494141
40,0.594506,0.553923,10015.850586
41,0.577716,0.544606,10348.609375
42,0.555085,0.525877,10598.184570
43,0.544002,0.512204,10764.620117
44,0.531178,0.494928,11014.126953
45,0.519950,0.485711,11263.682617
46,0.508339,0.480889,11513.185547
47,0.504527,0.474935,11846.083984
48,0.502056,0.483533,12095.586914
49,0.498780,0.515351,12345.168945
50,0.497705,0.540618,12594.703125
51,0.496805,0.543022,12844.291016
52,0.496592,0.541363,13010.688477
53,0.497669,0.539212,13260.169922
54,0.498862,0.535102,13592.904297
55,0.487872,0.536216,13842.533203
56,0.462173,0.548778,14092.059570
57,0.441700,0.558506,14341.683594
58,0.424899,0.564620,14591.161133
59,0.422132,0.562415,14824.140625
60,0.424545,0.547573,15073.667969
61,0.435934,0.526668,15323.286133
62,0.453037,0.493809,15572.888672
63,0.470644,0.469982,15822.366211
64,0.496442,0.438567,16022.024414
65,0.501889,0.374401,16271.594727
66,0.445401,0.385067,16521.119141
67,0.367025,0.471785,16770.728516
68,0.334944,0.512957,17003.568359
69,0.315413,0.539340,17253.207031
70,0.294358,0.567434,17502.763672
71,0.275535,0.571960,17752.380859
72,0.249501,0.572364,18018.558594
73,0.224742,0.565468,18268.115234
74,0.206673,0.556275,18501.109375
75,0.191654,0.543880,18750.564453
76,0.192889,0.490866,19000.201172
77,0.208445,0.424488,19266.324219
78,0.231983,0.373704,19599.064453
79,0.248822,0.341313,19765.457031
80,0.266743,0.310628,20015.085938
81,0.304103,0.273489,20347.830078
82,0.329845,0.280273,20597.447266
83,0.349029,0.308239,20846.900391
84,0.352778,0.352514,21096.562500
85,0.345245,0.386307,21346.066406
86,0.330836,0.428545,21579.023438
87,0.318525,0.448079,21828.533203
88,0.313287,0.463339,22078.154297
89,0.312385,0.476567,22311.021484
90,0.326546,0.479206,22560.625000
91,0.339590,0.479057,22810.140625
92,0.349082,0.479338,23043.132812
93,0.365093,0.478829,23292.628906
94,0.377920,0.461927,23542.226562
95,0.392321,0.426292,23775.117188
96,0.403589,0.396654,24024.693359
97,0.414184,0.384273,24274.246094
98,0.421338,0.382522,24523.812500
99,0.429298,0.377668,24773.365234
