Idx, longitude, latitude, start timestamp
0,0.718850,0.482548,0.012575
1,0.701899,0.481534,266.126099
2,0.695158,0.488369,515.834717
3,0.683262,0.514736,765.272400
4,0.668349,0.541402,1014.885559
5,0.650004,0.573763,1264.370972
6,0.609893,0.609094,1513.974731
7,0.571693,0.554131,1763.480835
8,0.554193,0.505510,2013.053711
9,0.570820,0.454800,2262.634766
10,0.612146,0.396928,2512.187988
11,0.658039,0.322107,2761.849365
12,0.714299,0.276863,3011.304443
13,0.776834,0.285973,3260.935303
14,0.812424,0.362812,3510.380371
15,0.835591,0.460597,3760.019775
16,0.864395,0.501614,4009.508789
17,0.899185,0.514409,4259.221191
18,0.918898,0.521407,4508.655762
19,0.938314,0.534607,4758.265625
20,0.959311,0.547935,5007.750977
21,0.997946,0.551751,5257.406250
22,0.022377,0.558614,5506.820801
23,0.039525,0.572951,5756.439941
24,0.063562,0.609280,6006.056641
25,0.085032,0.655724,6255.608887
26,0.103918,0.695705,6505.165527
27,0.129220,0.722783,6754.716797
28,0.142675,0.740093,7004.189941
29,0.158421,0.723507,7253.867188
30,0.158634,0.667697,7503.443359
31,0.157933,0.584490,7752.952148
32,0.158674,0.520938,8002.601074
33,0.169175,0.514004,8251.986328
34,0.178586,0.507644,8501.719727
35,0.178875,0.496715,8751.151367
36,0.171478,0.472363,9000.729492
37,0.161483,0.422647,9250.388672
38,0.151324,0.373111,9516.491211
39,0.137902,0.330611,9766.089844
40,0.111686,0.283328,10015.612305
41,0.067307,0.237439,10265.090820
42,0.025532,0.198713,10514.746094
43,0.957788,0.177429,10764.289062
44,0.881844,0.163948,11013.833984
45,0.802585,0.159164,11263.438477
46,0.726871,0.184072,11513.087891
47,0.650142,0.231675,11762.506836
48,0.613632,0.300551,12011.999023
49,0.586542,0.380087,12261.732422
50,0.571487,0.438061,12511.230469
51,0.573326,0.497346,12760.739258
52,0.565789,0.560797,13010.333008
53,0.540625,0.613875,13259.906250
54,0.516510,0.615198,13509.445312
55,0.487179,0.585046,13759.071289
56,0.458674,0.554063,14008.652344
57,0.464613,0.545182,14258.046875
58,0.473707,0.548062,14507.666016
59,0.465074,0.538534,14757.375000
60,0.438383,0.541473,15006.815430
61,0.406606,0.555546,15256.410156
62,0.373032,0.565212,15505.926758
63,0.338034,0.567661,15755.561523
64,0.303663,0.564240,16005.013672
65,0.272751,0.564767,16254.631836
66,0.258126,0.571780,16504.140625
67,0.260415,0.599352,16753.802734
68,0.263179,0.680374,17003.291016
69,0.257980,0.709082,17252.839844
70,0.271957,0.671697,17502.419922
71,0.294987,0.604391,17751.996094
72,0.294270,0.603146,18001.572266
73,0.285777,0.616247,18251.083984
74,0.280782,0.621319,18500.761719
75,0.284191,0.614139,18750.222656
76,0.285277,0.611450,19016.400391
77,0.285808,0.610708,19265.892578
78,0.288839,0.607880,19515.511719
79,0.298824,0.598630,19765.021484
80,0.308301,0.591297,20014.666016
81,0.315209,0.579144,20264.173828
82,0.321663,0.573881,20513.832031
83,0.329012,0.565927,20763.421875
84,0.338554,0.556934,21012.900391
85,0.350675,0.553392,21262.509766
86,0.370766,0.547613,21511.990234
87,0.405690,0.543245,21761.564453
88,0.450164,0.537996,22011.119141
89,0.492200,0.529348,22260.789062
90,0.544718,0.517540,22510.203125
91,0.589728,0.510259,22759.816406
92,0.618864,0.503886,23009.333984
93,0.635414,0.506261,23258.947266
94,0.633436,0.513062,23508.439453
95,0.634596,0.513023,23758.066406
96,0.630232,0.509916,24007.625000
97,0.644905,0.509573,24257.167969
98,0.662419,0.509892,24506.761719
99,0.670080,0.510575,24756.306641
0,0.749598,0.494194,-0.024868
1,0.749710,0.496489,282.801910
2,0.751421,0.498778,515.711182
3,0.771260,0.517943,765.266602
4,0.805642,0.539119,1014.763062
5,0.844903,0.538770,1264.382812
6,0.879819,0.520312,1513.939087
7,0.907727,0.505671,1763.563232
8,0.921066,0.503672,2013.184204
9,0.927403,0.502585,2262.661133
10,0.947967,0.508901,2512.285645
11,0.988653,0.521487,2761.774170
12,0.020611,0.522615,3011.423340
13,0.034561,0.533644,3260.918945
14,0.044305,0.545998,3510.494873
15,0.049420,0.544127,3760.027100
16,0.052600,0.537118,4009.748047
17,0.055747,0.534767,4259.227539
18,0.061695,0.544705,4508.761719
19,0.066997,0.554770,4758.390625
20,0.067092,0.551530,5007.893555
21,0.053894,0.537158,5257.454102
22,0.026803,0.509478,5506.989746
23,0.003611,0.478361,5756.574219
24,0.993040,0.451565,6006.128418
25,0.988471,0.439205,6255.752441
26,0.968278,0.440894,6505.320312
27,0.966734,0.467128,6754.863770
28,0.954084,0.470923,7004.335449
29,0.917376,0.469911,7253.959961
30,0.864034,0.473772,7503.587891
31,0.824518,0.474880,7753.105469
32,0.787773,0.463974,8002.667969
33,0.747442,0.460143,8252.216797
34,0.695672,0.459253,8501.830078
35,0.660848,0.463693,8751.280273
36,0.635817,0.468818,9000.958984
37,0.629000,0.469916,9250.536133
38,0.644017,0.464330,9500.148438
39,0.679201,0.459311,9766.172852
40,0.700342,0.449176,10015.765625
41,0.692644,0.440273,10265.461914
42,0.670106,0.432714,10514.927734
43,0.638053,0.429575,10764.506836
44,0.610854,0.424155,11014.039062
45,0.590046,0.420291,11263.670898
46,0.570367,0.421064,11513.159180
47,0.561223,0.429915,11762.748047
48,0.555830,0.436433,12012.359375
49,0.558138,0.444743,12261.854492
50,0.559571,0.446232,12511.417969
51,0.558201,0.449896,12761.018555
52,0.551229,0.475550,13010.534180
53,0.545866,0.524272,13260.228516
54,0.535196,0.561970,13509.758789
55,0.521000,0.580529,13759.282227
56,0.499774,0.575937,14008.849609
57,0.468159,0.557029,14258.367188
58,0.443293,0.521446,14507.952148
59,0.419999,0.489096,14757.548828
60,0.403060,0.479741,15007.204102
61,0.381882,0.479513,15306.516602
62,0.361251,0.481598,15556.105469
63,0.341220,0.482486,15805.739258
64,0.318708,0.487720,16038.571289
65,0.297423,0.487044,16304.801758
66,0.282687,0.493822,16554.335938
67,0.268628,0.495397,16803.916016
68,0.255085,0.501293,17053.423828
69,0.247434,0.505492,17303.039062
70,0.241195,0.507333,17552.562500
71,0.235191,0.508892,17818.794922
72,0.232645,0.508492,18068.457031
73,0.232125,0.508433,18317.958984
74,0.232787,0.506623,18567.535156
75,0.232847,0.506285,18817.042969
76,0.233125,0.506574,19050.021484
77,0.232973,0.507255,19299.507812
78,0.233074,0.507631,19549.134766
79,0.233252,0.507542,19798.650391
80,0.233440,0.507228,20048.310547
81,0.233740,0.506555,20297.765625
82,0.235370,0.506602,20530.775391
83,0.238223,0.506927,20780.244141
84,0.248447,0.507713,21029.876953
85,0.268818,0.506880,21262.773438
86,0.298928,0.500964,21512.410156
87,0.335898,0.493904,21761.863281
88,0.398411,0.476566,22011.490234
89,0.464398,0.472162,22294.402344
90,0.502932,0.468932,22543.847656
91,0.532342,0.468085,22776.867188
92,0.555235,0.466773,23009.732422
93,0.580116,0.462853,23275.962891
94,0.606838,0.465366,23525.474609
95,0.633246,0.471139,23775.087891
96,0.643845,0.479359,24007.962891
97,0.653938,0.477378,24257.603516
98,0.654673,0.476986,24507.103516
99,0.650552,0.466157,24756.748047
0,0.750092,0.547650,-0.017795
1,0.750098,0.547618,266.102112
2,0.750150,0.547721,515.682068
3,0.750167,0.547707,765.158936
4,0.750565,0.548387,1014.779968
5,0.752259,0.550219,1280.989624
6,0.766337,0.553356,1513.943970
7,0.792802,0.557490,1763.401123
8,0.819851,0.563366,2013.025757
9,0.838742,0.568329,2262.682373
10,0.853705,0.579475,2512.137451
11,0.874540,0.591815,2761.840576
12,0.894846,0.593880,3011.306885
13,0.910937,0.589465,3327.407959
14,0.917541,0.587628,3577.054443
15,0.923256,0.585208,3760.066650
16,0.935687,0.581524,4009.524902
17,0.956834,0.579357,4259.154297
18,0.976377,0.577490,4542.039062
19,0.986982,0.579542,4774.901367
20,0.993920,0.578011,5007.779297
21,0.996821,0.576949,5257.348633
22,0.990941,0.574560,5507.029785
23,0.977097,0.591736,5789.787109
24,0.982636,0.594381,6006.137207
25,0.995387,0.593638,6255.585938
26,0.011277,0.589638,6505.258789
27,0.032355,0.575694,6787.991699
28,0.048304,0.563080,7037.638184
29,0.062470,0.557722,7253.865723
30,0.076406,0.555273,7503.463379
31,0.088035,0.556505,7752.941895
32,0.098257,0.555043,8019.256348
33,0.117704,0.548755,8252.197266
34,0.136193,0.552177,8501.812500
35,0.139388,0.555307,8751.175781
36,0.125761,0.554209,9000.813477
37,0.115311,0.543726,9250.540039
38,0.118142,0.521845,9500.048828
39,0.128927,0.507767,9766.208008
40,0.151940,0.512947,10065.682617
41,0.168229,0.525637,10298.546875
42,0.179052,0.533672,10514.906250
43,0.192450,0.542978,10764.444336
44,0.203111,0.549841,11014.090820
45,0.219644,0.564496,11280.172852
46,0.229085,0.585566,11513.274414
47,0.234463,0.612474,11762.632812
48,0.234540,0.619955,12012.232422
49,0.231703,0.615050,12261.809570
50,0.227629,0.603879,12511.398438
51,0.224954,0.597041,12760.932617
52,0.220777,0.585530,13010.632812
53,0.206149,0.546519,13260.020508
54,0.179739,0.506628,13509.615234
55,0.133272,0.469719,13759.154297
56,0.063712,0.486851,14008.805664
57,0.013491,0.496575,14258.381836
58,0.972769,0.490185,14591.168945
59,0.946547,0.502987,14840.625977
60,0.926466,0.512335,15007.013672
61,0.897631,0.532382,15256.608398
62,0.880973,0.545083,15506.144531
63,0.857218,0.540990,15788.951172
64,0.831142,0.526424,16038.598633
65,0.812132,0.508995,16254.838867
66,0.791490,0.484087,16504.406250
67,0.775673,0.472873,16754.007812
68,0.744839,0.477642,17020.240234
69,0.714667,0.514641,17269.763672
70,0.695866,0.542505,17502.718750
71,0.676031,0.553770,17752.212891
72,0.656450,0.548823,18001.814453
73,0.625983,0.526572,18251.304688
74,0.591378,0.518271,18517.666016
75,0.570624,0.540406,18750.457031
76,0.551984,0.563325,19000.097656
77,0.538576,0.565577,19266.205078
78,0.521791,0.554740,19515.779297
79,0.510271,0.538576,19765.474609
80,0.500127,0.518021,20014.904297
81,0.493676,0.496124,20264.583984
82,0.496067,0.481018,20580.701172
83,0.511749,0.481523,20846.775391
84,0.525567,0.476039,21013.207031
85,0.547476,0.471726,21262.871094
86,0.565298,0.469672,21512.269531
87,0.569842,0.470108,21795.142578
88,0.568889,0.472734,22011.503906
89,0.568098,0.477026,22261.007812
90,0.567548,0.480552,22510.541016
91,0.578059,0.491154,22760.117188
92,0.586816,0.491666,23009.755859
93,0.583184,0.493133,23259.339844
94,0.570120,0.495389,23508.847656
95,0.561930,0.496561,23758.392578
96,0.554992,0.498023,24024.648438
97,0.544368,0.497199,24257.474609
98,0.511796,0.492600,24506.996094
99,0.488108,0.486249,24756.710938
0,0.750072,0.501209,0.010615
1,0.752288,0.503720,266.261871
2,0.783403,0.526492,515.792542
3,0.807694,0.548201,765.368286
4,0.851840,0.551241,1014.906982
5,0.877329,0.543522,1264.566162
6,0.879192,0.535007,1514.008911
7,0.882788,0.527681,1763.684570
8,0.907734,0.533684,2013.228638
9,0.950519,0.551928,2262.761475
10,0.981751,0.557434,2512.323730
11,0.014418,0.556098,2761.870117
12,0.034790,0.565469,3011.515869
13,0.035358,0.561092,3260.947510
14,0.029037,0.554115,3510.665039
15,0.024973,0.491479,3760.118652
16,0.018311,0.356211,4009.714844
17,0.016173,0.284226,4259.235840
18,0.043690,0.264577,4508.829590
19,0.117361,0.355622,4758.409668
20,0.152280,0.468933,5007.901855
21,0.174319,0.539616,5257.547852
22,0.207140,0.567650,5507.034668
23,0.229012,0.589185,5773.291992
24,0.228969,0.654553,6039.392578
25,0.218838,0.703217,6289.064453
26,0.183446,0.734947,6521.903809
27,0.104731,0.791072,6754.872070
28,0.027539,0.811640,7004.367676
29,0.935099,0.795752,7254.030273
30,0.839666,0.754559,7503.485840
31,0.762836,0.712066,7753.121094
32,0.685810,0.672870,8002.667480
33,0.640964,0.651175,8285.472656
34,0.619383,0.633987,8535.147461
35,0.594539,0.613194,8767.984375
36,0.598821,0.576316,9017.589844
37,0.623243,0.537786,9250.461914
38,0.683520,0.544278,9500.116211
39,0.783166,0.557524,9766.250000
40,0.797557,0.567354,10015.814453
41,0.775192,0.578083,10282.098633
42,0.763722,0.589867,10514.973633
43,0.740115,0.591894,10764.550781
44,0.672232,0.577710,11014.056641
45,0.651239,0.563619,11263.682617
46,0.657349,0.514687,11513.183594
47,0.665929,0.459216,11762.781250
48,0.662499,0.426273,12012.277344
49,0.658552,0.423392,12328.462891
50,0.668440,0.429518,12578.049805
51,0.659244,0.434401,12827.562500
52,0.662718,0.439864,13077.171875
53,0.638623,0.412598,13326.628906
54,0.592575,0.346957,13576.329102
55,0.575242,0.325558,13825.740234
56,0.571427,0.320598,14075.411133
57,0.569001,0.328812,14325.041992
58,0.573021,0.334640,14557.857422
59,0.552737,0.363355,14807.536133
60,0.555682,0.388113,15056.991211
61,0.588424,0.403213,15306.468750
62,0.598194,0.423925,15539.528320
63,0.567392,0.444458,15789.125000
64,0.504246,0.472870,16022.016602
65,0.482439,0.480283,16288.241211
66,0.457909,0.508063,16521.126953
67,0.445632,0.526190,16770.691406
68,0.438640,0.553124,17003.583984
69,0.431009,0.573622,17253.251953
70,0.400617,0.582502,17502.699219
71,0.375919,0.583493,17752.310547
72,0.359150,0.574879,18001.828125
73,0.348189,0.570689,18251.417969
74,0.342436,0.567809,18500.910156
75,0.333560,0.567275,18750.548828
76,0.331189,0.556973,19000.031250
77,0.334276,0.548098,19282.900391
78,0.330554,0.562722,19532.539062
79,0.316214,0.609060,19765.431641
80,0.322289,0.606574,20031.687500
81,0.340174,0.581433,20264.523438
82,0.375380,0.561612,20514.179688
83,0.403557,0.538955,20763.644531
84,0.427490,0.524277,21013.333984
85,0.461224,0.513984,21262.781250
86,0.497837,0.507168,21512.398438
87,0.533229,0.505852,21778.640625
88,0.557832,0.508635,22011.515625
89,0.592147,0.508394,22277.753906
90,0.617621,0.512813,22527.230469
91,0.626950,0.521255,22776.861328
92,0.628946,0.520876,23009.730469
93,0.629449,0.518095,23275.947266
94,0.643333,0.514756,23542.064453
95,0.703733,0.516352,23758.498047
96,0.747200,0.538006,24007.962891
97,0.737691,0.557846,24257.582031
98,0.691985,0.556259,24523.814453
99,0.657836,0.539804,24756.718750
0,0.750113,0.531713,0.044950
1,0.750233,0.532367,266.183319
2,0.757815,0.535935,515.836670
3,0.790567,0.551741,765.343689
4,0.825523,0.569805,1014.946228
5,0.856698,0.571024,1264.591064
6,0.887915,0.554285,1514.017822
7,0.915607,0.544073,1763.585449
8,0.934371,0.540655,2013.200439
9,0.940283,0.552362,2262.781006
10,0.934768,0.602600,2512.267578
11,0.934441,0.653405,2761.891602
12,0.934631,0.708607,3011.364990
13,0.931513,0.758856,3260.985840
14,0.925307,0.801785,3510.556641
15,0.903836,0.822739,3760.139893
16,0.878988,0.808639,4009.593506
17,0.928807,0.682131,4259.220703
18,0.955610,0.572153,4591.986328
19,0.983800,0.560708,4841.608398
20,0.038993,0.555937,5074.474121
21,0.055983,0.550614,5324.119141
22,0.065270,0.550228,5556.985840
23,0.068390,0.550173,5806.447266
24,0.043155,0.557187,6039.436523
25,0.014908,0.544637,6289.115234
26,0.013035,0.618636,6538.584473
27,0.022730,0.663248,6788.216797
28,0.057748,0.641770,7037.724609
29,0.129826,0.548513,7270.722168
30,0.166322,0.517597,7520.199707
31,0.191748,0.529392,7769.838379
32,0.208410,0.532172,8019.313965
33,0.225218,0.553684,8268.926758
34,0.237154,0.585643,8501.821289
35,0.246041,0.601288,8768.031250
36,0.245407,0.622957,9017.508789
37,0.233055,0.573832,9267.167969
38,0.218134,0.512150,9500.039062
39,0.198665,0.462377,9799.499023
40,0.177285,0.444986,10049.139648
41,0.143645,0.443901,10298.608398
42,0.096782,0.476517,10531.610352
43,0.066882,0.490411,10781.151367
44,0.048146,0.497685,11030.745117
45,0.001366,0.497482,11263.592773
46,0.964953,0.499160,11546.471680
47,0.944257,0.502126,11779.390625
48,0.916543,0.506791,12028.987305
49,0.876674,0.508052,12261.868164
50,0.829329,0.505167,12511.500000
51,0.784243,0.511390,12760.980469
52,0.746214,0.528701,13010.559570
53,0.703892,0.529148,13260.241211
54,0.663073,0.524191,13509.677734
55,0.632621,0.512358,13759.340820
56,0.608606,0.515023,14008.792969
57,0.584999,0.531800,14258.435547
58,0.545624,0.546575,14507.925781
59,0.497732,0.555166,14757.583984
60,0.467710,0.543647,15007.041016
61,0.468749,0.526034,15256.656250
62,0.478163,0.520754,15506.213867
63,0.512311,0.490302,15755.795898
64,0.552691,0.479773,16088.541992
65,0.585048,0.467196,16254.889648
66,0.605231,0.456454,16587.648438
67,0.623096,0.517083,16837.296875
68,0.631528,0.623591,17086.746094
69,0.634543,0.647286,17336.376953
70,0.628420,0.635523,17585.843750
71,0.656975,0.642249,17818.847656
72,0.727867,0.654251,18068.373047
73,0.767705,0.661268,18317.998047
74,0.795086,0.669014,18584.103516
75,0.814374,0.651351,18817.148438
76,0.831332,0.550756,19049.976562
77,0.836123,0.502069,19316.216797
78,0.843699,0.465416,19565.718750
79,0.846203,0.423663,19815.361328
80,0.852612,0.377654,20064.933594
81,0.863047,0.333000,20314.460938
82,0.886939,0.374502,20547.466797
83,0.918228,0.453966,20796.921875
84,0.934475,0.492678,21046.582031
85,0.942860,0.507122,21312.710938
86,0.963108,0.523498,21545.728516
87,0.994902,0.538930,21795.232422
88,0.010632,0.561522,22044.828125
89,0.003652,0.594384,22277.685547
90,0.985668,0.611828,22543.902344
91,0.971879,0.617553,22776.798828
92,0.972389,0.584916,23026.388672
93,0.973942,0.573085,23259.324219
94,0.992708,0.570877,23508.888672
95,0.036606,0.569706,23758.427734
96,0.045867,0.573887,24007.986328
97,0.047505,0.583999,24257.519531
98,0.051437,0.597235,24507.103516
99,0.057080,0.646007,24756.763672
0,0.753590,0.544243,0.016958
1,0.755358,0.569616,282.947784
2,0.751080,0.580180,515.859131
3,0.755123,0.592256,765.429932
4,0.786125,0.614069,1031.540649
5,0.847252,0.625481,1264.545654
6,0.903317,0.611978,1514.019287
7,0.940255,0.612851,1763.656128
8,0.954239,0.604605,2013.235840
9,0.982379,0.583782,2262.770996
10,0.996527,0.580618,2512.401611
11,0.993244,0.632168,2761.864502
12,0.993935,0.675642,3011.509277
13,0.977520,0.667137,3261.025635
14,0.928591,0.639837,3510.639893
15,0.886414,0.581718,3760.107178
16,0.867908,0.537594,4009.699707
17,0.852421,0.509373,4259.186035
18,0.824683,0.470429,4508.877441
19,0.798547,0.419360,4758.320801
20,0.778967,0.375320,5007.993164
21,0.745678,0.375444,5257.423828
22,0.701635,0.407415,5507.107422
23,0.656105,0.422861,5756.707031
24,0.603343,0.439564,6006.229492
25,0.554057,0.446421,6255.790527
26,0.523783,0.455880,6505.316895
27,0.501121,0.458081,6754.955566
28,0.455804,0.465377,7004.386230
29,0.400784,0.478059,7254.021484
30,0.357038,0.484359,7503.533691
31,0.328637,0.500065,7753.230957
32,0.333300,0.520270,8002.802734
33,0.330306,0.527650,8252.271484
34,0.302218,0.515748,8501.910156
35,0.274210,0.513433,8751.364258
36,0.253580,0.527632,9001.042969
37,0.248455,0.553606,9250.529297
38,0.258248,0.574353,9500.238281
39,0.270091,0.603622,9766.315430
40,0.268784,0.616951,10015.915039
41,0.265978,0.636428,10265.367188
42,0.269670,0.667634,10515.016602
43,0.265055,0.653751,10764.593750
44,0.261423,0.607386,11014.118164
45,0.259619,0.565598,11263.739258
46,0.260007,0.541690,11513.288086
47,0.267808,0.509661,11762.832031
48,0.289012,0.444224,12012.341797
49,0.320364,0.388327,12261.960938
50,0.362725,0.342226,12511.425781
51,0.423389,0.313983,12761.065430
52,0.488353,0.319108,13010.567383
53,0.542757,0.348941,13260.229492
54,0.581912,0.383157,13509.698242
55,0.603538,0.403876,13759.316406
56,0.615981,0.431845,14008.965820
57,0.623555,0.437433,14258.394531
58,0.638125,0.431666,14508.004883
59,0.670660,0.434428,14757.505859
60,0.697338,0.436278,15007.187500
61,0.734549,0.453907,15256.623047
62,0.812889,0.482644,15506.328125
63,0.896074,0.500410,15755.727539
64,0.978691,0.508133,16005.391602
65,0.061069,0.512640,16254.854492
66,0.130132,0.521323,16504.513672
67,0.178589,0.525485,16754.134766
68,0.197831,0.532693,17003.599609
69,0.199410,0.570346,17253.292969
70,0.195168,0.620329,17502.783203
71,0.167019,0.596544,17752.375000
72,0.069354,0.536919,18001.810547
73,0.945501,0.508941,18251.492188
74,0.837302,0.487470,18500.994141
75,0.747676,0.470316,18750.582031
76,0.674845,0.450036,19000.117188
77,0.638301,0.442600,19266.345703
78,0.625345,0.453159,19515.941406
79,0.616580,0.483417,19765.460938
80,0.599482,0.495867,20015.093750
81,0.592152,0.496938,20264.648438
82,0.590812,0.487814,20514.197266
83,0.587046,0.488767,20763.638672
84,0.576420,0.496466,21013.343750
85,0.565388,0.515987,21262.767578
86,0.547109,0.523220,21512.449219
87,0.526752,0.512712,21761.894531
88,0.534801,0.495329,22011.490234
89,0.563131,0.465141,22261.164062
90,0.584914,0.431523,22510.611328
91,0.596661,0.402910,22760.283203
92,0.599204,0.396044,23009.828125
93,0.573084,0.396094,23259.361328
94,0.500866,0.399698,23508.857422
95,0.413054,0.416338,23758.558594
96,0.351743,0.436815,24007.970703
97,0.306413,0.454634,24257.580078
98,0.271000,0.465453,24507.121094
99,0.260517,0.483918,24756.695312
0,0.749986,0.552586,0.049979
1,0.749977,0.553061,266.155334
2,0.757691,0.574961,515.776550
3,0.804156,0.635062,765.375061
4,0.871847,0.632545,1014.883850
5,0.906511,0.595436,1264.482300
6,0.924749,0.561158,1514.048218
7,0.932218,0.552110,1763.591797
8,0.944934,0.556211,2013.128784
9,0.006104,0.575055,2262.714844
10,0.026400,0.579007,2512.263672
11,0.036045,0.580119,2761.856445
12,0.042550,0.584369,3077.967041
13,0.019431,0.575554,3327.499756
14,0.956677,0.544099,3577.102295
15,0.927840,0.536559,3826.586670
16,0.886878,0.517987,4059.622803
17,0.833264,0.514414,4309.057617
18,0.761902,0.509835,4558.674805
19,0.708059,0.502437,4791.599121
20,0.665230,0.496755,5041.204590
21,0.623938,0.512947,5274.044434
22,0.616120,0.521866,5523.646484
23,0.615449,0.527844,5773.169922
24,0.614595,0.551018,6022.769043
25,0.610060,0.595385,6255.640625
26,0.593274,0.633284,6505.315430
27,0.561300,0.622163,6754.873047
28,0.520335,0.623475,7004.426270
29,0.496765,0.601939,7254.036133
30,0.488503,0.545929,7503.532227
31,0.502347,0.444186,7753.158691
32,0.507850,0.403969,8002.621582
33,0.517592,0.383370,8252.262695
34,0.524325,0.378087,8535.166016
35,0.542982,0.368060,8751.412109
36,0.577277,0.345254,9000.832031
37,0.601260,0.370155,9283.703125
38,0.632754,0.461432,9533.369141
39,0.659221,0.494989,9766.201172
40,0.695136,0.540285,10015.839844
41,0.737822,0.579156,10281.937500
42,0.785493,0.597679,10514.934570
43,0.819070,0.601704,10764.468750
44,0.861734,0.617120,11014.054688
45,0.915500,0.639751,11296.917969
46,0.945762,0.649615,11529.823242
47,0.968655,0.650788,11762.684570
48,0.990191,0.662770,12045.597656
49,0.002293,0.679018,12295.149414
50,0.982593,0.682604,12528.021484
51,0.965406,0.673239,12777.680664
52,0.952039,0.659335,13027.135742
53,0.942753,0.646474,13276.810547
54,0.953106,0.648546,13509.668945
55,0.974639,0.657872,13759.280273
56,0.994916,0.689836,14008.778320
57,0.020447,0.709795,14258.407227
58,0.047954,0.709333,14524.527344
59,0.068569,0.710259,14757.515625
60,0.086198,0.703709,15007.020508
61,0.119092,0.679191,15256.617188
62,0.149784,0.656151,15506.222656
63,0.168759,0.623901,15755.769531
64,0.196144,0.606507,16005.374023
65,0.216017,0.589393,16254.882812
66,0.208930,0.584164,16504.529297
67,0.210957,0.592000,16753.990234
68,0.241527,0.602985,17003.566406
69,0.274468,0.613220,17253.087891
70,0.296504,0.617755,17585.843750
71,0.309003,0.618196,17818.837891
72,0.306870,0.628473,18068.287109
73,0.282453,0.647794,18317.955078
74,0.209908,0.656187,18550.822266
75,0.101994,0.637040,18800.427734
76,0.053732,0.619084,19033.277344
77,0.041026,0.598960,19349.390625
78,0.039582,0.564398,19582.392578
79,0.998494,0.549916,19815.267578
80,0.947685,0.541258,20064.923828
81,0.889526,0.541823,20314.378906
82,0.834035,0.544964,20547.375000
83,0.776342,0.532737,20796.914062
84,0.734926,0.540029,21029.880859
85,0.744333,0.593019,21262.777344
86,0.755110,0.653657,21512.355469
87,0.718186,0.630232,21761.873047
88,0.650293,0.549976,22044.767578
89,0.629874,0.490093,22277.628906
90,0.598988,0.460918,22527.240234
91,0.578351,0.475640,22776.740234
92,0.577824,0.494020,23009.765625
93,0.572402,0.537459,23275.953125
94,0.555674,0.605462,23525.445312
95,0.525496,0.626400,23758.443359
96,0.514175,0.645743,24007.941406
97,0.494018,0.648951,24257.554688
98,0.477380,0.611788,24540.345703
99,0.476947,0.567567,24773.238281
0,0.780869,0.476603,-0.003927
1,0.811120,0.486390,266.116577
2,0.847003,0.508819,515.796753
3,0.881000,0.529396,765.490723
4,0.895536,0.555254,1014.887939
5,0.914760,0.614037,1264.402588
6,0.910196,0.672410,1514.042114
7,0.902482,0.701983,1763.613770
8,0.902188,0.715613,2013.151123
9,0.915169,0.629500,2262.770508
10,0.915161,0.574900,2512.199951
11,0.915234,0.562112,2761.863525
12,0.917120,0.559336,3011.316162
13,0.927417,0.556157,3261.010254
14,0.954480,0.553465,3510.603271
15,0.998736,0.548525,3760.103271
16,0.018552,0.557841,4009.720947
17,0.037013,0.577482,4259.176758
18,0.061057,0.635709,4508.854004
19,0.080125,0.708335,4758.290527
20,0.098932,0.740915,5007.963379
21,0.122326,0.739357,5257.487793
22,0.167595,0.682782,5507.094727
23,0.174863,0.632648,5756.593750
24,0.159007,0.607076,6006.220703
25,0.103078,0.566661,6255.750977
26,0.087295,0.554615,6505.251953
27,0.084701,0.552161,6754.951172
28,0.071439,0.547153,7004.436035
29,0.058635,0.539513,7254.131348
30,0.038813,0.536152,7503.518066
31,0.046581,0.577537,7753.235840
32,0.053622,0.645186,8002.641113
33,0.005453,0.627936,8252.258789
34,0.959680,0.588377,8501.723633
35,0.928389,0.571733,8751.396484
36,0.898127,0.557665,9000.888672
37,0.812543,0.530938,9250.448242
38,0.740303,0.515180,9500.170898
39,0.678557,0.499803,9766.238281
40,0.612892,0.499556,10015.919922
41,0.554266,0.532157,10265.365234
42,0.491781,0.568429,10514.966797
43,0.452951,0.576062,10764.479492
44,0.416706,0.560162,11014.108398
45,0.371964,0.557964,11263.546875
46,0.328708,0.563761,11513.240234
47,0.297210,0.565176,11762.654297
48,0.283120,0.577215,12012.305664
49,0.297408,0.620092,12261.948242
50,0.294951,0.621818,12511.441406
51,0.290194,0.609118,12761.083984
52,0.288534,0.590893,13010.508789
53,0.288519,0.574364,13260.185547
54,0.290817,0.562657,13509.628906
55,0.296871,0.553914,13759.331055
56,0.308936,0.547135,14008.746094
57,0.325947,0.543731,14258.386719
58,0.351240,0.537587,14507.916992
59,0.375688,0.533942,14757.484375
60,0.403245,0.524968,15007.027344
61,0.426347,0.519946,15256.599609
62,0.448964,0.508139,15506.276367
63,0.473727,0.498554,15755.708984
64,0.497900,0.489045,16005.391602
65,0.526533,0.474462,16254.876953
66,0.552438,0.463188,16504.468750
67,0.576218,0.449605,16754.011719
68,0.599657,0.433846,17003.589844
69,0.637376,0.381231,17253.113281
70,0.662169,0.360300,17502.685547
71,0.671569,0.352268,17752.187500
72,0.677053,0.346530,18001.812500
73,0.674998,0.345410,18251.441406
74,0.663307,0.346727,18500.955078
75,0.650589,0.346451,18750.603516
76,0.638024,0.349219,19000.144531
77,0.629063,0.351814,19266.326172
78,0.626787,0.353610,19515.767578
79,0.628152,0.354215,19765.445312
80,0.629873,0.355515,20014.910156
81,0.629741,0.360074,20264.509766
82,0.630557,0.364173,20514.003906
83,0.630197,0.371739,20763.685547
84,0.624020,0.409571,21013.300781
85,0.612913,0.451379,21262.746094
86,0.612175,0.469125,21512.416016
87,0.611078,0.467513,21761.855469
88,0.605009,0.469044,22011.523438
89,0.605960,0.464350,22260.968750
90,0.606097,0.461718,22510.625000
91,0.606008,0.459534,22760.148438
92,0.607799,0.440199,23009.789062
93,0.625223,0.369111,23259.322266
94,0.642425,0.290907,23508.900391
95,0.641494,0.250151,23758.369141
96,0.642822,0.230407,24007.951172
97,0.642651,0.223678,24257.607422
98,0.642837,0.219903,24507.044922
99,0.642336,0.218439,24756.718750
0,0.749582,0.530812,-0.087756
1,0.749271,0.530976,266.174652
2,0.750388,0.541749,515.662903
3,0.742715,0.557478,765.338623
4,0.711592,0.578224,1014.904541
5,0.679935,0.591157,1264.399536
6,0.648426,0.601237,1514.052856
7,0.630381,0.592449,1763.567017
8,0.631727,0.536008,2013.119507
9,0.643951,0.509975,2262.690918
10,0.665561,0.492213,2512.279053
11,0.701446,0.486642,2761.732422
12,0.746836,0.489121,3011.366211
13,0.792663,0.484267,3260.872314
14,0.827552,0.458105,3510.546631
15,0.850828,0.476265,3759.984131
16,0.870547,0.519632,4009.645508
17,0.879136,0.573677,4259.203613
18,0.887457,0.631989,4508.729980
19,0.906182,0.621924,4758.409180
20,0.927447,0.594626,5007.875000
21,0.941668,0.579579,5257.438477
22,0.952204,0.572808,5507.009766
23,0.969321,0.566827,5756.634277
24,0.005840,0.552361,6006.087402
25,0.026003,0.549221,6255.669922
26,0.036953,0.550131,6505.164062
27,0.046560,0.552123,6754.892578
28,0.058851,0.548481,7004.416992
29,0.090788,0.519366,7253.956543
30,0.125471,0.496215,7503.588867
31,0.155797,0.525285,7753.080078
32,0.179421,0.551992,8002.635742
33,0.199874,0.566518,8252.209961
34,0.210109,0.567493,8501.791016
35,0.209927,0.601839,8751.290039
36,0.207828,0.643052,9000.951172
37,0.212652,0.664097,9250.361328
38,0.231542,0.645218,9500.041016
39,0.245855,0.609927,9766.192383
40,0.256998,0.576488,10015.760742
41,0.266459,0.544659,10265.339844
42,0.273778,0.512558,10514.978516
43,0.281936,0.489311,10764.545898
44,0.297720,0.503588,11014.041992
45,0.313894,0.520692,11263.615234
46,0.320011,0.507337,11513.137695
47,0.305629,0.458676,11762.708984
48,0.277936,0.399845,12012.226562
49,0.251399,0.356938,12261.895508
50,0.222572,0.336439,12511.435547
51,0.189502,0.335022,12760.977539
52,0.160170,0.349268,13010.630859
53,0.134879,0.363705,13260.162109
54,0.102045,0.378889,13509.747070
55,0.049941,0.401445,13759.158203
56,0.989621,0.450606,14008.830078
57,0.945972,0.484895,14258.329102
58,0.919927,0.500428,14507.916992
59,0.899695,0.511536,14757.452148
60,0.866687,0.517305,15007.073242
61,0.831549,0.529137,15256.526367
62,0.790887,0.551575,15506.121094
63,0.750246,0.568008,15755.856445
64,0.712342,0.558210,16005.276367
65,0.683783,0.538837,16254.864258
66,0.662494,0.526837,16504.414062
67,0.645076,0.520244,16754.064453
68,0.632547,0.527186,17003.562500
69,0.617146,0.564838,17253.101562
70,0.621933,0.570708,17502.609375
71,0.641169,0.526228,17752.228516
72,0.659723,0.498142,18001.707031
73,0.710894,0.490624,18251.353516
74,0.771581,0.492022,18500.828125
75,0.808271,0.520156,18750.484375
76,0.814277,0.562668,19000.101562
77,0.864353,0.572390,19266.226562
78,0.948727,0.574724,19515.845703
79,0.998284,0.562046,19765.353516
80,0.010030,0.553310,20014.919922
81,0.020331,0.556630,20264.466797
82,0.031533,0.566183,20514.070312
83,0.034411,0.560977,20763.632812
84,0.025561,0.549504,21013.203125
85,0.007740,0.538532,21262.804688
86,0.988192,0.530007,21512.318359
87,0.974729,0.528540,21761.886719
88,0.963563,0.529689,22011.437500
89,0.957842,0.528370,22261.056641
90,0.953842,0.522805,22510.607422
91,0.953173,0.521172,22760.173828
92,0.952425,0.521951,23009.693359
93,0.952364,0.522441,23259.328125
94,0.952127,0.522105,23508.728516
95,0.951654,0.523112,23758.382812
96,0.951839,0.525858,24007.865234
97,0.951780,0.526732,24257.589844
98,0.952022,0.527857,24507.083984
99,0.951874,0.527628,24756.691406
0,0.750086,0.518934,0.020471
1,0.751192,0.519974,266.247009
2,0.762521,0.544199,515.787537
3,0.795428,0.635387,765.438904
4,0.811266,0.691700,1014.947510
5,0.810392,0.725376,1264.512939
6,0.831168,0.749371,1514.119507
7,0.853066,0.754547,1763.594360
8,0.858834,0.743250,2013.182983
9,0.869626,0.742733,2262.749023
10,0.892372,0.707680,2512.315430
11,0.903794,0.641767,2761.843262
12,0.914937,0.557546,3011.444336
13,0.924830,0.562868,3261.004150
14,0.901271,0.653398,3510.555176
15,0.828076,0.704755,3760.113770
16,0.775113,0.760098,4009.708984
17,0.790550,0.770179,4259.260742
18,0.868764,0.746133,4508.765625
19,0.980816,0.702716,4758.430176
20,0.025505,0.657112,5007.920898
21,0.019146,0.633305,5257.545410
22,0.021630,0.592318,5507.063965
23,0.032704,0.549321,5756.679688
24,0.042321,0.535711,6006.200684
25,0.041289,0.547526,6255.718262
26,0.020537,0.556778,6505.354980
27,0.977053,0.563717,6754.862793
28,0.855280,0.536400,7004.470703
29,0.714800,0.481139,7253.984863
30,0.608690,0.452971,7503.652832
31,0.552395,0.458858,7753.111328
32,0.540284,0.472311,8002.666016
33,0.559616,0.493662,8252.296875
34,0.594460,0.514535,8501.886719
35,0.624623,0.519599,8751.468750
36,0.603526,0.509798,9000.937500
37,0.535290,0.502538,9250.539062
38,0.466222,0.505292,9500.064453
39,0.434490,0.512925,9766.293945
40,0.411679,0.513938,10015.829102
41,0.383543,0.502910,10265.479492
42,0.369271,0.491589,10515.001953
43,0.368838,0.480269,10764.584961
44,0.376415,0.471518,11014.076172
45,0.388619,0.465472,11263.716797
46,0.416131,0.451210,11513.201172
47,0.435540,0.436643,11762.769531
48,0.447826,0.444020,12012.410156
49,0.477513,0.430255,12262.019531
50,0.503125,0.424640,12511.575195
51,0.527099,0.427210,12761.029297
52,0.553692,0.430532,13010.603516
53,0.568681,0.433466,13260.149414
54,0.582324,0.433836,13509.714844
55,0.596186,0.426246,13759.270508
56,0.609168,0.409191,14008.907227
57,0.623030,0.410647,14258.392578
58,0.646622,0.410689,14507.971680
59,0.676102,0.416556,14757.618164
60,0.731161,0.440217,15007.125977
61,0.813400,0.499707,15256.708984
62,0.887115,0.538468,15506.248047
63,0.940301,0.554350,15755.886719
64,0.976388,0.543351,16005.351562
65,0.025915,0.538676,16254.928711
66,0.084478,0.541830,16504.574219
67,0.102018,0.543772,16754.105469
68,0.077974,0.544567,17003.667969
69,0.017218,0.549991,17253.218750
70,0.932108,0.540081,17502.841797
71,0.853052,0.527496,17752.382812
72,0.793801,0.516467,18001.882812
73,0.745730,0.516295,18251.419922
74,0.698979,0.520889,18501.031250
75,0.657406,0.520209,18750.572266
76,0.622199,0.522365,19000.130859
77,0.595584,0.519167,19266.419922
78,0.580603,0.512887,19515.884766
79,0.563972,0.509257,19765.466797
80,0.509159,0.517845,20015.044922
81,0.436186,0.538865,20264.582031
82,0.401973,0.541941,20514.171875
83,0.397348,0.544803,20763.748047
84,0.418776,0.540985,21013.275391
85,0.470470,0.521549,21262.914062
86,0.524699,0.521243,21512.482422
87,0.559930,0.528189,21761.949219
88,0.572370,0.527894,22011.525391
89,0.578999,0.522911,22261.123047
90,0.582262,0.521798,22510.652344
91,0.585240,0.522999,22760.224609
92,0.589371,0.529810,23009.777344
93,0.594487,0.528374,23259.378906
94,0.595886,0.517755,23508.890625
95,0.597631,0.513681,23758.500000
96,0.604430,0.510263,24008.033203
97,0.611864,0.507314,24257.613281
98,0.618755,0.514636,24507.195312
99,0.617926,0.526083,24756.722656
0,0.763472,0.490660,0.028623
1,0.775583,0.499196,266.183899
2,0.794984,0.513646,515.773987
3,0.824238,0.514668,765.390503
4,0.869529,0.510605,1014.909607
5,0.894147,0.513268,1264.551636
6,0.901546,0.523045,1514.008301
7,0.899072,0.538377,1763.628906
8,0.873466,0.590038,2013.201050
9,0.837938,0.648565,2262.734863
10,0.807107,0.692022,2512.281494
11,0.786651,0.719404,2761.848145
12,0.769300,0.732571,3011.428955
13,0.758206,0.733292,3261.007080
14,0.783923,0.721021,3510.553467
15,0.842343,0.685514,3760.125977
16,0.887438,0.652525,4009.698975
17,0.914745,0.636717,4259.231934
18,0.932252,0.630876,4508.827637
19,0.944292,0.626598,4758.363281
20,0.954645,0.624000,5007.887207
21,0.963597,0.624569,5257.522949
22,0.972250,0.626304,5507.068848
23,0.980942,0.628313,5756.618164
24,0.988052,0.629059,6006.146973
25,0.992008,0.632576,6255.751465
26,0.981265,0.638697,6505.299805
27,0.971814,0.645458,6754.842773
28,0.971492,0.651273,7004.513184
29,0.983398,0.638233,7253.975098
30,0.007744,0.606240,7503.611816
31,0.024218,0.576043,7753.131836
32,0.036439,0.552339,8002.755859
33,0.048654,0.539395,8252.219727
34,0.056493,0.538291,8501.819336
35,0.064286,0.567177,8751.381836
36,0.070018,0.608341,9001.002930
37,0.080491,0.637169,9250.567383
38,0.104806,0.616797,9500.084961
39,0.129724,0.570156,9766.266602
40,0.151111,0.539868,10015.873047
41,0.167281,0.526196,10265.436523
42,0.174227,0.493917,10514.986328
43,0.162836,0.478326,10764.601562
44,0.115643,0.472306,11014.089844
45,0.030796,0.482447,11263.636719
46,0.950920,0.496618,11513.205078
47,0.895047,0.490201,11762.776367
48,0.833627,0.482888,12012.334961
49,0.763036,0.474336,12261.900391
50,0.709484,0.463531,12511.465820
51,0.670277,0.465486,12761.041016
52,0.625804,0.484658,13010.588867
53,0.599078,0.497681,13260.154297
54,0.582345,0.518244,13509.713867
55,0.560926,0.555100,13759.276367
56,0.526613,0.581252,14008.836914
57,0.492628,0.595014,14258.399414
58,0.474643,0.599831,14507.981445
59,0.479843,0.633682,14757.530273
60,0.480500,0.648344,15007.111328
61,0.458305,0.609173,15256.662109
62,0.440321,0.576739,15506.221680
63,0.450317,0.562836,15755.797852
64,0.484838,0.535588,16005.343750
65,0.536200,0.503226,16254.929688
66,0.587939,0.483524,16504.466797
67,0.615381,0.473594,16754.050781
68,0.625404,0.469840,17003.603516
69,0.625354,0.476031,17253.166016
70,0.607701,0.478186,17502.757812
71,0.585662,0.449043,17752.310547
72,0.537962,0.439979,18001.876953
73,0.444842,0.491460,18251.435547
74,0.362676,0.535721,18500.982422
75,0.316182,0.547557,18750.550781
76,0.285540,0.551940,19000.115234
77,0.281141,0.552566,19266.312500
78,0.292987,0.544190,19515.892578
79,0.312396,0.536105,19765.453125
80,0.349250,0.520005,20015.015625
81,0.382528,0.506115,20264.578125
82,0.437521,0.505889,20514.138672
83,0.516199,0.515153,20763.708984
84,0.566098,0.522223,21013.263672
85,0.587972,0.522574,21262.843750
86,0.605358,0.520241,21512.380859
87,0.627713,0.514566,21761.955078
88,0.653778,0.505262,22011.519531
89,0.684638,0.498943,22261.093750
90,0.725984,0.500295,22510.658203
91,0.771020,0.512913,22760.212891
92,0.794910,0.521103,23009.779297
93,0.820352,0.515036,23259.333984
94,0.845438,0.500481,23508.894531
95,0.863613,0.496876,23758.486328
96,0.875147,0.504375,24008.052734
97,0.873410,0.553318,24257.605469
98,0.866792,0.614760,24507.167969
99,0.871281,0.642732,24756.736328
0,0.749764,0.503667,-0.027321
1,0.749653,0.504217,266.195984
2,0.750252,0.504966,515.775513
3,0.750577,0.506615,765.258850
4,0.750379,0.507659,1014.851318
5,0.750403,0.508632,1264.383911
6,0.752145,0.510966,1513.970825
7,0.756684,0.514192,1763.555664
8,0.766420,0.516737,2013.115234
9,0.782541,0.521599,2262.678955
10,0.803275,0.524953,2512.189941
11,0.827751,0.533557,2761.829590
12,0.847268,0.588870,3011.363281
13,0.837209,0.686627,3260.893311
14,0.811244,0.783642,3510.491699
15,0.819769,0.833674,3760.022461
16,0.848020,0.848732,4009.614014
17,0.862056,0.859634,4259.146484
18,0.880639,0.855350,4508.773438
19,0.888376,0.822363,4758.303223
20,0.896170,0.759189,5007.880859
21,0.914020,0.647801,5257.432129
22,0.925639,0.532248,5507.015137
23,0.940556,0.506965,5756.536133
24,0.950117,0.553265,6006.106445
25,0.961266,0.628970,6255.648926
26,0.970516,0.651215,6505.240234
27,0.980406,0.650533,6754.884277
28,0.989377,0.640601,7004.457031
29,0.997173,0.631103,7254.013672
30,0.999812,0.608842,7503.496094
31,0.008045,0.566254,7753.084961
32,0.027721,0.540687,8002.643555
33,0.050881,0.535426,8252.203125
34,0.059672,0.530606,8501.755859
35,0.064572,0.522636,8751.340820
36,0.069726,0.525779,9000.909180
37,0.075134,0.529984,9250.446289
38,0.069815,0.528041,9516.623047
39,0.073183,0.532348,9766.218750
40,0.081933,0.541125,10015.843750
41,0.095087,0.548140,10265.327148
42,0.110144,0.566024,10514.944336
43,0.116529,0.544164,10764.555664
44,0.130470,0.523667,11014.090820
45,0.162549,0.523000,11263.661133
46,0.193194,0.539505,11513.134766
47,0.208323,0.548075,11762.727539
48,0.215442,0.555119,12012.269531
49,0.234827,0.564148,12261.844727
50,0.251585,0.584977,12511.430664
51,0.259311,0.605286,12761.002930
52,0.275783,0.586859,13010.552734
53,0.289729,0.553392,13260.098633
54,0.301575,0.532817,13509.668945
55,0.312988,0.509021,13759.233398
56,0.314555,0.474710,14008.814453
57,0.307946,0.458032,14258.418945
58,0.298613,0.451427,14507.899414
59,0.290702,0.450585,14757.486328
60,0.296045,0.449082,15007.046875
61,0.326189,0.434138,15256.624023
62,0.360860,0.420132,15506.165039
63,0.396810,0.424916,15755.736328
64,0.420493,0.444948,16005.311523
65,0.430319,0.488177,16254.854492
66,0.445338,0.547525,16504.445312
67,0.463087,0.607757,16753.998047
68,0.490679,0.613353,17003.572266
69,0.519586,0.607350,17253.117188
70,0.540537,0.570193,17502.695312
71,0.562954,0.546512,17752.333984
72,0.573006,0.594329,18001.832031
73,0.577854,0.680951,18251.375000
74,0.579181,0.765896,18500.960938
75,0.559406,0.800186,18750.486328
76,0.529575,0.836151,19000.058594
77,0.453313,0.869037,19266.259766
78,0.402987,0.869010,19515.855469
79,0.375279,0.863542,19765.386719
80,0.370265,0.839726,20015.007812
81,0.390612,0.819954,20264.548828
82,0.412716,0.777564,20514.089844
83,0.423816,0.693676,20763.650391
84,0.425381,0.543338,21013.212891
85,0.416859,0.393079,21262.789062
86,0.410662,0.321737,21512.335938
87,0.411385,0.274281,21761.912109
88,0.406727,0.250320,22011.458984
89,0.378633,0.205753,22261.037109
90,0.317761,0.193285,22510.599609
91,0.249386,0.243211,22760.179688
92,0.211595,0.317084,23009.716797
93,0.181852,0.379448,23259.279297
94,0.165123,0.436382,23508.839844
95,0.158832,0.458522,23758.400391
96,0.166826,0.470192,24007.998047
97,0.170421,0.487600,24257.542969
98,0.167992,0.527908,24507.128906
99,0.160948,0.532027,24756.697266
0,0.749794,0.504095,0.029714
1,0.748817,0.508114,266.235718
2,0.726758,0.545127,515.736694
3,0.693393,0.577762,765.346130
4,0.671276,0.586962,1014.881409
5,0.644148,0.592795,1264.462036
6,0.625712,0.600533,1514.048706
7,0.610807,0.613320,1763.653198
8,0.599181,0.614421,2013.146729
9,0.584983,0.601390,2262.796143
10,0.565466,0.593685,2512.294434
11,0.543631,0.591364,2761.809326
12,0.517307,0.577916,3011.396240
13,0.478042,0.581481,3261.004639
14,0.447698,0.582669,3510.602783
15,0.428914,0.579712,3760.063477
16,0.406452,0.576656,4009.735352
17,0.382370,0.574630,4259.227539
18,0.350198,0.576773,4508.768066
19,0.326807,0.578895,4758.372559
20,0.318918,0.578814,5007.887695
21,0.322728,0.579780,5257.469727
22,0.343658,0.575222,5507.017578
23,0.362864,0.570188,5756.632812
24,0.368941,0.573783,6006.131348
25,0.381104,0.581875,6255.698730
26,0.394434,0.587761,6505.300293
27,0.406847,0.589786,6754.979980
28,0.415621,0.594746,7004.445801
29,0.412465,0.594495,7253.979004
30,0.411166,0.591577,7503.537109
31,0.405502,0.595338,7753.080078
32,0.403456,0.598242,8002.693848
33,0.405513,0.597229,8252.205078
34,0.404067,0.596106,8501.794922
35,0.404042,0.588916,8751.394531
36,0.405859,0.578713,9000.945312
37,0.419030,0.563349,9250.584961
38,0.452940,0.550379,9500.035156
39,0.464364,0.551509,9766.241211
40,0.475713,0.553525,10015.860352
41,0.491200,0.555392,10265.416016
42,0.523732,0.573676,10514.928711
43,0.556409,0.614237,10764.538086
44,0.577895,0.633575,11014.052734
45,0.595586,0.631467,11263.685547
46,0.605759,0.630201,11513.244141
47,0.611229,0.627291,11762.807617
48,0.612256,0.625191,12012.324219
49,0.613460,0.624185,12261.979492
50,0.629586,0.623667,12511.451172
51,0.674579,0.628100,12761.025391
52,0.728228,0.637304,13010.673828
53,0.769034,0.639239,13260.181641
54,0.807322,0.646273,13509.723633
55,0.840589,0.647790,13759.291016
56,0.856993,0.658017,14008.904297
57,0.869089,0.672601,14258.428711
58,0.882562,0.673266,14507.983398
59,0.893214,0.667156,14757.550781
60,0.888252,0.678039,15007.126953
61,0.879423,0.688552,15256.637695
62,0.877309,0.680337,15506.238281
63,0.878457,0.675215,15755.775391
64,0.881077,0.669408,16005.381836
65,0.882438,0.665637,16254.910156
66,0.888770,0.655009,16504.468750
67,0.902388,0.647731,16754.089844
68,0.915921,0.641267,17003.609375
69,0.935584,0.637648,17253.160156
70,0.944566,0.638821,17502.716797
71,0.969509,0.637266,17752.312500
72,0.004539,0.633265,18001.908203
73,0.013880,0.635847,18251.439453
74,0.012775,0.638095,18501.001953
75,0.987191,0.633003,18750.562500
76,0.967633,0.627830,19000.128906
77,0.964841,0.627282,19266.353516
78,0.962687,0.629290,19515.882812
79,0.959195,0.634697,19765.433594
80,0.956693,0.637757,20015.007812
81,0.964695,0.635971,20264.558594
82,0.988185,0.633797,20514.160156
83,0.015268,0.636650,20763.726562
84,0.057011,0.637147,21013.275391
85,0.087919,0.636343,21262.814453
86,0.096544,0.636092,21512.398438
87,0.103901,0.635011,21761.966797
88,0.120204,0.633040,22011.650391
89,0.139172,0.631934,22261.109375
90,0.122734,0.638363,22510.636719
91,0.101987,0.641555,22760.197266
92,0.098051,0.640745,23009.798828
93,0.096684,0.639804,23259.384766
94,0.144536,0.634984,23508.908203
95,0.188087,0.628285,23758.474609
96,0.215061,0.623916,24008.015625
97,0.243186,0.623631,24257.603516
98,0.267944,0.623474,24507.162109
99,0.281787,0.621803,24756.730469
0,0.751059,0.493980,0.018516
1,0.750607,0.485312,266.302216
2,0.760495,0.511684,515.787354
3,0.790449,0.589912,765.419373
4,0.864974,0.608226,1014.968994
5,0.926651,0.513828,1264.585815
6,0.958747,0.459418,1514.047974
7,0.010563,0.479165,1763.716675
8,0.004452,0.495193,2013.187134
9,0.973932,0.491757,2262.753906
10,0.971585,0.496719,2512.394287
11,0.967134,0.498687,2761.867920
12,0.968161,0.501947,3011.442383
13,0.960155,0.524913,3261.018799
14,0.916351,0.625153,3510.579102
15,0.856250,0.721348,3760.120605
16,0.825296,0.792634,4009.690430
17,0.806821,0.810571,4259.263184
18,0.803635,0.805134,4508.835449
19,0.826823,0.773687,4758.386230
20,0.895925,0.662313,5007.979980
21,0.944264,0.542326,5257.510254
22,0.977791,0.509075,5507.092773
23,0.009083,0.509775,5756.655762
24,0.067626,0.513692,6006.213867
25,0.085542,0.522045,6255.760742
26,0.100335,0.536935,6505.340820
27,0.149825,0.524449,6754.914551
28,0.199399,0.520336,7004.452637
29,0.206496,0.525268,7254.023926
30,0.190024,0.528153,7503.599121
31,0.136611,0.533995,7753.152832
32,0.092258,0.541424,8002.734375
33,0.075886,0.566419,8252.297852
34,0.057784,0.568349,8501.851562
35,0.021125,0.550776,8751.416016
36,0.994322,0.531453,9000.965820
37,0.981507,0.525800,9250.543945
38,0.982334,0.526665,9500.095703
39,0.984093,0.532095,9766.296875
40,0.987013,0.542727,10015.883789
41,0.989500,0.563702,10265.421875
42,0.981266,0.591810,10515.019531
43,0.952826,0.603793,10764.551758
44,0.907156,0.596975,11014.105469
45,0.844840,0.550855,11263.680664
46,0.808773,0.527560,11513.273438
47,0.780037,0.525163,11762.829102
48,0.750289,0.515324,12012.388672
49,0.731546,0.500121,12261.960938
50,0.706635,0.486916,12511.502930
51,0.680585,0.489906,12761.093750
52,0.642932,0.489721,13010.627930
53,0.615038,0.485731,13260.203125
54,0.597383,0.480547,13509.764648
55,0.578602,0.483571,13759.337891
56,0.559222,0.488125,14008.906250
57,0.542652,0.479769,14258.458008
58,0.535878,0.467332,14508.048828
59,0.553859,0.464639,14757.572266
60,0.581039,0.474893,15007.139648
61,0.615872,0.484581,15256.702148
62,0.634550,0.480788,15506.258789
63,0.622571,0.480462,15755.851562
64,0.519633,0.500718,16005.399414
65,0.444739,0.534540,16254.971680
66,0.419372,0.517544,16504.539062
67,0.396646,0.510393,16754.093750
68,0.374116,0.522902,17003.646484
69,0.352118,0.516658,17253.220703
70,0.331106,0.516244,17502.785156
71,0.307836,0.529027,17752.365234
72,0.292320,0.527432,18001.919922
73,0.285512,0.497245,18251.494141
74,0.300264,0.443002,18501.039062
75,0.355778,0.418955,18750.621094
76,0.424001,0.408414,19000.156250
77,0.507172,0.404065,19266.378906
78,0.609681,0.420643,19515.939453
79,0.701320,0.416978,19765.492188
80,0.767465,0.387354,20015.058594
81,0.820179,0.396204,20264.638672
82,0.886793,0.450511,20514.175781
83,0.925886,0.478622,20763.742188
84,0.944933,0.506655,21013.322266
85,0.949915,0.531601,21262.888672
86,0.978334,0.545390,21512.451172
87,0.009187,0.538885,21762.001953
88,0.025767,0.542976,22011.566406
89,0.035123,0.544229,22261.128906
90,0.043882,0.537294,22510.687500
91,0.051169,0.528437,22760.298828
92,0.054490,0.552116,23009.814453
93,0.056922,0.592272,23259.406250
94,0.055507,0.610691,23508.953125
95,0.058323,0.615975,23758.535156
96,0.047007,0.600545,24008.085938
97,0.020785,0.548802,24257.646484
98,0.968305,0.495017,24507.214844
99,0.953590,0.486521,24756.775391
0,0.750007,0.492995,-0.002332
1,0.748222,0.492929,266.174042
2,0.726079,0.513853,515.727783
3,0.807403,0.564289,765.322571
4,0.871228,0.591822,1014.905945
5,0.903363,0.586961,1264.449463
6,0.916543,0.606252,1513.997803
7,0.897861,0.710228,1763.593262
8,0.879033,0.754735,2013.136475
9,0.870079,0.769399,2262.674561
10,0.854156,0.780326,2512.333740
11,0.793151,0.807501,2761.900146
12,0.756765,0.839853,3011.434814
13,0.767149,0.860598,3260.989502
14,0.775314,0.856532,3510.600586
15,0.878096,0.796112,3760.072510
16,0.995524,0.640910,4009.680420
17,0.034334,0.586917,4259.229004
18,0.043249,0.583766,4508.747070
19,0.046523,0.588317,4758.400391
20,0.051654,0.584112,5007.867676
21,0.058568,0.584911,5257.524902
22,0.067667,0.611841,5507.054199
23,0.099917,0.611718,5756.680176
24,0.151987,0.576322,6006.165527
25,0.165735,0.571564,6255.814453
26,0.172610,0.582642,6505.308594
27,0.146866,0.585504,6754.845215
28,0.104038,0.578609,7004.385742
29,0.066367,0.565925,7253.959961
30,0.033211,0.556552,7503.565430
31,0.999270,0.552883,7753.096191
32,0.963506,0.545165,8002.666016
33,0.948527,0.546921,8252.251953
34,0.943439,0.554386,8501.781250
35,0.937736,0.549219,8751.333984
36,0.917419,0.524466,9000.922852
37,0.891714,0.505030,9250.505859
38,0.792117,0.522186,9500.044922
39,0.703619,0.574535,9766.241211
40,0.656496,0.604199,10015.809570
41,0.605723,0.667186,10265.391602
42,0.593234,0.760664,10514.959961
43,0.575933,0.778768,10764.502930
44,0.509756,0.733709,11014.047852
45,0.450017,0.657784,11263.619141
46,0.417348,0.614778,11513.186523
47,0.376508,0.600470,11762.772461
48,0.359512,0.586142,12012.320312
49,0.371314,0.544899,12261.890625
50,0.395590,0.485733,12511.472656
51,0.426200,0.441637,12761.046875
52,0.458098,0.368792,13010.604492
53,0.514973,0.302842,13260.132812
54,0.562449,0.269090,13509.696289
55,0.628005,0.232677,13759.256836
56,0.656594,0.215960,14008.830078
57,0.676186,0.225364,14258.374023
58,0.689394,0.246054,14507.962891
59,0.689935,0.251472,14757.530273
60,0.688875,0.249634,15007.112305
61,0.688616,0.258106,15256.662109
62,0.681006,0.313810,15506.233398
63,0.654712,0.450075,15755.780273
64,0.613076,0.519150,16005.333984
65,0.589741,0.528012,16254.898438
66,0.531908,0.531973,16504.457031
67,0.429558,0.547122,16754.025391
68,0.350481,0.570639,17003.591797
69,0.298778,0.570950,17253.179688
70,0.302380,0.560554,17502.726562
71,0.325675,0.560556,17752.312500
72,0.418790,0.544075,18001.861328
73,0.568403,0.526969,18251.417969
74,0.634683,0.534815,18500.978516
75,0.662087,0.537368,18750.531250
76,0.690478,0.536270,19000.093750
77,0.702197,0.546209,19266.343750
78,0.703636,0.560282,19515.869141
79,0.706181,0.572396,19765.447266
80,0.705948,0.583580,20015.023438
81,0.708237,0.586031,20264.550781
82,0.707354,0.585472,20514.138672
83,0.707487,0.586590,20763.687500
84,0.710581,0.589405,21013.269531
85,0.713894,0.588672,21262.832031
86,0.713422,0.587598,21512.394531
87,0.711113,0.585256,21761.939453
88,0.696012,0.566920,22011.539062
89,0.664018,0.522332,22261.062500
90,0.643760,0.494153,22510.644531
91,0.641543,0.484885,22760.222656
92,0.644863,0.484562,23009.765625
93,0.645993,0.484769,23259.355469
94,0.646274,0.486128,23508.882812
95,0.646733,0.485673,23758.482422
96,0.647368,0.486362,24008.035156
97,0.647113,0.485387,24257.601562
98,0.646756,0.484292,24507.150391
99,0.646998,0.483821,24756.708984
0,0.750091,0.567539,0.000489
1,0.751335,0.569170,266.184204
2,0.773327,0.575385,515.793091
3,0.824138,0.576705,765.298401
4,0.878074,0.569186,1014.930420
5,0.911853,0.569413,1264.434937
6,0.940202,0.579166,1514.040527
7,0.979417,0.589303,1763.592773
8,0.022418,0.586767,2013.105225
9,0.046834,0.587684,2262.717529
10,0.045147,0.593973,2512.275146
11,0.997123,0.637918,2761.884521
12,0.921055,0.700017,3011.380615
13,0.856263,0.704549,3261.002686
14,0.781099,0.666629,3510.498535
15,0.695715,0.603057,3760.066406
16,0.636019,0.558324,4009.689453
17,0.591168,0.538042,4259.234375
18,0.540347,0.535469,4508.813477
19,0.487294,0.553747,4758.343262
20,0.451524,0.557466,5007.945801
21,0.424312,0.550789,5257.448242
22,0.394577,0.545955,5507.064453
23,0.361102,0.545592,5756.568848
24,0.326901,0.545772,6006.154785
25,0.297291,0.543804,6255.769043
26,0.267264,0.551914,6505.315918
27,0.241562,0.559333,6754.877441
28,0.228225,0.555888,7004.464844
29,0.208641,0.571127,7253.970215
30,0.193406,0.578755,7503.555664
31,0.183749,0.570113,7753.142090
32,0.152682,0.569376,8002.649414
33,0.127708,0.571044,8252.217773
34,0.138226,0.571308,8501.880859
35,0.193980,0.563922,8751.450195
36,0.258556,0.552758,9000.993164
37,0.319892,0.556920,9250.554688
38,0.354565,0.558181,9500.052734
39,0.381001,0.567700,9766.337891
40,0.393032,0.571446,10015.821289
41,0.397527,0.574190,10265.399414
42,0.392775,0.578459,10515.048828
43,0.391595,0.577540,10764.549805
44,0.383501,0.562435,11014.057617
45,0.355893,0.541484,11263.666016
46,0.298199,0.531801,11513.251953
47,0.232326,0.535656,11762.839844
48,0.171843,0.541133,12012.318359
49,0.127752,0.537516,12261.921875
50,0.093051,0.540399,12511.490234
51,0.061806,0.543386,12761.058594
52,0.040235,0.537774,13010.598633
53,0.021105,0.530363,13260.175781
54,0.005988,0.521666,13509.788086
55,0.019113,0.529826,13759.295898
56,0.078490,0.543921,14008.814453
57,0.161529,0.548317,14258.463867
58,0.245036,0.544741,14507.960938
59,0.325497,0.533113,14757.559570
60,0.412437,0.523909,15007.111328
61,0.506763,0.523029,15256.673828
62,0.572167,0.529557,15506.205078
63,0.624654,0.532681,15755.813477
64,0.669833,0.533069,16005.425781
65,0.705554,0.527803,16254.972656
66,0.732750,0.520666,16504.503906
67,0.755074,0.576903,16754.068359
68,0.764569,0.580578,17003.630859
69,0.710039,0.588190,17253.197266
70,0.606876,0.577375,17502.761719
71,0.513832,0.566523,17752.365234
72,0.446481,0.551969,18001.888672
73,0.381375,0.548207,18251.419922
74,0.303784,0.560488,18500.996094
75,0.233818,0.563892,18750.578125
76,0.176936,0.566110,19000.111328
77,0.128878,0.564307,19266.314453
78,0.089092,0.564339,19515.904297
79,0.052985,0.566480,19765.535156
80,0.007890,0.565745,20015.107422
81,0.987263,0.566090,20264.576172
82,0.995649,0.570006,20514.123047
83,0.026508,0.576001,20763.722656
84,0.074897,0.581385,21013.253906
85,0.142701,0.579660,21262.886719
86,0.203915,0.577536,21512.437500
87,0.253671,0.569305,21761.988281
88,0.299862,0.560351,22011.556641
89,0.350041,0.557812,22261.109375
90,0.407057,0.557474,22510.673828
91,0.468269,0.552813,22760.212891
92,0.522005,0.545627,23009.822266
93,0.533292,0.545360,23259.371094
94,0.513943,0.547789,23508.955078
95,0.482253,0.546394,23758.460938
96,0.448070,0.541785,24008.085938
97,0.395793,0.548036,24257.599609
98,0.329165,0.562427,24507.185547
99,0.277717,0.575925,24756.765625
0,0.749992,0.526516,-0.039440
1,0.749914,0.527730,266.291199
2,0.755051,0.531761,515.732910
3,0.790458,0.551372,765.345276
4,0.817706,0.577152,1014.857666
5,0.867058,0.585370,1264.440186
6,0.905637,0.567654,1514.052490
7,0.910472,0.572247,1763.658203
8,0.895010,0.618212,2013.172363
9,0.876315,0.655065,2262.697998
10,0.879764,0.666376,2512.239258
11,0.886286,0.671220,2761.826416
12,0.909224,0.693366,3011.383789
13,0.914093,0.744747,3260.961914
14,0.891124,0.791387,3510.518799
15,0.874564,0.815244,3760.073730
16,0.874416,0.816493,4009.661865
17,0.871465,0.797110,4259.194824
18,0.863730,0.756529,4508.783691
19,0.858455,0.706724,4758.320312
20,0.881895,0.628606,5007.906250
21,0.918673,0.573369,5257.488770
22,0.960486,0.563223,5507.052734
23,0.003718,0.559984,5756.566406
24,0.028066,0.554663,6006.134766
25,0.048073,0.558426,6255.727051
26,0.069301,0.557276,6505.272461
27,0.075908,0.561897,6754.828613
28,0.080385,0.567835,7004.413086
29,0.081196,0.572449,7253.983887
30,0.079833,0.577694,7503.512695
31,0.079318,0.577794,7753.114258
32,0.079821,0.575738,8002.681152
33,0.101448,0.570644,8252.228516
34,0.141707,0.564656,8501.811523
35,0.151347,0.567861,8751.345703
36,0.124709,0.566881,9000.911133
37,0.082710,0.535930,9250.471680
38,0.051297,0.505321,9500.026367
39,0.005052,0.511527,9766.242188
40,0.966750,0.524607,10015.795898
41,0.938967,0.526639,10265.359375
42,0.860296,0.502180,10514.930664
43,0.774549,0.475702,10764.478516
44,0.703916,0.478440,11014.076172
45,0.665191,0.480817,11263.626953
46,0.653776,0.478700,11513.209961
47,0.651672,0.461486,11762.756836
48,0.629977,0.446161,12012.345703
49,0.603300,0.457702,12261.893555
50,0.612448,0.486267,12511.455078
51,0.609116,0.500113,12761.030273
52,0.589030,0.499184,13010.556641
53,0.571947,0.492138,13260.157227
54,0.532102,0.493175,13509.691406
55,0.501351,0.504700,13759.260742
56,0.490220,0.517025,14008.844727
57,0.487772,0.524099,14258.412109
58,0.489355,0.526211,14507.966797
59,0.481122,0.523973,14757.540039
60,0.445843,0.522118,15007.068359
61,0.424584,0.529367,15256.659180
62,0.417911,0.530654,15506.250000
63,0.427330,0.523495,15755.774414
64,0.441698,0.512497,16005.365234
65,0.447848,0.513151,16254.923828
66,0.449570,0.524929,16504.458984
67,0.453347,0.528405,16754.019531
68,0.478125,0.525043,17003.593750
69,0.510669,0.527727,17253.187500
70,0.547095,0.535680,17502.712891
71,0.587814,0.540090,17752.308594
72,0.600672,0.542766,18001.843750
73,0.609530,0.537394,18251.406250
74,0.620479,0.538707,18500.972656
75,0.631280,0.543146,18750.537109
76,0.639528,0.553747,19000.121094
77,0.649260,0.560085,19266.316406
78,0.650175,0.559106,19515.873047
79,0.649380,0.555655,19765.466797
80,0.661647,0.556854,20014.988281
81,0.697804,0.571357,20264.576172
82,0.717246,0.579806,20514.132812
83,0.729923,0.580434,20763.683594
84,0.740641,0.581900,21013.240234
85,0.761038,0.593534,21262.824219
86,0.786229,0.597955,21512.388672
87,0.800822,0.587508,21761.935547
88,0.819930,0.544335,22011.527344
89,0.846248,0.504185,22261.054688
90,0.848602,0.491072,22510.619141
91,0.842471,0.475141,22760.251953
92,0.840931,0.470078,23009.775391
93,0.852317,0.474659,23259.335938
94,0.884350,0.487748,23508.921875
95,0.891777,0.494409,23758.472656
96,0.890544,0.495522,24008.017578
97,0.887877,0.497562,24257.619141
98,0.887640,0.500187,24507.132812
99,0.887375,0.499090,24756.714844
0,0.752682,0.477385,0.004087
1,0.751402,0.479160,266.179596
2,0.764185,0.505374,515.695190
3,0.809074,0.530095,765.394958
4,0.848118,0.536148,1014.846985
5,0.870377,0.536382,1264.462280
6,0.875414,0.556351,1514.013428
7,0.853699,0.639351,1763.575317
8,0.836243,0.714660,2013.135742
9,0.831118,0.749610,2262.648438
10,0.830471,0.756410,2512.315430
11,0.824004,0.764155,2761.824463
12,0.818548,0.766716,3011.452881
13,0.822197,0.762395,3260.892822
14,0.845338,0.745765,3510.577637
15,0.863987,0.725483,3760.076416
16,0.875000,0.712156,4009.614746
17,0.892290,0.697952,4259.244141
18,0.902861,0.680964,4508.775879
19,0.904495,0.673922,4758.390137
20,0.905838,0.669944,5007.836426
21,0.906347,0.666394,5257.479004
22,0.908477,0.657875,5507.011230
23,0.911484,0.634103,5756.551758
24,0.912510,0.622353,6006.135254
25,0.915840,0.616801,6255.731445
26,0.923018,0.616492,6505.340820
27,0.948694,0.611653,6754.796387
28,0.987780,0.604028,7004.488770
29,0.007366,0.600351,7253.931641
30,0.021596,0.596900,7503.545898
31,0.031754,0.595340,7753.092773
32,0.038543,0.595455,8002.719238
33,0.037740,0.595583,8252.254883
34,0.035216,0.596646,8501.750977
35,0.034998,0.602060,8751.393555
36,0.035832,0.606847,9000.917969
37,0.035221,0.608389,9250.496094
38,0.034645,0.609300,9500.043945
39,0.033466,0.607693,9766.235352
40,0.031382,0.605037,10015.810547
41,0.028441,0.603129,10265.357422
42,0.025047,0.601314,10514.943359
43,0.022843,0.600791,10764.525391
44,0.022405,0.599928,11014.029297
45,0.019125,0.598142,11263.617188
46,0.012120,0.595624,11513.198242
47,0.000836,0.583011,11762.845703
48,0.993098,0.572290,12012.388672
49,0.992663,0.568585,12261.849609
50,0.994099,0.567291,12511.458984
51,0.996689,0.566574,12761.009766
52,0.996382,0.566627,13010.551758
53,0.993830,0.557486,13260.139648
54,0.989943,0.528287,13509.675781
55,0.979173,0.477928,13759.280273
56,0.965293,0.430648,14008.779297
57,0.950848,0.416919,14258.344727
58,0.928287,0.436612,14507.964844
59,0.892375,0.487388,14757.491211
60,0.857553,0.520798,15007.136719
61,0.822880,0.542345,15256.723633
62,0.793610,0.577738,15506.258789
63,0.735590,0.579845,15755.750977
64,0.687331,0.564108,16005.353516
65,0.657393,0.550999,16254.993164
66,0.645075,0.540218,16504.476562
67,0.628462,0.545078,16754.013672
68,0.625476,0.541040,17003.634766
69,0.636592,0.528477,17253.175781
70,0.655058,0.519032,17502.689453
71,0.667150,0.511561,17752.248047
72,0.678577,0.511470,18001.894531
73,0.690235,0.555910,18251.398438
74,0.702510,0.585297,18500.953125
75,0.701445,0.595090,18750.548828
76,0.703297,0.603300,19000.128906
77,0.724577,0.601685,19266.324219
78,0.780034,0.605945,19515.833984
79,0.786635,0.602535,19765.474609
80,0.780077,0.600598,20015.007812
81,0.765628,0.588448,20264.582031
82,0.750768,0.572450,20514.136719
83,0.732864,0.544448,20763.705078
84,0.693055,0.524337,21013.244141
85,0.611398,0.499655,21262.816406
86,0.551367,0.506351,21512.402344
87,0.508528,0.528705,21761.960938
88,0.481835,0.556728,22011.517578
89,0.468757,0.579422,22261.039062
90,0.454013,0.604745,22510.589844
91,0.407719,0.636870,22760.167969
92,0.379909,0.642873,23009.746094
93,0.362801,0.611778,23259.304688
94,0.346958,0.575163,23508.890625
95,0.324184,0.565293,23758.453125
96,0.296793,0.569390,24007.998047
97,0.275692,0.572990,24257.546875
98,0.272430,0.560658,24507.117188
99,0.279214,0.543578,24756.693359
0,0.762809,0.576523,0.048385
1,0.770260,0.575074,266.265808
2,0.784267,0.598942,515.848022
3,0.791467,0.658342,765.411133
4,0.795513,0.724712,1014.977783
5,0.812099,0.762122,1264.554321
6,0.867143,0.744316,1514.157959
7,0.924950,0.685239,1763.717529
8,0.950514,0.620336,2013.222046
9,0.960248,0.586691,2262.773926
10,0.994999,0.590682,2512.337646
11,0.053297,0.613656,2761.895508
12,0.077028,0.638510,3011.581299
13,0.085220,0.713129,3261.041992
14,0.089349,0.792618,3510.623535
15,0.080063,0.855656,3760.133301
16,0.061448,0.906956,4009.736572
17,0.981947,0.935381,4259.293945
18,0.890951,0.940000,4508.848633
19,0.854761,0.947682,4758.427246
20,0.800203,0.939696,5007.967285
21,0.769496,0.891045,5257.598633
22,0.773972,0.808458,5507.094727
23,0.785064,0.697332,5756.746582
24,0.801125,0.607837,6006.259277
25,0.849529,0.570776,6255.885254
26,0.899145,0.542937,6505.397949
27,0.947332,0.521557,6754.972168
28,0.993349,0.494095,7004.495605
29,0.034519,0.450027,7254.035645
30,0.074082,0.429112,7503.604980
31,0.134647,0.423384,7753.250488
32,0.196611,0.436630,8002.837402
33,0.248202,0.459068,8252.321289
34,0.280123,0.478685,8501.853516
35,0.312579,0.500142,8751.458984
36,0.356802,0.515647,9001.000977
37,0.392845,0.520130,9250.608398
38,0.423587,0.527236,9500.101562
39,0.451750,0.535769,9766.357422
40,0.478727,0.542475,10015.897461
41,0.505960,0.540962,10265.464844
42,0.526431,0.538556,10515.031250
43,0.535604,0.531574,10764.588867
44,0.520850,0.522525,11014.120117
45,0.482796,0.518408,11263.738281
46,0.444420,0.504961,11513.263672
47,0.421960,0.525629,11762.877930
48,0.390102,0.622258,12012.395508
49,0.341113,0.673281,12262.046875
50,0.279959,0.682197,12511.509766
51,0.233756,0.680115,12761.067383
52,0.190908,0.670458,13010.667969
53,0.149128,0.648564,13260.276367
54,0.108964,0.632894,13509.784180
55,0.069669,0.625817,13759.329102
56,0.031926,0.624480,14008.927734
57,0.995912,0.623601,14258.452148
58,0.959559,0.622705,14508.043945
59,0.926715,0.623366,14757.593750
60,0.895389,0.625199,15007.255859
61,0.865707,0.625778,15256.764648
62,0.837962,0.628020,15506.332031
63,0.812386,0.627962,15755.835938
64,0.790238,0.626311,16005.392578
65,0.757159,0.595619,16254.970703
66,0.714071,0.527166,16504.542969
67,0.670284,0.479554,16754.132812
68,0.657473,0.398954,17003.675781
69,0.683002,0.304981,17253.230469
70,0.711649,0.246452,17502.830078
71,0.741027,0.238951,17752.367188
72,0.770121,0.258099,18001.955078
73,0.816388,0.317491,18251.541016
74,0.894387,0.415459,18501.076172
75,0.942504,0.478305,18750.605469
76,0.978259,0.505159,19000.171875
77,0.023221,0.530351,19266.371094
78,0.043244,0.535675,19516.013672
79,0.038496,0.536580,19765.519531
80,0.998645,0.523388,20015.091797
81,0.975694,0.523665,20264.626953
82,0.972044,0.552189,20514.291016
83,0.960913,0.568635,20763.765625
84,0.927560,0.582861,21013.308594
85,0.903972,0.582289,21262.919922
86,0.881208,0.573338,21512.548828
87,0.856468,0.562020,21762.027344
88,0.836302,0.570805,22011.613281
89,0.810223,0.579774,22261.156250
90,0.783452,0.591364,22510.828125
91,0.771306,0.591630,22760.287109
92,0.760630,0.576022,23009.896484
93,0.767422,0.564549,23259.457031
94,0.791181,0.562027,23508.947266
95,0.809775,0.575515,23758.525391
96,0.822892,0.581973,24008.152344
97,0.823400,0.588743,24257.751953
98,0.822689,0.579672,24507.216797
99,0.827164,0.564432,24756.783203
0,0.750560,0.511667,-0.001085
1,0.750675,0.512290,266.282043
2,0.750835,0.513551,515.777710
3,0.759772,0.529552,765.362244
4,0.786382,0.583573,1014.880798
5,0.800782,0.655149,1264.492310
6,0.799678,0.722779,1514.027222
7,0.795801,0.748996,1763.593872
8,0.795151,0.745145,2013.140869
9,0.814865,0.707289,2262.716309
10,0.845459,0.668796,2512.276611
11,0.868493,0.638384,2761.841309
12,0.887134,0.615612,3011.403809
13,0.910640,0.597597,3260.966553
14,0.934078,0.589198,3510.523926
15,0.954414,0.584248,3760.099365
16,0.974481,0.577028,4009.658203
17,0.001070,0.575059,4259.210938
18,0.021456,0.573986,4508.778809
19,0.051829,0.578725,4758.355469
20,0.070373,0.603626,5007.917480
21,0.068987,0.633657,5257.491699
22,0.055427,0.652170,5507.037598
23,0.045423,0.656699,5756.615723
24,0.038614,0.659359,6006.164062
25,0.029045,0.667395,6255.734375
26,0.982272,0.703046,6505.290527
27,0.902068,0.749528,6754.869141
28,0.839999,0.776150,7004.412598
29,0.806380,0.779081,7253.986816
30,0.814842,0.782596,7503.570801
31,0.810426,0.802355,7753.124023
32,0.796324,0.836811,8002.680176
33,0.773035,0.858293,8252.236328
34,0.747359,0.877379,8501.800781
35,0.711781,0.900435,8751.360352
36,0.665007,0.919482,9000.919922
37,0.612522,0.929875,9250.506836
38,0.567095,0.935980,9500.080078
39,0.532344,0.942097,9766.262695
40,0.510636,0.942385,10015.818359
41,0.497278,0.943164,10265.389648
42,0.478208,0.942670,10514.969727
43,0.468328,0.947537,10764.524414
44,0.466995,0.948053,11014.086914
45,0.505075,0.942933,11263.682617
46,0.492689,0.904042,11513.233398
47,0.476468,0.866755,11762.761719
48,0.493566,0.837219,12012.333008
49,0.505013,0.820380,12261.918945
50,0.515626,0.818240,12511.479492
51,0.533573,0.797013,12761.015625
52,0.559874,0.762237,13010.587891
53,0.599970,0.712504,13260.177734
54,0.625530,0.609267,13509.736328
55,0.612930,0.534932,13759.278320
56,0.598979,0.515354,14008.860352
57,0.593099,0.493558,14258.451172
58,0.615238,0.480239,14507.987305
59,0.636268,0.474695,14757.545898
60,0.646758,0.475779,15007.120117
61,0.673296,0.500954,15256.671875
62,0.735139,0.535709,15506.228516
63,0.763023,0.536903,15755.783203
64,0.760383,0.535966,16005.354492
65,0.757563,0.534631,16254.928711
66,0.750152,0.533229,16504.498047
67,0.738047,0.527627,16754.042969
68,0.734777,0.517502,17003.603516
69,0.722416,0.500212,17253.179688
70,0.632456,0.459358,17502.742188
71,0.567821,0.453102,17752.306641
72,0.548345,0.461594,18001.861328
73,0.531053,0.475913,18251.437500
74,0.522398,0.503826,18500.996094
75,0.522555,0.518721,18750.558594
76,0.526709,0.523557,19000.175781
77,0.530996,0.523184,19266.316406
78,0.543009,0.512917,19515.886719
79,0.556515,0.498771,19765.472656
80,0.566326,0.488802,20015.003906
81,0.570382,0.482875,20264.617188
82,0.567973,0.481967,20514.148438
83,0.551136,0.484920,20763.722656
84,0.525636,0.483057,21013.271484
85,0.491293,0.489271,21262.833984
86,0.449771,0.495351,21512.398438
87,0.412948,0.493178,21761.957031
88,0.386812,0.496502,22011.529297
89,0.369904,0.512322,22261.130859
90,0.352332,0.539949,22510.689453
91,0.334253,0.560757,22760.212891
92,0.331264,0.557697,23009.818359
93,0.333509,0.556315,23259.349609
94,0.337388,0.555757,23508.912109
95,0.343561,0.563678,23758.474609
96,0.345535,0.564653,24008.048828
97,0.346463,0.566097,24257.630859
98,0.346897,0.567496,24507.158203
99,0.347284,0.567420,24756.730469
0,0.740285,0.439897,-0.034005
1,0.736279,0.441692,266.126526
2,0.737296,0.465840,515.717529
3,0.747266,0.488468,765.245728
4,0.791499,0.500775,1014.834656
5,0.860142,0.516821,1264.363159
6,0.898083,0.534465,1514.046875
7,0.897896,0.628255,1763.549194
8,0.879571,0.709585,2013.054321
9,0.853306,0.747339,2262.723389
10,0.825546,0.763490,2512.200439
11,0.778035,0.775765,2761.811523
12,0.726849,0.789020,3011.309814
13,0.658005,0.787829,3260.993896
14,0.589838,0.782953,3510.506836
15,0.545719,0.771921,3760.011963
16,0.516145,0.756696,4009.632812
17,0.496046,0.706268,4259.251465
18,0.476559,0.631566,4508.715332
19,0.477226,0.569628,4758.282227
20,0.481924,0.517710,5007.867676
21,0.495045,0.486609,5257.390625
22,0.519654,0.474591,5506.954102
23,0.561077,0.468215,5756.532715
24,0.610268,0.470529,6006.099609
25,0.643638,0.481131,6255.686035
26,0.667365,0.487723,6505.237305
27,0.711081,0.493239,6754.771484
28,0.776378,0.502251,7004.336426
29,0.831975,0.509212,7253.903809
30,0.883926,0.508724,7503.466309
31,0.915216,0.504339,7753.057129
32,0.948939,0.513278,8002.592285
33,0.010345,0.532768,8252.211914
34,0.038994,0.558087,8501.730469
35,0.060992,0.571353,8751.311523
36,0.083479,0.570417,9000.857422
37,0.115340,0.570884,9250.418945
38,0.157494,0.584971,9516.632812
39,0.191753,0.575859,9766.218750
40,0.212188,0.568575,10015.754883
41,0.236230,0.565920,10265.328125
42,0.253222,0.562746,10514.864258
43,0.257793,0.555328,10764.454102
44,0.256990,0.557020,11014.031250
45,0.252789,0.557338,11263.589844
46,0.236018,0.548574,11513.156250
47,0.227162,0.544520,11762.701172
48,0.220840,0.556571,12012.269531
49,0.209370,0.557323,12261.824219
50,0.178587,0.549941,12511.388672
51,0.121241,0.539186,12760.944336
52,0.045288,0.527963,13010.510742
53,0.984783,0.518867,13260.098633
54,0.943682,0.514252,13509.670898
55,0.909023,0.514891,13759.198242
56,0.867055,0.512655,14008.774414
57,0.827158,0.513424,14258.332031
58,0.793891,0.543753,14507.901367
59,0.776793,0.584088,14757.447266
60,0.755009,0.595345,15007.024414
61,0.718608,0.590228,15256.581055
62,0.684830,0.580295,15506.165039
63,0.652309,0.567464,15755.721680
64,0.610863,0.550325,16005.280273
65,0.566489,0.534642,16254.857422
66,0.527246,0.528091,16504.427734
67,0.487630,0.520678,16753.968750
68,0.457852,0.518579,17003.554688
69,0.432129,0.511525,17253.103516
70,0.387392,0.506359,17502.671875
71,0.334309,0.513372,17752.244141
72,0.279277,0.528784,18001.798828
73,0.256986,0.543569,18251.355469
74,0.251186,0.546113,18500.953125
75,0.254489,0.539884,18750.507812
76,0.260916,0.537235,19000.048828
77,0.270708,0.530592,19266.267578
78,0.277325,0.516853,19515.839844
79,0.285037,0.501789,19765.373047
80,0.294896,0.486376,20014.968750
81,0.300941,0.473921,20264.523438
82,0.303836,0.467422,20514.074219
83,0.305894,0.481609,20763.628906
84,0.313731,0.482950,21013.183594
85,0.332377,0.460606,21262.769531
86,0.365060,0.441355,21512.326172
87,0.395119,0.442191,21761.908203
88,0.418486,0.455862,22011.458984
89,0.430574,0.470487,22261.021484
90,0.436073,0.473324,22510.578125
91,0.436362,0.484827,22760.138672
92,0.434431,0.474264,23009.699219
93,0.444452,0.474584,23259.279297
94,0.476776,0.467908,23508.859375
95,0.505465,0.460544,23758.406250
96,0.527326,0.464805,24007.984375
97,0.555214,0.469340,24257.546875
98,0.589464,0.467625,24507.083984
99,0.610681,0.465997,24756.650391
0,0.750016,0.587209,-0.035883
1,0.750416,0.587606,266.139923
2,0.764518,0.589298,515.765198
3,0.838209,0.586371,765.321838
4,0.895856,0.568667,1014.844543
5,0.898004,0.585838,1264.461548
6,0.860659,0.697403,1513.984009
7,0.839627,0.767416,1763.548828
8,0.822512,0.799504,2013.131592
9,0.795009,0.820431,2262.696777
10,0.778989,0.822916,2512.273193
11,0.729263,0.818737,2761.841553
12,0.692811,0.803339,3011.395752
13,0.645810,0.785364,3260.928711
14,0.596972,0.753194,3510.483887
15,0.563150,0.701535,3760.080566
16,0.553411,0.608619,4009.703369
17,0.597753,0.549692,4259.227539
18,0.634723,0.529029,4508.768066
19,0.641131,0.518033,4758.399414
20,0.603242,0.510271,5007.905762
21,0.526041,0.499953,5257.425293
22,0.477124,0.499863,5507.052734
23,0.446182,0.506766,5756.596680
24,0.413660,0.514568,6006.144043
25,0.383595,0.534769,6255.708984
26,0.363043,0.558313,6505.327148
27,0.347146,0.581332,6754.825195
28,0.342391,0.584924,7004.401367
29,0.324868,0.573637,7253.977051
30,0.307370,0.564184,7503.595215
31,0.295026,0.564973,7753.099121
32,0.276904,0.565390,8002.667480
33,0.275685,0.559473,8252.225586
34,0.280534,0.555887,8501.788086
35,0.280371,0.551011,8751.333984
36,0.255642,0.548564,9000.913086
37,0.200652,0.547941,9250.536133
38,0.150908,0.549448,9500.112305
39,0.127505,0.547730,9766.236328
40,0.110430,0.569362,10015.822266
41,0.107171,0.573436,10265.446289
42,0.118947,0.513260,10514.983398
43,0.123430,0.459782,10764.510742
44,0.111505,0.432240,11014.110352
45,0.112718,0.412640,11263.667969
46,0.135367,0.394142,11513.246094
47,0.147389,0.343099,11762.721680
48,0.118861,0.305933,12012.296875
49,0.104661,0.282500,12261.862305
50,0.102873,0.243260,12511.425781
51,0.106974,0.222118,12761.077148
52,0.133143,0.224841,13010.579102
53,0.187982,0.258362,13260.164062
54,0.236280,0.311794,13509.663086
55,0.277898,0.361102,13759.273438
56,0.341997,0.439949,14008.870117
57,0.387400,0.495036,14258.396484
58,0.404412,0.522988,14507.981445
59,0.410452,0.528119,14757.497070
60,0.418764,0.527078,15007.107422
61,0.421342,0.520938,15256.623047
62,0.424983,0.517084,15506.270508
63,0.431878,0.516133,15755.785156
64,0.441446,0.513911,16005.330078
65,0.446820,0.514743,16254.904297
66,0.448227,0.525028,16504.535156
67,0.449017,0.530572,16754.058594
68,0.450418,0.532897,17003.562500
69,0.464664,0.530460,17253.144531
70,0.502839,0.523999,17502.828125
71,0.537541,0.524903,17752.294922
72,0.561151,0.534475,18001.818359
73,0.593025,0.539545,18251.441406
74,0.625762,0.548097,18501.001953
75,0.653204,0.551178,18750.537109
76,0.680391,0.552911,19000.113281
77,0.708797,0.553756,19266.351562
78,0.730346,0.552202,19515.839844
79,0.749045,0.539338,19765.431641
80,0.761323,0.505168,20015.003906
81,0.763729,0.483490,20264.583984
82,0.778267,0.483131,20514.130859
83,0.806405,0.492094,20763.701172
84,0.814489,0.504331,21013.322266
85,0.790377,0.510053,21262.798828
86,0.734055,0.519381,21512.464844
87,0.665399,0.537235,21761.943359
88,0.617798,0.548300,22011.535156
89,0.587407,0.547948,22261.099609
90,0.561517,0.547034,22510.623047
91,0.542933,0.543905,22760.269531
92,0.529275,0.546536,23009.779297
93,0.506586,0.554341,23259.335938
94,0.484506,0.560952,23508.855469
95,0.468477,0.557405,23758.453125
96,0.452623,0.549491,24007.994141
97,0.450303,0.541258,24257.564453
98,0.454755,0.531401,24507.173828
99,0.460214,0.525921,24756.718750
0,0.759868,0.608496,0.057481
1,0.772495,0.606414,266.242950
2,0.786843,0.646687,515.809875
3,0.799138,0.737779,765.450989
4,0.803005,0.792540,1014.957825
5,0.806348,0.778145,1264.492798
6,0.852987,0.661900,1514.175537
7,0.881271,0.545781,1763.644287
8,0.894228,0.512209,2013.286499
9,0.897355,0.512640,2262.792480
10,0.888595,0.510964,2512.379639
11,0.872673,0.518233,2761.924072
12,0.917777,0.514904,3011.448730
13,0.946611,0.532722,3261.087402
14,0.958408,0.544651,3510.598877
15,0.994255,0.559473,3760.199707
16,0.008843,0.562416,4009.703857
17,0.019498,0.560716,4259.340332
18,0.030711,0.584401,4508.862793
19,0.057452,0.645580,4758.391113
20,0.074154,0.712007,5008.026367
21,0.058690,0.720817,5257.529297
22,0.038327,0.744802,5507.124023
23,0.031155,0.778956,5756.667480
24,0.041531,0.782146,6006.241211
25,0.061018,0.762189,6255.788086
26,0.070306,0.654672,6505.356934
27,0.077675,0.566087,6754.974609
28,0.082234,0.688554,7004.529297
29,0.093311,0.815613,7254.077637
30,0.093071,0.822251,7503.589355
31,0.083619,0.821211,7753.177734
32,0.075949,0.821983,8002.736328
33,0.056498,0.744987,8252.296875
34,0.043269,0.562071,8501.919922
35,0.021814,0.488989,8751.433594
36,0.005265,0.457815,9001.024414
37,0.000087,0.402520,9250.552734
38,0.986649,0.323860,9500.232422
39,0.974061,0.244409,9766.334961
40,0.979279,0.210982,10015.919922
41,0.018701,0.197299,10265.443359
42,0.071823,0.192611,10515.107422
43,0.140261,0.225665,10764.609375
44,0.190032,0.355492,11014.165039
45,0.210843,0.453674,11263.708008
46,0.228523,0.500977,11513.350586
47,0.257285,0.526446,11762.833008
48,0.290181,0.546692,12012.396484
49,0.322853,0.563359,12261.945312
50,0.351977,0.597521,12511.554688
51,0.389838,0.624586,12761.093750
52,0.420627,0.630968,13010.659180
53,0.434723,0.636595,13260.263672
54,0.443346,0.642435,13509.786133
55,0.451897,0.638173,13759.339844
56,0.460016,0.616139,14008.965820
57,0.470193,0.585743,14258.580078
58,0.512674,0.540673,14508.036133
59,0.549869,0.512708,14757.587891
60,0.556763,0.499961,15007.212891
61,0.558825,0.473394,15256.857422
62,0.564377,0.408781,15506.371094
63,0.569179,0.364086,15755.872070
64,0.558563,0.328676,16005.481445
65,0.536666,0.274581,16254.980469
66,0.558398,0.236487,16504.539062
67,0.606248,0.326187,16754.115234
68,0.618133,0.402060,17003.744141
69,0.620498,0.437790,17253.242188
70,0.617011,0.438009,17502.845703
71,0.604354,0.399234,17752.376953
72,0.570188,0.333588,18001.958984
73,0.534963,0.274494,18251.498047
74,0.477424,0.224879,18501.101562
75,0.389409,0.214983,18750.644531
76,0.302338,0.240421,19000.279297
77,0.230478,0.279576,19266.421875
78,0.193798,0.290481,19516.021484
79,0.171688,0.292543,19765.535156
80,0.147309,0.292538,20015.115234
81,0.124268,0.287162,20264.619141
82,0.112857,0.274664,20514.234375
83,0.114063,0.264330,20763.816406
84,0.119528,0.262492,21013.359375
85,0.128064,0.259424,21262.923828
86,0.134500,0.257279,21512.480469
87,0.139100,0.260043,21762.029297
88,0.152134,0.260780,22011.576172
89,0.168510,0.263101,22261.179688
90,0.185082,0.263697,22510.748047
91,0.203340,0.264161,22760.267578
92,0.220594,0.267630,23009.859375
93,0.236724,0.269803,23259.482422
94,0.252771,0.271390,23509.003906
95,0.264436,0.272196,23758.525391
96,0.271253,0.272653,24008.134766
97,0.276094,0.272949,24257.716797
98,0.277900,0.273725,24507.304688
99,0.278664,0.274268,24756.818359
0,0.756050,0.477348,0.012548
1,0.768874,0.476967,266.259613
2,0.784697,0.476722,515.763184
3,0.799130,0.476091,765.379700
4,0.810670,0.475674,1014.897339
5,0.820077,0.476373,1264.507935
6,0.829605,0.476884,1514.043579
7,0.839305,0.476842,1763.619507
8,0.846710,0.476459,2013.139526
9,0.853429,0.476282,2262.712891
10,0.858333,0.476222,2512.362549
11,0.858540,0.484958,2761.875732
12,0.852479,0.529249,3011.465576
13,0.848493,0.587838,3260.975586
14,0.849057,0.622036,3510.601562
15,0.854903,0.632977,3760.118652
16,0.870980,0.626175,4009.665527
17,0.885885,0.614692,4259.263184
18,0.889847,0.592964,4508.832031
19,0.891472,0.550606,4758.383301
20,0.895725,0.507384,5007.916016
21,0.901754,0.497786,5257.568848
22,0.905756,0.501598,5507.133301
23,0.910193,0.499407,5756.647461
24,0.912700,0.497282,6006.239746
25,0.915833,0.497676,6255.778320
26,0.925030,0.498379,6505.396484
27,0.936210,0.498990,6754.864258
28,0.946669,0.499715,7004.534668
29,0.958098,0.497867,7253.982910
30,0.973533,0.498385,7503.653809
31,0.984704,0.498056,7753.160156
32,0.986508,0.488645,8002.730957
33,0.979195,0.488781,8252.253906
34,0.987795,0.490115,8501.826172
35,0.993906,0.489661,8751.388672
36,0.998687,0.489190,9000.955078
37,0.004160,0.490381,9250.507812
38,0.006013,0.490512,9500.060547
39,0.011344,0.489675,9766.275391
40,0.017851,0.487380,10015.875000
41,0.024705,0.485916,10265.406250
42,0.035726,0.486161,10514.965820
43,0.048243,0.487126,10764.548828
44,0.059285,0.487058,11014.076172
45,0.070681,0.483117,11263.653320
46,0.083503,0.465873,11513.222656
47,0.101146,0.452079,11762.821289
48,0.126175,0.458522,12012.377930
49,0.150544,0.462622,12261.926758
50,0.174587,0.465044,12511.488281
51,0.192459,0.467039,12761.030273
52,0.207171,0.466853,13010.611328
53,0.219316,0.469446,13260.163086
54,0.222364,0.470650,13509.750977
55,0.220988,0.472450,13759.277344
56,0.219924,0.473510,14008.861328
57,0.215181,0.473340,14258.422852
58,0.203732,0.473087,14508.010742
59,0.186940,0.474366,14757.570312
60,0.165247,0.476817,15007.126953
61,0.136439,0.479080,15256.684570
62,0.111801,0.480172,15506.253906
63,0.096421,0.481630,15755.820312
64,0.079887,0.481559,16005.374023
65,0.058211,0.478461,16254.964844
66,0.026554,0.473959,16504.498047
67,0.989925,0.476918,16754.083984
68,0.953505,0.475127,17003.613281
69,0.926944,0.471718,17253.189453
70,0.912908,0.464816,17502.750000
71,0.902807,0.460554,17752.363281
72,0.884270,0.463040,18001.945312
73,0.856297,0.461689,18251.451172
74,0.830952,0.460066,18501.015625
75,0.801153,0.464354,18750.570312
76,0.776869,0.464101,19000.142578
77,0.753783,0.460349,19266.347656
78,0.731667,0.453804,19515.941406
79,0.710620,0.453620,19765.462891
80,0.686270,0.453539,20015.054688
81,0.672059,0.456036,20264.585938
82,0.650746,0.463143,20514.179688
83,0.627917,0.473038,20763.707031
84,0.613652,0.471936,21013.306641
85,0.608363,0.470652,21262.865234
86,0.603035,0.469136,21512.425781
87,0.595341,0.469223,21761.988281
88,0.588264,0.470062,22011.544922
89,0.572571,0.472279,22261.099609
90,0.547753,0.474491,22510.669922
91,0.519687,0.476893,22760.279297
92,0.497328,0.476177,23009.796875
93,0.488567,0.477356,23259.349609
94,0.479898,0.474478,23508.955078
95,0.471851,0.472925,23775.132812
96,0.467984,0.476000,24008.066406
97,0.470696,0.483622,24257.613281
98,0.477558,0.488725,24507.169922
99,0.483668,0.490936,24756.736328
0,0.749692,0.434391,-0.028913
1,0.749706,0.436037,266.197601
2,0.748417,0.449525,515.720276
3,0.752448,0.514037,765.277527
4,0.760222,0.600975,1014.847961
5,0.771964,0.629566,1264.458862
6,0.779040,0.656940,1514.081543
7,0.784134,0.665276,1763.639648
8,0.784862,0.647365,2013.188110
9,0.802382,0.609123,2262.698242
10,0.871112,0.545283,2512.253662
11,0.920893,0.502128,2761.848389
12,0.928735,0.488289,3011.411621
13,0.930074,0.489879,3260.974121
14,0.936837,0.481785,3510.520264
15,0.930477,0.461115,3760.077881
16,0.895074,0.417257,4009.623047
17,0.856085,0.345001,4259.208984
18,0.828938,0.307911,4508.745605
19,0.782188,0.318512,4758.314453
20,0.779929,0.402297,5007.888184
21,0.780507,0.442497,5257.431152
22,0.735191,0.456755,5507.009277
23,0.672475,0.470494,5756.608398
24,0.639964,0.482159,6006.145508
25,0.624139,0.469899,6255.695312
26,0.618279,0.457492,6505.293945
27,0.618763,0.446833,6754.876953
28,0.623172,0.439006,7004.380371
29,0.636510,0.430722,7253.965332
30,0.639362,0.433053,7503.525391
31,0.630406,0.448425,7753.094238
32,0.609880,0.465718,8002.646484
33,0.589312,0.470827,8252.260742
34,0.564009,0.470409,8501.805664
35,0.533990,0.479860,8751.331055
36,0.496956,0.498633,9000.928711
37,0.467439,0.508465,9250.476562
38,0.434347,0.509918,9500.030273
39,0.399456,0.502068,9766.235352
40,0.372112,0.483276,10015.794922
41,0.346309,0.460811,10265.343750
42,0.310232,0.469885,10514.958008
43,0.270898,0.502871,10764.493164
44,0.249201,0.524572,11014.058594
45,0.257588,0.516945,11263.614258
46,0.271967,0.506231,11513.181641
47,0.293423,0.488272,11762.733398
48,0.312006,0.463827,12012.294922
49,0.339358,0.408422,12261.877930
50,0.385573,0.358714,12511.449219
51,0.418767,0.354013,12760.986328
52,0.436541,0.391940,13010.573242
53,0.440664,0.456098,13260.128906
54,0.444292,0.480641,13509.678711
55,0.448098,0.500183,13759.252930
56,0.450980,0.522022,14008.866211
57,0.454614,0.536750,14258.375000
58,0.470520,0.529612,14507.934570
59,0.480380,0.522457,14757.533203
60,0.477678,0.521542,15007.123047
61,0.515614,0.495607,15256.660156
62,0.596373,0.457378,15506.197266
63,0.641406,0.437696,15755.784180
64,0.642301,0.436889,16005.336914
65,0.639502,0.433420,16254.898438
66,0.638147,0.433163,16504.451172
67,0.637026,0.434854,16754.044922
68,0.631038,0.435390,17003.593750
69,0.628194,0.436668,17253.179688
70,0.627767,0.438323,17502.730469
71,0.623882,0.441554,17752.281250
72,0.614090,0.442957,18001.835938
73,0.603431,0.447185,18251.431641
74,0.587720,0.451072,18500.996094
75,0.574533,0.444544,18750.521484
76,0.563844,0.426010,19000.117188
77,0.553379,0.405885,19266.281250
78,0.544651,0.395574,19515.875000
79,0.533181,0.393852,19765.437500
80,0.522161,0.387861,20015.011719
81,0.513224,0.380846,20264.564453
82,0.503861,0.379357,20514.117188
83,0.502292,0.378749,20763.679688
84,0.504141,0.377940,21013.267578
85,0.505800,0.376676,21262.806641
86,0.505742,0.375378,21512.375000
87,0.504934,0.375631,21761.943359
88,0.504126,0.376376,22011.488281
89,0.502797,0.377193,22261.082031
90,0.500010,0.381524,22510.628906
91,0.497830,0.384062,22760.228516
92,0.495632,0.384080,23009.757812
93,0.495256,0.377400,23259.320312
94,0.491765,0.371438,23508.892578
95,0.489276,0.375738,23758.453125
96,0.481152,0.385708,24008.023438
97,0.470511,0.397242,24257.578125
98,0.461488,0.418599,24507.150391
99,0.451887,0.432591,24756.699219
0,0.749835,0.545910,0.059114
1,0.750239,0.546628,266.292084
2,0.750187,0.547145,515.866943
3,0.750171,0.547852,765.449707
4,0.750476,0.549673,1014.972961
5,0.750894,0.551274,1264.598511
6,0.751118,0.552489,1514.072754
7,0.752473,0.560420,1763.678101
8,0.752993,0.585681,2013.223389
9,0.733668,0.590205,2262.809082
10,0.751772,0.608411,2512.361816
11,0.772921,0.685060,2761.917480
12,0.823856,0.730067,3011.568848
13,0.858866,0.748425,3261.025879
14,0.877696,0.756755,3510.603027
15,0.906741,0.706742,3760.136719
16,0.933373,0.663550,4009.751221
17,0.962610,0.692138,4259.263184
18,0.002874,0.729229,4508.884277
19,0.027396,0.717909,4758.470703
20,0.058103,0.709677,5007.981445
21,0.079453,0.685823,5257.631836
22,0.094318,0.649898,5507.126465
23,0.104957,0.648494,5756.751465
24,0.109765,0.632133,6006.266602
25,0.120819,0.589705,6255.814453
26,0.042452,0.557194,6505.416016
27,0.777052,0.565055,6754.993164
28,0.620455,0.610561,7004.525879
29,0.558600,0.611083,7254.103027
30,0.504328,0.625558,7503.684570
31,0.471108,0.683314,7753.186523
32,0.437099,0.721077,8002.748535
33,0.411546,0.774240,8252.324219
34,0.391745,0.843971,8501.975586
35,0.410873,0.898628,8751.433594
36,0.334509,0.859738,9001.016602
37,0.286556,0.747903,9250.604492
38,0.259326,0.645826,9500.115234
39,0.250459,0.604150,9766.366211
40,0.250860,0.629901,10015.906250
41,0.211387,0.657506,10265.497070
42,0.167635,0.561794,10515.088867
43,0.157921,0.559692,10764.570312
44,0.156457,0.634159,11014.165039
45,0.158076,0.662957,11263.794922
46,0.171190,0.667375,11513.293945
47,0.256363,0.617373,11762.868164
48,0.371138,0.583618,12012.403320
49,0.433362,0.581989,12262.006836
50,0.531136,0.555970,12511.525391
51,0.622891,0.534979,12761.117188
52,0.676821,0.543325,13010.650391
53,0.704745,0.579248,13260.243164
54,0.643149,0.592524,13509.785156
55,0.667794,0.606619,13759.333984
56,0.730033,0.628135,14008.934570
57,0.780004,0.698624,14258.511719
58,0.786983,0.741683,14508.044922
59,0.791615,0.767341,14757.629883
60,0.789245,0.764118,15007.152344
61,0.774388,0.740957,15256.724609
62,0.736252,0.687698,15506.285156
63,0.694155,0.628193,15755.968750
64,0.579207,0.589977,16005.454102
65,0.459793,0.597611,16254.989258
66,0.415036,0.609915,16504.560547
67,0.389105,0.609119,16754.123047
68,0.367644,0.594912,17003.687500
69,0.346222,0.565683,17253.263672
70,0.326297,0.542722,17502.800781
71,0.308864,0.557848,17752.417969
72,0.304930,0.621950,18001.910156
73,0.317114,0.651851,18251.539062
74,0.338468,0.658381,18501.060547
75,0.415189,0.638362,18750.658203
76,0.516648,0.605476,19000.263672
77,0.612057,0.566967,19266.511719
78,0.662967,0.539244,19515.958984
79,0.689372,0.469877,19765.580078
80,0.695977,0.369138,20015.072266
81,0.694209,0.247951,20264.691406
82,0.680496,0.159719,20514.210938
83,0.669924,0.121473,20763.804688
84,0.650414,0.105840,21013.376953
85,0.739230,0.128782,21262.980469
86,0.803385,0.203901,21512.480469
87,0.805179,0.219477,21762.027344
88,0.806547,0.257059,22011.638672
89,0.802967,0.339994,22261.156250
90,0.816427,0.406019,22510.722656
91,0.843365,0.468543,22760.312500
92,0.858029,0.494575,23009.958984
93,0.860140,0.482059,23259.433594
94,0.852138,0.450032,23509.003906
95,0.845203,0.427087,23758.570312
96,0.836801,0.425972,24008.130859
97,0.818727,0.419618,24257.755859
98,0.778226,0.460746,24507.242188
99,0.712179,0.526878,24756.804688
0,0.751518,0.558799,0.032470
1,0.759483,0.565355,266.210907
2,0.773002,0.627685,515.787537
3,0.778217,0.713904,765.358521
4,0.769908,0.791923,1014.897339
5,0.743803,0.866664,1264.493896
6,0.687755,0.911851,1514.015625
7,0.605271,0.939204,1763.620361
8,0.546600,0.951840,2013.174438
9,0.539282,0.958659,2262.822998
10,0.628671,0.955326,2512.346680
11,0.727015,0.908198,2761.838379
12,0.802308,0.841584,3011.447510
13,0.857289,0.778782,3260.972412
14,0.876970,0.722254,3510.539795
15,0.895673,0.655246,3760.177490
16,0.913635,0.613265,4009.723877
17,0.921556,0.598849,4259.261230
18,0.929283,0.591171,4508.795898
19,0.964998,0.590287,4758.346680
20,0.008246,0.591667,5007.958984
21,0.033920,0.587778,5257.535645
22,0.045013,0.584733,5507.100098
23,0.041351,0.586638,5756.725586
24,0.020172,0.585671,6006.178711
25,0.974007,0.578068,6255.742188
26,0.929441,0.582935,6505.370605
27,0.889227,0.588873,6754.952148
28,0.838456,0.587999,7004.450684
29,0.790103,0.580355,7254.043457
30,0.744471,0.569333,7503.591309
31,0.700948,0.567298,7753.109863
32,0.653590,0.561480,8002.712402
33,0.602777,0.553526,8252.294922
34,0.556811,0.546414,8501.907227
35,0.523145,0.549937,8751.427734
36,0.491785,0.553917,9000.975586
37,0.473046,0.548231,9250.536133
38,0.454223,0.541176,9500.088867
39,0.429593,0.524750,9766.266602
40,0.409953,0.511215,10015.846680
41,0.383613,0.509625,10265.439453
42,0.345031,0.515747,10515.039062
43,0.311977,0.526729,10764.560547
44,0.285516,0.536242,11014.123047
45,0.258248,0.538281,11263.684570
46,0.239325,0.544521,11513.227539
47,0.232741,0.550882,11762.784180
48,0.234811,0.547516,12012.346680
49,0.251755,0.536280,12261.994141
50,0.278535,0.528904,12511.466797
51,0.297619,0.530118,12761.034180
52,0.327510,0.528271,13010.639648
53,0.369258,0.529743,13260.158203
54,0.430795,0.520322,13509.711914
55,0.473883,0.505930,13759.282227
56,0.508944,0.524145,14008.887695
57,0.560027,0.622292,14258.475586
58,0.614500,0.710444,14507.978516
59,0.651774,0.772936,14757.578125
60,0.673115,0.842333,15007.141602
61,0.707545,0.936230,15256.679688
62,0.799499,0.988928,15506.229492
63,0.174237,0.985186,15755.858398
64,0.219739,0.988798,16005.442383
65,0.269834,0.991715,16254.957031
66,0.415758,0.991490,16504.498047
67,0.551229,0.988289,16754.117188
68,0.652388,0.945356,17003.621094
69,0.655639,0.756563,17253.179688
70,0.652075,0.560625,17502.750000
71,0.655167,0.509492,17752.339844
72,0.670053,0.477563,18001.898438
73,0.717653,0.447984,18251.537109
74,0.790818,0.468104,18501.025391
75,0.844977,0.489835,18750.662109
76,0.880102,0.509969,19000.166016
77,0.910552,0.536699,19266.373047
78,0.927298,0.572903,19515.933594
79,0.950262,0.598910,19765.480469
80,0.975649,0.611260,20015.041016
81,0.989465,0.621751,20264.691406
82,0.992403,0.632951,20514.156250
83,0.993890,0.640344,20763.744141
84,0.993196,0.649062,21013.312500
85,0.989768,0.656617,21262.830078
86,0.986888,0.656251,21512.453125
87,0.003560,0.632504,21761.972656
88,0.023158,0.613146,22011.576172
89,0.030413,0.613084,22261.093750
90,0.035598,0.613259,22510.703125
91,0.031661,0.604986,22760.207031
92,0.032176,0.606659,23009.814453
93,0.049857,0.639748,23259.402344
94,0.064235,0.649557,23508.949219
95,0.083108,0.635259,23758.580078
96,0.105173,0.585318,24008.044922
97,0.135210,0.574675,24257.703125
98,0.168929,0.570936,24507.166016
99,0.183846,0.558575,24756.767578
0,0.749695,0.515136,0.052053
1,0.748654,0.517347,266.281219
2,0.747108,0.535503,515.806519
3,0.749848,0.594652,765.403076
4,0.744376,0.684483,1014.977051
5,0.727523,0.745061,1264.468872
6,0.734222,0.770637,1514.136108
7,0.768194,0.780884,1763.593018
8,0.802856,0.763814,2013.158569
9,0.850798,0.689164,2262.826660
10,0.879226,0.617336,2512.352051
11,0.893329,0.593583,2761.908936
12,0.904472,0.617103,3011.439453
13,0.910687,0.649647,3261.070068
14,0.911663,0.655930,3510.549561
15,0.913403,0.649564,3760.105713
16,0.916201,0.626720,4009.768799
17,0.927679,0.596687,4259.283203
18,0.962963,0.594553,4508.834473
19,0.994407,0.589231,4758.354980
20,0.013935,0.591183,5008.011719
21,0.028768,0.600657,5257.517578
22,0.037228,0.613409,5507.080566
23,0.030843,0.628298,5756.647949
24,0.018787,0.639728,6006.224609
25,0.016776,0.624432,6255.784668
26,0.015689,0.615286,6505.317871
27,0.006325,0.605118,6754.930664
28,0.991363,0.595657,7004.513672
29,0.978838,0.592333,7254.043945
30,0.953541,0.578204,7503.583008
31,0.917310,0.548472,7753.236328
32,0.898941,0.525978,8002.761230
33,0.871372,0.450350,8252.268555
34,0.820566,0.365539,8501.846680
35,0.768861,0.315737,8751.400391
36,0.731130,0.292798,9000.939453
37,0.688993,0.275667,9250.559570
38,0.663286,0.345325,9500.120117
39,0.638750,0.496323,9766.377930
40,0.625675,0.626070,10015.888672
41,0.616355,0.719185,10265.402344
42,0.603198,0.757895,10515.014648
43,0.597382,0.768237,10764.555664
44,0.591796,0.781779,11014.167969
45,0.615299,0.794891,11263.692383
46,0.580956,0.813069,11513.280273
47,0.503183,0.779199,11762.824219
48,0.473534,0.727275,12012.388672
49,0.458528,0.644782,12261.992188
50,0.438887,0.579390,12511.490234
51,0.413654,0.537903,12761.069336
52,0.387030,0.530002,13010.633789
53,0.370022,0.534320,13260.183594
54,0.357679,0.537982,13509.755859
55,0.350711,0.539081,13759.304688
56,0.351454,0.541505,14008.877930
57,0.352892,0.536538,14258.427734
58,0.354397,0.532382,14507.990234
59,0.356675,0.526818,14757.559570
60,0.364729,0.521299,15007.134766
61,0.388631,0.535460,15256.683594
62,0.405748,0.538602,15506.261719
63,0.414603,0.537579,15755.816406
64,0.421013,0.535623,16005.369141
65,0.437388,0.533427,16254.964844
66,0.484320,0.528193,16504.544922
67,0.541067,0.523324,16754.080078
68,0.584694,0.520226,17003.626953
69,0.618268,0.520256,17253.203125
70,0.646439,0.521560,17502.775391
71,0.662919,0.528228,17752.333984
72,0.669597,0.529651,18001.890625
73,0.679079,0.525413,18251.492188
74,0.688832,0.534184,18501.007812
75,0.697098,0.537254,18750.583984
76,0.719828,0.540454,19000.154297
77,0.738275,0.504423,19266.349609
78,0.744869,0.476866,19515.931641
79,0.769717,0.481708,19765.498047
80,0.797643,0.514695,20015.056641
81,0.799451,0.546557,20264.595703
82,0.804693,0.583387,20514.185547
83,0.835441,0.608510,20763.759766
84,0.864685,0.601135,21013.294922
85,0.886947,0.576363,21262.861328
86,0.907063,0.553110,21512.427734
87,0.925527,0.559405,21761.998047
88,0.942939,0.562933,22011.541016
89,0.965183,0.561810,22261.125000
90,0.981753,0.554951,22510.689453
91,0.993192,0.554264,22760.294922
92,0.004848,0.562631,23009.808594
93,0.015288,0.572966,23259.404297
94,0.019277,0.568277,23508.933594
95,0.018985,0.570812,23758.494141
96,0.014210,0.569265,24008.072266
97,0.009274,0.567621,24257.615234
98,0.006577,0.567332,24507.212891
99,0.006159,0.566966,24756.753906
0,0.750150,0.476437,-0.002701
1,0.750419,0.480508,266.205353
2,0.759289,0.520458,515.759949
3,0.840952,0.545805,765.353271
4,0.885166,0.541442,1014.904358
5,0.892444,0.546252,1264.522095
6,0.868021,0.611790,1514.009766
7,0.836358,0.683466,1763.671509
8,0.818113,0.749305,2013.193848
9,0.794426,0.822488,2262.767822
10,0.765947,0.892115,2512.362305
11,0.777497,0.938091,2761.846924
12,0.928743,0.936468,3011.510010
13,0.008791,0.859206,3260.968262
14,0.017663,0.770505,3510.556641
15,0.013661,0.664386,3760.121094
16,0.996742,0.602581,4009.689453
17,0.951401,0.568449,4259.244141
18,0.969022,0.533439,4508.818359
19,0.010837,0.520863,4758.364258
20,0.018796,0.536224,5007.916016
21,0.971548,0.668590,5257.501953
22,0.863112,0.881488,5507.038574
23,0.697980,0.951490,5756.635742
24,0.446428,0.974209,6006.190430
25,0.521819,0.917579,6255.748535
26,0.547404,0.834887,6505.310547
27,0.573580,0.788421,6754.876465
28,0.608428,0.696716,7004.474121
29,0.625943,0.595905,7253.999512
30,0.628687,0.525991,7503.565918
31,0.658149,0.514900,7753.114258
32,0.690906,0.497214,8002.700684
33,0.720588,0.462388,8252.243164
34,0.760271,0.457295,8501.845703
35,0.812928,0.493397,8751.416992
36,0.857168,0.506477,9000.950195
37,0.860533,0.519007,9250.504883
38,0.807272,0.541596,9500.084961
39,0.795588,0.544653,9766.283203
40,0.820563,0.536728,10015.857422
41,0.897278,0.469327,10265.403320
42,0.972215,0.416504,10514.976562
43,0.048850,0.401040,10764.558594
44,0.117395,0.408960,11014.095703
45,0.176359,0.420327,11263.665039
46,0.211168,0.449481,11513.218750
47,0.244581,0.467627,11762.825195
48,0.278328,0.489447,12012.367188
49,0.317838,0.488607,12261.903320
50,0.340567,0.476619,12511.476562
51,0.328534,0.490419,12761.054688
52,0.278254,0.506907,13010.595703
53,0.240561,0.496244,13260.173828
54,0.233240,0.498265,13509.750000
55,0.240329,0.500301,13759.308594
56,0.262924,0.513391,14008.880859
57,0.309527,0.520841,14258.426758
58,0.364769,0.529221,14507.993164
59,0.423236,0.548133,14757.541016
60,0.465523,0.535531,15007.106445
61,0.496638,0.503135,15256.679688
62,0.528334,0.520309,15506.255859
63,0.565652,0.546411,15755.792969
64,0.589444,0.564683,16005.395508
65,0.602286,0.600469,16254.940430
66,0.615356,0.638627,16504.490234
67,0.632530,0.611594,16754.072266
68,0.631944,0.553491,17003.621094
69,0.602632,0.493425,17253.236328
70,0.566358,0.479719,17502.744141
71,0.542026,0.479499,17752.335938
72,0.528477,0.483078,18001.906250
73,0.453355,0.488875,18251.466797
74,0.379632,0.464902,18501.001953
75,0.317268,0.447546,18750.578125
76,0.259849,0.461643,19000.148438
77,0.245867,0.477783,19266.345703
78,0.325766,0.488819,19515.902344
79,0.522494,0.435759,19765.480469
80,0.590687,0.453013,20015.033203
81,0.609193,0.461613,20264.601562
82,0.611728,0.411691,20514.201172
83,0.560912,0.399032,20763.710938
84,0.430580,0.443897,21013.281250
85,0.262340,0.499631,21262.853516
86,0.156853,0.529118,21512.439453
87,0.110894,0.540234,21761.982422
88,0.080719,0.541519,22011.544922
89,0.058363,0.548893,22261.117188
90,0.020813,0.553878,22510.681641
91,0.981012,0.552669,22760.246094
92,0.981150,0.554225,23009.802734
93,0.011837,0.554963,23259.373047
94,0.012809,0.592429,23508.927734
95,0.995920,0.681486,23758.496094
96,0.971964,0.728124,24008.054688
97,0.957758,0.749767,24257.626953
98,0.944641,0.744302,24507.208984
99,0.937825,0.711012,24756.736328
0,0.749410,0.628651,-0.009820
1,0.749108,0.630014,266.171539
2,0.748947,0.633638,515.762512
3,0.754263,0.671799,765.259094
4,0.779481,0.734113,1014.872314
5,0.806910,0.780148,1264.404053
6,0.822129,0.805471,1513.994751
7,0.832823,0.814161,1763.545898
8,0.845351,0.807665,2013.165527
9,0.869197,0.797449,2262.709229
10,0.901320,0.778284,2512.234619
11,0.935572,0.739420,2761.818115
12,0.949673,0.667128,3011.381104
13,0.946534,0.584644,3260.906982
14,0.948686,0.536046,3510.508545
15,0.949797,0.518956,3760.067627
16,0.970009,0.519462,4009.605469
17,0.018130,0.528840,4259.181641
18,0.021181,0.530026,4508.721191
19,0.023922,0.531094,4758.290039
20,0.032433,0.537326,5007.843262
21,0.046195,0.543250,5257.442871
22,0.062959,0.549193,5506.989746
23,0.082966,0.553862,5756.549805
24,0.114927,0.558597,6006.124023
25,0.150342,0.557902,6255.669434
26,0.181235,0.557852,6505.248047
27,0.196905,0.561759,6754.802246
28,0.199803,0.568325,7004.375488
29,0.200153,0.579346,7253.929688
30,0.205500,0.589060,7503.503906
31,0.215435,0.592242,7753.051270
32,0.233802,0.586244,8002.606934
33,0.241195,0.587942,8252.215820
34,0.204155,0.592699,8501.748047
35,0.076410,0.558115,8751.410156
36,0.974335,0.524778,9000.874023
37,0.943920,0.528850,9250.529297
38,0.919338,0.545688,9500.016602
39,0.883035,0.584393,9766.247070
40,0.847420,0.637488,10015.766602
41,0.819845,0.666883,10265.355469
42,0.792266,0.675967,10514.888672
43,0.753148,0.675660,10764.546875
44,0.708727,0.660622,11014.037109
45,0.670246,0.614319,11263.683594
46,0.636781,0.573544,11513.162109
47,0.600905,0.555115,11762.792969
48,0.563475,0.560283,12012.286133
49,0.532835,0.589761,12261.838867
50,0.499953,0.629164,12511.459961
51,0.473061,0.654691,12761.039062
52,0.450455,0.665435,13010.585938
53,0.431603,0.664901,13260.095703
54,0.416602,0.652513,13509.757812
55,0.403790,0.636311,13759.252930
56,0.385790,0.640356,14008.835938
57,0.373710,0.641417,14258.415039
58,0.361293,0.640881,14507.920898
59,0.343421,0.643390,14757.515625
60,0.321460,0.638390,15007.053711
61,0.295278,0.621268,15256.674805
62,0.266868,0.585666,15506.181641
63,0.243504,0.561198,15755.776367
64,0.231650,0.550417,16005.303711
65,0.249819,0.556977,16254.970703
66,0.311153,0.599456,16504.468750
67,0.343976,0.654562,16753.996094
68,0.361457,0.670531,17003.595703
69,0.370222,0.663727,17253.121094
70,0.390625,0.664430,17502.767578
71,0.473191,0.677193,17752.251953
72,0.535746,0.691591,18001.835938
73,0.591057,0.701351,18251.406250
74,0.633891,0.706336,18500.960938
75,0.670821,0.693745,18750.578125
76,0.705779,0.667080,19000.105469
77,0.745529,0.633571,19266.294922
78,0.766484,0.619675,19515.935547
79,0.769605,0.615486,19765.412109
80,0.771468,0.615187,20014.972656
81,0.779987,0.614831,20264.560547
82,0.799487,0.608430,20514.076172
83,0.827032,0.602751,20763.763672
84,0.856487,0.592795,21013.228516
85,0.885805,0.570978,21262.798828
86,0.907513,0.549089,21512.394531
87,0.926635,0.530461,21762.011719
88,0.948251,0.530039,22011.474609
89,0.974508,0.544445,22261.048828
90,0.000155,0.560472,22510.658203
91,0.019068,0.565058,22760.216797
92,0.032388,0.571573,23009.773438
93,0.037571,0.577793,23259.294922
94,0.036937,0.582505,23508.904297
95,0.033965,0.590003,23758.410156
96,0.031384,0.593235,24008.011719
97,0.028275,0.597082,24257.542969
98,0.022812,0.613632,24507.218750
99,0.008668,0.675656,24756.753906
0,0.741004,0.505717,-0.003616
1,0.735703,0.509154,266.189484
2,0.747177,0.521568,515.781616
3,0.786032,0.554465,765.327759
4,0.831130,0.567881,1014.892029
5,0.877846,0.559202,1264.468384
6,0.917906,0.548722,1514.072266
7,0.941133,0.548860,1763.609863
8,0.953315,0.557823,2013.114624
9,0.007640,0.564035,2262.722900
10,0.051380,0.560816,2512.316406
11,0.059588,0.563214,2761.890381
12,0.059840,0.566378,3011.417480
13,0.043982,0.570456,3261.000488
14,0.998099,0.570572,3510.569580
15,0.948567,0.568052,3760.077637
16,0.924195,0.574552,4009.699951
17,0.898384,0.636859,4259.202148
18,0.848567,0.771441,4508.806152
19,0.797152,0.822479,4758.349609
20,0.764378,0.847590,5007.893066
21,0.729419,0.847416,5257.490723
22,0.686410,0.799022,5507.014648
23,0.649841,0.674983,5756.684082
24,0.647316,0.602487,6006.211426
25,0.627041,0.555833,6255.779297
26,0.549679,0.533683,6505.274414
27,0.461453,0.528567,6754.840332
28,0.431249,0.521133,7004.420898
29,0.388530,0.529088,7253.962402
30,0.336256,0.550669,7503.576660
31,0.303575,0.557439,7753.211914
32,0.282117,0.558594,8002.683594
33,0.271155,0.556830,8252.250000
34,0.269311,0.558972,8501.843750
35,0.278878,0.559213,8751.398438
36,0.308903,0.550031,9000.926758
37,0.382214,0.505555,9250.519531
38,0.467826,0.460460,9500.084961
39,0.579299,0.429524,9766.276367
40,0.675634,0.430145,10015.869141
41,0.757696,0.430971,10265.366211
42,0.828491,0.446772,10514.988281
43,0.871887,0.486525,10764.533203
44,0.894405,0.509554,11014.058594
45,0.902031,0.539277,11263.708008
46,0.897505,0.574628,11513.180664
47,0.914554,0.578833,11762.813477
48,0.933867,0.563045,12012.341797
49,0.948342,0.555193,12261.910156
50,0.966398,0.553330,12511.510742
51,0.985715,0.571051,12761.003906
52,0.025287,0.598522,13010.670898
53,0.059233,0.598681,13260.133789
54,0.053364,0.601216,13509.750000
55,0.090744,0.618786,13759.254883
56,0.178822,0.644494,14008.925781
57,0.202466,0.646703,14258.411133
58,0.199470,0.663197,14507.992188
59,0.097516,0.719894,14757.558594
60,0.071313,0.742492,15007.148438
61,0.044109,0.760853,15256.712891
62,0.936256,0.743514,15506.199219
63,0.906739,0.702028,15755.891602
64,0.892167,0.580141,16005.374023
65,0.858798,0.554338,16254.994141
66,0.798773,0.542857,16504.464844
67,0.793986,0.561428,16754.076172
68,0.764873,0.597571,17003.634766
69,0.714934,0.615688,17253.154297
70,0.693264,0.602039,17502.755859
71,0.668382,0.591759,17752.333984
72,0.638697,0.590123,18001.937500
73,0.594317,0.581819,18251.421875
74,0.558271,0.575672,18501.041016
75,0.533127,0.567562,18750.541016
76,0.496409,0.568860,19000.103516
77,0.462371,0.567915,19266.316406
78,0.436000,0.567802,19515.927734
79,0.403000,0.562768,19765.478516
80,0.376235,0.565926,20015.037109
81,0.348020,0.567859,20264.560547
82,0.323017,0.564109,20514.212891
83,0.289227,0.555253,20763.689453
84,0.259768,0.559742,21013.261719
85,0.240342,0.558345,21262.921875
86,0.213559,0.561335,21512.449219
87,0.162830,0.561615,21761.972656
88,0.112685,0.557493,22011.542969
89,0.073617,0.555871,22261.125000
90,0.044615,0.557741,22510.636719
91,0.024510,0.558167,22760.228516
92,0.015495,0.558319,23009.802734
93,0.025253,0.556141,23259.439453
94,0.052357,0.559148,23508.921875
95,0.091057,0.558703,23758.464844
96,0.148797,0.552005,24008.037109
97,0.179950,0.545805,24257.621094
98,0.189577,0.552619,24507.138672
99,0.172825,0.558236,24756.744141
0,0.748777,0.404734,-0.044405
1,0.748992,0.409384,266.145477
2,0.735262,0.444393,515.760193
3,0.679151,0.518073,765.271423
4,0.653399,0.554941,1014.873535
5,0.665265,0.596272,1264.448730
6,0.755083,0.624463,1513.949341
7,0.789835,0.634626,1763.536743
8,0.847763,0.616286,2013.067017
9,0.896165,0.546059,2262.670898
10,0.916829,0.512686,2512.237305
11,0.931247,0.512792,2761.768799
12,0.955384,0.522973,3011.327148
13,0.985583,0.522691,3260.963867
14,0.015992,0.519526,3510.503906
15,0.037167,0.522738,3760.032959
16,0.054491,0.525083,4009.629395
17,0.077565,0.522528,4259.153809
18,0.111275,0.526987,4508.693359
19,0.162069,0.527344,4758.257812
20,0.190825,0.533963,5007.895508
21,0.198133,0.545653,5257.473145
22,0.199949,0.562634,5506.990723
23,0.219341,0.577637,5756.581543
24,0.210719,0.513950,6006.129395
25,0.164804,0.484640,6255.729492
26,0.051753,0.463238,6505.261230
27,0.985464,0.458718,6754.779785
28,0.944648,0.464175,7004.385254
29,0.913302,0.490723,7253.906250
30,0.863840,0.504132,7503.559082
31,0.793875,0.482347,7753.041504
32,0.734977,0.459400,8002.659180
33,0.675533,0.442098,8252.208008
34,0.620508,0.428966,8501.814453
35,0.564602,0.422277,8751.342773
36,0.511671,0.420074,9000.845703
37,0.476728,0.416951,9250.470703
38,0.438605,0.416843,9500.037109
39,0.398213,0.419547,9766.203125
40,0.356322,0.426979,10015.859375
41,0.317385,0.442753,10265.355469
42,0.286532,0.452461,10514.905273
43,0.273712,0.457764,10764.471680
44,0.259137,0.468640,11014.036133
45,0.254615,0.479352,11263.575195
46,0.256811,0.490682,11513.152344
47,0.297614,0.548660,11762.712891
48,0.327919,0.585685,12012.308594
49,0.400949,0.660160,12261.903320
50,0.451742,0.676685,12511.411133
51,0.503053,0.664665,12760.955078
52,0.571525,0.626108,13010.580078
53,0.592070,0.576526,13260.082031
54,0.644678,0.492177,13509.703125
55,0.646379,0.467923,13759.218750
56,0.643475,0.440804,14008.809570
57,0.636571,0.421149,14258.346680
58,0.627688,0.409029,14507.901367
59,0.621996,0.408692,14757.496094
60,0.614184,0.410169,15007.073242
61,0.575046,0.402781,15256.670898
62,0.526085,0.394288,15506.156250
63,0.464047,0.384944,15755.741211
64,0.391516,0.374388,16005.271484
65,0.330361,0.382467,16254.846680
66,0.268006,0.419374,16504.443359
67,0.232903,0.458224,16754.005859
68,0.225130,0.479682,17003.617188
69,0.228592,0.503329,17253.134766
70,0.276651,0.543902,17502.742188
71,0.340082,0.561719,17752.250000
72,0.372991,0.505028,18001.816406
73,0.402654,0.449710,18251.347656
74,0.445560,0.424885,18501.001953
75,0.511952,0.414543,18750.535156
76,0.627281,0.411880,19000.046875
77,0.725928,0.428468,19266.242188
78,0.802467,0.451023,19515.898438
79,0.854960,0.489362,19765.380859
80,0.916786,0.487943,20014.957031
81,0.978953,0.491028,20264.568359
82,0.021850,0.491211,20514.142578
83,0.044505,0.488113,20763.650391
84,0.052628,0.490169,21013.193359
85,0.056424,0.516904,21262.826172
86,0.068804,0.583400,21512.355469
87,0.073686,0.597841,21761.917969
88,0.071177,0.599426,22011.500000
89,0.069484,0.572449,22261.056641
90,0.068280,0.553474,22510.593750
91,0.038120,0.528090,22760.162109
92,0.979966,0.496894,23009.697266
93,0.955803,0.485574,23259.298828
94,0.928578,0.508363,23508.888672
95,0.886532,0.559095,23758.490234
96,0.856805,0.592113,24007.958984
97,0.846739,0.599891,24257.585938
98,0.879010,0.596852,24507.107422
99,0.927993,0.603291,24756.722656
