Idx, longitude, latitude, start timestamp
0,0.752990,0.506013,-0.012876
1,0.755812,0.505991,266.262939
2,0.757326,0.507165,515.852966
3,0.768696,0.499826,765.394775
4,0.798878,0.477653,1015.010193
5,0.834580,0.449351,1264.468140
6,0.900009,0.452200,1597.265747
7,0.939852,0.466712,1846.825073
8,0.958887,0.448338,2096.315918
9,0.970462,0.451176,2329.376709
10,0.985887,0.458101,2595.459717
11,0.989546,0.456278,2828.448730
12,0.996153,0.478276,3077.926758
13,0.025452,0.524693,3327.587402
14,0.046913,0.547018,3577.185303
15,0.058341,0.555315,3826.719971
16,0.049592,0.556603,4076.324707
17,0.036769,0.555603,4325.801270
18,0.022708,0.557528,4575.417480
19,0.013515,0.562979,4824.890137
20,0.006582,0.568370,5074.537109
21,0.000328,0.568326,5307.428223
22,0.991857,0.563099,5557.008301
23,0.988873,0.557714,5789.886719
24,0.988552,0.554203,6039.540039
25,0.009194,0.545096,6288.993652
26,0.011237,0.541110,6538.653809
27,0.012871,0.535783,6788.111816
28,0.002944,0.518622,7021.106934
29,0.977795,0.489918,7270.672852
30,0.953585,0.470902,7520.232910
31,0.929901,0.446711,7769.757812
32,0.900518,0.421331,8002.757324
33,0.871854,0.403579,8252.234375
34,0.843427,0.387902,8501.893555
35,0.814418,0.369397,8751.362305
36,0.776735,0.351471,9000.956055
37,0.723528,0.349404,9250.626953
38,0.657772,0.361318,9500.060547
39,0.598117,0.377404,9782.974609
40,0.558099,0.377221,10032.491211
41,0.539155,0.366520,10282.052734
42,0.526897,0.347932,10531.607422
43,0.514449,0.340122,10764.599609
44,0.510864,0.336565,11047.426758
45,0.509322,0.354667,11280.274414
46,0.498001,0.371915,11529.955078
47,0.488254,0.367372,11779.462891
48,0.485549,0.343588,12012.444336
49,0.493191,0.312267,12261.908203
50,0.506562,0.279691,12511.541016
51,0.519699,0.269701,12777.648438
52,0.540533,0.268040,13010.626953
53,0.556769,0.286396,13260.115234
54,0.563901,0.321686,13509.740234
55,0.561884,0.379697,13759.261719
56,0.558840,0.458492,14008.927734
57,0.554010,0.518656,14258.360352
58,0.545695,0.543670,14508.041992
59,0.537489,0.561420,14757.636719
60,0.529712,0.599192,15007.151367
61,0.524106,0.645352,15256.727539
62,0.519315,0.677474,15589.450195
63,0.514483,0.696017,15838.971680
64,0.511182,0.702815,16088.641602
65,0.512770,0.704022,16321.437500
66,0.521362,0.704637,16587.726562
67,0.538810,0.690172,16820.619141
68,0.556653,0.649171,17070.173828
69,0.569169,0.605826,17319.724609
70,0.578574,0.584948,17569.324219
71,0.599305,0.569543,17802.205078
72,0.627307,0.554290,18051.814453
73,0.658130,0.536639,18301.281250
74,0.694080,0.519555,18550.945312
75,0.732605,0.510862,18800.511719
76,0.770908,0.505729,19050.076172
77,0.809366,0.498442,19282.949219
78,0.844099,0.470389,19549.142578
79,0.868315,0.451633,19798.792969
80,0.886463,0.439389,20031.640625
81,0.886052,0.431800,20281.283203
82,0.877319,0.428099,20530.779297
83,0.868166,0.427151,20780.378906
84,0.863328,0.425713,21029.900391
85,0.861675,0.426846,21262.888672
86,0.855868,0.427706,21512.396484
87,0.844918,0.424896,21778.601562
88,0.832079,0.422477,22028.144531
89,0.819456,0.421621,22277.730469
90,0.806074,0.422624,22510.574219
91,0.793055,0.423172,22760.236328
92,0.781509,0.423576,23009.867188
93,0.771436,0.425128,23259.326172
94,0.761344,0.425760,23508.992188
95,0.753050,0.425887,23791.679688
96,0.747330,0.426302,24041.349609
97,0.743117,0.427210,24290.800781
98,0.738115,0.426639,24540.476562
99,0.724343,0.423580,24773.351562
0,0.749965,0.412938,-0.000296
1,0.748785,0.466981,266.131378
2,0.746365,0.501022,515.849915
3,0.744021,0.504557,765.276123
4,0.741886,0.498703,1014.962097
5,0.732269,0.476431,1264.344604
6,0.722889,0.379535,1514.022461
7,0.725023,0.290653,1763.515747
8,0.734924,0.229594,2013.078003
9,0.725797,0.184835,2262.763184
10,0.708699,0.151974,2512.198242
11,0.675007,0.133071,2761.893555
12,0.671069,0.106566,3011.389404
13,0.697177,0.101388,3261.061035
14,0.861440,0.158968,3510.488770
15,0.925850,0.247951,3760.052002
16,0.937365,0.317649,4009.599854
17,0.943853,0.391943,4259.162598
18,0.942528,0.458921,4508.737793
19,0.944003,0.512632,4758.283203
20,0.950106,0.540560,5008.029785
21,0.971335,0.562710,5257.394043
22,0.979465,0.574294,5506.895020
23,0.981434,0.579641,5756.525391
24,0.986074,0.577558,6006.194824
25,0.997572,0.572314,6255.691895
26,0.010449,0.573071,6505.250977
27,0.008134,0.557988,6754.861816
28,0.989355,0.494966,7004.371582
29,0.977134,0.433049,7253.931641
30,0.951745,0.367465,7503.489746
31,0.881824,0.267257,7753.057129
32,0.774714,0.204937,8002.659668
33,0.656249,0.217188,8252.233398
34,0.572576,0.309280,8501.789062
35,0.532896,0.432523,8751.334961
36,0.517728,0.518895,9000.867188
37,0.510600,0.579258,9250.450195
38,0.503434,0.606140,9500.052734
39,0.494229,0.596752,9766.251953
40,0.484049,0.569309,10015.794922
41,0.461033,0.531964,10265.339844
42,0.426036,0.507850,10514.836914
43,0.382909,0.464832,10764.423828
44,0.349880,0.457892,11014.094727
45,0.333182,0.478195,11263.542969
46,0.334826,0.478957,11513.220703
47,0.324814,0.496700,11762.666016
48,0.336585,0.495333,12012.276367
49,0.344413,0.503765,12261.884766
50,0.323936,0.535173,12511.426758
51,0.314516,0.545229,12760.924805
52,0.319471,0.533761,13010.506836
53,0.340041,0.490370,13260.059570
54,0.369907,0.431772,13509.645508
55,0.430337,0.382280,13759.277344
56,0.474099,0.361291,14008.739258
57,0.486401,0.354223,14258.403320
58,0.503618,0.357198,14507.892578
59,0.546108,0.375406,14757.480469
60,0.583306,0.396689,15006.982422
61,0.604044,0.392398,15273.281250
62,0.625409,0.379805,15522.749023
63,0.668349,0.368874,15755.730469
64,0.657057,0.368674,16055.263672
65,0.623460,0.388689,16304.718750
66,0.607383,0.404050,16554.337891
67,0.603730,0.418559,16753.933594
68,0.615251,0.446401,17020.224609
69,0.686969,0.502487,17269.681641
70,0.745149,0.516175,17519.324219
71,0.754255,0.515539,17768.796875
72,0.757575,0.481384,18001.720703
73,0.780184,0.377523,18251.343750
74,0.801137,0.351401,18500.908203
75,0.820901,0.360759,18750.441406
76,0.888308,0.447833,19000.087891
77,0.948586,0.553783,19266.328125
78,0.974465,0.584904,19515.759766
79,0.995723,0.592648,19765.421875
80,0.001653,0.593595,20014.876953
81,0.003320,0.597341,20264.554688
82,0.002192,0.598463,20514.093750
83,0.001601,0.598270,20780.296875
84,0.004170,0.596069,21029.789062
85,0.999423,0.583155,21262.769531
86,0.989423,0.541914,21595.550781
87,0.982727,0.512483,21844.970703
88,0.972184,0.477190,22094.664062
89,0.966728,0.452615,22260.966797
90,0.964405,0.432837,22510.587891
91,0.961003,0.408450,22760.113281
92,0.950201,0.380135,23009.736328
93,0.938055,0.342751,23259.232422
94,0.935198,0.320409,23508.865234
95,0.933764,0.311305,23758.382812
96,0.932107,0.310862,24007.927734
97,0.931579,0.316775,24274.054688
98,0.916683,0.362927,24507.048828
99,0.894254,0.414991,24756.591797
0,0.751799,0.545510,-0.000625
1,0.751967,0.530515,266.189362
2,0.736051,0.460601,515.757690
3,0.729765,0.405515,765.275635
4,0.732053,0.362021,1014.850220
5,0.730595,0.331587,1264.502075
6,0.730715,0.317777,1513.990479
7,0.729779,0.283675,1763.587036
8,0.732570,0.260965,2013.119629
9,0.734050,0.252663,2262.741211
10,0.736251,0.259996,2512.197998
11,0.740864,0.296970,2761.880615
12,0.744322,0.358043,3011.313721
13,0.746117,0.401836,3261.011475
14,0.745930,0.450566,3510.435547
15,0.745715,0.482564,3760.088867
16,0.745891,0.502353,4009.625000
17,0.745575,0.509493,4259.191895
18,0.746383,0.516315,4508.792480
19,0.743318,0.490383,4758.289551
20,0.745506,0.479038,5008.028320
21,0.746780,0.471044,5257.413574
22,0.748473,0.472839,5507.091309
23,0.751403,0.509916,5756.649902
24,0.751393,0.538233,6006.216309
25,0.751441,0.512557,6255.688477
26,0.752651,0.476494,6505.364258
27,0.753672,0.458589,6754.830078
28,0.751450,0.452241,7004.401855
29,0.750911,0.448088,7253.907715
30,0.754120,0.461623,7503.523926
31,0.757811,0.497281,7753.265625
32,0.757267,0.522288,8002.634277
33,0.757389,0.508594,8252.325195
34,0.756721,0.486028,8501.784180
35,0.755604,0.463026,8751.364258
36,0.755598,0.430235,9000.910156
37,0.754598,0.404214,9250.480469
38,0.754004,0.380035,9500.105469
39,0.756183,0.401401,9766.278320
40,0.755344,0.407745,10015.903320
41,0.754267,0.362739,10265.399414
42,0.750628,0.340446,10515.003906
43,0.747258,0.313518,10764.475586
44,0.743604,0.293208,11014.110352
45,0.743763,0.313703,11280.241211
46,0.741965,0.380765,11529.831055
47,0.735651,0.450936,11795.986328
48,0.731329,0.468713,12028.945312
49,0.740777,0.502212,12278.478516
50,0.740412,0.512221,12511.478516
51,0.735880,0.498611,12760.997070
52,0.736653,0.493588,13010.574219
53,0.735711,0.509442,13260.189453
54,0.706150,0.505026,13509.681641
55,0.662066,0.486692,13775.978516
56,0.630423,0.471113,14008.790039
57,0.607296,0.466424,14275.083008
58,0.594709,0.463298,14524.543945
59,0.575160,0.468023,14757.579102
60,0.536041,0.471730,15023.652344
61,0.509360,0.477979,15273.313477
62,0.494286,0.476056,15522.785156
63,0.489708,0.479979,15755.777344
64,0.489066,0.473211,16021.889648
65,0.494722,0.444011,16254.929688
66,0.489022,0.399783,16504.566406
67,0.490756,0.356324,16754.087891
68,0.501023,0.320267,17003.636719
69,0.506105,0.310812,17253.173828
70,0.502199,0.335963,17502.751953
71,0.501469,0.412618,17752.283203
72,0.491803,0.469997,18001.863281
73,0.450577,0.484472,18251.400391
74,0.405138,0.497749,18600.736328
75,0.372555,0.497518,18750.542969
76,0.336208,0.490171,19083.232422
77,0.306670,0.488630,19316.242188
78,0.285207,0.486376,19565.755859
79,0.280477,0.485016,19815.347656
80,0.282162,0.485403,20048.255859
81,0.306900,0.482956,20297.859375
82,0.365793,0.476337,20530.738281
83,0.414648,0.475561,20780.363281
84,0.440501,0.456745,21013.253906
85,0.455233,0.466083,21262.849609
86,0.479711,0.480880,21512.375000
87,0.500218,0.506032,21761.937500
88,0.522748,0.518732,22011.595703
89,0.536014,0.491533,22261.062500
90,0.552336,0.479321,22543.921875
91,0.549824,0.461376,22776.791016
92,0.531669,0.445834,23009.810547
93,0.511331,0.444221,23292.582031
94,0.498890,0.432700,23542.201172
95,0.519189,0.448123,23775.033203
96,0.548515,0.461363,24024.667969
97,0.563065,0.466748,24274.150391
98,0.581816,0.473390,24507.164062
99,0.598577,0.469444,24756.646484
0,0.749965,0.482564,-0.013093
1,0.749912,0.482799,266.214813
2,0.749127,0.483271,515.856812
3,0.748469,0.484106,765.393921
4,0.749116,0.483898,1014.958740
5,0.751532,0.482792,1264.506958
6,0.754800,0.477751,1514.103516
7,0.766739,0.456362,1763.598145
8,0.781196,0.427704,2013.192017
9,0.796223,0.403008,2262.739258
10,0.810927,0.384834,2512.424561
11,0.824859,0.351593,2761.806396
12,0.831598,0.307093,3011.459961
13,0.835010,0.268406,3261.102539
14,0.845996,0.240018,3510.603027
15,0.862957,0.221624,3760.198975
16,0.885027,0.211165,4009.705322
17,0.905915,0.196131,4259.318359
18,0.922878,0.176342,4508.781738
19,0.930746,0.149463,4758.432617
20,0.932299,0.138334,5007.992676
21,0.942098,0.150246,5257.563477
22,0.951845,0.206055,5507.025879
23,0.958477,0.287111,5756.773926
24,0.955533,0.369304,6006.151855
25,0.957676,0.439643,6255.795410
26,0.970981,0.471847,6505.291992
27,0.988078,0.484766,6754.889648
28,0.999271,0.497982,7004.555176
29,0.021614,0.506823,7253.993164
30,0.043828,0.513204,7503.631836
31,0.049365,0.521965,7753.184570
32,0.051890,0.526875,8002.735352
33,0.050807,0.526029,8252.231445
34,0.050382,0.526349,8501.913086
35,0.050136,0.528455,8751.407227
36,0.049234,0.528091,9001.017578
37,0.048257,0.527044,9250.540039
38,0.047225,0.524170,9500.170898
39,0.042998,0.516277,9766.376953
40,0.038217,0.503116,10015.844727
41,0.038628,0.506326,10265.505859
42,0.041023,0.511591,10515.039062
43,0.042160,0.513056,10847.710938
44,0.044614,0.512258,11097.333008
45,0.049334,0.510492,11346.839844
46,0.057045,0.509348,11579.862305
47,0.067694,0.506908,11829.308594
48,0.092187,0.500905,12062.334961
49,0.117596,0.499086,12311.833008
50,0.139681,0.496721,12561.418945
51,0.162688,0.497872,12794.312500
52,0.184006,0.500856,13060.549805
53,0.199617,0.501598,13293.425781
54,0.204983,0.499270,13543.087891
55,0.207334,0.493334,13792.688477
56,0.207191,0.485803,14025.527344
57,0.208203,0.480873,14275.200195
58,0.210367,0.486127,14541.335938
59,0.211881,0.489723,14774.187500
60,0.210840,0.492338,15023.779297
61,0.207956,0.491357,15273.437500
62,0.205320,0.490856,15522.937500
63,0.201778,0.493440,15755.924805
64,0.198184,0.493334,16005.401367
65,0.184576,0.486645,16254.995117
66,0.170274,0.478607,16504.501953
67,0.152518,0.464432,16754.167969
68,0.138189,0.459891,17003.605469
69,0.122865,0.460981,17286.490234
70,0.105632,0.452315,17536.156250
71,0.091019,0.448370,17785.621094
72,0.075867,0.458676,18035.220703
73,0.057505,0.475991,18268.154297
74,0.045268,0.480563,18534.355469
75,0.028979,0.477219,18767.257812
76,0.017983,0.493725,19016.896484
77,0.003307,0.499425,19282.980469
78,0.970079,0.477037,19516.037109
79,0.944171,0.465920,19765.453125
80,0.910447,0.462253,20015.089844
81,0.864773,0.456327,20264.568359
82,0.834198,0.451181,20547.494141
83,0.799731,0.451984,20763.810547
84,0.763628,0.445666,21013.369141
85,0.709847,0.444163,21262.925781
86,0.650922,0.444682,21512.423828
87,0.604367,0.449799,21795.345703
88,0.560395,0.459034,22044.792969
89,0.526909,0.463332,22261.164062
90,0.504399,0.458334,22510.726562
91,0.492023,0.446160,22760.314453
92,0.483969,0.431572,23026.542969
93,0.485521,0.392251,23259.435547
94,0.488468,0.368902,23542.322266
95,0.493162,0.327081,23775.181641
96,0.494612,0.302797,24024.833984
97,0.494711,0.298452,24274.273438
98,0.494924,0.301798,24523.882812
99,0.495357,0.319412,24773.380859
0,0.749837,0.540955,0.004930
1,0.750044,0.541160,266.235352
2,0.750504,0.534707,515.708801
3,0.760348,0.470207,765.329468
4,0.775948,0.378086,1014.935486
5,0.791586,0.312513,1264.450806
6,0.807102,0.262899,1513.983643
7,0.826622,0.221402,1763.570435
8,0.861425,0.203291,2013.074219
9,0.909111,0.188541,2262.665771
10,0.992020,0.209561,2512.183594
11,0.043408,0.258738,2761.837158
12,0.073142,0.326069,3011.253906
13,0.090353,0.381365,3260.990234
14,0.110952,0.429577,3510.486328
15,0.130434,0.475563,3760.119141
16,0.154713,0.503130,4009.663086
17,0.177275,0.513304,4259.157715
18,0.200925,0.520978,4508.762695
19,0.216377,0.532308,4758.240234
20,0.223069,0.526350,5007.941895
21,0.204465,0.521484,5257.331543
22,0.161315,0.520134,5506.965332
23,0.125137,0.524983,5756.421875
24,0.105411,0.530472,6006.162109
25,0.089117,0.533930,6255.754883
26,0.071534,0.541601,6505.154785
27,0.061621,0.547584,6754.819336
28,0.049531,0.552538,7004.304199
29,0.028859,0.546139,7253.985840
30,0.007892,0.536004,7503.363770
31,0.990526,0.523668,7753.056152
32,0.977038,0.498915,8002.546875
33,0.971287,0.464283,8252.130859
34,0.967856,0.436318,8501.689453
35,0.962000,0.415978,8751.305664
36,0.961250,0.397380,9000.859375
37,0.954109,0.378476,9266.994141
38,0.940949,0.377066,9516.550781
39,0.913823,0.388409,9766.115234
40,0.870573,0.390397,10065.537109
41,0.835133,0.383675,10298.427734
42,0.783473,0.389103,10531.438477
43,0.741160,0.398724,10764.305664
44,0.704873,0.401881,11047.151367
45,0.666035,0.403288,11280.187500
46,0.640850,0.408196,11513.017578
47,0.613201,0.408773,11779.295898
48,0.581689,0.405173,12012.137695
49,0.551380,0.395418,12261.716797
50,0.522716,0.373210,12511.251953
51,0.499061,0.345611,12760.841797
52,0.488910,0.298311,13076.985352
53,0.454451,0.266908,13309.850586
54,0.431774,0.228511,13542.678711
55,0.420329,0.204908,13775.666992
56,0.411895,0.193784,14025.179688
57,0.405110,0.197397,14258.172852
58,0.399284,0.233090,14507.639648
59,0.384508,0.298218,14790.552734
60,0.368701,0.371283,15023.534180
61,0.360224,0.429409,15256.412109
62,0.349555,0.478973,15506.031250
63,0.337602,0.514263,15755.510742
64,0.322212,0.543283,16021.727539
65,0.310558,0.554886,16254.608398
66,0.297765,0.557263,16504.230469
67,0.288321,0.555928,16836.996094
68,0.290661,0.546948,17053.230469
69,0.309366,0.527529,17286.210938
70,0.331481,0.516208,17502.490234
71,0.376348,0.494812,17751.931641
72,0.407432,0.484259,18018.210938
73,0.439877,0.481901,18251.203125
74,0.477048,0.481338,18517.328125
75,0.511675,0.481631,18750.283203
76,0.547865,0.476976,19099.681641
77,0.574545,0.474413,19315.890625
78,0.593035,0.468084,19565.529297
79,0.611508,0.447795,19798.398438
80,0.636233,0.417936,20014.628906
81,0.668631,0.395522,20297.511719
82,0.700660,0.393115,20530.492188
83,0.727241,0.402761,20796.578125
84,0.752547,0.430226,21012.964844
85,0.779141,0.452772,21262.439453
86,0.805996,0.461322,21512.062500
87,0.832568,0.460810,21828.203125
88,0.854868,0.416433,22061.048828
89,0.862380,0.369742,22277.326172
90,0.886503,0.322990,22510.320312
91,0.918726,0.303189,22793.160156
92,0.950650,0.290851,23009.431641
93,0.984919,0.298661,23275.642578
94,0.013747,0.298217,23525.148438
95,0.041787,0.299386,23758.142578
96,0.070941,0.308139,24007.646484
97,0.076557,0.275912,24257.224609
98,0.048372,0.213933,24573.382812
99,0.024820,0.182937,24806.244141
0,0.752729,0.569007,-0.011371
1,0.760021,0.554803,266.216370
2,0.776016,0.536435,515.826355
3,0.798746,0.522565,765.294006
4,0.834673,0.504527,1014.939209
5,0.876125,0.494492,1264.412720
6,0.921230,0.489254,1514.093140
7,0.959444,0.483177,1763.531738
8,0.990177,0.487441,2013.218506
9,0.021718,0.498007,2262.726318
10,0.043913,0.510272,2512.282715
11,0.059367,0.517751,2761.732178
12,0.081230,0.515924,3011.350098
13,0.097912,0.523225,3261.041260
14,0.116067,0.528195,3510.478271
15,0.142024,0.523445,3760.138184
16,0.169811,0.521573,4009.567383
17,0.194046,0.519176,4259.201172
18,0.217639,0.518159,4508.675781
19,0.239852,0.510953,4758.347168
20,0.256896,0.504559,5007.840820
21,0.259249,0.462414,5257.405273
22,0.243858,0.397283,5506.932617
23,0.192908,0.364885,5756.515137
24,0.122971,0.361892,6006.129395
25,0.074557,0.364952,6255.694336
26,0.050298,0.335101,6505.318848
27,0.057634,0.280442,6754.770996
28,0.076864,0.235588,7004.362793
29,0.111327,0.211266,7253.879883
30,0.171033,0.216474,7503.480957
31,0.235452,0.233343,7753.024414
32,0.301643,0.280884,8002.570312
33,0.349455,0.331156,8252.124023
34,0.390250,0.353166,8501.749023
35,0.416521,0.380461,8751.230469
36,0.434126,0.410345,9000.858398
37,0.456760,0.431339,9250.346680
38,0.475408,0.448981,9516.525391
39,0.483625,0.459944,9766.238281
40,0.485076,0.463854,10015.634766
41,0.486891,0.433739,10265.337891
42,0.492608,0.415684,10514.776367
43,0.512366,0.429370,10764.355469
44,0.536026,0.460710,11013.927734
45,0.553462,0.484462,11263.489258
46,0.561285,0.498186,11513.028320
47,0.557006,0.507642,11762.586914
48,0.540609,0.512287,12012.246094
49,0.515365,0.505951,12261.690430
50,0.487807,0.498237,12511.352539
51,0.462319,0.490099,12760.870117
52,0.424047,0.479785,13010.488281
53,0.380603,0.478607,13259.937500
54,0.327783,0.472203,13509.541992
55,0.287691,0.468468,13759.074219
56,0.262722,0.466797,14008.661133
57,0.235577,0.463472,14258.164062
58,0.205884,0.458410,14507.742188
59,0.168229,0.451311,14840.534180
60,0.135684,0.451962,15056.721680
61,0.102691,0.452985,15289.718750
62,0.063612,0.448886,15522.622070
63,0.992041,0.437339,15755.600586
64,0.914462,0.435354,16005.091797
65,0.855968,0.441701,16271.364258
66,0.815739,0.447378,16504.228516
67,0.792354,0.453309,16753.796875
68,0.778531,0.455450,17003.330078
69,0.763353,0.458017,17252.908203
70,0.742372,0.463762,17502.453125
71,0.717230,0.469795,17752.031250
72,0.706212,0.468846,18084.775391
73,0.707408,0.451561,18301.000000
74,0.708731,0.418836,18534.089844
75,0.714907,0.390424,18750.289062
76,0.731546,0.364224,19049.728516
77,0.780211,0.349808,19266.033203
78,0.824611,0.349270,19548.833984
79,0.873227,0.365986,19765.142578
80,0.918266,0.382530,20031.359375
81,0.951040,0.393978,20264.246094
82,0.962801,0.412297,20597.103516
83,0.972988,0.429304,20829.923828
84,0.984693,0.446463,21062.791016
85,0.997880,0.461259,21295.779297
86,0.011495,0.469918,21528.666016
87,0.021561,0.470714,21761.656250
88,0.031146,0.467391,22044.408203
89,0.042539,0.469469,22277.429688
90,0.052492,0.471934,22510.308594
91,0.066737,0.476495,22776.519531
92,0.077413,0.478522,23025.978516
93,0.084272,0.481282,23258.976562
94,0.089575,0.487557,23575.158203
95,0.093113,0.482517,23824.664062
96,0.102560,0.481081,24040.968750
97,0.114560,0.483573,24273.851562
98,0.135277,0.483337,24506.830078
99,0.154397,0.487899,24772.935547
0,0.750311,0.563632,-0.010184
1,0.750790,0.563475,266.173981
2,0.753810,0.560078,515.746338
3,0.760496,0.552873,765.424927
4,0.760402,0.552314,1014.793396
5,0.759662,0.553635,1264.471558
6,0.759285,0.554770,1513.989868
7,0.761126,0.555817,1763.601074
8,0.770130,0.557073,2013.070801
9,0.791631,0.556628,2262.669922
10,0.821634,0.554966,2512.234375
11,0.858420,0.550570,2761.767822
12,0.897194,0.537491,3011.519287
13,0.939715,0.497044,3260.893555
14,0.980671,0.460042,3510.560303
15,0.030321,0.434104,3760.028320
16,0.054409,0.412049,4009.759277
17,0.058752,0.367439,4259.173828
18,0.056971,0.300748,4508.758789
19,0.051792,0.240899,4758.285645
20,0.043345,0.220799,5007.860840
21,0.039331,0.228428,5257.400879
22,0.041070,0.241407,5506.980957
23,0.043030,0.255141,5756.510742
24,0.042775,0.263193,6006.150391
25,0.039096,0.267606,6255.732422
26,0.036768,0.273304,6505.291016
27,0.028858,0.296474,6754.856934
28,0.018910,0.352052,7004.451172
29,0.007876,0.451021,7253.948730
30,0.003919,0.529772,7503.510254
31,0.000476,0.577367,7753.080078
32,0.003420,0.610371,8002.570801
33,0.992336,0.634108,8252.243164
34,0.959086,0.639555,8501.746094
35,0.927258,0.636849,8751.416992
36,0.903248,0.642011,9000.852539
37,0.883822,0.652505,9250.475586
38,0.863299,0.651540,9500.130859
39,0.839047,0.645344,9766.228516
40,0.821099,0.644401,10015.787109
41,0.788204,0.623271,10265.285156
42,0.742255,0.576545,10514.956055
43,0.708755,0.550017,10764.461914
44,0.672513,0.539545,11014.081055
45,0.607198,0.525013,11263.597656
46,0.543662,0.512033,11513.164062
47,0.508431,0.510783,11762.764648
48,0.495579,0.521744,12012.328125
49,0.496699,0.533851,12262.016602
50,0.486735,0.539096,12511.457031
51,0.468167,0.531371,12761.002930
52,0.388386,0.557472,13010.560547
53,0.323267,0.611527,13260.168945
54,0.294231,0.621342,13509.626953
55,0.279277,0.614328,13759.235352
56,0.270092,0.606837,14008.768555
57,0.269884,0.587144,14258.482422
58,0.274464,0.567706,14507.852539
59,0.267210,0.564004,14757.555664
60,0.261508,0.568390,15007.152344
61,0.243386,0.581011,15256.595703
62,0.215648,0.592763,15506.270508
63,0.197939,0.598384,15755.746094
64,0.193208,0.603346,16005.354492
65,0.197600,0.608392,16254.870117
66,0.192012,0.626961,16504.529297
67,0.167672,0.666649,16754.007812
68,0.169236,0.682829,17003.585938
69,0.173266,0.682796,17253.113281
70,0.176841,0.686012,17502.718750
71,0.179270,0.689464,17752.230469
72,0.183357,0.689854,18001.853516
73,0.186316,0.687943,18251.449219
74,0.220311,0.679410,18500.970703
75,0.359205,0.599096,18750.435547
76,0.443367,0.572930,19000.095703
77,0.486214,0.574836,19266.328125
78,0.531025,0.563905,19515.851562
79,0.563182,0.554103,19765.445312
80,0.570231,0.552399,20014.919922
81,0.566734,0.550919,20264.566406
82,0.564864,0.550953,20514.199219
83,0.598948,0.549288,20763.658203
84,0.655340,0.551173,21013.335938
85,0.722756,0.558588,21262.861328
86,0.773961,0.565764,21512.527344
87,0.830320,0.569365,21761.898438
88,0.871309,0.565791,22011.591797
89,0.881354,0.554719,22261.017578
90,0.917386,0.552914,22510.650391
91,0.943687,0.562162,22760.115234
92,0.976959,0.575486,23009.857422
93,0.990828,0.587313,23259.255859
94,0.016691,0.601756,23508.888672
95,0.019270,0.602812,23758.488281
96,0.010710,0.604570,24008.048828
97,0.991492,0.607254,24257.591797
98,0.985194,0.612451,24507.089844
99,0.961814,0.612670,24756.712891
0,0.749457,0.464367,0.008822
1,0.748542,0.467076,266.144348
2,0.744178,0.466690,515.835449
3,0.735355,0.454329,765.322998
4,0.742420,0.440650,1014.913696
5,0.755023,0.424458,1264.449463
6,0.772005,0.413817,1513.951294
7,0.796864,0.422097,1763.614258
8,0.830206,0.442009,2013.126465
9,0.870055,0.456769,2262.732666
10,0.902659,0.455369,2512.219482
11,0.944042,0.448598,2761.929688
12,0.975616,0.446807,3011.350342
13,0.988457,0.441121,3260.925049
14,0.000237,0.468114,3510.443359
15,0.006604,0.482429,3760.071045
16,0.006366,0.497961,4009.684082
17,0.024697,0.522522,4259.154785
18,0.029108,0.535081,4508.824707
19,0.033088,0.548002,4758.334473
20,0.051725,0.548341,5007.889648
21,0.068678,0.551525,5257.474609
22,0.071751,0.546904,5507.082520
23,0.080240,0.541724,5756.510254
24,0.114909,0.526398,6006.133301
25,0.134355,0.517049,6255.640625
26,0.133355,0.522343,6505.308105
27,0.125803,0.517597,6754.879395
28,0.109241,0.495177,7004.386719
29,0.090763,0.472324,7254.017578
30,0.072025,0.444924,7503.536621
31,0.053793,0.389197,7753.196289
32,0.038636,0.332079,8002.688477
33,0.021852,0.282648,8252.253906
34,0.008776,0.247530,8501.716797
35,0.991425,0.217758,8751.352539
36,0.985605,0.203759,9000.884766
37,0.983218,0.198654,9250.520508
38,0.984557,0.207335,9516.723633
39,0.982406,0.218838,9766.218750
40,0.980450,0.240752,10015.878906
41,0.979979,0.276483,10265.318359
42,0.980785,0.334134,10514.988281
43,0.984306,0.390298,10764.469727
44,0.982558,0.451883,11014.159180
45,0.982228,0.501531,11263.639648
46,0.989490,0.545034,11513.175781
47,0.004007,0.567330,11762.715820
48,0.019557,0.574154,12012.311523
49,0.015027,0.573601,12261.793945
50,0.996919,0.574200,12511.468750
51,0.942638,0.565559,12761.116211
52,0.899051,0.554299,13010.649414
53,0.861835,0.539278,13260.175781
54,0.825132,0.520645,13509.776367
55,0.799560,0.512431,13759.313477
56,0.779851,0.510037,14008.775391
57,0.755898,0.504439,14258.445312
58,0.731838,0.475944,14507.885742
59,0.698598,0.409511,14757.581055
60,0.680659,0.358853,15007.004883
61,0.670745,0.332297,15256.693359
62,0.653235,0.318241,15506.166992
63,0.621880,0.312394,15755.792969
64,0.599062,0.327536,16005.416992
65,0.581865,0.382385,16254.980469
66,0.563797,0.449481,16504.519531
67,0.553086,0.478869,16753.982422
68,0.547222,0.483429,17003.662109
69,0.534675,0.489228,17253.105469
70,0.519099,0.491181,17502.763672
71,0.501686,0.494920,17752.210938
72,0.484644,0.495848,18001.882812
73,0.471266,0.495205,18251.419922
74,0.459296,0.499515,18501.005859
75,0.445241,0.512883,18750.634766
76,0.425567,0.530809,19000.125000
77,0.408281,0.547286,19266.398438
78,0.405563,0.552469,19515.871094
79,0.407161,0.548408,19765.474609
80,0.410797,0.533762,20015.021484
81,0.414992,0.512744,20264.603516
82,0.419802,0.498530,20514.080078
83,0.426184,0.480656,20763.718750
84,0.436396,0.451572,21029.978516
85,0.449378,0.415597,21262.828125
86,0.462352,0.384395,21512.476562
87,0.473206,0.360829,21761.943359
88,0.482251,0.342828,22028.154297
89,0.484585,0.339137,22261.058594
90,0.488062,0.340348,22510.675781
91,0.493587,0.342365,22760.173828
92,0.496582,0.342795,23009.810547
93,0.499102,0.343091,23259.261719
94,0.497765,0.346853,23508.960938
95,0.492460,0.361135,23758.382812
96,0.480451,0.388760,24024.693359
97,0.467121,0.421104,24274.275391
98,0.454340,0.455153,24507.156250
99,0.447580,0.475864,24773.367188
0,0.750083,0.535802,-0.007720
1,0.749922,0.536005,266.068634
2,0.746485,0.524381,515.688110
3,0.735226,0.461601,765.169189
4,0.730052,0.422418,1014.825256
5,0.721300,0.435245,1264.340698
6,0.697198,0.467820,1513.907104
7,0.675587,0.476713,1763.498047
8,0.648171,0.464887,2013.031738
9,0.619318,0.450634,2262.676270
10,0.600545,0.419720,2512.195312
11,0.583599,0.383648,2761.855469
12,0.570101,0.349749,3011.249023
13,0.558583,0.309390,3260.921631
14,0.551365,0.256758,3510.400879
15,0.550635,0.200455,3759.916748
16,0.559245,0.160590,4009.499268
17,0.567460,0.143705,4259.120117
18,0.570482,0.134851,4508.716309
19,0.576115,0.131425,4758.248535
20,0.642888,0.148460,5007.752930
21,0.737583,0.197556,5257.344727
22,0.804422,0.222148,5506.867676
23,0.849189,0.233689,5756.450195
24,0.879347,0.245375,6006.194824
25,0.899903,0.239221,6255.653320
26,0.914656,0.240249,6505.284180
27,0.934226,0.245718,6754.720703
28,0.948914,0.253269,7004.356445
29,0.935131,0.287454,7253.861816
30,0.912676,0.374978,7503.425781
31,0.901781,0.456982,7752.921387
32,0.892609,0.512389,8002.573730
33,0.873114,0.532103,8252.041016
34,0.828377,0.528768,8501.690430
35,0.781267,0.526939,8751.377930
36,0.754481,0.524663,9000.785156
37,0.751315,0.523897,9250.431641
38,0.756469,0.524944,9516.507812
39,0.790507,0.527481,9766.194336
40,0.812027,0.509910,10015.643555
41,0.825792,0.496528,10281.894531
42,0.841820,0.503610,10531.479492
43,0.857119,0.516239,10764.405273
44,0.866478,0.523086,11013.998047
45,0.878219,0.525049,11263.530273
46,0.898552,0.524967,11513.191406
47,0.925905,0.526256,11762.591797
48,0.948333,0.521957,12012.283203
49,0.969350,0.517548,12261.708008
50,0.987245,0.510560,12511.394531
51,0.996900,0.513807,12844.131836
52,0.007672,0.515384,13010.477539
53,0.023961,0.521277,13326.587891
54,0.041172,0.524743,13576.098633
55,0.048215,0.535666,13809.090820
56,0.043986,0.569463,14058.617188
57,0.034677,0.591203,14291.599609
58,0.028415,0.602519,14541.099609
59,0.022882,0.615294,14774.073242
60,0.027134,0.618538,15023.584961
61,0.036626,0.618360,15256.581055
62,0.053707,0.607236,15506.081055
63,0.073731,0.580910,15755.665039
64,0.084290,0.550782,16038.556641
65,0.093356,0.532231,16288.000000
66,0.110946,0.521182,16521.076172
67,0.121691,0.510267,16770.548828
68,0.121028,0.480527,17020.158203
69,0.115936,0.428804,17253.056641
70,0.119227,0.384595,17535.861328
71,0.124356,0.349937,17768.730469
72,0.133983,0.337284,18018.390625
73,0.169133,0.378919,18251.251953
74,0.206384,0.438067,18517.531250
75,0.221291,0.472093,18750.394531
76,0.231385,0.490618,19016.585938
77,0.237733,0.497443,19266.126953
78,0.244913,0.504819,19515.697266
79,0.254767,0.508090,19765.363281
80,0.271268,0.511861,20014.832031
81,0.285989,0.519309,20347.599609
82,0.298113,0.552584,20597.195312
83,0.336109,0.564030,20846.671875
84,0.370266,0.556863,21079.699219
85,0.395732,0.549794,21345.808594
86,0.418877,0.540021,21578.855469
87,0.431753,0.534216,21828.326172
88,0.438148,0.517214,22077.923828
89,0.437227,0.493051,22327.468750
90,0.444448,0.439281,22577.021484
91,0.431086,0.381269,22809.927734
92,0.418259,0.310270,23076.136719
93,0.404827,0.268730,23325.808594
94,0.374637,0.260951,23558.658203
95,0.319068,0.271059,23824.917969
96,0.272676,0.293508,24074.419922
97,0.253147,0.308784,24323.994141
98,0.247981,0.317790,24556.916016
99,0.259020,0.326218,24806.511719
0,0.750076,0.516885,0.003645
1,0.750109,0.517624,266.279449
2,0.749995,0.518436,515.777100
3,0.750144,0.517962,765.430481
4,0.751410,0.513975,1014.870544
5,0.753538,0.514222,1264.510986
6,0.787731,0.511690,1514.001953
7,0.872235,0.501705,1763.626221
8,0.931215,0.480307,2013.166260
9,0.962792,0.466451,2262.751953
10,0.985827,0.457947,2512.398193
11,0.991621,0.462107,2761.874756
12,0.988205,0.478227,3011.503662
13,0.996970,0.509969,3261.052490
14,0.020978,0.537090,3510.606934
15,0.040840,0.552601,3760.116455
16,0.049943,0.573115,4009.734619
17,0.047037,0.593443,4259.174316
18,0.042748,0.604574,4508.861328
19,0.043058,0.598831,4758.291016
20,0.044984,0.591171,5007.972656
21,0.044365,0.591851,5257.428711
22,0.041862,0.589354,5507.061035
23,0.040850,0.586477,5756.688965
24,0.043532,0.578996,6006.138672
25,0.048583,0.586932,6255.834473
26,0.080659,0.558321,6505.325684
27,0.140427,0.490836,6755.000488
28,0.182431,0.460598,7004.375977
29,0.205727,0.464709,7254.026855
30,0.224870,0.470905,7503.563477
31,0.238565,0.469570,7753.148926
32,0.263846,0.465628,8002.679688
33,0.279240,0.428563,8252.249023
34,0.285827,0.374654,8551.784180
35,0.309523,0.322782,8801.270508
36,0.314322,0.262729,9050.908203
37,0.309578,0.209296,9300.349609
38,0.303831,0.157936,9549.997070
39,0.305325,0.145413,9782.881836
40,0.305933,0.144401,10032.445312
41,0.344773,0.164469,10281.929688
42,0.381707,0.209397,10514.879883
43,0.419746,0.299155,10764.432617
44,0.445483,0.360203,11014.086914
45,0.462497,0.413307,11263.753906
46,0.471808,0.439995,11513.206055
47,0.491344,0.422621,11762.807617
48,0.507786,0.402205,12012.335938
49,0.523807,0.397192,12261.942383
50,0.535325,0.401665,12511.427734
51,0.546233,0.418894,12761.048828
52,0.547874,0.434470,13010.530273
53,0.534663,0.458237,13260.155273
54,0.519940,0.475181,13509.630859
55,0.500866,0.487317,13759.303711
56,0.468489,0.490264,14008.795898
57,0.422074,0.489976,14258.387695
58,0.360390,0.488742,14507.983398
59,0.305535,0.483696,14757.506836
60,0.267452,0.478597,15007.121094
61,0.246636,0.476998,15289.908203
62,0.227469,0.482828,15539.503906
63,0.173661,0.483246,15788.996094
64,0.124123,0.478937,16022.005859
65,0.076222,0.486112,16254.861328
66,0.001894,0.483209,16504.509766
67,0.923746,0.477616,16753.966797
68,0.849210,0.477027,17036.841797
69,0.774627,0.477485,17269.699219
70,0.708823,0.469609,17519.351562
71,0.664811,0.476493,17768.949219
72,0.640051,0.478749,18018.464844
73,0.625747,0.474681,18268.097656
74,0.623757,0.469436,18501.009766
75,0.630141,0.451526,18750.609375
76,0.633925,0.439167,19000.042969
77,0.657418,0.451705,19266.320312
78,0.700895,0.483729,19515.773438
79,0.778468,0.508078,19765.435547
80,0.898871,0.533716,20015.089844
81,0.983653,0.537364,20347.652344
82,0.001272,0.543428,20597.291016
83,0.013496,0.558691,20830.289062
84,0.043727,0.561821,21079.759766
85,0.061812,0.564033,21329.406250
86,0.066879,0.571286,21578.855469
87,0.064802,0.581510,21828.533203
88,0.052295,0.581176,22077.978516
89,0.032051,0.572007,22310.968750
90,0.008282,0.544175,22560.537109
91,0.994208,0.505212,22810.134766
92,0.993748,0.467570,23059.628906
93,0.994665,0.459632,23309.244141
94,0.991311,0.463186,23542.103516
95,0.991001,0.465417,23791.710938
96,0.991679,0.466873,24024.599609
97,0.991218,0.468057,24274.207031
98,0.991200,0.469020,24523.716797
99,0.990865,0.469923,24756.708984
0,0.749545,0.483553,0.004121
1,0.748628,0.490597,266.221252
2,0.747441,0.490571,515.731873
3,0.746884,0.491336,765.300903
4,0.746324,0.491135,1014.857239
5,0.741847,0.487439,1264.496948
6,0.733354,0.479122,1514.017822
7,0.722228,0.464015,1763.656860
8,0.709048,0.437471,2013.148682
9,0.695197,0.399575,2262.678467
10,0.687674,0.379352,2512.329590
11,0.685276,0.373980,2761.806641
12,0.670355,0.390024,3011.407959
13,0.638595,0.441562,3260.916748
14,0.614366,0.485113,3510.503174
15,0.592228,0.498921,3760.077393
16,0.577819,0.502187,4009.630127
17,0.570300,0.505507,4259.284180
18,0.562692,0.489871,4508.810547
19,0.560856,0.453324,4758.406250
20,0.559538,0.418021,5007.907227
21,0.553178,0.386907,5257.464355
22,0.544335,0.354202,5507.002930
23,0.536382,0.332616,5756.560547
24,0.528221,0.318197,6006.150879
25,0.515800,0.318937,6255.807617
26,0.503367,0.330955,6505.356445
27,0.491793,0.363068,6754.867676
28,0.482091,0.403675,7004.428223
29,0.473268,0.448471,7253.951172
30,0.468190,0.486865,7503.517090
31,0.466421,0.517929,7753.079590
32,0.463493,0.547993,8002.692871
33,0.461463,0.558366,8252.265625
34,0.445078,0.555854,8501.795898
35,0.430656,0.551763,8751.426758
36,0.415763,0.547348,9000.935547
37,0.409849,0.544902,9250.465820
38,0.413840,0.542164,9500.045898
39,0.422494,0.545123,9766.313477
40,0.436972,0.544243,10015.842773
41,0.452443,0.544340,10265.376953
42,0.466674,0.545428,10514.922852
43,0.479969,0.543809,10764.510742
44,0.494666,0.541402,11014.062500
45,0.512893,0.538689,11263.631836
46,0.532223,0.536974,11513.253906
47,0.552171,0.535132,11762.791992
48,0.578570,0.532381,12012.343750
49,0.611757,0.525895,12261.903320
50,0.664471,0.515981,12511.500000
51,0.742336,0.495163,12761.028320
52,0.830015,0.487991,13010.595703
53,0.892038,0.499148,13260.147461
54,0.933294,0.520722,13509.777344
55,0.962734,0.568823,13759.247070
56,0.976801,0.598374,14008.823242
57,0.988850,0.671746,14258.387695
58,0.989494,0.757965,14508.001953
59,0.979951,0.794915,14757.544922
60,0.969880,0.829786,15007.150391
61,0.945602,0.861078,15256.722656
62,0.894948,0.886110,15522.883789
63,0.872153,0.902094,15755.767578
64,0.866007,0.909774,16005.341797
65,0.866664,0.911910,16254.927734
66,0.872554,0.917428,16504.458984
67,0.884960,0.922333,16754.058594
68,0.901581,0.924395,17003.638672
69,0.919231,0.923664,17253.185547
70,0.940465,0.923688,17502.712891
71,0.980074,0.923338,17752.298828
72,0.038881,0.916290,18001.888672
73,0.092401,0.903787,18251.414062
74,0.115686,0.897764,18501.000000
75,0.115417,0.907067,18750.548828
76,0.109687,0.916731,19000.136719
77,0.111092,0.918878,19266.343750
78,0.110615,0.917349,19515.886719
79,0.092538,0.904891,19765.480469
80,0.058170,0.889472,20015.003906
81,0.032901,0.877532,20264.560547
82,0.026300,0.867479,20514.144531
83,0.029954,0.860185,20763.705078
84,0.042141,0.856982,21013.263672
85,0.062324,0.852379,21262.832031
86,0.089159,0.847729,21512.394531
87,0.131441,0.840640,21761.982422
88,0.169642,0.832378,22011.605469
89,0.184926,0.828096,22261.093750
90,0.188511,0.810509,22510.638672
91,0.193023,0.800420,22760.214844
92,0.190966,0.798624,23009.746094
93,0.185154,0.788604,23259.408203
94,0.177891,0.764688,23508.923828
95,0.168331,0.726617,23758.511719
96,0.155428,0.679593,24008.089844
97,0.145297,0.590720,24257.607422
98,0.140815,0.524493,24507.167969
99,0.135291,0.501058,24756.705078
0,0.757947,0.571450,0.030616
1,0.772702,0.570042,266.256836
2,0.774229,0.566833,515.777771
3,0.753298,0.562129,765.357605
4,0.719633,0.569009,1014.938599
5,0.682541,0.574865,1264.484985
6,0.651889,0.566769,1514.078857
7,0.630138,0.562562,1763.712646
8,0.605001,0.556850,2013.209839
9,0.567626,0.544295,2262.723633
10,0.535459,0.534750,2512.275635
11,0.515068,0.523481,2761.842773
12,0.522592,0.516742,3011.469238
13,0.536778,0.508265,3260.986328
14,0.554714,0.501924,3510.679443
15,0.581514,0.502494,3760.154541
16,0.619464,0.519490,4009.694580
17,0.657203,0.529415,4259.333984
18,0.681772,0.528758,4508.838867
19,0.712096,0.523918,4758.493164
20,0.749954,0.519392,5007.916992
21,0.772515,0.525477,5257.536133
22,0.787165,0.545488,5507.070801
23,0.812296,0.563560,5756.637695
24,0.839661,0.570875,6006.233887
25,0.854357,0.574954,6255.766602
26,0.860976,0.577122,6505.323730
27,0.864861,0.577986,6754.886230
28,0.862522,0.578533,7004.472656
29,0.856969,0.573458,7253.998535
30,0.852483,0.581745,7503.604004
31,0.847985,0.594464,7753.151855
32,0.845022,0.591364,8002.728027
33,0.842248,0.586550,8252.291016
34,0.842161,0.585979,8501.862305
35,0.848712,0.587054,8751.389648
36,0.852426,0.587040,9000.989258
37,0.861756,0.591166,9250.540039
38,0.862999,0.608156,9500.079102
39,0.860314,0.630671,9766.291016
40,0.853514,0.641624,10015.860352
41,0.847633,0.638674,10265.447266
42,0.846298,0.631394,10514.983398
43,0.849482,0.623417,10764.536133
44,0.857616,0.608130,11014.123047
45,0.860432,0.595530,11280.297852
46,0.859965,0.599853,11513.237305
47,0.854384,0.606587,11762.821289
48,0.849483,0.611137,12012.360352
49,0.842696,0.613006,12261.924805
50,0.830917,0.615124,12511.484375
51,0.820132,0.613862,12761.054688
52,0.810190,0.610910,13010.633789
53,0.804542,0.614765,13260.200195
54,0.810064,0.625648,13509.768555
55,0.828902,0.642352,13759.315430
56,0.841134,0.650045,14008.878906
57,0.845964,0.642033,14258.441406
58,0.854045,0.619493,14508.009766
59,0.861068,0.609544,14757.581055
60,0.870639,0.611161,15007.156250
61,0.880070,0.617694,15256.750977
62,0.890997,0.634247,15506.250977
63,0.900924,0.640388,15755.833984
64,0.906814,0.639429,16005.375000
65,0.907475,0.636667,16254.951172
66,0.904345,0.629816,16504.509766
67,0.918000,0.604701,16754.064453
68,0.947703,0.585646,17003.630859
69,0.965214,0.580147,17253.220703
70,0.001546,0.589400,17502.779297
71,0.054538,0.609704,17752.345703
72,0.085504,0.616277,18001.927734
73,0.109853,0.619344,18251.484375
74,0.136268,0.623296,18501.027344
75,0.166173,0.620380,18750.578125
76,0.196200,0.620387,19000.212891
77,0.210334,0.619750,19282.998047
78,0.207029,0.620799,19515.904297
79,0.187435,0.610029,19765.562500
80,0.142376,0.629253,20015.060547
81,0.006806,0.671838,20264.601562
82,0.946371,0.619265,20514.181641
83,0.901913,0.568887,20763.849609
84,0.855161,0.564276,21013.341797
85,0.829619,0.583892,21262.861328
86,0.824398,0.590101,21512.523438
87,0.825075,0.588114,21762.029297
88,0.828542,0.594217,22011.615234
89,0.828446,0.595344,22261.140625
90,0.827313,0.599392,22510.687500
91,0.825523,0.602158,22760.287109
92,0.825114,0.606061,23009.804688
93,0.825743,0.608336,23259.402344
94,0.826835,0.611143,23508.982422
95,0.827810,0.611136,23758.595703
96,0.830753,0.615619,24008.082031
97,0.832447,0.620559,24257.667969
98,0.832582,0.621575,24507.212891
99,0.831968,0.621450,24756.783203
0,0.749694,0.538761,-0.002048
1,0.749517,0.538601,266.279022
2,0.749167,0.539212,515.769714
3,0.748732,0.539014,765.386780
4,0.731097,0.542439,1014.871582
5,0.700336,0.546057,1264.484009
6,0.678876,0.551313,1514.041870
7,0.660699,0.547976,1763.563599
8,0.648547,0.530795,2013.126709
9,0.632098,0.510071,2262.683105
10,0.616557,0.507918,2512.330078
11,0.611692,0.515866,2761.818115
12,0.614511,0.523606,3011.428467
13,0.636747,0.532324,3260.991699
14,0.661019,0.534751,3510.500000
15,0.679220,0.539757,3760.160645
16,0.705879,0.540069,4009.638672
17,0.727413,0.542567,4259.248047
18,0.737878,0.546311,4508.758301
19,0.743046,0.548620,4758.378906
20,0.747725,0.549479,5007.937012
21,0.765975,0.544396,5257.442871
22,0.789374,0.541274,5507.046875
23,0.816088,0.540115,5756.629883
24,0.846402,0.539068,6006.197266
25,0.880641,0.537398,6255.695312
26,0.908649,0.536445,6505.323242
27,0.929801,0.540368,6754.833984
28,0.948831,0.545112,7004.431152
29,0.969549,0.552621,7254.009766
30,0.992173,0.558884,7503.660645
31,0.008741,0.563605,7753.170410
32,0.023890,0.567686,8002.676758
33,0.037601,0.573541,8252.293945
34,0.039781,0.581959,8501.784180
35,0.035213,0.586982,8751.367188
36,0.029192,0.589841,9000.997070
37,0.011025,0.593064,9250.542969
38,0.987218,0.595454,9500.062500
39,0.970588,0.596444,9766.299805
40,0.967083,0.595379,10015.815430
41,0.971751,0.593067,10265.368164
42,0.980203,0.579573,10514.930664
43,0.993161,0.559301,10764.534180
44,0.004399,0.539564,11014.079102
45,0.013595,0.532877,11263.662109
46,0.019411,0.525284,11513.205078
47,0.022234,0.525408,11762.779297
48,0.023400,0.526713,12012.327148
49,0.022747,0.526405,12261.882812
50,0.023539,0.526519,12511.496094
51,0.025633,0.526878,12761.010742
52,0.026850,0.528583,13010.571289
53,0.028027,0.530165,13260.149414
54,0.027298,0.530284,13509.714844
55,0.024074,0.529613,13759.277344
56,0.008100,0.531068,14008.865234
57,0.999100,0.516261,14258.418945
58,0.002990,0.484736,14507.969727
59,0.001670,0.441935,14757.526367
60,0.996467,0.387129,15007.117188
61,0.995076,0.348543,15256.666016
62,0.998764,0.318145,15506.233398
63,0.000985,0.283478,15755.785156
64,0.003600,0.245704,16005.349609
65,0.001902,0.222615,16254.937500
66,0.002953,0.212854,16504.500000
67,0.005888,0.205367,16754.074219
68,0.007597,0.196948,17003.613281
69,0.008441,0.194101,17253.160156
70,0.007414,0.195638,17502.730469
71,0.014062,0.203194,17752.300781
72,0.034368,0.227139,18001.849609
73,0.064041,0.276928,18251.423828
74,0.096199,0.353811,18501.011719
75,0.120570,0.421526,18750.544922
76,0.135835,0.471102,19000.125000
77,0.152806,0.505729,19266.322266
78,0.170225,0.532012,19515.884766
79,0.181077,0.550034,19765.457031
80,0.190821,0.559824,20015.027344
81,0.196687,0.570147,20264.580078
82,0.198426,0.577282,20514.130859
83,0.197124,0.579800,20763.691406
84,0.200702,0.578637,21013.273438
85,0.207047,0.578831,21262.820312
86,0.211116,0.580481,21512.396484
87,0.217344,0.581020,21761.951172
88,0.225878,0.581091,22011.505859
89,0.238628,0.581240,22261.093750
90,0.254323,0.580588,22510.638672
91,0.277590,0.579486,22760.212891
92,0.303708,0.581399,23009.794922
93,0.316797,0.581393,23259.333984
94,0.332917,0.582011,23508.929688
95,0.344240,0.582718,23758.478516
96,0.361451,0.584438,24008.039062
97,0.379128,0.585862,24257.601562
98,0.397371,0.585211,24507.187500
99,0.411744,0.584438,24756.750000
0,0.745299,0.330024,-0.081836
1,0.728968,0.339167,266.088959
2,0.732032,0.353154,515.731873
3,0.735522,0.366369,765.241577
4,0.735255,0.375919,1014.859253
5,0.703333,0.382212,1264.386963
6,0.645622,0.398254,1513.967651
7,0.581539,0.410447,1763.480347
8,0.521634,0.416398,2013.052490
9,0.501233,0.416232,2262.721680
10,0.521432,0.406059,2512.261963
11,0.525203,0.379816,2761.736084
12,0.519560,0.337325,3011.333496
13,0.526235,0.304844,3260.947510
14,0.528589,0.303488,3510.523926
15,0.526608,0.310465,3759.987549
16,0.526221,0.312405,4009.601074
17,0.530645,0.305586,4259.201660
18,0.550356,0.307750,4508.676270
19,0.629772,0.339512,4758.305664
20,0.716846,0.397130,5007.864258
21,0.783475,0.459372,5257.449707
22,0.824207,0.482543,5506.951172
23,0.835056,0.481691,5756.554688
24,0.833306,0.469289,6006.115234
25,0.818329,0.449403,6255.626953
26,0.807092,0.439741,6505.237305
27,0.802355,0.443241,6754.745117
28,0.802950,0.452662,7004.346191
29,0.806587,0.458837,7253.888184
30,0.821134,0.465853,7503.501953
31,0.830292,0.472188,7753.094238
32,0.827207,0.472738,8002.668945
33,0.823513,0.474702,8252.233398
34,0.821604,0.476474,8501.750977
35,0.823129,0.476873,8751.282227
36,0.824245,0.476314,9000.856445
37,0.830909,0.478141,9250.412109
38,0.848786,0.479618,9516.599609
39,0.874513,0.481653,9766.174805
40,0.902635,0.489863,10015.732422
41,0.915581,0.493924,10265.290039
42,0.927423,0.504449,10514.866211
43,0.927994,0.501979,10764.447266
44,0.941481,0.496135,11013.985352
45,0.961248,0.493965,11263.584961
46,0.979693,0.490418,11513.109375
47,0.002744,0.490278,11762.695312
48,0.025404,0.490029,12012.238281
49,0.042097,0.489149,12261.826172
50,0.043433,0.489528,12511.379883
51,0.043311,0.491654,12760.949219
52,0.039748,0.494016,13010.498047
53,0.013654,0.495970,13260.063477
54,0.962107,0.503008,13509.664062
55,0.899734,0.513756,13759.191406
56,0.838444,0.516207,14008.764648
57,0.780579,0.525045,14258.338867
58,0.733263,0.561536,14507.875977
59,0.689397,0.577698,14757.443359
60,0.641733,0.585283,15007.022461
61,0.586631,0.588578,15256.586914
62,0.520135,0.618342,15506.172852
63,0.486784,0.652349,15755.724609
64,0.487031,0.661086,16005.260742
65,0.487314,0.678356,16254.851562
66,0.485994,0.729113,16504.437500
67,0.481503,0.800750,16754.000000
68,0.503408,0.850948,17003.564453
69,0.537166,0.876498,17253.091797
70,0.572959,0.886887,17502.650391
71,0.599149,0.890156,17752.214844
72,0.614723,0.889964,18001.771484
73,0.623232,0.890217,18251.341797
74,0.627324,0.886160,18500.917969
75,0.643759,0.886120,18750.466797
76,0.665245,0.888536,19000.021484
77,0.687243,0.888734,19266.226562
78,0.707826,0.884951,19515.792969
79,0.724776,0.878668,19765.349609
80,0.742569,0.874531,20014.927734
81,0.764452,0.877781,20264.474609
82,0.777646,0.879619,20514.062500
83,0.790255,0.877039,20763.652344
84,0.801812,0.877840,21013.187500
85,0.821383,0.877216,21262.736328
86,0.832041,0.876783,21512.298828
87,0.843937,0.873803,21761.867188
88,0.861536,0.873733,22011.433594
89,0.878887,0.874845,22261.003906
90,0.895018,0.872087,22510.570312
91,0.918749,0.873341,22760.123047
92,0.942050,0.883236,23009.689453
93,0.951331,0.880186,23259.267578
94,0.956704,0.859830,23508.820312
95,0.955999,0.818260,23758.404297
96,0.970335,0.749292,24007.957031
97,0.985839,0.667565,24257.517578
98,0.990939,0.646712,24507.087891
99,0.997379,0.656378,24756.640625
0,0.749990,0.523509,0.000168
1,0.749840,0.524383,266.213196
2,0.730865,0.531925,515.857544
3,0.661107,0.547428,765.347656
4,0.609447,0.559023,1014.876160
5,0.562941,0.550734,1264.421387
6,0.536730,0.536104,1514.022949
7,0.542114,0.538327,1763.570801
8,0.590238,0.514707,2013.120972
9,0.609995,0.444997,2262.711182
10,0.611220,0.402396,2512.293945
11,0.564641,0.383175,2761.799072
12,0.555495,0.313766,3011.387939
13,0.568257,0.291819,3261.014893
14,0.575602,0.304496,3510.582764
15,0.585994,0.317190,3760.095459
16,0.593255,0.326219,4009.659424
17,0.611471,0.318582,4259.244141
18,0.614375,0.305305,4508.759766
19,0.628318,0.290090,4758.448242
20,0.655124,0.268495,5007.881348
21,0.694593,0.241767,5257.568359
22,0.730979,0.230949,5507.050293
23,0.768295,0.223693,5756.618164
24,0.804132,0.210540,6006.166992
25,0.858973,0.210230,6255.791504
26,0.895255,0.220796,6505.292480
27,0.924268,0.260956,6754.857422
28,0.958849,0.361928,7004.405273
29,0.967196,0.459800,7253.945801
30,0.970795,0.514407,7503.582520
31,0.997244,0.539417,7753.190918
32,0.039270,0.556991,8002.693848
33,0.045312,0.574935,8252.266602
34,0.021648,0.582141,8501.865234
35,0.994504,0.580905,8751.389648
36,0.945640,0.573841,9000.916992
37,0.889850,0.562773,9250.528320
38,0.844190,0.549567,9500.037109
39,0.799674,0.538644,9766.314453
40,0.768410,0.534139,10015.829102
41,0.753048,0.533324,10265.399414
42,0.727689,0.537037,10515.030273
43,0.681005,0.550020,10764.508789
44,0.662747,0.624440,11014.084961
45,0.698663,0.732463,11263.695312
46,0.727860,0.780511,11513.168945
47,0.750926,0.805136,11762.752930
48,0.783441,0.814265,12012.345703
49,0.819019,0.834599,12261.945312
50,0.856248,0.844821,12511.489258
51,0.905145,0.836278,12761.001953
52,0.947656,0.834127,13010.592773
53,0.994653,0.839563,13260.160156
54,0.042169,0.840854,13509.747070
55,0.059203,0.835659,13759.268555
56,0.076528,0.822731,14008.855469
57,0.094432,0.805491,14258.382812
58,0.105903,0.792324,14507.959961
59,0.122534,0.771481,14757.550781
60,0.136392,0.698748,15007.090820
61,0.150691,0.616772,15273.299805
62,0.174499,0.564401,15506.241211
63,0.193646,0.532176,15755.828125
64,0.206129,0.513735,16005.335938
65,0.202731,0.497963,16254.908203
66,0.191528,0.483420,16504.457031
67,0.181806,0.475850,16754.130859
68,0.167523,0.480327,17003.632812
69,0.160156,0.486376,17253.169922
70,0.151991,0.493574,17502.779297
71,0.143894,0.496030,17752.316406
72,0.133777,0.481038,18001.857422
73,0.131599,0.437904,18251.398438
74,0.123992,0.398308,18501.035156
75,0.113789,0.386273,18750.599609
76,0.109363,0.375102,19000.144531
77,0.102594,0.362326,19266.326172
78,0.087885,0.350895,19515.994141
79,0.080582,0.350770,19765.431641
80,0.076523,0.357844,20015.029297
81,0.071360,0.364236,20264.558594
82,0.066362,0.366268,20514.218750
83,0.060765,0.362038,20763.763672
84,0.056106,0.357787,21013.287109
85,0.054508,0.356811,21262.826172
86,0.053895,0.358132,21512.416016
87,0.053018,0.360260,21761.939453
88,0.051727,0.355328,22011.535156
89,0.054163,0.335409,22261.113281
90,0.058722,0.312936,22510.619141
91,0.065970,0.292546,22760.189453
92,0.073241,0.258317,23009.748047
93,0.085550,0.209448,23259.351562
94,0.089264,0.173674,23508.941406
95,0.092715,0.152723,23758.500000
96,0.093197,0.146472,24008.080078
97,0.095150,0.146773,24257.593750
98,0.097419,0.145294,24507.189453
99,0.095939,0.142080,24756.691406
0,0.749968,0.633141,-0.047828
1,0.750055,0.634124,266.140564
2,0.749955,0.634498,515.763489
3,0.750350,0.631989,765.293823
4,0.750336,0.617600,1014.921448
5,0.741671,0.594160,1264.479004
6,0.693520,0.582554,1513.993652
7,0.642299,0.589256,1763.546265
8,0.620709,0.598434,2013.101807
9,0.618726,0.604379,2262.752686
10,0.619655,0.606036,2512.231201
11,0.618457,0.609486,2761.812500
12,0.618564,0.612820,3011.363525
13,0.622915,0.600275,3260.960449
14,0.629815,0.545242,3510.559082
15,0.637542,0.465605,3760.083496
16,0.648748,0.415418,4009.638672
17,0.652955,0.398708,4259.202148
18,0.651447,0.390138,4508.727051
19,0.653654,0.331941,4758.339844
20,0.638054,0.280100,5007.910645
21,0.603622,0.261043,5257.432129
22,0.587461,0.263059,5506.991211
23,0.561959,0.303332,5756.551270
24,0.551211,0.350306,6006.122070
25,0.544917,0.376007,6255.699219
26,0.533558,0.380482,6505.384766
27,0.509098,0.363755,6754.915527
28,0.494929,0.324390,7004.439941
29,0.490983,0.294154,7253.939453
30,0.475493,0.307622,7503.532715
31,0.470975,0.362043,7753.096191
32,0.472647,0.447840,8002.648438
33,0.477332,0.541643,8252.298828
34,0.467592,0.594815,8501.762695
35,0.459368,0.616221,8751.390625
36,0.456391,0.613763,9000.898438
37,0.458379,0.614460,9250.507812
38,0.463406,0.629810,9500.085938
39,0.477170,0.648532,9766.264648
40,0.505900,0.658935,10015.778320
41,0.544295,0.659512,10265.417969
42,0.586680,0.658126,10514.979492
43,0.622239,0.706478,10764.589844
44,0.640865,0.788254,11014.037109
45,0.631711,0.849382,11263.615234
46,0.599966,0.886782,11513.230469
47,0.538235,0.916239,11762.737305
48,0.471796,0.937861,12012.347656
49,0.392653,0.952982,12261.894531
50,0.373505,0.954246,12511.550781
51,0.422165,0.953665,12761.009766
52,0.475522,0.945320,13010.609375
53,0.480449,0.942552,13260.138672
54,0.472188,0.948566,13509.697266
55,0.444437,0.959387,13759.268555
56,0.442451,0.962585,14008.805664
57,0.446647,0.962622,14258.407227
58,0.475718,0.957163,14507.914062
59,0.529119,0.936651,14757.552734
60,0.588125,0.898871,15007.086914
61,0.638516,0.817107,15256.679688
62,0.692820,0.722196,15506.207031
63,0.723769,0.651984,15755.851562
64,0.738635,0.604476,16005.361328
65,0.744088,0.585692,16254.878906
66,0.746782,0.580122,16504.548828
67,0.750001,0.590091,16754.007812
68,0.753915,0.604515,17003.623047
69,0.767318,0.601041,17253.132812
70,0.790776,0.559001,17502.740234
71,0.807827,0.509267,17752.275391
72,0.869947,0.532692,18001.816406
73,0.923645,0.561326,18251.382812
74,0.956484,0.587924,18500.988281
75,0.983859,0.601435,18750.580078
76,0.006320,0.600941,19000.076172
77,0.031396,0.598631,19266.291016
78,0.048991,0.593947,19515.933594
79,0.050463,0.581729,19765.423828
80,0.049274,0.558790,20014.980469
81,0.053479,0.524766,20264.544922
82,0.055474,0.463976,20514.107422
83,0.051244,0.408367,20763.742188
84,0.041675,0.329455,21013.220703
85,0.051769,0.280526,21262.791016
86,0.060351,0.241265,21512.462891
87,0.068819,0.212978,21761.929688
88,0.043236,0.203456,22011.513672
89,0.998343,0.225734,22261.068359
90,0.978074,0.268580,22510.720703
91,0.970001,0.311297,22760.169922
92,0.951905,0.374857,23009.785156
93,0.955816,0.439186,23259.306641
94,0.969879,0.491991,23508.886719
95,0.007285,0.520962,23758.488281
96,0.092533,0.535570,24008.035156
97,0.152283,0.551520,24257.578125
98,0.162107,0.565210,24507.144531
99,0.157578,0.571594,24756.736328
0,0.749985,0.492603,-0.012112
1,0.749924,0.492515,266.185608
2,0.749644,0.492309,515.686340
3,0.749783,0.492424,765.219727
4,0.748425,0.491345,1014.805237
5,0.721979,0.487414,1264.381470
6,0.688057,0.486558,1513.972778
7,0.672024,0.497796,1763.519043
8,0.665601,0.513360,2013.088135
9,0.664512,0.517646,2262.656738
10,0.664297,0.473703,2512.267090
11,0.673126,0.397417,2761.768066
12,0.691765,0.327549,3011.321289
13,0.703328,0.268565,3260.877930
14,0.708130,0.227790,3510.398682
15,0.707765,0.188990,3760.072998
16,0.710358,0.163841,4009.494873
17,0.718695,0.157061,4259.189453
18,0.732762,0.148556,4508.732910
19,0.794704,0.155804,4758.272461
20,0.887417,0.216861,5007.727539
21,0.927751,0.297439,5257.464355
22,0.919223,0.386390,5506.965332
23,0.903574,0.476239,5756.464355
24,0.894098,0.528325,6006.182129
25,0.887276,0.537974,6255.637695
26,0.889928,0.529373,6505.271484
27,0.890212,0.525241,6754.738770
28,0.885932,0.526365,7004.357910
29,0.869852,0.522664,7253.853027
30,0.854570,0.522766,7503.455078
31,0.842135,0.525137,7753.025391
32,0.837095,0.509923,8002.628906
33,0.843886,0.484421,8252.220703
34,0.858904,0.469750,8501.703125
35,0.875165,0.466340,8751.404297
36,0.907142,0.463312,9000.825195
37,0.951193,0.486480,9250.479492
38,0.979932,0.529119,9516.533203
39,0.997075,0.544368,9766.155273
40,0.010831,0.542698,10015.719727
41,0.018661,0.539721,10265.300781
42,0.019374,0.540408,10514.970703
43,0.021431,0.538132,10764.457031
44,0.022667,0.535007,11014.027344
45,0.024978,0.519827,11263.489258
46,0.020878,0.453882,11513.108398
47,0.002548,0.354264,11762.664062
48,0.990734,0.277900,12012.268555
49,0.988084,0.236705,12261.777344
50,0.993548,0.227253,12511.398438
51,0.000187,0.237401,12760.959961
52,0.017459,0.289527,13010.521484
53,0.034991,0.360641,13260.020508
54,0.035863,0.390127,13509.652344
55,0.030057,0.350582,13759.234375
56,0.014373,0.277797,14008.700195
57,0.996598,0.230438,14258.311523
58,0.982984,0.197730,14507.857422
59,0.975867,0.183526,14757.512695
60,0.957985,0.188302,15006.932617
61,0.875153,0.177448,15256.655273
62,0.737800,0.160443,15506.083984
63,0.639767,0.176271,15755.653320
64,0.580785,0.229587,16005.223633
65,0.542250,0.293057,16254.791992
66,0.521949,0.339292,16504.394531
67,0.511973,0.351162,16753.904297
68,0.509073,0.337847,17003.583984
69,0.509480,0.333021,17253.050781
70,0.509436,0.336686,17502.681641
71,0.497637,0.343446,17752.218750
72,0.476973,0.361720,18001.787109
73,0.458695,0.404061,18251.292969
74,0.446979,0.471114,18500.941406
75,0.446907,0.539631,18750.361328
76,0.453049,0.590675,19000.017578
77,0.461388,0.634074,19266.283203
78,0.467414,0.675142,19515.767578
79,0.479283,0.734800,19765.363281
80,0.508297,0.787699,20014.884766
81,0.553082,0.821701,20264.451172
82,0.565279,0.837560,20514.000000
83,0.563291,0.837034,20780.208984
84,0.562083,0.833516,21013.068359
85,0.566136,0.842679,21262.703125
86,0.576185,0.869711,21512.197266
87,0.577765,0.893696,21761.816406
88,0.583327,0.912831,22011.335938
89,0.636741,0.946819,22344.175781
90,0.640614,0.962209,22593.652344
91,0.626868,0.969843,22826.654297
92,0.580630,0.968853,23076.212891
93,0.560762,0.965077,23309.183594
94,0.559680,0.961532,23558.634766
95,0.561943,0.959658,23808.302734
96,0.566452,0.958513,24057.787109
97,0.570592,0.958243,24290.812500
98,0.577675,0.958792,24540.261719
99,0.582893,0.959077,24789.953125
0,0.749814,0.489298,-0.011121
1,0.748378,0.492517,266.194000
2,0.748364,0.491984,515.816956
3,0.744094,0.491825,765.273926
4,0.711282,0.491557,1014.863098
5,0.646952,0.498438,1264.411255
6,0.614589,0.502439,1514.036011
7,0.585072,0.486728,1763.568604
8,0.570308,0.435375,2013.137329
9,0.574803,0.364929,2262.795166
10,0.564777,0.301960,2512.289551
11,0.544317,0.250337,2761.829346
12,0.520773,0.217431,3011.383545
13,0.499645,0.197831,3260.960205
14,0.478230,0.172129,3510.482910
15,0.460862,0.157843,3760.081299
16,0.440652,0.152906,4009.683838
17,0.420997,0.154843,4259.216797
18,0.400188,0.153838,4508.754883
19,0.377923,0.151309,4758.364746
20,0.359899,0.157252,5007.872070
21,0.370690,0.190867,5257.455566
22,0.393698,0.289181,5507.031738
23,0.405282,0.380772,5756.625488
24,0.422085,0.461488,6006.166504
25,0.426253,0.523290,6255.692383
26,0.390750,0.523648,6505.367188
27,0.328880,0.506429,6754.875977
28,0.306309,0.505942,7004.425293
29,0.273503,0.492159,7253.951172
30,0.252045,0.493726,7503.582520
31,0.248596,0.496720,7753.106934
32,0.239737,0.505072,8002.636230
33,0.230569,0.517250,8252.249023
34,0.208671,0.521062,8501.794922
35,0.199034,0.526058,8751.333984
36,0.203036,0.519085,9000.898438
37,0.230410,0.487460,9250.484375
38,0.265083,0.477562,9500.037109
39,0.284166,0.481405,9766.250000
40,0.309542,0.483417,10015.780273
41,0.334949,0.482039,10265.352539
42,0.356307,0.483908,10514.937500
43,0.377214,0.498020,10764.581055
44,0.394909,0.511374,11014.092773
45,0.415805,0.510154,11263.714844
46,0.432160,0.498793,11513.187500
47,0.450537,0.464591,11762.738281
48,0.470747,0.439756,12012.312500
49,0.491254,0.484120,12261.866211
50,0.516298,0.531761,12511.533203
51,0.551549,0.569415,12760.976562
52,0.584772,0.634584,13010.607422
53,0.608172,0.632958,13260.132812
54,0.626320,0.703914,13509.678711
55,0.650999,0.808133,13759.297852
56,0.677029,0.852591,14008.867188
57,0.689303,0.871945,14258.432617
58,0.696417,0.882148,14507.946289
59,0.702983,0.897854,14757.547852
60,0.709103,0.906570,15007.070312
61,0.714872,0.914870,15256.627930
62,0.718642,0.915471,15506.200195
63,0.719134,0.915321,15755.838867
64,0.722422,0.915067,16005.357422
65,0.726603,0.914477,16254.878906
66,0.745324,0.910702,16504.527344
67,0.779882,0.906334,16754.003906
68,0.822683,0.897095,17003.623047
69,0.845036,0.886092,17253.171875
70,0.855985,0.871916,17502.789062
71,0.878007,0.866473,17752.277344
72,0.862064,0.851677,18001.843750
73,0.838230,0.827810,18251.455078
74,0.811255,0.728969,18501.035156
75,0.787667,0.550867,18750.648438
76,0.776689,0.482030,19000.087891
77,0.778823,0.493389,19266.277344
78,0.771206,0.493297,19515.898438
79,0.718879,0.482214,19765.455078
80,0.676411,0.484995,20015.027344
81,0.657101,0.466457,20264.644531
82,0.668905,0.420499,20514.175781
83,0.690128,0.365548,20763.710938
84,0.726251,0.344115,21013.222656
85,0.802667,0.347688,21262.869141
86,0.839367,0.366263,21512.380859
87,0.845469,0.413717,21761.917969
88,0.852371,0.487600,22011.542969
89,0.863471,0.515437,22261.111328
90,0.879228,0.514188,22510.658203
91,0.899691,0.453540,22760.232422
92,0.912867,0.356875,23009.773438
93,0.925795,0.302953,23259.296875
94,0.936394,0.275929,23508.882812
95,0.945753,0.270689,23758.474609
96,0.951697,0.276141,24008.044922
97,0.989985,0.342841,24257.632812
98,0.012388,0.422930,24507.158203
99,0.018551,0.478007,24756.806641
0,0.748516,0.488986,-0.003710
1,0.746989,0.486325,266.239532
2,0.747334,0.480204,515.770081
3,0.750591,0.490267,765.389832
4,0.749714,0.491332,1014.900452
5,0.746844,0.493281,1264.471191
6,0.745687,0.490425,1514.041992
7,0.750100,0.491142,1763.561890
8,0.763689,0.494358,2013.160278
9,0.774774,0.496770,2262.733643
10,0.789378,0.499545,2512.273682
11,0.807808,0.502151,2761.920654
12,0.832979,0.505566,3011.386963
13,0.859138,0.506650,3261.056396
14,0.881585,0.507100,3510.507324
15,0.898069,0.503909,3760.137939
16,0.907859,0.502774,4009.671631
17,0.914606,0.497788,4259.209473
18,0.923748,0.492008,4508.778320
19,0.936646,0.490687,4758.392578
20,0.947972,0.489489,5007.947266
21,0.951327,0.479216,5257.454590
22,0.947486,0.451835,5507.141113
23,0.932718,0.408809,5756.583496
24,0.905868,0.354481,6006.189941
25,0.881992,0.321408,6255.699219
26,0.850640,0.309234,6505.319336
27,0.799652,0.300669,6754.869629
28,0.766610,0.302577,7004.433105
29,0.718762,0.314728,7254.040527
30,0.664471,0.328100,7503.524902
31,0.627602,0.342889,7753.147949
32,0.596761,0.351609,8002.655273
33,0.567789,0.357763,8252.268555
34,0.543226,0.367165,8501.828125
35,0.522384,0.383546,8751.338867
36,0.503900,0.410226,9000.896484
37,0.486663,0.427996,9250.508789
38,0.473333,0.444045,9500.056641
39,0.460514,0.454552,9766.282227
40,0.450891,0.456911,10015.785156
41,0.450401,0.456773,10265.442383
42,0.445473,0.460108,10514.913086
43,0.434798,0.460755,10764.534180
44,0.429766,0.458947,11014.102539
45,0.429395,0.458721,11263.651367
46,0.425779,0.458852,11513.228516
47,0.420285,0.465554,11762.756836
48,0.416689,0.468277,12012.389648
49,0.416548,0.467342,12261.875000
50,0.419876,0.470899,12511.450195
51,0.421361,0.476087,12761.007812
52,0.416616,0.474499,13010.657227
53,0.394068,0.468268,13260.175781
54,0.359245,0.471627,13509.732422
55,0.327852,0.473272,13759.313477
56,0.291545,0.480288,14008.815430
57,0.278828,0.473699,14258.412109
58,0.283907,0.444645,14508.000977
59,0.294192,0.420371,14757.514648
60,0.305181,0.407784,15007.139648
61,0.317785,0.409533,15256.689453
62,0.338372,0.413452,15506.272461
63,0.360689,0.440384,15755.785156
64,0.382926,0.459268,16005.333008
65,0.402169,0.467437,16254.891602
66,0.415652,0.474492,16504.533203
67,0.425953,0.476580,16754.035156
68,0.434196,0.482485,17003.710938
69,0.442673,0.490535,17253.187500
70,0.457292,0.512453,17502.728516
71,0.469729,0.535457,17752.283203
72,0.472010,0.543644,18001.855469
73,0.469408,0.551028,18251.503906
74,0.463327,0.561260,18501.013672
75,0.453975,0.565969,18750.560547
76,0.442423,0.568048,19000.085938
77,0.432999,0.565852,19266.402344
78,0.432494,0.556263,19515.855469
79,0.441169,0.535164,19765.460938
80,0.456608,0.501985,20015.048828
81,0.469552,0.485678,20264.673828
82,0.483493,0.473478,20514.189453
83,0.499152,0.462147,20763.701172
84,0.512185,0.461824,21013.250000
85,0.525654,0.468335,21262.818359
86,0.542955,0.465156,21512.373047
87,0.565110,0.457460,21762.037109
88,0.596017,0.456914,22011.494141
89,0.632024,0.456179,22261.212891
90,0.661497,0.455297,22510.632812
91,0.684540,0.453480,22760.228516
92,0.703813,0.456911,23009.767578
93,0.713674,0.453004,23259.322266
94,0.721597,0.445245,23508.927734
95,0.729623,0.437719,23758.496094
96,0.739278,0.423221,24008.046875
97,0.758248,0.416795,24257.572266
98,0.789928,0.425657,24507.173828
99,0.813911,0.436694,24756.708984
0,0.751508,0.483388,-0.000991
1,0.757815,0.487270,266.183014
2,0.769480,0.486606,515.765503
3,0.766488,0.473685,765.360596
4,0.762181,0.479419,1014.830444
5,0.760137,0.486109,1264.435791
6,0.763009,0.472741,1513.949951
7,0.762415,0.452539,1763.515381
8,0.768599,0.441491,2013.125488
9,0.776627,0.448301,2262.731445
10,0.782952,0.460421,2512.297607
11,0.791358,0.477377,2761.784912
12,0.803641,0.489998,3011.433838
13,0.828624,0.495011,3260.921387
14,0.843841,0.497161,3510.490723
15,0.845409,0.496324,3760.058105
16,0.849060,0.494816,4009.617676
17,0.863087,0.499590,4259.210938
18,0.875138,0.501219,4508.720703
19,0.876013,0.506478,4758.377441
20,0.875482,0.509327,5007.883789
21,0.875561,0.515785,5257.523926
22,0.878935,0.525185,5507.012207
23,0.887427,0.531245,5756.583008
24,0.896457,0.532669,6006.109375
25,0.906843,0.534780,6255.667480
26,0.916781,0.535331,6505.253906
27,0.924961,0.532710,6754.809570
28,0.932746,0.530044,7004.394043
29,0.940861,0.524921,7253.968750
30,0.947263,0.521465,7503.557617
31,0.953865,0.518850,7753.087891
32,0.961060,0.516467,8002.601562
33,0.967971,0.514513,8252.228516
34,0.974145,0.511898,8501.791016
35,0.978709,0.508712,8751.366211
36,0.984603,0.508317,9000.875000
37,0.990481,0.509995,9250.541992
38,0.995310,0.511810,9500.069336
39,0.997504,0.511553,9766.214844
40,0.000665,0.515349,10015.761719
41,0.003386,0.520710,10265.360352
42,0.002923,0.522123,10514.895508
43,0.006594,0.524782,10764.505859
44,0.017768,0.521021,11014.044922
45,0.032864,0.519868,11263.635742
46,0.039012,0.521802,11513.182617
47,0.042622,0.512740,11762.720703
48,0.040797,0.498499,12012.389648
49,0.038909,0.497709,12261.856445
50,0.036101,0.495162,12511.451172
51,0.039184,0.491030,12760.961914
52,0.048893,0.488418,13010.525391
53,0.056939,0.486500,13260.100586
54,0.064491,0.481734,13509.665039
55,0.071440,0.473077,13759.318359
56,0.076756,0.460487,14008.812500
57,0.084535,0.452405,14258.384766
58,0.090434,0.439137,14507.908203
59,0.095052,0.414727,14757.600586
60,0.097394,0.376703,15007.034180
61,0.094688,0.340053,15256.606445
62,0.092573,0.297005,15506.231445
63,0.096048,0.259747,15755.776367
64,0.098244,0.232510,16005.283203
65,0.097175,0.216786,16254.893555
66,0.097694,0.207672,16504.458984
67,0.103581,0.203692,16754.042969
68,0.106638,0.204001,17003.597656
69,0.106906,0.203628,17253.126953
70,0.107776,0.201996,17502.722656
71,0.108706,0.205909,17752.337891
72,0.111833,0.211913,18001.814453
73,0.116397,0.214180,18251.384766
74,0.115640,0.222107,18500.992188
75,0.121537,0.242384,18750.572266
76,0.129052,0.247992,19000.097656
77,0.136575,0.264457,19266.289062
78,0.148463,0.293893,19515.876953
79,0.151337,0.328417,19765.425781
80,0.158232,0.351568,20014.996094
81,0.180581,0.367065,20264.539062
82,0.199105,0.385450,20514.123047
83,0.208501,0.403528,20763.669922
84,0.213483,0.433262,21013.316406
85,0.221504,0.462136,21262.828125
86,0.232093,0.481137,21512.433594
87,0.240112,0.494970,21761.896484
88,0.244398,0.504763,22011.498047
89,0.244298,0.507039,22261.062500
90,0.244864,0.508987,22510.625000
91,0.246661,0.510440,22760.185547
92,0.248366,0.510688,23009.787109
93,0.246857,0.507012,23259.318359
94,0.244917,0.497425,23508.841797
95,0.251826,0.486209,23758.443359
96,0.265669,0.498554,24008.058594
97,0.274142,0.499573,24257.548828
98,0.282945,0.510361,24507.144531
99,0.291778,0.518327,24756.671875
0,0.749898,0.531359,-0.017458
1,0.749766,0.532396,266.265961
2,0.749454,0.532301,515.845520
3,0.749724,0.532750,765.328552
4,0.765835,0.515520,1014.914246
5,0.802584,0.478463,1264.453369
6,0.814840,0.473429,1514.019409
7,0.840533,0.499722,1763.621826
8,0.872291,0.519773,2013.197876
9,0.901781,0.536077,2262.744873
10,0.922649,0.537459,2512.251953
11,0.936053,0.521921,2761.856689
12,0.944644,0.528559,3011.419922
13,0.968569,0.549492,3260.998535
14,0.981752,0.558678,3510.519775
15,0.989706,0.566335,3760.137695
16,0.993506,0.574210,4009.728271
17,0.992131,0.574362,4259.198242
18,0.996885,0.569881,4508.775391
19,0.007748,0.569605,4758.347656
20,0.011545,0.566438,5007.907715
21,0.006431,0.557142,5257.472168
22,0.994368,0.535872,5507.012207
23,0.975441,0.498518,5756.604980
24,0.951331,0.483800,6006.149414
25,0.923391,0.462814,6255.827637
26,0.892266,0.431850,6505.333008
27,0.853303,0.395979,6754.869629
28,0.824285,0.380985,7004.433594
29,0.810868,0.393917,7254.025391
30,0.819303,0.438222,7503.554199
31,0.818634,0.453553,7753.100586
32,0.802851,0.454352,8002.677734
33,0.736734,0.448612,8252.271484
34,0.650066,0.445230,8501.841797
35,0.603735,0.442415,8751.367188
36,0.579988,0.448304,9000.946289
37,0.565295,0.450610,9250.498047
38,0.549449,0.452672,9500.060547
39,0.533793,0.450565,9766.263672
40,0.533654,0.453512,10015.805664
41,0.542898,0.444622,10265.385742
42,0.537134,0.401971,10514.958008
43,0.522050,0.374279,10764.513672
44,0.489733,0.377804,11014.075195
45,0.464757,0.421601,11263.660156
46,0.451751,0.438405,11513.193359
47,0.428076,0.447009,11762.778320
48,0.408483,0.445138,12012.335938
49,0.376770,0.417836,12261.912109
50,0.354996,0.426509,12511.459961
51,0.328618,0.436860,12761.071289
52,0.314103,0.445599,13010.616211
53,0.305808,0.449580,13260.145508
54,0.294890,0.448214,13509.728516
55,0.292357,0.450064,13759.313477
56,0.292598,0.451187,14008.833008
57,0.288684,0.448645,14258.413086
58,0.286942,0.448752,14507.996094
59,0.286840,0.447888,14757.572266
60,0.287895,0.448391,15007.121094
61,0.289202,0.448667,15256.680664
62,0.293314,0.449923,15506.250000
63,0.299613,0.453970,15755.819336
64,0.305994,0.458797,16005.365234
65,0.317119,0.463087,16254.934570
66,0.332696,0.466443,16504.480469
67,0.352613,0.470606,16754.080078
68,0.379393,0.474250,17003.617188
69,0.396636,0.478564,17253.193359
70,0.406330,0.485408,17502.746094
71,0.419368,0.483111,17752.292969
72,0.431935,0.483664,18001.898438
73,0.447814,0.485112,18251.437500
74,0.466443,0.486042,18500.980469
75,0.474900,0.488031,18750.556641
76,0.482279,0.489745,19000.152344
77,0.485986,0.493066,19266.341797
78,0.481156,0.505564,19515.923828
79,0.477384,0.512261,19765.451172
80,0.475330,0.516765,20015.042969
81,0.471862,0.520890,20264.572266
82,0.479936,0.521410,20514.164062
83,0.507582,0.532901,20763.697266
84,0.529874,0.535556,21013.255859
85,0.535561,0.533761,21262.855469
86,0.537441,0.534871,21512.382812
87,0.532661,0.539424,21761.943359
88,0.533309,0.543811,22011.556641
89,0.537266,0.543209,22261.095703
90,0.544802,0.545391,22510.652344
91,0.546070,0.546512,22760.210938
92,0.545621,0.548472,23009.773438
93,0.546660,0.548785,23259.355469
94,0.545521,0.549814,23508.968750
95,0.544293,0.548300,23758.503906
96,0.542934,0.542698,24008.076172
97,0.544262,0.544993,24257.609375
98,0.545431,0.545758,24507.203125
99,0.547259,0.544987,24756.730469
0,0.749580,0.560813,0.006956
1,0.746512,0.564660,266.191254
2,0.744768,0.567214,515.811584
3,0.743461,0.571224,765.313110
4,0.758528,0.567787,1014.872131
5,0.807103,0.565862,1264.442505
6,0.856313,0.565148,1514.019409
7,0.902926,0.564280,1763.574097
8,0.924160,0.559513,2013.145996
9,0.930755,0.546169,2262.759033
10,0.943792,0.552249,2512.251465
11,0.962382,0.559089,2761.806641
12,0.984349,0.564952,3011.367432
13,0.006207,0.566312,3260.957275
14,0.028741,0.567468,3510.493164
15,0.031019,0.548145,3760.084961
16,0.022210,0.522069,4009.610107
17,0.010817,0.489587,4259.228027
18,0.001694,0.459209,4508.802734
19,0.993033,0.426990,4758.422852
20,0.983074,0.392925,5007.925293
21,0.972030,0.370753,5257.457031
22,0.944333,0.349799,5507.049805
23,0.894630,0.307801,5756.666504
24,0.843461,0.281114,6006.149902
25,0.810161,0.236051,6255.708984
26,0.795660,0.196665,6505.361328
27,0.782110,0.161249,6754.854980
28,0.770174,0.136778,7004.406738
29,0.756061,0.123596,7254.016113
30,0.758116,0.123637,7503.535156
31,0.761468,0.137320,7753.149414
32,0.729906,0.159000,8002.636719
33,0.667349,0.170434,8252.323242
34,0.626277,0.203918,8501.821289
35,0.583346,0.256565,8751.380859
36,0.561828,0.313940,9000.946289
37,0.567724,0.366354,9250.578125
38,0.604082,0.404579,9500.042969
39,0.642326,0.453880,9766.273438
40,0.684454,0.498191,10015.807617
41,0.729886,0.518219,10265.472656
42,0.752039,0.556402,10514.975586
43,0.739407,0.573381,10764.543945
44,0.716065,0.605685,11014.077148
45,0.688746,0.641618,11263.666992
46,0.669663,0.669509,11513.317383
47,0.653237,0.674560,11762.759766
48,0.617108,0.637995,12012.396484
49,0.584345,0.597159,12261.947266
50,0.563449,0.564769,12511.476562
51,0.540915,0.537980,12760.997070
52,0.528995,0.523009,13010.679688
53,0.527693,0.521622,13260.160156
54,0.526222,0.526876,13509.679688
55,0.517896,0.527099,13759.309570
56,0.519642,0.518076,14008.870117
57,0.516866,0.513472,14258.438477
58,0.517061,0.525650,14507.981445
59,0.523317,0.534459,14757.567383
60,0.521115,0.543078,15007.062500
61,0.505415,0.518350,15256.666992
62,0.497395,0.488217,15506.288086
63,0.494389,0.432983,15755.804688
64,0.491212,0.360586,16005.351562
65,0.477202,0.319311,16254.938477
66,0.466766,0.321745,16504.468750
67,0.439336,0.394760,16754.021484
68,0.413052,0.486939,17003.599609
69,0.416940,0.526420,17253.166016
70,0.424228,0.540523,17502.742188
71,0.430866,0.528553,17752.283203
72,0.431663,0.529439,18001.884766
73,0.431228,0.550964,18251.412109
74,0.474480,0.583802,18500.970703
75,0.537082,0.618903,18750.541016
76,0.538277,0.647060,19000.107422
77,0.519057,0.698094,19266.312500
78,0.516125,0.753131,19515.876953
79,0.507933,0.807986,19765.457031
80,0.494375,0.847309,20014.988281
81,0.476998,0.882037,20264.589844
82,0.464419,0.908591,20514.134766
83,0.468658,0.914381,20763.708984
84,0.466220,0.916205,21013.248047
85,0.468414,0.914306,21262.814453
86,0.471933,0.888222,21512.404297
87,0.433242,0.782793,21761.949219
88,0.390953,0.675319,22011.554688
89,0.363005,0.612656,22261.101562
90,0.355456,0.553241,22510.642578
91,0.354261,0.507890,22760.195312
92,0.368522,0.453440,23009.787109
93,0.384647,0.394520,23259.332031
94,0.400281,0.326254,23508.921875
95,0.401795,0.293149,23758.457031
96,0.384926,0.288400,24008.041016
97,0.352354,0.307906,24257.621094
98,0.307594,0.368060,24507.140625
99,0.283731,0.422771,24756.746094
0,0.749912,0.548053,-0.002297
1,0.749831,0.548004,266.255615
2,0.749475,0.548162,515.798767
3,0.746016,0.544370,765.344910
4,0.708773,0.522482,1014.910095
5,0.669569,0.511529,1264.446533
6,0.638943,0.505583,1514.019653
7,0.614191,0.492577,1763.612061
8,0.579135,0.479710,2013.160156
9,0.545928,0.477262,2262.761475
10,0.530115,0.459042,2512.313232
11,0.526976,0.403663,2761.963867
12,0.524576,0.345499,3011.436523
13,0.524689,0.304140,3260.993408
14,0.524846,0.280706,3510.526367
15,0.519758,0.282005,3760.144531
16,0.505511,0.367957,4009.649414
17,0.497185,0.467929,4259.277832
18,0.488155,0.496689,4508.830566
19,0.469307,0.502872,4758.365723
20,0.447196,0.503271,5007.940430
21,0.441983,0.499250,5257.484863
22,0.444004,0.444564,5507.050781
23,0.463584,0.355446,5756.646973
24,0.496785,0.277420,6006.203125
25,0.519010,0.232139,6255.741699
26,0.532612,0.208701,6505.356934
27,0.533643,0.192367,6754.863770
28,0.545138,0.177320,7004.532715
29,0.559854,0.161011,7254.096680
30,0.576384,0.149777,7503.664551
31,0.621686,0.134873,7753.155273
32,0.646394,0.125820,8002.699219
33,0.675924,0.118277,8252.240234
34,0.716247,0.112043,8501.817383
35,0.772624,0.113042,8751.384766
36,0.835749,0.124577,9000.938477
37,0.889453,0.138180,9250.511719
38,0.938894,0.146629,9500.080078
39,0.983100,0.157713,9766.342773
40,0.988424,0.184638,10015.841797
41,0.979349,0.223591,10265.422852
42,0.966980,0.267921,10514.962891
43,0.948252,0.266309,10764.521484
44,0.916837,0.267717,11014.127930
45,0.909929,0.323617,11263.647461
46,0.902487,0.399405,11513.229492
47,0.901431,0.443675,11762.779297
48,0.911775,0.458312,12012.359375
49,0.937154,0.470407,12261.915039
50,0.959890,0.483316,12511.476562
51,0.982626,0.499049,12761.036133
52,0.997073,0.504761,13010.597656
53,0.006824,0.489079,13260.162109
54,0.014333,0.481508,13509.763672
55,0.024968,0.475390,13759.301758
56,0.041967,0.474383,14008.896484
57,0.058415,0.473007,14258.422852
58,0.074239,0.462233,14508.002930
59,0.089052,0.459672,14757.587891
60,0.104136,0.464549,15007.115234
61,0.118226,0.466502,15256.708984
62,0.130167,0.461022,15506.235352
63,0.140663,0.446061,15755.805664
64,0.149399,0.416933,16005.375977
65,0.155586,0.351403,16254.953125
66,0.157624,0.312768,16504.541016
67,0.171814,0.318273,16754.121094
68,0.202261,0.355187,17003.644531
69,0.223716,0.394553,17253.175781
70,0.231389,0.420818,17502.746094
71,0.243838,0.441018,17752.339844
72,0.262973,0.455799,18001.910156
73,0.264996,0.460931,18251.478516
74,0.244001,0.462812,18501.031250
75,0.193406,0.465244,18750.576172
76,0.137530,0.467880,19000.154297
77,0.083637,0.472011,19266.351562
78,0.037548,0.472367,19515.935547
79,0.998567,0.473226,19765.472656
80,0.950583,0.475634,20015.050781
81,0.895340,0.476719,20264.611328
82,0.847893,0.479872,20514.148438
83,0.808711,0.480884,20763.738281
84,0.773546,0.480441,21013.308594
85,0.741760,0.478732,21262.880859
86,0.710006,0.479038,21512.423828
87,0.680316,0.481061,21761.996094
88,0.649371,0.478033,22011.548828
89,0.618103,0.477324,22261.109375
90,0.578010,0.473801,22510.666016
91,0.544234,0.472707,22760.242188
92,0.513140,0.469694,23009.839844
93,0.484278,0.467609,23259.349609
94,0.458713,0.468171,23508.916016
95,0.442966,0.474764,23758.496094
96,0.457724,0.535593,24008.050781
97,0.494478,0.633912,24257.613281
98,0.525953,0.700380,24507.193359
99,0.543272,0.740277,24756.742188
0,0.749863,0.425421,-0.011240
1,0.750199,0.434837,266.202667
2,0.748418,0.473664,515.726501
3,0.747847,0.518961,765.334473
4,0.749849,0.562942,1014.838379
5,0.749398,0.574014,1264.448364
6,0.755317,0.559819,1514.008301
7,0.778091,0.531112,1763.539185
8,0.789576,0.511312,2013.137817
9,0.796644,0.515042,2262.671387
10,0.794268,0.518966,2512.309814
11,0.798020,0.519277,2761.780273
12,0.812487,0.525970,3011.416748
13,0.847500,0.539860,3260.907715
14,0.888261,0.543863,3510.486328
15,0.924574,0.545973,3760.048828
16,0.972052,0.534138,4009.617432
17,0.011061,0.505149,4259.227051
18,0.053814,0.503352,4508.771973
19,0.098760,0.499304,4758.383789
20,0.138324,0.497245,5007.915527
21,0.161769,0.495051,5257.448242
22,0.183844,0.490542,5506.980957
23,0.198821,0.477975,5756.628418
24,0.226052,0.463359,6006.127441
25,0.283889,0.465694,6255.686523
26,0.322673,0.508531,6505.279297
27,0.323942,0.527065,6754.842773
28,0.313534,0.529176,7004.388672
29,0.242704,0.509919,7253.980957
30,0.144419,0.520808,7503.531738
31,0.068135,0.545035,7753.071777
32,0.032925,0.553243,8002.644043
33,0.013185,0.547657,8252.179688
34,0.994614,0.537246,8501.827148
35,0.968938,0.538576,8751.312500
36,0.933103,0.540112,9000.916992
37,0.888677,0.527201,9250.525391
38,0.842546,0.524342,9500.039062
39,0.804064,0.524771,9766.255859
40,0.759536,0.524801,10015.816406
41,0.727237,0.528535,10265.374023
42,0.705153,0.527096,10514.932617
43,0.685208,0.525368,10764.495117
44,0.658703,0.530141,11014.092773
45,0.682548,0.533876,11263.625000
46,0.717653,0.544100,11513.244141
47,0.711079,0.556893,11762.748047
48,0.624001,0.530957,12012.330078
49,0.551442,0.507814,12261.879883
50,0.517272,0.494754,12511.432617
51,0.493717,0.454859,12761.045898
52,0.489446,0.407061,13010.623047
53,0.503850,0.369441,13260.157227
54,0.518055,0.341949,13509.698242
55,0.547790,0.335077,13759.310547
56,0.610248,0.353197,14008.921875
57,0.657095,0.373695,14258.363281
58,0.677457,0.395160,14507.924805
59,0.699275,0.416659,14757.479492
60,0.726788,0.434755,15007.095703
61,0.750685,0.437201,15256.642578
62,0.759756,0.433839,15506.236328
63,0.758654,0.443557,15755.845703
64,0.777006,0.459215,16005.429688
65,0.797501,0.463825,16254.912109
66,0.788398,0.459047,16504.447266
67,0.766024,0.453645,16754.039062
68,0.733072,0.442721,17003.583984
69,0.685096,0.442780,17253.173828
70,0.660554,0.446478,17502.714844
71,0.656468,0.448344,17752.322266
72,0.661068,0.448621,18001.861328
73,0.667975,0.450141,18251.441406
74,0.675911,0.449177,18500.982422
75,0.689074,0.441087,18750.525391
76,0.713418,0.411145,19000.156250
77,0.733412,0.366187,19266.347656
78,0.738074,0.317447,19515.871094
79,0.734863,0.266047,19765.419922
80,0.723157,0.222647,20014.980469
81,0.715916,0.192488,20264.572266
82,0.719220,0.169222,20514.146484
83,0.723732,0.167174,20763.658203
84,0.729223,0.166419,21013.337891
85,0.747986,0.174609,21262.806641
86,0.826715,0.221468,21512.376953
87,0.902529,0.327635,21761.917969
88,0.932008,0.428383,22011.550781
89,0.937942,0.473497,22261.056641
90,0.933350,0.482718,22510.617188
91,0.895144,0.461133,22760.263672
92,0.807363,0.448982,23009.767578
93,0.714751,0.486168,23259.326172
94,0.655621,0.528428,23508.875000
95,0.608809,0.555104,23758.484375
96,0.548296,0.574001,24007.984375
97,0.496039,0.578566,24257.583984
98,0.473567,0.563379,24507.117188
99,0.467485,0.561587,24756.748047
0,0.763140,0.488336,0.028907
1,0.773104,0.491943,266.256592
2,0.794279,0.515343,515.779541
3,0.858158,0.531206,765.386047
4,0.901902,0.526823,1014.950928
5,0.900859,0.528654,1264.460938
6,0.870324,0.531526,1514.119751
7,0.833139,0.530695,1763.608032
8,0.787763,0.529870,2013.255371
9,0.756629,0.536374,2262.706543
10,0.740517,0.541816,2512.316650
11,0.715760,0.542042,2761.872314
12,0.685571,0.544924,3011.409668
13,0.662648,0.545929,3261.013184
14,0.643620,0.544864,3510.573730
15,0.623020,0.545670,3760.151367
16,0.601988,0.546442,4009.655029
17,0.583138,0.545719,4259.321289
18,0.567302,0.544648,4508.796875
19,0.551832,0.543531,4758.380859
20,0.536171,0.542931,5007.915527
21,0.516403,0.542377,5257.543457
22,0.493045,0.540024,5507.097168
23,0.472384,0.540985,5756.607422
24,0.452880,0.542717,6006.205078
25,0.436656,0.544368,6255.767578
26,0.414443,0.540138,6505.310547
27,0.391593,0.539508,6754.893555
28,0.375032,0.530869,7004.509766
29,0.358826,0.532105,7254.030273
30,0.345878,0.532912,7503.548340
31,0.326707,0.524579,7753.153320
32,0.303760,0.526637,8002.735840
33,0.282614,0.533806,8252.240234
34,0.253075,0.538115,8501.792969
35,0.220691,0.538763,8751.455078
36,0.189392,0.548782,9000.955078
37,0.162562,0.561159,9250.494141
38,0.127072,0.554729,9500.074219
39,0.087607,0.552156,9766.297852
40,0.051752,0.563338,10015.819336
41,0.025170,0.577388,10282.011719
42,0.995645,0.584211,10514.939453
43,0.970479,0.580987,10764.548828
44,0.979662,0.568782,11014.147461
45,0.012839,0.531459,11263.673828
46,0.033974,0.483788,11513.261719
47,0.049313,0.470014,11762.832031
48,0.067611,0.451276,12012.350586
49,0.067216,0.384664,12261.916992
50,0.080266,0.341219,12511.565430
51,0.130588,0.330280,12761.040039
52,0.167351,0.333739,13010.622070
53,0.202157,0.347738,13260.235352
54,0.234657,0.343272,13509.812500
55,0.278626,0.369622,13759.340820
56,0.317857,0.396861,14008.866211
57,0.360947,0.436891,14258.496094
58,0.411135,0.479614,14508.000977
59,0.448681,0.487168,14757.568359
60,0.487314,0.492798,15007.104492
61,0.533281,0.499458,15256.727539
62,0.566579,0.501704,15506.308594
63,0.600140,0.507260,15755.804688
64,0.647637,0.516485,16005.398438
65,0.686492,0.519485,16254.950195
66,0.719743,0.532022,16504.474609
67,0.770366,0.537490,16754.101562
68,0.826832,0.537048,17003.707031
69,0.870904,0.539882,17253.183594
70,0.915933,0.541614,17502.753906
71,0.955251,0.543127,17752.296875
72,0.995220,0.545831,18001.886719
73,0.039000,0.548830,18251.462891
74,0.075200,0.552084,18501.083984
75,0.112401,0.555484,18750.625000
76,0.154995,0.556030,19000.125000
77,0.198238,0.554661,19266.328125
78,0.235494,0.552479,19515.898438
79,0.279978,0.549793,19765.460938
80,0.331705,0.550838,20015.058594
81,0.368882,0.551510,20264.646484
82,0.406242,0.564314,20514.148438
83,0.453224,0.567139,20763.765625
84,0.491921,0.569263,21013.332031
85,0.526577,0.577437,21262.875000
86,0.575750,0.582260,21512.396484
87,0.624053,0.580736,21761.984375
88,0.664243,0.581914,22011.541016
89,0.709714,0.591405,22261.128906
90,0.749828,0.596112,22510.642578
91,0.773375,0.601304,22760.238281
92,0.777233,0.607785,23009.808594
93,0.766896,0.616203,23259.414062
94,0.737898,0.614714,23508.937500
95,0.692936,0.617050,23758.482422
96,0.648332,0.625874,24008.068359
97,0.611486,0.631016,24257.640625
98,0.572823,0.636748,24507.281250
99,0.536632,0.635998,24756.718750
0,0.750180,0.494511,-0.001894
1,0.750450,0.496988,266.216705
2,0.750985,0.499604,515.800659
3,0.751274,0.501375,765.347961
4,0.758586,0.508267,1014.917236
5,0.804395,0.517897,1264.438354
6,0.838953,0.528740,1514.098633
7,0.864971,0.538085,1763.584351
8,0.891723,0.545681,2013.159424
9,0.918773,0.565437,2262.693848
10,0.945432,0.616965,2512.322266
11,0.958200,0.685170,2761.856445
12,0.959107,0.724842,3011.462646
13,0.957663,0.794616,3261.011963
14,0.960739,0.842377,3510.603516
15,0.952869,0.857694,3760.068604
16,0.943300,0.855228,4009.674316
17,0.934356,0.861353,4259.225586
18,0.927048,0.879065,4508.760742
19,0.903956,0.913154,4758.364258
20,0.872681,0.934787,5007.895020
21,0.851128,0.943496,5257.476562
22,0.844379,0.944893,5507.026367
23,0.842280,0.945009,5756.581543
24,0.820724,0.949869,6006.151855
25,0.752564,0.959460,6255.751465
26,0.674958,0.960599,6505.300781
27,0.625928,0.953241,6754.855957
28,0.613835,0.950303,7004.427246
29,0.622079,0.951785,7253.984375
30,0.704388,0.960327,7503.537109
31,0.856098,0.946063,7753.095703
32,0.913611,0.918023,8002.692871
33,0.945067,0.882737,8252.235352
34,0.961254,0.842087,8501.798828
35,0.973690,0.802397,8751.360352
36,0.994185,0.742379,9000.931641
37,0.006836,0.664701,9250.529297
38,0.011512,0.616710,9500.040039
39,0.022896,0.591742,9766.255859
40,0.035156,0.560641,10015.812500
41,0.046066,0.533868,10265.394531
42,0.044828,0.502064,10514.958008
43,0.025037,0.467714,10764.512695
44,0.024280,0.428810,11014.071289
45,0.030565,0.382428,11263.653320
46,0.025919,0.307311,11513.186523
47,0.020229,0.274265,11762.767578
48,0.031570,0.285919,12012.328125
49,0.091560,0.378690,12261.893555
50,0.141509,0.442456,12511.479492
51,0.191179,0.479333,12761.018555
52,0.223298,0.502830,13010.586914
53,0.246131,0.515013,13260.137695
54,0.262726,0.524044,13509.737305
55,0.271633,0.532508,13759.307617
56,0.279990,0.536616,14008.846680
57,0.295777,0.540982,14258.430664
58,0.301288,0.535195,14507.983398
59,0.288126,0.524976,14757.529297
60,0.277239,0.528226,15007.089844
61,0.269003,0.526397,15256.680664
62,0.281521,0.540272,15506.215820
63,0.283569,0.547928,15755.795898
64,0.284382,0.541202,16005.343750
65,0.311545,0.544399,16254.911133
66,0.349200,0.549323,16504.492188
67,0.393030,0.545713,16754.066406
68,0.424298,0.535659,17003.601562
69,0.450355,0.529588,17253.169922
70,0.471861,0.519924,17502.726562
71,0.487064,0.507295,17752.294922
72,0.492481,0.492957,18001.878906
73,0.492677,0.471390,18251.431641
74,0.487695,0.447577,18501.007812
75,0.486428,0.414882,18750.554688
76,0.494108,0.395788,19000.125000
77,0.509753,0.363592,19266.326172
78,0.511440,0.312316,19515.884766
79,0.507586,0.266783,19765.453125
80,0.508476,0.263193,20015.033203
81,0.507483,0.250531,20264.572266
82,0.499342,0.231272,20514.152344
83,0.488113,0.217634,20763.708984
84,0.479157,0.212165,21013.259766
85,0.469927,0.214152,21262.837891
86,0.466111,0.216904,21512.406250
87,0.463667,0.216831,21761.982422
88,0.461925,0.217335,22011.515625
89,0.461317,0.215708,22261.095703
90,0.460893,0.214397,22510.652344
91,0.462770,0.221718,22760.232422
92,0.470843,0.273889,23009.773438
93,0.475927,0.322670,23259.380859
94,0.475969,0.377768,23508.894531
95,0.476276,0.438641,23758.484375
96,0.473754,0.491299,24008.052734
97,0.472522,0.534192,24257.589844
98,0.474579,0.566736,24507.230469
99,0.479605,0.574778,24756.720703
0,0.750161,0.701040,0.034565
1,0.750018,0.696562,266.383545
2,0.749983,0.666616,515.858887
3,0.749817,0.619230,765.432800
4,0.748765,0.572833,1015.035767
5,0.735527,0.543307,1264.582031
6,0.667613,0.537309,1514.182739
7,0.597072,0.533252,1763.618774
8,0.550289,0.545239,2013.352051
9,0.552264,0.551828,2262.811279
10,0.589303,0.480187,2512.368408
11,0.601828,0.437334,2761.904785
12,0.633191,0.416692,3011.509521
13,0.650957,0.401618,3260.954834
14,0.690353,0.388010,3510.590088
15,0.765581,0.346680,3760.294189
16,0.805284,0.341667,4009.817871
17,0.840609,0.381581,4259.354980
18,0.880644,0.472032,4508.894043
19,0.932147,0.573476,4808.354492
20,0.938380,0.615423,5074.590332
21,0.926960,0.655391,5307.462891
22,0.889108,0.775038,5573.707031
23,0.830831,0.843663,5806.586426
24,0.768491,0.857327,6056.158203
25,0.762407,0.867231,6289.023438
26,0.767026,0.881433,6538.706055
27,0.709492,0.895350,6754.924316
28,0.618036,0.884727,7004.573242
29,0.581452,0.887055,7254.023438
30,0.558671,0.890817,7503.664551
31,0.555279,0.890182,7753.125488
32,0.553466,0.877590,8002.665039
33,0.549259,0.876208,8285.574219
34,0.529803,0.839828,8535.144531
35,0.477426,0.691568,8784.654297
36,0.469948,0.627151,9034.229492
37,0.443099,0.583695,9283.915039
38,0.425238,0.543639,9533.412109
39,0.397968,0.535815,9783.006836
40,0.386293,0.525096,10032.488281
41,0.383002,0.498625,10282.133789
42,0.370857,0.483619,10531.599609
43,0.352362,0.473410,10781.202148
44,0.337331,0.477134,11030.728516
45,0.350441,0.546145,11263.686523
46,0.388526,0.618494,11513.194336
47,0.417685,0.725713,11762.830078
48,0.421276,0.749100,12012.304688
49,0.427472,0.778461,12261.925781
50,0.426117,0.803654,12511.583984
51,0.422562,0.830698,12761.055664
52,0.411904,0.854856,13010.697266
53,0.414919,0.865267,13293.401367
54,0.393477,0.879711,13543.076172
55,0.364132,0.783651,13759.271484
56,0.287411,0.641182,14025.547852
57,0.234706,0.553600,14275.063477
58,0.216142,0.519466,14524.642578
59,0.213321,0.505698,14774.310547
60,0.192071,0.502163,15007.159180
61,0.140656,0.525447,15256.642578
62,0.116910,0.544457,15506.280273
63,0.107150,0.553416,15772.482422
64,0.096914,0.560346,16005.379883
65,0.091284,0.565769,16255.010742
66,0.105302,0.572953,16504.468750
67,0.150096,0.572233,16770.712891
68,0.182811,0.561278,17003.583984
69,0.196655,0.534503,17253.248047
70,0.221748,0.521899,17502.716797
71,0.232662,0.482401,17752.326172
72,0.223034,0.410545,18001.839844
73,0.224203,0.354758,18251.443359
74,0.238327,0.320420,18501.091797
75,0.246449,0.309202,18750.552734
76,0.252296,0.302165,19000.197266
77,0.257847,0.288574,19266.314453
78,0.265389,0.271934,19515.923828
79,0.289133,0.226619,19848.652344
80,0.316272,0.193845,20098.193359
81,0.350169,0.208767,20331.156250
82,0.412965,0.279144,20580.638672
83,0.448141,0.341254,20830.326172
84,0.465280,0.350491,21079.773438
85,0.474829,0.317132,21312.777344
86,0.482372,0.285043,21562.292969
87,0.485467,0.275135,21811.886719
88,0.499301,0.267603,22044.742188
89,0.509410,0.332828,22294.417969
90,0.511725,0.417164,22543.884766
91,0.512507,0.474048,22793.498047
92,0.505565,0.516275,23026.408203
93,0.483735,0.564211,23276.031250
94,0.468939,0.594012,23525.613281
95,0.463694,0.576102,23758.500000
96,0.458798,0.562619,24008.085938
97,0.455249,0.512835,24257.601562
98,0.466629,0.476633,24507.251953
99,0.496647,0.426493,24789.947266
0,0.750658,0.508327,0.036852
1,0.751442,0.508818,266.266907
2,0.753741,0.511554,515.852600
3,0.785263,0.524370,765.442139
4,0.824214,0.520950,1014.985596
5,0.839864,0.519532,1264.512939
6,0.845628,0.502374,1514.058716
7,0.843335,0.447482,1763.752930
8,0.838146,0.402457,2013.197632
9,0.837368,0.381660,2262.825928
10,0.841041,0.382462,2512.387939
11,0.850880,0.395267,2761.889404
12,0.892759,0.447302,3011.526123
13,0.931121,0.514975,3261.072021
14,0.947402,0.567878,3510.608643
15,0.968263,0.601337,3760.161133
16,0.978893,0.619724,4009.743408
17,0.982559,0.624484,4259.279785
18,0.982774,0.632517,4508.846680
19,0.980263,0.695585,4758.406250
20,0.971907,0.740916,5007.973633
21,0.948961,0.799008,5257.551270
22,0.927671,0.839257,5507.091309
23,0.920341,0.852382,5756.646973
24,0.905644,0.848397,6006.232910
25,0.895599,0.850072,6255.812500
26,0.885011,0.850102,6505.351074
27,0.872506,0.859318,6754.907227
28,0.857620,0.866002,7004.473633
29,0.840768,0.872497,7254.077148
30,0.830696,0.870475,7503.605957
31,0.831687,0.854231,7753.170898
32,0.833488,0.835385,8002.761230
33,0.833051,0.831396,8252.306641
34,0.834878,0.816309,8501.906250
35,0.836385,0.759735,8751.425781
36,0.833449,0.699507,9001.028320
37,0.827456,0.632624,9250.541992
38,0.821118,0.579584,9500.128906
39,0.796872,0.538560,9766.326172
40,0.756685,0.512620,10015.891602
41,0.734792,0.500823,10265.453125
42,0.730209,0.494292,10515.044922
43,0.728303,0.490600,10764.563477
44,0.711314,0.485297,11014.137695
45,0.656062,0.491247,11263.721680
46,0.634774,0.505159,11513.308594
47,0.630136,0.509394,11762.820312
48,0.632417,0.506110,12012.407227
49,0.651742,0.497925,12261.978516
50,0.680425,0.478500,12511.530273
51,0.704891,0.411873,12761.084961
52,0.711773,0.370269,13010.655273
53,0.715374,0.351826,13260.199219
54,0.735062,0.305392,13509.770508
55,0.748295,0.258742,13759.361328
56,0.757297,0.232937,14008.920898
57,0.764961,0.192122,14258.461914
58,0.770137,0.159239,14508.050781
59,0.770363,0.132704,14757.636719
60,0.743972,0.125368,15007.172852
61,0.684730,0.130059,15256.718750
62,0.642639,0.185248,15506.279297
63,0.597574,0.276888,15755.857422
64,0.565706,0.345191,16005.405273
65,0.536508,0.393566,16254.982422
66,0.498548,0.438234,16504.556641
67,0.482132,0.445743,16754.121094
68,0.476436,0.466927,17003.691406
69,0.465854,0.492155,17253.279297
70,0.461487,0.500063,17502.806641
71,0.460246,0.505007,17752.365234
72,0.458611,0.530398,18001.931641
73,0.453582,0.556568,18251.515625
74,0.454296,0.560923,18501.052734
75,0.452801,0.558179,18750.654297
76,0.444437,0.554887,19000.208984
77,0.435442,0.551457,19266.414062
78,0.426948,0.553134,19515.943359
79,0.410264,0.552947,19765.552734
80,0.394092,0.548650,20015.070312
81,0.379729,0.539783,20264.634766
82,0.368425,0.535639,20514.224609
83,0.358394,0.523214,20763.777344
84,0.337541,0.510838,21013.322266
85,0.323939,0.507740,21262.927734
86,0.317952,0.504768,21512.482422
87,0.305043,0.504962,21762.031250
88,0.289077,0.502817,22011.583984
89,0.284059,0.494565,22261.148438
90,0.288870,0.491145,22510.744141
91,0.294797,0.494794,22760.269531
92,0.300381,0.497514,23009.853516
93,0.313382,0.499431,23259.423828
94,0.335380,0.499967,23508.960938
95,0.358427,0.502899,23758.535156
96,0.377502,0.509265,24008.101562
97,0.397265,0.514573,24257.697266
98,0.414654,0.516172,24507.224609
99,0.426910,0.517001,24756.794922
0,0.749754,0.504228,-0.051952
1,0.749485,0.505210,266.179565
2,0.749939,0.505751,515.693726
3,0.751017,0.507865,765.328979
4,0.752160,0.509046,1014.841675
5,0.757118,0.512445,1264.490723
6,0.759384,0.511593,1513.955566
7,0.758871,0.510886,1763.525146
8,0.756442,0.511324,2013.099365
9,0.759073,0.510877,2262.675049
10,0.785712,0.499816,2512.223633
11,0.815778,0.491903,2761.843994
12,0.836399,0.473230,3011.387695
13,0.851327,0.435526,3260.889893
14,0.870416,0.407030,3510.464600
15,0.895307,0.389563,3760.032471
16,0.913011,0.360340,4009.635742
17,0.928399,0.309354,4259.199707
18,0.949693,0.239298,4508.748535
19,0.960699,0.199415,4758.327148
20,0.984637,0.155454,5007.883301
21,0.056027,0.110886,5257.416504
22,0.096749,0.104025,5507.069824
23,0.117837,0.109491,5756.593750
24,0.143644,0.131872,6006.100586
25,0.159607,0.183154,6255.727051
26,0.163951,0.213875,6505.289062
27,0.154486,0.215080,6754.809082
28,0.103738,0.219709,7004.362793
29,0.051615,0.260616,7253.985840
30,0.023709,0.318104,7503.530273
31,0.011676,0.369612,7753.052246
32,0.005981,0.429301,8002.661133
33,0.005187,0.486384,8252.168945
34,0.018709,0.520904,8501.786133
35,0.039628,0.534984,8751.302734
36,0.050022,0.541795,9000.955078
37,0.052679,0.547571,9250.512695
38,0.045458,0.547999,9500.075195
39,0.026696,0.546561,9766.192383
40,0.003729,0.546106,10015.869141
41,0.980892,0.546175,10265.376953
42,0.952880,0.537337,10514.915039
43,0.914598,0.517412,10764.450195
44,0.875066,0.505123,11014.026367
45,0.848074,0.508985,11263.605469
46,0.815713,0.504587,11513.153320
47,0.772235,0.492962,11762.719727
48,0.732807,0.485360,12012.266602
49,0.702672,0.476327,12261.839844
50,0.673493,0.470676,12511.405273
51,0.645246,0.468522,12760.976562
52,0.618571,0.472618,13010.537109
53,0.588707,0.472841,13260.117188
54,0.558275,0.473197,13509.663086
55,0.528192,0.474244,13759.226562
56,0.501927,0.476786,14008.796875
57,0.478967,0.479178,14258.353516
58,0.465140,0.480966,14507.938477
59,0.459117,0.487782,14757.475586
60,0.457043,0.498456,15007.041016
61,0.457552,0.508744,15256.625977
62,0.455526,0.510100,15506.197266
63,0.455391,0.498229,15755.743164
64,0.454864,0.485392,16005.316406
65,0.455260,0.462014,16254.858398
66,0.463167,0.419449,16504.427734
67,0.482008,0.376640,16754.011719
68,0.503964,0.338219,17003.562500
69,0.517265,0.300631,17253.132812
70,0.515356,0.284989,17502.699219
71,0.485173,0.282254,17752.251953
72,0.437123,0.293718,18001.851562
73,0.398816,0.309188,18251.363281
74,0.367103,0.330291,18500.941406
75,0.336809,0.349744,18750.517578
76,0.312458,0.362858,19000.058594
77,0.287817,0.361650,19266.277344
78,0.260219,0.371735,19515.824219
79,0.236825,0.410325,19765.396484
80,0.238575,0.448153,20014.951172
81,0.236735,0.463555,20264.554688
82,0.244095,0.459036,20514.111328
83,0.277857,0.439686,20763.644531
84,0.314886,0.435113,21013.250000
85,0.341130,0.460019,21262.816406
86,0.350977,0.475163,21512.339844
87,0.348928,0.478006,21761.904297
88,0.341687,0.479909,22011.464844
89,0.329564,0.485732,22261.025391
90,0.299179,0.499154,22510.595703
91,0.245117,0.512952,22760.166016
92,0.190628,0.527910,23009.734375
93,0.169748,0.537059,23259.294922
94,0.168559,0.540077,23508.855469
95,0.172014,0.538014,23758.419922
96,0.172099,0.516149,24007.972656
97,0.176405,0.473115,24257.544922
98,0.181995,0.425560,24507.123047
99,0.194769,0.378667,24756.699219
0,0.739255,0.516181,0.001698
1,0.719914,0.519523,266.260193
2,0.708381,0.522941,515.779907
3,0.701606,0.526884,765.383789
4,0.701720,0.526512,1014.931946
5,0.701673,0.527086,1264.497681
6,0.702121,0.528525,1514.020630
7,0.704336,0.529367,1763.668579
8,0.705022,0.532581,2013.176270
9,0.705593,0.537749,2262.693115
10,0.705672,0.540454,2512.347412
11,0.705647,0.544720,2761.880859
12,0.705649,0.549890,3011.397705
13,0.704502,0.553795,3261.027100
14,0.706059,0.555931,3510.571777
15,0.708719,0.554606,3760.125977
16,0.710758,0.556738,4009.695557
17,0.710806,0.560174,4259.265137
18,0.712147,0.564460,4508.806641
19,0.712140,0.562988,4758.330566
20,0.709577,0.561246,5007.952637
21,0.704147,0.556612,5257.479004
22,0.689891,0.544640,5507.137695
23,0.659973,0.523693,5756.593750
24,0.637614,0.513805,6006.218262
25,0.606133,0.506360,6255.776367
26,0.577807,0.502146,6505.310059
27,0.547233,0.493835,6754.865723
28,0.524784,0.486981,7004.464844
29,0.514003,0.479302,7254.073242
30,0.506790,0.474724,7503.547852
31,0.504118,0.476498,7753.139160
32,0.506951,0.493522,8002.751953
33,0.504021,0.504595,8252.229492
34,0.498840,0.499857,8501.825195
35,0.495692,0.499464,8751.430664
36,0.485046,0.500629,9000.938477
37,0.464610,0.506292,9250.492188
38,0.444213,0.504719,9500.120117
39,0.438005,0.501583,9766.296875
40,0.418928,0.484391,10015.868164
41,0.384476,0.471502,10265.417969
42,0.358989,0.469098,10514.999023
43,0.320257,0.473295,10764.517578
44,0.316600,0.475464,11014.141602
45,0.319100,0.480726,11263.634766
46,0.289366,0.482877,11513.279297
47,0.268087,0.485802,11762.760742
48,0.241442,0.487199,12012.333984
49,0.208361,0.478721,12261.958984
50,0.186823,0.478013,12511.568359
51,0.170978,0.483504,12761.059570
52,0.125661,0.513513,13010.623047
53,0.085747,0.556075,13260.247070
54,0.060921,0.583203,13509.748047
55,0.049023,0.588515,13759.383789
56,0.060622,0.564387,14008.838867
57,0.091706,0.506728,14258.470703
58,0.138497,0.417708,14508.034180
59,0.170250,0.327549,14757.588867
60,0.191547,0.253059,15007.125977
61,0.213145,0.216320,15256.728516
62,0.243948,0.178794,15506.342773
63,0.292558,0.137723,15755.797852
64,0.347749,0.132584,16005.400391
65,0.403610,0.158047,16254.905273
66,0.454544,0.177126,16504.515625
67,0.479847,0.194375,16754.097656
68,0.508819,0.213167,17003.630859
69,0.539602,0.226778,17253.226562
70,0.577953,0.250939,17502.798828
71,0.602637,0.259229,17752.417969
72,0.613967,0.271721,18001.869141
73,0.613091,0.299575,18251.423828
74,0.594920,0.324418,18501.064453
75,0.589349,0.342304,18750.683594
76,0.601318,0.340308,19000.152344
77,0.608875,0.312640,19266.347656
78,0.619355,0.275856,19515.884766
79,0.625790,0.246465,19765.498047
80,0.628289,0.206501,20015.037109
81,0.615569,0.165131,20264.607422
82,0.620085,0.119882,20514.142578
83,0.646704,0.084538,20763.773438
84,0.712664,0.064043,21013.281250
85,0.773796,0.052047,21262.822266
86,0.782496,0.048844,21512.525391
87,0.698705,0.086359,21762.001953
88,0.667671,0.185386,22011.582031
89,0.655095,0.306118,22261.083984
90,0.641271,0.396297,22510.779297
91,0.621824,0.439636,22760.216797
92,0.610182,0.451467,23009.818359
93,0.601235,0.448099,23259.404297
94,0.577940,0.449761,23508.966797
95,0.557508,0.446061,23758.492188
96,0.535883,0.459018,24008.070312
97,0.510356,0.470757,24257.638672
98,0.468498,0.497843,24507.177734
99,0.440550,0.511704,24756.724609
0,0.749948,0.484927,0.023296
1,0.749976,0.485122,266.187653
2,0.750313,0.485031,515.787415
3,0.764946,0.490229,765.304504
4,0.835420,0.512341,1014.908691
5,0.904267,0.532757,1264.485840
6,0.939800,0.524956,1514.096558
7,0.952810,0.507587,1763.642944
8,0.954042,0.516494,2013.154419
9,0.952664,0.521878,2262.783936
10,0.940030,0.530415,2512.254150
11,0.882601,0.546050,2761.856445
12,0.793315,0.551417,3011.447998
13,0.717035,0.546089,3261.057129
14,0.663145,0.527697,3527.204346
15,0.626588,0.509627,3760.100098
16,0.584203,0.492949,4009.769531
17,0.547122,0.492488,4259.271484
18,0.519659,0.502151,4508.811035
19,0.480091,0.513609,4758.392578
20,0.457348,0.517968,5008.003418
21,0.450120,0.518553,5257.494141
22,0.458209,0.515680,5507.060547
23,0.476097,0.511445,5756.630371
24,0.505011,0.500979,6006.229980
25,0.533382,0.487159,6255.759277
26,0.563396,0.477209,6505.340820
27,0.593306,0.476197,6754.944824
28,0.637255,0.477474,7004.454102
29,0.692582,0.491843,7253.980957
30,0.766705,0.521548,7503.609375
31,0.837909,0.521438,7753.210938
32,0.895002,0.518280,8002.707520
33,0.939644,0.507197,8252.278320
34,0.981437,0.483367,8501.833008
35,0.010041,0.441070,8751.390625
36,0.018754,0.407954,9000.919922
37,0.014756,0.381508,9250.563477
38,0.006376,0.357681,9500.136719
39,0.997176,0.334330,9766.310547
40,0.990997,0.321031,10015.897461
41,0.982978,0.309678,10265.425781
42,0.976303,0.294043,10515.001953
43,0.973114,0.285536,10764.515625
44,0.971670,0.283295,11014.104492
45,0.971188,0.282549,11263.658203
46,0.971136,0.281768,11513.245117
47,0.971572,0.284942,11762.773438
48,0.981719,0.311327,12012.365234
49,0.010379,0.389327,12261.926758
50,0.036551,0.474370,12511.481445
51,0.065274,0.522334,12761.015625
52,0.081227,0.531954,13010.630859
53,0.087499,0.548134,13260.201172
54,0.081830,0.555817,13509.722656
55,0.064647,0.557637,13759.278320
56,0.033460,0.548462,14008.842773
57,0.991599,0.535964,14258.433594
58,0.942968,0.537659,14507.962891
59,0.901069,0.542264,14757.549805
60,0.877559,0.545722,15007.156250
61,0.856095,0.555205,15256.766602
62,0.827557,0.549928,15506.278320
63,0.799648,0.537957,15755.803711
64,0.774578,0.537742,16005.362305
65,0.760666,0.541359,16254.919922
66,0.748023,0.523542,16504.484375
67,0.734680,0.485496,16754.052734
68,0.725370,0.482397,17020.314453
69,0.708249,0.485299,17253.224609
70,0.700092,0.495339,17502.835938
71,0.711988,0.504801,17752.312500
72,0.729339,0.508441,18001.894531
73,0.743007,0.516125,18251.427734
74,0.754161,0.524923,18500.984375
75,0.769037,0.529761,18750.648438
76,0.778033,0.536607,19000.128906
77,0.780479,0.540290,19266.333984
78,0.782622,0.541852,19515.931641
79,0.787542,0.545449,19765.482422
80,0.788285,0.549117,20015.039062
81,0.785560,0.551946,20264.630859
82,0.781929,0.556124,20514.150391
83,0.774038,0.560356,20763.722656
84,0.747442,0.561202,21013.298828
85,0.715667,0.560094,21262.845703
86,0.691337,0.561483,21512.416016
87,0.684540,0.560205,21761.982422
88,0.689958,0.570647,22011.535156
89,0.691002,0.571678,22261.109375
90,0.685348,0.571542,22510.681641
91,0.665470,0.572094,22760.232422
92,0.633391,0.568196,23009.779297
93,0.615110,0.566329,23259.353516
94,0.610892,0.564884,23508.917969
95,0.596122,0.564205,23758.472656
96,0.579099,0.555264,24008.060547
97,0.572050,0.546782,24257.611328
98,0.578019,0.541709,24507.158203
99,0.581704,0.533715,24756.734375
0,0.748304,0.498631,-0.020679
1,0.747001,0.500556,266.218750
2,0.745752,0.503668,515.729370
3,0.745880,0.504786,765.305664
4,0.749536,0.502302,1014.854431
5,0.759322,0.490633,1264.441040
6,0.769082,0.480162,1514.036743
7,0.781291,0.480498,1763.568726
8,0.796807,0.483339,2013.196045
9,0.811483,0.483604,2262.721191
10,0.826689,0.485620,2512.233643
11,0.842432,0.487055,2761.848877
12,0.857978,0.487378,3011.379395
13,0.872562,0.485960,3260.917725
14,0.887469,0.483875,3510.530518
15,0.907740,0.469961,3760.155518
16,0.924221,0.454585,4009.667725
17,0.939707,0.429766,4259.210449
18,0.955091,0.398924,4508.771484
19,0.962647,0.385323,4758.372070
20,0.972167,0.384974,5007.940918
21,0.979855,0.389144,5257.474609
22,0.980035,0.394738,5507.004883
23,0.984656,0.407598,5756.607910
24,0.995446,0.431339,6006.121094
25,0.013233,0.456114,6255.795898
26,0.029613,0.480836,6505.275391
27,0.035339,0.494372,6754.888672
28,0.041544,0.503369,7004.420410
29,0.056533,0.504539,7254.024902
30,0.079550,0.502876,7503.541016
31,0.097606,0.500568,7753.088379
32,0.112776,0.497474,8002.709473
33,0.121223,0.500236,8252.276367
34,0.129647,0.503321,8501.830078
35,0.131678,0.506465,8751.340820
36,0.131079,0.509898,9000.939453
37,0.128186,0.512714,9250.503906
38,0.137812,0.517168,9500.074219
39,0.173715,0.522372,9766.231445
40,0.195262,0.524038,10015.828125
41,0.214234,0.525985,10265.382812
42,0.232043,0.528342,10514.998047
43,0.248337,0.532936,10764.500000
44,0.265762,0.541153,11014.131836
45,0.288841,0.564008,11263.659180
46,0.314750,0.597015,11513.177734
47,0.333061,0.621057,11762.794922
48,0.335338,0.621840,12012.340820
49,0.336125,0.625547,12261.909180
50,0.327397,0.680948,12511.419922
51,0.317309,0.720877,12761.022461
52,0.319369,0.724737,13010.572266
53,0.304101,0.751206,13260.163086
54,0.246754,0.801351,13509.708008
55,0.202888,0.823947,13759.271484
56,0.174991,0.816687,14008.852539
57,0.120675,0.818895,14258.376953
58,0.073862,0.818325,14507.983398
59,0.054764,0.815938,14757.498047
60,0.043486,0.819750,15007.099609
61,0.032165,0.820621,15256.651367
62,0.022623,0.821948,15506.263672
63,0.008712,0.822235,15755.772461
64,0.994507,0.823088,16005.350586
65,0.979869,0.823254,16254.963867
66,0.968849,0.822375,16504.498047
67,0.958350,0.822897,16754.046875
68,0.947898,0.822423,17003.664062
69,0.936741,0.822597,17253.156250
70,0.924123,0.822967,17502.802734
71,0.909360,0.823040,17752.281250
72,0.894093,0.823142,18001.882812
73,0.876870,0.823050,18251.515625
74,0.859251,0.823413,18500.996094
75,0.840430,0.815778,18750.533203
76,0.803116,0.753025,19000.187500
77,0.765810,0.674048,19266.410156
78,0.738595,0.606585,19515.855469
79,0.714408,0.571119,19765.417969
80,0.691802,0.571013,20015.031250
81,0.665031,0.572857,20264.607422
82,0.643477,0.568951,20514.230469
83,0.618798,0.569808,20763.679688
84,0.597251,0.570423,21013.291016
85,0.580046,0.568786,21262.802734
86,0.571779,0.531890,21512.371094
87,0.573836,0.467477,21761.923828
88,0.572342,0.418699,22011.498047
89,0.572028,0.390016,22261.087891
90,0.575400,0.362258,22510.646484
91,0.576706,0.339236,22760.253906
92,0.578334,0.328234,23009.761719
93,0.576599,0.334396,23259.318359
94,0.575804,0.355203,23508.921875
95,0.580259,0.370697,23758.494141
96,0.585906,0.377865,24008.031250
97,0.588620,0.383387,24257.566406
98,0.592326,0.390270,24507.169922
99,0.596372,0.395683,24756.734375
0,0.749887,0.482454,0.007285
1,0.749898,0.482140,266.267548
2,0.750269,0.482830,515.794861
3,0.750488,0.484267,765.385254
4,0.769189,0.490946,1014.904419
5,0.825789,0.503248,1264.512695
6,0.865785,0.506566,1514.052002
7,0.879297,0.507210,1763.593140
8,0.902930,0.509065,2013.161255
9,0.934264,0.515081,2262.749268
10,0.940420,0.522159,2512.269287
11,0.954500,0.546459,2761.836182
12,0.960372,0.559543,3011.427490
13,0.961056,0.563428,3260.980957
14,0.950847,0.560154,3510.579102
15,0.920969,0.553810,3760.125977
16,0.831491,0.550147,4009.753906
17,0.711760,0.540267,4259.253906
18,0.620637,0.531701,4508.789551
19,0.572401,0.525301,4758.365723
20,0.556855,0.497941,5007.947266
21,0.540079,0.479535,5257.492188
22,0.525832,0.436233,5507.112793
23,0.516278,0.392687,5756.623535
24,0.510269,0.352796,6006.170410
25,0.504338,0.337594,6255.738770
26,0.504769,0.343663,6505.347656
27,0.511056,0.358825,6754.885254
28,0.523538,0.356055,7004.422852
29,0.519742,0.347527,7254.070312
30,0.512074,0.342907,7503.621582
31,0.506053,0.320585,7753.174805
32,0.499550,0.303303,8002.735352
33,0.497790,0.295731,8252.345703
34,0.502588,0.292792,8501.844727
35,0.507887,0.292194,8751.408203
36,0.508272,0.292995,9000.985352
37,0.508519,0.293018,9250.503906
38,0.509261,0.291295,9500.103516
39,0.509736,0.288267,9766.364258
40,0.509879,0.286846,10015.841797
41,0.510217,0.286879,10265.455078
42,0.510629,0.287418,10514.982422
43,0.510593,0.287917,10764.533203
44,0.510654,0.288203,11014.102539
45,0.510743,0.288042,11263.655273
46,0.510768,0.287764,11513.255859
47,0.510898,0.289020,11762.772461
48,0.511418,0.289793,12012.375000
49,0.511600,0.288718,12261.929688
50,0.511616,0.289168,12511.476562
51,0.512123,0.289269,12761.033203
52,0.512648,0.289808,13010.636719
53,0.525874,0.316518,13260.193359
54,0.541084,0.412581,13509.724609
55,0.545501,0.466108,13759.375000
56,0.549099,0.481203,14008.936523
57,0.578306,0.445644,14258.498047
58,0.623654,0.408808,14508.002930
59,0.624924,0.399142,14757.656250
60,0.625139,0.399898,15007.110352
61,0.628097,0.407477,15256.660156
62,0.635436,0.435608,15506.247070
63,0.663890,0.459538,15755.855469
64,0.694730,0.472052,16005.420898
65,0.696052,0.480349,16254.934570
66,0.689821,0.481384,16504.525391
67,0.688775,0.479742,16754.046875
68,0.690283,0.483090,17003.609375
69,0.624579,0.492293,17253.263672
70,0.541393,0.502222,17502.798828
71,0.529352,0.502632,17752.423828
72,0.525795,0.501966,18001.873047
73,0.515106,0.504692,18251.531250
74,0.490514,0.502966,18501.003906
75,0.458301,0.499473,18750.570312
76,0.418711,0.497959,19000.158203
77,0.378209,0.502821,19266.416016
78,0.347641,0.500084,19515.943359
79,0.316117,0.507073,19765.476562
80,0.276199,0.513726,20015.017578
81,0.252843,0.512080,20264.677734
82,0.238408,0.509255,20514.150391
83,0.221067,0.512214,20763.722656
84,0.203118,0.513946,21013.308594
85,0.186012,0.515497,21262.884766
86,0.166060,0.514630,21512.453125
87,0.135391,0.518897,21761.972656
88,0.095396,0.534823,22011.619141
89,0.085028,0.539563,22261.152344
90,0.078204,0.539185,22510.662109
91,0.078488,0.533961,22760.238281
92,0.084083,0.521287,23009.843750
93,0.085642,0.516318,23259.361328
94,0.086771,0.517475,23508.927734
95,0.088791,0.520234,23758.570312
96,0.090685,0.521669,24008.046875
97,0.091073,0.523077,24257.636719
98,0.090850,0.524359,24507.175781
99,0.090852,0.524815,24756.867188
0,0.745953,0.527803,-0.009981
1,0.739489,0.526601,266.185455
2,0.736290,0.513580,515.836853
3,0.735046,0.493904,765.338379
4,0.738105,0.480803,1014.897400
5,0.747014,0.476672,1264.466919
6,0.756497,0.472645,1514.079712
7,0.772395,0.473682,1763.560669
8,0.789592,0.473640,2013.132568
9,0.810246,0.478821,2262.711426
10,0.833497,0.489107,2512.343018
11,0.862663,0.493357,2761.869629
12,0.893619,0.498314,3011.434570
13,0.920421,0.500931,3260.993896
14,0.942156,0.502641,3510.540527
15,0.964420,0.507814,3760.125488
16,0.981150,0.508104,4009.648193
17,0.997415,0.508414,4259.225098
18,0.017364,0.511384,4508.770020
19,0.036309,0.512985,4758.407227
20,0.060131,0.512360,5007.958984
21,0.084227,0.510183,5257.518555
22,0.106440,0.506810,5507.038086
23,0.128197,0.507026,5756.659668
24,0.148838,0.507285,6006.192871
25,0.168212,0.506592,6255.738770
26,0.187571,0.504705,6505.338379
27,0.203172,0.503664,6754.846680
28,0.220645,0.500597,7004.446289
29,0.241045,0.493954,7253.982910
30,0.261639,0.493921,7503.520996
31,0.284254,0.501408,7753.205566
32,0.309788,0.512600,8002.697754
33,0.329702,0.516545,8252.258789
34,0.349191,0.521789,8501.795898
35,0.369923,0.526679,8751.392578
36,0.392567,0.531185,9000.923828
37,0.409529,0.531877,9250.518555
38,0.428763,0.526462,9500.088867
39,0.449890,0.517635,9766.317383
40,0.470433,0.526866,10015.855469
41,0.488277,0.539722,10265.425781
42,0.507473,0.540188,10514.955078
43,0.525548,0.533031,10764.516602
44,0.540910,0.529189,11014.061523
45,0.550806,0.521248,11263.653320
46,0.559032,0.508951,11513.271484
47,0.573893,0.493415,11762.852539
48,0.551918,0.477212,12012.386719
49,0.505054,0.424379,12261.916016
50,0.465736,0.365188,12511.510742
51,0.427425,0.318994,12761.014648
52,0.392779,0.280769,13010.587891
53,0.350696,0.271614,13260.145508
54,0.328783,0.253697,13509.833984
55,0.310536,0.227257,13759.291992
56,0.290007,0.187106,14008.949219
57,0.270630,0.147037,14258.445312
58,0.261798,0.117968,14507.959961
59,0.260645,0.087240,14757.543945
60,0.273597,0.061334,15007.097656
61,0.279797,0.050938,15256.680664
62,0.242331,0.060502,15506.209961
63,0.211266,0.074236,15755.911133
64,0.182568,0.082342,16005.391602
65,0.147477,0.095228,16254.916992
66,0.111098,0.124212,16504.498047
67,0.086212,0.159074,16754.105469
68,0.060196,0.199919,17003.699219
69,0.041876,0.231434,17253.183594
70,0.028620,0.240377,17502.802734
71,0.023714,0.247977,17752.337891
72,0.007038,0.252876,18001.849609
73,0.982542,0.249323,18251.427734
74,0.964793,0.250584,18501.029297
75,0.964862,0.267947,18750.576172
76,0.965361,0.316197,19000.111328
77,0.962844,0.382143,19266.326172
78,0.954217,0.450911,19515.900391
79,0.952777,0.490289,19765.445312
80,0.984401,0.504000,20015.017578
81,0.008621,0.509377,20264.570312
82,0.022551,0.506181,20514.164062
83,0.051729,0.496482,20763.794922
84,0.073013,0.480183,21013.300781
85,0.081400,0.463527,21262.861328
86,0.049362,0.461728,21512.404297
87,0.981448,0.448188,21761.960938
88,0.914368,0.437382,22011.572266
89,0.860143,0.446434,22261.117188
90,0.829577,0.450095,22510.660156
91,0.807650,0.454044,22760.207031
92,0.795354,0.456156,23009.832031
93,0.772509,0.459384,23259.392578
94,0.749421,0.458607,23508.949219
95,0.722445,0.458485,23758.482422
96,0.697790,0.459946,24008.068359
97,0.701684,0.457375,24257.675781
98,0.713008,0.448419,24507.164062
99,0.723124,0.447328,24756.777344
0,0.750089,0.494203,0.033719
1,0.749955,0.494437,266.287231
2,0.747605,0.495841,515.928528
3,0.707972,0.505099,765.425720
4,0.659107,0.515014,1015.058594
5,0.630280,0.525824,1264.528564
6,0.622509,0.539445,1514.153320
7,0.590610,0.555346,1763.611694
8,0.580487,0.566350,2013.281128
9,0.581534,0.563908,2262.897461
10,0.588776,0.538358,2512.383057
11,0.600253,0.499546,2761.972656
12,0.613625,0.462376,3011.581055
13,0.656017,0.436199,3261.002197
14,0.736891,0.431991,3527.190186
15,0.770979,0.453227,3776.811768
16,0.792651,0.463290,4026.307617
17,0.809135,0.470894,4292.603516
18,0.827680,0.483384,4542.187012
19,0.860118,0.512613,4791.680176
20,0.867029,0.533274,5024.697754
21,0.791867,0.526419,5274.216309
22,0.668869,0.491507,5523.784180
23,0.595466,0.484735,5756.705078
24,0.529366,0.492106,6006.310547
25,0.477469,0.510655,6255.772461
26,0.437312,0.523442,6505.433594
27,0.386578,0.529318,6754.892578
28,0.336721,0.528243,7004.548340
29,0.301593,0.537403,7287.435059
30,0.262791,0.561282,7536.874512
31,0.236252,0.578057,7769.878906
32,0.233988,0.687231,8019.385254
33,0.220270,0.757603,8268.868164
34,0.201936,0.782581,8518.500000
35,0.192387,0.836522,8768.101562
36,0.239732,0.881207,9017.666016
37,0.265505,0.898751,9250.636719
38,0.262064,0.922191,9533.391602
39,0.244870,0.922946,9766.373047
40,0.235240,0.860145,10015.853516
41,0.242514,0.672042,10282.083008
42,0.233973,0.547071,10531.756836
43,0.211331,0.501460,10781.235352
44,0.168453,0.501578,11030.875977
45,0.127013,0.507933,11263.736328
46,0.100016,0.520473,11513.348633
47,0.093912,0.528885,11762.812500
48,0.091427,0.532523,12012.464844
49,0.078895,0.532885,12261.917969
50,0.066528,0.538339,12511.544922
51,0.057797,0.552621,12761.025391
52,0.052326,0.572795,13010.690430
53,0.049701,0.581059,13260.150391
54,0.049227,0.581550,13509.809570
55,0.049720,0.581457,13759.407227
56,0.049662,0.579155,14092.125977
57,0.049024,0.570392,14258.528320
58,0.049162,0.564052,14591.245117
59,0.050632,0.549071,14840.747070
60,0.051691,0.524398,15007.114258
61,0.054813,0.483398,15339.851562
62,0.062288,0.435998,15589.514648
63,0.083155,0.375282,15822.420898
64,0.102678,0.317968,16088.652344
65,0.152601,0.252238,16338.125000
66,0.162808,0.242967,16587.750000
67,0.258772,0.220114,16837.328125
68,0.269723,0.205248,17086.859375
69,0.265413,0.162951,17336.525391
70,0.271585,0.156145,17585.972656
71,0.290533,0.189219,17835.605469
72,0.307321,0.223997,18085.134766
73,0.314562,0.229449,18318.093750
74,0.306754,0.257054,18567.566406
75,0.305347,0.287564,18817.210938
76,0.335086,0.332015,19050.035156
77,0.367055,0.355219,19299.708984
78,0.374415,0.377676,19549.234375
79,0.378788,0.395597,19798.691406
80,0.386938,0.419483,20048.271484
81,0.396861,0.453860,20297.943359
82,0.376628,0.471616,20547.386719
83,0.304449,0.479732,20813.656250
84,0.277947,0.486785,21046.683594
85,0.271857,0.483660,21296.166016
86,0.256889,0.471866,21529.005859
87,0.252084,0.472140,21778.712891
88,0.256664,0.461034,22028.296875
89,0.260242,0.463570,22277.744141
90,0.260625,0.461099,22527.386719
91,0.259833,0.461457,22760.263672
92,0.259434,0.461015,23009.880859
93,0.259145,0.461405,23259.363281
94,0.258968,0.461418,23542.230469
95,0.258638,0.460895,23775.130859
96,0.258814,0.462152,24024.722656
97,0.258699,0.464087,24274.222656
98,0.258693,0.465133,24523.882812
99,0.258595,0.465792,24773.457031
0,0.740280,0.572600,-0.013408
1,0.726355,0.571950,266.260315
2,0.714665,0.571113,515.732239
3,0.706509,0.570844,765.373962
4,0.701522,0.571640,1014.858521
5,0.697257,0.575072,1264.471191
6,0.691627,0.578622,1514.027222
7,0.680411,0.581984,1763.539673
8,0.662586,0.586089,2013.144165
9,0.640480,0.587444,2262.678467
10,0.617597,0.577176,2512.297607
11,0.598875,0.553812,2761.799561
12,0.583149,0.516406,3011.375732
13,0.573639,0.481692,3260.961426
14,0.566845,0.457471,3510.582764
15,0.552566,0.437183,3760.107178
16,0.537319,0.415306,4009.641357
17,0.526409,0.389307,4259.268066
18,0.522585,0.356705,4508.775391
19,0.522842,0.333169,4758.398438
20,0.523551,0.330072,5007.952637
21,0.520896,0.339517,5257.556152
22,0.518036,0.350906,5507.083008
23,0.515915,0.362411,5756.575195
24,0.509555,0.380827,6006.142578
25,0.498252,0.413777,6255.717773
26,0.490507,0.459672,6505.365723
27,0.489527,0.498402,6754.814941
28,0.486423,0.528418,7004.413574
29,0.475586,0.549935,7253.946289
30,0.468990,0.566697,7503.545410
31,0.466503,0.584004,7753.194336
32,0.491171,0.603774,8002.664551
33,0.540820,0.621534,8252.294922
34,0.597568,0.641972,8501.778320
35,0.657293,0.674508,8751.452148
36,0.693243,0.751451,9000.913086
37,0.735837,0.822849,9250.459961
38,0.787134,0.870367,9500.059570
39,0.841563,0.893271,9766.291992
40,0.929995,0.894206,10015.847656
41,0.999737,0.876089,10265.397461
42,0.016155,0.889007,10514.923828
43,0.026829,0.898316,10764.595703
44,0.043000,0.895367,11014.054688
45,0.071437,0.865972,11263.624023
46,0.084181,0.854657,11513.247070
47,0.086455,0.838757,11762.837891
48,0.086364,0.791758,12012.358398
49,0.081683,0.746954,12261.921875
50,0.078916,0.728687,12511.475586
51,0.071304,0.718160,12761.021484
52,0.062947,0.701128,13010.597656
53,0.051582,0.681444,13260.178711
54,0.044278,0.671088,13509.763672
55,0.040210,0.662971,13759.291016
56,0.032776,0.639393,14008.831055
57,0.035595,0.597267,14258.453125
58,0.056105,0.579702,14507.999023
59,0.074766,0.581364,14757.535156
60,0.099696,0.595812,15007.100586
61,0.129425,0.600945,15256.689453
62,0.159463,0.602294,15506.205078
63,0.187057,0.588898,15755.789062
64,0.206591,0.584174,16005.339844
65,0.226768,0.574403,16254.910156
66,0.234062,0.543619,16504.517578
67,0.226707,0.500351,16754.132812
68,0.202129,0.393801,17003.607422
69,0.163902,0.266668,17253.185547
70,0.129908,0.181820,17502.716797
71,0.112655,0.134426,17752.294922
72,0.104494,0.123709,18001.896484
73,0.094859,0.136084,18251.435547
74,0.094363,0.139114,18501.001953
75,0.091939,0.131219,18750.652344
76,0.075406,0.122451,19000.105469
77,0.035757,0.127507,19266.314453
78,0.010454,0.129559,19515.865234
79,0.997964,0.125771,19765.484375
80,0.983655,0.124891,20015.023438
81,0.967765,0.118801,20264.556641
82,0.950076,0.110573,20514.183594
83,0.934529,0.100943,20763.791016
84,0.920813,0.100101,21013.287109
85,0.890823,0.102891,21262.820312
86,0.875866,0.106997,21512.468750
87,0.881799,0.106037,21761.984375
88,0.894613,0.132236,22011.501953
89,0.898277,0.192348,22261.068359
90,0.893466,0.254487,22510.712891
91,0.910688,0.313281,22760.242188
92,0.921033,0.341196,23009.765625
93,0.925676,0.365491,23259.333984
94,0.945906,0.443639,23509.000000
95,0.960469,0.510407,23758.525391
96,0.973332,0.555504,24008.056641
97,0.987483,0.569568,24257.591797
98,0.998173,0.569466,24507.183594
99,0.000463,0.562711,24756.720703
0,0.750721,0.533841,0.009909
1,0.751811,0.534967,266.221191
2,0.752222,0.534839,515.767883
3,0.752590,0.534554,765.445068
4,0.752523,0.534870,1014.893250
5,0.752560,0.535487,1264.552002
6,0.753219,0.535624,1514.031250
7,0.754426,0.536003,1763.667358
8,0.757396,0.536457,2013.182129
9,0.764941,0.535161,2262.729004
10,0.781901,0.534248,2512.346436
11,0.801450,0.535111,2761.854248
12,0.815946,0.536924,3011.491699
13,0.832678,0.538489,3260.964355
14,0.855464,0.538556,3510.598877
15,0.881811,0.539072,3760.126953
16,0.904616,0.535708,4009.710449
17,0.931153,0.527719,4259.248047
18,0.949858,0.521563,4508.828613
19,0.965156,0.517234,4758.424805
20,0.979277,0.520963,5007.915527
21,0.991172,0.524695,5257.548828
22,0.999586,0.524386,5507.090820
23,0.998921,0.505898,5756.650879
24,0.988690,0.474757,6006.222656
25,0.982851,0.445593,6255.849121
26,0.985257,0.422880,6505.328613
27,0.985190,0.394769,6754.873535
28,0.982152,0.359587,7004.480957
29,0.981740,0.331150,7254.016602
30,0.981046,0.306178,7503.580566
31,0.978187,0.280200,7753.107910
32,0.969557,0.247935,8002.743164
33,0.964383,0.221314,8252.306641
34,0.967805,0.216484,8501.843750
35,0.967031,0.240833,8751.425781
36,0.965408,0.281839,9001.060547
37,0.965862,0.311405,9250.589844
38,0.975141,0.351497,9500.061523
39,0.003080,0.407522,9766.255859
40,0.035171,0.458104,10015.889648
41,0.053888,0.530400,10265.448242
42,0.060942,0.593604,10514.946289
43,0.068759,0.624398,10764.583008
44,0.077243,0.636453,11014.119141
45,0.071353,0.685457,11263.682617
46,0.055050,0.727731,11513.229492
47,0.031206,0.761283,11762.795898
48,0.998746,0.786125,12012.352539
49,0.966090,0.798898,12261.922852
50,0.937564,0.800559,12511.484375
51,0.920639,0.812178,12761.066406
52,0.908647,0.832566,13010.621094
53,0.895253,0.838743,13260.170898
54,0.886259,0.839843,13509.750000
55,0.881475,0.839770,13759.298828
56,0.880108,0.839051,14008.870117
57,0.881334,0.839328,14258.419922
58,0.879199,0.840611,14508.002930
59,0.870536,0.840171,14757.545898
60,0.855519,0.830055,15007.104492
61,0.831378,0.770835,15256.699219
62,0.811085,0.697270,15506.261719
63,0.797592,0.633337,15755.823242
64,0.774092,0.562680,16005.372070
65,0.745672,0.524162,16254.939453
66,0.709677,0.504368,16504.501953
67,0.677487,0.502112,16754.062500
68,0.669170,0.512955,17003.626953
69,0.675355,0.521344,17253.220703
70,0.680880,0.524765,17502.767578
71,0.685298,0.525224,17752.335938
72,0.697034,0.524429,18001.880859
73,0.713715,0.515665,18251.443359
74,0.724630,0.492619,18501.005859
75,0.718546,0.475879,18750.572266
76,0.699636,0.459682,19000.171875
77,0.680500,0.438585,19266.345703
78,0.660115,0.424212,19515.912109
79,0.628191,0.420281,19765.476562
80,0.606012,0.422959,20015.029297
81,0.589014,0.419719,20264.595703
82,0.570611,0.421114,20514.167969
83,0.553701,0.446427,20763.732422
84,0.538735,0.471223,21013.283203
85,0.531044,0.494729,21262.873047
86,0.531415,0.507751,21512.427734
87,0.532339,0.518773,21761.972656
88,0.535803,0.521664,22011.542969
89,0.538531,0.522266,22261.105469
90,0.539908,0.521876,22510.662109
91,0.542935,0.522442,22760.228516
92,0.550741,0.523243,23009.804688
93,0.564175,0.523959,23259.386719
94,0.579595,0.525629,23508.925781
95,0.597601,0.527027,23758.521484
96,0.613086,0.530654,24008.066406
97,0.626873,0.538139,24257.611328
98,0.635382,0.548946,24507.185547
99,0.637069,0.555904,24756.738281
0,0.746493,0.573615,-0.009137
1,0.747719,0.573331,266.237915
2,0.748338,0.572398,515.852966
3,0.748538,0.572532,765.368835
4,0.739116,0.566556,1014.929016
5,0.708464,0.554437,1264.555786
6,0.670460,0.556226,1514.049072
7,0.629352,0.562168,1763.597900
8,0.606911,0.565554,2013.185669
9,0.586838,0.564921,2262.723145
10,0.568058,0.563425,2512.270996
11,0.559352,0.550273,2761.883789
12,0.555745,0.544515,3011.459717
13,0.551840,0.512822,3260.996582
14,0.555972,0.447967,3510.513672
15,0.548878,0.393684,3760.149170
16,0.541231,0.346283,4009.764160
17,0.548567,0.318565,4259.318359
18,0.558226,0.283860,4508.759766
19,0.583229,0.246477,4758.437988
20,0.599599,0.221583,5007.924316
21,0.616660,0.206491,5257.459473
22,0.647550,0.192192,5507.113770
23,0.674678,0.180270,5756.653809
24,0.696819,0.177302,6006.162109
25,0.737888,0.181050,6255.708984
26,0.768528,0.191641,6505.360840
27,0.800587,0.202288,6754.893555
28,0.832296,0.211556,7004.416504
29,0.852753,0.218928,7254.086914
30,0.874203,0.221985,7503.649414
31,0.916148,0.227085,7753.205078
32,0.945041,0.224970,8002.660156
33,0.972834,0.226700,8252.324219
34,0.998583,0.225704,8501.835938
35,0.004358,0.253042,8751.366211
36,0.000583,0.322729,9001.033203
37,0.996913,0.379256,9250.517578
38,0.990747,0.430543,9500.126953
39,0.982963,0.475264,9766.368164
40,0.996832,0.496789,10015.860352
41,0.022618,0.511704,10265.442383
42,0.032933,0.520300,10514.979492
43,0.030784,0.528296,10764.506836
44,0.028177,0.534062,11014.153320
45,0.026409,0.531455,11263.651367
46,0.029036,0.529718,11513.218750
47,0.021718,0.526837,11762.757812
48,0.981027,0.530469,12012.321289
49,0.952296,0.532289,12261.921875
50,0.934241,0.525027,12511.463867
51,0.929677,0.524725,12761.051758
52,0.921213,0.527372,13010.587891
53,0.914016,0.533699,13260.162109
54,0.896944,0.537316,13509.739258
55,0.885090,0.544896,13759.284180
56,0.884426,0.541561,14008.849609
57,0.867731,0.525624,14258.436523
58,0.839227,0.511938,14507.995117
59,0.829892,0.511524,14757.556641
60,0.834975,0.515940,15007.172852
61,0.884976,0.504337,15256.665039
62,0.947719,0.502019,15506.223633
63,0.993903,0.510039,15755.787109
64,0.037446,0.516254,16005.399414
65,0.069908,0.508692,16254.957031
66,0.095939,0.514944,16504.513672
67,0.124631,0.509168,16754.062500
68,0.153007,0.509195,17003.609375
69,0.183432,0.503098,17253.166016
70,0.199796,0.503651,17502.738281
71,0.217756,0.502674,17752.322266
72,0.239060,0.511043,18001.857422
73,0.252984,0.505450,18251.435547
74,0.261241,0.474167,18501.005859
75,0.262017,0.424728,18750.591797
76,0.259200,0.374524,19000.117188
77,0.264144,0.339595,19266.328125
78,0.262874,0.307834,19515.910156
79,0.270087,0.291408,19765.468750
80,0.284010,0.298919,20015.015625
81,0.282564,0.313192,20264.582031
82,0.302222,0.361052,20514.150391
83,0.324233,0.403937,20763.710938
84,0.346545,0.453139,21013.257812
85,0.365829,0.498444,21262.849609
86,0.385864,0.523409,21512.416016
87,0.395297,0.537965,21762.066406
88,0.400123,0.543154,22011.546875
89,0.398294,0.543580,22261.087891
90,0.396176,0.538127,22510.662109
91,0.398871,0.536773,22760.212891
92,0.413868,0.536395,23009.775391
93,0.431392,0.531793,23259.355469
94,0.446200,0.523633,23508.917969
95,0.459058,0.519198,23758.492188
96,0.464190,0.520623,24008.033203
97,0.467625,0.524971,24257.609375
98,0.462152,0.526431,24507.166016
99,0.449420,0.524033,24756.734375
0,0.749984,0.529128,-0.018790
1,0.749771,0.529597,266.205688
2,0.749860,0.530624,515.760864
3,0.744814,0.554756,765.304626
4,0.719569,0.631606,1014.873901
5,0.694140,0.697701,1264.504761
6,0.668447,0.763326,1514.036255
7,0.654041,0.812960,1763.578857
8,0.634063,0.847867,2013.196777
9,0.631368,0.864049,2262.672119
10,0.632862,0.868991,2512.338379
11,0.628296,0.869869,2761.806641
12,0.627050,0.866467,3011.437256
13,0.625891,0.865332,3260.930908
14,0.625990,0.865910,3510.552002
15,0.626767,0.860798,3760.151855
16,0.627835,0.851079,4009.685547
17,0.624788,0.822394,4259.214844
18,0.607249,0.715922,4508.771484
19,0.599108,0.531825,4758.384766
20,0.591949,0.388298,5007.929688
21,0.570321,0.281421,5257.446777
22,0.565713,0.220014,5507.056641
23,0.559465,0.222623,5756.670898
24,0.545246,0.263528,6006.177734
25,0.534622,0.346372,6255.707520
26,0.524791,0.441556,6505.311523
27,0.507142,0.487325,6754.861328
28,0.485152,0.490396,7004.400391
29,0.473653,0.492158,7253.955078
30,0.465751,0.512540,7503.622070
31,0.435452,0.518503,7753.127930
32,0.395569,0.509937,8002.649414
33,0.381430,0.504587,8252.267578
34,0.362627,0.504489,8501.856445
35,0.345222,0.501889,8751.379883
36,0.333419,0.498162,9000.941406
37,0.326039,0.496673,9250.572266
38,0.325142,0.485622,9500.033203
39,0.347669,0.419148,9766.230469
40,0.390435,0.400049,10015.793945
41,0.433576,0.409278,10265.427734
42,0.469524,0.386072,10514.977539
43,0.489719,0.344863,10764.536133
44,0.507354,0.338502,11014.045898
45,0.537281,0.383688,11263.667969
46,0.569547,0.466851,11513.212891
47,0.608652,0.527760,11762.744141
48,0.637896,0.546450,12012.309570
49,0.663420,0.546267,12262.003906
50,0.695846,0.537816,12511.541016
51,0.735025,0.530752,12761.031250
52,0.761711,0.526898,13010.620117
53,0.784251,0.514406,13260.154297
54,0.816022,0.515961,13509.706055
55,0.852261,0.514784,13759.258789
56,0.885203,0.506211,14008.887695
57,0.919360,0.496917,14258.373047
58,0.954504,0.486678,14508.002930
59,0.988816,0.483995,14757.580078
60,0.018208,0.484388,15007.079102
61,0.041810,0.494363,15256.649414
62,0.061665,0.497504,15506.275391
63,0.077157,0.493823,15755.764648
64,0.080342,0.493689,16005.361328
65,0.074307,0.495587,16254.913086
66,0.054492,0.477252,16504.462891
67,0.024313,0.448043,16754.031250
68,0.997806,0.434566,17003.587891
69,0.973136,0.439405,17253.253906
70,0.934226,0.437154,17502.767578
71,0.893680,0.451787,17752.349609
72,0.859678,0.456038,18001.847656
73,0.824584,0.455387,18251.410156
74,0.791735,0.461765,18500.982422
75,0.765360,0.475712,18750.523438
76,0.739437,0.488693,19000.109375
77,0.701201,0.479282,19266.373047
78,0.653667,0.432726,19516.003906
79,0.608324,0.356581,19765.496094
80,0.559180,0.322011,20014.996094
81,0.524921,0.312957,20264.550781
82,0.494768,0.359233,20514.164062
83,0.474754,0.507401,20763.685547
84,0.461685,0.611387,21013.257812
85,0.458176,0.678261,21262.816406
86,0.444906,0.732232,21512.429688
87,0.430134,0.771100,21761.943359
88,0.418811,0.786663,22011.566406
89,0.409099,0.802058,22261.070312
90,0.385929,0.814794,22510.638672
91,0.360598,0.835149,22760.271484
92,0.334739,0.850011,23009.800781
93,0.323211,0.861998,23259.361328
94,0.311969,0.859051,23508.875000
95,0.310675,0.850496,23758.537109
96,0.296721,0.847998,24008.023438
97,0.285783,0.843387,24257.634766
98,0.281517,0.841428,24507.177734
99,0.279789,0.838850,24756.765625
0,0.749887,0.498338,0.070110
1,0.749832,0.498478,266.275818
2,0.748863,0.499272,515.833923
3,0.741058,0.500459,765.451904
4,0.724358,0.502908,1014.972229
5,0.702525,0.506040,1264.562866
6,0.682693,0.505805,1514.079956
7,0.667943,0.501472,1763.693481
8,0.654215,0.498178,2013.229736
9,0.640256,0.500081,2262.771729
10,0.619509,0.503770,2512.368164
11,0.599029,0.509292,2761.950684
12,0.581515,0.505567,3011.511719
13,0.570938,0.493838,3261.033936
14,0.569804,0.480863,3510.626953
15,0.571911,0.477044,3760.175293
16,0.577169,0.475464,4009.734863
17,0.591604,0.470976,4259.292969
18,0.612945,0.469288,4508.883301
19,0.633624,0.471547,4758.439941
20,0.645062,0.474857,5008.013184
21,0.653186,0.479210,5257.557129
22,0.660791,0.486763,5507.125488
23,0.664526,0.495179,5756.693359
24,0.669731,0.509597,6006.250000
25,0.674551,0.519785,6255.810547
26,0.678491,0.524868,6505.361328
27,0.681544,0.523950,6754.936035
28,0.684039,0.520671,7004.503418
29,0.685320,0.519913,7254.070801
30,0.687867,0.519035,7503.668945
31,0.692511,0.516168,7753.188965
32,0.697160,0.515366,8002.756348
33,0.701107,0.520361,8252.320312
34,0.704670,0.525067,8501.881836
35,0.707377,0.528978,8751.465820
36,0.711173,0.524842,9001.002930
37,0.718358,0.514291,9250.597656
38,0.722784,0.500301,9500.168945
39,0.730660,0.490404,9766.340820
40,0.744293,0.484653,10015.895508
41,0.759923,0.476448,10265.482422
42,0.774300,0.468388,10515.045898
43,0.793778,0.465324,10764.599609
44,0.814392,0.469739,11014.166016
45,0.842373,0.474187,11263.736328
46,0.874978,0.483620,11513.284180
47,0.902703,0.492904,11762.846680
48,0.927234,0.497198,12012.411133
49,0.946621,0.502239,12261.976562
50,0.962879,0.511960,12511.533203
51,0.980926,0.523620,12761.128906
52,0.002515,0.532179,13010.683594
53,0.017829,0.535280,13260.227539
54,0.017766,0.536538,13509.808594
55,0.009586,0.537079,13759.382812
56,0.000143,0.535732,14008.921875
57,0.984978,0.543299,14258.500000
58,0.969638,0.534063,14508.043945
59,0.952462,0.518079,14757.635742
60,0.934160,0.500235,15007.186523
61,0.917664,0.473995,15256.758789
62,0.906290,0.432686,15506.308594
63,0.896872,0.380076,15755.876953
64,0.869443,0.322635,16005.431641
65,0.834087,0.290595,16255.024414
66,0.814283,0.276493,16504.578125
67,0.809466,0.264898,16754.138672
68,0.803660,0.246585,17003.699219
69,0.795510,0.213990,17253.269531
70,0.791635,0.200199,17502.830078
71,0.782812,0.216203,17752.380859
72,0.767411,0.254018,18001.949219
73,0.758939,0.303067,18251.505859
74,0.753338,0.359654,18501.076172
75,0.745780,0.409887,18750.652344
76,0.744307,0.451808,19000.208984
77,0.750422,0.483810,19266.400391
78,0.757011,0.510874,19515.968750
79,0.762104,0.529832,19765.560547
80,0.757517,0.531308,20015.111328
81,0.749691,0.525650,20264.669922
82,0.747336,0.526562,20514.230469
83,0.748586,0.528230,20763.783203
84,0.748409,0.528472,21013.355469
85,0.748586,0.529658,21262.917969
86,0.749454,0.529638,21512.474609
87,0.750236,0.528372,21762.039062
88,0.750306,0.529279,22011.595703
89,0.750253,0.529580,22261.181641
90,0.750544,0.529212,22510.748047
91,0.750641,0.530052,22760.300781
92,0.750149,0.530095,23009.869141
93,0.744999,0.527285,23259.425781
94,0.738876,0.526330,23508.988281
95,0.730646,0.523107,23758.556641
96,0.719190,0.516459,24008.156250
97,0.712246,0.512516,24257.693359
98,0.712810,0.512059,24507.253906
99,0.713144,0.512121,24756.820312
0,0.750103,0.564739,-0.000321
1,0.750202,0.565223,266.209503
2,0.749772,0.565287,515.778503
3,0.717441,0.554999,765.364197
4,0.652192,0.542130,1014.928772
5,0.614842,0.546936,1264.480469
6,0.575790,0.540506,1514.030396
7,0.541080,0.506995,1763.598755
8,0.530666,0.492638,2013.160400
9,0.505384,0.483106,2262.718018
10,0.466119,0.515021,2512.328613
11,0.441615,0.561565,2761.883789
12,0.436261,0.582411,3011.461670
13,0.455660,0.622944,3260.983154
14,0.471830,0.636911,3510.583740
15,0.467542,0.636616,3760.119873
16,0.467989,0.645917,4009.691895
17,0.482319,0.698655,4259.237793
18,0.509090,0.778835,4508.824707
19,0.548966,0.827993,4758.360840
20,0.577016,0.871593,5007.930664
21,0.547327,0.891984,5257.486328
22,0.610613,0.898282,5507.039551
23,0.618760,0.900808,5756.625000
24,0.652954,0.902803,6006.192871
25,0.685643,0.900021,6255.754883
26,0.728879,0.838968,6505.308105
27,0.755517,0.665207,6754.893555
28,0.765113,0.460313,7004.436523
29,0.777937,0.282674,7254.004883
30,0.809063,0.177266,7503.553223
31,0.814673,0.142333,7753.154785
32,0.799180,0.130762,8002.701172
33,0.792958,0.146943,8252.272461
34,0.803019,0.173824,8501.815430
35,0.807602,0.213347,8751.373047
36,0.786548,0.220047,9000.957031
37,0.743961,0.208575,9250.518555
38,0.725015,0.213381,9500.055664
39,0.689110,0.248892,9766.294922
40,0.633730,0.305085,10015.849609
41,0.597631,0.329960,10265.398438
42,0.553630,0.334655,10514.964844
43,0.510606,0.332905,10764.530273
44,0.515408,0.327782,11014.089844
45,0.535154,0.339878,11263.666016
46,0.540363,0.348612,11513.230469
47,0.540755,0.351864,11762.829102
48,0.537746,0.357012,12012.354492
49,0.496270,0.368213,12261.920898
50,0.424616,0.400348,12511.494141
51,0.395039,0.467830,12761.044922
52,0.383404,0.501762,13010.614258
53,0.386409,0.521321,13260.173828
54,0.399102,0.531641,13509.730469
55,0.488100,0.521206,13759.313477
56,0.710648,0.504259,14008.874023
57,0.877874,0.520600,14258.419922
58,0.943687,0.530981,14507.991211
59,0.988992,0.533094,14757.551758
60,0.031937,0.539195,15007.112305
61,0.059838,0.545390,15256.695312
62,0.075439,0.560425,15506.261719
63,0.077302,0.566514,15755.831055
64,0.069969,0.570141,16005.384766
65,0.065105,0.577664,16254.949219
66,0.062302,0.625011,16504.515625
67,0.052739,0.662562,16754.078125
68,0.052635,0.667674,17003.630859
69,0.044529,0.678285,17253.191406
70,0.036744,0.679958,17502.775391
71,0.033012,0.681073,17752.332031
72,0.034078,0.679431,18001.900391
73,0.048843,0.650610,18251.453125
74,0.080448,0.579757,18501.019531
75,0.086224,0.568929,18750.578125
76,0.080113,0.574991,19000.138672
77,0.079356,0.579880,19266.353516
78,0.089678,0.581595,19515.912109
79,0.106512,0.588013,19765.478516
80,0.132529,0.581795,20015.046875
81,0.167252,0.556796,20264.599609
82,0.194780,0.528661,20514.156250
83,0.208726,0.519959,20763.728516
84,0.191693,0.528311,21013.300781
85,0.183515,0.530408,21262.873047
86,0.168547,0.527288,21512.423828
87,0.143198,0.514448,21761.994141
88,0.115521,0.497465,22011.546875
89,0.090448,0.495020,22261.109375
90,0.066153,0.514873,22510.693359
91,0.057430,0.526816,22760.236328
92,0.044192,0.536038,23009.794922
93,0.022942,0.573981,23259.392578
94,0.019063,0.582477,23508.937500
95,0.018780,0.584561,23758.494141
96,0.018088,0.579404,24008.070312
97,0.020890,0.583176,24257.613281
98,0.034770,0.583214,24507.175781
99,0.057752,0.579165,24756.791016
0,0.749851,0.385473,-0.015565
1,0.749625,0.388620,266.165222
2,0.751366,0.418921,515.787842
3,0.751259,0.441666,765.256836
4,0.733667,0.460730,1014.875122
5,0.694035,0.477870,1264.463501
6,0.660401,0.492438,1513.943237
7,0.638147,0.499051,1763.547485
8,0.619519,0.501338,2013.148682
9,0.603896,0.500745,2262.703613
10,0.592328,0.499908,2512.248535
11,0.586661,0.500620,2761.831787
12,0.586610,0.501832,3011.384521
13,0.589107,0.503673,3260.894287
14,0.590131,0.504380,3510.479248
15,0.590992,0.505111,3760.102783
16,0.590675,0.504905,4009.583252
17,0.590625,0.505364,4259.238770
18,0.590682,0.505864,4508.829102
19,0.590929,0.506390,4758.321777
20,0.590889,0.506866,5007.844727
21,0.591013,0.507545,5257.470703
22,0.591124,0.508153,5507.051758
23,0.591409,0.508805,5756.584473
24,0.591402,0.508730,6006.130371
25,0.591612,0.508541,6255.688477
26,0.591835,0.508916,6505.287598
27,0.592117,0.509525,6754.794434
28,0.592157,0.509952,7004.474609
29,0.592238,0.510481,7253.960449
30,0.592209,0.510900,7503.593750
31,0.592117,0.511377,7753.074707
32,0.591893,0.511738,8002.750977
33,0.591973,0.511642,8252.214844
34,0.591603,0.511512,8501.774414
35,0.591484,0.511746,8751.360352
36,0.591226,0.511793,9000.925781
37,0.591044,0.512043,9250.491211
38,0.590805,0.512487,9500.007812
39,0.590812,0.512954,9766.210938
40,0.590669,0.513280,10015.812500
41,0.590559,0.513718,10265.371094
42,0.590404,0.514025,10514.894531
43,0.590437,0.514485,10764.461914
44,0.590361,0.514915,11014.019531
45,0.590227,0.515277,11263.590820
46,0.590049,0.515593,11513.155273
47,0.589952,0.516108,11762.734375
48,0.589793,0.516419,12012.314453
49,0.589689,0.516853,12261.841797
50,0.589820,0.517325,12511.423828
51,0.589890,0.517772,12760.965820
52,0.589796,0.518216,13010.572266
53,0.589661,0.518643,13260.091797
54,0.589386,0.518793,13509.681641
55,0.589146,0.519026,13759.226562
56,0.589019,0.519236,14008.822266
57,0.589182,0.519583,14258.389648
58,0.589075,0.519832,14507.969727
59,0.588970,0.519805,14757.512695
60,0.588697,0.519722,15007.056641
61,0.588387,0.519608,15256.600586
62,0.588075,0.519469,15506.174805
63,0.588042,0.519265,15755.749023
64,0.588038,0.519348,16005.304688
65,0.587903,0.519615,16254.891602
66,0.588208,0.519761,16504.429688
67,0.587884,0.519885,16754.011719
68,0.587590,0.519958,17003.560547
69,0.587285,0.520330,17253.117188
70,0.587053,0.520885,17502.699219
71,0.586764,0.521347,17752.265625
72,0.586384,0.521717,18001.839844
73,0.586083,0.522026,18251.388672
74,0.585890,0.522028,18500.947266
75,0.585467,0.521929,18750.505859
76,0.585256,0.522016,19000.082031
77,0.585058,0.522158,19266.253906
78,0.584811,0.522496,19515.816406
79,0.584620,0.522955,19765.392578
80,0.584424,0.523144,20014.964844
81,0.584319,0.523063,20264.527344
82,0.585003,0.514957,20514.115234
83,0.586506,0.434239,20763.677734
84,0.564862,0.356108,21013.246094
85,0.537396,0.323698,21262.771484
86,0.532300,0.281082,21512.337891
87,0.533142,0.285204,21761.908203
88,0.539365,0.299092,22011.480469
89,0.544815,0.341598,22261.035156
90,0.575299,0.340886,22510.595703
91,0.734954,0.260155,22760.148438
92,0.847530,0.255577,23009.714844
93,0.913595,0.272248,23259.289062
94,0.963313,0.300881,23508.898438
95,0.995442,0.331845,23758.417969
96,0.010099,0.405610,24007.978516
97,0.019847,0.491716,24257.550781
98,0.035329,0.516686,24507.123047
99,0.051220,0.522901,24756.664062
0,0.738588,0.470887,-0.119209
1,0.738791,0.480817,266.097931
2,0.733146,0.485275,515.713562
3,0.710172,0.480883,765.164917
4,0.666896,0.477802,1014.806091
5,0.610005,0.486591,1264.343628
6,0.565514,0.485794,1513.945557
7,0.525840,0.483498,1763.424194
8,0.500316,0.467538,2013.064941
9,0.503319,0.428026,2262.596924
10,0.516418,0.392862,2512.123535
11,0.527286,0.360207,2761.795166
12,0.534687,0.342036,3011.254395
13,0.536640,0.339361,3260.832764
14,0.537870,0.342162,3510.365234
15,0.543275,0.356347,3759.943604
16,0.542180,0.400009,4009.506348
17,0.541685,0.425221,4259.070312
18,0.532692,0.429024,4508.673828
19,0.518258,0.442841,4758.208984
20,0.493169,0.465311,5007.745605
21,0.458665,0.481641,5257.321289
22,0.420923,0.492383,5506.874023
23,0.380280,0.501183,5756.461426
24,0.344522,0.499220,6006.039551
25,0.314652,0.504758,6255.577637
26,0.305804,0.515245,6505.138672
27,0.315233,0.523249,6754.702637
28,0.333198,0.523868,7004.270996
29,0.355711,0.508325,7253.830566
30,0.384881,0.482307,7503.447754
31,0.421112,0.444979,7752.960938
32,0.453884,0.409780,8002.526367
33,0.485592,0.361407,8252.100586
34,0.505425,0.320669,8501.660156
35,0.521067,0.273358,8751.223633
36,0.541843,0.218639,9000.774414
37,0.565672,0.166608,9250.349609
38,0.597980,0.150123,9516.566406
39,0.628030,0.119043,9766.112305
40,0.681058,0.098649,10015.663086
41,0.729087,0.090050,10265.249023
42,0.757268,0.087213,10514.791016
43,0.782232,0.077397,10764.376953
44,0.858294,0.085103,11013.934570
45,0.957866,0.111755,11263.534180
46,0.970882,0.139712,11513.069336
47,0.964239,0.172917,11762.622070
48,0.968927,0.211938,12012.213867
49,0.970764,0.262224,12261.742188
50,0.971684,0.337663,12511.337891
51,0.979514,0.404330,12760.860352
52,0.988076,0.427134,13010.431641
53,0.977570,0.400867,13260.011719
54,0.949812,0.365521,13509.594727
55,0.921031,0.362700,13759.151367
56,0.904328,0.336488,14008.714844
57,0.898954,0.311471,14258.250977
58,0.894313,0.310140,14507.822266
59,0.895857,0.364797,14757.377930
60,0.883790,0.455149,15006.964844
61,0.878060,0.510196,15256.536133
62,0.897252,0.521713,15506.062500
63,0.924288,0.518185,15755.644531
64,0.954930,0.514016,16005.214844
65,0.975414,0.516156,16254.764648
66,0.993553,0.513435,16504.363281
67,0.017341,0.527308,16753.896484
68,0.036096,0.530537,17003.453125
69,0.048631,0.529525,17253.015625
70,0.042591,0.533396,17502.628906
71,0.029099,0.545435,17752.201172
72,0.022146,0.549689,18001.728516
73,0.016689,0.547355,18251.277344
74,0.010533,0.544356,18500.853516
75,0.006404,0.543603,18750.414062
76,0.003713,0.539970,19016.625000
77,0.000585,0.539962,19266.173828
78,0.998455,0.541354,19515.728516
79,0.998587,0.542025,19765.304688
80,0.006665,0.538382,20014.871094
81,0.021143,0.534974,20264.429688
82,0.043546,0.529679,20513.990234
83,0.066413,0.529074,20763.560547
84,0.087031,0.533423,21013.128906
85,0.101738,0.539277,21262.685547
86,0.116255,0.538600,21512.248047
87,0.138426,0.539249,21761.800781
88,0.159637,0.533808,22011.378906
89,0.165948,0.529549,22260.974609
90,0.160778,0.526829,22510.554688
91,0.152648,0.521987,22760.105469
92,0.147023,0.499989,23009.644531
93,0.154419,0.487385,23259.212891
94,0.181124,0.494774,23508.767578
95,0.203598,0.499084,23758.324219
96,0.217342,0.504934,24007.919922
97,0.218481,0.508307,24257.458984
98,0.215150,0.512973,24507.017578
99,0.208802,0.512497,24756.587891
0,0.749910,0.358201,-0.040566
1,0.747770,0.362392,266.137573
2,0.748691,0.368548,515.744385
3,0.754405,0.375415,765.236267
4,0.749210,0.362989,1014.841614
5,0.718669,0.332593,1264.354248
6,0.631190,0.313259,1513.938843
7,0.562999,0.331060,1763.560303
8,0.517629,0.358483,2013.127563
9,0.505857,0.340141,2262.688477
10,0.493893,0.309985,2512.181641
11,0.476062,0.270726,2761.886475
12,0.468795,0.237887,3011.312500
13,0.470195,0.208883,3260.880859
14,0.471818,0.205318,3510.485596
15,0.474560,0.217595,3760.093018
16,0.468887,0.255161,4009.589355
17,0.463826,0.310130,4259.136719
18,0.457058,0.364859,4508.756836
19,0.438296,0.431122,4758.266113
20,0.419442,0.480491,5007.832520
21,0.429082,0.533291,5257.430176
22,0.459227,0.566979,5507.052734
23,0.503222,0.576296,5756.554199
24,0.536589,0.578429,6006.083984
25,0.563592,0.576946,6255.673340
26,0.585799,0.560332,6505.283691
27,0.611622,0.537818,6754.813965
28,0.671043,0.519038,7004.346191
29,0.747849,0.507079,7253.917480
30,0.794962,0.515252,7503.458008
31,0.847360,0.488903,7753.021973
32,0.906828,0.464247,8002.611816
33,0.960035,0.465210,8252.172852
34,0.993288,0.485597,8501.731445
35,0.003909,0.506015,8751.320312
36,0.007559,0.515621,9000.896484
37,0.009364,0.501548,9250.441406
38,0.990099,0.443714,9500.004883
39,0.964707,0.389522,9766.183594
40,0.939718,0.339350,10015.749023
41,0.926773,0.319894,10265.314453
42,0.929317,0.324985,10514.944336
43,0.942640,0.358467,10764.460938
44,0.968927,0.401148,11014.025391
45,0.976848,0.421656,11263.582031
46,0.976242,0.413467,11513.117188
47,0.955986,0.328155,11762.721680
48,0.938112,0.278169,12012.309570
49,0.927184,0.249926,12261.833984
50,0.908901,0.248184,12511.417969
51,0.879863,0.258722,12760.975586
52,0.842164,0.273726,13010.533203
53,0.796470,0.290662,13260.073242
54,0.744717,0.310521,13509.664062
55,0.700753,0.326622,13759.213867
56,0.648240,0.343431,14008.790039
57,0.593941,0.347398,14258.355469
58,0.539476,0.352527,14507.897461
59,0.495761,0.353188,14757.461914
60,0.461002,0.352928,15007.014648
61,0.423375,0.351682,15256.603516
62,0.399159,0.368074,15506.225586
63,0.371512,0.388301,15755.755859
64,0.334226,0.404023,16005.289062
65,0.303311,0.403321,16254.852539
66,0.272697,0.400911,16504.425781
67,0.249549,0.403436,16753.964844
68,0.227777,0.412184,17003.568359
69,0.211096,0.417521,17253.089844
70,0.206226,0.414851,17502.742188
71,0.209307,0.411444,17752.210938
72,0.212041,0.409520,18001.876953
73,0.214038,0.410542,18251.406250
74,0.216726,0.408936,18500.910156
75,0.220403,0.407925,18750.556641
76,0.223165,0.405989,19000.033203
77,0.241818,0.371633,19266.291016
78,0.269516,0.309931,19515.863281
79,0.278004,0.256671,19765.388672
80,0.295575,0.224155,20014.968750
81,0.322497,0.197887,20264.533203
82,0.361703,0.186311,20514.050781
83,0.429253,0.204701,20763.744141
84,0.465828,0.218041,21013.224609
85,0.473143,0.217634,21262.800781
86,0.495281,0.235785,21512.339844
87,0.515686,0.264887,21761.935547
88,0.532312,0.318508,22011.464844
89,0.548187,0.364350,22261.058594
90,0.558075,0.389444,22510.597656
91,0.568936,0.411996,22760.181641
92,0.566110,0.413909,23009.814453
93,0.558265,0.413000,23259.265625
94,0.552843,0.405484,23508.908203
95,0.552601,0.402185,23758.400391
96,0.552001,0.402162,24008.003906
97,0.550902,0.404301,24257.521484
98,0.551025,0.406945,24507.117188
99,0.550871,0.408404,24756.681641
0,0.750268,0.581156,0.025200
1,0.749693,0.581454,266.307159
2,0.748931,0.581938,515.842102
3,0.760888,0.570670,765.438110
4,0.832506,0.554473,1014.946960
5,0.880784,0.556327,1264.584839
6,0.884243,0.563762,1514.059692
7,0.872476,0.560560,1763.662964
8,0.857041,0.497096,2013.228760
9,0.854370,0.400297,2262.785645
10,0.893525,0.406332,2512.319824
11,0.959738,0.469089,2761.891357
12,0.005133,0.506111,3011.491699
13,0.043787,0.530014,3261.114746
14,0.062941,0.549163,3510.590820
15,0.072161,0.564506,3760.194336
16,0.094240,0.570115,4009.728027
17,0.107882,0.572467,4259.269043
18,0.117957,0.573686,4508.862305
19,0.121245,0.576210,4758.398926
20,0.107384,0.581042,5007.985352
21,0.073314,0.587672,5257.520996
22,0.035628,0.591042,5507.194824
23,0.008551,0.597520,5756.703125
24,0.994842,0.608772,6006.247559
25,0.976425,0.624723,6255.860352
26,0.956211,0.626273,6505.362793
27,0.932611,0.634074,6754.916504
28,0.908266,0.629471,7004.457031
29,0.885018,0.615456,7254.094727
30,0.858359,0.601393,7503.632812
31,0.837467,0.594707,7753.266602
32,0.823239,0.635340,8002.809082
33,0.806232,0.684506,8252.363281
34,0.789787,0.705275,8501.882812
35,0.784866,0.754862,8751.420898
36,0.774700,0.815937,9001.060547
37,0.768095,0.845589,9250.538086
38,0.755396,0.853724,9500.211914
39,0.742499,0.863796,9766.328125
40,0.735516,0.882374,10015.891602
41,0.742808,0.903437,10265.503906
42,0.745420,0.908733,10515.042969
43,0.755508,0.904139,10764.557617
44,0.762867,0.892596,11014.227539
45,0.761143,0.884897,11263.701172
46,0.752833,0.879964,11513.332031
47,0.750781,0.861472,11762.815430
48,0.750884,0.830478,12012.423828
49,0.750256,0.766040,12261.975586
50,0.748463,0.625604,12511.522461
51,0.744438,0.527628,12761.162109
52,0.737303,0.474266,13010.628906
53,0.710411,0.390406,13260.228516
54,0.651540,0.379015,13509.768555
55,0.618493,0.462458,13759.357422
56,0.582916,0.458019,14008.927734
57,0.543557,0.466648,14258.474609
58,0.515942,0.481968,14508.154297
59,0.490167,0.527615,14757.656250
60,0.464580,0.564942,15007.207031
61,0.440420,0.552355,15256.755859
62,0.439507,0.425931,15506.310547
63,0.450997,0.319246,15755.833984
64,0.462462,0.249529,16005.410156
65,0.448501,0.246849,16255.005859
66,0.395699,0.324761,16504.621094
67,0.324802,0.436167,16754.208984
68,0.264433,0.482995,17003.691406
69,0.235976,0.507463,17253.294922
70,0.225650,0.543214,17502.806641
71,0.209958,0.559619,17752.357422
72,0.189812,0.546449,18001.927734
73,0.210996,0.533775,18251.525391
74,0.235683,0.511369,18501.046875
75,0.204172,0.509609,18750.628906
76,0.132961,0.543032,19000.216797
77,0.105431,0.563745,19266.414062
78,0.086156,0.571175,19515.943359
79,0.065016,0.580804,19765.511719
80,0.045951,0.590487,20015.058594
81,0.035630,0.590538,20264.673828
82,0.023200,0.572158,20514.220703
83,0.007635,0.562371,20763.753906
84,0.996544,0.529068,21013.378906
85,0.995340,0.483112,21262.925781
86,0.041645,0.477086,21512.437500
87,0.038170,0.422144,21762.019531
88,0.000351,0.353131,22011.675781
89,0.980951,0.347286,22261.201172
90,0.987553,0.355052,22510.751953
91,0.972930,0.347907,22760.261719
92,0.963492,0.318052,23009.832031
93,0.940264,0.263437,23259.441406
94,0.930092,0.228281,23508.990234
95,0.930554,0.194327,23758.617188
96,0.934918,0.156880,24008.152344
97,0.931956,0.137327,24257.660156
98,0.912539,0.170483,24507.246094
99,0.896980,0.241177,24756.806641
